solid Mesh_2
 facet normal  0.000000e+00  0.000000e+00 -1.000000e+00
   outer loop
     vertex  2.431563e-02  3.000000e-03  5.000000e-03
     vertex  2.625251e-02  3.000000e-03  5.000000e-03
     vertex  2.481473e-02  9.899805e-04  5.000000e-03
   endloop
 endfacet
 facet normal  0.000000e+00  0.000000e+00 -1.000000e+00
   outer loop
     vertex  2.818938e-02  3.000000e-03  5.000000e-03
     vertex  3.012625e-02  3.000000e-03  5.000000e-03
     vertex  2.895460e-02  6.802927e-04  5.000000e-03
   endloop
 endfacet
 facet normal  0.000000e+00  0.000000e+00 -1.000000e+00
   outer loop
     vertex  3.206313e-02  3.000000e-03  5.000000e-03
     vertex  3.400000e-02  3.000000e-03  5.000000e-03
     vertex  3.400000e-02  1.000000e-03  5.000000e-03
   endloop
 endfacet
 facet normal  0.000000e+00 -0.000000e+00 -1.000000e+00
   outer loop
     vertex  3.400000e-02 -1.000000e-03  5.000000e-03
     vertex  3.400000e-02 -3.000000e-03  5.000000e-03
     vertex  3.206313e-02 -3.000000e-03  5.000000e-03
   endloop
 endfacet
 facet normal  0.000000e+00 -0.000000e+00 -1.000000e+00
   outer loop
     vertex  3.400000e-02  1.000000e-03  5.000000e-03
     vertex  3.400000e-02 -1.000000e-03  5.000000e-03
     vertex  3.236770e-02  3.455665e-05  5.000000e-03
   endloop
 endfacet
 facet normal -0.000000e+00  0.000000e+00 -1.000000e+00
   outer loop
     vertex  3.400000e-02 -1.000000e-03  5.000000e-03
     vertex  3.206313e-02 -3.000000e-03  5.000000e-03
     vertex  3.236770e-02  3.455665e-05  5.000000e-03
   endloop
 endfacet
 facet normal  0.000000e+00  0.000000e+00 -1.000000e+00
   outer loop
     vertex  3.012625e-02 -3.000000e-03  5.000000e-03
     vertex  2.818938e-02 -3.000000e-03  5.000000e-03
     vertex  2.906750e-02 -1.445759e-03  5.000000e-03
   endloop
 endfacet
 facet normal  0.000000e+00  0.000000e+00 -1.000000e+00
   outer loop
     vertex  2.625251e-02 -3.000000e-03  5.000000e-03
     vertex  2.431563e-02 -3.000000e-03  5.000000e-03
     vertex  2.546191e-02 -1.024163e-03  5.000000e-03
   endloop
 endfacet
 facet normal  0.000000e+00  0.000000e+00 -1.000000e+00
   outer loop
     vertex  2.431563e-02 -3.000000e-03  5.000000e-03
     vertex  2.399024e-02 -4.971736e-03  5.000000e-03
     vertex  2.236455e-02 -3.080143e-03  5.000000e-03
   endloop
 endfacet
 facet normal  0.000000e+00  0.000000e+00 -1.000000e+00
   outer loop
     vertex  2.350524e-02 -6.910393e-03  5.000000e-03
     vertex  2.286386e-02 -8.803074e-03  5.000000e-03
     vertex  2.124963e-02 -7.144378e-03  5.000000e-03
   endloop
 endfacet
 facet normal  0.000000e+00  0.000000e+00 -1.000000e+00
   outer loop
     vertex  2.207035e-02 -1.063719e-02  5.000000e-03
     vertex  2.113000e-02 -1.240053e-02  5.000000e-03
     vertex  2.020792e-02 -1.076031e-02  5.000000e-03
   endloop
 endfacet
 facet normal -0.000000e+00  0.000000e+00 -1.000000e+00
   outer loop
     vertex  2.004907e-02 -1.408136e-02  5.000000e-03
     vertex  1.883475e-02 -1.566851e-02  5.000000e-03
     vertex  1.783666e-02 -1.362613e-02  5.000000e-03
   endloop
 endfacet
 facet normal -0.000000e+00  0.000000e+00 -1.000000e+00
   outer loop
     vertex  1.749511e-02 -1.715141e-02  5.000000e-03
     vertex  1.603908e-02 -1.852020e-02  5.000000e-03
     vertex  1.569439e-02 -1.667318e-02  5.000000e-03
   endloop
 endfacet
 facet normal -0.000000e+00  0.000000e+00 -1.000000e+00
   outer loop
     vertex  1.447633e-02 -1.976577e-02  5.000000e-03
     vertex  1.281727e-02 -2.087984e-02  5.000000e-03
     vertex  1.253244e-02 -1.862220e-02  5.000000e-03
   endloop
 endfacet
 facet normal -0.000000e+00  0.000000e+00 -1.000000e+00
   outer loop
     vertex  1.107294e-02 -2.185498e-02  5.000000e-03
     vertex  9.254926e-03 -2.268472e-02  5.000000e-03
     vertex  9.525373e-03 -2.082259e-02  5.000000e-03
   endloop
 endfacet
 facet normal -0.000000e+00  0.000000e+00 -1.000000e+00
   outer loop
     vertex  7.375342e-03 -2.336353e-02  5.000000e-03
     vertex  5.446688e-03 -2.388689e-02  5.000000e-03
     vertex  5.907329e-03 -2.165532e-02  5.000000e-03
   endloop
 endfacet
 facet normal -0.000000e+00  0.000000e+00 -1.000000e+00
   outer loop
     vertex  3.481795e-03 -2.425133e-02  5.000000e-03
     vertex  1.493737e-03 -2.445442e-02  5.000000e-03
     vertex  2.352068e-03 -2.277679e-02  5.000000e-03
   endloop
 endfacet
 facet normal  0.000000e+00  0.000000e+00 -1.000000e+00
   outer loop
     vertex -5.042590e-04 -2.449481e-02  5.000000e-03
     vertex -2.498900e-03 -2.437223e-02  5.000000e-03
     vertex -1.340323e-03 -2.240656e-02  5.000000e-03
   endloop
 endfacet
 facet normal  0.000000e+00  0.000000e+00 -1.000000e+00
   outer loop
     vertex -4.476915e-03 -2.408749e-02  5.000000e-03
     vertex -6.425145e-03 -2.364249e-02  5.000000e-03
     vertex -5.069234e-03 -2.232978e-02  5.000000e-03
   endloop
 endfacet
 facet normal  0.000000e+00  0.000000e+00 -1.000000e+00
   outer loop
     vertex -8.330626e-03 -2.304020e-02  5.000000e-03
     vertex -1.018068e-02 -2.228461e-02  5.000000e-03
     vertex -8.446760e-03 -2.079673e-02  5.000000e-03
   endloop
 endfacet
 facet normal  0.000000e+00  0.000000e+00 -1.000000e+00
   outer loop
     vertex -1.196300e-02 -2.138075e-02  5.000000e-03
     vertex -1.366573e-02 -2.033465e-02  5.000000e-03
     vertex -1.195615e-02 -1.952867e-02  5.000000e-03
   endloop
 endfacet
 facet normal  0.000000e+00  0.000000e+00 -1.000000e+00
   outer loop
     vertex -1.527754e-02 -1.915325e-02  5.000000e-03
     vertex -1.678770e-02 -1.784442e-02  5.000000e-03
     vertex -1.466315e-02 -1.699546e-02  5.000000e-03
   endloop
 endfacet
 facet normal  0.000000e+00  0.000000e+00 -1.000000e+00
   outer loop
     vertex -1.818616e-02 -1.641687e-02  5.000000e-03
     vertex -1.946363e-02 -1.488009e-02  5.000000e-03
     vertex -1.758263e-02 -1.466875e-02  5.000000e-03
   endloop
 endfacet
 facet normal  0.000000e+00  0.000000e+00 -1.000000e+00
   outer loop
     vertex -2.061161e-02 -1.324431e-02  5.000000e-03
     vertex -2.162245e-02 -1.152041e-02  5.000000e-03
     vertex -1.933445e-02 -1.140324e-02  5.000000e-03
   endloop
 endfacet
 facet normal  0.000000e+00  0.000000e+00 -1.000000e+00
   outer loop
     vertex -2.248943e-02 -9.719863e-03  5.000000e-03
     vertex -2.320678e-02 -7.854648e-03  5.000000e-03
     vertex -2.135552e-02 -8.262412e-03  5.000000e-03
   endloop
 endfacet
 facet normal  0.000000e+00  0.000000e+00 -1.000000e+00
   outer loop
     vertex -2.376973e-02 -5.937174e-03  5.000000e-03
     vertex -2.417453e-02 -3.980198e-03  5.000000e-03
     vertex -2.196837e-02 -4.610337e-03  5.000000e-03
   endloop
 endfacet
 facet normal  0.000000e+00  0.000000e+00 -1.000000e+00
   outer loop
     vertex -2.441850e-02 -1.996742e-03  5.000000e-03
     vertex -2.450000e-02 -9.237403e-17  5.000000e-03
     vertex -2.287605e-02 -9.883627e-04  5.000000e-03
   endloop
 endfacet
 facet normal  0.000000e+00  0.000000e+00 -1.000000e+00
   outer loop
     vertex -2.441850e-02  1.996742e-03  5.000000e-03
     vertex -2.417453e-02  3.980198e-03  5.000000e-03
     vertex -2.226168e-02  2.657479e-03  5.000000e-03
   endloop
 endfacet
 facet normal  0.000000e+00  0.000000e+00 -1.000000e+00
   outer loop
     vertex -2.376973e-02  5.937174e-03  5.000000e-03
     vertex -2.320678e-02  7.854648e-03  5.000000e-03
     vertex -2.155348e-02  6.517992e-03  5.000000e-03
   endloop
 endfacet
 facet normal  0.000000e+00  0.000000e+00 -1.000000e+00
   outer loop
     vertex -2.248943e-02  9.719863e-03  5.000000e-03
     vertex -2.162245e-02  1.152041e-02  5.000000e-03
     vertex -2.032285e-02  9.715394e-03  5.000000e-03
   endloop
 endfacet
 facet normal  0.000000e+00  0.000000e+00 -1.000000e+00
   outer loop
     vertex -2.061161e-02  1.324431e-02  5.000000e-03
     vertex -1.946363e-02  1.488009e-02  5.000000e-03
     vertex -1.833880e-02  1.307671e-02  5.000000e-03
   endloop
 endfacet
 facet normal  0.000000e+00  0.000000e+00 -1.000000e+00
   outer loop
     vertex -1.818616e-02  1.641687e-02  5.000000e-03
     vertex -1.678770e-02  1.784442e-02  5.000000e-03
     vertex -1.614114e-02  1.571141e-02  5.000000e-03
   endloop
 endfacet
 facet normal  0.000000e+00  0.000000e+00 -1.000000e+00
   outer loop
     vertex -1.527754e-02  1.915325e-02  5.000000e-03
     vertex -1.366573e-02  2.033465e-02  5.000000e-03
     vertex -1.318388e-02  1.826182e-02  5.000000e-03
   endloop
 endfacet
 facet normal  0.000000e+00  0.000000e+00 -1.000000e+00
   outer loop
     vertex -1.196300e-02  2.138075e-02  5.000000e-03
     vertex -1.018068e-02  2.228461e-02  5.000000e-03
     vertex -1.025765e-02  2.005380e-02  5.000000e-03
   endloop
 endfacet
 facet normal  0.000000e+00  0.000000e+00 -1.000000e+00
   outer loop
     vertex -8.330626e-03  2.304020e-02  5.000000e-03
     vertex -6.425145e-03  2.364249e-02  5.000000e-03
     vertex -6.639337e-03  2.152277e-02  5.000000e-03
   endloop
 endfacet
 facet normal  0.000000e+00  0.000000e+00 -1.000000e+00
   outer loop
     vertex -4.476915e-03  2.408749e-02  5.000000e-03
     vertex -2.498900e-03  2.437223e-02  5.000000e-03
     vertex -3.293186e-03  2.228275e-02  5.000000e-03
   endloop
 endfacet
 facet normal  0.000000e+00  0.000000e+00 -1.000000e+00
   outer loop
     vertex -5.042590e-04  2.449481e-02  5.000000e-03
     vertex  1.493737e-03  2.445442e-02  5.000000e-03
     vertex  6.049571e-04  2.251548e-02  5.000000e-03
   endloop
 endfacet
 facet normal  0.000000e+00  0.000000e+00 -1.000000e+00
   outer loop
     vertex  3.481795e-03  2.425133e-02  5.000000e-03
     vertex  5.446688e-03  2.388689e-02  5.000000e-03
     vertex  4.018237e-03  2.216331e-02  5.000000e-03
   endloop
 endfacet
 facet normal  0.000000e+00  0.000000e+00 -1.000000e+00
   outer loop
     vertex  7.375342e-03  2.336353e-02  5.000000e-03
     vertex  9.254926e-03  2.268472e-02  5.000000e-03
     vertex  7.785533e-03  2.113531e-02  5.000000e-03
   endloop
 endfacet
 facet normal  0.000000e+00 -0.000000e+00 -1.000000e+00
   outer loop
     vertex  1.107294e-02  2.185498e-02  5.000000e-03
     vertex  1.281727e-02  2.087984e-02  5.000000e-03
     vertex  1.090607e-02  1.970810e-02  5.000000e-03
   endloop
 endfacet
 facet normal  0.000000e+00 -0.000000e+00 -1.000000e+00
   outer loop
     vertex  1.447633e-02  1.976577e-02  5.000000e-03
     vertex  1.603908e-02  1.852020e-02  5.000000e-03
     vertex  1.414564e-02  1.752769e-02  5.000000e-03
   endloop
 endfacet
 facet normal  0.000000e+00 -0.000000e+00 -1.000000e+00
   outer loop
     vertex  1.749511e-02  1.715141e-02  5.000000e-03
     vertex  1.883475e-02  1.566851e-02  5.000000e-03
     vertex  1.664443e-02  1.517590e-02  5.000000e-03
   endloop
 endfacet
 facet normal  0.000000e+00 -0.000000e+00 -1.000000e+00
   outer loop
     vertex  2.004907e-02  1.408136e-02  5.000000e-03
     vertex  2.113000e-02  1.240053e-02  5.000000e-03
     vertex  1.901445e-02  1.207281e-02  5.000000e-03
   endloop
 endfacet
 facet normal  0.000000e+00 -0.000000e+00 -1.000000e+00
   outer loop
     vertex  2.207035e-02  1.063719e-02  5.000000e-03
     vertex  2.286386e-02  8.803074e-03  5.000000e-03
     vertex  2.062227e-02  9.038925e-03  5.000000e-03
   endloop
 endfacet
 facet normal  0.000000e+00 -0.000000e+00 -1.000000e+00
   outer loop
     vertex  2.350524e-02  6.910393e-03  5.000000e-03
     vertex  2.399024e-02  4.971736e-03  5.000000e-03
     vertex  2.178063e-02  5.224296e-03  5.000000e-03
   endloop
 endfacet
 facet normal  0.000000e+00 -0.000000e+00 -1.000000e+00
   outer loop
     vertex -1.850000e-02 -2.265597e-18  5.000000e-03
     vertex -1.839155e-02 -2.000202e-03  5.000000e-03
     vertex -2.071942e-02 -9.887754e-04  5.000000e-03
   endloop
 endfacet
 facet normal  0.000000e+00 -0.000000e+00 -1.000000e+00
   outer loop
     vertex -1.839155e-02 -2.000202e-03  5.000000e-03
     vertex -1.806748e-02 -3.976953e-03  5.000000e-03
     vertex -2.021303e-02 -3.242583e-03  5.000000e-03
   endloop
 endfacet
 facet normal  0.000000e+00 -0.000000e+00 -1.000000e+00
   outer loop
     vertex -1.806748e-02 -3.976953e-03  5.000000e-03
     vertex -1.753158e-02 -5.907078e-03  5.000000e-03
     vertex -1.976888e-02 -5.323005e-03  5.000000e-03
   endloop
 endfacet
 facet normal  0.000000e+00 -0.000000e+00 -1.000000e+00
   outer loop
     vertex -1.753158e-02 -5.907078e-03  5.000000e-03
     vertex -1.679015e-02 -7.767948e-03  5.000000e-03
     vertex -1.931773e-02 -7.559772e-03  5.000000e-03
   endloop
 endfacet
 facet normal  0.000000e+00 -0.000000e+00 -1.000000e+00
   outer loop
     vertex -1.679015e-02 -7.767948e-03  5.000000e-03
     vertex -1.585186e-02 -9.537746e-03  5.000000e-03
     vertex -1.811463e-02 -9.536413e-03  5.000000e-03
   endloop
 endfacet
 facet normal  0.000000e+00 -0.000000e+00 -1.000000e+00
   outer loop
     vertex -1.585186e-02 -9.537746e-03  5.000000e-03
     vertex -1.472772e-02 -1.119572e-02  5.000000e-03
     vertex -1.702752e-02 -1.136665e-02  5.000000e-03
   endloop
 endfacet
 facet normal  0.000000e+00 -0.000000e+00 -1.000000e+00
   outer loop
     vertex -1.472772e-02 -1.119572e-02  5.000000e-03
     vertex -1.343092e-02 -1.272244e-02  5.000000e-03
     vertex -1.588316e-02 -1.334336e-02  5.000000e-03
   endloop
 endfacet
 facet normal  0.000000e+00 -0.000000e+00 -1.000000e+00
   outer loop
     vertex -1.343092e-02 -1.272244e-02  5.000000e-03
     vertex -1.197665e-02 -1.410000e-02  5.000000e-03
     vertex -1.411225e-02 -1.483001e-02  5.000000e-03
   endloop
 endfacet
 facet normal  0.000000e+00 -0.000000e+00 -1.000000e+00
   outer loop
     vertex -1.197665e-02 -1.410000e-02  5.000000e-03
     vertex -1.038196e-02 -1.531225e-02  5.000000e-03
     vertex -1.249671e-02 -1.621616e-02  5.000000e-03
   endloop
 endfacet
 facet normal  0.000000e+00 -0.000000e+00 -1.000000e+00
   outer loop
     vertex -1.038196e-02 -1.531225e-02  5.000000e-03
     vertex -8.665556e-03 -1.634497e-02  5.000000e-03
     vertex -1.077865e-02 -1.772391e-02  5.000000e-03
   endloop
 endfacet
 facet normal  0.000000e+00  0.000000e+00 -1.000000e+00
   outer loop
     vertex -8.665556e-03 -1.634497e-02  5.000000e-03
     vertex -6.847556e-03 -1.718607e-02  5.000000e-03
     vertex -8.626855e-03 -1.856511e-02  5.000000e-03
   endloop
 endfacet
 facet normal  0.000000e+00  0.000000e+00 -1.000000e+00
   outer loop
     vertex -6.847556e-03 -1.718607e-02  5.000000e-03
     vertex -4.949274e-03 -1.782567e-02  5.000000e-03
     vertex -6.652742e-03 -1.936149e-02  5.000000e-03
   endloop
 endfacet
 facet normal  0.000000e+00  0.000000e+00 -1.000000e+00
   outer loop
     vertex -4.949274e-03 -1.782567e-02  5.000000e-03
     vertex -2.992967e-03 -1.825629e-02  5.000000e-03
     vertex -4.540876e-03 -2.024088e-02  5.000000e-03
   endloop
 endfacet
 facet normal  0.000000e+00  0.000000e+00 -1.000000e+00
   outer loop
     vertex -2.992967e-03 -1.825629e-02  5.000000e-03
     vertex -1.001570e-03 -1.847287e-02  5.000000e-03
     vertex -2.234873e-03 -2.034927e-02  5.000000e-03
   endloop
 endfacet
 facet normal  0.000000e+00  0.000000e+00 -1.000000e+00
   outer loop
     vertex -1.001570e-03 -1.847287e-02  5.000000e-03
     vertex  1.001570e-03 -1.847287e-02  5.000000e-03
     vertex -1.097343e-04 -2.047216e-02  5.000000e-03
   endloop
 endfacet
 facet normal  0.000000e+00  0.000000e+00 -1.000000e+00
   outer loop
     vertex  1.001570e-03 -1.847287e-02  5.000000e-03
     vertex  2.992967e-03 -1.825629e-02  5.000000e-03
     vertex  2.174290e-03 -2.062964e-02  5.000000e-03
   endloop
 endfacet
 facet normal  0.000000e+00  0.000000e+00 -1.000000e+00
   outer loop
     vertex  2.992967e-03 -1.825629e-02  5.000000e-03
     vertex  4.949274e-03 -1.782567e-02  5.000000e-03
     vertex  4.391992e-03 -1.999500e-02  5.000000e-03
   endloop
 endfacet
 facet normal  0.000000e+00  0.000000e+00 -1.000000e+00
   outer loop
     vertex  4.949274e-03 -1.782567e-02  5.000000e-03
     vertex  6.847556e-03 -1.718607e-02  5.000000e-03
     vertex  6.444727e-03 -1.943148e-02  5.000000e-03
   endloop
 endfacet
 facet normal  0.000000e+00  0.000000e+00 -1.000000e+00
   outer loop
     vertex  6.847556e-03 -1.718607e-02  5.000000e-03
     vertex  8.665556e-03 -1.634497e-02  5.000000e-03
     vertex  8.660790e-03 -1.884936e-02  5.000000e-03
   endloop
 endfacet
 facet normal  0.000000e+00  0.000000e+00 -1.000000e+00
   outer loop
     vertex  8.665556e-03 -1.634497e-02  5.000000e-03
     vertex  1.038196e-02 -1.531225e-02  5.000000e-03
     vertex  1.055731e-02 -1.753953e-02  5.000000e-03
   endloop
 endfacet
 facet normal  0.000000e+00  0.000000e+00 -1.000000e+00
   outer loop
     vertex  1.038196e-02 -1.531225e-02  5.000000e-03
     vertex  1.197665e-02 -1.410000e-02  5.000000e-03
     vertex  1.232178e-02 -1.634886e-02  5.000000e-03
   endloop
 endfacet
 facet normal  0.000000e+00  0.000000e+00 -1.000000e+00
   outer loop
     vertex  1.197665e-02 -1.410000e-02  5.000000e-03
     vertex  1.343092e-02 -1.272244e-02  5.000000e-03
     vertex  1.423647e-02 -1.508723e-02  5.000000e-03
   endloop
 endfacet
 facet normal  0.000000e+00  0.000000e+00 -1.000000e+00
   outer loop
     vertex  1.343092e-02 -1.272244e-02  5.000000e-03
     vertex  1.472772e-02 -1.119572e-02  5.000000e-03
     vertex  1.561288e-02 -1.324070e-02  5.000000e-03
   endloop
 endfacet
 facet normal  0.000000e+00  0.000000e+00 -1.000000e+00
   outer loop
     vertex  1.472772e-02 -1.119572e-02  5.000000e-03
     vertex  1.585186e-02 -9.537746e-03  5.000000e-03
     vertex  1.690302e-02 -1.154734e-02  5.000000e-03
   endloop
 endfacet
 facet normal  0.000000e+00  0.000000e+00 -1.000000e+00
   outer loop
     vertex  1.585186e-02 -9.537746e-03  5.000000e-03
     vertex  1.679015e-02 -7.767948e-03  5.000000e-03
     vertex  1.831299e-02 -9.734449e-03  5.000000e-03
   endloop
 endfacet
 facet normal  0.000000e+00  0.000000e+00 -1.000000e+00
   outer loop
     vertex  1.679015e-02 -7.767948e-03  5.000000e-03
     vertex  1.753158e-02 -5.907078e-03  5.000000e-03
     vertex  1.901846e-02 -7.540796e-03  5.000000e-03
   endloop
 endfacet
 facet normal  0.000000e+00  0.000000e+00 -1.000000e+00
   outer loop
     vertex  1.753158e-02 -5.907078e-03  5.000000e-03
     vertex  1.806748e-02 -3.976953e-03  5.000000e-03
     vertex  1.965907e-02 -5.521663e-03  5.000000e-03
   endloop
 endfacet
 facet normal  0.000000e+00  0.000000e+00 -1.000000e+00
   outer loop
     vertex  1.806748e-02 -3.976953e-03  5.000000e-03
     vertex  1.839155e-02 -2.000202e-03  5.000000e-03
     vertex  2.020410e-02 -3.422250e-03  5.000000e-03
   endloop
 endfacet
 facet normal  0.000000e+00  0.000000e+00 -1.000000e+00
   outer loop
     vertex  1.839155e-02 -2.000202e-03  5.000000e-03
     vertex  1.850000e-02 -1.643130e-17  5.000000e-03
     vertex  2.085524e-02 -1.000691e-03  5.000000e-03
   endloop
 endfacet
 facet normal  0.000000e+00  0.000000e+00 -1.000000e+00
   outer loop
     vertex  1.850000e-02 -1.643130e-17  5.000000e-03
     vertex  1.839155e-02  2.000202e-03  5.000000e-03
     vertex  2.047918e-02  1.425186e-03  5.000000e-03
   endloop
 endfacet
 facet normal  0.000000e+00  0.000000e+00 -1.000000e+00
   outer loop
     vertex  1.839155e-02  2.000202e-03  5.000000e-03
     vertex  1.806748e-02  3.976953e-03  5.000000e-03
     vertex  2.010810e-02  3.552267e-03  5.000000e-03
   endloop
 endfacet
 facet normal  0.000000e+00  0.000000e+00 -1.000000e+00
   outer loop
     vertex  1.806748e-02  3.976953e-03  5.000000e-03
     vertex  1.753158e-02  5.907078e-03  5.000000e-03
     vertex  1.962838e-02  5.569681e-03  5.000000e-03
   endloop
 endfacet
 facet normal  0.000000e+00  0.000000e+00 -1.000000e+00
   outer loop
     vertex  1.753158e-02  5.907078e-03  5.000000e-03
     vertex  1.679015e-02  7.767948e-03  5.000000e-03
     vertex  1.900844e-02  7.559854e-03  5.000000e-03
   endloop
 endfacet
 facet normal  0.000000e+00  0.000000e+00 -1.000000e+00
   outer loop
     vertex  1.679015e-02  7.767948e-03  5.000000e-03
     vertex  1.585186e-02  9.537746e-03  5.000000e-03
     vertex  1.831108e-02  9.741789e-03  5.000000e-03
   endloop
 endfacet
 facet normal  0.000000e+00  0.000000e+00 -1.000000e+00
   outer loop
     vertex  1.585186e-02  9.537746e-03  5.000000e-03
     vertex  1.472772e-02  1.119572e-02  5.000000e-03
     vertex  1.690273e-02  1.154989e-02  5.000000e-03
   endloop
 endfacet
 facet normal  0.000000e+00  0.000000e+00 -1.000000e+00
   outer loop
     vertex  1.472772e-02  1.119572e-02  5.000000e-03
     vertex  1.343092e-02  1.272244e-02  5.000000e-03
     vertex  1.561222e-02  1.324213e-02  5.000000e-03
   endloop
 endfacet
 facet normal  0.000000e+00  0.000000e+00 -1.000000e+00
   outer loop
     vertex  1.343092e-02  1.272244e-02  5.000000e-03
     vertex  1.197665e-02  1.410000e-02  5.000000e-03
     vertex  1.423550e-02  1.508840e-02  5.000000e-03
   endloop
 endfacet
 facet normal  0.000000e+00  0.000000e+00 -1.000000e+00
   outer loop
     vertex  1.197665e-02  1.410000e-02  5.000000e-03
     vertex  1.038196e-02  1.531225e-02  5.000000e-03
     vertex  1.232067e-02  1.634987e-02  5.000000e-03
   endloop
 endfacet
 facet normal  0.000000e+00  0.000000e+00 -1.000000e+00
   outer loop
     vertex  1.038196e-02  1.531225e-02  5.000000e-03
     vertex  8.665556e-03  1.634497e-02  5.000000e-03
     vertex  1.055596e-02  1.754040e-02  5.000000e-03
   endloop
 endfacet
 facet normal  0.000000e+00  0.000000e+00 -1.000000e+00
   outer loop
     vertex  8.665556e-03  1.634497e-02  5.000000e-03
     vertex  6.847556e-03  1.718607e-02  5.000000e-03
     vertex  8.659303e-03  1.885016e-02  5.000000e-03
   endloop
 endfacet
 facet normal  0.000000e+00  0.000000e+00 -1.000000e+00
   outer loop
     vertex  6.847556e-03  1.718607e-02  5.000000e-03
     vertex  4.949274e-03  1.782567e-02  5.000000e-03
     vertex  6.443249e-03  1.943211e-02  5.000000e-03
   endloop
 endfacet
 facet normal  0.000000e+00  0.000000e+00 -1.000000e+00
   outer loop
     vertex  4.949274e-03  1.782567e-02  5.000000e-03
     vertex  2.992967e-03  1.825629e-02  5.000000e-03
     vertex  4.390365e-03  1.999542e-02  5.000000e-03
   endloop
 endfacet
 facet normal  0.000000e+00  0.000000e+00 -1.000000e+00
   outer loop
     vertex  2.992967e-03  1.825629e-02  5.000000e-03
     vertex  1.001570e-03  1.847287e-02  5.000000e-03
     vertex  2.172587e-03  2.062996e-02  5.000000e-03
   endloop
 endfacet
 facet normal  0.000000e+00  0.000000e+00 -1.000000e+00
   outer loop
     vertex  1.001570e-03  1.847287e-02  5.000000e-03
     vertex -1.001570e-03  1.847287e-02  5.000000e-03
     vertex -1.113609e-04  2.047232e-02  5.000000e-03
   endloop
 endfacet
 facet normal -0.000000e+00  0.000000e+00 -1.000000e+00
   outer loop
     vertex -1.001570e-03  1.847287e-02  5.000000e-03
     vertex -2.992967e-03  1.825629e-02  5.000000e-03
     vertex -2.236585e-03  2.034918e-02  5.000000e-03
   endloop
 endfacet
 facet normal -0.000000e+00  0.000000e+00 -1.000000e+00
   outer loop
     vertex -2.992967e-03  1.825629e-02  5.000000e-03
     vertex -4.949274e-03  1.782567e-02  5.000000e-03
     vertex -4.542623e-03  2.024065e-02  5.000000e-03
   endloop
 endfacet
 facet normal -0.000000e+00  0.000000e+00 -1.000000e+00
   outer loop
     vertex -4.949274e-03  1.782567e-02  5.000000e-03
     vertex -6.847556e-03  1.718607e-02  5.000000e-03
     vertex -6.654361e-03  1.936114e-02  5.000000e-03
   endloop
 endfacet
 facet normal -0.000000e+00  0.000000e+00 -1.000000e+00
   outer loop
     vertex -6.847556e-03  1.718607e-02  5.000000e-03
     vertex -8.665556e-03  1.634497e-02  5.000000e-03
     vertex -8.628486e-03  1.856448e-02  5.000000e-03
   endloop
 endfacet
 facet normal -0.000000e+00  0.000000e+00 -1.000000e+00
   outer loop
     vertex -8.665556e-03  1.634497e-02  5.000000e-03
     vertex -1.038196e-02  1.531225e-02  5.000000e-03
     vertex -1.078027e-02  1.772315e-02  5.000000e-03
   endloop
 endfacet
 facet normal -0.000000e+00  0.000000e+00 -1.000000e+00
   outer loop
     vertex -1.038196e-02  1.531225e-02  5.000000e-03
     vertex -1.197665e-02  1.410000e-02  5.000000e-03
     vertex -1.249815e-02  1.621533e-02  5.000000e-03
   endloop
 endfacet
 facet normal -0.000000e+00  0.000000e+00 -1.000000e+00
   outer loop
     vertex -1.197665e-02  1.410000e-02  5.000000e-03
     vertex -1.343092e-02  1.272244e-02  5.000000e-03
     vertex -1.411361e-02  1.482893e-02  5.000000e-03
   endloop
 endfacet
 facet normal -0.000000e+00  0.000000e+00 -1.000000e+00
   outer loop
     vertex -1.343092e-02  1.272244e-02  5.000000e-03
     vertex -1.472772e-02  1.119572e-02  5.000000e-03
     vertex -1.588441e-02  1.334234e-02  5.000000e-03
   endloop
 endfacet
 facet normal -0.000000e+00  0.000000e+00 -1.000000e+00
   outer loop
     vertex -1.472772e-02  1.119572e-02  5.000000e-03
     vertex -1.585186e-02  9.537746e-03  5.000000e-03
     vertex -1.702828e-02  1.136610e-02  5.000000e-03
   endloop
 endfacet
 facet normal  0.000000e+00  0.000000e+00 -1.000000e+00
   outer loop
     vertex -1.585186e-02  9.537746e-03  5.000000e-03
     vertex -1.679015e-02  7.767948e-03  5.000000e-03
     vertex -1.811462e-02  9.536895e-03  5.000000e-03
   endloop
 endfacet
 facet normal  0.000000e+00  0.000000e+00 -1.000000e+00
   outer loop
     vertex -1.679015e-02  7.767948e-03  5.000000e-03
     vertex -1.753158e-02  5.907078e-03  5.000000e-03
     vertex -1.931449e-02  7.564952e-03  5.000000e-03
   endloop
 endfacet
 facet normal  0.000000e+00  0.000000e+00 -1.000000e+00
   outer loop
     vertex -1.753158e-02  5.907078e-03  5.000000e-03
     vertex -1.806748e-02  3.976953e-03  5.000000e-03
     vertex -1.975050e-02  5.342724e-03  5.000000e-03
   endloop
 endfacet
 facet normal  0.000000e+00  0.000000e+00 -1.000000e+00
   outer loop
     vertex -1.806748e-02  3.976953e-03  5.000000e-03
     vertex -1.839155e-02  2.000202e-03  5.000000e-03
     vertex -2.014287e-02  3.307772e-03  5.000000e-03
   endloop
 endfacet
 facet normal  0.000000e+00  0.000000e+00 -1.000000e+00
   outer loop
     vertex -1.839155e-02  2.000202e-03  5.000000e-03
     vertex -1.850000e-02 -2.265597e-18  5.000000e-03
     vertex -2.042181e-02  1.254503e-03  5.000000e-03
   endloop
 endfacet
 facet normal  0.000000e+00  0.000000e+00 -1.000000e+00
   outer loop
     vertex  3.206313e-02  3.000000e-03  5.000000e-03
     vertex  3.400000e-02  1.000000e-03  5.000000e-03
     vertex  3.236770e-02  3.455665e-05  5.000000e-03
   endloop
 endfacet
 facet normal  0.000000e+00  0.000000e+00 -1.000000e+00
   outer loop
     vertex  2.625251e-02  3.000000e-03  5.000000e-03
     vertex  2.818938e-02  3.000000e-03  5.000000e-03
     vertex  2.686425e-02  9.204261e-04  5.000000e-03
   endloop
 endfacet
 facet normal  0.000000e+00  0.000000e+00 -1.000000e+00
   outer loop
     vertex  2.686425e-02  9.204261e-04  5.000000e-03
     vertex  2.818938e-02  3.000000e-03  5.000000e-03
     vertex  2.895460e-02  6.802927e-04  5.000000e-03
   endloop
 endfacet
 facet normal  0.000000e+00  0.000000e+00 -1.000000e+00
   outer loop
     vertex  3.012625e-02  3.000000e-03  5.000000e-03
     vertex  3.206313e-02  3.000000e-03  5.000000e-03
     vertex  3.082804e-02  1.147759e-03  5.000000e-03
   endloop
 endfacet
 facet normal -0.000000e+00  0.000000e+00 -1.000000e+00
   outer loop
     vertex  2.546191e-02 -1.024163e-03  5.000000e-03
     vertex  2.431563e-02 -3.000000e-03  5.000000e-03
     vertex  2.336243e-02 -9.900772e-04  5.000000e-03
   endloop
 endfacet
 facet normal -0.000000e+00  0.000000e+00 -1.000000e+00
   outer loop
     vertex  2.906750e-02 -1.445759e-03  5.000000e-03
     vertex  2.818938e-02 -3.000000e-03  5.000000e-03
     vertex  2.738712e-02 -1.124278e-03  5.000000e-03
   endloop
 endfacet
 facet normal  0.000000e+00  0.000000e+00 -1.000000e+00
   outer loop
     vertex  2.818938e-02 -3.000000e-03  5.000000e-03
     vertex  2.625251e-02 -3.000000e-03  5.000000e-03
     vertex  2.738712e-02 -1.124278e-03  5.000000e-03
   endloop
 endfacet
 facet normal  0.000000e+00 -0.000000e+00 -1.000000e+00
   outer loop
     vertex  2.625251e-02  3.000000e-03  5.000000e-03
     vertex  2.686425e-02  9.204261e-04  5.000000e-03
     vertex  2.481473e-02  9.899805e-04  5.000000e-03
   endloop
 endfacet
 facet normal  0.000000e+00  0.000000e+00 -1.000000e+00
   outer loop
     vertex  3.206313e-02 -3.000000e-03  5.000000e-03
     vertex  3.012625e-02 -3.000000e-03  5.000000e-03
     vertex  3.066760e-02 -9.041294e-04  5.000000e-03
   endloop
 endfacet
 facet normal  0.000000e+00  0.000000e+00 -1.000000e+00
   outer loop
     vertex  2.625251e-02 -3.000000e-03  5.000000e-03
     vertex  2.546191e-02 -1.024163e-03  5.000000e-03
     vertex  2.738712e-02 -1.124278e-03  5.000000e-03
   endloop
 endfacet
 facet normal -0.000000e+00  0.000000e+00 -1.000000e+00
   outer loop
     vertex  2.431563e-02 -3.000000e-03  5.000000e-03
     vertex  2.236455e-02 -3.080143e-03  5.000000e-03
     vertex  2.336243e-02 -9.900772e-04  5.000000e-03
   endloop
 endfacet
 facet normal  0.000000e+00  0.000000e+00 -1.000000e+00
   outer loop
     vertex  2.399024e-02 -4.971736e-03  5.000000e-03
     vertex  2.350524e-02 -6.910393e-03  5.000000e-03
     vertex  2.182385e-02 -5.165650e-03  5.000000e-03
   endloop
 endfacet
 facet normal  0.000000e+00  0.000000e+00 -1.000000e+00
   outer loop
     vertex  2.286386e-02 -8.803074e-03  5.000000e-03
     vertex  2.207035e-02 -1.063719e-02  5.000000e-03
     vertex  2.062649e-02 -9.027556e-03  5.000000e-03
   endloop
 endfacet
 facet normal -0.000000e+00  0.000000e+00 -1.000000e+00
   outer loop
     vertex  2.113000e-02 -1.240053e-02  5.000000e-03
     vertex  2.004907e-02 -1.408136e-02  5.000000e-03
     vertex  1.901470e-02 -1.206954e-02  5.000000e-03
   endloop
 endfacet
 facet normal -0.000000e+00  0.000000e+00 -1.000000e+00
   outer loop
     vertex  1.883475e-02 -1.566851e-02  5.000000e-03
     vertex  1.749511e-02 -1.715141e-02  5.000000e-03
     vertex  1.664521e-02 -1.517473e-02  5.000000e-03
   endloop
 endfacet
 facet normal -0.000000e+00  0.000000e+00 -1.000000e+00
   outer loop
     vertex  1.603908e-02 -1.852020e-02  5.000000e-03
     vertex  1.447633e-02 -1.976577e-02  5.000000e-03
     vertex  1.414649e-02 -1.752685e-02  5.000000e-03
   endloop
 endfacet
 facet normal -0.000000e+00  0.000000e+00 -1.000000e+00
   outer loop
     vertex  1.281727e-02 -2.087984e-02  5.000000e-03
     vertex  1.107294e-02 -2.185498e-02  5.000000e-03
     vertex  1.090733e-02 -1.970740e-02  5.000000e-03
   endloop
 endfacet
 facet normal -0.000000e+00  0.000000e+00 -1.000000e+00
   outer loop
     vertex  9.254926e-03 -2.268472e-02  5.000000e-03
     vertex  7.375342e-03 -2.336353e-02  5.000000e-03
     vertex  7.786712e-03 -2.113475e-02  5.000000e-03
   endloop
 endfacet
 facet normal -0.000000e+00  0.000000e+00 -1.000000e+00
   outer loop
     vertex  5.446688e-03 -2.388689e-02  5.000000e-03
     vertex  3.481795e-03 -2.425133e-02  5.000000e-03
     vertex  4.019722e-03 -2.216302e-02  5.000000e-03
   endloop
 endfacet
 facet normal -0.000000e+00  0.000000e+00 -1.000000e+00
   outer loop
     vertex  1.493737e-03 -2.445442e-02  5.000000e-03
     vertex -5.042590e-04 -2.449481e-02  5.000000e-03
     vertex  6.062580e-04 -2.251531e-02  5.000000e-03
   endloop
 endfacet
 facet normal  0.000000e+00  0.000000e+00 -1.000000e+00
   outer loop
     vertex -2.498900e-03 -2.437223e-02  5.000000e-03
     vertex -4.476915e-03 -2.408749e-02  5.000000e-03
     vertex -3.291640e-03 -2.228295e-02  5.000000e-03
   endloop
 endfacet
 facet normal  0.000000e+00  0.000000e+00 -1.000000e+00
   outer loop
     vertex -6.425145e-03 -2.364249e-02  5.000000e-03
     vertex -8.330626e-03 -2.304020e-02  5.000000e-03
     vertex -6.638045e-03 -2.152301e-02  5.000000e-03
   endloop
 endfacet
 facet normal  0.000000e+00  0.000000e+00 -1.000000e+00
   outer loop
     vertex -1.018068e-02 -2.228461e-02  5.000000e-03
     vertex -1.196300e-02 -2.138075e-02  5.000000e-03
     vertex -1.025620e-02 -2.005448e-02  5.000000e-03
   endloop
 endfacet
 facet normal  0.000000e+00  0.000000e+00 -1.000000e+00
   outer loop
     vertex -1.366573e-02 -2.033465e-02  5.000000e-03
     vertex -1.527754e-02 -1.915325e-02  5.000000e-03
     vertex -1.318273e-02 -1.826243e-02  5.000000e-03
   endloop
 endfacet
 facet normal  0.000000e+00  0.000000e+00 -1.000000e+00
   outer loop
     vertex -1.678770e-02 -1.784442e-02  5.000000e-03
     vertex -1.818616e-02 -1.641687e-02  5.000000e-03
     vertex -1.613997e-02 -1.571245e-02  5.000000e-03
   endloop
 endfacet
 facet normal  0.000000e+00  0.000000e+00 -1.000000e+00
   outer loop
     vertex -1.946363e-02 -1.488009e-02  5.000000e-03
     vertex -2.061161e-02 -1.324431e-02  5.000000e-03
     vertex -1.833807e-02 -1.307721e-02  5.000000e-03
   endloop
 endfacet
 facet normal  0.000000e+00  0.000000e+00 -1.000000e+00
   outer loop
     vertex -2.162245e-02 -1.152041e-02  5.000000e-03
     vertex -2.248943e-02 -9.719863e-03  5.000000e-03
     vertex -2.032286e-02 -9.714371e-03  5.000000e-03
   endloop
 endfacet
 facet normal  0.000000e+00  0.000000e+00 -1.000000e+00
   outer loop
     vertex -2.320678e-02 -7.854648e-03  5.000000e-03
     vertex -2.376973e-02 -5.937174e-03  5.000000e-03
     vertex -2.156075e-02 -6.514003e-03  5.000000e-03
   endloop
 endfacet
 facet normal  0.000000e+00  0.000000e+00 -1.000000e+00
   outer loop
     vertex -2.417453e-02 -3.980198e-03  5.000000e-03
     vertex -2.441850e-02 -1.996742e-03  5.000000e-03
     vertex -2.236398e-02 -2.694801e-03  5.000000e-03
   endloop
 endfacet
 facet normal  0.000000e+00  0.000000e+00 -1.000000e+00
   outer loop
     vertex -2.450000e-02 -9.237403e-17  5.000000e-03
     vertex -2.441850e-02  1.996742e-03  5.000000e-03
     vertex -2.250544e-02  7.285490e-04  5.000000e-03
   endloop
 endfacet
 facet normal  0.000000e+00  0.000000e+00 -1.000000e+00
   outer loop
     vertex -2.417453e-02  3.980198e-03  5.000000e-03
     vertex -2.376973e-02  5.937174e-03  5.000000e-03
     vertex -2.194035e-02  4.611720e-03  5.000000e-03
   endloop
 endfacet
 facet normal  0.000000e+00  0.000000e+00 -1.000000e+00
   outer loop
     vertex -2.320678e-02  7.854648e-03  5.000000e-03
     vertex -2.248943e-02  9.719863e-03  5.000000e-03
     vertex -2.135394e-02  8.264536e-03  5.000000e-03
   endloop
 endfacet
 facet normal  0.000000e+00  0.000000e+00 -1.000000e+00
   outer loop
     vertex -2.162245e-02  1.152041e-02  5.000000e-03
     vertex -2.061161e-02  1.324431e-02  5.000000e-03
     vertex -1.933489e-02  1.140319e-02  5.000000e-03
   endloop
 endfacet
 facet normal  0.000000e+00  0.000000e+00 -1.000000e+00
   outer loop
     vertex -1.946363e-02  1.488009e-02  5.000000e-03
     vertex -1.818616e-02  1.641687e-02  5.000000e-03
     vertex -1.758333e-02  1.466822e-02  5.000000e-03
   endloop
 endfacet
 facet normal  0.000000e+00  0.000000e+00 -1.000000e+00
   outer loop
     vertex -1.678770e-02  1.784442e-02  5.000000e-03
     vertex -1.527754e-02  1.915325e-02  5.000000e-03
     vertex -1.466430e-02  1.699463e-02  5.000000e-03
   endloop
 endfacet
 facet normal  0.000000e+00  0.000000e+00 -1.000000e+00
   outer loop
     vertex -1.366573e-02  2.033465e-02  5.000000e-03
     vertex -1.196300e-02  2.138075e-02  5.000000e-03
     vertex -1.195708e-02  1.952822e-02  5.000000e-03
   endloop
 endfacet
 facet normal  0.000000e+00  0.000000e+00 -1.000000e+00
   outer loop
     vertex -1.018068e-02  2.228461e-02  5.000000e-03
     vertex -8.330626e-03  2.304020e-02  5.000000e-03
     vertex -8.448117e-03  2.079629e-02  5.000000e-03
   endloop
 endfacet
 facet normal  0.000000e+00  0.000000e+00 -1.000000e+00
   outer loop
     vertex -6.425145e-03  2.364249e-02  5.000000e-03
     vertex -4.476915e-03  2.408749e-02  5.000000e-03
     vertex -5.070251e-03  2.232964e-02  5.000000e-03
   endloop
 endfacet
 facet normal  0.000000e+00  0.000000e+00 -1.000000e+00
   outer loop
     vertex -2.498900e-03  2.437223e-02  5.000000e-03
     vertex -5.042590e-04  2.449481e-02  5.000000e-03
     vertex -1.341728e-03  2.240656e-02  5.000000e-03
   endloop
 endfacet
 facet normal  0.000000e+00  0.000000e+00 -1.000000e+00
   outer loop
     vertex  1.493737e-03  2.445442e-02  5.000000e-03
     vertex  3.481795e-03  2.425133e-02  5.000000e-03
     vertex  2.351073e-03  2.277696e-02  5.000000e-03
   endloop
 endfacet
 facet normal  0.000000e+00  0.000000e+00 -1.000000e+00
   outer loop
     vertex  5.446688e-03  2.388689e-02  5.000000e-03
     vertex  7.375342e-03  2.336353e-02  5.000000e-03
     vertex  5.906016e-03  2.165574e-02  5.000000e-03
   endloop
 endfacet
 facet normal  0.000000e+00  0.000000e+00 -1.000000e+00
   outer loop
     vertex  9.254926e-03  2.268472e-02  5.000000e-03
     vertex  1.107294e-02  2.185498e-02  5.000000e-03
     vertex  9.524502e-03  2.082304e-02  5.000000e-03
   endloop
 endfacet
 facet normal  0.000000e+00 -0.000000e+00 -1.000000e+00
   outer loop
     vertex  1.281727e-02  2.087984e-02  5.000000e-03
     vertex  1.447633e-02  1.976577e-02  5.000000e-03
     vertex  1.253139e-02  1.862297e-02  5.000000e-03
   endloop
 endfacet
 facet normal  0.000000e+00 -0.000000e+00 -1.000000e+00
   outer loop
     vertex  1.603908e-02  1.852020e-02  5.000000e-03
     vertex  1.749511e-02  1.715141e-02  5.000000e-03
     vertex  1.569379e-02  1.667389e-02  5.000000e-03
   endloop
 endfacet
 facet normal  0.000000e+00 -0.000000e+00 -1.000000e+00
   outer loop
     vertex  1.883475e-02  1.566851e-02  5.000000e-03
     vertex  2.004907e-02  1.408136e-02  5.000000e-03
     vertex  1.783617e-02  1.362786e-02  5.000000e-03
   endloop
 endfacet
 facet normal  0.000000e+00 -0.000000e+00 -1.000000e+00
   outer loop
     vertex  2.113000e-02  1.240053e-02  5.000000e-03
     vertex  2.207035e-02  1.063719e-02  5.000000e-03
     vertex  2.020684e-02  1.076557e-02  5.000000e-03
   endloop
 endfacet
 facet normal  0.000000e+00 -0.000000e+00 -1.000000e+00
   outer loop
     vertex  2.286386e-02  8.803074e-03  5.000000e-03
     vertex  2.350524e-02  6.910393e-03  5.000000e-03
     vertex  2.123579e-02  7.170205e-03  5.000000e-03
   endloop
 endfacet
 facet normal -0.000000e+00  0.000000e+00 -1.000000e+00
   outer loop
     vertex -1.850000e-02 -2.265597e-18  5.000000e-03
     vertex -2.071942e-02 -9.887754e-04  5.000000e-03
     vertex -2.042181e-02  1.254503e-03  5.000000e-03
   endloop
 endfacet
 facet normal  0.000000e+00 -0.000000e+00 -1.000000e+00
   outer loop
     vertex  2.399024e-02  4.971736e-03  5.000000e-03
     vertex  2.431563e-02  3.000000e-03  5.000000e-03
     vertex  2.221555e-02  3.204845e-03  5.000000e-03
   endloop
 endfacet
 facet normal -0.000000e+00  0.000000e+00 -1.000000e+00
   outer loop
     vertex -1.839155e-02 -2.000202e-03  5.000000e-03
     vertex -2.021303e-02 -3.242583e-03  5.000000e-03
     vertex -2.071942e-02 -9.887754e-04  5.000000e-03
   endloop
 endfacet
 facet normal -0.000000e+00  0.000000e+00 -1.000000e+00
   outer loop
     vertex -1.806748e-02 -3.976953e-03  5.000000e-03
     vertex -1.976888e-02 -5.323005e-03  5.000000e-03
     vertex -2.021303e-02 -3.242583e-03  5.000000e-03
   endloop
 endfacet
 facet normal -0.000000e+00  0.000000e+00 -1.000000e+00
   outer loop
     vertex -1.753158e-02 -5.907078e-03  5.000000e-03
     vertex -1.931773e-02 -7.559772e-03  5.000000e-03
     vertex -1.976888e-02 -5.323005e-03  5.000000e-03
   endloop
 endfacet
 facet normal -0.000000e+00  0.000000e+00 -1.000000e+00
   outer loop
     vertex -1.679015e-02 -7.767948e-03  5.000000e-03
     vertex -1.811463e-02 -9.536413e-03  5.000000e-03
     vertex -1.931773e-02 -7.559772e-03  5.000000e-03
   endloop
 endfacet
 facet normal -0.000000e+00  0.000000e+00 -1.000000e+00
   outer loop
     vertex -1.585186e-02 -9.537746e-03  5.000000e-03
     vertex -1.702752e-02 -1.136665e-02  5.000000e-03
     vertex -1.811463e-02 -9.536413e-03  5.000000e-03
   endloop
 endfacet
 facet normal  0.000000e+00  0.000000e+00 -1.000000e+00
   outer loop
     vertex -1.472772e-02 -1.119572e-02  5.000000e-03
     vertex -1.588316e-02 -1.334336e-02  5.000000e-03
     vertex -1.702752e-02 -1.136665e-02  5.000000e-03
   endloop
 endfacet
 facet normal  0.000000e+00  0.000000e+00 -1.000000e+00
   outer loop
     vertex -1.343092e-02 -1.272244e-02  5.000000e-03
     vertex -1.411225e-02 -1.483001e-02  5.000000e-03
     vertex -1.588316e-02 -1.334336e-02  5.000000e-03
   endloop
 endfacet
 facet normal  0.000000e+00  0.000000e+00 -1.000000e+00
   outer loop
     vertex -1.197665e-02 -1.410000e-02  5.000000e-03
     vertex -1.249671e-02 -1.621616e-02  5.000000e-03
     vertex -1.411225e-02 -1.483001e-02  5.000000e-03
   endloop
 endfacet
 facet normal  0.000000e+00  0.000000e+00 -1.000000e+00
   outer loop
     vertex -1.038196e-02 -1.531225e-02  5.000000e-03
     vertex -1.077865e-02 -1.772391e-02  5.000000e-03
     vertex -1.249671e-02 -1.621616e-02  5.000000e-03
   endloop
 endfacet
 facet normal  0.000000e+00 -0.000000e+00 -1.000000e+00
   outer loop
     vertex -8.665556e-03 -1.634497e-02  5.000000e-03
     vertex -8.626855e-03 -1.856511e-02  5.000000e-03
     vertex -1.077865e-02 -1.772391e-02  5.000000e-03
   endloop
 endfacet
 facet normal  0.000000e+00 -0.000000e+00 -1.000000e+00
   outer loop
     vertex -6.847556e-03 -1.718607e-02  5.000000e-03
     vertex -6.652742e-03 -1.936149e-02  5.000000e-03
     vertex -8.626855e-03 -1.856511e-02  5.000000e-03
   endloop
 endfacet
 facet normal  0.000000e+00 -0.000000e+00 -1.000000e+00
   outer loop
     vertex -4.949274e-03 -1.782567e-02  5.000000e-03
     vertex -4.540876e-03 -2.024088e-02  5.000000e-03
     vertex -6.652742e-03 -1.936149e-02  5.000000e-03
   endloop
 endfacet
 facet normal  0.000000e+00 -0.000000e+00 -1.000000e+00
   outer loop
     vertex -2.992967e-03 -1.825629e-02  5.000000e-03
     vertex -2.234873e-03 -2.034927e-02  5.000000e-03
     vertex -4.540876e-03 -2.024088e-02  5.000000e-03
   endloop
 endfacet
 facet normal  0.000000e+00 -0.000000e+00 -1.000000e+00
   outer loop
     vertex -1.001570e-03 -1.847287e-02  5.000000e-03
     vertex -1.097343e-04 -2.047216e-02  5.000000e-03
     vertex -2.234873e-03 -2.034927e-02  5.000000e-03
   endloop
 endfacet
 facet normal  0.000000e+00 -0.000000e+00 -1.000000e+00
   outer loop
     vertex  1.001570e-03 -1.847287e-02  5.000000e-03
     vertex  2.174290e-03 -2.062964e-02  5.000000e-03
     vertex -1.097343e-04 -2.047216e-02  5.000000e-03
   endloop
 endfacet
 facet normal  0.000000e+00 -0.000000e+00 -1.000000e+00
   outer loop
     vertex  2.992967e-03 -1.825629e-02  5.000000e-03
     vertex  4.391992e-03 -1.999500e-02  5.000000e-03
     vertex  2.174290e-03 -2.062964e-02  5.000000e-03
   endloop
 endfacet
 facet normal  0.000000e+00 -0.000000e+00 -1.000000e+00
   outer loop
     vertex  4.949274e-03 -1.782567e-02  5.000000e-03
     vertex  6.444727e-03 -1.943148e-02  5.000000e-03
     vertex  4.391992e-03 -1.999500e-02  5.000000e-03
   endloop
 endfacet
 facet normal  0.000000e+00 -0.000000e+00 -1.000000e+00
   outer loop
     vertex  6.847556e-03 -1.718607e-02  5.000000e-03
     vertex  8.660790e-03 -1.884936e-02  5.000000e-03
     vertex  6.444727e-03 -1.943148e-02  5.000000e-03
   endloop
 endfacet
 facet normal  0.000000e+00 -0.000000e+00 -1.000000e+00
   outer loop
     vertex  8.665556e-03 -1.634497e-02  5.000000e-03
     vertex  1.055731e-02 -1.753953e-02  5.000000e-03
     vertex  8.660790e-03 -1.884936e-02  5.000000e-03
   endloop
 endfacet
 facet normal  0.000000e+00  0.000000e+00 -1.000000e+00
   outer loop
     vertex  1.038196e-02 -1.531225e-02  5.000000e-03
     vertex  1.232178e-02 -1.634886e-02  5.000000e-03
     vertex  1.055731e-02 -1.753953e-02  5.000000e-03
   endloop
 endfacet
 facet normal  0.000000e+00  0.000000e+00 -1.000000e+00
   outer loop
     vertex  1.197665e-02 -1.410000e-02  5.000000e-03
     vertex  1.423647e-02 -1.508723e-02  5.000000e-03
     vertex  1.232178e-02 -1.634886e-02  5.000000e-03
   endloop
 endfacet
 facet normal  0.000000e+00  0.000000e+00 -1.000000e+00
   outer loop
     vertex  1.343092e-02 -1.272244e-02  5.000000e-03
     vertex  1.561288e-02 -1.324070e-02  5.000000e-03
     vertex  1.423647e-02 -1.508723e-02  5.000000e-03
   endloop
 endfacet
 facet normal  0.000000e+00  0.000000e+00 -1.000000e+00
   outer loop
     vertex  1.472772e-02 -1.119572e-02  5.000000e-03
     vertex  1.690302e-02 -1.154734e-02  5.000000e-03
     vertex  1.561288e-02 -1.324070e-02  5.000000e-03
   endloop
 endfacet
 facet normal  0.000000e+00  0.000000e+00 -1.000000e+00
   outer loop
     vertex  1.585186e-02 -9.537746e-03  5.000000e-03
     vertex  1.831299e-02 -9.734449e-03  5.000000e-03
     vertex  1.690302e-02 -1.154734e-02  5.000000e-03
   endloop
 endfacet
 facet normal  0.000000e+00  0.000000e+00 -1.000000e+00
   outer loop
     vertex  1.679015e-02 -7.767948e-03  5.000000e-03
     vertex  1.901846e-02 -7.540796e-03  5.000000e-03
     vertex  1.831299e-02 -9.734449e-03  5.000000e-03
   endloop
 endfacet
 facet normal  0.000000e+00  0.000000e+00 -1.000000e+00
   outer loop
     vertex  1.753158e-02 -5.907078e-03  5.000000e-03
     vertex  1.965907e-02 -5.521663e-03  5.000000e-03
     vertex  1.901846e-02 -7.540796e-03  5.000000e-03
   endloop
 endfacet
 facet normal  0.000000e+00  0.000000e+00 -1.000000e+00
   outer loop
     vertex  1.806748e-02 -3.976953e-03  5.000000e-03
     vertex  2.020410e-02 -3.422250e-03  5.000000e-03
     vertex  1.965907e-02 -5.521663e-03  5.000000e-03
   endloop
 endfacet
 facet normal  0.000000e+00  0.000000e+00 -1.000000e+00
   outer loop
     vertex  1.839155e-02 -2.000202e-03  5.000000e-03
     vertex  2.085524e-02 -1.000691e-03  5.000000e-03
     vertex  2.020410e-02 -3.422250e-03  5.000000e-03
   endloop
 endfacet
 facet normal  0.000000e+00  0.000000e+00 -1.000000e+00
   outer loop
     vertex  1.850000e-02 -1.643130e-17  5.000000e-03
     vertex  2.047918e-02  1.425186e-03  5.000000e-03
     vertex  2.085524e-02 -1.000691e-03  5.000000e-03
   endloop
 endfacet
 facet normal  0.000000e+00  0.000000e+00 -1.000000e+00
   outer loop
     vertex  1.839155e-02  2.000202e-03  5.000000e-03
     vertex  2.010810e-02  3.552267e-03  5.000000e-03
     vertex  2.047918e-02  1.425186e-03  5.000000e-03
   endloop
 endfacet
 facet normal  0.000000e+00  0.000000e+00 -1.000000e+00
   outer loop
     vertex  1.806748e-02  3.976953e-03  5.000000e-03
     vertex  1.962838e-02  5.569681e-03  5.000000e-03
     vertex  2.010810e-02  3.552267e-03  5.000000e-03
   endloop
 endfacet
 facet normal  0.000000e+00  0.000000e+00 -1.000000e+00
   outer loop
     vertex  1.753158e-02  5.907078e-03  5.000000e-03
     vertex  1.900844e-02  7.559854e-03  5.000000e-03
     vertex  1.962838e-02  5.569681e-03  5.000000e-03
   endloop
 endfacet
 facet normal  0.000000e+00  0.000000e+00 -1.000000e+00
   outer loop
     vertex  1.679015e-02  7.767948e-03  5.000000e-03
     vertex  1.831108e-02  9.741789e-03  5.000000e-03
     vertex  1.900844e-02  7.559854e-03  5.000000e-03
   endloop
 endfacet
 facet normal  0.000000e+00  0.000000e+00 -1.000000e+00
   outer loop
     vertex  1.585186e-02  9.537746e-03  5.000000e-03
     vertex  1.690273e-02  1.154989e-02  5.000000e-03
     vertex  1.831108e-02  9.741789e-03  5.000000e-03
   endloop
 endfacet
 facet normal  0.000000e+00  0.000000e+00 -1.000000e+00
   outer loop
     vertex  1.472772e-02  1.119572e-02  5.000000e-03
     vertex  1.561222e-02  1.324213e-02  5.000000e-03
     vertex  1.690273e-02  1.154989e-02  5.000000e-03
   endloop
 endfacet
 facet normal  0.000000e+00  0.000000e+00 -1.000000e+00
   outer loop
     vertex  1.343092e-02  1.272244e-02  5.000000e-03
     vertex  1.423550e-02  1.508840e-02  5.000000e-03
     vertex  1.561222e-02  1.324213e-02  5.000000e-03
   endloop
 endfacet
 facet normal  0.000000e+00  0.000000e+00 -1.000000e+00
   outer loop
     vertex  1.197665e-02  1.410000e-02  5.000000e-03
     vertex  1.232067e-02  1.634987e-02  5.000000e-03
     vertex  1.423550e-02  1.508840e-02  5.000000e-03
   endloop
 endfacet
 facet normal  0.000000e+00  0.000000e+00 -1.000000e+00
   outer loop
     vertex  1.038196e-02  1.531225e-02  5.000000e-03
     vertex  1.055596e-02  1.754040e-02  5.000000e-03
     vertex  1.232067e-02  1.634987e-02  5.000000e-03
   endloop
 endfacet
 facet normal  0.000000e+00  0.000000e+00 -1.000000e+00
   outer loop
     vertex  8.665556e-03  1.634497e-02  5.000000e-03
     vertex  8.659303e-03  1.885016e-02  5.000000e-03
     vertex  1.055596e-02  1.754040e-02  5.000000e-03
   endloop
 endfacet
 facet normal  0.000000e+00  0.000000e+00 -1.000000e+00
   outer loop
     vertex  6.847556e-03  1.718607e-02  5.000000e-03
     vertex  6.443249e-03  1.943211e-02  5.000000e-03
     vertex  8.659303e-03  1.885016e-02  5.000000e-03
   endloop
 endfacet
 facet normal  0.000000e+00  0.000000e+00 -1.000000e+00
   outer loop
     vertex  4.949274e-03  1.782567e-02  5.000000e-03
     vertex  4.390365e-03  1.999542e-02  5.000000e-03
     vertex  6.443249e-03  1.943211e-02  5.000000e-03
   endloop
 endfacet
 facet normal  0.000000e+00  0.000000e+00 -1.000000e+00
   outer loop
     vertex  2.992967e-03  1.825629e-02  5.000000e-03
     vertex  2.172587e-03  2.062996e-02  5.000000e-03
     vertex  4.390365e-03  1.999542e-02  5.000000e-03
   endloop
 endfacet
 facet normal  0.000000e+00  0.000000e+00 -1.000000e+00
   outer loop
     vertex  1.001570e-03  1.847287e-02  5.000000e-03
     vertex -1.113609e-04  2.047232e-02  5.000000e-03
     vertex  2.172587e-03  2.062996e-02  5.000000e-03
   endloop
 endfacet
 facet normal  0.000000e+00  0.000000e+00 -1.000000e+00
   outer loop
     vertex -1.001570e-03  1.847287e-02  5.000000e-03
     vertex -2.236585e-03  2.034918e-02  5.000000e-03
     vertex -1.113609e-04  2.047232e-02  5.000000e-03
   endloop
 endfacet
 facet normal  0.000000e+00  0.000000e+00 -1.000000e+00
   outer loop
     vertex -2.992967e-03  1.825629e-02  5.000000e-03
     vertex -4.542623e-03  2.024065e-02  5.000000e-03
     vertex -2.236585e-03  2.034918e-02  5.000000e-03
   endloop
 endfacet
 facet normal  0.000000e+00  0.000000e+00 -1.000000e+00
   outer loop
     vertex -4.949274e-03  1.782567e-02  5.000000e-03
     vertex -6.654361e-03  1.936114e-02  5.000000e-03
     vertex -4.542623e-03  2.024065e-02  5.000000e-03
   endloop
 endfacet
 facet normal  0.000000e+00  0.000000e+00 -1.000000e+00
   outer loop
     vertex -6.847556e-03  1.718607e-02  5.000000e-03
     vertex -8.628486e-03  1.856448e-02  5.000000e-03
     vertex -6.654361e-03  1.936114e-02  5.000000e-03
   endloop
 endfacet
 facet normal  0.000000e+00  0.000000e+00 -1.000000e+00
   outer loop
     vertex -8.665556e-03  1.634497e-02  5.000000e-03
     vertex -1.078027e-02  1.772315e-02  5.000000e-03
     vertex -8.628486e-03  1.856448e-02  5.000000e-03
   endloop
 endfacet
 facet normal  0.000000e+00  0.000000e+00 -1.000000e+00
   outer loop
     vertex -1.038196e-02  1.531225e-02  5.000000e-03
     vertex -1.249815e-02  1.621533e-02  5.000000e-03
     vertex -1.078027e-02  1.772315e-02  5.000000e-03
   endloop
 endfacet
 facet normal  0.000000e+00  0.000000e+00 -1.000000e+00
   outer loop
     vertex -1.197665e-02  1.410000e-02  5.000000e-03
     vertex -1.411361e-02  1.482893e-02  5.000000e-03
     vertex -1.249815e-02  1.621533e-02  5.000000e-03
   endloop
 endfacet
 facet normal  0.000000e+00  0.000000e+00 -1.000000e+00
   outer loop
     vertex -1.343092e-02  1.272244e-02  5.000000e-03
     vertex -1.588441e-02  1.334234e-02  5.000000e-03
     vertex -1.411361e-02  1.482893e-02  5.000000e-03
   endloop
 endfacet
 facet normal  0.000000e+00  0.000000e+00 -1.000000e+00
   outer loop
     vertex -1.472772e-02  1.119572e-02  5.000000e-03
     vertex -1.702828e-02  1.136610e-02  5.000000e-03
     vertex -1.588441e-02  1.334234e-02  5.000000e-03
   endloop
 endfacet
 facet normal -0.000000e+00  0.000000e+00 -1.000000e+00
   outer loop
     vertex -1.585186e-02  9.537746e-03  5.000000e-03
     vertex -1.811462e-02  9.536895e-03  5.000000e-03
     vertex -1.702828e-02  1.136610e-02  5.000000e-03
   endloop
 endfacet
 facet normal -0.000000e+00  0.000000e+00 -1.000000e+00
   outer loop
     vertex -1.679015e-02  7.767948e-03  5.000000e-03
     vertex -1.931449e-02  7.564952e-03  5.000000e-03
     vertex -1.811462e-02  9.536895e-03  5.000000e-03
   endloop
 endfacet
 facet normal -0.000000e+00  0.000000e+00 -1.000000e+00
   outer loop
     vertex -1.753158e-02  5.907078e-03  5.000000e-03
     vertex -1.975050e-02  5.342724e-03  5.000000e-03
     vertex -1.931449e-02  7.564952e-03  5.000000e-03
   endloop
 endfacet
 facet normal -0.000000e+00  0.000000e+00 -1.000000e+00
   outer loop
     vertex -1.806748e-02  3.976953e-03  5.000000e-03
     vertex -2.014287e-02  3.307772e-03  5.000000e-03
     vertex -1.975050e-02  5.342724e-03  5.000000e-03
   endloop
 endfacet
 facet normal -0.000000e+00  0.000000e+00 -1.000000e+00
   outer loop
     vertex -1.839155e-02  2.000202e-03  5.000000e-03
     vertex -2.042181e-02  1.254503e-03  5.000000e-03
     vertex -2.014287e-02  3.307772e-03  5.000000e-03
   endloop
 endfacet
 facet normal  0.000000e+00 -0.000000e+00 -1.000000e+00
   outer loop
     vertex  2.431563e-02  3.000000e-03  5.000000e-03
     vertex  2.481473e-02  9.899805e-04  5.000000e-03
     vertex  2.266608e-02  1.097070e-03  5.000000e-03
   endloop
 endfacet
 facet normal  0.000000e+00  0.000000e+00 -1.000000e+00
   outer loop
     vertex  2.895460e-02  6.802927e-04  5.000000e-03
     vertex  3.012625e-02  3.000000e-03  5.000000e-03
     vertex  3.082804e-02  1.147759e-03  5.000000e-03
   endloop
 endfacet
 facet normal  0.000000e+00 -0.000000e+00 -1.000000e+00
   outer loop
     vertex  2.236455e-02 -3.080143e-03  5.000000e-03
     vertex  2.399024e-02 -4.971736e-03  5.000000e-03
     vertex  2.182385e-02 -5.165650e-03  5.000000e-03
   endloop
 endfacet
 facet normal  0.000000e+00 -0.000000e+00 -1.000000e+00
   outer loop
     vertex  2.124963e-02 -7.144378e-03  5.000000e-03
     vertex  2.286386e-02 -8.803074e-03  5.000000e-03
     vertex  2.062649e-02 -9.027556e-03  5.000000e-03
   endloop
 endfacet
 facet normal  0.000000e+00 -0.000000e+00 -1.000000e+00
   outer loop
     vertex  2.020792e-02 -1.076031e-02  5.000000e-03
     vertex  2.113000e-02 -1.240053e-02  5.000000e-03
     vertex  1.901470e-02 -1.206954e-02  5.000000e-03
   endloop
 endfacet
 facet normal  0.000000e+00 -0.000000e+00 -1.000000e+00
   outer loop
     vertex  1.783666e-02 -1.362613e-02  5.000000e-03
     vertex  1.883475e-02 -1.566851e-02  5.000000e-03
     vertex  1.664521e-02 -1.517473e-02  5.000000e-03
   endloop
 endfacet
 facet normal  0.000000e+00 -0.000000e+00 -1.000000e+00
   outer loop
     vertex  1.569439e-02 -1.667318e-02  5.000000e-03
     vertex  1.603908e-02 -1.852020e-02  5.000000e-03
     vertex  1.414649e-02 -1.752685e-02  5.000000e-03
   endloop
 endfacet
 facet normal  0.000000e+00 -0.000000e+00 -1.000000e+00
   outer loop
     vertex  1.253244e-02 -1.862220e-02  5.000000e-03
     vertex  1.281727e-02 -2.087984e-02  5.000000e-03
     vertex  1.090733e-02 -1.970740e-02  5.000000e-03
   endloop
 endfacet
 facet normal  0.000000e+00  0.000000e+00 -1.000000e+00
   outer loop
     vertex  9.525373e-03 -2.082259e-02  5.000000e-03
     vertex  9.254926e-03 -2.268472e-02  5.000000e-03
     vertex  7.786712e-03 -2.113475e-02  5.000000e-03
   endloop
 endfacet
 facet normal  0.000000e+00  0.000000e+00 -1.000000e+00
   outer loop
     vertex  5.907329e-03 -2.165532e-02  5.000000e-03
     vertex  5.446688e-03 -2.388689e-02  5.000000e-03
     vertex  4.019722e-03 -2.216302e-02  5.000000e-03
   endloop
 endfacet
 facet normal -0.000000e+00  0.000000e+00 -1.000000e+00
   outer loop
     vertex  2.352068e-03 -2.277679e-02  5.000000e-03
     vertex  1.493737e-03 -2.445442e-02  5.000000e-03
     vertex  6.062580e-04 -2.251531e-02  5.000000e-03
   endloop
 endfacet
 facet normal -0.000000e+00  0.000000e+00 -1.000000e+00
   outer loop
     vertex -1.340323e-03 -2.240656e-02  5.000000e-03
     vertex -2.498900e-03 -2.437223e-02  5.000000e-03
     vertex -3.291640e-03 -2.228295e-02  5.000000e-03
   endloop
 endfacet
 facet normal -0.000000e+00  0.000000e+00 -1.000000e+00
   outer loop
     vertex -5.069234e-03 -2.232978e-02  5.000000e-03
     vertex -6.425145e-03 -2.364249e-02  5.000000e-03
     vertex -6.638045e-03 -2.152301e-02  5.000000e-03
   endloop
 endfacet
 facet normal -0.000000e+00  0.000000e+00 -1.000000e+00
   outer loop
     vertex -8.446760e-03 -2.079673e-02  5.000000e-03
     vertex -1.018068e-02 -2.228461e-02  5.000000e-03
     vertex -1.025620e-02 -2.005448e-02  5.000000e-03
   endloop
 endfacet
 facet normal -0.000000e+00  0.000000e+00 -1.000000e+00
   outer loop
     vertex -1.195615e-02 -1.952867e-02  5.000000e-03
     vertex -1.366573e-02 -2.033465e-02  5.000000e-03
     vertex -1.318273e-02 -1.826243e-02  5.000000e-03
   endloop
 endfacet
 facet normal -0.000000e+00  0.000000e+00 -1.000000e+00
   outer loop
     vertex -1.466315e-02 -1.699546e-02  5.000000e-03
     vertex -1.678770e-02 -1.784442e-02  5.000000e-03
     vertex -1.613997e-02 -1.571245e-02  5.000000e-03
   endloop
 endfacet
 facet normal -0.000000e+00  0.000000e+00 -1.000000e+00
   outer loop
     vertex -1.758263e-02 -1.466875e-02  5.000000e-03
     vertex -1.946363e-02 -1.488009e-02  5.000000e-03
     vertex -1.833807e-02 -1.307721e-02  5.000000e-03
   endloop
 endfacet
 facet normal -0.000000e+00  0.000000e+00 -1.000000e+00
   outer loop
     vertex -1.933445e-02 -1.140324e-02  5.000000e-03
     vertex -2.162245e-02 -1.152041e-02  5.000000e-03
     vertex -2.032286e-02 -9.714371e-03  5.000000e-03
   endloop
 endfacet
 facet normal  0.000000e+00  0.000000e+00 -1.000000e+00
   outer loop
     vertex -2.135552e-02 -8.262412e-03  5.000000e-03
     vertex -2.320678e-02 -7.854648e-03  5.000000e-03
     vertex -2.156075e-02 -6.514003e-03  5.000000e-03
   endloop
 endfacet
 facet normal  0.000000e+00  0.000000e+00 -1.000000e+00
   outer loop
     vertex -2.196837e-02 -4.610337e-03  5.000000e-03
     vertex -2.417453e-02 -3.980198e-03  5.000000e-03
     vertex -2.236398e-02 -2.694801e-03  5.000000e-03
   endloop
 endfacet
 facet normal  0.000000e+00  0.000000e+00 -1.000000e+00
   outer loop
     vertex -2.287605e-02 -9.883627e-04  5.000000e-03
     vertex -2.450000e-02 -9.237403e-17  5.000000e-03
     vertex -2.250544e-02  7.285490e-04  5.000000e-03
   endloop
 endfacet
 facet normal  0.000000e+00  0.000000e+00 -1.000000e+00
   outer loop
     vertex -2.226168e-02  2.657479e-03  5.000000e-03
     vertex -2.417453e-02  3.980198e-03  5.000000e-03
     vertex -2.194035e-02  4.611720e-03  5.000000e-03
   endloop
 endfacet
 facet normal  0.000000e+00  0.000000e+00 -1.000000e+00
   outer loop
     vertex -2.155348e-02  6.517992e-03  5.000000e-03
     vertex -2.320678e-02  7.854648e-03  5.000000e-03
     vertex -2.135394e-02  8.264536e-03  5.000000e-03
   endloop
 endfacet
 facet normal  0.000000e+00  0.000000e+00 -1.000000e+00
   outer loop
     vertex -2.032285e-02  9.715394e-03  5.000000e-03
     vertex -2.162245e-02  1.152041e-02  5.000000e-03
     vertex -1.933489e-02  1.140319e-02  5.000000e-03
   endloop
 endfacet
 facet normal  0.000000e+00  0.000000e+00 -1.000000e+00
   outer loop
     vertex -1.833880e-02  1.307671e-02  5.000000e-03
     vertex -1.946363e-02  1.488009e-02  5.000000e-03
     vertex -1.758333e-02  1.466822e-02  5.000000e-03
   endloop
 endfacet
 facet normal  0.000000e+00  0.000000e+00 -1.000000e+00
   outer loop
     vertex -1.614114e-02  1.571141e-02  5.000000e-03
     vertex -1.678770e-02  1.784442e-02  5.000000e-03
     vertex -1.466430e-02  1.699463e-02  5.000000e-03
   endloop
 endfacet
 facet normal  0.000000e+00  0.000000e+00 -1.000000e+00
   outer loop
     vertex -1.318388e-02  1.826182e-02  5.000000e-03
     vertex -1.366573e-02  2.033465e-02  5.000000e-03
     vertex -1.195708e-02  1.952822e-02  5.000000e-03
   endloop
 endfacet
 facet normal  0.000000e+00  0.000000e+00 -1.000000e+00
   outer loop
     vertex -1.025765e-02  2.005380e-02  5.000000e-03
     vertex -1.018068e-02  2.228461e-02  5.000000e-03
     vertex -8.448117e-03  2.079629e-02  5.000000e-03
   endloop
 endfacet
 facet normal  0.000000e+00  0.000000e+00 -1.000000e+00
   outer loop
     vertex -6.639337e-03  2.152277e-02  5.000000e-03
     vertex -6.425145e-03  2.364249e-02  5.000000e-03
     vertex -5.070251e-03  2.232964e-02  5.000000e-03
   endloop
 endfacet
 facet normal  0.000000e+00  0.000000e+00 -1.000000e+00
   outer loop
     vertex -3.293186e-03  2.228275e-02  5.000000e-03
     vertex -2.498900e-03  2.437223e-02  5.000000e-03
     vertex -1.341728e-03  2.240656e-02  5.000000e-03
   endloop
 endfacet
 facet normal  0.000000e+00  0.000000e+00 -1.000000e+00
   outer loop
     vertex  6.049571e-04  2.251548e-02  5.000000e-03
     vertex  1.493737e-03  2.445442e-02  5.000000e-03
     vertex  2.351073e-03  2.277696e-02  5.000000e-03
   endloop
 endfacet
 facet normal  0.000000e+00  0.000000e+00 -1.000000e+00
   outer loop
     vertex  4.018237e-03  2.216331e-02  5.000000e-03
     vertex  5.446688e-03  2.388689e-02  5.000000e-03
     vertex  5.906016e-03  2.165574e-02  5.000000e-03
   endloop
 endfacet
 facet normal  0.000000e+00  0.000000e+00 -1.000000e+00
   outer loop
     vertex  7.785533e-03  2.113531e-02  5.000000e-03
     vertex  9.254926e-03  2.268472e-02  5.000000e-03
     vertex  9.524502e-03  2.082304e-02  5.000000e-03
   endloop
 endfacet
 facet normal  0.000000e+00  0.000000e+00 -1.000000e+00
   outer loop
     vertex  1.090607e-02  1.970810e-02  5.000000e-03
     vertex  1.281727e-02  2.087984e-02  5.000000e-03
     vertex  1.253139e-02  1.862297e-02  5.000000e-03
   endloop
 endfacet
 facet normal  0.000000e+00  0.000000e+00 -1.000000e+00
   outer loop
     vertex  1.414564e-02  1.752769e-02  5.000000e-03
     vertex  1.603908e-02  1.852020e-02  5.000000e-03
     vertex  1.569379e-02  1.667389e-02  5.000000e-03
   endloop
 endfacet
 facet normal  0.000000e+00  0.000000e+00 -1.000000e+00
   outer loop
     vertex  1.664443e-02  1.517590e-02  5.000000e-03
     vertex  1.883475e-02  1.566851e-02  5.000000e-03
     vertex  1.783617e-02  1.362786e-02  5.000000e-03
   endloop
 endfacet
 facet normal  0.000000e+00  0.000000e+00 -1.000000e+00
   outer loop
     vertex  1.901445e-02  1.207281e-02  5.000000e-03
     vertex  2.113000e-02  1.240053e-02  5.000000e-03
     vertex  2.020684e-02  1.076557e-02  5.000000e-03
   endloop
 endfacet
 facet normal  0.000000e+00  0.000000e+00 -1.000000e+00
   outer loop
     vertex  2.062227e-02  9.038925e-03  5.000000e-03
     vertex  2.286386e-02  8.803074e-03  5.000000e-03
     vertex  2.123579e-02  7.170205e-03  5.000000e-03
   endloop
 endfacet
 facet normal  0.000000e+00  0.000000e+00 -1.000000e+00
   outer loop
     vertex  2.178063e-02  5.224296e-03  5.000000e-03
     vertex  2.399024e-02  4.971736e-03  5.000000e-03
     vertex  2.221555e-02  3.204845e-03  5.000000e-03
   endloop
 endfacet
 facet normal -0.000000e+00  0.000000e+00 -1.000000e+00
   outer loop
     vertex  2.431563e-02  3.000000e-03  5.000000e-03
     vertex  2.266608e-02  1.097070e-03  5.000000e-03
     vertex  2.221555e-02  3.204845e-03  5.000000e-03
   endloop
 endfacet
 facet normal  0.000000e+00 -0.000000e+00 -1.000000e+00
   outer loop
     vertex  1.664521e-02 -1.517473e-02  5.000000e-03
     vertex  1.749511e-02 -1.715141e-02  5.000000e-03
     vertex  1.569439e-02 -1.667318e-02  5.000000e-03
   endloop
 endfacet
 facet normal  0.000000e+00 -0.000000e+00 -1.000000e+00
   outer loop
     vertex  1.414649e-02 -1.752685e-02  5.000000e-03
     vertex  1.447633e-02 -1.976577e-02  5.000000e-03
     vertex  1.253244e-02 -1.862220e-02  5.000000e-03
   endloop
 endfacet
 facet normal  0.000000e+00 -0.000000e+00 -1.000000e+00
   outer loop
     vertex  1.090733e-02 -1.970740e-02  5.000000e-03
     vertex  1.107294e-02 -2.185498e-02  5.000000e-03
     vertex  9.525373e-03 -2.082259e-02  5.000000e-03
   endloop
 endfacet
 facet normal  0.000000e+00  0.000000e+00 -1.000000e+00
   outer loop
     vertex  7.786712e-03 -2.113475e-02  5.000000e-03
     vertex  7.375342e-03 -2.336353e-02  5.000000e-03
     vertex  5.907329e-03 -2.165532e-02  5.000000e-03
   endloop
 endfacet
 facet normal  0.000000e+00  0.000000e+00 -1.000000e+00
   outer loop
     vertex  4.019722e-03 -2.216302e-02  5.000000e-03
     vertex  3.481795e-03 -2.425133e-02  5.000000e-03
     vertex  2.352068e-03 -2.277679e-02  5.000000e-03
   endloop
 endfacet
 facet normal -0.000000e+00  0.000000e+00 -1.000000e+00
   outer loop
     vertex  6.062580e-04 -2.251531e-02  5.000000e-03
     vertex -5.042590e-04 -2.449481e-02  5.000000e-03
     vertex -1.340323e-03 -2.240656e-02  5.000000e-03
   endloop
 endfacet
 facet normal  0.000000e+00  0.000000e+00 -1.000000e+00
   outer loop
     vertex -3.291640e-03 -2.228295e-02  5.000000e-03
     vertex -4.476915e-03 -2.408749e-02  5.000000e-03
     vertex -5.069234e-03 -2.232978e-02  5.000000e-03
   endloop
 endfacet
 facet normal -0.000000e+00  0.000000e+00 -1.000000e+00
   outer loop
     vertex -6.638045e-03 -2.152301e-02  5.000000e-03
     vertex -8.330626e-03 -2.304020e-02  5.000000e-03
     vertex -8.446760e-03 -2.079673e-02  5.000000e-03
   endloop
 endfacet
 facet normal -0.000000e+00  0.000000e+00 -1.000000e+00
   outer loop
     vertex -1.025620e-02 -2.005448e-02  5.000000e-03
     vertex -1.196300e-02 -2.138075e-02  5.000000e-03
     vertex -1.195615e-02 -1.952867e-02  5.000000e-03
   endloop
 endfacet
 facet normal -0.000000e+00  0.000000e+00 -1.000000e+00
   outer loop
     vertex -1.318273e-02 -1.826243e-02  5.000000e-03
     vertex -1.527754e-02 -1.915325e-02  5.000000e-03
     vertex -1.466315e-02 -1.699546e-02  5.000000e-03
   endloop
 endfacet
 facet normal -0.000000e+00  0.000000e+00 -1.000000e+00
   outer loop
     vertex -1.613997e-02 -1.571245e-02  5.000000e-03
     vertex -1.818616e-02 -1.641687e-02  5.000000e-03
     vertex -1.758263e-02 -1.466875e-02  5.000000e-03
   endloop
 endfacet
 facet normal -0.000000e+00  0.000000e+00 -1.000000e+00
   outer loop
     vertex -1.833807e-02 -1.307721e-02  5.000000e-03
     vertex -2.061161e-02 -1.324431e-02  5.000000e-03
     vertex -1.933445e-02 -1.140324e-02  5.000000e-03
   endloop
 endfacet
 facet normal -0.000000e+00  0.000000e+00 -1.000000e+00
   outer loop
     vertex -2.032286e-02 -9.714371e-03  5.000000e-03
     vertex -2.248943e-02 -9.719863e-03  5.000000e-03
     vertex -2.135552e-02 -8.262412e-03  5.000000e-03
   endloop
 endfacet
 facet normal  0.000000e+00  0.000000e+00 -1.000000e+00
   outer loop
     vertex -2.156075e-02 -6.514003e-03  5.000000e-03
     vertex -2.376973e-02 -5.937174e-03  5.000000e-03
     vertex -2.196837e-02 -4.610337e-03  5.000000e-03
   endloop
 endfacet
 facet normal  0.000000e+00  0.000000e+00 -1.000000e+00
   outer loop
     vertex -2.236398e-02 -2.694801e-03  5.000000e-03
     vertex -2.441850e-02 -1.996742e-03  5.000000e-03
     vertex -2.287605e-02 -9.883627e-04  5.000000e-03
   endloop
 endfacet
 facet normal  0.000000e+00  0.000000e+00 -1.000000e+00
   outer loop
     vertex -2.250544e-02  7.285490e-04  5.000000e-03
     vertex -2.441850e-02  1.996742e-03  5.000000e-03
     vertex -2.226168e-02  2.657479e-03  5.000000e-03
   endloop
 endfacet
 facet normal  0.000000e+00  0.000000e+00 -1.000000e+00
   outer loop
     vertex -2.194035e-02  4.611720e-03  5.000000e-03
     vertex -2.376973e-02  5.937174e-03  5.000000e-03
     vertex -2.155348e-02  6.517992e-03  5.000000e-03
   endloop
 endfacet
 facet normal  0.000000e+00  0.000000e+00 -1.000000e+00
   outer loop
     vertex -2.135394e-02  8.264536e-03  5.000000e-03
     vertex -2.248943e-02  9.719863e-03  5.000000e-03
     vertex -2.032285e-02  9.715394e-03  5.000000e-03
   endloop
 endfacet
 facet normal  0.000000e+00  0.000000e+00 -1.000000e+00
   outer loop
     vertex -1.933489e-02  1.140319e-02  5.000000e-03
     vertex -2.061161e-02  1.324431e-02  5.000000e-03
     vertex -1.833880e-02  1.307671e-02  5.000000e-03
   endloop
 endfacet
 facet normal  0.000000e+00  0.000000e+00 -1.000000e+00
   outer loop
     vertex -1.758333e-02  1.466822e-02  5.000000e-03
     vertex -1.818616e-02  1.641687e-02  5.000000e-03
     vertex -1.614114e-02  1.571141e-02  5.000000e-03
   endloop
 endfacet
 facet normal  0.000000e+00  0.000000e+00 -1.000000e+00
   outer loop
     vertex -1.466430e-02  1.699463e-02  5.000000e-03
     vertex -1.527754e-02  1.915325e-02  5.000000e-03
     vertex -1.318388e-02  1.826182e-02  5.000000e-03
   endloop
 endfacet
 facet normal  0.000000e+00  0.000000e+00 -1.000000e+00
   outer loop
     vertex -1.195708e-02  1.952822e-02  5.000000e-03
     vertex -1.196300e-02  2.138075e-02  5.000000e-03
     vertex -1.025765e-02  2.005380e-02  5.000000e-03
   endloop
 endfacet
 facet normal  0.000000e+00  0.000000e+00 -1.000000e+00
   outer loop
     vertex -8.448117e-03  2.079629e-02  5.000000e-03
     vertex -8.330626e-03  2.304020e-02  5.000000e-03
     vertex -6.639337e-03  2.152277e-02  5.000000e-03
   endloop
 endfacet
 facet normal  0.000000e+00  0.000000e+00 -1.000000e+00
   outer loop
     vertex -5.070251e-03  2.232964e-02  5.000000e-03
     vertex -4.476915e-03  2.408749e-02  5.000000e-03
     vertex -3.293186e-03  2.228275e-02  5.000000e-03
   endloop
 endfacet
 facet normal  0.000000e+00  0.000000e+00 -1.000000e+00
   outer loop
     vertex -1.341728e-03  2.240656e-02  5.000000e-03
     vertex -5.042590e-04  2.449481e-02  5.000000e-03
     vertex  6.049571e-04  2.251548e-02  5.000000e-03
   endloop
 endfacet
 facet normal  0.000000e+00  0.000000e+00 -1.000000e+00
   outer loop
     vertex  2.351073e-03  2.277696e-02  5.000000e-03
     vertex  3.481795e-03  2.425133e-02  5.000000e-03
     vertex  4.018237e-03  2.216331e-02  5.000000e-03
   endloop
 endfacet
 facet normal  0.000000e+00  0.000000e+00 -1.000000e+00
   outer loop
     vertex  5.906016e-03  2.165574e-02  5.000000e-03
     vertex  7.375342e-03  2.336353e-02  5.000000e-03
     vertex  7.785533e-03  2.113531e-02  5.000000e-03
   endloop
 endfacet
 facet normal  0.000000e+00  0.000000e+00 -1.000000e+00
   outer loop
     vertex  9.524502e-03  2.082304e-02  5.000000e-03
     vertex  1.107294e-02  2.185498e-02  5.000000e-03
     vertex  1.090607e-02  1.970810e-02  5.000000e-03
   endloop
 endfacet
 facet normal  0.000000e+00  0.000000e+00 -1.000000e+00
   outer loop
     vertex  1.253139e-02  1.862297e-02  5.000000e-03
     vertex  1.447633e-02  1.976577e-02  5.000000e-03
     vertex  1.414564e-02  1.752769e-02  5.000000e-03
   endloop
 endfacet
 facet normal  0.000000e+00  0.000000e+00 -1.000000e+00
   outer loop
     vertex  1.569379e-02  1.667389e-02  5.000000e-03
     vertex  1.749511e-02  1.715141e-02  5.000000e-03
     vertex  1.664443e-02  1.517590e-02  5.000000e-03
   endloop
 endfacet
 facet normal  0.000000e+00  0.000000e+00 -1.000000e+00
   outer loop
     vertex  1.783617e-02  1.362786e-02  5.000000e-03
     vertex  2.004907e-02  1.408136e-02  5.000000e-03
     vertex  1.901445e-02  1.207281e-02  5.000000e-03
   endloop
 endfacet
 facet normal  0.000000e+00  0.000000e+00 -1.000000e+00
   outer loop
     vertex  2.020684e-02  1.076557e-02  5.000000e-03
     vertex  2.207035e-02  1.063719e-02  5.000000e-03
     vertex  2.062227e-02  9.038925e-03  5.000000e-03
   endloop
 endfacet
 facet normal  0.000000e+00  0.000000e+00 -1.000000e+00
   outer loop
     vertex  2.123579e-02  7.170205e-03  5.000000e-03
     vertex  2.350524e-02  6.910393e-03  5.000000e-03
     vertex  2.178063e-02  5.224296e-03  5.000000e-03
   endloop
 endfacet
 facet normal  0.000000e+00 -0.000000e+00 -1.000000e+00
   outer loop
     vertex  1.901470e-02 -1.206954e-02  5.000000e-03
     vertex  2.004907e-02 -1.408136e-02  5.000000e-03
     vertex  1.783666e-02 -1.362613e-02  5.000000e-03
   endloop
 endfacet
 facet normal  0.000000e+00  0.000000e+00 -1.000000e+00
   outer loop
     vertex  3.066760e-02 -9.041294e-04  5.000000e-03
     vertex  3.012625e-02 -3.000000e-03  5.000000e-03
     vertex  2.906750e-02 -1.445759e-03  5.000000e-03
   endloop
 endfacet
 facet normal  0.000000e+00 -0.000000e+00 -1.000000e+00
   outer loop
     vertex  2.062649e-02 -9.027556e-03  5.000000e-03
     vertex  2.207035e-02 -1.063719e-02  5.000000e-03
     vertex  2.020792e-02 -1.076031e-02  5.000000e-03
   endloop
 endfacet
 facet normal  0.000000e+00 -0.000000e+00 -1.000000e+00
   outer loop
     vertex  2.182385e-02 -5.165650e-03  5.000000e-03
     vertex  2.350524e-02 -6.910393e-03  5.000000e-03
     vertex  2.124963e-02 -7.144378e-03  5.000000e-03
   endloop
 endfacet
 facet normal  0.000000e+00  0.000000e+00 -1.000000e+00
   outer loop
     vertex  2.236455e-02 -3.080143e-03  5.000000e-03
     vertex  2.182385e-02 -5.165650e-03  5.000000e-03
     vertex  2.020410e-02 -3.422250e-03  5.000000e-03
   endloop
 endfacet
 facet normal  0.000000e+00  0.000000e+00 -1.000000e+00
   outer loop
     vertex  2.686425e-02  9.204261e-04  5.000000e-03
     vertex  2.895460e-02  6.802927e-04  5.000000e-03
     vertex  2.738712e-02 -1.124278e-03  5.000000e-03
   endloop
 endfacet
 facet normal  0.000000e+00  0.000000e+00 -1.000000e+00
   outer loop
     vertex  3.082804e-02  1.147759e-03  5.000000e-03
     vertex  3.206313e-02  3.000000e-03  5.000000e-03
     vertex  3.236770e-02  3.455665e-05  5.000000e-03
   endloop
 endfacet
 facet normal  0.000000e+00  0.000000e+00 -1.000000e+00
   outer loop
     vertex  2.266608e-02  1.097070e-03  5.000000e-03
     vertex  2.481473e-02  9.899805e-04  5.000000e-03
     vertex  2.336243e-02 -9.900772e-04  5.000000e-03
   endloop
 endfacet
 facet normal  0.000000e+00  0.000000e+00 -1.000000e+00
   outer loop
     vertex  2.906750e-02 -1.445759e-03  5.000000e-03
     vertex  2.738712e-02 -1.124278e-03  5.000000e-03
     vertex  2.895460e-02  6.802927e-04  5.000000e-03
   endloop
 endfacet
 facet normal  0.000000e+00  0.000000e+00 -1.000000e+00
   outer loop
     vertex  2.062649e-02 -9.027556e-03  5.000000e-03
     vertex  2.020792e-02 -1.076031e-02  5.000000e-03
     vertex  1.831299e-02 -9.734449e-03  5.000000e-03
   endloop
 endfacet
 facet normal  0.000000e+00  0.000000e+00 -1.000000e+00
   outer loop
     vertex  3.236770e-02  3.455665e-05  5.000000e-03
     vertex  3.206313e-02 -3.000000e-03  5.000000e-03
     vertex  3.066760e-02 -9.041294e-04  5.000000e-03
   endloop
 endfacet
 facet normal  0.000000e+00  0.000000e+00 -1.000000e+00
   outer loop
     vertex  2.738712e-02 -1.124278e-03  5.000000e-03
     vertex  2.546191e-02 -1.024163e-03  5.000000e-03
     vertex  2.686425e-02  9.204261e-04  5.000000e-03
   endloop
 endfacet
 facet normal -0.000000e+00  0.000000e+00 -1.000000e+00
   outer loop
     vertex  2.062649e-02 -9.027556e-03  5.000000e-03
     vertex  1.831299e-02 -9.734449e-03  5.000000e-03
     vertex  1.901846e-02 -7.540796e-03  5.000000e-03
   endloop
 endfacet
 facet normal  0.000000e+00 -0.000000e+00 -1.000000e+00
   outer loop
     vertex  2.020410e-02 -3.422250e-03  5.000000e-03
     vertex  2.182385e-02 -5.165650e-03  5.000000e-03
     vertex  1.965907e-02 -5.521663e-03  5.000000e-03
   endloop
 endfacet
 facet normal -0.000000e+00  0.000000e+00 -1.000000e+00
   outer loop
     vertex  2.236455e-02 -3.080143e-03  5.000000e-03
     vertex  2.020410e-02 -3.422250e-03  5.000000e-03
     vertex  2.085524e-02 -1.000691e-03  5.000000e-03
   endloop
 endfacet
 facet normal -0.000000e+00  0.000000e+00 -1.000000e+00
   outer loop
     vertex  2.020792e-02 -1.076031e-02  5.000000e-03
     vertex  1.901470e-02 -1.206954e-02  5.000000e-03
     vertex  1.831299e-02 -9.734449e-03  5.000000e-03
   endloop
 endfacet
 facet normal  0.000000e+00  0.000000e+00 -1.000000e+00
   outer loop
     vertex  2.182385e-02 -5.165650e-03  5.000000e-03
     vertex  2.124963e-02 -7.144378e-03  5.000000e-03
     vertex  1.965907e-02 -5.521663e-03  5.000000e-03
   endloop
 endfacet
 facet normal -0.000000e+00  0.000000e+00 -1.000000e+00
   outer loop
     vertex  1.783666e-02 -1.362613e-02  5.000000e-03
     vertex  1.664521e-02 -1.517473e-02  5.000000e-03
     vertex  1.561288e-02 -1.324070e-02  5.000000e-03
   endloop
 endfacet
 facet normal -0.000000e+00  0.000000e+00 -1.000000e+00
   outer loop
     vertex  3.066760e-02 -9.041294e-04  5.000000e-03
     vertex  2.906750e-02 -1.445759e-03  5.000000e-03
     vertex  2.895460e-02  6.802927e-04  5.000000e-03
   endloop
 endfacet
 facet normal -0.000000e+00  0.000000e+00 -1.000000e+00
   outer loop
     vertex  1.569439e-02 -1.667318e-02  5.000000e-03
     vertex  1.414649e-02 -1.752685e-02  5.000000e-03
     vertex  1.423647e-02 -1.508723e-02  5.000000e-03
   endloop
 endfacet
 facet normal -0.000000e+00  0.000000e+00 -1.000000e+00
   outer loop
     vertex  1.414649e-02 -1.752685e-02  5.000000e-03
     vertex  1.253244e-02 -1.862220e-02  5.000000e-03
     vertex  1.232178e-02 -1.634886e-02  5.000000e-03
   endloop
 endfacet
 facet normal -0.000000e+00  0.000000e+00 -1.000000e+00
   outer loop
     vertex  1.253244e-02 -1.862220e-02  5.000000e-03
     vertex  1.090733e-02 -1.970740e-02  5.000000e-03
     vertex  1.055731e-02 -1.753953e-02  5.000000e-03
   endloop
 endfacet
 facet normal -0.000000e+00  0.000000e+00 -1.000000e+00
   outer loop
     vertex  1.090733e-02 -1.970740e-02  5.000000e-03
     vertex  9.525373e-03 -2.082259e-02  5.000000e-03
     vertex  8.660790e-03 -1.884936e-02  5.000000e-03
   endloop
 endfacet
 facet normal -0.000000e+00  0.000000e+00 -1.000000e+00
   outer loop
     vertex  9.525373e-03 -2.082259e-02  5.000000e-03
     vertex  7.786712e-03 -2.113475e-02  5.000000e-03
     vertex  8.660790e-03 -1.884936e-02  5.000000e-03
   endloop
 endfacet
 facet normal -0.000000e+00  0.000000e+00 -1.000000e+00
   outer loop
     vertex  7.786712e-03 -2.113475e-02  5.000000e-03
     vertex  5.907329e-03 -2.165532e-02  5.000000e-03
     vertex  6.444727e-03 -1.943148e-02  5.000000e-03
   endloop
 endfacet
 facet normal -0.000000e+00  0.000000e+00 -1.000000e+00
   outer loop
     vertex  5.907329e-03 -2.165532e-02  5.000000e-03
     vertex  4.019722e-03 -2.216302e-02  5.000000e-03
     vertex  4.391992e-03 -1.999500e-02  5.000000e-03
   endloop
 endfacet
 facet normal -0.000000e+00  0.000000e+00 -1.000000e+00
   outer loop
     vertex  4.019722e-03 -2.216302e-02  5.000000e-03
     vertex  2.352068e-03 -2.277679e-02  5.000000e-03
     vertex  2.174290e-03 -2.062964e-02  5.000000e-03
   endloop
 endfacet
 facet normal  0.000000e+00  0.000000e+00 -1.000000e+00
   outer loop
     vertex  2.352068e-03 -2.277679e-02  5.000000e-03
     vertex  6.062580e-04 -2.251531e-02  5.000000e-03
     vertex  2.174290e-03 -2.062964e-02  5.000000e-03
   endloop
 endfacet
 facet normal  0.000000e+00  0.000000e+00 -1.000000e+00
   outer loop
     vertex  6.062580e-04 -2.251531e-02  5.000000e-03
     vertex -1.340323e-03 -2.240656e-02  5.000000e-03
     vertex -1.097343e-04 -2.047216e-02  5.000000e-03
   endloop
 endfacet
 facet normal  0.000000e+00  0.000000e+00 -1.000000e+00
   outer loop
     vertex -1.340323e-03 -2.240656e-02  5.000000e-03
     vertex -3.291640e-03 -2.228295e-02  5.000000e-03
     vertex -2.234873e-03 -2.034927e-02  5.000000e-03
   endloop
 endfacet
 facet normal -0.000000e+00  0.000000e+00 -1.000000e+00
   outer loop
     vertex -3.291640e-03 -2.228295e-02  5.000000e-03
     vertex -5.069234e-03 -2.232978e-02  5.000000e-03
     vertex -4.540876e-03 -2.024088e-02  5.000000e-03
   endloop
 endfacet
 facet normal  0.000000e+00  0.000000e+00 -1.000000e+00
   outer loop
     vertex -5.069234e-03 -2.232978e-02  5.000000e-03
     vertex -6.638045e-03 -2.152301e-02  5.000000e-03
     vertex -4.540876e-03 -2.024088e-02  5.000000e-03
   endloop
 endfacet
 facet normal  0.000000e+00  0.000000e+00 -1.000000e+00
   outer loop
     vertex -6.638045e-03 -2.152301e-02  5.000000e-03
     vertex -8.446760e-03 -2.079673e-02  5.000000e-03
     vertex -6.652742e-03 -1.936149e-02  5.000000e-03
   endloop
 endfacet
 facet normal  0.000000e+00  0.000000e+00 -1.000000e+00
   outer loop
     vertex -8.446760e-03 -2.079673e-02  5.000000e-03
     vertex -1.025620e-02 -2.005448e-02  5.000000e-03
     vertex -8.626855e-03 -1.856511e-02  5.000000e-03
   endloop
 endfacet
 facet normal  0.000000e+00  0.000000e+00 -1.000000e+00
   outer loop
     vertex -1.025620e-02 -2.005448e-02  5.000000e-03
     vertex -1.195615e-02 -1.952867e-02  5.000000e-03
     vertex -1.077865e-02 -1.772391e-02  5.000000e-03
   endloop
 endfacet
 facet normal  0.000000e+00  0.000000e+00 -1.000000e+00
   outer loop
     vertex -1.195615e-02 -1.952867e-02  5.000000e-03
     vertex -1.318273e-02 -1.826243e-02  5.000000e-03
     vertex -1.077865e-02 -1.772391e-02  5.000000e-03
   endloop
 endfacet
 facet normal  0.000000e+00  0.000000e+00 -1.000000e+00
   outer loop
     vertex -1.318273e-02 -1.826243e-02  5.000000e-03
     vertex -1.466315e-02 -1.699546e-02  5.000000e-03
     vertex -1.249671e-02 -1.621616e-02  5.000000e-03
   endloop
 endfacet
 facet normal  0.000000e+00  0.000000e+00 -1.000000e+00
   outer loop
     vertex -1.466315e-02 -1.699546e-02  5.000000e-03
     vertex -1.613997e-02 -1.571245e-02  5.000000e-03
     vertex -1.411225e-02 -1.483001e-02  5.000000e-03
   endloop
 endfacet
 facet normal  0.000000e+00  0.000000e+00 -1.000000e+00
   outer loop
     vertex -1.613997e-02 -1.571245e-02  5.000000e-03
     vertex -1.758263e-02 -1.466875e-02  5.000000e-03
     vertex -1.588316e-02 -1.334336e-02  5.000000e-03
   endloop
 endfacet
 facet normal  0.000000e+00  0.000000e+00 -1.000000e+00
   outer loop
     vertex -1.758263e-02 -1.466875e-02  5.000000e-03
     vertex -1.833807e-02 -1.307721e-02  5.000000e-03
     vertex -1.588316e-02 -1.334336e-02  5.000000e-03
   endloop
 endfacet
 facet normal  0.000000e+00  0.000000e+00 -1.000000e+00
   outer loop
     vertex -1.833807e-02 -1.307721e-02  5.000000e-03
     vertex -1.933445e-02 -1.140324e-02  5.000000e-03
     vertex -1.702752e-02 -1.136665e-02  5.000000e-03
   endloop
 endfacet
 facet normal  0.000000e+00  0.000000e+00 -1.000000e+00
   outer loop
     vertex -1.933445e-02 -1.140324e-02  5.000000e-03
     vertex -2.032286e-02 -9.714371e-03  5.000000e-03
     vertex -1.811463e-02 -9.536413e-03  5.000000e-03
   endloop
 endfacet
 facet normal  0.000000e+00  0.000000e+00 -1.000000e+00
   outer loop
     vertex -2.032286e-02 -9.714371e-03  5.000000e-03
     vertex -2.135552e-02 -8.262412e-03  5.000000e-03
     vertex -1.931773e-02 -7.559772e-03  5.000000e-03
   endloop
 endfacet
 facet normal  0.000000e+00  0.000000e+00 -1.000000e+00
   outer loop
     vertex -2.135552e-02 -8.262412e-03  5.000000e-03
     vertex -2.156075e-02 -6.514003e-03  5.000000e-03
     vertex -1.931773e-02 -7.559772e-03  5.000000e-03
   endloop
 endfacet
 facet normal  0.000000e+00  0.000000e+00 -1.000000e+00
   outer loop
     vertex -2.156075e-02 -6.514003e-03  5.000000e-03
     vertex -2.196837e-02 -4.610337e-03  5.000000e-03
     vertex -1.976888e-02 -5.323005e-03  5.000000e-03
   endloop
 endfacet
 facet normal  0.000000e+00  0.000000e+00 -1.000000e+00
   outer loop
     vertex -2.196837e-02 -4.610337e-03  5.000000e-03
     vertex -2.236398e-02 -2.694801e-03  5.000000e-03
     vertex -2.021303e-02 -3.242583e-03  5.000000e-03
   endloop
 endfacet
 facet normal  0.000000e+00  0.000000e+00 -1.000000e+00
   outer loop
     vertex -2.236398e-02 -2.694801e-03  5.000000e-03
     vertex -2.287605e-02 -9.883627e-04  5.000000e-03
     vertex -2.071942e-02 -9.887754e-04  5.000000e-03
   endloop
 endfacet
 facet normal  0.000000e+00  0.000000e+00 -1.000000e+00
   outer loop
     vertex -2.287605e-02 -9.883627e-04  5.000000e-03
     vertex -2.250544e-02  7.285490e-04  5.000000e-03
     vertex -2.071942e-02 -9.887754e-04  5.000000e-03
   endloop
 endfacet
 facet normal  0.000000e+00  0.000000e+00 -1.000000e+00
   outer loop
     vertex -2.250544e-02  7.285490e-04  5.000000e-03
     vertex -2.226168e-02  2.657479e-03  5.000000e-03
     vertex -2.042181e-02  1.254503e-03  5.000000e-03
   endloop
 endfacet
 facet normal  0.000000e+00  0.000000e+00 -1.000000e+00
   outer loop
     vertex -2.226168e-02  2.657479e-03  5.000000e-03
     vertex -2.194035e-02  4.611720e-03  5.000000e-03
     vertex -2.014287e-02  3.307772e-03  5.000000e-03
   endloop
 endfacet
 facet normal  0.000000e+00  0.000000e+00 -1.000000e+00
   outer loop
     vertex -2.194035e-02  4.611720e-03  5.000000e-03
     vertex -2.155348e-02  6.517992e-03  5.000000e-03
     vertex -1.975050e-02  5.342724e-03  5.000000e-03
   endloop
 endfacet
 facet normal  0.000000e+00  0.000000e+00 -1.000000e+00
   outer loop
     vertex -2.155348e-02  6.517992e-03  5.000000e-03
     vertex -2.135394e-02  8.264536e-03  5.000000e-03
     vertex -1.931449e-02  7.564952e-03  5.000000e-03
   endloop
 endfacet
 facet normal  0.000000e+00  0.000000e+00 -1.000000e+00
   outer loop
     vertex -2.135394e-02  8.264536e-03  5.000000e-03
     vertex -2.032285e-02  9.715394e-03  5.000000e-03
     vertex -1.931449e-02  7.564952e-03  5.000000e-03
   endloop
 endfacet
 facet normal  0.000000e+00  0.000000e+00 -1.000000e+00
   outer loop
     vertex -2.032285e-02  9.715394e-03  5.000000e-03
     vertex -1.933489e-02  1.140319e-02  5.000000e-03
     vertex -1.811462e-02  9.536895e-03  5.000000e-03
   endloop
 endfacet
 facet normal  0.000000e+00  0.000000e+00 -1.000000e+00
   outer loop
     vertex -1.933489e-02  1.140319e-02  5.000000e-03
     vertex -1.833880e-02  1.307671e-02  5.000000e-03
     vertex -1.702828e-02  1.136610e-02  5.000000e-03
   endloop
 endfacet
 facet normal  0.000000e+00  0.000000e+00 -1.000000e+00
   outer loop
     vertex -1.833880e-02  1.307671e-02  5.000000e-03
     vertex -1.758333e-02  1.466822e-02  5.000000e-03
     vertex -1.588441e-02  1.334234e-02  5.000000e-03
   endloop
 endfacet
 facet normal  0.000000e+00  0.000000e+00 -1.000000e+00
   outer loop
     vertex -1.758333e-02  1.466822e-02  5.000000e-03
     vertex -1.614114e-02  1.571141e-02  5.000000e-03
     vertex -1.588441e-02  1.334234e-02  5.000000e-03
   endloop
 endfacet
 facet normal  0.000000e+00  0.000000e+00 -1.000000e+00
   outer loop
     vertex -1.614114e-02  1.571141e-02  5.000000e-03
     vertex -1.466430e-02  1.699463e-02  5.000000e-03
     vertex -1.411361e-02  1.482893e-02  5.000000e-03
   endloop
 endfacet
 facet normal  0.000000e+00  0.000000e+00 -1.000000e+00
   outer loop
     vertex -1.466430e-02  1.699463e-02  5.000000e-03
     vertex -1.318388e-02  1.826182e-02  5.000000e-03
     vertex -1.249815e-02  1.621533e-02  5.000000e-03
   endloop
 endfacet
 facet normal  0.000000e+00  0.000000e+00 -1.000000e+00
   outer loop
     vertex -1.318388e-02  1.826182e-02  5.000000e-03
     vertex -1.195708e-02  1.952822e-02  5.000000e-03
     vertex -1.078027e-02  1.772315e-02  5.000000e-03
   endloop
 endfacet
 facet normal  0.000000e+00  0.000000e+00 -1.000000e+00
   outer loop
     vertex -1.195708e-02  1.952822e-02  5.000000e-03
     vertex -1.025765e-02  2.005380e-02  5.000000e-03
     vertex -1.078027e-02  1.772315e-02  5.000000e-03
   endloop
 endfacet
 facet normal  0.000000e+00  0.000000e+00 -1.000000e+00
   outer loop
     vertex -1.025765e-02  2.005380e-02  5.000000e-03
     vertex -8.448117e-03  2.079629e-02  5.000000e-03
     vertex -8.628486e-03  1.856448e-02  5.000000e-03
   endloop
 endfacet
 facet normal  0.000000e+00  0.000000e+00 -1.000000e+00
   outer loop
     vertex -8.448117e-03  2.079629e-02  5.000000e-03
     vertex -6.639337e-03  2.152277e-02  5.000000e-03
     vertex -6.654361e-03  1.936114e-02  5.000000e-03
   endloop
 endfacet
 facet normal  0.000000e+00  0.000000e+00 -1.000000e+00
   outer loop
     vertex -6.639337e-03  2.152277e-02  5.000000e-03
     vertex -5.070251e-03  2.232964e-02  5.000000e-03
     vertex -4.542623e-03  2.024065e-02  5.000000e-03
   endloop
 endfacet
 facet normal  0.000000e+00  0.000000e+00 -1.000000e+00
   outer loop
     vertex -5.070251e-03  2.232964e-02  5.000000e-03
     vertex -3.293186e-03  2.228275e-02  5.000000e-03
     vertex -4.542623e-03  2.024065e-02  5.000000e-03
   endloop
 endfacet
 facet normal  0.000000e+00  0.000000e+00 -1.000000e+00
   outer loop
     vertex -3.293186e-03  2.228275e-02  5.000000e-03
     vertex -1.341728e-03  2.240656e-02  5.000000e-03
     vertex -2.236585e-03  2.034918e-02  5.000000e-03
   endloop
 endfacet
 facet normal  0.000000e+00  0.000000e+00 -1.000000e+00
   outer loop
     vertex -1.341728e-03  2.240656e-02  5.000000e-03
     vertex  6.049571e-04  2.251548e-02  5.000000e-03
     vertex -1.113609e-04  2.047232e-02  5.000000e-03
   endloop
 endfacet
 facet normal  0.000000e+00  0.000000e+00 -1.000000e+00
   outer loop
     vertex  6.049571e-04  2.251548e-02  5.000000e-03
     vertex  2.351073e-03  2.277696e-02  5.000000e-03
     vertex  2.172587e-03  2.062996e-02  5.000000e-03
   endloop
 endfacet
 facet normal  0.000000e+00 -0.000000e+00 -1.000000e+00
   outer loop
     vertex  2.351073e-03  2.277696e-02  5.000000e-03
     vertex  4.018237e-03  2.216331e-02  5.000000e-03
     vertex  2.172587e-03  2.062996e-02  5.000000e-03
   endloop
 endfacet
 facet normal  0.000000e+00  0.000000e+00 -1.000000e+00
   outer loop
     vertex  4.018237e-03  2.216331e-02  5.000000e-03
     vertex  5.906016e-03  2.165574e-02  5.000000e-03
     vertex  4.390365e-03  1.999542e-02  5.000000e-03
   endloop
 endfacet
 facet normal  0.000000e+00  0.000000e+00 -1.000000e+00
   outer loop
     vertex  5.906016e-03  2.165574e-02  5.000000e-03
     vertex  7.785533e-03  2.113531e-02  5.000000e-03
     vertex  6.443249e-03  1.943211e-02  5.000000e-03
   endloop
 endfacet
 facet normal  0.000000e+00  0.000000e+00 -1.000000e+00
   outer loop
     vertex  7.785533e-03  2.113531e-02  5.000000e-03
     vertex  9.524502e-03  2.082304e-02  5.000000e-03
     vertex  8.659303e-03  1.885016e-02  5.000000e-03
   endloop
 endfacet
 facet normal  0.000000e+00 -0.000000e+00 -1.000000e+00
   outer loop
     vertex  9.524502e-03  2.082304e-02  5.000000e-03
     vertex  1.090607e-02  1.970810e-02  5.000000e-03
     vertex  8.659303e-03  1.885016e-02  5.000000e-03
   endloop
 endfacet
 facet normal  0.000000e+00 -0.000000e+00 -1.000000e+00
   outer loop
     vertex  1.090607e-02  1.970810e-02  5.000000e-03
     vertex  1.253139e-02  1.862297e-02  5.000000e-03
     vertex  1.055596e-02  1.754040e-02  5.000000e-03
   endloop
 endfacet
 facet normal  0.000000e+00 -0.000000e+00 -1.000000e+00
   outer loop
     vertex  1.253139e-02  1.862297e-02  5.000000e-03
     vertex  1.414564e-02  1.752769e-02  5.000000e-03
     vertex  1.232067e-02  1.634987e-02  5.000000e-03
   endloop
 endfacet
 facet normal  0.000000e+00  0.000000e+00 -1.000000e+00
   outer loop
     vertex  1.414564e-02  1.752769e-02  5.000000e-03
     vertex  1.569379e-02  1.667389e-02  5.000000e-03
     vertex  1.423550e-02  1.508840e-02  5.000000e-03
   endloop
 endfacet
 facet normal  0.000000e+00 -0.000000e+00 -1.000000e+00
   outer loop
     vertex  1.569379e-02  1.667389e-02  5.000000e-03
     vertex  1.664443e-02  1.517590e-02  5.000000e-03
     vertex  1.423550e-02  1.508840e-02  5.000000e-03
   endloop
 endfacet
 facet normal  0.000000e+00 -0.000000e+00 -1.000000e+00
   outer loop
     vertex  1.664443e-02  1.517590e-02  5.000000e-03
     vertex  1.783617e-02  1.362786e-02  5.000000e-03
     vertex  1.561222e-02  1.324213e-02  5.000000e-03
   endloop
 endfacet
 facet normal  0.000000e+00 -0.000000e+00 -1.000000e+00
   outer loop
     vertex  1.783617e-02  1.362786e-02  5.000000e-03
     vertex  1.901445e-02  1.207281e-02  5.000000e-03
     vertex  1.690273e-02  1.154989e-02  5.000000e-03
   endloop
 endfacet
 facet normal  0.000000e+00 -0.000000e+00 -1.000000e+00
   outer loop
     vertex  1.901445e-02  1.207281e-02  5.000000e-03
     vertex  2.020684e-02  1.076557e-02  5.000000e-03
     vertex  1.831108e-02  9.741789e-03  5.000000e-03
   endloop
 endfacet
 facet normal  0.000000e+00 -0.000000e+00 -1.000000e+00
   outer loop
     vertex  2.020684e-02  1.076557e-02  5.000000e-03
     vertex  2.062227e-02  9.038925e-03  5.000000e-03
     vertex  1.831108e-02  9.741789e-03  5.000000e-03
   endloop
 endfacet
 facet normal  0.000000e+00 -0.000000e+00 -1.000000e+00
   outer loop
     vertex  2.062227e-02  9.038925e-03  5.000000e-03
     vertex  2.123579e-02  7.170205e-03  5.000000e-03
     vertex  1.900844e-02  7.559854e-03  5.000000e-03
   endloop
 endfacet
 facet normal  0.000000e+00 -0.000000e+00 -1.000000e+00
   outer loop
     vertex  2.123579e-02  7.170205e-03  5.000000e-03
     vertex  2.178063e-02  5.224296e-03  5.000000e-03
     vertex  1.962838e-02  5.569681e-03  5.000000e-03
   endloop
 endfacet
 facet normal  0.000000e+00 -0.000000e+00 -1.000000e+00
   outer loop
     vertex  2.178063e-02  5.224296e-03  5.000000e-03
     vertex  2.221555e-02  3.204845e-03  5.000000e-03
     vertex  2.010810e-02  3.552267e-03  5.000000e-03
   endloop
 endfacet
 facet normal -0.000000e+00  0.000000e+00 -1.000000e+00
   outer loop
     vertex  1.901470e-02 -1.206954e-02  5.000000e-03
     vertex  1.783666e-02 -1.362613e-02  5.000000e-03
     vertex  1.690302e-02 -1.154734e-02  5.000000e-03
   endloop
 endfacet
 facet normal  0.000000e+00  0.000000e+00 -1.000000e+00
   outer loop
     vertex -2.042181e-02  1.254503e-03  5.000000e-03
     vertex -2.071942e-02 -9.887754e-04  5.000000e-03
     vertex -2.250544e-02  7.285490e-04  5.000000e-03
   endloop
 endfacet
 facet normal -0.000000e+00  0.000000e+00 -1.000000e+00
   outer loop
     vertex  1.664521e-02 -1.517473e-02  5.000000e-03
     vertex  1.569439e-02 -1.667318e-02  5.000000e-03
     vertex  1.423647e-02 -1.508723e-02  5.000000e-03
   endloop
 endfacet
 facet normal  0.000000e+00 -0.000000e+00 -1.000000e+00
   outer loop
     vertex -2.071942e-02 -9.887754e-04  5.000000e-03
     vertex -2.021303e-02 -3.242583e-03  5.000000e-03
     vertex -2.236398e-02 -2.694801e-03  5.000000e-03
   endloop
 endfacet
 facet normal  0.000000e+00 -0.000000e+00 -1.000000e+00
   outer loop
     vertex -2.021303e-02 -3.242583e-03  5.000000e-03
     vertex -1.976888e-02 -5.323005e-03  5.000000e-03
     vertex -2.196837e-02 -4.610337e-03  5.000000e-03
   endloop
 endfacet
 facet normal  0.000000e+00 -0.000000e+00 -1.000000e+00
   outer loop
     vertex -1.976888e-02 -5.323005e-03  5.000000e-03
     vertex -1.931773e-02 -7.559772e-03  5.000000e-03
     vertex -2.156075e-02 -6.514003e-03  5.000000e-03
   endloop
 endfacet
 facet normal  0.000000e+00 -0.000000e+00 -1.000000e+00
   outer loop
     vertex -1.931773e-02 -7.559772e-03  5.000000e-03
     vertex -1.811463e-02 -9.536413e-03  5.000000e-03
     vertex -2.032286e-02 -9.714371e-03  5.000000e-03
   endloop
 endfacet
 facet normal  0.000000e+00 -0.000000e+00 -1.000000e+00
   outer loop
     vertex -1.811463e-02 -9.536413e-03  5.000000e-03
     vertex -1.702752e-02 -1.136665e-02  5.000000e-03
     vertex -1.933445e-02 -1.140324e-02  5.000000e-03
   endloop
 endfacet
 facet normal  0.000000e+00 -0.000000e+00 -1.000000e+00
   outer loop
     vertex -1.702752e-02 -1.136665e-02  5.000000e-03
     vertex -1.588316e-02 -1.334336e-02  5.000000e-03
     vertex -1.833807e-02 -1.307721e-02  5.000000e-03
   endloop
 endfacet
 facet normal  0.000000e+00 -0.000000e+00 -1.000000e+00
   outer loop
     vertex -1.588316e-02 -1.334336e-02  5.000000e-03
     vertex -1.411225e-02 -1.483001e-02  5.000000e-03
     vertex -1.613997e-02 -1.571245e-02  5.000000e-03
   endloop
 endfacet
 facet normal  0.000000e+00 -0.000000e+00 -1.000000e+00
   outer loop
     vertex -1.411225e-02 -1.483001e-02  5.000000e-03
     vertex -1.249671e-02 -1.621616e-02  5.000000e-03
     vertex -1.466315e-02 -1.699546e-02  5.000000e-03
   endloop
 endfacet
 facet normal  0.000000e+00 -0.000000e+00 -1.000000e+00
   outer loop
     vertex -1.249671e-02 -1.621616e-02  5.000000e-03
     vertex -1.077865e-02 -1.772391e-02  5.000000e-03
     vertex -1.318273e-02 -1.826243e-02  5.000000e-03
   endloop
 endfacet
 facet normal  0.000000e+00  0.000000e+00 -1.000000e+00
   outer loop
     vertex -1.077865e-02 -1.772391e-02  5.000000e-03
     vertex -8.626855e-03 -1.856511e-02  5.000000e-03
     vertex -1.025620e-02 -2.005448e-02  5.000000e-03
   endloop
 endfacet
 facet normal  0.000000e+00  0.000000e+00 -1.000000e+00
   outer loop
     vertex -8.626855e-03 -1.856511e-02  5.000000e-03
     vertex -6.652742e-03 -1.936149e-02  5.000000e-03
     vertex -8.446760e-03 -2.079673e-02  5.000000e-03
   endloop
 endfacet
 facet normal  0.000000e+00  0.000000e+00 -1.000000e+00
   outer loop
     vertex -6.652742e-03 -1.936149e-02  5.000000e-03
     vertex -4.540876e-03 -2.024088e-02  5.000000e-03
     vertex -6.638045e-03 -2.152301e-02  5.000000e-03
   endloop
 endfacet
 facet normal  0.000000e+00  0.000000e+00 -1.000000e+00
   outer loop
     vertex -4.540876e-03 -2.024088e-02  5.000000e-03
     vertex -2.234873e-03 -2.034927e-02  5.000000e-03
     vertex -3.291640e-03 -2.228295e-02  5.000000e-03
   endloop
 endfacet
 facet normal  0.000000e+00  0.000000e+00 -1.000000e+00
   outer loop
     vertex -2.234873e-03 -2.034927e-02  5.000000e-03
     vertex -1.097343e-04 -2.047216e-02  5.000000e-03
     vertex -1.340323e-03 -2.240656e-02  5.000000e-03
   endloop
 endfacet
 facet normal  0.000000e+00  0.000000e+00 -1.000000e+00
   outer loop
     vertex -1.097343e-04 -2.047216e-02  5.000000e-03
     vertex  2.174290e-03 -2.062964e-02  5.000000e-03
     vertex  6.062580e-04 -2.251531e-02  5.000000e-03
   endloop
 endfacet
 facet normal  0.000000e+00  0.000000e+00 -1.000000e+00
   outer loop
     vertex  2.174290e-03 -2.062964e-02  5.000000e-03
     vertex  4.391992e-03 -1.999500e-02  5.000000e-03
     vertex  4.019722e-03 -2.216302e-02  5.000000e-03
   endloop
 endfacet
 facet normal  0.000000e+00  0.000000e+00 -1.000000e+00
   outer loop
     vertex  4.391992e-03 -1.999500e-02  5.000000e-03
     vertex  6.444727e-03 -1.943148e-02  5.000000e-03
     vertex  5.907329e-03 -2.165532e-02  5.000000e-03
   endloop
 endfacet
 facet normal  0.000000e+00  0.000000e+00 -1.000000e+00
   outer loop
     vertex  6.444727e-03 -1.943148e-02  5.000000e-03
     vertex  8.660790e-03 -1.884936e-02  5.000000e-03
     vertex  7.786712e-03 -2.113475e-02  5.000000e-03
   endloop
 endfacet
 facet normal  0.000000e+00  0.000000e+00 -1.000000e+00
   outer loop
     vertex  8.660790e-03 -1.884936e-02  5.000000e-03
     vertex  1.055731e-02 -1.753953e-02  5.000000e-03
     vertex  1.090733e-02 -1.970740e-02  5.000000e-03
   endloop
 endfacet
 facet normal  0.000000e+00  0.000000e+00 -1.000000e+00
   outer loop
     vertex  1.055731e-02 -1.753953e-02  5.000000e-03
     vertex  1.232178e-02 -1.634886e-02  5.000000e-03
     vertex  1.253244e-02 -1.862220e-02  5.000000e-03
   endloop
 endfacet
 facet normal  0.000000e+00  0.000000e+00 -1.000000e+00
   outer loop
     vertex  1.232178e-02 -1.634886e-02  5.000000e-03
     vertex  1.423647e-02 -1.508723e-02  5.000000e-03
     vertex  1.414649e-02 -1.752685e-02  5.000000e-03
   endloop
 endfacet
 facet normal  0.000000e+00  0.000000e+00 -1.000000e+00
   outer loop
     vertex  1.423647e-02 -1.508723e-02  5.000000e-03
     vertex  1.561288e-02 -1.324070e-02  5.000000e-03
     vertex  1.664521e-02 -1.517473e-02  5.000000e-03
   endloop
 endfacet
 facet normal  0.000000e+00  0.000000e+00 -1.000000e+00
   outer loop
     vertex  1.561288e-02 -1.324070e-02  5.000000e-03
     vertex  1.690302e-02 -1.154734e-02  5.000000e-03
     vertex  1.783666e-02 -1.362613e-02  5.000000e-03
   endloop
 endfacet
 facet normal  0.000000e+00  0.000000e+00 -1.000000e+00
   outer loop
     vertex  1.690302e-02 -1.154734e-02  5.000000e-03
     vertex  1.831299e-02 -9.734449e-03  5.000000e-03
     vertex  1.901470e-02 -1.206954e-02  5.000000e-03
   endloop
 endfacet
 facet normal  0.000000e+00  0.000000e+00 -1.000000e+00
   outer loop
     vertex  1.901846e-02 -7.540796e-03  5.000000e-03
     vertex  1.965907e-02 -5.521663e-03  5.000000e-03
     vertex  2.124963e-02 -7.144378e-03  5.000000e-03
   endloop
 endfacet
 facet normal  0.000000e+00  0.000000e+00 -1.000000e+00
   outer loop
     vertex  2.236455e-02 -3.080143e-03  5.000000e-03
     vertex  2.085524e-02 -1.000691e-03  5.000000e-03
     vertex  2.336243e-02 -9.900772e-04  5.000000e-03
   endloop
 endfacet
 facet normal  0.000000e+00  0.000000e+00 -1.000000e+00
   outer loop
     vertex  2.047918e-02  1.425186e-03  5.000000e-03
     vertex  2.010810e-02  3.552267e-03  5.000000e-03
     vertex  2.221555e-02  3.204845e-03  5.000000e-03
   endloop
 endfacet
 facet normal  0.000000e+00  0.000000e+00 -1.000000e+00
   outer loop
     vertex  2.010810e-02  3.552267e-03  5.000000e-03
     vertex  1.962838e-02  5.569681e-03  5.000000e-03
     vertex  2.178063e-02  5.224296e-03  5.000000e-03
   endloop
 endfacet
 facet normal  0.000000e+00  0.000000e+00 -1.000000e+00
   outer loop
     vertex  1.962838e-02  5.569681e-03  5.000000e-03
     vertex  1.900844e-02  7.559854e-03  5.000000e-03
     vertex  2.123579e-02  7.170205e-03  5.000000e-03
   endloop
 endfacet
 facet normal  0.000000e+00  0.000000e+00 -1.000000e+00
   outer loop
     vertex  1.900844e-02  7.559854e-03  5.000000e-03
     vertex  1.831108e-02  9.741789e-03  5.000000e-03
     vertex  2.062227e-02  9.038925e-03  5.000000e-03
   endloop
 endfacet
 facet normal  0.000000e+00  0.000000e+00 -1.000000e+00
   outer loop
     vertex  1.831108e-02  9.741789e-03  5.000000e-03
     vertex  1.690273e-02  1.154989e-02  5.000000e-03
     vertex  1.901445e-02  1.207281e-02  5.000000e-03
   endloop
 endfacet
 facet normal  0.000000e+00  0.000000e+00 -1.000000e+00
   outer loop
     vertex  1.690273e-02  1.154989e-02  5.000000e-03
     vertex  1.561222e-02  1.324213e-02  5.000000e-03
     vertex  1.783617e-02  1.362786e-02  5.000000e-03
   endloop
 endfacet
 facet normal  0.000000e+00  0.000000e+00 -1.000000e+00
   outer loop
     vertex  1.561222e-02  1.324213e-02  5.000000e-03
     vertex  1.423550e-02  1.508840e-02  5.000000e-03
     vertex  1.664443e-02  1.517590e-02  5.000000e-03
   endloop
 endfacet
 facet normal  0.000000e+00  0.000000e+00 -1.000000e+00
   outer loop
     vertex  1.423550e-02  1.508840e-02  5.000000e-03
     vertex  1.232067e-02  1.634987e-02  5.000000e-03
     vertex  1.414564e-02  1.752769e-02  5.000000e-03
   endloop
 endfacet
 facet normal  0.000000e+00  0.000000e+00 -1.000000e+00
   outer loop
     vertex  1.232067e-02  1.634987e-02  5.000000e-03
     vertex  1.055596e-02  1.754040e-02  5.000000e-03
     vertex  1.253139e-02  1.862297e-02  5.000000e-03
   endloop
 endfacet
 facet normal  0.000000e+00  0.000000e+00 -1.000000e+00
   outer loop
     vertex  1.055596e-02  1.754040e-02  5.000000e-03
     vertex  8.659303e-03  1.885016e-02  5.000000e-03
     vertex  1.090607e-02  1.970810e-02  5.000000e-03
   endloop
 endfacet
 facet normal  0.000000e+00  0.000000e+00 -1.000000e+00
   outer loop
     vertex  8.659303e-03  1.885016e-02  5.000000e-03
     vertex  6.443249e-03  1.943211e-02  5.000000e-03
     vertex  7.785533e-03  2.113531e-02  5.000000e-03
   endloop
 endfacet
 facet normal  0.000000e+00  0.000000e+00 -1.000000e+00
   outer loop
     vertex  6.443249e-03  1.943211e-02  5.000000e-03
     vertex  4.390365e-03  1.999542e-02  5.000000e-03
     vertex  5.906016e-03  2.165574e-02  5.000000e-03
   endloop
 endfacet
 facet normal  0.000000e+00  0.000000e+00 -1.000000e+00
   outer loop
     vertex  4.390365e-03  1.999542e-02  5.000000e-03
     vertex  2.172587e-03  2.062996e-02  5.000000e-03
     vertex  4.018237e-03  2.216331e-02  5.000000e-03
   endloop
 endfacet
 facet normal -0.000000e+00  0.000000e+00 -1.000000e+00
   outer loop
     vertex  2.172587e-03  2.062996e-02  5.000000e-03
     vertex -1.113609e-04  2.047232e-02  5.000000e-03
     vertex  6.049571e-04  2.251548e-02  5.000000e-03
   endloop
 endfacet
 facet normal -0.000000e+00  0.000000e+00 -1.000000e+00
   outer loop
     vertex -1.113609e-04  2.047232e-02  5.000000e-03
     vertex -2.236585e-03  2.034918e-02  5.000000e-03
     vertex -1.341728e-03  2.240656e-02  5.000000e-03
   endloop
 endfacet
 facet normal -0.000000e+00  0.000000e+00 -1.000000e+00
   outer loop
     vertex -2.236585e-03  2.034918e-02  5.000000e-03
     vertex -4.542623e-03  2.024065e-02  5.000000e-03
     vertex -3.293186e-03  2.228275e-02  5.000000e-03
   endloop
 endfacet
 facet normal -0.000000e+00  0.000000e+00 -1.000000e+00
   outer loop
     vertex -4.542623e-03  2.024065e-02  5.000000e-03
     vertex -6.654361e-03  1.936114e-02  5.000000e-03
     vertex -6.639337e-03  2.152277e-02  5.000000e-03
   endloop
 endfacet
 facet normal -0.000000e+00  0.000000e+00 -1.000000e+00
   outer loop
     vertex -6.654361e-03  1.936114e-02  5.000000e-03
     vertex -8.628486e-03  1.856448e-02  5.000000e-03
     vertex -8.448117e-03  2.079629e-02  5.000000e-03
   endloop
 endfacet
 facet normal -0.000000e+00  0.000000e+00 -1.000000e+00
   outer loop
     vertex -8.628486e-03  1.856448e-02  5.000000e-03
     vertex -1.078027e-02  1.772315e-02  5.000000e-03
     vertex -1.025765e-02  2.005380e-02  5.000000e-03
   endloop
 endfacet
 facet normal -0.000000e+00  0.000000e+00 -1.000000e+00
   outer loop
     vertex -1.078027e-02  1.772315e-02  5.000000e-03
     vertex -1.249815e-02  1.621533e-02  5.000000e-03
     vertex -1.318388e-02  1.826182e-02  5.000000e-03
   endloop
 endfacet
 facet normal -0.000000e+00  0.000000e+00 -1.000000e+00
   outer loop
     vertex -1.249815e-02  1.621533e-02  5.000000e-03
     vertex -1.411361e-02  1.482893e-02  5.000000e-03
     vertex -1.466430e-02  1.699463e-02  5.000000e-03
   endloop
 endfacet
 facet normal -0.000000e+00  0.000000e+00 -1.000000e+00
   outer loop
     vertex -1.411361e-02  1.482893e-02  5.000000e-03
     vertex -1.588441e-02  1.334234e-02  5.000000e-03
     vertex -1.614114e-02  1.571141e-02  5.000000e-03
   endloop
 endfacet
 facet normal  0.000000e+00  0.000000e+00 -1.000000e+00
   outer loop
     vertex -1.588441e-02  1.334234e-02  5.000000e-03
     vertex -1.702828e-02  1.136610e-02  5.000000e-03
     vertex -1.833880e-02  1.307671e-02  5.000000e-03
   endloop
 endfacet
 facet normal -0.000000e+00  0.000000e+00 -1.000000e+00
   outer loop
     vertex -1.702828e-02  1.136610e-02  5.000000e-03
     vertex -1.811462e-02  9.536895e-03  5.000000e-03
     vertex -1.933489e-02  1.140319e-02  5.000000e-03
   endloop
 endfacet
 facet normal -0.000000e+00  0.000000e+00 -1.000000e+00
   outer loop
     vertex -1.811462e-02  9.536895e-03  5.000000e-03
     vertex -1.931449e-02  7.564952e-03  5.000000e-03
     vertex -2.032285e-02  9.715394e-03  5.000000e-03
   endloop
 endfacet
 facet normal  0.000000e+00  0.000000e+00 -1.000000e+00
   outer loop
     vertex -1.931449e-02  7.564952e-03  5.000000e-03
     vertex -1.975050e-02  5.342724e-03  5.000000e-03
     vertex -2.155348e-02  6.517992e-03  5.000000e-03
   endloop
 endfacet
 facet normal  0.000000e+00  0.000000e+00 -1.000000e+00
   outer loop
     vertex -1.975050e-02  5.342724e-03  5.000000e-03
     vertex -2.014287e-02  3.307772e-03  5.000000e-03
     vertex -2.194035e-02  4.611720e-03  5.000000e-03
   endloop
 endfacet
 facet normal  0.000000e+00  0.000000e+00 -1.000000e+00
   outer loop
     vertex -2.014287e-02  3.307772e-03  5.000000e-03
     vertex -2.042181e-02  1.254503e-03  5.000000e-03
     vertex -2.226168e-02  2.657479e-03  5.000000e-03
   endloop
 endfacet
 facet normal  0.000000e+00 -0.000000e+00 -1.000000e+00
   outer loop
     vertex  2.221555e-02  3.204845e-03  5.000000e-03
     vertex  2.266608e-02  1.097070e-03  5.000000e-03
     vertex  2.047918e-02  1.425186e-03  5.000000e-03
   endloop
 endfacet
 facet normal  0.000000e+00  0.000000e+00 -1.000000e+00
   outer loop
     vertex  2.124963e-02 -7.144378e-03  5.000000e-03
     vertex  2.062649e-02 -9.027556e-03  5.000000e-03
     vertex  1.901846e-02 -7.540796e-03  5.000000e-03
   endloop
 endfacet
 facet normal  0.000000e+00 -0.000000e+00 -1.000000e+00
   outer loop
     vertex  3.082804e-02  1.147759e-03  5.000000e-03
     vertex  3.236770e-02  3.455665e-05  5.000000e-03
     vertex  3.066760e-02 -9.041294e-04  5.000000e-03
   endloop
 endfacet
 facet normal  0.000000e+00 -0.000000e+00 -1.000000e+00
   outer loop
     vertex  2.266608e-02  1.097070e-03  5.000000e-03
     vertex  2.336243e-02 -9.900772e-04  5.000000e-03
     vertex  2.085524e-02 -1.000691e-03  5.000000e-03
   endloop
 endfacet
 facet normal  0.000000e+00  0.000000e+00 -1.000000e+00
   outer loop
     vertex  3.066760e-02 -9.041294e-04  5.000000e-03
     vertex  2.895460e-02  6.802927e-04  5.000000e-03
     vertex  3.082804e-02  1.147759e-03  5.000000e-03
   endloop
 endfacet
 facet normal -0.000000e+00  0.000000e+00 -1.000000e+00
   outer loop
     vertex  2.266608e-02  1.097070e-03  5.000000e-03
     vertex  2.085524e-02 -1.000691e-03  5.000000e-03
     vertex  2.047918e-02  1.425186e-03  5.000000e-03
   endloop
 endfacet
 facet normal  0.000000e+00  0.000000e+00 -1.000000e+00
   outer loop
     vertex  2.481473e-02  9.899805e-04  5.000000e-03
     vertex  2.686425e-02  9.204261e-04  5.000000e-03
     vertex  2.546191e-02 -1.024163e-03  5.000000e-03
   endloop
 endfacet
 facet normal  0.000000e+00  0.000000e+00 -1.000000e+00
   outer loop
     vertex  2.546191e-02 -1.024163e-03  5.000000e-03
     vertex  2.336243e-02 -9.900772e-04  5.000000e-03
     vertex  2.481473e-02  9.899805e-04  5.000000e-03
   endloop
 endfacet
 facet normal -1.016541e-13  1.000000e+00 -4.922278e-13
   outer loop
     vertex  2.625251e-02  3.000000e-03  5.000000e-03
     vertex  2.431563e-02  3.000000e-03  5.000000e-03
     vertex  2.431563e-02  3.000000e-03  7.000000e-03
   endloop
 endfacet
 facet normal -1.016541e-13  1.000000e+00 -2.885738e-13
   outer loop
     vertex  2.818938e-02  3.000000e-03  5.000000e-03
     vertex  2.625251e-02  3.000000e-03  5.000000e-03
     vertex  2.778664e-02  3.000000e-03  7.188743e-03
   endloop
 endfacet
 facet normal -1.016541e-13  1.000000e+00 -2.214600e-13
   outer loop
     vertex  3.012625e-02  3.000000e-03  5.000000e-03
     vertex  2.818938e-02  3.000000e-03  5.000000e-03
     vertex  2.973859e-02  3.000000e-03  6.956065e-03
   endloop
 endfacet
 facet normal -3.289064e-14  1.000000e+00 -2.759208e-13
   outer loop
     vertex  2.818938e-02  3.000000e-03  5.000000e-03
     vertex  2.778664e-02  3.000000e-03  7.188743e-03
     vertex  2.973859e-02  3.000000e-03  6.956065e-03
   endloop
 endfacet
 facet normal -1.016541e-13  1.000000e+00 -1.715730e-13
   outer loop
     vertex  3.206313e-02  3.000000e-03  5.000000e-03
     vertex  3.012625e-02  3.000000e-03  5.000000e-03
     vertex  3.150722e-02  3.000000e-03  6.476933e-03
   endloop
 endfacet
 facet normal -5.763120e-14  1.000000e+00 -2.127352e-13
   outer loop
     vertex  3.012625e-02  3.000000e-03  5.000000e-03
     vertex  2.973859e-02  3.000000e-03  6.956065e-03
     vertex  3.150722e-02  3.000000e-03  6.476933e-03
   endloop
 endfacet
 facet normal -1.016541e-13  1.000000e+00  0.000000e+00
   outer loop
     vertex  3.400000e-02  3.000000e-03  5.000000e-03
     vertex  3.206313e-02  3.000000e-03  5.000000e-03
     vertex  3.400000e-02  3.000000e-03  6.984615e-03
   endloop
 endfacet
 facet normal  0.000000e+00  1.000000e+00  0.000000e+00
   outer loop
     vertex  2.431563e-02  3.000000e-03  7.000000e-03
     vertex  2.431563e-02  3.000000e-03  9.000000e-03
     vertex  2.596911e-02  3.000000e-03  7.514773e-03
   endloop
 endfacet
 facet normal -5.343960e-13  1.000000e+00  4.922278e-13
   outer loop
     vertex  2.431563e-02  3.000000e-03  9.000000e-03
     vertex  2.431563e-02  3.000000e-03  1.100000e-02
     vertex  2.615782e-02  3.000000e-03  1.100000e-02
   endloop
 endfacet
 facet normal -0.000000e+00  1.000000e+00  0.000000e+00
   outer loop
     vertex  2.615782e-02  3.000000e-03  1.100000e-02
     vertex  2.800000e-02  3.000000e-03  1.100000e-02
     vertex  2.699652e-02  3.000000e-03  9.177831e-03
   endloop
 endfacet
 facet normal  0.000000e+00  1.000000e+00  0.000000e+00
   outer loop
     vertex  2.800000e-02  3.000000e-03  1.100000e-02
     vertex  2.800000e-02  3.000000e-03  1.298387e-02
     vertex  3.025399e-02  3.000000e-03  1.186637e-02
   endloop
 endfacet
 facet normal  0.000000e+00  1.000000e+00  0.000000e+00
   outer loop
     vertex  2.800000e-02  3.000000e-03  1.496774e-02
     vertex  2.800000e-02  3.000000e-03  1.695161e-02
     vertex  3.001407e-02  3.000000e-03  1.623811e-02
   endloop
 endfacet
 facet normal  0.000000e+00  1.000000e+00  0.000000e+00
   outer loop
     vertex  2.800000e-02  3.000000e-03  1.893548e-02
     vertex  2.800000e-02  3.000000e-03  2.091935e-02
     vertex  3.000064e-02  3.000000e-03  2.023790e-02
   endloop
 endfacet
 facet normal  0.000000e+00  1.000000e+00  0.000000e+00
   outer loop
     vertex  2.800000e-02  3.000000e-03  2.290323e-02
     vertex  2.800000e-02  3.000000e-03  2.488710e-02
     vertex  2.999947e-02  3.000000e-03  2.420932e-02
   endloop
 endfacet
 facet normal  0.000000e+00  1.000000e+00  0.000000e+00
   outer loop
     vertex  2.800000e-02  3.000000e-03  2.687097e-02
     vertex  2.800000e-02  3.000000e-03  2.885484e-02
     vertex  2.999918e-02  3.000000e-03  2.817742e-02
   endloop
 endfacet
 facet normal  0.000000e+00  1.000000e+00  0.000000e+00
   outer loop
     vertex  2.800000e-02  3.000000e-03  3.083871e-02
     vertex  2.800000e-02  3.000000e-03  3.282258e-02
     vertex  2.999915e-02  3.000000e-03  3.214561e-02
   endloop
 endfacet
 facet normal  0.000000e+00  1.000000e+00  0.000000e+00
   outer loop
     vertex  2.800000e-02  3.000000e-03  3.480645e-02
     vertex  2.800000e-02  3.000000e-03  3.679032e-02
     vertex  2.999913e-02  3.000000e-03  3.611376e-02
   endloop
 endfacet
 facet normal  0.000000e+00  1.000000e+00  0.000000e+00
   outer loop
     vertex  2.800000e-02  3.000000e-03  3.877419e-02
     vertex  2.800000e-02  3.000000e-03  4.075806e-02
     vertex  2.999908e-02  3.000000e-03  4.008183e-02
   endloop
 endfacet
 facet normal  0.000000e+00  1.000000e+00  0.000000e+00
   outer loop
     vertex  2.800000e-02  3.000000e-03  4.274194e-02
     vertex  2.800000e-02  3.000000e-03  4.472581e-02
     vertex  2.999932e-02  3.000000e-03  4.405090e-02
   endloop
 endfacet
 facet normal  0.000000e+00  1.000000e+00  0.000000e+00
   outer loop
     vertex  2.800000e-02  3.000000e-03  4.670968e-02
     vertex  2.800000e-02  3.000000e-03  4.869355e-02
     vertex  2.999924e-02  3.000000e-03  4.801905e-02
   endloop
 endfacet
 facet normal  0.000000e+00  1.000000e+00  0.000000e+00
   outer loop
     vertex  2.800000e-02  3.000000e-03  5.067742e-02
     vertex  2.800000e-02  3.000000e-03  5.266129e-02
     vertex  2.999919e-02  3.000000e-03  5.198707e-02
   endloop
 endfacet
 facet normal  0.000000e+00  1.000000e+00  0.000000e+00
   outer loop
     vertex  2.800000e-02  3.000000e-03  5.464516e-02
     vertex  2.800000e-02  3.000000e-03  5.662903e-02
     vertex  2.999915e-02  3.000000e-03  5.595508e-02
   endloop
 endfacet
 facet normal  0.000000e+00  1.000000e+00  0.000000e+00
   outer loop
     vertex  2.800000e-02  3.000000e-03  5.861290e-02
     vertex  2.800000e-02  3.000000e-03  6.059677e-02
     vertex  2.999915e-02  3.000000e-03  5.992331e-02
   endloop
 endfacet
 facet normal  0.000000e+00  1.000000e+00  0.000000e+00
   outer loop
     vertex  2.800000e-02  3.000000e-03  6.258065e-02
     vertex  2.800000e-02  3.000000e-03  6.456452e-02
     vertex  2.999915e-02  3.000000e-03  6.389155e-02
   endloop
 endfacet
 facet normal  0.000000e+00  1.000000e+00  0.000000e+00
   outer loop
     vertex  2.800000e-02  3.000000e-03  6.654839e-02
     vertex  2.800000e-02  3.000000e-03  6.853226e-02
     vertex  2.999916e-02  3.000000e-03  6.785979e-02
   endloop
 endfacet
 facet normal  0.000000e+00  1.000000e+00  0.000000e+00
   outer loop
     vertex  2.800000e-02  3.000000e-03  7.051613e-02
     vertex  2.800000e-02  3.000000e-03  7.250000e-02
     vertex  2.999916e-02  3.000000e-03  7.182802e-02
   endloop
 endfacet
 facet normal  0.000000e+00  1.000000e+00  0.000000e+00
   outer loop
     vertex  2.800000e-02  3.000000e-03  7.448387e-02
     vertex  2.800000e-02  3.000000e-03  7.646774e-02
     vertex  2.999916e-02  3.000000e-03  7.579626e-02
   endloop
 endfacet
 facet normal  0.000000e+00  1.000000e+00  0.000000e+00
   outer loop
     vertex  2.800000e-02  3.000000e-03  7.845161e-02
     vertex  2.800000e-02  3.000000e-03  8.043548e-02
     vertex  2.999916e-02  3.000000e-03  7.976450e-02
   endloop
 endfacet
 facet normal  0.000000e+00  1.000000e+00  0.000000e+00
   outer loop
     vertex  2.800000e-02  3.000000e-03  8.241935e-02
     vertex  2.800000e-02  3.000000e-03  8.440323e-02
     vertex  2.999916e-02  3.000000e-03  8.373273e-02
   endloop
 endfacet
 facet normal  0.000000e+00  1.000000e+00  0.000000e+00
   outer loop
     vertex  2.800000e-02  3.000000e-03  8.638710e-02
     vertex  2.800000e-02  3.000000e-03  8.837097e-02
     vertex  2.999916e-02  3.000000e-03  8.770097e-02
   endloop
 endfacet
 facet normal  0.000000e+00  1.000000e+00  0.000000e+00
   outer loop
     vertex  2.800000e-02  3.000000e-03  9.035484e-02
     vertex  2.800000e-02  3.000000e-03  9.233871e-02
     vertex  2.999916e-02  3.000000e-03  9.166921e-02
   endloop
 endfacet
 facet normal  0.000000e+00  1.000000e+00  0.000000e+00
   outer loop
     vertex  2.800000e-02  3.000000e-03  9.432258e-02
     vertex  2.800000e-02  3.000000e-03  9.630645e-02
     vertex  2.999916e-02  3.000000e-03  9.563744e-02
   endloop
 endfacet
 facet normal  0.000000e+00  1.000000e+00  0.000000e+00
   outer loop
     vertex  2.800000e-02  3.000000e-03  9.829032e-02
     vertex  2.800000e-02  3.000000e-03  1.002742e-01
     vertex  2.999916e-02  3.000000e-03  9.960568e-02
   endloop
 endfacet
 facet normal  0.000000e+00  1.000000e+00  0.000000e+00
   outer loop
     vertex  2.800000e-02  3.000000e-03  1.022581e-01
     vertex  2.800000e-02  3.000000e-03  1.042419e-01
     vertex  2.999916e-02  3.000000e-03  1.035739e-01
   endloop
 endfacet
 facet normal  0.000000e+00  1.000000e+00  0.000000e+00
   outer loop
     vertex  2.800000e-02  3.000000e-03  1.062258e-01
     vertex  2.800000e-02  3.000000e-03  1.082097e-01
     vertex  2.999916e-02  3.000000e-03  1.075423e-01
   endloop
 endfacet
 facet normal  0.000000e+00  1.000000e+00  0.000000e+00
   outer loop
     vertex  2.800000e-02  3.000000e-03  1.101935e-01
     vertex  2.800000e-02  3.000000e-03  1.121774e-01
     vertex  2.999905e-02  3.000000e-03  1.115110e-01
   endloop
 endfacet
 facet normal  0.000000e+00  1.000000e+00  0.000000e+00
   outer loop
     vertex  2.800000e-02  3.000000e-03  1.141613e-01
     vertex  2.800000e-02  3.000000e-03  1.161452e-01
     vertex  2.999706e-02  3.000000e-03  1.154812e-01
   endloop
 endfacet
 facet normal  0.000000e+00  1.000000e+00  0.000000e+00
   outer loop
     vertex  2.800000e-02  3.000000e-03  1.181290e-01
     vertex  2.800000e-02  3.000000e-03  1.201129e-01
     vertex  2.996579e-02  3.000000e-03  1.194441e-01
   endloop
 endfacet
 facet normal  0.000000e+00  1.000000e+00  0.000000e+00
   outer loop
     vertex  2.800000e-02  3.000000e-03  1.220968e-01
     vertex  2.800000e-02  3.000000e-03  1.240806e-01
     vertex  2.950903e-02  3.000000e-03  1.230856e-01
   endloop
 endfacet
 facet normal  0.000000e+00  1.000000e+00  0.000000e+00
   outer loop
     vertex  2.800000e-02  3.000000e-03  1.260645e-01
     vertex  2.800000e-02  3.000000e-03  1.280484e-01
     vertex  2.996948e-02  3.000000e-03  1.267240e-01
   endloop
 endfacet
 facet normal  0.000000e+00  1.000000e+00  0.000000e+00
   outer loop
     vertex  2.800000e-02  3.000000e-03  1.300323e-01
     vertex  2.800000e-02  3.000000e-03  1.320161e-01
     vertex  3.002009e-02  3.000000e-03  1.306459e-01
   endloop
 endfacet
 facet normal  0.000000e+00  1.000000e+00  0.000000e+00
   outer loop
     vertex  2.800000e-02  3.000000e-03  1.320161e-01
     vertex  2.800000e-02  3.000000e-03  1.340000e-01
     vertex  3.006021e-02  3.000000e-03  1.324780e-01
   endloop
 endfacet
 facet normal  0.000000e+00  1.000000e+00 -0.000000e+00
   outer loop
     vertex  3.002009e-02  3.000000e-03  1.306459e-01
     vertex  2.800000e-02  3.000000e-03  1.320161e-01
     vertex  3.006021e-02  3.000000e-03  1.324780e-01
   endloop
 endfacet
 facet normal -0.000000e+00  1.000000e+00  0.000000e+00
   outer loop
     vertex  2.800000e-02  3.000000e-03  1.340000e-01
     vertex  3.000000e-02  3.000000e-03  1.340000e-01
     vertex  3.006021e-02  3.000000e-03  1.324780e-01
   endloop
 endfacet
 facet normal -0.000000e+00  1.000000e+00  0.000000e+00
   outer loop
     vertex  3.000000e-02  3.000000e-03  1.340000e-01
     vertex  3.200000e-02  3.000000e-03  1.340000e-01
     vertex  3.006021e-02  3.000000e-03  1.324780e-01
   endloop
 endfacet
 facet normal -0.000000e+00  1.000000e+00  0.000000e+00
   outer loop
     vertex  3.200000e-02  3.000000e-03  1.340000e-01
     vertex  3.400000e-02  3.000000e-03  1.340000e-01
     vertex  3.400000e-02  3.000000e-03  1.320154e-01
   endloop
 endfacet
 facet normal  0.000000e+00  1.000000e+00  0.000000e+00
   outer loop
     vertex  3.400000e-02  3.000000e-03  8.969231e-03
     vertex  3.400000e-02  3.000000e-03  6.984615e-03
     vertex  3.172613e-02  3.000000e-03  8.219013e-03
   endloop
 endfacet
 facet normal  0.000000e+00  1.000000e+00  0.000000e+00
   outer loop
     vertex  3.400000e-02  3.000000e-03  1.095385e-02
     vertex  3.400000e-02  3.000000e-03  8.969231e-03
     vertex  3.192789e-02  3.000000e-03  1.014482e-02
   endloop
 endfacet
 facet normal  0.000000e+00  1.000000e+00  0.000000e+00
   outer loop
     vertex  3.400000e-02  3.000000e-03  8.969231e-03
     vertex  3.172613e-02  3.000000e-03  8.219013e-03
     vertex  3.192789e-02  3.000000e-03  1.014482e-02
   endloop
 endfacet
 facet normal  0.000000e+00  1.000000e+00  0.000000e+00
   outer loop
     vertex  3.400000e-02  3.000000e-03  1.293846e-02
     vertex  3.400000e-02  3.000000e-03  1.095385e-02
     vertex  3.242136e-02  3.000000e-03  1.189952e-02
   endloop
 endfacet
 facet normal  0.000000e+00  1.000000e+00  0.000000e+00
   outer loop
     vertex  3.400000e-02  3.000000e-03  1.095385e-02
     vertex  3.192789e-02  3.000000e-03  1.014482e-02
     vertex  3.242136e-02  3.000000e-03  1.189952e-02
   endloop
 endfacet
 facet normal  0.000000e+00  1.000000e+00  0.000000e+00
   outer loop
     vertex  3.400000e-02  3.000000e-03  1.492308e-02
     vertex  3.400000e-02  3.000000e-03  1.293846e-02
     vertex  3.209162e-02  3.000000e-03  1.363498e-02
   endloop
 endfacet
 facet normal  0.000000e+00  1.000000e+00  0.000000e+00
   outer loop
     vertex  3.400000e-02  3.000000e-03  1.293846e-02
     vertex  3.242136e-02  3.000000e-03  1.189952e-02
     vertex  3.209162e-02  3.000000e-03  1.363498e-02
   endloop
 endfacet
 facet normal  0.000000e+00  1.000000e+00  0.000000e+00
   outer loop
     vertex  3.400000e-02  3.000000e-03  1.690769e-02
     vertex  3.400000e-02  3.000000e-03  1.492308e-02
     vertex  3.202045e-02  3.000000e-03  1.558685e-02
   endloop
 endfacet
 facet normal  0.000000e+00  1.000000e+00  0.000000e+00
   outer loop
     vertex  3.400000e-02  3.000000e-03  1.492308e-02
     vertex  3.209162e-02  3.000000e-03  1.363498e-02
     vertex  3.202045e-02  3.000000e-03  1.558685e-02
   endloop
 endfacet
 facet normal  0.000000e+00  1.000000e+00  0.000000e+00
   outer loop
     vertex  3.400000e-02  3.000000e-03  1.889231e-02
     vertex  3.400000e-02  3.000000e-03  1.690769e-02
     vertex  3.200452e-02  3.000000e-03  1.757374e-02
   endloop
 endfacet
 facet normal  0.000000e+00  1.000000e+00  0.000000e+00
   outer loop
     vertex  3.400000e-02  3.000000e-03  1.690769e-02
     vertex  3.202045e-02  3.000000e-03  1.558685e-02
     vertex  3.200452e-02  3.000000e-03  1.757374e-02
   endloop
 endfacet
 facet normal  0.000000e+00  1.000000e+00  0.000000e+00
   outer loop
     vertex  3.400000e-02  3.000000e-03  2.087692e-02
     vertex  3.400000e-02  3.000000e-03  1.889231e-02
     vertex  3.200059e-02  3.000000e-03  1.956225e-02
   endloop
 endfacet
 facet normal  0.000000e+00  1.000000e+00  0.000000e+00
   outer loop
     vertex  3.400000e-02  3.000000e-03  1.889231e-02
     vertex  3.200452e-02  3.000000e-03  1.757374e-02
     vertex  3.200059e-02  3.000000e-03  1.956225e-02
   endloop
 endfacet
 facet normal  0.000000e+00  1.000000e+00  0.000000e+00
   outer loop
     vertex  3.400000e-02  3.000000e-03  2.286154e-02
     vertex  3.400000e-02  3.000000e-03  2.087692e-02
     vertex  3.199960e-02  3.000000e-03  2.154866e-02
   endloop
 endfacet
 facet normal  0.000000e+00  1.000000e+00  0.000000e+00
   outer loop
     vertex  3.400000e-02  3.000000e-03  2.087692e-02
     vertex  3.200059e-02  3.000000e-03  1.956225e-02
     vertex  3.199960e-02  3.000000e-03  2.154866e-02
   endloop
 endfacet
 facet normal  0.000000e+00  1.000000e+00  0.000000e+00
   outer loop
     vertex  3.400000e-02  3.000000e-03  2.484615e-02
     vertex  3.400000e-02  3.000000e-03  2.286154e-02
     vertex  3.199924e-02  3.000000e-03  2.353352e-02
   endloop
 endfacet
 facet normal  0.000000e+00  1.000000e+00  0.000000e+00
   outer loop
     vertex  3.400000e-02  3.000000e-03  2.286154e-02
     vertex  3.199960e-02  3.000000e-03  2.154866e-02
     vertex  3.199924e-02  3.000000e-03  2.353352e-02
   endloop
 endfacet
 facet normal  0.000000e+00  1.000000e+00  0.000000e+00
   outer loop
     vertex  3.400000e-02  3.000000e-03  2.683077e-02
     vertex  3.400000e-02  3.000000e-03  2.484615e-02
     vertex  3.199897e-02  3.000000e-03  2.551774e-02
   endloop
 endfacet
 facet normal  0.000000e+00  1.000000e+00  0.000000e+00
   outer loop
     vertex  3.400000e-02  3.000000e-03  2.484615e-02
     vertex  3.199924e-02  3.000000e-03  2.353352e-02
     vertex  3.199897e-02  3.000000e-03  2.551774e-02
   endloop
 endfacet
 facet normal  0.000000e+00  1.000000e+00  0.000000e+00
   outer loop
     vertex  3.400000e-02  3.000000e-03  2.881538e-02
     vertex  3.400000e-02  3.000000e-03  2.683077e-02
     vertex  3.199877e-02  3.000000e-03  2.750196e-02
   endloop
 endfacet
 facet normal  0.000000e+00  1.000000e+00  0.000000e+00
   outer loop
     vertex  3.400000e-02  3.000000e-03  2.683077e-02
     vertex  3.199897e-02  3.000000e-03  2.551774e-02
     vertex  3.199877e-02  3.000000e-03  2.750196e-02
   endloop
 endfacet
 facet normal  0.000000e+00  1.000000e+00  0.000000e+00
   outer loop
     vertex  3.400000e-02  3.000000e-03  3.080000e-02
     vertex  3.400000e-02  3.000000e-03  2.881538e-02
     vertex  3.199872e-02  3.000000e-03  2.948630e-02
   endloop
 endfacet
 facet normal  0.000000e+00  1.000000e+00  0.000000e+00
   outer loop
     vertex  3.400000e-02  3.000000e-03  2.881538e-02
     vertex  3.199877e-02  3.000000e-03  2.750196e-02
     vertex  3.199872e-02  3.000000e-03  2.948630e-02
   endloop
 endfacet
 facet normal  0.000000e+00  1.000000e+00  0.000000e+00
   outer loop
     vertex  3.400000e-02  3.000000e-03  3.278462e-02
     vertex  3.400000e-02  3.000000e-03  3.080000e-02
     vertex  3.199872e-02  3.000000e-03  3.147064e-02
   endloop
 endfacet
 facet normal  0.000000e+00  1.000000e+00  0.000000e+00
   outer loop
     vertex  3.400000e-02  3.000000e-03  3.080000e-02
     vertex  3.199872e-02  3.000000e-03  2.948630e-02
     vertex  3.199872e-02  3.000000e-03  3.147064e-02
   endloop
 endfacet
 facet normal  0.000000e+00  1.000000e+00  0.000000e+00
   outer loop
     vertex  3.400000e-02  3.000000e-03  3.476923e-02
     vertex  3.400000e-02  3.000000e-03  3.278462e-02
     vertex  3.199871e-02  3.000000e-03  3.345497e-02
   endloop
 endfacet
 facet normal  0.000000e+00  1.000000e+00  0.000000e+00
   outer loop
     vertex  3.400000e-02  3.000000e-03  3.278462e-02
     vertex  3.199872e-02  3.000000e-03  3.147064e-02
     vertex  3.199871e-02  3.000000e-03  3.345497e-02
   endloop
 endfacet
 facet normal  0.000000e+00  1.000000e+00  0.000000e+00
   outer loop
     vertex  3.400000e-02  3.000000e-03  3.675385e-02
     vertex  3.400000e-02  3.000000e-03  3.476923e-02
     vertex  3.199870e-02  3.000000e-03  3.543928e-02
   endloop
 endfacet
 facet normal  0.000000e+00  1.000000e+00  0.000000e+00
   outer loop
     vertex  3.400000e-02  3.000000e-03  3.476923e-02
     vertex  3.199871e-02  3.000000e-03  3.345497e-02
     vertex  3.199870e-02  3.000000e-03  3.543928e-02
   endloop
 endfacet
 facet normal  0.000000e+00  1.000000e+00  0.000000e+00
   outer loop
     vertex  3.400000e-02  3.000000e-03  3.873846e-02
     vertex  3.400000e-02  3.000000e-03  3.675385e-02
     vertex  3.199869e-02  3.000000e-03  3.742356e-02
   endloop
 endfacet
 facet normal  0.000000e+00  1.000000e+00  0.000000e+00
   outer loop
     vertex  3.400000e-02  3.000000e-03  3.675385e-02
     vertex  3.199870e-02  3.000000e-03  3.543928e-02
     vertex  3.199869e-02  3.000000e-03  3.742356e-02
   endloop
 endfacet
 facet normal  0.000000e+00  1.000000e+00  0.000000e+00
   outer loop
     vertex  3.400000e-02  3.000000e-03  4.072308e-02
     vertex  3.400000e-02  3.000000e-03  3.873846e-02
     vertex  3.199865e-02  3.000000e-03  3.940784e-02
   endloop
 endfacet
 facet normal  0.000000e+00  1.000000e+00  0.000000e+00
   outer loop
     vertex  3.400000e-02  3.000000e-03  3.873846e-02
     vertex  3.199869e-02  3.000000e-03  3.742356e-02
     vertex  3.199865e-02  3.000000e-03  3.940784e-02
   endloop
 endfacet
 facet normal  0.000000e+00  1.000000e+00  0.000000e+00
   outer loop
     vertex  3.400000e-02  3.000000e-03  4.270769e-02
     vertex  3.400000e-02  3.000000e-03  4.072308e-02
     vertex  3.199859e-02  3.000000e-03  4.139217e-02
   endloop
 endfacet
 facet normal  0.000000e+00  1.000000e+00  0.000000e+00
   outer loop
     vertex  3.400000e-02  3.000000e-03  4.072308e-02
     vertex  3.199865e-02  3.000000e-03  3.940784e-02
     vertex  3.199859e-02  3.000000e-03  4.139217e-02
   endloop
 endfacet
 facet normal  0.000000e+00  1.000000e+00  0.000000e+00
   outer loop
     vertex  3.400000e-02  3.000000e-03  4.469231e-02
     vertex  3.400000e-02  3.000000e-03  4.270769e-02
     vertex  3.199862e-02  3.000000e-03  4.337682e-02
   endloop
 endfacet
 facet normal  0.000000e+00  1.000000e+00  0.000000e+00
   outer loop
     vertex  3.400000e-02  3.000000e-03  4.270769e-02
     vertex  3.199859e-02  3.000000e-03  4.139217e-02
     vertex  3.199862e-02  3.000000e-03  4.337682e-02
   endloop
 endfacet
 facet normal  0.000000e+00  1.000000e+00  0.000000e+00
   outer loop
     vertex  3.400000e-02  3.000000e-03  4.667692e-02
     vertex  3.400000e-02  3.000000e-03  4.469231e-02
     vertex  3.199880e-02  3.000000e-03  4.536156e-02
   endloop
 endfacet
 facet normal  0.000000e+00  1.000000e+00  0.000000e+00
   outer loop
     vertex  3.400000e-02  3.000000e-03  4.469231e-02
     vertex  3.199862e-02  3.000000e-03  4.337682e-02
     vertex  3.199880e-02  3.000000e-03  4.536156e-02
   endloop
 endfacet
 facet normal  0.000000e+00  1.000000e+00  0.000000e+00
   outer loop
     vertex  3.400000e-02  3.000000e-03  4.866154e-02
     vertex  3.400000e-02  3.000000e-03  4.667692e-02
     vertex  3.199884e-02  3.000000e-03  4.734610e-02
   endloop
 endfacet
 facet normal  0.000000e+00  1.000000e+00  0.000000e+00
   outer loop
     vertex  3.400000e-02  3.000000e-03  4.667692e-02
     vertex  3.199880e-02  3.000000e-03  4.536156e-02
     vertex  3.199884e-02  3.000000e-03  4.734610e-02
   endloop
 endfacet
 facet normal  0.000000e+00  1.000000e+00  0.000000e+00
   outer loop
     vertex  3.400000e-02  3.000000e-03  5.064615e-02
     vertex  3.400000e-02  3.000000e-03  4.866154e-02
     vertex  3.199884e-02  3.000000e-03  4.933046e-02
   endloop
 endfacet
 facet normal  0.000000e+00  1.000000e+00  0.000000e+00
   outer loop
     vertex  3.400000e-02  3.000000e-03  4.866154e-02
     vertex  3.199884e-02  3.000000e-03  4.734610e-02
     vertex  3.199884e-02  3.000000e-03  4.933046e-02
   endloop
 endfacet
 facet normal  0.000000e+00  1.000000e+00  0.000000e+00
   outer loop
     vertex  3.400000e-02  3.000000e-03  5.263077e-02
     vertex  3.400000e-02  3.000000e-03  5.064615e-02
     vertex  3.199882e-02  3.000000e-03  5.131465e-02
   endloop
 endfacet
 facet normal  0.000000e+00  1.000000e+00  0.000000e+00
   outer loop
     vertex  3.400000e-02  3.000000e-03  5.064615e-02
     vertex  3.199884e-02  3.000000e-03  4.933046e-02
     vertex  3.199882e-02  3.000000e-03  5.131465e-02
   endloop
 endfacet
 facet normal  0.000000e+00  1.000000e+00  0.000000e+00
   outer loop
     vertex  3.400000e-02  3.000000e-03  5.461538e-02
     vertex  3.400000e-02  3.000000e-03  5.263077e-02
     vertex  3.199876e-02  3.000000e-03  5.329880e-02
   endloop
 endfacet
 facet normal  0.000000e+00  1.000000e+00  0.000000e+00
   outer loop
     vertex  3.400000e-02  3.000000e-03  5.263077e-02
     vertex  3.199882e-02  3.000000e-03  5.131465e-02
     vertex  3.199876e-02  3.000000e-03  5.329880e-02
   endloop
 endfacet
 facet normal  0.000000e+00  1.000000e+00  0.000000e+00
   outer loop
     vertex  3.400000e-02  3.000000e-03  5.660000e-02
     vertex  3.400000e-02  3.000000e-03  5.461538e-02
     vertex  3.199872e-02  3.000000e-03  5.528308e-02
   endloop
 endfacet
 facet normal  0.000000e+00  1.000000e+00  0.000000e+00
   outer loop
     vertex  3.400000e-02  3.000000e-03  5.461538e-02
     vertex  3.199876e-02  3.000000e-03  5.329880e-02
     vertex  3.199872e-02  3.000000e-03  5.528308e-02
   endloop
 endfacet
 facet normal  0.000000e+00  1.000000e+00  0.000000e+00
   outer loop
     vertex  3.400000e-02  3.000000e-03  5.858462e-02
     vertex  3.400000e-02  3.000000e-03  5.660000e-02
     vertex  3.199872e-02  3.000000e-03  5.726745e-02
   endloop
 endfacet
 facet normal  0.000000e+00  1.000000e+00  0.000000e+00
   outer loop
     vertex  3.400000e-02  3.000000e-03  5.660000e-02
     vertex  3.199872e-02  3.000000e-03  5.528308e-02
     vertex  3.199872e-02  3.000000e-03  5.726745e-02
   endloop
 endfacet
 facet normal  0.000000e+00  1.000000e+00  0.000000e+00
   outer loop
     vertex  3.400000e-02  3.000000e-03  6.056923e-02
     vertex  3.400000e-02  3.000000e-03  5.858462e-02
     vertex  3.199872e-02  3.000000e-03  5.925181e-02
   endloop
 endfacet
 facet normal  0.000000e+00  1.000000e+00  0.000000e+00
   outer loop
     vertex  3.400000e-02  3.000000e-03  5.858462e-02
     vertex  3.199872e-02  3.000000e-03  5.726745e-02
     vertex  3.199872e-02  3.000000e-03  5.925181e-02
   endloop
 endfacet
 facet normal  0.000000e+00  1.000000e+00  0.000000e+00
   outer loop
     vertex  3.400000e-02  3.000000e-03  6.255385e-02
     vertex  3.400000e-02  3.000000e-03  6.056923e-02
     vertex  3.199872e-02  3.000000e-03  6.123618e-02
   endloop
 endfacet
 facet normal  0.000000e+00  1.000000e+00  0.000000e+00
   outer loop
     vertex  3.400000e-02  3.000000e-03  6.056923e-02
     vertex  3.199872e-02  3.000000e-03  5.925181e-02
     vertex  3.199872e-02  3.000000e-03  6.123618e-02
   endloop
 endfacet
 facet normal  0.000000e+00  1.000000e+00  0.000000e+00
   outer loop
     vertex  3.400000e-02  3.000000e-03  6.453846e-02
     vertex  3.400000e-02  3.000000e-03  6.255385e-02
     vertex  3.199872e-02  3.000000e-03  6.322055e-02
   endloop
 endfacet
 facet normal  0.000000e+00  1.000000e+00  0.000000e+00
   outer loop
     vertex  3.400000e-02  3.000000e-03  6.255385e-02
     vertex  3.199872e-02  3.000000e-03  6.123618e-02
     vertex  3.199872e-02  3.000000e-03  6.322055e-02
   endloop
 endfacet
 facet normal  0.000000e+00  1.000000e+00  0.000000e+00
   outer loop
     vertex  3.400000e-02  3.000000e-03  6.652308e-02
     vertex  3.400000e-02  3.000000e-03  6.453846e-02
     vertex  3.199872e-02  3.000000e-03  6.520491e-02
   endloop
 endfacet
 facet normal  0.000000e+00  1.000000e+00  0.000000e+00
   outer loop
     vertex  3.400000e-02  3.000000e-03  6.453846e-02
     vertex  3.199872e-02  3.000000e-03  6.322055e-02
     vertex  3.199872e-02  3.000000e-03  6.520491e-02
   endloop
 endfacet
 facet normal  0.000000e+00  1.000000e+00  0.000000e+00
   outer loop
     vertex  3.400000e-02  3.000000e-03  6.850769e-02
     vertex  3.400000e-02  3.000000e-03  6.652308e-02
     vertex  3.199872e-02  3.000000e-03  6.718928e-02
   endloop
 endfacet
 facet normal  0.000000e+00  1.000000e+00  0.000000e+00
   outer loop
     vertex  3.400000e-02  3.000000e-03  6.652308e-02
     vertex  3.199872e-02  3.000000e-03  6.520491e-02
     vertex  3.199872e-02  3.000000e-03  6.718928e-02
   endloop
 endfacet
 facet normal  0.000000e+00  1.000000e+00  0.000000e+00
   outer loop
     vertex  3.400000e-02  3.000000e-03  7.049231e-02
     vertex  3.400000e-02  3.000000e-03  6.850769e-02
     vertex  3.199872e-02  3.000000e-03  6.917365e-02
   endloop
 endfacet
 facet normal  0.000000e+00  1.000000e+00  0.000000e+00
   outer loop
     vertex  3.400000e-02  3.000000e-03  6.850769e-02
     vertex  3.199872e-02  3.000000e-03  6.718928e-02
     vertex  3.199872e-02  3.000000e-03  6.917365e-02
   endloop
 endfacet
 facet normal  0.000000e+00  1.000000e+00  0.000000e+00
   outer loop
     vertex  3.400000e-02  3.000000e-03  7.247692e-02
     vertex  3.400000e-02  3.000000e-03  7.049231e-02
     vertex  3.199872e-02  3.000000e-03  7.115801e-02
   endloop
 endfacet
 facet normal  0.000000e+00  1.000000e+00  0.000000e+00
   outer loop
     vertex  3.400000e-02  3.000000e-03  7.049231e-02
     vertex  3.199872e-02  3.000000e-03  6.917365e-02
     vertex  3.199872e-02  3.000000e-03  7.115801e-02
   endloop
 endfacet
 facet normal  0.000000e+00  1.000000e+00  0.000000e+00
   outer loop
     vertex  3.400000e-02  3.000000e-03  7.446154e-02
     vertex  3.400000e-02  3.000000e-03  7.247692e-02
     vertex  3.199872e-02  3.000000e-03  7.314238e-02
   endloop
 endfacet
 facet normal  0.000000e+00  1.000000e+00  0.000000e+00
   outer loop
     vertex  3.400000e-02  3.000000e-03  7.247692e-02
     vertex  3.199872e-02  3.000000e-03  7.115801e-02
     vertex  3.199872e-02  3.000000e-03  7.314238e-02
   endloop
 endfacet
 facet normal  0.000000e+00  1.000000e+00  0.000000e+00
   outer loop
     vertex  3.400000e-02  3.000000e-03  7.644615e-02
     vertex  3.400000e-02  3.000000e-03  7.446154e-02
     vertex  3.199872e-02  3.000000e-03  7.512674e-02
   endloop
 endfacet
 facet normal  0.000000e+00  1.000000e+00  0.000000e+00
   outer loop
     vertex  3.400000e-02  3.000000e-03  7.446154e-02
     vertex  3.199872e-02  3.000000e-03  7.314238e-02
     vertex  3.199872e-02  3.000000e-03  7.512674e-02
   endloop
 endfacet
 facet normal  0.000000e+00  1.000000e+00  0.000000e+00
   outer loop
     vertex  3.400000e-02  3.000000e-03  7.843077e-02
     vertex  3.400000e-02  3.000000e-03  7.644615e-02
     vertex  3.199872e-02  3.000000e-03  7.711111e-02
   endloop
 endfacet
 facet normal  0.000000e+00  1.000000e+00  0.000000e+00
   outer loop
     vertex  3.400000e-02  3.000000e-03  7.644615e-02
     vertex  3.199872e-02  3.000000e-03  7.512674e-02
     vertex  3.199872e-02  3.000000e-03  7.711111e-02
   endloop
 endfacet
 facet normal  0.000000e+00  1.000000e+00  0.000000e+00
   outer loop
     vertex  3.400000e-02  3.000000e-03  8.041538e-02
     vertex  3.400000e-02  3.000000e-03  7.843077e-02
     vertex  3.199872e-02  3.000000e-03  7.909548e-02
   endloop
 endfacet
 facet normal  0.000000e+00  1.000000e+00  0.000000e+00
   outer loop
     vertex  3.400000e-02  3.000000e-03  7.843077e-02
     vertex  3.199872e-02  3.000000e-03  7.711111e-02
     vertex  3.199872e-02  3.000000e-03  7.909548e-02
   endloop
 endfacet
 facet normal  0.000000e+00  1.000000e+00  0.000000e+00
   outer loop
     vertex  3.400000e-02  3.000000e-03  8.240000e-02
     vertex  3.400000e-02  3.000000e-03  8.041538e-02
     vertex  3.199872e-02  3.000000e-03  8.107984e-02
   endloop
 endfacet
 facet normal  0.000000e+00  1.000000e+00  0.000000e+00
   outer loop
     vertex  3.400000e-02  3.000000e-03  8.041538e-02
     vertex  3.199872e-02  3.000000e-03  7.909548e-02
     vertex  3.199872e-02  3.000000e-03  8.107984e-02
   endloop
 endfacet
 facet normal  0.000000e+00  1.000000e+00  0.000000e+00
   outer loop
     vertex  3.400000e-02  3.000000e-03  8.438462e-02
     vertex  3.400000e-02  3.000000e-03  8.240000e-02
     vertex  3.199872e-02  3.000000e-03  8.306421e-02
   endloop
 endfacet
 facet normal  0.000000e+00  1.000000e+00  0.000000e+00
   outer loop
     vertex  3.400000e-02  3.000000e-03  8.240000e-02
     vertex  3.199872e-02  3.000000e-03  8.107984e-02
     vertex  3.199872e-02  3.000000e-03  8.306421e-02
   endloop
 endfacet
 facet normal  0.000000e+00  1.000000e+00  0.000000e+00
   outer loop
     vertex  3.400000e-02  3.000000e-03  8.636923e-02
     vertex  3.400000e-02  3.000000e-03  8.438462e-02
     vertex  3.199872e-02  3.000000e-03  8.504858e-02
   endloop
 endfacet
 facet normal  0.000000e+00  1.000000e+00  0.000000e+00
   outer loop
     vertex  3.400000e-02  3.000000e-03  8.438462e-02
     vertex  3.199872e-02  3.000000e-03  8.306421e-02
     vertex  3.199872e-02  3.000000e-03  8.504858e-02
   endloop
 endfacet
 facet normal  0.000000e+00  1.000000e+00  0.000000e+00
   outer loop
     vertex  3.400000e-02  3.000000e-03  8.835385e-02
     vertex  3.400000e-02  3.000000e-03  8.636923e-02
     vertex  3.199872e-02  3.000000e-03  8.703294e-02
   endloop
 endfacet
 facet normal  0.000000e+00  1.000000e+00  0.000000e+00
   outer loop
     vertex  3.400000e-02  3.000000e-03  8.636923e-02
     vertex  3.199872e-02  3.000000e-03  8.504858e-02
     vertex  3.199872e-02  3.000000e-03  8.703294e-02
   endloop
 endfacet
 facet normal  0.000000e+00  1.000000e+00  0.000000e+00
   outer loop
     vertex  3.400000e-02  3.000000e-03  9.033846e-02
     vertex  3.400000e-02  3.000000e-03  8.835385e-02
     vertex  3.199872e-02  3.000000e-03  8.901731e-02
   endloop
 endfacet
 facet normal  0.000000e+00  1.000000e+00  0.000000e+00
   outer loop
     vertex  3.400000e-02  3.000000e-03  8.835385e-02
     vertex  3.199872e-02  3.000000e-03  8.703294e-02
     vertex  3.199872e-02  3.000000e-03  8.901731e-02
   endloop
 endfacet
 facet normal  0.000000e+00  1.000000e+00  0.000000e+00
   outer loop
     vertex  3.400000e-02  3.000000e-03  9.232308e-02
     vertex  3.400000e-02  3.000000e-03  9.033846e-02
     vertex  3.199872e-02  3.000000e-03  9.100167e-02
   endloop
 endfacet
 facet normal  0.000000e+00  1.000000e+00  0.000000e+00
   outer loop
     vertex  3.400000e-02  3.000000e-03  9.033846e-02
     vertex  3.199872e-02  3.000000e-03  8.901731e-02
     vertex  3.199872e-02  3.000000e-03  9.100167e-02
   endloop
 endfacet
 facet normal  0.000000e+00  1.000000e+00  0.000000e+00
   outer loop
     vertex  3.400000e-02  3.000000e-03  9.430769e-02
     vertex  3.400000e-02  3.000000e-03  9.232308e-02
     vertex  3.199872e-02  3.000000e-03  9.298604e-02
   endloop
 endfacet
 facet normal  0.000000e+00  1.000000e+00  0.000000e+00
   outer loop
     vertex  3.400000e-02  3.000000e-03  9.232308e-02
     vertex  3.199872e-02  3.000000e-03  9.100167e-02
     vertex  3.199872e-02  3.000000e-03  9.298604e-02
   endloop
 endfacet
 facet normal  0.000000e+00  1.000000e+00  0.000000e+00
   outer loop
     vertex  3.400000e-02  3.000000e-03  9.629231e-02
     vertex  3.400000e-02  3.000000e-03  9.430769e-02
     vertex  3.199872e-02  3.000000e-03  9.497041e-02
   endloop
 endfacet
 facet normal  0.000000e+00  1.000000e+00  0.000000e+00
   outer loop
     vertex  3.400000e-02  3.000000e-03  9.430769e-02
     vertex  3.199872e-02  3.000000e-03  9.298604e-02
     vertex  3.199872e-02  3.000000e-03  9.497041e-02
   endloop
 endfacet
 facet normal  0.000000e+00  1.000000e+00  0.000000e+00
   outer loop
     vertex  3.400000e-02  3.000000e-03  9.827692e-02
     vertex  3.400000e-02  3.000000e-03  9.629231e-02
     vertex  3.199872e-02  3.000000e-03  9.695477e-02
   endloop
 endfacet
 facet normal  0.000000e+00  1.000000e+00  0.000000e+00
   outer loop
     vertex  3.400000e-02  3.000000e-03  9.629231e-02
     vertex  3.199872e-02  3.000000e-03  9.497041e-02
     vertex  3.199872e-02  3.000000e-03  9.695477e-02
   endloop
 endfacet
 facet normal  0.000000e+00  1.000000e+00  0.000000e+00
   outer loop
     vertex  3.400000e-02  3.000000e-03  1.002615e-01
     vertex  3.400000e-02  3.000000e-03  9.827692e-02
     vertex  3.199872e-02  3.000000e-03  9.893914e-02
   endloop
 endfacet
 facet normal  0.000000e+00  1.000000e+00  0.000000e+00
   outer loop
     vertex  3.400000e-02  3.000000e-03  9.827692e-02
     vertex  3.199872e-02  3.000000e-03  9.695477e-02
     vertex  3.199872e-02  3.000000e-03  9.893914e-02
   endloop
 endfacet
 facet normal  0.000000e+00  1.000000e+00  0.000000e+00
   outer loop
     vertex  3.400000e-02  3.000000e-03  1.022462e-01
     vertex  3.400000e-02  3.000000e-03  1.002615e-01
     vertex  3.199872e-02  3.000000e-03  1.009235e-01
   endloop
 endfacet
 facet normal  0.000000e+00  1.000000e+00  0.000000e+00
   outer loop
     vertex  3.400000e-02  3.000000e-03  1.002615e-01
     vertex  3.199872e-02  3.000000e-03  9.893914e-02
     vertex  3.199872e-02  3.000000e-03  1.009235e-01
   endloop
 endfacet
 facet normal  0.000000e+00  1.000000e+00  0.000000e+00
   outer loop
     vertex  3.400000e-02  3.000000e-03  1.042308e-01
     vertex  3.400000e-02  3.000000e-03  1.022462e-01
     vertex  3.199872e-02  3.000000e-03  1.029079e-01
   endloop
 endfacet
 facet normal  0.000000e+00  1.000000e+00  0.000000e+00
   outer loop
     vertex  3.400000e-02  3.000000e-03  1.022462e-01
     vertex  3.199872e-02  3.000000e-03  1.009235e-01
     vertex  3.199872e-02  3.000000e-03  1.029079e-01
   endloop
 endfacet
 facet normal  0.000000e+00  1.000000e+00  0.000000e+00
   outer loop
     vertex  3.400000e-02  3.000000e-03  1.062154e-01
     vertex  3.400000e-02  3.000000e-03  1.042308e-01
     vertex  3.199872e-02  3.000000e-03  1.048923e-01
   endloop
 endfacet
 facet normal  0.000000e+00  1.000000e+00  0.000000e+00
   outer loop
     vertex  3.400000e-02  3.000000e-03  1.042308e-01
     vertex  3.199872e-02  3.000000e-03  1.029079e-01
     vertex  3.199872e-02  3.000000e-03  1.048923e-01
   endloop
 endfacet
 facet normal  0.000000e+00  1.000000e+00  0.000000e+00
   outer loop
     vertex  3.400000e-02  3.000000e-03  1.082000e-01
     vertex  3.400000e-02  3.000000e-03  1.062154e-01
     vertex  3.199872e-02  3.000000e-03  1.068767e-01
   endloop
 endfacet
 facet normal  0.000000e+00  1.000000e+00  0.000000e+00
   outer loop
     vertex  3.400000e-02  3.000000e-03  1.062154e-01
     vertex  3.199872e-02  3.000000e-03  1.048923e-01
     vertex  3.199872e-02  3.000000e-03  1.068767e-01
   endloop
 endfacet
 facet normal  0.000000e+00  1.000000e+00  0.000000e+00
   outer loop
     vertex  3.400000e-02  3.000000e-03  1.101846e-01
     vertex  3.400000e-02  3.000000e-03  1.082000e-01
     vertex  3.199870e-02  3.000000e-03  1.088612e-01
   endloop
 endfacet
 facet normal  0.000000e+00  1.000000e+00  0.000000e+00
   outer loop
     vertex  3.400000e-02  3.000000e-03  1.082000e-01
     vertex  3.199872e-02  3.000000e-03  1.068767e-01
     vertex  3.199870e-02  3.000000e-03  1.088612e-01
   endloop
 endfacet
 facet normal  0.000000e+00  1.000000e+00  0.000000e+00
   outer loop
     vertex  3.400000e-02  3.000000e-03  1.121692e-01
     vertex  3.400000e-02  3.000000e-03  1.101846e-01
     vertex  3.199862e-02  3.000000e-03  1.108459e-01
   endloop
 endfacet
 facet normal  0.000000e+00  1.000000e+00  0.000000e+00
   outer loop
     vertex  3.400000e-02  3.000000e-03  1.101846e-01
     vertex  3.199870e-02  3.000000e-03  1.088612e-01
     vertex  3.199862e-02  3.000000e-03  1.108459e-01
   endloop
 endfacet
 facet normal  0.000000e+00  1.000000e+00  0.000000e+00
   outer loop
     vertex  3.400000e-02  3.000000e-03  1.141538e-01
     vertex  3.400000e-02  3.000000e-03  1.121692e-01
     vertex  3.199833e-02  3.000000e-03  1.128310e-01
   endloop
 endfacet
 facet normal  0.000000e+00  1.000000e+00  0.000000e+00
   outer loop
     vertex  3.400000e-02  3.000000e-03  1.121692e-01
     vertex  3.199862e-02  3.000000e-03  1.108459e-01
     vertex  3.199833e-02  3.000000e-03  1.128310e-01
   endloop
 endfacet
 facet normal  0.000000e+00  1.000000e+00  0.000000e+00
   outer loop
     vertex  3.400000e-02  3.000000e-03  1.161385e-01
     vertex  3.400000e-02  3.000000e-03  1.141538e-01
     vertex  3.199722e-02  3.000000e-03  1.148176e-01
   endloop
 endfacet
 facet normal  0.000000e+00  1.000000e+00  0.000000e+00
   outer loop
     vertex  3.400000e-02  3.000000e-03  1.141538e-01
     vertex  3.199833e-02  3.000000e-03  1.128310e-01
     vertex  3.199722e-02  3.000000e-03  1.148176e-01
   endloop
 endfacet
 facet normal  0.000000e+00  1.000000e+00  0.000000e+00
   outer loop
     vertex  3.400000e-02  3.000000e-03  1.181231e-01
     vertex  3.400000e-02  3.000000e-03  1.161385e-01
     vertex  3.199305e-02  3.000000e-03  1.168079e-01
   endloop
 endfacet
 facet normal  0.000000e+00  1.000000e+00  0.000000e+00
   outer loop
     vertex  3.400000e-02  3.000000e-03  1.161385e-01
     vertex  3.199722e-02  3.000000e-03  1.148176e-01
     vertex  3.199305e-02  3.000000e-03  1.168079e-01
   endloop
 endfacet
 facet normal  0.000000e+00  1.000000e+00  0.000000e+00
   outer loop
     vertex  3.400000e-02  3.000000e-03  1.201077e-01
     vertex  3.400000e-02  3.000000e-03  1.181231e-01
     vertex  3.197700e-02  3.000000e-03  1.188103e-01
   endloop
 endfacet
 facet normal  0.000000e+00  1.000000e+00  0.000000e+00
   outer loop
     vertex  3.400000e-02  3.000000e-03  1.181231e-01
     vertex  3.199305e-02  3.000000e-03  1.168079e-01
     vertex  3.197700e-02  3.000000e-03  1.188103e-01
   endloop
 endfacet
 facet normal  0.000000e+00  1.000000e+00  0.000000e+00
   outer loop
     vertex  3.400000e-02  3.000000e-03  1.220923e-01
     vertex  3.400000e-02  3.000000e-03  1.201077e-01
     vertex  3.191289e-02  3.000000e-03  1.208551e-01
   endloop
 endfacet
 facet normal  0.000000e+00  1.000000e+00  0.000000e+00
   outer loop
     vertex  3.400000e-02  3.000000e-03  1.201077e-01
     vertex  3.197700e-02  3.000000e-03  1.188103e-01
     vertex  3.191289e-02  3.000000e-03  1.208551e-01
   endloop
 endfacet
 facet normal  0.000000e+00  1.000000e+00  0.000000e+00
   outer loop
     vertex  3.400000e-02  3.000000e-03  1.240769e-01
     vertex  3.400000e-02  3.000000e-03  1.220923e-01
     vertex  3.162239e-02  3.000000e-03  1.230833e-01
   endloop
 endfacet
 facet normal  0.000000e+00  1.000000e+00  0.000000e+00
   outer loop
     vertex  3.400000e-02  3.000000e-03  1.220923e-01
     vertex  3.191289e-02  3.000000e-03  1.208551e-01
     vertex  3.162239e-02  3.000000e-03  1.230833e-01
   endloop
 endfacet
 facet normal  0.000000e+00  1.000000e+00  0.000000e+00
   outer loop
     vertex  3.400000e-02  3.000000e-03  1.260615e-01
     vertex  3.400000e-02  3.000000e-03  1.240769e-01
     vertex  3.191506e-02  3.000000e-03  1.253121e-01
   endloop
 endfacet
 facet normal  0.000000e+00  1.000000e+00  0.000000e+00
   outer loop
     vertex  3.400000e-02  3.000000e-03  1.240769e-01
     vertex  3.162239e-02  3.000000e-03  1.230833e-01
     vertex  3.191506e-02  3.000000e-03  1.253121e-01
   endloop
 endfacet
 facet normal  0.000000e+00  1.000000e+00  0.000000e+00
   outer loop
     vertex  3.400000e-02  3.000000e-03  1.280462e-01
     vertex  3.400000e-02  3.000000e-03  1.260615e-01
     vertex  3.198185e-02  3.000000e-03  1.273612e-01
   endloop
 endfacet
 facet normal  0.000000e+00  1.000000e+00  0.000000e+00
   outer loop
     vertex  3.400000e-02  3.000000e-03  1.260615e-01
     vertex  3.191506e-02  3.000000e-03  1.253121e-01
     vertex  3.198185e-02  3.000000e-03  1.273612e-01
   endloop
 endfacet
 facet normal  0.000000e+00  1.000000e+00  0.000000e+00
   outer loop
     vertex  3.400000e-02  3.000000e-03  1.300308e-01
     vertex  3.400000e-02  3.000000e-03  1.280462e-01
     vertex  3.200416e-02  3.000000e-03  1.293806e-01
   endloop
 endfacet
 facet normal  0.000000e+00  1.000000e+00  0.000000e+00
   outer loop
     vertex  3.400000e-02  3.000000e-03  1.280462e-01
     vertex  3.198185e-02  3.000000e-03  1.273612e-01
     vertex  3.200416e-02  3.000000e-03  1.293806e-01
   endloop
 endfacet
 facet normal  0.000000e+00  1.000000e+00  0.000000e+00
   outer loop
     vertex  3.400000e-02  3.000000e-03  1.320154e-01
     vertex  3.400000e-02  3.000000e-03  1.300308e-01
     vertex  3.201877e-02  3.000000e-03  1.314525e-01
   endloop
 endfacet
 facet normal  0.000000e+00  1.000000e+00  0.000000e+00
   outer loop
     vertex  3.400000e-02  3.000000e-03  1.300308e-01
     vertex  3.200416e-02  3.000000e-03  1.293806e-01
     vertex  3.201877e-02  3.000000e-03  1.314525e-01
   endloop
 endfacet
 facet normal  0.000000e+00  1.000000e+00  0.000000e+00
   outer loop
     vertex  3.200000e-02  3.000000e-03  1.340000e-01
     vertex  3.400000e-02  3.000000e-03  1.320154e-01
     vertex  3.201877e-02  3.000000e-03  1.314525e-01
   endloop
 endfacet
 facet normal  2.521709e-14  1.000000e+00 -1.238192e-13
   outer loop
     vertex  3.400000e-02  3.000000e-03  6.984615e-03
     vertex  3.206313e-02  3.000000e-03  5.000000e-03
     vertex  3.150722e-02  3.000000e-03  6.476933e-03
   endloop
 endfacet
 facet normal  0.000000e+00  1.000000e+00 -0.000000e+00
   outer loop
     vertex  2.596911e-02  3.000000e-03  7.514773e-03
     vertex  2.431563e-02  3.000000e-03  9.000000e-03
     vertex  2.699652e-02  3.000000e-03  9.177831e-03
   endloop
 endfacet
 facet normal  0.000000e+00  1.000000e+00  0.000000e+00
   outer loop
     vertex  2.431563e-02  3.000000e-03  9.000000e-03
     vertex  2.615782e-02  3.000000e-03  1.100000e-02
     vertex  2.699652e-02  3.000000e-03  9.177831e-03
   endloop
 endfacet
 facet normal  0.000000e+00  1.000000e+00  0.000000e+00
   outer loop
     vertex  2.699652e-02  3.000000e-03  9.177831e-03
     vertex  2.800000e-02  3.000000e-03  1.100000e-02
     vertex  2.948528e-02  3.000000e-03  9.240726e-03
   endloop
 endfacet
 facet normal  0.000000e+00  1.000000e+00 -0.000000e+00
   outer loop
     vertex  2.948528e-02  3.000000e-03  9.240726e-03
     vertex  2.800000e-02  3.000000e-03  1.100000e-02
     vertex  3.025399e-02  3.000000e-03  1.186637e-02
   endloop
 endfacet
 facet normal  0.000000e+00  1.000000e+00  0.000000e+00
   outer loop
     vertex  2.800000e-02  3.000000e-03  1.298387e-02
     vertex  2.800000e-02  3.000000e-03  1.496774e-02
     vertex  3.005672e-02  3.000000e-03  1.417620e-02
   endloop
 endfacet
 facet normal  0.000000e+00  1.000000e+00  0.000000e+00
   outer loop
     vertex  2.800000e-02  3.000000e-03  1.695161e-02
     vertex  2.800000e-02  3.000000e-03  1.893548e-02
     vertex  3.000344e-02  3.000000e-03  1.824587e-02
   endloop
 endfacet
 facet normal  0.000000e+00  1.000000e+00  0.000000e+00
   outer loop
     vertex  2.800000e-02  3.000000e-03  2.091935e-02
     vertex  2.800000e-02  3.000000e-03  2.290323e-02
     vertex  2.999980e-02  3.000000e-03  2.222459e-02
   endloop
 endfacet
 facet normal  0.000000e+00  1.000000e+00  0.000000e+00
   outer loop
     vertex  2.800000e-02  3.000000e-03  2.488710e-02
     vertex  2.800000e-02  3.000000e-03  2.687097e-02
     vertex  2.999929e-02  3.000000e-03  2.619340e-02
   endloop
 endfacet
 facet normal  0.000000e+00  1.000000e+00  0.000000e+00
   outer loop
     vertex  2.800000e-02  3.000000e-03  2.885484e-02
     vertex  2.800000e-02  3.000000e-03  3.083871e-02
     vertex  2.999915e-02  3.000000e-03  3.016151e-02
   endloop
 endfacet
 facet normal  0.000000e+00  1.000000e+00  0.000000e+00
   outer loop
     vertex  2.800000e-02  3.000000e-03  3.282258e-02
     vertex  2.800000e-02  3.000000e-03  3.480645e-02
     vertex  2.999914e-02  3.000000e-03  3.412970e-02
   endloop
 endfacet
 facet normal  0.000000e+00  1.000000e+00  0.000000e+00
   outer loop
     vertex  2.800000e-02  3.000000e-03  3.679032e-02
     vertex  2.800000e-02  3.000000e-03  3.877419e-02
     vertex  2.999911e-02  3.000000e-03  3.809781e-02
   endloop
 endfacet
 facet normal  0.000000e+00  1.000000e+00  0.000000e+00
   outer loop
     vertex  2.800000e-02  3.000000e-03  4.075806e-02
     vertex  2.800000e-02  3.000000e-03  4.274194e-02
     vertex  2.999899e-02  3.000000e-03  4.206578e-02
   endloop
 endfacet
 facet normal  0.000000e+00  1.000000e+00  0.000000e+00
   outer loop
     vertex  2.800000e-02  3.000000e-03  4.472581e-02
     vertex  2.800000e-02  3.000000e-03  4.670968e-02
     vertex  2.999927e-02  3.000000e-03  4.603494e-02
   endloop
 endfacet
 facet normal  0.000000e+00  1.000000e+00  0.000000e+00
   outer loop
     vertex  2.800000e-02  3.000000e-03  4.869355e-02
     vertex  2.800000e-02  3.000000e-03  5.067742e-02
     vertex  2.999922e-02  3.000000e-03  5.000310e-02
   endloop
 endfacet
 facet normal  0.000000e+00  1.000000e+00  0.000000e+00
   outer loop
     vertex  2.800000e-02  3.000000e-03  5.266129e-02
     vertex  2.800000e-02  3.000000e-03  5.464516e-02
     vertex  2.999917e-02  3.000000e-03  5.397102e-02
   endloop
 endfacet
 facet normal  0.000000e+00  1.000000e+00  0.000000e+00
   outer loop
     vertex  2.800000e-02  3.000000e-03  5.662903e-02
     vertex  2.800000e-02  3.000000e-03  5.861290e-02
     vertex  2.999915e-02  3.000000e-03  5.793919e-02
   endloop
 endfacet
 facet normal  0.000000e+00  1.000000e+00  0.000000e+00
   outer loop
     vertex  2.800000e-02  3.000000e-03  6.059677e-02
     vertex  2.800000e-02  3.000000e-03  6.258065e-02
     vertex  2.999915e-02  3.000000e-03  6.190743e-02
   endloop
 endfacet
 facet normal  0.000000e+00  1.000000e+00  0.000000e+00
   outer loop
     vertex  2.800000e-02  3.000000e-03  6.456452e-02
     vertex  2.800000e-02  3.000000e-03  6.654839e-02
     vertex  2.999916e-02  3.000000e-03  6.587567e-02
   endloop
 endfacet
 facet normal  0.000000e+00  1.000000e+00  0.000000e+00
   outer loop
     vertex  2.800000e-02  3.000000e-03  6.853226e-02
     vertex  2.800000e-02  3.000000e-03  7.051613e-02
     vertex  2.999916e-02  3.000000e-03  6.984390e-02
   endloop
 endfacet
 facet normal  0.000000e+00  1.000000e+00  0.000000e+00
   outer loop
     vertex  2.800000e-02  3.000000e-03  7.250000e-02
     vertex  2.800000e-02  3.000000e-03  7.448387e-02
     vertex  2.999916e-02  3.000000e-03  7.381214e-02
   endloop
 endfacet
 facet normal  0.000000e+00  1.000000e+00  0.000000e+00
   outer loop
     vertex  2.800000e-02  3.000000e-03  7.646774e-02
     vertex  2.800000e-02  3.000000e-03  7.845161e-02
     vertex  2.999916e-02  3.000000e-03  7.778038e-02
   endloop
 endfacet
 facet normal  0.000000e+00  1.000000e+00  0.000000e+00
   outer loop
     vertex  2.800000e-02  3.000000e-03  8.043548e-02
     vertex  2.800000e-02  3.000000e-03  8.241935e-02
     vertex  2.999916e-02  3.000000e-03  8.174861e-02
   endloop
 endfacet
 facet normal  0.000000e+00  1.000000e+00  0.000000e+00
   outer loop
     vertex  2.800000e-02  3.000000e-03  8.440323e-02
     vertex  2.800000e-02  3.000000e-03  8.638710e-02
     vertex  2.999916e-02  3.000000e-03  8.571685e-02
   endloop
 endfacet
 facet normal  0.000000e+00  1.000000e+00  0.000000e+00
   outer loop
     vertex  2.800000e-02  3.000000e-03  8.837097e-02
     vertex  2.800000e-02  3.000000e-03  9.035484e-02
     vertex  2.999916e-02  3.000000e-03  8.968509e-02
   endloop
 endfacet
 facet normal  0.000000e+00  1.000000e+00  0.000000e+00
   outer loop
     vertex  2.800000e-02  3.000000e-03  9.233871e-02
     vertex  2.800000e-02  3.000000e-03  9.432258e-02
     vertex  2.999916e-02  3.000000e-03  9.365332e-02
   endloop
 endfacet
 facet normal  0.000000e+00  1.000000e+00  0.000000e+00
   outer loop
     vertex  2.800000e-02  3.000000e-03  9.630645e-02
     vertex  2.800000e-02  3.000000e-03  9.829032e-02
     vertex  2.999916e-02  3.000000e-03  9.762156e-02
   endloop
 endfacet
 facet normal  0.000000e+00  1.000000e+00  0.000000e+00
   outer loop
     vertex  2.800000e-02  3.000000e-03  1.002742e-01
     vertex  2.800000e-02  3.000000e-03  1.022581e-01
     vertex  2.999916e-02  3.000000e-03  1.015898e-01
   endloop
 endfacet
 facet normal  0.000000e+00  1.000000e+00  0.000000e+00
   outer loop
     vertex  2.800000e-02  3.000000e-03  1.042419e-01
     vertex  2.800000e-02  3.000000e-03  1.062258e-01
     vertex  2.999916e-02  3.000000e-03  1.055581e-01
   endloop
 endfacet
 facet normal  0.000000e+00  1.000000e+00  0.000000e+00
   outer loop
     vertex  2.800000e-02  3.000000e-03  1.082097e-01
     vertex  2.800000e-02  3.000000e-03  1.101935e-01
     vertex  2.999914e-02  3.000000e-03  1.095265e-01
   endloop
 endfacet
 facet normal  0.000000e+00  1.000000e+00  0.000000e+00
   outer loop
     vertex  2.800000e-02  3.000000e-03  1.121774e-01
     vertex  2.800000e-02  3.000000e-03  1.141613e-01
     vertex  2.999866e-02  3.000000e-03  1.134958e-01
   endloop
 endfacet
 facet normal  0.000000e+00  1.000000e+00  0.000000e+00
   outer loop
     vertex  2.800000e-02  3.000000e-03  1.161452e-01
     vertex  2.800000e-02  3.000000e-03  1.181290e-01
     vertex  2.999069e-02  3.000000e-03  1.174662e-01
   endloop
 endfacet
 facet normal  0.000000e+00  1.000000e+00  0.000000e+00
   outer loop
     vertex  2.800000e-02  3.000000e-03  1.201129e-01
     vertex  2.800000e-02  3.000000e-03  1.220968e-01
     vertex  2.986946e-02  3.000000e-03  1.213763e-01
   endloop
 endfacet
 facet normal  0.000000e+00  1.000000e+00  0.000000e+00
   outer loop
     vertex  2.800000e-02  3.000000e-03  1.240806e-01
     vertex  2.800000e-02  3.000000e-03  1.260645e-01
     vertex  2.987141e-02  3.000000e-03  1.247924e-01
   endloop
 endfacet
 facet normal  0.000000e+00  1.000000e+00  0.000000e+00
   outer loop
     vertex  2.800000e-02  3.000000e-03  1.280484e-01
     vertex  2.800000e-02  3.000000e-03  1.300323e-01
     vertex  2.999907e-02  3.000000e-03  1.286958e-01
   endloop
 endfacet
 facet normal  0.000000e+00  1.000000e+00  0.000000e+00
   outer loop
     vertex  2.999911e-02  3.000000e-03  3.809781e-02
     vertex  2.800000e-02  3.000000e-03  3.877419e-02
     vertex  2.999908e-02  3.000000e-03  4.008183e-02
   endloop
 endfacet
 facet normal -0.000000e+00  1.000000e+00  0.000000e+00
   outer loop
     vertex  3.006021e-02  3.000000e-03  1.324780e-01
     vertex  3.200000e-02  3.000000e-03  1.340000e-01
     vertex  3.201877e-02  3.000000e-03  1.314525e-01
   endloop
 endfacet
 facet normal  0.000000e+00  1.000000e+00  0.000000e+00
   outer loop
     vertex  2.999915e-02  3.000000e-03  3.016151e-02
     vertex  2.800000e-02  3.000000e-03  3.083871e-02
     vertex  2.999915e-02  3.000000e-03  3.214561e-02
   endloop
 endfacet
 facet normal  9.419516e-14  1.000000e+00 -3.025602e-13
   outer loop
     vertex  2.431563e-02  3.000000e-03  7.000000e-03
     vertex  2.596911e-02  3.000000e-03  7.514773e-03
     vertex  2.625251e-02  3.000000e-03  5.000000e-03
   endloop
 endfacet
 facet normal  0.000000e+00  1.000000e+00  0.000000e+00
   outer loop
     vertex  3.001407e-02  3.000000e-03  1.623811e-02
     vertex  2.800000e-02  3.000000e-03  1.695161e-02
     vertex  3.000344e-02  3.000000e-03  1.824587e-02
   endloop
 endfacet
 facet normal  0.000000e+00  1.000000e+00  0.000000e+00
   outer loop
     vertex  3.000064e-02  3.000000e-03  2.023790e-02
     vertex  2.800000e-02  3.000000e-03  2.091935e-02
     vertex  2.999980e-02  3.000000e-03  2.222459e-02
   endloop
 endfacet
 facet normal  0.000000e+00  1.000000e+00  0.000000e+00
   outer loop
     vertex  2.999947e-02  3.000000e-03  2.420932e-02
     vertex  2.800000e-02  3.000000e-03  2.488710e-02
     vertex  2.999929e-02  3.000000e-03  2.619340e-02
   endloop
 endfacet
 facet normal  0.000000e+00  1.000000e+00  0.000000e+00
   outer loop
     vertex  2.999918e-02  3.000000e-03  2.817742e-02
     vertex  2.800000e-02  3.000000e-03  2.885484e-02
     vertex  2.999915e-02  3.000000e-03  3.016151e-02
   endloop
 endfacet
 facet normal  0.000000e+00  1.000000e+00  0.000000e+00
   outer loop
     vertex  2.999915e-02  3.000000e-03  3.214561e-02
     vertex  2.800000e-02  3.000000e-03  3.282258e-02
     vertex  2.999914e-02  3.000000e-03  3.412970e-02
   endloop
 endfacet
 facet normal  0.000000e+00  1.000000e+00  0.000000e+00
   outer loop
     vertex  2.999913e-02  3.000000e-03  3.611376e-02
     vertex  2.800000e-02  3.000000e-03  3.679032e-02
     vertex  2.999911e-02  3.000000e-03  3.809781e-02
   endloop
 endfacet
 facet normal  0.000000e+00  1.000000e+00  0.000000e+00
   outer loop
     vertex  2.999908e-02  3.000000e-03  4.008183e-02
     vertex  2.800000e-02  3.000000e-03  4.075806e-02
     vertex  2.999899e-02  3.000000e-03  4.206578e-02
   endloop
 endfacet
 facet normal  0.000000e+00  1.000000e+00  0.000000e+00
   outer loop
     vertex  2.999932e-02  3.000000e-03  4.405090e-02
     vertex  2.800000e-02  3.000000e-03  4.472581e-02
     vertex  2.999927e-02  3.000000e-03  4.603494e-02
   endloop
 endfacet
 facet normal  0.000000e+00  1.000000e+00  0.000000e+00
   outer loop
     vertex  2.999924e-02  3.000000e-03  4.801905e-02
     vertex  2.800000e-02  3.000000e-03  4.869355e-02
     vertex  2.999922e-02  3.000000e-03  5.000310e-02
   endloop
 endfacet
 facet normal  0.000000e+00  1.000000e+00  0.000000e+00
   outer loop
     vertex  2.999919e-02  3.000000e-03  5.198707e-02
     vertex  2.800000e-02  3.000000e-03  5.266129e-02
     vertex  2.999917e-02  3.000000e-03  5.397102e-02
   endloop
 endfacet
 facet normal  0.000000e+00  1.000000e+00 -0.000000e+00
   outer loop
     vertex  2.999915e-02  3.000000e-03  5.595508e-02
     vertex  2.800000e-02  3.000000e-03  5.662903e-02
     vertex  2.999915e-02  3.000000e-03  5.793919e-02
   endloop
 endfacet
 facet normal  0.000000e+00  1.000000e+00 -0.000000e+00
   outer loop
     vertex  2.999915e-02  3.000000e-03  5.992331e-02
     vertex  2.800000e-02  3.000000e-03  6.059677e-02
     vertex  2.999915e-02  3.000000e-03  6.190743e-02
   endloop
 endfacet
 facet normal  0.000000e+00  1.000000e+00 -0.000000e+00
   outer loop
     vertex  2.999915e-02  3.000000e-03  6.389155e-02
     vertex  2.800000e-02  3.000000e-03  6.456452e-02
     vertex  2.999916e-02  3.000000e-03  6.587567e-02
   endloop
 endfacet
 facet normal  0.000000e+00  1.000000e+00 -0.000000e+00
   outer loop
     vertex  2.999916e-02  3.000000e-03  6.785979e-02
     vertex  2.800000e-02  3.000000e-03  6.853226e-02
     vertex  2.999916e-02  3.000000e-03  6.984390e-02
   endloop
 endfacet
 facet normal  0.000000e+00  1.000000e+00 -0.000000e+00
   outer loop
     vertex  2.999916e-02  3.000000e-03  7.182802e-02
     vertex  2.800000e-02  3.000000e-03  7.250000e-02
     vertex  2.999916e-02  3.000000e-03  7.381214e-02
   endloop
 endfacet
 facet normal  0.000000e+00  1.000000e+00 -0.000000e+00
   outer loop
     vertex  2.999916e-02  3.000000e-03  7.579626e-02
     vertex  2.800000e-02  3.000000e-03  7.646774e-02
     vertex  2.999916e-02  3.000000e-03  7.778038e-02
   endloop
 endfacet
 facet normal  0.000000e+00  1.000000e+00 -0.000000e+00
   outer loop
     vertex  2.999916e-02  3.000000e-03  7.976450e-02
     vertex  2.800000e-02  3.000000e-03  8.043548e-02
     vertex  2.999916e-02  3.000000e-03  8.174861e-02
   endloop
 endfacet
 facet normal  0.000000e+00  1.000000e+00 -0.000000e+00
   outer loop
     vertex  2.999916e-02  3.000000e-03  8.373273e-02
     vertex  2.800000e-02  3.000000e-03  8.440323e-02
     vertex  2.999916e-02  3.000000e-03  8.571685e-02
   endloop
 endfacet
 facet normal  0.000000e+00  1.000000e+00 -0.000000e+00
   outer loop
     vertex  2.999916e-02  3.000000e-03  8.770097e-02
     vertex  2.800000e-02  3.000000e-03  8.837097e-02
     vertex  2.999916e-02  3.000000e-03  8.968509e-02
   endloop
 endfacet
 facet normal  0.000000e+00  1.000000e+00 -0.000000e+00
   outer loop
     vertex  2.999916e-02  3.000000e-03  9.166921e-02
     vertex  2.800000e-02  3.000000e-03  9.233871e-02
     vertex  2.999916e-02  3.000000e-03  9.365332e-02
   endloop
 endfacet
 facet normal  0.000000e+00  1.000000e+00 -0.000000e+00
   outer loop
     vertex  2.999916e-02  3.000000e-03  9.563744e-02
     vertex  2.800000e-02  3.000000e-03  9.630645e-02
     vertex  2.999916e-02  3.000000e-03  9.762156e-02
   endloop
 endfacet
 facet normal  0.000000e+00  1.000000e+00 -0.000000e+00
   outer loop
     vertex  2.999916e-02  3.000000e-03  9.960568e-02
     vertex  2.800000e-02  3.000000e-03  1.002742e-01
     vertex  2.999916e-02  3.000000e-03  1.015898e-01
   endloop
 endfacet
 facet normal  0.000000e+00  1.000000e+00 -0.000000e+00
   outer loop
     vertex  2.999916e-02  3.000000e-03  1.035739e-01
     vertex  2.800000e-02  3.000000e-03  1.042419e-01
     vertex  2.999916e-02  3.000000e-03  1.055581e-01
   endloop
 endfacet
 facet normal  0.000000e+00  1.000000e+00  0.000000e+00
   outer loop
     vertex  2.999916e-02  3.000000e-03  1.075423e-01
     vertex  2.800000e-02  3.000000e-03  1.082097e-01
     vertex  2.999914e-02  3.000000e-03  1.095265e-01
   endloop
 endfacet
 facet normal  0.000000e+00  1.000000e+00  0.000000e+00
   outer loop
     vertex  2.999905e-02  3.000000e-03  1.115110e-01
     vertex  2.800000e-02  3.000000e-03  1.121774e-01
     vertex  2.999866e-02  3.000000e-03  1.134958e-01
   endloop
 endfacet
 facet normal  0.000000e+00  1.000000e+00  0.000000e+00
   outer loop
     vertex  2.999706e-02  3.000000e-03  1.154812e-01
     vertex  2.800000e-02  3.000000e-03  1.161452e-01
     vertex  2.999069e-02  3.000000e-03  1.174662e-01
   endloop
 endfacet
 facet normal  0.000000e+00  1.000000e+00  0.000000e+00
   outer loop
     vertex  2.996579e-02  3.000000e-03  1.194441e-01
     vertex  2.800000e-02  3.000000e-03  1.201129e-01
     vertex  2.986946e-02  3.000000e-03  1.213763e-01
   endloop
 endfacet
 facet normal  0.000000e+00  1.000000e+00 -0.000000e+00
   outer loop
     vertex  2.950903e-02  3.000000e-03  1.230856e-01
     vertex  2.800000e-02  3.000000e-03  1.240806e-01
     vertex  2.987141e-02  3.000000e-03  1.247924e-01
   endloop
 endfacet
 facet normal  0.000000e+00  1.000000e+00 -0.000000e+00
   outer loop
     vertex  2.996948e-02  3.000000e-03  1.267240e-01
     vertex  2.800000e-02  3.000000e-03  1.280484e-01
     vertex  2.999907e-02  3.000000e-03  1.286958e-01
   endloop
 endfacet
 facet normal  0.000000e+00  1.000000e+00  0.000000e+00
   outer loop
     vertex  2.999914e-02  3.000000e-03  3.412970e-02
     vertex  2.800000e-02  3.000000e-03  3.480645e-02
     vertex  2.999913e-02  3.000000e-03  3.611376e-02
   endloop
 endfacet
 facet normal  0.000000e+00  1.000000e+00  0.000000e+00
   outer loop
     vertex  2.999929e-02  3.000000e-03  2.619340e-02
     vertex  2.800000e-02  3.000000e-03  2.687097e-02
     vertex  2.999918e-02  3.000000e-03  2.817742e-02
   endloop
 endfacet
 facet normal  0.000000e+00  1.000000e+00 -0.000000e+00
   outer loop
     vertex  2.999899e-02  3.000000e-03  4.206578e-02
     vertex  2.800000e-02  3.000000e-03  4.274194e-02
     vertex  2.999932e-02  3.000000e-03  4.405090e-02
   endloop
 endfacet
 facet normal  0.000000e+00  1.000000e+00  0.000000e+00
   outer loop
     vertex  2.999927e-02  3.000000e-03  4.603494e-02
     vertex  2.800000e-02  3.000000e-03  4.670968e-02
     vertex  2.999924e-02  3.000000e-03  4.801905e-02
   endloop
 endfacet
 facet normal  0.000000e+00  1.000000e+00  0.000000e+00
   outer loop
     vertex  2.999922e-02  3.000000e-03  5.000310e-02
     vertex  2.800000e-02  3.000000e-03  5.067742e-02
     vertex  2.999919e-02  3.000000e-03  5.198707e-02
   endloop
 endfacet
 facet normal  0.000000e+00  1.000000e+00  0.000000e+00
   outer loop
     vertex  2.999917e-02  3.000000e-03  5.397102e-02
     vertex  2.800000e-02  3.000000e-03  5.464516e-02
     vertex  2.999915e-02  3.000000e-03  5.595508e-02
   endloop
 endfacet
 facet normal  0.000000e+00  1.000000e+00 -0.000000e+00
   outer loop
     vertex  2.999915e-02  3.000000e-03  5.793919e-02
     vertex  2.800000e-02  3.000000e-03  5.861290e-02
     vertex  2.999915e-02  3.000000e-03  5.992331e-02
   endloop
 endfacet
 facet normal  0.000000e+00  1.000000e+00 -0.000000e+00
   outer loop
     vertex  2.999915e-02  3.000000e-03  6.190743e-02
     vertex  2.800000e-02  3.000000e-03  6.258065e-02
     vertex  2.999915e-02  3.000000e-03  6.389155e-02
   endloop
 endfacet
 facet normal  0.000000e+00  1.000000e+00 -0.000000e+00
   outer loop
     vertex  2.999916e-02  3.000000e-03  6.587567e-02
     vertex  2.800000e-02  3.000000e-03  6.654839e-02
     vertex  2.999916e-02  3.000000e-03  6.785979e-02
   endloop
 endfacet
 facet normal  0.000000e+00  1.000000e+00 -0.000000e+00
   outer loop
     vertex  2.999916e-02  3.000000e-03  6.984390e-02
     vertex  2.800000e-02  3.000000e-03  7.051613e-02
     vertex  2.999916e-02  3.000000e-03  7.182802e-02
   endloop
 endfacet
 facet normal  0.000000e+00  1.000000e+00 -0.000000e+00
   outer loop
     vertex  2.999916e-02  3.000000e-03  7.381214e-02
     vertex  2.800000e-02  3.000000e-03  7.448387e-02
     vertex  2.999916e-02  3.000000e-03  7.579626e-02
   endloop
 endfacet
 facet normal  0.000000e+00  1.000000e+00 -0.000000e+00
   outer loop
     vertex  2.999916e-02  3.000000e-03  7.778038e-02
     vertex  2.800000e-02  3.000000e-03  7.845161e-02
     vertex  2.999916e-02  3.000000e-03  7.976450e-02
   endloop
 endfacet
 facet normal  0.000000e+00  1.000000e+00 -0.000000e+00
   outer loop
     vertex  2.999916e-02  3.000000e-03  8.174861e-02
     vertex  2.800000e-02  3.000000e-03  8.241935e-02
     vertex  2.999916e-02  3.000000e-03  8.373273e-02
   endloop
 endfacet
 facet normal  0.000000e+00  1.000000e+00 -0.000000e+00
   outer loop
     vertex  2.999916e-02  3.000000e-03  8.571685e-02
     vertex  2.800000e-02  3.000000e-03  8.638710e-02
     vertex  2.999916e-02  3.000000e-03  8.770097e-02
   endloop
 endfacet
 facet normal  0.000000e+00  1.000000e+00 -0.000000e+00
   outer loop
     vertex  2.999916e-02  3.000000e-03  8.968509e-02
     vertex  2.800000e-02  3.000000e-03  9.035484e-02
     vertex  2.999916e-02  3.000000e-03  9.166921e-02
   endloop
 endfacet
 facet normal  0.000000e+00  1.000000e+00 -0.000000e+00
   outer loop
     vertex  2.999916e-02  3.000000e-03  9.365332e-02
     vertex  2.800000e-02  3.000000e-03  9.432258e-02
     vertex  2.999916e-02  3.000000e-03  9.563744e-02
   endloop
 endfacet
 facet normal  0.000000e+00  1.000000e+00 -0.000000e+00
   outer loop
     vertex  2.999916e-02  3.000000e-03  9.762156e-02
     vertex  2.800000e-02  3.000000e-03  9.829032e-02
     vertex  2.999916e-02  3.000000e-03  9.960568e-02
   endloop
 endfacet
 facet normal  0.000000e+00  1.000000e+00 -0.000000e+00
   outer loop
     vertex  2.999916e-02  3.000000e-03  1.015898e-01
     vertex  2.800000e-02  3.000000e-03  1.022581e-01
     vertex  2.999916e-02  3.000000e-03  1.035739e-01
   endloop
 endfacet
 facet normal  0.000000e+00  1.000000e+00  0.000000e+00
   outer loop
     vertex  2.999916e-02  3.000000e-03  1.055581e-01
     vertex  2.800000e-02  3.000000e-03  1.062258e-01
     vertex  2.999916e-02  3.000000e-03  1.075423e-01
   endloop
 endfacet
 facet normal  0.000000e+00  1.000000e+00  0.000000e+00
   outer loop
     vertex  2.999914e-02  3.000000e-03  1.095265e-01
     vertex  2.800000e-02  3.000000e-03  1.101935e-01
     vertex  2.999905e-02  3.000000e-03  1.115110e-01
   endloop
 endfacet
 facet normal  0.000000e+00  1.000000e+00  0.000000e+00
   outer loop
     vertex  2.999866e-02  3.000000e-03  1.134958e-01
     vertex  2.800000e-02  3.000000e-03  1.141613e-01
     vertex  2.999706e-02  3.000000e-03  1.154812e-01
   endloop
 endfacet
 facet normal  0.000000e+00  1.000000e+00  0.000000e+00
   outer loop
     vertex  2.999069e-02  3.000000e-03  1.174662e-01
     vertex  2.800000e-02  3.000000e-03  1.181290e-01
     vertex  2.996579e-02  3.000000e-03  1.194441e-01
   endloop
 endfacet
 facet normal  0.000000e+00  1.000000e+00  0.000000e+00
   outer loop
     vertex  2.986946e-02  3.000000e-03  1.213763e-01
     vertex  2.800000e-02  3.000000e-03  1.220968e-01
     vertex  2.950903e-02  3.000000e-03  1.230856e-01
   endloop
 endfacet
 facet normal  0.000000e+00  1.000000e+00 -0.000000e+00
   outer loop
     vertex  2.987141e-02  3.000000e-03  1.247924e-01
     vertex  2.800000e-02  3.000000e-03  1.260645e-01
     vertex  2.996948e-02  3.000000e-03  1.267240e-01
   endloop
 endfacet
 facet normal  0.000000e+00  1.000000e+00 -0.000000e+00
   outer loop
     vertex  2.999907e-02  3.000000e-03  1.286958e-01
     vertex  2.800000e-02  3.000000e-03  1.300323e-01
     vertex  3.002009e-02  3.000000e-03  1.306459e-01
   endloop
 endfacet
 facet normal  0.000000e+00  1.000000e+00  0.000000e+00
   outer loop
     vertex  2.999980e-02  3.000000e-03  2.222459e-02
     vertex  2.800000e-02  3.000000e-03  2.290323e-02
     vertex  2.999947e-02  3.000000e-03  2.420932e-02
   endloop
 endfacet
 facet normal  0.000000e+00  1.000000e+00  0.000000e+00
   outer loop
     vertex  3.000344e-02  3.000000e-03  1.824587e-02
     vertex  2.800000e-02  3.000000e-03  1.893548e-02
     vertex  3.000064e-02  3.000000e-03  2.023790e-02
   endloop
 endfacet
 facet normal  0.000000e+00  1.000000e+00  0.000000e+00
   outer loop
     vertex  3.005672e-02  3.000000e-03  1.417620e-02
     vertex  2.800000e-02  3.000000e-03  1.496774e-02
     vertex  3.001407e-02  3.000000e-03  1.623811e-02
   endloop
 endfacet
 facet normal -0.000000e+00  1.000000e+00  0.000000e+00
   outer loop
     vertex  2.800000e-02  3.000000e-03  1.298387e-02
     vertex  3.005672e-02  3.000000e-03  1.417620e-02
     vertex  3.025399e-02  3.000000e-03  1.186637e-02
   endloop
 endfacet
 facet normal  0.000000e+00  1.000000e+00 -0.000000e+00
   outer loop
     vertex  3.001407e-02  3.000000e-03  1.623811e-02
     vertex  3.000344e-02  3.000000e-03  1.824587e-02
     vertex  3.200452e-02  3.000000e-03  1.757374e-02
   endloop
 endfacet
 facet normal -0.000000e+00  1.000000e+00  0.000000e+00
   outer loop
     vertex  2.699652e-02  3.000000e-03  9.177831e-03
     vertex  2.948528e-02  3.000000e-03  9.240726e-03
     vertex  2.778664e-02  3.000000e-03  7.188743e-03
   endloop
 endfacet
 facet normal -0.000000e+00  1.000000e+00  0.000000e+00
   outer loop
     vertex  3.001407e-02  3.000000e-03  1.623811e-02
     vertex  3.200452e-02  3.000000e-03  1.757374e-02
     vertex  3.202045e-02  3.000000e-03  1.558685e-02
   endloop
 endfacet
 facet normal  0.000000e+00  1.000000e+00  0.000000e+00
   outer loop
     vertex  2.948528e-02  3.000000e-03  9.240726e-03
     vertex  3.025399e-02  3.000000e-03  1.186637e-02
     vertex  3.192789e-02  3.000000e-03  1.014482e-02
   endloop
 endfacet
 facet normal -0.000000e+00  1.000000e+00  0.000000e+00
   outer loop
     vertex  2.778664e-02  3.000000e-03  7.188743e-03
     vertex  2.948528e-02  3.000000e-03  9.240726e-03
     vertex  2.973859e-02  3.000000e-03  6.956065e-03
   endloop
 endfacet
 facet normal  0.000000e+00  1.000000e+00  0.000000e+00
   outer loop
     vertex  3.200452e-02  3.000000e-03  1.757374e-02
     vertex  3.000344e-02  3.000000e-03  1.824587e-02
     vertex  3.200059e-02  3.000000e-03  1.956225e-02
   endloop
 endfacet
 facet normal  0.000000e+00  1.000000e+00 -0.000000e+00
   outer loop
     vertex  3.025399e-02  3.000000e-03  1.186637e-02
     vertex  3.005672e-02  3.000000e-03  1.417620e-02
     vertex  3.209162e-02  3.000000e-03  1.363498e-02
   endloop
 endfacet
 facet normal  0.000000e+00  1.000000e+00 -0.000000e+00
   outer loop
     vertex  3.000064e-02  3.000000e-03  2.023790e-02
     vertex  2.999980e-02  3.000000e-03  2.222459e-02
     vertex  3.199960e-02  3.000000e-03  2.154866e-02
   endloop
 endfacet
 facet normal  0.000000e+00  1.000000e+00 -0.000000e+00
   outer loop
     vertex  3.005672e-02  3.000000e-03  1.417620e-02
     vertex  3.001407e-02  3.000000e-03  1.623811e-02
     vertex  3.202045e-02  3.000000e-03  1.558685e-02
   endloop
 endfacet
 facet normal  0.000000e+00  1.000000e+00 -0.000000e+00
   outer loop
     vertex  2.999947e-02  3.000000e-03  2.420932e-02
     vertex  2.999929e-02  3.000000e-03  2.619340e-02
     vertex  3.199897e-02  3.000000e-03  2.551774e-02
   endloop
 endfacet
 facet normal  0.000000e+00  1.000000e+00 -0.000000e+00
   outer loop
     vertex  3.000344e-02  3.000000e-03  1.824587e-02
     vertex  3.000064e-02  3.000000e-03  2.023790e-02
     vertex  3.200059e-02  3.000000e-03  1.956225e-02
   endloop
 endfacet
 facet normal  0.000000e+00  1.000000e+00 -0.000000e+00
   outer loop
     vertex  2.999918e-02  3.000000e-03  2.817742e-02
     vertex  2.999915e-02  3.000000e-03  3.016151e-02
     vertex  3.199872e-02  3.000000e-03  2.948630e-02
   endloop
 endfacet
 facet normal  0.000000e+00  1.000000e+00  0.000000e+00
   outer loop
     vertex  2.999899e-02  3.000000e-03  4.206578e-02
     vertex  2.999932e-02  3.000000e-03  4.405090e-02
     vertex  3.199862e-02  3.000000e-03  4.337682e-02
   endloop
 endfacet
 facet normal  0.000000e+00  1.000000e+00 -0.000000e+00
   outer loop
     vertex  2.999915e-02  3.000000e-03  3.214561e-02
     vertex  2.999914e-02  3.000000e-03  3.412970e-02
     vertex  3.199871e-02  3.000000e-03  3.345497e-02
   endloop
 endfacet
 facet normal  0.000000e+00  1.000000e+00 -0.000000e+00
   outer loop
     vertex  2.999913e-02  3.000000e-03  3.611376e-02
     vertex  2.999911e-02  3.000000e-03  3.809781e-02
     vertex  3.199869e-02  3.000000e-03  3.742356e-02
   endloop
 endfacet
 facet normal  0.000000e+00  1.000000e+00 -0.000000e+00
   outer loop
     vertex  2.999929e-02  3.000000e-03  2.619340e-02
     vertex  2.999918e-02  3.000000e-03  2.817742e-02
     vertex  3.199877e-02  3.000000e-03  2.750196e-02
   endloop
 endfacet
 facet normal  0.000000e+00  1.000000e+00 -0.000000e+00
   outer loop
     vertex  2.999908e-02  3.000000e-03  4.008183e-02
     vertex  2.999899e-02  3.000000e-03  4.206578e-02
     vertex  3.199859e-02  3.000000e-03  4.139217e-02
   endloop
 endfacet
 facet normal  0.000000e+00  1.000000e+00  0.000000e+00
   outer loop
     vertex  3.006021e-02  3.000000e-03  1.324780e-01
     vertex  3.201877e-02  3.000000e-03  1.314525e-01
     vertex  3.002009e-02  3.000000e-03  1.306459e-01
   endloop
 endfacet
 facet normal  0.000000e+00  1.000000e+00 -0.000000e+00
   outer loop
     vertex  2.999932e-02  3.000000e-03  4.405090e-02
     vertex  2.999927e-02  3.000000e-03  4.603494e-02
     vertex  3.199880e-02  3.000000e-03  4.536156e-02
   endloop
 endfacet
 facet normal  0.000000e+00  1.000000e+00 -0.000000e+00
   outer loop
     vertex  2.999927e-02  3.000000e-03  4.603494e-02
     vertex  2.999924e-02  3.000000e-03  4.801905e-02
     vertex  3.199884e-02  3.000000e-03  4.734610e-02
   endloop
 endfacet
 facet normal  0.000000e+00  1.000000e+00 -0.000000e+00
   outer loop
     vertex  2.999924e-02  3.000000e-03  4.801905e-02
     vertex  2.999922e-02  3.000000e-03  5.000310e-02
     vertex  3.199884e-02  3.000000e-03  4.933046e-02
   endloop
 endfacet
 facet normal  0.000000e+00  1.000000e+00 -0.000000e+00
   outer loop
     vertex  2.999922e-02  3.000000e-03  5.000310e-02
     vertex  2.999919e-02  3.000000e-03  5.198707e-02
     vertex  3.199882e-02  3.000000e-03  5.131465e-02
   endloop
 endfacet
 facet normal  0.000000e+00  1.000000e+00 -0.000000e+00
   outer loop
     vertex  2.999919e-02  3.000000e-03  5.198707e-02
     vertex  2.999917e-02  3.000000e-03  5.397102e-02
     vertex  3.199876e-02  3.000000e-03  5.329880e-02
   endloop
 endfacet
 facet normal  0.000000e+00  1.000000e+00 -0.000000e+00
   outer loop
     vertex  2.999917e-02  3.000000e-03  5.397102e-02
     vertex  2.999915e-02  3.000000e-03  5.595508e-02
     vertex  3.199872e-02  3.000000e-03  5.528308e-02
   endloop
 endfacet
 facet normal  0.000000e+00  1.000000e+00  0.000000e+00
   outer loop
     vertex  2.999915e-02  3.000000e-03  5.595508e-02
     vertex  2.999915e-02  3.000000e-03  5.793919e-02
     vertex  3.199872e-02  3.000000e-03  5.726745e-02
   endloop
 endfacet
 facet normal  0.000000e+00  1.000000e+00  0.000000e+00
   outer loop
     vertex  2.999915e-02  3.000000e-03  5.793919e-02
     vertex  2.999915e-02  3.000000e-03  5.992331e-02
     vertex  3.199872e-02  3.000000e-03  5.925181e-02
   endloop
 endfacet
 facet normal  0.000000e+00  1.000000e+00  0.000000e+00
   outer loop
     vertex  2.999915e-02  3.000000e-03  5.992331e-02
     vertex  2.999915e-02  3.000000e-03  6.190743e-02
     vertex  3.199872e-02  3.000000e-03  6.123618e-02
   endloop
 endfacet
 facet normal  0.000000e+00  1.000000e+00  0.000000e+00
   outer loop
     vertex  2.999915e-02  3.000000e-03  6.190743e-02
     vertex  2.999915e-02  3.000000e-03  6.389155e-02
     vertex  3.199872e-02  3.000000e-03  6.322055e-02
   endloop
 endfacet
 facet normal  0.000000e+00  1.000000e+00  0.000000e+00
   outer loop
     vertex  2.999915e-02  3.000000e-03  6.389155e-02
     vertex  2.999916e-02  3.000000e-03  6.587567e-02
     vertex  3.199872e-02  3.000000e-03  6.520491e-02
   endloop
 endfacet
 facet normal  0.000000e+00  1.000000e+00  0.000000e+00
   outer loop
     vertex  2.999916e-02  3.000000e-03  6.587567e-02
     vertex  2.999916e-02  3.000000e-03  6.785979e-02
     vertex  3.199872e-02  3.000000e-03  6.718928e-02
   endloop
 endfacet
 facet normal  0.000000e+00  1.000000e+00  0.000000e+00
   outer loop
     vertex  2.999916e-02  3.000000e-03  6.785979e-02
     vertex  2.999916e-02  3.000000e-03  6.984390e-02
     vertex  3.199872e-02  3.000000e-03  6.917365e-02
   endloop
 endfacet
 facet normal  0.000000e+00  1.000000e+00  0.000000e+00
   outer loop
     vertex  2.999916e-02  3.000000e-03  6.984390e-02
     vertex  2.999916e-02  3.000000e-03  7.182802e-02
     vertex  3.199872e-02  3.000000e-03  7.115801e-02
   endloop
 endfacet
 facet normal  0.000000e+00  1.000000e+00  0.000000e+00
   outer loop
     vertex  2.999916e-02  3.000000e-03  7.182802e-02
     vertex  2.999916e-02  3.000000e-03  7.381214e-02
     vertex  3.199872e-02  3.000000e-03  7.314238e-02
   endloop
 endfacet
 facet normal  0.000000e+00  1.000000e+00  0.000000e+00
   outer loop
     vertex  2.999916e-02  3.000000e-03  7.381214e-02
     vertex  2.999916e-02  3.000000e-03  7.579626e-02
     vertex  3.199872e-02  3.000000e-03  7.512674e-02
   endloop
 endfacet
 facet normal  0.000000e+00  1.000000e+00  0.000000e+00
   outer loop
     vertex  2.999916e-02  3.000000e-03  7.579626e-02
     vertex  2.999916e-02  3.000000e-03  7.778038e-02
     vertex  3.199872e-02  3.000000e-03  7.711111e-02
   endloop
 endfacet
 facet normal  0.000000e+00  1.000000e+00  0.000000e+00
   outer loop
     vertex  2.999916e-02  3.000000e-03  7.778038e-02
     vertex  2.999916e-02  3.000000e-03  7.976450e-02
     vertex  3.199872e-02  3.000000e-03  7.909548e-02
   endloop
 endfacet
 facet normal  0.000000e+00  1.000000e+00  0.000000e+00
   outer loop
     vertex  2.999916e-02  3.000000e-03  7.976450e-02
     vertex  2.999916e-02  3.000000e-03  8.174861e-02
     vertex  3.199872e-02  3.000000e-03  8.107984e-02
   endloop
 endfacet
 facet normal  0.000000e+00  1.000000e+00  0.000000e+00
   outer loop
     vertex  2.999916e-02  3.000000e-03  8.174861e-02
     vertex  2.999916e-02  3.000000e-03  8.373273e-02
     vertex  3.199872e-02  3.000000e-03  8.306421e-02
   endloop
 endfacet
 facet normal  0.000000e+00  1.000000e+00  0.000000e+00
   outer loop
     vertex  2.999916e-02  3.000000e-03  8.373273e-02
     vertex  2.999916e-02  3.000000e-03  8.571685e-02
     vertex  3.199872e-02  3.000000e-03  8.504858e-02
   endloop
 endfacet
 facet normal  0.000000e+00  1.000000e+00  0.000000e+00
   outer loop
     vertex  2.999916e-02  3.000000e-03  8.571685e-02
     vertex  2.999916e-02  3.000000e-03  8.770097e-02
     vertex  3.199872e-02  3.000000e-03  8.703294e-02
   endloop
 endfacet
 facet normal  0.000000e+00  1.000000e+00  0.000000e+00
   outer loop
     vertex  2.999916e-02  3.000000e-03  8.770097e-02
     vertex  2.999916e-02  3.000000e-03  8.968509e-02
     vertex  3.199872e-02  3.000000e-03  8.901731e-02
   endloop
 endfacet
 facet normal  0.000000e+00  1.000000e+00  0.000000e+00
   outer loop
     vertex  2.999916e-02  3.000000e-03  8.968509e-02
     vertex  2.999916e-02  3.000000e-03  9.166921e-02
     vertex  3.199872e-02  3.000000e-03  9.100167e-02
   endloop
 endfacet
 facet normal  0.000000e+00  1.000000e+00  0.000000e+00
   outer loop
     vertex  2.999916e-02  3.000000e-03  9.166921e-02
     vertex  2.999916e-02  3.000000e-03  9.365332e-02
     vertex  3.199872e-02  3.000000e-03  9.298604e-02
   endloop
 endfacet
 facet normal  0.000000e+00  1.000000e+00  0.000000e+00
   outer loop
     vertex  2.999916e-02  3.000000e-03  9.365332e-02
     vertex  2.999916e-02  3.000000e-03  9.563744e-02
     vertex  3.199872e-02  3.000000e-03  9.497041e-02
   endloop
 endfacet
 facet normal  0.000000e+00  1.000000e+00  0.000000e+00
   outer loop
     vertex  2.999916e-02  3.000000e-03  9.563744e-02
     vertex  2.999916e-02  3.000000e-03  9.762156e-02
     vertex  3.199872e-02  3.000000e-03  9.695477e-02
   endloop
 endfacet
 facet normal  0.000000e+00  1.000000e+00  0.000000e+00
   outer loop
     vertex  2.999916e-02  3.000000e-03  9.762156e-02
     vertex  2.999916e-02  3.000000e-03  9.960568e-02
     vertex  3.199872e-02  3.000000e-03  9.893914e-02
   endloop
 endfacet
 facet normal  0.000000e+00  1.000000e+00  0.000000e+00
   outer loop
     vertex  2.999916e-02  3.000000e-03  9.960568e-02
     vertex  2.999916e-02  3.000000e-03  1.015898e-01
     vertex  3.199872e-02  3.000000e-03  1.009235e-01
   endloop
 endfacet
 facet normal  0.000000e+00  1.000000e+00  0.000000e+00
   outer loop
     vertex  2.999916e-02  3.000000e-03  1.015898e-01
     vertex  2.999916e-02  3.000000e-03  1.035739e-01
     vertex  3.199872e-02  3.000000e-03  1.029079e-01
   endloop
 endfacet
 facet normal  0.000000e+00  1.000000e+00  0.000000e+00
   outer loop
     vertex  2.999916e-02  3.000000e-03  1.035739e-01
     vertex  2.999916e-02  3.000000e-03  1.055581e-01
     vertex  3.199872e-02  3.000000e-03  1.048923e-01
   endloop
 endfacet
 facet normal  0.000000e+00  1.000000e+00 -0.000000e+00
   outer loop
     vertex  2.999916e-02  3.000000e-03  1.055581e-01
     vertex  2.999916e-02  3.000000e-03  1.075423e-01
     vertex  3.199872e-02  3.000000e-03  1.068767e-01
   endloop
 endfacet
 facet normal  0.000000e+00  1.000000e+00 -0.000000e+00
   outer loop
     vertex  2.999916e-02  3.000000e-03  1.075423e-01
     vertex  2.999914e-02  3.000000e-03  1.095265e-01
     vertex  3.199870e-02  3.000000e-03  1.088612e-01
   endloop
 endfacet
 facet normal  0.000000e+00  1.000000e+00 -0.000000e+00
   outer loop
     vertex  2.999914e-02  3.000000e-03  1.095265e-01
     vertex  2.999905e-02  3.000000e-03  1.115110e-01
     vertex  3.199862e-02  3.000000e-03  1.108459e-01
   endloop
 endfacet
 facet normal  0.000000e+00  1.000000e+00 -0.000000e+00
   outer loop
     vertex  2.999905e-02  3.000000e-03  1.115110e-01
     vertex  2.999866e-02  3.000000e-03  1.134958e-01
     vertex  3.199833e-02  3.000000e-03  1.128310e-01
   endloop
 endfacet
 facet normal  0.000000e+00  1.000000e+00 -0.000000e+00
   outer loop
     vertex  2.999866e-02  3.000000e-03  1.134958e-01
     vertex  2.999706e-02  3.000000e-03  1.154812e-01
     vertex  3.199722e-02  3.000000e-03  1.148176e-01
   endloop
 endfacet
 facet normal  0.000000e+00  1.000000e+00 -0.000000e+00
   outer loop
     vertex  2.999706e-02  3.000000e-03  1.154812e-01
     vertex  2.999069e-02  3.000000e-03  1.174662e-01
     vertex  3.199305e-02  3.000000e-03  1.168079e-01
   endloop
 endfacet
 facet normal  0.000000e+00  1.000000e+00 -0.000000e+00
   outer loop
     vertex  2.999069e-02  3.000000e-03  1.174662e-01
     vertex  2.996579e-02  3.000000e-03  1.194441e-01
     vertex  3.197700e-02  3.000000e-03  1.188103e-01
   endloop
 endfacet
 facet normal  0.000000e+00  1.000000e+00 -0.000000e+00
   outer loop
     vertex  2.996579e-02  3.000000e-03  1.194441e-01
     vertex  2.986946e-02  3.000000e-03  1.213763e-01
     vertex  3.191289e-02  3.000000e-03  1.208551e-01
   endloop
 endfacet
 facet normal  0.000000e+00  1.000000e+00 -0.000000e+00
   outer loop
     vertex  2.986946e-02  3.000000e-03  1.213763e-01
     vertex  2.950903e-02  3.000000e-03  1.230856e-01
     vertex  3.162239e-02  3.000000e-03  1.230833e-01
   endloop
 endfacet
 facet normal -0.000000e+00  1.000000e+00  0.000000e+00
   outer loop
     vertex  2.950903e-02  3.000000e-03  1.230856e-01
     vertex  2.987141e-02  3.000000e-03  1.247924e-01
     vertex  3.162239e-02  3.000000e-03  1.230833e-01
   endloop
 endfacet
 facet normal  0.000000e+00  1.000000e+00  0.000000e+00
   outer loop
     vertex  3.198185e-02  3.000000e-03  1.273612e-01
     vertex  3.191506e-02  3.000000e-03  1.253121e-01
     vertex  2.996948e-02  3.000000e-03  1.267240e-01
   endloop
 endfacet
 facet normal  0.000000e+00  1.000000e+00  0.000000e+00
   outer loop
     vertex  2.996948e-02  3.000000e-03  1.267240e-01
     vertex  2.999907e-02  3.000000e-03  1.286958e-01
     vertex  3.198185e-02  3.000000e-03  1.273612e-01
   endloop
 endfacet
 facet normal  0.000000e+00  1.000000e+00  0.000000e+00
   outer loop
     vertex  3.201877e-02  3.000000e-03  1.314525e-01
     vertex  3.200416e-02  3.000000e-03  1.293806e-01
     vertex  3.002009e-02  3.000000e-03  1.306459e-01
   endloop
 endfacet
 facet normal  0.000000e+00  1.000000e+00 -0.000000e+00
   outer loop
     vertex  2.999914e-02  3.000000e-03  3.412970e-02
     vertex  2.999913e-02  3.000000e-03  3.611376e-02
     vertex  3.199870e-02  3.000000e-03  3.543928e-02
   endloop
 endfacet
 facet normal  0.000000e+00  1.000000e+00 -0.000000e+00
   outer loop
     vertex  2.999980e-02  3.000000e-03  2.222459e-02
     vertex  2.999947e-02  3.000000e-03  2.420932e-02
     vertex  3.199924e-02  3.000000e-03  2.353352e-02
   endloop
 endfacet
 facet normal  0.000000e+00  1.000000e+00 -0.000000e+00
   outer loop
     vertex  2.999911e-02  3.000000e-03  3.809781e-02
     vertex  2.999908e-02  3.000000e-03  4.008183e-02
     vertex  3.199865e-02  3.000000e-03  3.940784e-02
   endloop
 endfacet
 facet normal -0.000000e+00  1.000000e+00  0.000000e+00
   outer loop
     vertex  2.999932e-02  3.000000e-03  4.405090e-02
     vertex  3.199880e-02  3.000000e-03  4.536156e-02
     vertex  3.199862e-02  3.000000e-03  4.337682e-02
   endloop
 endfacet
 facet normal  0.000000e+00  1.000000e+00  0.000000e+00
   outer loop
     vertex  3.192789e-02  3.000000e-03  1.014482e-02
     vertex  3.172613e-02  3.000000e-03  8.219013e-03
     vertex  2.948528e-02  3.000000e-03  9.240726e-03
   endloop
 endfacet
 facet normal  0.000000e+00  1.000000e+00  0.000000e+00
   outer loop
     vertex  3.172613e-02  3.000000e-03  8.219013e-03
     vertex  3.400000e-02  3.000000e-03  6.984615e-03
     vertex  3.150722e-02  3.000000e-03  6.476933e-03
   endloop
 endfacet
 facet normal  0.000000e+00  1.000000e+00 -0.000000e+00
   outer loop
     vertex  2.999915e-02  3.000000e-03  3.016151e-02
     vertex  2.999915e-02  3.000000e-03  3.214561e-02
     vertex  3.199872e-02  3.000000e-03  3.147064e-02
   endloop
 endfacet
 facet normal  0.000000e+00  1.000000e+00  0.000000e+00
   outer loop
     vertex  3.202045e-02  3.000000e-03  1.558685e-02
     vertex  3.209162e-02  3.000000e-03  1.363498e-02
     vertex  3.005672e-02  3.000000e-03  1.417620e-02
   endloop
 endfacet
 facet normal  0.000000e+00  1.000000e+00  0.000000e+00
   outer loop
     vertex  3.199960e-02  3.000000e-03  2.154866e-02
     vertex  3.200059e-02  3.000000e-03  1.956225e-02
     vertex  3.000064e-02  3.000000e-03  2.023790e-02
   endloop
 endfacet
 facet normal  0.000000e+00  1.000000e+00  0.000000e+00
   outer loop
     vertex  3.199924e-02  3.000000e-03  2.353352e-02
     vertex  3.199960e-02  3.000000e-03  2.154866e-02
     vertex  2.999980e-02  3.000000e-03  2.222459e-02
   endloop
 endfacet
 facet normal  0.000000e+00  1.000000e+00  0.000000e+00
   outer loop
     vertex  3.199897e-02  3.000000e-03  2.551774e-02
     vertex  3.199924e-02  3.000000e-03  2.353352e-02
     vertex  2.999947e-02  3.000000e-03  2.420932e-02
   endloop
 endfacet
 facet normal  0.000000e+00  1.000000e+00  0.000000e+00
   outer loop
     vertex  3.199877e-02  3.000000e-03  2.750196e-02
     vertex  3.199897e-02  3.000000e-03  2.551774e-02
     vertex  2.999929e-02  3.000000e-03  2.619340e-02
   endloop
 endfacet
 facet normal  0.000000e+00  1.000000e+00  0.000000e+00
   outer loop
     vertex  3.199872e-02  3.000000e-03  2.948630e-02
     vertex  3.199877e-02  3.000000e-03  2.750196e-02
     vertex  2.999918e-02  3.000000e-03  2.817742e-02
   endloop
 endfacet
 facet normal  0.000000e+00  1.000000e+00  0.000000e+00
   outer loop
     vertex  3.199872e-02  3.000000e-03  3.147064e-02
     vertex  3.199872e-02  3.000000e-03  2.948630e-02
     vertex  2.999915e-02  3.000000e-03  3.016151e-02
   endloop
 endfacet
 facet normal  0.000000e+00  1.000000e+00  0.000000e+00
   outer loop
     vertex  3.199871e-02  3.000000e-03  3.345497e-02
     vertex  3.199872e-02  3.000000e-03  3.147064e-02
     vertex  2.999915e-02  3.000000e-03  3.214561e-02
   endloop
 endfacet
 facet normal  0.000000e+00  1.000000e+00  0.000000e+00
   outer loop
     vertex  3.199870e-02  3.000000e-03  3.543928e-02
     vertex  3.199871e-02  3.000000e-03  3.345497e-02
     vertex  2.999914e-02  3.000000e-03  3.412970e-02
   endloop
 endfacet
 facet normal  0.000000e+00  1.000000e+00  0.000000e+00
   outer loop
     vertex  3.199869e-02  3.000000e-03  3.742356e-02
     vertex  3.199870e-02  3.000000e-03  3.543928e-02
     vertex  2.999913e-02  3.000000e-03  3.611376e-02
   endloop
 endfacet
 facet normal  0.000000e+00  1.000000e+00  0.000000e+00
   outer loop
     vertex  3.199865e-02  3.000000e-03  3.940784e-02
     vertex  3.199869e-02  3.000000e-03  3.742356e-02
     vertex  2.999911e-02  3.000000e-03  3.809781e-02
   endloop
 endfacet
 facet normal  0.000000e+00  1.000000e+00  0.000000e+00
   outer loop
     vertex  3.199859e-02  3.000000e-03  4.139217e-02
     vertex  3.199865e-02  3.000000e-03  3.940784e-02
     vertex  2.999908e-02  3.000000e-03  4.008183e-02
   endloop
 endfacet
 facet normal  0.000000e+00  1.000000e+00  0.000000e+00
   outer loop
     vertex  3.199862e-02  3.000000e-03  4.337682e-02
     vertex  3.199859e-02  3.000000e-03  4.139217e-02
     vertex  2.999899e-02  3.000000e-03  4.206578e-02
   endloop
 endfacet
 facet normal  0.000000e+00  1.000000e+00  0.000000e+00
   outer loop
     vertex  3.199884e-02  3.000000e-03  4.734610e-02
     vertex  3.199880e-02  3.000000e-03  4.536156e-02
     vertex  2.999927e-02  3.000000e-03  4.603494e-02
   endloop
 endfacet
 facet normal  0.000000e+00  1.000000e+00  0.000000e+00
   outer loop
     vertex  3.199884e-02  3.000000e-03  4.933046e-02
     vertex  3.199884e-02  3.000000e-03  4.734610e-02
     vertex  2.999924e-02  3.000000e-03  4.801905e-02
   endloop
 endfacet
 facet normal  0.000000e+00  1.000000e+00  0.000000e+00
   outer loop
     vertex  3.199882e-02  3.000000e-03  5.131465e-02
     vertex  3.199884e-02  3.000000e-03  4.933046e-02
     vertex  2.999922e-02  3.000000e-03  5.000310e-02
   endloop
 endfacet
 facet normal  0.000000e+00  1.000000e+00  0.000000e+00
   outer loop
     vertex  3.199876e-02  3.000000e-03  5.329880e-02
     vertex  3.199882e-02  3.000000e-03  5.131465e-02
     vertex  2.999919e-02  3.000000e-03  5.198707e-02
   endloop
 endfacet
 facet normal  0.000000e+00  1.000000e+00  0.000000e+00
   outer loop
     vertex  3.199872e-02  3.000000e-03  5.528308e-02
     vertex  3.199876e-02  3.000000e-03  5.329880e-02
     vertex  2.999917e-02  3.000000e-03  5.397102e-02
   endloop
 endfacet
 facet normal  0.000000e+00  1.000000e+00  0.000000e+00
   outer loop
     vertex  3.199872e-02  3.000000e-03  5.726745e-02
     vertex  3.199872e-02  3.000000e-03  5.528308e-02
     vertex  2.999915e-02  3.000000e-03  5.595508e-02
   endloop
 endfacet
 facet normal  0.000000e+00  1.000000e+00  0.000000e+00
   outer loop
     vertex  3.199872e-02  3.000000e-03  5.925181e-02
     vertex  3.199872e-02  3.000000e-03  5.726745e-02
     vertex  2.999915e-02  3.000000e-03  5.793919e-02
   endloop
 endfacet
 facet normal  0.000000e+00  1.000000e+00  0.000000e+00
   outer loop
     vertex  3.199872e-02  3.000000e-03  6.123618e-02
     vertex  3.199872e-02  3.000000e-03  5.925181e-02
     vertex  2.999915e-02  3.000000e-03  5.992331e-02
   endloop
 endfacet
 facet normal  0.000000e+00  1.000000e+00  0.000000e+00
   outer loop
     vertex  3.199872e-02  3.000000e-03  6.322055e-02
     vertex  3.199872e-02  3.000000e-03  6.123618e-02
     vertex  2.999915e-02  3.000000e-03  6.190743e-02
   endloop
 endfacet
 facet normal  0.000000e+00  1.000000e+00  0.000000e+00
   outer loop
     vertex  3.199872e-02  3.000000e-03  6.520491e-02
     vertex  3.199872e-02  3.000000e-03  6.322055e-02
     vertex  2.999915e-02  3.000000e-03  6.389155e-02
   endloop
 endfacet
 facet normal  0.000000e+00  1.000000e+00  0.000000e+00
   outer loop
     vertex  3.199872e-02  3.000000e-03  6.718928e-02
     vertex  3.199872e-02  3.000000e-03  6.520491e-02
     vertex  2.999916e-02  3.000000e-03  6.587567e-02
   endloop
 endfacet
 facet normal  0.000000e+00  1.000000e+00  0.000000e+00
   outer loop
     vertex  3.199872e-02  3.000000e-03  6.917365e-02
     vertex  3.199872e-02  3.000000e-03  6.718928e-02
     vertex  2.999916e-02  3.000000e-03  6.785979e-02
   endloop
 endfacet
 facet normal  0.000000e+00  1.000000e+00  0.000000e+00
   outer loop
     vertex  3.199872e-02  3.000000e-03  7.115801e-02
     vertex  3.199872e-02  3.000000e-03  6.917365e-02
     vertex  2.999916e-02  3.000000e-03  6.984390e-02
   endloop
 endfacet
 facet normal  0.000000e+00  1.000000e+00  0.000000e+00
   outer loop
     vertex  3.199872e-02  3.000000e-03  7.314238e-02
     vertex  3.199872e-02  3.000000e-03  7.115801e-02
     vertex  2.999916e-02  3.000000e-03  7.182802e-02
   endloop
 endfacet
 facet normal  0.000000e+00  1.000000e+00  0.000000e+00
   outer loop
     vertex  3.199872e-02  3.000000e-03  7.512674e-02
     vertex  3.199872e-02  3.000000e-03  7.314238e-02
     vertex  2.999916e-02  3.000000e-03  7.381214e-02
   endloop
 endfacet
 facet normal  0.000000e+00  1.000000e+00  0.000000e+00
   outer loop
     vertex  3.199872e-02  3.000000e-03  7.711111e-02
     vertex  3.199872e-02  3.000000e-03  7.512674e-02
     vertex  2.999916e-02  3.000000e-03  7.579626e-02
   endloop
 endfacet
 facet normal  0.000000e+00  1.000000e+00  0.000000e+00
   outer loop
     vertex  3.199872e-02  3.000000e-03  7.909548e-02
     vertex  3.199872e-02  3.000000e-03  7.711111e-02
     vertex  2.999916e-02  3.000000e-03  7.778038e-02
   endloop
 endfacet
 facet normal  0.000000e+00  1.000000e+00  0.000000e+00
   outer loop
     vertex  3.199872e-02  3.000000e-03  8.107984e-02
     vertex  3.199872e-02  3.000000e-03  7.909548e-02
     vertex  2.999916e-02  3.000000e-03  7.976450e-02
   endloop
 endfacet
 facet normal  0.000000e+00  1.000000e+00  0.000000e+00
   outer loop
     vertex  3.199872e-02  3.000000e-03  8.306421e-02
     vertex  3.199872e-02  3.000000e-03  8.107984e-02
     vertex  2.999916e-02  3.000000e-03  8.174861e-02
   endloop
 endfacet
 facet normal  0.000000e+00  1.000000e+00  0.000000e+00
   outer loop
     vertex  3.199872e-02  3.000000e-03  8.504858e-02
     vertex  3.199872e-02  3.000000e-03  8.306421e-02
     vertex  2.999916e-02  3.000000e-03  8.373273e-02
   endloop
 endfacet
 facet normal  0.000000e+00  1.000000e+00  0.000000e+00
   outer loop
     vertex  3.199872e-02  3.000000e-03  8.703294e-02
     vertex  3.199872e-02  3.000000e-03  8.504858e-02
     vertex  2.999916e-02  3.000000e-03  8.571685e-02
   endloop
 endfacet
 facet normal  0.000000e+00  1.000000e+00  0.000000e+00
   outer loop
     vertex  3.199872e-02  3.000000e-03  8.901731e-02
     vertex  3.199872e-02  3.000000e-03  8.703294e-02
     vertex  2.999916e-02  3.000000e-03  8.770097e-02
   endloop
 endfacet
 facet normal  0.000000e+00  1.000000e+00  0.000000e+00
   outer loop
     vertex  3.199872e-02  3.000000e-03  9.100167e-02
     vertex  3.199872e-02  3.000000e-03  8.901731e-02
     vertex  2.999916e-02  3.000000e-03  8.968509e-02
   endloop
 endfacet
 facet normal  0.000000e+00  1.000000e+00  0.000000e+00
   outer loop
     vertex  3.199872e-02  3.000000e-03  9.298604e-02
     vertex  3.199872e-02  3.000000e-03  9.100167e-02
     vertex  2.999916e-02  3.000000e-03  9.166921e-02
   endloop
 endfacet
 facet normal  0.000000e+00  1.000000e+00  0.000000e+00
   outer loop
     vertex  3.199872e-02  3.000000e-03  9.497041e-02
     vertex  3.199872e-02  3.000000e-03  9.298604e-02
     vertex  2.999916e-02  3.000000e-03  9.365332e-02
   endloop
 endfacet
 facet normal  0.000000e+00  1.000000e+00  0.000000e+00
   outer loop
     vertex  3.199872e-02  3.000000e-03  9.695477e-02
     vertex  3.199872e-02  3.000000e-03  9.497041e-02
     vertex  2.999916e-02  3.000000e-03  9.563744e-02
   endloop
 endfacet
 facet normal  0.000000e+00  1.000000e+00  0.000000e+00
   outer loop
     vertex  3.199872e-02  3.000000e-03  9.893914e-02
     vertex  3.199872e-02  3.000000e-03  9.695477e-02
     vertex  2.999916e-02  3.000000e-03  9.762156e-02
   endloop
 endfacet
 facet normal  0.000000e+00  1.000000e+00  0.000000e+00
   outer loop
     vertex  3.199872e-02  3.000000e-03  1.009235e-01
     vertex  3.199872e-02  3.000000e-03  9.893914e-02
     vertex  2.999916e-02  3.000000e-03  9.960568e-02
   endloop
 endfacet
 facet normal  0.000000e+00  1.000000e+00  0.000000e+00
   outer loop
     vertex  3.199872e-02  3.000000e-03  1.029079e-01
     vertex  3.199872e-02  3.000000e-03  1.009235e-01
     vertex  2.999916e-02  3.000000e-03  1.015898e-01
   endloop
 endfacet
 facet normal  0.000000e+00  1.000000e+00  0.000000e+00
   outer loop
     vertex  3.199872e-02  3.000000e-03  1.048923e-01
     vertex  3.199872e-02  3.000000e-03  1.029079e-01
     vertex  2.999916e-02  3.000000e-03  1.035739e-01
   endloop
 endfacet
 facet normal  0.000000e+00  1.000000e+00  0.000000e+00
   outer loop
     vertex  3.199872e-02  3.000000e-03  1.068767e-01
     vertex  3.199872e-02  3.000000e-03  1.048923e-01
     vertex  2.999916e-02  3.000000e-03  1.055581e-01
   endloop
 endfacet
 facet normal  0.000000e+00  1.000000e+00  0.000000e+00
   outer loop
     vertex  3.199870e-02  3.000000e-03  1.088612e-01
     vertex  3.199872e-02  3.000000e-03  1.068767e-01
     vertex  2.999916e-02  3.000000e-03  1.075423e-01
   endloop
 endfacet
 facet normal  0.000000e+00  1.000000e+00  0.000000e+00
   outer loop
     vertex  3.199862e-02  3.000000e-03  1.108459e-01
     vertex  3.199870e-02  3.000000e-03  1.088612e-01
     vertex  2.999914e-02  3.000000e-03  1.095265e-01
   endloop
 endfacet
 facet normal  0.000000e+00  1.000000e+00  0.000000e+00
   outer loop
     vertex  3.199833e-02  3.000000e-03  1.128310e-01
     vertex  3.199862e-02  3.000000e-03  1.108459e-01
     vertex  2.999905e-02  3.000000e-03  1.115110e-01
   endloop
 endfacet
 facet normal  0.000000e+00  1.000000e+00  0.000000e+00
   outer loop
     vertex  3.199722e-02  3.000000e-03  1.148176e-01
     vertex  3.199833e-02  3.000000e-03  1.128310e-01
     vertex  2.999866e-02  3.000000e-03  1.134958e-01
   endloop
 endfacet
 facet normal  0.000000e+00  1.000000e+00  0.000000e+00
   outer loop
     vertex  3.199305e-02  3.000000e-03  1.168079e-01
     vertex  3.199722e-02  3.000000e-03  1.148176e-01
     vertex  2.999706e-02  3.000000e-03  1.154812e-01
   endloop
 endfacet
 facet normal  0.000000e+00  1.000000e+00  0.000000e+00
   outer loop
     vertex  3.197700e-02  3.000000e-03  1.188103e-01
     vertex  3.199305e-02  3.000000e-03  1.168079e-01
     vertex  2.999069e-02  3.000000e-03  1.174662e-01
   endloop
 endfacet
 facet normal  0.000000e+00  1.000000e+00  0.000000e+00
   outer loop
     vertex  3.191289e-02  3.000000e-03  1.208551e-01
     vertex  3.197700e-02  3.000000e-03  1.188103e-01
     vertex  2.996579e-02  3.000000e-03  1.194441e-01
   endloop
 endfacet
 facet normal  0.000000e+00  1.000000e+00  0.000000e+00
   outer loop
     vertex  3.162239e-02  3.000000e-03  1.230833e-01
     vertex  3.191289e-02  3.000000e-03  1.208551e-01
     vertex  2.986946e-02  3.000000e-03  1.213763e-01
   endloop
 endfacet
 facet normal  0.000000e+00  1.000000e+00  0.000000e+00
   outer loop
     vertex  2.948528e-02  3.000000e-03  9.240726e-03
     vertex  3.172613e-02  3.000000e-03  8.219013e-03
     vertex  2.973859e-02  3.000000e-03  6.956065e-03
   endloop
 endfacet
 facet normal  0.000000e+00  1.000000e+00  0.000000e+00
   outer loop
     vertex  2.699652e-02  3.000000e-03  9.177831e-03
     vertex  2.778664e-02  3.000000e-03  7.188743e-03
     vertex  2.596911e-02  3.000000e-03  7.514773e-03
   endloop
 endfacet
 facet normal -5.733677e-14  1.000000e+00 -3.196366e-13
   outer loop
     vertex  2.778664e-02  3.000000e-03  7.188743e-03
     vertex  2.625251e-02  3.000000e-03  5.000000e-03
     vertex  2.596911e-02  3.000000e-03  7.514773e-03
   endloop
 endfacet
 facet normal  0.000000e+00  1.000000e+00 -0.000000e+00
   outer loop
     vertex  3.192789e-02  3.000000e-03  1.014482e-02
     vertex  3.025399e-02  3.000000e-03  1.186637e-02
     vertex  3.242136e-02  3.000000e-03  1.189952e-02
   endloop
 endfacet
 facet normal  0.000000e+00  1.000000e+00 -0.000000e+00
   outer loop
     vertex  3.150722e-02  3.000000e-03  6.476933e-03
     vertex  2.973859e-02  3.000000e-03  6.956065e-03
     vertex  3.172613e-02  3.000000e-03  8.219013e-03
   endloop
 endfacet
 facet normal  0.000000e+00  1.000000e+00 -0.000000e+00
   outer loop
     vertex  3.162239e-02  3.000000e-03  1.230833e-01
     vertex  2.987141e-02  3.000000e-03  1.247924e-01
     vertex  3.191506e-02  3.000000e-03  1.253121e-01
   endloop
 endfacet
 facet normal  0.000000e+00  1.000000e+00  0.000000e+00
   outer loop
     vertex  2.999907e-02  3.000000e-03  1.286958e-01
     vertex  3.002009e-02  3.000000e-03  1.306459e-01
     vertex  3.200416e-02  3.000000e-03  1.293806e-01
   endloop
 endfacet
 facet normal  0.000000e+00  1.000000e+00 -0.000000e+00
   outer loop
     vertex  3.198185e-02  3.000000e-03  1.273612e-01
     vertex  2.999907e-02  3.000000e-03  1.286958e-01
     vertex  3.200416e-02  3.000000e-03  1.293806e-01
   endloop
 endfacet
 facet normal  0.000000e+00  1.000000e+00  0.000000e+00
   outer loop
     vertex  3.242136e-02  3.000000e-03  1.189952e-02
     vertex  3.025399e-02  3.000000e-03  1.186637e-02
     vertex  3.209162e-02  3.000000e-03  1.363498e-02
   endloop
 endfacet
 facet normal  0.000000e+00  1.000000e+00  0.000000e+00
   outer loop
     vertex  2.987141e-02  3.000000e-03  1.247924e-01
     vertex  2.996948e-02  3.000000e-03  1.267240e-01
     vertex  3.191506e-02  3.000000e-03  1.253121e-01
   endloop
 endfacet
 facet normal -1.016541e-13 -1.000000e+00 -4.922278e-13
   outer loop
     vertex  2.431563e-02 -3.000000e-03  7.000000e-03
     vertex  2.431563e-02 -3.000000e-03  5.000000e-03
     vertex  2.625251e-02 -3.000000e-03  5.000000e-03
   endloop
 endfacet
 facet normal  0.000000e+00 -1.000000e+00  0.000000e+00
   outer loop
     vertex  2.431563e-02 -3.000000e-03  9.000000e-03
     vertex  2.431563e-02 -3.000000e-03  7.000000e-03
     vertex  2.588875e-02 -3.000000e-03  7.503918e-03
   endloop
 endfacet
 facet normal -5.343960e-13 -1.000000e+00  4.922278e-13
   outer loop
     vertex  2.431563e-02 -3.000000e-03  1.100000e-02
     vertex  2.431563e-02 -3.000000e-03  9.000000e-03
     vertex  2.615782e-02 -3.000000e-03  1.100000e-02
   endloop
 endfacet
 facet normal -0.000000e+00 -1.000000e+00  0.000000e+00
   outer loop
     vertex  2.800000e-02 -3.000000e-03  1.100000e-02
     vertex  2.615782e-02 -3.000000e-03  1.100000e-02
     vertex  2.691511e-02 -3.000000e-03  9.127927e-03
   endloop
 endfacet
 facet normal  0.000000e+00 -1.000000e+00  0.000000e+00
   outer loop
     vertex  2.800000e-02 -3.000000e-03  1.298387e-02
     vertex  2.800000e-02 -3.000000e-03  1.100000e-02
     vertex  3.018685e-02 -3.000000e-03  1.172017e-02
   endloop
 endfacet
 facet normal  0.000000e+00 -1.000000e+00  0.000000e+00
   outer loop
     vertex  2.800000e-02 -3.000000e-03  1.496774e-02
     vertex  2.800000e-02 -3.000000e-03  1.298387e-02
     vertex  3.003776e-02 -3.000000e-03  1.413289e-02
   endloop
 endfacet
 facet normal  0.000000e+00 -1.000000e+00  0.000000e+00
   outer loop
     vertex  2.800000e-02 -3.000000e-03  1.298387e-02
     vertex  3.018685e-02 -3.000000e-03  1.172017e-02
     vertex  3.003776e-02 -3.000000e-03  1.413289e-02
   endloop
 endfacet
 facet normal  0.000000e+00 -1.000000e+00  0.000000e+00
   outer loop
     vertex  2.800000e-02 -3.000000e-03  1.695161e-02
     vertex  2.800000e-02 -3.000000e-03  1.496774e-02
     vertex  3.000859e-02 -3.000000e-03  1.622031e-02
   endloop
 endfacet
 facet normal  0.000000e+00 -1.000000e+00  0.000000e+00
   outer loop
     vertex  2.800000e-02 -3.000000e-03  1.496774e-02
     vertex  3.003776e-02 -3.000000e-03  1.413289e-02
     vertex  3.000859e-02 -3.000000e-03  1.622031e-02
   endloop
 endfacet
 facet normal  0.000000e+00 -1.000000e+00  0.000000e+00
   outer loop
     vertex  2.800000e-02 -3.000000e-03  1.893548e-02
     vertex  2.800000e-02 -3.000000e-03  1.695161e-02
     vertex  3.000169e-02 -3.000000e-03  1.823753e-02
   endloop
 endfacet
 facet normal  0.000000e+00 -1.000000e+00  0.000000e+00
   outer loop
     vertex  2.800000e-02 -3.000000e-03  1.695161e-02
     vertex  3.000859e-02 -3.000000e-03  1.622031e-02
     vertex  3.000169e-02 -3.000000e-03  1.823753e-02
   endloop
 endfacet
 facet normal  0.000000e+00 -1.000000e+00  0.000000e+00
   outer loop
     vertex  2.800000e-02 -3.000000e-03  2.091935e-02
     vertex  2.800000e-02 -3.000000e-03  1.893548e-02
     vertex  3.000002e-02 -3.000000e-03  2.023368e-02
   endloop
 endfacet
 facet normal  0.000000e+00 -1.000000e+00  0.000000e+00
   outer loop
     vertex  2.800000e-02 -3.000000e-03  1.893548e-02
     vertex  3.000169e-02 -3.000000e-03  1.823753e-02
     vertex  3.000002e-02 -3.000000e-03  2.023368e-02
   endloop
 endfacet
 facet normal  0.000000e+00 -1.000000e+00  0.000000e+00
   outer loop
     vertex  2.800000e-02 -3.000000e-03  2.290323e-02
     vertex  2.800000e-02 -3.000000e-03  2.091935e-02
     vertex  2.999927e-02 -3.000000e-03  2.222147e-02
   endloop
 endfacet
 facet normal  0.000000e+00 -1.000000e+00  0.000000e+00
   outer loop
     vertex  2.800000e-02 -3.000000e-03  2.091935e-02
     vertex  3.000002e-02 -3.000000e-03  2.023368e-02
     vertex  2.999927e-02 -3.000000e-03  2.222147e-02
   endloop
 endfacet
 facet normal  0.000000e+00 -1.000000e+00  0.000000e+00
   outer loop
     vertex  2.800000e-02 -3.000000e-03  2.488710e-02
     vertex  2.800000e-02 -3.000000e-03  2.290323e-02
     vertex  2.999924e-02 -3.000000e-03  2.420767e-02
   endloop
 endfacet
 facet normal  0.000000e+00 -1.000000e+00  0.000000e+00
   outer loop
     vertex  2.800000e-02 -3.000000e-03  2.290323e-02
     vertex  2.999927e-02 -3.000000e-03  2.222147e-02
     vertex  2.999924e-02 -3.000000e-03  2.420767e-02
   endloop
 endfacet
 facet normal  0.000000e+00 -1.000000e+00  0.000000e+00
   outer loop
     vertex  2.800000e-02 -3.000000e-03  2.687097e-02
     vertex  2.800000e-02 -3.000000e-03  2.488710e-02
     vertex  2.999895e-02 -3.000000e-03  2.619129e-02
   endloop
 endfacet
 facet normal  0.000000e+00 -1.000000e+00  0.000000e+00
   outer loop
     vertex  2.800000e-02 -3.000000e-03  2.488710e-02
     vertex  2.999924e-02 -3.000000e-03  2.420767e-02
     vertex  2.999895e-02 -3.000000e-03  2.619129e-02
   endloop
 endfacet
 facet normal  0.000000e+00 -1.000000e+00  0.000000e+00
   outer loop
     vertex  2.800000e-02 -3.000000e-03  2.885484e-02
     vertex  2.800000e-02 -3.000000e-03  2.687097e-02
     vertex  2.999912e-02 -3.000000e-03  2.817641e-02
   endloop
 endfacet
 facet normal  0.000000e+00 -1.000000e+00  0.000000e+00
   outer loop
     vertex  2.800000e-02 -3.000000e-03  2.687097e-02
     vertex  2.999895e-02 -3.000000e-03  2.619129e-02
     vertex  2.999912e-02 -3.000000e-03  2.817641e-02
   endloop
 endfacet
 facet normal  0.000000e+00 -1.000000e+00  0.000000e+00
   outer loop
     vertex  2.800000e-02 -3.000000e-03  3.083871e-02
     vertex  2.800000e-02 -3.000000e-03  2.885484e-02
     vertex  2.999890e-02 -3.000000e-03  3.015954e-02
   endloop
 endfacet
 facet normal  0.000000e+00 -1.000000e+00  0.000000e+00
   outer loop
     vertex  2.800000e-02 -3.000000e-03  2.885484e-02
     vertex  2.999912e-02 -3.000000e-03  2.817641e-02
     vertex  2.999890e-02 -3.000000e-03  3.015954e-02
   endloop
 endfacet
 facet normal  0.000000e+00 -1.000000e+00  0.000000e+00
   outer loop
     vertex  2.800000e-02 -3.000000e-03  3.282258e-02
     vertex  2.800000e-02 -3.000000e-03  3.083871e-02
     vertex  2.999908e-02 -3.000000e-03  3.214457e-02
   endloop
 endfacet
 facet normal  0.000000e+00 -1.000000e+00  0.000000e+00
   outer loop
     vertex  2.800000e-02 -3.000000e-03  3.083871e-02
     vertex  2.999890e-02 -3.000000e-03  3.015954e-02
     vertex  2.999908e-02 -3.000000e-03  3.214457e-02
   endloop
 endfacet
 facet normal  0.000000e+00 -1.000000e+00  0.000000e+00
   outer loop
     vertex  2.800000e-02 -3.000000e-03  3.480645e-02
     vertex  2.800000e-02 -3.000000e-03  3.282258e-02
     vertex  2.999883e-02 -3.000000e-03  3.412760e-02
   endloop
 endfacet
 facet normal  0.000000e+00 -1.000000e+00  0.000000e+00
   outer loop
     vertex  2.800000e-02 -3.000000e-03  3.282258e-02
     vertex  2.999908e-02 -3.000000e-03  3.214457e-02
     vertex  2.999883e-02 -3.000000e-03  3.412760e-02
   endloop
 endfacet
 facet normal  0.000000e+00 -1.000000e+00  0.000000e+00
   outer loop
     vertex  2.800000e-02 -3.000000e-03  3.679032e-02
     vertex  2.800000e-02 -3.000000e-03  3.480645e-02
     vertex  2.999900e-02 -3.000000e-03  3.611260e-02
   endloop
 endfacet
 facet normal  0.000000e+00 -1.000000e+00  0.000000e+00
   outer loop
     vertex  2.800000e-02 -3.000000e-03  3.480645e-02
     vertex  2.999883e-02 -3.000000e-03  3.412760e-02
     vertex  2.999900e-02 -3.000000e-03  3.611260e-02
   endloop
 endfacet
 facet normal  0.000000e+00 -1.000000e+00  0.000000e+00
   outer loop
     vertex  2.800000e-02 -3.000000e-03  3.877419e-02
     vertex  2.800000e-02 -3.000000e-03  3.679032e-02
     vertex  2.999875e-02 -3.000000e-03  3.809557e-02
   endloop
 endfacet
 facet normal  0.000000e+00 -1.000000e+00  0.000000e+00
   outer loop
     vertex  2.800000e-02 -3.000000e-03  3.679032e-02
     vertex  2.999900e-02 -3.000000e-03  3.611260e-02
     vertex  2.999875e-02 -3.000000e-03  3.809557e-02
   endloop
 endfacet
 facet normal  0.000000e+00 -1.000000e+00  0.000000e+00
   outer loop
     vertex  2.800000e-02 -3.000000e-03  4.075806e-02
     vertex  2.800000e-02 -3.000000e-03  3.877419e-02
     vertex  2.999910e-02 -3.000000e-03  4.008088e-02
   endloop
 endfacet
 facet normal  0.000000e+00 -1.000000e+00  0.000000e+00
   outer loop
     vertex  2.800000e-02 -3.000000e-03  3.877419e-02
     vertex  2.999875e-02 -3.000000e-03  3.809557e-02
     vertex  2.999910e-02 -3.000000e-03  4.008088e-02
   endloop
 endfacet
 facet normal  0.000000e+00 -1.000000e+00  0.000000e+00
   outer loop
     vertex  2.800000e-02 -3.000000e-03  4.274194e-02
     vertex  2.800000e-02 -3.000000e-03  4.075806e-02
     vertex  2.999925e-02 -3.000000e-03  4.206590e-02
   endloop
 endfacet
 facet normal  0.000000e+00 -1.000000e+00  0.000000e+00
   outer loop
     vertex  2.800000e-02 -3.000000e-03  4.075806e-02
     vertex  2.999910e-02 -3.000000e-03  4.008088e-02
     vertex  2.999925e-02 -3.000000e-03  4.206590e-02
   endloop
 endfacet
 facet normal  0.000000e+00 -1.000000e+00  0.000000e+00
   outer loop
     vertex  2.800000e-02 -3.000000e-03  4.472581e-02
     vertex  2.800000e-02 -3.000000e-03  4.274194e-02
     vertex  2.999913e-02 -3.000000e-03  4.404940e-02
   endloop
 endfacet
 facet normal  0.000000e+00 -1.000000e+00  0.000000e+00
   outer loop
     vertex  2.800000e-02 -3.000000e-03  4.274194e-02
     vertex  2.999925e-02 -3.000000e-03  4.206590e-02
     vertex  2.999913e-02 -3.000000e-03  4.404940e-02
   endloop
 endfacet
 facet normal  0.000000e+00 -1.000000e+00  0.000000e+00
   outer loop
     vertex  2.800000e-02 -3.000000e-03  4.670968e-02
     vertex  2.800000e-02 -3.000000e-03  4.472581e-02
     vertex  2.999939e-02 -3.000000e-03  4.603464e-02
   endloop
 endfacet
 facet normal  0.000000e+00 -1.000000e+00  0.000000e+00
   outer loop
     vertex  2.800000e-02 -3.000000e-03  4.472581e-02
     vertex  2.999913e-02 -3.000000e-03  4.404940e-02
     vertex  2.999939e-02 -3.000000e-03  4.603464e-02
   endloop
 endfacet
 facet normal  0.000000e+00 -1.000000e+00  0.000000e+00
   outer loop
     vertex  2.800000e-02 -3.000000e-03  4.869355e-02
     vertex  2.800000e-02 -3.000000e-03  4.670968e-02
     vertex  2.999926e-02 -3.000000e-03  4.801844e-02
   endloop
 endfacet
 facet normal  0.000000e+00 -1.000000e+00  0.000000e+00
   outer loop
     vertex  2.800000e-02 -3.000000e-03  4.670968e-02
     vertex  2.999939e-02 -3.000000e-03  4.603464e-02
     vertex  2.999926e-02 -3.000000e-03  4.801844e-02
   endloop
 endfacet
 facet normal  0.000000e+00 -1.000000e+00  0.000000e+00
   outer loop
     vertex  2.800000e-02 -3.000000e-03  5.067742e-02
     vertex  2.800000e-02 -3.000000e-03  4.869355e-02
     vertex  2.999920e-02 -3.000000e-03  5.000243e-02
   endloop
 endfacet
 facet normal  0.000000e+00 -1.000000e+00  0.000000e+00
   outer loop
     vertex  2.800000e-02 -3.000000e-03  4.869355e-02
     vertex  2.999926e-02 -3.000000e-03  4.801844e-02
     vertex  2.999920e-02 -3.000000e-03  5.000243e-02
   endloop
 endfacet
 facet normal  0.000000e+00 -1.000000e+00  0.000000e+00
   outer loop
     vertex  2.800000e-02 -3.000000e-03  5.266129e-02
     vertex  2.800000e-02 -3.000000e-03  5.067742e-02
     vertex  2.999917e-02 -3.000000e-03  5.198659e-02
   endloop
 endfacet
 facet normal  0.000000e+00 -1.000000e+00  0.000000e+00
   outer loop
     vertex  2.800000e-02 -3.000000e-03  5.067742e-02
     vertex  2.999920e-02 -3.000000e-03  5.000243e-02
     vertex  2.999917e-02 -3.000000e-03  5.198659e-02
   endloop
 endfacet
 facet normal  0.000000e+00 -1.000000e+00  0.000000e+00
   outer loop
     vertex  2.800000e-02 -3.000000e-03  5.464516e-02
     vertex  2.800000e-02 -3.000000e-03  5.266129e-02
     vertex  2.999917e-02 -3.000000e-03  5.397083e-02
   endloop
 endfacet
 facet normal  0.000000e+00 -1.000000e+00  0.000000e+00
   outer loop
     vertex  2.800000e-02 -3.000000e-03  5.266129e-02
     vertex  2.999917e-02 -3.000000e-03  5.198659e-02
     vertex  2.999917e-02 -3.000000e-03  5.397083e-02
   endloop
 endfacet
 facet normal  0.000000e+00 -1.000000e+00  0.000000e+00
   outer loop
     vertex  2.800000e-02 -3.000000e-03  5.662903e-02
     vertex  2.800000e-02 -3.000000e-03  5.464516e-02
     vertex  2.999916e-02 -3.000000e-03  5.595505e-02
   endloop
 endfacet
 facet normal  0.000000e+00 -1.000000e+00  0.000000e+00
   outer loop
     vertex  2.800000e-02 -3.000000e-03  5.464516e-02
     vertex  2.999917e-02 -3.000000e-03  5.397083e-02
     vertex  2.999916e-02 -3.000000e-03  5.595505e-02
   endloop
 endfacet
 facet normal  0.000000e+00 -1.000000e+00  0.000000e+00
   outer loop
     vertex  2.800000e-02 -3.000000e-03  5.861290e-02
     vertex  2.800000e-02 -3.000000e-03  5.662903e-02
     vertex  2.999915e-02 -3.000000e-03  5.793919e-02
   endloop
 endfacet
 facet normal  0.000000e+00 -1.000000e+00  0.000000e+00
   outer loop
     vertex  2.800000e-02 -3.000000e-03  5.662903e-02
     vertex  2.999916e-02 -3.000000e-03  5.595505e-02
     vertex  2.999915e-02 -3.000000e-03  5.793919e-02
   endloop
 endfacet
 facet normal  0.000000e+00 -1.000000e+00  0.000000e+00
   outer loop
     vertex  2.800000e-02 -3.000000e-03  6.059677e-02
     vertex  2.800000e-02 -3.000000e-03  5.861290e-02
     vertex  2.999915e-02 -3.000000e-03  5.992331e-02
   endloop
 endfacet
 facet normal  0.000000e+00 -1.000000e+00  0.000000e+00
   outer loop
     vertex  2.800000e-02 -3.000000e-03  5.861290e-02
     vertex  2.999915e-02 -3.000000e-03  5.793919e-02
     vertex  2.999915e-02 -3.000000e-03  5.992331e-02
   endloop
 endfacet
 facet normal  0.000000e+00 -1.000000e+00  0.000000e+00
   outer loop
     vertex  2.800000e-02 -3.000000e-03  6.258065e-02
     vertex  2.800000e-02 -3.000000e-03  6.059677e-02
     vertex  2.999915e-02 -3.000000e-03  6.190743e-02
   endloop
 endfacet
 facet normal  0.000000e+00 -1.000000e+00  0.000000e+00
   outer loop
     vertex  2.800000e-02 -3.000000e-03  6.059677e-02
     vertex  2.999915e-02 -3.000000e-03  5.992331e-02
     vertex  2.999915e-02 -3.000000e-03  6.190743e-02
   endloop
 endfacet
 facet normal  0.000000e+00 -1.000000e+00  0.000000e+00
   outer loop
     vertex  2.800000e-02 -3.000000e-03  6.456452e-02
     vertex  2.800000e-02 -3.000000e-03  6.258065e-02
     vertex  2.999915e-02 -3.000000e-03  6.389155e-02
   endloop
 endfacet
 facet normal  0.000000e+00 -1.000000e+00  0.000000e+00
   outer loop
     vertex  2.800000e-02 -3.000000e-03  6.258065e-02
     vertex  2.999915e-02 -3.000000e-03  6.190743e-02
     vertex  2.999915e-02 -3.000000e-03  6.389155e-02
   endloop
 endfacet
 facet normal  0.000000e+00 -1.000000e+00  0.000000e+00
   outer loop
     vertex  2.800000e-02 -3.000000e-03  6.654839e-02
     vertex  2.800000e-02 -3.000000e-03  6.456452e-02
     vertex  2.999916e-02 -3.000000e-03  6.587567e-02
   endloop
 endfacet
 facet normal  0.000000e+00 -1.000000e+00  0.000000e+00
   outer loop
     vertex  2.800000e-02 -3.000000e-03  6.456452e-02
     vertex  2.999915e-02 -3.000000e-03  6.389155e-02
     vertex  2.999916e-02 -3.000000e-03  6.587567e-02
   endloop
 endfacet
 facet normal  0.000000e+00 -1.000000e+00  0.000000e+00
   outer loop
     vertex  2.800000e-02 -3.000000e-03  6.853226e-02
     vertex  2.800000e-02 -3.000000e-03  6.654839e-02
     vertex  2.999916e-02 -3.000000e-03  6.785979e-02
   endloop
 endfacet
 facet normal  0.000000e+00 -1.000000e+00  0.000000e+00
   outer loop
     vertex  2.800000e-02 -3.000000e-03  6.654839e-02
     vertex  2.999916e-02 -3.000000e-03  6.587567e-02
     vertex  2.999916e-02 -3.000000e-03  6.785979e-02
   endloop
 endfacet
 facet normal  0.000000e+00 -1.000000e+00  0.000000e+00
   outer loop
     vertex  2.800000e-02 -3.000000e-03  7.051613e-02
     vertex  2.800000e-02 -3.000000e-03  6.853226e-02
     vertex  2.999916e-02 -3.000000e-03  6.984390e-02
   endloop
 endfacet
 facet normal  0.000000e+00 -1.000000e+00  0.000000e+00
   outer loop
     vertex  2.800000e-02 -3.000000e-03  6.853226e-02
     vertex  2.999916e-02 -3.000000e-03  6.785979e-02
     vertex  2.999916e-02 -3.000000e-03  6.984390e-02
   endloop
 endfacet
 facet normal  0.000000e+00 -1.000000e+00  0.000000e+00
   outer loop
     vertex  2.800000e-02 -3.000000e-03  7.250000e-02
     vertex  2.800000e-02 -3.000000e-03  7.051613e-02
     vertex  2.999916e-02 -3.000000e-03  7.182802e-02
   endloop
 endfacet
 facet normal  0.000000e+00 -1.000000e+00  0.000000e+00
   outer loop
     vertex  2.800000e-02 -3.000000e-03  7.051613e-02
     vertex  2.999916e-02 -3.000000e-03  6.984390e-02
     vertex  2.999916e-02 -3.000000e-03  7.182802e-02
   endloop
 endfacet
 facet normal  0.000000e+00 -1.000000e+00  0.000000e+00
   outer loop
     vertex  2.800000e-02 -3.000000e-03  7.448387e-02
     vertex  2.800000e-02 -3.000000e-03  7.250000e-02
     vertex  2.999916e-02 -3.000000e-03  7.381214e-02
   endloop
 endfacet
 facet normal  0.000000e+00 -1.000000e+00  0.000000e+00
   outer loop
     vertex  2.800000e-02 -3.000000e-03  7.250000e-02
     vertex  2.999916e-02 -3.000000e-03  7.182802e-02
     vertex  2.999916e-02 -3.000000e-03  7.381214e-02
   endloop
 endfacet
 facet normal  0.000000e+00 -1.000000e+00  0.000000e+00
   outer loop
     vertex  2.800000e-02 -3.000000e-03  7.646774e-02
     vertex  2.800000e-02 -3.000000e-03  7.448387e-02
     vertex  2.999916e-02 -3.000000e-03  7.579626e-02
   endloop
 endfacet
 facet normal  0.000000e+00 -1.000000e+00  0.000000e+00
   outer loop
     vertex  2.800000e-02 -3.000000e-03  7.448387e-02
     vertex  2.999916e-02 -3.000000e-03  7.381214e-02
     vertex  2.999916e-02 -3.000000e-03  7.579626e-02
   endloop
 endfacet
 facet normal  0.000000e+00 -1.000000e+00  0.000000e+00
   outer loop
     vertex  2.800000e-02 -3.000000e-03  7.845161e-02
     vertex  2.800000e-02 -3.000000e-03  7.646774e-02
     vertex  2.999916e-02 -3.000000e-03  7.778038e-02
   endloop
 endfacet
 facet normal  0.000000e+00 -1.000000e+00  0.000000e+00
   outer loop
     vertex  2.800000e-02 -3.000000e-03  7.646774e-02
     vertex  2.999916e-02 -3.000000e-03  7.579626e-02
     vertex  2.999916e-02 -3.000000e-03  7.778038e-02
   endloop
 endfacet
 facet normal  0.000000e+00 -1.000000e+00  0.000000e+00
   outer loop
     vertex  2.800000e-02 -3.000000e-03  8.043548e-02
     vertex  2.800000e-02 -3.000000e-03  7.845161e-02
     vertex  2.999916e-02 -3.000000e-03  7.976450e-02
   endloop
 endfacet
 facet normal  0.000000e+00 -1.000000e+00  0.000000e+00
   outer loop
     vertex  2.800000e-02 -3.000000e-03  7.845161e-02
     vertex  2.999916e-02 -3.000000e-03  7.778038e-02
     vertex  2.999916e-02 -3.000000e-03  7.976450e-02
   endloop
 endfacet
 facet normal  0.000000e+00 -1.000000e+00  0.000000e+00
   outer loop
     vertex  2.800000e-02 -3.000000e-03  8.241935e-02
     vertex  2.800000e-02 -3.000000e-03  8.043548e-02
     vertex  2.999916e-02 -3.000000e-03  8.174861e-02
   endloop
 endfacet
 facet normal  0.000000e+00 -1.000000e+00  0.000000e+00
   outer loop
     vertex  2.800000e-02 -3.000000e-03  8.043548e-02
     vertex  2.999916e-02 -3.000000e-03  7.976450e-02
     vertex  2.999916e-02 -3.000000e-03  8.174861e-02
   endloop
 endfacet
 facet normal  0.000000e+00 -1.000000e+00  0.000000e+00
   outer loop
     vertex  2.800000e-02 -3.000000e-03  8.440323e-02
     vertex  2.800000e-02 -3.000000e-03  8.241935e-02
     vertex  2.999916e-02 -3.000000e-03  8.373273e-02
   endloop
 endfacet
 facet normal  0.000000e+00 -1.000000e+00  0.000000e+00
   outer loop
     vertex  2.800000e-02 -3.000000e-03  8.241935e-02
     vertex  2.999916e-02 -3.000000e-03  8.174861e-02
     vertex  2.999916e-02 -3.000000e-03  8.373273e-02
   endloop
 endfacet
 facet normal  0.000000e+00 -1.000000e+00  0.000000e+00
   outer loop
     vertex  2.800000e-02 -3.000000e-03  8.638710e-02
     vertex  2.800000e-02 -3.000000e-03  8.440323e-02
     vertex  2.999916e-02 -3.000000e-03  8.571685e-02
   endloop
 endfacet
 facet normal  0.000000e+00 -1.000000e+00  0.000000e+00
   outer loop
     vertex  2.800000e-02 -3.000000e-03  8.440323e-02
     vertex  2.999916e-02 -3.000000e-03  8.373273e-02
     vertex  2.999916e-02 -3.000000e-03  8.571685e-02
   endloop
 endfacet
 facet normal  0.000000e+00 -1.000000e+00  0.000000e+00
   outer loop
     vertex  2.800000e-02 -3.000000e-03  8.837097e-02
     vertex  2.800000e-02 -3.000000e-03  8.638710e-02
     vertex  2.999916e-02 -3.000000e-03  8.770097e-02
   endloop
 endfacet
 facet normal  0.000000e+00 -1.000000e+00  0.000000e+00
   outer loop
     vertex  2.800000e-02 -3.000000e-03  8.638710e-02
     vertex  2.999916e-02 -3.000000e-03  8.571685e-02
     vertex  2.999916e-02 -3.000000e-03  8.770097e-02
   endloop
 endfacet
 facet normal  0.000000e+00 -1.000000e+00  0.000000e+00
   outer loop
     vertex  2.800000e-02 -3.000000e-03  9.035484e-02
     vertex  2.800000e-02 -3.000000e-03  8.837097e-02
     vertex  2.999916e-02 -3.000000e-03  8.968509e-02
   endloop
 endfacet
 facet normal  0.000000e+00 -1.000000e+00  0.000000e+00
   outer loop
     vertex  2.800000e-02 -3.000000e-03  8.837097e-02
     vertex  2.999916e-02 -3.000000e-03  8.770097e-02
     vertex  2.999916e-02 -3.000000e-03  8.968509e-02
   endloop
 endfacet
 facet normal  0.000000e+00 -1.000000e+00  0.000000e+00
   outer loop
     vertex  2.800000e-02 -3.000000e-03  9.233871e-02
     vertex  2.800000e-02 -3.000000e-03  9.035484e-02
     vertex  2.999916e-02 -3.000000e-03  9.166921e-02
   endloop
 endfacet
 facet normal  0.000000e+00 -1.000000e+00  0.000000e+00
   outer loop
     vertex  2.800000e-02 -3.000000e-03  9.035484e-02
     vertex  2.999916e-02 -3.000000e-03  8.968509e-02
     vertex  2.999916e-02 -3.000000e-03  9.166921e-02
   endloop
 endfacet
 facet normal  0.000000e+00 -1.000000e+00  0.000000e+00
   outer loop
     vertex  2.800000e-02 -3.000000e-03  9.432258e-02
     vertex  2.800000e-02 -3.000000e-03  9.233871e-02
     vertex  2.999916e-02 -3.000000e-03  9.365332e-02
   endloop
 endfacet
 facet normal  0.000000e+00 -1.000000e+00  0.000000e+00
   outer loop
     vertex  2.800000e-02 -3.000000e-03  9.233871e-02
     vertex  2.999916e-02 -3.000000e-03  9.166921e-02
     vertex  2.999916e-02 -3.000000e-03  9.365332e-02
   endloop
 endfacet
 facet normal  0.000000e+00 -1.000000e+00  0.000000e+00
   outer loop
     vertex  2.800000e-02 -3.000000e-03  9.630645e-02
     vertex  2.800000e-02 -3.000000e-03  9.432258e-02
     vertex  2.999916e-02 -3.000000e-03  9.563744e-02
   endloop
 endfacet
 facet normal  0.000000e+00 -1.000000e+00  0.000000e+00
   outer loop
     vertex  2.800000e-02 -3.000000e-03  9.432258e-02
     vertex  2.999916e-02 -3.000000e-03  9.365332e-02
     vertex  2.999916e-02 -3.000000e-03  9.563744e-02
   endloop
 endfacet
 facet normal  0.000000e+00 -1.000000e+00  0.000000e+00
   outer loop
     vertex  2.800000e-02 -3.000000e-03  9.829032e-02
     vertex  2.800000e-02 -3.000000e-03  9.630645e-02
     vertex  2.999916e-02 -3.000000e-03  9.762156e-02
   endloop
 endfacet
 facet normal  0.000000e+00 -1.000000e+00  0.000000e+00
   outer loop
     vertex  2.800000e-02 -3.000000e-03  9.630645e-02
     vertex  2.999916e-02 -3.000000e-03  9.563744e-02
     vertex  2.999916e-02 -3.000000e-03  9.762156e-02
   endloop
 endfacet
 facet normal  0.000000e+00 -1.000000e+00  0.000000e+00
   outer loop
     vertex  2.800000e-02 -3.000000e-03  1.002742e-01
     vertex  2.800000e-02 -3.000000e-03  9.829032e-02
     vertex  2.999916e-02 -3.000000e-03  9.960568e-02
   endloop
 endfacet
 facet normal  0.000000e+00 -1.000000e+00  0.000000e+00
   outer loop
     vertex  2.800000e-02 -3.000000e-03  9.829032e-02
     vertex  2.999916e-02 -3.000000e-03  9.762156e-02
     vertex  2.999916e-02 -3.000000e-03  9.960568e-02
   endloop
 endfacet
 facet normal  0.000000e+00 -1.000000e+00  0.000000e+00
   outer loop
     vertex  2.800000e-02 -3.000000e-03  1.022581e-01
     vertex  2.800000e-02 -3.000000e-03  1.002742e-01
     vertex  2.999916e-02 -3.000000e-03  1.015898e-01
   endloop
 endfacet
 facet normal  0.000000e+00 -1.000000e+00  0.000000e+00
   outer loop
     vertex  2.800000e-02 -3.000000e-03  1.002742e-01
     vertex  2.999916e-02 -3.000000e-03  9.960568e-02
     vertex  2.999916e-02 -3.000000e-03  1.015898e-01
   endloop
 endfacet
 facet normal  0.000000e+00 -1.000000e+00  0.000000e+00
   outer loop
     vertex  2.800000e-02 -3.000000e-03  1.042419e-01
     vertex  2.800000e-02 -3.000000e-03  1.022581e-01
     vertex  2.999916e-02 -3.000000e-03  1.035739e-01
   endloop
 endfacet
 facet normal  0.000000e+00 -1.000000e+00  0.000000e+00
   outer loop
     vertex  2.800000e-02 -3.000000e-03  1.022581e-01
     vertex  2.999916e-02 -3.000000e-03  1.015898e-01
     vertex  2.999916e-02 -3.000000e-03  1.035739e-01
   endloop
 endfacet
 facet normal  0.000000e+00 -1.000000e+00  0.000000e+00
   outer loop
     vertex  2.800000e-02 -3.000000e-03  1.062258e-01
     vertex  2.800000e-02 -3.000000e-03  1.042419e-01
     vertex  2.999916e-02 -3.000000e-03  1.055581e-01
   endloop
 endfacet
 facet normal  0.000000e+00 -1.000000e+00  0.000000e+00
   outer loop
     vertex  2.800000e-02 -3.000000e-03  1.042419e-01
     vertex  2.999916e-02 -3.000000e-03  1.035739e-01
     vertex  2.999916e-02 -3.000000e-03  1.055581e-01
   endloop
 endfacet
 facet normal  0.000000e+00 -1.000000e+00  0.000000e+00
   outer loop
     vertex  2.800000e-02 -3.000000e-03  1.082097e-01
     vertex  2.800000e-02 -3.000000e-03  1.062258e-01
     vertex  2.999916e-02 -3.000000e-03  1.075423e-01
   endloop
 endfacet
 facet normal  0.000000e+00 -1.000000e+00  0.000000e+00
   outer loop
     vertex  2.800000e-02 -3.000000e-03  1.062258e-01
     vertex  2.999916e-02 -3.000000e-03  1.055581e-01
     vertex  2.999916e-02 -3.000000e-03  1.075423e-01
   endloop
 endfacet
 facet normal  0.000000e+00 -1.000000e+00  0.000000e+00
   outer loop
     vertex  2.800000e-02 -3.000000e-03  1.101935e-01
     vertex  2.800000e-02 -3.000000e-03  1.082097e-01
     vertex  2.999914e-02 -3.000000e-03  1.095265e-01
   endloop
 endfacet
 facet normal  0.000000e+00 -1.000000e+00  0.000000e+00
   outer loop
     vertex  2.800000e-02 -3.000000e-03  1.082097e-01
     vertex  2.999916e-02 -3.000000e-03  1.075423e-01
     vertex  2.999914e-02 -3.000000e-03  1.095265e-01
   endloop
 endfacet
 facet normal  0.000000e+00 -1.000000e+00  0.000000e+00
   outer loop
     vertex  2.800000e-02 -3.000000e-03  1.121774e-01
     vertex  2.800000e-02 -3.000000e-03  1.101935e-01
     vertex  2.999905e-02 -3.000000e-03  1.115110e-01
   endloop
 endfacet
 facet normal  0.000000e+00 -1.000000e+00  0.000000e+00
   outer loop
     vertex  2.800000e-02 -3.000000e-03  1.101935e-01
     vertex  2.999914e-02 -3.000000e-03  1.095265e-01
     vertex  2.999905e-02 -3.000000e-03  1.115110e-01
   endloop
 endfacet
 facet normal  0.000000e+00 -1.000000e+00  0.000000e+00
   outer loop
     vertex  2.800000e-02 -3.000000e-03  1.141613e-01
     vertex  2.800000e-02 -3.000000e-03  1.121774e-01
     vertex  2.999866e-02 -3.000000e-03  1.134959e-01
   endloop
 endfacet
 facet normal  0.000000e+00 -1.000000e+00  0.000000e+00
   outer loop
     vertex  2.800000e-02 -3.000000e-03  1.121774e-01
     vertex  2.999905e-02 -3.000000e-03  1.115110e-01
     vertex  2.999866e-02 -3.000000e-03  1.134959e-01
   endloop
 endfacet
 facet normal  0.000000e+00 -1.000000e+00  0.000000e+00
   outer loop
     vertex  2.800000e-02 -3.000000e-03  1.161452e-01
     vertex  2.800000e-02 -3.000000e-03  1.141613e-01
     vertex  2.999704e-02 -3.000000e-03  1.154813e-01
   endloop
 endfacet
 facet normal  0.000000e+00 -1.000000e+00  0.000000e+00
   outer loop
     vertex  2.800000e-02 -3.000000e-03  1.141613e-01
     vertex  2.999866e-02 -3.000000e-03  1.134959e-01
     vertex  2.999704e-02 -3.000000e-03  1.154813e-01
   endloop
 endfacet
 facet normal  0.000000e+00 -1.000000e+00  0.000000e+00
   outer loop
     vertex  2.800000e-02 -3.000000e-03  1.181290e-01
     vertex  2.800000e-02 -3.000000e-03  1.161452e-01
     vertex  2.999064e-02 -3.000000e-03  1.174664e-01
   endloop
 endfacet
 facet normal  0.000000e+00 -1.000000e+00  0.000000e+00
   outer loop
     vertex  2.800000e-02 -3.000000e-03  1.161452e-01
     vertex  2.999704e-02 -3.000000e-03  1.154813e-01
     vertex  2.999064e-02 -3.000000e-03  1.174664e-01
   endloop
 endfacet
 facet normal  0.000000e+00 -1.000000e+00  0.000000e+00
   outer loop
     vertex  2.800000e-02 -3.000000e-03  1.201129e-01
     vertex  2.800000e-02 -3.000000e-03  1.181290e-01
     vertex  2.996563e-02 -3.000000e-03  1.194442e-01
   endloop
 endfacet
 facet normal  0.000000e+00 -1.000000e+00  0.000000e+00
   outer loop
     vertex  2.800000e-02 -3.000000e-03  1.181290e-01
     vertex  2.999064e-02 -3.000000e-03  1.174664e-01
     vertex  2.996563e-02 -3.000000e-03  1.194442e-01
   endloop
 endfacet
 facet normal  0.000000e+00 -1.000000e+00  0.000000e+00
   outer loop
     vertex  2.800000e-02 -3.000000e-03  1.220968e-01
     vertex  2.800000e-02 -3.000000e-03  1.201129e-01
     vertex  2.986904e-02 -3.000000e-03  1.213764e-01
   endloop
 endfacet
 facet normal  0.000000e+00 -1.000000e+00  0.000000e+00
   outer loop
     vertex  2.800000e-02 -3.000000e-03  1.201129e-01
     vertex  2.996563e-02 -3.000000e-03  1.194442e-01
     vertex  2.986904e-02 -3.000000e-03  1.213764e-01
   endloop
 endfacet
 facet normal  0.000000e+00 -1.000000e+00  0.000000e+00
   outer loop
     vertex  2.800000e-02 -3.000000e-03  1.240806e-01
     vertex  2.800000e-02 -3.000000e-03  1.220968e-01
     vertex  2.950873e-02 -3.000000e-03  1.230847e-01
   endloop
 endfacet
 facet normal  0.000000e+00 -1.000000e+00  0.000000e+00
   outer loop
     vertex  2.800000e-02 -3.000000e-03  1.220968e-01
     vertex  2.986904e-02 -3.000000e-03  1.213764e-01
     vertex  2.950873e-02 -3.000000e-03  1.230847e-01
   endloop
 endfacet
 facet normal  0.000000e+00 -1.000000e+00  0.000000e+00
   outer loop
     vertex  2.800000e-02 -3.000000e-03  1.260645e-01
     vertex  2.800000e-02 -3.000000e-03  1.240806e-01
     vertex  2.987157e-02 -3.000000e-03  1.247901e-01
   endloop
 endfacet
 facet normal  0.000000e+00 -1.000000e+00  0.000000e+00
   outer loop
     vertex  2.800000e-02 -3.000000e-03  1.240806e-01
     vertex  2.950873e-02 -3.000000e-03  1.230847e-01
     vertex  2.987157e-02 -3.000000e-03  1.247901e-01
   endloop
 endfacet
 facet normal  0.000000e+00 -1.000000e+00  0.000000e+00
   outer loop
     vertex  2.800000e-02 -3.000000e-03  1.280484e-01
     vertex  2.800000e-02 -3.000000e-03  1.260645e-01
     vertex  2.997584e-02 -3.000000e-03  1.267182e-01
   endloop
 endfacet
 facet normal  0.000000e+00 -1.000000e+00  0.000000e+00
   outer loop
     vertex  2.800000e-02 -3.000000e-03  1.260645e-01
     vertex  2.987157e-02 -3.000000e-03  1.247901e-01
     vertex  2.997584e-02 -3.000000e-03  1.267182e-01
   endloop
 endfacet
 facet normal  0.000000e+00 -1.000000e+00  0.000000e+00
   outer loop
     vertex  2.800000e-02 -3.000000e-03  1.300323e-01
     vertex  2.800000e-02 -3.000000e-03  1.280484e-01
     vertex  3.002881e-02 -3.000000e-03  1.286989e-01
   endloop
 endfacet
 facet normal  0.000000e+00 -1.000000e+00  0.000000e+00
   outer loop
     vertex  2.800000e-02 -3.000000e-03  1.280484e-01
     vertex  2.997584e-02 -3.000000e-03  1.267182e-01
     vertex  3.002881e-02 -3.000000e-03  1.286989e-01
   endloop
 endfacet
 facet normal  0.000000e+00 -1.000000e+00  0.000000e+00
   outer loop
     vertex  2.800000e-02 -3.000000e-03  1.320161e-01
     vertex  2.800000e-02 -3.000000e-03  1.300323e-01
     vertex  3.013341e-02 -3.000000e-03  1.307528e-01
   endloop
 endfacet
 facet normal  0.000000e+00 -1.000000e+00  0.000000e+00
   outer loop
     vertex  2.800000e-02 -3.000000e-03  1.300323e-01
     vertex  3.002881e-02 -3.000000e-03  1.286989e-01
     vertex  3.013341e-02 -3.000000e-03  1.307528e-01
   endloop
 endfacet
 facet normal  0.000000e+00 -1.000000e+00  0.000000e+00
   outer loop
     vertex  2.800000e-02 -3.000000e-03  1.340000e-01
     vertex  2.800000e-02 -3.000000e-03  1.320161e-01
     vertex  2.949508e-02 -3.000000e-03  1.325887e-01
   endloop
 endfacet
 facet normal -0.000000e+00 -1.000000e+00  0.000000e+00
   outer loop
     vertex  3.000000e-02 -3.000000e-03  1.340000e-01
     vertex  2.800000e-02 -3.000000e-03  1.340000e-01
     vertex  2.949508e-02 -3.000000e-03  1.325887e-01
   endloop
 endfacet
 facet normal  0.000000e+00 -1.000000e+00  0.000000e+00
   outer loop
     vertex  2.800000e-02 -3.000000e-03  1.320161e-01
     vertex  3.013341e-02 -3.000000e-03  1.307528e-01
     vertex  2.949508e-02 -3.000000e-03  1.325887e-01
   endloop
 endfacet
 facet normal -0.000000e+00 -1.000000e+00  0.000000e+00
   outer loop
     vertex  3.200000e-02 -3.000000e-03  1.340000e-01
     vertex  3.000000e-02 -3.000000e-03  1.340000e-01
     vertex  3.132336e-02 -3.000000e-03  1.324252e-01
   endloop
 endfacet
 facet normal  0.000000e+00 -1.000000e+00 -0.000000e+00
   outer loop
     vertex  3.000000e-02 -3.000000e-03  1.340000e-01
     vertex  2.949508e-02 -3.000000e-03  1.325887e-01
     vertex  3.132336e-02 -3.000000e-03  1.324252e-01
   endloop
 endfacet
 facet normal -0.000000e+00 -1.000000e+00 -0.000000e+00
   outer loop
     vertex  3.400000e-02 -3.000000e-03  1.340000e-01
     vertex  3.200000e-02 -3.000000e-03  1.340000e-01
     vertex  3.400000e-02 -3.000000e-03  1.320154e-01
   endloop
 endfacet
 facet normal -1.016541e-13 -1.000000e+00  0.000000e+00
   outer loop
     vertex  3.400000e-02 -3.000000e-03  5.000000e-03
     vertex  3.400000e-02 -3.000000e-03  6.984615e-03
     vertex  3.206313e-02 -3.000000e-03  5.000000e-03
   endloop
 endfacet
 facet normal  0.000000e+00 -1.000000e+00  0.000000e+00
   outer loop
     vertex  3.400000e-02 -3.000000e-03  6.984615e-03
     vertex  3.400000e-02 -3.000000e-03  8.969231e-03
     vertex  3.250381e-02 -3.000000e-03  7.619622e-03
   endloop
 endfacet
 facet normal  0.000000e+00 -1.000000e+00  0.000000e+00
   outer loop
     vertex  3.400000e-02 -3.000000e-03  1.095385e-02
     vertex  3.400000e-02 -3.000000e-03  1.293846e-02
     vertex  3.234882e-02 -3.000000e-03  1.172411e-02
   endloop
 endfacet
 facet normal  0.000000e+00 -1.000000e+00  0.000000e+00
   outer loop
     vertex  3.400000e-02 -3.000000e-03  1.492308e-02
     vertex  3.400000e-02 -3.000000e-03  1.690769e-02
     vertex  3.201003e-02 -3.000000e-03  1.555648e-02
   endloop
 endfacet
 facet normal  0.000000e+00 -1.000000e+00  0.000000e+00
   outer loop
     vertex  3.400000e-02 -3.000000e-03  1.889231e-02
     vertex  3.400000e-02 -3.000000e-03  2.087692e-02
     vertex  3.199889e-02 -3.000000e-03  1.955566e-02
   endloop
 endfacet
 facet normal  0.000000e+00 -1.000000e+00  0.000000e+00
   outer loop
     vertex  3.400000e-02 -3.000000e-03  2.286154e-02
     vertex  3.400000e-02 -3.000000e-03  2.484615e-02
     vertex  3.199878e-02 -3.000000e-03  2.353133e-02
   endloop
 endfacet
 facet normal  0.000000e+00 -1.000000e+00  0.000000e+00
   outer loop
     vertex  3.400000e-02 -3.000000e-03  2.683077e-02
     vertex  3.400000e-02 -3.000000e-03  2.881538e-02
     vertex  3.199865e-02 -3.000000e-03  2.750054e-02
   endloop
 endfacet
 facet normal  0.000000e+00 -1.000000e+00  0.000000e+00
   outer loop
     vertex  3.400000e-02 -3.000000e-03  3.080000e-02
     vertex  3.400000e-02 -3.000000e-03  3.278462e-02
     vertex  3.199862e-02 -3.000000e-03  3.146921e-02
   endloop
 endfacet
 facet normal  0.000000e+00 -1.000000e+00  0.000000e+00
   outer loop
     vertex  3.400000e-02 -3.000000e-03  3.476923e-02
     vertex  3.400000e-02 -3.000000e-03  3.675385e-02
     vertex  3.199853e-02 -3.000000e-03  3.543767e-02
   endloop
 endfacet
 facet normal  0.000000e+00 -1.000000e+00  0.000000e+00
   outer loop
     vertex  3.400000e-02 -3.000000e-03  3.873846e-02
     vertex  3.400000e-02 -3.000000e-03  4.072308e-02
     vertex  3.199831e-02 -3.000000e-03  3.940598e-02
   endloop
 endfacet
 facet normal  0.000000e+00 -1.000000e+00  0.000000e+00
   outer loop
     vertex  3.400000e-02 -3.000000e-03  4.270769e-02
     vertex  3.400000e-02 -3.000000e-03  4.469231e-02
     vertex  3.199853e-02 -3.000000e-03  4.337524e-02
   endloop
 endfacet
 facet normal  0.000000e+00 -1.000000e+00  0.000000e+00
   outer loop
     vertex  3.400000e-02 -3.000000e-03  4.667692e-02
     vertex  3.400000e-02 -3.000000e-03  4.866154e-02
     vertex  3.199889e-02 -3.000000e-03  4.734525e-02
   endloop
 endfacet
 facet normal  0.000000e+00 -1.000000e+00  0.000000e+00
   outer loop
     vertex  3.400000e-02 -3.000000e-03  5.064615e-02
     vertex  3.400000e-02 -3.000000e-03  5.263077e-02
     vertex  3.199872e-02 -3.000000e-03  5.131391e-02
   endloop
 endfacet
 facet normal  0.000000e+00 -1.000000e+00  0.000000e+00
   outer loop
     vertex  3.400000e-02 -3.000000e-03  5.461538e-02
     vertex  3.400000e-02 -3.000000e-03  5.660000e-02
     vertex  3.199872e-02 -3.000000e-03  5.528301e-02
   endloop
 endfacet
 facet normal  0.000000e+00 -1.000000e+00  0.000000e+00
   outer loop
     vertex  3.400000e-02 -3.000000e-03  5.858462e-02
     vertex  3.400000e-02 -3.000000e-03  6.056923e-02
     vertex  3.199872e-02 -3.000000e-03  5.925181e-02
   endloop
 endfacet
 facet normal  0.000000e+00 -1.000000e+00  0.000000e+00
   outer loop
     vertex  3.400000e-02 -3.000000e-03  6.255385e-02
     vertex  3.400000e-02 -3.000000e-03  6.453846e-02
     vertex  3.199872e-02 -3.000000e-03  6.322055e-02
   endloop
 endfacet
 facet normal  0.000000e+00 -1.000000e+00  0.000000e+00
   outer loop
     vertex  3.400000e-02 -3.000000e-03  6.652308e-02
     vertex  3.400000e-02 -3.000000e-03  6.850769e-02
     vertex  3.199872e-02 -3.000000e-03  6.718928e-02
   endloop
 endfacet
 facet normal  0.000000e+00 -1.000000e+00  0.000000e+00
   outer loop
     vertex  3.400000e-02 -3.000000e-03  7.049231e-02
     vertex  3.400000e-02 -3.000000e-03  7.247692e-02
     vertex  3.199872e-02 -3.000000e-03  7.115801e-02
   endloop
 endfacet
 facet normal  0.000000e+00 -1.000000e+00  0.000000e+00
   outer loop
     vertex  3.400000e-02 -3.000000e-03  7.446154e-02
     vertex  3.400000e-02 -3.000000e-03  7.644615e-02
     vertex  3.199872e-02 -3.000000e-03  7.512674e-02
   endloop
 endfacet
 facet normal  0.000000e+00 -1.000000e+00  0.000000e+00
   outer loop
     vertex  3.400000e-02 -3.000000e-03  7.843077e-02
     vertex  3.400000e-02 -3.000000e-03  8.041538e-02
     vertex  3.199872e-02 -3.000000e-03  7.909548e-02
   endloop
 endfacet
 facet normal  0.000000e+00 -1.000000e+00  0.000000e+00
   outer loop
     vertex  3.400000e-02 -3.000000e-03  8.240000e-02
     vertex  3.400000e-02 -3.000000e-03  8.438462e-02
     vertex  3.199872e-02 -3.000000e-03  8.306421e-02
   endloop
 endfacet
 facet normal  0.000000e+00 -1.000000e+00  0.000000e+00
   outer loop
     vertex  3.400000e-02 -3.000000e-03  8.636923e-02
     vertex  3.400000e-02 -3.000000e-03  8.835385e-02
     vertex  3.199872e-02 -3.000000e-03  8.703294e-02
   endloop
 endfacet
 facet normal  0.000000e+00 -1.000000e+00  0.000000e+00
   outer loop
     vertex  3.400000e-02 -3.000000e-03  9.033846e-02
     vertex  3.400000e-02 -3.000000e-03  9.232308e-02
     vertex  3.199872e-02 -3.000000e-03  9.100167e-02
   endloop
 endfacet
 facet normal  0.000000e+00 -1.000000e+00  0.000000e+00
   outer loop
     vertex  3.400000e-02 -3.000000e-03  9.430769e-02
     vertex  3.400000e-02 -3.000000e-03  9.629231e-02
     vertex  3.199872e-02 -3.000000e-03  9.497041e-02
   endloop
 endfacet
 facet normal  0.000000e+00 -1.000000e+00  0.000000e+00
   outer loop
     vertex  3.400000e-02 -3.000000e-03  9.827692e-02
     vertex  3.400000e-02 -3.000000e-03  1.002615e-01
     vertex  3.199872e-02 -3.000000e-03  9.893914e-02
   endloop
 endfacet
 facet normal  0.000000e+00 -1.000000e+00  0.000000e+00
   outer loop
     vertex  3.400000e-02 -3.000000e-03  1.022462e-01
     vertex  3.400000e-02 -3.000000e-03  1.042308e-01
     vertex  3.199872e-02 -3.000000e-03  1.029079e-01
   endloop
 endfacet
 facet normal  0.000000e+00 -1.000000e+00  0.000000e+00
   outer loop
     vertex  3.400000e-02 -3.000000e-03  1.062154e-01
     vertex  3.400000e-02 -3.000000e-03  1.082000e-01
     vertex  3.199872e-02 -3.000000e-03  1.068767e-01
   endloop
 endfacet
 facet normal  0.000000e+00 -1.000000e+00  0.000000e+00
   outer loop
     vertex  3.400000e-02 -3.000000e-03  1.101846e-01
     vertex  3.400000e-02 -3.000000e-03  1.121692e-01
     vertex  3.199862e-02 -3.000000e-03  1.108459e-01
   endloop
 endfacet
 facet normal  0.000000e+00 -1.000000e+00  0.000000e+00
   outer loop
     vertex  3.400000e-02 -3.000000e-03  1.141538e-01
     vertex  3.400000e-02 -3.000000e-03  1.161385e-01
     vertex  3.199721e-02 -3.000000e-03  1.148177e-01
   endloop
 endfacet
 facet normal  0.000000e+00 -1.000000e+00  0.000000e+00
   outer loop
     vertex  3.400000e-02 -3.000000e-03  1.181231e-01
     vertex  3.400000e-02 -3.000000e-03  1.201077e-01
     vertex  3.197689e-02 -3.000000e-03  1.188105e-01
   endloop
 endfacet
 facet normal  0.000000e+00 -1.000000e+00  0.000000e+00
   outer loop
     vertex  3.400000e-02 -3.000000e-03  1.220923e-01
     vertex  3.400000e-02 -3.000000e-03  1.240769e-01
     vertex  3.162204e-02 -3.000000e-03  1.230805e-01
   endloop
 endfacet
 facet normal  0.000000e+00 -1.000000e+00  0.000000e+00
   outer loop
     vertex  3.400000e-02 -3.000000e-03  1.260615e-01
     vertex  3.400000e-02 -3.000000e-03  1.280462e-01
     vertex  3.199772e-02 -3.000000e-03  1.273130e-01
   endloop
 endfacet
 facet normal  0.000000e+00 -1.000000e+00  0.000000e+00
   outer loop
     vertex  3.400000e-02 -3.000000e-03  1.300308e-01
     vertex  3.400000e-02 -3.000000e-03  1.320154e-01
     vertex  3.230366e-02 -3.000000e-03  1.309017e-01
   endloop
 endfacet
 facet normal -2.977348e-14 -1.000000e+00 -7.015146e-14
   outer loop
     vertex  3.206313e-02 -3.000000e-03  5.000000e-03
     vertex  3.400000e-02 -3.000000e-03  6.984615e-03
     vertex  3.250381e-02 -3.000000e-03  7.619622e-03
   endloop
 endfacet
 facet normal -1.016541e-13 -1.000000e+00 -1.474353e-13
   outer loop
     vertex  3.012625e-02 -3.000000e-03  5.000000e-03
     vertex  3.206313e-02 -3.000000e-03  5.000000e-03
     vertex  3.080980e-02 -3.000000e-03  7.199590e-03
   endloop
 endfacet
 facet normal  1.944719e-14 -1.000000e+00 -7.843163e-14
   outer loop
     vertex  3.206313e-02 -3.000000e-03  5.000000e-03
     vertex  3.250381e-02 -3.000000e-03  7.619622e-03
     vertex  3.080980e-02 -3.000000e-03  7.199590e-03
   endloop
 endfacet
 facet normal -1.016541e-13 -1.000000e+00 -3.146226e-13
   outer loop
     vertex  2.625251e-02 -3.000000e-03  5.000000e-03
     vertex  2.818938e-02 -3.000000e-03  5.000000e-03
     vertex  2.756989e-02 -3.000000e-03  7.077559e-03
   endloop
 endfacet
 facet normal  0.000000e+00 -1.000000e+00 -0.000000e+00
   outer loop
     vertex  2.615782e-02 -3.000000e-03  1.100000e-02
     vertex  2.431563e-02 -3.000000e-03  9.000000e-03
     vertex  2.691511e-02 -3.000000e-03  9.127927e-03
   endloop
 endfacet
 facet normal  0.000000e+00 -1.000000e+00 -0.000000e+00
   outer loop
     vertex  2.800000e-02 -3.000000e-03  1.100000e-02
     vertex  2.691511e-02 -3.000000e-03  9.127927e-03
     vertex  2.922880e-02 -3.000000e-03  8.928287e-03
   endloop
 endfacet
 facet normal  0.000000e+00 -1.000000e+00  0.000000e+00
   outer loop
     vertex  3.400000e-02 -3.000000e-03  1.320154e-01
     vertex  3.200000e-02 -3.000000e-03  1.340000e-01
     vertex  3.132336e-02 -3.000000e-03  1.324252e-01
   endloop
 endfacet
 facet normal  0.000000e+00 -1.000000e+00  0.000000e+00
   outer loop
     vertex  3.199889e-02 -3.000000e-03  1.955566e-02
     vertex  3.400000e-02 -3.000000e-03  2.087692e-02
     vertex  3.199871e-02 -3.000000e-03  2.154466e-02
   endloop
 endfacet
 facet normal  0.000000e+00 -1.000000e+00  0.000000e+00
   outer loop
     vertex  3.400000e-02 -3.000000e-03  2.087692e-02
     vertex  3.400000e-02 -3.000000e-03  2.286154e-02
     vertex  3.199871e-02 -3.000000e-03  2.154466e-02
   endloop
 endfacet
 facet normal  0.000000e+00 -1.000000e+00  0.000000e+00
   outer loop
     vertex  3.201003e-02 -3.000000e-03  1.555648e-02
     vertex  3.400000e-02 -3.000000e-03  1.690769e-02
     vertex  3.200047e-02 -3.000000e-03  1.756105e-02
   endloop
 endfacet
 facet normal  0.000000e+00 -1.000000e+00  0.000000e+00
   outer loop
     vertex  3.400000e-02 -3.000000e-03  1.690769e-02
     vertex  3.400000e-02 -3.000000e-03  1.889231e-02
     vertex  3.200047e-02 -3.000000e-03  1.756105e-02
   endloop
 endfacet
 facet normal  0.000000e+00 -1.000000e+00  0.000000e+00
   outer loop
     vertex  3.234882e-02 -3.000000e-03  1.172411e-02
     vertex  3.400000e-02 -3.000000e-03  1.293846e-02
     vertex  3.205902e-02 -3.000000e-03  1.355750e-02
   endloop
 endfacet
 facet normal  0.000000e+00 -1.000000e+00  0.000000e+00
   outer loop
     vertex  3.400000e-02 -3.000000e-03  1.293846e-02
     vertex  3.400000e-02 -3.000000e-03  1.492308e-02
     vertex  3.205902e-02 -3.000000e-03  1.355750e-02
   endloop
 endfacet
 facet normal  0.000000e+00 -1.000000e+00  0.000000e+00
   outer loop
     vertex  3.250381e-02 -3.000000e-03  7.619622e-03
     vertex  3.400000e-02 -3.000000e-03  8.969231e-03
     vertex  3.177436e-02 -3.000000e-03  9.603169e-03
   endloop
 endfacet
 facet normal  0.000000e+00 -1.000000e+00  0.000000e+00
   outer loop
     vertex  3.400000e-02 -3.000000e-03  8.969231e-03
     vertex  3.400000e-02 -3.000000e-03  1.095385e-02
     vertex  3.177436e-02 -3.000000e-03  9.603169e-03
   endloop
 endfacet
 facet normal -0.000000e+00 -1.000000e+00  0.000000e+00
   outer loop
     vertex  3.400000e-02 -3.000000e-03  1.095385e-02
     vertex  3.234882e-02 -3.000000e-03  1.172411e-02
     vertex  3.177436e-02 -3.000000e-03  9.603169e-03
   endloop
 endfacet
 facet normal -0.000000e+00 -1.000000e+00  0.000000e+00
   outer loop
     vertex  3.400000e-02 -3.000000e-03  1.492308e-02
     vertex  3.201003e-02 -3.000000e-03  1.555648e-02
     vertex  3.205902e-02 -3.000000e-03  1.355750e-02
   endloop
 endfacet
 facet normal -0.000000e+00 -1.000000e+00  0.000000e+00
   outer loop
     vertex  3.400000e-02 -3.000000e-03  1.889231e-02
     vertex  3.199889e-02 -3.000000e-03  1.955566e-02
     vertex  3.200047e-02 -3.000000e-03  1.756105e-02
   endloop
 endfacet
 facet normal -0.000000e+00 -1.000000e+00  0.000000e+00
   outer loop
     vertex  3.400000e-02 -3.000000e-03  2.286154e-02
     vertex  3.199878e-02 -3.000000e-03  2.353133e-02
     vertex  3.199871e-02 -3.000000e-03  2.154466e-02
   endloop
 endfacet
 facet normal  0.000000e+00 -1.000000e+00  0.000000e+00
   outer loop
     vertex  3.400000e-02 -3.000000e-03  2.484615e-02
     vertex  3.400000e-02 -3.000000e-03  2.683077e-02
     vertex  3.199839e-02 -3.000000e-03  2.551491e-02
   endloop
 endfacet
 facet normal  0.000000e+00 -1.000000e+00  0.000000e+00
   outer loop
     vertex  3.400000e-02 -3.000000e-03  2.881538e-02
     vertex  3.400000e-02 -3.000000e-03  3.080000e-02
     vertex  3.199832e-02 -3.000000e-03  2.948363e-02
   endloop
 endfacet
 facet normal  0.000000e+00 -1.000000e+00  0.000000e+00
   outer loop
     vertex  3.400000e-02 -3.000000e-03  3.278462e-02
     vertex  3.400000e-02 -3.000000e-03  3.476923e-02
     vertex  3.199826e-02 -3.000000e-03  3.345219e-02
   endloop
 endfacet
 facet normal  0.000000e+00 -1.000000e+00  0.000000e+00
   outer loop
     vertex  3.400000e-02 -3.000000e-03  3.675385e-02
     vertex  3.400000e-02 -3.000000e-03  3.873846e-02
     vertex  3.199807e-02 -3.000000e-03  3.742039e-02
   endloop
 endfacet
 facet normal  0.000000e+00 -1.000000e+00  0.000000e+00
   outer loop
     vertex  3.400000e-02 -3.000000e-03  4.072308e-02
     vertex  3.400000e-02 -3.000000e-03  4.270769e-02
     vertex  3.199878e-02 -3.000000e-03  4.139175e-02
   endloop
 endfacet
 facet normal  0.000000e+00 -1.000000e+00  0.000000e+00
   outer loop
     vertex  3.400000e-02 -3.000000e-03  4.469231e-02
     vertex  3.400000e-02 -3.000000e-03  4.667692e-02
     vertex  3.199891e-02 -3.000000e-03  4.536112e-02
   endloop
 endfacet
 facet normal  0.000000e+00 -1.000000e+00  0.000000e+00
   outer loop
     vertex  3.400000e-02 -3.000000e-03  4.866154e-02
     vertex  3.400000e-02 -3.000000e-03  5.064615e-02
     vertex  3.199878e-02 -3.000000e-03  4.932949e-02
   endloop
 endfacet
 facet normal  0.000000e+00 -1.000000e+00  0.000000e+00
   outer loop
     vertex  3.400000e-02 -3.000000e-03  5.263077e-02
     vertex  3.400000e-02 -3.000000e-03  5.461538e-02
     vertex  3.199871e-02 -3.000000e-03  5.329847e-02
   endloop
 endfacet
 facet normal  0.000000e+00 -1.000000e+00  0.000000e+00
   outer loop
     vertex  3.400000e-02 -3.000000e-03  5.660000e-02
     vertex  3.400000e-02 -3.000000e-03  5.858462e-02
     vertex  3.199872e-02 -3.000000e-03  5.726745e-02
   endloop
 endfacet
 facet normal  0.000000e+00 -1.000000e+00  0.000000e+00
   outer loop
     vertex  3.400000e-02 -3.000000e-03  6.056923e-02
     vertex  3.400000e-02 -3.000000e-03  6.255385e-02
     vertex  3.199872e-02 -3.000000e-03  6.123618e-02
   endloop
 endfacet
 facet normal  0.000000e+00 -1.000000e+00  0.000000e+00
   outer loop
     vertex  3.400000e-02 -3.000000e-03  6.453846e-02
     vertex  3.400000e-02 -3.000000e-03  6.652308e-02
     vertex  3.199872e-02 -3.000000e-03  6.520491e-02
   endloop
 endfacet
 facet normal  0.000000e+00 -1.000000e+00  0.000000e+00
   outer loop
     vertex  3.400000e-02 -3.000000e-03  6.850769e-02
     vertex  3.400000e-02 -3.000000e-03  7.049231e-02
     vertex  3.199872e-02 -3.000000e-03  6.917365e-02
   endloop
 endfacet
 facet normal  0.000000e+00 -1.000000e+00  0.000000e+00
   outer loop
     vertex  3.400000e-02 -3.000000e-03  7.247692e-02
     vertex  3.400000e-02 -3.000000e-03  7.446154e-02
     vertex  3.199872e-02 -3.000000e-03  7.314238e-02
   endloop
 endfacet
 facet normal  0.000000e+00 -1.000000e+00  0.000000e+00
   outer loop
     vertex  3.400000e-02 -3.000000e-03  7.644615e-02
     vertex  3.400000e-02 -3.000000e-03  7.843077e-02
     vertex  3.199872e-02 -3.000000e-03  7.711111e-02
   endloop
 endfacet
 facet normal  0.000000e+00 -1.000000e+00  0.000000e+00
   outer loop
     vertex  3.400000e-02 -3.000000e-03  8.041538e-02
     vertex  3.400000e-02 -3.000000e-03  8.240000e-02
     vertex  3.199872e-02 -3.000000e-03  8.107984e-02
   endloop
 endfacet
 facet normal  0.000000e+00 -1.000000e+00  0.000000e+00
   outer loop
     vertex  3.400000e-02 -3.000000e-03  8.438462e-02
     vertex  3.400000e-02 -3.000000e-03  8.636923e-02
     vertex  3.199872e-02 -3.000000e-03  8.504858e-02
   endloop
 endfacet
 facet normal  0.000000e+00 -1.000000e+00  0.000000e+00
   outer loop
     vertex  3.400000e-02 -3.000000e-03  8.835385e-02
     vertex  3.400000e-02 -3.000000e-03  9.033846e-02
     vertex  3.199872e-02 -3.000000e-03  8.901731e-02
   endloop
 endfacet
 facet normal  0.000000e+00 -1.000000e+00  0.000000e+00
   outer loop
     vertex  3.400000e-02 -3.000000e-03  9.232308e-02
     vertex  3.400000e-02 -3.000000e-03  9.430769e-02
     vertex  3.199872e-02 -3.000000e-03  9.298604e-02
   endloop
 endfacet
 facet normal  0.000000e+00 -1.000000e+00  0.000000e+00
   outer loop
     vertex  3.400000e-02 -3.000000e-03  9.629231e-02
     vertex  3.400000e-02 -3.000000e-03  9.827692e-02
     vertex  3.199872e-02 -3.000000e-03  9.695477e-02
   endloop
 endfacet
 facet normal  0.000000e+00 -1.000000e+00  0.000000e+00
   outer loop
     vertex  3.400000e-02 -3.000000e-03  1.002615e-01
     vertex  3.400000e-02 -3.000000e-03  1.022462e-01
     vertex  3.199872e-02 -3.000000e-03  1.009235e-01
   endloop
 endfacet
 facet normal  0.000000e+00 -1.000000e+00  0.000000e+00
   outer loop
     vertex  3.400000e-02 -3.000000e-03  1.042308e-01
     vertex  3.400000e-02 -3.000000e-03  1.062154e-01
     vertex  3.199872e-02 -3.000000e-03  1.048923e-01
   endloop
 endfacet
 facet normal  0.000000e+00 -1.000000e+00  0.000000e+00
   outer loop
     vertex  3.400000e-02 -3.000000e-03  1.082000e-01
     vertex  3.400000e-02 -3.000000e-03  1.101846e-01
     vertex  3.199870e-02 -3.000000e-03  1.088612e-01
   endloop
 endfacet
 facet normal  0.000000e+00 -1.000000e+00  0.000000e+00
   outer loop
     vertex  3.400000e-02 -3.000000e-03  1.121692e-01
     vertex  3.400000e-02 -3.000000e-03  1.141538e-01
     vertex  3.199832e-02 -3.000000e-03  1.128311e-01
   endloop
 endfacet
 facet normal  0.000000e+00 -1.000000e+00  0.000000e+00
   outer loop
     vertex  3.400000e-02 -3.000000e-03  1.161385e-01
     vertex  3.400000e-02 -3.000000e-03  1.181231e-01
     vertex  3.199300e-02 -3.000000e-03  1.168081e-01
   endloop
 endfacet
 facet normal  0.000000e+00 -1.000000e+00  0.000000e+00
   outer loop
     vertex  3.400000e-02 -3.000000e-03  1.201077e-01
     vertex  3.400000e-02 -3.000000e-03  1.220923e-01
     vertex  3.191259e-02 -3.000000e-03  1.208550e-01
   endloop
 endfacet
 facet normal  0.000000e+00 -1.000000e+00  0.000000e+00
   outer loop
     vertex  3.400000e-02 -3.000000e-03  1.240769e-01
     vertex  3.400000e-02 -3.000000e-03  1.260615e-01
     vertex  3.191797e-02 -3.000000e-03  1.252982e-01
   endloop
 endfacet
 facet normal  0.000000e+00 -1.000000e+00  0.000000e+00
   outer loop
     vertex  3.400000e-02 -3.000000e-03  1.280462e-01
     vertex  3.400000e-02 -3.000000e-03  1.300308e-01
     vertex  3.207206e-02 -3.000000e-03  1.292170e-01
   endloop
 endfacet
 facet normal -1.016541e-13 -1.000000e+00 -2.965136e-13
   outer loop
     vertex  2.818938e-02 -3.000000e-03  5.000000e-03
     vertex  3.012625e-02 -3.000000e-03  5.000000e-03
     vertex  2.918660e-02 -3.000000e-03  6.650185e-03
   endloop
 endfacet
 facet normal  0.000000e+00 -1.000000e+00  0.000000e+00
   outer loop
     vertex  2.691511e-02 -3.000000e-03  9.127927e-03
     vertex  2.431563e-02 -3.000000e-03  9.000000e-03
     vertex  2.588875e-02 -3.000000e-03  7.503918e-03
   endloop
 endfacet
 facet normal -8.282117e-14 -1.000000e+00 -3.265646e-13
   outer loop
     vertex  2.756989e-02 -3.000000e-03  7.077559e-03
     vertex  2.588875e-02 -3.000000e-03  7.503918e-03
     vertex  2.625251e-02 -3.000000e-03  5.000000e-03
   endloop
 endfacet
 facet normal  0.000000e+00 -1.000000e+00  0.000000e+00
   outer loop
     vertex  3.018685e-02 -3.000000e-03  1.172017e-02
     vertex  2.800000e-02 -3.000000e-03  1.100000e-02
     vertex  2.922880e-02 -3.000000e-03  8.928287e-03
   endloop
 endfacet
 facet normal  0.000000e+00 -1.000000e+00  0.000000e+00
   outer loop
     vertex  3.199878e-02 -3.000000e-03  2.353133e-02
     vertex  3.400000e-02 -3.000000e-03  2.484615e-02
     vertex  3.199839e-02 -3.000000e-03  2.551491e-02
   endloop
 endfacet
 facet normal  0.000000e+00 -1.000000e+00  0.000000e+00
   outer loop
     vertex  3.199865e-02 -3.000000e-03  2.750054e-02
     vertex  3.400000e-02 -3.000000e-03  2.881538e-02
     vertex  3.199832e-02 -3.000000e-03  2.948363e-02
   endloop
 endfacet
 facet normal  0.000000e+00 -1.000000e+00  0.000000e+00
   outer loop
     vertex  3.199862e-02 -3.000000e-03  3.146921e-02
     vertex  3.400000e-02 -3.000000e-03  3.278462e-02
     vertex  3.199826e-02 -3.000000e-03  3.345219e-02
   endloop
 endfacet
 facet normal  0.000000e+00 -1.000000e+00  0.000000e+00
   outer loop
     vertex  3.199853e-02 -3.000000e-03  3.543767e-02
     vertex  3.400000e-02 -3.000000e-03  3.675385e-02
     vertex  3.199807e-02 -3.000000e-03  3.742039e-02
   endloop
 endfacet
 facet normal  0.000000e+00 -1.000000e+00  0.000000e+00
   outer loop
     vertex  3.199831e-02 -3.000000e-03  3.940598e-02
     vertex  3.400000e-02 -3.000000e-03  4.072308e-02
     vertex  3.199878e-02 -3.000000e-03  4.139175e-02
   endloop
 endfacet
 facet normal  0.000000e+00 -1.000000e+00  0.000000e+00
   outer loop
     vertex  3.199853e-02 -3.000000e-03  4.337524e-02
     vertex  3.400000e-02 -3.000000e-03  4.469231e-02
     vertex  3.199891e-02 -3.000000e-03  4.536112e-02
   endloop
 endfacet
 facet normal  0.000000e+00 -1.000000e+00  0.000000e+00
   outer loop
     vertex  3.199889e-02 -3.000000e-03  4.734525e-02
     vertex  3.400000e-02 -3.000000e-03  4.866154e-02
     vertex  3.199878e-02 -3.000000e-03  4.932949e-02
   endloop
 endfacet
 facet normal  0.000000e+00 -1.000000e+00  0.000000e+00
   outer loop
     vertex  3.199872e-02 -3.000000e-03  5.131391e-02
     vertex  3.400000e-02 -3.000000e-03  5.263077e-02
     vertex  3.199871e-02 -3.000000e-03  5.329847e-02
   endloop
 endfacet
 facet normal  0.000000e+00 -1.000000e+00  0.000000e+00
   outer loop
     vertex  3.199872e-02 -3.000000e-03  5.528301e-02
     vertex  3.400000e-02 -3.000000e-03  5.660000e-02
     vertex  3.199872e-02 -3.000000e-03  5.726745e-02
   endloop
 endfacet
 facet normal  0.000000e+00 -1.000000e+00  0.000000e+00
   outer loop
     vertex  3.199872e-02 -3.000000e-03  5.925181e-02
     vertex  3.400000e-02 -3.000000e-03  6.056923e-02
     vertex  3.199872e-02 -3.000000e-03  6.123618e-02
   endloop
 endfacet
 facet normal  0.000000e+00 -1.000000e+00  0.000000e+00
   outer loop
     vertex  3.199872e-02 -3.000000e-03  6.322055e-02
     vertex  3.400000e-02 -3.000000e-03  6.453846e-02
     vertex  3.199872e-02 -3.000000e-03  6.520491e-02
   endloop
 endfacet
 facet normal  0.000000e+00 -1.000000e+00  0.000000e+00
   outer loop
     vertex  3.199872e-02 -3.000000e-03  6.718928e-02
     vertex  3.400000e-02 -3.000000e-03  6.850769e-02
     vertex  3.199872e-02 -3.000000e-03  6.917365e-02
   endloop
 endfacet
 facet normal  0.000000e+00 -1.000000e+00  0.000000e+00
   outer loop
     vertex  3.199872e-02 -3.000000e-03  7.115801e-02
     vertex  3.400000e-02 -3.000000e-03  7.247692e-02
     vertex  3.199872e-02 -3.000000e-03  7.314238e-02
   endloop
 endfacet
 facet normal  0.000000e+00 -1.000000e+00  0.000000e+00
   outer loop
     vertex  3.199872e-02 -3.000000e-03  7.512674e-02
     vertex  3.400000e-02 -3.000000e-03  7.644615e-02
     vertex  3.199872e-02 -3.000000e-03  7.711111e-02
   endloop
 endfacet
 facet normal  0.000000e+00 -1.000000e+00  0.000000e+00
   outer loop
     vertex  3.199872e-02 -3.000000e-03  7.909548e-02
     vertex  3.400000e-02 -3.000000e-03  8.041538e-02
     vertex  3.199872e-02 -3.000000e-03  8.107984e-02
   endloop
 endfacet
 facet normal  0.000000e+00 -1.000000e+00  0.000000e+00
   outer loop
     vertex  3.199872e-02 -3.000000e-03  8.306421e-02
     vertex  3.400000e-02 -3.000000e-03  8.438462e-02
     vertex  3.199872e-02 -3.000000e-03  8.504858e-02
   endloop
 endfacet
 facet normal  0.000000e+00 -1.000000e+00  0.000000e+00
   outer loop
     vertex  3.199872e-02 -3.000000e-03  8.703294e-02
     vertex  3.400000e-02 -3.000000e-03  8.835385e-02
     vertex  3.199872e-02 -3.000000e-03  8.901731e-02
   endloop
 endfacet
 facet normal  0.000000e+00 -1.000000e+00  0.000000e+00
   outer loop
     vertex  3.199872e-02 -3.000000e-03  9.100167e-02
     vertex  3.400000e-02 -3.000000e-03  9.232308e-02
     vertex  3.199872e-02 -3.000000e-03  9.298604e-02
   endloop
 endfacet
 facet normal  0.000000e+00 -1.000000e+00  0.000000e+00
   outer loop
     vertex  3.199872e-02 -3.000000e-03  9.497041e-02
     vertex  3.400000e-02 -3.000000e-03  9.629231e-02
     vertex  3.199872e-02 -3.000000e-03  9.695477e-02
   endloop
 endfacet
 facet normal  0.000000e+00 -1.000000e+00  0.000000e+00
   outer loop
     vertex  3.199872e-02 -3.000000e-03  9.893914e-02
     vertex  3.400000e-02 -3.000000e-03  1.002615e-01
     vertex  3.199872e-02 -3.000000e-03  1.009235e-01
   endloop
 endfacet
 facet normal  0.000000e+00 -1.000000e+00  0.000000e+00
   outer loop
     vertex  3.199872e-02 -3.000000e-03  1.029079e-01
     vertex  3.400000e-02 -3.000000e-03  1.042308e-01
     vertex  3.199872e-02 -3.000000e-03  1.048923e-01
   endloop
 endfacet
 facet normal  0.000000e+00 -1.000000e+00  0.000000e+00
   outer loop
     vertex  3.199872e-02 -3.000000e-03  1.068767e-01
     vertex  3.400000e-02 -3.000000e-03  1.082000e-01
     vertex  3.199870e-02 -3.000000e-03  1.088612e-01
   endloop
 endfacet
 facet normal  0.000000e+00 -1.000000e+00  0.000000e+00
   outer loop
     vertex  3.199862e-02 -3.000000e-03  1.108459e-01
     vertex  3.400000e-02 -3.000000e-03  1.121692e-01
     vertex  3.199832e-02 -3.000000e-03  1.128311e-01
   endloop
 endfacet
 facet normal  0.000000e+00 -1.000000e+00  0.000000e+00
   outer loop
     vertex  3.199721e-02 -3.000000e-03  1.148177e-01
     vertex  3.400000e-02 -3.000000e-03  1.161385e-01
     vertex  3.199300e-02 -3.000000e-03  1.168081e-01
   endloop
 endfacet
 facet normal  0.000000e+00 -1.000000e+00  0.000000e+00
   outer loop
     vertex  3.197689e-02 -3.000000e-03  1.188105e-01
     vertex  3.400000e-02 -3.000000e-03  1.201077e-01
     vertex  3.191259e-02 -3.000000e-03  1.208550e-01
   endloop
 endfacet
 facet normal  0.000000e+00 -1.000000e+00  0.000000e+00
   outer loop
     vertex  3.162204e-02 -3.000000e-03  1.230805e-01
     vertex  3.400000e-02 -3.000000e-03  1.240769e-01
     vertex  3.191797e-02 -3.000000e-03  1.252982e-01
   endloop
 endfacet
 facet normal  0.000000e+00 -1.000000e+00  0.000000e+00
   outer loop
     vertex  3.199772e-02 -3.000000e-03  1.273130e-01
     vertex  3.400000e-02 -3.000000e-03  1.280462e-01
     vertex  3.207206e-02 -3.000000e-03  1.292170e-01
   endloop
 endfacet
 facet normal  0.000000e+00 -1.000000e+00  0.000000e+00
   outer loop
     vertex  3.230366e-02 -3.000000e-03  1.309017e-01
     vertex  3.400000e-02 -3.000000e-03  1.320154e-01
     vertex  3.132336e-02 -3.000000e-03  1.324252e-01
   endloop
 endfacet
 facet normal  0.000000e+00 -1.000000e+00  0.000000e+00
   outer loop
     vertex  3.199891e-02 -3.000000e-03  4.536112e-02
     vertex  3.400000e-02 -3.000000e-03  4.667692e-02
     vertex  3.199889e-02 -3.000000e-03  4.734525e-02
   endloop
 endfacet
 facet normal  0.000000e+00 -1.000000e+00  0.000000e+00
   outer loop
     vertex  3.199878e-02 -3.000000e-03  4.932949e-02
     vertex  3.400000e-02 -3.000000e-03  5.064615e-02
     vertex  3.199872e-02 -3.000000e-03  5.131391e-02
   endloop
 endfacet
 facet normal  0.000000e+00 -1.000000e+00  0.000000e+00
   outer loop
     vertex  3.199871e-02 -3.000000e-03  5.329847e-02
     vertex  3.400000e-02 -3.000000e-03  5.461538e-02
     vertex  3.199872e-02 -3.000000e-03  5.528301e-02
   endloop
 endfacet
 facet normal  0.000000e+00 -1.000000e+00  0.000000e+00
   outer loop
     vertex  3.199872e-02 -3.000000e-03  5.726745e-02
     vertex  3.400000e-02 -3.000000e-03  5.858462e-02
     vertex  3.199872e-02 -3.000000e-03  5.925181e-02
   endloop
 endfacet
 facet normal  0.000000e+00 -1.000000e+00  0.000000e+00
   outer loop
     vertex  3.199872e-02 -3.000000e-03  6.123618e-02
     vertex  3.400000e-02 -3.000000e-03  6.255385e-02
     vertex  3.199872e-02 -3.000000e-03  6.322055e-02
   endloop
 endfacet
 facet normal  0.000000e+00 -1.000000e+00  0.000000e+00
   outer loop
     vertex  3.199872e-02 -3.000000e-03  6.520491e-02
     vertex  3.400000e-02 -3.000000e-03  6.652308e-02
     vertex  3.199872e-02 -3.000000e-03  6.718928e-02
   endloop
 endfacet
 facet normal  0.000000e+00 -1.000000e+00  0.000000e+00
   outer loop
     vertex  3.199872e-02 -3.000000e-03  6.917365e-02
     vertex  3.400000e-02 -3.000000e-03  7.049231e-02
     vertex  3.199872e-02 -3.000000e-03  7.115801e-02
   endloop
 endfacet
 facet normal  0.000000e+00 -1.000000e+00  0.000000e+00
   outer loop
     vertex  3.199872e-02 -3.000000e-03  7.314238e-02
     vertex  3.400000e-02 -3.000000e-03  7.446154e-02
     vertex  3.199872e-02 -3.000000e-03  7.512674e-02
   endloop
 endfacet
 facet normal  0.000000e+00 -1.000000e+00  0.000000e+00
   outer loop
     vertex  3.199872e-02 -3.000000e-03  7.711111e-02
     vertex  3.400000e-02 -3.000000e-03  7.843077e-02
     vertex  3.199872e-02 -3.000000e-03  7.909548e-02
   endloop
 endfacet
 facet normal  0.000000e+00 -1.000000e+00  0.000000e+00
   outer loop
     vertex  3.199872e-02 -3.000000e-03  8.107984e-02
     vertex  3.400000e-02 -3.000000e-03  8.240000e-02
     vertex  3.199872e-02 -3.000000e-03  8.306421e-02
   endloop
 endfacet
 facet normal  0.000000e+00 -1.000000e+00  0.000000e+00
   outer loop
     vertex  3.199872e-02 -3.000000e-03  8.504858e-02
     vertex  3.400000e-02 -3.000000e-03  8.636923e-02
     vertex  3.199872e-02 -3.000000e-03  8.703294e-02
   endloop
 endfacet
 facet normal  0.000000e+00 -1.000000e+00  0.000000e+00
   outer loop
     vertex  3.199872e-02 -3.000000e-03  8.901731e-02
     vertex  3.400000e-02 -3.000000e-03  9.033846e-02
     vertex  3.199872e-02 -3.000000e-03  9.100167e-02
   endloop
 endfacet
 facet normal  0.000000e+00 -1.000000e+00  0.000000e+00
   outer loop
     vertex  3.199872e-02 -3.000000e-03  9.298604e-02
     vertex  3.400000e-02 -3.000000e-03  9.430769e-02
     vertex  3.199872e-02 -3.000000e-03  9.497041e-02
   endloop
 endfacet
 facet normal  0.000000e+00 -1.000000e+00  0.000000e+00
   outer loop
     vertex  3.199872e-02 -3.000000e-03  9.695477e-02
     vertex  3.400000e-02 -3.000000e-03  9.827692e-02
     vertex  3.199872e-02 -3.000000e-03  9.893914e-02
   endloop
 endfacet
 facet normal  0.000000e+00 -1.000000e+00  0.000000e+00
   outer loop
     vertex  3.199872e-02 -3.000000e-03  1.009235e-01
     vertex  3.400000e-02 -3.000000e-03  1.022462e-01
     vertex  3.199872e-02 -3.000000e-03  1.029079e-01
   endloop
 endfacet
 facet normal  0.000000e+00 -1.000000e+00  0.000000e+00
   outer loop
     vertex  3.199872e-02 -3.000000e-03  1.048923e-01
     vertex  3.400000e-02 -3.000000e-03  1.062154e-01
     vertex  3.199872e-02 -3.000000e-03  1.068767e-01
   endloop
 endfacet
 facet normal  0.000000e+00 -1.000000e+00  0.000000e+00
   outer loop
     vertex  3.199870e-02 -3.000000e-03  1.088612e-01
     vertex  3.400000e-02 -3.000000e-03  1.101846e-01
     vertex  3.199862e-02 -3.000000e-03  1.108459e-01
   endloop
 endfacet
 facet normal  0.000000e+00 -1.000000e+00  0.000000e+00
   outer loop
     vertex  3.199832e-02 -3.000000e-03  1.128311e-01
     vertex  3.400000e-02 -3.000000e-03  1.141538e-01
     vertex  3.199721e-02 -3.000000e-03  1.148177e-01
   endloop
 endfacet
 facet normal  0.000000e+00 -1.000000e+00  0.000000e+00
   outer loop
     vertex  3.199300e-02 -3.000000e-03  1.168081e-01
     vertex  3.400000e-02 -3.000000e-03  1.181231e-01
     vertex  3.197689e-02 -3.000000e-03  1.188105e-01
   endloop
 endfacet
 facet normal  0.000000e+00 -1.000000e+00  0.000000e+00
   outer loop
     vertex  3.191259e-02 -3.000000e-03  1.208550e-01
     vertex  3.400000e-02 -3.000000e-03  1.220923e-01
     vertex  3.162204e-02 -3.000000e-03  1.230805e-01
   endloop
 endfacet
 facet normal  0.000000e+00 -1.000000e+00  0.000000e+00
   outer loop
     vertex  3.191797e-02 -3.000000e-03  1.252982e-01
     vertex  3.400000e-02 -3.000000e-03  1.260615e-01
     vertex  3.199772e-02 -3.000000e-03  1.273130e-01
   endloop
 endfacet
 facet normal  0.000000e+00 -1.000000e+00  0.000000e+00
   outer loop
     vertex  3.207206e-02 -3.000000e-03  1.292170e-01
     vertex  3.400000e-02 -3.000000e-03  1.300308e-01
     vertex  3.230366e-02 -3.000000e-03  1.309017e-01
   endloop
 endfacet
 facet normal  0.000000e+00 -1.000000e+00  0.000000e+00
   outer loop
     vertex  3.199878e-02 -3.000000e-03  4.139175e-02
     vertex  3.400000e-02 -3.000000e-03  4.270769e-02
     vertex  3.199853e-02 -3.000000e-03  4.337524e-02
   endloop
 endfacet
 facet normal  0.000000e+00 -1.000000e+00  0.000000e+00
   outer loop
     vertex  3.199807e-02 -3.000000e-03  3.742039e-02
     vertex  3.400000e-02 -3.000000e-03  3.873846e-02
     vertex  3.199831e-02 -3.000000e-03  3.940598e-02
   endloop
 endfacet
 facet normal  0.000000e+00 -1.000000e+00  0.000000e+00
   outer loop
     vertex  3.199826e-02 -3.000000e-03  3.345219e-02
     vertex  3.400000e-02 -3.000000e-03  3.476923e-02
     vertex  3.199853e-02 -3.000000e-03  3.543767e-02
   endloop
 endfacet
 facet normal  0.000000e+00 -1.000000e+00  0.000000e+00
   outer loop
     vertex  3.199832e-02 -3.000000e-03  2.948363e-02
     vertex  3.400000e-02 -3.000000e-03  3.080000e-02
     vertex  3.199862e-02 -3.000000e-03  3.146921e-02
   endloop
 endfacet
 facet normal  0.000000e+00 -1.000000e+00  0.000000e+00
   outer loop
     vertex  3.199839e-02 -3.000000e-03  2.551491e-02
     vertex  3.400000e-02 -3.000000e-03  2.683077e-02
     vertex  3.199865e-02 -3.000000e-03  2.750054e-02
   endloop
 endfacet
 facet normal -8.158845e-14 -1.000000e+00 -3.086394e-13
   outer loop
     vertex  2.818938e-02 -3.000000e-03  5.000000e-03
     vertex  2.918660e-02 -3.000000e-03  6.650185e-03
     vertex  2.756989e-02 -3.000000e-03  7.077559e-03
   endloop
 endfacet
 facet normal  9.627434e-14 -1.000000e+00 -3.005466e-13
   outer loop
     vertex  2.431563e-02 -3.000000e-03  7.000000e-03
     vertex  2.625251e-02 -3.000000e-03  5.000000e-03
     vertex  2.588875e-02 -3.000000e-03  7.503918e-03
   endloop
 endfacet
 facet normal  0.000000e+00 -1.000000e+00  0.000000e+00
   outer loop
     vertex  3.199878e-02 -3.000000e-03  2.353133e-02
     vertex  3.199839e-02 -3.000000e-03  2.551491e-02
     vertex  2.999924e-02 -3.000000e-03  2.420767e-02
   endloop
 endfacet
 facet normal  0.000000e+00 -1.000000e+00  0.000000e+00
   outer loop
     vertex  3.199891e-02 -3.000000e-03  4.536112e-02
     vertex  3.199889e-02 -3.000000e-03  4.734525e-02
     vertex  2.999939e-02 -3.000000e-03  4.603464e-02
   endloop
 endfacet
 facet normal  0.000000e+00 -1.000000e+00  0.000000e+00
   outer loop
     vertex  3.199889e-02 -3.000000e-03  1.955566e-02
     vertex  3.199871e-02 -3.000000e-03  2.154466e-02
     vertex  3.000002e-02 -3.000000e-03  2.023368e-02
   endloop
 endfacet
 facet normal  0.000000e+00 -1.000000e+00  0.000000e+00
   outer loop
     vertex  3.199865e-02 -3.000000e-03  2.750054e-02
     vertex  3.199832e-02 -3.000000e-03  2.948363e-02
     vertex  2.999912e-02 -3.000000e-03  2.817641e-02
   endloop
 endfacet
 facet normal  0.000000e+00 -1.000000e+00  0.000000e+00
   outer loop
     vertex  3.000859e-02 -3.000000e-03  1.622031e-02
     vertex  3.003776e-02 -3.000000e-03  1.413289e-02
     vertex  3.201003e-02 -3.000000e-03  1.555648e-02
   endloop
 endfacet
 facet normal  0.000000e+00 -1.000000e+00  0.000000e+00
   outer loop
     vertex  3.000169e-02 -3.000000e-03  1.823753e-02
     vertex  3.000859e-02 -3.000000e-03  1.622031e-02
     vertex  3.200047e-02 -3.000000e-03  1.756105e-02
   endloop
 endfacet
 facet normal  0.000000e+00 -1.000000e+00  0.000000e+00
   outer loop
     vertex  3.000002e-02 -3.000000e-03  2.023368e-02
     vertex  3.000169e-02 -3.000000e-03  1.823753e-02
     vertex  3.199889e-02 -3.000000e-03  1.955566e-02
   endloop
 endfacet
 facet normal  0.000000e+00 -1.000000e+00  0.000000e+00
   outer loop
     vertex  2.999927e-02 -3.000000e-03  2.222147e-02
     vertex  3.000002e-02 -3.000000e-03  2.023368e-02
     vertex  3.199871e-02 -3.000000e-03  2.154466e-02
   endloop
 endfacet
 facet normal  0.000000e+00 -1.000000e+00  0.000000e+00
   outer loop
     vertex  2.999924e-02 -3.000000e-03  2.420767e-02
     vertex  2.999927e-02 -3.000000e-03  2.222147e-02
     vertex  3.199878e-02 -3.000000e-03  2.353133e-02
   endloop
 endfacet
 facet normal  0.000000e+00 -1.000000e+00  0.000000e+00
   outer loop
     vertex  2.999895e-02 -3.000000e-03  2.619129e-02
     vertex  2.999924e-02 -3.000000e-03  2.420767e-02
     vertex  3.199839e-02 -3.000000e-03  2.551491e-02
   endloop
 endfacet
 facet normal  0.000000e+00 -1.000000e+00 -0.000000e+00
   outer loop
     vertex  2.999912e-02 -3.000000e-03  2.817641e-02
     vertex  2.999895e-02 -3.000000e-03  2.619129e-02
     vertex  3.199865e-02 -3.000000e-03  2.750054e-02
   endloop
 endfacet
 facet normal  0.000000e+00 -1.000000e+00  0.000000e+00
   outer loop
     vertex  2.999890e-02 -3.000000e-03  3.015954e-02
     vertex  2.999912e-02 -3.000000e-03  2.817641e-02
     vertex  3.199832e-02 -3.000000e-03  2.948363e-02
   endloop
 endfacet
 facet normal  0.000000e+00 -1.000000e+00 -0.000000e+00
   outer loop
     vertex  2.999908e-02 -3.000000e-03  3.214457e-02
     vertex  2.999890e-02 -3.000000e-03  3.015954e-02
     vertex  3.199862e-02 -3.000000e-03  3.146921e-02
   endloop
 endfacet
 facet normal  0.000000e+00 -1.000000e+00  0.000000e+00
   outer loop
     vertex  2.999883e-02 -3.000000e-03  3.412760e-02
     vertex  2.999908e-02 -3.000000e-03  3.214457e-02
     vertex  3.199826e-02 -3.000000e-03  3.345219e-02
   endloop
 endfacet
 facet normal  0.000000e+00 -1.000000e+00 -0.000000e+00
   outer loop
     vertex  2.999900e-02 -3.000000e-03  3.611260e-02
     vertex  2.999883e-02 -3.000000e-03  3.412760e-02
     vertex  3.199853e-02 -3.000000e-03  3.543767e-02
   endloop
 endfacet
 facet normal  0.000000e+00 -1.000000e+00  0.000000e+00
   outer loop
     vertex  2.999875e-02 -3.000000e-03  3.809557e-02
     vertex  2.999900e-02 -3.000000e-03  3.611260e-02
     vertex  3.199807e-02 -3.000000e-03  3.742039e-02
   endloop
 endfacet
 facet normal  0.000000e+00 -1.000000e+00 -0.000000e+00
   outer loop
     vertex  2.999910e-02 -3.000000e-03  4.008088e-02
     vertex  2.999875e-02 -3.000000e-03  3.809557e-02
     vertex  3.199831e-02 -3.000000e-03  3.940598e-02
   endloop
 endfacet
 facet normal  0.000000e+00 -1.000000e+00 -0.000000e+00
   outer loop
     vertex  2.999925e-02 -3.000000e-03  4.206590e-02
     vertex  2.999910e-02 -3.000000e-03  4.008088e-02
     vertex  3.199878e-02 -3.000000e-03  4.139175e-02
   endloop
 endfacet
 facet normal  0.000000e+00 -1.000000e+00  0.000000e+00
   outer loop
     vertex  2.999913e-02 -3.000000e-03  4.404940e-02
     vertex  2.999925e-02 -3.000000e-03  4.206590e-02
     vertex  3.199853e-02 -3.000000e-03  4.337524e-02
   endloop
 endfacet
 facet normal  0.000000e+00 -1.000000e+00 -0.000000e+00
   outer loop
     vertex  2.999939e-02 -3.000000e-03  4.603464e-02
     vertex  2.999913e-02 -3.000000e-03  4.404940e-02
     vertex  3.199891e-02 -3.000000e-03  4.536112e-02
   endloop
 endfacet
 facet normal  0.000000e+00 -1.000000e+00  0.000000e+00
   outer loop
     vertex  2.999926e-02 -3.000000e-03  4.801844e-02
     vertex  2.999939e-02 -3.000000e-03  4.603464e-02
     vertex  3.199889e-02 -3.000000e-03  4.734525e-02
   endloop
 endfacet
 facet normal  0.000000e+00 -1.000000e+00  0.000000e+00
   outer loop
     vertex  2.999920e-02 -3.000000e-03  5.000243e-02
     vertex  2.999926e-02 -3.000000e-03  4.801844e-02
     vertex  3.199878e-02 -3.000000e-03  4.932949e-02
   endloop
 endfacet
 facet normal  0.000000e+00 -1.000000e+00  0.000000e+00
   outer loop
     vertex  2.999917e-02 -3.000000e-03  5.198659e-02
     vertex  2.999920e-02 -3.000000e-03  5.000243e-02
     vertex  3.199872e-02 -3.000000e-03  5.131391e-02
   endloop
 endfacet
 facet normal  0.000000e+00 -1.000000e+00  0.000000e+00
   outer loop
     vertex  2.999917e-02 -3.000000e-03  5.397083e-02
     vertex  2.999917e-02 -3.000000e-03  5.198659e-02
     vertex  3.199871e-02 -3.000000e-03  5.329847e-02
   endloop
 endfacet
 facet normal  0.000000e+00 -1.000000e+00  0.000000e+00
   outer loop
     vertex  2.999916e-02 -3.000000e-03  5.595505e-02
     vertex  2.999917e-02 -3.000000e-03  5.397083e-02
     vertex  3.199872e-02 -3.000000e-03  5.528301e-02
   endloop
 endfacet
 facet normal  0.000000e+00 -1.000000e+00  0.000000e+00
   outer loop
     vertex  2.999915e-02 -3.000000e-03  5.793919e-02
     vertex  2.999916e-02 -3.000000e-03  5.595505e-02
     vertex  3.199872e-02 -3.000000e-03  5.726745e-02
   endloop
 endfacet
 facet normal  0.000000e+00 -1.000000e+00 -0.000000e+00
   outer loop
     vertex  2.999915e-02 -3.000000e-03  5.992331e-02
     vertex  2.999915e-02 -3.000000e-03  5.793919e-02
     vertex  3.199872e-02 -3.000000e-03  5.925181e-02
   endloop
 endfacet
 facet normal  0.000000e+00 -1.000000e+00 -0.000000e+00
   outer loop
     vertex  2.999915e-02 -3.000000e-03  6.190743e-02
     vertex  2.999915e-02 -3.000000e-03  5.992331e-02
     vertex  3.199872e-02 -3.000000e-03  6.123618e-02
   endloop
 endfacet
 facet normal  0.000000e+00 -1.000000e+00 -0.000000e+00
   outer loop
     vertex  2.999915e-02 -3.000000e-03  6.389155e-02
     vertex  2.999915e-02 -3.000000e-03  6.190743e-02
     vertex  3.199872e-02 -3.000000e-03  6.322055e-02
   endloop
 endfacet
 facet normal  0.000000e+00 -1.000000e+00 -0.000000e+00
   outer loop
     vertex  2.999916e-02 -3.000000e-03  6.587567e-02
     vertex  2.999915e-02 -3.000000e-03  6.389155e-02
     vertex  3.199872e-02 -3.000000e-03  6.520491e-02
   endloop
 endfacet
 facet normal  0.000000e+00 -1.000000e+00 -0.000000e+00
   outer loop
     vertex  2.999916e-02 -3.000000e-03  6.785979e-02
     vertex  2.999916e-02 -3.000000e-03  6.587567e-02
     vertex  3.199872e-02 -3.000000e-03  6.718928e-02
   endloop
 endfacet
 facet normal  0.000000e+00 -1.000000e+00 -0.000000e+00
   outer loop
     vertex  2.999916e-02 -3.000000e-03  6.984390e-02
     vertex  2.999916e-02 -3.000000e-03  6.785979e-02
     vertex  3.199872e-02 -3.000000e-03  6.917365e-02
   endloop
 endfacet
 facet normal  0.000000e+00 -1.000000e+00 -0.000000e+00
   outer loop
     vertex  2.999916e-02 -3.000000e-03  7.182802e-02
     vertex  2.999916e-02 -3.000000e-03  6.984390e-02
     vertex  3.199872e-02 -3.000000e-03  7.115801e-02
   endloop
 endfacet
 facet normal  0.000000e+00 -1.000000e+00 -0.000000e+00
   outer loop
     vertex  2.999916e-02 -3.000000e-03  7.381214e-02
     vertex  2.999916e-02 -3.000000e-03  7.182802e-02
     vertex  3.199872e-02 -3.000000e-03  7.314238e-02
   endloop
 endfacet
 facet normal  0.000000e+00 -1.000000e+00 -0.000000e+00
   outer loop
     vertex  2.999916e-02 -3.000000e-03  7.579626e-02
     vertex  2.999916e-02 -3.000000e-03  7.381214e-02
     vertex  3.199872e-02 -3.000000e-03  7.512674e-02
   endloop
 endfacet
 facet normal  0.000000e+00 -1.000000e+00 -0.000000e+00
   outer loop
     vertex  2.999916e-02 -3.000000e-03  7.778038e-02
     vertex  2.999916e-02 -3.000000e-03  7.579626e-02
     vertex  3.199872e-02 -3.000000e-03  7.711111e-02
   endloop
 endfacet
 facet normal  0.000000e+00 -1.000000e+00 -0.000000e+00
   outer loop
     vertex  2.999916e-02 -3.000000e-03  7.976450e-02
     vertex  2.999916e-02 -3.000000e-03  7.778038e-02
     vertex  3.199872e-02 -3.000000e-03  7.909548e-02
   endloop
 endfacet
 facet normal  0.000000e+00 -1.000000e+00 -0.000000e+00
   outer loop
     vertex  2.999916e-02 -3.000000e-03  8.174861e-02
     vertex  2.999916e-02 -3.000000e-03  7.976450e-02
     vertex  3.199872e-02 -3.000000e-03  8.107984e-02
   endloop
 endfacet
 facet normal  0.000000e+00 -1.000000e+00 -0.000000e+00
   outer loop
     vertex  2.999916e-02 -3.000000e-03  8.373273e-02
     vertex  2.999916e-02 -3.000000e-03  8.174861e-02
     vertex  3.199872e-02 -3.000000e-03  8.306421e-02
   endloop
 endfacet
 facet normal  0.000000e+00 -1.000000e+00 -0.000000e+00
   outer loop
     vertex  2.999916e-02 -3.000000e-03  8.571685e-02
     vertex  2.999916e-02 -3.000000e-03  8.373273e-02
     vertex  3.199872e-02 -3.000000e-03  8.504858e-02
   endloop
 endfacet
 facet normal  0.000000e+00 -1.000000e+00 -0.000000e+00
   outer loop
     vertex  2.999916e-02 -3.000000e-03  8.770097e-02
     vertex  2.999916e-02 -3.000000e-03  8.571685e-02
     vertex  3.199872e-02 -3.000000e-03  8.703294e-02
   endloop
 endfacet
 facet normal  0.000000e+00 -1.000000e+00 -0.000000e+00
   outer loop
     vertex  2.999916e-02 -3.000000e-03  8.968509e-02
     vertex  2.999916e-02 -3.000000e-03  8.770097e-02
     vertex  3.199872e-02 -3.000000e-03  8.901731e-02
   endloop
 endfacet
 facet normal  0.000000e+00 -1.000000e+00 -0.000000e+00
   outer loop
     vertex  2.999916e-02 -3.000000e-03  9.166921e-02
     vertex  2.999916e-02 -3.000000e-03  8.968509e-02
     vertex  3.199872e-02 -3.000000e-03  9.100167e-02
   endloop
 endfacet
 facet normal  0.000000e+00 -1.000000e+00 -0.000000e+00
   outer loop
     vertex  2.999916e-02 -3.000000e-03  9.365332e-02
     vertex  2.999916e-02 -3.000000e-03  9.166921e-02
     vertex  3.199872e-02 -3.000000e-03  9.298604e-02
   endloop
 endfacet
 facet normal  0.000000e+00 -1.000000e+00 -0.000000e+00
   outer loop
     vertex  2.999916e-02 -3.000000e-03  9.563744e-02
     vertex  2.999916e-02 -3.000000e-03  9.365332e-02
     vertex  3.199872e-02 -3.000000e-03  9.497041e-02
   endloop
 endfacet
 facet normal  0.000000e+00 -1.000000e+00 -0.000000e+00
   outer loop
     vertex  2.999916e-02 -3.000000e-03  9.762156e-02
     vertex  2.999916e-02 -3.000000e-03  9.563744e-02
     vertex  3.199872e-02 -3.000000e-03  9.695477e-02
   endloop
 endfacet
 facet normal  0.000000e+00 -1.000000e+00 -0.000000e+00
   outer loop
     vertex  2.999916e-02 -3.000000e-03  9.960568e-02
     vertex  2.999916e-02 -3.000000e-03  9.762156e-02
     vertex  3.199872e-02 -3.000000e-03  9.893914e-02
   endloop
 endfacet
 facet normal  0.000000e+00 -1.000000e+00 -0.000000e+00
   outer loop
     vertex  2.999916e-02 -3.000000e-03  1.015898e-01
     vertex  2.999916e-02 -3.000000e-03  9.960568e-02
     vertex  3.199872e-02 -3.000000e-03  1.009235e-01
   endloop
 endfacet
 facet normal  0.000000e+00 -1.000000e+00 -0.000000e+00
   outer loop
     vertex  2.999916e-02 -3.000000e-03  1.035739e-01
     vertex  2.999916e-02 -3.000000e-03  1.015898e-01
     vertex  3.199872e-02 -3.000000e-03  1.029079e-01
   endloop
 endfacet
 facet normal  0.000000e+00 -1.000000e+00 -0.000000e+00
   outer loop
     vertex  2.999916e-02 -3.000000e-03  1.055581e-01
     vertex  2.999916e-02 -3.000000e-03  1.035739e-01
     vertex  3.199872e-02 -3.000000e-03  1.048923e-01
   endloop
 endfacet
 facet normal  0.000000e+00 -1.000000e+00  0.000000e+00
   outer loop
     vertex  2.999916e-02 -3.000000e-03  1.075423e-01
     vertex  2.999916e-02 -3.000000e-03  1.055581e-01
     vertex  3.199872e-02 -3.000000e-03  1.068767e-01
   endloop
 endfacet
 facet normal  0.000000e+00 -1.000000e+00  0.000000e+00
   outer loop
     vertex  2.999914e-02 -3.000000e-03  1.095265e-01
     vertex  2.999916e-02 -3.000000e-03  1.075423e-01
     vertex  3.199870e-02 -3.000000e-03  1.088612e-01
   endloop
 endfacet
 facet normal  0.000000e+00 -1.000000e+00  0.000000e+00
   outer loop
     vertex  2.999905e-02 -3.000000e-03  1.115110e-01
     vertex  2.999914e-02 -3.000000e-03  1.095265e-01
     vertex  3.199862e-02 -3.000000e-03  1.108459e-01
   endloop
 endfacet
 facet normal  0.000000e+00 -1.000000e+00  0.000000e+00
   outer loop
     vertex  2.999866e-02 -3.000000e-03  1.134959e-01
     vertex  2.999905e-02 -3.000000e-03  1.115110e-01
     vertex  3.199832e-02 -3.000000e-03  1.128311e-01
   endloop
 endfacet
 facet normal  0.000000e+00 -1.000000e+00  0.000000e+00
   outer loop
     vertex  2.999704e-02 -3.000000e-03  1.154813e-01
     vertex  2.999866e-02 -3.000000e-03  1.134959e-01
     vertex  3.199721e-02 -3.000000e-03  1.148177e-01
   endloop
 endfacet
 facet normal  0.000000e+00 -1.000000e+00  0.000000e+00
   outer loop
     vertex  2.999064e-02 -3.000000e-03  1.174664e-01
     vertex  2.999704e-02 -3.000000e-03  1.154813e-01
     vertex  3.199300e-02 -3.000000e-03  1.168081e-01
   endloop
 endfacet
 facet normal  0.000000e+00 -1.000000e+00  0.000000e+00
   outer loop
     vertex  2.996563e-02 -3.000000e-03  1.194442e-01
     vertex  2.999064e-02 -3.000000e-03  1.174664e-01
     vertex  3.197689e-02 -3.000000e-03  1.188105e-01
   endloop
 endfacet
 facet normal  0.000000e+00 -1.000000e+00  0.000000e+00
   outer loop
     vertex  2.986904e-02 -3.000000e-03  1.213764e-01
     vertex  2.996563e-02 -3.000000e-03  1.194442e-01
     vertex  3.191259e-02 -3.000000e-03  1.208550e-01
   endloop
 endfacet
 facet normal  0.000000e+00 -1.000000e+00  0.000000e+00
   outer loop
     vertex  2.950873e-02 -3.000000e-03  1.230847e-01
     vertex  2.986904e-02 -3.000000e-03  1.213764e-01
     vertex  3.162204e-02 -3.000000e-03  1.230805e-01
   endloop
 endfacet
 facet normal  0.000000e+00 -1.000000e+00 -0.000000e+00
   outer loop
     vertex  2.987157e-02 -3.000000e-03  1.247901e-01
     vertex  2.950873e-02 -3.000000e-03  1.230847e-01
     vertex  3.162204e-02 -3.000000e-03  1.230805e-01
   endloop
 endfacet
 facet normal  0.000000e+00 -1.000000e+00 -0.000000e+00
   outer loop
     vertex  2.997584e-02 -3.000000e-03  1.267182e-01
     vertex  2.987157e-02 -3.000000e-03  1.247901e-01
     vertex  3.191797e-02 -3.000000e-03  1.252982e-01
   endloop
 endfacet
 facet normal  0.000000e+00 -1.000000e+00 -0.000000e+00
   outer loop
     vertex  3.002881e-02 -3.000000e-03  1.286989e-01
     vertex  2.997584e-02 -3.000000e-03  1.267182e-01
     vertex  3.199772e-02 -3.000000e-03  1.273130e-01
   endloop
 endfacet
 facet normal  0.000000e+00 -1.000000e+00 -0.000000e+00
   outer loop
     vertex  3.013341e-02 -3.000000e-03  1.307528e-01
     vertex  3.002881e-02 -3.000000e-03  1.286989e-01
     vertex  3.207206e-02 -3.000000e-03  1.292170e-01
   endloop
 endfacet
 facet normal  0.000000e+00 -1.000000e+00  0.000000e+00
   outer loop
     vertex  2.949508e-02 -3.000000e-03  1.325887e-01
     vertex  3.013341e-02 -3.000000e-03  1.307528e-01
     vertex  3.132336e-02 -3.000000e-03  1.324252e-01
   endloop
 endfacet
 facet normal  0.000000e+00 -1.000000e+00  0.000000e+00
   outer loop
     vertex  3.199871e-02 -3.000000e-03  2.154466e-02
     vertex  3.199878e-02 -3.000000e-03  2.353133e-02
     vertex  2.999927e-02 -3.000000e-03  2.222147e-02
   endloop
 endfacet
 facet normal  0.000000e+00 -1.000000e+00  0.000000e+00
   outer loop
     vertex  3.200047e-02 -3.000000e-03  1.756105e-02
     vertex  3.199889e-02 -3.000000e-03  1.955566e-02
     vertex  3.000169e-02 -3.000000e-03  1.823753e-02
   endloop
 endfacet
 facet normal  0.000000e+00 -1.000000e+00  0.000000e+00
   outer loop
     vertex  3.205902e-02 -3.000000e-03  1.355750e-02
     vertex  3.201003e-02 -3.000000e-03  1.555648e-02
     vertex  3.003776e-02 -3.000000e-03  1.413289e-02
   endloop
 endfacet
 facet normal  0.000000e+00 -1.000000e+00 -0.000000e+00
   outer loop
     vertex  3.199853e-02 -3.000000e-03  4.337524e-02
     vertex  2.999925e-02 -3.000000e-03  4.206590e-02
     vertex  3.199878e-02 -3.000000e-03  4.139175e-02
   endloop
 endfacet
 facet normal  0.000000e+00 -1.000000e+00 -0.000000e+00
   outer loop
     vertex  3.200047e-02 -3.000000e-03  1.756105e-02
     vertex  3.000859e-02 -3.000000e-03  1.622031e-02
     vertex  3.201003e-02 -3.000000e-03  1.555648e-02
   endloop
 endfacet
 facet normal  0.000000e+00 -1.000000e+00  0.000000e+00
   outer loop
     vertex  3.177436e-02 -3.000000e-03  9.603169e-03
     vertex  3.234882e-02 -3.000000e-03  1.172411e-02
     vertex  3.018685e-02 -3.000000e-03  1.172017e-02
   endloop
 endfacet
 facet normal -0.000000e+00 -1.000000e+00  0.000000e+00
   outer loop
     vertex  3.250381e-02 -3.000000e-03  7.619622e-03
     vertex  3.177436e-02 -3.000000e-03  9.603169e-03
     vertex  3.080980e-02 -3.000000e-03  7.199590e-03
   endloop
 endfacet
 facet normal  0.000000e+00 -1.000000e+00  0.000000e+00
   outer loop
     vertex  2.999908e-02 -3.000000e-03  3.214457e-02
     vertex  3.199862e-02 -3.000000e-03  3.146921e-02
     vertex  3.199826e-02 -3.000000e-03  3.345219e-02
   endloop
 endfacet
 facet normal -0.000000e+00 -1.000000e+00  0.000000e+00
   outer loop
     vertex  3.234882e-02 -3.000000e-03  1.172411e-02
     vertex  3.205902e-02 -3.000000e-03  1.355750e-02
     vertex  3.018685e-02 -3.000000e-03  1.172017e-02
   endloop
 endfacet
 facet normal  0.000000e+00 -1.000000e+00  0.000000e+00
   outer loop
     vertex  2.756989e-02 -3.000000e-03  7.077559e-03
     vertex  2.918660e-02 -3.000000e-03  6.650185e-03
     vertex  2.922880e-02 -3.000000e-03  8.928287e-03
   endloop
 endfacet
 facet normal  0.000000e+00 -1.000000e+00  0.000000e+00
   outer loop
     vertex  3.199839e-02 -3.000000e-03  2.551491e-02
     vertex  3.199865e-02 -3.000000e-03  2.750054e-02
     vertex  2.999895e-02 -3.000000e-03  2.619129e-02
   endloop
 endfacet
 facet normal  0.000000e+00 -1.000000e+00  0.000000e+00
   outer loop
     vertex  3.199853e-02 -3.000000e-03  3.543767e-02
     vertex  3.199807e-02 -3.000000e-03  3.742039e-02
     vertex  2.999900e-02 -3.000000e-03  3.611260e-02
   endloop
 endfacet
 facet normal  0.000000e+00 -1.000000e+00  0.000000e+00
   outer loop
     vertex  3.199832e-02 -3.000000e-03  2.948363e-02
     vertex  3.199862e-02 -3.000000e-03  3.146921e-02
     vertex  2.999890e-02 -3.000000e-03  3.015954e-02
   endloop
 endfacet
 facet normal  0.000000e+00 -1.000000e+00  0.000000e+00
   outer loop
     vertex  3.199831e-02 -3.000000e-03  3.940598e-02
     vertex  3.199878e-02 -3.000000e-03  4.139175e-02
     vertex  2.999910e-02 -3.000000e-03  4.008088e-02
   endloop
 endfacet
 facet normal  0.000000e+00 -1.000000e+00  0.000000e+00
   outer loop
     vertex  3.199826e-02 -3.000000e-03  3.345219e-02
     vertex  3.199853e-02 -3.000000e-03  3.543767e-02
     vertex  2.999883e-02 -3.000000e-03  3.412760e-02
   endloop
 endfacet
 facet normal  0.000000e+00 -1.000000e+00  0.000000e+00
   outer loop
     vertex  3.199853e-02 -3.000000e-03  4.337524e-02
     vertex  3.199891e-02 -3.000000e-03  4.536112e-02
     vertex  2.999913e-02 -3.000000e-03  4.404940e-02
   endloop
 endfacet
 facet normal  0.000000e+00 -1.000000e+00  0.000000e+00
   outer loop
     vertex  3.199807e-02 -3.000000e-03  3.742039e-02
     vertex  3.199831e-02 -3.000000e-03  3.940598e-02
     vertex  2.999875e-02 -3.000000e-03  3.809557e-02
   endloop
 endfacet
 facet normal  0.000000e+00 -1.000000e+00  0.000000e+00
   outer loop
     vertex  3.199889e-02 -3.000000e-03  4.734525e-02
     vertex  3.199878e-02 -3.000000e-03  4.932949e-02
     vertex  2.999926e-02 -3.000000e-03  4.801844e-02
   endloop
 endfacet
 facet normal  0.000000e+00 -1.000000e+00  0.000000e+00
   outer loop
     vertex  3.199878e-02 -3.000000e-03  4.932949e-02
     vertex  3.199872e-02 -3.000000e-03  5.131391e-02
     vertex  2.999920e-02 -3.000000e-03  5.000243e-02
   endloop
 endfacet
 facet normal  0.000000e+00 -1.000000e+00  0.000000e+00
   outer loop
     vertex  3.199872e-02 -3.000000e-03  5.131391e-02
     vertex  3.199871e-02 -3.000000e-03  5.329847e-02
     vertex  2.999917e-02 -3.000000e-03  5.198659e-02
   endloop
 endfacet
 facet normal  0.000000e+00 -1.000000e+00  0.000000e+00
   outer loop
     vertex  3.199871e-02 -3.000000e-03  5.329847e-02
     vertex  3.199872e-02 -3.000000e-03  5.528301e-02
     vertex  2.999917e-02 -3.000000e-03  5.397083e-02
   endloop
 endfacet
 facet normal  0.000000e+00 -1.000000e+00  0.000000e+00
   outer loop
     vertex  3.199872e-02 -3.000000e-03  5.528301e-02
     vertex  3.199872e-02 -3.000000e-03  5.726745e-02
     vertex  2.999916e-02 -3.000000e-03  5.595505e-02
   endloop
 endfacet
 facet normal  0.000000e+00 -1.000000e+00  0.000000e+00
   outer loop
     vertex  3.199872e-02 -3.000000e-03  5.726745e-02
     vertex  3.199872e-02 -3.000000e-03  5.925181e-02
     vertex  2.999915e-02 -3.000000e-03  5.793919e-02
   endloop
 endfacet
 facet normal  0.000000e+00 -1.000000e+00  0.000000e+00
   outer loop
     vertex  3.199872e-02 -3.000000e-03  5.925181e-02
     vertex  3.199872e-02 -3.000000e-03  6.123618e-02
     vertex  2.999915e-02 -3.000000e-03  5.992331e-02
   endloop
 endfacet
 facet normal  0.000000e+00 -1.000000e+00  0.000000e+00
   outer loop
     vertex  3.199872e-02 -3.000000e-03  6.123618e-02
     vertex  3.199872e-02 -3.000000e-03  6.322055e-02
     vertex  2.999915e-02 -3.000000e-03  6.190743e-02
   endloop
 endfacet
 facet normal  0.000000e+00 -1.000000e+00  0.000000e+00
   outer loop
     vertex  3.199872e-02 -3.000000e-03  6.322055e-02
     vertex  3.199872e-02 -3.000000e-03  6.520491e-02
     vertex  2.999915e-02 -3.000000e-03  6.389155e-02
   endloop
 endfacet
 facet normal  0.000000e+00 -1.000000e+00  0.000000e+00
   outer loop
     vertex  3.199872e-02 -3.000000e-03  6.520491e-02
     vertex  3.199872e-02 -3.000000e-03  6.718928e-02
     vertex  2.999916e-02 -3.000000e-03  6.587567e-02
   endloop
 endfacet
 facet normal  0.000000e+00 -1.000000e+00  0.000000e+00
   outer loop
     vertex  3.199872e-02 -3.000000e-03  6.718928e-02
     vertex  3.199872e-02 -3.000000e-03  6.917365e-02
     vertex  2.999916e-02 -3.000000e-03  6.785979e-02
   endloop
 endfacet
 facet normal  0.000000e+00 -1.000000e+00  0.000000e+00
   outer loop
     vertex  3.199872e-02 -3.000000e-03  6.917365e-02
     vertex  3.199872e-02 -3.000000e-03  7.115801e-02
     vertex  2.999916e-02 -3.000000e-03  6.984390e-02
   endloop
 endfacet
 facet normal  0.000000e+00 -1.000000e+00  0.000000e+00
   outer loop
     vertex  3.199872e-02 -3.000000e-03  7.115801e-02
     vertex  3.199872e-02 -3.000000e-03  7.314238e-02
     vertex  2.999916e-02 -3.000000e-03  7.182802e-02
   endloop
 endfacet
 facet normal  0.000000e+00 -1.000000e+00  0.000000e+00
   outer loop
     vertex  3.199872e-02 -3.000000e-03  7.314238e-02
     vertex  3.199872e-02 -3.000000e-03  7.512674e-02
     vertex  2.999916e-02 -3.000000e-03  7.381214e-02
   endloop
 endfacet
 facet normal  0.000000e+00 -1.000000e+00  0.000000e+00
   outer loop
     vertex  3.199872e-02 -3.000000e-03  7.512674e-02
     vertex  3.199872e-02 -3.000000e-03  7.711111e-02
     vertex  2.999916e-02 -3.000000e-03  7.579626e-02
   endloop
 endfacet
 facet normal  0.000000e+00 -1.000000e+00  0.000000e+00
   outer loop
     vertex  3.199872e-02 -3.000000e-03  7.711111e-02
     vertex  3.199872e-02 -3.000000e-03  7.909548e-02
     vertex  2.999916e-02 -3.000000e-03  7.778038e-02
   endloop
 endfacet
 facet normal  0.000000e+00 -1.000000e+00  0.000000e+00
   outer loop
     vertex  3.199872e-02 -3.000000e-03  7.909548e-02
     vertex  3.199872e-02 -3.000000e-03  8.107984e-02
     vertex  2.999916e-02 -3.000000e-03  7.976450e-02
   endloop
 endfacet
 facet normal  0.000000e+00 -1.000000e+00  0.000000e+00
   outer loop
     vertex  3.199872e-02 -3.000000e-03  8.107984e-02
     vertex  3.199872e-02 -3.000000e-03  8.306421e-02
     vertex  2.999916e-02 -3.000000e-03  8.174861e-02
   endloop
 endfacet
 facet normal  0.000000e+00 -1.000000e+00  0.000000e+00
   outer loop
     vertex  3.199872e-02 -3.000000e-03  8.306421e-02
     vertex  3.199872e-02 -3.000000e-03  8.504858e-02
     vertex  2.999916e-02 -3.000000e-03  8.373273e-02
   endloop
 endfacet
 facet normal  0.000000e+00 -1.000000e+00  0.000000e+00
   outer loop
     vertex  3.199872e-02 -3.000000e-03  8.504858e-02
     vertex  3.199872e-02 -3.000000e-03  8.703294e-02
     vertex  2.999916e-02 -3.000000e-03  8.571685e-02
   endloop
 endfacet
 facet normal  0.000000e+00 -1.000000e+00  0.000000e+00
   outer loop
     vertex  3.199872e-02 -3.000000e-03  8.703294e-02
     vertex  3.199872e-02 -3.000000e-03  8.901731e-02
     vertex  2.999916e-02 -3.000000e-03  8.770097e-02
   endloop
 endfacet
 facet normal  0.000000e+00 -1.000000e+00  0.000000e+00
   outer loop
     vertex  3.199872e-02 -3.000000e-03  8.901731e-02
     vertex  3.199872e-02 -3.000000e-03  9.100167e-02
     vertex  2.999916e-02 -3.000000e-03  8.968509e-02
   endloop
 endfacet
 facet normal  0.000000e+00 -1.000000e+00  0.000000e+00
   outer loop
     vertex  3.199872e-02 -3.000000e-03  9.100167e-02
     vertex  3.199872e-02 -3.000000e-03  9.298604e-02
     vertex  2.999916e-02 -3.000000e-03  9.166921e-02
   endloop
 endfacet
 facet normal  0.000000e+00 -1.000000e+00  0.000000e+00
   outer loop
     vertex  3.199872e-02 -3.000000e-03  9.298604e-02
     vertex  3.199872e-02 -3.000000e-03  9.497041e-02
     vertex  2.999916e-02 -3.000000e-03  9.365332e-02
   endloop
 endfacet
 facet normal  0.000000e+00 -1.000000e+00  0.000000e+00
   outer loop
     vertex  3.199872e-02 -3.000000e-03  9.497041e-02
     vertex  3.199872e-02 -3.000000e-03  9.695477e-02
     vertex  2.999916e-02 -3.000000e-03  9.563744e-02
   endloop
 endfacet
 facet normal  0.000000e+00 -1.000000e+00  0.000000e+00
   outer loop
     vertex  3.199872e-02 -3.000000e-03  9.695477e-02
     vertex  3.199872e-02 -3.000000e-03  9.893914e-02
     vertex  2.999916e-02 -3.000000e-03  9.762156e-02
   endloop
 endfacet
 facet normal  0.000000e+00 -1.000000e+00  0.000000e+00
   outer loop
     vertex  3.199872e-02 -3.000000e-03  9.893914e-02
     vertex  3.199872e-02 -3.000000e-03  1.009235e-01
     vertex  2.999916e-02 -3.000000e-03  9.960568e-02
   endloop
 endfacet
 facet normal  0.000000e+00 -1.000000e+00  0.000000e+00
   outer loop
     vertex  3.199872e-02 -3.000000e-03  1.009235e-01
     vertex  3.199872e-02 -3.000000e-03  1.029079e-01
     vertex  2.999916e-02 -3.000000e-03  1.015898e-01
   endloop
 endfacet
 facet normal  0.000000e+00 -1.000000e+00  0.000000e+00
   outer loop
     vertex  3.199872e-02 -3.000000e-03  1.029079e-01
     vertex  3.199872e-02 -3.000000e-03  1.048923e-01
     vertex  2.999916e-02 -3.000000e-03  1.035739e-01
   endloop
 endfacet
 facet normal  0.000000e+00 -1.000000e+00  0.000000e+00
   outer loop
     vertex  3.199872e-02 -3.000000e-03  1.048923e-01
     vertex  3.199872e-02 -3.000000e-03  1.068767e-01
     vertex  2.999916e-02 -3.000000e-03  1.055581e-01
   endloop
 endfacet
 facet normal  0.000000e+00 -1.000000e+00  0.000000e+00
   outer loop
     vertex  3.199872e-02 -3.000000e-03  1.068767e-01
     vertex  3.199870e-02 -3.000000e-03  1.088612e-01
     vertex  2.999916e-02 -3.000000e-03  1.075423e-01
   endloop
 endfacet
 facet normal  0.000000e+00 -1.000000e+00  0.000000e+00
   outer loop
     vertex  3.199870e-02 -3.000000e-03  1.088612e-01
     vertex  3.199862e-02 -3.000000e-03  1.108459e-01
     vertex  2.999914e-02 -3.000000e-03  1.095265e-01
   endloop
 endfacet
 facet normal  0.000000e+00 -1.000000e+00  0.000000e+00
   outer loop
     vertex  3.199862e-02 -3.000000e-03  1.108459e-01
     vertex  3.199832e-02 -3.000000e-03  1.128311e-01
     vertex  2.999905e-02 -3.000000e-03  1.115110e-01
   endloop
 endfacet
 facet normal  0.000000e+00 -1.000000e+00  0.000000e+00
   outer loop
     vertex  3.199832e-02 -3.000000e-03  1.128311e-01
     vertex  3.199721e-02 -3.000000e-03  1.148177e-01
     vertex  2.999866e-02 -3.000000e-03  1.134959e-01
   endloop
 endfacet
 facet normal  0.000000e+00 -1.000000e+00  0.000000e+00
   outer loop
     vertex  3.199721e-02 -3.000000e-03  1.148177e-01
     vertex  3.199300e-02 -3.000000e-03  1.168081e-01
     vertex  2.999704e-02 -3.000000e-03  1.154813e-01
   endloop
 endfacet
 facet normal  0.000000e+00 -1.000000e+00  0.000000e+00
   outer loop
     vertex  3.199300e-02 -3.000000e-03  1.168081e-01
     vertex  3.197689e-02 -3.000000e-03  1.188105e-01
     vertex  2.999064e-02 -3.000000e-03  1.174664e-01
   endloop
 endfacet
 facet normal  0.000000e+00 -1.000000e+00  0.000000e+00
   outer loop
     vertex  3.197689e-02 -3.000000e-03  1.188105e-01
     vertex  3.191259e-02 -3.000000e-03  1.208550e-01
     vertex  2.996563e-02 -3.000000e-03  1.194442e-01
   endloop
 endfacet
 facet normal  0.000000e+00 -1.000000e+00  0.000000e+00
   outer loop
     vertex  3.191259e-02 -3.000000e-03  1.208550e-01
     vertex  3.162204e-02 -3.000000e-03  1.230805e-01
     vertex  2.986904e-02 -3.000000e-03  1.213764e-01
   endloop
 endfacet
 facet normal  0.000000e+00 -1.000000e+00  0.000000e+00
   outer loop
     vertex  3.162204e-02 -3.000000e-03  1.230805e-01
     vertex  3.191797e-02 -3.000000e-03  1.252982e-01
     vertex  2.987157e-02 -3.000000e-03  1.247901e-01
   endloop
 endfacet
 facet normal  0.000000e+00 -1.000000e+00  0.000000e+00
   outer loop
     vertex  3.191797e-02 -3.000000e-03  1.252982e-01
     vertex  3.199772e-02 -3.000000e-03  1.273130e-01
     vertex  2.997584e-02 -3.000000e-03  1.267182e-01
   endloop
 endfacet
 facet normal  0.000000e+00 -1.000000e+00  0.000000e+00
   outer loop
     vertex  3.199772e-02 -3.000000e-03  1.273130e-01
     vertex  3.207206e-02 -3.000000e-03  1.292170e-01
     vertex  3.002881e-02 -3.000000e-03  1.286989e-01
   endloop
 endfacet
 facet normal  6.771743e-14 -1.000000e+00 -2.000692e-13
   outer loop
     vertex  3.012625e-02 -3.000000e-03  5.000000e-03
     vertex  3.080980e-02 -3.000000e-03  7.199590e-03
     vertex  2.918660e-02 -3.000000e-03  6.650185e-03
   endloop
 endfacet
 facet normal  0.000000e+00 -1.000000e+00  0.000000e+00
   outer loop
     vertex  2.588875e-02 -3.000000e-03  7.503918e-03
     vertex  2.756989e-02 -3.000000e-03  7.077559e-03
     vertex  2.691511e-02 -3.000000e-03  9.127927e-03
   endloop
 endfacet
 facet normal  0.000000e+00 -1.000000e+00  0.000000e+00
   outer loop
     vertex  3.003776e-02 -3.000000e-03  1.413289e-02
     vertex  3.018685e-02 -3.000000e-03  1.172017e-02
     vertex  3.205902e-02 -3.000000e-03  1.355750e-02
   endloop
 endfacet
 facet normal  0.000000e+00 -1.000000e+00  0.000000e+00
   outer loop
     vertex  2.691511e-02 -3.000000e-03  9.127927e-03
     vertex  2.756989e-02 -3.000000e-03  7.077559e-03
     vertex  2.922880e-02 -3.000000e-03  8.928287e-03
   endloop
 endfacet
 facet normal  0.000000e+00 -1.000000e+00  0.000000e+00
   outer loop
     vertex  2.918660e-02 -3.000000e-03  6.650185e-03
     vertex  3.080980e-02 -3.000000e-03  7.199590e-03
     vertex  2.922880e-02 -3.000000e-03  8.928287e-03
   endloop
 endfacet
 facet normal  0.000000e+00 -1.000000e+00  0.000000e+00
   outer loop
     vertex  3.080980e-02 -3.000000e-03  7.199590e-03
     vertex  3.177436e-02 -3.000000e-03  9.603169e-03
     vertex  2.922880e-02 -3.000000e-03  8.928287e-03
   endloop
 endfacet
 facet normal  0.000000e+00 -1.000000e+00  0.000000e+00
   outer loop
     vertex  2.922880e-02 -3.000000e-03  8.928287e-03
     vertex  3.177436e-02 -3.000000e-03  9.603169e-03
     vertex  3.018685e-02 -3.000000e-03  1.172017e-02
   endloop
 endfacet
 facet normal  0.000000e+00 -1.000000e+00  0.000000e+00
   outer loop
     vertex  3.013341e-02 -3.000000e-03  1.307528e-01
     vertex  3.207206e-02 -3.000000e-03  1.292170e-01
     vertex  3.230366e-02 -3.000000e-03  1.309017e-01
   endloop
 endfacet
 facet normal  0.000000e+00 -1.000000e+00 -0.000000e+00
   outer loop
     vertex  3.132336e-02 -3.000000e-03  1.324252e-01
     vertex  3.013341e-02 -3.000000e-03  1.307528e-01
     vertex  3.230366e-02 -3.000000e-03  1.309017e-01
   endloop
 endfacet
 facet normal  9.866551e-01 -1.628240e-01 -3.966369e-14
   outer loop
     vertex  2.431563e-02 -3.000000e-03  1.100000e-02
     vertex  2.399024e-02 -4.971736e-03  1.100000e-02
     vertex  2.431563e-02 -3.000000e-03  9.000000e-03
   endloop
 endfacet
 facet normal  9.700549e-01 -2.426824e-01  9.940248e-03
   outer loop
     vertex  2.399024e-02 -4.971736e-03  1.100000e-02
     vertex  2.350524e-02 -6.910393e-03  1.100000e-02
     vertex  2.383011e-02 -5.689964e-03  9.092078e-03
   endloop
 endfacet
 facet normal  9.177421e-01 -3.970505e-01  1.001505e-02
   outer loop
     vertex  2.286386e-02 -8.803074e-03  1.100000e-02
     vertex  2.207035e-02 -1.063719e-02  1.100000e-02
     vertex  2.240350e-02 -9.916301e-03  9.050637e-03
   endloop
 endfacet
 facet normal  8.410470e-01 -5.408697e-01  9.994406e-03
   outer loop
     vertex  2.113000e-02 -1.240053e-02  1.100000e-02
     vertex  2.004907e-02 -1.408136e-02  1.100000e-02
     vertex  2.074603e-02 -1.303274e-02  9.098337e-03
   endloop
 endfacet
 facet normal  7.420156e-01 -6.703272e-01  8.618763e-03
   outer loop
     vertex  1.883475e-02 -1.566851e-02  1.100000e-02
     vertex  1.749511e-02 -1.715141e-02  1.100000e-02
     vertex  1.818156e-02 -1.642196e-02  8.635017e-03
   endloop
 endfacet
 facet normal  6.232551e-01 -7.819632e-01  9.306533e-03
   outer loop
     vertex  1.603908e-02 -1.852020e-02  1.100000e-02
     vertex  1.447633e-02 -1.976577e-02  1.100000e-02
     vertex  1.503238e-02 -1.934626e-02  9.010989e-03
   endloop
 endfacet
 facet normal  4.879170e-01 -8.727861e-01  1.347138e-02
   outer loop
     vertex  1.281727e-02 -2.087984e-02  1.100000e-02
     vertex  1.107294e-02 -2.185498e-02  1.100000e-02
     vertex  1.195781e-02 -2.138366e-02  9.487012e-03
   endloop
 endfacet
 facet normal  3.396614e-01 -9.405025e-01  9.227645e-03
   outer loop
     vertex  9.254926e-03 -2.268472e-02  1.100000e-02
     vertex  7.375342e-03 -2.336353e-02  1.100000e-02
     vertex  8.631860e-03 -2.292904e-02  9.032195e-03
   endloop
 endfacet
 facet normal  1.823582e-01 -9.831905e-01  9.055030e-03
   outer loop
     vertex  5.446688e-03 -2.388689e-02  1.100000e-02
     vertex  3.481795e-03 -2.425133e-02  1.100000e-02
     vertex  4.796952e-03 -2.402580e-02  9.001936e-03
   endloop
 endfacet
 facet normal  2.020942e-02 -9.997548e-01  9.054414e-03
   outer loop
     vertex  1.493737e-03 -2.445442e-02  1.100000e-02
     vertex -5.042590e-04 -2.449481e-02  1.100000e-02
     vertex  8.289318e-04 -2.448597e-02  9.000089e-03
   endloop
 endfacet
 facet normal -1.424763e-01 -9.897568e-01  9.053554e-03
   outer loop
     vertex -2.498900e-03 -2.437223e-02  1.100000e-02
     vertex -4.476915e-03 -2.408749e-02  1.100000e-02
     vertex -3.159943e-03 -2.429537e-02  8.999985e-03
   endloop
 endfacet
 facet normal -3.013766e-01 -9.534621e-01  9.061554e-03
   outer loop
     vertex -6.425145e-03 -2.364249e-02  1.100000e-02
     vertex -8.330626e-03 -2.304020e-02  1.100000e-02
     vertex -7.065893e-03 -2.345897e-02  9.000223e-03
   endloop
 endfacet
 facet normal -4.522696e-01 -8.918352e-01  9.064294e-03
   outer loop
     vertex -1.018068e-02 -2.228461e-02  1.100000e-02
     vertex -1.196300e-02 -2.138075e-02  1.100000e-02
     vertex -1.078343e-02 -2.199926e-02  9.000273e-03
   endloop
 endfacet
 facet normal -5.911464e-01 -8.065133e-01  9.063343e-03
   outer loop
     vertex -1.366573e-02 -2.033465e-02  1.100000e-02
     vertex -1.527754e-02 -1.915325e-02  1.100000e-02
     vertex -1.421407e-02 -1.995520e-02  9.000152e-03
   endloop
 endfacet
 facet normal -7.143172e-01 -6.997634e-01  9.065130e-03
   outer loop
     vertex -1.678770e-02 -1.784442e-02  1.100000e-02
     vertex -1.818616e-02 -1.641687e-02  1.100000e-02
     vertex -1.726799e-02 -1.738006e-02  8.998686e-03
   endloop
 endfacet
 facet normal -8.185091e-01 -5.744213e-01  9.117814e-03
   outer loop
     vertex -1.946363e-02 -1.488009e-02  1.100000e-02
     vertex -2.061161e-02 -1.324431e-02  1.100000e-02
     vertex -1.987482e-02 -1.432625e-02  8.979086e-03
   endloop
 endfacet
 facet normal -9.009587e-01 -4.338199e-01  8.583045e-03
   outer loop
     vertex -2.162245e-02 -1.152041e-02  1.100000e-02
     vertex -2.248943e-02 -9.719863e-03  1.100000e-02
     vertex -2.207347e-02 -1.063070e-02  8.625171e-03
   endloop
 endfacet
 facet normal -9.594623e-01 -2.816883e-01  9.149030e-03
   outer loop
     vertex -2.320678e-02 -7.854648e-03  1.100000e-02
     vertex -2.376973e-02 -5.937174e-03  1.100000e-02
     vertex -2.359178e-02 -6.608939e-03  8.978930e-03
   endloop
 endfacet
 facet normal -9.924793e-01 -1.220749e-01  9.090193e-03
   outer loop
     vertex -2.417453e-02 -3.980198e-03  1.100000e-02
     vertex -2.441850e-02 -1.996742e-03  1.100000e-02
     vertex -2.435460e-02 -2.665248e-03  8.999047e-03
   endloop
 endfacet
 facet normal -9.991268e-01  4.078208e-02  9.078898e-03
   outer loop
     vertex -2.450000e-02 -9.237403e-17  1.100000e-02
     vertex -2.441850e-02  1.996742e-03  1.100000e-02
     vertex -2.446391e-02  1.329330e-03  9.000403e-03
   endloop
 endfacet
 facet normal -9.792287e-01  2.025555e-01  9.077396e-03
   outer loop
     vertex -2.417453e-02  3.980198e-03  1.100000e-02
     vertex -2.376973e-02  5.937174e-03  1.100000e-02
     vertex -2.392290e-02  5.286275e-03  9.000482e-03
   endloop
 endfacet
 facet normal -9.333137e-01  3.589473e-01  9.077274e-03
   outer loop
     vertex -2.320678e-02  7.854648e-03  1.100000e-02
     vertex -2.248943e-02  9.719863e-03  1.100000e-02
     vertex -2.274630e-02  9.102514e-03  9.000485e-03
   endloop
 endfacet
 facet normal -8.626016e-01  5.058024e-01  9.077193e-03
   outer loop
     vertex -2.162245e-02  1.152041e-02  1.100000e-02
     vertex -2.061161e-02  1.324431e-02  1.100000e-02
     vertex -2.096536e-02  1.267690e-02  9.000483e-03
   endloop
 endfacet
 facet normal -7.689713e-01  6.392188e-01  9.076082e-03
   outer loop
     vertex -1.946363e-02  1.488009e-02  1.100000e-02
     vertex -1.818616e-02  1.641687e-02  1.100000e-02
     vertex -1.862729e-02  1.591458e-02  9.000469e-03
   endloop
 endfacet
 facet normal -6.549104e-01  7.556521e-01  9.069940e-03
   outer loop
     vertex -1.678770e-02  1.784442e-02  1.100000e-02
     vertex -1.527754e-02  1.915325e-02  1.100000e-02
     vertex -1.579358e-02  1.873000e-02  9.000730e-03
   endloop
 endfacet
 facet normal -5.234492e-01  8.520084e-01  9.085265e-03
   outer loop
     vertex -1.366573e-02  2.033465e-02  1.100000e-02
     vertex -1.196300e-02  2.138075e-02  1.100000e-02
     vertex -1.253864e-02  2.104834e-02  9.008131e-03
   endloop
 endfacet
 facet normal -3.780773e-01  9.257195e-01  1.004779e-02
   outer loop
     vertex -1.018068e-02  2.228461e-02  1.100000e-02
     vertex -8.330626e-03  2.304020e-02  1.100000e-02
     vertex -9.005460e-03  2.278490e-02  9.128287e-03
   endloop
 endfacet
 facet normal -2.226651e-01  9.748433e-01  1.004463e-02
   outer loop
     vertex -6.425145e-03  2.364249e-02  1.100000e-02
     vertex -4.476915e-03  2.408749e-02  1.100000e-02
     vertex -5.726413e-03  2.382138e-02  9.127971e-03
   endloop
 endfacet
 facet normal -6.133746e-02  9.980756e-01  9.103219e-03
   outer loop
     vertex -2.498900e-03  2.437223e-02  1.100000e-02
     vertex -5.042590e-04  2.449481e-02  1.100000e-02
     vertex -1.830193e-03  2.443155e-02  9.002235e-03
   endloop
 endfacet
 facet normal  1.016217e-01  9.947807e-01  9.185375e-03
   outer loop
     vertex  1.493737e-03  2.445442e-02  1.100000e-02
     vertex  3.481795e-03  2.425133e-02  1.100000e-02
     vertex  2.243305e-03  2.439708e-02  8.917207e-03
   endloop
 endfacet
 facet normal  2.618805e-01  9.650551e-01  9.344319e-03
   outer loop
     vertex  5.446688e-03  2.388689e-02  1.100000e-02
     vertex  7.375342e-03  2.336353e-02  1.100000e-02
     vertex  6.650490e-03  2.358010e-02  8.947542e-03
   endloop
 endfacet
 facet normal  4.151624e-01  9.096483e-01  1.342374e-02
   outer loop
     vertex  9.254926e-03  2.268472e-02  1.100000e-02
     vertex  1.107294e-02  2.185498e-02  1.100000e-02
     vertex  1.016333e-02  2.229253e-02  9.481778e-03
   endloop
 endfacet
 facet normal  5.574526e-01  8.301577e-01  9.210291e-03
   outer loop
     vertex  1.281727e-02  2.087984e-02  1.100000e-02
     vertex  1.447633e-02  1.976577e-02  1.100000e-02
     vertex  1.338144e-02  2.052284e-02  9.030875e-03
   endloop
 endfacet
 facet normal  6.849132e-01  7.285686e-01  9.033273e-03
   outer loop
     vertex  1.603908e-02  1.852020e-02  1.100000e-02
     vertex  1.749511e-02  1.715141e-02  1.100000e-02
     vertex  1.653362e-02  1.808008e-02  9.000760e-03
   endloop
 endfacet
 facet normal  7.941758e-01  6.076211e-01  9.026905e-03
   outer loop
     vertex  1.883475e-02  1.566851e-02  1.100000e-02
     vertex  2.004907e-02  1.408136e-02  1.100000e-02
     vertex  1.925099e-02  1.515418e-02  8.999906e-03
   endloop
 endfacet
 facet normal  8.823389e-01  4.705302e-01  8.912415e-03
   outer loop
     vertex  2.113000e-02  1.240053e-02  1.100000e-02
     vertex  2.207035e-02  1.063719e-02  1.100000e-02
     vertex  2.145054e-02  1.183741e-02  8.995850e-03
   endloop
 endfacet
 facet normal  9.470647e-01  3.209394e-01  8.141767e-03
   outer loop
     vertex  2.286386e-02  8.803074e-03  1.100000e-02
     vertex  2.350524e-02  6.910393e-03  1.100000e-02
     vertex  2.306637e-02  8.257880e-03  8.934112e-03
   endloop
 endfacet
 facet normal  9.866551e-01  1.628240e-01 -3.965690e-14
   outer loop
     vertex  2.399024e-02  4.971736e-03  1.100000e-02
     vertex  2.431563e-02  3.000000e-03  1.100000e-02
     vertex  2.431563e-02  3.000000e-03  9.000000e-03
   endloop
 endfacet
 facet normal  9.866551e-01  1.628240e-01  3.966369e-14
   outer loop
     vertex  2.431563e-02  3.000000e-03  7.000000e-03
     vertex  2.431563e-02  3.000000e-03  5.000000e-03
     vertex  2.399024e-02  4.971736e-03  5.000000e-03
   endloop
 endfacet
 facet normal  9.877035e-01  1.563389e-01  0.000000e+00
   outer loop
     vertex  2.431563e-02  3.000000e-03  9.000000e-03
     vertex  2.431563e-02  3.000000e-03  7.000000e-03
     vertex  2.405349e-02  4.656117e-03  7.920102e-03
   endloop
 endfacet
 facet normal  9.873282e-01  1.586348e-01 -4.239459e-03
   outer loop
     vertex  2.431563e-02  3.000000e-03  7.000000e-03
     vertex  2.399024e-02  4.971736e-03  5.000000e-03
     vertex  2.405349e-02  4.656117e-03  7.920102e-03
   endloop
 endfacet
 facet normal  9.866551e-01 -1.628240e-01  3.968339e-14
   outer loop
     vertex  2.399024e-02 -4.971736e-03  5.000000e-03
     vertex  2.431563e-02 -3.000000e-03  5.000000e-03
     vertex  2.431563e-02 -3.000000e-03  7.000000e-03
   endloop
 endfacet
 facet normal  9.700663e-01 -2.426852e-01 -8.671270e-03
   outer loop
     vertex  2.350524e-02 -6.910393e-03  5.000000e-03
     vertex  2.399024e-02 -4.971736e-03  5.000000e-03
     vertex  2.367319e-02 -6.311122e-03  7.016004e-03
   endloop
 endfacet
 facet normal  9.470165e-01 -3.209231e-01 -1.296414e-02
   outer loop
     vertex  2.286386e-02 -8.803074e-03  5.000000e-03
     vertex  2.350524e-02 -6.910393e-03  5.000000e-03
     vertex  2.318493e-02 -7.918913e-03  6.566776e-03
   endloop
 endfacet
 facet normal  9.562592e-01 -2.924303e-01  7.266013e-03
   outer loop
     vertex  2.350524e-02 -6.910393e-03  5.000000e-03
     vertex  2.367319e-02 -6.311122e-03  7.016004e-03
     vertex  2.318493e-02 -7.918913e-03  6.566776e-03
   endloop
 endfacet
 facet normal  9.177419e-01 -3.970503e-01 -1.004567e-02
   outer loop
     vertex  2.207035e-02 -1.063719e-02  5.000000e-03
     vertex  2.286386e-02 -8.803074e-03  5.000000e-03
     vertex  2.255505e-02 -9.566587e-03  6.966225e-03
   endloop
 endfacet
 facet normal  9.347540e-01 -3.551846e-01  8.883195e-03
   outer loop
     vertex  2.286386e-02 -8.803074e-03  5.000000e-03
     vertex  2.318493e-02 -7.918913e-03  6.566776e-03
     vertex  2.255505e-02 -9.566587e-03  6.966225e-03
   endloop
 endfacet
 facet normal  8.823404e-01 -4.705310e-01 -8.723035e-03
   outer loop
     vertex  2.113000e-02 -1.240053e-02  5.000000e-03
     vertex  2.207035e-02 -1.063719e-02  5.000000e-03
     vertex  2.161406e-02 -1.153613e-02  7.336545e-03
   endloop
 endfacet
 facet normal  9.030649e-01 -4.293590e-01  1.116430e-02
   outer loop
     vertex  2.207035e-02 -1.063719e-02  5.000000e-03
     vertex  2.255505e-02 -9.566587e-03  6.966225e-03
     vertex  2.161406e-02 -1.153613e-02  7.336545e-03
   endloop
 endfacet
 facet normal  8.410521e-01 -5.408730e-01 -9.365075e-03
   outer loop
     vertex  2.004907e-02 -1.408136e-02  5.000000e-03
     vertex  2.113000e-02 -1.240053e-02  5.000000e-03
     vertex  2.047324e-02 -1.345721e-02  7.045915e-03
   endloop
 endfacet
 facet normal  8.590053e-01 -5.118399e-01  1.139333e-02
   outer loop
     vertex  2.113000e-02 -1.240053e-02  5.000000e-03
     vertex  2.161406e-02 -1.153613e-02  7.336545e-03
     vertex  2.047324e-02 -1.345721e-02  7.045915e-03
   endloop
 endfacet
 facet normal  7.941678e-01 -6.076149e-01 -1.008221e-02
   outer loop
     vertex  1.883475e-02 -1.566851e-02  5.000000e-03
     vertex  2.004907e-02 -1.408136e-02  5.000000e-03
     vertex  1.930305e-02 -1.508781e-02  6.891665e-03
   endloop
 endfacet
 facet normal  8.119694e-01 -5.836192e-01  9.705076e-03
   outer loop
     vertex  2.004907e-02 -1.408136e-02  5.000000e-03
     vertex  2.047324e-02 -1.345721e-02  7.045915e-03
     vertex  1.930305e-02 -1.508781e-02  6.891665e-03
   endloop
 endfacet
 facet normal  7.419764e-01 -6.702918e-01 -1.341806e-02
   outer loop
     vertex  1.749511e-02 -1.715141e-02  5.000000e-03
     vertex  1.883475e-02 -1.566851e-02  5.000000e-03
     vertex  1.818460e-02 -1.641860e-02  6.518947e-03
   endloop
 endfacet
 facet normal  7.643017e-01 -6.447998e-01  8.726341e-03
   outer loop
     vertex  1.883475e-02 -1.566851e-02  5.000000e-03
     vertex  1.930305e-02 -1.508781e-02  6.891665e-03
     vertex  1.818460e-02 -1.641860e-02  6.518947e-03
   endloop
 endfacet
 facet normal  6.849067e-01 -7.285617e-01 -1.003105e-02
   outer loop
     vertex  1.603908e-02 -1.852020e-02  5.000000e-03
     vertex  1.749511e-02 -1.715141e-02  5.000000e-03
     vertex  1.697983e-02 -1.766169e-02  6.878967e-03
   endloop
 endfacet
 facet normal  7.193090e-01 -6.946368e-01  8.616334e-03
   outer loop
     vertex  1.749511e-02 -1.715141e-02  5.000000e-03
     vertex  1.818460e-02 -1.641860e-02  6.518947e-03
     vertex  1.697983e-02 -1.766169e-02  6.878967e-03
   endloop
 endfacet
 facet normal  6.232552e-01 -7.819633e-01 -9.291605e-03
   outer loop
     vertex  1.447633e-02 -1.976577e-02  5.000000e-03
     vertex  1.603908e-02 -1.852020e-02  5.000000e-03
     vertex  1.550810e-02 -1.896705e-02  6.988781e-03
   endloop
 endfacet
 facet normal  6.639118e-01 -7.477537e-01  9.249585e-03
   outer loop
     vertex  1.603908e-02 -1.852020e-02  5.000000e-03
     vertex  1.697983e-02 -1.766169e-02  6.878967e-03
     vertex  1.550810e-02 -1.896705e-02  6.988781e-03
   endloop
 endfacet
 facet normal  5.574526e-01 -8.301578e-01 -9.202087e-03
   outer loop
     vertex  1.281727e-02 -2.087984e-02  5.000000e-03
     vertex  1.447633e-02 -1.976577e-02  5.000000e-03
     vertex  1.386508e-02 -2.019925e-02  7.076357e-03
   endloop
 endfacet
 facet normal  6.002841e-01 -7.997273e-01  9.759895e-03
   outer loop
     vertex  1.447633e-02 -1.976577e-02  5.000000e-03
     vertex  1.550810e-02 -1.896705e-02  6.988781e-03
     vertex  1.386508e-02 -2.019925e-02  7.076357e-03
   endloop
 endfacet
 facet normal  4.879432e-01 -8.728331e-01 -8.593500e-03
   outer loop
     vertex  1.107294e-02 -2.185498e-02  5.000000e-03
     vertex  1.281727e-02 -2.087984e-02  5.000000e-03
     vertex  1.195684e-02 -2.138420e-02  7.371938e-03
   endloop
 endfacet
 facet normal  5.287666e-01 -8.486914e-01  1.134884e-02
   outer loop
     vertex  1.281727e-02 -2.087984e-02  5.000000e-03
     vertex  1.386508e-02 -2.019925e-02  7.076357e-03
     vertex  1.195684e-02 -2.138420e-02  7.371938e-03
   endloop
 endfacet
 facet normal  4.151822e-01 -9.096919e-01 -9.187937e-03
   outer loop
     vertex  9.254926e-03 -2.268472e-02  5.000000e-03
     vertex  1.107294e-02 -2.185498e-02  5.000000e-03
     vertex  9.948121e-03 -2.238939e-02  7.084101e-03
   endloop
 endfacet
 facet normal  4.461813e-01 -8.948707e-01  1.134313e-02
   outer loop
     vertex  1.107294e-02 -2.185498e-02  5.000000e-03
     vertex  1.195684e-02 -2.138420e-02  7.371938e-03
     vertex  9.948121e-03 -2.238939e-02  7.084101e-03
   endloop
 endfacet
 facet normal  3.396617e-01 -9.405033e-01 -9.135984e-03
   outer loop
     vertex  7.375342e-03 -2.336353e-02  5.000000e-03
     vertex  9.254926e-03 -2.268472e-02  5.000000e-03
     vertex  8.033152e-03 -2.314559e-02  7.021275e-03
   endloop
 endfacet
 facet normal  3.669952e-01 -9.301718e-01  9.741663e-03
   outer loop
     vertex  9.254926e-03 -2.268472e-02  5.000000e-03
     vertex  9.948121e-03 -2.238939e-02  7.084101e-03
     vertex  8.033152e-03 -2.314559e-02  7.021275e-03
   endloop
 endfacet
 facet normal  2.618811e-01 -9.650573e-01 -9.091069e-03
   outer loop
     vertex  5.446688e-03 -2.388689e-02  5.000000e-03
     vertex  7.375342e-03 -2.336353e-02  5.000000e-03
     vertex  6.102414e-03 -2.372784e-02  7.005428e-03
   endloop
 endfacet
 facet normal  2.886432e-01 -9.573917e-01  9.288511e-03
   outer loop
     vertex  7.375342e-03 -2.336353e-02  5.000000e-03
     vertex  8.033152e-03 -2.314559e-02  7.021275e-03
     vertex  6.102414e-03 -2.372784e-02  7.005428e-03
   endloop
 endfacet
 facet normal  1.823582e-01 -9.831903e-01 -9.070351e-03
   outer loop
     vertex  3.481795e-03 -2.425133e-02  5.000000e-03
     vertex  5.446688e-03 -2.388689e-02  5.000000e-03
     vertex  4.142500e-03 -2.414725e-02  7.001330e-03
   endloop
 endfacet
 facet normal  2.092280e-01 -9.778242e-01  9.137754e-03
   outer loop
     vertex  5.446688e-03 -2.388689e-02  5.000000e-03
     vertex  6.102414e-03 -2.372784e-02  7.005428e-03
     vertex  4.142500e-03 -2.414725e-02  7.001330e-03
   endloop
 endfacet
 facet normal  1.016219e-01 -9.947818e-01 -9.064580e-03
   outer loop
     vertex  1.493737e-03 -2.445442e-02  5.000000e-03
     vertex  3.481795e-03 -2.425133e-02  5.000000e-03
     vertex  2.159174e-03 -2.440467e-02  7.000279e-03
   endloop
 endfacet
 facet normal  1.287028e-01 -9.916416e-01  9.082571e-03
   outer loop
     vertex  3.481795e-03 -2.425133e-02  5.000000e-03
     vertex  4.142500e-03 -2.414725e-02  7.001330e-03
     vertex  2.159174e-03 -2.440467e-02  7.000279e-03
   endloop
 endfacet
 facet normal  2.020942e-02 -9.997547e-01 -9.064197e-03
   outer loop
     vertex -5.042590e-04 -2.449481e-02  5.000000e-03
     vertex  1.493737e-03 -2.445442e-02  5.000000e-03
     vertex  1.628010e-04 -2.449946e-02  7.000037e-03
   endloop
 endfacet
 facet normal  4.742368e-02 -9.988337e-01  9.066431e-03
   outer loop
     vertex  1.493737e-03 -2.445442e-02  5.000000e-03
     vertex  2.159174e-03 -2.440467e-02  7.000279e-03
     vertex  1.628010e-04 -2.449946e-02  7.000037e-03
   endloop
 endfacet
 facet normal -6.133748e-02 -9.980759e-01 -9.064831e-03
   outer loop
     vertex -2.498900e-03 -2.437223e-02  5.000000e-03
     vertex -5.042590e-04 -2.449481e-02  5.000000e-03
     vertex -1.834364e-03 -2.443123e-02  7.000008e-03
   endloop
 endfacet
 facet normal -3.414066e-02 -9.993759e-01  9.063733e-03
   outer loop
     vertex -5.042590e-04 -2.449481e-02  5.000000e-03
     vertex  1.628010e-04 -2.449946e-02  7.000037e-03
     vertex -1.834364e-03 -2.443123e-02  7.000008e-03
   endloop
 endfacet
 facet normal -1.424763e-01 -9.897567e-01 -9.060726e-03
   outer loop
     vertex -4.476915e-03 -2.408749e-02  5.000000e-03
     vertex -2.498900e-03 -2.437223e-02  5.000000e-03
     vertex -3.819900e-03 -2.420038e-02  7.000153e-03
   endloop
 endfacet
 facet normal -1.154839e-01 -9.932680e-01  9.068066e-03
   outer loop
     vertex -2.498900e-03 -2.437223e-02  5.000000e-03
     vertex -1.834364e-03 -2.443123e-02  7.000008e-03
     vertex -3.819900e-03 -2.420038e-02  7.000153e-03
   endloop
 endfacet
 facet normal -2.226672e-01 -9.748525e-01 -9.057378e-03
   outer loop
     vertex -6.425145e-03 -2.364249e-02  5.000000e-03
     vertex -4.476915e-03 -2.408749e-02  5.000000e-03
     vertex -5.779931e-03 -2.380845e-02  7.000251e-03
   endloop
 endfacet
 facet normal -1.960697e-01 -9.805481e-01  9.063489e-03
   outer loop
     vertex -4.476915e-03 -2.408749e-02  5.000000e-03
     vertex -3.819900e-03 -2.420038e-02  7.000153e-03
     vertex -5.779931e-03 -2.380845e-02  7.000251e-03
   endloop
 endfacet
 facet normal -3.013766e-01 -9.534622e-01 -9.056256e-03
   outer loop
     vertex -8.330626e-03 -2.304020e-02  5.000000e-03
     vertex -6.425145e-03 -2.364249e-02  5.000000e-03
     vertex -7.701258e-03 -2.325813e-02  7.000223e-03
   endloop
 endfacet
 facet normal -2.753443e-01 -9.613030e-01  9.058665e-03
   outer loop
     vertex -6.425145e-03 -2.364249e-02  5.000000e-03
     vertex -5.779931e-03 -2.380845e-02  7.000251e-03
     vertex -7.701258e-03 -2.325813e-02  7.000223e-03
   endloop
 endfacet
 facet normal -3.780809e-01 -9.257283e-01 -9.053506e-03
   outer loop
     vertex -1.018068e-02 -2.228461e-02  5.000000e-03
     vertex -8.330626e-03 -2.304020e-02  5.000000e-03
     vertex -9.571454e-03 -2.255299e-02  7.000364e-03
   endloop
 endfacet
 facet normal -3.527829e-01 -9.356614e-01  9.058149e-03
   outer loop
     vertex -8.330626e-03 -2.304020e-02  5.000000e-03
     vertex -7.701258e-03 -2.325813e-02  7.000223e-03
     vertex -9.571454e-03 -2.255299e-02  7.000364e-03
   endloop
 endfacet
 facet normal -4.522697e-01 -8.918353e-01 -9.051733e-03
   outer loop
     vertex -1.196300e-02 -2.138075e-02  5.000000e-03
     vertex -1.018068e-02 -2.228461e-02  5.000000e-03
     vertex -1.137788e-02 -2.169778e-02  7.000407e-03
   endloop
 endfacet
 facet normal -4.278758e-01 -9.037922e-01  9.055015e-03
   outer loop
     vertex -1.018068e-02 -2.228461e-02  5.000000e-03
     vertex -9.571454e-03 -2.255299e-02  7.000364e-03
     vertex -1.137788e-02 -2.169778e-02  7.000407e-03
   endloop
 endfacet
 facet normal -5.234494e-01 -8.520087e-01 -9.051827e-03
   outer loop
     vertex -1.366573e-02 -2.033465e-02  5.000000e-03
     vertex -1.196300e-02 -2.138075e-02  5.000000e-03
     vertex -1.310841e-02 -2.069830e-02  7.000361e-03
   endloop
 endfacet
 facet normal -5.001159e-01 -8.659112e-01  9.051916e-03
   outer loop
     vertex -1.196300e-02 -2.138075e-02  5.000000e-03
     vertex -1.137788e-02 -2.169778e-02  7.000407e-03
     vertex -1.310841e-02 -2.069830e-02  7.000361e-03
   endloop
 endfacet
 facet normal -5.911465e-01 -8.065134e-01 -9.055687e-03
   outer loop
     vertex -1.527754e-02 -1.915325e-02  5.000000e-03
     vertex -1.366573e-02 -2.033465e-02  5.000000e-03
     vertex -1.475144e-02 -1.956131e-02  7.000001e-03
   endloop
 endfacet
 facet normal -5.690196e-01 -8.222741e-01  9.050147e-03
   outer loop
     vertex -1.366573e-02 -2.033465e-02  5.000000e-03
     vertex -1.310841e-02 -2.069830e-02  7.000361e-03
     vertex -1.475144e-02 -1.956131e-02  7.000001e-03
   endloop
 endfacet
 facet normal -6.549105e-01 -7.556522e-01 -9.056348e-03
   outer loop
     vertex -1.678770e-02 -1.784442e-02  5.000000e-03
     vertex -1.527754e-02 -1.915325e-02  5.000000e-03
     vertex -1.629674e-02 -1.829389e-02  6.999593e-03
   endloop
 endfacet
 facet normal -6.341395e-01 -7.731656e-01  9.057484e-03
   outer loop
     vertex -1.527754e-02 -1.915325e-02  5.000000e-03
     vertex -1.475144e-02 -1.956131e-02  7.000001e-03
     vertex -1.629674e-02 -1.829389e-02  6.999593e-03
   endloop
 endfacet
 facet normal -7.143172e-01 -6.997634e-01 -9.059679e-03
   outer loop
     vertex -1.818616e-02 -1.641687e-02  5.000000e-03
     vertex -1.678770e-02 -1.784442e-02  5.000000e-03
     vertex -1.773386e-02 -1.690444e-02  6.998014e-03
   endloop
 endfacet
 facet normal -6.950573e-01 -7.188973e-01  9.062538e-03
   outer loop
     vertex -1.678770e-02 -1.784442e-02  5.000000e-03
     vertex -1.629674e-02 -1.829389e-02  6.999593e-03
     vertex -1.773386e-02 -1.690444e-02  6.998014e-03
   endloop
 endfacet
 facet normal -7.689713e-01 -6.392188e-01 -9.087484e-03
   outer loop
     vertex -1.946363e-02 -1.488009e-02  5.000000e-03
     vertex -1.818616e-02 -1.641687e-02  5.000000e-03
     vertex -1.905258e-02 -1.540289e-02  6.991868e-03
   endloop
 endfacet
 facet normal -7.513564e-01 -6.598343e-01  9.069106e-03
   outer loop
     vertex -1.818616e-02 -1.641687e-02  5.000000e-03
     vertex -1.773386e-02 -1.690444e-02  6.998014e-03
     vertex -1.905258e-02 -1.540289e-02  6.991868e-03
   endloop
 endfacet
 facet normal -8.185081e-01 -5.744206e-01 -9.246829e-03
   outer loop
     vertex -2.061161e-02 -1.324431e-02  5.000000e-03
     vertex -1.946363e-02 -1.488009e-02  5.000000e-03
     vertex -2.024069e-02 -1.380450e-02  6.967499e-03
   endloop
 endfacet
 facet normal -8.026000e-01 -5.964484e-01  9.078134e-03
   outer loop
     vertex -1.946363e-02 -1.488009e-02  5.000000e-03
     vertex -1.905258e-02 -1.540289e-02  6.991868e-03
     vertex -2.024069e-02 -1.380450e-02  6.967499e-03
   endloop
 endfacet
 facet normal -8.625935e-01 -5.057976e-01 -1.005667e-02
   outer loop
     vertex -2.162245e-02 -1.152041e-02  5.000000e-03
     vertex -2.061161e-02 -1.324431e-02  5.000000e-03
     vertex -2.127320e-02 -1.215322e-02  6.871501e-03
   endloop
 endfacet
 facet normal -8.480939e-01 -5.297687e-01  9.044197e-03
   outer loop
     vertex -2.061161e-02 -1.324431e-02  5.000000e-03
     vertex -2.024069e-02 -1.380450e-02  6.967499e-03
     vertex -2.127320e-02 -1.215322e-02  6.871501e-03
   endloop
 endfacet
 facet normal -9.009099e-01 -4.337964e-01 -1.349223e-02
   outer loop
     vertex -2.248943e-02 -9.719863e-03  5.000000e-03
     vertex -2.162245e-02 -1.152041e-02  5.000000e-03
     vertex -2.207368e-02 -1.063027e-02  6.510661e-03
   endloop
 endfacet
 facet normal -8.859774e-01 -4.636494e-01  8.558701e-03
   outer loop
     vertex -2.162245e-02 -1.152041e-02  5.000000e-03
     vertex -2.127320e-02 -1.215322e-02  6.871501e-03
     vertex -2.207368e-02 -1.063027e-02  6.510661e-03
   endloop
 endfacet
 facet normal -9.333052e-01 -3.589441e-01 -1.002576e-02
   outer loop
     vertex -2.320678e-02 -7.854648e-03  5.000000e-03
     vertex -2.248943e-02 -9.719863e-03  5.000000e-03
     vertex -2.276477e-02 -9.056221e-03  6.872396e-03
   endloop
 endfacet
 facet normal -9.148782e-01 -4.036400e-01  8.525794e-03
   outer loop
     vertex -2.248943e-02 -9.719863e-03  5.000000e-03
     vertex -2.207368e-02 -1.063027e-02  6.510661e-03
     vertex -2.276477e-02 -9.056221e-03  6.872396e-03
   endloop
 endfacet
 facet normal -9.594618e-01 -2.816882e-01 -9.213670e-03
   outer loop
     vertex -2.376973e-02 -5.937174e-03  5.000000e-03
     vertex -2.320678e-02 -7.854648e-03  5.000000e-03
     vertex -2.341205e-02 -7.219839e-03  6.967727e-03
   endloop
 endfacet
 facet normal -9.429440e-01 -3.328295e-01  9.008139e-03
   outer loop
     vertex -2.320678e-02 -7.854648e-03  5.000000e-03
     vertex -2.276477e-02 -9.056221e-03  6.872396e-03
     vertex -2.341205e-02 -7.219839e-03  6.967727e-03
   endloop
 endfacet
 facet normal -9.792289e-01 -2.025556e-01 -9.051564e-03
   outer loop
     vertex -2.417453e-02 -3.980198e-03  5.000000e-03
     vertex -2.376973e-02 -5.937174e-03  5.000000e-03
     vertex -2.392113e-02 -5.294310e-03  6.992799e-03
   endloop
 endfacet
 facet normal -9.667134e-01 -2.557016e-01  9.043841e-03
   outer loop
     vertex -2.376973e-02 -5.937174e-03  5.000000e-03
     vertex -2.341205e-02 -7.219839e-03  6.967727e-03
     vertex -2.392113e-02 -5.294310e-03  6.992799e-03
   endloop
 endfacet
 facet normal -9.924798e-01 -1.220750e-01 -9.034372e-03
   outer loop
     vertex -2.441850e-02 -1.996742e-03  5.000000e-03
     vertex -2.417453e-02 -3.980198e-03  5.000000e-03
     vertex -2.427321e-02 -3.325847e-03  6.998577e-03
   endloop
 endfacet
 facet normal -9.843330e-01 -1.760868e-01  9.051800e-03
   outer loop
     vertex -2.417453e-02 -3.980198e-03  5.000000e-03
     vertex -2.392113e-02 -5.294310e-03  6.992799e-03
     vertex -2.427321e-02 -3.325847e-03  6.998577e-03
   endloop
 endfacet
 facet normal -9.991273e-01 -4.078210e-02 -9.028026e-03
   outer loop
     vertex -2.450000e-02 -9.237403e-17  5.000000e-03
     vertex -2.441850e-02 -1.996742e-03  5.000000e-03
     vertex -2.446353e-02 -1.336241e-03  7.000416e-03
   endloop
 endfacet
 facet normal -9.954145e-01 -9.522830e-02  9.032696e-03
   outer loop
     vertex -2.441850e-02 -1.996742e-03  5.000000e-03
     vertex -2.427321e-02 -3.325847e-03  6.998577e-03
     vertex -2.446353e-02 -1.336241e-03  7.000416e-03
   endloop
 endfacet
 facet normal -9.991272e-01  4.078210e-02 -9.036300e-03
   outer loop
     vertex -2.441850e-02  1.996742e-03  5.000000e-03
     vertex -2.450000e-02 -9.237403e-17  5.000000e-03
     vertex -2.449102e-02  6.631971e-04  7.000446e-03
   endloop
 endfacet
 facet normal -9.998646e-01 -1.374662e-02  9.044621e-03
   outer loop
     vertex -2.450000e-02 -9.237403e-17  5.000000e-03
     vertex -2.446353e-02 -1.336241e-03  7.000416e-03
     vertex -2.449102e-02  6.631971e-04  7.000446e-03
   endloop
 endfacet
 facet normal -9.924798e-01  1.220750e-01 -9.030436e-03
   outer loop
     vertex -2.417453e-02  3.980198e-03  5.000000e-03
     vertex -2.441850e-02  1.996742e-03  5.000000e-03
     vertex -2.435557e-02  2.656377e-03  7.000790e-03
   endloop
 endfacet
 facet normal -9.976582e-01  6.779846e-02  9.026709e-03
   outer loop
     vertex -2.441850e-02  1.996742e-03  5.000000e-03
     vertex -2.449102e-02  6.631971e-04  7.000446e-03
     vertex -2.435557e-02  2.656377e-03  7.000790e-03
   endloop
 endfacet
 facet normal -9.792291e-01  2.025556e-01 -9.037749e-03
   outer loop
     vertex -2.376973e-02  5.937174e-03  5.000000e-03
     vertex -2.417453e-02  3.980198e-03  5.000000e-03
     vertex -2.405788e-02  4.633384e-03  7.000522e-03
   endloop
 endfacet
 facet normal -9.888125e-01  1.488897e-01  9.043364e-03
   outer loop
     vertex -2.417453e-02  3.980198e-03  5.000000e-03
     vertex -2.435557e-02  2.656377e-03  7.000790e-03
     vertex -2.405788e-02  4.633384e-03  7.000522e-03
   endloop
 endfacet
 facet normal -9.594634e-01  2.816886e-01 -9.030791e-03
   outer loop
     vertex -2.320678e-02  7.854648e-03  5.000000e-03
     vertex -2.376973e-02  5.937174e-03  5.000000e-03
     vertex -2.360046e-02  6.577876e-03  7.000795e-03
   endloop
 endfacet
 facet normal -9.733890e-01  2.289810e-01  9.025563e-03
   outer loop
     vertex -2.376973e-02  5.937174e-03  5.000000e-03
     vertex -2.405788e-02  4.633384e-03  7.000522e-03
     vertex -2.360046e-02  6.577876e-03  7.000795e-03
   endloop
 endfacet
 facet normal -9.333140e-01  3.589475e-01 -9.037894e-03
   outer loop
     vertex -2.248943e-02  9.719863e-03  5.000000e-03
     vertex -2.320678e-02  7.854648e-03  5.000000e-03
     vertex -2.298556e-02  8.480225e-03  7.000521e-03
   endloop
 endfacet
 facet normal -9.514880e-01  3.075529e-01  9.043269e-03
   outer loop
     vertex -2.320678e-02  7.854648e-03  5.000000e-03
     vertex -2.360046e-02  6.577876e-03  7.000795e-03
     vertex -2.298556e-02  8.480225e-03  7.000521e-03
   endloop
 endfacet
 facet normal -9.009552e-01  4.338182e-01 -9.030807e-03
   outer loop
     vertex -2.162245e-02  1.152041e-02  5.000000e-03
     vertex -2.248943e-02  9.719863e-03  5.000000e-03
     vertex -2.221832e-02  1.032456e-02  7.000795e-03
   endloop
 endfacet
 facet normal -9.232584e-01  3.840735e-01  9.025452e-03
   outer loop
     vertex -2.248943e-02  9.719863e-03  5.000000e-03
     vertex -2.298556e-02  8.480225e-03  7.000521e-03
     vertex -2.221832e-02  1.032456e-02  7.000795e-03
   endloop
 endfacet
 facet normal -8.626019e-01  5.058025e-01 -9.037929e-03
   outer loop
     vertex -2.061161e-02  1.324431e-02  5.000000e-03
     vertex -2.162245e-02  1.152041e-02  5.000000e-03
     vertex -2.130253e-02  1.210174e-02  7.000521e-03
   endloop
 endfacet
 facet normal -8.888839e-01  4.580433e-01  9.043324e-03
   outer loop
     vertex -2.162245e-02  1.152041e-02  5.000000e-03
     vertex -2.221832e-02  1.032456e-02  7.000795e-03
     vertex -2.130253e-02  1.210174e-02  7.000521e-03
   endloop
 endfacet
 facet normal -8.185097e-01  5.744217e-01 -9.030907e-03
   outer loop
     vertex -1.946363e-02  1.488009e-02  5.000000e-03
     vertex -2.061161e-02  1.324431e-02  5.000000e-03
     vertex -2.024585e-02  1.379693e-02  7.000794e-03
   endloop
 endfacet
 facet normal -8.485978e-01  5.289615e-01  9.025613e-03
   outer loop
     vertex -2.061161e-02  1.324431e-02  5.000000e-03
     vertex -2.130253e-02  1.210174e-02  7.000521e-03
     vertex -2.024585e-02  1.379693e-02  7.000794e-03
   endloop
 endfacet
 facet normal -7.689716e-01  6.392191e-01 -9.038598e-03
   outer loop
     vertex -1.818616e-02  1.641687e-02  5.000000e-03
     vertex -1.946363e-02  1.488009e-02  5.000000e-03
     vertex -1.905347e-02  1.540180e-02  7.000520e-03
   endloop
 endfacet
 facet normal -8.026618e-01  5.963658e-01  9.044556e-03
   outer loop
     vertex -1.946363e-02  1.488009e-02  5.000000e-03
     vertex -2.024585e-02  1.379693e-02  7.000794e-03
     vertex -1.905347e-02  1.540180e-02  7.000520e-03
   endloop
 endfacet
 facet normal -7.143174e-01  6.997636e-01 -9.032895e-03
   outer loop
     vertex -1.678770e-02  1.784442e-02  5.000000e-03
     vertex -1.818616e-02  1.641687e-02  5.000000e-03
     vertex -1.773529e-02  1.690294e-02  7.000796e-03
   endloop
 endfacet
 facet normal -7.513859e-01  6.598013e-01  9.028914e-03
   outer loop
     vertex -1.818616e-02  1.641687e-02  5.000000e-03
     vertex -1.905347e-02  1.540180e-02  7.000520e-03
     vertex -1.773529e-02  1.690294e-02  7.000796e-03
   endloop
 endfacet
 facet normal -6.549106e-01  7.556522e-01 -9.044995e-03
   outer loop
     vertex -1.527754e-02  1.915325e-02  5.000000e-03
     vertex -1.678770e-02  1.784442e-02  5.000000e-03
     vertex -1.629743e-02  1.829327e-02  7.000699e-03
   endloop
 endfacet
 facet normal -6.950959e-01  7.188600e-01  9.056396e-03
   outer loop
     vertex -1.678770e-02  1.784442e-02  5.000000e-03
     vertex -1.773529e-02  1.690294e-02  7.000796e-03
     vertex -1.629743e-02  1.829327e-02  7.000699e-03
   endloop
 endfacet
 facet normal -5.911465e-01  8.065134e-01 -9.049045e-03
   outer loop
     vertex -1.366573e-02  2.033465e-02  5.000000e-03
     vertex -1.527754e-02  1.915325e-02  5.000000e-03
     vertex -1.475135e-02  1.956139e-02  7.001651e-03
   endloop
 endfacet
 facet normal -6.341542e-01  7.731536e-01  9.058798e-03
   outer loop
     vertex -1.527754e-02  1.915325e-02  5.000000e-03
     vertex -1.629743e-02  1.829327e-02  7.000699e-03
     vertex -1.475135e-02  1.956139e-02  7.001651e-03
   endloop
 endfacet
 facet normal -5.234493e-01  8.520085e-01 -9.079687e-03
   outer loop
     vertex -1.196300e-02  2.138075e-02  5.000000e-03
     vertex -1.366573e-02  2.033465e-02  5.000000e-03
     vertex -1.310202e-02  2.070234e-02  7.005433e-03
   endloop
 endfacet
 facet normal -5.689033e-01  8.223537e-01  9.134096e-03
   outer loop
     vertex -1.366573e-02  2.033465e-02  5.000000e-03
     vertex -1.475135e-02  1.956139e-02  7.001651e-03
     vertex -1.310202e-02  2.070234e-02  7.005433e-03
   endloop
 endfacet
 facet normal -4.522694e-01  8.918347e-01 -9.122981e-03
   outer loop
     vertex -1.018068e-02  2.228461e-02  5.000000e-03
     vertex -1.196300e-02  2.138075e-02  5.000000e-03
     vertex -1.135578e-02  2.170936e-02  7.020669e-03
   endloop
 endfacet
 facet normal -4.996009e-01  8.662061e-01  9.268286e-03
   outer loop
     vertex -1.196300e-02  2.138075e-02  5.000000e-03
     vertex -1.310202e-02  2.070234e-02  7.005433e-03
     vertex -1.135578e-02  2.170936e-02  7.020669e-03
   endloop
 endfacet
 facet normal -3.780804e-01  9.257272e-01 -9.179245e-03
   outer loop
     vertex -8.330626e-03  2.304020e-02  5.000000e-03
     vertex -1.018068e-02  2.228461e-02  5.000000e-03
     vertex -9.491914e-03  2.258658e-02  7.084510e-03
   endloop
 endfacet
 facet normal -4.260925e-01  9.046272e-01  9.741630e-03
   outer loop
     vertex -1.018068e-02  2.228461e-02  5.000000e-03
     vertex -1.135578e-02  2.170936e-02  7.020669e-03
     vertex -9.491914e-03  2.258658e-02  7.084510e-03
   endloop
 endfacet
 facet normal -3.013778e-01  9.534662e-01 -8.583846e-03
   outer loop
     vertex -6.425145e-03  2.364249e-02  5.000000e-03
     vertex -8.330626e-03  2.304020e-02  5.000000e-03
     vertex -7.384359e-03  2.336068e-02  7.374616e-03
   endloop
 endfacet
 facet normal -3.461263e-01  9.381196e-01  1.131928e-02
   outer loop
     vertex -8.330626e-03  2.304020e-02  5.000000e-03
     vertex -9.491914e-03  2.258658e-02  7.084510e-03
     vertex -7.384359e-03  2.336068e-02  7.374616e-03
   endloop
 endfacet
 facet normal -2.226669e-01  9.748513e-01 -9.184854e-03
   outer loop
     vertex -4.476915e-03  2.408749e-02  5.000000e-03
     vertex -6.425145e-03  2.364249e-02  5.000000e-03
     vertex -5.214800e-03  2.393859e-02  7.084011e-03
   endloop
 endfacet
 facet normal -2.559632e-01  9.666202e-01  1.132228e-02
   outer loop
     vertex -6.425145e-03  2.364249e-02  5.000000e-03
     vertex -7.384359e-03  2.336068e-02  7.374616e-03
     vertex -5.214800e-03  2.393859e-02  7.084011e-03
   endloop
 endfacet
 facet normal -1.424762e-01  9.897561e-01 -9.135835e-03
   outer loop
     vertex -2.498900e-03  2.437223e-02  5.000000e-03
     vertex -4.476915e-03  2.408749e-02  5.000000e-03
     vertex -3.185414e-03  2.429204e-02  7.018850e-03
   endloop
 endfacet
 facet normal -1.712726e-01  9.851754e-01  9.749971e-03
   outer loop
     vertex -4.476915e-03  2.408749e-02  5.000000e-03
     vertex -5.214800e-03  2.393859e-02  7.084011e-03
     vertex -3.185414e-03  2.429204e-02  7.018850e-03
   endloop
 endfacet
 facet normal -6.133745e-02  9.980755e-01 -9.115075e-03
   outer loop
     vertex -5.042590e-04  2.449481e-02  5.000000e-03
     vertex -2.498900e-03  2.437223e-02  5.000000e-03
     vertex -1.176367e-03  2.447174e-02  6.996884e-03
   endloop
 endfacet
 facet normal -8.898670e-02  9.959894e-01  9.300946e-03
   outer loop
     vertex -2.498900e-03  2.437223e-02  5.000000e-03
     vertex -3.185414e-03  2.429204e-02  7.018850e-03
     vertex -1.176367e-03  2.447174e-02  6.996884e-03
   endloop
 endfacet
 facet normal  2.020938e-02  9.997530e-01 -9.243649e-03
   outer loop
     vertex  1.493737e-03  2.445442e-02  5.000000e-03
     vertex -5.042590e-04  2.449481e-02  5.000000e-03
     vertex  8.219619e-04  2.448621e-02  6.969140e-03
   endloop
 endfacet
 facet normal -7.111334e-03  9.999328e-01  9.157712e-03
   outer loop
     vertex -5.042590e-04  2.449481e-02  5.000000e-03
     vertex -1.176367e-03  2.447174e-02  6.996884e-03
     vertex  8.219619e-04  2.448621e-02  6.969140e-03
   endloop
 endfacet
 facet normal  1.016209e-01  9.947727e-01 -1.002034e-02
   outer loop
     vertex  3.481795e-03  2.425133e-02  5.000000e-03
     vertex  1.493737e-03  2.445442e-02  5.000000e-03
     vertex  2.768291e-03  2.434310e-02  6.874421e-03
   endloop
 endfacet
 facet normal  7.376453e-02  9.972345e-01  9.067431e-03
   outer loop
     vertex  1.493737e-03  2.445442e-02  5.000000e-03
     vertex  8.219619e-04  2.448621e-02  6.969140e-03
     vertex  2.768291e-03  2.434310e-02  6.874421e-03
   endloop
 endfacet
 facet normal  1.823492e-01  9.831422e-01 -1.342544e-02
   outer loop
     vertex  5.446688e-03  2.388689e-02  5.000000e-03
     vertex  3.481795e-03  2.425133e-02  5.000000e-03
     vertex  4.476305e-03  2.408760e-02  6.518071e-03
   endloop
 endfacet
 facet normal  1.496846e-01  9.886966e-01  8.572698e-03
   outer loop
     vertex  3.481795e-03  2.425133e-02  5.000000e-03
     vertex  2.768291e-03  2.434310e-02  6.874421e-03
     vertex  4.476305e-03  2.408760e-02  6.518071e-03
   endloop
 endfacet
 facet normal  2.618787e-01  9.650482e-01 -1.007640e-02
   outer loop
     vertex  7.375342e-03  2.336353e-02  5.000000e-03
     vertex  5.446688e-03  2.388689e-02  5.000000e-03
     vertex  6.171264e-03  2.371003e-02  6.892602e-03
   endloop
 endfacet
 facet normal  2.155918e-01  9.764447e-01  8.709387e-03
   outer loop
     vertex  5.446688e-03  2.388689e-02  5.000000e-03
     vertex  4.476305e-03  2.408760e-02  6.518071e-03
     vertex  6.171264e-03  2.371003e-02  6.892602e-03
   endloop
 endfacet
 facet normal  3.396610e-01  9.405015e-01 -9.340860e-03
   outer loop
     vertex  9.254926e-03  2.268472e-02  5.000000e-03
     vertex  7.375342e-03  2.336353e-02  5.000000e-03
     vertex  8.091702e-03  2.312519e-02  7.051571e-03
   endloop
 endfacet
 facet normal  2.905776e-01  9.568023e-01  9.691611e-03
   outer loop
     vertex  7.375342e-03  2.336353e-02  5.000000e-03
     vertex  6.171264e-03  2.371003e-02  6.892602e-03
     vertex  8.091702e-03  2.312519e-02  7.051571e-03
   endloop
 endfacet
 facet normal  4.151844e-01  9.096965e-01 -8.616404e-03
   outer loop
     vertex  1.107294e-02  2.185498e-02  5.000000e-03
     vertex  9.254926e-03  2.268472e-02  5.000000e-03
     vertex  1.016896e-02  2.228996e-02  7.365609e-03
   endloop
 endfacet
 facet normal  3.715543e-01  9.283418e-01  1.135304e-02
   outer loop
     vertex  9.254926e-03  2.268472e-02  5.000000e-03
     vertex  8.091702e-03  2.312519e-02  7.051571e-03
     vertex  1.016896e-02  2.228996e-02  7.365609e-03
   endloop
 endfacet
 facet normal  4.879406e-01  8.728283e-01 -9.201151e-03
   outer loop
     vertex  1.281727e-02  2.087984e-02  5.000000e-03
     vertex  1.107294e-02  2.185498e-02  5.000000e-03
     vertex  1.216804e-02  2.126473e-02  7.082493e-03
   endloop
 endfacet
 facet normal  4.575824e-01  8.890945e-01  1.137340e-02
   outer loop
     vertex  1.107294e-02  2.185498e-02  5.000000e-03
     vertex  1.016896e-02  2.228996e-02  7.365609e-03
     vertex  1.216804e-02  2.126473e-02  7.082493e-03
   endloop
 endfacet
 facet normal  5.574529e-01  8.301582e-01 -9.146033e-03
   outer loop
     vertex  1.447633e-02  1.976577e-02  5.000000e-03
     vertex  1.281727e-02  2.087984e-02  5.000000e-03
     vertex  1.391080e-02  2.016779e-02  7.020272e-03
   endloop
 endfacet
 facet normal  5.329159e-01  8.461119e-01  9.758188e-03
   outer loop
     vertex  1.281727e-02  2.087984e-02  5.000000e-03
     vertex  1.216804e-02  2.126473e-02  7.082493e-03
     vertex  1.391080e-02  2.016779e-02  7.020272e-03
   endloop
 endfacet
 facet normal  6.232563e-01  7.819646e-01 -9.105473e-03
   outer loop
     vertex  1.603908e-02  1.852020e-02  5.000000e-03
     vertex  1.447633e-02  1.976577e-02  5.000000e-03
     vertex  1.552183e-02  1.895581e-02  7.004435e-03
   endloop
 endfacet
 facet normal  6.012074e-01  7.990390e-01  9.294570e-03
   outer loop
     vertex  1.447633e-02  1.976577e-02  5.000000e-03
     vertex  1.391080e-02  2.016779e-02  7.020272e-03
     vertex  1.552183e-02  1.895581e-02  7.004435e-03
   endloop
 endfacet
 facet normal  6.849129e-01  7.285683e-01 -9.089468e-03
   outer loop
     vertex  1.749511e-02  1.715141e-02  5.000000e-03
     vertex  1.603908e-02  1.852020e-02  5.000000e-03
     vertex  1.701874e-02  1.762421e-02  7.000549e-03
   endloop
 endfacet
 facet normal  6.646345e-01  7.471127e-01  9.146345e-03
   outer loop
     vertex  1.603908e-02  1.852020e-02  5.000000e-03
     vertex  1.552183e-02  1.895581e-02  7.004435e-03
     vertex  1.701874e-02  1.762421e-02  7.000549e-03
   endloop
 endfacet
 facet normal  7.420125e-01  6.703244e-01 -9.086426e-03
   outer loop
     vertex  1.883475e-02  1.566851e-02  5.000000e-03
     vertex  1.749511e-02  1.715141e-02  5.000000e-03
     vertex  1.839909e-02  1.617787e-02  6.999874e-03
   endloop
 endfacet
 facet normal  7.233874e-01  6.903825e-01  9.096732e-03
   outer loop
     vertex  1.749511e-02  1.715141e-02  5.000000e-03
     vertex  1.701874e-02  1.762421e-02  7.000549e-03
     vertex  1.839909e-02  1.617787e-02  6.999874e-03
   endloop
 endfacet
 facet normal  7.941752e-01  6.076207e-01 -9.102481e-03
   outer loop
     vertex  2.004907e-02  1.408136e-02  5.000000e-03
     vertex  1.883475e-02  1.566851e-02  5.000000e-03
     vertex  1.965518e-02  1.462614e-02  6.999287e-03
   endloop
 endfacet
 facet normal  7.772328e-01  6.291477e-01  9.073655e-03
   outer loop
     vertex  1.883475e-02  1.566851e-02  5.000000e-03
     vertex  1.839909e-02  1.617787e-02  6.999874e-03
     vertex  1.965518e-02  1.462614e-02  6.999287e-03
   endloop
 endfacet
 facet normal  8.410538e-01  5.408740e-01 -9.156941e-03
   outer loop
     vertex  2.113000e-02  1.240053e-02  5.000000e-03
     vertex  2.004907e-02  1.408136e-02  5.000000e-03
     vertex  2.077822e-02  1.298135e-02  6.997190e-03
   endloop
 endfacet
 facet normal  8.258255e-01  5.638530e-01  9.059138e-03
   outer loop
     vertex  2.004907e-02  1.408136e-02  5.000000e-03
     vertex  1.965518e-02  1.462614e-02  6.999287e-03
     vertex  2.077822e-02  1.298135e-02  6.997190e-03
   endloop
 endfacet
 facet normal  8.823357e-01  4.705285e-01 -9.305287e-03
   outer loop
     vertex  2.207035e-02  1.063719e-02  5.000000e-03
     vertex  2.113000e-02  1.240053e-02  5.000000e-03
     vertex  2.175865e-02  1.126104e-02  6.990387e-03
   endloop
 endfacet
 facet normal  8.687891e-01  4.950998e-01  9.040288e-03
   outer loop
     vertex  2.113000e-02  1.240053e-02  5.000000e-03
     vertex  2.077822e-02  1.298135e-02  6.997190e-03
     vertex  2.175865e-02  1.126104e-02  6.990387e-03
   endloop
 endfacet
 facet normal  9.177451e-01  3.970517e-01 -9.690073e-03
   outer loop
     vertex  2.286386e-02  8.803074e-03  5.000000e-03
     vertex  2.207035e-02  1.063719e-02  5.000000e-03
     vertex  2.258559e-02  9.494257e-03  6.967254e-03
   endloop
 endfacet
 facet normal  9.057112e-01  4.237997e-01  9.001656e-03
   outer loop
     vertex  2.207035e-02  1.063719e-02  5.000000e-03
     vertex  2.175865e-02  1.126104e-02  6.990387e-03
     vertex  2.258559e-02  9.494257e-03  6.967254e-03
   endloop
 endfacet
 facet normal  9.470432e-01  3.209321e-01 -1.057146e-02
   outer loop
     vertex  2.350524e-02  6.910393e-03  5.000000e-03
     vertex  2.286386e-02  8.803074e-03  5.000000e-03
     vertex  2.324523e-02  7.740111e-03  6.895524e-03
   endloop
 endfacet
 facet normal  9.360903e-01  3.516482e-01  8.857056e-03
   outer loop
     vertex  2.286386e-02  8.803074e-03  5.000000e-03
     vertex  2.258559e-02  9.494257e-03  6.967254e-03
     vertex  2.324523e-02  7.740111e-03  6.895524e-03
   endloop
 endfacet
 facet normal  9.700384e-01  2.426782e-01 -1.152243e-02
   outer loop
     vertex  2.399024e-02  4.971736e-03  5.000000e-03
     vertex  2.350524e-02  6.910393e-03  5.000000e-03
     vertex  2.372468e-02  6.114697e-03  6.715317e-03
   endloop
 endfacet
 facet normal  9.749989e-01  2.221906e-01  2.897007e-03
   outer loop
     vertex  2.405349e-02  4.656117e-03  7.920102e-03
     vertex  2.399024e-02  4.971736e-03  5.000000e-03
     vertex  2.372468e-02  6.114697e-03  6.715317e-03
   endloop
 endfacet
 facet normal  9.593558e-01  2.820825e-01  8.122914e-03
   outer loop
     vertex  2.350524e-02  6.910393e-03  5.000000e-03
     vertex  2.324523e-02  7.740111e-03  6.895524e-03
     vertex  2.372468e-02  6.114697e-03  6.715317e-03
   endloop
 endfacet
 facet normal  9.878182e-01 -1.556125e-01  0.000000e+00
   outer loop
     vertex  2.431563e-02 -3.000000e-03  7.000000e-03
     vertex  2.431563e-02 -3.000000e-03  9.000000e-03
     vertex  2.406032e-02 -4.620738e-03  7.478933e-03
   endloop
 endfacet
 facet normal  9.872902e-01  1.588777e-01  3.993830e-03
   outer loop
     vertex  2.399024e-02  4.971736e-03  1.100000e-02
     vertex  2.431563e-02  3.000000e-03  9.000000e-03
     vertex  2.405349e-02  4.656117e-03  7.920102e-03
   endloop
 endfacet
 facet normal  9.612819e-01 -2.752874e-01 -1.240982e-02
   outer loop
     vertex  2.383011e-02 -5.689964e-03  9.092078e-03
     vertex  2.350524e-02 -6.910393e-03  1.100000e-02
     vertex  2.319677e-02 -7.884161e-03  8.706119e-03
   endloop
 endfacet
 facet normal  9.470588e-01 -3.209374e-01  8.881610e-03
   outer loop
     vertex  2.350524e-02 -6.910393e-03  1.100000e-02
     vertex  2.286386e-02 -8.803074e-03  1.100000e-02
     vertex  2.319677e-02 -7.884161e-03  8.706119e-03
   endloop
 endfacet
 facet normal  9.308363e-01 -3.652639e-01 -1.122964e-02
   outer loop
     vertex  2.286386e-02 -8.803074e-03  1.100000e-02
     vertex  2.240350e-02 -9.916301e-03  9.050637e-03
     vertex  2.319677e-02 -7.884161e-03  8.706119e-03
   endloop
 endfacet
 facet normal  8.822970e-01 -4.705078e-01  1.320750e-02
   outer loop
     vertex  2.207035e-02 -1.063719e-02  1.100000e-02
     vertex  2.113000e-02 -1.240053e-02  1.100000e-02
     vertex  2.162562e-02 -1.151444e-02  9.457151e-03
   endloop
 endfacet
 facet normal  7.941736e-01 -6.076194e-01  9.323247e-03
   outer loop
     vertex  2.004907e-02 -1.408136e-02  1.100000e-02
     vertex  1.883475e-02 -1.566851e-02  1.100000e-02
     vertex  1.960630e-02 -1.469159e-02  8.945656e-03
   endloop
 endfacet
 facet normal  6.849121e-01 -7.285674e-01  9.217263e-03
   outer loop
     vertex  1.749511e-02 -1.715141e-02  1.100000e-02
     vertex  1.603908e-02 -1.852020e-02  1.100000e-02
     vertex  1.659977e-02 -1.801937e-02  8.924370e-03
   endloop
 endfacet
 facet normal  5.574480e-01 -8.301509e-01  1.006644e-02
   outer loop
     vertex  1.447633e-02 -1.976577e-02  1.100000e-02
     vertex  1.281727e-02 -2.087984e-02  1.100000e-02
     vertex  1.343340e-02 -2.048887e-02  9.122652e-03
   endloop
 endfacet
 facet normal  4.151789e-01 -9.096845e-01  1.003171e-02
   outer loop
     vertex  1.107294e-02 -2.185498e-02  1.100000e-02
     vertex  9.254926e-03 -2.268472e-02  1.100000e-02
     vertex  1.042586e-02 -2.217096e-02  9.126878e-03
   endloop
 endfacet
 facet normal  2.618812e-01 -9.650575e-01  9.074891e-03
   outer loop
     vertex  7.375342e-03 -2.336353e-02  1.100000e-02
     vertex  5.446688e-03 -2.388689e-02  1.100000e-02
     vertex  6.740249e-03 -2.355460e-02  9.008129e-03
   endloop
 endfacet
 facet normal  1.016219e-01 -9.947819e-01  9.055803e-03
   outer loop
     vertex  3.481795e-03 -2.425133e-02  1.100000e-02
     vertex  1.493737e-03 -2.445442e-02  1.100000e-02
     vertex  2.821825e-03 -2.433695e-02  9.000476e-03
   endloop
 endfacet
 facet normal -6.133749e-02 -9.980761e-01  9.049936e-03
   outer loop
     vertex -5.042590e-04 -2.449481e-02  1.100000e-02
     vertex -2.498900e-03 -2.437223e-02  1.100000e-02
     vertex -1.168894e-03 -2.447210e-02  8.999899e-03
   endloop
 endfacet
 facet normal -2.226672e-01 -9.748524e-01  9.059085e-03
   outer loop
     vertex -4.476915e-03 -2.408749e-02  1.100000e-02
     vertex -6.425145e-03 -2.364249e-02  1.100000e-02
     vertex -5.130149e-03 -2.395687e-02  9.000201e-03
   endloop
 endfacet
 facet normal -3.780808e-01 -9.257282e-01  9.061961e-03
   outer loop
     vertex -8.330626e-03 -2.304020e-02  1.100000e-02
     vertex -1.018068e-02 -2.228461e-02  1.100000e-02
     vertex -8.954375e-03 -2.280503e-02  9.000168e-03
   endloop
 endfacet
 facet normal -5.234493e-01 -8.520086e-01  9.067984e-03
   outer loop
     vertex -1.196300e-02 -2.138075e-02  1.100000e-02
     vertex -1.366573e-02 -2.033465e-02  1.100000e-02
     vertex -1.254081e-02 -2.104704e-02  9.000535e-03
   endloop
 endfacet
 facet normal -6.549105e-01 -7.556521e-01  9.063138e-03
   outer loop
     vertex -1.527754e-02 -1.915325e-02  1.100000e-02
     vertex -1.678770e-02 -1.784442e-02  1.100000e-02
     vertex -1.579333e-02 -1.873021e-02  8.999720e-03
   endloop
 endfacet
 facet normal -7.689713e-01 -6.392188e-01  9.083699e-03
   outer loop
     vertex -1.818616e-02 -1.641687e-02  1.100000e-02
     vertex -1.946363e-02 -1.488009e-02  1.100000e-02
     vertex -1.863067e-02 -1.591063e-02  8.994476e-03
   endloop
 endfacet
 facet normal -8.626009e-01 -5.058019e-01  9.172053e-03
   outer loop
     vertex -2.061161e-02 -1.324431e-02  1.100000e-02
     vertex -2.162245e-02 -1.152041e-02  1.100000e-02
     vertex -2.100771e-02 -1.260658e-02  8.915319e-03
   endloop
 endfacet
 facet normal -9.333127e-01 -3.589470e-01  9.196639e-03
   outer loop
     vertex -2.248943e-02 -9.719863e-03  1.100000e-02
     vertex -2.320678e-02 -7.854648e-03  1.100000e-02
     vertex -2.295355e-02 -8.566475e-03  8.915646e-03
   endloop
 endfacet
 facet normal -9.792284e-01 -2.025555e-01  9.113917e-03
   outer loop
     vertex -2.376973e-02 -5.937174e-03  1.100000e-02
     vertex -2.417453e-02 -3.980198e-03  1.100000e-02
     vertex -2.405519e-02 -4.647356e-03  8.995245e-03
   endloop
 endfacet
 facet normal -9.991267e-01 -4.078208e-02  9.087574e-03
   outer loop
     vertex -2.441850e-02 -1.996742e-03  1.100000e-02
     vertex -2.450000e-02 -9.237403e-17  1.100000e-02
     vertex -2.449083e-02 -6.701848e-04  9.000397e-03
   endloop
 endfacet
 facet normal -9.924793e-01  1.220749e-01  9.083680e-03
   outer loop
     vertex -2.441850e-02  1.996742e-03  1.100000e-02
     vertex -2.417453e-02  3.980198e-03  1.100000e-02
     vertex -2.427426e-02  3.318210e-03  9.000709e-03
   endloop
 endfacet
 facet normal -9.594629e-01  2.816885e-01  9.083333e-03
   outer loop
     vertex -2.376973e-02  5.937174e-03  1.100000e-02
     vertex -2.320678e-02  7.854648e-03  1.100000e-02
     vertex -2.341270e-02  7.217711e-03  9.000721e-03
   endloop
 endfacet
 facet normal -9.009547e-01  4.338180e-01  9.083314e-03
   outer loop
     vertex -2.248943e-02  9.719863e-03  1.100000e-02
     vertex -2.162245e-02  1.152041e-02  1.100000e-02
     vertex -2.192911e-02  1.092539e-02  9.000721e-03
   endloop
 endfacet
 facet normal -8.185093e-01  5.744215e-01  9.083079e-03
   outer loop
     vertex -2.061161e-02  1.324431e-02  1.100000e-02
     vertex -1.946363e-02  1.488009e-02  1.100000e-02
     vertex -1.986287e-02  1.434282e-02  9.000716e-03
   endloop
 endfacet
 facet normal -7.143171e-01  6.997633e-01  9.080262e-03
   outer loop
     vertex -1.818616e-02  1.641687e-02  1.100000e-02
     vertex -1.678770e-02  1.784442e-02  1.100000e-02
     vertex -1.726862e-02  1.737943e-02  9.000699e-03
   endloop
 endfacet
 facet normal -5.911464e-01  8.065133e-01  9.072023e-03
   outer loop
     vertex -1.527754e-02  1.915325e-02  1.100000e-02
     vertex -1.366573e-02  2.033465e-02  1.100000e-02
     vertex -1.421405e-02  1.995522e-02  9.002113e-03
   endloop
 endfacet
 facet normal -4.522689e-01  8.918338e-01  9.238943e-03
   outer loop
     vertex -1.196300e-02  2.138075e-02  1.100000e-02
     vertex -1.018068e-02  2.228461e-02  1.100000e-02
     vertex -1.078705e-02  2.199749e-02  9.032203e-03
   endloop
 endfacet
 facet normal -3.013615e-01  9.534145e-01  1.349102e-02
   outer loop
     vertex -8.330626e-03  2.304020e-02  1.100000e-02
     vertex -6.425145e-03  2.364249e-02  1.100000e-02
     vertex -7.384123e-03  2.336075e-02  9.489200e-03
   endloop
 endfacet
 facet normal -1.424761e-01  9.897552e-01  9.235172e-03
   outer loop
     vertex -4.476915e-03  2.408749e-02  1.100000e-02
     vertex -2.498900e-03  2.437223e-02  1.100000e-02
     vertex -3.815010e-03  2.420115e-02  9.030403e-03
   endloop
 endfacet
 facet normal  2.020941e-02  9.997542e-01  9.121853e-03
   outer loop
     vertex -5.042590e-04  2.449481e-02  1.100000e-02
     vertex  1.493737e-03  2.445442e-02  1.100000e-02
     vertex  1.849795e-04  2.449930e-02  8.980723e-03
   endloop
 endfacet
 facet normal  1.823589e-01  9.831943e-01  8.614940e-03
   outer loop
     vertex  3.481795e-03  2.425133e-02  1.100000e-02
     vertex  5.446688e-03  2.388689e-02  1.100000e-02
     vertex  4.469928e-03  2.408879e-02  8.633965e-03
   endloop
 endfacet
 facet normal  3.396586e-01  9.404948e-01  1.008283e-02
   outer loop
     vertex  7.375342e-03  2.336353e-02  1.100000e-02
     vertex  9.254926e-03  2.268472e-02  1.100000e-02
     vertex  8.558466e-03  2.295654e-02  9.106789e-03
   endloop
 endfacet
 facet normal  4.879368e-01  8.728216e-01  1.000343e-02
   outer loop
     vertex  1.107294e-02  2.185498e-02  1.100000e-02
     vertex  1.281727e-02  2.087984e-02  1.100000e-02
     vertex  1.170754e-02  2.152170e-02  9.125379e-03
   endloop
 endfacet
 facet normal  6.232565e-01  7.819649e-01  9.061751e-03
   outer loop
     vertex  1.447633e-02  1.976577e-02  1.100000e-02
     vertex  1.603908e-02  1.852020e-02  1.100000e-02
     vertex  1.500497e-02  1.936752e-02  9.007290e-03
   endloop
 endfacet
 facet normal  7.420129e-01  6.703248e-01  9.032967e-03
   outer loop
     vertex  1.749511e-02  1.715141e-02  1.100000e-02
     vertex  1.883475e-02  1.566851e-02  1.100000e-02
     vertex  1.795251e-02  1.667205e-02  8.999857e-03
   endloop
 endfacet
 facet normal  8.410550e-01  5.408748e-01  8.996364e-03
   outer loop
     vertex  2.004907e-02  1.408136e-02  1.100000e-02
     vertex  2.113000e-02  1.240053e-02  1.100000e-02
     vertex  2.041983e-02  1.353811e-02  8.999195e-03
   endloop
 endfacet
 facet normal  9.177535e-01  3.970554e-01  8.695570e-03
   outer loop
     vertex  2.207035e-02  1.063719e-02  1.100000e-02
     vertex  2.286386e-02  8.803074e-03  1.100000e-02
     vertex  2.233479e-02  1.007011e-02  8.983732e-03
   endloop
 endfacet
 facet normal  8.982043e-01 -4.394857e-01 -9.016853e-03
   outer loop
     vertex  2.207035e-02 -1.063719e-02  1.100000e-02
     vertex  2.162562e-02 -1.151444e-02  9.457151e-03
     vertex  2.240350e-02 -9.916301e-03  9.050637e-03
   endloop
 endfacet
 facet normal  9.700806e-01  2.426888e-01  6.771999e-03
   outer loop
     vertex  2.350524e-02  6.910393e-03  1.100000e-02
     vertex  2.399024e-02  4.971736e-03  1.100000e-02
     vertex  2.364126e-02  6.429668e-03  8.742989e-03
   endloop
 endfacet
 facet normal  5.169355e-01 -8.559811e-01 -8.608745e-03
   outer loop
     vertex  1.343340e-02 -2.048887e-02  9.122652e-03
     vertex  1.281727e-02 -2.087984e-02  1.100000e-02
     vertex  1.195781e-02 -2.138366e-02  9.487012e-03
   endloop
 endfacet
 facet normal  9.875444e-01 -1.572392e-01 -5.650554e-03
   outer loop
     vertex  2.399024e-02 -4.971736e-03  5.000000e-03
     vertex  2.431563e-02 -3.000000e-03  7.000000e-03
     vertex  2.406032e-02 -4.620738e-03  7.478933e-03
   endloop
 endfacet
 facet normal  6.457761e-01 -7.634643e-01 -9.774784e-03
   outer loop
     vertex  1.659977e-02 -1.801937e-02  8.924370e-03
     vertex  1.603908e-02 -1.852020e-02  1.100000e-02
     vertex  1.503238e-02 -1.934626e-02  9.010989e-03
   endloop
 endfacet
 facet normal  9.838870e-01 -1.781161e-01 -1.552635e-02
   outer loop
     vertex  2.431563e-02 -3.000000e-03  9.000000e-03
     vertex  2.399024e-02 -4.971736e-03  1.100000e-02
     vertex  2.383011e-02 -5.689964e-03  9.092078e-03
   endloop
 endfacet
 facet normal  9.537305e-01  3.005917e-01 -6.546203e-03
   outer loop
     vertex  2.350524e-02  6.910393e-03  1.100000e-02
     vertex  2.364126e-02  6.429668e-03  8.742989e-03
     vertex  2.306637e-02  8.257880e-03  8.934112e-03
   endloop
 endfacet
 facet normal  8.245903e-01 -5.656473e-01 -9.699938e-03
   outer loop
     vertex  2.074603e-02 -1.303274e-02  9.098337e-03
     vertex  2.004907e-02 -1.408136e-02  1.100000e-02
     vertex  1.960630e-02 -1.469159e-02  8.945656e-03
   endloop
 endfacet
 facet normal  7.094919e-01 -7.046214e-01 -1.139895e-02
   outer loop
     vertex  1.818156e-02 -1.642196e-02  8.635017e-03
     vertex  1.749511e-02 -1.715141e-02  1.100000e-02
     vertex  1.659977e-02 -1.801937e-02  8.924370e-03
   endloop
 endfacet
 facet normal  5.809494e-01 -8.138871e-01 -9.253670e-03
   outer loop
     vertex  1.503238e-02 -1.934626e-02  9.010989e-03
     vertex  1.447633e-02 -1.976577e-02  1.100000e-02
     vertex  1.343340e-02 -2.048887e-02  9.122652e-03
   endloop
 endfacet
 facet normal  4.586652e-01 -8.885680e-01 -8.553003e-03
   outer loop
     vertex  1.195781e-02 -2.138366e-02  9.487012e-03
     vertex  1.107294e-02 -2.185498e-02  1.100000e-02
     vertex  1.042586e-02 -2.217096e-02  9.126878e-03
   endloop
 endfacet
 facet normal  3.140673e-01 -9.493574e-01 -9.070295e-03
   outer loop
     vertex  8.631860e-03 -2.292904e-02  9.032195e-03
     vertex  7.375342e-03 -2.336353e-02  1.100000e-02
     vertex  6.740249e-03 -2.355460e-02  9.008129e-03
   endloop
 endfacet
 facet normal  1.556150e-01 -9.877762e-01 -9.065352e-03
   outer loop
     vertex  4.796952e-03 -2.402580e-02  9.001936e-03
     vertex  3.481795e-03 -2.425133e-02  1.100000e-02
     vertex  2.821825e-03 -2.433695e-02  9.000476e-03
   endloop
 endfacet
 facet normal -6.942637e-03 -9.999350e-01 -9.046623e-03
   outer loop
     vertex  8.289318e-04 -2.448597e-02  9.000089e-03
     vertex -5.042590e-04 -2.449481e-02  1.100000e-02
     vertex -1.168894e-03 -2.447210e-02  8.999899e-03
   endloop
 endfacet
 facet normal -1.693205e-01 -9.855194e-01 -9.063307e-03
   outer loop
     vertex -3.159943e-03 -2.429537e-02  8.999985e-03
     vertex -4.476915e-03 -2.408749e-02  1.100000e-02
     vertex -5.130149e-03 -2.395687e-02  9.000201e-03
   endloop
 endfacet
 facet normal -3.272028e-01 -9.449107e-01 -9.062701e-03
   outer loop
     vertex -7.065893e-03 -2.345897e-02  9.000223e-03
     vertex -8.330626e-03 -2.304020e-02  1.100000e-02
     vertex -8.954375e-03 -2.280503e-02  9.000168e-03
   endloop
 endfacet
 facet normal -4.763830e-01 -8.791911e-01 -9.070096e-03
   outer loop
     vertex -1.078343e-02 -2.199926e-02  9.000273e-03
     vertex -1.196300e-02 -2.138075e-02  1.100000e-02
     vertex -1.254081e-02 -2.104704e-02  9.000535e-03
   endloop
 endfacet
 facet normal -6.128792e-01 -7.901246e-01 -9.065549e-03
   outer loop
     vertex -1.421407e-02 -1.995520e-02  9.000152e-03
     vertex -1.527754e-02 -1.915325e-02  1.100000e-02
     vertex -1.579333e-02 -1.873021e-02  8.999720e-03
   endloop
 endfacet
 facet normal -7.331957e-01 -6.799565e-01 -9.128668e-03
   outer loop
     vertex -1.726799e-02 -1.738006e-02  8.998686e-03
     vertex -1.818616e-02 -1.641687e-02  1.100000e-02
     vertex -1.863067e-02 -1.591063e-02  8.994476e-03
   endloop
 endfacet
 facet normal -8.348700e-01 -5.503612e-01 -9.728198e-03
   outer loop
     vertex -1.987482e-02 -1.432625e-02  8.979086e-03
     vertex -2.061161e-02 -1.324431e-02  1.100000e-02
     vertex -2.100771e-02 -1.260658e-02  8.915319e-03
   endloop
 endfacet
 facet normal -9.203985e-01 -3.908177e-01 -1.131480e-02
   outer loop
     vertex -2.207347e-02 -1.063070e-02  8.625171e-03
     vertex -2.248943e-02 -9.719863e-03  1.100000e-02
     vertex -2.295355e-02 -8.566475e-03  8.915646e-03
   endloop
 endfacet
 facet normal -9.731860e-01 -2.298317e-01 -9.295453e-03
   outer loop
     vertex -2.359178e-02 -6.608939e-03  8.978930e-03
     vertex -2.376973e-02 -5.937174e-03  1.100000e-02
     vertex -2.405519e-02 -4.647356e-03  8.995245e-03
   endloop
 endfacet
 facet normal -9.976358e-01 -6.811786e-02 -9.101195e-03
   outer loop
     vertex -2.435460e-02 -2.665248e-03  8.999047e-03
     vertex -2.441850e-02 -1.996742e-03  1.100000e-02
     vertex -2.449083e-02 -6.701848e-04  9.000397e-03
   endloop
 endfacet
 facet normal -9.954431e-01  9.492416e-02 -9.075931e-03
   outer loop
     vertex -2.446391e-02  1.329330e-03  9.000403e-03
     vertex -2.441850e-02  1.996742e-03  1.100000e-02
     vertex -2.427426e-02  3.318210e-03  9.000709e-03
   endloop
 endfacet
 facet normal -9.667965e-01  2.553863e-01 -9.072854e-03
   outer loop
     vertex -2.392290e-02  5.286275e-03  9.000482e-03
     vertex -2.376973e-02  5.937174e-03  1.100000e-02
     vertex -2.341270e-02  7.217711e-03  9.000721e-03
   endloop
 endfacet
 facet normal -9.124637e-01  4.090570e-01 -9.072610e-03
   outer loop
     vertex -2.274630e-02  9.102514e-03  9.000485e-03
     vertex -2.248943e-02  9.719863e-03  1.100000e-02
     vertex -2.192911e-02  1.092539e-02  9.000721e-03
   endloop
 endfacet
 facet normal -8.338876e-01  5.518598e-01 -9.072664e-03
   outer loop
     vertex -2.096536e-02  1.267690e-02  9.000483e-03
     vertex -2.061161e-02  1.324431e-02  1.100000e-02
     vertex -1.986287e-02  1.434282e-02  9.000716e-03
   endloop
 endfacet
 facet normal -7.331486e-01  6.800080e-01 -9.073258e-03
   outer loop
     vertex -1.862729e-02  1.591458e-02  9.000469e-03
     vertex -1.818616e-02  1.641687e-02  1.100000e-02
     vertex -1.726862e-02  1.737943e-02  9.000699e-03
   endloop
 endfacet
 facet normal -6.128805e-01  7.901235e-01 -9.076243e-03
   outer loop
     vertex -1.579358e-02  1.873000e-02  9.000730e-03
     vertex -1.527754e-02  1.915325e-02  1.100000e-02
     vertex -1.421405e-02  1.995522e-02  9.002113e-03
   endloop
 endfacet
 facet normal -4.763122e-01  8.792294e-01 -9.079751e-03
   outer loop
     vertex -1.253864e-02  2.104834e-02  9.008131e-03
     vertex -1.196300e-02  2.138075e-02  1.100000e-02
     vertex -1.078705e-02  2.199749e-02  9.032203e-03
   endloop
 endfacet
 facet normal -3.329843e-01  9.428936e-01 -8.552669e-03
   outer loop
     vertex -9.005460e-03  2.278490e-02  9.128287e-03
     vertex -8.330626e-03  2.304020e-02  1.100000e-02
     vertex -7.384123e-03  2.336075e-02  9.489200e-03
   endloop
 endfacet
 facet normal -1.953132e-01  9.806992e-01 -9.043958e-03
   outer loop
     vertex -5.726413e-03  2.382138e-02  9.127971e-03
     vertex -4.476915e-03  2.408749e-02  1.100000e-02
     vertex -3.815010e-03  2.420115e-02  9.030403e-03
   endloop
 endfacet
 facet normal -3.370176e-02  9.993888e-01 -9.280419e-03
   outer loop
     vertex -1.830193e-03  2.443155e-02  9.002235e-03
     vertex -5.042590e-04  2.449481e-02  1.100000e-02
     vertex  1.849795e-04  2.449930e-02  8.980723e-03
   endloop
 endfacet
 facet normal  1.357201e-01  9.906819e-01 -1.137732e-02
   outer loop
     vertex  2.243305e-03  2.439708e-02  8.917207e-03
     vertex  3.481795e-03  2.425133e-02  1.100000e-02
     vertex  4.469928e-03  2.408879e-02  8.633965e-03
   endloop
 endfacet
 facet normal  3.113640e-01  9.502413e-01 -9.694521e-03
   outer loop
     vertex  6.650490e-03  2.358010e-02  8.947542e-03
     vertex  7.375342e-03  2.336353e-02  1.100000e-02
     vertex  8.558466e-03  2.295654e-02  9.106789e-03
   endloop
 endfacet
 facet normal  4.450243e-01  8.954777e-01 -8.551344e-03
   outer loop
     vertex  1.016333e-02  2.229253e-02  9.481778e-03
     vertex  1.107294e-02  2.185498e-02  1.100000e-02
     vertex  1.170754e-02  2.152170e-02  9.125379e-03
   endloop
 endfacet
 facet normal  5.796830e-01  8.147917e-01 -9.058262e-03
   outer loop
     vertex  1.338144e-02  2.052284e-02  9.030875e-03
     vertex  1.447633e-02  1.976577e-02  1.100000e-02
     vertex  1.500497e-02  1.936752e-02  9.007290e-03
   endloop
 endfacet
 facet normal  7.043534e-01  7.097920e-01 -9.038019e-03
   outer loop
     vertex  1.653362e-02  1.808008e-02  9.000760e-03
     vertex  1.749511e-02  1.715141e-02  1.100000e-02
     vertex  1.795251e-02  1.667205e-02  8.999857e-03
   endloop
 endfacet
 facet normal  8.102458e-01  5.860216e-01 -8.970967e-03
   outer loop
     vertex  1.925099e-02  1.515418e-02  8.999906e-03
     vertex  2.004907e-02  1.408136e-02  1.100000e-02
     vertex  2.041983e-02  1.353811e-02  8.999195e-03
   endloop
 endfacet
 facet normal  8.942494e-01  4.474869e-01 -8.571050e-03
   outer loop
     vertex  2.145054e-02  1.183741e-02  8.995850e-03
     vertex  2.207035e-02  1.063719e-02  1.100000e-02
     vertex  2.233479e-02  1.007011e-02  8.983732e-03
   endloop
 endfacet
 facet normal  3.896288e-01 -9.209278e-01 -9.023987e-03
   outer loop
     vertex  1.042586e-02 -2.217096e-02  9.126878e-03
     vertex  9.254926e-03 -2.268472e-02  1.100000e-02
     vertex  8.631860e-03 -2.292904e-02  9.032195e-03
   endloop
 endfacet
 facet normal  2.356670e-01 -9.717915e-01 -9.072547e-03
   outer loop
     vertex  6.740249e-03 -2.355460e-02  9.008129e-03
     vertex  5.446688e-03 -2.388689e-02  1.100000e-02
     vertex  4.796952e-03 -2.402580e-02  9.001936e-03
   endloop
 endfacet
 facet normal  7.456598e-02 -9.971750e-01 -9.055356e-03
   outer loop
     vertex  2.821825e-03 -2.433695e-02  9.000476e-03
     vertex  1.493737e-03 -2.445442e-02  1.100000e-02
     vertex  8.289318e-04 -2.448597e-02  9.000089e-03
   endloop
 endfacet
 facet normal -8.841398e-02 -9.960426e-01 -9.056637e-03
   outer loop
     vertex -1.168894e-03 -2.447210e-02  8.999899e-03
     vertex -2.498900e-03 -2.437223e-02  1.100000e-02
     vertex -3.159943e-03 -2.429537e-02  8.999985e-03
   endloop
 endfacet
 facet normal -2.490960e-01 -9.684364e-01 -9.063886e-03
   outer loop
     vertex -5.130149e-03 -2.395687e-02  9.000201e-03
     vertex -6.425145e-03 -2.364249e-02  1.100000e-02
     vertex -7.065893e-03 -2.345897e-02  9.000223e-03
   endloop
 endfacet
 facet normal -4.031318e-01 -9.150970e-01 -9.066000e-03
   outer loop
     vertex -8.954375e-03 -2.280503e-02  9.000168e-03
     vertex -1.018068e-02 -2.228461e-02  1.100000e-02
     vertex -1.078343e-02 -2.199926e-02  9.000273e-03
   endloop
 endfacet
 facet normal -5.464486e-01 -8.374436e-01 -9.061009e-03
   outer loop
     vertex -1.254081e-02 -2.104704e-02  9.000535e-03
     vertex -1.366573e-02 -2.033465e-02  1.100000e-02
     vertex -1.421407e-02 -1.995520e-02  9.000152e-03
   endloop
 endfacet
 facet normal -6.752519e-01 -7.375314e-01 -9.073410e-03
   outer loop
     vertex -1.579333e-02 -1.873021e-02  8.999720e-03
     vertex -1.678770e-02 -1.784442e-02  1.100000e-02
     vertex -1.726799e-02 -1.738006e-02  8.998686e-03
   endloop
 endfacet
 facet normal -7.864139e-01 -6.176306e-01 -9.254014e-03
   outer loop
     vertex -1.863067e-02 -1.591063e-02  8.994476e-03
     vertex -1.946363e-02 -1.488009e-02  1.100000e-02
     vertex -1.987482e-02 -1.432625e-02  8.979086e-03
   endloop
 endfacet
 facet normal -8.793809e-01 -4.759846e-01 -1.131166e-02
   outer loop
     vertex -2.100771e-02 -1.260658e-02  8.915319e-03
     vertex -2.162245e-02 -1.152041e-02  1.100000e-02
     vertex -2.207347e-02 -1.063070e-02  8.625171e-03
   endloop
 endfacet
 facet normal -9.507920e-01 -3.096763e-01 -9.753321e-03
   outer loop
     vertex -2.295355e-02 -8.566475e-03  8.915646e-03
     vertex -2.320678e-02 -7.854648e-03  1.100000e-02
     vertex -2.359178e-02 -6.608939e-03  8.978930e-03
   endloop
 endfacet
 facet normal -9.887437e-01 -1.493384e-01 -9.162509e-03
   outer loop
     vertex -2.405519e-02 -4.647356e-03  8.995245e-03
     vertex -2.417453e-02 -3.980198e-03  1.100000e-02
     vertex -2.435460e-02 -2.665248e-03  8.999047e-03
   endloop
 endfacet
 facet normal -9.998680e-01  1.346262e-02 -9.096421e-03
   outer loop
     vertex -2.449083e-02 -6.701848e-04  9.000397e-03
     vertex -2.450000e-02 -9.237403e-17  1.100000e-02
     vertex -2.446391e-02  1.329330e-03  9.000403e-03
   endloop
 endfacet
 facet normal -9.843947e-01  1.757398e-01 -9.088654e-03
   outer loop
     vertex -2.427426e-02  3.318210e-03  9.000709e-03
     vertex -2.417453e-02  3.980198e-03  1.100000e-02
     vertex -2.392290e-02  5.286275e-03  9.000482e-03
   endloop
 endfacet
 facet normal -9.427669e-01  3.333286e-01 -9.088022e-03
   outer loop
     vertex -2.341270e-02  7.217711e-03  9.000721e-03
     vertex -2.320678e-02  7.854648e-03  1.100000e-02
     vertex -2.274630e-02  9.102514e-03  9.000485e-03
   endloop
 endfacet
 facet normal -8.760911e-01  4.820599e-01 -9.088056e-03
   outer loop
     vertex -2.192911e-02  1.092539e-02  9.000721e-03
     vertex -2.162245e-02  1.152041e-02  1.100000e-02
     vertex -2.096536e-02  1.267690e-02  9.000483e-03
   endloop
 endfacet
 facet normal -7.861364e-01  6.179862e-01 -9.088652e-03
   outer loop
     vertex -1.986287e-02  1.434282e-02  9.000716e-03
     vertex -1.946363e-02  1.488009e-02  1.100000e-02
     vertex -1.862729e-02  1.591458e-02  9.000469e-03
   endloop
 endfacet
 facet normal -6.752735e-01  7.375114e-01 -9.090874e-03
   outer loop
     vertex -1.726862e-02  1.737943e-02  9.000699e-03
     vertex -1.678770e-02  1.784442e-02  1.100000e-02
     vertex -1.579358e-02  1.873000e-02  9.000730e-03
   endloop
 endfacet
 facet normal -5.463831e-01  8.374860e-01 -9.095257e-03
   outer loop
     vertex -1.421405e-02  1.995522e-02  9.002113e-03
     vertex -1.366573e-02  2.033465e-02  1.100000e-02
     vertex -1.253864e-02  2.104834e-02  9.008131e-03
   endloop
 endfacet
 facet normal -4.038239e-01  9.147921e-01 -9.038927e-03
   outer loop
     vertex -1.078705e-02  2.199749e-02  9.032203e-03
     vertex -1.018068e-02  2.228461e-02  1.100000e-02
     vertex -9.005460e-03  2.278490e-02  9.128287e-03
   endloop
 endfacet
 facet normal -2.694465e-01  9.629774e-01 -8.550348e-03
   outer loop
     vertex -7.384123e-03  2.336075e-02  9.489200e-03
     vertex -6.425145e-03  2.364249e-02  1.100000e-02
     vertex -5.726413e-03  2.382138e-02  9.127971e-03
   endloop
 endfacet
 facet normal -1.154274e-01  9.932738e-01 -9.144734e-03
   outer loop
     vertex -3.815010e-03  2.420115e-02  9.030403e-03
     vertex -2.498900e-03  2.437223e-02  1.100000e-02
     vertex -1.830193e-03  2.443155e-02  9.002235e-03
   endloop
 endfacet
 facet normal  4.929811e-02  9.987365e-01 -9.754080e-03
   outer loop
     vertex  1.849795e-04  2.449930e-02  8.980723e-03
     vertex  1.493737e-03  2.445442e-02  1.100000e-02
     vertex  2.243305e-03  2.439708e-02  8.917207e-03
   endloop
 endfacet
 facet normal  2.287186e-01  9.734263e-01 -1.135705e-02
   outer loop
     vertex  4.469928e-03  2.408879e-02  8.633965e-03
     vertex  5.446688e-03  2.388689e-02  1.100000e-02
     vertex  6.650490e-03  2.358010e-02  8.947542e-03
   endloop
 endfacet
 facet normal  3.840415e-01  9.232747e-01 -8.716824e-03
   outer loop
     vertex  8.558466e-03  2.295654e-02  9.106789e-03
     vertex  9.254926e-03  2.268472e-02  1.100000e-02
     vertex  1.016333e-02  2.229253e-02  9.481778e-03
   endloop
 endfacet
 facet normal  5.120293e-01  8.589207e-01 -9.018409e-03
   outer loop
     vertex  1.170754e-02  2.152170e-02  9.125379e-03
     vertex  1.281727e-02  2.087984e-02  1.100000e-02
     vertex  1.338144e-02  2.052284e-02  9.030875e-03
   endloop
 endfacet
 facet normal  6.441318e-01  7.648610e-01 -9.044153e-03
   outer loop
     vertex  1.500497e-02  1.936752e-02  9.007290e-03
     vertex  1.603908e-02  1.852020e-02  1.100000e-02
     vertex  1.653362e-02  1.808008e-02  9.000760e-03
   endloop
 endfacet
 facet normal  7.598561e-01  6.500287e-01 -9.020675e-03
   outer loop
     vertex  1.795251e-02  1.667205e-02  8.999857e-03
     vertex  1.883475e-02  1.566851e-02  1.100000e-02
     vertex  1.925099e-02  1.515418e-02  8.999906e-03
   endloop
 endfacet
 facet normal  8.551608e-01  5.182872e-01 -8.852818e-03
   outer loop
     vertex  2.041983e-02  1.353811e-02  8.999195e-03
     vertex  2.113000e-02  1.240053e-02  1.100000e-02
     vertex  2.145054e-02  1.183741e-02  8.995850e-03
   endloop
 endfacet
 facet normal  9.271874e-01  3.745137e-01 -7.945186e-03
   outer loop
     vertex  2.233479e-02  1.007011e-02  8.983732e-03
     vertex  2.286386e-02  8.803074e-03  1.100000e-02
     vertex  2.306637e-02  8.257880e-03  8.934112e-03
   endloop
 endfacet
 facet normal  7.729402e-01 -6.343769e-01 -1.137566e-02
   outer loop
     vertex  1.960630e-02 -1.469159e-02  8.945656e-03
     vertex  1.883475e-02 -1.566851e-02  1.100000e-02
     vertex  1.818156e-02 -1.642196e-02  8.635017e-03
   endloop
 endfacet
 facet normal  8.661455e-01 -4.997153e-01 -8.755216e-03
   outer loop
     vertex  2.162562e-02 -1.151444e-02  9.457151e-03
     vertex  2.113000e-02 -1.240053e-02  1.100000e-02
     vertex  2.074603e-02 -1.303274e-02  9.098337e-03
   endloop
 endfacet
 facet normal  9.319159e-01 -3.626085e-01  6.918957e-03
   outer loop
     vertex  2.319677e-02 -7.884161e-03  8.706119e-03
     vertex  2.240350e-02 -9.916301e-03  9.050637e-03
     vertex  2.255505e-02 -9.566587e-03  6.966225e-03
   endloop
 endfacet
 facet normal  9.341250e-01 -3.569455e-01  6.282028e-04
   outer loop
     vertex  2.319677e-02 -7.884161e-03  8.706119e-03
     vertex  2.255505e-02 -9.566587e-03  6.966225e-03
     vertex  2.318493e-02 -7.918913e-03  6.566776e-03
   endloop
 endfacet
 facet normal  7.113818e-01 -7.027442e-01  9.295647e-03
   outer loop
     vertex  1.818156e-02 -1.642196e-02  8.635017e-03
     vertex  1.659977e-02 -1.801937e-02  8.924370e-03
     vertex  1.697983e-02 -1.766169e-02  6.878967e-03
   endloop
 endfacet
 facet normal  8.652404e-01 -5.013570e-01  4.101447e-04
   outer loop
     vertex  2.162562e-02 -1.151444e-02  9.457151e-03
     vertex  2.074603e-02 -1.303274e-02  9.098337e-03
     vertex  2.161406e-02 -1.153613e-02  7.336545e-03
   endloop
 endfacet
 facet normal  5.817368e-01 -8.133415e-01  7.604784e-03
   outer loop
     vertex  1.503238e-02 -1.934626e-02  9.010989e-03
     vertex  1.343340e-02 -2.048887e-02  9.122652e-03
     vertex  1.386508e-02 -2.019925e-02  7.076357e-03
   endloop
 endfacet
 facet normal  9.839718e-01 -1.768048e-01  2.322662e-02
   outer loop
     vertex  2.431563e-02 -3.000000e-03  9.000000e-03
     vertex  2.383011e-02 -5.689964e-03  9.092078e-03
     vertex  2.406032e-02 -4.620738e-03  7.478933e-03
   endloop
 endfacet
 facet normal  4.570886e-01 -8.894211e-01  1.850361e-05
   outer loop
     vertex  1.195781e-02 -2.138366e-02  9.487012e-03
     vertex  1.042586e-02 -2.217096e-02  9.126878e-03
     vertex  1.195684e-02 -2.138420e-02  7.371938e-03
   endloop
 endfacet
 facet normal  9.745031e-01 -2.243345e-01  4.218267e-03
   outer loop
     vertex  2.399024e-02 -4.971736e-03  5.000000e-03
     vertex  2.406032e-02 -4.620738e-03  7.478933e-03
     vertex  2.367319e-02 -6.311122e-03  7.016004e-03
   endloop
 endfacet
 facet normal  3.138631e-01 -9.494275e-01  8.795200e-03
   outer loop
     vertex  8.631860e-03 -2.292904e-02  9.032195e-03
     vertex  6.740249e-03 -2.355460e-02  9.008129e-03
     vertex  8.033152e-03 -2.314559e-02  7.021275e-03
   endloop
 endfacet
 facet normal  2.356126e-01 -9.718051e-01  9.027559e-03
   outer loop
     vertex  6.740249e-03 -2.355460e-02  9.008129e-03
     vertex  4.796952e-03 -2.402580e-02  9.001936e-03
     vertex  6.102414e-03 -2.372784e-02  7.005428e-03
   endloop
 endfacet
 facet normal  1.556019e-01 -9.877783e-01  9.061300e-03
   outer loop
     vertex  4.796952e-03 -2.402580e-02  9.001936e-03
     vertex  2.821825e-03 -2.433695e-02  9.000476e-03
     vertex  4.142500e-03 -2.414725e-02  7.001330e-03
   endloop
 endfacet
 facet normal  4.742587e-02 -9.988337e-01 -9.060479e-03
   outer loop
     vertex  1.628010e-04 -2.449946e-02  7.000037e-03
     vertex  2.159174e-03 -2.440467e-02  7.000279e-03
     vertex  8.289318e-04 -2.448597e-02  9.000089e-03
   endloop
 endfacet
 facet normal -6.944359e-03 -9.999349e-01  9.055312e-03
   outer loop
     vertex  8.289318e-04 -2.448597e-02  9.000089e-03
     vertex -1.168894e-03 -2.447210e-02  8.999899e-03
     vertex  1.628010e-04 -2.449946e-02  7.000037e-03
   endloop
 endfacet
 facet normal -1.154852e-01 -9.932678e-01 -9.066197e-03
   outer loop
     vertex -3.819900e-03 -2.420038e-02  7.000153e-03
     vertex -1.834364e-03 -2.443123e-02  7.000008e-03
     vertex -3.159943e-03 -2.429537e-02  8.999985e-03
   endloop
 endfacet
 facet normal -1.693186e-01 -9.855197e-01  9.067189e-03
   outer loop
     vertex -3.159943e-03 -2.429537e-02  8.999985e-03
     vertex -5.130149e-03 -2.395687e-02  9.000201e-03
     vertex -3.819900e-03 -2.420038e-02  7.000153e-03
   endloop
 endfacet
 facet normal -2.753440e-01 -9.613031e-01 -9.060730e-03
   outer loop
     vertex -7.701258e-03 -2.325813e-02  7.000223e-03
     vertex -5.779931e-03 -2.380845e-02  7.000251e-03
     vertex -7.065893e-03 -2.345897e-02  9.000223e-03
   endloop
 endfacet
 facet normal -3.272033e-01 -9.449105e-01  9.060183e-03
   outer loop
     vertex -7.065893e-03 -2.345897e-02  9.000223e-03
     vertex -8.954375e-03 -2.280503e-02  9.000168e-03
     vertex -7.701258e-03 -2.325813e-02  7.000223e-03
   endloop
 endfacet
 facet normal -4.031310e-01 -9.150974e-01  9.063488e-03
   outer loop
     vertex -8.954375e-03 -2.280503e-02  9.000168e-03
     vertex -1.078343e-02 -2.199926e-02  9.000273e-03
     vertex -9.571454e-03 -2.255299e-02  7.000364e-03
   endloop
 endfacet
 facet normal -4.763809e-01 -8.791923e-01  9.063328e-03
   outer loop
     vertex -1.078343e-02 -2.199926e-02  9.000273e-03
     vertex -1.254081e-02 -2.104704e-02  9.000535e-03
     vertex -1.137788e-02 -2.169778e-02  7.000407e-03
   endloop
 endfacet
 facet normal -5.690169e-01 -8.222759e-01 -9.056536e-03
   outer loop
     vertex -1.475144e-02 -1.956131e-02  7.000001e-03
     vertex -1.310841e-02 -2.069830e-02  7.000361e-03
     vertex -1.421407e-02 -1.995520e-02  9.000152e-03
   endloop
 endfacet
 facet normal -6.128823e-01 -7.901223e-01  9.060626e-03
   outer loop
     vertex -1.421407e-02 -1.995520e-02  9.000152e-03
     vertex -1.579333e-02 -1.873021e-02  8.999720e-03
     vertex -1.475144e-02 -1.956131e-02  7.000001e-03
   endloop
 endfacet
 facet normal -6.752589e-01 -7.375251e-01  9.066014e-03
   outer loop
     vertex -1.579333e-02 -1.873021e-02  8.999720e-03
     vertex -1.726799e-02 -1.738006e-02  8.998686e-03
     vertex -1.629674e-02 -1.829389e-02  6.999593e-03
   endloop
 endfacet
 facet normal -7.513201e-01 -6.598764e-01 -9.014512e-03
   outer loop
     vertex -1.905258e-02 -1.540289e-02  6.991868e-03
     vertex -1.773386e-02 -1.690444e-02  6.998014e-03
     vertex -1.863067e-02 -1.591063e-02  8.994476e-03
   endloop
 endfacet
 facet normal -7.865015e-01 -6.175207e-01  9.136475e-03
   outer loop
     vertex -1.863067e-02 -1.591063e-02  8.994476e-03
     vertex -1.987482e-02 -1.432625e-02  8.979086e-03
     vertex -1.905258e-02 -1.540289e-02  6.991868e-03
   endloop
 endfacet
 facet normal -8.476706e-01 -5.304691e-01 -7.557649e-03
   outer loop
     vertex -2.127320e-02 -1.215322e-02  6.871501e-03
     vertex -2.024069e-02 -1.380450e-02  6.967499e-03
     vertex -2.100771e-02 -1.260658e-02  8.915319e-03
   endloop
 endfacet
 facet normal -8.806658e-01 -4.736461e-01  9.332797e-03
   outer loop
     vertex -2.100771e-02 -1.260658e-02  8.915319e-03
     vertex -2.207347e-02 -1.063070e-02  8.625171e-03
     vertex -2.127320e-02 -1.215322e-02  6.871501e-03
   endloop
 endfacet
 facet normal -9.193700e-01 -3.932835e-01  9.324136e-03
   outer loop
     vertex -2.207347e-02 -1.063070e-02  8.625171e-03
     vertex -2.295355e-02 -8.566475e-03  8.915646e-03
     vertex -2.276477e-02 -9.056221e-03  6.872396e-03
   endloop
 endfacet
 facet normal -9.506149e-01 -3.102340e-01  9.281936e-03
   outer loop
     vertex -2.359178e-02 -6.608939e-03  8.978930e-03
     vertex -2.341205e-02 -7.219839e-03  6.967727e-03
     vertex -2.295355e-02 -8.566475e-03  8.915646e-03
   endloop
 endfacet
 facet normal -9.731530e-01 -2.299773e-01  9.149782e-03
   outer loop
     vertex -2.359178e-02 -6.608939e-03  8.978930e-03
     vertex -2.405519e-02 -4.647356e-03  8.995245e-03
     vertex -2.392113e-02 -5.294310e-03  6.992799e-03
   endloop
 endfacet
 facet normal -9.887391e-01 -1.493727e-01  9.099942e-03
   outer loop
     vertex -2.435460e-02 -2.665248e-03  8.999047e-03
     vertex -2.427321e-02 -3.325847e-03  6.998577e-03
     vertex -2.405519e-02 -4.647356e-03  8.995245e-03
   endloop
 endfacet
 facet normal -9.976352e-01 -6.813012e-02  9.072239e-03
   outer loop
     vertex -2.435460e-02 -2.665248e-03  8.999047e-03
     vertex -2.449083e-02 -6.701848e-04  9.000397e-03
     vertex -2.446353e-02 -1.336241e-03  7.000416e-03
   endloop
 endfacet
 facet normal -9.998682e-01  1.346257e-02  9.070694e-03
   outer loop
     vertex -2.446391e-02  1.329330e-03  9.000403e-03
     vertex -2.449102e-02  6.631971e-04  7.000446e-03
     vertex -2.449083e-02 -6.701848e-04  9.000397e-03
   endloop
 endfacet
 facet normal -9.954435e-01  9.492140e-02  9.059958e-03
   outer loop
     vertex -2.446391e-02  1.329330e-03  9.000403e-03
     vertex -2.427426e-02  3.318210e-03  9.000709e-03
     vertex -2.435557e-02  2.656377e-03  7.000790e-03
   endloop
 endfacet
 facet normal -9.843945e-01  1.757419e-01  9.066932e-03
   outer loop
     vertex -2.392290e-02  5.286275e-03  9.000482e-03
     vertex -2.405788e-02  4.633384e-03  7.000522e-03
     vertex -2.427426e-02  3.318210e-03  9.000709e-03
   endloop
 endfacet
 facet normal -9.667972e-01  2.553842e-01  9.058385e-03
   outer loop
     vertex -2.392290e-02  5.286275e-03  9.000482e-03
     vertex -2.341270e-02  7.217711e-03  9.000721e-03
     vertex -2.360046e-02  6.577876e-03  7.000795e-03
   endloop
 endfacet
 facet normal -9.427664e-01  3.333307e-01  9.066628e-03
   outer loop
     vertex -2.274630e-02  9.102514e-03  9.000485e-03
     vertex -2.298556e-02  8.480225e-03  7.000521e-03
     vertex -2.341270e-02  7.217711e-03  9.000721e-03
   endloop
 endfacet
 facet normal -9.124647e-01  4.090551e-01  9.058269e-03
   outer loop
     vertex -2.274630e-02  9.102514e-03  9.000485e-03
     vertex -2.192911e-02  1.092539e-02  9.000721e-03
     vertex -2.221832e-02  1.032456e-02  7.000795e-03
   endloop
 endfacet
 facet normal -8.760903e-01  4.820619e-01  9.066728e-03
   outer loop
     vertex -2.096536e-02  1.267690e-02  9.000483e-03
     vertex -2.130253e-02  1.210174e-02  7.000521e-03
     vertex -2.192911e-02  1.092539e-02  9.000721e-03
   endloop
 endfacet
 facet normal -8.338888e-01  5.518581e-01  9.058540e-03
   outer loop
     vertex -2.096536e-02  1.267690e-02  9.000483e-03
     vertex -1.986287e-02  1.434282e-02  9.000716e-03
     vertex -2.024585e-02  1.379693e-02  7.000794e-03
   endloop
 endfacet
 facet normal -7.861352e-01  6.179881e-01  9.068010e-03
   outer loop
     vertex -1.862729e-02  1.591458e-02  9.000469e-03
     vertex -1.905347e-02  1.540180e-02  7.000520e-03
     vertex -1.986287e-02  1.434282e-02  9.000716e-03
   endloop
 endfacet
 facet normal -7.331501e-01  6.800065e-01  9.061108e-03
   outer loop
     vertex -1.862729e-02  1.591458e-02  9.000469e-03
     vertex -1.726862e-02  1.737943e-02  9.000699e-03
     vertex -1.773529e-02  1.690294e-02  7.000796e-03
   endloop
 endfacet
 facet normal -6.752738e-01  7.375113e-01  9.072859e-03
   outer loop
     vertex -1.579358e-02  1.873000e-02  9.000730e-03
     vertex -1.629743e-02  1.829327e-02  7.000699e-03
     vertex -1.726862e-02  1.737943e-02  9.000699e-03
   endloop
 endfacet
 facet normal -6.128905e-01  7.901159e-01  9.062488e-03
   outer loop
     vertex -1.579358e-02  1.873000e-02  9.000730e-03
     vertex -1.421405e-02  1.995522e-02  9.002113e-03
     vertex -1.475135e-02  1.956139e-02  7.001651e-03
   endloop
 endfacet
 facet normal -5.464291e-01  8.374566e-01  9.034580e-03
   outer loop
     vertex -1.253864e-02  2.104834e-02  9.008131e-03
     vertex -1.310202e-02  2.070234e-02  7.005433e-03
     vertex -1.421405e-02  1.995522e-02  9.002113e-03
   endloop
 endfacet
 facet normal -4.765033e-01  8.791286e-01  8.798123e-03
   outer loop
     vertex -1.253864e-02  2.104834e-02  9.008131e-03
     vertex -1.078705e-02  2.199749e-02  9.032203e-03
     vertex -1.135578e-02  2.170936e-02  7.020669e-03
   endloop
 endfacet
 facet normal -4.045777e-01  9.144724e-01  7.559194e-03
   outer loop
     vertex -9.005460e-03  2.278490e-02  9.128287e-03
     vertex -9.491914e-03  2.258658e-02  7.084510e-03
     vertex -1.078705e-02  2.199749e-02  9.032203e-03
   endloop
 endfacet
 facet normal -3.346885e-01  9.423288e-01  4.098099e-06
   outer loop
     vertex -9.005460e-03  2.278490e-02  9.128287e-03
     vertex -7.384123e-03  2.336075e-02  9.489200e-03
     vertex -7.384359e-03  2.336068e-02  7.374616e-03
   endloop
 endfacet
 facet normal -2.677279e-01  9.634946e-01 -4.098968e-06
   outer loop
     vertex -7.384123e-03  2.336075e-02  9.489200e-03
     vertex -5.726413e-03  2.382138e-02  9.127971e-03
     vertex -7.384359e-03  2.336068e-02  7.374616e-03
   endloop
 endfacet
 facet normal -1.945002e-01  9.808733e-01  7.560601e-03
   outer loop
     vertex -5.726413e-03  2.382138e-02  9.127971e-03
     vertex -3.815010e-03  2.420115e-02  9.030403e-03
     vertex -5.214800e-03  2.393859e-02  7.084011e-03
   endloop
 endfacet
 facet normal -8.918660e-02  9.959732e-01 -9.114298e-03
   outer loop
     vertex -1.176367e-03  2.447174e-02  6.996884e-03
     vertex -3.185414e-03  2.429204e-02  7.018850e-03
     vertex -1.830193e-03  2.443155e-02  9.002235e-03
   endloop
 endfacet
 facet normal -3.350573e-02  9.993970e-01  9.108573e-03
   outer loop
     vertex -1.830193e-03  2.443155e-02  9.002235e-03
     vertex  1.849795e-04  2.449930e-02  8.980723e-03
     vertex -1.176367e-03  2.447174e-02  6.996884e-03
   endloop
 endfacet
 facet normal  7.295848e-02  9.973060e-01 -7.603763e-03
   outer loop
     vertex  2.768291e-03  2.434310e-02  6.874421e-03
     vertex  8.219619e-04  2.448621e-02  6.969140e-03
     vertex  2.243305e-03  2.439708e-02  8.917207e-03
   endloop
 endfacet
 facet normal  1.383133e-01  9.903441e-01  9.376062e-03
   outer loop
     vertex  2.243305e-03  2.439708e-02  8.917207e-03
     vertex  4.469928e-03  2.408879e-02  8.633965e-03
     vertex  2.768291e-03  2.434310e-02  6.874421e-03
   endloop
 endfacet
 facet normal  2.259623e-01  9.740954e-01  8.895411e-03
   outer loop
     vertex  4.469928e-03  2.408879e-02  8.633965e-03
     vertex  6.650490e-03  2.358010e-02  8.947542e-03
     vertex  6.171264e-03  2.371003e-02  6.892602e-03
   endloop
 endfacet
 facet normal  3.100660e-01  9.506847e-01  7.593189e-03
   outer loop
     vertex  8.558466e-03  2.295654e-02  9.106789e-03
     vertex  8.091702e-03  2.312519e-02  7.051571e-03
     vertex  6.650490e-03  2.358010e-02  8.947542e-03
   endloop
 endfacet
 facet normal  3.823384e-01  9.240224e-01 -1.040691e-04
   outer loop
     vertex  8.558466e-03  2.295654e-02  9.106789e-03
     vertex  1.016333e-02  2.229253e-02  9.481778e-03
     vertex  1.016896e-02  2.228996e-02  7.365609e-03
   endloop
 endfacet
 facet normal  4.466403e-01  8.947136e-01  1.028063e-04
   outer loop
     vertex  1.016333e-02  2.229253e-02  9.481778e-03
     vertex  1.170754e-02  2.152170e-02  9.125379e-03
     vertex  1.016896e-02  2.228996e-02  7.365609e-03
   endloop
 endfacet
 facet normal  5.127267e-01  8.585184e-01  7.587168e-03
   outer loop
     vertex  1.170754e-02  2.152170e-02  9.125379e-03
     vertex  1.338144e-02  2.052284e-02  9.030875e-03
     vertex  1.216804e-02  2.126473e-02  7.082493e-03
   endloop
 endfacet
 facet normal  6.010924e-01  7.991272e-01 -9.150804e-03
   outer loop
     vertex  1.552183e-02  1.895581e-02  7.004435e-03
     vertex  1.391080e-02  2.016779e-02  7.020272e-03
     vertex  1.500497e-02  1.936752e-02  9.007290e-03
   endloop
 endfacet
 facet normal  6.441771e-01  7.648232e-01  9.019304e-03
   outer loop
     vertex  1.500497e-02  1.936752e-02  9.007290e-03
     vertex  1.653362e-02  1.808008e-02  9.000760e-03
     vertex  1.552183e-02  1.895581e-02  7.004435e-03
   endloop
 endfacet
 facet normal  7.233833e-01  6.903871e-01 -9.064769e-03
   outer loop
     vertex  1.839909e-02  1.617787e-02  6.999874e-03
     vertex  1.701874e-02  1.762421e-02  7.000549e-03
     vertex  1.795251e-02  1.667205e-02  8.999857e-03
   endloop
 endfacet
 facet normal  7.598556e-01  6.500288e-01  9.051290e-03
   outer loop
     vertex  1.795251e-02  1.667205e-02  8.999857e-03
     vertex  1.925099e-02  1.515418e-02  8.999906e-03
     vertex  1.839909e-02  1.617787e-02  6.999874e-03
   endloop
 endfacet
 facet normal  8.258153e-01  5.638691e-01 -8.978902e-03
   outer loop
     vertex  2.077822e-02  1.298135e-02  6.997190e-03
     vertex  1.965518e-02  1.462614e-02  6.999287e-03
     vertex  2.041983e-02  1.353811e-02  8.999195e-03
   endloop
 endfacet
 facet normal  8.551755e-01  5.182611e-01  8.960656e-03
   outer loop
     vertex  2.041983e-02  1.353811e-02  8.999195e-03
     vertex  2.145054e-02  1.183741e-02  8.995850e-03
     vertex  2.077822e-02  1.298135e-02  6.997190e-03
   endloop
 endfacet
 facet normal  8.942952e-01  4.473906e-01  8.816121e-03
   outer loop
     vertex  2.145054e-02  1.183741e-02  8.995850e-03
     vertex  2.233479e-02  1.007011e-02  8.983732e-03
     vertex  2.175865e-02  1.126104e-02  6.990387e-03
   endloop
 endfacet
 facet normal  9.358834e-01  3.522331e-01 -7.350126e-03
   outer loop
     vertex  2.324523e-02  7.740111e-03  6.895524e-03
     vertex  2.258559e-02  9.494257e-03  6.967254e-03
     vertex  2.306637e-02  8.257880e-03  8.934112e-03
   endloop
 endfacet
 facet normal  3.675367e-01 -9.299627e-01 -9.281056e-03
   outer loop
     vertex  8.033152e-03 -2.314559e-02  7.021275e-03
     vertex  9.948121e-03 -2.238939e-02  7.084101e-03
     vertex  8.631860e-03 -2.292904e-02  9.032195e-03
   endloop
 endfacet
 facet normal  7.711699e-01 -6.365666e-01  8.940932e-03
   outer loop
     vertex  1.960630e-02 -1.469159e-02  8.945656e-03
     vertex  1.818156e-02 -1.642196e-02  8.635017e-03
     vertex  1.930305e-02 -1.508781e-02  6.891665e-03
   endloop
 endfacet
 facet normal  8.991027e-01 -4.377375e-01 -4.250380e-04
   outer loop
     vertex  2.240350e-02 -9.916301e-03  9.050637e-03
     vertex  2.162562e-02 -1.151444e-02  9.457151e-03
     vertex  2.161406e-02 -1.153613e-02  7.336545e-03
   endloop
 endfacet
 facet normal  9.736852e-01  2.278726e-01 -3.355954e-03
   outer loop
     vertex  2.364126e-02  6.429668e-03  8.742989e-03
     vertex  2.399024e-02  4.971736e-03  1.100000e-02
     vertex  2.405349e-02  4.656117e-03  7.920102e-03
   endloop
 endfacet
 facet normal  5.185064e-01 -8.550737e-01 -1.855862e-05
   outer loop
     vertex  1.343340e-02 -2.048887e-02  9.122652e-03
     vertex  1.195781e-02 -2.138366e-02  9.487012e-03
     vertex  1.195684e-02 -2.138420e-02  7.371938e-03
   endloop
 endfacet
 facet normal  9.568955e-01 -2.904318e-01 -5.782900e-04
   outer loop
     vertex  2.318493e-02 -7.918913e-03  6.566776e-03
     vertex  2.367319e-02 -6.311122e-03  7.016004e-03
     vertex  2.319677e-02 -7.884161e-03  8.706119e-03
   endloop
 endfacet
 facet normal  8.127605e-01 -5.825481e-01 -7.619892e-03
   outer loop
     vertex  1.960630e-02 -1.469159e-02  8.945656e-03
     vertex  1.930305e-02 -1.508781e-02  6.891665e-03
     vertex  2.047324e-02 -1.345721e-02  7.045915e-03
   endloop
 endfacet
 facet normal  9.017764e-01 -4.321473e-01 -6.939289e-03
   outer loop
     vertex  2.161406e-02 -1.153613e-02  7.336545e-03
     vertex  2.255505e-02 -9.566587e-03  6.966225e-03
     vertex  2.240350e-02 -9.916301e-03  9.050637e-03
   endloop
 endfacet
 facet normal  8.603792e-01 -5.095756e-01 -8.966571e-03
   outer loop
     vertex  2.047324e-02 -1.345721e-02  7.045915e-03
     vertex  2.161406e-02 -1.153613e-02  7.336545e-03
     vertex  2.074603e-02 -1.303274e-02  9.098337e-03
   endloop
 endfacet
 facet normal  6.632157e-01 -7.483894e-01 -7.636433e-03
   outer loop
     vertex  1.550810e-02 -1.896705e-02  6.988781e-03
     vertex  1.697983e-02 -1.766169e-02  6.878967e-03
     vertex  1.659977e-02 -1.801937e-02  8.924370e-03
   endloop
 endfacet
 facet normal  5.996488e-01 -8.002128e-01 -8.991275e-03
   outer loop
     vertex  1.386508e-02 -2.019925e-02  7.076357e-03
     vertex  1.550810e-02 -1.896705e-02  6.988781e-03
     vertex  1.503238e-02 -1.934626e-02  9.010989e-03
   endloop
 endfacet
 facet normal  5.264741e-01 -8.501407e-01 -9.261423e-03
   outer loop
     vertex  1.195684e-02 -2.138420e-02  7.371938e-03
     vertex  1.386508e-02 -2.019925e-02  7.076357e-03
     vertex  1.343340e-02 -2.048887e-02  9.122652e-03
   endloop
 endfacet
 facet normal  2.887823e-01 -9.573510e-01 -9.156703e-03
   outer loop
     vertex  6.102414e-03 -2.372784e-02  7.005428e-03
     vertex  8.033152e-03 -2.314559e-02  7.021275e-03
     vertex  6.740249e-03 -2.355460e-02  9.008129e-03
   endloop
 endfacet
 facet normal  2.092645e-01 -9.778167e-01 -9.097894e-03
   outer loop
     vertex  4.142500e-03 -2.414725e-02  7.001330e-03
     vertex  6.102414e-03 -2.372784e-02  7.005428e-03
     vertex  4.796952e-03 -2.402580e-02  9.001936e-03
   endloop
 endfacet
 facet normal -3.527841e-01 -9.356609e-01 -9.063678e-03
   outer loop
     vertex -9.571454e-03 -2.255299e-02  7.000364e-03
     vertex -7.701258e-03 -2.325813e-02  7.000223e-03
     vertex -8.954375e-03 -2.280503e-02  9.000168e-03
   endloop
 endfacet
 facet normal -4.278761e-01 -9.037920e-01 -9.062730e-03
   outer loop
     vertex -1.137788e-02 -2.169778e-02  7.000407e-03
     vertex -9.571454e-03 -2.255299e-02  7.000364e-03
     vertex -1.078343e-02 -2.199926e-02  9.000273e-03
   endloop
 endfacet
 facet normal -6.341366e-01 -7.731679e-01 -9.059553e-03
   outer loop
     vertex -1.629674e-02 -1.829389e-02  6.999593e-03
     vertex -1.475144e-02 -1.956131e-02  7.000001e-03
     vertex -1.579333e-02 -1.873021e-02  8.999720e-03
   endloop
 endfacet
 facet normal -2.585512e-01  9.659525e-01 -9.327231e-03
   outer loop
     vertex -5.214800e-03  2.393859e-02  7.084011e-03
     vertex -7.384359e-03  2.336068e-02  7.374616e-03
     vertex -5.726413e-03  2.382138e-02  9.127971e-03
   endloop
 endfacet
 facet normal  4.552668e-01  8.903058e-01 -9.363647e-03
   outer loop
     vertex  1.216804e-02  2.126473e-02  7.082493e-03
     vertex  1.016896e-02  2.228996e-02  7.365609e-03
     vertex  1.170754e-02  2.152170e-02  9.125379e-03
   endloop
 endfacet
 facet normal  8.687603e-01  4.951541e-01 -8.834355e-03
   outer loop
     vertex  2.175865e-02  1.126104e-02  6.990387e-03
     vertex  2.077822e-02  1.298135e-02  6.997190e-03
     vertex  2.145054e-02  1.183741e-02  8.995850e-03
   endloop
 endfacet
 facet normal  6.463849e-01 -7.629586e-01  8.989256e-03
   outer loop
     vertex  1.659977e-02 -1.801937e-02  8.924370e-03
     vertex  1.503238e-02 -1.934626e-02  9.010989e-03
     vertex  1.550810e-02 -1.896705e-02  6.988781e-03
   endloop
 endfacet
 facet normal  9.541490e-01  2.992326e-01  7.713753e-03
   outer loop
     vertex  2.306637e-02  8.257880e-03  8.934112e-03
     vertex  2.364126e-02  6.429668e-03  8.742989e-03
     vertex  2.324523e-02  7.740111e-03  6.895524e-03
   endloop
 endfacet
 facet normal  8.238566e-01 -5.667458e-01  7.711462e-03
   outer loop
     vertex  2.074603e-02 -1.303274e-02  9.098337e-03
     vertex  1.960630e-02 -1.469159e-02  8.945656e-03
     vertex  2.047324e-02 -1.345721e-02  7.045915e-03
   endloop
 endfacet
 facet normal  9.751816e-01 -2.212791e-01 -7.506220e-03
   outer loop
     vertex  2.406032e-02 -4.620738e-03  7.478933e-03
     vertex  2.383011e-02 -5.689964e-03  9.092078e-03
     vertex  2.367319e-02 -6.311122e-03  7.016004e-03
   endloop
 endfacet
 facet normal  9.602056e-01 -2.790804e-01  1.091985e-02
   outer loop
     vertex  2.367319e-02 -6.311122e-03  7.016004e-03
     vertex  2.383011e-02 -5.689964e-03  9.092078e-03
     vertex  2.319677e-02 -7.884161e-03  8.706119e-03
   endloop
 endfacet
 facet normal  9.745597e-01  2.240658e-01  5.287026e-03
   outer loop
     vertex  2.364126e-02  6.429668e-03  8.742989e-03
     vertex  2.405349e-02  4.656117e-03  7.920102e-03
     vertex  2.372468e-02  6.114697e-03  6.715317e-03
   endloop
 endfacet
 facet normal  4.485610e-01 -8.937034e-01 -9.340646e-03
   outer loop
     vertex  1.195684e-02 -2.138420e-02  7.371938e-03
     vertex  1.042586e-02 -2.217096e-02  9.126878e-03
     vertex  9.948121e-03 -2.238939e-02  7.084101e-03
   endloop
 endfacet
 facet normal  7.456248e-02 -9.971752e-01  9.057794e-03
   outer loop
     vertex  2.821825e-03 -2.433695e-02  9.000476e-03
     vertex  8.289318e-04 -2.448597e-02  9.000089e-03
     vertex  2.159174e-03 -2.440467e-02  7.000279e-03
   endloop
 endfacet
 facet normal -3.414040e-02 -9.993760e-01 -9.061999e-03
   outer loop
     vertex  1.628010e-04 -2.449946e-02  7.000037e-03
     vertex -1.168894e-03 -2.447210e-02  8.999899e-03
     vertex -1.834364e-03 -2.443123e-02  7.000008e-03
   endloop
 endfacet
 facet normal -2.490958e-01 -9.684364e-01  9.063121e-03
   outer loop
     vertex -5.130149e-03 -2.395687e-02  9.000201e-03
     vertex -7.065893e-03 -2.345897e-02  9.000223e-03
     vertex -5.779931e-03 -2.380845e-02  7.000251e-03
   endloop
 endfacet
 facet normal -1.960705e-01 -9.805479e-01 -9.063552e-03
   outer loop
     vertex -3.819900e-03 -2.420038e-02  7.000153e-03
     vertex -5.130149e-03 -2.395687e-02  9.000201e-03
     vertex -5.779931e-03 -2.380845e-02  7.000251e-03
   endloop
 endfacet
 facet normal -5.464515e-01 -8.374418e-01  9.055098e-03
   outer loop
     vertex -1.254081e-02 -2.104704e-02  9.000535e-03
     vertex -1.421407e-02 -1.995520e-02  9.000152e-03
     vertex -1.310841e-02 -2.069830e-02  7.000361e-03
   endloop
 endfacet
 facet normal -6.950470e-01 -7.189072e-01 -9.058579e-03
   outer loop
     vertex -1.629674e-02 -1.829389e-02  6.999593e-03
     vertex -1.726799e-02 -1.738006e-02  8.998686e-03
     vertex -1.773386e-02 -1.690444e-02  6.998014e-03
   endloop
 endfacet
 facet normal -7.332219e-01 -6.799286e-01  9.096918e-03
   outer loop
     vertex -1.726799e-02 -1.738006e-02  8.998686e-03
     vertex -1.863067e-02 -1.591063e-02  8.994476e-03
     vertex -1.773386e-02 -1.690444e-02  6.998014e-03
   endloop
 endfacet
 facet normal -8.024717e-01 -5.966255e-01 -8.792000e-03
   outer loop
     vertex -1.905258e-02 -1.540289e-02  6.991868e-03
     vertex -1.987482e-02 -1.432625e-02  8.979086e-03
     vertex -2.024069e-02 -1.380450e-02  6.967499e-03
   endloop
 endfacet
 facet normal -9.156335e-01 -4.020141e-01  7.947980e-06
   outer loop
     vertex -2.207347e-02 -1.063070e-02  8.625171e-03
     vertex -2.276477e-02 -9.056221e-03  6.872396e-03
     vertex -2.207368e-02 -1.063027e-02  6.510661e-03
   endloop
 endfacet
 facet normal -8.851753e-01 -4.652576e-01 -7.950943e-06
   outer loop
     vertex -2.127320e-02 -1.215322e-02  6.871501e-03
     vertex -2.207347e-02 -1.063070e-02  8.625171e-03
     vertex -2.207368e-02 -1.063027e-02  6.510661e-03
   endloop
 endfacet
 facet normal -9.667730e-01 -2.554852e-01 -8.791906e-03
   outer loop
     vertex -2.359178e-02 -6.608939e-03  8.978930e-03
     vertex -2.392113e-02 -5.294310e-03  6.992799e-03
     vertex -2.341205e-02 -7.219839e-03  6.967727e-03
   endloop
 endfacet
 facet normal -9.432249e-01 -3.320688e-01 -7.552371e-03
   outer loop
     vertex -2.276477e-02 -9.056221e-03  6.872396e-03
     vertex -2.295355e-02 -8.566475e-03  8.915646e-03
     vertex -2.341205e-02 -7.219839e-03  6.967727e-03
   endloop
 endfacet
 facet normal -9.954158e-01 -9.521171e-02 -9.056862e-03
   outer loop
     vertex -2.435460e-02 -2.665248e-03  8.999047e-03
     vertex -2.446353e-02 -1.336241e-03  7.000416e-03
     vertex -2.427321e-02 -3.325847e-03  6.998577e-03
   endloop
 endfacet
 facet normal -9.843424e-01 -1.760354e-01 -9.027011e-03
   outer loop
     vertex -2.392113e-02 -5.294310e-03  6.992799e-03
     vertex -2.405519e-02 -4.647356e-03  8.995245e-03
     vertex -2.427321e-02 -3.325847e-03  6.998577e-03
   endloop
 endfacet
 facet normal -9.976577e-01  6.780155e-02 -9.058147e-03
   outer loop
     vertex -2.446391e-02  1.329330e-03  9.000403e-03
     vertex -2.435557e-02  2.656377e-03  7.000790e-03
     vertex -2.449102e-02  6.631971e-04  7.000446e-03
   endloop
 endfacet
 facet normal -9.998644e-01 -1.374634e-02 -9.069685e-03
   outer loop
     vertex -2.446353e-02 -1.336241e-03  7.000416e-03
     vertex -2.449083e-02 -6.701848e-04  9.000397e-03
     vertex -2.449102e-02  6.631971e-04  7.000446e-03
   endloop
 endfacet
 facet normal -9.733882e-01  2.289834e-01 -9.056720e-03
   outer loop
     vertex -2.392290e-02  5.286275e-03  9.000482e-03
     vertex -2.360046e-02  6.577876e-03  7.000795e-03
     vertex -2.405788e-02  4.633384e-03  7.000522e-03
   endloop
 endfacet
 facet normal -9.888126e-01  1.488873e-01 -9.068560e-03
   outer loop
     vertex -2.435557e-02  2.656377e-03  7.000790e-03
     vertex -2.427426e-02  3.318210e-03  9.000709e-03
     vertex -2.405788e-02  4.633384e-03  7.000522e-03
   endloop
 endfacet
 facet normal -9.232572e-01  3.840757e-01 -9.056571e-03
   outer loop
     vertex -2.274630e-02  9.102514e-03  9.000485e-03
     vertex -2.221832e-02  1.032456e-02  7.000795e-03
     vertex -2.298556e-02  8.480225e-03  7.000521e-03
   endloop
 endfacet
 facet normal -9.514886e-01  3.075505e-01 -9.068317e-03
   outer loop
     vertex -2.360046e-02  6.577876e-03  7.000795e-03
     vertex -2.341270e-02  7.217711e-03  9.000721e-03
     vertex -2.298556e-02  8.480225e-03  7.000521e-03
   endloop
 endfacet
 facet normal -8.485963e-01  5.289635e-01 -9.056680e-03
   outer loop
     vertex -2.096536e-02  1.267690e-02  9.000483e-03
     vertex -2.024585e-02  1.379693e-02  7.000794e-03
     vertex -2.130253e-02  1.210174e-02  7.000521e-03
   endloop
 endfacet
 facet normal -8.888848e-01  4.580410e-01 -9.068341e-03
   outer loop
     vertex -2.221832e-02  1.032456e-02  7.000795e-03
     vertex -2.192911e-02  1.092539e-02  9.000721e-03
     vertex -2.130253e-02  1.210174e-02  7.000521e-03
   endloop
 endfacet
 facet normal -7.513841e-01  6.598030e-01 -9.058455e-03
   outer loop
     vertex -1.862729e-02  1.591458e-02  9.000469e-03
     vertex -1.773529e-02  1.690294e-02  7.000796e-03
     vertex -1.905347e-02  1.540180e-02  7.000520e-03
   endloop
 endfacet
 facet normal -8.026631e-01  5.963637e-01 -9.069044e-03
   outer loop
     vertex -2.024585e-02  1.379693e-02  7.000794e-03
     vertex -1.986287e-02  1.434282e-02  9.000716e-03
     vertex -1.905347e-02  1.540180e-02  7.000520e-03
   endloop
 endfacet
 facet normal -6.341474e-01  7.731589e-01 -9.072062e-03
   outer loop
     vertex -1.579358e-02  1.873000e-02  9.000730e-03
     vertex -1.475135e-02  1.956139e-02  7.001651e-03
     vertex -1.629743e-02  1.829327e-02  7.000699e-03
   endloop
 endfacet
 facet normal -6.950964e-01  7.188592e-01 -9.075369e-03
   outer loop
     vertex -1.773529e-02  1.690294e-02  7.000796e-03
     vertex -1.726862e-02  1.737943e-02  9.000699e-03
     vertex -1.629743e-02  1.829327e-02  7.000699e-03
   endloop
 endfacet
 facet normal -4.994809e-01  8.662766e-01 -9.151756e-03
   outer loop
     vertex -1.253864e-02  2.104834e-02  9.008131e-03
     vertex -1.135578e-02  2.170936e-02  7.020669e-03
     vertex -1.310202e-02  2.070234e-02  7.005433e-03
   endloop
 endfacet
 facet normal -5.688751e-01  8.223735e-01 -9.110179e-03
   outer loop
     vertex -1.475135e-02  1.956139e-02  7.001651e-03
     vertex -1.421405e-02  1.995522e-02  9.002113e-03
     vertex -1.310202e-02  2.070234e-02  7.005433e-03
   endloop
 endfacet
 facet normal -3.436285e-01  9.390593e-01 -9.333610e-03
   outer loop
     vertex -9.005460e-03  2.278490e-02  9.128287e-03
     vertex -7.384359e-03  2.336068e-02  7.374616e-03
     vertex -9.491914e-03  2.258658e-02  7.084510e-03
   endloop
 endfacet
 facet normal -4.255605e-01  9.048822e-01 -9.294074e-03
   outer loop
     vertex -1.135578e-02  2.170936e-02  7.020669e-03
     vertex -1.078705e-02  2.199749e-02  9.032203e-03
     vertex -9.491914e-03  2.258658e-02  7.084510e-03
   endloop
 endfacet
 facet normal -1.718665e-01  9.850765e-01 -9.283905e-03
   outer loop
     vertex -5.214800e-03  2.393859e-02  7.084011e-03
     vertex -3.815010e-03  2.420115e-02  9.030403e-03
     vertex -3.185414e-03  2.429204e-02  7.018850e-03
   endloop
 endfacet
 facet normal -1.151760e-01  9.933058e-01  8.831507e-03
   outer loop
     vertex -3.815010e-03  2.420115e-02  9.030403e-03
     vertex -1.830193e-03  2.443155e-02  9.002235e-03
     vertex -3.185414e-03  2.429204e-02  7.018850e-03
   endloop
 endfacet
 facet normal -7.361211e-03  9.999338e-01 -8.839727e-03
   outer loop
     vertex -1.176367e-03  2.447174e-02  6.996884e-03
     vertex  1.849795e-04  2.449930e-02  8.980723e-03
     vertex  8.219619e-04  2.448621e-02  6.969140e-03
   endloop
 endfacet
 facet normal  2.174110e-01  9.760801e-01  1.089739e-04
   outer loop
     vertex  4.469928e-03  2.408879e-02  8.633965e-03
     vertex  6.171264e-03  2.371003e-02  6.892602e-03
     vertex  4.476305e-03  2.408760e-02  6.518071e-03
   endloop
 endfacet
 facet normal  1.479188e-01  9.889995e-01 -1.077094e-04
   outer loop
     vertex  2.768291e-03  2.434310e-02  6.874421e-03
     vertex  4.469928e-03  2.408879e-02  8.633965e-03
     vertex  4.476305e-03  2.408760e-02  6.518071e-03
   endloop
 endfacet
 facet normal  3.741982e-01  9.273061e-01 -8.890430e-03
   outer loop
     vertex  8.558466e-03  2.295654e-02  9.106789e-03
     vertex  1.016896e-02  2.228996e-02  7.365609e-03
     vertex  8.091702e-03  2.312519e-02  7.051571e-03
   endloop
 endfacet
 facet normal  2.918926e-01  9.564209e-01 -7.597544e-03
   outer loop
     vertex  6.171264e-03  2.371003e-02  6.892602e-03
     vertex  6.650490e-03  2.358010e-02  8.947542e-03
     vertex  8.091702e-03  2.312519e-02  7.051571e-03
   endloop
 endfacet
 facet normal  5.324312e-01  8.464223e-01 -9.290167e-03
   outer loop
     vertex  1.216804e-02  2.126473e-02  7.082493e-03
     vertex  1.338144e-02  2.052284e-02  9.030875e-03
     vertex  1.391080e-02  2.016779e-02  7.020272e-03
   endloop
 endfacet
 facet normal  5.798566e-01  8.146710e-01  8.803139e-03
   outer loop
     vertex  1.338144e-02  2.052284e-02  9.030875e-03
     vertex  1.500497e-02  1.936752e-02  9.007290e-03
     vertex  1.391080e-02  2.016779e-02  7.020272e-03
   endloop
 endfacet
 facet normal  6.646083e-01  7.471366e-01 -9.094349e-03
   outer loop
     vertex  1.552183e-02  1.895581e-02  7.004435e-03
     vertex  1.653362e-02  1.808008e-02  9.000760e-03
     vertex  1.701874e-02  1.762421e-02  7.000549e-03
   endloop
 endfacet
 facet normal  8.102492e-01  5.860161e-01  9.021615e-03
   outer loop
     vertex  1.925099e-02  1.515418e-02  8.999906e-03
     vertex  2.041983e-02  1.353811e-02  8.999195e-03
     vertex  1.965518e-02  1.462614e-02  6.999287e-03
   endloop
 endfacet
 facet normal  7.772297e-01  6.291521e-01 -9.034619e-03
   outer loop
     vertex  1.839909e-02  1.617787e-02  6.999874e-03
     vertex  1.925099e-02  1.515418e-02  8.999906e-03
     vertex  1.965518e-02  1.462614e-02  6.999287e-03
   endloop
 endfacet
 facet normal  9.056280e-01  4.239891e-01 -8.440697e-03
   outer loop
     vertex  2.175865e-02  1.126104e-02  6.990387e-03
     vertex  2.233479e-02  1.007011e-02  8.983732e-03
     vertex  2.258559e-02  9.494257e-03  6.967254e-03
   endloop
 endfacet
 facet normal  9.273394e-01  3.741248e-01  8.499566e-03
   outer loop
     vertex  2.233479e-02  1.007011e-02  8.983732e-03
     vertex  2.306637e-02  8.257880e-03  8.934112e-03
     vertex  2.258559e-02  9.494257e-03  6.967254e-03
   endloop
 endfacet
 facet normal  3.888909e-01 -9.212528e-01  7.560024e-03
   outer loop
     vertex  1.042586e-02 -2.217096e-02  9.126878e-03
     vertex  8.631860e-03 -2.292904e-02  9.032195e-03
     vertex  9.948121e-03 -2.238939e-02  7.084101e-03
   endloop
 endfacet
 facet normal  7.655254e-01 -6.434056e-01  7.612091e-05
   outer loop
     vertex  1.930305e-02 -1.508781e-02  6.891665e-03
     vertex  1.818156e-02 -1.642196e-02  8.635017e-03
     vertex  1.818460e-02 -1.641860e-02  6.518947e-03
   endloop
 endfacet
 facet normal  7.180788e-01 -6.959618e-01 -7.547603e-05
   outer loop
     vertex  1.818460e-02 -1.641860e-02  6.518947e-03
     vertex  1.818156e-02 -1.642196e-02  8.635017e-03
     vertex  1.697983e-02 -1.766169e-02  6.878967e-03
   endloop
 endfacet
 facet normal  1.287123e-01 -9.916405e-01 -9.069025e-03
   outer loop
     vertex  2.821825e-03 -2.433695e-02  9.000476e-03
     vertex  2.159174e-03 -2.440467e-02  7.000279e-03
     vertex  4.142500e-03 -2.414725e-02  7.001330e-03
   endloop
 endfacet
 facet normal -8.841319e-02 -9.960426e-01  9.065550e-03
   outer loop
     vertex -1.168894e-03 -2.447210e-02  8.999899e-03
     vertex -3.159943e-03 -2.429537e-02  8.999985e-03
     vertex -1.834364e-03 -2.443123e-02  7.000008e-03
   endloop
 endfacet
 facet normal -5.001155e-01 -8.659113e-01 -9.057613e-03
   outer loop
     vertex -1.254081e-02 -2.104704e-02  9.000535e-03
     vertex -1.310841e-02 -2.069830e-02  7.000361e-03
     vertex -1.137788e-02 -2.169778e-02  7.000407e-03
   endloop
 endfacet
 facet normal -8.351974e-01 -5.498718e-01  9.286860e-03
   outer loop
     vertex -1.987482e-02 -1.432625e-02  8.979086e-03
     vertex -2.100771e-02 -1.260658e-02  8.915319e-03
     vertex -2.024069e-02 -1.380450e-02  6.967499e-03
   endloop
 endfacet
 facet normal  4.988471e-02  9.987117e-01  9.295568e-03
   outer loop
     vertex  1.849795e-04  2.449930e-02  8.980723e-03
     vertex  2.243305e-03  2.439708e-02  8.917207e-03
     vertex  8.219619e-04  2.448621e-02  6.969140e-03
   endloop
 endfacet
 facet normal  7.043590e-01  7.097861e-01  9.059143e-03
   outer loop
     vertex  1.653362e-02  1.808008e-02  9.000760e-03
     vertex  1.795251e-02  1.667205e-02  8.999857e-03
     vertex  1.701874e-02  1.762421e-02  7.000549e-03
   endloop
 endfacet
 facet normal  9.589959e-01  2.833833e-01 -4.567427e-03
   outer loop
     vertex  2.324523e-02  7.740111e-03  6.895524e-03
     vertex  2.364126e-02  6.429668e-03  8.742989e-03
     vertex  2.372468e-02  6.114697e-03  6.715317e-03
   endloop
 endfacet
 facet normal  9.985334e-01  5.413891e-02  0.000000e+00
   outer loop
     vertex -1.839155e-02 -2.000202e-03  5.000000e-03
     vertex -1.850000e-02 -2.265597e-18  5.000000e-03
     vertex -1.850000e-02 -2.265597e-18  7.000000e-03
   endloop
 endfacet
 facet normal  9.867706e-01  1.617728e-01  1.064646e-02
   outer loop
     vertex -1.806748e-02 -3.976953e-03  5.000000e-03
     vertex -1.839155e-02 -2.000202e-03  5.000000e-03
     vertex -1.818421e-02 -3.403581e-03  7.107114e-03
   endloop
 endfacet
 facet normal  9.634697e-01  2.675061e-01  1.290665e-02
   outer loop
     vertex -1.753158e-02 -5.907078e-03  5.000000e-03
     vertex -1.806748e-02 -3.976953e-03  5.000000e-03
     vertex -1.774175e-02 -5.242165e-03  6.907616e-03
   endloop
 endfacet
 facet normal  9.719432e-01  2.349985e-01 -1.010060e-02
   outer loop
     vertex -1.806748e-02 -3.976953e-03  5.000000e-03
     vertex -1.818421e-02 -3.403581e-03  7.107114e-03
     vertex -1.774175e-02 -5.242165e-03  6.907616e-03
   endloop
 endfacet
 facet normal  9.288285e-01  3.700791e-01  1.786524e-02
   outer loop
     vertex -1.679015e-02 -7.767948e-03  5.000000e-03
     vertex -1.753158e-02 -5.907078e-03  5.000000e-03
     vertex -1.718281e-02 -6.855742e-03  6.518335e-03
   endloop
 endfacet
 facet normal  9.440420e-01  3.296452e-01 -1.089281e-02
   outer loop
     vertex -1.753158e-02 -5.907078e-03  5.000000e-03
     vertex -1.774175e-02 -5.242165e-03  6.907616e-03
     vertex -1.718281e-02 -6.855742e-03  6.518335e-03
   endloop
 endfacet
 facet normal  8.834328e-01  4.683664e-01  1.339147e-02
   outer loop
     vertex -1.585186e-02 -9.537746e-03  5.000000e-03
     vertex -1.679015e-02 -7.767948e-03  5.000000e-03
     vertex -1.647153e-02 -8.422503e-03  6.874332e-03
   endloop
 endfacet
 facet normal  9.114703e-01  4.112097e-01 -1.133481e-02
   outer loop
     vertex -1.679015e-02 -7.767948e-03  5.000000e-03
     vertex -1.718281e-02 -6.855742e-03  6.518335e-03
     vertex -1.647153e-02 -8.422503e-03  6.874332e-03
   endloop
 endfacet
 facet normal  8.276262e-01  5.611445e-01  1.231336e-02
   outer loop
     vertex -1.472772e-02 -1.119572e-02  5.000000e-03
     vertex -1.585186e-02 -9.537746e-03  5.000000e-03
     vertex -1.549355e-02 -1.010940e-02  6.968092e-03
   endloop
 endfacet
 facet normal  8.653505e-01  5.010230e-01 -1.201769e-02
   outer loop
     vertex -1.585186e-02 -9.537746e-03  5.000000e-03
     vertex -1.647153e-02 -8.422503e-03  6.874332e-03
     vertex -1.549355e-02 -1.010940e-02  6.968092e-03
   endloop
 endfacet
 facet normal  7.621063e-01  6.473389e-01  1.210077e-02
   outer loop
     vertex -1.343092e-02 -1.272244e-02  5.000000e-03
     vertex -1.472772e-02 -1.119572e-02  5.000000e-03
     vertex -1.431438e-02 -1.171958e-02  6.991770e-03
   endloop
 endfacet
 facet normal  8.068199e-01  5.906739e-01 -1.208205e-02
   outer loop
     vertex -1.472772e-02 -1.119572e-02  5.000000e-03
     vertex -1.549355e-02 -1.010940e-02  6.968092e-03
     vertex -1.431438e-02 -1.171958e-02  6.991770e-03
   endloop
 endfacet
 facet normal  6.876493e-01  7.259425e-01  1.207686e-02
   outer loop
     vertex -1.197665e-02 -1.410000e-02  5.000000e-03
     vertex -1.343092e-02 -1.272244e-02  5.000000e-03
     vertex -1.296239e-02 -1.319949e-02  6.997748e-03
   endloop
 endfacet
 facet normal  7.382643e-01  6.744029e-01 -1.210122e-02
   outer loop
     vertex -1.343092e-02 -1.272244e-02  5.000000e-03
     vertex -1.431438e-02 -1.171958e-02  6.991770e-03
     vertex -1.296239e-02 -1.319949e-02  6.997748e-03
   endloop
 endfacet
 facet normal  6.051300e-01  7.960349e-01  1.209012e-02
   outer loop
     vertex -1.038196e-02 -1.531225e-02  5.000000e-03
     vertex -1.197665e-02 -1.410000e-02  5.000000e-03
     vertex -1.145757e-02 -1.452495e-02  6.998797e-03
   endloop
 endfacet
 facet normal  6.609266e-01  7.503528e-01 -1.211202e-02
   outer loop
     vertex -1.197665e-02 -1.410000e-02  5.000000e-03
     vertex -1.296239e-02 -1.319949e-02  6.997748e-03
     vertex -1.145757e-02 -1.452495e-02  6.998797e-03
   endloop
 endfacet
 facet normal  5.155161e-01  8.567944e-01  1.210401e-02
   outer loop
     vertex -8.665556e-03 -1.634497e-02  5.000000e-03
     vertex -1.038196e-02 -1.531225e-02  5.000000e-03
     vertex -9.818697e-03 -1.567939e-02  6.998741e-03
   endloop
 endfacet
 facet normal  5.758376e-01  8.174743e-01 -1.211769e-02
   outer loop
     vertex -1.038196e-02 -1.531225e-02  5.000000e-03
     vertex -1.145757e-02 -1.452495e-02  6.998797e-03
     vertex -9.818697e-03 -1.567939e-02  6.998741e-03
   endloop
 endfacet
 facet normal  4.198584e-01  9.075091e-01  1.208831e-02
   outer loop
     vertex -6.847556e-03 -1.718607e-02  5.000000e-03
     vertex -8.665556e-03 -1.634497e-02  5.000000e-03
     vertex -8.067141e-03 -1.664846e-02  6.999301e-03
   endloop
 endfacet
 facet normal  4.840777e-01  8.749417e-01 -1.207693e-02
   outer loop
     vertex -8.665556e-03 -1.634497e-02  5.000000e-03
     vertex -9.818697e-03 -1.567939e-02  6.998741e-03
     vertex -8.067141e-03 -1.664846e-02  6.999301e-03
   endloop
 endfacet
 facet normal  3.192782e-01  9.475839e-01  1.208988e-02
   outer loop
     vertex -4.949274e-03 -1.782567e-02  5.000000e-03
     vertex -6.847556e-03 -1.718607e-02  5.000000e-03
     vertex -6.219607e-03 -1.742316e-02  6.999400e-03
   endloop
 endfacet
 facet normal  3.866679e-01  9.221398e-01 -1.209228e-02
   outer loop
     vertex -6.847556e-03 -1.718607e-02  5.000000e-03
     vertex -8.067141e-03 -1.664846e-02  6.999301e-03
     vertex -6.219607e-03 -1.742316e-02  6.999400e-03
   endloop
 endfacet
 facet normal  2.149547e-01  9.765491e-01  1.209623e-02
   outer loop
     vertex -2.992967e-03 -1.825629e-02  5.000000e-03
     vertex -4.949274e-03 -1.782567e-02  5.000000e-03
     vertex -4.298859e-03 -1.799360e-02  6.999130e-03
   endloop
 endfacet
 facet normal  2.846782e-01  9.585468e-01 -1.210048e-02
   outer loop
     vertex -4.949274e-03 -1.782567e-02  5.000000e-03
     vertex -6.219607e-03 -1.742316e-02  6.999400e-03
     vertex -4.298859e-03 -1.799360e-02  6.999130e-03
   endloop
 endfacet
 facet normal  1.081111e-01  9.940652e-01  1.210178e-02
   outer loop
     vertex -1.001570e-03 -1.847287e-02  5.000000e-03
     vertex -2.992967e-03 -1.825629e-02  5.000000e-03
     vertex -2.327724e-03 -1.835298e-02  6.998933e-03
   endloop
 endfacet
 facet normal  1.793457e-01  9.837116e-01 -1.210581e-02
   outer loop
     vertex -2.992967e-03 -1.825629e-02  5.000000e-03
     vertex -4.298859e-03 -1.799360e-02  6.999130e-03
     vertex -2.327724e-03 -1.835298e-02  6.998933e-03
   endloop
 endfacet
 facet normal  8.659390e-15  9.999270e-01  1.208610e-02
   outer loop
     vertex  1.001570e-03 -1.847287e-02  5.000000e-03
     vertex -1.001570e-03 -1.847287e-02  5.000000e-03
     vertex -3.311955e-04 -1.849704e-02  6.999424e-03
   endloop
 endfacet
 facet normal  7.196579e-02  9.973340e-01 -1.207420e-02
   outer loop
     vertex -1.001570e-03 -1.847287e-02  5.000000e-03
     vertex -2.327724e-03 -1.835298e-02  6.998933e-03
     vertex -3.311955e-04 -1.849704e-02  6.999424e-03
   endloop
 endfacet
 facet normal -1.081111e-01  9.940653e-01  1.208951e-02
   outer loop
     vertex  2.992967e-03 -1.825629e-02  5.000000e-03
     vertex  1.001570e-03 -1.847287e-02  5.000000e-03
     vertex  1.670967e-03 -1.842438e-02  6.999365e-03
   endloop
 endfacet
 facet normal -3.626096e-02  9.992692e-01 -1.209249e-02
   outer loop
     vertex  1.001570e-03 -1.847287e-02  5.000000e-03
     vertex -3.311955e-04 -1.849704e-02  6.999424e-03
     vertex  1.670967e-03 -1.842438e-02  6.999365e-03
   endloop
 endfacet
 facet normal -2.149547e-01  9.765491e-01  1.209506e-02
   outer loop
     vertex  4.949274e-03 -1.782567e-02  5.000000e-03
     vertex  2.992967e-03 -1.825629e-02  5.000000e-03
     vertex  3.653709e-03 -1.813561e-02  6.999217e-03
   endloop
 endfacet
 facet normal -1.441120e-01  9.894874e-01 -1.209948e-02
   outer loop
     vertex  2.992967e-03 -1.825629e-02  5.000000e-03
     vertex  1.670967e-03 -1.842438e-02  6.999365e-03
     vertex  3.653709e-03 -1.813561e-02  6.999217e-03
   endloop
 endfacet
 facet normal -3.192782e-01  9.475840e-01  1.208488e-02
   outer loop
     vertex  6.847556e-03 -1.718607e-02  5.000000e-03
     vertex  4.949274e-03 -1.782567e-02  5.000000e-03
     vertex  5.592176e-03 -1.763456e-02  6.999474e-03
   endloop
 endfacet
 facet normal -2.502357e-01  9.681096e-01 -1.207667e-02
   outer loop
     vertex  4.949274e-03 -1.782567e-02  5.000000e-03
     vertex  3.653709e-03 -1.813561e-02  6.999217e-03
     vertex  5.592176e-03 -1.763456e-02  6.999474e-03
   endloop
 endfacet
 facet normal -4.198584e-01  9.075091e-01  1.209317e-02
   outer loop
     vertex  8.665556e-03 -1.634497e-02  5.000000e-03
     vertex  6.847556e-03 -1.718607e-02  5.000000e-03
     vertex  7.466707e-03 -1.692626e-02  6.999205e-03
   endloop
 endfacet
 facet normal -3.534372e-01  9.353800e-01 -1.209938e-02
   outer loop
     vertex  6.847556e-03 -1.718607e-02  5.000000e-03
     vertex  5.592176e-03 -1.763456e-02  6.999474e-03
     vertex  7.466707e-03 -1.692626e-02  6.999205e-03
   endloop
 endfacet
 facet normal -5.155162e-01  8.567946e-01  1.208328e-02
   outer loop
     vertex  1.038196e-02 -1.531225e-02  5.000000e-03
     vertex  8.665556e-03 -1.634497e-02  5.000000e-03
     vertex  9.252183e-03 -1.602021e-02  6.999466e-03
   endloop
 endfacet
 facet normal -4.524906e-01  8.916874e-01 -1.207540e-02
   outer loop
     vertex  8.665556e-03 -1.634497e-02  5.000000e-03
     vertex  7.466707e-03 -1.692626e-02  6.999205e-03
     vertex  9.252183e-03 -1.602021e-02  6.999466e-03
   endloop
 endfacet
 facet normal -6.051300e-01  7.960349e-01  1.208738e-02
   outer loop
     vertex  1.197665e-02 -1.410000e-02  5.000000e-03
     vertex  1.038196e-02 -1.531225e-02  5.000000e-03
     vertex  1.093039e-02 -1.492570e-02  6.999448e-03
   endloop
 endfacet
 facet normal -5.462367e-01  8.375436e-01 -1.209137e-02
   outer loop
     vertex  1.038196e-02 -1.531225e-02  5.000000e-03
     vertex  9.252183e-03 -1.602021e-02  6.999466e-03
     vertex  1.093039e-02 -1.492570e-02  6.999448e-03
   endloop
 endfacet
 facet normal -6.876491e-01  7.259424e-01  1.209713e-02
   outer loop
     vertex  1.343092e-02 -1.272244e-02  5.000000e-03
     vertex  1.197665e-02 -1.410000e-02  5.000000e-03
     vertex  1.248069e-02 -1.365585e-02  6.999077e-03
   endloop
 endfacet
 facet normal -6.336175e-01  7.735518e-01 -1.210400e-02
   outer loop
     vertex  1.197665e-02 -1.410000e-02  5.000000e-03
     vertex  1.093039e-02 -1.492570e-02  6.999448e-03
     vertex  1.248069e-02 -1.365585e-02  6.999077e-03
   endloop
 endfacet
 facet normal -7.621062e-01  6.473388e-01  1.210559e-02
   outer loop
     vertex  1.472772e-02 -1.119572e-02  5.000000e-03
     vertex  1.343092e-02 -1.272244e-02  5.000000e-03
     vertex  1.388450e-02 -1.222582e-02  6.998813e-03
   endloop
 endfacet
 facet normal -7.135688e-01  7.004804e-01 -1.211205e-02
   outer loop
     vertex  1.343092e-02 -1.272244e-02  5.000000e-03
     vertex  1.248069e-02 -1.365585e-02  6.999077e-03
     vertex  1.388450e-02 -1.222582e-02  6.998813e-03
   endloop
 endfacet
 facet normal -8.276285e-01  5.611461e-01  1.209000e-02
   outer loop
     vertex  1.585186e-02 -9.537746e-03  5.000000e-03
     vertex  1.472772e-02 -1.119572e-02  5.000000e-03
     vertex  1.512414e-02 -1.065413e-02  6.999314e-03
   endloop
 endfacet
 facet normal -7.851079e-01  6.192412e-01 -1.207826e-02
   outer loop
     vertex  1.472772e-02 -1.119572e-02  5.000000e-03
     vertex  1.388450e-02 -1.222582e-02  6.998813e-03
     vertex  1.512414e-02 -1.065413e-02  6.999314e-03
   endloop
 endfacet
 facet normal -8.834474e-01  4.683742e-01  1.209622e-02
   outer loop
     vertex  1.679015e-02 -7.767948e-03  5.000000e-03
     vertex  1.585186e-02 -9.537746e-03  5.000000e-03
     vertex  1.618767e-02 -8.955963e-03  6.999136e-03
   endloop
 endfacet
 facet normal -8.474473e-01  5.307416e-01 -1.210108e-02
   outer loop
     vertex  1.585186e-02 -9.537746e-03  5.000000e-03
     vertex  1.512414e-02 -1.065413e-02  6.999314e-03
     vertex  1.618767e-02 -8.955963e-03  6.999136e-03
   endloop
 endfacet
 facet normal -9.289089e-01  3.701111e-01  1.208461e-02
   outer loop
     vertex  1.753158e-02 -5.907078e-03  5.000000e-03
     vertex  1.679015e-02 -7.767948e-03  5.000000e-03
     vertex  1.706067e-02 -7.154271e-03  6.999445e-03
   endloop
 endfacet
 facet normal -8.998558e-01  4.360204e-01 -1.207538e-02
   outer loop
     vertex  1.679015e-02 -7.767948e-03  5.000000e-03
     vertex  1.618767e-02 -8.955963e-03  6.999136e-03
     vertex  1.706067e-02 -7.154271e-03  6.999445e-03
   endloop
 endfacet
 facet normal -9.634796e-01  2.675088e-01  1.208820e-02
   outer loop
     vertex  1.806748e-02 -3.976953e-03  5.000000e-03
     vertex  1.753158e-02 -5.907078e-03  5.000000e-03
     vertex  1.773428e-02 -5.267371e-03  6.999437e-03
   endloop
 endfacet
 facet normal -9.417170e-01  3.361887e-01 -1.209177e-02
   outer loop
     vertex  1.753158e-02 -5.907078e-03  5.000000e-03
     vertex  1.706067e-02 -7.154271e-03  6.999445e-03
     vertex  1.773428e-02 -5.267371e-03  6.999437e-03
   endloop
 endfacet
 facet normal -9.867543e-01  1.617702e-01  1.209831e-02
   outer loop
     vertex  1.839155e-02 -2.000202e-03  5.000000e-03
     vertex  1.806748e-02 -3.976953e-03  5.000000e-03
     vertex  1.819998e-02 -3.318228e-03  6.999046e-03
   endloop
 endfacet
 facet normal -9.725533e-01  2.323650e-01 -1.210538e-02
   outer loop
     vertex  1.806748e-02 -3.976953e-03  5.000000e-03
     vertex  1.773428e-02 -5.267371e-03  6.999437e-03
     vertex  1.819998e-02 -3.318228e-03  6.999046e-03
   endloop
 endfacet
 facet normal -9.984602e-01  5.413494e-02  1.210736e-02
   outer loop
     vertex  1.850000e-02 -1.643130e-17  5.000000e-03
     vertex  1.839155e-02 -2.000202e-03  5.000000e-03
     vertex  1.845212e-02 -1.330205e-03  6.998742e-03
   endloop
 endfacet
 facet normal -9.919808e-01  1.258069e-01 -1.211410e-02
   outer loop
     vertex  1.839155e-02 -2.000202e-03  5.000000e-03
     vertex  1.819998e-02 -3.318228e-03  6.999046e-03
     vertex  1.845212e-02 -1.330205e-03  6.998742e-03
   endloop
 endfacet
 facet normal -9.984604e-01 -5.413495e-02  1.209008e-02
   outer loop
     vertex  1.839155e-02  2.000202e-03  5.000000e-03
     vertex  1.850000e-02 -1.643130e-17  5.000000e-03
     vertex  1.848783e-02  6.710518e-04  6.999287e-03
   endloop
 endfacet
 facet normal -9.997679e-01  1.784306e-02 -1.207698e-02
   outer loop
     vertex  1.850000e-02 -1.643130e-17  5.000000e-03
     vertex  1.845212e-02 -1.330205e-03  6.998742e-03
     vertex  1.848783e-02  6.710518e-04  6.999287e-03
   endloop
 endfacet
 facet normal -9.867544e-01 -1.617702e-01  1.209135e-02
   outer loop
     vertex  1.806748e-02  3.976953e-03  5.000000e-03
     vertex  1.839155e-02  2.000202e-03  5.000000e-03
     vertex  1.830687e-02  2.666204e-03  6.999377e-03
   endloop
 endfacet
 facet normal -9.958392e-01 -9.032146e-02 -1.209337e-02
   outer loop
     vertex  1.839155e-02  2.000202e-03  5.000000e-03
     vertex  1.848783e-02  6.710518e-04  6.999287e-03
     vertex  1.830687e-02  2.666204e-03  6.999377e-03
   endloop
 endfacet
 facet normal -9.634795e-01 -2.675088e-01  1.209880e-02
   outer loop
     vertex  1.753158e-02  5.907078e-03  5.000000e-03
     vertex  1.806748e-02  3.976953e-03  5.000000e-03
     vertex  1.791113e-02  4.630500e-03  6.999068e-03
   endloop
 endfacet
 facet normal -9.802311e-01 -1.974854e-01 -1.210384e-02
   outer loop
     vertex  1.806748e-02  3.976953e-03  5.000000e-03
     vertex  1.830687e-02  2.666204e-03  6.999377e-03
     vertex  1.791113e-02  4.630500e-03  6.999068e-03
   endloop
 endfacet
 facet normal -9.289086e-01 -3.701110e-01  1.210646e-02
   outer loop
     vertex  1.679015e-02  7.767948e-03  5.000000e-03
     vertex  1.753158e-02  5.907078e-03  5.000000e-03
     vertex  1.730525e-02  6.540510e-03  6.998779e-03
   endloop
 endfacet
 facet normal -9.531224e-01 -3.023424e-01 -1.211191e-02
   outer loop
     vertex  1.753158e-02  5.907078e-03  5.000000e-03
     vertex  1.791113e-02  4.630500e-03  6.999068e-03
     vertex  1.730525e-02  6.540510e-03  6.998779e-03
   endloop
 endfacet
 facet normal -8.834475e-01 -4.683742e-01  1.208945e-02
   outer loop
     vertex  1.585186e-02  9.537746e-03  5.000000e-03
     vertex  1.679015e-02  7.767948e-03  5.000000e-03
     vertex  1.649736e-02  8.371813e-03  6.999303e-03
   endloop
 endfacet
 facet normal -9.148583e-01 -4.035945e-01 -1.207645e-02
   outer loop
     vertex  1.679015e-02  7.767948e-03  5.000000e-03
     vertex  1.730525e-02  6.540510e-03  6.998779e-03
     vertex  1.649736e-02  8.371813e-03  6.999303e-03
   endloop
 endfacet
 facet normal -8.276285e-01 -5.611460e-01  1.209060e-02
   outer loop
     vertex  1.472772e-02  1.119572e-02  5.000000e-03
     vertex  1.585186e-02  9.537746e-03  5.000000e-03
     vertex  1.549539e-02  1.010657e-02  6.999390e-03
   endloop
 endfacet
 facet normal -8.658760e-01 -5.001125e-01 -1.209249e-02
   outer loop
     vertex  1.585186e-02  9.537746e-03  5.000000e-03
     vertex  1.649736e-02  8.371813e-03  6.999303e-03
     vertex  1.549539e-02  1.010657e-02  6.999390e-03
   endloop
 endfacet
 facet normal -7.621063e-01 -6.473389e-01  1.209766e-02
   outer loop
     vertex  1.343092e-02  1.272244e-02  5.000000e-03
     vertex  1.472772e-02  1.119572e-02  5.000000e-03
     vertex  1.431147e-02  1.172313e-02  6.999100e-03
   endloop
 endfacet
 facet normal -8.067146e-01 -5.908172e-01 -1.210245e-02
   outer loop
     vertex  1.472772e-02  1.119572e-02  5.000000e-03
     vertex  1.549539e-02  1.010657e-02  6.999390e-03
     vertex  1.431147e-02  1.172313e-02  6.999100e-03
   endloop
 endfacet
 facet normal -6.876491e-01 -7.259423e-01  1.210492e-02
   outer loop
     vertex  1.197665e-02  1.410000e-02  5.000000e-03
     vertex  1.343092e-02  1.272244e-02  5.000000e-03
     vertex  1.295962e-02  1.320220e-02  6.998847e-03
   endloop
 endfacet
 facet normal -7.380846e-01 -6.745995e-01 -1.211024e-02
   outer loop
     vertex  1.343092e-02  1.272244e-02  5.000000e-03
     vertex  1.431147e-02  1.172313e-02  6.999100e-03
     vertex  1.295962e-02  1.320220e-02  6.998847e-03
   endloop
 endfacet
 facet normal -6.051300e-01 -7.960349e-01  1.208957e-02
   outer loop
     vertex  1.038196e-02  1.531225e-02  5.000000e-03
     vertex  1.197665e-02  1.410000e-02  5.000000e-03
     vertex  1.145734e-02  1.452513e-02  6.999326e-03
   endloop
 endfacet
 facet normal -6.608397e-01 -7.504299e-01 -1.207789e-02
   outer loop
     vertex  1.197665e-02  1.410000e-02  5.000000e-03
     vertex  1.295962e-02  1.320220e-02  6.998847e-03
     vertex  1.145734e-02  1.452513e-02  6.999326e-03
   endloop
 endfacet
 facet normal -5.155161e-01 -8.567945e-01  1.209571e-02
   outer loop
     vertex  8.665556e-03  1.634497e-02  5.000000e-03
     vertex  1.038196e-02  1.531225e-02  5.000000e-03
     vertex  9.819255e-03  1.567904e-02  6.999144e-03
   endloop
 endfacet
 facet normal -5.758451e-01 -8.174693e-01 -1.210046e-02
   outer loop
     vertex  1.038196e-02  1.531225e-02  5.000000e-03
     vertex  1.145734e-02  1.452513e-02  6.999326e-03
     vertex  9.819255e-03  1.567904e-02  6.999144e-03
   endloop
 endfacet
 facet normal -4.198584e-01 -9.075092e-01  1.208403e-02
   outer loop
     vertex  6.847556e-03  1.718607e-02  5.000000e-03
     vertex  8.665556e-03  1.634497e-02  5.000000e-03
     vertex  8.067478e-03  1.664830e-02  6.999454e-03
   endloop
 endfacet
 facet normal -4.841008e-01 -8.749289e-01 -1.207472e-02
   outer loop
     vertex  8.665556e-03  1.634497e-02  5.000000e-03
     vertex  9.819255e-03  1.567904e-02  6.999144e-03
     vertex  8.067478e-03  1.664830e-02  6.999454e-03
   endloop
 endfacet
 facet normal -3.192782e-01 -9.475839e-01  1.208717e-02
   outer loop
     vertex  4.949274e-03  1.782567e-02  5.000000e-03
     vertex  6.847556e-03  1.718607e-02  5.000000e-03
     vertex  6.219857e-03  1.742307e-02  6.999456e-03
   endloop
 endfacet
 facet normal -3.866833e-01 -9.221333e-01 -1.209036e-02
   outer loop
     vertex  6.847556e-03  1.718607e-02  5.000000e-03
     vertex  8.067478e-03  1.664830e-02  6.999454e-03
     vertex  6.219857e-03  1.742307e-02  6.999456e-03
   endloop
 endfacet
 facet normal -2.149547e-01 -9.765491e-01  1.209626e-02
   outer loop
     vertex  2.992967e-03  1.825629e-02  5.000000e-03
     vertex  4.949274e-03  1.782567e-02  5.000000e-03
     vertex  4.298873e-03  1.799360e-02  6.999105e-03
   endloop
 endfacet
 facet normal -2.846850e-01 -9.585447e-01 -1.210262e-02
   outer loop
     vertex  4.949274e-03  1.782567e-02  5.000000e-03
     vertex  6.219857e-03  1.742307e-02  6.999456e-03
     vertex  4.298873e-03  1.799360e-02  6.999105e-03
   endloop
 endfacet
 facet normal -1.081111e-01 -9.940651e-01  1.210383e-02
   outer loop
     vertex  1.001570e-03  1.847287e-02  5.000000e-03
     vertex  2.992967e-03  1.825629e-02  5.000000e-03
     vertex  2.327529e-03  1.835300e-02  6.998883e-03
   endloop
 endfacet
 facet normal -1.793407e-01 -9.837125e-01 -1.210973e-02
   outer loop
     vertex  2.992967e-03  1.825629e-02  5.000000e-03
     vertex  4.298873e-03  1.799360e-02  6.999105e-03
     vertex  2.327529e-03  1.835300e-02  6.998883e-03
   endloop
 endfacet
 facet normal -1.385502e-14 -9.999269e-01  1.208834e-02
   outer loop
     vertex -1.001570e-03  1.847287e-02  5.000000e-03
     vertex  1.001570e-03  1.847287e-02  5.000000e-03
     vertex  3.309704e-04  1.849704e-02  6.999387e-03
   endloop
 endfacet
 facet normal -7.195450e-02 -9.973348e-01 -1.207672e-02
   outer loop
     vertex  1.001570e-03  1.847287e-02  5.000000e-03
     vertex  2.327529e-03  1.835300e-02  6.998883e-03
     vertex  3.309704e-04  1.849704e-02  6.999387e-03
   endloop
 endfacet
 facet normal  1.081111e-01 -9.940653e-01  1.209354e-02
   outer loop
     vertex -2.992967e-03  1.825629e-02  5.000000e-03
     vertex -1.001570e-03  1.847287e-02  5.000000e-03
     vertex -1.671364e-03  1.842435e-02  6.999287e-03
   endloop
 endfacet
 facet normal  3.627803e-02 -9.992685e-01 -1.209800e-02
   outer loop
     vertex -1.001570e-03  1.847287e-02  5.000000e-03
     vertex  3.309704e-04  1.849704e-02  6.999387e-03
     vertex -1.671364e-03  1.842435e-02  6.999287e-03
   endloop
 endfacet
 facet normal  2.149547e-01 -9.765490e-01  1.210230e-02
   outer loop
     vertex -4.949274e-03  1.782567e-02  5.000000e-03
     vertex -2.992967e-03  1.825629e-02  5.000000e-03
     vertex -3.654376e-03  1.813548e-02  6.999024e-03
   endloop
 endfacet
 facet normal  1.441415e-01 -9.894830e-01 -1.210906e-02
   outer loop
     vertex -2.992967e-03  1.825629e-02  5.000000e-03
     vertex -1.671364e-03  1.842435e-02  6.999287e-03
     vertex -3.654376e-03  1.813548e-02  6.999024e-03
   endloop
 endfacet
 facet normal  3.192782e-01 -9.475839e-01  1.209059e-02
   outer loop
     vertex -6.847556e-03  1.718607e-02  5.000000e-03
     vertex -4.949274e-03  1.782567e-02  5.000000e-03
     vertex -5.592678e-03  1.763440e-02  6.999308e-03
   endloop
 endfacet
 facet normal  2.502671e-01 -9.681015e-01 -1.208103e-02
   outer loop
     vertex -4.949274e-03  1.782567e-02  5.000000e-03
     vertex -3.654376e-03  1.813548e-02  6.999024e-03
     vertex -5.592678e-03  1.763440e-02  6.999308e-03
   endloop
 endfacet
 facet normal  4.198584e-01 -9.075090e-01  1.209611e-02
   outer loop
     vertex -8.665556e-03  1.634497e-02  5.000000e-03
     vertex -6.847556e-03  1.718607e-02  5.000000e-03
     vertex -7.467033e-03  1.692612e-02  6.999247e-03
   endloop
 endfacet
 facet normal  3.534583e-01 -9.353720e-01 -1.210120e-02
   outer loop
     vertex -6.847556e-03  1.718607e-02  5.000000e-03
     vertex -5.592678e-03  1.763440e-02  6.999308e-03
     vertex -7.467033e-03  1.692612e-02  6.999247e-03
   endloop
 endfacet
 facet normal  5.155161e-01 -8.567944e-01  1.210386e-02
   outer loop
     vertex -1.038196e-02  1.531225e-02  5.000000e-03
     vertex -8.665556e-03  1.634497e-02  5.000000e-03
     vertex -9.253935e-03  1.601920e-02  6.999051e-03
   endloop
 endfacet
 facet normal  4.525502e-01 -8.916567e-01 -1.211016e-02
   outer loop
     vertex -8.665556e-03  1.634497e-02  5.000000e-03
     vertex -7.467033e-03  1.692612e-02  6.999247e-03
     vertex -9.253935e-03  1.601920e-02  6.999051e-03
   endloop
 endfacet
 facet normal  6.051298e-01 -7.960347e-01  1.211092e-02
   outer loop
     vertex -1.197665e-02  1.410000e-02  5.000000e-03
     vertex -1.038196e-02  1.531225e-02  5.000000e-03
     vertex -1.093219e-02  1.492439e-02  6.998831e-03
   endloop
 endfacet
 facet normal  5.463337e-01 -8.374800e-01 -1.211633e-02
   outer loop
     vertex -1.038196e-02  1.531225e-02  5.000000e-03
     vertex -9.253935e-03  1.601920e-02  6.999051e-03
     vertex -1.093219e-02  1.492439e-02  6.998831e-03
   endloop
 endfacet
 facet normal  6.876490e-01 -7.259422e-01  1.211408e-02
   outer loop
     vertex -1.343092e-02  1.272244e-02  5.000000e-03
     vertex -1.197665e-02  1.410000e-02  5.000000e-03
     vertex -1.248190e-02  1.365475e-02  6.998677e-03
   endloop
 endfacet
 facet normal  6.336970e-01 -7.734865e-01 -1.211605e-02
   outer loop
     vertex -1.197665e-02  1.410000e-02  5.000000e-03
     vertex -1.093219e-02  1.492439e-02  6.998831e-03
     vertex -1.248190e-02  1.365475e-02  6.998677e-03
   endloop
 endfacet
 facet normal  7.621062e-01 -6.473388e-01  1.210924e-02
   outer loop
     vertex -1.472772e-02  1.119572e-02  5.000000e-03
     vertex -1.343092e-02  1.272244e-02  5.000000e-03
     vertex -1.388472e-02  1.222557e-02  6.998703e-03
   endloop
 endfacet
 facet normal  7.136049e-01 -7.004438e-01 -1.210450e-02
   outer loop
     vertex -1.343092e-02  1.272244e-02  5.000000e-03
     vertex -1.248190e-02  1.365475e-02  6.998677e-03
     vertex -1.388472e-02  1.222557e-02  6.998703e-03
   endloop
 endfacet
 facet normal  8.276285e-01 -5.611460e-01  1.209050e-02
   outer loop
     vertex -1.585186e-02  9.537746e-03  5.000000e-03
     vertex -1.472772e-02  1.119572e-02  5.000000e-03
     vertex -1.512411e-02  1.065417e-02  6.999158e-03
   endloop
 endfacet
 facet normal  7.851129e-01 -6.192350e-01 -1.207518e-02
   outer loop
     vertex -1.472772e-02  1.119572e-02  5.000000e-03
     vertex -1.388472e-02  1.222557e-02  6.998703e-03
     vertex -1.512411e-02  1.065417e-02  6.999158e-03
   endloop
 endfacet
 facet normal  8.834479e-01 -4.683745e-01  1.204622e-02
   outer loop
     vertex -1.679015e-02  7.767948e-03  5.000000e-03
     vertex -1.585186e-02  9.537746e-03  5.000000e-03
     vertex -1.618559e-02  8.959723e-03  7.001024e-03
   endloop
 endfacet
 facet normal  8.473793e-01 -5.308521e-01 -1.201687e-02
   outer loop
     vertex -1.585186e-02  9.537746e-03  5.000000e-03
     vertex -1.512411e-02  1.065417e-02  6.999158e-03
     vertex -1.618559e-02  8.959723e-03  7.001024e-03
   endloop
 endfacet
 facet normal  9.289103e-01 -3.701117e-01  1.195414e-02
   outer loop
     vertex -1.753158e-02  5.907078e-03  5.000000e-03
     vertex -1.679015e-02  7.767948e-03  5.000000e-03
     vertex -1.705735e-02  7.162179e-03  7.008257e-03
   endloop
 endfacet
 facet normal  8.996876e-01 -4.363715e-01 -1.192058e-02
   outer loop
     vertex -1.679015e-02  7.767948e-03  5.000000e-03
     vertex -1.618559e-02  8.959723e-03  7.001024e-03
     vertex -1.705735e-02  7.162179e-03  7.008257e-03
   endloop
 endfacet
 facet normal  9.634828e-01 -2.675097e-01  1.180754e-02
   outer loop
     vertex -1.806748e-02  3.976953e-03  5.000000e-03
     vertex -1.753158e-02  5.907078e-03  5.000000e-03
     vertex -1.773222e-02  5.274326e-03  7.035857e-03
   endloop
 endfacet
 facet normal  9.415205e-01 -3.367465e-01 -1.187591e-02
   outer loop
     vertex -1.753158e-02  5.907078e-03  5.000000e-03
     vertex -1.705735e-02  7.162179e-03  7.008257e-03
     vertex -1.773222e-02  5.274326e-03  7.035857e-03
   endloop
 endfacet
 facet normal  9.867578e-01 -1.617707e-01  1.180382e-02
   outer loop
     vertex -1.839155e-02  2.000202e-03  5.000000e-03
     vertex -1.806748e-02  3.976953e-03  5.000000e-03
     vertex -1.821102e-02  3.257097e-03  7.133986e-03
   endloop
 endfacet
 facet normal  9.727510e-01 -2.315064e-01 -1.266224e-02
   outer loop
     vertex -1.806748e-02  3.976953e-03  5.000000e-03
     vertex -1.773222e-02  5.274326e-03  7.035857e-03
     vertex -1.821102e-02  3.257097e-03  7.133986e-03
   endloop
 endfacet
 facet normal  9.984219e-01 -5.413286e-02  1.494391e-02
   outer loop
     vertex -1.850000e-02 -2.265597e-18  5.000000e-03
     vertex -1.839155e-02  2.000202e-03  5.000000e-03
     vertex -1.844531e-02  1.421513e-03  6.495093e-03
   endloop
 endfacet
 facet normal  9.992606e-01 -3.844771e-02  0.000000e+00
   outer loop
     vertex -1.850000e-02 -2.265597e-18  7.000000e-03
     vertex -1.850000e-02 -2.265597e-18  5.000000e-03
     vertex -1.844531e-02  1.421513e-03  6.495093e-03
   endloop
 endfacet
 facet normal  9.923903e-01 -1.225693e-01 -1.176187e-02
   outer loop
     vertex -1.839155e-02  2.000202e-03  5.000000e-03
     vertex -1.821102e-02  3.257097e-03  7.133986e-03
     vertex -1.844531e-02  1.421513e-03  6.495093e-03
   endloop
 endfacet
 facet normal  9.985334e-01  5.413891e-02  0.000000e+00
   outer loop
     vertex -1.850000e-02 -2.265597e-18  1.100000e-02
     vertex -1.839155e-02 -2.000202e-03  1.100000e-02
     vertex -1.850000e-02 -2.265597e-18  9.000000e-03
   endloop
 endfacet
 facet normal  9.867426e-01  1.617682e-01 -1.304033e-02
   outer loop
     vertex -1.839155e-02 -2.000202e-03  1.100000e-02
     vertex -1.806748e-02 -3.976953e-03  1.100000e-02
     vertex -1.830637e-02 -2.669605e-03  9.141460e-03
   endloop
 endfacet
 facet normal  9.289154e-01  3.701137e-01 -1.149274e-02
   outer loop
     vertex -1.753158e-02 -5.907078e-03  1.100000e-02
     vertex -1.679015e-02 -7.767948e-03  1.100000e-02
     vertex -1.718217e-02 -6.857343e-03  8.639636e-03
   endloop
 endfacet
 facet normal  8.276281e-01  5.611458e-01 -1.212634e-02
   outer loop
     vertex -1.585186e-02 -9.537746e-03  1.100000e-02
     vertex -1.472772e-02 -1.119572e-02  1.100000e-02
     vertex -1.513517e-02 -1.063845e-02  8.979236e-03
   endloop
 endfacet
 facet normal  6.876496e-01  7.259429e-01 -1.204055e-02
   outer loop
     vertex -1.343092e-02 -1.272244e-02  1.100000e-02
     vertex -1.197665e-02 -1.410000e-02  1.100000e-02
     vertex -1.247742e-02 -1.365884e-02  8.998139e-03
   endloop
 endfacet
 facet normal  5.155167e-01  8.567954e-01 -1.200405e-02
   outer loop
     vertex -1.038196e-02 -1.531225e-02  1.100000e-02
     vertex -8.665556e-03 -1.634497e-02  1.100000e-02
     vertex -9.245630e-03 -1.602399e-02  8.998756e-03
   endloop
 endfacet
 facet normal  3.192785e-01  9.475847e-01 -1.201870e-02
   outer loop
     vertex -6.847556e-03 -1.718607e-02  1.100000e-02
     vertex -4.949274e-03 -1.782567e-02  1.100000e-02
     vertex -5.585971e-03 -1.763652e-02  8.999308e-03
   endloop
 endfacet
 facet normal  1.081112e-01  9.940663e-01 -1.200978e-02
   outer loop
     vertex -2.992967e-03 -1.825629e-02  1.100000e-02
     vertex -1.001570e-03 -1.847287e-02  1.100000e-02
     vertex -1.663248e-03 -1.842508e-02  8.999037e-03
   endloop
 endfacet
 facet normal -1.081112e-01  9.940661e-01 -1.202246e-02
   outer loop
     vertex  1.001570e-03 -1.847287e-02  1.100000e-02
     vertex  2.992967e-03 -1.825629e-02  1.100000e-02
     vertex  2.335362e-03 -1.835200e-02  8.999426e-03
   endloop
 endfacet
 facet normal -3.192784e-01  9.475846e-01 -1.202554e-02
   outer loop
     vertex  4.949274e-03 -1.782567e-02  1.100000e-02
     vertex  6.847556e-03 -1.718607e-02  1.100000e-02
     vertex  6.225594e-03 -1.742102e-02  8.999442e-03
   endloop
 endfacet
 facet normal -5.155166e-01  8.567952e-01 -1.202435e-02
   outer loop
     vertex  8.665556e-03 -1.634497e-02  1.100000e-02
     vertex  1.038196e-02 -1.531225e-02  1.100000e-02
     vertex  9.825065e-03 -1.567540e-02  8.999277e-03
   endloop
 endfacet
 facet normal -6.876498e-01  7.259431e-01 -1.201197e-02
   outer loop
     vertex  1.197665e-02 -1.410000e-02  1.100000e-02
     vertex  1.343092e-02 -1.272244e-02  1.100000e-02
     vertex  1.296597e-02 -1.319597e-02  8.999059e-03
   endloop
 endfacet
 facet normal -8.276292e-01  5.611465e-01 -1.202117e-02
   outer loop
     vertex  1.472772e-02 -1.119572e-02  1.100000e-02
     vertex  1.585186e-02 -9.537746e-03  1.100000e-02
     vertex  1.549913e-02 -1.010084e-02  8.999350e-03
   endloop
 endfacet
 facet normal -9.289096e-01  3.701114e-01 -1.202329e-02
   outer loop
     vertex  1.679015e-02 -7.767948e-03  1.100000e-02
     vertex  1.753158e-02 -5.907078e-03  1.100000e-02
     vertex  1.730805e-02 -6.533096e-03  8.999269e-03
   endloop
 endfacet
 facet normal -9.867553e-01  1.617703e-01 -1.201020e-02
   outer loop
     vertex  1.806748e-02 -3.976953e-03  1.100000e-02
     vertex  1.839155e-02 -2.000202e-03  1.100000e-02
     vertex  1.830800e-02 -2.658382e-03  8.999014e-03
   endloop
 endfacet
 facet normal -9.984613e-01 -5.413500e-02 -1.201856e-02
   outer loop
     vertex  1.850000e-02 -1.643130e-17  1.100000e-02
     vertex  1.839155e-02  2.000202e-03  1.100000e-02
     vertex  1.845150e-02  1.338649e-03  8.999186e-03
   endloop
 endfacet
 facet normal -9.634805e-01 -2.675090e-01 -1.201064e-02
   outer loop
     vertex  1.806748e-02  3.976953e-03  1.100000e-02
     vertex  1.753158e-02  5.907078e-03  1.100000e-02
     vertex  1.773212e-02  5.274633e-03  8.999063e-03
   endloop
 endfacet
 facet normal -8.834482e-01 -4.683746e-01 -1.201937e-02
   outer loop
     vertex  1.679015e-02  7.767948e-03  1.100000e-02
     vertex  1.585186e-02  9.537746e-03  1.100000e-02
     vertex  1.618409e-02  8.962442e-03  8.999202e-03
   endloop
 endfacet
 facet normal -7.621071e-01 -6.473396e-01 -1.201228e-02
   outer loop
     vertex  1.472772e-02  1.119572e-02  1.100000e-02
     vertex  1.343092e-02  1.272244e-02  1.100000e-02
     vertex  1.387858e-02  1.223254e-02  8.999107e-03
   endloop
 endfacet
 facet normal -6.051305e-01 -7.960355e-01 -1.202165e-02
   outer loop
     vertex  1.197665e-02  1.410000e-02  1.100000e-02
     vertex  1.038196e-02  1.531225e-02  1.100000e-02
     vertex  1.092517e-02  1.492953e-02  8.999359e-03
   endloop
 endfacet
 facet normal -4.198587e-01 -9.075098e-01 -1.202422e-02
   outer loop
     vertex  8.665556e-03  1.634497e-02  1.100000e-02
     vertex  6.847556e-03  1.718607e-02  1.100000e-02
     vertex  7.460634e-03  1.692894e-02  8.999290e-03
   endloop
 endfacet
 facet normal -2.149549e-01 -9.765501e-01 -1.201324e-02
   outer loop
     vertex  4.949274e-03  1.782567e-02  1.100000e-02
     vertex  2.992967e-03  1.825629e-02  1.100000e-02
     vertex  3.645926e-03  1.813718e-02  8.999105e-03
   endloop
 endfacet
 facet normal -1.385503e-14 -9.999277e-01 -1.202351e-02
   outer loop
     vertex  1.001570e-03  1.847287e-02  1.100000e-02
     vertex -1.001570e-03  1.847287e-02  1.100000e-02
     vertex -3.373752e-04  1.849692e-02  8.999455e-03
   endloop
 endfacet
 facet normal  2.149550e-01 -9.765502e-01 -1.200282e-02
   outer loop
     vertex -2.992967e-03  1.825629e-02  1.100000e-02
     vertex -4.949274e-03  1.782567e-02  1.100000e-02
     vertex -4.307590e-03  1.799152e-02  8.998841e-03
   endloop
 endfacet
 facet normal  4.198589e-01 -9.075101e-01 -1.200022e-02
   outer loop
     vertex -6.847556e-03  1.718607e-02  1.100000e-02
     vertex -8.665556e-03  1.634497e-02  1.100000e-02
     vertex -8.074650e-03  1.664482e-02  8.998620e-03
   endloop
 endfacet
 facet normal  6.051308e-01 -7.960359e-01 -1.197968e-02
   outer loop
     vertex -1.038196e-02  1.531225e-02  1.100000e-02
     vertex -1.197665e-02  1.410000e-02  1.100000e-02
     vertex -1.146546e-02  1.451872e-02  8.998024e-03
   endloop
 endfacet
 facet normal  7.621072e-01 -6.473397e-01 -1.199459e-02
   outer loop
     vertex -1.343092e-02  1.272244e-02  1.100000e-02
     vertex -1.472772e-02  1.119572e-02  1.100000e-02
     vertex -1.431761e-02  1.171563e-02  8.998354e-03
   endloop
 endfacet
 facet normal  8.834468e-01 -4.683738e-01 -1.215681e-02
   outer loop
     vertex -1.585186e-02  9.537746e-03  1.100000e-02
     vertex -1.679015e-02  7.767948e-03  1.100000e-02
     vertex -1.649478e-02  8.376894e-03  9.003466e-03
   endloop
 endfacet
 facet normal  9.634612e-01 -2.675037e-01 -1.357854e-02
   outer loop
     vertex -1.753158e-02  5.907078e-03  1.100000e-02
     vertex -1.806748e-02  3.976953e-03  1.100000e-02
     vertex -1.787632e-02  4.763125e-03  9.076111e-03
   endloop
 endfacet
 facet normal  9.985334e-01 -5.413891e-02  0.000000e+00
   outer loop
     vertex -1.839155e-02  2.000202e-03  1.100000e-02
     vertex -1.850000e-02 -2.265597e-18  1.100000e-02
     vertex -1.850000e-02 -2.265597e-18  9.000000e-03
   endloop
 endfacet
 facet normal  9.990100e-01  4.448673e-02 -0.000000e+00
   outer loop
     vertex -1.850000e-02 -2.265597e-18  7.000000e-03
     vertex -1.850000e-02 -2.265597e-18  9.000000e-03
     vertex -1.842677e-02 -1.644379e-03  7.498050e-03
   endloop
 endfacet
 facet normal  9.990778e-01 -4.293727e-02  0.000000e+00
   outer loop
     vertex -1.850000e-02 -2.265597e-18  9.000000e-03
     vertex -1.850000e-02 -2.265597e-18  7.000000e-03
     vertex -1.843179e-02  1.587214e-03  8.325553e-03
   endloop
 endfacet
 facet normal  9.988975e-01 -4.627839e-02 -7.881057e-03
   outer loop
     vertex -1.839155e-02  2.000202e-03  1.100000e-02
     vertex -1.850000e-02 -2.265597e-18  9.000000e-03
     vertex -1.843179e-02  1.587214e-03  8.325553e-03
   endloop
 endfacet
 facet normal  9.992010e-01 -3.978734e-02 -3.778063e-03
   outer loop
     vertex -1.850000e-02 -2.265597e-18  7.000000e-03
     vertex -1.844531e-02  1.421513e-03  6.495093e-03
     vertex -1.843179e-02  1.587214e-03  8.325553e-03
   endloop
 endfacet
 facet normal  9.971203e-01  7.334401e-02  1.928366e-02
   outer loop
     vertex -1.850000e-02 -2.265597e-18  9.000000e-03
     vertex -1.839155e-02 -2.000202e-03  1.100000e-02
     vertex -1.830637e-02 -2.669605e-03  9.141460e-03
   endloop
 endfacet
 facet normal  9.634729e-01  2.675069e-01 -1.265311e-02
   outer loop
     vertex -1.806748e-02 -3.976953e-03  1.100000e-02
     vertex -1.753158e-02 -5.907078e-03  1.100000e-02
     vertex -1.788672e-02 -4.723906e-03  8.972328e-03
   endloop
 endfacet
 facet normal  8.834462e-01  4.683736e-01 -1.220460e-02
   outer loop
     vertex -1.679015e-02 -7.767948e-03  1.100000e-02
     vertex -1.585186e-02 -9.537746e-03  1.100000e-02
     vertex -1.622537e-02 -8.887481e-03  8.917814e-03
   endloop
 endfacet
 facet normal  7.621065e-01  6.473391e-01 -1.207449e-02
   outer loop
     vertex -1.472772e-02 -1.119572e-02  1.100000e-02
     vertex -1.343092e-02 -1.272244e-02  1.100000e-02
     vertex -1.388530e-02 -1.222491e-02  8.994244e-03
   endloop
 endfacet
 facet normal  6.051305e-01  7.960356e-01 -1.201832e-02
   outer loop
     vertex -1.197665e-02 -1.410000e-02  1.100000e-02
     vertex -1.038196e-02 -1.531225e-02  1.100000e-02
     vertex -1.092515e-02 -1.492954e-02  8.998837e-03
   endloop
 endfacet
 facet normal  4.198588e-01  9.075099e-01 -1.202025e-02
   outer loop
     vertex -8.665556e-03 -1.634497e-02  1.100000e-02
     vertex -6.847556e-03 -1.718607e-02  1.100000e-02
     vertex -7.460286e-03 -1.692909e-02  8.999205e-03
   endloop
 endfacet
 facet normal  2.149549e-01  9.765501e-01 -1.201446e-02
   outer loop
     vertex -4.949274e-03 -1.782567e-02  1.100000e-02
     vertex -2.992967e-03 -1.825629e-02  1.100000e-02
     vertex -3.646018e-03 -1.813716e-02  8.999165e-03
   endloop
 endfacet
 facet normal  8.659396e-15  9.999277e-01 -1.202665e-02
   outer loop
     vertex -1.001570e-03 -1.847287e-02  1.100000e-02
     vertex  1.001570e-03 -1.847287e-02  1.100000e-02
     vertex  3.370678e-04 -1.849693e-02  8.999510e-03
   endloop
 endfacet
 facet normal -2.149549e-01  9.765501e-01 -1.201456e-02
   outer loop
     vertex  2.992967e-03 -1.825629e-02  1.100000e-02
     vertex  4.949274e-03 -1.782567e-02  1.100000e-02
     vertex  4.306557e-03 -1.799176e-02  8.999180e-03
   endloop
 endfacet
 facet normal -4.198588e-01  9.075099e-01 -1.201455e-02
   outer loop
     vertex  6.847556e-03 -1.718607e-02  1.100000e-02
     vertex  8.665556e-03 -1.634497e-02  1.100000e-02
     vertex  8.073516e-03 -1.664537e-02  8.999086e-03
   endloop
 endfacet
 facet normal -6.051305e-01  7.960356e-01 -1.201955e-02
   outer loop
     vertex  1.038196e-02 -1.531225e-02  1.100000e-02
     vertex  1.197665e-02 -1.410000e-02  1.100000e-02
     vertex  1.146269e-02 -1.452091e-02  8.999269e-03
   endloop
 endfacet
 facet normal -7.621071e-01  6.473396e-01 -1.200431e-02
   outer loop
     vertex  1.343092e-02 -1.272244e-02  1.100000e-02
     vertex  1.472772e-02 -1.119572e-02  1.100000e-02
     vertex  1.431715e-02 -1.171619e-02  8.998866e-03
   endloop
 endfacet
 facet normal -8.834483e-01  4.683746e-01 -1.201254e-02
   outer loop
     vertex  1.585186e-02 -9.537746e-03  1.100000e-02
     vertex  1.679015e-02 -7.767948e-03  1.100000e-02
     vertex  1.650071e-02 -8.365191e-03  8.999074e-03
   endloop
 endfacet
 facet normal -9.634804e-01  2.675090e-01 -1.201853e-02
   outer loop
     vertex  1.753158e-02 -5.907078e-03  1.100000e-02
     vertex  1.806748e-02 -3.976953e-03  1.100000e-02
     vertex  1.791307e-02 -4.622974e-03  8.999252e-03
   endloop
 endfacet
 facet normal -9.984615e-01  5.413501e-02 -1.200137e-02
   outer loop
     vertex  1.839155e-02 -2.000202e-03  1.100000e-02
     vertex  1.850000e-02 -1.643130e-17  1.100000e-02
     vertex  1.848813e-02 -6.625583e-04  8.998758e-03
   endloop
 endfacet
 facet normal -9.867553e-01 -1.617703e-01 -1.201668e-02
   outer loop
     vertex  1.839155e-02  2.000202e-03  1.100000e-02
     vertex  1.806748e-02  3.976953e-03  1.100000e-02
     vertex  1.819856e-02  3.326015e-03  8.999266e-03
   endloop
 endfacet
 facet normal -9.289098e-01 -3.701115e-01 -1.200244e-02
   outer loop
     vertex  1.753158e-02  5.907078e-03  1.100000e-02
     vertex  1.679015e-02  7.767948e-03  1.100000e-02
     vertex  1.705761e-02  7.161551e-03  8.998785e-03
   endloop
 endfacet
 facet normal -8.276292e-01 -5.611465e-01 -1.201771e-02
   outer loop
     vertex  1.585186e-02  9.537746e-03  1.100000e-02
     vertex  1.472772e-02  1.119572e-02  1.100000e-02
     vertex  1.512007e-02  1.065990e-02  8.999286e-03
   endloop
 endfacet
 facet normal -6.876499e-01 -7.259432e-01 -1.200502e-02
   outer loop
     vertex  1.343092e-02  1.272244e-02  1.100000e-02
     vertex  1.197665e-02  1.410000e-02  1.100000e-02
     vertex  1.247417e-02  1.366181e-02  8.998887e-03
   endloop
 endfacet
 facet normal -5.155167e-01 -8.567953e-01 -1.201324e-02
   outer loop
     vertex  1.038196e-02  1.531225e-02  1.100000e-02
     vertex  8.665556e-03  1.634497e-02  1.100000e-02
     vertex  9.246312e-03  1.602360e-02  8.999088e-03
   endloop
 endfacet
 facet normal -3.192785e-01 -9.475847e-01 -1.202015e-02
   outer loop
     vertex  6.847556e-03  1.718607e-02  1.100000e-02
     vertex  4.949274e-03  1.782567e-02  1.100000e-02
     vertex  5.586134e-03  1.763647e-02  8.999290e-03
   endloop
 endfacet
 facet normal -1.081112e-01 -9.940663e-01 -1.200695e-02
   outer loop
     vertex  2.992967e-03  1.825629e-02  1.100000e-02
     vertex  1.001570e-03  1.847287e-02  1.100000e-02
     vertex  1.662977e-03  1.842511e-02  8.998979e-03
   endloop
 endfacet
 facet normal  1.081112e-01 -9.940662e-01 -1.201652e-02
   outer loop
     vertex -1.001570e-03  1.847287e-02  1.100000e-02
     vertex -2.992967e-03  1.825629e-02  1.100000e-02
     vertex -2.335924e-03  1.835193e-02  8.999296e-03
   endloop
 endfacet
 facet normal  3.192785e-01 -9.475848e-01 -1.201300e-02
   outer loop
     vertex -4.949274e-03  1.782567e-02  1.100000e-02
     vertex -6.847556e-03  1.718607e-02  1.100000e-02
     vertex -6.226604e-03  1.742066e-02  8.998985e-03
   endloop
 endfacet
 facet normal  5.155168e-01 -8.567956e-01 -1.198808e-02
   outer loop
     vertex -8.665556e-03  1.634497e-02  1.100000e-02
     vertex -1.038196e-02  1.531225e-02  1.100000e-02
     vertex -9.827866e-03  1.567364e-02  8.998273e-03
   endloop
 endfacet
 facet normal  6.876501e-01 -7.259434e-01 -1.197976e-02
   outer loop
     vertex -1.197665e-02  1.410000e-02  1.100000e-02
     vertex -1.343092e-02  1.272244e-02  1.100000e-02
     vertex -1.296799e-02  1.319399e-02  8.998004e-03
   endloop
 endfacet
 facet normal  8.276290e-01 -5.611464e-01 -1.203753e-02
   outer loop
     vertex -1.472772e-02  1.119572e-02  1.100000e-02
     vertex -1.585186e-02  9.537746e-03  1.100000e-02
     vertex -1.549821e-02  1.010226e-02  8.999504e-03
   endloop
 endfacet
 facet normal  9.289040e-01 -3.701092e-01 -1.251486e-02
   outer loop
     vertex -1.679015e-02  7.767948e-03  1.100000e-02
     vertex -1.753158e-02  5.907078e-03  1.100000e-02
     vertex -1.729253e-02  6.574074e-03  9.018182e-03
   endloop
 endfacet
 facet normal  8.486279e-01  5.288324e-01  1.292256e-02
   outer loop
     vertex -1.622537e-02 -8.887481e-03  8.917814e-03
     vertex -1.585186e-02 -9.537746e-03  1.100000e-02
     vertex -1.513517e-02 -1.063845e-02  8.979236e-03
   endloop
 endfacet
 facet normal  9.867036e-01 -1.617618e-01 -1.578413e-02
   outer loop
     vertex -1.806748e-02  3.976953e-03  1.100000e-02
     vertex -1.839155e-02  2.000202e-03  1.100000e-02
     vertex -1.823680e-02  3.109508e-03  9.305185e-03
   endloop
 endfacet
 facet normal  9.914549e-01 -1.303456e-01  5.212558e-03
   outer loop
     vertex -1.839155e-02  2.000202e-03  1.100000e-02
     vertex -1.843179e-02  1.587214e-03  8.325553e-03
     vertex -1.823680e-02  3.109508e-03  9.305185e-03
   endloop
 endfacet
 facet normal  9.798955e-01  1.990167e-01  1.404134e-02
   outer loop
     vertex -1.806748e-02 -3.976953e-03  1.100000e-02
     vertex -1.788672e-02 -4.723906e-03  8.972328e-03
     vertex -1.830637e-02 -2.669605e-03  9.141460e-03
   endloop
 endfacet
 facet normal  9.036751e-01  4.279554e-01  1.501402e-02
   outer loop
     vertex -1.718217e-02 -6.857343e-03  8.639636e-03
     vertex -1.679015e-02 -7.767948e-03  1.100000e-02
     vertex -1.622537e-02 -8.887481e-03  8.917814e-03
   endloop
 endfacet
 facet normal  7.134902e-01  7.005601e-01  1.214061e-02
   outer loop
     vertex -1.388530e-02 -1.222491e-02  8.994244e-03
     vertex -1.343092e-02 -1.272244e-02  1.100000e-02
     vertex -1.247742e-02 -1.365884e-02  8.998139e-03
   endloop
 endfacet
 facet normal  9.988799e-01  4.673066e-02  7.427782e-03
   outer loop
     vertex -1.839155e-02 -2.000202e-03  5.000000e-03
     vertex -1.850000e-02 -2.265597e-18  7.000000e-03
     vertex -1.842677e-02 -1.644379e-03  7.498050e-03
   endloop
 endfacet
 facet normal  6.333842e-01  7.737434e-01  1.206816e-02
   outer loop
     vertex -1.247742e-02 -1.365884e-02  8.998139e-03
     vertex -1.197665e-02 -1.410000e-02  1.100000e-02
     vertex -1.092515e-02 -1.492954e-02  8.998837e-03
   endloop
 endfacet
 facet normal  4.521385e-01  8.918671e-01  1.199172e-02
   outer loop
     vertex -9.245630e-03 -1.602399e-02  8.998756e-03
     vertex -8.665556e-03 -1.634497e-02  1.100000e-02
     vertex -7.460286e-03 -1.692909e-02  8.999205e-03
   endloop
 endfacet
 facet normal  2.498626e-01  9.682067e-01  1.202174e-02
   outer loop
     vertex -5.585971e-03 -1.763652e-02  8.999308e-03
     vertex -4.949274e-03 -1.782567e-02  1.100000e-02
     vertex -3.646018e-03 -1.813716e-02  8.999165e-03
   endloop
 endfacet
 facet normal  3.588985e-02  9.992837e-01  1.199697e-02
   outer loop
     vertex -1.663248e-03 -1.842508e-02  8.999037e-03
     vertex -1.001570e-03 -1.847287e-02  1.100000e-02
     vertex  3.370678e-04 -1.849693e-02  8.999510e-03
   endloop
 endfacet
 facet normal -1.797607e-01  9.836368e-01  1.202828e-02
   outer loop
     vertex  2.335362e-03 -1.835200e-02  8.999426e-03
     vertex  2.992967e-03 -1.825629e-02  1.100000e-02
     vertex  4.306557e-03 -1.799176e-02  8.999180e-03
   endloop
 endfacet
 facet normal -3.870006e-01  9.220009e-01  1.203354e-02
   outer loop
     vertex  6.225594e-03 -1.742102e-02  8.999442e-03
     vertex  6.847556e-03 -1.718607e-02  1.100000e-02
     vertex  8.073516e-03 -1.664537e-02  8.999086e-03
   endloop
 endfacet
 facet normal -5.761484e-01  8.172566e-01  1.202902e-02
   outer loop
     vertex  9.825065e-03 -1.567540e-02  8.999277e-03
     vertex  1.038196e-02 -1.531225e-02  1.100000e-02
     vertex  1.146269e-02 -1.452091e-02  8.999269e-03
   endloop
 endfacet
 facet normal -7.384114e-01  6.742434e-01  1.201794e-02
   outer loop
     vertex  1.296597e-02 -1.319597e-02  8.999059e-03
     vertex  1.343092e-02 -1.272244e-02  1.100000e-02
     vertex  1.431715e-02 -1.171619e-02  8.998866e-03
   endloop
 endfacet
 facet normal -8.660685e-01  4.997806e-01  1.202748e-02
   outer loop
     vertex  1.549913e-02 -1.010084e-02  8.999350e-03
     vertex  1.585186e-02 -9.537746e-03  1.100000e-02
     vertex  1.650071e-02 -8.365191e-03  8.999074e-03
   endloop
 endfacet
 facet normal -9.532521e-01  3.019367e-01  1.202784e-02
   outer loop
     vertex  1.730805e-02 -6.533096e-03  8.999269e-03
     vertex  1.753158e-02 -5.907078e-03  1.100000e-02
     vertex  1.791307e-02 -4.622974e-03  8.999252e-03
   endloop
 endfacet
 facet normal -9.958799e-01  8.988211e-02  1.201683e-02
   outer loop
     vertex  1.830800e-02 -2.658382e-03  8.999014e-03
     vertex  1.839155e-02 -2.000202e-03  1.100000e-02
     vertex  1.848813e-02 -6.625583e-04  8.998758e-03
   endloop
 endfacet
 facet normal -9.919258e-01 -1.262486e-01  1.202104e-02
   outer loop
     vertex  1.845150e-02  1.338649e-03  8.999186e-03
     vertex  1.839155e-02  2.000202e-03  1.100000e-02
     vertex  1.819856e-02  3.326015e-03  8.999266e-03
   endloop
 endfacet
 facet normal -9.415778e-01 -3.365812e-01  1.201648e-02
   outer loop
     vertex  1.773212e-02  5.274633e-03  8.999063e-03
     vertex  1.753158e-02  5.907078e-03  1.100000e-02
     vertex  1.705761e-02  7.161551e-03  8.998785e-03
   endloop
 endfacet
 facet normal -8.472396e-01 -5.310748e-01  1.202166e-02
   outer loop
     vertex  1.618409e-02  8.962442e-03  8.999202e-03
     vertex  1.585186e-02  9.537746e-03  1.100000e-02
     vertex  1.512007e-02  1.065990e-02  8.999286e-03
   endloop
 endfacet
 facet normal -7.132327e-01 -7.008243e-01  1.201766e-02
   outer loop
     vertex  1.387858e-02  1.223254e-02  8.999107e-03
     vertex  1.343092e-02  1.272244e-02  1.100000e-02
     vertex  1.247417e-02  1.366181e-02  8.998887e-03
   endloop
 endfacet
 facet normal -5.459382e-01 -8.377391e-01  1.202777e-02
   outer loop
     vertex  1.092517e-02  1.492953e-02  8.999359e-03
     vertex  1.038196e-02  1.531225e-02  1.100000e-02
     vertex  9.246312e-03  1.602360e-02  8.999088e-03
   endloop
 endfacet
 facet normal -3.531079e-01 -9.355053e-01  1.202823e-02
   outer loop
     vertex  7.460634e-03  1.692894e-02  8.999290e-03
     vertex  6.847556e-03  1.718607e-02  1.100000e-02
     vertex  5.586134e-03  1.763647e-02  8.999290e-03
   endloop
 endfacet
 facet normal -1.436851e-01 -9.895505e-01  1.201842e-02
   outer loop
     vertex  3.645926e-03  1.813718e-02  8.999105e-03
     vertex  2.992967e-03  1.825629e-02  1.100000e-02
     vertex  1.662977e-03  1.842511e-02  8.998979e-03
   endloop
 endfacet
 facet normal  7.235132e-02 -9.973067e-01  1.202914e-02
   outer loop
     vertex -3.373752e-04  1.849692e-02  8.999455e-03
     vertex -1.001570e-03  1.847287e-02  1.100000e-02
     vertex -2.335924e-03  1.835193e-02  8.999296e-03
   endloop
 endfacet
 facet normal  2.851060e-01 -9.584209e-01  1.199399e-02
   outer loop
     vertex -4.307590e-03  1.799152e-02  8.998841e-03
     vertex -4.949274e-03  1.782567e-02  1.100000e-02
     vertex -6.226604e-03  1.742066e-02  8.998985e-03
   endloop
 endfacet
 facet normal  4.845264e-01 -8.746942e-01  1.200933e-02
   outer loop
     vertex -8.074650e-03  1.664482e-02  8.998620e-03
     vertex -8.665556e-03  1.634497e-02  1.100000e-02
     vertex -9.827866e-03  1.567364e-02  8.998273e-03
   endloop
 endfacet
 facet normal  6.612858e-01 -7.500384e-01  1.197945e-02
   outer loop
     vertex -1.146546e-02  1.451872e-02  8.998024e-03
     vertex -1.197665e-02  1.410000e-02  1.100000e-02
     vertex -1.296799e-02  1.319399e-02  8.998004e-03
   endloop
 endfacet
 facet normal  8.069581e-01 -5.904875e-01  1.196159e-02
   outer loop
     vertex -1.431761e-02  1.171563e-02  8.998354e-03
     vertex -1.472772e-02  1.119572e-02  1.100000e-02
     vertex -1.549821e-02  1.010226e-02  8.999504e-03
   endloop
 endfacet
 facet normal  9.144406e-01 -4.045452e-01  1.189628e-02
   outer loop
     vertex -1.649478e-02  8.376894e-03  9.003466e-03
     vertex -1.679015e-02  7.767948e-03  1.100000e-02
     vertex -1.729253e-02  6.574074e-03  9.018182e-03
   endloop
 endfacet
 facet normal  9.773035e-01 -2.115760e-01  1.065101e-02
   outer loop
     vertex -1.787632e-02  4.763125e-03  9.076111e-03
     vertex -1.806748e-02  3.976953e-03  1.100000e-02
     vertex -1.823680e-02  3.109508e-03  9.305185e-03
   endloop
 endfacet
 facet normal  5.459190e-01  8.377516e-01  1.203170e-02
   outer loop
     vertex -1.092515e-02 -1.492954e-02  8.998837e-03
     vertex -1.038196e-02 -1.531225e-02  1.100000e-02
     vertex -9.245630e-03 -1.602399e-02  8.998756e-03
   endloop
 endfacet
 facet normal  3.530934e-01  9.355108e-01  1.202258e-02
   outer loop
     vertex -7.460286e-03 -1.692909e-02  8.999205e-03
     vertex -6.847556e-03 -1.718607e-02  1.100000e-02
     vertex -5.585971e-03 -1.763652e-02  8.999308e-03
   endloop
 endfacet
 facet normal  1.436949e-01  9.895491e-01  1.201803e-02
   outer loop
     vertex -3.646018e-03 -1.813716e-02  8.999165e-03
     vertex -2.992967e-03 -1.825629e-02  1.100000e-02
     vertex -1.663248e-03 -1.842508e-02  8.999037e-03
   endloop
 endfacet
 facet normal -7.232823e-02  9.973083e-01  1.203010e-02
   outer loop
     vertex  3.370678e-04 -1.849693e-02  8.999510e-03
     vertex  1.001570e-03 -1.847287e-02  1.100000e-02
     vertex  2.335362e-03 -1.835200e-02  8.999426e-03
   endloop
 endfacet
 facet normal -2.850513e-01  9.584371e-01  1.200585e-02
   outer loop
     vertex  4.306557e-03 -1.799176e-02  8.999180e-03
     vertex  4.949274e-03 -1.782567e-02  1.100000e-02
     vertex  6.225594e-03 -1.742102e-02  8.999442e-03
   endloop
 endfacet
 facet normal -4.844213e-01  8.747524e-01  1.200642e-02
   outer loop
     vertex  8.073516e-03 -1.664537e-02  8.999086e-03
     vertex  8.665556e-03 -1.634497e-02  1.100000e-02
     vertex  9.825065e-03 -1.567540e-02  8.999277e-03
   endloop
 endfacet
 facet normal -6.611557e-01  7.501523e-01  1.202534e-02
   outer loop
     vertex  1.146269e-02 -1.452091e-02  8.999269e-03
     vertex  1.197665e-02 -1.410000e-02  1.100000e-02
     vertex  1.296597e-02 -1.319597e-02  8.999059e-03
   endloop
 endfacet
 facet normal -8.069710e-01  5.904693e-01  1.199161e-02
   outer loop
     vertex  1.431715e-02 -1.171619e-02  8.998866e-03
     vertex  1.472772e-02 -1.119572e-02  1.100000e-02
     vertex  1.549913e-02 -1.010084e-02  8.999350e-03
   endloop
 endfacet
 facet normal -9.150256e-01  4.032170e-01  1.200351e-02
   outer loop
     vertex  1.650071e-02 -8.365191e-03  8.999074e-03
     vertex  1.679015e-02 -7.767948e-03  1.100000e-02
     vertex  1.730805e-02 -6.533096e-03  8.999269e-03
   endloop
 endfacet
 facet normal -9.803157e-01  1.970698e-01  1.202483e-02
   outer loop
     vertex  1.791307e-02 -4.622974e-03  8.999252e-03
     vertex  1.806748e-02 -3.976953e-03  1.100000e-02
     vertex  1.830800e-02 -2.658382e-03  8.999014e-03
   endloop
 endfacet
 facet normal -9.997607e-01 -1.830075e-02  1.198791e-02
   outer loop
     vertex  1.848813e-02 -6.625583e-04  8.998758e-03
     vertex  1.850000e-02 -1.643130e-17  1.100000e-02
     vertex  1.845150e-02  1.338649e-03  8.999186e-03
   endloop
 endfacet
 facet normal -9.724567e-01 -2.327735e-01  1.202100e-02
   outer loop
     vertex  1.819856e-02  3.326015e-03  8.999266e-03
     vertex  1.806748e-02  3.976953e-03  1.100000e-02
     vertex  1.773212e-02  5.274633e-03  8.999063e-03
   endloop
 endfacet
 facet normal -8.996760e-01 -4.363935e-01  1.198915e-02
   outer loop
     vertex  1.705761e-02  7.161551e-03  8.998785e-03
     vertex  1.679015e-02  7.767948e-03  1.100000e-02
     vertex  1.618409e-02  8.962442e-03  8.999202e-03
   endloop
 endfacet
 facet normal -7.848428e-01 -6.195783e-01  1.202163e-02
   outer loop
     vertex  1.512007e-02  1.065990e-02  8.999286e-03
     vertex  1.472772e-02  1.119572e-02  1.100000e-02
     vertex  1.387858e-02  1.223254e-02  8.999107e-03
   endloop
 endfacet
 facet normal -6.332942e-01 -7.738182e-01  1.199245e-02
   outer loop
     vertex  1.247417e-02  1.366181e-02  8.998887e-03
     vertex  1.197665e-02  1.410000e-02  1.100000e-02
     vertex  1.092517e-02  1.492953e-02  8.999359e-03
   endloop
 endfacet
 facet normal -4.521679e-01 -8.918521e-01  1.200405e-02
   outer loop
     vertex  9.246312e-03  1.602360e-02  8.999088e-03
     vertex  8.665556e-03  1.634497e-02  1.100000e-02
     vertex  7.460634e-03  1.692894e-02  8.999290e-03
   endloop
 endfacet
 facet normal -2.498648e-01 -9.682060e-01  1.202548e-02
   outer loop
     vertex  5.586134e-03  1.763647e-02  8.999290e-03
     vertex  4.949274e-03  1.782567e-02  1.100000e-02
     vertex  3.645926e-03  1.813718e-02  8.999105e-03
   endloop
 endfacet
 facet normal -3.587418e-02 -9.992843e-01  1.199446e-02
   outer loop
     vertex  1.662977e-03  1.842511e-02  8.998979e-03
     vertex  1.001570e-03  1.847287e-02  1.100000e-02
     vertex -3.373752e-04  1.849692e-02  8.999455e-03
   endloop
 endfacet
 facet normal  1.798028e-01 -9.836292e-01  1.202636e-02
   outer loop
     vertex -2.335924e-03  1.835193e-02  8.999296e-03
     vertex -2.992967e-03  1.825629e-02  1.100000e-02
     vertex -4.307590e-03  1.799152e-02  8.998841e-03
   endloop
 endfacet
 facet normal  3.870587e-01 -9.219767e-01  1.202264e-02
   outer loop
     vertex -6.226604e-03  1.742066e-02  8.998985e-03
     vertex -6.847556e-03  1.718607e-02  1.100000e-02
     vertex -8.074650e-03  1.664482e-02  8.998620e-03
   endloop
 endfacet
 facet normal  5.762986e-01 -8.171512e-01  1.199430e-02
   outer loop
     vertex -9.827866e-03  1.567364e-02  8.998273e-03
     vertex -1.038196e-02  1.531225e-02  1.100000e-02
     vertex -1.146546e-02  1.451872e-02  8.998024e-03
   endloop
 endfacet
 facet normal  7.384787e-01 -6.741706e-01  1.196810e-02
   outer loop
     vertex -1.296799e-02  1.319399e-02  8.998004e-03
     vertex -1.343092e-02  1.272244e-02  1.100000e-02
     vertex -1.431761e-02  1.171563e-02  8.998354e-03
   endloop
 endfacet
 facet normal  8.658818e-01 -5.001060e-01  1.194955e-02
   outer loop
     vertex -1.549821e-02  1.010226e-02  8.999504e-03
     vertex -1.585186e-02  9.537746e-03  1.100000e-02
     vertex -1.649478e-02  8.376894e-03  9.003466e-03
   endloop
 endfacet
 facet normal  9.518127e-01 -3.064576e-01  1.167090e-02
   outer loop
     vertex -1.729253e-02  6.574074e-03  9.018182e-03
     vertex -1.753158e-02  5.907078e-03  1.100000e-02
     vertex -1.787632e-02  4.763125e-03  9.076111e-03
   endloop
 endfacet
 facet normal  9.501566e-01  3.113980e-01  1.529020e-02
   outer loop
     vertex -1.788672e-02 -4.723906e-03  8.972328e-03
     vertex -1.753158e-02 -5.907078e-03  1.100000e-02
     vertex -1.718217e-02 -6.857343e-03  8.639636e-03
   endloop
 endfacet
 facet normal  7.853920e-01  6.188763e-01  1.231015e-02
   outer loop
     vertex -1.472772e-02 -1.119572e-02  1.100000e-02
     vertex -1.388530e-02 -1.222491e-02  8.994244e-03
     vertex -1.513517e-02 -1.063845e-02  8.979236e-03
   endloop
 endfacet
 facet normal  9.904408e-01  1.378222e-01 -5.666294e-03
   outer loop
     vertex -1.818421e-02 -3.403581e-03  7.107114e-03
     vertex -1.839155e-02 -2.000202e-03  5.000000e-03
     vertex -1.842677e-02 -1.644379e-03  7.498050e-03
   endloop
 endfacet
 facet normal  9.449110e-01  3.273273e-01 -3.753497e-05
   outer loop
     vertex -1.718281e-02 -6.855742e-03  6.518335e-03
     vertex -1.774175e-02 -5.242165e-03  6.907616e-03
     vertex -1.718217e-02 -6.857343e-03  8.639636e-03
   endloop
 endfacet
 facet normal  9.105587e-01  4.133799e-01  3.775829e-05
   outer loop
     vertex -1.647153e-02 -8.422503e-03  6.874332e-03
     vertex -1.718281e-02 -6.855742e-03  6.518335e-03
     vertex -1.718217e-02 -6.857343e-03  8.639636e-03
   endloop
 endfacet
 facet normal  8.648376e-01  5.019514e-01  1.003459e-02
   outer loop
     vertex -1.549355e-02 -1.010940e-02  6.968092e-03
     vertex -1.647153e-02 -8.422503e-03  6.874332e-03
     vertex -1.622537e-02 -8.887481e-03  8.917814e-03
   endloop
 endfacet
 facet normal  8.066569e-01  5.909042e-01  1.169983e-02
   outer loop
     vertex -1.431438e-02 -1.171958e-02  6.991770e-03
     vertex -1.549355e-02 -1.010940e-02  6.968092e-03
     vertex -1.513517e-02 -1.063845e-02  8.979236e-03
   endloop
 endfacet
 facet normal  7.382165e-01  6.744567e-01  1.202034e-02
   outer loop
     vertex -1.296239e-02 -1.319949e-02  6.997748e-03
     vertex -1.431438e-02 -1.171958e-02  6.991770e-03
     vertex -1.388530e-02 -1.222491e-02  8.994244e-03
   endloop
 endfacet
 facet normal  6.609174e-01  7.503615e-01  1.207658e-02
   outer loop
     vertex -1.145757e-02 -1.452495e-02  6.998797e-03
     vertex -1.296239e-02 -1.319949e-02  6.997748e-03
     vertex -1.247742e-02 -1.365884e-02  8.998139e-03
   endloop
 endfacet
 facet normal  5.758384e-01  8.174743e-01  1.207708e-02
   outer loop
     vertex -1.145757e-02 -1.452495e-02  6.998797e-03
     vertex -1.092515e-02 -1.492954e-02  8.998837e-03
     vertex -9.818697e-03 -1.567939e-02  6.998741e-03
   endloop
 endfacet
 facet normal  4.840719e-01  8.749452e-01  1.205224e-02
   outer loop
     vertex -8.067141e-03 -1.664846e-02  6.999301e-03
     vertex -9.818697e-03 -1.567939e-02  6.998741e-03
     vertex -9.245630e-03 -1.602399e-02  8.998756e-03
   endloop
 endfacet
 facet normal  3.866669e-01  9.221405e-01  1.206575e-02
   outer loop
     vertex -6.219607e-03 -1.742316e-02  6.999400e-03
     vertex -8.067141e-03 -1.664846e-02  6.999301e-03
     vertex -7.460286e-03 -1.692909e-02  8.999205e-03
   endloop
 endfacet
 facet normal  2.846815e-01  9.585462e-01  1.206751e-02
   outer loop
     vertex -4.298859e-03 -1.799360e-02  6.999130e-03
     vertex -6.219607e-03 -1.742316e-02  6.999400e-03
     vertex -5.585971e-03 -1.763652e-02  8.999308e-03
   endloop
 endfacet
 facet normal  1.793481e-01  9.837117e-01  1.206510e-02
   outer loop
     vertex -4.298859e-03 -1.799360e-02  6.999130e-03
     vertex -3.646018e-03 -1.813716e-02  8.999165e-03
     vertex -2.327724e-03 -1.835298e-02  6.998933e-03
   endloop
 endfacet
 facet normal  7.195991e-02  9.973348e-01  1.204828e-02
   outer loop
     vertex -3.311955e-04 -1.849704e-02  6.999424e-03
     vertex -2.327724e-03 -1.835298e-02  6.998933e-03
     vertex -1.663248e-03 -1.842508e-02  8.999037e-03
   endloop
 endfacet
 facet normal -3.626026e-02  9.992696e-01  1.206218e-02
   outer loop
     vertex  1.670967e-03 -1.842438e-02  6.999365e-03
     vertex -3.311955e-04 -1.849704e-02  6.999424e-03
     vertex  3.370678e-04 -1.849693e-02  8.999510e-03
   endloop
 endfacet
 facet normal -1.441103e-01  9.894881e-01  1.206433e-02
   outer loop
     vertex  1.670967e-03 -1.842438e-02  6.999365e-03
     vertex  2.335362e-03 -1.835200e-02  8.999426e-03
     vertex  3.653709e-03 -1.813561e-02  6.999217e-03
   endloop
 endfacet
 facet normal -2.502388e-01  9.681091e-01  1.205399e-02
   outer loop
     vertex  5.592176e-03 -1.763456e-02  6.999474e-03
     vertex  3.653709e-03 -1.813561e-02  6.999217e-03
     vertex  4.306557e-03 -1.799176e-02  8.999180e-03
   endloop
 endfacet
 facet normal -3.534343e-01  9.353815e-01  1.206772e-02
   outer loop
     vertex  5.592176e-03 -1.763456e-02  6.999474e-03
     vertex  6.225594e-03 -1.742102e-02  8.999442e-03
     vertex  7.466707e-03 -1.692626e-02  6.999205e-03
   endloop
 endfacet
 facet normal -4.524935e-01  8.916862e-01  1.205624e-02
   outer loop
     vertex  9.252183e-03 -1.602021e-02  6.999466e-03
     vertex  7.466707e-03 -1.692626e-02  6.999205e-03
     vertex  8.073516e-03 -1.664537e-02  8.999086e-03
   endloop
 endfacet
 facet normal -5.462367e-01  8.375439e-01  1.206831e-02
   outer loop
     vertex  1.093039e-02 -1.492570e-02  6.999448e-03
     vertex  9.252183e-03 -1.602021e-02  6.999466e-03
     vertex  9.825065e-03 -1.567540e-02  8.999277e-03
   endloop
 endfacet
 facet normal -6.336143e-01  7.735549e-01  1.207181e-02
   outer loop
     vertex  1.248069e-02 -1.365585e-02  6.999077e-03
     vertex  1.093039e-02 -1.492570e-02  6.999448e-03
     vertex  1.146269e-02 -1.452091e-02  8.999269e-03
   endloop
 endfacet
 facet normal -7.135669e-01  7.004831e-01  1.206908e-02
   outer loop
     vertex  1.248069e-02 -1.365585e-02  6.999077e-03
     vertex  1.296597e-02 -1.319597e-02  8.999059e-03
     vertex  1.388450e-02 -1.222582e-02  6.998813e-03
   endloop
 endfacet
 facet normal -7.851119e-01  6.192367e-01  1.205001e-02
   outer loop
     vertex  1.512414e-02 -1.065413e-02  6.999314e-03
     vertex  1.388450e-02 -1.222582e-02  6.998813e-03
     vertex  1.431715e-02 -1.171619e-02  8.998866e-03
   endloop
 endfacet
 facet normal -8.474465e-01  5.307436e-01  1.206556e-02
   outer loop
     vertex  1.512414e-02 -1.065413e-02  6.999314e-03
     vertex  1.549913e-02 -1.010084e-02  8.999350e-03
     vertex  1.618767e-02 -8.955963e-03  6.999136e-03
   endloop
 endfacet
 facet normal -8.998576e-01  4.360172e-01  1.205381e-02
   outer loop
     vertex  1.706067e-02 -7.154271e-03  6.999445e-03
     vertex  1.618767e-02 -8.955963e-03  6.999136e-03
     vertex  1.650071e-02 -8.365191e-03  8.999074e-03
   endloop
 endfacet
 facet normal -9.417173e-01  3.361889e-01  1.206760e-02
   outer loop
     vertex  1.773428e-02 -5.267371e-03  6.999437e-03
     vertex  1.706067e-02 -7.154271e-03  6.999445e-03
     vertex  1.730805e-02 -6.533096e-03  8.999269e-03
   endloop
 endfacet
 facet normal -9.725526e-01  2.323697e-01  1.207218e-02
   outer loop
     vertex  1.819998e-02 -3.318228e-03  6.999046e-03
     vertex  1.773428e-02 -5.267371e-03  6.999437e-03
     vertex  1.791307e-02 -4.622974e-03  8.999252e-03
   endloop
 endfacet
 facet normal -9.919808e-01  1.258106e-01  1.206992e-02
   outer loop
     vertex  1.819998e-02 -3.318228e-03  6.999046e-03
     vertex  1.830800e-02 -2.658382e-03  8.999014e-03
     vertex  1.845212e-02 -1.330205e-03  6.998742e-03
   endloop
 endfacet
 facet normal -9.997683e-01  1.783649e-02  1.204978e-02
   outer loop
     vertex  1.848783e-02  6.710518e-04  6.999287e-03
     vertex  1.845212e-02 -1.330205e-03  6.998742e-03
     vertex  1.848813e-02 -6.625583e-04  8.998758e-03
   endloop
 endfacet
 facet normal -9.958395e-01 -9.032257e-02  1.206525e-02
   outer loop
     vertex  1.830687e-02  2.666204e-03  6.999377e-03
     vertex  1.848783e-02  6.710518e-04  6.999287e-03
     vertex  1.845150e-02  1.338649e-03  8.999186e-03
   endloop
 endfacet
 facet normal -9.802323e-01 -1.974818e-01  1.206882e-02
   outer loop
     vertex  1.791113e-02  4.630500e-03  6.999068e-03
     vertex  1.830687e-02  2.666204e-03  6.999377e-03
     vertex  1.819856e-02  3.326015e-03  8.999266e-03
   endloop
 endfacet
 facet normal -9.531240e-01 -3.023393e-01  1.206769e-02
   outer loop
     vertex  1.791113e-02  4.630500e-03  6.999068e-03
     vertex  1.773212e-02  5.274633e-03  8.999063e-03
     vertex  1.730525e-02  6.540510e-03  6.998779e-03
   endloop
 endfacet
 facet normal -9.148560e-01 -4.036004e-01  1.204973e-02
   outer loop
     vertex  1.649736e-02  8.371813e-03  6.999303e-03
     vertex  1.730525e-02  6.540510e-03  6.998779e-03
     vertex  1.705761e-02  7.161551e-03  8.998785e-03
   endloop
 endfacet
 facet normal -8.658758e-01 -5.001135e-01  1.206494e-02
   outer loop
     vertex  1.549539e-02  1.010657e-02  6.999390e-03
     vertex  1.649736e-02  8.371813e-03  6.999303e-03
     vertex  1.618409e-02  8.962442e-03  8.999202e-03
   endloop
 endfacet
 facet normal -8.067170e-01 -5.908147e-01  1.206830e-02
   outer loop
     vertex  1.431147e-02  1.172313e-02  6.999100e-03
     vertex  1.549539e-02  1.010657e-02  6.999390e-03
     vertex  1.512007e-02  1.065990e-02  8.999286e-03
   endloop
 endfacet
 facet normal -7.380871e-01 -6.745976e-01  1.206710e-02
   outer loop
     vertex  1.431147e-02  1.172313e-02  6.999100e-03
     vertex  1.387858e-02  1.223254e-02  8.999107e-03
     vertex  1.295962e-02  1.320220e-02  6.998847e-03
   endloop
 endfacet
 facet normal -6.608356e-01 -7.504339e-01  1.205005e-02
   outer loop
     vertex  1.145734e-02  1.452513e-02  6.999326e-03
     vertex  1.295962e-02  1.320220e-02  6.998847e-03
     vertex  1.247417e-02  1.366181e-02  8.998887e-03
   endloop
 endfacet
 facet normal -5.758471e-01 -8.174684e-01  1.206541e-02
   outer loop
     vertex  1.145734e-02  1.452513e-02  6.999326e-03
     vertex  1.092517e-02  1.492953e-02  8.999359e-03
     vertex  9.819255e-03  1.567904e-02  6.999144e-03
   endloop
 endfacet
 facet normal -4.840976e-01 -8.749310e-01  1.205356e-02
   outer loop
     vertex  8.067478e-03  1.664830e-02  6.999454e-03
     vertex  9.819255e-03  1.567904e-02  6.999144e-03
     vertex  9.246312e-03  1.602360e-02  8.999088e-03
   endloop
 endfacet
 facet normal -3.866834e-01 -9.221336e-01  1.206689e-02
   outer loop
     vertex  6.219857e-03  1.742307e-02  6.999456e-03
     vertex  8.067478e-03  1.664830e-02  6.999454e-03
     vertex  7.460634e-03  1.692894e-02  8.999290e-03
   endloop
 endfacet
 facet normal -2.846892e-01 -9.585439e-01  1.207091e-02
   outer loop
     vertex  4.298873e-03  1.799360e-02  6.999105e-03
     vertex  6.219857e-03  1.742307e-02  6.999456e-03
     vertex  5.586134e-03  1.763647e-02  8.999290e-03
   endloop
 endfacet
 facet normal -1.793434e-01 -9.837125e-01  1.206814e-02
   outer loop
     vertex  4.298873e-03  1.799360e-02  6.999105e-03
     vertex  3.645926e-03  1.813718e-02  8.999105e-03
     vertex  2.327529e-03  1.835300e-02  6.998883e-03
   endloop
 endfacet
 facet normal -7.194846e-02 -9.973356e-01  1.204929e-02
   outer loop
     vertex  3.309704e-04  1.849704e-02  6.999387e-03
     vertex  2.327529e-03  1.835300e-02  6.998883e-03
     vertex  1.662977e-03  1.842511e-02  8.998979e-03
   endloop
 endfacet
 facet normal  3.627684e-02 -9.992690e-01  1.206451e-02
   outer loop
     vertex -1.671364e-03  1.842435e-02  6.999287e-03
     vertex  3.309704e-04  1.849704e-02  6.999387e-03
     vertex -3.373752e-04  1.849692e-02  8.999455e-03
   endloop
 endfacet
 facet normal  1.441384e-01 -9.894839e-01  1.206848e-02
   outer loop
     vertex -1.671364e-03  1.842435e-02  6.999287e-03
     vertex -2.335924e-03  1.835193e-02  8.999296e-03
     vertex -3.654376e-03  1.813548e-02  6.999024e-03
   endloop
 endfacet
 facet normal  2.502705e-01 -9.681009e-01  1.205695e-02
   outer loop
     vertex -5.592678e-03  1.763440e-02  6.999308e-03
     vertex -3.654376e-03  1.813548e-02  6.999024e-03
     vertex -4.307590e-03  1.799152e-02  8.998841e-03
   endloop
 endfacet
 facet normal  3.534578e-01 -9.353726e-01  1.207331e-02
   outer loop
     vertex -7.467033e-03  1.692612e-02  6.999247e-03
     vertex -5.592678e-03  1.763440e-02  6.999308e-03
     vertex -6.226604e-03  1.742066e-02  8.998985e-03
   endloop
 endfacet
 facet normal  4.525482e-01 -8.916581e-01  1.208156e-02
   outer loop
     vertex -9.253935e-03  1.601920e-02  6.999051e-03
     vertex -7.467033e-03  1.692612e-02  6.999247e-03
     vertex -8.074650e-03  1.664482e-02  8.998620e-03
   endloop
 endfacet
 facet normal  5.463317e-01 -8.374817e-01  1.208481e-02
   outer loop
     vertex -1.093219e-02  1.492439e-02  6.998831e-03
     vertex -9.253935e-03  1.601920e-02  6.999051e-03
     vertex -9.827866e-03  1.567364e-02  8.998273e-03
   endloop
 endfacet
 facet normal  6.336958e-01 -7.734880e-01  1.208253e-02
   outer loop
     vertex -1.248190e-02  1.365475e-02  6.998677e-03
     vertex -1.093219e-02  1.492439e-02  6.998831e-03
     vertex -1.146546e-02  1.451872e-02  8.998024e-03
   endloop
 endfacet
 facet normal  7.136054e-01 -7.004439e-01  1.207260e-02
   outer loop
     vertex -1.388472e-02  1.222557e-02  6.998703e-03
     vertex -1.248190e-02  1.365475e-02  6.998677e-03
     vertex -1.296799e-02  1.319399e-02  8.998004e-03
   endloop
 endfacet
 facet normal  7.851165e-01 -6.192308e-01  1.205237e-02
   outer loop
     vertex -1.512411e-02  1.065417e-02  6.999158e-03
     vertex -1.388472e-02  1.222557e-02  6.998703e-03
     vertex -1.431761e-02  1.171563e-02  8.998354e-03
   endloop
 endfacet
 facet normal  8.473912e-01 -5.308331e-01  1.201465e-02
   outer loop
     vertex -1.618559e-02  8.959723e-03  7.001024e-03
     vertex -1.512411e-02  1.065417e-02  6.999158e-03
     vertex -1.549821e-02  1.010226e-02  8.999504e-03
   endloop
 endfacet
 facet normal  8.997252e-01 -4.362937e-01  1.193394e-02
   outer loop
     vertex -1.705735e-02  7.162179e-03  7.008257e-03
     vertex -1.618559e-02  8.959723e-03  7.001024e-03
     vertex -1.649478e-02  8.376894e-03  9.003466e-03
   endloop
 endfacet
 facet normal  9.416314e-01 -3.364409e-01  1.173627e-02
   outer loop
     vertex -1.773222e-02  5.274326e-03  7.035857e-03
     vertex -1.705735e-02  7.162179e-03  7.008257e-03
     vertex -1.729253e-02  6.574074e-03  9.018182e-03
   endloop
 endfacet
 facet normal  9.730288e-01 -2.304218e-01  1.098915e-02
   outer loop
     vertex -1.821102e-02  3.257097e-03  7.133986e-03
     vertex -1.773222e-02  5.274326e-03  7.035857e-03
     vertex -1.787632e-02  4.763125e-03  9.076111e-03
   endloop
 endfacet
 facet normal  9.917562e-01 -1.280679e-01  4.268440e-03
   outer loop
     vertex -1.844531e-02  1.421513e-03  6.495093e-03
     vertex -1.821102e-02  3.257097e-03  7.133986e-03
     vertex -1.843179e-02  1.587214e-03  8.325553e-03
   endloop
 endfacet
 facet normal  9.051548e-01  4.249026e-01 -1.235395e-02
   outer loop
     vertex -1.718217e-02 -6.857343e-03  8.639636e-03
     vertex -1.622537e-02 -8.887481e-03  8.917814e-03
     vertex -1.647153e-02 -8.422503e-03  6.874332e-03
   endloop
 endfacet
 facet normal  7.855059e-01  6.187345e-01 -1.217410e-02
   outer loop
     vertex -1.513517e-02 -1.063845e-02  8.979236e-03
     vertex -1.388530e-02 -1.222491e-02  8.994244e-03
     vertex -1.431438e-02 -1.171958e-02  6.991770e-03
   endloop
 endfacet
 facet normal  7.135233e-01  7.005267e-01 -1.212052e-02
   outer loop
     vertex -1.388530e-02 -1.222491e-02  8.994244e-03
     vertex -1.247742e-02 -1.365884e-02  8.998139e-03
     vertex -1.296239e-02 -1.319949e-02  6.997748e-03
   endloop
 endfacet
 facet normal  8.490318e-01  5.281975e-01 -1.234693e-02
   outer loop
     vertex -1.513517e-02 -1.063845e-02  8.979236e-03
     vertex -1.549355e-02 -1.010940e-02  6.968092e-03
     vertex -1.622537e-02 -8.887481e-03  8.917814e-03
   endloop
 endfacet
 facet normal  4.521430e-01  8.918640e-01 -1.205092e-02
   outer loop
     vertex -9.245630e-03 -1.602399e-02  8.998756e-03
     vertex -7.460286e-03 -1.692909e-02  8.999205e-03
     vertex -8.067141e-03 -1.664846e-02  6.999301e-03
   endloop
 endfacet
 facet normal  3.530944e-01  9.355099e-01 -1.206563e-02
   outer loop
     vertex -7.460286e-03 -1.692909e-02  8.999205e-03
     vertex -5.585971e-03 -1.763652e-02  8.999308e-03
     vertex -6.219607e-03 -1.742316e-02  6.999400e-03
   endloop
 endfacet
 facet normal  3.589551e-02  9.992829e-01 -1.204631e-02
   outer loop
     vertex -1.663248e-03 -1.842508e-02  8.999037e-03
     vertex  3.370678e-04 -1.849693e-02  8.999510e-03
     vertex -3.311955e-04 -1.849704e-02  6.999424e-03
   endloop
 endfacet
 facet normal -4.844190e-01  8.747530e-01 -1.205614e-02
   outer loop
     vertex  8.073516e-03 -1.664537e-02  8.999086e-03
     vertex  9.825065e-03 -1.567540e-02  8.999277e-03
     vertex  9.252183e-03 -1.602021e-02  6.999466e-03
   endloop
 endfacet
 facet normal -5.761482e-01  8.172561e-01 -1.206966e-02
   outer loop
     vertex  9.825065e-03 -1.567540e-02  8.999277e-03
     vertex  1.146269e-02 -1.452091e-02  8.999269e-03
     vertex  1.093039e-02 -1.492570e-02  6.999448e-03
   endloop
 endfacet
 facet normal -9.150241e-01  4.032189e-01 -1.205496e-02
   outer loop
     vertex  1.650071e-02 -8.365191e-03  8.999074e-03
     vertex  1.730805e-02 -6.533096e-03  8.999269e-03
     vertex  1.706067e-02 -7.154271e-03  6.999445e-03
   endloop
 endfacet
 facet normal -9.532517e-01  3.019364e-01 -1.206972e-02
   outer loop
     vertex  1.730805e-02 -6.533096e-03  8.999269e-03
     vertex  1.791307e-02 -4.622974e-03  8.999252e-03
     vertex  1.773428e-02 -5.267371e-03  6.999437e-03
   endloop
 endfacet
 facet normal -9.997600e-01 -1.829561e-02 -1.204966e-02
   outer loop
     vertex  1.848813e-02 -6.625583e-04  8.998758e-03
     vertex  1.845150e-02  1.338649e-03  8.999186e-03
     vertex  1.848783e-02  6.710518e-04  6.999287e-03
   endloop
 endfacet
 facet normal -9.919254e-01 -1.262475e-01 -1.206630e-02
   outer loop
     vertex  1.845150e-02  1.338649e-03  8.999186e-03
     vertex  1.819856e-02  3.326015e-03  8.999266e-03
     vertex  1.830687e-02  2.666204e-03  6.999377e-03
   endloop
 endfacet
 facet normal -8.996776e-01 -4.363887e-01 -1.204966e-02
   outer loop
     vertex  1.705761e-02  7.161551e-03  8.998785e-03
     vertex  1.618409e-02  8.962442e-03  8.999202e-03
     vertex  1.649736e-02  8.371813e-03  6.999303e-03
   endloop
 endfacet
 facet normal -8.472397e-01 -5.310737e-01 -1.206584e-02
   outer loop
     vertex  1.618409e-02  8.962442e-03  8.999202e-03
     vertex  1.512007e-02  1.065990e-02  8.999286e-03
     vertex  1.549539e-02  1.010657e-02  6.999390e-03
   endloop
 endfacet
 facet normal -4.521698e-01 -8.918504e-01 -1.205445e-02
   outer loop
     vertex  9.246312e-03  1.602360e-02  8.999088e-03
     vertex  7.460634e-03  1.692894e-02  8.999290e-03
     vertex  8.067478e-03  1.664830e-02  6.999454e-03
   endloop
 endfacet
 facet normal -3.531077e-01 -9.355048e-01 -1.206861e-02
   outer loop
     vertex  7.460634e-03  1.692894e-02  8.999290e-03
     vertex  5.586134e-03  1.763647e-02  8.999290e-03
     vertex  6.219857e-03  1.742307e-02  6.999456e-03
   endloop
 endfacet
 facet normal -3.587987e-02 -9.992835e-01 -1.204748e-02
   outer loop
     vertex  1.662977e-03  1.842511e-02  8.998979e-03
     vertex -3.373752e-04  1.849692e-02  8.999455e-03
     vertex  3.309704e-04  1.849704e-02  6.999387e-03
   endloop
 endfacet
 facet normal  2.851041e-01 -9.584207e-01 -1.205931e-02
   outer loop
     vertex -4.307590e-03  1.799152e-02  8.998841e-03
     vertex -6.226604e-03  1.742066e-02  8.998985e-03
     vertex -5.592678e-03  1.763440e-02  6.999308e-03
   endloop
 endfacet
 facet normal  3.870625e-01 -9.219743e-01 -1.208502e-02
   outer loop
     vertex -6.226604e-03  1.742066e-02  8.998985e-03
     vertex -8.074650e-03  1.664482e-02  8.998620e-03
     vertex -7.467033e-03  1.692612e-02  6.999247e-03
   endloop
 endfacet
 facet normal  4.845296e-01 -8.746913e-01 -1.208864e-02
   outer loop
     vertex -8.074650e-03  1.664482e-02  8.998620e-03
     vertex -9.827866e-03  1.567364e-02  8.998273e-03
     vertex -9.253935e-03  1.601920e-02  6.999051e-03
   endloop
 endfacet
 facet normal  5.763004e-01 -8.171486e-01 -1.208687e-02
   outer loop
     vertex -9.827866e-03  1.567364e-02  8.998273e-03
     vertex -1.146546e-02  1.451872e-02  8.998024e-03
     vertex -1.093219e-02  1.492439e-02  6.998831e-03
   endloop
 endfacet
 facet normal  6.612852e-01 -7.500373e-01 -1.207708e-02
   outer loop
     vertex -1.146546e-02  1.451872e-02  8.998024e-03
     vertex -1.296799e-02  1.319399e-02  8.998004e-03
     vertex -1.248190e-02  1.365475e-02  6.998677e-03
   endloop
 endfacet
 facet normal  7.384751e-01 -6.741730e-01 -1.205583e-02
   outer loop
     vertex -1.296799e-02  1.319399e-02  8.998004e-03
     vertex -1.431761e-02  1.171563e-02  8.998354e-03
     vertex -1.388472e-02  1.222557e-02  6.998703e-03
   endloop
 endfacet
 facet normal  8.069495e-01 -5.904983e-01 -1.201074e-02
   outer loop
     vertex -1.431761e-02  1.171563e-02  8.998354e-03
     vertex -1.549821e-02  1.010226e-02  8.999504e-03
     vertex -1.512411e-02  1.065417e-02  6.999158e-03
   endloop
 endfacet
 facet normal  8.658588e-01 -5.001474e-01 -1.188037e-02
   outer loop
     vertex -1.549821e-02  1.010226e-02  8.999504e-03
     vertex -1.649478e-02  8.376894e-03  9.003466e-03
     vertex -1.618559e-02  8.959723e-03  7.001024e-03
   endloop
 endfacet
 facet normal  9.143752e-01 -4.047066e-01 -1.142750e-02
   outer loop
     vertex -1.649478e-02  8.376894e-03  9.003466e-03
     vertex -1.729253e-02  6.574074e-03  9.018182e-03
     vertex -1.705735e-02  7.162179e-03  7.008257e-03
   endloop
 endfacet
 facet normal  9.516326e-01 -3.070842e-01 -9.730356e-03
   outer loop
     vertex -1.729253e-02  6.574074e-03  9.018182e-03
     vertex -1.787632e-02  4.763125e-03  9.076111e-03
     vertex -1.773222e-02  5.274326e-03  7.035857e-03
   endloop
 endfacet
 facet normal  9.489024e-01  3.153212e-01 -1.252332e-02
   outer loop
     vertex -1.788672e-02 -4.723906e-03  8.972328e-03
     vertex -1.718217e-02 -6.857343e-03  8.639636e-03
     vertex -1.774175e-02 -5.242165e-03  6.907616e-03
   endloop
 endfacet
 facet normal  9.724374e-01  2.329578e-01  9.802974e-03
   outer loop
     vertex -1.774175e-02 -5.242165e-03  6.907616e-03
     vertex -1.818421e-02 -3.403581e-03  7.107114e-03
     vertex -1.788672e-02 -4.723906e-03  8.972328e-03
   endloop
 endfacet
 facet normal  9.970729e-01  7.078790e-02 -2.888975e-02
   outer loop
     vertex -1.842677e-02 -1.644379e-03  7.498050e-03
     vertex -1.850000e-02 -2.265597e-18  9.000000e-03
     vertex -1.830637e-02 -2.669605e-03  9.141460e-03
   endloop
 endfacet
 facet normal  9.908976e-01  1.341600e-01  1.109676e-02
   outer loop
     vertex -1.842677e-02 -1.644379e-03  7.498050e-03
     vertex -1.830637e-02 -2.669605e-03  9.141460e-03
     vertex -1.818421e-02 -3.403581e-03  7.107114e-03
   endloop
 endfacet
 facet normal  9.794498e-01  2.012165e-01 -1.378411e-02
   outer loop
     vertex -1.830637e-02 -2.669605e-03  9.141460e-03
     vertex -1.788672e-02 -4.723906e-03  8.972328e-03
     vertex -1.818421e-02 -3.403581e-03  7.107114e-03
   endloop
 endfacet
 facet normal  6.333905e-01  7.737378e-01 -1.209118e-02
   outer loop
     vertex -1.145757e-02 -1.452495e-02  6.998797e-03
     vertex -1.247742e-02 -1.365884e-02  8.998139e-03
     vertex -1.092515e-02 -1.492954e-02  8.998837e-03
   endloop
 endfacet
 facet normal  2.498608e-01  9.682066e-01 -1.206415e-02
   outer loop
     vertex -4.298859e-03 -1.799360e-02  6.999130e-03
     vertex -5.585971e-03 -1.763652e-02  8.999308e-03
     vertex -3.646018e-03 -1.813716e-02  8.999165e-03
   endloop
 endfacet
 facet normal -7.232921e-02  9.973079e-01 -1.206341e-02
   outer loop
     vertex  1.670967e-03 -1.842438e-02  6.999365e-03
     vertex  3.370678e-04 -1.849693e-02  8.999510e-03
     vertex  2.335362e-03 -1.835200e-02  8.999426e-03
   endloop
 endfacet
 facet normal -2.850482e-01  9.584374e-01 -1.205277e-02
   outer loop
     vertex  5.592176e-03 -1.763456e-02  6.999474e-03
     vertex  4.306557e-03 -1.799176e-02  8.999180e-03
     vertex  6.225594e-03 -1.742102e-02  8.999442e-03
   endloop
 endfacet
 facet normal -3.870044e-01  9.219989e-01 -1.207215e-02
   outer loop
     vertex  8.073516e-03 -1.664537e-02  8.999086e-03
     vertex  7.466707e-03 -1.692626e-02  6.999205e-03
     vertex  6.225594e-03 -1.742102e-02  8.999442e-03
   endloop
 endfacet
 facet normal -6.611573e-01  7.501502e-01 -1.206849e-02
   outer loop
     vertex  1.248069e-02 -1.365585e-02  6.999077e-03
     vertex  1.146269e-02 -1.452091e-02  8.999269e-03
     vertex  1.296597e-02 -1.319597e-02  8.999059e-03
   endloop
 endfacet
 facet normal -8.069670e-01  5.904736e-01 -1.204792e-02
   outer loop
     vertex  1.512414e-02 -1.065413e-02  6.999314e-03
     vertex  1.431715e-02 -1.171619e-02  8.998866e-03
     vertex  1.549913e-02 -1.010084e-02  8.999350e-03
   endloop
 endfacet
 facet normal -8.660697e-01  4.997775e-01 -1.206936e-02
   outer loop
     vertex  1.650071e-02 -8.365191e-03  8.999074e-03
     vertex  1.618767e-02 -8.955963e-03  6.999136e-03
     vertex  1.549913e-02 -1.010084e-02  8.999350e-03
   endloop
 endfacet
 facet normal -9.803157e-01  1.970669e-01 -1.206957e-02
   outer loop
     vertex  1.819998e-02 -3.318228e-03  6.999046e-03
     vertex  1.791307e-02 -4.622974e-03  8.999252e-03
     vertex  1.830800e-02 -2.658382e-03  8.999014e-03
   endloop
 endfacet
 facet normal -9.724556e-01 -2.327758e-01 -1.206663e-02
   outer loop
     vertex  1.791113e-02  4.630500e-03  6.999068e-03
     vertex  1.819856e-02  3.326015e-03  8.999266e-03
     vertex  1.773212e-02  5.274633e-03  8.999063e-03
   endloop
 endfacet
 facet normal -7.848411e-01 -6.195796e-01 -1.206575e-02
   outer loop
     vertex  1.431147e-02  1.172313e-02  6.999100e-03
     vertex  1.512007e-02  1.065990e-02  8.999286e-03
     vertex  1.387858e-02  1.223254e-02  8.999107e-03
   endloop
 endfacet
 facet normal -6.332982e-01 -7.738141e-01 -1.204801e-02
   outer loop
     vertex  1.145734e-02  1.452513e-02  6.999326e-03
     vertex  1.247417e-02  1.366181e-02  8.998887e-03
     vertex  1.092517e-02  1.492953e-02  8.999359e-03
   endloop
 endfacet
 facet normal -5.459352e-01 -8.377404e-01 -1.206900e-02
   outer loop
     vertex  9.246312e-03  1.602360e-02  8.999088e-03
     vertex  9.819255e-03  1.567904e-02  6.999144e-03
     vertex  1.092517e-02  1.492953e-02  8.999359e-03
   endloop
 endfacet
 facet normal -2.498626e-01 -9.682061e-01 -1.206764e-02
   outer loop
     vertex  4.298873e-03  1.799360e-02  6.999105e-03
     vertex  5.586134e-03  1.763647e-02  8.999290e-03
     vertex  3.645926e-03  1.813718e-02  8.999105e-03
   endloop
 endfacet
 facet normal  7.235319e-02 -9.973061e-01 -1.206741e-02
   outer loop
     vertex -1.671364e-03  1.842435e-02  6.999287e-03
     vertex -3.373752e-04  1.849692e-02  8.999455e-03
     vertex -2.335924e-03  1.835193e-02  8.999296e-03
   endloop
 endfacet
 facet normal  9.769650e-01 -2.133800e-01 -2.904360e-03
   outer loop
     vertex -1.821102e-02  3.257097e-03  7.133986e-03
     vertex -1.787632e-02  4.763125e-03  9.076111e-03
     vertex -1.823680e-02  3.109508e-03  9.305185e-03
   endloop
 endfacet
 facet normal  9.916463e-01 -1.289521e-01  3.009008e-03
   outer loop
     vertex -1.843179e-02  1.587214e-03  8.325553e-03
     vertex -1.821102e-02  3.257097e-03  7.133986e-03
     vertex -1.823680e-02  3.109508e-03  9.305185e-03
   endloop
 endfacet
 facet normal  5.459179e-01  8.377517e-01 -1.207704e-02
   outer loop
     vertex -9.245630e-03 -1.602399e-02  8.998756e-03
     vertex -9.818697e-03 -1.567939e-02  6.998741e-03
     vertex -1.092515e-02 -1.492954e-02  8.998837e-03
   endloop
 endfacet
 facet normal -1.797636e-01  9.836358e-01 -1.206803e-02
   outer loop
     vertex  4.306557e-03 -1.799176e-02  8.999180e-03
     vertex  3.653709e-03 -1.813561e-02  6.999217e-03
     vertex  2.335362e-03 -1.835200e-02  8.999426e-03
   endloop
 endfacet
 facet normal -7.384126e-01  6.742412e-01 -1.206772e-02
   outer loop
     vertex  1.431715e-02 -1.171619e-02  8.998866e-03
     vertex  1.388450e-02 -1.222582e-02  6.998813e-03
     vertex  1.296597e-02 -1.319597e-02  8.999059e-03
   endloop
 endfacet
 facet normal -9.958796e-01  8.987899e-02 -1.206951e-02
   outer loop
     vertex  1.848813e-02 -6.625583e-04  8.998758e-03
     vertex  1.845212e-02 -1.330205e-03  6.998742e-03
     vertex  1.830800e-02 -2.658382e-03  8.999014e-03
   endloop
 endfacet
 facet normal -9.415760e-01 -3.365842e-01 -1.206856e-02
   outer loop
     vertex  1.705761e-02  7.161551e-03  8.998785e-03
     vertex  1.730525e-02  6.540510e-03  6.998779e-03
     vertex  1.773212e-02  5.274633e-03  8.999063e-03
   endloop
 endfacet
 facet normal -7.132304e-01 -7.008258e-01 -1.206710e-02
   outer loop
     vertex  1.247417e-02  1.366181e-02  8.998887e-03
     vertex  1.295962e-02  1.320220e-02  6.998847e-03
     vertex  1.387858e-02  1.223254e-02  8.999107e-03
   endloop
 endfacet
 facet normal -1.436835e-01 -9.895501e-01 -1.206608e-02
   outer loop
     vertex  1.662977e-03  1.842511e-02  8.998979e-03
     vertex  2.327529e-03  1.835300e-02  6.998883e-03
     vertex  3.645926e-03  1.813718e-02  8.999105e-03
   endloop
 endfacet
 facet normal  1.798080e-01 -9.836276e-01 -1.207640e-02
   outer loop
     vertex -4.307590e-03  1.799152e-02  8.998841e-03
     vertex -3.654376e-03  1.813548e-02  6.999024e-03
     vertex -2.335924e-03  1.835193e-02  8.999296e-03
   endloop
 endfacet
 facet normal  1.436933e-01  9.895487e-01 -1.206373e-02
   outer loop
     vertex -1.663248e-03 -1.842508e-02  8.999037e-03
     vertex -2.327724e-03 -1.835298e-02  6.998933e-03
     vertex -3.646018e-03 -1.813716e-02  8.999165e-03
   endloop
 endfacet
 facet normal  0.000000e+00  0.000000e+00  1.000000e+00
   outer loop
     vertex  2.615782e-02  3.000000e-03  1.100000e-02
     vertex  2.431563e-02  3.000000e-03  1.100000e-02
     vertex  2.532740e-02  1.493384e-03  1.100000e-02
   endloop
 endfacet
 facet normal  0.000000e+00  0.000000e+00  1.000000e+00
   outer loop
     vertex  2.800000e-02  3.000000e-03  1.100000e-02
     vertex  2.615782e-02  3.000000e-03  1.100000e-02
     vertex  2.800000e-02  1.000000e-03  1.100000e-02
   endloop
 endfacet
 facet normal  0.000000e+00 -0.000000e+00  1.000000e+00
   outer loop
     vertex  2.399024e-02 -4.971736e-03  1.100000e-02
     vertex  2.431563e-02 -3.000000e-03  1.100000e-02
     vertex  2.233522e-02 -3.299112e-03  1.100000e-02
   endloop
 endfacet
 facet normal  0.000000e+00 -0.000000e+00  1.000000e+00
   outer loop
     vertex  2.350524e-02 -6.910393e-03  1.100000e-02
     vertex  2.399024e-02 -4.971736e-03  1.100000e-02
     vertex  2.180084e-02 -5.248496e-03  1.100000e-02
   endloop
 endfacet
 facet normal  0.000000e+00  0.000000e+00  1.000000e+00
   outer loop
     vertex  2.399024e-02 -4.971736e-03  1.100000e-02
     vertex  2.233522e-02 -3.299112e-03  1.100000e-02
     vertex  2.180084e-02 -5.248496e-03  1.100000e-02
   endloop
 endfacet
 facet normal  0.000000e+00 -0.000000e+00  1.000000e+00
   outer loop
     vertex  2.286386e-02 -8.803074e-03  1.100000e-02
     vertex  2.350524e-02 -6.910393e-03  1.100000e-02
     vertex  2.120807e-02 -7.180643e-03  1.100000e-02
   endloop
 endfacet
 facet normal  0.000000e+00  0.000000e+00  1.000000e+00
   outer loop
     vertex  2.350524e-02 -6.910393e-03  1.100000e-02
     vertex  2.180084e-02 -5.248496e-03  1.100000e-02
     vertex  2.120807e-02 -7.180643e-03  1.100000e-02
   endloop
 endfacet
 facet normal  0.000000e+00 -0.000000e+00  1.000000e+00
   outer loop
     vertex  2.207035e-02 -1.063719e-02  1.100000e-02
     vertex  2.286386e-02 -8.803074e-03  1.100000e-02
     vertex  2.048585e-02 -9.064816e-03  1.100000e-02
   endloop
 endfacet
 facet normal  0.000000e+00  0.000000e+00  1.000000e+00
   outer loop
     vertex  2.286386e-02 -8.803074e-03  1.100000e-02
     vertex  2.120807e-02 -7.180643e-03  1.100000e-02
     vertex  2.048585e-02 -9.064816e-03  1.100000e-02
   endloop
 endfacet
 facet normal  0.000000e+00 -0.000000e+00  1.000000e+00
   outer loop
     vertex  2.113000e-02 -1.240053e-02  1.100000e-02
     vertex  2.207035e-02 -1.063719e-02  1.100000e-02
     vertex  1.967117e-02 -1.089403e-02  1.100000e-02
   endloop
 endfacet
 facet normal  0.000000e+00  0.000000e+00  1.000000e+00
   outer loop
     vertex  2.207035e-02 -1.063719e-02  1.100000e-02
     vertex  2.048585e-02 -9.064816e-03  1.100000e-02
     vertex  1.967117e-02 -1.089403e-02  1.100000e-02
   endloop
 endfacet
 facet normal  0.000000e+00 -0.000000e+00  1.000000e+00
   outer loop
     vertex  2.004907e-02 -1.408136e-02  1.100000e-02
     vertex  2.113000e-02 -1.240053e-02  1.100000e-02
     vertex  1.904403e-02 -1.264080e-02  1.100000e-02
   endloop
 endfacet
 facet normal  0.000000e+00  0.000000e+00  1.000000e+00
   outer loop
     vertex  2.113000e-02 -1.240053e-02  1.100000e-02
     vertex  1.967117e-02 -1.089403e-02  1.100000e-02
     vertex  1.904403e-02 -1.264080e-02  1.100000e-02
   endloop
 endfacet
 facet normal  0.000000e+00 -0.000000e+00  1.000000e+00
   outer loop
     vertex  1.883475e-02 -1.566851e-02  1.100000e-02
     vertex  2.004907e-02 -1.408136e-02  1.100000e-02
     vertex  1.755271e-02 -1.430930e-02  1.100000e-02
   endloop
 endfacet
 facet normal  0.000000e+00  0.000000e+00  1.000000e+00
   outer loop
     vertex  2.004907e-02 -1.408136e-02  1.100000e-02
     vertex  1.904403e-02 -1.264080e-02  1.100000e-02
     vertex  1.755271e-02 -1.430930e-02  1.100000e-02
   endloop
 endfacet
 facet normal  0.000000e+00  0.000000e+00  1.000000e+00
   outer loop
     vertex  1.749511e-02 -1.715141e-02  1.100000e-02
     vertex  1.883475e-02 -1.566851e-02  1.100000e-02
     vertex  1.755271e-02 -1.430930e-02  1.100000e-02
   endloop
 endfacet
 facet normal  0.000000e+00 -0.000000e+00  1.000000e+00
   outer loop
     vertex  1.603908e-02 -1.852020e-02  1.100000e-02
     vertex  1.749511e-02 -1.715141e-02  1.100000e-02
     vertex  1.576695e-02 -1.594403e-02  1.100000e-02
   endloop
 endfacet
 facet normal  0.000000e+00 -0.000000e+00  1.000000e+00
   outer loop
     vertex  1.447633e-02 -1.976577e-02  1.100000e-02
     vertex  1.603908e-02 -1.852020e-02  1.100000e-02
     vertex  1.415623e-02 -1.733696e-02  1.100000e-02
   endloop
 endfacet
 facet normal  0.000000e+00  0.000000e+00  1.000000e+00
   outer loop
     vertex  1.603908e-02 -1.852020e-02  1.100000e-02
     vertex  1.576695e-02 -1.594403e-02  1.100000e-02
     vertex  1.415623e-02 -1.733696e-02  1.100000e-02
   endloop
 endfacet
 facet normal  0.000000e+00 -0.000000e+00  1.000000e+00
   outer loop
     vertex  1.281727e-02 -2.087984e-02  1.100000e-02
     vertex  1.447633e-02 -1.976577e-02  1.100000e-02
     vertex  1.250181e-02 -1.855575e-02  1.100000e-02
   endloop
 endfacet
 facet normal  0.000000e+00  0.000000e+00  1.000000e+00
   outer loop
     vertex  1.447633e-02 -1.976577e-02  1.100000e-02
     vertex  1.415623e-02 -1.733696e-02  1.100000e-02
     vertex  1.250181e-02 -1.855575e-02  1.100000e-02
   endloop
 endfacet
 facet normal  0.000000e+00 -0.000000e+00  1.000000e+00
   outer loop
     vertex  1.107294e-02 -2.185498e-02  1.100000e-02
     vertex  1.281727e-02 -2.087984e-02  1.100000e-02
     vertex  1.074820e-02 -1.962841e-02  1.100000e-02
   endloop
 endfacet
 facet normal  0.000000e+00  0.000000e+00  1.000000e+00
   outer loop
     vertex  1.281727e-02 -2.087984e-02  1.100000e-02
     vertex  1.250181e-02 -1.855575e-02  1.100000e-02
     vertex  1.074820e-02 -1.962841e-02  1.100000e-02
   endloop
 endfacet
 facet normal  0.000000e+00 -0.000000e+00  1.000000e+00
   outer loop
     vertex  9.254926e-03 -2.268472e-02  1.100000e-02
     vertex  1.107294e-02 -2.185498e-02  1.100000e-02
     vertex  8.845352e-03 -2.058825e-02  1.100000e-02
   endloop
 endfacet
 facet normal  0.000000e+00  0.000000e+00  1.000000e+00
   outer loop
     vertex  1.107294e-02 -2.185498e-02  1.100000e-02
     vertex  1.074820e-02 -1.962841e-02  1.100000e-02
     vertex  8.845352e-03 -2.058825e-02  1.100000e-02
   endloop
 endfacet
 facet normal  0.000000e+00 -0.000000e+00  1.000000e+00
   outer loop
     vertex  7.375342e-03 -2.336353e-02  1.100000e-02
     vertex  9.254926e-03 -2.268472e-02  1.100000e-02
     vertex  6.614495e-03 -2.158566e-02  1.100000e-02
   endloop
 endfacet
 facet normal  0.000000e+00  0.000000e+00  1.000000e+00
   outer loop
     vertex  9.254926e-03 -2.268472e-02  1.100000e-02
     vertex  8.845352e-03 -2.058825e-02  1.100000e-02
     vertex  6.614495e-03 -2.158566e-02  1.100000e-02
   endloop
 endfacet
 facet normal  0.000000e+00  0.000000e+00  1.000000e+00
   outer loop
     vertex  7.375342e-03 -2.336353e-02  1.100000e-02
     vertex  6.614495e-03 -2.158566e-02  1.100000e-02
     vertex  5.446688e-03 -2.388689e-02  1.100000e-02
   endloop
 endfacet
 facet normal -0.000000e+00  0.000000e+00  1.000000e+00
   outer loop
     vertex  4.226818e-03 -2.212906e-02  1.100000e-02
     vertex  5.446688e-03 -2.388689e-02  1.100000e-02
     vertex  6.614495e-03 -2.158566e-02  1.100000e-02
   endloop
 endfacet
 facet normal  0.000000e+00  0.000000e+00  1.000000e+00
   outer loop
     vertex  3.481795e-03 -2.425133e-02  1.100000e-02
     vertex  5.446688e-03 -2.388689e-02  1.100000e-02
     vertex  4.226818e-03 -2.212906e-02  1.100000e-02
   endloop
 endfacet
 facet normal  0.000000e+00  0.000000e+00  1.000000e+00
   outer loop
     vertex  1.493737e-03 -2.445442e-02  1.100000e-02
     vertex  3.481795e-03 -2.425133e-02  1.100000e-02
     vertex  2.430958e-03 -2.274732e-02  1.100000e-02
   endloop
 endfacet
 facet normal  0.000000e+00  0.000000e+00  1.000000e+00
   outer loop
     vertex -5.042590e-04 -2.449481e-02  1.100000e-02
     vertex  1.493737e-03 -2.445442e-02  1.100000e-02
     vertex  6.488631e-04 -2.249014e-02  1.100000e-02
   endloop
 endfacet
 facet normal  0.000000e+00 -0.000000e+00  1.000000e+00
   outer loop
     vertex  1.493737e-03 -2.445442e-02  1.100000e-02
     vertex  2.430958e-03 -2.274732e-02  1.100000e-02
     vertex  6.488631e-04 -2.249014e-02  1.100000e-02
   endloop
 endfacet
 facet normal -0.000000e+00  0.000000e+00  1.000000e+00
   outer loop
     vertex -2.498900e-03 -2.437223e-02  1.100000e-02
     vertex -5.042590e-04 -2.449481e-02  1.100000e-02
     vertex -1.327066e-03 -2.236450e-02  1.100000e-02
   endloop
 endfacet
 facet normal  0.000000e+00 -0.000000e+00  1.000000e+00
   outer loop
     vertex -5.042590e-04 -2.449481e-02  1.100000e-02
     vertex  6.488631e-04 -2.249014e-02  1.100000e-02
     vertex -1.327066e-03 -2.236450e-02  1.100000e-02
   endloop
 endfacet
 facet normal -0.000000e+00  0.000000e+00  1.000000e+00
   outer loop
     vertex -4.476915e-03 -2.408749e-02  1.100000e-02
     vertex -2.498900e-03 -2.437223e-02  1.100000e-02
     vertex -3.330774e-03 -2.213193e-02  1.100000e-02
   endloop
 endfacet
 facet normal  0.000000e+00 -0.000000e+00  1.000000e+00
   outer loop
     vertex -2.498900e-03 -2.437223e-02  1.100000e-02
     vertex -1.327066e-03 -2.236450e-02  1.100000e-02
     vertex -3.330774e-03 -2.213193e-02  1.100000e-02
   endloop
 endfacet
 facet normal -0.000000e+00  0.000000e+00  1.000000e+00
   outer loop
     vertex -6.425145e-03 -2.364249e-02  1.100000e-02
     vertex -4.476915e-03 -2.408749e-02  1.100000e-02
     vertex -5.339174e-03 -2.173745e-02  1.100000e-02
   endloop
 endfacet
 facet normal  0.000000e+00 -0.000000e+00  1.000000e+00
   outer loop
     vertex -4.476915e-03 -2.408749e-02  1.100000e-02
     vertex -3.330774e-03 -2.213193e-02  1.100000e-02
     vertex -5.339174e-03 -2.173745e-02  1.100000e-02
   endloop
 endfacet
 facet normal -0.000000e+00  0.000000e+00  1.000000e+00
   outer loop
     vertex -8.330626e-03 -2.304020e-02  1.100000e-02
     vertex -6.425145e-03 -2.364249e-02  1.100000e-02
     vertex -7.390347e-03 -2.117060e-02  1.100000e-02
   endloop
 endfacet
 facet normal  0.000000e+00 -0.000000e+00  1.000000e+00
   outer loop
     vertex -6.425145e-03 -2.364249e-02  1.100000e-02
     vertex -5.339174e-03 -2.173745e-02  1.100000e-02
     vertex -7.390347e-03 -2.117060e-02  1.100000e-02
   endloop
 endfacet
 facet normal -0.000000e+00  0.000000e+00  1.000000e+00
   outer loop
     vertex -1.018068e-02 -2.228461e-02  1.100000e-02
     vertex -8.330626e-03 -2.304020e-02  1.100000e-02
     vertex -9.684785e-03 -2.047089e-02  1.100000e-02
   endloop
 endfacet
 facet normal  0.000000e+00 -0.000000e+00  1.000000e+00
   outer loop
     vertex -8.330626e-03 -2.304020e-02  1.100000e-02
     vertex -7.390347e-03 -2.117060e-02  1.100000e-02
     vertex -9.684785e-03 -2.047089e-02  1.100000e-02
   endloop
 endfacet
 facet normal -0.000000e+00  0.000000e+00  1.000000e+00
   outer loop
     vertex -1.196300e-02 -2.138075e-02  1.100000e-02
     vertex -1.018068e-02 -2.228461e-02  1.100000e-02
     vertex -9.684785e-03 -2.047089e-02  1.100000e-02
   endloop
 endfacet
 facet normal -0.000000e+00  0.000000e+00  1.000000e+00
   outer loop
     vertex -1.366573e-02 -2.033465e-02  1.100000e-02
     vertex -1.196300e-02 -2.138075e-02  1.100000e-02
     vertex -1.174105e-02 -1.961157e-02  1.100000e-02
   endloop
 endfacet
 facet normal -0.000000e+00  0.000000e+00  1.000000e+00
   outer loop
     vertex -1.527754e-02 -1.915325e-02  1.100000e-02
     vertex -1.366573e-02 -2.033465e-02  1.100000e-02
     vertex -1.307695e-02 -1.829343e-02  1.100000e-02
   endloop
 endfacet
 facet normal  0.000000e+00  0.000000e+00  1.000000e+00
   outer loop
     vertex -1.366573e-02 -2.033465e-02  1.100000e-02
     vertex -1.174105e-02 -1.961157e-02  1.100000e-02
     vertex -1.307695e-02 -1.829343e-02  1.100000e-02
   endloop
 endfacet
 facet normal -0.000000e+00  0.000000e+00  1.000000e+00
   outer loop
     vertex -1.678770e-02 -1.784442e-02  1.100000e-02
     vertex -1.527754e-02 -1.915325e-02  1.100000e-02
     vertex -1.460654e-02 -1.698202e-02  1.100000e-02
   endloop
 endfacet
 facet normal  0.000000e+00  0.000000e+00  1.000000e+00
   outer loop
     vertex -1.527754e-02 -1.915325e-02  1.100000e-02
     vertex -1.307695e-02 -1.829343e-02  1.100000e-02
     vertex -1.460654e-02 -1.698202e-02  1.100000e-02
   endloop
 endfacet
 facet normal -0.000000e+00  0.000000e+00  1.000000e+00
   outer loop
     vertex -1.818616e-02 -1.641687e-02  1.100000e-02
     vertex -1.678770e-02 -1.784442e-02  1.100000e-02
     vertex -1.607052e-02 -1.557563e-02  1.100000e-02
   endloop
 endfacet
 facet normal  0.000000e+00  0.000000e+00  1.000000e+00
   outer loop
     vertex -1.678770e-02 -1.784442e-02  1.100000e-02
     vertex -1.460654e-02 -1.698202e-02  1.100000e-02
     vertex -1.607052e-02 -1.557563e-02  1.100000e-02
   endloop
 endfacet
 facet normal -0.000000e+00  0.000000e+00  1.000000e+00
   outer loop
     vertex -1.946363e-02 -1.488009e-02  1.100000e-02
     vertex -1.818616e-02 -1.641687e-02  1.100000e-02
     vertex -1.743170e-02 -1.404089e-02  1.100000e-02
   endloop
 endfacet
 facet normal  0.000000e+00  0.000000e+00  1.000000e+00
   outer loop
     vertex -1.818616e-02 -1.641687e-02  1.100000e-02
     vertex -1.607052e-02 -1.557563e-02  1.100000e-02
     vertex -1.743170e-02 -1.404089e-02  1.100000e-02
   endloop
 endfacet
 facet normal -0.000000e+00  0.000000e+00  1.000000e+00
   outer loop
     vertex -2.061161e-02 -1.324431e-02  1.100000e-02
     vertex -1.946363e-02 -1.488009e-02  1.100000e-02
     vertex -1.871962e-02 -1.234433e-02  1.100000e-02
   endloop
 endfacet
 facet normal  0.000000e+00  0.000000e+00  1.000000e+00
   outer loop
     vertex -1.946363e-02 -1.488009e-02  1.100000e-02
     vertex -1.743170e-02 -1.404089e-02  1.100000e-02
     vertex -1.871962e-02 -1.234433e-02  1.100000e-02
   endloop
 endfacet
 facet normal -0.000000e+00  0.000000e+00  1.000000e+00
   outer loop
     vertex -2.162245e-02 -1.152041e-02  1.100000e-02
     vertex -2.061161e-02 -1.324431e-02  1.100000e-02
     vertex -2.012076e-02 -1.039254e-02  1.100000e-02
   endloop
 endfacet
 facet normal  0.000000e+00  0.000000e+00  1.000000e+00
   outer loop
     vertex -2.061161e-02 -1.324431e-02  1.100000e-02
     vertex -1.871962e-02 -1.234433e-02  1.100000e-02
     vertex -2.012076e-02 -1.039254e-02  1.100000e-02
   endloop
 endfacet
 facet normal  0.000000e+00  0.000000e+00  1.000000e+00
   outer loop
     vertex -2.248943e-02 -9.719863e-03  1.100000e-02
     vertex -2.162245e-02 -1.152041e-02  1.100000e-02
     vertex -2.012076e-02 -1.039254e-02  1.100000e-02
   endloop
 endfacet
 facet normal  0.000000e+00  0.000000e+00  1.000000e+00
   outer loop
     vertex -2.320678e-02 -7.854648e-03  1.100000e-02
     vertex -2.248943e-02 -9.719863e-03  1.100000e-02
     vertex -2.123398e-02 -8.460647e-03  1.100000e-02
   endloop
 endfacet
 facet normal  0.000000e+00  0.000000e+00  1.000000e+00
   outer loop
     vertex -2.376973e-02 -5.937174e-03  1.100000e-02
     vertex -2.320678e-02 -7.854648e-03  1.100000e-02
     vertex -2.149423e-02 -6.606193e-03  1.100000e-02
   endloop
 endfacet
 facet normal -0.000000e+00  0.000000e+00  1.000000e+00
   outer loop
     vertex -2.320678e-02 -7.854648e-03  1.100000e-02
     vertex -2.123398e-02 -8.460647e-03  1.100000e-02
     vertex -2.149423e-02 -6.606193e-03  1.100000e-02
   endloop
 endfacet
 facet normal  0.000000e+00  0.000000e+00  1.000000e+00
   outer loop
     vertex -2.417453e-02 -3.980198e-03  1.100000e-02
     vertex -2.376973e-02 -5.937174e-03  1.100000e-02
     vertex -2.191373e-02 -4.638274e-03  1.100000e-02
   endloop
 endfacet
 facet normal -0.000000e+00  0.000000e+00  1.000000e+00
   outer loop
     vertex -2.376973e-02 -5.937174e-03  1.100000e-02
     vertex -2.149423e-02 -6.606193e-03  1.100000e-02
     vertex -2.191373e-02 -4.638274e-03  1.100000e-02
   endloop
 endfacet
 facet normal  0.000000e+00  0.000000e+00  1.000000e+00
   outer loop
     vertex -2.441850e-02 -1.996742e-03  1.100000e-02
     vertex -2.417453e-02 -3.980198e-03  1.100000e-02
     vertex -2.222409e-02 -2.631242e-03  1.100000e-02
   endloop
 endfacet
 facet normal -0.000000e+00  0.000000e+00  1.000000e+00
   outer loop
     vertex -2.417453e-02 -3.980198e-03  1.100000e-02
     vertex -2.191373e-02 -4.638274e-03  1.100000e-02
     vertex -2.222409e-02 -2.631242e-03  1.100000e-02
   endloop
 endfacet
 facet normal  0.000000e+00  0.000000e+00  1.000000e+00
   outer loop
     vertex -2.450000e-02 -9.237403e-17  1.100000e-02
     vertex -2.441850e-02 -1.996742e-03  1.100000e-02
     vertex -2.237273e-02 -5.856987e-04  1.100000e-02
   endloop
 endfacet
 facet normal -0.000000e+00  0.000000e+00  1.000000e+00
   outer loop
     vertex -2.441850e-02 -1.996742e-03  1.100000e-02
     vertex -2.222409e-02 -2.631242e-03  1.100000e-02
     vertex -2.237273e-02 -5.856987e-04  1.100000e-02
   endloop
 endfacet
 facet normal  0.000000e+00  0.000000e+00  1.000000e+00
   outer loop
     vertex -2.441850e-02  1.996742e-03  1.100000e-02
     vertex -2.450000e-02 -9.237403e-17  1.100000e-02
     vertex -2.235637e-02  1.537363e-03  1.100000e-02
   endloop
 endfacet
 facet normal -0.000000e+00  0.000000e+00  1.000000e+00
   outer loop
     vertex -2.450000e-02 -9.237403e-17  1.100000e-02
     vertex -2.237273e-02 -5.856987e-04  1.100000e-02
     vertex -2.235637e-02  1.537363e-03  1.100000e-02
   endloop
 endfacet
 facet normal  0.000000e+00  0.000000e+00  1.000000e+00
   outer loop
     vertex -2.417453e-02  3.980198e-03  1.100000e-02
     vertex -2.441850e-02  1.996742e-03  1.100000e-02
     vertex -2.223081e-02  3.958065e-03  1.100000e-02
   endloop
 endfacet
 facet normal -0.000000e+00  0.000000e+00  1.000000e+00
   outer loop
     vertex -2.441850e-02  1.996742e-03  1.100000e-02
     vertex -2.235637e-02  1.537363e-03  1.100000e-02
     vertex -2.223081e-02  3.958065e-03  1.100000e-02
   endloop
 endfacet
 facet normal  0.000000e+00  0.000000e+00  1.000000e+00
   outer loop
     vertex -2.376973e-02  5.937174e-03  1.100000e-02
     vertex -2.417453e-02  3.980198e-03  1.100000e-02
     vertex -2.223081e-02  3.958065e-03  1.100000e-02
   endloop
 endfacet
 facet normal  0.000000e+00  0.000000e+00  1.000000e+00
   outer loop
     vertex -2.320678e-02  7.854648e-03  1.100000e-02
     vertex -2.376973e-02  5.937174e-03  1.100000e-02
     vertex -2.162262e-02  6.329257e-03  1.100000e-02
   endloop
 endfacet
 facet normal  0.000000e+00  0.000000e+00  1.000000e+00
   outer loop
     vertex -2.248943e-02  9.719863e-03  1.100000e-02
     vertex -2.320678e-02  7.854648e-03  1.100000e-02
     vertex -2.136173e-02  8.190811e-03  1.100000e-02
   endloop
 endfacet
 facet normal -0.000000e+00  0.000000e+00  1.000000e+00
   outer loop
     vertex -2.320678e-02  7.854648e-03  1.100000e-02
     vertex -2.162262e-02  6.329257e-03  1.100000e-02
     vertex -2.136173e-02  8.190811e-03  1.100000e-02
   endloop
 endfacet
 facet normal  0.000000e+00  0.000000e+00  1.000000e+00
   outer loop
     vertex -2.162245e-02  1.152041e-02  1.100000e-02
     vertex -2.248943e-02  9.719863e-03  1.100000e-02
     vertex -2.031313e-02  9.683911e-03  1.100000e-02
   endloop
 endfacet
 facet normal  0.000000e+00  0.000000e+00  1.000000e+00
   outer loop
     vertex -2.248943e-02  9.719863e-03  1.100000e-02
     vertex -2.136173e-02  8.190811e-03  1.100000e-02
     vertex -2.031313e-02  9.683911e-03  1.100000e-02
   endloop
 endfacet
 facet normal  0.000000e+00  0.000000e+00  1.000000e+00
   outer loop
     vertex -2.061161e-02  1.324431e-02  1.100000e-02
     vertex -2.162245e-02  1.152041e-02  1.100000e-02
     vertex -1.928896e-02  1.140096e-02  1.100000e-02
   endloop
 endfacet
 facet normal  0.000000e+00  0.000000e+00  1.000000e+00
   outer loop
     vertex -2.162245e-02  1.152041e-02  1.100000e-02
     vertex -2.031313e-02  9.683911e-03  1.100000e-02
     vertex -1.928896e-02  1.140096e-02  1.100000e-02
   endloop
 endfacet
 facet normal  0.000000e+00  0.000000e+00  1.000000e+00
   outer loop
     vertex -1.946363e-02  1.488009e-02  1.100000e-02
     vertex -2.061161e-02  1.324431e-02  1.100000e-02
     vertex -1.815106e-02  1.310466e-02  1.100000e-02
   endloop
 endfacet
 facet normal  0.000000e+00  0.000000e+00  1.000000e+00
   outer loop
     vertex -2.061161e-02  1.324431e-02  1.100000e-02
     vertex -1.928896e-02  1.140096e-02  1.100000e-02
     vertex -1.815106e-02  1.310466e-02  1.100000e-02
   endloop
 endfacet
 facet normal  0.000000e+00  0.000000e+00  1.000000e+00
   outer loop
     vertex -1.818616e-02  1.641687e-02  1.100000e-02
     vertex -1.946363e-02  1.488009e-02  1.100000e-02
     vertex -1.684245e-02  1.478435e-02  1.100000e-02
   endloop
 endfacet
 facet normal  0.000000e+00  0.000000e+00  1.000000e+00
   outer loop
     vertex -1.946363e-02  1.488009e-02  1.100000e-02
     vertex -1.815106e-02  1.310466e-02  1.100000e-02
     vertex -1.684245e-02  1.478435e-02  1.100000e-02
   endloop
 endfacet
 facet normal  0.000000e+00  0.000000e+00  1.000000e+00
   outer loop
     vertex -1.678770e-02  1.784442e-02  1.100000e-02
     vertex -1.818616e-02  1.641687e-02  1.100000e-02
     vertex -1.526754e-02  1.663596e-02  1.100000e-02
   endloop
 endfacet
 facet normal -0.000000e+00  0.000000e+00  1.000000e+00
   outer loop
     vertex -1.818616e-02  1.641687e-02  1.100000e-02
     vertex -1.684245e-02  1.478435e-02  1.100000e-02
     vertex -1.526754e-02  1.663596e-02  1.100000e-02
   endloop
 endfacet
 facet normal  0.000000e+00  0.000000e+00  1.000000e+00
   outer loop
     vertex -1.527754e-02  1.915325e-02  1.100000e-02
     vertex -1.678770e-02  1.784442e-02  1.100000e-02
     vertex -1.526754e-02  1.663596e-02  1.100000e-02
   endloop
 endfacet
 facet normal  0.000000e+00  0.000000e+00  1.000000e+00
   outer loop
     vertex -1.366573e-02  2.033465e-02  1.100000e-02
     vertex -1.527754e-02  1.915325e-02  1.100000e-02
     vertex -1.334389e-02  1.815303e-02  1.100000e-02
   endloop
 endfacet
 facet normal  0.000000e+00  0.000000e+00  1.000000e+00
   outer loop
     vertex -1.196300e-02  2.138075e-02  1.100000e-02
     vertex -1.366573e-02  2.033465e-02  1.100000e-02
     vertex -1.200439e-02  1.947561e-02  1.100000e-02
   endloop
 endfacet
 facet normal  0.000000e+00  0.000000e+00  1.000000e+00
   outer loop
     vertex -1.366573e-02  2.033465e-02  1.100000e-02
     vertex -1.334389e-02  1.815303e-02  1.100000e-02
     vertex -1.200439e-02  1.947561e-02  1.100000e-02
   endloop
 endfacet
 facet normal  0.000000e+00  0.000000e+00  1.000000e+00
   outer loop
     vertex -1.018068e-02  2.228461e-02  1.100000e-02
     vertex -1.196300e-02  2.138075e-02  1.100000e-02
     vertex -1.026685e-02  2.002461e-02  1.100000e-02
   endloop
 endfacet
 facet normal  0.000000e+00  0.000000e+00  1.000000e+00
   outer loop
     vertex -1.196300e-02  2.138075e-02  1.100000e-02
     vertex -1.200439e-02  1.947561e-02  1.100000e-02
     vertex -1.026685e-02  2.002461e-02  1.100000e-02
   endloop
 endfacet
 facet normal  0.000000e+00  0.000000e+00  1.000000e+00
   outer loop
     vertex -8.330626e-03  2.304020e-02  1.100000e-02
     vertex -1.018068e-02  2.228461e-02  1.100000e-02
     vertex -8.412850e-03  2.076701e-02  1.100000e-02
   endloop
 endfacet
 facet normal  0.000000e+00  0.000000e+00  1.000000e+00
   outer loop
     vertex -1.018068e-02  2.228461e-02  1.100000e-02
     vertex -1.026685e-02  2.002461e-02  1.100000e-02
     vertex -8.412850e-03  2.076701e-02  1.100000e-02
   endloop
 endfacet
 facet normal  0.000000e+00  0.000000e+00  1.000000e+00
   outer loop
     vertex -6.425145e-03  2.364249e-02  1.100000e-02
     vertex -8.330626e-03  2.304020e-02  1.100000e-02
     vertex -6.475522e-03  2.143039e-02  1.100000e-02
   endloop
 endfacet
 facet normal  0.000000e+00  0.000000e+00  1.000000e+00
   outer loop
     vertex -8.330626e-03  2.304020e-02  1.100000e-02
     vertex -8.412850e-03  2.076701e-02  1.100000e-02
     vertex -6.475522e-03  2.143039e-02  1.100000e-02
   endloop
 endfacet
 facet normal  0.000000e+00  0.000000e+00  1.000000e+00
   outer loop
     vertex -4.476915e-03  2.408749e-02  1.100000e-02
     vertex -6.425145e-03  2.364249e-02  1.100000e-02
     vertex -4.416412e-03  2.197125e-02  1.100000e-02
   endloop
 endfacet
 facet normal  0.000000e+00  0.000000e+00  1.000000e+00
   outer loop
     vertex -6.425145e-03  2.364249e-02  1.100000e-02
     vertex -6.475522e-03  2.143039e-02  1.100000e-02
     vertex -4.416412e-03  2.197125e-02  1.100000e-02
   endloop
 endfacet
 facet normal  0.000000e+00  0.000000e+00  1.000000e+00
   outer loop
     vertex -2.498900e-03  2.437223e-02  1.100000e-02
     vertex -4.476915e-03  2.408749e-02  1.100000e-02
     vertex -2.038561e-03  2.248712e-02  1.100000e-02
   endloop
 endfacet
 facet normal  0.000000e+00  0.000000e+00  1.000000e+00
   outer loop
     vertex -4.476915e-03  2.408749e-02  1.100000e-02
     vertex -4.416412e-03  2.197125e-02  1.100000e-02
     vertex -2.038561e-03  2.248712e-02  1.100000e-02
   endloop
 endfacet
 facet normal  0.000000e+00  0.000000e+00  1.000000e+00
   outer loop
     vertex -5.042590e-04  2.449481e-02  1.100000e-02
     vertex -2.498900e-03  2.437223e-02  1.100000e-02
     vertex -2.038561e-03  2.248712e-02  1.100000e-02
   endloop
 endfacet
 facet normal  0.000000e+00  0.000000e+00  1.000000e+00
   outer loop
     vertex  1.493737e-03  2.445442e-02  1.100000e-02
     vertex -5.042590e-04  2.449481e-02  1.100000e-02
     vertex  4.114046e-04  2.252595e-02  1.100000e-02
   endloop
 endfacet
 facet normal  0.000000e+00  0.000000e+00  1.000000e+00
   outer loop
     vertex  3.481795e-03  2.425133e-02  1.100000e-02
     vertex  1.493737e-03  2.445442e-02  1.100000e-02
     vertex  2.281137e-03  2.276383e-02  1.100000e-02
   endloop
 endfacet
 facet normal  0.000000e+00  0.000000e+00  1.000000e+00
   outer loop
     vertex  1.493737e-03  2.445442e-02  1.100000e-02
     vertex  4.114046e-04  2.252595e-02  1.100000e-02
     vertex  2.281137e-03  2.276383e-02  1.100000e-02
   endloop
 endfacet
 facet normal  0.000000e+00  0.000000e+00  1.000000e+00
   outer loop
     vertex  5.446688e-03  2.388689e-02  1.100000e-02
     vertex  3.481795e-03  2.425133e-02  1.100000e-02
     vertex  3.992533e-03  2.214576e-02  1.100000e-02
   endloop
 endfacet
 facet normal  0.000000e+00  0.000000e+00  1.000000e+00
   outer loop
     vertex  3.481795e-03  2.425133e-02  1.100000e-02
     vertex  2.281137e-03  2.276383e-02  1.100000e-02
     vertex  3.992533e-03  2.214576e-02  1.100000e-02
   endloop
 endfacet
 facet normal  0.000000e+00  0.000000e+00  1.000000e+00
   outer loop
     vertex  7.375342e-03  2.336353e-02  1.100000e-02
     vertex  5.446688e-03  2.388689e-02  1.100000e-02
     vertex  5.914907e-03  2.161140e-02  1.100000e-02
   endloop
 endfacet
 facet normal  0.000000e+00  0.000000e+00  1.000000e+00
   outer loop
     vertex  5.446688e-03  2.388689e-02  1.100000e-02
     vertex  3.992533e-03  2.214576e-02  1.100000e-02
     vertex  5.914907e-03  2.161140e-02  1.100000e-02
   endloop
 endfacet
 facet normal  0.000000e+00  0.000000e+00  1.000000e+00
   outer loop
     vertex  9.254926e-03  2.268472e-02  1.100000e-02
     vertex  7.375342e-03  2.336353e-02  1.100000e-02
     vertex  7.856615e-03  2.096344e-02  1.100000e-02
   endloop
 endfacet
 facet normal  0.000000e+00  0.000000e+00  1.000000e+00
   outer loop
     vertex  7.375342e-03  2.336353e-02  1.100000e-02
     vertex  5.914907e-03  2.161140e-02  1.100000e-02
     vertex  7.856615e-03  2.096344e-02  1.100000e-02
   endloop
 endfacet
 facet normal  0.000000e+00  0.000000e+00  1.000000e+00
   outer loop
     vertex  1.107294e-02  2.185498e-02  1.100000e-02
     vertex  9.254926e-03  2.268472e-02  1.100000e-02
     vertex  9.821328e-03  2.014392e-02  1.100000e-02
   endloop
 endfacet
 facet normal  0.000000e+00  0.000000e+00  1.000000e+00
   outer loop
     vertex  9.254926e-03  2.268472e-02  1.100000e-02
     vertex  7.856615e-03  2.096344e-02  1.100000e-02
     vertex  9.821328e-03  2.014392e-02  1.100000e-02
   endloop
 endfacet
 facet normal  0.000000e+00  0.000000e+00  1.000000e+00
   outer loop
     vertex  1.281727e-02  2.087984e-02  1.100000e-02
     vertex  1.107294e-02  2.185498e-02  1.100000e-02
     vertex  1.202626e-02  1.910941e-02  1.100000e-02
   endloop
 endfacet
 facet normal  0.000000e+00  0.000000e+00  1.000000e+00
   outer loop
     vertex  1.107294e-02  2.185498e-02  1.100000e-02
     vertex  9.821328e-03  2.014392e-02  1.100000e-02
     vertex  1.202626e-02  1.910941e-02  1.100000e-02
   endloop
 endfacet
 facet normal  0.000000e+00  0.000000e+00  1.000000e+00
   outer loop
     vertex  1.447633e-02  1.976577e-02  1.100000e-02
     vertex  1.281727e-02  2.087984e-02  1.100000e-02
     vertex  1.202626e-02  1.910941e-02  1.100000e-02
   endloop
 endfacet
 facet normal  0.000000e+00  0.000000e+00  1.000000e+00
   outer loop
     vertex  1.603908e-02  1.852020e-02  1.100000e-02
     vertex  1.447633e-02  1.976577e-02  1.100000e-02
     vertex  1.399770e-02  1.765361e-02  1.100000e-02
   endloop
 endfacet
 facet normal  0.000000e+00  0.000000e+00  1.000000e+00
   outer loop
     vertex  1.749511e-02  1.715141e-02  1.100000e-02
     vertex  1.603908e-02  1.852020e-02  1.100000e-02
     vertex  1.562982e-02  1.670621e-02  1.100000e-02
   endloop
 endfacet
 facet normal  0.000000e+00  0.000000e+00  1.000000e+00
   outer loop
     vertex  1.603908e-02  1.852020e-02  1.100000e-02
     vertex  1.399770e-02  1.765361e-02  1.100000e-02
     vertex  1.562982e-02  1.670621e-02  1.100000e-02
   endloop
 endfacet
 facet normal  0.000000e+00  0.000000e+00  1.000000e+00
   outer loop
     vertex  1.883475e-02  1.566851e-02  1.100000e-02
     vertex  1.749511e-02  1.715141e-02  1.100000e-02
     vertex  1.661267e-02  1.517821e-02  1.100000e-02
   endloop
 endfacet
 facet normal  0.000000e+00  0.000000e+00  1.000000e+00
   outer loop
     vertex  1.749511e-02  1.715141e-02  1.100000e-02
     vertex  1.562982e-02  1.670621e-02  1.100000e-02
     vertex  1.661267e-02  1.517821e-02  1.100000e-02
   endloop
 endfacet
 facet normal  0.000000e+00  0.000000e+00  1.000000e+00
   outer loop
     vertex  2.004907e-02  1.408136e-02  1.100000e-02
     vertex  1.883475e-02  1.566851e-02  1.100000e-02
     vertex  1.781503e-02  1.358874e-02  1.100000e-02
   endloop
 endfacet
 facet normal  0.000000e+00  0.000000e+00  1.000000e+00
   outer loop
     vertex  1.883475e-02  1.566851e-02  1.100000e-02
     vertex  1.661267e-02  1.517821e-02  1.100000e-02
     vertex  1.781503e-02  1.358874e-02  1.100000e-02
   endloop
 endfacet
 facet normal  0.000000e+00  0.000000e+00  1.000000e+00
   outer loop
     vertex  2.113000e-02  1.240053e-02  1.100000e-02
     vertex  2.004907e-02  1.408136e-02  1.100000e-02
     vertex  1.896412e-02  1.189643e-02  1.100000e-02
   endloop
 endfacet
 facet normal  0.000000e+00  0.000000e+00  1.000000e+00
   outer loop
     vertex  2.004907e-02  1.408136e-02  1.100000e-02
     vertex  1.781503e-02  1.358874e-02  1.100000e-02
     vertex  1.896412e-02  1.189643e-02  1.100000e-02
   endloop
 endfacet
 facet normal  0.000000e+00  0.000000e+00  1.000000e+00
   outer loop
     vertex  2.207035e-02  1.063719e-02  1.100000e-02
     vertex  2.113000e-02  1.240053e-02  1.100000e-02
     vertex  2.002622e-02  1.005207e-02  1.100000e-02
   endloop
 endfacet
 facet normal  0.000000e+00  0.000000e+00  1.000000e+00
   outer loop
     vertex  2.113000e-02  1.240053e-02  1.100000e-02
     vertex  1.896412e-02  1.189643e-02  1.100000e-02
     vertex  2.002622e-02  1.005207e-02  1.100000e-02
   endloop
 endfacet
 facet normal  0.000000e+00  0.000000e+00  1.000000e+00
   outer loop
     vertex  2.286386e-02  8.803074e-03  1.100000e-02
     vertex  2.207035e-02  1.063719e-02  1.100000e-02
     vertex  2.114390e-02  7.879060e-03  1.100000e-02
   endloop
 endfacet
 facet normal  0.000000e+00  0.000000e+00  1.000000e+00
   outer loop
     vertex  2.207035e-02  1.063719e-02  1.100000e-02
     vertex  2.002622e-02  1.005207e-02  1.100000e-02
     vertex  2.114390e-02  7.879060e-03  1.100000e-02
   endloop
 endfacet
 facet normal  0.000000e+00  0.000000e+00  1.000000e+00
   outer loop
     vertex  2.350524e-02  6.910393e-03  1.100000e-02
     vertex  2.286386e-02  8.803074e-03  1.100000e-02
     vertex  2.114390e-02  7.879060e-03  1.100000e-02
   endloop
 endfacet
 facet normal  0.000000e+00  0.000000e+00  1.000000e+00
   outer loop
     vertex  2.399024e-02  4.971736e-03  1.100000e-02
     vertex  2.350524e-02  6.910393e-03  1.100000e-02
     vertex  2.178306e-02  5.444551e-03  1.100000e-02
   endloop
 endfacet
 facet normal  0.000000e+00  0.000000e+00  1.000000e+00
   outer loop
     vertex  2.431563e-02  3.000000e-03  1.100000e-02
     vertex  2.399024e-02  4.971736e-03  1.100000e-02
     vertex  2.232834e-02  3.359685e-03  1.100000e-02
   endloop
 endfacet
 facet normal  0.000000e+00  0.000000e+00  1.000000e+00
   outer loop
     vertex  2.399024e-02  4.971736e-03  1.100000e-02
     vertex  2.178306e-02  5.444551e-03  1.100000e-02
     vertex  2.232834e-02  3.359685e-03  1.100000e-02
   endloop
 endfacet
 facet normal -0.000000e+00  0.000000e+00  1.000000e+00
   outer loop
     vertex  2.431563e-02 -3.000000e-03  1.100000e-02
     vertex  2.615782e-02 -3.000000e-03  1.100000e-02
     vertex  2.532713e-02 -1.492209e-03  1.100000e-02
   endloop
 endfacet
 facet normal  0.000000e+00  0.000000e+00  1.000000e+00
   outer loop
     vertex  2.615782e-02 -3.000000e-03  1.100000e-02
     vertex  2.800000e-02 -3.000000e-03  1.100000e-02
     vertex  2.800000e-02 -1.000000e-03  1.100000e-02
   endloop
 endfacet
 facet normal  0.000000e+00 -0.000000e+00  1.000000e+00
   outer loop
     vertex  2.800000e-02 -1.000000e-03  1.100000e-02
     vertex  2.800000e-02  1.000000e-03  1.100000e-02
     vertex  2.620389e-02  4.825385e-07  1.100000e-02
   endloop
 endfacet
 facet normal  0.000000e+00  0.000000e+00  1.000000e+00
   outer loop
     vertex -1.839155e-02 -2.000202e-03  1.100000e-02
     vertex -1.850000e-02 -2.265597e-18  1.100000e-02
     vertex -2.034314e-02 -1.287215e-03  1.100000e-02
   endloop
 endfacet
 facet normal  0.000000e+00  0.000000e+00  1.000000e+00
   outer loop
     vertex -1.806748e-02 -3.976953e-03  1.100000e-02
     vertex -1.839155e-02 -2.000202e-03  1.100000e-02
     vertex -2.011728e-02 -3.330255e-03  1.100000e-02
   endloop
 endfacet
 facet normal  0.000000e+00  0.000000e+00  1.000000e+00
   outer loop
     vertex -1.753158e-02 -5.907078e-03  1.100000e-02
     vertex -1.806748e-02 -3.976953e-03  1.100000e-02
     vertex -1.971917e-02 -5.395543e-03  1.100000e-02
   endloop
 endfacet
 facet normal  0.000000e+00  0.000000e+00  1.000000e+00
   outer loop
     vertex -1.679015e-02 -7.767948e-03  1.100000e-02
     vertex -1.753158e-02 -5.907078e-03  1.100000e-02
     vertex -1.922178e-02 -7.746170e-03  1.100000e-02
   endloop
 endfacet
 facet normal  0.000000e+00  0.000000e+00  1.000000e+00
   outer loop
     vertex -1.585186e-02 -9.537746e-03  1.100000e-02
     vertex -1.679015e-02 -7.767948e-03  1.100000e-02
     vertex -1.795985e-02 -9.887363e-03  1.100000e-02
   endloop
 endfacet
 facet normal  0.000000e+00  0.000000e+00  1.000000e+00
   outer loop
     vertex -1.472772e-02 -1.119572e-02  1.100000e-02
     vertex -1.585186e-02 -9.537746e-03  1.100000e-02
     vertex -1.671085e-02 -1.171618e-02  1.100000e-02
   endloop
 endfacet
 facet normal  0.000000e+00  0.000000e+00  1.000000e+00
   outer loop
     vertex -1.343092e-02 -1.272244e-02  1.100000e-02
     vertex -1.472772e-02 -1.119572e-02  1.100000e-02
     vertex -1.540701e-02 -1.334955e-02  1.100000e-02
   endloop
 endfacet
 facet normal  0.000000e+00  0.000000e+00  1.000000e+00
   outer loop
     vertex -1.197665e-02 -1.410000e-02  1.100000e-02
     vertex -1.343092e-02 -1.272244e-02  1.100000e-02
     vertex -1.398770e-02 -1.483799e-02  1.100000e-02
   endloop
 endfacet
 facet normal  0.000000e+00  0.000000e+00  1.000000e+00
   outer loop
     vertex -1.038196e-02 -1.531225e-02  1.100000e-02
     vertex -1.197665e-02 -1.410000e-02  1.100000e-02
     vertex -1.241751e-02 -1.624094e-02  1.100000e-02
   endloop
 endfacet
 facet normal  0.000000e+00  0.000000e+00  1.000000e+00
   outer loop
     vertex -8.665556e-03 -1.634497e-02  1.100000e-02
     vertex -1.038196e-02 -1.531225e-02  1.100000e-02
     vertex -1.059341e-02 -1.781142e-02  1.100000e-02
   endloop
 endfacet
 facet normal  0.000000e+00  0.000000e+00  1.000000e+00
   outer loop
     vertex -6.847556e-03 -1.718607e-02  1.100000e-02
     vertex -8.665556e-03 -1.634497e-02  1.100000e-02
     vertex -8.294526e-03 -1.874926e-02  1.100000e-02
   endloop
 endfacet
 facet normal  0.000000e+00  0.000000e+00  1.000000e+00
   outer loop
     vertex -4.949274e-03 -1.782567e-02  1.100000e-02
     vertex -6.847556e-03 -1.718607e-02  1.100000e-02
     vertex -6.193322e-03 -1.944663e-02  1.100000e-02
   endloop
 endfacet
 facet normal  0.000000e+00  0.000000e+00  1.000000e+00
   outer loop
     vertex -2.992967e-03 -1.825629e-02  1.100000e-02
     vertex -4.949274e-03 -1.782567e-02  1.100000e-02
     vertex -4.168052e-03 -1.995544e-02  1.100000e-02
   endloop
 endfacet
 facet normal  0.000000e+00  0.000000e+00  1.000000e+00
   outer loop
     vertex -1.001570e-03 -1.847287e-02  1.100000e-02
     vertex -2.992967e-03 -1.825629e-02  1.100000e-02
     vertex -2.143153e-03 -2.027952e-02  1.100000e-02
   endloop
 endfacet
 facet normal  0.000000e+00  0.000000e+00  1.000000e+00
   outer loop
     vertex  1.001570e-03 -1.847287e-02  1.100000e-02
     vertex -1.001570e-03 -1.847287e-02  1.100000e-02
     vertex -6.253436e-05 -2.044759e-02  1.100000e-02
   endloop
 endfacet
 facet normal  0.000000e+00  0.000000e+00  1.000000e+00
   outer loop
     vertex  2.992967e-03 -1.825629e-02  1.100000e-02
     vertex  1.001570e-03 -1.847287e-02  1.100000e-02
     vertex  2.267086e-03 -2.060228e-02  1.100000e-02
   endloop
 endfacet
 facet normal  0.000000e+00  0.000000e+00  1.000000e+00
   outer loop
     vertex  4.949274e-03 -1.782567e-02  1.100000e-02
     vertex  2.992967e-03 -1.825629e-02  1.100000e-02
     vertex  4.617832e-03 -1.997110e-02  1.100000e-02
   endloop
 endfacet
 facet normal  0.000000e+00  0.000000e+00  1.000000e+00
   outer loop
     vertex  6.847556e-03 -1.718607e-02  1.100000e-02
     vertex  4.949274e-03 -1.782567e-02  1.100000e-02
     vertex  6.756821e-03 -1.930872e-02  1.100000e-02
   endloop
 endfacet
 facet normal  0.000000e+00  0.000000e+00  1.000000e+00
   outer loop
     vertex  8.665556e-03 -1.634497e-02  1.100000e-02
     vertex  6.847556e-03 -1.718607e-02  1.100000e-02
     vertex  8.733526e-03 -1.843371e-02  1.100000e-02
   endloop
 endfacet
 facet normal  0.000000e+00  0.000000e+00  1.000000e+00
   outer loop
     vertex  1.038196e-02 -1.531225e-02  1.100000e-02
     vertex  8.665556e-03 -1.634497e-02  1.100000e-02
     vertex  1.055289e-02 -1.743610e-02  1.100000e-02
   endloop
 endfacet
 facet normal  0.000000e+00  0.000000e+00  1.000000e+00
   outer loop
     vertex  1.197665e-02 -1.410000e-02  1.100000e-02
     vertex  1.038196e-02 -1.531225e-02  1.100000e-02
     vertex  1.225002e-02 -1.629092e-02  1.100000e-02
   endloop
 endfacet
 facet normal  0.000000e+00  0.000000e+00  1.000000e+00
   outer loop
     vertex  1.343092e-02 -1.272244e-02  1.100000e-02
     vertex  1.197665e-02 -1.410000e-02  1.100000e-02
     vertex  1.386411e-02 -1.497548e-02  1.100000e-02
   endloop
 endfacet
 facet normal  0.000000e+00  0.000000e+00  1.000000e+00
   outer loop
     vertex  1.472772e-02 -1.119572e-02  1.100000e-02
     vertex  1.343092e-02 -1.272244e-02  1.100000e-02
     vertex  1.547191e-02 -1.344812e-02  1.100000e-02
   endloop
 endfacet
 facet normal  0.000000e+00  0.000000e+00  1.000000e+00
   outer loop
     vertex  1.585186e-02 -9.537746e-03  1.100000e-02
     vertex  1.472772e-02 -1.119572e-02  1.100000e-02
     vertex  1.716946e-02 -1.160890e-02  1.100000e-02
   endloop
 endfacet
 facet normal  0.000000e+00  0.000000e+00  1.000000e+00
   outer loop
     vertex  1.679015e-02 -7.767948e-03  1.100000e-02
     vertex  1.585186e-02 -9.537746e-03  1.100000e-02
     vertex  1.814281e-02 -9.426988e-03  1.100000e-02
   endloop
 endfacet
 facet normal  0.000000e+00  0.000000e+00  1.000000e+00
   outer loop
     vertex  1.753158e-02 -5.907078e-03  1.100000e-02
     vertex  1.679015e-02 -7.767948e-03  1.100000e-02
     vertex  1.896840e-02 -7.496238e-03  1.100000e-02
   endloop
 endfacet
 facet normal  0.000000e+00  0.000000e+00  1.000000e+00
   outer loop
     vertex  1.806748e-02 -3.976953e-03  1.100000e-02
     vertex  1.753158e-02 -5.907078e-03  1.100000e-02
     vertex  1.963419e-02 -5.554149e-03  1.100000e-02
   endloop
 endfacet
 facet normal  0.000000e+00  0.000000e+00  1.000000e+00
   outer loop
     vertex  1.839155e-02 -2.000202e-03  1.100000e-02
     vertex  1.806748e-02 -3.976953e-03  1.100000e-02
     vertex  2.017707e-02 -3.533233e-03  1.100000e-02
   endloop
 endfacet
 facet normal  0.000000e+00  0.000000e+00  1.000000e+00
   outer loop
     vertex  1.850000e-02 -1.643130e-17  1.100000e-02
     vertex  1.839155e-02 -2.000202e-03  1.100000e-02
     vertex  2.076339e-02 -1.314700e-03  1.100000e-02
   endloop
 endfacet
 facet normal  0.000000e+00  0.000000e+00  1.000000e+00
   outer loop
     vertex  1.839155e-02  2.000202e-03  1.100000e-02
     vertex  1.850000e-02 -1.643130e-17  1.100000e-02
     vertex  2.076244e-02  1.342754e-03  1.100000e-02
   endloop
 endfacet
 facet normal  0.000000e+00  0.000000e+00  1.000000e+00
   outer loop
     vertex  1.806748e-02  3.976953e-03  1.100000e-02
     vertex  1.839155e-02  2.000202e-03  1.100000e-02
     vertex  2.017628e-02  3.621387e-03  1.100000e-02
   endloop
 endfacet
 facet normal  0.000000e+00  0.000000e+00  1.000000e+00
   outer loop
     vertex  1.753158e-02  5.907078e-03  1.100000e-02
     vertex  1.806748e-02  3.976953e-03  1.100000e-02
     vertex  1.963054e-02  5.770435e-03  1.100000e-02
   endloop
 endfacet
 facet normal -0.000000e+00  0.000000e+00  1.000000e+00
   outer loop
     vertex  1.679015e-02  7.767948e-03  1.100000e-02
     vertex  1.753158e-02  5.907078e-03  1.100000e-02
     vertex  1.888608e-02  7.847389e-03  1.100000e-02
   endloop
 endfacet
 facet normal -0.000000e+00  0.000000e+00  1.000000e+00
   outer loop
     vertex  1.585186e-02  9.537746e-03  1.100000e-02
     vertex  1.679015e-02  7.767948e-03  1.100000e-02
     vertex  1.791019e-02  9.768969e-03  1.100000e-02
   endloop
 endfacet
 facet normal -0.000000e+00  0.000000e+00  1.000000e+00
   outer loop
     vertex  1.472772e-02  1.119572e-02  1.100000e-02
     vertex  1.585186e-02  9.537746e-03  1.100000e-02
     vertex  1.681587e-02  1.154421e-02  1.100000e-02
   endloop
 endfacet
 facet normal -0.000000e+00  0.000000e+00  1.000000e+00
   outer loop
     vertex  1.343092e-02  1.272244e-02  1.100000e-02
     vertex  1.472772e-02  1.119572e-02  1.100000e-02
     vertex  1.558029e-02  1.324504e-02  1.100000e-02
   endloop
 endfacet
 facet normal -0.000000e+00  0.000000e+00  1.000000e+00
   outer loop
     vertex  1.197665e-02  1.410000e-02  1.100000e-02
     vertex  1.343092e-02  1.272244e-02  1.100000e-02
     vertex  1.417302e-02  1.512618e-02  1.100000e-02
   endloop
 endfacet
 facet normal -0.000000e+00  0.000000e+00  1.000000e+00
   outer loop
     vertex  1.038196e-02  1.531225e-02  1.100000e-02
     vertex  1.197665e-02  1.410000e-02  1.100000e-02
     vertex  1.217794e-02  1.649143e-02  1.100000e-02
   endloop
 endfacet
 facet normal -0.000000e+00  0.000000e+00  1.000000e+00
   outer loop
     vertex  8.665556e-03  1.634497e-02  1.100000e-02
     vertex  1.038196e-02  1.531225e-02  1.100000e-02
     vertex  1.028179e-02  1.768906e-02  1.100000e-02
   endloop
 endfacet
 facet normal -0.000000e+00  0.000000e+00  1.000000e+00
   outer loop
     vertex  6.847556e-03  1.718607e-02  1.100000e-02
     vertex  8.665556e-03  1.634497e-02  1.100000e-02
     vertex  8.330183e-03  1.862505e-02  1.100000e-02
   endloop
 endfacet
 facet normal -0.000000e+00  0.000000e+00  1.000000e+00
   outer loop
     vertex  4.949274e-03  1.782567e-02  1.100000e-02
     vertex  6.847556e-03  1.718607e-02  1.100000e-02
     vertex  6.380418e-03  1.937389e-02  1.100000e-02
   endloop
 endfacet
 facet normal -0.000000e+00  0.000000e+00  1.000000e+00
   outer loop
     vertex  2.992967e-03  1.825629e-02  1.100000e-02
     vertex  4.949274e-03  1.782567e-02  1.100000e-02
     vertex  4.364787e-03  1.997808e-02  1.100000e-02
   endloop
 endfacet
 facet normal -0.000000e+00  0.000000e+00  1.000000e+00
   outer loop
     vertex  1.001570e-03  1.847287e-02  1.100000e-02
     vertex  2.992967e-03  1.825629e-02  1.100000e-02
     vertex  2.101336e-03  2.062204e-02  1.100000e-02
   endloop
 endfacet
 facet normal -0.000000e+00  0.000000e+00  1.000000e+00
   outer loop
     vertex -1.001570e-03  1.847287e-02  1.100000e-02
     vertex  1.001570e-03  1.847287e-02  1.100000e-02
     vertex -3.084691e-04  2.049834e-02  1.100000e-02
   endloop
 endfacet
 facet normal  0.000000e+00  0.000000e+00  1.000000e+00
   outer loop
     vertex -2.992967e-03  1.825629e-02  1.100000e-02
     vertex -1.001570e-03  1.847287e-02  1.100000e-02
     vertex -2.541940e-03  2.030220e-02  1.100000e-02
   endloop
 endfacet
 facet normal  0.000000e+00  0.000000e+00  1.000000e+00
   outer loop
     vertex -4.949274e-03  1.782567e-02  1.100000e-02
     vertex -2.992967e-03  1.825629e-02  1.100000e-02
     vertex -4.661634e-03  1.986356e-02  1.100000e-02
   endloop
 endfacet
 facet normal  0.000000e+00  0.000000e+00  1.000000e+00
   outer loop
     vertex -6.847556e-03  1.718607e-02  1.100000e-02
     vertex -4.949274e-03  1.782567e-02  1.100000e-02
     vertex -6.666949e-03  1.927721e-02  1.100000e-02
   endloop
 endfacet
 facet normal  0.000000e+00  0.000000e+00  1.000000e+00
   outer loop
     vertex -8.665556e-03  1.634497e-02  1.100000e-02
     vertex -6.847556e-03  1.718607e-02  1.100000e-02
     vertex -8.637269e-03  1.853565e-02  1.100000e-02
   endloop
 endfacet
 facet normal  0.000000e+00 -0.000000e+00  1.000000e+00
   outer loop
     vertex -1.038196e-02  1.531225e-02  1.100000e-02
     vertex -8.665556e-03  1.634497e-02  1.100000e-02
     vertex -1.083114e-02  1.767433e-02  1.100000e-02
   endloop
 endfacet
 facet normal  0.000000e+00 -0.000000e+00  1.000000e+00
   outer loop
     vertex -1.197665e-02  1.410000e-02  1.100000e-02
     vertex -1.038196e-02  1.531225e-02  1.100000e-02
     vertex -1.266898e-02  1.611777e-02  1.100000e-02
   endloop
 endfacet
 facet normal  0.000000e+00 -0.000000e+00  1.000000e+00
   outer loop
     vertex -1.343092e-02  1.272244e-02  1.100000e-02
     vertex -1.197665e-02  1.410000e-02  1.100000e-02
     vertex -1.432644e-02  1.460878e-02  1.100000e-02
   endloop
 endfacet
 facet normal  0.000000e+00 -0.000000e+00  1.000000e+00
   outer loop
     vertex -1.472772e-02  1.119572e-02  1.100000e-02
     vertex -1.343092e-02  1.272244e-02  1.100000e-02
     vertex -1.574652e-02  1.297482e-02  1.100000e-02
   endloop
 endfacet
 facet normal  0.000000e+00 -0.000000e+00  1.000000e+00
   outer loop
     vertex -1.585186e-02  9.537746e-03  1.100000e-02
     vertex -1.472772e-02  1.119572e-02  1.100000e-02
     vertex -1.698656e-02  1.129225e-02  1.100000e-02
   endloop
 endfacet
 facet normal  0.000000e+00 -0.000000e+00  1.000000e+00
   outer loop
     vertex -1.679015e-02  7.767948e-03  1.100000e-02
     vertex -1.585186e-02  9.537746e-03  1.100000e-02
     vertex -1.810476e-02  9.506891e-03  1.100000e-02
   endloop
 endfacet
 facet normal  0.000000e+00 -0.000000e+00  1.000000e+00
   outer loop
     vertex -1.753158e-02  5.907078e-03  1.100000e-02
     vertex -1.679015e-02  7.767948e-03  1.100000e-02
     vertex -1.932940e-02  7.487977e-03  1.100000e-02
   endloop
 endfacet
 facet normal  0.000000e+00 -0.000000e+00  1.000000e+00
   outer loop
     vertex -1.806748e-02  3.976953e-03  1.100000e-02
     vertex -1.753158e-02  5.907078e-03  1.100000e-02
     vertex -1.984493e-02  5.142909e-03  1.100000e-02
   endloop
 endfacet
 facet normal  0.000000e+00 -0.000000e+00  1.000000e+00
   outer loop
     vertex -1.839155e-02  2.000202e-03  1.100000e-02
     vertex -1.806748e-02  3.976953e-03  1.100000e-02
     vertex -2.024801e-02  2.943150e-03  1.100000e-02
   endloop
 endfacet
 facet normal  0.000000e+00 -0.000000e+00  1.000000e+00
   outer loop
     vertex -1.850000e-02 -2.265597e-18  1.100000e-02
     vertex -1.839155e-02  2.000202e-03  1.100000e-02
     vertex -2.038514e-02  7.868431e-04  1.100000e-02
   endloop
 endfacet
 facet normal  0.000000e+00  0.000000e+00  1.000000e+00
   outer loop
     vertex  2.800000e-02  1.000000e-03  1.100000e-02
     vertex  2.615782e-02  3.000000e-03  1.100000e-02
     vertex  2.532740e-02  1.493384e-03  1.100000e-02
   endloop
 endfacet
 facet normal  0.000000e+00  0.000000e+00  1.000000e+00
   outer loop
     vertex  2.233522e-02 -3.299112e-03  1.100000e-02
     vertex  2.431563e-02 -3.000000e-03  1.100000e-02
     vertex  2.319250e-02 -1.567226e-03  1.100000e-02
   endloop
 endfacet
 facet normal  0.000000e+00 -0.000000e+00  1.000000e+00
   outer loop
     vertex  1.749511e-02 -1.715141e-02  1.100000e-02
     vertex  1.755271e-02 -1.430930e-02  1.100000e-02
     vertex  1.576695e-02 -1.594403e-02  1.100000e-02
   endloop
 endfacet
 facet normal  0.000000e+00 -0.000000e+00  1.000000e+00
   outer loop
     vertex  3.481795e-03 -2.425133e-02  1.100000e-02
     vertex  4.226818e-03 -2.212906e-02  1.100000e-02
     vertex  2.430958e-03 -2.274732e-02  1.100000e-02
   endloop
 endfacet
 facet normal  0.000000e+00  0.000000e+00  1.000000e+00
   outer loop
     vertex -1.196300e-02 -2.138075e-02  1.100000e-02
     vertex -9.684785e-03 -2.047089e-02  1.100000e-02
     vertex -1.174105e-02 -1.961157e-02  1.100000e-02
   endloop
 endfacet
 facet normal -0.000000e+00  0.000000e+00  1.000000e+00
   outer loop
     vertex -2.248943e-02 -9.719863e-03  1.100000e-02
     vertex -2.012076e-02 -1.039254e-02  1.100000e-02
     vertex -2.123398e-02 -8.460647e-03  1.100000e-02
   endloop
 endfacet
 facet normal -0.000000e+00  0.000000e+00  1.000000e+00
   outer loop
     vertex -2.376973e-02  5.937174e-03  1.100000e-02
     vertex -2.223081e-02  3.958065e-03  1.100000e-02
     vertex -2.162262e-02  6.329257e-03  1.100000e-02
   endloop
 endfacet
 facet normal  0.000000e+00  0.000000e+00  1.000000e+00
   outer loop
     vertex -1.527754e-02  1.915325e-02  1.100000e-02
     vertex -1.526754e-02  1.663596e-02  1.100000e-02
     vertex -1.334389e-02  1.815303e-02  1.100000e-02
   endloop
 endfacet
 facet normal  0.000000e+00  0.000000e+00  1.000000e+00
   outer loop
     vertex -5.042590e-04  2.449481e-02  1.100000e-02
     vertex -2.038561e-03  2.248712e-02  1.100000e-02
     vertex  4.114046e-04  2.252595e-02  1.100000e-02
   endloop
 endfacet
 facet normal  0.000000e+00  0.000000e+00  1.000000e+00
   outer loop
     vertex  1.447633e-02  1.976577e-02  1.100000e-02
     vertex  1.202626e-02  1.910941e-02  1.100000e-02
     vertex  1.399770e-02  1.765361e-02  1.100000e-02
   endloop
 endfacet
 facet normal  0.000000e+00  0.000000e+00  1.000000e+00
   outer loop
     vertex  2.350524e-02  6.910393e-03  1.100000e-02
     vertex  2.114390e-02  7.879060e-03  1.100000e-02
     vertex  2.178306e-02  5.444551e-03  1.100000e-02
   endloop
 endfacet
 facet normal  0.000000e+00  0.000000e+00  1.000000e+00
   outer loop
     vertex  2.431563e-02  3.000000e-03  1.100000e-02
     vertex  2.232834e-02  3.359685e-03  1.100000e-02
     vertex  2.319254e-02  1.580402e-03  1.100000e-02
   endloop
 endfacet
 facet normal  0.000000e+00 -0.000000e+00  1.000000e+00
   outer loop
     vertex  2.615782e-02 -3.000000e-03  1.100000e-02
     vertex  2.800000e-02 -1.000000e-03  1.100000e-02
     vertex  2.532713e-02 -1.492209e-03  1.100000e-02
   endloop
 endfacet
 facet normal  0.000000e+00 -0.000000e+00  1.000000e+00
   outer loop
     vertex  2.620389e-02  4.825385e-07  1.100000e-02
     vertex  2.800000e-02  1.000000e-03  1.100000e-02
     vertex  2.532740e-02  1.493384e-03  1.100000e-02
   endloop
 endfacet
 facet normal  0.000000e+00  0.000000e+00  1.000000e+00
   outer loop
     vertex  2.800000e-02 -1.000000e-03  1.100000e-02
     vertex  2.620389e-02  4.825385e-07  1.100000e-02
     vertex  2.532713e-02 -1.492209e-03  1.100000e-02
   endloop
 endfacet
 facet normal  0.000000e+00  0.000000e+00  1.000000e+00
   outer loop
     vertex -1.839155e-02 -2.000202e-03  1.100000e-02
     vertex -2.034314e-02 -1.287215e-03  1.100000e-02
     vertex -2.011728e-02 -3.330255e-03  1.100000e-02
   endloop
 endfacet
 facet normal  0.000000e+00 -0.000000e+00  1.000000e+00
   outer loop
     vertex  2.431563e-02 -3.000000e-03  1.100000e-02
     vertex  2.532713e-02 -1.492209e-03  1.100000e-02
     vertex  2.319250e-02 -1.567226e-03  1.100000e-02
   endloop
 endfacet
 facet normal  0.000000e+00  0.000000e+00  1.000000e+00
   outer loop
     vertex -1.806748e-02 -3.976953e-03  1.100000e-02
     vertex -2.011728e-02 -3.330255e-03  1.100000e-02
     vertex -1.971917e-02 -5.395543e-03  1.100000e-02
   endloop
 endfacet
 facet normal  0.000000e+00  0.000000e+00  1.000000e+00
   outer loop
     vertex -1.753158e-02 -5.907078e-03  1.100000e-02
     vertex -1.971917e-02 -5.395543e-03  1.100000e-02
     vertex -1.922178e-02 -7.746170e-03  1.100000e-02
   endloop
 endfacet
 facet normal  0.000000e+00  0.000000e+00  1.000000e+00
   outer loop
     vertex -1.679015e-02 -7.767948e-03  1.100000e-02
     vertex -1.922178e-02 -7.746170e-03  1.100000e-02
     vertex -1.795985e-02 -9.887363e-03  1.100000e-02
   endloop
 endfacet
 facet normal  0.000000e+00  0.000000e+00  1.000000e+00
   outer loop
     vertex -1.585186e-02 -9.537746e-03  1.100000e-02
     vertex -1.795985e-02 -9.887363e-03  1.100000e-02
     vertex -1.671085e-02 -1.171618e-02  1.100000e-02
   endloop
 endfacet
 facet normal  0.000000e+00  0.000000e+00  1.000000e+00
   outer loop
     vertex -1.472772e-02 -1.119572e-02  1.100000e-02
     vertex -1.671085e-02 -1.171618e-02  1.100000e-02
     vertex -1.540701e-02 -1.334955e-02  1.100000e-02
   endloop
 endfacet
 facet normal  0.000000e+00  0.000000e+00  1.000000e+00
   outer loop
     vertex -1.343092e-02 -1.272244e-02  1.100000e-02
     vertex -1.540701e-02 -1.334955e-02  1.100000e-02
     vertex -1.398770e-02 -1.483799e-02  1.100000e-02
   endloop
 endfacet
 facet normal  0.000000e+00  0.000000e+00  1.000000e+00
   outer loop
     vertex -1.197665e-02 -1.410000e-02  1.100000e-02
     vertex -1.398770e-02 -1.483799e-02  1.100000e-02
     vertex -1.241751e-02 -1.624094e-02  1.100000e-02
   endloop
 endfacet
 facet normal  0.000000e+00  0.000000e+00  1.000000e+00
   outer loop
     vertex -1.038196e-02 -1.531225e-02  1.100000e-02
     vertex -1.241751e-02 -1.624094e-02  1.100000e-02
     vertex -1.059341e-02 -1.781142e-02  1.100000e-02
   endloop
 endfacet
 facet normal  0.000000e+00  0.000000e+00  1.000000e+00
   outer loop
     vertex -8.665556e-03 -1.634497e-02  1.100000e-02
     vertex -1.059341e-02 -1.781142e-02  1.100000e-02
     vertex -8.294526e-03 -1.874926e-02  1.100000e-02
   endloop
 endfacet
 facet normal  0.000000e+00  0.000000e+00  1.000000e+00
   outer loop
     vertex -6.847556e-03 -1.718607e-02  1.100000e-02
     vertex -8.294526e-03 -1.874926e-02  1.100000e-02
     vertex -6.193322e-03 -1.944663e-02  1.100000e-02
   endloop
 endfacet
 facet normal  0.000000e+00  0.000000e+00  1.000000e+00
   outer loop
     vertex -4.949274e-03 -1.782567e-02  1.100000e-02
     vertex -6.193322e-03 -1.944663e-02  1.100000e-02
     vertex -4.168052e-03 -1.995544e-02  1.100000e-02
   endloop
 endfacet
 facet normal  0.000000e+00  0.000000e+00  1.000000e+00
   outer loop
     vertex -2.992967e-03 -1.825629e-02  1.100000e-02
     vertex -4.168052e-03 -1.995544e-02  1.100000e-02
     vertex -2.143153e-03 -2.027952e-02  1.100000e-02
   endloop
 endfacet
 facet normal  0.000000e+00  0.000000e+00  1.000000e+00
   outer loop
     vertex -1.001570e-03 -1.847287e-02  1.100000e-02
     vertex -2.143153e-03 -2.027952e-02  1.100000e-02
     vertex -6.253436e-05 -2.044759e-02  1.100000e-02
   endloop
 endfacet
 facet normal  0.000000e+00  0.000000e+00  1.000000e+00
   outer loop
     vertex  1.001570e-03 -1.847287e-02  1.100000e-02
     vertex -6.253436e-05 -2.044759e-02  1.100000e-02
     vertex  2.267086e-03 -2.060228e-02  1.100000e-02
   endloop
 endfacet
 facet normal  0.000000e+00  0.000000e+00  1.000000e+00
   outer loop
     vertex  2.992967e-03 -1.825629e-02  1.100000e-02
     vertex  2.267086e-03 -2.060228e-02  1.100000e-02
     vertex  4.617832e-03 -1.997110e-02  1.100000e-02
   endloop
 endfacet
 facet normal  0.000000e+00  0.000000e+00  1.000000e+00
   outer loop
     vertex  4.949274e-03 -1.782567e-02  1.100000e-02
     vertex  4.617832e-03 -1.997110e-02  1.100000e-02
     vertex  6.756821e-03 -1.930872e-02  1.100000e-02
   endloop
 endfacet
 facet normal  0.000000e+00  0.000000e+00  1.000000e+00
   outer loop
     vertex  6.847556e-03 -1.718607e-02  1.100000e-02
     vertex  6.756821e-03 -1.930872e-02  1.100000e-02
     vertex  8.733526e-03 -1.843371e-02  1.100000e-02
   endloop
 endfacet
 facet normal  0.000000e+00  0.000000e+00  1.000000e+00
   outer loop
     vertex  8.665556e-03 -1.634497e-02  1.100000e-02
     vertex  8.733526e-03 -1.843371e-02  1.100000e-02
     vertex  1.055289e-02 -1.743610e-02  1.100000e-02
   endloop
 endfacet
 facet normal  0.000000e+00  0.000000e+00  1.000000e+00
   outer loop
     vertex  1.038196e-02 -1.531225e-02  1.100000e-02
     vertex  1.055289e-02 -1.743610e-02  1.100000e-02
     vertex  1.225002e-02 -1.629092e-02  1.100000e-02
   endloop
 endfacet
 facet normal  0.000000e+00  0.000000e+00  1.000000e+00
   outer loop
     vertex  1.197665e-02 -1.410000e-02  1.100000e-02
     vertex  1.225002e-02 -1.629092e-02  1.100000e-02
     vertex  1.386411e-02 -1.497548e-02  1.100000e-02
   endloop
 endfacet
 facet normal  0.000000e+00  0.000000e+00  1.000000e+00
   outer loop
     vertex  1.343092e-02 -1.272244e-02  1.100000e-02
     vertex  1.386411e-02 -1.497548e-02  1.100000e-02
     vertex  1.547191e-02 -1.344812e-02  1.100000e-02
   endloop
 endfacet
 facet normal  0.000000e+00  0.000000e+00  1.000000e+00
   outer loop
     vertex  1.472772e-02 -1.119572e-02  1.100000e-02
     vertex  1.547191e-02 -1.344812e-02  1.100000e-02
     vertex  1.716946e-02 -1.160890e-02  1.100000e-02
   endloop
 endfacet
 facet normal -0.000000e+00  0.000000e+00  1.000000e+00
   outer loop
     vertex  1.585186e-02 -9.537746e-03  1.100000e-02
     vertex  1.716946e-02 -1.160890e-02  1.100000e-02
     vertex  1.814281e-02 -9.426988e-03  1.100000e-02
   endloop
 endfacet
 facet normal -0.000000e+00  0.000000e+00  1.000000e+00
   outer loop
     vertex  1.679015e-02 -7.767948e-03  1.100000e-02
     vertex  1.814281e-02 -9.426988e-03  1.100000e-02
     vertex  1.896840e-02 -7.496238e-03  1.100000e-02
   endloop
 endfacet
 facet normal -0.000000e+00  0.000000e+00  1.000000e+00
   outer loop
     vertex  1.753158e-02 -5.907078e-03  1.100000e-02
     vertex  1.896840e-02 -7.496238e-03  1.100000e-02
     vertex  1.963419e-02 -5.554149e-03  1.100000e-02
   endloop
 endfacet
 facet normal -0.000000e+00  0.000000e+00  1.000000e+00
   outer loop
     vertex  1.806748e-02 -3.976953e-03  1.100000e-02
     vertex  1.963419e-02 -5.554149e-03  1.100000e-02
     vertex  2.017707e-02 -3.533233e-03  1.100000e-02
   endloop
 endfacet
 facet normal -0.000000e+00  0.000000e+00  1.000000e+00
   outer loop
     vertex  1.839155e-02 -2.000202e-03  1.100000e-02
     vertex  2.017707e-02 -3.533233e-03  1.100000e-02
     vertex  2.076339e-02 -1.314700e-03  1.100000e-02
   endloop
 endfacet
 facet normal -0.000000e+00  0.000000e+00  1.000000e+00
   outer loop
     vertex  1.850000e-02 -1.643130e-17  1.100000e-02
     vertex  2.076339e-02 -1.314700e-03  1.100000e-02
     vertex  2.076244e-02  1.342754e-03  1.100000e-02
   endloop
 endfacet
 facet normal -0.000000e+00  0.000000e+00  1.000000e+00
   outer loop
     vertex  1.839155e-02  2.000202e-03  1.100000e-02
     vertex  2.076244e-02  1.342754e-03  1.100000e-02
     vertex  2.017628e-02  3.621387e-03  1.100000e-02
   endloop
 endfacet
 facet normal -0.000000e+00  0.000000e+00  1.000000e+00
   outer loop
     vertex  1.806748e-02  3.976953e-03  1.100000e-02
     vertex  2.017628e-02  3.621387e-03  1.100000e-02
     vertex  1.963054e-02  5.770435e-03  1.100000e-02
   endloop
 endfacet
 facet normal -0.000000e+00  0.000000e+00  1.000000e+00
   outer loop
     vertex  1.753158e-02  5.907078e-03  1.100000e-02
     vertex  1.963054e-02  5.770435e-03  1.100000e-02
     vertex  1.888608e-02  7.847389e-03  1.100000e-02
   endloop
 endfacet
 facet normal  0.000000e+00  0.000000e+00  1.000000e+00
   outer loop
     vertex  1.679015e-02  7.767948e-03  1.100000e-02
     vertex  1.888608e-02  7.847389e-03  1.100000e-02
     vertex  1.791019e-02  9.768969e-03  1.100000e-02
   endloop
 endfacet
 facet normal  0.000000e+00  0.000000e+00  1.000000e+00
   outer loop
     vertex  1.585186e-02  9.537746e-03  1.100000e-02
     vertex  1.791019e-02  9.768969e-03  1.100000e-02
     vertex  1.681587e-02  1.154421e-02  1.100000e-02
   endloop
 endfacet
 facet normal  0.000000e+00  0.000000e+00  1.000000e+00
   outer loop
     vertex  1.472772e-02  1.119572e-02  1.100000e-02
     vertex  1.681587e-02  1.154421e-02  1.100000e-02
     vertex  1.558029e-02  1.324504e-02  1.100000e-02
   endloop
 endfacet
 facet normal  0.000000e+00  0.000000e+00  1.000000e+00
   outer loop
     vertex  1.343092e-02  1.272244e-02  1.100000e-02
     vertex  1.558029e-02  1.324504e-02  1.100000e-02
     vertex  1.417302e-02  1.512618e-02  1.100000e-02
   endloop
 endfacet
 facet normal  0.000000e+00  0.000000e+00  1.000000e+00
   outer loop
     vertex  1.197665e-02  1.410000e-02  1.100000e-02
     vertex  1.417302e-02  1.512618e-02  1.100000e-02
     vertex  1.217794e-02  1.649143e-02  1.100000e-02
   endloop
 endfacet
 facet normal  0.000000e+00 -0.000000e+00  1.000000e+00
   outer loop
     vertex  1.038196e-02  1.531225e-02  1.100000e-02
     vertex  1.217794e-02  1.649143e-02  1.100000e-02
     vertex  1.028179e-02  1.768906e-02  1.100000e-02
   endloop
 endfacet
 facet normal  0.000000e+00 -0.000000e+00  1.000000e+00
   outer loop
     vertex  8.665556e-03  1.634497e-02  1.100000e-02
     vertex  1.028179e-02  1.768906e-02  1.100000e-02
     vertex  8.330183e-03  1.862505e-02  1.100000e-02
   endloop
 endfacet
 facet normal  0.000000e+00 -0.000000e+00  1.000000e+00
   outer loop
     vertex  6.847556e-03  1.718607e-02  1.100000e-02
     vertex  8.330183e-03  1.862505e-02  1.100000e-02
     vertex  6.380418e-03  1.937389e-02  1.100000e-02
   endloop
 endfacet
 facet normal  0.000000e+00 -0.000000e+00  1.000000e+00
   outer loop
     vertex  4.949274e-03  1.782567e-02  1.100000e-02
     vertex  6.380418e-03  1.937389e-02  1.100000e-02
     vertex  4.364787e-03  1.997808e-02  1.100000e-02
   endloop
 endfacet
 facet normal  0.000000e+00 -0.000000e+00  1.000000e+00
   outer loop
     vertex  2.992967e-03  1.825629e-02  1.100000e-02
     vertex  4.364787e-03  1.997808e-02  1.100000e-02
     vertex  2.101336e-03  2.062204e-02  1.100000e-02
   endloop
 endfacet
 facet normal  0.000000e+00 -0.000000e+00  1.000000e+00
   outer loop
     vertex  1.001570e-03  1.847287e-02  1.100000e-02
     vertex  2.101336e-03  2.062204e-02  1.100000e-02
     vertex -3.084691e-04  2.049834e-02  1.100000e-02
   endloop
 endfacet
 facet normal  0.000000e+00 -0.000000e+00  1.000000e+00
   outer loop
     vertex -1.001570e-03  1.847287e-02  1.100000e-02
     vertex -3.084691e-04  2.049834e-02  1.100000e-02
     vertex -2.541940e-03  2.030220e-02  1.100000e-02
   endloop
 endfacet
 facet normal  0.000000e+00 -0.000000e+00  1.000000e+00
   outer loop
     vertex -2.992967e-03  1.825629e-02  1.100000e-02
     vertex -2.541940e-03  2.030220e-02  1.100000e-02
     vertex -4.661634e-03  1.986356e-02  1.100000e-02
   endloop
 endfacet
 facet normal  0.000000e+00 -0.000000e+00  1.000000e+00
   outer loop
     vertex -4.949274e-03  1.782567e-02  1.100000e-02
     vertex -4.661634e-03  1.986356e-02  1.100000e-02
     vertex -6.666949e-03  1.927721e-02  1.100000e-02
   endloop
 endfacet
 facet normal  0.000000e+00 -0.000000e+00  1.000000e+00
   outer loop
     vertex -6.847556e-03  1.718607e-02  1.100000e-02
     vertex -6.666949e-03  1.927721e-02  1.100000e-02
     vertex -8.637269e-03  1.853565e-02  1.100000e-02
   endloop
 endfacet
 facet normal  0.000000e+00 -0.000000e+00  1.000000e+00
   outer loop
     vertex -8.665556e-03  1.634497e-02  1.100000e-02
     vertex -8.637269e-03  1.853565e-02  1.100000e-02
     vertex -1.083114e-02  1.767433e-02  1.100000e-02
   endloop
 endfacet
 facet normal  0.000000e+00  0.000000e+00  1.000000e+00
   outer loop
     vertex -1.038196e-02  1.531225e-02  1.100000e-02
     vertex -1.083114e-02  1.767433e-02  1.100000e-02
     vertex -1.266898e-02  1.611777e-02  1.100000e-02
   endloop
 endfacet
 facet normal  0.000000e+00  0.000000e+00  1.000000e+00
   outer loop
     vertex -1.197665e-02  1.410000e-02  1.100000e-02
     vertex -1.266898e-02  1.611777e-02  1.100000e-02
     vertex -1.432644e-02  1.460878e-02  1.100000e-02
   endloop
 endfacet
 facet normal  0.000000e+00  0.000000e+00  1.000000e+00
   outer loop
     vertex -1.343092e-02  1.272244e-02  1.100000e-02
     vertex -1.432644e-02  1.460878e-02  1.100000e-02
     vertex -1.574652e-02  1.297482e-02  1.100000e-02
   endloop
 endfacet
 facet normal  0.000000e+00  0.000000e+00  1.000000e+00
   outer loop
     vertex -1.472772e-02  1.119572e-02  1.100000e-02
     vertex -1.574652e-02  1.297482e-02  1.100000e-02
     vertex -1.698656e-02  1.129225e-02  1.100000e-02
   endloop
 endfacet
 facet normal  0.000000e+00  0.000000e+00  1.000000e+00
   outer loop
     vertex -1.585186e-02  9.537746e-03  1.100000e-02
     vertex -1.698656e-02  1.129225e-02  1.100000e-02
     vertex -1.810476e-02  9.506891e-03  1.100000e-02
   endloop
 endfacet
 facet normal  0.000000e+00  0.000000e+00  1.000000e+00
   outer loop
     vertex -1.679015e-02  7.767948e-03  1.100000e-02
     vertex -1.810476e-02  9.506891e-03  1.100000e-02
     vertex -1.932940e-02  7.487977e-03  1.100000e-02
   endloop
 endfacet
 facet normal  0.000000e+00  0.000000e+00  1.000000e+00
   outer loop
     vertex -1.753158e-02  5.907078e-03  1.100000e-02
     vertex -1.932940e-02  7.487977e-03  1.100000e-02
     vertex -1.984493e-02  5.142909e-03  1.100000e-02
   endloop
 endfacet
 facet normal  0.000000e+00  0.000000e+00  1.000000e+00
   outer loop
     vertex -1.806748e-02  3.976953e-03  1.100000e-02
     vertex -1.984493e-02  5.142909e-03  1.100000e-02
     vertex -2.024801e-02  2.943150e-03  1.100000e-02
   endloop
 endfacet
 facet normal  0.000000e+00  0.000000e+00  1.000000e+00
   outer loop
     vertex -1.839155e-02  2.000202e-03  1.100000e-02
     vertex -2.024801e-02  2.943150e-03  1.100000e-02
     vertex -2.038514e-02  7.868431e-04  1.100000e-02
   endloop
 endfacet
 facet normal  0.000000e+00  0.000000e+00  1.000000e+00
   outer loop
     vertex -1.850000e-02 -2.265597e-18  1.100000e-02
     vertex -2.038514e-02  7.868431e-04  1.100000e-02
     vertex -2.034314e-02 -1.287215e-03  1.100000e-02
   endloop
 endfacet
 facet normal  0.000000e+00  0.000000e+00  1.000000e+00
   outer loop
     vertex  2.532740e-02  1.493384e-03  1.100000e-02
     vertex  2.431563e-02  3.000000e-03  1.100000e-02
     vertex  2.319254e-02  1.580402e-03  1.100000e-02
   endloop
 endfacet
 facet normal  0.000000e+00  0.000000e+00  1.000000e+00
   outer loop
     vertex -1.971917e-02 -5.395543e-03  1.100000e-02
     vertex -2.011728e-02 -3.330255e-03  1.100000e-02
     vertex -2.191373e-02 -4.638274e-03  1.100000e-02
   endloop
 endfacet
 facet normal  0.000000e+00  0.000000e+00  1.000000e+00
   outer loop
     vertex  1.755271e-02 -1.430930e-02  1.100000e-02
     vertex  1.547191e-02 -1.344812e-02  1.100000e-02
     vertex  1.576695e-02 -1.594403e-02  1.100000e-02
   endloop
 endfacet
 facet normal  0.000000e+00 -0.000000e+00  1.000000e+00
   outer loop
     vertex  2.120807e-02 -7.180643e-03  1.100000e-02
     vertex  2.180084e-02 -5.248496e-03  1.100000e-02
     vertex  1.963419e-02 -5.554149e-03  1.100000e-02
   endloop
 endfacet
 facet normal  0.000000e+00 -0.000000e+00  1.000000e+00
   outer loop
     vertex  2.048585e-02 -9.064816e-03  1.100000e-02
     vertex  2.120807e-02 -7.180643e-03  1.100000e-02
     vertex  1.896840e-02 -7.496238e-03  1.100000e-02
   endloop
 endfacet
 facet normal  0.000000e+00 -0.000000e+00  1.000000e+00
   outer loop
     vertex  1.967117e-02 -1.089403e-02  1.100000e-02
     vertex  2.048585e-02 -9.064816e-03  1.100000e-02
     vertex  1.814281e-02 -9.426988e-03  1.100000e-02
   endloop
 endfacet
 facet normal  0.000000e+00 -0.000000e+00  1.000000e+00
   outer loop
     vertex  1.904403e-02 -1.264080e-02  1.100000e-02
     vertex  1.967117e-02 -1.089403e-02  1.100000e-02
     vertex  1.716946e-02 -1.160890e-02  1.100000e-02
   endloop
 endfacet
 facet normal  0.000000e+00 -0.000000e+00  1.000000e+00
   outer loop
     vertex  1.755271e-02 -1.430930e-02  1.100000e-02
     vertex  1.904403e-02 -1.264080e-02  1.100000e-02
     vertex  1.716946e-02 -1.160890e-02  1.100000e-02
   endloop
 endfacet
 facet normal  0.000000e+00 -0.000000e+00  1.000000e+00
   outer loop
     vertex  1.415623e-02 -1.733696e-02  1.100000e-02
     vertex  1.576695e-02 -1.594403e-02  1.100000e-02
     vertex  1.386411e-02 -1.497548e-02  1.100000e-02
   endloop
 endfacet
 facet normal  0.000000e+00 -0.000000e+00  1.000000e+00
   outer loop
     vertex  2.430958e-03 -2.274732e-02  1.100000e-02
     vertex  4.226818e-03 -2.212906e-02  1.100000e-02
     vertex  2.267086e-03 -2.060228e-02  1.100000e-02
   endloop
 endfacet
 facet normal  0.000000e+00 -0.000000e+00  1.000000e+00
   outer loop
     vertex  1.250181e-02 -1.855575e-02  1.100000e-02
     vertex  1.415623e-02 -1.733696e-02  1.100000e-02
     vertex  1.225002e-02 -1.629092e-02  1.100000e-02
   endloop
 endfacet
 facet normal  0.000000e+00 -0.000000e+00  1.000000e+00
   outer loop
     vertex  1.074820e-02 -1.962841e-02  1.100000e-02
     vertex  1.250181e-02 -1.855575e-02  1.100000e-02
     vertex  1.055289e-02 -1.743610e-02  1.100000e-02
   endloop
 endfacet
 facet normal  0.000000e+00 -0.000000e+00  1.000000e+00
   outer loop
     vertex  8.845352e-03 -2.058825e-02  1.100000e-02
     vertex  1.074820e-02 -1.962841e-02  1.100000e-02
     vertex  8.733526e-03 -1.843371e-02  1.100000e-02
   endloop
 endfacet
 facet normal  0.000000e+00  0.000000e+00  1.000000e+00
   outer loop
     vertex  6.614495e-03 -2.158566e-02  1.100000e-02
     vertex  8.845352e-03 -2.058825e-02  1.100000e-02
     vertex  6.756821e-03 -1.930872e-02  1.100000e-02
   endloop
 endfacet
 facet normal  0.000000e+00  0.000000e+00  1.000000e+00
   outer loop
     vertex  4.226818e-03 -2.212906e-02  1.100000e-02
     vertex  6.614495e-03 -2.158566e-02  1.100000e-02
     vertex  4.617832e-03 -1.997110e-02  1.100000e-02
   endloop
 endfacet
 facet normal -0.000000e+00  0.000000e+00  1.000000e+00
   outer loop
     vertex  6.488631e-04 -2.249014e-02  1.100000e-02
     vertex  2.430958e-03 -2.274732e-02  1.100000e-02
     vertex  2.267086e-03 -2.060228e-02  1.100000e-02
   endloop
 endfacet
 facet normal -0.000000e+00  0.000000e+00  1.000000e+00
   outer loop
     vertex -1.174105e-02 -1.961157e-02  1.100000e-02
     vertex -9.684785e-03 -2.047089e-02  1.100000e-02
     vertex -1.059341e-02 -1.781142e-02  1.100000e-02
   endloop
 endfacet
 facet normal -0.000000e+00  0.000000e+00  1.000000e+00
   outer loop
     vertex -1.327066e-03 -2.236450e-02  1.100000e-02
     vertex  6.488631e-04 -2.249014e-02  1.100000e-02
     vertex -6.253436e-05 -2.044759e-02  1.100000e-02
   endloop
 endfacet
 facet normal -0.000000e+00  0.000000e+00  1.000000e+00
   outer loop
     vertex -3.330774e-03 -2.213193e-02  1.100000e-02
     vertex -1.327066e-03 -2.236450e-02  1.100000e-02
     vertex -2.143153e-03 -2.027952e-02  1.100000e-02
   endloop
 endfacet
 facet normal -0.000000e+00  0.000000e+00  1.000000e+00
   outer loop
     vertex -5.339174e-03 -2.173745e-02  1.100000e-02
     vertex -3.330774e-03 -2.213193e-02  1.100000e-02
     vertex -4.168052e-03 -1.995544e-02  1.100000e-02
   endloop
 endfacet
 facet normal -0.000000e+00  0.000000e+00  1.000000e+00
   outer loop
     vertex -7.390347e-03 -2.117060e-02  1.100000e-02
     vertex -5.339174e-03 -2.173745e-02  1.100000e-02
     vertex -6.193322e-03 -1.944663e-02  1.100000e-02
   endloop
 endfacet
 facet normal -0.000000e+00  0.000000e+00  1.000000e+00
   outer loop
     vertex -9.684785e-03 -2.047089e-02  1.100000e-02
     vertex -7.390347e-03 -2.117060e-02  1.100000e-02
     vertex -8.294526e-03 -1.874926e-02  1.100000e-02
   endloop
 endfacet
 facet normal -0.000000e+00  0.000000e+00  1.000000e+00
   outer loop
     vertex -1.307695e-02 -1.829343e-02  1.100000e-02
     vertex -1.174105e-02 -1.961157e-02  1.100000e-02
     vertex -1.059341e-02 -1.781142e-02  1.100000e-02
   endloop
 endfacet
 facet normal -0.000000e+00  0.000000e+00  1.000000e+00
   outer loop
     vertex -2.123398e-02 -8.460647e-03  1.100000e-02
     vertex -2.012076e-02 -1.039254e-02  1.100000e-02
     vertex -1.922178e-02 -7.746170e-03  1.100000e-02
   endloop
 endfacet
 facet normal -0.000000e+00  0.000000e+00  1.000000e+00
   outer loop
     vertex -1.460654e-02 -1.698202e-02  1.100000e-02
     vertex -1.307695e-02 -1.829343e-02  1.100000e-02
     vertex -1.241751e-02 -1.624094e-02  1.100000e-02
   endloop
 endfacet
 facet normal -0.000000e+00  0.000000e+00  1.000000e+00
   outer loop
     vertex -1.607052e-02 -1.557563e-02  1.100000e-02
     vertex -1.460654e-02 -1.698202e-02  1.100000e-02
     vertex -1.398770e-02 -1.483799e-02  1.100000e-02
   endloop
 endfacet
 facet normal -0.000000e+00  0.000000e+00  1.000000e+00
   outer loop
     vertex -1.743170e-02 -1.404089e-02  1.100000e-02
     vertex -1.607052e-02 -1.557563e-02  1.100000e-02
     vertex -1.540701e-02 -1.334955e-02  1.100000e-02
   endloop
 endfacet
 facet normal -0.000000e+00  0.000000e+00  1.000000e+00
   outer loop
     vertex -1.871962e-02 -1.234433e-02  1.100000e-02
     vertex -1.743170e-02 -1.404089e-02  1.100000e-02
     vertex -1.671085e-02 -1.171618e-02  1.100000e-02
   endloop
 endfacet
 facet normal -0.000000e+00  0.000000e+00  1.000000e+00
   outer loop
     vertex -2.012076e-02 -1.039254e-02  1.100000e-02
     vertex -1.871962e-02 -1.234433e-02  1.100000e-02
     vertex -1.795985e-02 -9.887363e-03  1.100000e-02
   endloop
 endfacet
 facet normal  0.000000e+00  0.000000e+00  1.000000e+00
   outer loop
     vertex -2.149423e-02 -6.606193e-03  1.100000e-02
     vertex -2.123398e-02 -8.460647e-03  1.100000e-02
     vertex -1.922178e-02 -7.746170e-03  1.100000e-02
   endloop
 endfacet
 facet normal  0.000000e+00  0.000000e+00  1.000000e+00
   outer loop
     vertex -2.162262e-02  6.329257e-03  1.100000e-02
     vertex -2.223081e-02  3.958065e-03  1.100000e-02
     vertex -1.984493e-02  5.142909e-03  1.100000e-02
   endloop
 endfacet
 facet normal  0.000000e+00  0.000000e+00  1.000000e+00
   outer loop
     vertex -2.191373e-02 -4.638274e-03  1.100000e-02
     vertex -2.149423e-02 -6.606193e-03  1.100000e-02
     vertex -1.971917e-02 -5.395543e-03  1.100000e-02
   endloop
 endfacet
 facet normal  0.000000e+00  0.000000e+00  1.000000e+00
   outer loop
     vertex -2.222409e-02 -2.631242e-03  1.100000e-02
     vertex -2.191373e-02 -4.638274e-03  1.100000e-02
     vertex -2.011728e-02 -3.330255e-03  1.100000e-02
   endloop
 endfacet
 facet normal  0.000000e+00  0.000000e+00  1.000000e+00
   outer loop
     vertex -2.237273e-02 -5.856987e-04  1.100000e-02
     vertex -2.222409e-02 -2.631242e-03  1.100000e-02
     vertex -2.034314e-02 -1.287215e-03  1.100000e-02
   endloop
 endfacet
 facet normal  0.000000e+00  0.000000e+00  1.000000e+00
   outer loop
     vertex -2.235637e-02  1.537363e-03  1.100000e-02
     vertex -2.237273e-02 -5.856987e-04  1.100000e-02
     vertex -2.038514e-02  7.868431e-04  1.100000e-02
   endloop
 endfacet
 facet normal  0.000000e+00  0.000000e+00  1.000000e+00
   outer loop
     vertex -2.223081e-02  3.958065e-03  1.100000e-02
     vertex -2.235637e-02  1.537363e-03  1.100000e-02
     vertex -2.024801e-02  2.943150e-03  1.100000e-02
   endloop
 endfacet
 facet normal  0.000000e+00  0.000000e+00  1.000000e+00
   outer loop
     vertex -2.136173e-02  8.190811e-03  1.100000e-02
     vertex -2.162262e-02  6.329257e-03  1.100000e-02
     vertex -1.932940e-02  7.487977e-03  1.100000e-02
   endloop
 endfacet
 facet normal  0.000000e+00  0.000000e+00  1.000000e+00
   outer loop
     vertex -1.334389e-02  1.815303e-02  1.100000e-02
     vertex -1.526754e-02  1.663596e-02  1.100000e-02
     vertex -1.266898e-02  1.611777e-02  1.100000e-02
   endloop
 endfacet
 facet normal  0.000000e+00  0.000000e+00  1.000000e+00
   outer loop
     vertex -2.031313e-02  9.683911e-03  1.100000e-02
     vertex -2.136173e-02  8.190811e-03  1.100000e-02
     vertex -1.932940e-02  7.487977e-03  1.100000e-02
   endloop
 endfacet
 facet normal  0.000000e+00  0.000000e+00  1.000000e+00
   outer loop
     vertex -1.928896e-02  1.140096e-02  1.100000e-02
     vertex -2.031313e-02  9.683911e-03  1.100000e-02
     vertex -1.810476e-02  9.506891e-03  1.100000e-02
   endloop
 endfacet
 facet normal  0.000000e+00  0.000000e+00  1.000000e+00
   outer loop
     vertex -1.815106e-02  1.310466e-02  1.100000e-02
     vertex -1.928896e-02  1.140096e-02  1.100000e-02
     vertex -1.698656e-02  1.129225e-02  1.100000e-02
   endloop
 endfacet
 facet normal  0.000000e+00  0.000000e+00  1.000000e+00
   outer loop
     vertex -1.684245e-02  1.478435e-02  1.100000e-02
     vertex -1.815106e-02  1.310466e-02  1.100000e-02
     vertex -1.574652e-02  1.297482e-02  1.100000e-02
   endloop
 endfacet
 facet normal  0.000000e+00  0.000000e+00  1.000000e+00
   outer loop
     vertex -1.526754e-02  1.663596e-02  1.100000e-02
     vertex -1.684245e-02  1.478435e-02  1.100000e-02
     vertex -1.432644e-02  1.460878e-02  1.100000e-02
   endloop
 endfacet
 facet normal  0.000000e+00  0.000000e+00  1.000000e+00
   outer loop
     vertex -1.200439e-02  1.947561e-02  1.100000e-02
     vertex -1.334389e-02  1.815303e-02  1.100000e-02
     vertex -1.083114e-02  1.767433e-02  1.100000e-02
   endloop
 endfacet
 facet normal  0.000000e+00  0.000000e+00  1.000000e+00
   outer loop
     vertex  4.114046e-04  2.252595e-02  1.100000e-02
     vertex -2.038561e-03  2.248712e-02  1.100000e-02
     vertex -3.084691e-04  2.049834e-02  1.100000e-02
   endloop
 endfacet
 facet normal  0.000000e+00  0.000000e+00  1.000000e+00
   outer loop
     vertex -1.026685e-02  2.002461e-02  1.100000e-02
     vertex -1.200439e-02  1.947561e-02  1.100000e-02
     vertex -1.083114e-02  1.767433e-02  1.100000e-02
   endloop
 endfacet
 facet normal  0.000000e+00  0.000000e+00  1.000000e+00
   outer loop
     vertex -8.412850e-03  2.076701e-02  1.100000e-02
     vertex -1.026685e-02  2.002461e-02  1.100000e-02
     vertex -8.637269e-03  1.853565e-02  1.100000e-02
   endloop
 endfacet
 facet normal  0.000000e+00  0.000000e+00  1.000000e+00
   outer loop
     vertex -6.475522e-03  2.143039e-02  1.100000e-02
     vertex -8.412850e-03  2.076701e-02  1.100000e-02
     vertex -6.666949e-03  1.927721e-02  1.100000e-02
   endloop
 endfacet
 facet normal  0.000000e+00  0.000000e+00  1.000000e+00
   outer loop
     vertex -4.416412e-03  2.197125e-02  1.100000e-02
     vertex -6.475522e-03  2.143039e-02  1.100000e-02
     vertex -4.661634e-03  1.986356e-02  1.100000e-02
   endloop
 endfacet
 facet normal  0.000000e+00  0.000000e+00  1.000000e+00
   outer loop
     vertex -2.038561e-03  2.248712e-02  1.100000e-02
     vertex -4.416412e-03  2.197125e-02  1.100000e-02
     vertex -2.541940e-03  2.030220e-02  1.100000e-02
   endloop
 endfacet
 facet normal  0.000000e+00  0.000000e+00  1.000000e+00
   outer loop
     vertex  2.281137e-03  2.276383e-02  1.100000e-02
     vertex  4.114046e-04  2.252595e-02  1.100000e-02
     vertex  2.101336e-03  2.062204e-02  1.100000e-02
   endloop
 endfacet
 facet normal  0.000000e+00  0.000000e+00  1.000000e+00
   outer loop
     vertex  1.399770e-02  1.765361e-02  1.100000e-02
     vertex  1.202626e-02  1.910941e-02  1.100000e-02
     vertex  1.217794e-02  1.649143e-02  1.100000e-02
   endloop
 endfacet
 facet normal  0.000000e+00  0.000000e+00  1.000000e+00
   outer loop
     vertex  3.992533e-03  2.214576e-02  1.100000e-02
     vertex  2.281137e-03  2.276383e-02  1.100000e-02
     vertex  2.101336e-03  2.062204e-02  1.100000e-02
   endloop
 endfacet
 facet normal  0.000000e+00  0.000000e+00  1.000000e+00
   outer loop
     vertex  5.914907e-03  2.161140e-02  1.100000e-02
     vertex  3.992533e-03  2.214576e-02  1.100000e-02
     vertex  4.364787e-03  1.997808e-02  1.100000e-02
   endloop
 endfacet
 facet normal  0.000000e+00  0.000000e+00  1.000000e+00
   outer loop
     vertex  7.856615e-03  2.096344e-02  1.100000e-02
     vertex  5.914907e-03  2.161140e-02  1.100000e-02
     vertex  6.380418e-03  1.937389e-02  1.100000e-02
   endloop
 endfacet
 facet normal  0.000000e+00  0.000000e+00  1.000000e+00
   outer loop
     vertex  9.821328e-03  2.014392e-02  1.100000e-02
     vertex  7.856615e-03  2.096344e-02  1.100000e-02
     vertex  8.330183e-03  1.862505e-02  1.100000e-02
   endloop
 endfacet
 facet normal  0.000000e+00  0.000000e+00  1.000000e+00
   outer loop
     vertex  1.202626e-02  1.910941e-02  1.100000e-02
     vertex  9.821328e-03  2.014392e-02  1.100000e-02
     vertex  1.028179e-02  1.768906e-02  1.100000e-02
   endloop
 endfacet
 facet normal  0.000000e+00  0.000000e+00  1.000000e+00
   outer loop
     vertex  1.562982e-02  1.670621e-02  1.100000e-02
     vertex  1.399770e-02  1.765361e-02  1.100000e-02
     vertex  1.417302e-02  1.512618e-02  1.100000e-02
   endloop
 endfacet
 facet normal  0.000000e+00  0.000000e+00  1.000000e+00
   outer loop
     vertex  2.178306e-02  5.444551e-03  1.100000e-02
     vertex  2.114390e-02  7.879060e-03  1.100000e-02
     vertex  1.963054e-02  5.770435e-03  1.100000e-02
   endloop
 endfacet
 facet normal  0.000000e+00  0.000000e+00  1.000000e+00
   outer loop
     vertex  2.319254e-02  1.580402e-03  1.100000e-02
     vertex  2.232834e-02  3.359685e-03  1.100000e-02
     vertex  2.076244e-02  1.342754e-03  1.100000e-02
   endloop
 endfacet
 facet normal  0.000000e+00  0.000000e+00  1.000000e+00
   outer loop
     vertex  1.661267e-02  1.517821e-02  1.100000e-02
     vertex  1.562982e-02  1.670621e-02  1.100000e-02
     vertex  1.417302e-02  1.512618e-02  1.100000e-02
   endloop
 endfacet
 facet normal  0.000000e+00  0.000000e+00  1.000000e+00
   outer loop
     vertex  1.781503e-02  1.358874e-02  1.100000e-02
     vertex  1.661267e-02  1.517821e-02  1.100000e-02
     vertex  1.558029e-02  1.324504e-02  1.100000e-02
   endloop
 endfacet
 facet normal  0.000000e+00  0.000000e+00  1.000000e+00
   outer loop
     vertex  1.896412e-02  1.189643e-02  1.100000e-02
     vertex  1.781503e-02  1.358874e-02  1.100000e-02
     vertex  1.681587e-02  1.154421e-02  1.100000e-02
   endloop
 endfacet
 facet normal  0.000000e+00  0.000000e+00  1.000000e+00
   outer loop
     vertex  2.002622e-02  1.005207e-02  1.100000e-02
     vertex  1.896412e-02  1.189643e-02  1.100000e-02
     vertex  1.791019e-02  9.768969e-03  1.100000e-02
   endloop
 endfacet
 facet normal  0.000000e+00  0.000000e+00  1.000000e+00
   outer loop
     vertex  2.114390e-02  7.879060e-03  1.100000e-02
     vertex  2.002622e-02  1.005207e-02  1.100000e-02
     vertex  1.888608e-02  7.847389e-03  1.100000e-02
   endloop
 endfacet
 facet normal  0.000000e+00  0.000000e+00  1.000000e+00
   outer loop
     vertex  2.232834e-02  3.359685e-03  1.100000e-02
     vertex  2.178306e-02  5.444551e-03  1.100000e-02
     vertex  2.017628e-02  3.621387e-03  1.100000e-02
   endloop
 endfacet
 facet normal -0.000000e+00  0.000000e+00  1.000000e+00
   outer loop
     vertex -2.222409e-02 -2.631242e-03  1.100000e-02
     vertex -2.011728e-02 -3.330255e-03  1.100000e-02
     vertex -2.034314e-02 -1.287215e-03  1.100000e-02
   endloop
 endfacet
 facet normal  0.000000e+00  0.000000e+00  1.000000e+00
   outer loop
     vertex  2.620389e-02  4.825385e-07  1.100000e-02
     vertex  2.532740e-02  1.493384e-03  1.100000e-02
     vertex  2.425383e-02  2.438164e-06  1.100000e-02
   endloop
 endfacet
 facet normal  0.000000e+00 -0.000000e+00  1.000000e+00
   outer loop
     vertex  2.532713e-02 -1.492209e-03  1.100000e-02
     vertex  2.620389e-02  4.825385e-07  1.100000e-02
     vertex  2.425383e-02  2.438164e-06  1.100000e-02
   endloop
 endfacet
 facet normal  0.000000e+00  0.000000e+00  1.000000e+00
   outer loop
     vertex  2.532740e-02  1.493384e-03  1.100000e-02
     vertex  2.319254e-02  1.580402e-03  1.100000e-02
     vertex  2.425383e-02  2.438164e-06  1.100000e-02
   endloop
 endfacet
 facet normal  0.000000e+00 -0.000000e+00  1.000000e+00
   outer loop
     vertex  2.017628e-02  3.621387e-03  1.100000e-02
     vertex  2.178306e-02  5.444551e-03  1.100000e-02
     vertex  1.963054e-02  5.770435e-03  1.100000e-02
   endloop
 endfacet
 facet normal  0.000000e+00 -0.000000e+00  1.000000e+00
   outer loop
     vertex  1.888608e-02  7.847389e-03  1.100000e-02
     vertex  2.002622e-02  1.005207e-02  1.100000e-02
     vertex  1.791019e-02  9.768969e-03  1.100000e-02
   endloop
 endfacet
 facet normal  0.000000e+00 -0.000000e+00  1.000000e+00
   outer loop
     vertex  1.791019e-02  9.768969e-03  1.100000e-02
     vertex  1.896412e-02  1.189643e-02  1.100000e-02
     vertex  1.681587e-02  1.154421e-02  1.100000e-02
   endloop
 endfacet
 facet normal  0.000000e+00 -0.000000e+00  1.000000e+00
   outer loop
     vertex  1.681587e-02  1.154421e-02  1.100000e-02
     vertex  1.781503e-02  1.358874e-02  1.100000e-02
     vertex  1.558029e-02  1.324504e-02  1.100000e-02
   endloop
 endfacet
 facet normal  0.000000e+00 -0.000000e+00  1.000000e+00
   outer loop
     vertex  2.076244e-02  1.342754e-03  1.100000e-02
     vertex  2.232834e-02  3.359685e-03  1.100000e-02
     vertex  2.017628e-02  3.621387e-03  1.100000e-02
   endloop
 endfacet
 facet normal  0.000000e+00 -0.000000e+00  1.000000e+00
   outer loop
     vertex  1.963054e-02  5.770435e-03  1.100000e-02
     vertex  2.114390e-02  7.879060e-03  1.100000e-02
     vertex  1.888608e-02  7.847389e-03  1.100000e-02
   endloop
 endfacet
 facet normal  0.000000e+00  0.000000e+00  1.000000e+00
   outer loop
     vertex  1.417302e-02  1.512618e-02  1.100000e-02
     vertex  1.399770e-02  1.765361e-02  1.100000e-02
     vertex  1.217794e-02  1.649143e-02  1.100000e-02
   endloop
 endfacet
 facet normal  0.000000e+00  0.000000e+00  1.000000e+00
   outer loop
     vertex  1.028179e-02  1.768906e-02  1.100000e-02
     vertex  9.821328e-03  2.014392e-02  1.100000e-02
     vertex  8.330183e-03  1.862505e-02  1.100000e-02
   endloop
 endfacet
 facet normal  0.000000e+00  0.000000e+00  1.000000e+00
   outer loop
     vertex  8.330183e-03  1.862505e-02  1.100000e-02
     vertex  7.856615e-03  2.096344e-02  1.100000e-02
     vertex  6.380418e-03  1.937389e-02  1.100000e-02
   endloop
 endfacet
 facet normal  0.000000e+00  0.000000e+00  1.000000e+00
   outer loop
     vertex  6.380418e-03  1.937389e-02  1.100000e-02
     vertex  5.914907e-03  2.161140e-02  1.100000e-02
     vertex  4.364787e-03  1.997808e-02  1.100000e-02
   endloop
 endfacet
 facet normal  0.000000e+00  0.000000e+00  1.000000e+00
   outer loop
     vertex  1.217794e-02  1.649143e-02  1.100000e-02
     vertex  1.202626e-02  1.910941e-02  1.100000e-02
     vertex  1.028179e-02  1.768906e-02  1.100000e-02
   endloop
 endfacet
 facet normal  0.000000e+00  0.000000e+00  1.000000e+00
   outer loop
     vertex  2.101336e-03  2.062204e-02  1.100000e-02
     vertex  4.114046e-04  2.252595e-02  1.100000e-02
     vertex -3.084691e-04  2.049834e-02  1.100000e-02
   endloop
 endfacet
 facet normal  0.000000e+00  0.000000e+00  1.000000e+00
   outer loop
     vertex -2.541940e-03  2.030220e-02  1.100000e-02
     vertex -4.416412e-03  2.197125e-02  1.100000e-02
     vertex -4.661634e-03  1.986356e-02  1.100000e-02
   endloop
 endfacet
 facet normal  0.000000e+00  0.000000e+00  1.000000e+00
   outer loop
     vertex -4.661634e-03  1.986356e-02  1.100000e-02
     vertex -6.475522e-03  2.143039e-02  1.100000e-02
     vertex -6.666949e-03  1.927721e-02  1.100000e-02
   endloop
 endfacet
 facet normal  0.000000e+00  0.000000e+00  1.000000e+00
   outer loop
     vertex -6.666949e-03  1.927721e-02  1.100000e-02
     vertex -8.412850e-03  2.076701e-02  1.100000e-02
     vertex -8.637269e-03  1.853565e-02  1.100000e-02
   endloop
 endfacet
 facet normal  0.000000e+00  0.000000e+00  1.000000e+00
   outer loop
     vertex -3.084691e-04  2.049834e-02  1.100000e-02
     vertex -2.038561e-03  2.248712e-02  1.100000e-02
     vertex -2.541940e-03  2.030220e-02  1.100000e-02
   endloop
 endfacet
 facet normal  0.000000e+00  0.000000e+00  1.000000e+00
   outer loop
     vertex -1.083114e-02  1.767433e-02  1.100000e-02
     vertex -1.334389e-02  1.815303e-02  1.100000e-02
     vertex -1.266898e-02  1.611777e-02  1.100000e-02
   endloop
 endfacet
 facet normal  0.000000e+00  0.000000e+00  1.000000e+00
   outer loop
     vertex -1.432644e-02  1.460878e-02  1.100000e-02
     vertex -1.684245e-02  1.478435e-02  1.100000e-02
     vertex -1.574652e-02  1.297482e-02  1.100000e-02
   endloop
 endfacet
 facet normal  0.000000e+00  0.000000e+00  1.000000e+00
   outer loop
     vertex -1.574652e-02  1.297482e-02  1.100000e-02
     vertex -1.815106e-02  1.310466e-02  1.100000e-02
     vertex -1.698656e-02  1.129225e-02  1.100000e-02
   endloop
 endfacet
 facet normal  0.000000e+00  0.000000e+00  1.000000e+00
   outer loop
     vertex -1.698656e-02  1.129225e-02  1.100000e-02
     vertex -1.928896e-02  1.140096e-02  1.100000e-02
     vertex -1.810476e-02  9.506891e-03  1.100000e-02
   endloop
 endfacet
 facet normal  0.000000e+00  0.000000e+00  1.000000e+00
   outer loop
     vertex -1.266898e-02  1.611777e-02  1.100000e-02
     vertex -1.526754e-02  1.663596e-02  1.100000e-02
     vertex -1.432644e-02  1.460878e-02  1.100000e-02
   endloop
 endfacet
 facet normal  0.000000e+00  0.000000e+00  1.000000e+00
   outer loop
     vertex -1.932940e-02  7.487977e-03  1.100000e-02
     vertex -2.162262e-02  6.329257e-03  1.100000e-02
     vertex -1.984493e-02  5.142909e-03  1.100000e-02
   endloop
 endfacet
 facet normal  0.000000e+00  0.000000e+00  1.000000e+00
   outer loop
     vertex -2.024801e-02  2.943150e-03  1.100000e-02
     vertex -2.235637e-02  1.537363e-03  1.100000e-02
     vertex -2.038514e-02  7.868431e-04  1.100000e-02
   endloop
 endfacet
 facet normal  0.000000e+00  0.000000e+00  1.000000e+00
   outer loop
     vertex -1.795985e-02 -9.887363e-03  1.100000e-02
     vertex -1.871962e-02 -1.234433e-02  1.100000e-02
     vertex -1.671085e-02 -1.171618e-02  1.100000e-02
   endloop
 endfacet
 facet normal  0.000000e+00  0.000000e+00  1.000000e+00
   outer loop
     vertex -1.671085e-02 -1.171618e-02  1.100000e-02
     vertex -1.743170e-02 -1.404089e-02  1.100000e-02
     vertex -1.540701e-02 -1.334955e-02  1.100000e-02
   endloop
 endfacet
 facet normal  0.000000e+00  0.000000e+00  1.000000e+00
   outer loop
     vertex -1.540701e-02 -1.334955e-02  1.100000e-02
     vertex -1.607052e-02 -1.557563e-02  1.100000e-02
     vertex -1.398770e-02 -1.483799e-02  1.100000e-02
   endloop
 endfacet
 facet normal  0.000000e+00  0.000000e+00  1.000000e+00
   outer loop
     vertex -1.398770e-02 -1.483799e-02  1.100000e-02
     vertex -1.460654e-02 -1.698202e-02  1.100000e-02
     vertex -1.241751e-02 -1.624094e-02  1.100000e-02
   endloop
 endfacet
 facet normal  0.000000e+00  0.000000e+00  1.000000e+00
   outer loop
     vertex -1.241751e-02 -1.624094e-02  1.100000e-02
     vertex -1.307695e-02 -1.829343e-02  1.100000e-02
     vertex -1.059341e-02 -1.781142e-02  1.100000e-02
   endloop
 endfacet
 facet normal  0.000000e+00  0.000000e+00  1.000000e+00
   outer loop
     vertex -8.294526e-03 -1.874926e-02  1.100000e-02
     vertex -7.390347e-03 -2.117060e-02  1.100000e-02
     vertex -6.193322e-03 -1.944663e-02  1.100000e-02
   endloop
 endfacet
 facet normal  0.000000e+00  0.000000e+00  1.000000e+00
   outer loop
     vertex -6.193322e-03 -1.944663e-02  1.100000e-02
     vertex -5.339174e-03 -2.173745e-02  1.100000e-02
     vertex -4.168052e-03 -1.995544e-02  1.100000e-02
   endloop
 endfacet
 facet normal  0.000000e+00  0.000000e+00  1.000000e+00
   outer loop
     vertex -4.168052e-03 -1.995544e-02  1.100000e-02
     vertex -3.330774e-03 -2.213193e-02  1.100000e-02
     vertex -2.143153e-03 -2.027952e-02  1.100000e-02
   endloop
 endfacet
 facet normal  0.000000e+00  0.000000e+00  1.000000e+00
   outer loop
     vertex -2.143153e-03 -2.027952e-02  1.100000e-02
     vertex -1.327066e-03 -2.236450e-02  1.100000e-02
     vertex -6.253436e-05 -2.044759e-02  1.100000e-02
   endloop
 endfacet
 facet normal  0.000000e+00  0.000000e+00  1.000000e+00
   outer loop
     vertex -6.253436e-05 -2.044759e-02  1.100000e-02
     vertex  6.488631e-04 -2.249014e-02  1.100000e-02
     vertex  2.267086e-03 -2.060228e-02  1.100000e-02
   endloop
 endfacet
 facet normal -0.000000e+00  0.000000e+00  1.000000e+00
   outer loop
     vertex  4.617832e-03 -1.997110e-02  1.100000e-02
     vertex  6.614495e-03 -2.158566e-02  1.100000e-02
     vertex  6.756821e-03 -1.930872e-02  1.100000e-02
   endloop
 endfacet
 facet normal -0.000000e+00  0.000000e+00  1.000000e+00
   outer loop
     vertex  6.756821e-03 -1.930872e-02  1.100000e-02
     vertex  8.845352e-03 -2.058825e-02  1.100000e-02
     vertex  8.733526e-03 -1.843371e-02  1.100000e-02
   endloop
 endfacet
 facet normal -0.000000e+00  0.000000e+00  1.000000e+00
   outer loop
     vertex  8.733526e-03 -1.843371e-02  1.100000e-02
     vertex  1.074820e-02 -1.962841e-02  1.100000e-02
     vertex  1.055289e-02 -1.743610e-02  1.100000e-02
   endloop
 endfacet
 facet normal -0.000000e+00  0.000000e+00  1.000000e+00
   outer loop
     vertex  1.055289e-02 -1.743610e-02  1.100000e-02
     vertex  1.250181e-02 -1.855575e-02  1.100000e-02
     vertex  1.225002e-02 -1.629092e-02  1.100000e-02
   endloop
 endfacet
 facet normal  0.000000e+00  0.000000e+00  1.000000e+00
   outer loop
     vertex  1.716946e-02 -1.160890e-02  1.100000e-02
     vertex  1.967117e-02 -1.089403e-02  1.100000e-02
     vertex  1.814281e-02 -9.426988e-03  1.100000e-02
   endloop
 endfacet
 facet normal  0.000000e+00  0.000000e+00  1.000000e+00
   outer loop
     vertex  1.814281e-02 -9.426988e-03  1.100000e-02
     vertex  2.048585e-02 -9.064816e-03  1.100000e-02
     vertex  1.896840e-02 -7.496238e-03  1.100000e-02
   endloop
 endfacet
 facet normal  0.000000e+00  0.000000e+00  1.000000e+00
   outer loop
     vertex  1.896840e-02 -7.496238e-03  1.100000e-02
     vertex  2.120807e-02 -7.180643e-03  1.100000e-02
     vertex  1.963419e-02 -5.554149e-03  1.100000e-02
   endloop
 endfacet
 facet normal  0.000000e+00  0.000000e+00  1.000000e+00
   outer loop
     vertex  1.963419e-02 -5.554149e-03  1.100000e-02
     vertex  2.180084e-02 -5.248496e-03  1.100000e-02
     vertex  2.017707e-02 -3.533233e-03  1.100000e-02
   endloop
 endfacet
 facet normal  0.000000e+00 -0.000000e+00  1.000000e+00
   outer loop
     vertex  2.233522e-02 -3.299112e-03  1.100000e-02
     vertex  2.319250e-02 -1.567226e-03  1.100000e-02
     vertex  2.076339e-02 -1.314700e-03  1.100000e-02
   endloop
 endfacet
 facet normal -0.000000e+00  0.000000e+00  1.000000e+00
   outer loop
     vertex -2.237273e-02 -5.856987e-04  1.100000e-02
     vertex -2.034314e-02 -1.287215e-03  1.100000e-02
     vertex -2.038514e-02  7.868431e-04  1.100000e-02
   endloop
 endfacet
 facet normal  0.000000e+00 -0.000000e+00  1.000000e+00
   outer loop
     vertex  2.180084e-02 -5.248496e-03  1.100000e-02
     vertex  2.233522e-02 -3.299112e-03  1.100000e-02
     vertex  2.017707e-02 -3.533233e-03  1.100000e-02
   endloop
 endfacet
 facet normal  0.000000e+00  0.000000e+00  1.000000e+00
   outer loop
     vertex  2.319250e-02 -1.567226e-03  1.100000e-02
     vertex  2.532713e-02 -1.492209e-03  1.100000e-02
     vertex  2.425383e-02  2.438164e-06  1.100000e-02
   endloop
 endfacet
 facet normal  0.000000e+00  0.000000e+00  1.000000e+00
   outer loop
     vertex -1.922178e-02 -7.746170e-03  1.100000e-02
     vertex -1.971917e-02 -5.395543e-03  1.100000e-02
     vertex -2.149423e-02 -6.606193e-03  1.100000e-02
   endloop
 endfacet
 facet normal  0.000000e+00  0.000000e+00  1.000000e+00
   outer loop
     vertex -1.795985e-02 -9.887363e-03  1.100000e-02
     vertex -1.922178e-02 -7.746170e-03  1.100000e-02
     vertex -2.012076e-02 -1.039254e-02  1.100000e-02
   endloop
 endfacet
 facet normal  0.000000e+00  0.000000e+00  1.000000e+00
   outer loop
     vertex -8.294526e-03 -1.874926e-02  1.100000e-02
     vertex -1.059341e-02 -1.781142e-02  1.100000e-02
     vertex -9.684785e-03 -2.047089e-02  1.100000e-02
   endloop
 endfacet
 facet normal  0.000000e+00  0.000000e+00  1.000000e+00
   outer loop
     vertex  4.617832e-03 -1.997110e-02  1.100000e-02
     vertex  2.267086e-03 -2.060228e-02  1.100000e-02
     vertex  4.226818e-03 -2.212906e-02  1.100000e-02
   endloop
 endfacet
 facet normal  0.000000e+00  0.000000e+00  1.000000e+00
   outer loop
     vertex  1.386411e-02 -1.497548e-02  1.100000e-02
     vertex  1.225002e-02 -1.629092e-02  1.100000e-02
     vertex  1.415623e-02 -1.733696e-02  1.100000e-02
   endloop
 endfacet
 facet normal  0.000000e+00  0.000000e+00  1.000000e+00
   outer loop
     vertex  2.233522e-02 -3.299112e-03  1.100000e-02
     vertex  2.076339e-02 -1.314700e-03  1.100000e-02
     vertex  2.017707e-02 -3.533233e-03  1.100000e-02
   endloop
 endfacet
 facet normal -0.000000e+00  0.000000e+00  1.000000e+00
   outer loop
     vertex  1.417302e-02  1.512618e-02  1.100000e-02
     vertex  1.558029e-02  1.324504e-02  1.100000e-02
     vertex  1.661267e-02  1.517821e-02  1.100000e-02
   endloop
 endfacet
 facet normal -0.000000e+00  0.000000e+00  1.000000e+00
   outer loop
     vertex  2.101336e-03  2.062204e-02  1.100000e-02
     vertex  4.364787e-03  1.997808e-02  1.100000e-02
     vertex  3.992533e-03  2.214576e-02  1.100000e-02
   endloop
 endfacet
 facet normal  0.000000e+00  0.000000e+00  1.000000e+00
   outer loop
     vertex -1.083114e-02  1.767433e-02  1.100000e-02
     vertex -8.637269e-03  1.853565e-02  1.100000e-02
     vertex -1.026685e-02  2.002461e-02  1.100000e-02
   endloop
 endfacet
 facet normal  0.000000e+00 -0.000000e+00  1.000000e+00
   outer loop
     vertex -1.932940e-02  7.487977e-03  1.100000e-02
     vertex -1.810476e-02  9.506891e-03  1.100000e-02
     vertex -2.031313e-02  9.683911e-03  1.100000e-02
   endloop
 endfacet
 facet normal  0.000000e+00 -0.000000e+00  1.000000e+00
   outer loop
     vertex -2.024801e-02  2.943150e-03  1.100000e-02
     vertex -1.984493e-02  5.142909e-03  1.100000e-02
     vertex -2.223081e-02  3.958065e-03  1.100000e-02
   endloop
 endfacet
 facet normal  0.000000e+00  0.000000e+00  1.000000e+00
   outer loop
     vertex  1.755271e-02 -1.430930e-02  1.100000e-02
     vertex  1.716946e-02 -1.160890e-02  1.100000e-02
     vertex  1.547191e-02 -1.344812e-02  1.100000e-02
   endloop
 endfacet
 facet normal -0.000000e+00  0.000000e+00  1.000000e+00
   outer loop
     vertex  1.386411e-02 -1.497548e-02  1.100000e-02
     vertex  1.576695e-02 -1.594403e-02  1.100000e-02
     vertex  1.547191e-02 -1.344812e-02  1.100000e-02
   endloop
 endfacet
 facet normal  0.000000e+00  0.000000e+00  1.000000e+00
   outer loop
     vertex  2.319254e-02  1.580402e-03  1.100000e-02
     vertex  2.076244e-02  1.342754e-03  1.100000e-02
     vertex  2.235391e-02  6.040405e-06  1.100000e-02
   endloop
 endfacet
 facet normal  0.000000e+00  0.000000e+00  1.000000e+00
   outer loop
     vertex  2.425383e-02  2.438164e-06  1.100000e-02
     vertex  2.319254e-02  1.580402e-03  1.100000e-02
     vertex  2.235391e-02  6.040405e-06  1.100000e-02
   endloop
 endfacet
 facet normal -0.000000e+00  0.000000e+00  1.000000e+00
   outer loop
     vertex  2.076339e-02 -1.314700e-03  1.100000e-02
     vertex  2.319250e-02 -1.567226e-03  1.100000e-02
     vertex  2.235391e-02  6.040405e-06  1.100000e-02
   endloop
 endfacet
 facet normal  0.000000e+00 -0.000000e+00  1.000000e+00
   outer loop
     vertex  2.076339e-02 -1.314700e-03  1.100000e-02
     vertex  2.235391e-02  6.040405e-06  1.100000e-02
     vertex  2.076244e-02  1.342754e-03  1.100000e-02
   endloop
 endfacet
 facet normal  0.000000e+00 -0.000000e+00  1.000000e+00
   outer loop
     vertex  2.319250e-02 -1.567226e-03  1.100000e-02
     vertex  2.425383e-02  2.438164e-06  1.100000e-02
     vertex  2.235391e-02  6.040405e-06  1.100000e-02
   endloop
 endfacet
 facet normal  1.000000e+00  0.000000e+00  0.000000e+00
   outer loop
     vertex  3.400000e-02 -3.000000e-03  6.984615e-03
     vertex  3.400000e-02 -3.000000e-03  5.000000e-03
     vertex  3.400000e-02 -1.000000e-03  5.000000e-03
   endloop
 endfacet
 facet normal  1.000000e+00  0.000000e+00  0.000000e+00
   outer loop
     vertex  3.400000e-02 -3.000000e-03  8.969231e-03
     vertex  3.400000e-02 -3.000000e-03  6.984615e-03
     vertex  3.400000e-02 -9.955547e-04  8.341829e-03
   endloop
 endfacet
 facet normal  1.000000e+00  0.000000e+00  0.000000e+00
   outer loop
     vertex  3.400000e-02 -3.000000e-03  1.095385e-02
     vertex  3.400000e-02 -3.000000e-03  8.969231e-03
     vertex  3.400000e-02 -1.463213e-03  9.990816e-03
   endloop
 endfacet
 facet normal  1.000000e+00 -0.000000e+00  0.000000e+00
   outer loop
     vertex  3.400000e-02 -3.000000e-03  8.969231e-03
     vertex  3.400000e-02 -9.955547e-04  8.341829e-03
     vertex  3.400000e-02 -1.463213e-03  9.990816e-03
   endloop
 endfacet
 facet normal  1.000000e+00  0.000000e+00  0.000000e+00
   outer loop
     vertex  3.400000e-02 -3.000000e-03  1.293846e-02
     vertex  3.400000e-02 -3.000000e-03  1.095385e-02
     vertex  3.400000e-02 -1.119028e-03  1.168754e-02
   endloop
 endfacet
 facet normal  1.000000e+00 -0.000000e+00  0.000000e+00
   outer loop
     vertex  3.400000e-02 -3.000000e-03  1.095385e-02
     vertex  3.400000e-02 -1.463213e-03  9.990816e-03
     vertex  3.400000e-02 -1.119028e-03  1.168754e-02
   endloop
 endfacet
 facet normal  1.000000e+00  0.000000e+00  0.000000e+00
   outer loop
     vertex  3.400000e-02 -3.000000e-03  1.492308e-02
     vertex  3.400000e-02 -3.000000e-03  1.293846e-02
     vertex  3.400000e-02 -1.029375e-03  1.361276e-02
   endloop
 endfacet
 facet normal  1.000000e+00 -0.000000e+00  0.000000e+00
   outer loop
     vertex  3.400000e-02 -3.000000e-03  1.293846e-02
     vertex  3.400000e-02 -1.119028e-03  1.168754e-02
     vertex  3.400000e-02 -1.029375e-03  1.361276e-02
   endloop
 endfacet
 facet normal  1.000000e+00  0.000000e+00  0.000000e+00
   outer loop
     vertex  3.400000e-02 -3.000000e-03  1.690769e-02
     vertex  3.400000e-02 -3.000000e-03  1.492308e-02
     vertex  3.400000e-02 -1.007055e-03  1.558731e-02
   endloop
 endfacet
 facet normal  1.000000e+00 -0.000000e+00  0.000000e+00
   outer loop
     vertex  3.400000e-02 -3.000000e-03  1.492308e-02
     vertex  3.400000e-02 -1.029375e-03  1.361276e-02
     vertex  3.400000e-02 -1.007055e-03  1.558731e-02
   endloop
 endfacet
 facet normal  1.000000e+00  0.000000e+00  0.000000e+00
   outer loop
     vertex  3.400000e-02 -3.000000e-03  1.889231e-02
     vertex  3.400000e-02 -3.000000e-03  1.690769e-02
     vertex  3.400000e-02 -1.000524e-03  1.757386e-02
   endloop
 endfacet
 facet normal  1.000000e+00 -0.000000e+00  0.000000e+00
   outer loop
     vertex  3.400000e-02 -3.000000e-03  1.690769e-02
     vertex  3.400000e-02 -1.007055e-03  1.558731e-02
     vertex  3.400000e-02 -1.000524e-03  1.757386e-02
   endloop
 endfacet
 facet normal  1.000000e+00  0.000000e+00  0.000000e+00
   outer loop
     vertex  3.400000e-02 -3.000000e-03  2.087692e-02
     vertex  3.400000e-02 -3.000000e-03  1.889231e-02
     vertex  3.400000e-02 -9.957022e-04  1.956515e-02
   endloop
 endfacet
 facet normal  1.000000e+00 -0.000000e+00  0.000000e+00
   outer loop
     vertex  3.400000e-02 -3.000000e-03  1.889231e-02
     vertex  3.400000e-02 -1.000524e-03  1.757386e-02
     vertex  3.400000e-02 -9.957022e-04  1.956515e-02
   endloop
 endfacet
 facet normal  1.000000e+00  0.000000e+00  0.000000e+00
   outer loop
     vertex  3.400000e-02 -3.000000e-03  2.286154e-02
     vertex  3.400000e-02 -3.000000e-03  2.087692e-02
     vertex  3.400000e-02 -9.803129e-04  2.156727e-02
   endloop
 endfacet
 facet normal  1.000000e+00 -0.000000e+00  0.000000e+00
   outer loop
     vertex  3.400000e-02 -3.000000e-03  2.087692e-02
     vertex  3.400000e-02 -9.957022e-04  1.956515e-02
     vertex  3.400000e-02 -9.803129e-04  2.156727e-02
   endloop
 endfacet
 facet normal  1.000000e+00  0.000000e+00  0.000000e+00
   outer loop
     vertex  3.400000e-02 -3.000000e-03  2.484615e-02
     vertex  3.400000e-02 -3.000000e-03  2.286154e-02
     vertex  3.400000e-02 -9.211499e-04  2.361198e-02
   endloop
 endfacet
 facet normal  1.000000e+00 -0.000000e+00  0.000000e+00
   outer loop
     vertex  3.400000e-02 -3.000000e-03  2.286154e-02
     vertex  3.400000e-02 -9.803129e-04  2.156727e-02
     vertex  3.400000e-02 -9.211499e-04  2.361198e-02
   endloop
 endfacet
 facet normal  1.000000e+00  0.000000e+00  0.000000e+00
   outer loop
     vertex  3.400000e-02 -3.000000e-03  2.683077e-02
     vertex  3.400000e-02 -3.000000e-03  2.484615e-02
     vertex  3.400000e-02 -6.571105e-04  2.583791e-02
   endloop
 endfacet
 facet normal  1.000000e+00 -0.000000e+00  0.000000e+00
   outer loop
     vertex  3.400000e-02 -3.000000e-03  2.484615e-02
     vertex  3.400000e-02 -9.211499e-04  2.361198e-02
     vertex  3.400000e-02 -6.571105e-04  2.583791e-02
   endloop
 endfacet
 facet normal  1.000000e+00  0.000000e+00  0.000000e+00
   outer loop
     vertex  3.400000e-02 -3.000000e-03  2.881538e-02
     vertex  3.400000e-02 -3.000000e-03  2.683077e-02
     vertex  3.400000e-02 -1.043884e-03  2.801199e-02
   endloop
 endfacet
 facet normal  1.000000e+00 -0.000000e+00  0.000000e+00
   outer loop
     vertex  3.400000e-02 -3.000000e-03  2.683077e-02
     vertex  3.400000e-02 -6.571105e-04  2.583791e-02
     vertex  3.400000e-02 -1.043884e-03  2.801199e-02
   endloop
 endfacet
 facet normal  1.000000e+00  0.000000e+00  0.000000e+00
   outer loop
     vertex  3.400000e-02 -3.000000e-03  3.080000e-02
     vertex  3.400000e-02 -3.000000e-03  2.881538e-02
     vertex  3.400000e-02 -1.462542e-03  2.977717e-02
   endloop
 endfacet
 facet normal  1.000000e+00 -0.000000e+00  0.000000e+00
   outer loop
     vertex  3.400000e-02 -3.000000e-03  2.881538e-02
     vertex  3.400000e-02 -1.043884e-03  2.801199e-02
     vertex  3.400000e-02 -1.462542e-03  2.977717e-02
   endloop
 endfacet
 facet normal  1.000000e+00  0.000000e+00  0.000000e+00
   outer loop
     vertex  3.400000e-02 -3.000000e-03  3.278462e-02
     vertex  3.400000e-02 -3.000000e-03  3.080000e-02
     vertex  3.400000e-02 -1.119641e-03  3.150587e-02
   endloop
 endfacet
 facet normal  1.000000e+00 -0.000000e+00  0.000000e+00
   outer loop
     vertex  3.400000e-02 -3.000000e-03  3.080000e-02
     vertex  3.400000e-02 -1.462542e-03  2.977717e-02
     vertex  3.400000e-02 -1.119641e-03  3.150587e-02
   endloop
 endfacet
 facet normal  1.000000e+00  0.000000e+00  0.000000e+00
   outer loop
     vertex  3.400000e-02 -3.000000e-03  3.476923e-02
     vertex  3.400000e-02 -3.000000e-03  3.278462e-02
     vertex  3.400000e-02 -1.030396e-03  3.344661e-02
   endloop
 endfacet
 facet normal  1.000000e+00 -0.000000e+00  0.000000e+00
   outer loop
     vertex  3.400000e-02 -3.000000e-03  3.278462e-02
     vertex  3.400000e-02 -1.119641e-03  3.150587e-02
     vertex  3.400000e-02 -1.030396e-03  3.344661e-02
   endloop
 endfacet
 facet normal  1.000000e+00  0.000000e+00  0.000000e+00
   outer loop
     vertex  3.400000e-02 -3.000000e-03  3.675385e-02
     vertex  3.400000e-02 -3.000000e-03  3.476923e-02
     vertex  3.400000e-02 -1.007893e-03  3.542910e-02
   endloop
 endfacet
 facet normal  1.000000e+00 -0.000000e+00  0.000000e+00
   outer loop
     vertex  3.400000e-02 -3.000000e-03  3.476923e-02
     vertex  3.400000e-02 -1.030396e-03  3.344661e-02
     vertex  3.400000e-02 -1.007893e-03  3.542910e-02
   endloop
 endfacet
 facet normal  1.000000e+00  0.000000e+00  0.000000e+00
   outer loop
     vertex  3.400000e-02 -3.000000e-03  3.873846e-02
     vertex  3.400000e-02 -3.000000e-03  3.675385e-02
     vertex  3.400000e-02 -1.002261e-03  3.741499e-02
   endloop
 endfacet
 facet normal  1.000000e+00 -0.000000e+00  0.000000e+00
   outer loop
     vertex  3.400000e-02 -3.000000e-03  3.675385e-02
     vertex  3.400000e-02 -1.007893e-03  3.542910e-02
     vertex  3.400000e-02 -1.002261e-03  3.741499e-02
   endloop
 endfacet
 facet normal  1.000000e+00  0.000000e+00  0.000000e+00
   outer loop
     vertex  3.400000e-02 -3.000000e-03  4.072308e-02
     vertex  3.400000e-02 -3.000000e-03  3.873846e-02
     vertex  3.400000e-02 -1.000835e-03  3.940076e-02
   endloop
 endfacet
 facet normal  1.000000e+00 -0.000000e+00  0.000000e+00
   outer loop
     vertex  3.400000e-02 -3.000000e-03  3.873846e-02
     vertex  3.400000e-02 -1.002261e-03  3.741499e-02
     vertex  3.400000e-02 -1.000835e-03  3.940076e-02
   endloop
 endfacet
 facet normal  1.000000e+00  0.000000e+00  0.000000e+00
   outer loop
     vertex  3.400000e-02 -3.000000e-03  4.270769e-02
     vertex  3.400000e-02 -3.000000e-03  4.072308e-02
     vertex  3.400000e-02 -1.000437e-03  4.138593e-02
   endloop
 endfacet
 facet normal  1.000000e+00 -0.000000e+00  0.000000e+00
   outer loop
     vertex  3.400000e-02 -3.000000e-03  4.072308e-02
     vertex  3.400000e-02 -1.000835e-03  3.940076e-02
     vertex  3.400000e-02 -1.000437e-03  4.138593e-02
   endloop
 endfacet
 facet normal  1.000000e+00  0.000000e+00  0.000000e+00
   outer loop
     vertex  3.400000e-02 -3.000000e-03  4.469231e-02
     vertex  3.400000e-02 -3.000000e-03  4.270769e-02
     vertex  3.400000e-02 -1.000797e-03  4.337184e-02
   endloop
 endfacet
 facet normal  1.000000e+00 -0.000000e+00  0.000000e+00
   outer loop
     vertex  3.400000e-02 -3.000000e-03  4.270769e-02
     vertex  3.400000e-02 -1.000437e-03  4.138593e-02
     vertex  3.400000e-02 -1.000797e-03  4.337184e-02
   endloop
 endfacet
 facet normal  1.000000e+00  0.000000e+00  0.000000e+00
   outer loop
     vertex  3.400000e-02 -3.000000e-03  4.667692e-02
     vertex  3.400000e-02 -3.000000e-03  4.469231e-02
     vertex  3.400000e-02 -1.001226e-03  4.535745e-02
   endloop
 endfacet
 facet normal  1.000000e+00 -0.000000e+00  0.000000e+00
   outer loop
     vertex  3.400000e-02 -3.000000e-03  4.469231e-02
     vertex  3.400000e-02 -1.000797e-03  4.337184e-02
     vertex  3.400000e-02 -1.001226e-03  4.535745e-02
   endloop
 endfacet
 facet normal  1.000000e+00  0.000000e+00  0.000000e+00
   outer loop
     vertex  3.400000e-02 -3.000000e-03  4.866154e-02
     vertex  3.400000e-02 -3.000000e-03  4.667692e-02
     vertex  3.400000e-02 -1.000888e-03  4.734132e-02
   endloop
 endfacet
 facet normal  1.000000e+00 -0.000000e+00  0.000000e+00
   outer loop
     vertex  3.400000e-02 -3.000000e-03  4.667692e-02
     vertex  3.400000e-02 -1.001226e-03  4.535745e-02
     vertex  3.400000e-02 -1.000888e-03  4.734132e-02
   endloop
 endfacet
 facet normal  1.000000e+00  0.000000e+00  0.000000e+00
   outer loop
     vertex  3.400000e-02 -3.000000e-03  5.064615e-02
     vertex  3.400000e-02 -3.000000e-03  4.866154e-02
     vertex  3.400000e-02 -1.000654e-03  4.932533e-02
   endloop
 endfacet
 facet normal  1.000000e+00 -0.000000e+00  0.000000e+00
   outer loop
     vertex  3.400000e-02 -3.000000e-03  4.866154e-02
     vertex  3.400000e-02 -1.000888e-03  4.734132e-02
     vertex  3.400000e-02 -1.000654e-03  4.932533e-02
   endloop
 endfacet
 facet normal  1.000000e+00  0.000000e+00  0.000000e+00
   outer loop
     vertex  3.400000e-02 -3.000000e-03  5.263077e-02
     vertex  3.400000e-02 -3.000000e-03  5.064615e-02
     vertex  3.400000e-02 -1.000750e-03  5.131035e-02
   endloop
 endfacet
 facet normal  1.000000e+00 -0.000000e+00  0.000000e+00
   outer loop
     vertex  3.400000e-02 -3.000000e-03  5.064615e-02
     vertex  3.400000e-02 -1.000654e-03  4.932533e-02
     vertex  3.400000e-02 -1.000750e-03  5.131035e-02
   endloop
 endfacet
 facet normal  1.000000e+00  0.000000e+00  0.000000e+00
   outer loop
     vertex  3.400000e-02 -3.000000e-03  5.461538e-02
     vertex  3.400000e-02 -3.000000e-03  5.263077e-02
     vertex  3.400000e-02 -1.000517e-03  5.329440e-02
   endloop
 endfacet
 facet normal  1.000000e+00 -0.000000e+00  0.000000e+00
   outer loop
     vertex  3.400000e-02 -3.000000e-03  5.263077e-02
     vertex  3.400000e-02 -1.000750e-03  5.131035e-02
     vertex  3.400000e-02 -1.000517e-03  5.329440e-02
   endloop
 endfacet
 facet normal  1.000000e+00  0.000000e+00  0.000000e+00
   outer loop
     vertex  3.400000e-02 -3.000000e-03  5.660000e-02
     vertex  3.400000e-02 -3.000000e-03  5.461538e-02
     vertex  3.400000e-02 -1.000371e-03  5.527862e-02
   endloop
 endfacet
 facet normal  1.000000e+00 -0.000000e+00  0.000000e+00
   outer loop
     vertex  3.400000e-02 -3.000000e-03  5.461538e-02
     vertex  3.400000e-02 -1.000517e-03  5.329440e-02
     vertex  3.400000e-02 -1.000371e-03  5.527862e-02
   endloop
 endfacet
 facet normal  1.000000e+00  0.000000e+00  0.000000e+00
   outer loop
     vertex  3.400000e-02 -3.000000e-03  5.858462e-02
     vertex  3.400000e-02 -3.000000e-03  5.660000e-02
     vertex  3.400000e-02 -1.000594e-03  5.726389e-02
   endloop
 endfacet
 facet normal  1.000000e+00 -0.000000e+00  0.000000e+00
   outer loop
     vertex  3.400000e-02 -3.000000e-03  5.660000e-02
     vertex  3.400000e-02 -1.000371e-03  5.527862e-02
     vertex  3.400000e-02 -1.000594e-03  5.726389e-02
   endloop
 endfacet
 facet normal  1.000000e+00  0.000000e+00  0.000000e+00
   outer loop
     vertex  3.400000e-02 -3.000000e-03  6.056923e-02
     vertex  3.400000e-02 -3.000000e-03  5.858462e-02
     vertex  3.400000e-02 -1.000923e-03  5.924932e-02
   endloop
 endfacet
 facet normal  1.000000e+00 -0.000000e+00  0.000000e+00
   outer loop
     vertex  3.400000e-02 -3.000000e-03  5.858462e-02
     vertex  3.400000e-02 -1.000594e-03  5.726389e-02
     vertex  3.400000e-02 -1.000923e-03  5.924932e-02
   endloop
 endfacet
 facet normal  1.000000e+00  0.000000e+00  0.000000e+00
   outer loop
     vertex  3.400000e-02 -3.000000e-03  6.255385e-02
     vertex  3.400000e-02 -3.000000e-03  6.056923e-02
     vertex  3.400000e-02 -1.000459e-03  6.123297e-02
   endloop
 endfacet
 facet normal  1.000000e+00 -0.000000e+00  0.000000e+00
   outer loop
     vertex  3.400000e-02 -3.000000e-03  6.056923e-02
     vertex  3.400000e-02 -1.000923e-03  5.924932e-02
     vertex  3.400000e-02 -1.000459e-03  6.123297e-02
   endloop
 endfacet
 facet normal  1.000000e+00  0.000000e+00  0.000000e+00
   outer loop
     vertex  3.400000e-02 -3.000000e-03  6.453846e-02
     vertex  3.400000e-02 -3.000000e-03  6.255385e-02
     vertex  3.400000e-02 -1.000303e-03  6.321718e-02
   endloop
 endfacet
 facet normal  1.000000e+00 -0.000000e+00  0.000000e+00
   outer loop
     vertex  3.400000e-02 -3.000000e-03  6.255385e-02
     vertex  3.400000e-02 -1.000459e-03  6.123297e-02
     vertex  3.400000e-02 -1.000303e-03  6.321718e-02
   endloop
 endfacet
 facet normal  1.000000e+00  0.000000e+00  0.000000e+00
   outer loop
     vertex  3.400000e-02 -3.000000e-03  6.652308e-02
     vertex  3.400000e-02 -3.000000e-03  6.453846e-02
     vertex  3.400000e-02 -1.000581e-03  6.520251e-02
   endloop
 endfacet
 facet normal  1.000000e+00 -0.000000e+00  0.000000e+00
   outer loop
     vertex  3.400000e-02 -3.000000e-03  6.453846e-02
     vertex  3.400000e-02 -1.000303e-03  6.321718e-02
     vertex  3.400000e-02 -1.000581e-03  6.520251e-02
   endloop
 endfacet
 facet normal  1.000000e+00  0.000000e+00  0.000000e+00
   outer loop
     vertex  3.400000e-02 -3.000000e-03  6.850769e-02
     vertex  3.400000e-02 -3.000000e-03  6.652308e-02
     vertex  3.400000e-02 -1.000803e-03  6.718783e-02
   endloop
 endfacet
 facet normal  1.000000e+00 -0.000000e+00  0.000000e+00
   outer loop
     vertex  3.400000e-02 -3.000000e-03  6.652308e-02
     vertex  3.400000e-02 -1.000581e-03  6.520251e-02
     vertex  3.400000e-02 -1.000803e-03  6.718783e-02
   endloop
 endfacet
 facet normal  1.000000e+00  0.000000e+00  0.000000e+00
   outer loop
     vertex  3.400000e-02 -3.000000e-03  7.049231e-02
     vertex  3.400000e-02 -3.000000e-03  6.850769e-02
     vertex  3.400000e-02 -1.000468e-03  6.917158e-02
   endloop
 endfacet
 facet normal  1.000000e+00 -0.000000e+00  0.000000e+00
   outer loop
     vertex  3.400000e-02 -3.000000e-03  6.850769e-02
     vertex  3.400000e-02 -1.000803e-03  6.718783e-02
     vertex  3.400000e-02 -1.000468e-03  6.917158e-02
   endloop
 endfacet
 facet normal  1.000000e+00  0.000000e+00  0.000000e+00
   outer loop
     vertex  3.400000e-02 -3.000000e-03  7.247692e-02
     vertex  3.400000e-02 -3.000000e-03  7.049231e-02
     vertex  3.400000e-02 -1.000579e-03  7.115678e-02
   endloop
 endfacet
 facet normal  1.000000e+00 -0.000000e+00  0.000000e+00
   outer loop
     vertex  3.400000e-02 -3.000000e-03  7.049231e-02
     vertex  3.400000e-02 -1.000468e-03  6.917158e-02
     vertex  3.400000e-02 -1.000579e-03  7.115678e-02
   endloop
 endfacet
 facet normal  1.000000e+00  0.000000e+00  0.000000e+00
   outer loop
     vertex  3.400000e-02 -3.000000e-03  7.446154e-02
     vertex  3.400000e-02 -3.000000e-03  7.247692e-02
     vertex  3.400000e-02 -1.000795e-03  7.314224e-02
   endloop
 endfacet
 facet normal  1.000000e+00 -0.000000e+00  0.000000e+00
   outer loop
     vertex  3.400000e-02 -3.000000e-03  7.247692e-02
     vertex  3.400000e-02 -1.000579e-03  7.115678e-02
     vertex  3.400000e-02 -1.000795e-03  7.314224e-02
   endloop
 endfacet
 facet normal  1.000000e+00  0.000000e+00  0.000000e+00
   outer loop
     vertex  3.400000e-02 -3.000000e-03  7.644615e-02
     vertex  3.400000e-02 -3.000000e-03  7.446154e-02
     vertex  3.400000e-02 -1.000574e-03  7.512608e-02
   endloop
 endfacet
 facet normal  1.000000e+00 -0.000000e+00  0.000000e+00
   outer loop
     vertex  3.400000e-02 -3.000000e-03  7.446154e-02
     vertex  3.400000e-02 -1.000795e-03  7.314224e-02
     vertex  3.400000e-02 -1.000574e-03  7.512608e-02
   endloop
 endfacet
 facet normal  1.000000e+00  0.000000e+00  0.000000e+00
   outer loop
     vertex  3.400000e-02 -3.000000e-03  7.843077e-02
     vertex  3.400000e-02 -3.000000e-03  7.644615e-02
     vertex  3.400000e-02 -1.000937e-03  7.711178e-02
   endloop
 endfacet
 facet normal  1.000000e+00 -0.000000e+00  0.000000e+00
   outer loop
     vertex  3.400000e-02 -3.000000e-03  7.644615e-02
     vertex  3.400000e-02 -1.000574e-03  7.512608e-02
     vertex  3.400000e-02 -1.000937e-03  7.711178e-02
   endloop
 endfacet
 facet normal  1.000000e+00  0.000000e+00  0.000000e+00
   outer loop
     vertex  3.400000e-02 -3.000000e-03  8.041538e-02
     vertex  3.400000e-02 -3.000000e-03  7.843077e-02
     vertex  3.400000e-02 -1.000691e-03  7.909548e-02
   endloop
 endfacet
 facet normal  1.000000e+00 -0.000000e+00  0.000000e+00
   outer loop
     vertex  3.400000e-02 -3.000000e-03  7.843077e-02
     vertex  3.400000e-02 -1.000937e-03  7.711178e-02
     vertex  3.400000e-02 -1.000691e-03  7.909548e-02
   endloop
 endfacet
 facet normal  1.000000e+00  0.000000e+00  0.000000e+00
   outer loop
     vertex  3.400000e-02 -3.000000e-03  8.240000e-02
     vertex  3.400000e-02 -3.000000e-03  8.041538e-02
     vertex  3.400000e-02 -1.000775e-03  8.108079e-02
   endloop
 endfacet
 facet normal  1.000000e+00 -0.000000e+00  0.000000e+00
   outer loop
     vertex  3.400000e-02 -3.000000e-03  8.041538e-02
     vertex  3.400000e-02 -1.000691e-03  7.909548e-02
     vertex  3.400000e-02 -1.000775e-03  8.108079e-02
   endloop
 endfacet
 facet normal  1.000000e+00  0.000000e+00  0.000000e+00
   outer loop
     vertex  3.400000e-02 -3.000000e-03  8.438462e-02
     vertex  3.400000e-02 -3.000000e-03  8.240000e-02
     vertex  3.400000e-02 -1.000990e-03  8.306627e-02
   endloop
 endfacet
 facet normal  1.000000e+00 -0.000000e+00  0.000000e+00
   outer loop
     vertex  3.400000e-02 -3.000000e-03  8.240000e-02
     vertex  3.400000e-02 -1.000775e-03  8.108079e-02
     vertex  3.400000e-02 -1.000990e-03  8.306627e-02
   endloop
 endfacet
 facet normal  1.000000e+00  0.000000e+00  0.000000e+00
   outer loop
     vertex  3.400000e-02 -3.000000e-03  8.636923e-02
     vertex  3.400000e-02 -3.000000e-03  8.438462e-02
     vertex  3.400000e-02 -1.001223e-03  8.505173e-02
   endloop
 endfacet
 facet normal  1.000000e+00 -0.000000e+00  0.000000e+00
   outer loop
     vertex  3.400000e-02 -3.000000e-03  8.438462e-02
     vertex  3.400000e-02 -1.000990e-03  8.306627e-02
     vertex  3.400000e-02 -1.001223e-03  8.505173e-02
   endloop
 endfacet
 facet normal  1.000000e+00  0.000000e+00  0.000000e+00
   outer loop
     vertex  3.400000e-02 -3.000000e-03  8.835385e-02
     vertex  3.400000e-02 -3.000000e-03  8.636923e-02
     vertex  3.400000e-02 -1.001403e-03  8.703696e-02
   endloop
 endfacet
 facet normal  1.000000e+00 -0.000000e+00  0.000000e+00
   outer loop
     vertex  3.400000e-02 -3.000000e-03  8.636923e-02
     vertex  3.400000e-02 -1.001223e-03  8.505173e-02
     vertex  3.400000e-02 -1.001403e-03  8.703696e-02
   endloop
 endfacet
 facet normal  1.000000e+00  0.000000e+00  0.000000e+00
   outer loop
     vertex  3.400000e-02 -3.000000e-03  9.033846e-02
     vertex  3.400000e-02 -3.000000e-03  8.835385e-02
     vertex  3.400000e-02 -1.001485e-03  8.902182e-02
   endloop
 endfacet
 facet normal  1.000000e+00 -0.000000e+00  0.000000e+00
   outer loop
     vertex  3.400000e-02 -3.000000e-03  8.835385e-02
     vertex  3.400000e-02 -1.001403e-03  8.703696e-02
     vertex  3.400000e-02 -1.001485e-03  8.902182e-02
   endloop
 endfacet
 facet normal  1.000000e+00  0.000000e+00  0.000000e+00
   outer loop
     vertex  3.400000e-02 -3.000000e-03  9.232308e-02
     vertex  3.400000e-02 -3.000000e-03  9.033846e-02
     vertex  3.400000e-02 -1.001479e-03  9.100638e-02
   endloop
 endfacet
 facet normal  1.000000e+00 -0.000000e+00  0.000000e+00
   outer loop
     vertex  3.400000e-02 -3.000000e-03  9.033846e-02
     vertex  3.400000e-02 -1.001485e-03  8.902182e-02
     vertex  3.400000e-02 -1.001479e-03  9.100638e-02
   endloop
 endfacet
 facet normal  1.000000e+00  0.000000e+00  0.000000e+00
   outer loop
     vertex  3.400000e-02 -3.000000e-03  9.430769e-02
     vertex  3.400000e-02 -3.000000e-03  9.232308e-02
     vertex  3.400000e-02 -1.001427e-03  9.299080e-02
   endloop
 endfacet
 facet normal  1.000000e+00 -0.000000e+00  0.000000e+00
   outer loop
     vertex  3.400000e-02 -3.000000e-03  9.232308e-02
     vertex  3.400000e-02 -1.001479e-03  9.100638e-02
     vertex  3.400000e-02 -1.001427e-03  9.299080e-02
   endloop
 endfacet
 facet normal  1.000000e+00  0.000000e+00  0.000000e+00
   outer loop
     vertex  3.400000e-02 -3.000000e-03  9.629231e-02
     vertex  3.400000e-02 -3.000000e-03  9.430769e-02
     vertex  3.400000e-02 -1.001361e-03  9.497517e-02
   endloop
 endfacet
 facet normal  1.000000e+00 -0.000000e+00  0.000000e+00
   outer loop
     vertex  3.400000e-02 -3.000000e-03  9.430769e-02
     vertex  3.400000e-02 -1.001427e-03  9.299080e-02
     vertex  3.400000e-02 -1.001361e-03  9.497517e-02
   endloop
 endfacet
 facet normal  1.000000e+00  0.000000e+00  0.000000e+00
   outer loop
     vertex  3.400000e-02 -3.000000e-03  9.827692e-02
     vertex  3.400000e-02 -3.000000e-03  9.629231e-02
     vertex  3.400000e-02 -1.001271e-03  9.695951e-02
   endloop
 endfacet
 facet normal  1.000000e+00 -0.000000e+00  0.000000e+00
   outer loop
     vertex  3.400000e-02 -3.000000e-03  9.629231e-02
     vertex  3.400000e-02 -1.001361e-03  9.497517e-02
     vertex  3.400000e-02 -1.001271e-03  9.695951e-02
   endloop
 endfacet
 facet normal  1.000000e+00  0.000000e+00  0.000000e+00
   outer loop
     vertex  3.400000e-02 -3.000000e-03  1.002615e-01
     vertex  3.400000e-02 -3.000000e-03  9.827692e-02
     vertex  3.400000e-02 -1.001502e-03  9.894411e-02
   endloop
 endfacet
 facet normal  1.000000e+00 -0.000000e+00  0.000000e+00
   outer loop
     vertex  3.400000e-02 -3.000000e-03  9.827692e-02
     vertex  3.400000e-02 -1.001271e-03  9.695951e-02
     vertex  3.400000e-02 -1.001502e-03  9.894411e-02
   endloop
 endfacet
 facet normal  1.000000e+00  0.000000e+00  0.000000e+00
   outer loop
     vertex  3.400000e-02 -3.000000e-03  1.022462e-01
     vertex  3.400000e-02 -3.000000e-03  1.002615e-01
     vertex  3.400000e-02 -1.001368e-03  1.009284e-01
   endloop
 endfacet
 facet normal  1.000000e+00 -0.000000e+00  0.000000e+00
   outer loop
     vertex  3.400000e-02 -3.000000e-03  1.002615e-01
     vertex  3.400000e-02 -1.001502e-03  9.894411e-02
     vertex  3.400000e-02 -1.001368e-03  1.009284e-01
   endloop
 endfacet
 facet normal  1.000000e+00  0.000000e+00  0.000000e+00
   outer loop
     vertex  3.400000e-02 -3.000000e-03  1.042308e-01
     vertex  3.400000e-02 -3.000000e-03  1.022462e-01
     vertex  3.400000e-02 -1.000678e-03  1.029111e-01
   endloop
 endfacet
 facet normal  1.000000e+00 -0.000000e+00  0.000000e+00
   outer loop
     vertex  3.400000e-02 -3.000000e-03  1.022462e-01
     vertex  3.400000e-02 -1.001368e-03  1.009284e-01
     vertex  3.400000e-02 -1.000678e-03  1.029111e-01
   endloop
 endfacet
 facet normal  1.000000e+00  0.000000e+00  0.000000e+00
   outer loop
     vertex  3.400000e-02 -3.000000e-03  1.062154e-01
     vertex  3.400000e-02 -3.000000e-03  1.042308e-01
     vertex  3.400000e-02 -1.000708e-03  1.048960e-01
   endloop
 endfacet
 facet normal  1.000000e+00 -0.000000e+00  0.000000e+00
   outer loop
     vertex  3.400000e-02 -3.000000e-03  1.042308e-01
     vertex  3.400000e-02 -1.000678e-03  1.029111e-01
     vertex  3.400000e-02 -1.000708e-03  1.048960e-01
   endloop
 endfacet
 facet normal  1.000000e+00  0.000000e+00  0.000000e+00
   outer loop
     vertex  3.400000e-02 -3.000000e-03  1.082000e-01
     vertex  3.400000e-02 -3.000000e-03  1.062154e-01
     vertex  3.400000e-02 -1.000981e-03  1.068813e-01
   endloop
 endfacet
 facet normal  1.000000e+00 -0.000000e+00  0.000000e+00
   outer loop
     vertex  3.400000e-02 -3.000000e-03  1.062154e-01
     vertex  3.400000e-02 -1.000708e-03  1.048960e-01
     vertex  3.400000e-02 -1.000981e-03  1.068813e-01
   endloop
 endfacet
 facet normal  1.000000e+00  0.000000e+00  0.000000e+00
   outer loop
     vertex  3.400000e-02 -3.000000e-03  1.101846e-01
     vertex  3.400000e-02 -3.000000e-03  1.082000e-01
     vertex  3.400000e-02 -1.000702e-03  1.088648e-01
   endloop
 endfacet
 facet normal  1.000000e+00 -0.000000e+00  0.000000e+00
   outer loop
     vertex  3.400000e-02 -3.000000e-03  1.082000e-01
     vertex  3.400000e-02 -1.000981e-03  1.068813e-01
     vertex  3.400000e-02 -1.000702e-03  1.088648e-01
   endloop
 endfacet
 facet normal  1.000000e+00  0.000000e+00  0.000000e+00
   outer loop
     vertex  3.400000e-02 -3.000000e-03  1.121692e-01
     vertex  3.400000e-02 -3.000000e-03  1.101846e-01
     vertex  3.400000e-02 -1.000767e-03  1.108500e-01
   endloop
 endfacet
 facet normal  1.000000e+00 -0.000000e+00  0.000000e+00
   outer loop
     vertex  3.400000e-02 -3.000000e-03  1.101846e-01
     vertex  3.400000e-02 -1.000702e-03  1.088648e-01
     vertex  3.400000e-02 -1.000767e-03  1.108500e-01
   endloop
 endfacet
 facet normal  1.000000e+00  0.000000e+00  0.000000e+00
   outer loop
     vertex  3.400000e-02 -3.000000e-03  1.141538e-01
     vertex  3.400000e-02 -3.000000e-03  1.121692e-01
     vertex  3.400000e-02 -1.000966e-03  1.128354e-01
   endloop
 endfacet
 facet normal  1.000000e+00 -0.000000e+00  0.000000e+00
   outer loop
     vertex  3.400000e-02 -3.000000e-03  1.121692e-01
     vertex  3.400000e-02 -1.000767e-03  1.108500e-01
     vertex  3.400000e-02 -1.000966e-03  1.128354e-01
   endloop
 endfacet
 facet normal  1.000000e+00  0.000000e+00  0.000000e+00
   outer loop
     vertex  3.400000e-02 -3.000000e-03  1.161385e-01
     vertex  3.400000e-02 -3.000000e-03  1.141538e-01
     vertex  3.400000e-02 -1.001184e-03  1.148207e-01
   endloop
 endfacet
 facet normal  1.000000e+00 -0.000000e+00  0.000000e+00
   outer loop
     vertex  3.400000e-02 -3.000000e-03  1.141538e-01
     vertex  3.400000e-02 -1.000966e-03  1.128354e-01
     vertex  3.400000e-02 -1.001184e-03  1.148207e-01
   endloop
 endfacet
 facet normal  1.000000e+00  0.000000e+00  0.000000e+00
   outer loop
     vertex  3.400000e-02 -3.000000e-03  1.181231e-01
     vertex  3.400000e-02 -3.000000e-03  1.161385e-01
     vertex  3.400000e-02 -1.001335e-03  1.168056e-01
   endloop
 endfacet
 facet normal  1.000000e+00 -0.000000e+00  0.000000e+00
   outer loop
     vertex  3.400000e-02 -3.000000e-03  1.161385e-01
     vertex  3.400000e-02 -1.001184e-03  1.148207e-01
     vertex  3.400000e-02 -1.001335e-03  1.168056e-01
   endloop
 endfacet
 facet normal  1.000000e+00  0.000000e+00  0.000000e+00
   outer loop
     vertex  3.400000e-02 -3.000000e-03  1.201077e-01
     vertex  3.400000e-02 -3.000000e-03  1.181231e-01
     vertex  3.400000e-02 -1.001340e-03  1.187900e-01
   endloop
 endfacet
 facet normal  1.000000e+00 -0.000000e+00  0.000000e+00
   outer loop
     vertex  3.400000e-02 -3.000000e-03  1.181231e-01
     vertex  3.400000e-02 -1.001335e-03  1.168056e-01
     vertex  3.400000e-02 -1.001340e-03  1.187900e-01
   endloop
 endfacet
 facet normal  1.000000e+00  0.000000e+00  0.000000e+00
   outer loop
     vertex  3.400000e-02 -3.000000e-03  1.220923e-01
     vertex  3.400000e-02 -3.000000e-03  1.201077e-01
     vertex  3.400000e-02 -1.001156e-03  1.207736e-01
   endloop
 endfacet
 facet normal  1.000000e+00 -0.000000e+00  0.000000e+00
   outer loop
     vertex  3.400000e-02 -3.000000e-03  1.201077e-01
     vertex  3.400000e-02 -1.001340e-03  1.187900e-01
     vertex  3.400000e-02 -1.001156e-03  1.207736e-01
   endloop
 endfacet
 facet normal  1.000000e+00  0.000000e+00  0.000000e+00
   outer loop
     vertex  3.400000e-02 -3.000000e-03  1.240769e-01
     vertex  3.400000e-02 -3.000000e-03  1.220923e-01
     vertex  3.400000e-02 -1.000931e-03  1.227564e-01
   endloop
 endfacet
 facet normal  1.000000e+00 -0.000000e+00  0.000000e+00
   outer loop
     vertex  3.400000e-02 -3.000000e-03  1.220923e-01
     vertex  3.400000e-02 -1.001156e-03  1.207736e-01
     vertex  3.400000e-02 -1.000931e-03  1.227564e-01
   endloop
 endfacet
 facet normal  1.000000e+00  0.000000e+00  0.000000e+00
   outer loop
     vertex  3.400000e-02 -3.000000e-03  1.260615e-01
     vertex  3.400000e-02 -3.000000e-03  1.240769e-01
     vertex  3.400000e-02 -9.989761e-04  1.247372e-01
   endloop
 endfacet
 facet normal  1.000000e+00 -0.000000e+00  0.000000e+00
   outer loop
     vertex  3.400000e-02 -3.000000e-03  1.240769e-01
     vertex  3.400000e-02 -1.000931e-03  1.227564e-01
     vertex  3.400000e-02 -9.989761e-04  1.247372e-01
   endloop
 endfacet
 facet normal  1.000000e+00  0.000000e+00  0.000000e+00
   outer loop
     vertex  3.400000e-02 -3.000000e-03  1.280462e-01
     vertex  3.400000e-02 -3.000000e-03  1.260615e-01
     vertex  3.400000e-02 -9.909760e-04  1.267144e-01
   endloop
 endfacet
 facet normal  1.000000e+00 -0.000000e+00  0.000000e+00
   outer loop
     vertex  3.400000e-02 -3.000000e-03  1.260615e-01
     vertex  3.400000e-02 -9.989761e-04  1.247372e-01
     vertex  3.400000e-02 -9.909760e-04  1.267144e-01
   endloop
 endfacet
 facet normal  1.000000e+00  0.000000e+00  0.000000e+00
   outer loop
     vertex  3.400000e-02 -3.000000e-03  1.300308e-01
     vertex  3.400000e-02 -3.000000e-03  1.280462e-01
     vertex  3.400000e-02 -9.630662e-04  1.287006e-01
   endloop
 endfacet
 facet normal  1.000000e+00 -0.000000e+00  0.000000e+00
   outer loop
     vertex  3.400000e-02 -3.000000e-03  1.280462e-01
     vertex  3.400000e-02 -9.909760e-04  1.267144e-01
     vertex  3.400000e-02 -9.630662e-04  1.287006e-01
   endloop
 endfacet
 facet normal  1.000000e+00  0.000000e+00  0.000000e+00
   outer loop
     vertex  3.400000e-02 -3.000000e-03  1.320154e-01
     vertex  3.400000e-02 -3.000000e-03  1.300308e-01
     vertex  3.400000e-02 -8.650659e-04  1.307530e-01
   endloop
 endfacet
 facet normal  1.000000e+00 -0.000000e+00  0.000000e+00
   outer loop
     vertex  3.400000e-02 -3.000000e-03  1.300308e-01
     vertex  3.400000e-02 -9.630662e-04  1.287006e-01
     vertex  3.400000e-02 -8.650659e-04  1.307530e-01
   endloop
 endfacet
 facet normal  1.000000e+00  0.000000e+00  0.000000e+00
   outer loop
     vertex  3.400000e-02 -3.000000e-03  1.340000e-01
     vertex  3.400000e-02 -3.000000e-03  1.320154e-01
     vertex  3.400000e-02 -1.504750e-03  1.325885e-01
   endloop
 endfacet
 facet normal  1.000000e+00  0.000000e+00  0.000000e+00
   outer loop
     vertex  3.400000e-02 -1.000000e-03  1.340000e-01
     vertex  3.400000e-02 -3.000000e-03  1.340000e-01
     vertex  3.400000e-02 -1.504750e-03  1.325885e-01
   endloop
 endfacet
 facet normal  1.000000e+00 -0.000000e+00  0.000000e+00
   outer loop
     vertex  3.400000e-02 -3.000000e-03  1.320154e-01
     vertex  3.400000e-02 -8.650659e-04  1.307530e-01
     vertex  3.400000e-02 -1.504750e-03  1.325885e-01
   endloop
 endfacet
 facet normal  1.000000e+00  0.000000e+00  0.000000e+00
   outer loop
     vertex  3.400000e-02  1.000000e-03  1.340000e-01
     vertex  3.400000e-02 -1.000000e-03  1.340000e-01
     vertex  3.400000e-02  3.236041e-04  1.324252e-01
   endloop
 endfacet
 facet normal  1.000000e+00  0.000000e+00  0.000000e+00
   outer loop
     vertex  3.400000e-02 -1.000000e-03  1.340000e-01
     vertex  3.400000e-02 -1.504750e-03  1.325885e-01
     vertex  3.400000e-02  3.236041e-04  1.324252e-01
   endloop
 endfacet
 facet normal  1.000000e+00  0.000000e+00  0.000000e+00
   outer loop
     vertex  3.400000e-02  3.000000e-03  1.340000e-01
     vertex  3.400000e-02  1.000000e-03  1.340000e-01
     vertex  3.400000e-02  3.000000e-03  1.320154e-01
   endloop
 endfacet
 facet normal  1.000000e+00  0.000000e+00 -0.000000e+00
   outer loop
     vertex  3.400000e-02  3.000000e-03  5.000000e-03
     vertex  3.400000e-02  3.000000e-03  6.984615e-03
     vertex  3.400000e-02  1.000000e-03  5.000000e-03
   endloop
 endfacet
 facet normal  1.000000e+00  0.000000e+00 -0.000000e+00
   outer loop
     vertex  3.400000e-02  3.000000e-03  6.984615e-03
     vertex  3.400000e-02  3.000000e-03  8.969231e-03
     vertex  3.400000e-02  1.085564e-03  7.714185e-03
   endloop
 endfacet
 facet normal  1.000000e+00  0.000000e+00 -0.000000e+00
   outer loop
     vertex  3.400000e-02  3.000000e-03  1.095385e-02
     vertex  3.400000e-02  3.000000e-03  1.293846e-02
     vertex  3.400000e-02  9.244206e-04  1.220210e-02
   endloop
 endfacet
 facet normal  1.000000e+00  0.000000e+00 -0.000000e+00
   outer loop
     vertex  3.400000e-02  3.000000e-03  1.492308e-02
     vertex  3.400000e-02  3.000000e-03  1.690769e-02
     vertex  3.400000e-02  9.956938e-04  1.624256e-02
   endloop
 endfacet
 facet normal  1.000000e+00  0.000000e+00 -0.000000e+00
   outer loop
     vertex  3.400000e-02  3.000000e-03  1.889231e-02
     vertex  3.400000e-02  3.000000e-03  2.087692e-02
     vertex  3.400000e-02  1.006645e-03  2.022129e-02
   endloop
 endfacet
 facet normal  1.000000e+00  0.000000e+00 -0.000000e+00
   outer loop
     vertex  3.400000e-02  3.000000e-03  2.286154e-02
     vertex  3.400000e-02  3.000000e-03  2.484615e-02
     vertex  3.400000e-02  1.119383e-03  2.414016e-02
   endloop
 endfacet
 facet normal  1.000000e+00  0.000000e+00 -0.000000e+00
   outer loop
     vertex  3.400000e-02  3.000000e-03  2.683077e-02
     vertex  3.400000e-02  3.000000e-03  2.881538e-02
     vertex  3.400000e-02  1.043154e-03  2.763279e-02
   endloop
 endfacet
 facet normal  1.000000e+00  0.000000e+00 -0.000000e+00
   outer loop
     vertex  3.400000e-02  3.000000e-03  3.080000e-02
     vertex  3.400000e-02  3.000000e-03  3.278462e-02
     vertex  3.400000e-02  9.210023e-04  3.203475e-02
   endloop
 endfacet
 facet normal  1.000000e+00  0.000000e+00 -0.000000e+00
   outer loop
     vertex  3.400000e-02  3.000000e-03  3.476923e-02
     vertex  3.400000e-02  3.000000e-03  3.675385e-02
     vertex  3.400000e-02  9.941653e-04  3.608539e-02
   endloop
 endfacet
 facet normal  1.000000e+00  0.000000e+00 -0.000000e+00
   outer loop
     vertex  3.400000e-02  3.000000e-03  3.873846e-02
     vertex  3.400000e-02  3.000000e-03  4.072308e-02
     vertex  3.400000e-02  9.991579e-04  4.006257e-02
   endloop
 endfacet
 facet normal  1.000000e+00  0.000000e+00 -0.000000e+00
   outer loop
     vertex  3.400000e-02  3.000000e-03  4.270769e-02
     vertex  3.400000e-02  3.000000e-03  4.469231e-02
     vertex  3.400000e-02  9.990545e-04  4.403409e-02
   endloop
 endfacet
 facet normal  1.000000e+00  0.000000e+00 -0.000000e+00
   outer loop
     vertex  3.400000e-02  3.000000e-03  4.667692e-02
     vertex  3.400000e-02  3.000000e-03  4.866154e-02
     vertex  3.400000e-02  9.988475e-04  4.800361e-02
   endloop
 endfacet
 facet normal  1.000000e+00  0.000000e+00 -0.000000e+00
   outer loop
     vertex  3.400000e-02  3.000000e-03  5.064615e-02
     vertex  3.400000e-02  3.000000e-03  5.263077e-02
     vertex  3.400000e-02  9.991376e-04  5.197216e-02
   endloop
 endfacet
 facet normal  1.000000e+00  0.000000e+00 -0.000000e+00
   outer loop
     vertex  3.400000e-02  3.000000e-03  5.461538e-02
     vertex  3.400000e-02  3.000000e-03  5.660000e-02
     vertex  3.400000e-02  9.995601e-04  5.594051e-02
   endloop
 endfacet
 facet normal  1.000000e+00  0.000000e+00 -0.000000e+00
   outer loop
     vertex  3.400000e-02  3.000000e-03  5.858462e-02
     vertex  3.400000e-02  3.000000e-03  6.056923e-02
     vertex  3.400000e-02  9.993524e-04  5.991026e-02
   endloop
 endfacet
 facet normal  1.000000e+00  0.000000e+00 -0.000000e+00
   outer loop
     vertex  3.400000e-02  3.000000e-03  6.255385e-02
     vertex  3.400000e-02  3.000000e-03  6.453846e-02
     vertex  3.400000e-02  9.995406e-04  6.387937e-02
   endloop
 endfacet
 facet normal  1.000000e+00  0.000000e+00 -0.000000e+00
   outer loop
     vertex  3.400000e-02  3.000000e-03  6.652308e-02
     vertex  3.400000e-02  3.000000e-03  6.850769e-02
     vertex  3.400000e-02  9.992042e-04  6.784982e-02
   endloop
 endfacet
 facet normal  1.000000e+00  0.000000e+00 -0.000000e+00
   outer loop
     vertex  3.400000e-02  3.000000e-03  7.049231e-02
     vertex  3.400000e-02  3.000000e-03  7.247692e-02
     vertex  3.400000e-02  9.994152e-04  7.181876e-02
   endloop
 endfacet
 facet normal  1.000000e+00  0.000000e+00 -0.000000e+00
   outer loop
     vertex  3.400000e-02  3.000000e-03  7.446154e-02
     vertex  3.400000e-02  3.000000e-03  7.644615e-02
     vertex  3.400000e-02  9.993422e-04  7.578823e-02
   endloop
 endfacet
 facet normal  1.000000e+00  0.000000e+00 -0.000000e+00
   outer loop
     vertex  3.400000e-02  3.000000e-03  7.843077e-02
     vertex  3.400000e-02  3.000000e-03  8.041538e-02
     vertex  3.400000e-02  9.989517e-04  7.975806e-02
   endloop
 endfacet
 facet normal  1.000000e+00  0.000000e+00 -0.000000e+00
   outer loop
     vertex  3.400000e-02  3.000000e-03  8.240000e-02
     vertex  3.400000e-02  3.000000e-03  8.438462e-02
     vertex  3.400000e-02  9.981772e-04  8.372983e-02
   endloop
 endfacet
 facet normal  1.000000e+00  0.000000e+00 -0.000000e+00
   outer loop
     vertex  3.400000e-02  3.000000e-03  8.636923e-02
     vertex  3.400000e-02  3.000000e-03  8.835385e-02
     vertex  3.400000e-02  9.977979e-04  8.770058e-02
   endloop
 endfacet
 facet normal  1.000000e+00  0.000000e+00 -0.000000e+00
   outer loop
     vertex  3.400000e-02  3.000000e-03  9.033846e-02
     vertex  3.400000e-02  3.000000e-03  9.232308e-02
     vertex  3.400000e-02  9.978961e-04  9.166953e-02
   endloop
 endfacet
 facet normal  1.000000e+00  0.000000e+00 -0.000000e+00
   outer loop
     vertex  3.400000e-02  3.000000e-03  9.430769e-02
     vertex  3.400000e-02  3.000000e-03  9.629231e-02
     vertex  3.400000e-02  9.981626e-04  9.563802e-02
   endloop
 endfacet
 facet normal  1.000000e+00  0.000000e+00 -0.000000e+00
   outer loop
     vertex  3.400000e-02  3.000000e-03  9.827692e-02
     vertex  3.400000e-02  3.000000e-03  1.002615e-01
     vertex  3.400000e-02  9.987635e-04  9.960582e-02
   endloop
 endfacet
 facet normal  1.000000e+00  0.000000e+00 -0.000000e+00
   outer loop
     vertex  3.400000e-02  3.000000e-03  1.022462e-01
     vertex  3.400000e-02  3.000000e-03  1.042308e-01
     vertex  3.400000e-02  9.994575e-04  1.035728e-01
   endloop
 endfacet
 facet normal  1.000000e+00  0.000000e+00 -0.000000e+00
   outer loop
     vertex  3.400000e-02  3.000000e-03  1.062154e-01
     vertex  3.400000e-02  3.000000e-03  1.082000e-01
     vertex  3.400000e-02  9.988253e-04  1.075438e-01
   endloop
 endfacet
 facet normal  1.000000e+00  0.000000e+00 -0.000000e+00
   outer loop
     vertex  3.400000e-02  3.000000e-03  1.101846e-01
     vertex  3.400000e-02  3.000000e-03  1.121692e-01
     vertex  3.400000e-02  9.985961e-04  1.115132e-01
   endloop
 endfacet
 facet normal  1.000000e+00  0.000000e+00 -0.000000e+00
   outer loop
     vertex  3.400000e-02  3.000000e-03  1.141538e-01
     vertex  3.400000e-02  3.000000e-03  1.161385e-01
     vertex  3.400000e-02  9.980081e-04  1.154843e-01
   endloop
 endfacet
 facet normal  1.000000e+00  0.000000e+00 -0.000000e+00
   outer loop
     vertex  3.400000e-02  3.000000e-03  1.181231e-01
     vertex  3.400000e-02  3.000000e-03  1.201077e-01
     vertex  3.400000e-02  9.982781e-04  1.194527e-01
   endloop
 endfacet
 facet normal  1.000000e+00  0.000000e+00 -0.000000e+00
   outer loop
     vertex  3.400000e-02  3.000000e-03  1.220923e-01
     vertex  3.400000e-02  3.000000e-03  1.240769e-01
     vertex  3.400000e-02  1.000314e-03  1.234152e-01
   endloop
 endfacet
 facet normal  1.000000e+00  0.000000e+00 -0.000000e+00
   outer loop
     vertex  3.400000e-02  3.000000e-03  1.260615e-01
     vertex  3.400000e-02  3.000000e-03  1.280462e-01
     vertex  3.400000e-02  1.019566e-03  1.273399e-01
   endloop
 endfacet
 facet normal  1.000000e+00  0.000000e+00 -0.000000e+00
   outer loop
     vertex  3.400000e-02  3.000000e-03  1.300308e-01
     vertex  3.400000e-02  3.000000e-03  1.320154e-01
     vertex  3.400000e-02  1.305274e-03  1.309036e-01
   endloop
 endfacet
 facet normal  1.000000e+00  0.000000e+00  0.000000e+00
   outer loop
     vertex  3.400000e-02  1.000000e-03  5.000000e-03
     vertex  3.400000e-02  3.000000e-03  6.984615e-03
     vertex  3.400000e-02  1.085564e-03  7.714185e-03
   endloop
 endfacet
 facet normal  1.000000e+00  0.000000e+00 -0.000000e+00
   outer loop
     vertex  3.400000e-02 -1.000000e-03  5.000000e-03
     vertex  3.400000e-02 -5.223843e-04  6.625887e-03
     vertex  3.400000e-02 -3.000000e-03  6.984615e-03
   endloop
 endfacet
 facet normal  1.000000e+00  0.000000e+00  0.000000e+00
   outer loop
     vertex  3.400000e-02  3.000000e-03  1.320154e-01
     vertex  3.400000e-02  1.000000e-03  1.340000e-01
     vertex  3.400000e-02  3.236041e-04  1.324252e-01
   endloop
 endfacet
 facet normal  1.000000e+00  0.000000e+00  0.000000e+00
   outer loop
     vertex  3.400000e-02  1.006645e-03  2.022129e-02
     vertex  3.400000e-02  3.000000e-03  2.087692e-02
     vertex  3.400000e-02  1.030006e-03  2.220104e-02
   endloop
 endfacet
 facet normal  1.000000e+00  0.000000e+00 -0.000000e+00
   outer loop
     vertex  3.400000e-02  3.000000e-03  2.087692e-02
     vertex  3.400000e-02  3.000000e-03  2.286154e-02
     vertex  3.400000e-02  1.030006e-03  2.220104e-02
   endloop
 endfacet
 facet normal  1.000000e+00  0.000000e+00  0.000000e+00
   outer loop
     vertex  3.400000e-02  9.956938e-04  1.624256e-02
     vertex  3.400000e-02  3.000000e-03  1.690769e-02
     vertex  3.400000e-02  1.000492e-03  1.823367e-02
   endloop
 endfacet
 facet normal  1.000000e+00  0.000000e+00 -0.000000e+00
   outer loop
     vertex  3.400000e-02  3.000000e-03  1.690769e-02
     vertex  3.400000e-02  3.000000e-03  1.889231e-02
     vertex  3.400000e-02  1.000492e-03  1.823367e-02
   endloop
 endfacet
 facet normal  1.000000e+00  0.000000e+00  0.000000e+00
   outer loop
     vertex  3.400000e-02  9.244206e-04  1.220210e-02
     vertex  3.400000e-02  3.000000e-03  1.293846e-02
     vertex  3.400000e-02  9.818083e-04  1.424299e-02
   endloop
 endfacet
 facet normal  1.000000e+00  0.000000e+00 -0.000000e+00
   outer loop
     vertex  3.400000e-02  3.000000e-03  1.293846e-02
     vertex  3.400000e-02  3.000000e-03  1.492308e-02
     vertex  3.400000e-02  9.818083e-04  1.424299e-02
   endloop
 endfacet
 facet normal  1.000000e+00  0.000000e+00 -0.000000e+00
   outer loop
     vertex  3.400000e-02  1.085564e-03  7.714185e-03
     vertex  3.400000e-02  3.000000e-03  8.969231e-03
     vertex  3.400000e-02  6.711442e-04  9.984572e-03
   endloop
 endfacet
 facet normal  1.000000e+00  0.000000e+00 -0.000000e+00
   outer loop
     vertex  3.400000e-02  3.000000e-03  8.969231e-03
     vertex  3.400000e-02  3.000000e-03  1.095385e-02
     vertex  3.400000e-02  6.711442e-04  9.984572e-03
   endloop
 endfacet
 facet normal  1.000000e+00  0.000000e+00  0.000000e+00
   outer loop
     vertex  3.400000e-02  3.000000e-03  1.095385e-02
     vertex  3.400000e-02  9.244206e-04  1.220210e-02
     vertex  3.400000e-02  6.711442e-04  9.984572e-03
   endloop
 endfacet
 facet normal  1.000000e+00  0.000000e+00  0.000000e+00
   outer loop
     vertex  3.400000e-02  3.000000e-03  1.492308e-02
     vertex  3.400000e-02  9.956938e-04  1.624256e-02
     vertex  3.400000e-02  9.818083e-04  1.424299e-02
   endloop
 endfacet
 facet normal  1.000000e+00  0.000000e+00  0.000000e+00
   outer loop
     vertex  3.400000e-02  3.000000e-03  1.889231e-02
     vertex  3.400000e-02  1.006645e-03  2.022129e-02
     vertex  3.400000e-02  1.000492e-03  1.823367e-02
   endloop
 endfacet
 facet normal  1.000000e+00  0.000000e+00  0.000000e+00
   outer loop
     vertex  3.400000e-02  3.000000e-03  2.286154e-02
     vertex  3.400000e-02  1.119383e-03  2.414016e-02
     vertex  3.400000e-02  1.030006e-03  2.220104e-02
   endloop
 endfacet
 facet normal  1.000000e+00  0.000000e+00 -0.000000e+00
   outer loop
     vertex  3.400000e-02  3.000000e-03  2.484615e-02
     vertex  3.400000e-02  3.000000e-03  2.683077e-02
     vertex  3.400000e-02  1.462191e-03  2.586816e-02
   endloop
 endfacet
 facet normal  1.000000e+00  0.000000e+00 -0.000000e+00
   outer loop
     vertex  3.400000e-02  3.000000e-03  2.881538e-02
     vertex  3.400000e-02  3.000000e-03  3.080000e-02
     vertex  3.400000e-02  6.564831e-04  2.980723e-02
   endloop
 endfacet
 facet normal  1.000000e+00  0.000000e+00 -0.000000e+00
   outer loop
     vertex  3.400000e-02  3.000000e-03  3.278462e-02
     vertex  3.400000e-02  3.000000e-03  3.476923e-02
     vertex  3.400000e-02  9.797327e-04  3.408176e-02
   endloop
 endfacet
 facet normal  1.000000e+00  0.000000e+00 -0.000000e+00
   outer loop
     vertex  3.400000e-02  3.000000e-03  3.675385e-02
     vertex  3.400000e-02  3.000000e-03  3.873846e-02
     vertex  3.400000e-02  9.980396e-04  3.807626e-02
   endloop
 endfacet
 facet normal  1.000000e+00  0.000000e+00 -0.000000e+00
   outer loop
     vertex  3.400000e-02  3.000000e-03  4.072308e-02
     vertex  3.400000e-02  3.000000e-03  4.270769e-02
     vertex  3.400000e-02  9.993266e-04  4.204848e-02
   endloop
 endfacet
 facet normal  1.000000e+00  0.000000e+00 -0.000000e+00
   outer loop
     vertex  3.400000e-02  3.000000e-03  4.469231e-02
     vertex  3.400000e-02  3.000000e-03  4.667692e-02
     vertex  3.400000e-02  9.985464e-04  4.601968e-02
   endloop
 endfacet
 facet normal  1.000000e+00  0.000000e+00 -0.000000e+00
   outer loop
     vertex  3.400000e-02  3.000000e-03  4.866154e-02
     vertex  3.400000e-02  3.000000e-03  5.064615e-02
     vertex  3.400000e-02  9.989323e-04  4.998787e-02
   endloop
 endfacet
 facet normal  1.000000e+00  0.000000e+00 -0.000000e+00
   outer loop
     vertex  3.400000e-02  3.000000e-03  5.263077e-02
     vertex  3.400000e-02  3.000000e-03  5.461538e-02
     vertex  3.400000e-02  9.993807e-04  5.395631e-02
   endloop
 endfacet
 facet normal  1.000000e+00  0.000000e+00 -0.000000e+00
   outer loop
     vertex  3.400000e-02  3.000000e-03  5.660000e-02
     vertex  3.400000e-02  3.000000e-03  5.858462e-02
     vertex  3.400000e-02  9.992587e-04  5.792602e-02
   endloop
 endfacet
 facet normal  1.000000e+00  0.000000e+00 -0.000000e+00
   outer loop
     vertex  3.400000e-02  3.000000e-03  6.056923e-02
     vertex  3.400000e-02  3.000000e-03  6.255385e-02
     vertex  3.400000e-02  9.995501e-04  6.189446e-02
   endloop
 endfacet
 facet normal  1.000000e+00  0.000000e+00 -0.000000e+00
   outer loop
     vertex  3.400000e-02  3.000000e-03  6.453846e-02
     vertex  3.400000e-02  3.000000e-03  6.652308e-02
     vertex  3.400000e-02  9.993758e-04  6.586455e-02
   endloop
 endfacet
 facet normal  1.000000e+00  0.000000e+00 -0.000000e+00
   outer loop
     vertex  3.400000e-02  3.000000e-03  6.850769e-02
     vertex  3.400000e-02  3.000000e-03  7.049231e-02
     vertex  3.400000e-02  9.995543e-04  6.983345e-02
   endloop
 endfacet
 facet normal  1.000000e+00  0.000000e+00 -0.000000e+00
   outer loop
     vertex  3.400000e-02  3.000000e-03  7.247692e-02
     vertex  3.400000e-02  3.000000e-03  7.446154e-02
     vertex  3.400000e-02  9.991061e-04  7.380445e-02
   endloop
 endfacet
 facet normal  1.000000e+00  0.000000e+00 -0.000000e+00
   outer loop
     vertex  3.400000e-02  3.000000e-03  7.644615e-02
     vertex  3.400000e-02  3.000000e-03  7.843077e-02
     vertex  3.400000e-02  9.988279e-04  7.777430e-02
   endloop
 endfacet
 facet normal  1.000000e+00  0.000000e+00 -0.000000e+00
   outer loop
     vertex  3.400000e-02  3.000000e-03  8.041538e-02
     vertex  3.400000e-02  3.000000e-03  8.240000e-02
     vertex  3.400000e-02  9.985515e-04  8.174396e-02
   endloop
 endfacet
 facet normal  1.000000e+00  0.000000e+00 -0.000000e+00
   outer loop
     vertex  3.400000e-02  3.000000e-03  8.438462e-02
     vertex  3.400000e-02  3.000000e-03  8.636923e-02
     vertex  3.400000e-02  9.979058e-04  8.571546e-02
   endloop
 endfacet
 facet normal  1.000000e+00  0.000000e+00 -0.000000e+00
   outer loop
     vertex  3.400000e-02  3.000000e-03  8.835385e-02
     vertex  3.400000e-02  3.000000e-03  9.033846e-02
     vertex  3.400000e-02  9.978316e-04  8.968517e-02
   endloop
 endfacet
 facet normal  1.000000e+00  0.000000e+00 -0.000000e+00
   outer loop
     vertex  3.400000e-02  3.000000e-03  9.232308e-02
     vertex  3.400000e-02  3.000000e-03  9.430769e-02
     vertex  3.400000e-02  9.979848e-04  9.365387e-02
   endloop
 endfacet
 facet normal  1.000000e+00  0.000000e+00 -0.000000e+00
   outer loop
     vertex  3.400000e-02  3.000000e-03  9.629231e-02
     vertex  3.400000e-02  3.000000e-03  9.827692e-02
     vertex  3.400000e-02  9.986141e-04  9.762180e-02
   endloop
 endfacet
 facet normal  1.000000e+00  0.000000e+00 -0.000000e+00
   outer loop
     vertex  3.400000e-02  3.000000e-03  1.002615e-01
     vertex  3.400000e-02  3.000000e-03  1.022462e-01
     vertex  3.400000e-02  9.989324e-04  1.015900e-01
   endloop
 endfacet
 facet normal  1.000000e+00  0.000000e+00 -0.000000e+00
   outer loop
     vertex  3.400000e-02  3.000000e-03  1.042308e-01
     vertex  3.400000e-02  3.000000e-03  1.062154e-01
     vertex  3.400000e-02  9.993031e-04  1.055579e-01
   endloop
 endfacet
 facet normal  1.000000e+00  0.000000e+00 -0.000000e+00
   outer loop
     vertex  3.400000e-02  3.000000e-03  1.082000e-01
     vertex  3.400000e-02  3.000000e-03  1.101846e-01
     vertex  3.400000e-02  9.989674e-04  1.095274e-01
   endloop
 endfacet
 facet normal  1.000000e+00  0.000000e+00 -0.000000e+00
   outer loop
     vertex  3.400000e-02  3.000000e-03  1.121692e-01
     vertex  3.400000e-02  3.000000e-03  1.141538e-01
     vertex  3.400000e-02  9.982489e-04  1.134989e-01
   endloop
 endfacet
 facet normal  1.000000e+00  0.000000e+00 -0.000000e+00
   outer loop
     vertex  3.400000e-02  3.000000e-03  1.161385e-01
     vertex  3.400000e-02  3.000000e-03  1.181231e-01
     vertex  3.400000e-02  9.979950e-04  1.174690e-01
   endloop
 endfacet
 facet normal  1.000000e+00  0.000000e+00 -0.000000e+00
   outer loop
     vertex  3.400000e-02  3.000000e-03  1.201077e-01
     vertex  3.400000e-02  3.000000e-03  1.220923e-01
     vertex  3.400000e-02  9.990763e-04  1.214350e-01
   endloop
 endfacet
 facet normal  1.000000e+00  0.000000e+00 -0.000000e+00
   outer loop
     vertex  3.400000e-02  3.000000e-03  1.240769e-01
     vertex  3.400000e-02  3.000000e-03  1.260615e-01
     vertex  3.400000e-02  1.004394e-03  1.253888e-01
   endloop
 endfacet
 facet normal  1.000000e+00  0.000000e+00 -0.000000e+00
   outer loop
     vertex  3.400000e-02  3.000000e-03  1.280462e-01
     vertex  3.400000e-02  3.000000e-03  1.300308e-01
     vertex  3.400000e-02  1.077527e-03  1.292248e-01
   endloop
 endfacet
 facet normal  1.000000e+00  0.000000e+00  0.000000e+00
   outer loop
     vertex  3.400000e-02  9.989323e-04  4.998787e-02
     vertex  3.400000e-02  3.000000e-03  5.064615e-02
     vertex  3.400000e-02  9.991376e-04  5.197216e-02
   endloop
 endfacet
 facet normal  1.000000e+00  0.000000e+00  0.000000e+00
   outer loop
     vertex  3.400000e-02 -1.000000e-03  5.000000e-03
     vertex  3.400000e-02  1.000000e-03  5.000000e-03
     vertex  3.400000e-02 -5.223843e-04  6.625887e-03
   endloop
 endfacet
 facet normal  1.000000e+00  0.000000e+00  0.000000e+00
   outer loop
     vertex  3.400000e-02  9.985464e-04  4.601968e-02
     vertex  3.400000e-02  3.000000e-03  4.667692e-02
     vertex  3.400000e-02  9.988475e-04  4.800361e-02
   endloop
 endfacet
 facet normal  1.000000e+00  0.000000e+00  0.000000e+00
   outer loop
     vertex  3.400000e-02  1.119383e-03  2.414016e-02
     vertex  3.400000e-02  3.000000e-03  2.484615e-02
     vertex  3.400000e-02  1.462191e-03  2.586816e-02
   endloop
 endfacet
 facet normal  1.000000e+00  0.000000e+00 -0.000000e+00
   outer loop
     vertex  3.400000e-02  1.043154e-03  2.763279e-02
     vertex  3.400000e-02  3.000000e-03  2.881538e-02
     vertex  3.400000e-02  6.564831e-04  2.980723e-02
   endloop
 endfacet
 facet normal  1.000000e+00  0.000000e+00  0.000000e+00
   outer loop
     vertex  3.400000e-02  9.210023e-04  3.203475e-02
     vertex  3.400000e-02  3.000000e-03  3.278462e-02
     vertex  3.400000e-02  9.797327e-04  3.408176e-02
   endloop
 endfacet
 facet normal  1.000000e+00  0.000000e+00  0.000000e+00
   outer loop
     vertex  3.400000e-02  9.941653e-04  3.608539e-02
     vertex  3.400000e-02  3.000000e-03  3.675385e-02
     vertex  3.400000e-02  9.980396e-04  3.807626e-02
   endloop
 endfacet
 facet normal  1.000000e+00  0.000000e+00  0.000000e+00
   outer loop
     vertex  3.400000e-02  9.991579e-04  4.006257e-02
     vertex  3.400000e-02  3.000000e-03  4.072308e-02
     vertex  3.400000e-02  9.993266e-04  4.204848e-02
   endloop
 endfacet
 facet normal  1.000000e+00  0.000000e+00 -0.000000e+00
   outer loop
     vertex  3.400000e-02  9.990545e-04  4.403409e-02
     vertex  3.400000e-02  3.000000e-03  4.469231e-02
     vertex  3.400000e-02  9.985464e-04  4.601968e-02
   endloop
 endfacet
 facet normal  1.000000e+00  0.000000e+00  0.000000e+00
   outer loop
     vertex  3.400000e-02  9.988475e-04  4.800361e-02
     vertex  3.400000e-02  3.000000e-03  4.866154e-02
     vertex  3.400000e-02  9.989323e-04  4.998787e-02
   endloop
 endfacet
 facet normal  1.000000e+00  0.000000e+00  0.000000e+00
   outer loop
     vertex  3.400000e-02  9.991376e-04  5.197216e-02
     vertex  3.400000e-02  3.000000e-03  5.263077e-02
     vertex  3.400000e-02  9.993807e-04  5.395631e-02
   endloop
 endfacet
 facet normal  1.000000e+00  0.000000e+00 -0.000000e+00
   outer loop
     vertex  3.400000e-02  9.995601e-04  5.594051e-02
     vertex  3.400000e-02  3.000000e-03  5.660000e-02
     vertex  3.400000e-02  9.992587e-04  5.792602e-02
   endloop
 endfacet
 facet normal  1.000000e+00  0.000000e+00  0.000000e+00
   outer loop
     vertex  3.400000e-02  9.993524e-04  5.991026e-02
     vertex  3.400000e-02  3.000000e-03  6.056923e-02
     vertex  3.400000e-02  9.995501e-04  6.189446e-02
   endloop
 endfacet
 facet normal  1.000000e+00  0.000000e+00 -0.000000e+00
   outer loop
     vertex  3.400000e-02  9.995406e-04  6.387937e-02
     vertex  3.400000e-02  3.000000e-03  6.453846e-02
     vertex  3.400000e-02  9.993758e-04  6.586455e-02
   endloop
 endfacet
 facet normal  1.000000e+00  0.000000e+00  0.000000e+00
   outer loop
     vertex  3.400000e-02  9.992042e-04  6.784982e-02
     vertex  3.400000e-02  3.000000e-03  6.850769e-02
     vertex  3.400000e-02  9.995543e-04  6.983345e-02
   endloop
 endfacet
 facet normal  1.000000e+00  0.000000e+00 -0.000000e+00
   outer loop
     vertex  3.400000e-02  9.994152e-04  7.181876e-02
     vertex  3.400000e-02  3.000000e-03  7.247692e-02
     vertex  3.400000e-02  9.991061e-04  7.380445e-02
   endloop
 endfacet
 facet normal  1.000000e+00  0.000000e+00 -0.000000e+00
   outer loop
     vertex  3.400000e-02  9.993422e-04  7.578823e-02
     vertex  3.400000e-02  3.000000e-03  7.644615e-02
     vertex  3.400000e-02  9.988279e-04  7.777430e-02
   endloop
 endfacet
 facet normal  1.000000e+00  0.000000e+00 -0.000000e+00
   outer loop
     vertex  3.400000e-02  9.989517e-04  7.975806e-02
     vertex  3.400000e-02  3.000000e-03  8.041538e-02
     vertex  3.400000e-02  9.985515e-04  8.174396e-02
   endloop
 endfacet
 facet normal  1.000000e+00  0.000000e+00 -0.000000e+00
   outer loop
     vertex  3.400000e-02  9.981772e-04  8.372983e-02
     vertex  3.400000e-02  3.000000e-03  8.438462e-02
     vertex  3.400000e-02  9.979058e-04  8.571546e-02
   endloop
 endfacet
 facet normal  1.000000e+00  0.000000e+00  0.000000e+00
   outer loop
     vertex  3.400000e-02  9.977979e-04  8.770058e-02
     vertex  3.400000e-02  3.000000e-03  8.835385e-02
     vertex  3.400000e-02  9.978316e-04  8.968517e-02
   endloop
 endfacet
 facet normal  1.000000e+00  0.000000e+00  0.000000e+00
   outer loop
     vertex  3.400000e-02  9.978961e-04  9.166953e-02
     vertex  3.400000e-02  3.000000e-03  9.232308e-02
     vertex  3.400000e-02  9.979848e-04  9.365387e-02
   endloop
 endfacet
 facet normal  1.000000e+00  0.000000e+00  0.000000e+00
   outer loop
     vertex  3.400000e-02  9.981626e-04  9.563802e-02
     vertex  3.400000e-02  3.000000e-03  9.629231e-02
     vertex  3.400000e-02  9.986141e-04  9.762180e-02
   endloop
 endfacet
 facet normal  1.000000e+00  0.000000e+00  0.000000e+00
   outer loop
     vertex  3.400000e-02  9.987635e-04  9.960582e-02
     vertex  3.400000e-02  3.000000e-03  1.002615e-01
     vertex  3.400000e-02  9.989324e-04  1.015900e-01
   endloop
 endfacet
 facet normal  1.000000e+00  0.000000e+00 -0.000000e+00
   outer loop
     vertex  3.400000e-02  9.994575e-04  1.035728e-01
     vertex  3.400000e-02  3.000000e-03  1.042308e-01
     vertex  3.400000e-02  9.993031e-04  1.055579e-01
   endloop
 endfacet
 facet normal  1.000000e+00  0.000000e+00  0.000000e+00
   outer loop
     vertex  3.400000e-02  9.988253e-04  1.075438e-01
     vertex  3.400000e-02  3.000000e-03  1.082000e-01
     vertex  3.400000e-02  9.989674e-04  1.095274e-01
   endloop
 endfacet
 facet normal  1.000000e+00  0.000000e+00 -0.000000e+00
   outer loop
     vertex  3.400000e-02  9.985961e-04  1.115132e-01
     vertex  3.400000e-02  3.000000e-03  1.121692e-01
     vertex  3.400000e-02  9.982489e-04  1.134989e-01
   endloop
 endfacet
 facet normal  1.000000e+00  0.000000e+00 -0.000000e+00
   outer loop
     vertex  3.400000e-02  9.980081e-04  1.154843e-01
     vertex  3.400000e-02  3.000000e-03  1.161385e-01
     vertex  3.400000e-02  9.979950e-04  1.174690e-01
   endloop
 endfacet
 facet normal  1.000000e+00  0.000000e+00  0.000000e+00
   outer loop
     vertex  3.400000e-02  9.982781e-04  1.194527e-01
     vertex  3.400000e-02  3.000000e-03  1.201077e-01
     vertex  3.400000e-02  9.990763e-04  1.214350e-01
   endloop
 endfacet
 facet normal  1.000000e+00  0.000000e+00  0.000000e+00
   outer loop
     vertex  3.400000e-02  1.000314e-03  1.234152e-01
     vertex  3.400000e-02  3.000000e-03  1.240769e-01
     vertex  3.400000e-02  1.004394e-03  1.253888e-01
   endloop
 endfacet
 facet normal  1.000000e+00  0.000000e+00  0.000000e+00
   outer loop
     vertex  3.400000e-02  1.019566e-03  1.273399e-01
     vertex  3.400000e-02  3.000000e-03  1.280462e-01
     vertex  3.400000e-02  1.077527e-03  1.292248e-01
   endloop
 endfacet
 facet normal  1.000000e+00  0.000000e+00 -0.000000e+00
   outer loop
     vertex  3.400000e-02  1.305274e-03  1.309036e-01
     vertex  3.400000e-02  3.000000e-03  1.320154e-01
     vertex  3.400000e-02  3.236041e-04  1.324252e-01
   endloop
 endfacet
 facet normal  1.000000e+00  0.000000e+00  0.000000e+00
   outer loop
     vertex  3.400000e-02  9.993807e-04  5.395631e-02
     vertex  3.400000e-02  3.000000e-03  5.461538e-02
     vertex  3.400000e-02  9.995601e-04  5.594051e-02
   endloop
 endfacet
 facet normal  1.000000e+00  0.000000e+00  0.000000e+00
   outer loop
     vertex  3.400000e-02  9.992587e-04  5.792602e-02
     vertex  3.400000e-02  3.000000e-03  5.858462e-02
     vertex  3.400000e-02  9.993524e-04  5.991026e-02
   endloop
 endfacet
 facet normal  1.000000e+00  0.000000e+00 -0.000000e+00
   outer loop
     vertex  3.400000e-02  9.995501e-04  6.189446e-02
     vertex  3.400000e-02  3.000000e-03  6.255385e-02
     vertex  3.400000e-02  9.995406e-04  6.387937e-02
   endloop
 endfacet
 facet normal  1.000000e+00  0.000000e+00 -0.000000e+00
   outer loop
     vertex  3.400000e-02  9.993758e-04  6.586455e-02
     vertex  3.400000e-02  3.000000e-03  6.652308e-02
     vertex  3.400000e-02  9.992042e-04  6.784982e-02
   endloop
 endfacet
 facet normal  1.000000e+00  0.000000e+00 -0.000000e+00
   outer loop
     vertex  3.400000e-02  9.995543e-04  6.983345e-02
     vertex  3.400000e-02  3.000000e-03  7.049231e-02
     vertex  3.400000e-02  9.994152e-04  7.181876e-02
   endloop
 endfacet
 facet normal  1.000000e+00  0.000000e+00  0.000000e+00
   outer loop
     vertex  3.400000e-02  9.991061e-04  7.380445e-02
     vertex  3.400000e-02  3.000000e-03  7.446154e-02
     vertex  3.400000e-02  9.993422e-04  7.578823e-02
   endloop
 endfacet
 facet normal  1.000000e+00  0.000000e+00  0.000000e+00
   outer loop
     vertex  3.400000e-02  9.988279e-04  7.777430e-02
     vertex  3.400000e-02  3.000000e-03  7.843077e-02
     vertex  3.400000e-02  9.989517e-04  7.975806e-02
   endloop
 endfacet
 facet normal  1.000000e+00  0.000000e+00 -0.000000e+00
   outer loop
     vertex  3.400000e-02  9.985515e-04  8.174396e-02
     vertex  3.400000e-02  3.000000e-03  8.240000e-02
     vertex  3.400000e-02  9.981772e-04  8.372983e-02
   endloop
 endfacet
 facet normal  1.000000e+00  0.000000e+00 -0.000000e+00
   outer loop
     vertex  3.400000e-02  9.979058e-04  8.571546e-02
     vertex  3.400000e-02  3.000000e-03  8.636923e-02
     vertex  3.400000e-02  9.977979e-04  8.770058e-02
   endloop
 endfacet
 facet normal  1.000000e+00  0.000000e+00  0.000000e+00
   outer loop
     vertex  3.400000e-02  9.978316e-04  8.968517e-02
     vertex  3.400000e-02  3.000000e-03  9.033846e-02
     vertex  3.400000e-02  9.978961e-04  9.166953e-02
   endloop
 endfacet
 facet normal  1.000000e+00  0.000000e+00  0.000000e+00
   outer loop
     vertex  3.400000e-02  9.979848e-04  9.365387e-02
     vertex  3.400000e-02  3.000000e-03  9.430769e-02
     vertex  3.400000e-02  9.981626e-04  9.563802e-02
   endloop
 endfacet
 facet normal  1.000000e+00  0.000000e+00  0.000000e+00
   outer loop
     vertex  3.400000e-02  9.986141e-04  9.762180e-02
     vertex  3.400000e-02  3.000000e-03  9.827692e-02
     vertex  3.400000e-02  9.987635e-04  9.960582e-02
   endloop
 endfacet
 facet normal  1.000000e+00  0.000000e+00  0.000000e+00
   outer loop
     vertex  3.400000e-02  9.989324e-04  1.015900e-01
     vertex  3.400000e-02  3.000000e-03  1.022462e-01
     vertex  3.400000e-02  9.994575e-04  1.035728e-01
   endloop
 endfacet
 facet normal  1.000000e+00  0.000000e+00 -0.000000e+00
   outer loop
     vertex  3.400000e-02  9.993031e-04  1.055579e-01
     vertex  3.400000e-02  3.000000e-03  1.062154e-01
     vertex  3.400000e-02  9.988253e-04  1.075438e-01
   endloop
 endfacet
 facet normal  1.000000e+00  0.000000e+00 -0.000000e+00
   outer loop
     vertex  3.400000e-02  9.989674e-04  1.095274e-01
     vertex  3.400000e-02  3.000000e-03  1.101846e-01
     vertex  3.400000e-02  9.985961e-04  1.115132e-01
   endloop
 endfacet
 facet normal  1.000000e+00  0.000000e+00 -0.000000e+00
   outer loop
     vertex  3.400000e-02  9.982489e-04  1.134989e-01
     vertex  3.400000e-02  3.000000e-03  1.141538e-01
     vertex  3.400000e-02  9.980081e-04  1.154843e-01
   endloop
 endfacet
 facet normal  1.000000e+00  0.000000e+00  0.000000e+00
   outer loop
     vertex  3.400000e-02  9.979950e-04  1.174690e-01
     vertex  3.400000e-02  3.000000e-03  1.181231e-01
     vertex  3.400000e-02  9.982781e-04  1.194527e-01
   endloop
 endfacet
 facet normal  1.000000e+00  0.000000e+00  0.000000e+00
   outer loop
     vertex  3.400000e-02  9.990763e-04  1.214350e-01
     vertex  3.400000e-02  3.000000e-03  1.220923e-01
     vertex  3.400000e-02  1.000314e-03  1.234152e-01
   endloop
 endfacet
 facet normal  1.000000e+00  0.000000e+00  0.000000e+00
   outer loop
     vertex  3.400000e-02  1.004394e-03  1.253888e-01
     vertex  3.400000e-02  3.000000e-03  1.260615e-01
     vertex  3.400000e-02  1.019566e-03  1.273399e-01
   endloop
 endfacet
 facet normal  1.000000e+00  0.000000e+00  0.000000e+00
   outer loop
     vertex  3.400000e-02  1.077527e-03  1.292248e-01
     vertex  3.400000e-02  3.000000e-03  1.300308e-01
     vertex  3.400000e-02  1.305274e-03  1.309036e-01
   endloop
 endfacet
 facet normal  1.000000e+00  0.000000e+00 -0.000000e+00
   outer loop
     vertex  3.400000e-02  9.993266e-04  4.204848e-02
     vertex  3.400000e-02  3.000000e-03  4.270769e-02
     vertex  3.400000e-02  9.990545e-04  4.403409e-02
   endloop
 endfacet
 facet normal  1.000000e+00  0.000000e+00  0.000000e+00
   outer loop
     vertex  3.400000e-02  9.980396e-04  3.807626e-02
     vertex  3.400000e-02  3.000000e-03  3.873846e-02
     vertex  3.400000e-02  9.991579e-04  4.006257e-02
   endloop
 endfacet
 facet normal  1.000000e+00  0.000000e+00  0.000000e+00
   outer loop
     vertex  3.400000e-02  9.797327e-04  3.408176e-02
     vertex  3.400000e-02  3.000000e-03  3.476923e-02
     vertex  3.400000e-02  9.941653e-04  3.608539e-02
   endloop
 endfacet
 facet normal  1.000000e+00  0.000000e+00  0.000000e+00
   outer loop
     vertex  3.400000e-02  6.564831e-04  2.980723e-02
     vertex  3.400000e-02  3.000000e-03  3.080000e-02
     vertex  3.400000e-02  9.210023e-04  3.203475e-02
   endloop
 endfacet
 facet normal  1.000000e+00  0.000000e+00 -0.000000e+00
   outer loop
     vertex  3.400000e-02  1.462191e-03  2.586816e-02
     vertex  3.400000e-02  3.000000e-03  2.683077e-02
     vertex  3.400000e-02  1.043154e-03  2.763279e-02
   endloop
 endfacet
 facet normal  1.000000e+00  0.000000e+00 -0.000000e+00
   outer loop
     vertex  3.400000e-02  9.993807e-04  5.395631e-02
     vertex  3.400000e-02  9.995601e-04  5.594051e-02
     vertex  3.400000e-02 -1.000371e-03  5.527862e-02
   endloop
 endfacet
 facet normal  1.000000e+00  0.000000e+00  0.000000e+00
   outer loop
     vertex  3.400000e-02  1.043154e-03  2.763279e-02
     vertex  3.400000e-02  6.564831e-04  2.980723e-02
     vertex  3.400000e-02 -1.043884e-03  2.801199e-02
   endloop
 endfacet
 facet normal  1.000000e+00  0.000000e+00  0.000000e+00
   outer loop
     vertex  3.400000e-02 -1.119028e-03  1.168754e-02
     vertex  3.400000e-02 -1.463213e-03  9.990816e-03
     vertex  3.400000e-02  6.711442e-04  9.984572e-03
   endloop
 endfacet
 facet normal  1.000000e+00  0.000000e+00  0.000000e+00
   outer loop
     vertex  3.400000e-02 -1.119028e-03  1.168754e-02
     vertex  3.400000e-02  9.244206e-04  1.220210e-02
     vertex  3.400000e-02 -1.029375e-03  1.361276e-02
   endloop
 endfacet
 facet normal  1.000000e+00  0.000000e+00  0.000000e+00
   outer loop
     vertex  3.400000e-02 -1.007055e-03  1.558731e-02
     vertex  3.400000e-02 -1.029375e-03  1.361276e-02
     vertex  3.400000e-02  9.818083e-04  1.424299e-02
   endloop
 endfacet
 facet normal  1.000000e+00  0.000000e+00  0.000000e+00
   outer loop
     vertex  3.400000e-02 -1.000524e-03  1.757386e-02
     vertex  3.400000e-02 -1.007055e-03  1.558731e-02
     vertex  3.400000e-02  9.956938e-04  1.624256e-02
   endloop
 endfacet
 facet normal  1.000000e+00  0.000000e+00  0.000000e+00
   outer loop
     vertex  3.400000e-02 -1.000524e-03  1.757386e-02
     vertex  3.400000e-02  1.000492e-03  1.823367e-02
     vertex  3.400000e-02 -9.957022e-04  1.956515e-02
   endloop
 endfacet
 facet normal  1.000000e+00  0.000000e+00  0.000000e+00
   outer loop
     vertex  3.400000e-02 -9.803129e-04  2.156727e-02
     vertex  3.400000e-02 -9.957022e-04  1.956515e-02
     vertex  3.400000e-02  1.006645e-03  2.022129e-02
   endloop
 endfacet
 facet normal  1.000000e+00  0.000000e+00  0.000000e+00
   outer loop
     vertex  3.400000e-02 -9.211499e-04  2.361198e-02
     vertex  3.400000e-02 -9.803129e-04  2.156727e-02
     vertex  3.400000e-02  1.030006e-03  2.220104e-02
   endloop
 endfacet
 facet normal  1.000000e+00  0.000000e+00  0.000000e+00
   outer loop
     vertex  3.400000e-02 -6.571105e-04  2.583791e-02
     vertex  3.400000e-02 -9.211499e-04  2.361198e-02
     vertex  3.400000e-02  1.119383e-03  2.414016e-02
   endloop
 endfacet
 facet normal  1.000000e+00  0.000000e+00  0.000000e+00
   outer loop
     vertex  3.400000e-02 -1.043884e-03  2.801199e-02
     vertex  3.400000e-02 -6.571105e-04  2.583791e-02
     vertex  3.400000e-02  1.043154e-03  2.763279e-02
   endloop
 endfacet
 facet normal  1.000000e+00 -0.000000e+00  0.000000e+00
   outer loop
     vertex  3.400000e-02 -1.462542e-03  2.977717e-02
     vertex  3.400000e-02 -1.043884e-03  2.801199e-02
     vertex  3.400000e-02  6.564831e-04  2.980723e-02
   endloop
 endfacet
 facet normal  1.000000e+00  0.000000e+00  0.000000e+00
   outer loop
     vertex  3.400000e-02 -1.119641e-03  3.150587e-02
     vertex  3.400000e-02 -1.462542e-03  2.977717e-02
     vertex  3.400000e-02  6.564831e-04  2.980723e-02
   endloop
 endfacet
 facet normal  1.000000e+00  0.000000e+00  0.000000e+00
   outer loop
     vertex  3.400000e-02 -1.030396e-03  3.344661e-02
     vertex  3.400000e-02 -1.119641e-03  3.150587e-02
     vertex  3.400000e-02  9.210023e-04  3.203475e-02
   endloop
 endfacet
 facet normal  1.000000e+00  0.000000e+00  0.000000e+00
   outer loop
     vertex  3.400000e-02 -1.007893e-03  3.542910e-02
     vertex  3.400000e-02 -1.030396e-03  3.344661e-02
     vertex  3.400000e-02  9.797327e-04  3.408176e-02
   endloop
 endfacet
 facet normal  1.000000e+00  0.000000e+00  0.000000e+00
   outer loop
     vertex  3.400000e-02 -1.007893e-03  3.542910e-02
     vertex  3.400000e-02  9.941653e-04  3.608539e-02
     vertex  3.400000e-02 -1.002261e-03  3.741499e-02
   endloop
 endfacet
 facet normal  1.000000e+00  0.000000e+00  0.000000e+00
   outer loop
     vertex  3.400000e-02 -1.000835e-03  3.940076e-02
     vertex  3.400000e-02 -1.002261e-03  3.741499e-02
     vertex  3.400000e-02  9.980396e-04  3.807626e-02
   endloop
 endfacet
 facet normal  1.000000e+00  0.000000e+00  0.000000e+00
   outer loop
     vertex  3.400000e-02 -1.000437e-03  4.138593e-02
     vertex  3.400000e-02 -1.000835e-03  3.940076e-02
     vertex  3.400000e-02  9.991579e-04  4.006257e-02
   endloop
 endfacet
 facet normal  1.000000e+00  0.000000e+00  0.000000e+00
   outer loop
     vertex  3.400000e-02 -1.000797e-03  4.337184e-02
     vertex  3.400000e-02 -1.000437e-03  4.138593e-02
     vertex  3.400000e-02  9.993266e-04  4.204848e-02
   endloop
 endfacet
 facet normal  1.000000e+00  0.000000e+00 -0.000000e+00
   outer loop
     vertex  3.400000e-02 -1.000797e-03  4.337184e-02
     vertex  3.400000e-02  9.990545e-04  4.403409e-02
     vertex  3.400000e-02 -1.001226e-03  4.535745e-02
   endloop
 endfacet
 facet normal  1.000000e+00  0.000000e+00  0.000000e+00
   outer loop
     vertex  3.400000e-02 -1.000888e-03  4.734132e-02
     vertex  3.400000e-02 -1.001226e-03  4.535745e-02
     vertex  3.400000e-02  9.985464e-04  4.601968e-02
   endloop
 endfacet
 facet normal  1.000000e+00  0.000000e+00  0.000000e+00
   outer loop
     vertex  3.400000e-02 -1.000654e-03  4.932533e-02
     vertex  3.400000e-02 -1.000888e-03  4.734132e-02
     vertex  3.400000e-02  9.988475e-04  4.800361e-02
   endloop
 endfacet
 facet normal  1.000000e+00  0.000000e+00  0.000000e+00
   outer loop
     vertex  3.400000e-02 -1.000750e-03  5.131035e-02
     vertex  3.400000e-02 -1.000654e-03  4.932533e-02
     vertex  3.400000e-02  9.989323e-04  4.998787e-02
   endloop
 endfacet
 facet normal  1.000000e+00  0.000000e+00  0.000000e+00
   outer loop
     vertex  3.400000e-02 -1.000517e-03  5.329440e-02
     vertex  3.400000e-02 -1.000750e-03  5.131035e-02
     vertex  3.400000e-02  9.991376e-04  5.197216e-02
   endloop
 endfacet
 facet normal  1.000000e+00  0.000000e+00  0.000000e+00
   outer loop
     vertex  3.400000e-02 -1.000371e-03  5.527862e-02
     vertex  3.400000e-02 -1.000517e-03  5.329440e-02
     vertex  3.400000e-02  9.993807e-04  5.395631e-02
   endloop
 endfacet
 facet normal  1.000000e+00  0.000000e+00  0.000000e+00
   outer loop
     vertex  3.400000e-02 -1.000594e-03  5.726389e-02
     vertex  3.400000e-02 -1.000371e-03  5.527862e-02
     vertex  3.400000e-02  9.995601e-04  5.594051e-02
   endloop
 endfacet
 facet normal  1.000000e+00  0.000000e+00  0.000000e+00
   outer loop
     vertex  3.400000e-02 -1.000923e-03  5.924932e-02
     vertex  3.400000e-02 -1.000594e-03  5.726389e-02
     vertex  3.400000e-02  9.992587e-04  5.792602e-02
   endloop
 endfacet
 facet normal  1.000000e+00  0.000000e+00  0.000000e+00
   outer loop
     vertex  3.400000e-02 -1.000923e-03  5.924932e-02
     vertex  3.400000e-02  9.993524e-04  5.991026e-02
     vertex  3.400000e-02 -1.000459e-03  6.123297e-02
   endloop
 endfacet
 facet normal  1.000000e+00  0.000000e+00  0.000000e+00
   outer loop
     vertex  3.400000e-02 -1.000303e-03  6.321718e-02
     vertex  3.400000e-02 -1.000459e-03  6.123297e-02
     vertex  3.400000e-02  9.995501e-04  6.189446e-02
   endloop
 endfacet
 facet normal  1.000000e+00  0.000000e+00  0.000000e+00
   outer loop
     vertex  3.400000e-02 -1.000581e-03  6.520251e-02
     vertex  3.400000e-02 -1.000303e-03  6.321718e-02
     vertex  3.400000e-02  9.995406e-04  6.387937e-02
   endloop
 endfacet
 facet normal  1.000000e+00  0.000000e+00 -0.000000e+00
   outer loop
     vertex  3.400000e-02 -1.000581e-03  6.520251e-02
     vertex  3.400000e-02  9.993758e-04  6.586455e-02
     vertex  3.400000e-02 -1.000803e-03  6.718783e-02
   endloop
 endfacet
 facet normal  1.000000e+00  0.000000e+00  0.000000e+00
   outer loop
     vertex  3.400000e-02 -1.000468e-03  6.917158e-02
     vertex  3.400000e-02 -1.000803e-03  6.718783e-02
     vertex  3.400000e-02  9.992042e-04  6.784982e-02
   endloop
 endfacet
 facet normal  1.000000e+00  0.000000e+00  0.000000e+00
   outer loop
     vertex  3.400000e-02 -1.000579e-03  7.115678e-02
     vertex  3.400000e-02 -1.000468e-03  6.917158e-02
     vertex  3.400000e-02  9.995543e-04  6.983345e-02
   endloop
 endfacet
 facet normal  1.000000e+00  0.000000e+00 -0.000000e+00
   outer loop
     vertex  3.400000e-02 -1.000579e-03  7.115678e-02
     vertex  3.400000e-02  9.994152e-04  7.181876e-02
     vertex  3.400000e-02 -1.000795e-03  7.314224e-02
   endloop
 endfacet
 facet normal  1.000000e+00  0.000000e+00  0.000000e+00
   outer loop
     vertex  3.400000e-02 -1.000574e-03  7.512608e-02
     vertex  3.400000e-02 -1.000795e-03  7.314224e-02
     vertex  3.400000e-02  9.991061e-04  7.380445e-02
   endloop
 endfacet
 facet normal  1.000000e+00  0.000000e+00 -0.000000e+00
   outer loop
     vertex  3.400000e-02 -1.000574e-03  7.512608e-02
     vertex  3.400000e-02  9.993422e-04  7.578823e-02
     vertex  3.400000e-02 -1.000937e-03  7.711178e-02
   endloop
 endfacet
 facet normal  1.000000e+00  0.000000e+00  0.000000e+00
   outer loop
     vertex  3.400000e-02 -1.000691e-03  7.909548e-02
     vertex  3.400000e-02 -1.000937e-03  7.711178e-02
     vertex  3.400000e-02  9.988279e-04  7.777430e-02
   endloop
 endfacet
 facet normal  1.000000e+00  0.000000e+00  0.000000e+00
   outer loop
     vertex  3.400000e-02 -1.000775e-03  8.108079e-02
     vertex  3.400000e-02 -1.000691e-03  7.909548e-02
     vertex  3.400000e-02  9.989517e-04  7.975806e-02
   endloop
 endfacet
 facet normal  1.000000e+00  0.000000e+00  0.000000e+00
   outer loop
     vertex  3.400000e-02 -1.000990e-03  8.306627e-02
     vertex  3.400000e-02 -1.000775e-03  8.108079e-02
     vertex  3.400000e-02  9.985515e-04  8.174396e-02
   endloop
 endfacet
 facet normal  1.000000e+00  0.000000e+00  0.000000e+00
   outer loop
     vertex  3.400000e-02 -1.001223e-03  8.505173e-02
     vertex  3.400000e-02 -1.000990e-03  8.306627e-02
     vertex  3.400000e-02  9.981772e-04  8.372983e-02
   endloop
 endfacet
 facet normal  1.000000e+00  0.000000e+00  0.000000e+00
   outer loop
     vertex  3.400000e-02 -1.001403e-03  8.703696e-02
     vertex  3.400000e-02 -1.001223e-03  8.505173e-02
     vertex  3.400000e-02  9.979058e-04  8.571546e-02
   endloop
 endfacet
 facet normal  1.000000e+00  0.000000e+00  0.000000e+00
   outer loop
     vertex  3.400000e-02 -1.001485e-03  8.902182e-02
     vertex  3.400000e-02 -1.001403e-03  8.703696e-02
     vertex  3.400000e-02  9.977979e-04  8.770058e-02
   endloop
 endfacet
 facet normal  1.000000e+00  0.000000e+00  0.000000e+00
   outer loop
     vertex  3.400000e-02 -1.001479e-03  9.100638e-02
     vertex  3.400000e-02 -1.001485e-03  8.902182e-02
     vertex  3.400000e-02  9.978316e-04  8.968517e-02
   endloop
 endfacet
 facet normal  1.000000e+00  0.000000e+00  0.000000e+00
   outer loop
     vertex  3.400000e-02 -1.001427e-03  9.299080e-02
     vertex  3.400000e-02 -1.001479e-03  9.100638e-02
     vertex  3.400000e-02  9.978961e-04  9.166953e-02
   endloop
 endfacet
 facet normal  1.000000e+00  0.000000e+00  0.000000e+00
   outer loop
     vertex  3.400000e-02 -1.001361e-03  9.497517e-02
     vertex  3.400000e-02 -1.001427e-03  9.299080e-02
     vertex  3.400000e-02  9.979848e-04  9.365387e-02
   endloop
 endfacet
 facet normal  1.000000e+00  0.000000e+00  0.000000e+00
   outer loop
     vertex  3.400000e-02 -1.001271e-03  9.695951e-02
     vertex  3.400000e-02 -1.001361e-03  9.497517e-02
     vertex  3.400000e-02  9.981626e-04  9.563802e-02
   endloop
 endfacet
 facet normal  1.000000e+00  0.000000e+00  0.000000e+00
   outer loop
     vertex  3.400000e-02 -1.001502e-03  9.894411e-02
     vertex  3.400000e-02 -1.001271e-03  9.695951e-02
     vertex  3.400000e-02  9.986141e-04  9.762180e-02
   endloop
 endfacet
 facet normal  1.000000e+00  0.000000e+00  0.000000e+00
   outer loop
     vertex  3.400000e-02 -1.001502e-03  9.894411e-02
     vertex  3.400000e-02  9.987635e-04  9.960582e-02
     vertex  3.400000e-02 -1.001368e-03  1.009284e-01
   endloop
 endfacet
 facet normal  1.000000e+00  0.000000e+00  0.000000e+00
   outer loop
     vertex  3.400000e-02 -1.000678e-03  1.029111e-01
     vertex  3.400000e-02 -1.001368e-03  1.009284e-01
     vertex  3.400000e-02  9.989324e-04  1.015900e-01
   endloop
 endfacet
 facet normal  1.000000e+00  0.000000e+00  0.000000e+00
   outer loop
     vertex  3.400000e-02 -1.000708e-03  1.048960e-01
     vertex  3.400000e-02 -1.000678e-03  1.029111e-01
     vertex  3.400000e-02  9.994575e-04  1.035728e-01
   endloop
 endfacet
 facet normal  1.000000e+00  0.000000e+00 -0.000000e+00
   outer loop
     vertex  3.400000e-02 -1.000708e-03  1.048960e-01
     vertex  3.400000e-02  9.993031e-04  1.055579e-01
     vertex  3.400000e-02 -1.000981e-03  1.068813e-01
   endloop
 endfacet
 facet normal  1.000000e+00  0.000000e+00  0.000000e+00
   outer loop
     vertex  3.400000e-02 -1.000702e-03  1.088648e-01
     vertex  3.400000e-02 -1.000981e-03  1.068813e-01
     vertex  3.400000e-02  9.988253e-04  1.075438e-01
   endloop
 endfacet
 facet normal  1.000000e+00  0.000000e+00  0.000000e+00
   outer loop
     vertex  3.400000e-02 -1.000767e-03  1.108500e-01
     vertex  3.400000e-02 -1.000702e-03  1.088648e-01
     vertex  3.400000e-02  9.989674e-04  1.095274e-01
   endloop
 endfacet
 facet normal  1.000000e+00  0.000000e+00  0.000000e+00
   outer loop
     vertex  3.400000e-02 -1.000966e-03  1.128354e-01
     vertex  3.400000e-02 -1.000767e-03  1.108500e-01
     vertex  3.400000e-02  9.985961e-04  1.115132e-01
   endloop
 endfacet
 facet normal  1.000000e+00  0.000000e+00  0.000000e+00
   outer loop
     vertex  3.400000e-02 -1.001184e-03  1.148207e-01
     vertex  3.400000e-02 -1.000966e-03  1.128354e-01
     vertex  3.400000e-02  9.982489e-04  1.134989e-01
   endloop
 endfacet
 facet normal  1.000000e+00  0.000000e+00  0.000000e+00
   outer loop
     vertex  3.400000e-02 -1.001335e-03  1.168056e-01
     vertex  3.400000e-02 -1.001184e-03  1.148207e-01
     vertex  3.400000e-02  9.980081e-04  1.154843e-01
   endloop
 endfacet
 facet normal  1.000000e+00  0.000000e+00  0.000000e+00
   outer loop
     vertex  3.400000e-02 -1.001340e-03  1.187900e-01
     vertex  3.400000e-02 -1.001335e-03  1.168056e-01
     vertex  3.400000e-02  9.979950e-04  1.174690e-01
   endloop
 endfacet
 facet normal  1.000000e+00  0.000000e+00  0.000000e+00
   outer loop
     vertex  3.400000e-02 -1.001156e-03  1.207736e-01
     vertex  3.400000e-02 -1.001340e-03  1.187900e-01
     vertex  3.400000e-02  9.982781e-04  1.194527e-01
   endloop
 endfacet
 facet normal  1.000000e+00  0.000000e+00  0.000000e+00
   outer loop
     vertex  3.400000e-02 -1.000931e-03  1.227564e-01
     vertex  3.400000e-02 -1.001156e-03  1.207736e-01
     vertex  3.400000e-02  9.990763e-04  1.214350e-01
   endloop
 endfacet
 facet normal  1.000000e+00  0.000000e+00  0.000000e+00
   outer loop
     vertex  3.400000e-02 -1.000931e-03  1.227564e-01
     vertex  3.400000e-02  1.000314e-03  1.234152e-01
     vertex  3.400000e-02 -9.989761e-04  1.247372e-01
   endloop
 endfacet
 facet normal  1.000000e+00  0.000000e+00  0.000000e+00
   outer loop
     vertex  3.400000e-02 -9.909760e-04  1.267144e-01
     vertex  3.400000e-02 -9.989761e-04  1.247372e-01
     vertex  3.400000e-02  1.004394e-03  1.253888e-01
   endloop
 endfacet
 facet normal  1.000000e+00  0.000000e+00  0.000000e+00
   outer loop
     vertex  3.400000e-02 -9.630662e-04  1.287006e-01
     vertex  3.400000e-02 -9.909760e-04  1.267144e-01
     vertex  3.400000e-02  1.019566e-03  1.273399e-01
   endloop
 endfacet
 facet normal  1.000000e+00  0.000000e+00  0.000000e+00
   outer loop
     vertex  3.400000e-02 -8.650659e-04  1.307530e-01
     vertex  3.400000e-02 -9.630662e-04  1.287006e-01
     vertex  3.400000e-02  1.077527e-03  1.292248e-01
   endloop
 endfacet
 facet normal  1.000000e+00  0.000000e+00  0.000000e+00
   outer loop
     vertex  3.400000e-02 -1.504750e-03  1.325885e-01
     vertex  3.400000e-02 -8.650659e-04  1.307530e-01
     vertex  3.400000e-02  3.236041e-04  1.324252e-01
   endloop
 endfacet
 facet normal  1.000000e+00  0.000000e+00 -0.000000e+00
   outer loop
     vertex  3.400000e-02  1.030006e-03  2.220104e-02
     vertex  3.400000e-02  1.119383e-03  2.414016e-02
     vertex  3.400000e-02 -9.211499e-04  2.361198e-02
   endloop
 endfacet
 facet normal  1.000000e+00  0.000000e+00 -0.000000e+00
   outer loop
     vertex  3.400000e-02  9.818083e-04  1.424299e-02
     vertex  3.400000e-02  9.956938e-04  1.624256e-02
     vertex  3.400000e-02 -1.007055e-03  1.558731e-02
   endloop
 endfacet
 facet normal  1.000000e+00  0.000000e+00  0.000000e+00
   outer loop
     vertex  3.400000e-02  6.711442e-04  9.984572e-03
     vertex  3.400000e-02 -1.463213e-03  9.990816e-03
     vertex  3.400000e-02 -9.955547e-04  8.341829e-03
   endloop
 endfacet
 facet normal  1.000000e+00  0.000000e+00  0.000000e+00
   outer loop
     vertex  3.400000e-02  1.085564e-03  7.714185e-03
     vertex  3.400000e-02  6.711442e-04  9.984572e-03
     vertex  3.400000e-02 -9.955547e-04  8.341829e-03
   endloop
 endfacet
 facet normal  1.000000e+00 -0.000000e+00  0.000000e+00
   outer loop
     vertex  3.400000e-02 -1.119641e-03  3.150587e-02
     vertex  3.400000e-02  6.564831e-04  2.980723e-02
     vertex  3.400000e-02  9.210023e-04  3.203475e-02
   endloop
 endfacet
 facet normal  1.000000e+00 -0.000000e+00  0.000000e+00
   outer loop
     vertex  3.400000e-02 -1.000594e-03  5.726389e-02
     vertex  3.400000e-02  9.995601e-04  5.594051e-02
     vertex  3.400000e-02  9.992587e-04  5.792602e-02
   endloop
 endfacet
 facet normal  1.000000e+00  0.000000e+00 -0.000000e+00
   outer loop
     vertex  3.400000e-02  9.210023e-04  3.203475e-02
     vertex  3.400000e-02  9.797327e-04  3.408176e-02
     vertex  3.400000e-02 -1.030396e-03  3.344661e-02
   endloop
 endfacet
 facet normal  1.000000e+00  0.000000e+00 -0.000000e+00
   outer loop
     vertex  3.400000e-02  9.991579e-04  4.006257e-02
     vertex  3.400000e-02  9.993266e-04  4.204848e-02
     vertex  3.400000e-02 -1.000437e-03  4.138593e-02
   endloop
 endfacet
 facet normal  1.000000e+00  0.000000e+00 -0.000000e+00
   outer loop
     vertex  3.400000e-02  9.980396e-04  3.807626e-02
     vertex  3.400000e-02  9.991579e-04  4.006257e-02
     vertex  3.400000e-02 -1.000835e-03  3.940076e-02
   endloop
 endfacet
 facet normal  1.000000e+00  0.000000e+00 -0.000000e+00
   outer loop
     vertex  3.400000e-02  9.988475e-04  4.800361e-02
     vertex  3.400000e-02  9.989323e-04  4.998787e-02
     vertex  3.400000e-02 -1.000654e-03  4.932533e-02
   endloop
 endfacet
 facet normal  1.000000e+00  0.000000e+00 -0.000000e+00
   outer loop
     vertex  3.400000e-02  9.991376e-04  5.197216e-02
     vertex  3.400000e-02  9.993807e-04  5.395631e-02
     vertex  3.400000e-02 -1.000517e-03  5.329440e-02
   endloop
 endfacet
 facet normal  1.000000e+00  0.000000e+00  0.000000e+00
   outer loop
     vertex  3.400000e-02 -9.955547e-04  8.341829e-03
     vertex  3.400000e-02 -3.000000e-03  6.984615e-03
     vertex  3.400000e-02 -5.223843e-04  6.625887e-03
   endloop
 endfacet
 facet normal  1.000000e+00  0.000000e+00  0.000000e+00
   outer loop
     vertex  3.400000e-02  9.995501e-04  6.189446e-02
     vertex  3.400000e-02  9.995406e-04  6.387937e-02
     vertex  3.400000e-02 -1.000303e-03  6.321718e-02
   endloop
 endfacet
 facet normal  1.000000e+00  0.000000e+00 -0.000000e+00
   outer loop
     vertex  3.400000e-02  9.992042e-04  6.784982e-02
     vertex  3.400000e-02  9.995543e-04  6.983345e-02
     vertex  3.400000e-02 -1.000468e-03  6.917158e-02
   endloop
 endfacet
 facet normal  1.000000e+00  0.000000e+00 -0.000000e+00
   outer loop
     vertex  3.400000e-02  9.988279e-04  7.777430e-02
     vertex  3.400000e-02  9.989517e-04  7.975806e-02
     vertex  3.400000e-02 -1.000691e-03  7.909548e-02
   endloop
 endfacet
 facet normal  1.000000e+00  0.000000e+00  0.000000e+00
   outer loop
     vertex  3.400000e-02  9.989517e-04  7.975806e-02
     vertex  3.400000e-02  9.985515e-04  8.174396e-02
     vertex  3.400000e-02 -1.000775e-03  8.108079e-02
   endloop
 endfacet
 facet normal  1.000000e+00  0.000000e+00  0.000000e+00
   outer loop
     vertex  3.400000e-02  9.985515e-04  8.174396e-02
     vertex  3.400000e-02  9.981772e-04  8.372983e-02
     vertex  3.400000e-02 -1.000990e-03  8.306627e-02
   endloop
 endfacet
 facet normal  1.000000e+00  0.000000e+00  0.000000e+00
   outer loop
     vertex  3.400000e-02  9.981772e-04  8.372983e-02
     vertex  3.400000e-02  9.979058e-04  8.571546e-02
     vertex  3.400000e-02 -1.001223e-03  8.505173e-02
   endloop
 endfacet
 facet normal  1.000000e+00  0.000000e+00  0.000000e+00
   outer loop
     vertex  3.400000e-02  9.979058e-04  8.571546e-02
     vertex  3.400000e-02  9.977979e-04  8.770058e-02
     vertex  3.400000e-02 -1.001403e-03  8.703696e-02
   endloop
 endfacet
 facet normal  1.000000e+00  0.000000e+00 -0.000000e+00
   outer loop
     vertex  3.400000e-02  9.977979e-04  8.770058e-02
     vertex  3.400000e-02  9.978316e-04  8.968517e-02
     vertex  3.400000e-02 -1.001485e-03  8.902182e-02
   endloop
 endfacet
 facet normal  1.000000e+00  0.000000e+00 -0.000000e+00
   outer loop
     vertex  3.400000e-02  9.978316e-04  8.968517e-02
     vertex  3.400000e-02  9.978961e-04  9.166953e-02
     vertex  3.400000e-02 -1.001479e-03  9.100638e-02
   endloop
 endfacet
 facet normal  1.000000e+00  0.000000e+00 -0.000000e+00
   outer loop
     vertex  3.400000e-02  9.978961e-04  9.166953e-02
     vertex  3.400000e-02  9.979848e-04  9.365387e-02
     vertex  3.400000e-02 -1.001427e-03  9.299080e-02
   endloop
 endfacet
 facet normal  1.000000e+00  0.000000e+00 -0.000000e+00
   outer loop
     vertex  3.400000e-02  9.979848e-04  9.365387e-02
     vertex  3.400000e-02  9.981626e-04  9.563802e-02
     vertex  3.400000e-02 -1.001361e-03  9.497517e-02
   endloop
 endfacet
 facet normal  1.000000e+00  0.000000e+00 -0.000000e+00
   outer loop
     vertex  3.400000e-02  9.981626e-04  9.563802e-02
     vertex  3.400000e-02  9.986141e-04  9.762180e-02
     vertex  3.400000e-02 -1.001271e-03  9.695951e-02
   endloop
 endfacet
 facet normal  1.000000e+00  0.000000e+00 -0.000000e+00
   outer loop
     vertex  3.400000e-02  9.989324e-04  1.015900e-01
     vertex  3.400000e-02  9.994575e-04  1.035728e-01
     vertex  3.400000e-02 -1.000678e-03  1.029111e-01
   endloop
 endfacet
 facet normal  1.000000e+00  0.000000e+00 -0.000000e+00
   outer loop
     vertex  3.400000e-02  9.988253e-04  1.075438e-01
     vertex  3.400000e-02  9.989674e-04  1.095274e-01
     vertex  3.400000e-02 -1.000702e-03  1.088648e-01
   endloop
 endfacet
 facet normal  1.000000e+00  0.000000e+00  0.000000e+00
   outer loop
     vertex  3.400000e-02  9.989674e-04  1.095274e-01
     vertex  3.400000e-02  9.985961e-04  1.115132e-01
     vertex  3.400000e-02 -1.000767e-03  1.108500e-01
   endloop
 endfacet
 facet normal  1.000000e+00  0.000000e+00  0.000000e+00
   outer loop
     vertex  3.400000e-02  9.985961e-04  1.115132e-01
     vertex  3.400000e-02  9.982489e-04  1.134989e-01
     vertex  3.400000e-02 -1.000966e-03  1.128354e-01
   endloop
 endfacet
 facet normal  1.000000e+00  0.000000e+00  0.000000e+00
   outer loop
     vertex  3.400000e-02  9.982489e-04  1.134989e-01
     vertex  3.400000e-02  9.980081e-04  1.154843e-01
     vertex  3.400000e-02 -1.001184e-03  1.148207e-01
   endloop
 endfacet
 facet normal  1.000000e+00  0.000000e+00  0.000000e+00
   outer loop
     vertex  3.400000e-02  9.980081e-04  1.154843e-01
     vertex  3.400000e-02  9.979950e-04  1.174690e-01
     vertex  3.400000e-02 -1.001335e-03  1.168056e-01
   endloop
 endfacet
 facet normal  1.000000e+00  0.000000e+00 -0.000000e+00
   outer loop
     vertex  3.400000e-02  9.979950e-04  1.174690e-01
     vertex  3.400000e-02  9.982781e-04  1.194527e-01
     vertex  3.400000e-02 -1.001340e-03  1.187900e-01
   endloop
 endfacet
 facet normal  1.000000e+00  0.000000e+00 -0.000000e+00
   outer loop
     vertex  3.400000e-02  9.982781e-04  1.194527e-01
     vertex  3.400000e-02  9.990763e-04  1.214350e-01
     vertex  3.400000e-02 -1.001156e-03  1.207736e-01
   endloop
 endfacet
 facet normal  1.000000e+00  0.000000e+00 -0.000000e+00
   outer loop
     vertex  3.400000e-02  1.004394e-03  1.253888e-01
     vertex  3.400000e-02  1.019566e-03  1.273399e-01
     vertex  3.400000e-02 -9.909760e-04  1.267144e-01
   endloop
 endfacet
 facet normal  1.000000e+00  0.000000e+00 -0.000000e+00
   outer loop
     vertex  3.400000e-02  1.019566e-03  1.273399e-01
     vertex  3.400000e-02  1.077527e-03  1.292248e-01
     vertex  3.400000e-02 -9.630662e-04  1.287006e-01
   endloop
 endfacet
 facet normal  1.000000e+00  0.000000e+00 -0.000000e+00
   outer loop
     vertex  3.400000e-02  9.989323e-04  4.998787e-02
     vertex  3.400000e-02  9.991376e-04  5.197216e-02
     vertex  3.400000e-02 -1.000750e-03  5.131035e-02
   endloop
 endfacet
 facet normal  1.000000e+00  0.000000e+00 -0.000000e+00
   outer loop
     vertex  3.400000e-02  1.000000e-03  5.000000e-03
     vertex  3.400000e-02  1.085564e-03  7.714185e-03
     vertex  3.400000e-02 -5.223843e-04  6.625887e-03
   endloop
 endfacet
 facet normal  1.000000e+00  0.000000e+00 -0.000000e+00
   outer loop
     vertex  3.400000e-02  1.006645e-03  2.022129e-02
     vertex  3.400000e-02  1.030006e-03  2.220104e-02
     vertex  3.400000e-02 -9.803129e-04  2.156727e-02
   endloop
 endfacet
 facet normal  1.000000e+00  0.000000e+00 -0.000000e+00
   outer loop
     vertex  3.400000e-02  9.985464e-04  4.601968e-02
     vertex  3.400000e-02  9.988475e-04  4.800361e-02
     vertex  3.400000e-02 -1.000888e-03  4.734132e-02
   endloop
 endfacet
 facet normal  1.000000e+00  0.000000e+00  0.000000e+00
   outer loop
     vertex  3.400000e-02  1.085564e-03  7.714185e-03
     vertex  3.400000e-02 -9.955547e-04  8.341829e-03
     vertex  3.400000e-02 -5.223843e-04  6.625887e-03
   endloop
 endfacet
 facet normal  1.000000e+00 -0.000000e+00  0.000000e+00
   outer loop
     vertex  3.400000e-02 -1.119028e-03  1.168754e-02
     vertex  3.400000e-02  6.711442e-04  9.984572e-03
     vertex  3.400000e-02  9.244206e-04  1.220210e-02
   endloop
 endfacet
 facet normal  1.000000e+00 -0.000000e+00  0.000000e+00
   outer loop
     vertex  3.400000e-02 -1.000524e-03  1.757386e-02
     vertex  3.400000e-02  9.956938e-04  1.624256e-02
     vertex  3.400000e-02  1.000492e-03  1.823367e-02
   endloop
 endfacet
 facet normal  1.000000e+00 -0.000000e+00  0.000000e+00
   outer loop
     vertex  3.400000e-02 -6.571105e-04  2.583791e-02
     vertex  3.400000e-02  1.119383e-03  2.414016e-02
     vertex  3.400000e-02  1.462191e-03  2.586816e-02
   endloop
 endfacet
 facet normal  1.000000e+00  0.000000e+00  0.000000e+00
   outer loop
     vertex  3.400000e-02  1.043154e-03  2.763279e-02
     vertex  3.400000e-02 -6.571105e-04  2.583791e-02
     vertex  3.400000e-02  1.462191e-03  2.586816e-02
   endloop
 endfacet
 facet normal  1.000000e+00  0.000000e+00  0.000000e+00
   outer loop
     vertex  3.400000e-02  9.980396e-04  3.807626e-02
     vertex  3.400000e-02 -1.002261e-03  3.741499e-02
     vertex  3.400000e-02  9.941653e-04  3.608539e-02
   endloop
 endfacet
 facet normal  1.000000e+00 -0.000000e+00  0.000000e+00
   outer loop
     vertex  3.400000e-02 -1.007893e-03  3.542910e-02
     vertex  3.400000e-02  9.797327e-04  3.408176e-02
     vertex  3.400000e-02  9.941653e-04  3.608539e-02
   endloop
 endfacet
 facet normal  1.000000e+00 -0.000000e+00  0.000000e+00
   outer loop
     vertex  3.400000e-02 -1.000797e-03  4.337184e-02
     vertex  3.400000e-02  9.993266e-04  4.204848e-02
     vertex  3.400000e-02  9.990545e-04  4.403409e-02
   endloop
 endfacet
 facet normal  1.000000e+00  0.000000e+00  0.000000e+00
   outer loop
     vertex  3.400000e-02  9.818083e-04  1.424299e-02
     vertex  3.400000e-02 -1.029375e-03  1.361276e-02
     vertex  3.400000e-02  9.244206e-04  1.220210e-02
   endloop
 endfacet
 facet normal  1.000000e+00  0.000000e+00  0.000000e+00
   outer loop
     vertex  3.400000e-02  1.006645e-03  2.022129e-02
     vertex  3.400000e-02 -9.957022e-04  1.956515e-02
     vertex  3.400000e-02  1.000492e-03  1.823367e-02
   endloop
 endfacet
 facet normal  1.000000e+00  0.000000e+00  0.000000e+00
   outer loop
     vertex  3.400000e-02  9.985464e-04  4.601968e-02
     vertex  3.400000e-02 -1.001226e-03  4.535745e-02
     vertex  3.400000e-02  9.990545e-04  4.403409e-02
   endloop
 endfacet
 facet normal  1.000000e+00  0.000000e+00  0.000000e+00
   outer loop
     vertex  3.400000e-02  9.995501e-04  6.189446e-02
     vertex  3.400000e-02 -1.000459e-03  6.123297e-02
     vertex  3.400000e-02  9.993524e-04  5.991026e-02
   endloop
 endfacet
 facet normal  1.000000e+00 -0.000000e+00  0.000000e+00
   outer loop
     vertex  3.400000e-02 -1.000581e-03  6.520251e-02
     vertex  3.400000e-02  9.995406e-04  6.387937e-02
     vertex  3.400000e-02  9.993758e-04  6.586455e-02
   endloop
 endfacet
 facet normal  1.000000e+00 -0.000000e+00  0.000000e+00
   outer loop
     vertex  3.400000e-02 -1.000579e-03  7.115678e-02
     vertex  3.400000e-02  9.995543e-04  6.983345e-02
     vertex  3.400000e-02  9.994152e-04  7.181876e-02
   endloop
 endfacet
 facet normal  1.000000e+00 -0.000000e+00  0.000000e+00
   outer loop
     vertex  3.400000e-02 -1.000574e-03  7.512608e-02
     vertex  3.400000e-02  9.991061e-04  7.380445e-02
     vertex  3.400000e-02  9.993422e-04  7.578823e-02
   endloop
 endfacet
 facet normal  1.000000e+00  0.000000e+00  0.000000e+00
   outer loop
     vertex  3.400000e-02  9.988279e-04  7.777430e-02
     vertex  3.400000e-02 -1.000937e-03  7.711178e-02
     vertex  3.400000e-02  9.993422e-04  7.578823e-02
   endloop
 endfacet
 facet normal  1.000000e+00 -0.000000e+00  0.000000e+00
   outer loop
     vertex  3.400000e-02 -1.001502e-03  9.894411e-02
     vertex  3.400000e-02  9.986141e-04  9.762180e-02
     vertex  3.400000e-02  9.987635e-04  9.960582e-02
   endloop
 endfacet
 facet normal  1.000000e+00 -0.000000e+00  0.000000e+00
   outer loop
     vertex  3.400000e-02 -1.000708e-03  1.048960e-01
     vertex  3.400000e-02  9.994575e-04  1.035728e-01
     vertex  3.400000e-02  9.993031e-04  1.055579e-01
   endloop
 endfacet
 facet normal  1.000000e+00 -0.000000e+00  0.000000e+00
   outer loop
     vertex  3.400000e-02 -1.000931e-03  1.227564e-01
     vertex  3.400000e-02  9.990763e-04  1.214350e-01
     vertex  3.400000e-02  1.000314e-03  1.234152e-01
   endloop
 endfacet
 facet normal  1.000000e+00 -0.000000e+00  0.000000e+00
   outer loop
     vertex  3.400000e-02 -8.650659e-04  1.307530e-01
     vertex  3.400000e-02  1.077527e-03  1.292248e-01
     vertex  3.400000e-02  1.305274e-03  1.309036e-01
   endloop
 endfacet
 facet normal  1.000000e+00  0.000000e+00  0.000000e+00
   outer loop
     vertex  3.400000e-02  3.236041e-04  1.324252e-01
     vertex  3.400000e-02 -8.650659e-04  1.307530e-01
     vertex  3.400000e-02  1.305274e-03  1.309036e-01
   endloop
 endfacet
 facet normal  1.000000e+00 -0.000000e+00  0.000000e+00
   outer loop
     vertex  3.400000e-02 -1.000923e-03  5.924932e-02
     vertex  3.400000e-02  9.992587e-04  5.792602e-02
     vertex  3.400000e-02  9.993524e-04  5.991026e-02
   endloop
 endfacet
 facet normal  1.000000e+00  0.000000e+00  0.000000e+00
   outer loop
     vertex  3.400000e-02  9.992042e-04  6.784982e-02
     vertex  3.400000e-02 -1.000803e-03  6.718783e-02
     vertex  3.400000e-02  9.993758e-04  6.586455e-02
   endloop
 endfacet
 facet normal  1.000000e+00  0.000000e+00  0.000000e+00
   outer loop
     vertex  3.400000e-02  9.991061e-04  7.380445e-02
     vertex  3.400000e-02 -1.000795e-03  7.314224e-02
     vertex  3.400000e-02  9.994152e-04  7.181876e-02
   endloop
 endfacet
 facet normal  1.000000e+00  0.000000e+00  0.000000e+00
   outer loop
     vertex  3.400000e-02  9.989324e-04  1.015900e-01
     vertex  3.400000e-02 -1.001368e-03  1.009284e-01
     vertex  3.400000e-02  9.987635e-04  9.960582e-02
   endloop
 endfacet
 facet normal  1.000000e+00  0.000000e+00  0.000000e+00
   outer loop
     vertex  3.400000e-02  9.988253e-04  1.075438e-01
     vertex  3.400000e-02 -1.000981e-03  1.068813e-01
     vertex  3.400000e-02  9.993031e-04  1.055579e-01
   endloop
 endfacet
 facet normal  1.000000e+00  0.000000e+00  0.000000e+00
   outer loop
     vertex  3.400000e-02  1.004394e-03  1.253888e-01
     vertex  3.400000e-02 -9.989761e-04  1.247372e-01
     vertex  3.400000e-02  1.000314e-03  1.234152e-01
   endloop
 endfacet
 facet normal  0.000000e+00  0.000000e+00  1.000000e+00
   outer loop
     vertex  2.800000e-02 -1.000000e-03  1.340000e-01
     vertex  2.800000e-02 -3.000000e-03  1.340000e-01
     vertex  3.000000e-02 -3.000000e-03  1.340000e-01
   endloop
 endfacet
 facet normal  0.000000e+00  0.000000e+00  1.000000e+00
   outer loop
     vertex  2.800000e-02  1.000000e-03  1.340000e-01
     vertex  2.800000e-02 -1.000000e-03  1.340000e-01
     vertex  2.964133e-02 -5.165982e-04  1.340000e-01
   endloop
 endfacet
 facet normal  0.000000e+00  0.000000e+00  1.000000e+00
   outer loop
     vertex  2.800000e-02  3.000000e-03  1.340000e-01
     vertex  2.800000e-02  1.000000e-03  1.340000e-01
     vertex  2.972704e-02  1.403927e-03  1.340000e-01
   endloop
 endfacet
 facet normal  0.000000e+00  0.000000e+00  1.000000e+00
   outer loop
     vertex  3.000000e-02  3.000000e-03  1.340000e-01
     vertex  2.800000e-02  3.000000e-03  1.340000e-01
     vertex  2.972704e-02  1.403927e-03  1.340000e-01
   endloop
 endfacet
 facet normal -0.000000e+00  0.000000e+00  1.000000e+00
   outer loop
     vertex  2.800000e-02  1.000000e-03  1.340000e-01
     vertex  2.964133e-02 -5.165982e-04  1.340000e-01
     vertex  2.972704e-02  1.403927e-03  1.340000e-01
   endloop
 endfacet
 facet normal  0.000000e+00  0.000000e+00  1.000000e+00
   outer loop
     vertex  3.200000e-02  3.000000e-03  1.340000e-01
     vertex  3.000000e-02  3.000000e-03  1.340000e-01
     vertex  3.194722e-02  1.592760e-03  1.340000e-01
   endloop
 endfacet
 facet normal  0.000000e+00  0.000000e+00  1.000000e+00
   outer loop
     vertex  3.000000e-02  3.000000e-03  1.340000e-01
     vertex  2.972704e-02  1.403927e-03  1.340000e-01
     vertex  3.194722e-02  1.592760e-03  1.340000e-01
   endloop
 endfacet
 facet normal -0.000000e+00  0.000000e+00  1.000000e+00
   outer loop
     vertex  3.200000e-02  3.000000e-03  1.340000e-01
     vertex  3.194722e-02  1.592760e-03  1.340000e-01
     vertex  3.400000e-02  3.000000e-03  1.340000e-01
   endloop
 endfacet
 facet normal  0.000000e+00 -0.000000e+00  1.000000e+00
   outer loop
     vertex  3.400000e-02 -3.000000e-03  1.340000e-01
     vertex  3.400000e-02 -1.000000e-03  1.340000e-01
     vertex  3.200000e-02 -3.000000e-03  1.340000e-01
   endloop
 endfacet
 facet normal  0.000000e+00 -0.000000e+00  1.000000e+00
   outer loop
     vertex  3.400000e-02 -1.000000e-03  1.340000e-01
     vertex  3.400000e-02  1.000000e-03  1.340000e-01
     vertex  3.256478e-02  6.413083e-05  1.340000e-01
   endloop
 endfacet
 facet normal  0.000000e+00  0.000000e+00  1.000000e+00
   outer loop
     vertex  3.256478e-02  6.413083e-05  1.340000e-01
     vertex  3.147982e-02 -1.351348e-03  1.340000e-01
     vertex  3.400000e-02 -1.000000e-03  1.340000e-01
   endloop
 endfacet
 facet normal -0.000000e+00  0.000000e+00  1.000000e+00
   outer loop
     vertex  2.800000e-02 -1.000000e-03  1.340000e-01
     vertex  3.000000e-02 -3.000000e-03  1.340000e-01
     vertex  2.964133e-02 -5.165982e-04  1.340000e-01
   endloop
 endfacet
 facet normal  0.000000e+00 -0.000000e+00  1.000000e+00
   outer loop
     vertex  3.400000e-02  1.000000e-03  1.340000e-01
     vertex  3.400000e-02  3.000000e-03  1.340000e-01
     vertex  3.194722e-02  1.592760e-03  1.340000e-01
   endloop
 endfacet
 facet normal  0.000000e+00 -0.000000e+00  1.000000e+00
   outer loop
     vertex  3.256478e-02  6.413083e-05  1.340000e-01
     vertex  3.400000e-02  1.000000e-03  1.340000e-01
     vertex  3.194722e-02  1.592760e-03  1.340000e-01
   endloop
 endfacet
 facet normal  0.000000e+00  0.000000e+00  1.000000e+00
   outer loop
     vertex  3.000000e-02 -3.000000e-03  1.340000e-01
     vertex  3.200000e-02 -3.000000e-03  1.340000e-01
     vertex  3.147982e-02 -1.351348e-03  1.340000e-01
   endloop
 endfacet
 facet normal  0.000000e+00 -0.000000e+00  1.000000e+00
   outer loop
     vertex  3.000000e-02 -3.000000e-03  1.340000e-01
     vertex  3.147982e-02 -1.351348e-03  1.340000e-01
     vertex  2.964133e-02 -5.165982e-04  1.340000e-01
   endloop
 endfacet
 facet normal  0.000000e+00  0.000000e+00  1.000000e+00
   outer loop
     vertex  3.194722e-02  1.592760e-03  1.340000e-01
     vertex  2.972704e-02  1.403927e-03  1.340000e-01
     vertex  3.103268e-02  2.540033e-04  1.340000e-01
   endloop
 endfacet
 facet normal  0.000000e+00  0.000000e+00  1.000000e+00
   outer loop
     vertex  3.256478e-02  6.413083e-05  1.340000e-01
     vertex  3.194722e-02  1.592760e-03  1.340000e-01
     vertex  3.103268e-02  2.540033e-04  1.340000e-01
   endloop
 endfacet
 facet normal  0.000000e+00  0.000000e+00  1.000000e+00
   outer loop
     vertex  2.972704e-02  1.403927e-03  1.340000e-01
     vertex  2.964133e-02 -5.165982e-04  1.340000e-01
     vertex  3.103268e-02  2.540033e-04  1.340000e-01
   endloop
 endfacet
 facet normal  0.000000e+00 -0.000000e+00  1.000000e+00
   outer loop
     vertex  3.200000e-02 -3.000000e-03  1.340000e-01
     vertex  3.400000e-02 -1.000000e-03  1.340000e-01
     vertex  3.147982e-02 -1.351348e-03  1.340000e-01
   endloop
 endfacet
 facet normal -0.000000e+00  0.000000e+00  1.000000e+00
   outer loop
     vertex  2.964133e-02 -5.165982e-04  1.340000e-01
     vertex  3.147982e-02 -1.351348e-03  1.340000e-01
     vertex  3.103268e-02  2.540033e-04  1.340000e-01
   endloop
 endfacet
 facet normal  0.000000e+00  0.000000e+00  1.000000e+00
   outer loop
     vertex  3.256478e-02  6.413083e-05  1.340000e-01
     vertex  3.103268e-02  2.540033e-04  1.340000e-01
     vertex  3.147982e-02 -1.351348e-03  1.340000e-01
   endloop
 endfacet
 facet normal -1.000000e+00  0.000000e+00  0.000000e+00
   outer loop
     vertex  2.800000e-02 -3.000000e-03  1.100000e-02
     vertex  2.800000e-02 -3.000000e-03  1.298387e-02
     vertex  2.800000e-02 -1.000000e-03  1.100000e-02
   endloop
 endfacet
 facet normal -1.000000e+00  0.000000e+00  0.000000e+00
   outer loop
     vertex  2.800000e-02 -3.000000e-03  1.298387e-02
     vertex  2.800000e-02 -3.000000e-03  1.496774e-02
     vertex  2.800000e-02 -1.085755e-03  1.371323e-02
   endloop
 endfacet
 facet normal -1.000000e+00  0.000000e+00  0.000000e+00
   outer loop
     vertex  2.800000e-02 -3.000000e-03  1.695161e-02
     vertex  2.800000e-02 -3.000000e-03  1.893548e-02
     vertex  2.800000e-02 -9.258110e-04  1.819989e-02
   endloop
 endfacet
 facet normal -1.000000e+00  0.000000e+00  0.000000e+00
   outer loop
     vertex  2.800000e-02 -3.000000e-03  2.091935e-02
     vertex  2.800000e-02 -3.000000e-03  2.290323e-02
     vertex  2.800000e-02 -1.027811e-03  2.223413e-02
   endloop
 endfacet
 facet normal -1.000000e+00  0.000000e+00  0.000000e+00
   outer loop
     vertex  2.800000e-02 -3.000000e-03  2.488710e-02
     vertex  2.800000e-02 -3.000000e-03  2.687097e-02
     vertex  2.800000e-02 -1.488328e-03  2.588281e-02
   endloop
 endfacet
 facet normal -1.000000e+00  0.000000e+00  0.000000e+00
   outer loop
     vertex  2.800000e-02 -3.000000e-03  2.885484e-02
     vertex  2.800000e-02 -3.000000e-03  3.083871e-02
     vertex  2.800000e-02 -1.011292e-03  2.954836e-02
   endloop
 endfacet
 facet normal -1.000000e+00  0.000000e+00  0.000000e+00
   outer loop
     vertex  2.800000e-02 -3.000000e-03  3.282258e-02
     vertex  2.800000e-02 -3.000000e-03  3.480645e-02
     vertex  2.800000e-02 -6.269288e-04  3.381539e-02
   endloop
 endfacet
 facet normal -1.000000e+00  0.000000e+00  0.000000e+00
   outer loop
     vertex  2.800000e-02 -3.000000e-03  3.679032e-02
     vertex  2.800000e-02 -3.000000e-03  3.877419e-02
     vertex  2.800000e-02 -1.011739e-03  3.808245e-02
   endloop
 endfacet
 facet normal -1.000000e+00  0.000000e+00  0.000000e+00
   outer loop
     vertex  2.800000e-02 -3.000000e-03  4.075806e-02
     vertex  2.800000e-02 -3.000000e-03  4.274194e-02
     vertex  2.800000e-02 -1.488997e-03  4.174666e-02
   endloop
 endfacet
 facet normal -1.000000e+00  0.000000e+00  0.000000e+00
   outer loop
     vertex  2.800000e-02 -3.000000e-03  4.472581e-02
     vertex  2.800000e-02 -3.000000e-03  4.670968e-02
     vertex  2.800000e-02 -1.033264e-03  4.539096e-02
   endloop
 endfacet
 facet normal -1.000000e+00  0.000000e+00  0.000000e+00
   outer loop
     vertex  2.800000e-02 -3.000000e-03  4.869355e-02
     vertex  2.800000e-02 -3.000000e-03  5.067742e-02
     vertex  2.800000e-02 -1.002260e-03  4.935336e-02
   endloop
 endfacet
 facet normal -1.000000e+00  0.000000e+00  0.000000e+00
   outer loop
     vertex  2.800000e-02 -3.000000e-03  5.266129e-02
     vertex  2.800000e-02 -3.000000e-03  5.464516e-02
     vertex  2.800000e-02 -1.000722e-03  5.332430e-02
   endloop
 endfacet
 facet normal -1.000000e+00  0.000000e+00  0.000000e+00
   outer loop
     vertex  2.800000e-02 -3.000000e-03  5.662903e-02
     vertex  2.800000e-02 -3.000000e-03  5.861290e-02
     vertex  2.800000e-02 -1.000317e-03  5.729161e-02
   endloop
 endfacet
 facet normal -1.000000e+00  0.000000e+00  0.000000e+00
   outer loop
     vertex  2.800000e-02 -3.000000e-03  6.059677e-02
     vertex  2.800000e-02 -3.000000e-03  6.258065e-02
     vertex  2.800000e-02 -1.000579e-03  6.126021e-02
   endloop
 endfacet
 facet normal -1.000000e+00  0.000000e+00  0.000000e+00
   outer loop
     vertex  2.800000e-02 -3.000000e-03  6.456452e-02
     vertex  2.800000e-02 -3.000000e-03  6.654839e-02
     vertex  2.800000e-02 -1.001035e-03  6.522824e-02
   endloop
 endfacet
 facet normal -1.000000e+00  0.000000e+00  0.000000e+00
   outer loop
     vertex  2.800000e-02 -3.000000e-03  6.853226e-02
     vertex  2.800000e-02 -3.000000e-03  7.051613e-02
     vertex  2.800000e-02 -1.000084e-03  6.919316e-02
   endloop
 endfacet
 facet normal -1.000000e+00  0.000000e+00  0.000000e+00
   outer loop
     vertex  2.800000e-02 -3.000000e-03  7.250000e-02
     vertex  2.800000e-02 -3.000000e-03  7.448387e-02
     vertex  2.800000e-02 -1.000348e-03  7.316198e-02
   endloop
 endfacet
 facet normal -1.000000e+00  0.000000e+00  0.000000e+00
   outer loop
     vertex  2.800000e-02 -3.000000e-03  7.646774e-02
     vertex  2.800000e-02 -3.000000e-03  7.845161e-02
     vertex  2.800000e-02 -1.000315e-03  7.713040e-02
   endloop
 endfacet
 facet normal -1.000000e+00  0.000000e+00  0.000000e+00
   outer loop
     vertex  2.800000e-02 -3.000000e-03  8.043548e-02
     vertex  2.800000e-02 -3.000000e-03  8.241935e-02
     vertex  2.800000e-02 -1.000808e-03  8.110026e-02
   endloop
 endfacet
 facet normal -1.000000e+00  0.000000e+00  0.000000e+00
   outer loop
     vertex  2.800000e-02 -3.000000e-03  8.440323e-02
     vertex  2.800000e-02 -3.000000e-03  8.638710e-02
     vertex  2.800000e-02 -1.001311e-03  8.507022e-02
   endloop
 endfacet
 facet normal -1.000000e+00  0.000000e+00  0.000000e+00
   outer loop
     vertex  2.800000e-02 -3.000000e-03  8.837097e-02
     vertex  2.800000e-02 -3.000000e-03  9.035484e-02
     vertex  2.800000e-02 -1.001475e-03  8.903862e-02
   endloop
 endfacet
 facet normal -1.000000e+00  0.000000e+00  0.000000e+00
   outer loop
     vertex  2.800000e-02 -3.000000e-03  9.233871e-02
     vertex  2.800000e-02 -3.000000e-03  9.432258e-02
     vertex  2.800000e-02 -1.001414e-03  9.300591e-02
   endloop
 endfacet
 facet normal -1.000000e+00  0.000000e+00  0.000000e+00
   outer loop
     vertex  2.800000e-02 -3.000000e-03  9.630645e-02
     vertex  2.800000e-02 -3.000000e-03  9.829032e-02
     vertex  2.800000e-02 -1.001218e-03  9.697252e-02
   endloop
 endfacet
 facet normal -1.000000e+00  0.000000e+00  0.000000e+00
   outer loop
     vertex  2.800000e-02 -3.000000e-03  1.002742e-01
     vertex  2.800000e-02 -3.000000e-03  1.022581e-01
     vertex  2.800000e-02 -1.000569e-03  1.009377e-01
   endloop
 endfacet
 facet normal -1.000000e+00  0.000000e+00  0.000000e+00
   outer loop
     vertex  2.800000e-02 -3.000000e-03  1.042419e-01
     vertex  2.800000e-02 -3.000000e-03  1.062258e-01
     vertex  2.800000e-02 -1.000395e-03  1.049048e-01
   endloop
 endfacet
 facet normal -1.000000e+00  0.000000e+00  0.000000e+00
   outer loop
     vertex  2.800000e-02 -3.000000e-03  1.082097e-01
     vertex  2.800000e-02 -3.000000e-03  1.101935e-01
     vertex  2.800000e-02 -1.000430e-03  1.088729e-01
   endloop
 endfacet
 facet normal -1.000000e+00  0.000000e+00  0.000000e+00
   outer loop
     vertex  2.800000e-02 -3.000000e-03  1.121774e-01
     vertex  2.800000e-02 -3.000000e-03  1.141613e-01
     vertex  2.800000e-02 -1.000919e-03  1.128424e-01
   endloop
 endfacet
 facet normal -1.000000e+00  0.000000e+00  0.000000e+00
   outer loop
     vertex  2.800000e-02 -3.000000e-03  1.161452e-01
     vertex  2.800000e-02 -3.000000e-03  1.181290e-01
     vertex  2.800000e-02 -1.001770e-03  1.168114e-01
   endloop
 endfacet
 facet normal -1.000000e+00  0.000000e+00  0.000000e+00
   outer loop
     vertex  2.800000e-02 -3.000000e-03  1.201129e-01
     vertex  2.800000e-02 -3.000000e-03  1.220968e-01
     vertex  2.800000e-02 -1.000187e-03  1.207740e-01
   endloop
 endfacet
 facet normal -1.000000e+00  0.000000e+00  0.000000e+00
   outer loop
     vertex  2.800000e-02 -3.000000e-03  1.240806e-01
     vertex  2.800000e-02 -3.000000e-03  1.260645e-01
     vertex  2.800000e-02 -9.962149e-04  1.247323e-01
   endloop
 endfacet
 facet normal -1.000000e+00  0.000000e+00  0.000000e+00
   outer loop
     vertex  2.800000e-02 -3.000000e-03  1.280484e-01
     vertex  2.800000e-02 -3.000000e-03  1.300323e-01
     vertex  2.800000e-02 -9.414303e-04  1.286512e-01
   endloop
 endfacet
 facet normal -1.000000e+00  0.000000e+00  0.000000e+00
   outer loop
     vertex  2.800000e-02 -3.000000e-03  1.320161e-01
     vertex  2.800000e-02 -3.000000e-03  1.340000e-01
     vertex  2.800000e-02 -1.000000e-03  1.340000e-01
   endloop
 endfacet
 facet normal -1.000000e+00  0.000000e+00  0.000000e+00
   outer loop
     vertex  2.800000e-02 -1.000000e-03  1.340000e-01
     vertex  2.800000e-02  1.000000e-03  1.340000e-01
     vertex  2.800000e-02 -1.894140e-04  1.323775e-01
   endloop
 endfacet
 facet normal -1.000000e+00  0.000000e+00  0.000000e+00
   outer loop
     vertex  2.800000e-02  1.000000e-03  1.340000e-01
     vertex  2.800000e-02  3.000000e-03  1.340000e-01
     vertex  2.800000e-02  1.614027e-03  1.326747e-01
   endloop
 endfacet
 facet normal -1.000000e+00  0.000000e+00  0.000000e+00
   outer loop
     vertex  2.800000e-02 -1.894140e-04  1.323775e-01
     vertex  2.800000e-02  1.000000e-03  1.340000e-01
     vertex  2.800000e-02  1.614027e-03  1.326747e-01
   endloop
 endfacet
 facet normal -1.000000e+00  0.000000e+00 -0.000000e+00
   outer loop
     vertex  2.800000e-02  3.000000e-03  1.340000e-01
     vertex  2.800000e-02  3.000000e-03  1.320161e-01
     vertex  2.800000e-02  1.614027e-03  1.326747e-01
   endloop
 endfacet
 facet normal -1.000000e+00  0.000000e+00 -0.000000e+00
   outer loop
     vertex  2.800000e-02  3.000000e-03  1.298387e-02
     vertex  2.800000e-02  3.000000e-03  1.100000e-02
     vertex  2.800000e-02  1.000000e-03  1.100000e-02
   endloop
 endfacet
 facet normal -1.000000e+00  0.000000e+00 -0.000000e+00
   outer loop
     vertex  2.800000e-02  3.000000e-03  1.496774e-02
     vertex  2.800000e-02  3.000000e-03  1.298387e-02
     vertex  2.800000e-02  9.947244e-04  1.434059e-02
   endloop
 endfacet
 facet normal -1.000000e+00  0.000000e+00 -0.000000e+00
   outer loop
     vertex  2.800000e-02  3.000000e-03  1.695161e-02
     vertex  2.800000e-02  3.000000e-03  1.496774e-02
     vertex  2.800000e-02  1.462668e-03  1.598956e-02
   endloop
 endfacet
 facet normal -1.000000e+00 -0.000000e+00  0.000000e+00
   outer loop
     vertex  2.800000e-02  3.000000e-03  1.496774e-02
     vertex  2.800000e-02  9.947244e-04  1.434059e-02
     vertex  2.800000e-02  1.462668e-03  1.598956e-02
   endloop
 endfacet
 facet normal -1.000000e+00  0.000000e+00 -0.000000e+00
   outer loop
     vertex  2.800000e-02  3.000000e-03  1.893548e-02
     vertex  2.800000e-02  3.000000e-03  1.695161e-02
     vertex  2.800000e-02  1.117859e-03  1.768700e-02
   endloop
 endfacet
 facet normal -1.000000e+00 -0.000000e+00  0.000000e+00
   outer loop
     vertex  2.800000e-02  3.000000e-03  1.695161e-02
     vertex  2.800000e-02  1.462668e-03  1.598956e-02
     vertex  2.800000e-02  1.117859e-03  1.768700e-02
   endloop
 endfacet
 facet normal -1.000000e+00  0.000000e+00 -0.000000e+00
   outer loop
     vertex  2.800000e-02  3.000000e-03  2.091935e-02
     vertex  2.800000e-02  3.000000e-03  1.893548e-02
     vertex  2.800000e-02  1.024104e-03  1.961666e-02
   endloop
 endfacet
 facet normal -1.000000e+00 -0.000000e+00  0.000000e+00
   outer loop
     vertex  2.800000e-02  3.000000e-03  1.893548e-02
     vertex  2.800000e-02  1.117859e-03  1.768700e-02
     vertex  2.800000e-02  1.024104e-03  1.961666e-02
   endloop
 endfacet
 facet normal -1.000000e+00  0.000000e+00 -0.000000e+00
   outer loop
     vertex  2.800000e-02  3.000000e-03  2.290323e-02
     vertex  2.800000e-02  3.000000e-03  2.091935e-02
     vertex  2.800000e-02  9.856169e-04  2.160892e-02
   endloop
 endfacet
 facet normal -1.000000e+00 -0.000000e+00  0.000000e+00
   outer loop
     vertex  2.800000e-02  3.000000e-03  2.091935e-02
     vertex  2.800000e-02  1.024104e-03  1.961666e-02
     vertex  2.800000e-02  9.856169e-04  2.160892e-02
   endloop
 endfacet
 facet normal -1.000000e+00  0.000000e+00 -0.000000e+00
   outer loop
     vertex  2.800000e-02  3.000000e-03  2.488710e-02
     vertex  2.800000e-02  3.000000e-03  2.290323e-02
     vertex  2.800000e-02  9.162268e-04  2.365314e-02
   endloop
 endfacet
 facet normal -1.000000e+00 -0.000000e+00  0.000000e+00
   outer loop
     vertex  2.800000e-02  3.000000e-03  2.290323e-02
     vertex  2.800000e-02  9.856169e-04  2.160892e-02
     vertex  2.800000e-02  9.162268e-04  2.365314e-02
   endloop
 endfacet
 facet normal -1.000000e+00  0.000000e+00 -0.000000e+00
   outer loop
     vertex  2.800000e-02  3.000000e-03  2.687097e-02
     vertex  2.800000e-02  3.000000e-03  2.488710e-02
     vertex  2.800000e-02  6.253480e-04  2.588220e-02
   endloop
 endfacet
 facet normal -1.000000e+00 -0.000000e+00  0.000000e+00
   outer loop
     vertex  2.800000e-02  3.000000e-03  2.488710e-02
     vertex  2.800000e-02  9.162268e-04  2.365314e-02
     vertex  2.800000e-02  6.253480e-04  2.588220e-02
   endloop
 endfacet
 facet normal -1.000000e+00  0.000000e+00 -0.000000e+00
   outer loop
     vertex  2.800000e-02  3.000000e-03  2.885484e-02
     vertex  2.800000e-02  3.000000e-03  2.687097e-02
     vertex  2.800000e-02  9.226473e-04  2.811157e-02
   endloop
 endfacet
 facet normal -1.000000e+00 -0.000000e+00  0.000000e+00
   outer loop
     vertex  2.800000e-02  3.000000e-03  2.687097e-02
     vertex  2.800000e-02  6.253480e-04  2.588220e-02
     vertex  2.800000e-02  9.226473e-04  2.811157e-02
   endloop
 endfacet
 facet normal -1.000000e+00  0.000000e+00 -0.000000e+00
   outer loop
     vertex  2.800000e-02  3.000000e-03  3.083871e-02
     vertex  2.800000e-02  3.000000e-03  2.885484e-02
     vertex  2.800000e-02  1.011862e-03  3.015024e-02
   endloop
 endfacet
 facet normal -1.000000e+00 -0.000000e+00  0.000000e+00
   outer loop
     vertex  2.800000e-02  3.000000e-03  2.885484e-02
     vertex  2.800000e-02  9.226473e-04  2.811157e-02
     vertex  2.800000e-02  1.011862e-03  3.015024e-02
   endloop
 endfacet
 facet normal -1.000000e+00  0.000000e+00 -0.000000e+00
   outer loop
     vertex  2.800000e-02  3.000000e-03  3.282258e-02
     vertex  2.800000e-02  3.000000e-03  3.083871e-02
     vertex  2.800000e-02  1.123731e-03  3.210084e-02
   endloop
 endfacet
 facet normal -1.000000e+00 -0.000000e+00  0.000000e+00
   outer loop
     vertex  2.800000e-02  3.000000e-03  3.083871e-02
     vertex  2.800000e-02  1.011862e-03  3.015024e-02
     vertex  2.800000e-02  1.123731e-03  3.210084e-02
   endloop
 endfacet
 facet normal -1.000000e+00  0.000000e+00 -0.000000e+00
   outer loop
     vertex  2.800000e-02  3.000000e-03  3.480645e-02
     vertex  2.800000e-02  3.000000e-03  3.282258e-02
     vertex  2.800000e-02  1.486817e-03  3.381579e-02
   endloop
 endfacet
 facet normal -1.000000e+00 -0.000000e+00  0.000000e+00
   outer loop
     vertex  2.800000e-02  3.000000e-03  3.282258e-02
     vertex  2.800000e-02  1.123731e-03  3.210084e-02
     vertex  2.800000e-02  1.486817e-03  3.381579e-02
   endloop
 endfacet
 facet normal -1.000000e+00  0.000000e+00 -0.000000e+00
   outer loop
     vertex  2.800000e-02  3.000000e-03  3.679032e-02
     vertex  2.800000e-02  3.000000e-03  3.480645e-02
     vertex  2.800000e-02  1.123568e-03  3.553065e-02
   endloop
 endfacet
 facet normal -1.000000e+00 -0.000000e+00  0.000000e+00
   outer loop
     vertex  2.800000e-02  3.000000e-03  3.480645e-02
     vertex  2.800000e-02  1.486817e-03  3.381579e-02
     vertex  2.800000e-02  1.123568e-03  3.553065e-02
   endloop
 endfacet
 facet normal -1.000000e+00  0.000000e+00 -0.000000e+00
   outer loop
     vertex  2.800000e-02  3.000000e-03  3.877419e-02
     vertex  2.800000e-02  3.000000e-03  3.679032e-02
     vertex  2.800000e-02  1.011184e-03  3.748106e-02
   endloop
 endfacet
 facet normal -1.000000e+00 -0.000000e+00  0.000000e+00
   outer loop
     vertex  2.800000e-02  3.000000e-03  3.679032e-02
     vertex  2.800000e-02  1.123568e-03  3.553065e-02
     vertex  2.800000e-02  1.011184e-03  3.748106e-02
   endloop
 endfacet
 facet normal -1.000000e+00  0.000000e+00 -0.000000e+00
   outer loop
     vertex  2.800000e-02  3.000000e-03  4.075806e-02
     vertex  2.800000e-02  3.000000e-03  3.877419e-02
     vertex  2.800000e-02  9.220339e-04  3.951911e-02
   endloop
 endfacet
 facet normal -1.000000e+00 -0.000000e+00  0.000000e+00
   outer loop
     vertex  2.800000e-02  3.000000e-03  3.877419e-02
     vertex  2.800000e-02  1.011184e-03  3.748106e-02
     vertex  2.800000e-02  9.220339e-04  3.951911e-02
   endloop
 endfacet
 facet normal -1.000000e+00  0.000000e+00 -0.000000e+00
   outer loop
     vertex  2.800000e-02  3.000000e-03  4.274194e-02
     vertex  2.800000e-02  3.000000e-03  4.075806e-02
     vertex  2.800000e-02  6.245600e-04  4.174801e-02
   endloop
 endfacet
 facet normal -1.000000e+00 -0.000000e+00  0.000000e+00
   outer loop
     vertex  2.800000e-02  3.000000e-03  4.075806e-02
     vertex  2.800000e-02  9.220339e-04  3.951911e-02
     vertex  2.800000e-02  6.245600e-04  4.174801e-02
   endloop
 endfacet
 facet normal -1.000000e+00  0.000000e+00 -0.000000e+00
   outer loop
     vertex  2.800000e-02  3.000000e-03  4.472581e-02
     vertex  2.800000e-02  3.000000e-03  4.274194e-02
     vertex  2.800000e-02  9.140499e-04  4.397744e-02
   endloop
 endfacet
 facet normal -1.000000e+00 -0.000000e+00  0.000000e+00
   outer loop
     vertex  2.800000e-02  3.000000e-03  4.274194e-02
     vertex  2.800000e-02  6.245600e-04  4.174801e-02
     vertex  2.800000e-02  9.140499e-04  4.397744e-02
   endloop
 endfacet
 facet normal -1.000000e+00  0.000000e+00 -0.000000e+00
   outer loop
     vertex  2.800000e-02  3.000000e-03  4.670968e-02
     vertex  2.800000e-02  3.000000e-03  4.472581e-02
     vertex  2.800000e-02  9.778641e-04  4.602206e-02
   endloop
 endfacet
 facet normal -1.000000e+00 -0.000000e+00  0.000000e+00
   outer loop
     vertex  2.800000e-02  3.000000e-03  4.472581e-02
     vertex  2.800000e-02  9.140499e-04  4.397744e-02
     vertex  2.800000e-02  9.778641e-04  4.602206e-02
   endloop
 endfacet
 facet normal -1.000000e+00  0.000000e+00 -0.000000e+00
   outer loop
     vertex  2.800000e-02  3.000000e-03  4.869355e-02
     vertex  2.800000e-02  3.000000e-03  4.670968e-02
     vertex  2.800000e-02  9.939838e-04  4.802383e-02
   endloop
 endfacet
 facet normal -1.000000e+00 -0.000000e+00  0.000000e+00
   outer loop
     vertex  2.800000e-02  3.000000e-03  4.670968e-02
     vertex  2.800000e-02  9.778641e-04  4.602206e-02
     vertex  2.800000e-02  9.939838e-04  4.802383e-02
   endloop
 endfacet
 facet normal -1.000000e+00  0.000000e+00 -0.000000e+00
   outer loop
     vertex  2.800000e-02  3.000000e-03  5.067742e-02
     vertex  2.800000e-02  3.000000e-03  4.869355e-02
     vertex  2.800000e-02  9.981487e-04  5.001425e-02
   endloop
 endfacet
 facet normal -1.000000e+00 -0.000000e+00  0.000000e+00
   outer loop
     vertex  2.800000e-02  3.000000e-03  4.869355e-02
     vertex  2.800000e-02  9.939838e-04  4.802383e-02
     vertex  2.800000e-02  9.981487e-04  5.001425e-02
   endloop
 endfacet
 facet normal -1.000000e+00  0.000000e+00 -0.000000e+00
   outer loop
     vertex  2.800000e-02  3.000000e-03  5.266129e-02
     vertex  2.800000e-02  3.000000e-03  5.067742e-02
     vertex  2.800000e-02  9.992180e-04  5.200060e-02
   endloop
 endfacet
 facet normal -1.000000e+00 -0.000000e+00  0.000000e+00
   outer loop
     vertex  2.800000e-02  3.000000e-03  5.067742e-02
     vertex  2.800000e-02  9.981487e-04  5.001425e-02
     vertex  2.800000e-02  9.992180e-04  5.200060e-02
   endloop
 endfacet
 facet normal -1.000000e+00  0.000000e+00 -0.000000e+00
   outer loop
     vertex  2.800000e-02  3.000000e-03  5.464516e-02
     vertex  2.800000e-02  3.000000e-03  5.266129e-02
     vertex  2.800000e-02  9.994256e-04  5.398544e-02
   endloop
 endfacet
 facet normal -1.000000e+00 -0.000000e+00  0.000000e+00
   outer loop
     vertex  2.800000e-02  3.000000e-03  5.266129e-02
     vertex  2.800000e-02  9.992180e-04  5.200060e-02
     vertex  2.800000e-02  9.994256e-04  5.398544e-02
   endloop
 endfacet
 facet normal -1.000000e+00  0.000000e+00 -0.000000e+00
   outer loop
     vertex  2.800000e-02  3.000000e-03  5.662903e-02
     vertex  2.800000e-02  3.000000e-03  5.464516e-02
     vertex  2.800000e-02  9.995634e-04  5.596912e-02
   endloop
 endfacet
 facet normal -1.000000e+00 -0.000000e+00  0.000000e+00
   outer loop
     vertex  2.800000e-02  3.000000e-03  5.464516e-02
     vertex  2.800000e-02  9.994256e-04  5.398544e-02
     vertex  2.800000e-02  9.995634e-04  5.596912e-02
   endloop
 endfacet
 facet normal -1.000000e+00  0.000000e+00 -0.000000e+00
   outer loop
     vertex  2.800000e-02  3.000000e-03  5.861290e-02
     vertex  2.800000e-02  3.000000e-03  5.662903e-02
     vertex  2.800000e-02  9.993936e-04  5.795355e-02
   endloop
 endfacet
 facet normal -1.000000e+00 -0.000000e+00  0.000000e+00
   outer loop
     vertex  2.800000e-02  3.000000e-03  5.662903e-02
     vertex  2.800000e-02  9.995634e-04  5.596912e-02
     vertex  2.800000e-02  9.993936e-04  5.795355e-02
   endloop
 endfacet
 facet normal -1.000000e+00  0.000000e+00 -0.000000e+00
   outer loop
     vertex  2.800000e-02  3.000000e-03  6.059677e-02
     vertex  2.800000e-02  3.000000e-03  5.861290e-02
     vertex  2.800000e-02  9.991525e-04  5.993806e-02
   endloop
 endfacet
 facet normal -1.000000e+00 -0.000000e+00  0.000000e+00
   outer loop
     vertex  2.800000e-02  3.000000e-03  5.861290e-02
     vertex  2.800000e-02  9.993936e-04  5.795355e-02
     vertex  2.800000e-02  9.991525e-04  5.993806e-02
   endloop
 endfacet
 facet normal -1.000000e+00  0.000000e+00 -0.000000e+00
   outer loop
     vertex  2.800000e-02  3.000000e-03  6.258065e-02
     vertex  2.800000e-02  3.000000e-03  6.059677e-02
     vertex  2.800000e-02  9.989508e-04  6.192250e-02
   endloop
 endfacet
 facet normal -1.000000e+00 -0.000000e+00  0.000000e+00
   outer loop
     vertex  2.800000e-02  3.000000e-03  6.059677e-02
     vertex  2.800000e-02  9.991525e-04  5.993806e-02
     vertex  2.800000e-02  9.989508e-04  6.192250e-02
   endloop
 endfacet
 facet normal -1.000000e+00  0.000000e+00 -0.000000e+00
   outer loop
     vertex  2.800000e-02  3.000000e-03  6.456452e-02
     vertex  2.800000e-02  3.000000e-03  6.258065e-02
     vertex  2.800000e-02  9.990943e-04  6.390630e-02
   endloop
 endfacet
 facet normal -1.000000e+00 -0.000000e+00  0.000000e+00
   outer loop
     vertex  2.800000e-02  3.000000e-03  6.258065e-02
     vertex  2.800000e-02  9.989508e-04  6.192250e-02
     vertex  2.800000e-02  9.990943e-04  6.390630e-02
   endloop
 endfacet
 facet normal -1.000000e+00  0.000000e+00 -0.000000e+00
   outer loop
     vertex  2.800000e-02  3.000000e-03  6.654839e-02
     vertex  2.800000e-02  3.000000e-03  6.456452e-02
     vertex  2.800000e-02  9.994341e-04  6.588910e-02
   endloop
 endfacet
 facet normal -1.000000e+00 -0.000000e+00  0.000000e+00
   outer loop
     vertex  2.800000e-02  3.000000e-03  6.456452e-02
     vertex  2.800000e-02  9.990943e-04  6.390630e-02
     vertex  2.800000e-02  9.994341e-04  6.588910e-02
   endloop
 endfacet
 facet normal -1.000000e+00  0.000000e+00 -0.000000e+00
   outer loop
     vertex  2.800000e-02  3.000000e-03  6.853226e-02
     vertex  2.800000e-02  3.000000e-03  6.654839e-02
     vertex  2.800000e-02  9.998222e-04  6.787154e-02
   endloop
 endfacet
 facet normal -1.000000e+00 -0.000000e+00  0.000000e+00
   outer loop
     vertex  2.800000e-02  3.000000e-03  6.654839e-02
     vertex  2.800000e-02  9.994341e-04  6.588910e-02
     vertex  2.800000e-02  9.998222e-04  6.787154e-02
   endloop
 endfacet
 facet normal -1.000000e+00  0.000000e+00 -0.000000e+00
   outer loop
     vertex  2.800000e-02  3.000000e-03  7.051613e-02
     vertex  2.800000e-02  3.000000e-03  6.853226e-02
     vertex  2.800000e-02  9.998852e-04  6.985478e-02
   endloop
 endfacet
 facet normal -1.000000e+00 -0.000000e+00  0.000000e+00
   outer loop
     vertex  2.800000e-02  3.000000e-03  6.853226e-02
     vertex  2.800000e-02  9.998222e-04  6.787154e-02
     vertex  2.800000e-02  9.998852e-04  6.985478e-02
   endloop
 endfacet
 facet normal -1.000000e+00  0.000000e+00 -0.000000e+00
   outer loop
     vertex  2.800000e-02  3.000000e-03  7.250000e-02
     vertex  2.800000e-02  3.000000e-03  7.051613e-02
     vertex  2.800000e-02  9.996949e-04  7.183910e-02
   endloop
 endfacet
 facet normal -1.000000e+00 -0.000000e+00  0.000000e+00
   outer loop
     vertex  2.800000e-02  3.000000e-03  7.051613e-02
     vertex  2.800000e-02  9.998852e-04  6.985478e-02
     vertex  2.800000e-02  9.996949e-04  7.183910e-02
   endloop
 endfacet
 facet normal -1.000000e+00  0.000000e+00 -0.000000e+00
   outer loop
     vertex  2.800000e-02  3.000000e-03  7.448387e-02
     vertex  2.800000e-02  3.000000e-03  7.250000e-02
     vertex  2.800000e-02  9.995364e-04  7.382355e-02
   endloop
 endfacet
 facet normal -1.000000e+00 -0.000000e+00  0.000000e+00
   outer loop
     vertex  2.800000e-02  3.000000e-03  7.250000e-02
     vertex  2.800000e-02  9.996949e-04  7.183910e-02
     vertex  2.800000e-02  9.995364e-04  7.382355e-02
   endloop
 endfacet
 facet normal -1.000000e+00  0.000000e+00 -0.000000e+00
   outer loop
     vertex  2.800000e-02  3.000000e-03  7.646774e-02
     vertex  2.800000e-02  3.000000e-03  7.448387e-02
     vertex  2.800000e-02  9.995552e-04  7.580772e-02
   endloop
 endfacet
 facet normal -1.000000e+00 -0.000000e+00  0.000000e+00
   outer loop
     vertex  2.800000e-02  3.000000e-03  7.448387e-02
     vertex  2.800000e-02  9.995364e-04  7.382355e-02
     vertex  2.800000e-02  9.995552e-04  7.580772e-02
   endloop
 endfacet
 facet normal -1.000000e+00  0.000000e+00 -0.000000e+00
   outer loop
     vertex  2.800000e-02  3.000000e-03  7.845161e-02
     vertex  2.800000e-02  3.000000e-03  7.646774e-02
     vertex  2.800000e-02  9.992113e-04  7.779264e-02
   endloop
 endfacet
 facet normal -1.000000e+00 -0.000000e+00  0.000000e+00
   outer loop
     vertex  2.800000e-02  3.000000e-03  7.646774e-02
     vertex  2.800000e-02  9.995552e-04  7.580772e-02
     vertex  2.800000e-02  9.992113e-04  7.779264e-02
   endloop
 endfacet
 facet normal -1.000000e+00  0.000000e+00 -0.000000e+00
   outer loop
     vertex  2.800000e-02  3.000000e-03  8.043548e-02
     vertex  2.800000e-02  3.000000e-03  7.845161e-02
     vertex  2.800000e-02  9.987735e-04  7.977798e-02
   endloop
 endfacet
 facet normal -1.000000e+00 -0.000000e+00  0.000000e+00
   outer loop
     vertex  2.800000e-02  3.000000e-03  7.845161e-02
     vertex  2.800000e-02  9.992113e-04  7.779264e-02
     vertex  2.800000e-02  9.987735e-04  7.977798e-02
   endloop
 endfacet
 facet normal -1.000000e+00  0.000000e+00 -0.000000e+00
   outer loop
     vertex  2.800000e-02  3.000000e-03  8.241935e-02
     vertex  2.800000e-02  3.000000e-03  8.043548e-02
     vertex  2.800000e-02  9.983282e-04  8.176352e-02
   endloop
 endfacet
 facet normal -1.000000e+00 -0.000000e+00  0.000000e+00
   outer loop
     vertex  2.800000e-02  3.000000e-03  8.043548e-02
     vertex  2.800000e-02  9.987735e-04  7.977798e-02
     vertex  2.800000e-02  9.983282e-04  8.176352e-02
   endloop
 endfacet
 facet normal -1.000000e+00  0.000000e+00 -0.000000e+00
   outer loop
     vertex  2.800000e-02  3.000000e-03  8.440323e-02
     vertex  2.800000e-02  3.000000e-03  8.241935e-02
     vertex  2.800000e-02  9.979939e-04  8.374890e-02
   endloop
 endfacet
 facet normal -1.000000e+00 -0.000000e+00  0.000000e+00
   outer loop
     vertex  2.800000e-02  3.000000e-03  8.241935e-02
     vertex  2.800000e-02  9.983282e-04  8.176352e-02
     vertex  2.800000e-02  9.979939e-04  8.374890e-02
   endloop
 endfacet
 facet normal -1.000000e+00  0.000000e+00 -0.000000e+00
   outer loop
     vertex  2.800000e-02  3.000000e-03  8.638710e-02
     vertex  2.800000e-02  3.000000e-03  8.440323e-02
     vertex  2.800000e-02  9.978399e-04  8.573373e-02
   endloop
 endfacet
 facet normal -1.000000e+00 -0.000000e+00  0.000000e+00
   outer loop
     vertex  2.800000e-02  3.000000e-03  8.440323e-02
     vertex  2.800000e-02  9.979939e-04  8.374890e-02
     vertex  2.800000e-02  9.978399e-04  8.573373e-02
   endloop
 endfacet
 facet normal -1.000000e+00  0.000000e+00 -0.000000e+00
   outer loop
     vertex  2.800000e-02  3.000000e-03  8.837097e-02
     vertex  2.800000e-02  3.000000e-03  8.638710e-02
     vertex  2.800000e-02  9.978382e-04  8.771786e-02
   endloop
 endfacet
 facet normal -1.000000e+00 -0.000000e+00  0.000000e+00
   outer loop
     vertex  2.800000e-02  3.000000e-03  8.638710e-02
     vertex  2.800000e-02  9.978399e-04  8.573373e-02
     vertex  2.800000e-02  9.978382e-04  8.771786e-02
   endloop
 endfacet
 facet normal -1.000000e+00  0.000000e+00 -0.000000e+00
   outer loop
     vertex  2.800000e-02  3.000000e-03  9.035484e-02
     vertex  2.800000e-02  3.000000e-03  8.837097e-02
     vertex  2.800000e-02  9.978671e-04  8.970159e-02
   endloop
 endfacet
 facet normal -1.000000e+00 -0.000000e+00  0.000000e+00
   outer loop
     vertex  2.800000e-02  3.000000e-03  8.837097e-02
     vertex  2.800000e-02  9.978382e-04  8.771786e-02
     vertex  2.800000e-02  9.978671e-04  8.970159e-02
   endloop
 endfacet
 facet normal -1.000000e+00  0.000000e+00 -0.000000e+00
   outer loop
     vertex  2.800000e-02  3.000000e-03  9.233871e-02
     vertex  2.800000e-02  3.000000e-03  9.035484e-02
     vertex  2.800000e-02  9.979290e-04  9.168518e-02
   endloop
 endfacet
 facet normal -1.000000e+00 -0.000000e+00  0.000000e+00
   outer loop
     vertex  2.800000e-02  3.000000e-03  9.035484e-02
     vertex  2.800000e-02  9.978671e-04  8.970159e-02
     vertex  2.800000e-02  9.979290e-04  9.168518e-02
   endloop
 endfacet
 facet normal -1.000000e+00  0.000000e+00 -0.000000e+00
   outer loop
     vertex  2.800000e-02  3.000000e-03  9.432258e-02
     vertex  2.800000e-02  3.000000e-03  9.233871e-02
     vertex  2.800000e-02  9.980527e-04  9.366856e-02
   endloop
 endfacet
 facet normal -1.000000e+00 -0.000000e+00  0.000000e+00
   outer loop
     vertex  2.800000e-02  3.000000e-03  9.233871e-02
     vertex  2.800000e-02  9.979290e-04  9.168518e-02
     vertex  2.800000e-02  9.980527e-04  9.366856e-02
   endloop
 endfacet
 facet normal -1.000000e+00  0.000000e+00 -0.000000e+00
   outer loop
     vertex  2.800000e-02  3.000000e-03  9.630645e-02
     vertex  2.800000e-02  3.000000e-03  9.432258e-02
     vertex  2.800000e-02  9.982839e-04  9.565159e-02
   endloop
 endfacet
 facet normal -1.000000e+00 -0.000000e+00  0.000000e+00
   outer loop
     vertex  2.800000e-02  3.000000e-03  9.432258e-02
     vertex  2.800000e-02  9.980527e-04  9.366856e-02
     vertex  2.800000e-02  9.982839e-04  9.565159e-02
   endloop
 endfacet
 facet normal -1.000000e+00  0.000000e+00 -0.000000e+00
   outer loop
     vertex  2.800000e-02  3.000000e-03  9.829032e-02
     vertex  2.800000e-02  3.000000e-03  9.630645e-02
     vertex  2.800000e-02  9.987611e-04  9.763412e-02
   endloop
 endfacet
 facet normal -1.000000e+00 -0.000000e+00  0.000000e+00
   outer loop
     vertex  2.800000e-02  3.000000e-03  9.630645e-02
     vertex  2.800000e-02  9.982839e-04  9.565159e-02
     vertex  2.800000e-02  9.987611e-04  9.763412e-02
   endloop
 endfacet
 facet normal -1.000000e+00  0.000000e+00 -0.000000e+00
   outer loop
     vertex  2.800000e-02  3.000000e-03  1.002742e-01
     vertex  2.800000e-02  3.000000e-03  9.829032e-02
     vertex  2.800000e-02  9.991506e-04  9.961645e-02
   endloop
 endfacet
 facet normal -1.000000e+00 -0.000000e+00  0.000000e+00
   outer loop
     vertex  2.800000e-02  3.000000e-03  9.829032e-02
     vertex  2.800000e-02  9.987611e-04  9.763412e-02
     vertex  2.800000e-02  9.991506e-04  9.961645e-02
   endloop
 endfacet
 facet normal -1.000000e+00  0.000000e+00 -0.000000e+00
   outer loop
     vertex  2.800000e-02  3.000000e-03  1.022581e-01
     vertex  2.800000e-02  3.000000e-03  1.002742e-01
     vertex  2.800000e-02  9.996025e-04  1.015987e-01
   endloop
 endfacet
 facet normal -1.000000e+00 -0.000000e+00  0.000000e+00
   outer loop
     vertex  2.800000e-02  3.000000e-03  1.002742e-01
     vertex  2.800000e-02  9.991506e-04  9.961645e-02
     vertex  2.800000e-02  9.996025e-04  1.015987e-01
   endloop
 endfacet
 facet normal -1.000000e+00  0.000000e+00 -0.000000e+00
   outer loop
     vertex  2.800000e-02  3.000000e-03  1.042419e-01
     vertex  2.800000e-02  3.000000e-03  1.022581e-01
     vertex  2.800000e-02  9.996468e-04  1.035823e-01
   endloop
 endfacet
 facet normal -1.000000e+00 -0.000000e+00  0.000000e+00
   outer loop
     vertex  2.800000e-02  3.000000e-03  1.022581e-01
     vertex  2.800000e-02  9.996025e-04  1.015987e-01
     vertex  2.800000e-02  9.996468e-04  1.035823e-01
   endloop
 endfacet
 facet normal -1.000000e+00  0.000000e+00 -0.000000e+00
   outer loop
     vertex  2.800000e-02  3.000000e-03  1.062258e-01
     vertex  2.800000e-02  3.000000e-03  1.042419e-01
     vertex  2.800000e-02  9.996531e-04  1.055659e-01
   endloop
 endfacet
 facet normal -1.000000e+00 -0.000000e+00  0.000000e+00
   outer loop
     vertex  2.800000e-02  3.000000e-03  1.042419e-01
     vertex  2.800000e-02  9.996468e-04  1.035823e-01
     vertex  2.800000e-02  9.996531e-04  1.055659e-01
   endloop
 endfacet
 facet normal -1.000000e+00  0.000000e+00 -0.000000e+00
   outer loop
     vertex  2.800000e-02  3.000000e-03  1.082097e-01
     vertex  2.800000e-02  3.000000e-03  1.062258e-01
     vertex  2.800000e-02  9.993954e-04  1.075505e-01
   endloop
 endfacet
 facet normal -1.000000e+00 -0.000000e+00  0.000000e+00
   outer loop
     vertex  2.800000e-02  3.000000e-03  1.062258e-01
     vertex  2.800000e-02  9.996531e-04  1.055659e-01
     vertex  2.800000e-02  9.993954e-04  1.075505e-01
   endloop
 endfacet
 facet normal -1.000000e+00  0.000000e+00 -0.000000e+00
   outer loop
     vertex  2.800000e-02  3.000000e-03  1.101935e-01
     vertex  2.800000e-02  3.000000e-03  1.082097e-01
     vertex  2.800000e-02  9.990170e-04  1.095354e-01
   endloop
 endfacet
 facet normal -1.000000e+00 -0.000000e+00  0.000000e+00
   outer loop
     vertex  2.800000e-02  3.000000e-03  1.082097e-01
     vertex  2.800000e-02  9.993954e-04  1.075505e-01
     vertex  2.800000e-02  9.990170e-04  1.095354e-01
   endloop
 endfacet
 facet normal -1.000000e+00  0.000000e+00 -0.000000e+00
   outer loop
     vertex  2.800000e-02  3.000000e-03  1.121774e-01
     vertex  2.800000e-02  3.000000e-03  1.101935e-01
     vertex  2.800000e-02  9.986222e-04  1.115205e-01
   endloop
 endfacet
 facet normal -1.000000e+00 -0.000000e+00  0.000000e+00
   outer loop
     vertex  2.800000e-02  3.000000e-03  1.101935e-01
     vertex  2.800000e-02  9.990170e-04  1.095354e-01
     vertex  2.800000e-02  9.986222e-04  1.115205e-01
   endloop
 endfacet
 facet normal -1.000000e+00  0.000000e+00 -0.000000e+00
   outer loop
     vertex  2.800000e-02  3.000000e-03  1.141613e-01
     vertex  2.800000e-02  3.000000e-03  1.121774e-01
     vertex  2.800000e-02  9.983836e-04  1.135053e-01
   endloop
 endfacet
 facet normal -1.000000e+00 -0.000000e+00  0.000000e+00
   outer loop
     vertex  2.800000e-02  3.000000e-03  1.121774e-01
     vertex  2.800000e-02  9.986222e-04  1.115205e-01
     vertex  2.800000e-02  9.983836e-04  1.135053e-01
   endloop
 endfacet
 facet normal -1.000000e+00  0.000000e+00 -0.000000e+00
   outer loop
     vertex  2.800000e-02  3.000000e-03  1.161452e-01
     vertex  2.800000e-02  3.000000e-03  1.141613e-01
     vertex  2.800000e-02  9.985840e-04  1.154891e-01
   endloop
 endfacet
 facet normal -1.000000e+00 -0.000000e+00  0.000000e+00
   outer loop
     vertex  2.800000e-02  3.000000e-03  1.141613e-01
     vertex  2.800000e-02  9.983836e-04  1.135053e-01
     vertex  2.800000e-02  9.985840e-04  1.154891e-01
   endloop
 endfacet
 facet normal -1.000000e+00  0.000000e+00 -0.000000e+00
   outer loop
     vertex  2.800000e-02  3.000000e-03  1.181290e-01
     vertex  2.800000e-02  3.000000e-03  1.161452e-01
     vertex  2.800000e-02  9.987540e-04  1.174719e-01
   endloop
 endfacet
 facet normal -1.000000e+00 -0.000000e+00  0.000000e+00
   outer loop
     vertex  2.800000e-02  3.000000e-03  1.161452e-01
     vertex  2.800000e-02  9.985840e-04  1.154891e-01
     vertex  2.800000e-02  9.987540e-04  1.174719e-01
   endloop
 endfacet
 facet normal -1.000000e+00  0.000000e+00 -0.000000e+00
   outer loop
     vertex  2.800000e-02  3.000000e-03  1.201129e-01
     vertex  2.800000e-02  3.000000e-03  1.181290e-01
     vertex  2.800000e-02  9.995999e-04  1.194530e-01
   endloop
 endfacet
 facet normal -1.000000e+00 -0.000000e+00  0.000000e+00
   outer loop
     vertex  2.800000e-02  3.000000e-03  1.181290e-01
     vertex  2.800000e-02  9.987540e-04  1.174719e-01
     vertex  2.800000e-02  9.995999e-04  1.194530e-01
   endloop
 endfacet
 facet normal -1.000000e+00  0.000000e+00 -0.000000e+00
   outer loop
     vertex  2.800000e-02  3.000000e-03  1.220968e-01
     vertex  2.800000e-02  3.000000e-03  1.201129e-01
     vertex  2.800000e-02  1.000075e-03  1.214348e-01
   endloop
 endfacet
 facet normal -1.000000e+00 -0.000000e+00  0.000000e+00
   outer loop
     vertex  2.800000e-02  3.000000e-03  1.201129e-01
     vertex  2.800000e-02  9.995999e-04  1.194530e-01
     vertex  2.800000e-02  1.000075e-03  1.214348e-01
   endloop
 endfacet
 facet normal -1.000000e+00  0.000000e+00 -0.000000e+00
   outer loop
     vertex  2.800000e-02  3.000000e-03  1.240806e-01
     vertex  2.800000e-02  3.000000e-03  1.220968e-01
     vertex  2.800000e-02  1.001819e-03  1.234140e-01
   endloop
 endfacet
 facet normal -1.000000e+00 -0.000000e+00  0.000000e+00
   outer loop
     vertex  2.800000e-02  3.000000e-03  1.220968e-01
     vertex  2.800000e-02  1.000075e-03  1.214348e-01
     vertex  2.800000e-02  1.001819e-03  1.234140e-01
   endloop
 endfacet
 facet normal -1.000000e+00  0.000000e+00 -0.000000e+00
   outer loop
     vertex  2.800000e-02  3.000000e-03  1.260645e-01
     vertex  2.800000e-02  3.000000e-03  1.240806e-01
     vertex  2.800000e-02  1.007999e-03  1.253863e-01
   endloop
 endfacet
 facet normal -1.000000e+00 -0.000000e+00  0.000000e+00
   outer loop
     vertex  2.800000e-02  3.000000e-03  1.240806e-01
     vertex  2.800000e-02  1.001819e-03  1.234140e-01
     vertex  2.800000e-02  1.007999e-03  1.253863e-01
   endloop
 endfacet
 facet normal -1.000000e+00  0.000000e+00 -0.000000e+00
   outer loop
     vertex  2.800000e-02  3.000000e-03  1.280484e-01
     vertex  2.800000e-02  3.000000e-03  1.260645e-01
     vertex  2.800000e-02  1.028687e-03  1.273414e-01
   endloop
 endfacet
 facet normal -1.000000e+00 -0.000000e+00  0.000000e+00
   outer loop
     vertex  2.800000e-02  3.000000e-03  1.260645e-01
     vertex  2.800000e-02  1.007999e-03  1.253863e-01
     vertex  2.800000e-02  1.028687e-03  1.273414e-01
   endloop
 endfacet
 facet normal -1.000000e+00  0.000000e+00 -0.000000e+00
   outer loop
     vertex  2.800000e-02  3.000000e-03  1.300323e-01
     vertex  2.800000e-02  3.000000e-03  1.280484e-01
     vertex  2.800000e-02  1.095173e-03  1.292534e-01
   endloop
 endfacet
 facet normal -1.000000e+00 -0.000000e+00  0.000000e+00
   outer loop
     vertex  2.800000e-02  3.000000e-03  1.280484e-01
     vertex  2.800000e-02  1.028687e-03  1.273414e-01
     vertex  2.800000e-02  1.095173e-03  1.292534e-01
   endloop
 endfacet
 facet normal -1.000000e+00  0.000000e+00 -0.000000e+00
   outer loop
     vertex  2.800000e-02  3.000000e-03  1.320161e-01
     vertex  2.800000e-02  3.000000e-03  1.300323e-01
     vertex  2.800000e-02  1.285038e-03  1.310644e-01
   endloop
 endfacet
 facet normal -1.000000e+00  0.000000e+00 -0.000000e+00
   outer loop
     vertex  2.800000e-02  1.614027e-03  1.326747e-01
     vertex  2.800000e-02  3.000000e-03  1.320161e-01
     vertex  2.800000e-02  1.285038e-03  1.310644e-01
   endloop
 endfacet
 facet normal -1.000000e+00 -0.000000e+00  0.000000e+00
   outer loop
     vertex  2.800000e-02  3.000000e-03  1.300323e-01
     vertex  2.800000e-02  1.095173e-03  1.292534e-01
     vertex  2.800000e-02  1.285038e-03  1.310644e-01
   endloop
 endfacet
 facet normal -1.000000e+00  0.000000e+00  0.000000e+00
   outer loop
     vertex  2.800000e-02  1.000000e-03  1.100000e-02
     vertex  2.800000e-02  5.221170e-04  1.262523e-02
     vertex  2.800000e-02  3.000000e-03  1.298387e-02
   endloop
 endfacet
 facet normal -1.000000e+00  0.000000e+00  0.000000e+00
   outer loop
     vertex  2.800000e-02 -1.000000e-03  1.100000e-02
     vertex  2.800000e-02 -3.000000e-03  1.298387e-02
     vertex  2.800000e-02 -1.085755e-03  1.371323e-02
   endloop
 endfacet
 facet normal -1.000000e+00  0.000000e+00  0.000000e+00
   outer loop
     vertex  2.800000e-02 -3.000000e-03  1.320161e-01
     vertex  2.800000e-02 -1.000000e-03  1.340000e-01
     vertex  2.800000e-02 -1.894140e-04  1.323775e-01
   endloop
 endfacet
 facet normal -1.000000e+00  0.000000e+00  0.000000e+00
   outer loop
     vertex  2.800000e-02 -1.085755e-03  1.371323e-02
     vertex  2.800000e-02 -3.000000e-03  1.496774e-02
     vertex  2.800000e-02 -6.715447e-04  1.598290e-02
   endloop
 endfacet
 facet normal -1.000000e+00  0.000000e+00  0.000000e+00
   outer loop
     vertex  2.800000e-02 -3.000000e-03  1.496774e-02
     vertex  2.800000e-02 -3.000000e-03  1.695161e-02
     vertex  2.800000e-02 -6.715447e-04  1.598290e-02
   endloop
 endfacet
 facet normal -1.000000e+00  0.000000e+00  0.000000e+00
   outer loop
     vertex  2.800000e-02 -3.000000e-03  1.695161e-02
     vertex  2.800000e-02 -9.258110e-04  1.819989e-02
     vertex  2.800000e-02 -6.715447e-04  1.598290e-02
   endloop
 endfacet
 facet normal -1.000000e+00  0.000000e+00  0.000000e+00
   outer loop
     vertex  2.800000e-02 -3.000000e-03  1.893548e-02
     vertex  2.800000e-02 -3.000000e-03  2.091935e-02
     vertex  2.800000e-02 -9.892404e-04  2.024003e-02
   endloop
 endfacet
 facet normal -1.000000e+00  0.000000e+00  0.000000e+00
   outer loop
     vertex  2.800000e-02 -3.000000e-03  2.290323e-02
     vertex  2.800000e-02 -3.000000e-03  2.488710e-02
     vertex  2.800000e-02 -1.127378e-03  2.417178e-02
   endloop
 endfacet
 facet normal -1.000000e+00  0.000000e+00  0.000000e+00
   outer loop
     vertex  2.800000e-02 -3.000000e-03  2.687097e-02
     vertex  2.800000e-02 -3.000000e-03  2.885484e-02
     vertex  2.800000e-02 -1.123983e-03  2.759763e-02
   endloop
 endfacet
 facet normal -1.000000e+00  0.000000e+00  0.000000e+00
   outer loop
     vertex  2.800000e-02 -3.000000e-03  3.083871e-02
     vertex  2.800000e-02 -3.000000e-03  3.282258e-02
     vertex  2.800000e-02 -9.224341e-04  3.158608e-02
   endloop
 endfacet
 facet normal -1.000000e+00  0.000000e+00  0.000000e+00
   outer loop
     vertex  2.800000e-02 -3.000000e-03  3.480645e-02
     vertex  2.800000e-02 -3.000000e-03  3.679032e-02
     vertex  2.800000e-02 -9.226122e-04  3.604438e-02
   endloop
 endfacet
 facet normal -1.000000e+00  0.000000e+00  0.000000e+00
   outer loop
     vertex  2.800000e-02 -3.000000e-03  3.877419e-02
     vertex  2.800000e-02 -3.000000e-03  4.075806e-02
     vertex  2.800000e-02 -1.124417e-03  4.003279e-02
   endloop
 endfacet
 facet normal -1.000000e+00  0.000000e+00  0.000000e+00
   outer loop
     vertex  2.800000e-02 -3.000000e-03  4.274194e-02
     vertex  2.800000e-02 -3.000000e-03  4.472581e-02
     vertex  2.800000e-02 -1.129332e-03  4.345710e-02
   endloop
 endfacet
 facet normal -1.000000e+00  0.000000e+00  0.000000e+00
   outer loop
     vertex  2.800000e-02 -3.000000e-03  4.670968e-02
     vertex  2.800000e-02 -3.000000e-03  4.869355e-02
     vertex  2.800000e-02 -1.008613e-03  4.736871e-02
   endloop
 endfacet
 facet normal -1.000000e+00  0.000000e+00  0.000000e+00
   outer loop
     vertex  2.800000e-02 -3.000000e-03  5.067742e-02
     vertex  2.800000e-02 -3.000000e-03  5.266129e-02
     vertex  2.800000e-02 -1.000754e-03  5.133896e-02
   endloop
 endfacet
 facet normal -1.000000e+00  0.000000e+00  0.000000e+00
   outer loop
     vertex  2.800000e-02 -3.000000e-03  5.464516e-02
     vertex  2.800000e-02 -3.000000e-03  5.662903e-02
     vertex  2.800000e-02 -1.000595e-03  5.530813e-02
   endloop
 endfacet
 facet normal -1.000000e+00  0.000000e+00  0.000000e+00
   outer loop
     vertex  2.800000e-02 -3.000000e-03  5.861290e-02
     vertex  2.800000e-02 -3.000000e-03  6.059677e-02
     vertex  2.800000e-02 -1.000429e-03  5.927589e-02
   endloop
 endfacet
 facet normal -1.000000e+00  0.000000e+00  0.000000e+00
   outer loop
     vertex  2.800000e-02 -3.000000e-03  6.258065e-02
     vertex  2.800000e-02 -3.000000e-03  6.456452e-02
     vertex  2.800000e-02 -1.000724e-03  6.324439e-02
   endloop
 endfacet
 facet normal -1.000000e+00  0.000000e+00  0.000000e+00
   outer loop
     vertex  2.800000e-02 -3.000000e-03  6.654839e-02
     vertex  2.800000e-02 -3.000000e-03  6.853226e-02
     vertex  2.800000e-02 -1.000364e-03  6.721048e-02
   endloop
 endfacet
 facet normal -1.000000e+00  0.000000e+00  0.000000e+00
   outer loop
     vertex  2.800000e-02 -3.000000e-03  7.051613e-02
     vertex  2.800000e-02 -3.000000e-03  7.250000e-02
     vertex  2.800000e-02 -1.000096e-03  7.117730e-02
   endloop
 endfacet
 facet normal -1.000000e+00  0.000000e+00  0.000000e+00
   outer loop
     vertex  2.800000e-02 -3.000000e-03  7.448387e-02
     vertex  2.800000e-02 -3.000000e-03  7.646774e-02
     vertex  2.800000e-02 -1.000388e-03  7.514637e-02
   endloop
 endfacet
 facet normal -1.000000e+00  0.000000e+00  0.000000e+00
   outer loop
     vertex  2.800000e-02 -3.000000e-03  7.845161e-02
     vertex  2.800000e-02 -3.000000e-03  8.043548e-02
     vertex  2.800000e-02 -1.000535e-03  7.911521e-02
   endloop
 endfacet
 facet normal -1.000000e+00  0.000000e+00  0.000000e+00
   outer loop
     vertex  2.800000e-02 -3.000000e-03  8.241935e-02
     vertex  2.800000e-02 -3.000000e-03  8.440323e-02
     vertex  2.800000e-02 -1.001087e-03  8.308536e-02
   endloop
 endfacet
 facet normal -1.000000e+00  0.000000e+00  0.000000e+00
   outer loop
     vertex  2.800000e-02 -3.000000e-03  8.638710e-02
     vertex  2.800000e-02 -3.000000e-03  8.837097e-02
     vertex  2.800000e-02 -1.001438e-03  8.705464e-02
   endloop
 endfacet
 facet normal -1.000000e+00  0.000000e+00  0.000000e+00
   outer loop
     vertex  2.800000e-02 -3.000000e-03  9.035484e-02
     vertex  2.800000e-02 -3.000000e-03  9.233871e-02
     vertex  2.800000e-02 -1.001456e-03  9.102233e-02
   endloop
 endfacet
 facet normal -1.000000e+00  0.000000e+00  0.000000e+00
   outer loop
     vertex  2.800000e-02 -3.000000e-03  9.432258e-02
     vertex  2.800000e-02 -3.000000e-03  9.630645e-02
     vertex  2.800000e-02 -1.001334e-03  9.498931e-02
   endloop
 endfacet
 facet normal -1.000000e+00  0.000000e+00  0.000000e+00
   outer loop
     vertex  2.800000e-02 -3.000000e-03  9.829032e-02
     vertex  2.800000e-02 -3.000000e-03  1.002742e-01
     vertex  2.800000e-02 -1.001351e-03  9.895581e-02
   endloop
 endfacet
 facet normal -1.000000e+00  0.000000e+00  0.000000e+00
   outer loop
     vertex  2.800000e-02 -3.000000e-03  1.022581e-01
     vertex  2.800000e-02 -3.000000e-03  1.042419e-01
     vertex  2.800000e-02 -1.000485e-03  1.029213e-01
   endloop
 endfacet
 facet normal -1.000000e+00  0.000000e+00  0.000000e+00
   outer loop
     vertex  2.800000e-02 -3.000000e-03  1.062258e-01
     vertex  2.800000e-02 -3.000000e-03  1.082097e-01
     vertex  2.800000e-02 -1.000269e-03  1.068885e-01
   endloop
 endfacet
 facet normal -1.000000e+00  0.000000e+00  0.000000e+00
   outer loop
     vertex  2.800000e-02 -3.000000e-03  1.101935e-01
     vertex  2.800000e-02 -3.000000e-03  1.121774e-01
     vertex  2.800000e-02 -1.000667e-03  1.108577e-01
   endloop
 endfacet
 facet normal -1.000000e+00  0.000000e+00  0.000000e+00
   outer loop
     vertex  2.800000e-02 -3.000000e-03  1.141613e-01
     vertex  2.800000e-02 -3.000000e-03  1.161452e-01
     vertex  2.800000e-02 -1.001149e-03  1.148270e-01
   endloop
 endfacet
 facet normal -1.000000e+00  0.000000e+00  0.000000e+00
   outer loop
     vertex  2.800000e-02 -3.000000e-03  1.181290e-01
     vertex  2.800000e-02 -3.000000e-03  1.201129e-01
     vertex  2.800000e-02 -1.000884e-03  1.187927e-01
   endloop
 endfacet
 facet normal -1.000000e+00  0.000000e+00  0.000000e+00
   outer loop
     vertex  2.800000e-02 -3.000000e-03  1.220968e-01
     vertex  2.800000e-02 -3.000000e-03  1.240806e-01
     vertex  2.800000e-02 -9.993758e-04  1.227550e-01
   endloop
 endfacet
 facet normal -1.000000e+00  0.000000e+00  0.000000e+00
   outer loop
     vertex  2.800000e-02 -3.000000e-03  1.260645e-01
     vertex  2.800000e-02 -3.000000e-03  1.280484e-01
     vertex  2.800000e-02 -9.844352e-04  1.267011e-01
   endloop
 endfacet
 facet normal -1.000000e+00  0.000000e+00  0.000000e+00
   outer loop
     vertex  2.800000e-02 -3.000000e-03  1.893548e-02
     vertex  2.800000e-02 -9.892404e-04  2.024003e-02
     vertex  2.800000e-02 -9.258110e-04  1.819989e-02
   endloop
 endfacet
 facet normal -1.000000e+00  0.000000e+00  0.000000e+00
   outer loop
     vertex  2.800000e-02 -3.000000e-03  1.300323e-01
     vertex  2.800000e-02 -3.000000e-03  1.320161e-01
     vertex  2.800000e-02 -7.826299e-04  1.305673e-01
   endloop
 endfacet
 facet normal -1.000000e+00  0.000000e+00  0.000000e+00
   outer loop
     vertex  2.800000e-02 -1.129332e-03  4.345710e-02
     vertex  2.800000e-02 -3.000000e-03  4.472581e-02
     vertex  2.800000e-02 -1.033264e-03  4.539096e-02
   endloop
 endfacet
 facet normal -1.000000e+00  0.000000e+00  0.000000e+00
   outer loop
     vertex  2.800000e-02 -1.124417e-03  4.003279e-02
     vertex  2.800000e-02 -3.000000e-03  4.075806e-02
     vertex  2.800000e-02 -1.488997e-03  4.174666e-02
   endloop
 endfacet
 facet normal -1.000000e+00  0.000000e+00  0.000000e+00
   outer loop
     vertex  2.800000e-02 -9.224341e-04  3.158608e-02
     vertex  2.800000e-02 -3.000000e-03  3.282258e-02
     vertex  2.800000e-02 -6.269288e-04  3.381539e-02
   endloop
 endfacet
 facet normal -1.000000e+00  0.000000e+00  0.000000e+00
   outer loop
     vertex  2.800000e-02  1.000000e-03  1.100000e-02
     vertex  2.800000e-02 -1.000000e-03  1.100000e-02
     vertex  2.800000e-02  5.221170e-04  1.262523e-02
   endloop
 endfacet
 facet normal -1.000000e+00  0.000000e+00  0.000000e+00
   outer loop
     vertex  2.800000e-02 -1.123983e-03  2.759763e-02
     vertex  2.800000e-02 -3.000000e-03  2.885484e-02
     vertex  2.800000e-02 -1.011292e-03  2.954836e-02
   endloop
 endfacet
 facet normal -1.000000e+00  0.000000e+00  0.000000e+00
   outer loop
     vertex  2.800000e-02 -3.000000e-03  1.300323e-01
     vertex  2.800000e-02 -7.826299e-04  1.305673e-01
     vertex  2.800000e-02 -9.414303e-04  1.286512e-01
   endloop
 endfacet
 facet normal -1.000000e+00  0.000000e+00  0.000000e+00
   outer loop
     vertex  2.800000e-02 -1.027811e-03  2.223413e-02
     vertex  2.800000e-02 -3.000000e-03  2.290323e-02
     vertex  2.800000e-02 -1.127378e-03  2.417178e-02
   endloop
 endfacet
 facet normal -1.000000e+00  0.000000e+00  0.000000e+00
   outer loop
     vertex  2.800000e-02 -1.488328e-03  2.588281e-02
     vertex  2.800000e-02 -3.000000e-03  2.687097e-02
     vertex  2.800000e-02 -1.123983e-03  2.759763e-02
   endloop
 endfacet
 facet normal -1.000000e+00  0.000000e+00  0.000000e+00
   outer loop
     vertex  2.800000e-02 -1.011292e-03  2.954836e-02
     vertex  2.800000e-02 -3.000000e-03  3.083871e-02
     vertex  2.800000e-02 -9.224341e-04  3.158608e-02
   endloop
 endfacet
 facet normal -1.000000e+00  0.000000e+00  0.000000e+00
   outer loop
     vertex  2.800000e-02 -6.269288e-04  3.381539e-02
     vertex  2.800000e-02 -3.000000e-03  3.480645e-02
     vertex  2.800000e-02 -9.226122e-04  3.604438e-02
   endloop
 endfacet
 facet normal -1.000000e+00  0.000000e+00  0.000000e+00
   outer loop
     vertex  2.800000e-02 -1.011739e-03  3.808245e-02
     vertex  2.800000e-02 -3.000000e-03  3.877419e-02
     vertex  2.800000e-02 -1.124417e-03  4.003279e-02
   endloop
 endfacet
 facet normal -1.000000e+00  0.000000e+00  0.000000e+00
   outer loop
     vertex  2.800000e-02 -1.488997e-03  4.174666e-02
     vertex  2.800000e-02 -3.000000e-03  4.274194e-02
     vertex  2.800000e-02 -1.129332e-03  4.345710e-02
   endloop
 endfacet
 facet normal -1.000000e+00  0.000000e+00  0.000000e+00
   outer loop
     vertex  2.800000e-02 -1.033264e-03  4.539096e-02
     vertex  2.800000e-02 -3.000000e-03  4.670968e-02
     vertex  2.800000e-02 -1.008613e-03  4.736871e-02
   endloop
 endfacet
 facet normal -1.000000e+00  0.000000e+00  0.000000e+00
   outer loop
     vertex  2.800000e-02 -1.002260e-03  4.935336e-02
     vertex  2.800000e-02 -3.000000e-03  5.067742e-02
     vertex  2.800000e-02 -1.000754e-03  5.133896e-02
   endloop
 endfacet
 facet normal -1.000000e+00  0.000000e+00  0.000000e+00
   outer loop
     vertex  2.800000e-02 -1.000722e-03  5.332430e-02
     vertex  2.800000e-02 -3.000000e-03  5.464516e-02
     vertex  2.800000e-02 -1.000595e-03  5.530813e-02
   endloop
 endfacet
 facet normal -1.000000e+00  0.000000e+00  0.000000e+00
   outer loop
     vertex  2.800000e-02 -1.000317e-03  5.729161e-02
     vertex  2.800000e-02 -3.000000e-03  5.861290e-02
     vertex  2.800000e-02 -1.000429e-03  5.927589e-02
   endloop
 endfacet
 facet normal -1.000000e+00  0.000000e+00  0.000000e+00
   outer loop
     vertex  2.800000e-02 -1.000579e-03  6.126021e-02
     vertex  2.800000e-02 -3.000000e-03  6.258065e-02
     vertex  2.800000e-02 -1.000724e-03  6.324439e-02
   endloop
 endfacet
 facet normal -1.000000e+00  0.000000e+00  0.000000e+00
   outer loop
     vertex  2.800000e-02 -1.001035e-03  6.522824e-02
     vertex  2.800000e-02 -3.000000e-03  6.654839e-02
     vertex  2.800000e-02 -1.000364e-03  6.721048e-02
   endloop
 endfacet
 facet normal -1.000000e+00  0.000000e+00  0.000000e+00
   outer loop
     vertex  2.800000e-02 -1.000084e-03  6.919316e-02
     vertex  2.800000e-02 -3.000000e-03  7.051613e-02
     vertex  2.800000e-02 -1.000096e-03  7.117730e-02
   endloop
 endfacet
 facet normal -1.000000e+00  0.000000e+00  0.000000e+00
   outer loop
     vertex  2.800000e-02 -1.000348e-03  7.316198e-02
     vertex  2.800000e-02 -3.000000e-03  7.448387e-02
     vertex  2.800000e-02 -1.000388e-03  7.514637e-02
   endloop
 endfacet
 facet normal -1.000000e+00  0.000000e+00  0.000000e+00
   outer loop
     vertex  2.800000e-02 -1.000315e-03  7.713040e-02
     vertex  2.800000e-02 -3.000000e-03  7.845161e-02
     vertex  2.800000e-02 -1.000535e-03  7.911521e-02
   endloop
 endfacet
 facet normal -1.000000e+00  0.000000e+00  0.000000e+00
   outer loop
     vertex  2.800000e-02 -1.000808e-03  8.110026e-02
     vertex  2.800000e-02 -3.000000e-03  8.241935e-02
     vertex  2.800000e-02 -1.001087e-03  8.308536e-02
   endloop
 endfacet
 facet normal -1.000000e+00  0.000000e+00  0.000000e+00
   outer loop
     vertex  2.800000e-02 -1.001311e-03  8.507022e-02
     vertex  2.800000e-02 -3.000000e-03  8.638710e-02
     vertex  2.800000e-02 -1.001438e-03  8.705464e-02
   endloop
 endfacet
 facet normal -1.000000e+00  0.000000e+00  0.000000e+00
   outer loop
     vertex  2.800000e-02 -1.001475e-03  8.903862e-02
     vertex  2.800000e-02 -3.000000e-03  9.035484e-02
     vertex  2.800000e-02 -1.001456e-03  9.102233e-02
   endloop
 endfacet
 facet normal -1.000000e+00  0.000000e+00  0.000000e+00
   outer loop
     vertex  2.800000e-02 -1.001414e-03  9.300591e-02
     vertex  2.800000e-02 -3.000000e-03  9.432258e-02
     vertex  2.800000e-02 -1.001334e-03  9.498931e-02
   endloop
 endfacet
 facet normal -1.000000e+00  0.000000e+00  0.000000e+00
   outer loop
     vertex  2.800000e-02 -1.001218e-03  9.697252e-02
     vertex  2.800000e-02 -3.000000e-03  9.829032e-02
     vertex  2.800000e-02 -1.001351e-03  9.895581e-02
   endloop
 endfacet
 facet normal -1.000000e+00  0.000000e+00  0.000000e+00
   outer loop
     vertex  2.800000e-02 -1.000569e-03  1.009377e-01
     vertex  2.800000e-02 -3.000000e-03  1.022581e-01
     vertex  2.800000e-02 -1.000485e-03  1.029213e-01
   endloop
 endfacet
 facet normal -1.000000e+00  0.000000e+00  0.000000e+00
   outer loop
     vertex  2.800000e-02 -1.000395e-03  1.049048e-01
     vertex  2.800000e-02 -3.000000e-03  1.062258e-01
     vertex  2.800000e-02 -1.000269e-03  1.068885e-01
   endloop
 endfacet
 facet normal -1.000000e+00  0.000000e+00  0.000000e+00
   outer loop
     vertex  2.800000e-02 -1.000430e-03  1.088729e-01
     vertex  2.800000e-02 -3.000000e-03  1.101935e-01
     vertex  2.800000e-02 -1.000667e-03  1.108577e-01
   endloop
 endfacet
 facet normal -1.000000e+00  0.000000e+00  0.000000e+00
   outer loop
     vertex  2.800000e-02 -1.000919e-03  1.128424e-01
     vertex  2.800000e-02 -3.000000e-03  1.141613e-01
     vertex  2.800000e-02 -1.001149e-03  1.148270e-01
   endloop
 endfacet
 facet normal -1.000000e+00  0.000000e+00  0.000000e+00
   outer loop
     vertex  2.800000e-02 -1.001770e-03  1.168114e-01
     vertex  2.800000e-02 -3.000000e-03  1.181290e-01
     vertex  2.800000e-02 -1.000884e-03  1.187927e-01
   endloop
 endfacet
 facet normal -1.000000e+00  0.000000e+00  0.000000e+00
   outer loop
     vertex  2.800000e-02 -1.000187e-03  1.207740e-01
     vertex  2.800000e-02 -3.000000e-03  1.220968e-01
     vertex  2.800000e-02 -9.993758e-04  1.227550e-01
   endloop
 endfacet
 facet normal -1.000000e+00  0.000000e+00  0.000000e+00
   outer loop
     vertex  2.800000e-02 -9.962149e-04  1.247323e-01
     vertex  2.800000e-02 -3.000000e-03  1.260645e-01
     vertex  2.800000e-02 -9.844352e-04  1.267011e-01
   endloop
 endfacet
 facet normal -1.000000e+00  0.000000e+00  0.000000e+00
   outer loop
     vertex  2.800000e-02 -9.226122e-04  3.604438e-02
     vertex  2.800000e-02 -3.000000e-03  3.679032e-02
     vertex  2.800000e-02 -1.011739e-03  3.808245e-02
   endloop
 endfacet
 facet normal -1.000000e+00  0.000000e+00  0.000000e+00
   outer loop
     vertex  2.800000e-02 -1.008613e-03  4.736871e-02
     vertex  2.800000e-02 -3.000000e-03  4.869355e-02
     vertex  2.800000e-02 -1.002260e-03  4.935336e-02
   endloop
 endfacet
 facet normal -1.000000e+00  0.000000e+00  0.000000e+00
   outer loop
     vertex  2.800000e-02 -1.000754e-03  5.133896e-02
     vertex  2.800000e-02 -3.000000e-03  5.266129e-02
     vertex  2.800000e-02 -1.000722e-03  5.332430e-02
   endloop
 endfacet
 facet normal -1.000000e+00  0.000000e+00  0.000000e+00
   outer loop
     vertex  2.800000e-02 -1.000595e-03  5.530813e-02
     vertex  2.800000e-02 -3.000000e-03  5.662903e-02
     vertex  2.800000e-02 -1.000317e-03  5.729161e-02
   endloop
 endfacet
 facet normal -1.000000e+00  0.000000e+00  0.000000e+00
   outer loop
     vertex  2.800000e-02 -1.000429e-03  5.927589e-02
     vertex  2.800000e-02 -3.000000e-03  6.059677e-02
     vertex  2.800000e-02 -1.000579e-03  6.126021e-02
   endloop
 endfacet
 facet normal -1.000000e+00  0.000000e+00  0.000000e+00
   outer loop
     vertex  2.800000e-02 -1.000724e-03  6.324439e-02
     vertex  2.800000e-02 -3.000000e-03  6.456452e-02
     vertex  2.800000e-02 -1.001035e-03  6.522824e-02
   endloop
 endfacet
 facet normal -1.000000e+00  0.000000e+00  0.000000e+00
   outer loop
     vertex  2.800000e-02 -1.000364e-03  6.721048e-02
     vertex  2.800000e-02 -3.000000e-03  6.853226e-02
     vertex  2.800000e-02 -1.000084e-03  6.919316e-02
   endloop
 endfacet
 facet normal -1.000000e+00  0.000000e+00  0.000000e+00
   outer loop
     vertex  2.800000e-02 -1.000096e-03  7.117730e-02
     vertex  2.800000e-02 -3.000000e-03  7.250000e-02
     vertex  2.800000e-02 -1.000348e-03  7.316198e-02
   endloop
 endfacet
 facet normal -1.000000e+00  0.000000e+00  0.000000e+00
   outer loop
     vertex  2.800000e-02 -1.000388e-03  7.514637e-02
     vertex  2.800000e-02 -3.000000e-03  7.646774e-02
     vertex  2.800000e-02 -1.000315e-03  7.713040e-02
   endloop
 endfacet
 facet normal -1.000000e+00  0.000000e+00  0.000000e+00
   outer loop
     vertex  2.800000e-02 -1.000535e-03  7.911521e-02
     vertex  2.800000e-02 -3.000000e-03  8.043548e-02
     vertex  2.800000e-02 -1.000808e-03  8.110026e-02
   endloop
 endfacet
 facet normal -1.000000e+00  0.000000e+00  0.000000e+00
   outer loop
     vertex  2.800000e-02 -1.001087e-03  8.308536e-02
     vertex  2.800000e-02 -3.000000e-03  8.440323e-02
     vertex  2.800000e-02 -1.001311e-03  8.507022e-02
   endloop
 endfacet
 facet normal -1.000000e+00  0.000000e+00  0.000000e+00
   outer loop
     vertex  2.800000e-02 -1.001438e-03  8.705464e-02
     vertex  2.800000e-02 -3.000000e-03  8.837097e-02
     vertex  2.800000e-02 -1.001475e-03  8.903862e-02
   endloop
 endfacet
 facet normal -1.000000e+00  0.000000e+00  0.000000e+00
   outer loop
     vertex  2.800000e-02 -1.001456e-03  9.102233e-02
     vertex  2.800000e-02 -3.000000e-03  9.233871e-02
     vertex  2.800000e-02 -1.001414e-03  9.300591e-02
   endloop
 endfacet
 facet normal -1.000000e+00  0.000000e+00  0.000000e+00
   outer loop
     vertex  2.800000e-02 -1.001334e-03  9.498931e-02
     vertex  2.800000e-02 -3.000000e-03  9.630645e-02
     vertex  2.800000e-02 -1.001218e-03  9.697252e-02
   endloop
 endfacet
 facet normal -1.000000e+00  0.000000e+00  0.000000e+00
   outer loop
     vertex  2.800000e-02 -1.001351e-03  9.895581e-02
     vertex  2.800000e-02 -3.000000e-03  1.002742e-01
     vertex  2.800000e-02 -1.000569e-03  1.009377e-01
   endloop
 endfacet
 facet normal -1.000000e+00  0.000000e+00  0.000000e+00
   outer loop
     vertex  2.800000e-02 -1.000485e-03  1.029213e-01
     vertex  2.800000e-02 -3.000000e-03  1.042419e-01
     vertex  2.800000e-02 -1.000395e-03  1.049048e-01
   endloop
 endfacet
 facet normal -1.000000e+00  0.000000e+00  0.000000e+00
   outer loop
     vertex  2.800000e-02 -1.000269e-03  1.068885e-01
     vertex  2.800000e-02 -3.000000e-03  1.082097e-01
     vertex  2.800000e-02 -1.000430e-03  1.088729e-01
   endloop
 endfacet
 facet normal -1.000000e+00  0.000000e+00  0.000000e+00
   outer loop
     vertex  2.800000e-02 -1.000667e-03  1.108577e-01
     vertex  2.800000e-02 -3.000000e-03  1.121774e-01
     vertex  2.800000e-02 -1.000919e-03  1.128424e-01
   endloop
 endfacet
 facet normal -1.000000e+00  0.000000e+00  0.000000e+00
   outer loop
     vertex  2.800000e-02 -1.001149e-03  1.148270e-01
     vertex  2.800000e-02 -3.000000e-03  1.161452e-01
     vertex  2.800000e-02 -1.001770e-03  1.168114e-01
   endloop
 endfacet
 facet normal -1.000000e+00  0.000000e+00  0.000000e+00
   outer loop
     vertex  2.800000e-02 -1.000884e-03  1.187927e-01
     vertex  2.800000e-02 -3.000000e-03  1.201129e-01
     vertex  2.800000e-02 -1.000187e-03  1.207740e-01
   endloop
 endfacet
 facet normal -1.000000e+00  0.000000e+00  0.000000e+00
   outer loop
     vertex  2.800000e-02 -9.993758e-04  1.227550e-01
     vertex  2.800000e-02 -3.000000e-03  1.240806e-01
     vertex  2.800000e-02 -9.962149e-04  1.247323e-01
   endloop
 endfacet
 facet normal -1.000000e+00  0.000000e+00  0.000000e+00
   outer loop
     vertex  2.800000e-02 -9.844352e-04  1.267011e-01
     vertex  2.800000e-02 -3.000000e-03  1.280484e-01
     vertex  2.800000e-02 -9.414303e-04  1.286512e-01
   endloop
 endfacet
 facet normal -1.000000e+00  0.000000e+00  0.000000e+00
   outer loop
     vertex  2.800000e-02 -1.127378e-03  2.417178e-02
     vertex  2.800000e-02 -3.000000e-03  2.488710e-02
     vertex  2.800000e-02 -1.488328e-03  2.588281e-02
   endloop
 endfacet
 facet normal -1.000000e+00  0.000000e+00  0.000000e+00
   outer loop
     vertex  2.800000e-02 -9.892404e-04  2.024003e-02
     vertex  2.800000e-02 -3.000000e-03  2.091935e-02
     vertex  2.800000e-02 -1.027811e-03  2.223413e-02
   endloop
 endfacet
 facet normal -1.000000e+00  0.000000e+00  0.000000e+00
   outer loop
     vertex  2.800000e-02 -6.715447e-04  1.598290e-02
     vertex  2.800000e-02 -9.258110e-04  1.819989e-02
     vertex  2.800000e-02  1.117859e-03  1.768700e-02
   endloop
 endfacet
 facet normal -1.000000e+00  0.000000e+00  0.000000e+00
   outer loop
     vertex  2.800000e-02 -6.715447e-04  1.598290e-02
     vertex  2.800000e-02  1.117859e-03  1.768700e-02
     vertex  2.800000e-02  1.462668e-03  1.598956e-02
   endloop
 endfacet
 facet normal -1.000000e+00  0.000000e+00  0.000000e+00
   outer loop
     vertex  2.800000e-02 -1.488328e-03  2.588281e-02
     vertex  2.800000e-02 -1.123983e-03  2.759763e-02
     vertex  2.800000e-02  6.253480e-04  2.588220e-02
   endloop
 endfacet
 facet normal -1.000000e+00  0.000000e+00  0.000000e+00
   outer loop
     vertex  2.800000e-02 -1.027811e-03  2.223413e-02
     vertex  2.800000e-02  9.856169e-04  2.160892e-02
     vertex  2.800000e-02 -9.892404e-04  2.024003e-02
   endloop
 endfacet
 facet normal -1.000000e+00  0.000000e+00  0.000000e+00
   outer loop
     vertex  2.800000e-02 -1.011292e-03  2.954836e-02
     vertex  2.800000e-02 -9.224341e-04  3.158608e-02
     vertex  2.800000e-02  1.011862e-03  3.015024e-02
   endloop
 endfacet
 facet normal -1.000000e+00  0.000000e+00  0.000000e+00
   outer loop
     vertex  2.800000e-02  1.285038e-03  1.310644e-01
     vertex  2.800000e-02  1.095173e-03  1.292534e-01
     vertex  2.800000e-02 -7.826299e-04  1.305673e-01
   endloop
 endfacet
 facet normal -1.000000e+00  0.000000e+00  0.000000e+00
   outer loop
     vertex  2.800000e-02 -6.269288e-04  3.381539e-02
     vertex  2.800000e-02 -9.226122e-04  3.604438e-02
     vertex  2.800000e-02  1.123568e-03  3.553065e-02
   endloop
 endfacet
 facet normal -1.000000e+00  0.000000e+00 -0.000000e+00
   outer loop
     vertex  2.800000e-02  9.947244e-04  1.434059e-02
     vertex  2.800000e-02  3.000000e-03  1.298387e-02
     vertex  2.800000e-02  5.221170e-04  1.262523e-02
   endloop
 endfacet
 facet normal -1.000000e+00  0.000000e+00  0.000000e+00
   outer loop
     vertex  2.800000e-02 -1.011739e-03  3.808245e-02
     vertex  2.800000e-02 -1.124417e-03  4.003279e-02
     vertex  2.800000e-02  9.220339e-04  3.951911e-02
   endloop
 endfacet
 facet normal -1.000000e+00  0.000000e+00  0.000000e+00
   outer loop
     vertex  2.800000e-02 -1.008613e-03  4.736871e-02
     vertex  2.800000e-02 -1.002260e-03  4.935336e-02
     vertex  2.800000e-02  9.939838e-04  4.802383e-02
   endloop
 endfacet
 facet normal -1.000000e+00  0.000000e+00  0.000000e+00
   outer loop
     vertex  2.800000e-02 -1.488997e-03  4.174666e-02
     vertex  2.800000e-02 -1.129332e-03  4.345710e-02
     vertex  2.800000e-02  6.245600e-04  4.174801e-02
   endloop
 endfacet
 facet normal -1.000000e+00  0.000000e+00  0.000000e+00
   outer loop
     vertex  2.800000e-02 -9.224341e-04  3.158608e-02
     vertex  2.800000e-02 -6.269288e-04  3.381539e-02
     vertex  2.800000e-02  1.123731e-03  3.210084e-02
   endloop
 endfacet
 facet normal -1.000000e+00  0.000000e+00  0.000000e+00
   outer loop
     vertex  2.800000e-02  9.939838e-04  4.802383e-02
     vertex  2.800000e-02  9.778641e-04  4.602206e-02
     vertex  2.800000e-02 -1.008613e-03  4.736871e-02
   endloop
 endfacet
 facet normal -1.000000e+00  0.000000e+00  0.000000e+00
   outer loop
     vertex  2.800000e-02 -1.124417e-03  4.003279e-02
     vertex  2.800000e-02 -1.488997e-03  4.174666e-02
     vertex  2.800000e-02  6.245600e-04  4.174801e-02
   endloop
 endfacet
 facet normal -1.000000e+00  0.000000e+00  0.000000e+00
   outer loop
     vertex  2.800000e-02 -1.002260e-03  4.935336e-02
     vertex  2.800000e-02 -1.000754e-03  5.133896e-02
     vertex  2.800000e-02  9.981487e-04  5.001425e-02
   endloop
 endfacet
 facet normal -1.000000e+00  0.000000e+00  0.000000e+00
   outer loop
     vertex  2.800000e-02 -1.000754e-03  5.133896e-02
     vertex  2.800000e-02 -1.000722e-03  5.332430e-02
     vertex  2.800000e-02  9.992180e-04  5.200060e-02
   endloop
 endfacet
 facet normal -1.000000e+00  0.000000e+00  0.000000e+00
   outer loop
     vertex  2.800000e-02  9.995634e-04  5.596912e-02
     vertex  2.800000e-02  9.994256e-04  5.398544e-02
     vertex  2.800000e-02 -1.000595e-03  5.530813e-02
   endloop
 endfacet
 facet normal -1.000000e+00  0.000000e+00  0.000000e+00
   outer loop
     vertex  2.800000e-02 -1.000595e-03  5.530813e-02
     vertex  2.800000e-02 -1.000317e-03  5.729161e-02
     vertex  2.800000e-02  9.995634e-04  5.596912e-02
   endloop
 endfacet
 facet normal -1.000000e+00  0.000000e+00  0.000000e+00
   outer loop
     vertex  2.800000e-02 -1.000317e-03  5.729161e-02
     vertex  2.800000e-02 -1.000429e-03  5.927589e-02
     vertex  2.800000e-02  9.993936e-04  5.795355e-02
   endloop
 endfacet
 facet normal -1.000000e+00  0.000000e+00  0.000000e+00
   outer loop
     vertex  2.800000e-02 -1.000429e-03  5.927589e-02
     vertex  2.800000e-02 -1.000579e-03  6.126021e-02
     vertex  2.800000e-02  9.991525e-04  5.993806e-02
   endloop
 endfacet
 facet normal -1.000000e+00  0.000000e+00  0.000000e+00
   outer loop
     vertex  2.800000e-02 -1.000579e-03  6.126021e-02
     vertex  2.800000e-02 -1.000724e-03  6.324439e-02
     vertex  2.800000e-02  9.989508e-04  6.192250e-02
   endloop
 endfacet
 facet normal -1.000000e+00  0.000000e+00  0.000000e+00
   outer loop
     vertex  2.800000e-02 -1.000724e-03  6.324439e-02
     vertex  2.800000e-02 -1.001035e-03  6.522824e-02
     vertex  2.800000e-02  9.990943e-04  6.390630e-02
   endloop
 endfacet
 facet normal -1.000000e+00  0.000000e+00  0.000000e+00
   outer loop
     vertex  2.800000e-02  9.998222e-04  6.787154e-02
     vertex  2.800000e-02  9.994341e-04  6.588910e-02
     vertex  2.800000e-02 -1.000364e-03  6.721048e-02
   endloop
 endfacet
 facet normal -1.000000e+00  0.000000e+00  0.000000e+00
   outer loop
     vertex  2.800000e-02 -1.000364e-03  6.721048e-02
     vertex  2.800000e-02 -1.000084e-03  6.919316e-02
     vertex  2.800000e-02  9.998222e-04  6.787154e-02
   endloop
 endfacet
 facet normal -1.000000e+00  0.000000e+00 -0.000000e+00
   outer loop
     vertex  2.800000e-02  9.996949e-04  7.183910e-02
     vertex  2.800000e-02  9.998852e-04  6.985478e-02
     vertex  2.800000e-02 -1.000096e-03  7.117730e-02
   endloop
 endfacet
 facet normal -1.000000e+00  0.000000e+00  0.000000e+00
   outer loop
     vertex  2.800000e-02 -1.000096e-03  7.117730e-02
     vertex  2.800000e-02 -1.000348e-03  7.316198e-02
     vertex  2.800000e-02  9.996949e-04  7.183910e-02
   endloop
 endfacet
 facet normal -1.000000e+00  0.000000e+00  0.000000e+00
   outer loop
     vertex  2.800000e-02  9.995552e-04  7.580772e-02
     vertex  2.800000e-02  9.995364e-04  7.382355e-02
     vertex  2.800000e-02 -1.000388e-03  7.514637e-02
   endloop
 endfacet
 facet normal -1.000000e+00  0.000000e+00  0.000000e+00
   outer loop
     vertex  2.800000e-02 -1.000388e-03  7.514637e-02
     vertex  2.800000e-02 -1.000315e-03  7.713040e-02
     vertex  2.800000e-02  9.995552e-04  7.580772e-02
   endloop
 endfacet
 facet normal -1.000000e+00  0.000000e+00  0.000000e+00
   outer loop
     vertex  2.800000e-02 -1.000315e-03  7.713040e-02
     vertex  2.800000e-02 -1.000535e-03  7.911521e-02
     vertex  2.800000e-02  9.992113e-04  7.779264e-02
   endloop
 endfacet
 facet normal -1.000000e+00  0.000000e+00  0.000000e+00
   outer loop
     vertex  2.800000e-02 -1.000535e-03  7.911521e-02
     vertex  2.800000e-02 -1.000808e-03  8.110026e-02
     vertex  2.800000e-02  9.987735e-04  7.977798e-02
   endloop
 endfacet
 facet normal -1.000000e+00  0.000000e+00  0.000000e+00
   outer loop
     vertex  2.800000e-02 -1.000808e-03  8.110026e-02
     vertex  2.800000e-02 -1.001087e-03  8.308536e-02
     vertex  2.800000e-02  9.983282e-04  8.176352e-02
   endloop
 endfacet
 facet normal -1.000000e+00  0.000000e+00  0.000000e+00
   outer loop
     vertex  2.800000e-02 -1.001087e-03  8.308536e-02
     vertex  2.800000e-02 -1.001311e-03  8.507022e-02
     vertex  2.800000e-02  9.979939e-04  8.374890e-02
   endloop
 endfacet
 facet normal -1.000000e+00  0.000000e+00  0.000000e+00
   outer loop
     vertex  2.800000e-02 -1.001311e-03  8.507022e-02
     vertex  2.800000e-02 -1.001438e-03  8.705464e-02
     vertex  2.800000e-02  9.978399e-04  8.573373e-02
   endloop
 endfacet
 facet normal -1.000000e+00  0.000000e+00  0.000000e+00
   outer loop
     vertex  2.800000e-02 -1.001438e-03  8.705464e-02
     vertex  2.800000e-02 -1.001475e-03  8.903862e-02
     vertex  2.800000e-02  9.978382e-04  8.771786e-02
   endloop
 endfacet
 facet normal -1.000000e+00  0.000000e+00  0.000000e+00
   outer loop
     vertex  2.800000e-02 -1.001475e-03  8.903862e-02
     vertex  2.800000e-02 -1.001456e-03  9.102233e-02
     vertex  2.800000e-02  9.978671e-04  8.970159e-02
   endloop
 endfacet
 facet normal -1.000000e+00  0.000000e+00  0.000000e+00
   outer loop
     vertex  2.800000e-02 -1.001456e-03  9.102233e-02
     vertex  2.800000e-02 -1.001414e-03  9.300591e-02
     vertex  2.800000e-02  9.979290e-04  9.168518e-02
   endloop
 endfacet
 facet normal -1.000000e+00  0.000000e+00  0.000000e+00
   outer loop
     vertex  2.800000e-02 -1.001414e-03  9.300591e-02
     vertex  2.800000e-02 -1.001334e-03  9.498931e-02
     vertex  2.800000e-02  9.980527e-04  9.366856e-02
   endloop
 endfacet
 facet normal -1.000000e+00  0.000000e+00  0.000000e+00
   outer loop
     vertex  2.800000e-02 -1.001334e-03  9.498931e-02
     vertex  2.800000e-02 -1.001218e-03  9.697252e-02
     vertex  2.800000e-02  9.982839e-04  9.565159e-02
   endloop
 endfacet
 facet normal -1.000000e+00  0.000000e+00  0.000000e+00
   outer loop
     vertex  2.800000e-02 -1.001218e-03  9.697252e-02
     vertex  2.800000e-02 -1.001351e-03  9.895581e-02
     vertex  2.800000e-02  9.987611e-04  9.763412e-02
   endloop
 endfacet
 facet normal -1.000000e+00  0.000000e+00  0.000000e+00
   outer loop
     vertex  2.800000e-02  9.996025e-04  1.015987e-01
     vertex  2.800000e-02  9.991506e-04  9.961645e-02
     vertex  2.800000e-02 -1.000569e-03  1.009377e-01
   endloop
 endfacet
 facet normal -1.000000e+00  0.000000e+00  0.000000e+00
   outer loop
     vertex  2.800000e-02 -1.000569e-03  1.009377e-01
     vertex  2.800000e-02 -1.000485e-03  1.029213e-01
     vertex  2.800000e-02  9.996025e-04  1.015987e-01
   endloop
 endfacet
 facet normal -1.000000e+00  0.000000e+00  0.000000e+00
   outer loop
     vertex  2.800000e-02  9.996531e-04  1.055659e-01
     vertex  2.800000e-02  9.996468e-04  1.035823e-01
     vertex  2.800000e-02 -1.000395e-03  1.049048e-01
   endloop
 endfacet
 facet normal -1.000000e+00  0.000000e+00  0.000000e+00
   outer loop
     vertex  2.800000e-02 -1.000395e-03  1.049048e-01
     vertex  2.800000e-02 -1.000269e-03  1.068885e-01
     vertex  2.800000e-02  9.996531e-04  1.055659e-01
   endloop
 endfacet
 facet normal -1.000000e+00  0.000000e+00  0.000000e+00
   outer loop
     vertex  2.800000e-02 -1.000269e-03  1.068885e-01
     vertex  2.800000e-02 -1.000430e-03  1.088729e-01
     vertex  2.800000e-02  9.993954e-04  1.075505e-01
   endloop
 endfacet
 facet normal -1.000000e+00  0.000000e+00  0.000000e+00
   outer loop
     vertex  2.800000e-02 -1.000430e-03  1.088729e-01
     vertex  2.800000e-02 -1.000667e-03  1.108577e-01
     vertex  2.800000e-02  9.990170e-04  1.095354e-01
   endloop
 endfacet
 facet normal -1.000000e+00  0.000000e+00  0.000000e+00
   outer loop
     vertex  2.800000e-02 -1.000667e-03  1.108577e-01
     vertex  2.800000e-02 -1.000919e-03  1.128424e-01
     vertex  2.800000e-02  9.986222e-04  1.115205e-01
   endloop
 endfacet
 facet normal -1.000000e+00  0.000000e+00  0.000000e+00
   outer loop
     vertex  2.800000e-02 -1.000919e-03  1.128424e-01
     vertex  2.800000e-02 -1.001149e-03  1.148270e-01
     vertex  2.800000e-02  9.983836e-04  1.135053e-01
   endloop
 endfacet
 facet normal -1.000000e+00  0.000000e+00  0.000000e+00
   outer loop
     vertex  2.800000e-02 -1.001149e-03  1.148270e-01
     vertex  2.800000e-02 -1.001770e-03  1.168114e-01
     vertex  2.800000e-02  9.985840e-04  1.154891e-01
   endloop
 endfacet
 facet normal -1.000000e+00  0.000000e+00  0.000000e+00
   outer loop
     vertex  2.800000e-02  9.995999e-04  1.194530e-01
     vertex  2.800000e-02  9.987540e-04  1.174719e-01
     vertex  2.800000e-02 -1.000884e-03  1.187927e-01
   endloop
 endfacet
 facet normal -1.000000e+00  0.000000e+00  0.000000e+00
   outer loop
     vertex  2.800000e-02 -1.000884e-03  1.187927e-01
     vertex  2.800000e-02 -1.000187e-03  1.207740e-01
     vertex  2.800000e-02  9.995999e-04  1.194530e-01
   endloop
 endfacet
 facet normal -1.000000e+00  0.000000e+00  0.000000e+00
   outer loop
     vertex  2.800000e-02 -1.000187e-03  1.207740e-01
     vertex  2.800000e-02 -9.993758e-04  1.227550e-01
     vertex  2.800000e-02  1.000075e-03  1.214348e-01
   endloop
 endfacet
 facet normal -1.000000e+00  0.000000e+00  0.000000e+00
   outer loop
     vertex  2.800000e-02 -9.993758e-04  1.227550e-01
     vertex  2.800000e-02 -9.962149e-04  1.247323e-01
     vertex  2.800000e-02  1.001819e-03  1.234140e-01
   endloop
 endfacet
 facet normal -1.000000e+00  0.000000e+00  0.000000e+00
   outer loop
     vertex  2.800000e-02 -9.962149e-04  1.247323e-01
     vertex  2.800000e-02 -9.844352e-04  1.267011e-01
     vertex  2.800000e-02  1.007999e-03  1.253863e-01
   endloop
 endfacet
 facet normal -1.000000e+00  0.000000e+00  0.000000e+00
   outer loop
     vertex  2.800000e-02 -9.844352e-04  1.267011e-01
     vertex  2.800000e-02 -9.414303e-04  1.286512e-01
     vertex  2.800000e-02  1.028687e-03  1.273414e-01
   endloop
 endfacet
 facet normal -1.000000e+00  0.000000e+00  0.000000e+00
   outer loop
     vertex  2.800000e-02 -1.011739e-03  3.808245e-02
     vertex  2.800000e-02  1.011184e-03  3.748106e-02
     vertex  2.800000e-02 -9.226122e-04  3.604438e-02
   endloop
 endfacet
 facet normal -1.000000e+00  0.000000e+00  0.000000e+00
   outer loop
     vertex  2.800000e-02 -1.127378e-03  2.417178e-02
     vertex  2.800000e-02 -1.488328e-03  2.588281e-02
     vertex  2.800000e-02  6.253480e-04  2.588220e-02
   endloop
 endfacet
 facet normal -1.000000e+00  0.000000e+00  0.000000e+00
   outer loop
     vertex  2.800000e-02 -9.258110e-04  1.819989e-02
     vertex  2.800000e-02 -9.892404e-04  2.024003e-02
     vertex  2.800000e-02  1.024104e-03  1.961666e-02
   endloop
 endfacet
 facet normal -1.000000e+00  0.000000e+00  0.000000e+00
   outer loop
     vertex  2.800000e-02 -7.826299e-04  1.305673e-01
     vertex  2.800000e-02 -3.000000e-03  1.320161e-01
     vertex  2.800000e-02 -1.894140e-04  1.323775e-01
   endloop
 endfacet
 facet normal -1.000000e+00  0.000000e+00  0.000000e+00
   outer loop
     vertex  2.800000e-02 -1.129332e-03  4.345710e-02
     vertex  2.800000e-02 -1.033264e-03  4.539096e-02
     vertex  2.800000e-02  9.140499e-04  4.397744e-02
   endloop
 endfacet
 facet normal -1.000000e+00  0.000000e+00  0.000000e+00
   outer loop
     vertex  2.800000e-02  1.462668e-03  1.598956e-02
     vertex  2.800000e-02  9.947244e-04  1.434059e-02
     vertex  2.800000e-02 -6.715447e-04  1.598290e-02
   endloop
 endfacet
 facet normal -1.000000e+00  0.000000e+00  0.000000e+00
   outer loop
     vertex  2.800000e-02 -1.894140e-04  1.323775e-01
     vertex  2.800000e-02  1.614027e-03  1.326747e-01
     vertex  2.800000e-02  1.285038e-03  1.310644e-01
   endloop
 endfacet
 facet normal -1.000000e+00  0.000000e+00  0.000000e+00
   outer loop
     vertex  2.800000e-02 -1.000000e-03  1.100000e-02
     vertex  2.800000e-02 -1.085755e-03  1.371323e-02
     vertex  2.800000e-02  5.221170e-04  1.262523e-02
   endloop
 endfacet
 facet normal -1.000000e+00  0.000000e+00  0.000000e+00
   outer loop
     vertex  2.800000e-02  5.221170e-04  1.262523e-02
     vertex  2.800000e-02 -1.085755e-03  1.371323e-02
     vertex  2.800000e-02  9.947244e-04  1.434059e-02
   endloop
 endfacet
 facet normal -1.000000e+00  0.000000e+00  0.000000e+00
   outer loop
     vertex  2.800000e-02 -9.258110e-04  1.819989e-02
     vertex  2.800000e-02  1.024104e-03  1.961666e-02
     vertex  2.800000e-02  1.117859e-03  1.768700e-02
   endloop
 endfacet
 facet normal -1.000000e+00  0.000000e+00  0.000000e+00
   outer loop
     vertex  2.800000e-02  1.024104e-03  1.961666e-02
     vertex  2.800000e-02 -9.892404e-04  2.024003e-02
     vertex  2.800000e-02  9.856169e-04  2.160892e-02
   endloop
 endfacet
 facet normal -1.000000e+00  0.000000e+00 -0.000000e+00
   outer loop
     vertex  2.800000e-02  9.162268e-04  2.365314e-02
     vertex  2.800000e-02  9.856169e-04  2.160892e-02
     vertex  2.800000e-02 -1.027811e-03  2.223413e-02
   endloop
 endfacet
 facet normal -1.000000e+00  0.000000e+00 -0.000000e+00
   outer loop
     vertex  2.800000e-02  6.253480e-04  2.588220e-02
     vertex  2.800000e-02  9.162268e-04  2.365314e-02
     vertex  2.800000e-02 -1.127378e-03  2.417178e-02
   endloop
 endfacet
 facet normal -1.000000e+00  0.000000e+00  0.000000e+00
   outer loop
     vertex  2.800000e-02  9.226473e-04  2.811157e-02
     vertex  2.800000e-02  6.253480e-04  2.588220e-02
     vertex  2.800000e-02 -1.123983e-03  2.759763e-02
   endloop
 endfacet
 facet normal -1.000000e+00  0.000000e+00  0.000000e+00
   outer loop
     vertex  2.800000e-02 -1.123983e-03  2.759763e-02
     vertex  2.800000e-02 -1.011292e-03  2.954836e-02
     vertex  2.800000e-02  9.226473e-04  2.811157e-02
   endloop
 endfacet
 facet normal -1.000000e+00  0.000000e+00  0.000000e+00
   outer loop
     vertex  2.800000e-02  1.123731e-03  3.210084e-02
     vertex  2.800000e-02  1.011862e-03  3.015024e-02
     vertex  2.800000e-02 -9.224341e-04  3.158608e-02
   endloop
 endfacet
 facet normal -1.000000e+00  0.000000e+00 -0.000000e+00
   outer loop
     vertex  2.800000e-02  6.245600e-04  4.174801e-02
     vertex  2.800000e-02  9.220339e-04  3.951911e-02
     vertex  2.800000e-02 -1.124417e-03  4.003279e-02
   endloop
 endfacet
 facet normal -1.000000e+00  0.000000e+00  0.000000e+00
   outer loop
     vertex  2.800000e-02  9.140499e-04  4.397744e-02
     vertex  2.800000e-02  6.245600e-04  4.174801e-02
     vertex  2.800000e-02 -1.129332e-03  4.345710e-02
   endloop
 endfacet
 facet normal -1.000000e+00  0.000000e+00  0.000000e+00
   outer loop
     vertex  2.800000e-02  9.981487e-04  5.001425e-02
     vertex  2.800000e-02  9.939838e-04  4.802383e-02
     vertex  2.800000e-02 -1.002260e-03  4.935336e-02
   endloop
 endfacet
 facet normal -1.000000e+00  0.000000e+00  0.000000e+00
   outer loop
     vertex  2.800000e-02  9.992180e-04  5.200060e-02
     vertex  2.800000e-02  9.981487e-04  5.001425e-02
     vertex  2.800000e-02 -1.000754e-03  5.133896e-02
   endloop
 endfacet
 facet normal -1.000000e+00  0.000000e+00 -0.000000e+00
   outer loop
     vertex  2.800000e-02  9.993936e-04  5.795355e-02
     vertex  2.800000e-02  9.995634e-04  5.596912e-02
     vertex  2.800000e-02 -1.000317e-03  5.729161e-02
   endloop
 endfacet
 facet normal -1.000000e+00  0.000000e+00 -0.000000e+00
   outer loop
     vertex  2.800000e-02  9.991525e-04  5.993806e-02
     vertex  2.800000e-02  9.993936e-04  5.795355e-02
     vertex  2.800000e-02 -1.000429e-03  5.927589e-02
   endloop
 endfacet
 facet normal -1.000000e+00  0.000000e+00 -0.000000e+00
   outer loop
     vertex  2.800000e-02  9.989508e-04  6.192250e-02
     vertex  2.800000e-02  9.991525e-04  5.993806e-02
     vertex  2.800000e-02 -1.000579e-03  6.126021e-02
   endloop
 endfacet
 facet normal -1.000000e+00  0.000000e+00  0.000000e+00
   outer loop
     vertex  2.800000e-02  9.990943e-04  6.390630e-02
     vertex  2.800000e-02  9.989508e-04  6.192250e-02
     vertex  2.800000e-02 -1.000724e-03  6.324439e-02
   endloop
 endfacet
 facet normal -1.000000e+00  0.000000e+00 -0.000000e+00
   outer loop
     vertex  2.800000e-02  9.992113e-04  7.779264e-02
     vertex  2.800000e-02  9.995552e-04  7.580772e-02
     vertex  2.800000e-02 -1.000315e-03  7.713040e-02
   endloop
 endfacet
 facet normal -1.000000e+00  0.000000e+00 -0.000000e+00
   outer loop
     vertex  2.800000e-02  9.987735e-04  7.977798e-02
     vertex  2.800000e-02  9.992113e-04  7.779264e-02
     vertex  2.800000e-02 -1.000535e-03  7.911521e-02
   endloop
 endfacet
 facet normal -1.000000e+00  0.000000e+00 -0.000000e+00
   outer loop
     vertex  2.800000e-02  9.983282e-04  8.176352e-02
     vertex  2.800000e-02  9.987735e-04  7.977798e-02
     vertex  2.800000e-02 -1.000808e-03  8.110026e-02
   endloop
 endfacet
 facet normal -1.000000e+00  0.000000e+00 -0.000000e+00
   outer loop
     vertex  2.800000e-02  9.979939e-04  8.374890e-02
     vertex  2.800000e-02  9.983282e-04  8.176352e-02
     vertex  2.800000e-02 -1.001087e-03  8.308536e-02
   endloop
 endfacet
 facet normal -1.000000e+00  0.000000e+00 -0.000000e+00
   outer loop
     vertex  2.800000e-02  9.978399e-04  8.573373e-02
     vertex  2.800000e-02  9.979939e-04  8.374890e-02
     vertex  2.800000e-02 -1.001311e-03  8.507022e-02
   endloop
 endfacet
 facet normal -1.000000e+00  0.000000e+00 -0.000000e+00
   outer loop
     vertex  2.800000e-02  9.978382e-04  8.771786e-02
     vertex  2.800000e-02  9.978399e-04  8.573373e-02
     vertex  2.800000e-02 -1.001438e-03  8.705464e-02
   endloop
 endfacet
 facet normal -1.000000e+00  0.000000e+00  0.000000e+00
   outer loop
     vertex  2.800000e-02  9.978671e-04  8.970159e-02
     vertex  2.800000e-02  9.978382e-04  8.771786e-02
     vertex  2.800000e-02 -1.001475e-03  8.903862e-02
   endloop
 endfacet
 facet normal -1.000000e+00  0.000000e+00  0.000000e+00
   outer loop
     vertex  2.800000e-02  9.979290e-04  9.168518e-02
     vertex  2.800000e-02  9.978671e-04  8.970159e-02
     vertex  2.800000e-02 -1.001456e-03  9.102233e-02
   endloop
 endfacet
 facet normal -1.000000e+00  0.000000e+00  0.000000e+00
   outer loop
     vertex  2.800000e-02  9.980527e-04  9.366856e-02
     vertex  2.800000e-02  9.979290e-04  9.168518e-02
     vertex  2.800000e-02 -1.001414e-03  9.300591e-02
   endloop
 endfacet
 facet normal -1.000000e+00  0.000000e+00  0.000000e+00
   outer loop
     vertex  2.800000e-02  9.982839e-04  9.565159e-02
     vertex  2.800000e-02  9.980527e-04  9.366856e-02
     vertex  2.800000e-02 -1.001334e-03  9.498931e-02
   endloop
 endfacet
 facet normal -1.000000e+00  0.000000e+00  0.000000e+00
   outer loop
     vertex  2.800000e-02  9.987611e-04  9.763412e-02
     vertex  2.800000e-02  9.982839e-04  9.565159e-02
     vertex  2.800000e-02 -1.001218e-03  9.697252e-02
   endloop
 endfacet
 facet normal -1.000000e+00  0.000000e+00 -0.000000e+00
   outer loop
     vertex  2.800000e-02  9.993954e-04  1.075505e-01
     vertex  2.800000e-02  9.996531e-04  1.055659e-01
     vertex  2.800000e-02 -1.000269e-03  1.068885e-01
   endloop
 endfacet
 facet normal -1.000000e+00  0.000000e+00 -0.000000e+00
   outer loop
     vertex  2.800000e-02  9.990170e-04  1.095354e-01
     vertex  2.800000e-02  9.993954e-04  1.075505e-01
     vertex  2.800000e-02 -1.000430e-03  1.088729e-01
   endloop
 endfacet
 facet normal -1.000000e+00  0.000000e+00 -0.000000e+00
   outer loop
     vertex  2.800000e-02  9.986222e-04  1.115205e-01
     vertex  2.800000e-02  9.990170e-04  1.095354e-01
     vertex  2.800000e-02 -1.000667e-03  1.108577e-01
   endloop
 endfacet
 facet normal -1.000000e+00  0.000000e+00 -0.000000e+00
   outer loop
     vertex  2.800000e-02  9.983836e-04  1.135053e-01
     vertex  2.800000e-02  9.986222e-04  1.115205e-01
     vertex  2.800000e-02 -1.000919e-03  1.128424e-01
   endloop
 endfacet
 facet normal -1.000000e+00  0.000000e+00  0.000000e+00
   outer loop
     vertex  2.800000e-02  9.985840e-04  1.154891e-01
     vertex  2.800000e-02  9.983836e-04  1.135053e-01
     vertex  2.800000e-02 -1.001149e-03  1.148270e-01
   endloop
 endfacet
 facet normal -1.000000e+00  0.000000e+00  0.000000e+00
   outer loop
     vertex  2.800000e-02  1.000075e-03  1.214348e-01
     vertex  2.800000e-02  9.995999e-04  1.194530e-01
     vertex  2.800000e-02 -1.000187e-03  1.207740e-01
   endloop
 endfacet
 facet normal -1.000000e+00  0.000000e+00  0.000000e+00
   outer loop
     vertex  2.800000e-02  1.001819e-03  1.234140e-01
     vertex  2.800000e-02  1.000075e-03  1.214348e-01
     vertex  2.800000e-02 -9.993758e-04  1.227550e-01
   endloop
 endfacet
 facet normal -1.000000e+00  0.000000e+00  0.000000e+00
   outer loop
     vertex  2.800000e-02  1.007999e-03  1.253863e-01
     vertex  2.800000e-02  1.001819e-03  1.234140e-01
     vertex  2.800000e-02 -9.962149e-04  1.247323e-01
   endloop
 endfacet
 facet normal -1.000000e+00  0.000000e+00  0.000000e+00
   outer loop
     vertex  2.800000e-02  1.028687e-03  1.273414e-01
     vertex  2.800000e-02  1.007999e-03  1.253863e-01
     vertex  2.800000e-02 -9.844352e-04  1.267011e-01
   endloop
 endfacet
 facet normal -1.000000e+00 -0.000000e+00  0.000000e+00
   outer loop
     vertex  2.800000e-02  9.947244e-04  1.434059e-02
     vertex  2.800000e-02 -1.085755e-03  1.371323e-02
     vertex  2.800000e-02 -6.715447e-04  1.598290e-02
   endloop
 endfacet
 facet normal -1.000000e+00  0.000000e+00  0.000000e+00
   outer loop
     vertex  2.800000e-02  1.011862e-03  3.015024e-02
     vertex  2.800000e-02  9.226473e-04  2.811157e-02
     vertex  2.800000e-02 -1.011292e-03  2.954836e-02
   endloop
 endfacet
 facet normal -1.000000e+00  0.000000e+00  0.000000e+00
   outer loop
     vertex  2.800000e-02 -1.027811e-03  2.223413e-02
     vertex  2.800000e-02 -1.127378e-03  2.417178e-02
     vertex  2.800000e-02  9.162268e-04  2.365314e-02
   endloop
 endfacet
 facet normal -1.000000e+00  0.000000e+00  0.000000e+00
   outer loop
     vertex  2.800000e-02 -7.826299e-04  1.305673e-01
     vertex  2.800000e-02 -1.894140e-04  1.323775e-01
     vertex  2.800000e-02  1.285038e-03  1.310644e-01
   endloop
 endfacet
 facet normal -1.000000e+00  0.000000e+00  0.000000e+00
   outer loop
     vertex  2.800000e-02 -6.269288e-04  3.381539e-02
     vertex  2.800000e-02  1.123568e-03  3.553065e-02
     vertex  2.800000e-02  1.486817e-03  3.381579e-02
   endloop
 endfacet
 facet normal -1.000000e+00  0.000000e+00  0.000000e+00
   outer loop
     vertex  2.800000e-02 -1.033264e-03  4.539096e-02
     vertex  2.800000e-02 -1.008613e-03  4.736871e-02
     vertex  2.800000e-02  9.778641e-04  4.602206e-02
   endloop
 endfacet
 facet normal -1.000000e+00  0.000000e+00  0.000000e+00
   outer loop
     vertex  2.800000e-02  9.992180e-04  5.200060e-02
     vertex  2.800000e-02 -1.000722e-03  5.332430e-02
     vertex  2.800000e-02  9.994256e-04  5.398544e-02
   endloop
 endfacet
 facet normal -1.000000e+00  0.000000e+00  0.000000e+00
   outer loop
     vertex  2.800000e-02 -1.000722e-03  5.332430e-02
     vertex  2.800000e-02 -1.000595e-03  5.530813e-02
     vertex  2.800000e-02  9.994256e-04  5.398544e-02
   endloop
 endfacet
 facet normal -1.000000e+00  0.000000e+00  0.000000e+00
   outer loop
     vertex  2.800000e-02 -1.001035e-03  6.522824e-02
     vertex  2.800000e-02 -1.000364e-03  6.721048e-02
     vertex  2.800000e-02  9.994341e-04  6.588910e-02
   endloop
 endfacet
 facet normal -1.000000e+00  0.000000e+00  0.000000e+00
   outer loop
     vertex  2.800000e-02  9.998222e-04  6.787154e-02
     vertex  2.800000e-02 -1.000084e-03  6.919316e-02
     vertex  2.800000e-02  9.998852e-04  6.985478e-02
   endloop
 endfacet
 facet normal -1.000000e+00  0.000000e+00  0.000000e+00
   outer loop
     vertex  2.800000e-02 -1.000348e-03  7.316198e-02
     vertex  2.800000e-02 -1.000388e-03  7.514637e-02
     vertex  2.800000e-02  9.995364e-04  7.382355e-02
   endloop
 endfacet
 facet normal -1.000000e+00  0.000000e+00  0.000000e+00
   outer loop
     vertex  2.800000e-02  9.996949e-04  7.183910e-02
     vertex  2.800000e-02 -1.000348e-03  7.316198e-02
     vertex  2.800000e-02  9.995364e-04  7.382355e-02
   endloop
 endfacet
 facet normal -1.000000e+00  0.000000e+00  0.000000e+00
   outer loop
     vertex  2.800000e-02 -1.001351e-03  9.895581e-02
     vertex  2.800000e-02 -1.000569e-03  1.009377e-01
     vertex  2.800000e-02  9.991506e-04  9.961645e-02
   endloop
 endfacet
 facet normal -1.000000e+00  0.000000e+00  0.000000e+00
   outer loop
     vertex  2.800000e-02  9.996025e-04  1.015987e-01
     vertex  2.800000e-02 -1.000485e-03  1.029213e-01
     vertex  2.800000e-02  9.996468e-04  1.035823e-01
   endloop
 endfacet
 facet normal -1.000000e+00  0.000000e+00  0.000000e+00
   outer loop
     vertex  2.800000e-02 -1.001770e-03  1.168114e-01
     vertex  2.800000e-02 -1.000884e-03  1.187927e-01
     vertex  2.800000e-02  9.987540e-04  1.174719e-01
   endloop
 endfacet
 facet normal -1.000000e+00  0.000000e+00  0.000000e+00
   outer loop
     vertex  2.800000e-02  1.123568e-03  3.553065e-02
     vertex  2.800000e-02 -9.226122e-04  3.604438e-02
     vertex  2.800000e-02  1.011184e-03  3.748106e-02
   endloop
 endfacet
 facet normal -1.000000e+00  0.000000e+00  0.000000e+00
   outer loop
     vertex  2.800000e-02  9.140499e-04  4.397744e-02
     vertex  2.800000e-02 -1.033264e-03  4.539096e-02
     vertex  2.800000e-02  9.778641e-04  4.602206e-02
   endloop
 endfacet
 facet normal -1.000000e+00  0.000000e+00  0.000000e+00
   outer loop
     vertex  2.800000e-02  1.486817e-03  3.381579e-02
     vertex  2.800000e-02  1.123731e-03  3.210084e-02
     vertex  2.800000e-02 -6.269288e-04  3.381539e-02
   endloop
 endfacet
 facet normal -1.000000e+00  0.000000e+00 -0.000000e+00
   outer loop
     vertex  2.800000e-02  9.220339e-04  3.951911e-02
     vertex  2.800000e-02  1.011184e-03  3.748106e-02
     vertex  2.800000e-02 -1.011739e-03  3.808245e-02
   endloop
 endfacet
 facet normal -1.000000e+00  0.000000e+00  0.000000e+00
   outer loop
     vertex  2.800000e-02 -1.001035e-03  6.522824e-02
     vertex  2.800000e-02  9.994341e-04  6.588910e-02
     vertex  2.800000e-02  9.990943e-04  6.390630e-02
   endloop
 endfacet
 facet normal -1.000000e+00  0.000000e+00  0.000000e+00
   outer loop
     vertex  2.800000e-02 -1.000084e-03  6.919316e-02
     vertex  2.800000e-02 -1.000096e-03  7.117730e-02
     vertex  2.800000e-02  9.998852e-04  6.985478e-02
   endloop
 endfacet
 facet normal -1.000000e+00  0.000000e+00  0.000000e+00
   outer loop
     vertex  2.800000e-02 -1.001351e-03  9.895581e-02
     vertex  2.800000e-02  9.991506e-04  9.961645e-02
     vertex  2.800000e-02  9.987611e-04  9.763412e-02
   endloop
 endfacet
 facet normal -1.000000e+00  0.000000e+00  0.000000e+00
   outer loop
     vertex  2.800000e-02 -1.000485e-03  1.029213e-01
     vertex  2.800000e-02 -1.000395e-03  1.049048e-01
     vertex  2.800000e-02  9.996468e-04  1.035823e-01
   endloop
 endfacet
 facet normal -1.000000e+00  0.000000e+00  0.000000e+00
   outer loop
     vertex  2.800000e-02 -1.001770e-03  1.168114e-01
     vertex  2.800000e-02  9.987540e-04  1.174719e-01
     vertex  2.800000e-02  9.985840e-04  1.154891e-01
   endloop
 endfacet
 facet normal -1.000000e+00  0.000000e+00  0.000000e+00
   outer loop
     vertex  2.800000e-02  1.095173e-03  1.292534e-01
     vertex  2.800000e-02  1.028687e-03  1.273414e-01
     vertex  2.800000e-02 -9.414303e-04  1.286512e-01
   endloop
 endfacet
 facet normal -1.000000e+00  0.000000e+00  0.000000e+00
   outer loop
     vertex  2.800000e-02 -9.414303e-04  1.286512e-01
     vertex  2.800000e-02 -7.826299e-04  1.305673e-01
     vertex  2.800000e-02  1.095173e-03  1.292534e-01
   endloop
 endfacet
endsolid Mesh_2
