/*--------------------------------*- C++ -*----------------------------------*\
| =========                 |                                                 |
| \      /  F ield         | OpenFOAM: The Open Source CFD Toolbox           |
|  \    /   O peration     | Version:  5                                     |
|   \  /    A nd           | Web:      www.OpenFOAM.org                      |
|    \/     M anipulation  |                                                 |
\*---------------------------------------------------------------------------*/
FoamFile
{
	version     2.0;
	format      ascii;
	class       dictionary;
	object      blockMeshDict;
}

// * * * * * * * * * * * * * * * * * * * * * * * * * * * * * * * * * * * * * //

convertToMeters 1.0;

// * * * * * * * * * * * * * * * * * * * * * * * * * * * * * * * * * * * * * //


// * * * * * * * * * * * * * * * * * * * * * * * * * * * * * * * * * * * * * //
vertices
(

//section 0

//center
(0.0 0.0 -0.00013066540196682297) // 0

//polygon
( 0.004 0.0 -0.00012948023961989463 ) // 1

//circles
( 0.0034641016151377548 0.0019999999999999996 -0.00012948023961989463 ) // 2

//circles
( 0.0020000000000000005 0.0034641016151377543 -0.00012948023961989463 ) // 3

//circles
( 2.4492935982947063e-19 0.004 -0.00012948023961989463 ) // 4

//circles
( -0.001999999999999999 0.0034641016151377548 -0.00012948023961989463 ) // 5

//circles
( -0.003464101615137754 0.0020000000000000013 -0.00012948023961989463 ) // 6

//circles
( -0.004 4.898587196589413e-19 -0.00012948023961989463 ) // 7

//circles
( -0.003464101615137755 -0.0019999999999999987 -0.00012948023961989463 ) // 8

//circles
( -0.0020000000000000018 -0.0034641016151377535 -0.00012948023961989463 ) // 9

//circles
( -7.347880794884119e-19 -0.004 -0.00012948023961989463 ) // 10

//circles
( 0.0019999999999999974 -0.003464101615137756 -0.00012948023961989463 ) // 11

//circles
( 0.0034641016151377535 -0.0020000000000000018 -0.00012948023961989463 ) // 12

//circles
( 0.009875 0.0 -0.00012344215829873662 ) //13
( 0.008552000862371333 0.004937499999999999 -0.00012344215829873662 ) //14
( 0.004937500000000001 0.008552000862371331 -0.00012344215829873662 ) //15
( 6.046693570790057e-19 0.009875 -0.00012344215829873662 ) //16
( -0.0049374999999999974 0.008552000862371333 -0.00012344215829873662 ) //17
( -0.00855200086237133 0.0049375000000000035 -0.00012344215829873662 ) //18
( -0.009875 1.2093387141580113e-18 -0.00012344215829873662 ) //19
( -0.008552000862371333 -0.0049374999999999974 -0.00012344215829873662 ) //20
( -0.004937500000000004 -0.00855200086237133 -0.00012344215829873662 ) //21
( -1.8140080712370168e-18 -0.009875 -0.00012344215829873662 ) //22
( 0.004937499999999993 -0.008552000862371336 -0.00012344215829873662 ) //23
( 0.00855200086237133 -0.004937500000000004 -0.00012344215829873662 ) //24
( 0.0125 0.0 -0.00011909154201550365 ) //25
( 0.010825317547305485 0.0062499999999999995 -0.00011909154201550365 ) //26
( 0.006250000000000002 0.010825317547305483 -0.00011909154201550365 ) //27
( 7.654042494670958e-19 0.0125 -0.00011909154201550365 ) //28
( -0.006249999999999998 0.010825317547305485 -0.00011909154201550365 ) //29
( -0.010825317547305481 0.006250000000000005 -0.00011909154201550365 ) //30
( -0.0125 1.5308084989341916e-18 -0.00011909154201550365 ) //31
( -0.010825317547305487 -0.006249999999999997 -0.00011909154201550365 ) //32
( -0.0062500000000000056 -0.01082531754730548 -0.00011909154201550365 ) //33
( -2.296212748401287e-18 -0.0125 -0.00011909154201550365 ) //34
( 0.006249999999999992 -0.010825317547305488 -0.00011909154201550365 ) //35
( 0.01082531754730548 -0.0062500000000000056 -0.00011909154201550365 ) //36
( 0.02 0.0 -0.00010103628086444161 ) //37
( 0.017320508075688773 0.009999999999999998 -0.00010103628086444161 ) //38
( 0.010000000000000002 0.017320508075688773 -0.00010103628086444161 ) //39
( 1.2246467991473532e-18 0.02 -0.00010103628086444161 ) //40
( -0.009999999999999995 0.017320508075688773 -0.00010103628086444161 ) //41
( -0.01732050807568877 0.010000000000000007 -0.00010103628086444161 ) //42
( -0.02 2.4492935982947064e-18 -0.00010103628086444161 ) //43
( -0.017320508075688777 -0.009999999999999995 -0.00010103628086444161 ) //44
( -0.010000000000000009 -0.01732050807568877 -0.00010103628086444161 ) //45
( -3.673940397442059e-18 -0.02 -0.00010103628086444161 ) //46
( 0.009999999999999986 -0.01732050807568878 -0.00010103628086444161 ) //47
( 0.01732050807568877 -0.010000000000000009 -0.00010103628086444161 ) //48
( 0.03058 0.0 -6.139702447427453e-05 ) //49
( 0.026483056847728136 0.015289999999999998 -6.139702447427453e-05 ) //50
( 0.015290000000000003 0.026483056847728132 -6.139702447427453e-05 ) //51
( 1.872484955896303e-18 0.03058 -6.139702447427453e-05 ) //52
( -0.015289999999999993 0.026483056847728136 -6.139702447427453e-05 ) //53
( -0.02648305684772813 0.01529000000000001 -6.139702447427453e-05 ) //54
( -0.03058 3.744969911792606e-18 -6.139702447427453e-05 ) //55
( -0.02648305684772814 -0.015289999999999991 -6.139702447427453e-05 ) //56
( -0.015290000000000014 -0.026483056847728125 -6.139702447427453e-05 ) //57
( -5.617454867688909e-18 -0.03058 -6.139702447427453e-05 ) //58
( 0.015289999999999979 -0.026483056847728146 -6.139702447427453e-05 ) //59
( 0.026483056847728125 -0.015290000000000014 -6.139702447427453e-05 ) //60
( 0.04116 0.0 -5.174398016727366e-06 ) //61
( 0.0356456056197675 0.020579999999999998 -5.174398016727366e-06 ) //62
( 0.020580000000000005 0.03564560561976749 -5.174398016727366e-06 ) //63
( 2.520323112645253e-18 0.04116 -5.174398016727366e-06 ) //64
( -0.02057999999999999 0.0356456056197675 -5.174398016727366e-06 ) //65
( -0.03564560561976749 0.020580000000000015 -5.174398016727366e-06 ) //66
( -0.04116 5.040646225290506e-18 -5.174398016727366e-06 ) //67
( -0.035645605619767505 -0.02057999999999999 -5.174398016727366e-06 ) //68
( -0.02058000000000002 -0.035645605619767484 -5.174398016727366e-06 ) //69
( -7.560969337935758e-18 -0.04116 -5.174398016727366e-06 ) //70
( 0.020579999999999973 -0.03564560561976751 -5.174398016727366e-06 ) //71
( 0.035645605619767484 -0.02058000000000002 -5.174398016727366e-06 ) //72
( 0.042 0.0 0.0 ) //73
( 0.036373066958946425 0.020999999999999998 0.0 ) //74
( 0.021000000000000005 0.036373066958946425 0.0 ) //75
( 2.571758278209442e-18 0.042 0.0 ) //76
( -0.02099999999999999 0.036373066958946425 0.0 ) //77
( -0.03637306695894642 0.021000000000000015 0.0 ) //78
( -0.042 5.143516556418884e-18 0.0 ) //79
( -0.03637306695894643 -0.02099999999999999 0.0 ) //80
( -0.02100000000000002 -0.03637306695894641 0.0 ) //81
( -7.715274834628325e-18 -0.042 0.0 ) //82
( 0.020999999999999974 -0.03637306695894644 0.0 ) //83
( 0.03637306695894641 -0.02100000000000002 0.0 ) //84

//section 1

//center
(0.0 0.0 0.01075) // 85

//polygon
( 0.004 0.0 0.01075 ) // 86
( 0.0034641016151377548 0.0019999999999999996 0.01075 ) // 87
( 0.0020000000000000005 0.0034641016151377543 0.01075 ) // 88
( 2.4492935982947063e-19 0.004 0.01075 ) // 89
( -0.001999999999999999 0.0034641016151377548 0.01075 ) // 90
( -0.003464101615137754 0.0020000000000000013 0.01075 ) // 91
( -0.004 4.898587196589413e-19 0.01075 ) // 92
( -0.003464101615137755 -0.0019999999999999987 0.01075 ) // 93
( -0.0020000000000000018 -0.0034641016151377535 0.01075 ) // 94
( -7.347880794884119e-19 -0.004 0.01075 ) // 95
( 0.0019999999999999974 -0.003464101615137756 0.01075 ) // 96
( 0.0034641016151377535 -0.0020000000000000018 0.01075 ) // 97

//circles

//circle 0
( 0.009875 0.0 0.01075 ) //98
( 0.008552000862371333 0.004937499999999999 0.01075 ) //99
( 0.004937500000000001 0.008552000862371331 0.01075 ) //100
( 6.046693570790057e-19 0.009875 0.01075 ) //101
( -0.0049374999999999974 0.008552000862371333 0.01075 ) //102
( -0.00855200086237133 0.0049375000000000035 0.01075 ) //103
( -0.009875 1.2093387141580113e-18 0.01075 ) //104
( -0.008552000862371333 -0.0049374999999999974 0.01075 ) //105
( -0.004937500000000004 -0.00855200086237133 0.01075 ) //106
( -1.8140080712370168e-18 -0.009875 0.01075 ) //107
( 0.004937499999999993 -0.008552000862371336 0.01075 ) //108
( 0.00855200086237133 -0.004937500000000004 0.01075 ) //109

//circle 1
( 0.0125 0.0 0.01075 ) //110
( 0.010825317547305485 0.0062499999999999995 0.01075 ) //111
( 0.006250000000000002 0.010825317547305483 0.01075 ) //112
( 7.654042494670958e-19 0.0125 0.01075 ) //113
( -0.006249999999999998 0.010825317547305485 0.01075 ) //114
( -0.010825317547305481 0.006250000000000005 0.01075 ) //115
( -0.0125 1.5308084989341916e-18 0.01075 ) //116
( -0.010825317547305487 -0.006249999999999997 0.01075 ) //117
( -0.0062500000000000056 -0.01082531754730548 0.01075 ) //118
( -2.296212748401287e-18 -0.0125 0.01075 ) //119
( 0.006249999999999992 -0.010825317547305488 0.01075 ) //120
( 0.01082531754730548 -0.0062500000000000056 0.01075 ) //121

//circle 2
( 0.02 0.0 0.01075 ) //122
( 0.017320508075688773 0.009999999999999998 0.01075 ) //123
( 0.010000000000000002 0.017320508075688773 0.01075 ) //124
( 1.2246467991473532e-18 0.02 0.01075 ) //125
( -0.009999999999999995 0.017320508075688773 0.01075 ) //126
( -0.01732050807568877 0.010000000000000007 0.01075 ) //127
( -0.02 2.4492935982947064e-18 0.01075 ) //128
( -0.017320508075688777 -0.009999999999999995 0.01075 ) //129
( -0.010000000000000009 -0.01732050807568877 0.01075 ) //130
( -3.673940397442059e-18 -0.02 0.01075 ) //131
( 0.009999999999999986 -0.01732050807568878 0.01075 ) //132
( 0.01732050807568877 -0.010000000000000009 0.01075 ) //133

//circle 3
( 0.03058 0.0 0.01075 ) //134
( 0.026483056847728136 0.015289999999999998 0.01075 ) //135
( 0.015290000000000003 0.026483056847728132 0.01075 ) //136
( 1.872484955896303e-18 0.03058 0.01075 ) //137
( -0.015289999999999993 0.026483056847728136 0.01075 ) //138
( -0.02648305684772813 0.01529000000000001 0.01075 ) //139
( -0.03058 3.744969911792606e-18 0.01075 ) //140
( -0.02648305684772814 -0.015289999999999991 0.01075 ) //141
( -0.015290000000000014 -0.026483056847728125 0.01075 ) //142
( -5.617454867688909e-18 -0.03058 0.01075 ) //143
( 0.015289999999999979 -0.026483056847728146 0.01075 ) //144
( 0.026483056847728125 -0.015290000000000014 0.01075 ) //145

//circle 4
( 0.04116 0.0 0.01075 ) //146
( 0.0356456056197675 0.020579999999999998 0.01075 ) //147
( 0.020580000000000005 0.03564560561976749 0.01075 ) //148
( 2.520323112645253e-18 0.04116 0.01075 ) //149
( -0.02057999999999999 0.0356456056197675 0.01075 ) //150
( -0.03564560561976749 0.020580000000000015 0.01075 ) //151
( -0.04116 5.040646225290506e-18 0.01075 ) //152
( -0.035645605619767505 -0.02057999999999999 0.01075 ) //153
( -0.02058000000000002 -0.035645605619767484 0.01075 ) //154
( -7.560969337935758e-18 -0.04116 0.01075 ) //155
( 0.020579999999999973 -0.03564560561976751 0.01075 ) //156
( 0.035645605619767484 -0.02058000000000002 0.01075 ) //157

//circle 5
( 0.042 0.0 0.01075 ) //158
( 0.036373066958946425 0.020999999999999998 0.01075 ) //159
( 0.021000000000000005 0.036373066958946425 0.01075 ) //160
( 2.571758278209442e-18 0.042 0.01075 ) //161
( -0.02099999999999999 0.036373066958946425 0.01075 ) //162
( -0.03637306695894642 0.021000000000000015 0.01075 ) //163
( -0.042 5.143516556418884e-18 0.01075 ) //164
( -0.03637306695894643 -0.02099999999999999 0.01075 ) //165
( -0.02100000000000002 -0.03637306695894641 0.01075 ) //166
( -7.715274834628325e-18 -0.042 0.01075 ) //167
( 0.020999999999999974 -0.03637306695894644 0.01075 ) //168
( 0.03637306695894641 -0.02100000000000002 0.01075 ) //169

//section 2

//center
(0.0 0.0 0.01495) // 170

//polygon
( 0.004 0.0 0.01495 ) // 171
( 0.0034641016151377548 0.0019999999999999996 0.01495 ) // 172
( 0.0020000000000000005 0.0034641016151377543 0.01495 ) // 173
( 2.4492935982947063e-19 0.004 0.01495 ) // 174
( -0.001999999999999999 0.0034641016151377548 0.01495 ) // 175
( -0.003464101615137754 0.0020000000000000013 0.01495 ) // 176
( -0.004 4.898587196589413e-19 0.01495 ) // 177
( -0.003464101615137755 -0.0019999999999999987 0.01495 ) // 178
( -0.0020000000000000018 -0.0034641016151377535 0.01495 ) // 179
( -7.347880794884119e-19 -0.004 0.01495 ) // 180
( 0.0019999999999999974 -0.003464101615137756 0.01495 ) // 181
( 0.0034641016151377535 -0.0020000000000000018 0.01495 ) // 182

//circles

//circle 0
( 0.009875 0.0 0.01495 ) //183
( 0.008552000862371333 0.004937499999999999 0.01495 ) //184
( 0.004937500000000001 0.008552000862371331 0.01495 ) //185
( 6.046693570790057e-19 0.009875 0.01495 ) //186
( -0.0049374999999999974 0.008552000862371333 0.01495 ) //187
( -0.00855200086237133 0.0049375000000000035 0.01495 ) //188
( -0.009875 1.2093387141580113e-18 0.01495 ) //189
( -0.008552000862371333 -0.0049374999999999974 0.01495 ) //190
( -0.004937500000000004 -0.00855200086237133 0.01495 ) //191
( -1.8140080712370168e-18 -0.009875 0.01495 ) //192
( 0.004937499999999993 -0.008552000862371336 0.01495 ) //193
( 0.00855200086237133 -0.004937500000000004 0.01495 ) //194

//circle 1
( 0.0125 0.0 0.01495 ) //195
( 0.010825317547305485 0.0062499999999999995 0.01495 ) //196
( 0.006250000000000002 0.010825317547305483 0.01495 ) //197
( 7.654042494670958e-19 0.0125 0.01495 ) //198
( -0.006249999999999998 0.010825317547305485 0.01495 ) //199
( -0.010825317547305481 0.006250000000000005 0.01495 ) //200
( -0.0125 1.5308084989341916e-18 0.01495 ) //201
( -0.010825317547305487 -0.006249999999999997 0.01495 ) //202
( -0.0062500000000000056 -0.01082531754730548 0.01495 ) //203
( -2.296212748401287e-18 -0.0125 0.01495 ) //204
( 0.006249999999999992 -0.010825317547305488 0.01495 ) //205
( 0.01082531754730548 -0.0062500000000000056 0.01495 ) //206

//circle 2
( 0.02 0.0 0.01495 ) //207
( 0.017320508075688773 0.009999999999999998 0.01495 ) //208
( 0.010000000000000002 0.017320508075688773 0.01495 ) //209
( 1.2246467991473532e-18 0.02 0.01495 ) //210
( -0.009999999999999995 0.017320508075688773 0.01495 ) //211
( -0.01732050807568877 0.010000000000000007 0.01495 ) //212
( -0.02 2.4492935982947064e-18 0.01495 ) //213
( -0.017320508075688777 -0.009999999999999995 0.01495 ) //214
( -0.010000000000000009 -0.01732050807568877 0.01495 ) //215
( -3.673940397442059e-18 -0.02 0.01495 ) //216
( 0.009999999999999986 -0.01732050807568878 0.01495 ) //217
( 0.01732050807568877 -0.010000000000000009 0.01495 ) //218

//circle 3
( 0.03058 0.0 0.01495 ) //219
( 0.026483056847728136 0.015289999999999998 0.01495 ) //220
( 0.015290000000000003 0.026483056847728132 0.01495 ) //221
( 1.872484955896303e-18 0.03058 0.01495 ) //222
( -0.015289999999999993 0.026483056847728136 0.01495 ) //223
( -0.02648305684772813 0.01529000000000001 0.01495 ) //224
( -0.03058 3.744969911792606e-18 0.01495 ) //225
( -0.02648305684772814 -0.015289999999999991 0.01495 ) //226
( -0.015290000000000014 -0.026483056847728125 0.01495 ) //227
( -5.617454867688909e-18 -0.03058 0.01495 ) //228
( 0.015289999999999979 -0.026483056847728146 0.01495 ) //229
( 0.026483056847728125 -0.015290000000000014 0.01495 ) //230

//circle 4
( 0.04116 0.0 0.01495 ) //231
( 0.0356456056197675 0.020579999999999998 0.01495 ) //232
( 0.020580000000000005 0.03564560561976749 0.01495 ) //233
( 2.520323112645253e-18 0.04116 0.01495 ) //234
( -0.02057999999999999 0.0356456056197675 0.01495 ) //235
( -0.03564560561976749 0.020580000000000015 0.01495 ) //236
( -0.04116 5.040646225290506e-18 0.01495 ) //237
( -0.035645605619767505 -0.02057999999999999 0.01495 ) //238
( -0.02058000000000002 -0.035645605619767484 0.01495 ) //239
( -7.560969337935758e-18 -0.04116 0.01495 ) //240
( 0.020579999999999973 -0.03564560561976751 0.01495 ) //241
( 0.035645605619767484 -0.02058000000000002 0.01495 ) //242

//circle 5
( 0.042 0.0 0.01495 ) //243
( 0.036373066958946425 0.020999999999999998 0.01495 ) //244
( 0.021000000000000005 0.036373066958946425 0.01495 ) //245
( 2.571758278209442e-18 0.042 0.01495 ) //246
( -0.02099999999999999 0.036373066958946425 0.01495 ) //247
( -0.03637306695894642 0.021000000000000015 0.01495 ) //248
( -0.042 5.143516556418884e-18 0.01495 ) //249
( -0.03637306695894643 -0.02099999999999999 0.01495 ) //250
( -0.02100000000000002 -0.03637306695894641 0.01495 ) //251
( -7.715274834628325e-18 -0.042 0.01495 ) //252
( 0.020999999999999974 -0.03637306695894644 0.01495 ) //253
( 0.03637306695894641 -0.02100000000000002 0.01495 ) //254

//section 3

//center
(0.0 0.0 0.01705) // 255

//polygon
( 0.004 0.0 0.01705 ) // 256
( 0.0034641016151377548 0.0019999999999999996 0.01705 ) // 257
( 0.0020000000000000005 0.0034641016151377543 0.01705 ) // 258
( 2.4492935982947063e-19 0.004 0.01705 ) // 259
( -0.001999999999999999 0.0034641016151377548 0.01705 ) // 260
( -0.003464101615137754 0.0020000000000000013 0.01705 ) // 261
( -0.004 4.898587196589413e-19 0.01705 ) // 262
( -0.003464101615137755 -0.0019999999999999987 0.01705 ) // 263
( -0.0020000000000000018 -0.0034641016151377535 0.01705 ) // 264
( -7.347880794884119e-19 -0.004 0.01705 ) // 265
( 0.0019999999999999974 -0.003464101615137756 0.01705 ) // 266
( 0.0034641016151377535 -0.0020000000000000018 0.01705 ) // 267

//circles

//circle 0
( 0.009875 0.0 0.01705 ) //268
( 0.008552000862371333 0.004937499999999999 0.01705 ) //269
( 0.004937500000000001 0.008552000862371331 0.01705 ) //270
( 6.046693570790057e-19 0.009875 0.01705 ) //271
( -0.0049374999999999974 0.008552000862371333 0.01705 ) //272
( -0.00855200086237133 0.0049375000000000035 0.01705 ) //273
( -0.009875 1.2093387141580113e-18 0.01705 ) //274
( -0.008552000862371333 -0.0049374999999999974 0.01705 ) //275
( -0.004937500000000004 -0.00855200086237133 0.01705 ) //276
( -1.8140080712370168e-18 -0.009875 0.01705 ) //277
( 0.004937499999999993 -0.008552000862371336 0.01705 ) //278
( 0.00855200086237133 -0.004937500000000004 0.01705 ) //279

//circle 1
( 0.0125 0.0 0.01705 ) //280
( 0.010825317547305485 0.0062499999999999995 0.01705 ) //281
( 0.006250000000000002 0.010825317547305483 0.01705 ) //282
( 7.654042494670958e-19 0.0125 0.01705 ) //283
( -0.006249999999999998 0.010825317547305485 0.01705 ) //284
( -0.010825317547305481 0.006250000000000005 0.01705 ) //285
( -0.0125 1.5308084989341916e-18 0.01705 ) //286
( -0.010825317547305487 -0.006249999999999997 0.01705 ) //287
( -0.0062500000000000056 -0.01082531754730548 0.01705 ) //288
( -2.296212748401287e-18 -0.0125 0.01705 ) //289
( 0.006249999999999992 -0.010825317547305488 0.01705 ) //290
( 0.01082531754730548 -0.0062500000000000056 0.01705 ) //291

//circle 2
( 0.02 0.0 0.01705 ) //292
( 0.017320508075688773 0.009999999999999998 0.01705 ) //293
( 0.010000000000000002 0.017320508075688773 0.01705 ) //294
( 1.2246467991473532e-18 0.02 0.01705 ) //295
( -0.009999999999999995 0.017320508075688773 0.01705 ) //296
( -0.01732050807568877 0.010000000000000007 0.01705 ) //297
( -0.02 2.4492935982947064e-18 0.01705 ) //298
( -0.017320508075688777 -0.009999999999999995 0.01705 ) //299
( -0.010000000000000009 -0.01732050807568877 0.01705 ) //300
( -3.673940397442059e-18 -0.02 0.01705 ) //301
( 0.009999999999999986 -0.01732050807568878 0.01705 ) //302
( 0.01732050807568877 -0.010000000000000009 0.01705 ) //303

//circle 3
( 0.03058 0.0 0.01705 ) //304
( 0.026483056847728136 0.015289999999999998 0.01705 ) //305
( 0.015290000000000003 0.026483056847728132 0.01705 ) //306
( 1.872484955896303e-18 0.03058 0.01705 ) //307
( -0.015289999999999993 0.026483056847728136 0.01705 ) //308
( -0.02648305684772813 0.01529000000000001 0.01705 ) //309
( -0.03058 3.744969911792606e-18 0.01705 ) //310
( -0.02648305684772814 -0.015289999999999991 0.01705 ) //311
( -0.015290000000000014 -0.026483056847728125 0.01705 ) //312
( -5.617454867688909e-18 -0.03058 0.01705 ) //313
( 0.015289999999999979 -0.026483056847728146 0.01705 ) //314
( 0.026483056847728125 -0.015290000000000014 0.01705 ) //315

//circle 4
( 0.04116 0.0 0.01705 ) //316
( 0.0356456056197675 0.020579999999999998 0.01705 ) //317
( 0.020580000000000005 0.03564560561976749 0.01705 ) //318
( 2.520323112645253e-18 0.04116 0.01705 ) //319
( -0.02057999999999999 0.0356456056197675 0.01705 ) //320
( -0.03564560561976749 0.020580000000000015 0.01705 ) //321
( -0.04116 5.040646225290506e-18 0.01705 ) //322
( -0.035645605619767505 -0.02057999999999999 0.01705 ) //323
( -0.02058000000000002 -0.035645605619767484 0.01705 ) //324
( -7.560969337935758e-18 -0.04116 0.01705 ) //325
( 0.020579999999999973 -0.03564560561976751 0.01705 ) //326
( 0.035645605619767484 -0.02058000000000002 0.01705 ) //327

//circle 5
( 0.042 0.0 0.01705 ) //328
( 0.036373066958946425 0.020999999999999998 0.01705 ) //329
( 0.021000000000000005 0.036373066958946425 0.01705 ) //330
( 2.571758278209442e-18 0.042 0.01705 ) //331
( -0.02099999999999999 0.036373066958946425 0.01705 ) //332
( -0.03637306695894642 0.021000000000000015 0.01705 ) //333
( -0.042 5.143516556418884e-18 0.01705 ) //334
( -0.03637306695894643 -0.02099999999999999 0.01705 ) //335
( -0.02100000000000002 -0.03637306695894641 0.01705 ) //336
( -7.715274834628325e-18 -0.042 0.01705 ) //337
( 0.020999999999999974 -0.03637306695894644 0.01705 ) //338
( 0.03637306695894641 -0.02100000000000002 0.01705 ) //339

//section 4

//center
(0.0 0.0 0.02125) // 340

//polygon
( 0.004 0.0 0.02125 ) // 341
( 0.0034641016151377548 0.0019999999999999996 0.02125 ) // 342
( 0.0020000000000000005 0.0034641016151377543 0.02125 ) // 343
( 2.4492935982947063e-19 0.004 0.02125 ) // 344
( -0.001999999999999999 0.0034641016151377548 0.02125 ) // 345
( -0.003464101615137754 0.0020000000000000013 0.02125 ) // 346
( -0.004 4.898587196589413e-19 0.02125 ) // 347
( -0.003464101615137755 -0.0019999999999999987 0.02125 ) // 348
( -0.0020000000000000018 -0.0034641016151377535 0.02125 ) // 349
( -7.347880794884119e-19 -0.004 0.02125 ) // 350
( 0.0019999999999999974 -0.003464101615137756 0.02125 ) // 351
( 0.0034641016151377535 -0.0020000000000000018 0.02125 ) // 352

//circles

//circle 0
( 0.009875 0.0 0.02125 ) //353
( 0.008552000862371333 0.004937499999999999 0.02125 ) //354
( 0.004937500000000001 0.008552000862371331 0.02125 ) //355
( 6.046693570790057e-19 0.009875 0.02125 ) //356
( -0.0049374999999999974 0.008552000862371333 0.02125 ) //357
( -0.00855200086237133 0.0049375000000000035 0.02125 ) //358
( -0.009875 1.2093387141580113e-18 0.02125 ) //359
( -0.008552000862371333 -0.0049374999999999974 0.02125 ) //360
( -0.004937500000000004 -0.00855200086237133 0.02125 ) //361
( -1.8140080712370168e-18 -0.009875 0.02125 ) //362
( 0.004937499999999993 -0.008552000862371336 0.02125 ) //363
( 0.00855200086237133 -0.004937500000000004 0.02125 ) //364

//circle 1
( 0.0125 0.0 0.02125 ) //365
( 0.010825317547305485 0.0062499999999999995 0.02125 ) //366
( 0.006250000000000002 0.010825317547305483 0.02125 ) //367
( 7.654042494670958e-19 0.0125 0.02125 ) //368
( -0.006249999999999998 0.010825317547305485 0.02125 ) //369
( -0.010825317547305481 0.006250000000000005 0.02125 ) //370
( -0.0125 1.5308084989341916e-18 0.02125 ) //371
( -0.010825317547305487 -0.006249999999999997 0.02125 ) //372
( -0.0062500000000000056 -0.01082531754730548 0.02125 ) //373
( -2.296212748401287e-18 -0.0125 0.02125 ) //374
( 0.006249999999999992 -0.010825317547305488 0.02125 ) //375
( 0.01082531754730548 -0.0062500000000000056 0.02125 ) //376

//circle 2
( 0.02 0.0 0.02125 ) //377
( 0.017320508075688773 0.009999999999999998 0.02125 ) //378
( 0.010000000000000002 0.017320508075688773 0.02125 ) //379
( 1.2246467991473532e-18 0.02 0.02125 ) //380
( -0.009999999999999995 0.017320508075688773 0.02125 ) //381
( -0.01732050807568877 0.010000000000000007 0.02125 ) //382
( -0.02 2.4492935982947064e-18 0.02125 ) //383
( -0.017320508075688777 -0.009999999999999995 0.02125 ) //384
( -0.010000000000000009 -0.01732050807568877 0.02125 ) //385
( -3.673940397442059e-18 -0.02 0.02125 ) //386
( 0.009999999999999986 -0.01732050807568878 0.02125 ) //387
( 0.01732050807568877 -0.010000000000000009 0.02125 ) //388

//circle 3
( 0.03058 0.0 0.02125 ) //389
( 0.026483056847728136 0.015289999999999998 0.02125 ) //390
( 0.015290000000000003 0.026483056847728132 0.02125 ) //391
( 1.872484955896303e-18 0.03058 0.02125 ) //392
( -0.015289999999999993 0.026483056847728136 0.02125 ) //393
( -0.02648305684772813 0.01529000000000001 0.02125 ) //394
( -0.03058 3.744969911792606e-18 0.02125 ) //395
( -0.02648305684772814 -0.015289999999999991 0.02125 ) //396
( -0.015290000000000014 -0.026483056847728125 0.02125 ) //397
( -5.617454867688909e-18 -0.03058 0.02125 ) //398
( 0.015289999999999979 -0.026483056847728146 0.02125 ) //399
( 0.026483056847728125 -0.015290000000000014 0.02125 ) //400

//circle 4
( 0.04116 0.0 0.02125 ) //401
( 0.0356456056197675 0.020579999999999998 0.02125 ) //402
( 0.020580000000000005 0.03564560561976749 0.02125 ) //403
( 2.520323112645253e-18 0.04116 0.02125 ) //404
( -0.02057999999999999 0.0356456056197675 0.02125 ) //405
( -0.03564560561976749 0.020580000000000015 0.02125 ) //406
( -0.04116 5.040646225290506e-18 0.02125 ) //407
( -0.035645605619767505 -0.02057999999999999 0.02125 ) //408
( -0.02058000000000002 -0.035645605619767484 0.02125 ) //409
( -7.560969337935758e-18 -0.04116 0.02125 ) //410
( 0.020579999999999973 -0.03564560561976751 0.02125 ) //411
( 0.035645605619767484 -0.02058000000000002 0.02125 ) //412

//circle 5
( 0.042 0.0 0.02125 ) //413
( 0.036373066958946425 0.020999999999999998 0.02125 ) //414
( 0.021000000000000005 0.036373066958946425 0.02125 ) //415
( 2.571758278209442e-18 0.042 0.02125 ) //416
( -0.02099999999999999 0.036373066958946425 0.02125 ) //417
( -0.03637306695894642 0.021000000000000015 0.02125 ) //418
( -0.042 5.143516556418884e-18 0.02125 ) //419
( -0.03637306695894643 -0.02099999999999999 0.02125 ) //420
( -0.02100000000000002 -0.03637306695894641 0.02125 ) //421
( -7.715274834628325e-18 -0.042 0.02125 ) //422
( 0.020999999999999974 -0.03637306695894644 0.02125 ) //423
( 0.03637306695894641 -0.02100000000000002 0.02125 ) //424

//section 5

//center
(0.0 0.0 0.04075) // 425

//polygon
( 0.004 0.0 0.04075 ) // 426
( 0.0034641016151377548 0.0019999999999999996 0.04075 ) // 427
( 0.0020000000000000005 0.0034641016151377543 0.04075 ) // 428
( 2.4492935982947063e-19 0.004 0.04075 ) // 429
( -0.001999999999999999 0.0034641016151377548 0.04075 ) // 430
( -0.003464101615137754 0.0020000000000000013 0.04075 ) // 431
( -0.004 4.898587196589413e-19 0.04075 ) // 432
( -0.003464101615137755 -0.0019999999999999987 0.04075 ) // 433
( -0.0020000000000000018 -0.0034641016151377535 0.04075 ) // 434
( -7.347880794884119e-19 -0.004 0.04075 ) // 435
( 0.0019999999999999974 -0.003464101615137756 0.04075 ) // 436
( 0.0034641016151377535 -0.0020000000000000018 0.04075 ) // 437

//circles

//circle 0
( 0.009875 0.0 0.04075 ) //438
( 0.008552000862371333 0.004937499999999999 0.04075 ) //439
( 0.004937500000000001 0.008552000862371331 0.04075 ) //440
( 6.046693570790057e-19 0.009875 0.04075 ) //441
( -0.0049374999999999974 0.008552000862371333 0.04075 ) //442
( -0.00855200086237133 0.0049375000000000035 0.04075 ) //443
( -0.009875 1.2093387141580113e-18 0.04075 ) //444
( -0.008552000862371333 -0.0049374999999999974 0.04075 ) //445
( -0.004937500000000004 -0.00855200086237133 0.04075 ) //446
( -1.8140080712370168e-18 -0.009875 0.04075 ) //447
( 0.004937499999999993 -0.008552000862371336 0.04075 ) //448
( 0.00855200086237133 -0.004937500000000004 0.04075 ) //449

//circle 1
( 0.0125 0.0 0.04075 ) //450
( 0.010825317547305485 0.0062499999999999995 0.04075 ) //451
( 0.006250000000000002 0.010825317547305483 0.04075 ) //452
( 7.654042494670958e-19 0.0125 0.04075 ) //453
( -0.006249999999999998 0.010825317547305485 0.04075 ) //454
( -0.010825317547305481 0.006250000000000005 0.04075 ) //455
( -0.0125 1.5308084989341916e-18 0.04075 ) //456
( -0.010825317547305487 -0.006249999999999997 0.04075 ) //457
( -0.0062500000000000056 -0.01082531754730548 0.04075 ) //458
( -2.296212748401287e-18 -0.0125 0.04075 ) //459
( 0.006249999999999992 -0.010825317547305488 0.04075 ) //460
( 0.01082531754730548 -0.0062500000000000056 0.04075 ) //461

//circle 2
( 0.02 0.0 0.04075 ) //462
( 0.017320508075688773 0.009999999999999998 0.04075 ) //463
( 0.010000000000000002 0.017320508075688773 0.04075 ) //464
( 1.2246467991473532e-18 0.02 0.04075 ) //465
( -0.009999999999999995 0.017320508075688773 0.04075 ) //466
( -0.01732050807568877 0.010000000000000007 0.04075 ) //467
( -0.02 2.4492935982947064e-18 0.04075 ) //468
( -0.017320508075688777 -0.009999999999999995 0.04075 ) //469
( -0.010000000000000009 -0.01732050807568877 0.04075 ) //470
( -3.673940397442059e-18 -0.02 0.04075 ) //471
( 0.009999999999999986 -0.01732050807568878 0.04075 ) //472
( 0.01732050807568877 -0.010000000000000009 0.04075 ) //473

//circle 3
( 0.03058 0.0 0.04075 ) //474
( 0.026483056847728136 0.015289999999999998 0.04075 ) //475
( 0.015290000000000003 0.026483056847728132 0.04075 ) //476
( 1.872484955896303e-18 0.03058 0.04075 ) //477
( -0.015289999999999993 0.026483056847728136 0.04075 ) //478
( -0.02648305684772813 0.01529000000000001 0.04075 ) //479
( -0.03058 3.744969911792606e-18 0.04075 ) //480
( -0.02648305684772814 -0.015289999999999991 0.04075 ) //481
( -0.015290000000000014 -0.026483056847728125 0.04075 ) //482
( -5.617454867688909e-18 -0.03058 0.04075 ) //483
( 0.015289999999999979 -0.026483056847728146 0.04075 ) //484
( 0.026483056847728125 -0.015290000000000014 0.04075 ) //485

//circle 4
( 0.04116 0.0 0.04075 ) //486
( 0.0356456056197675 0.020579999999999998 0.04075 ) //487
( 0.020580000000000005 0.03564560561976749 0.04075 ) //488
( 2.520323112645253e-18 0.04116 0.04075 ) //489
( -0.02057999999999999 0.0356456056197675 0.04075 ) //490
( -0.03564560561976749 0.020580000000000015 0.04075 ) //491
( -0.04116 5.040646225290506e-18 0.04075 ) //492
( -0.035645605619767505 -0.02057999999999999 0.04075 ) //493
( -0.02058000000000002 -0.035645605619767484 0.04075 ) //494
( -7.560969337935758e-18 -0.04116 0.04075 ) //495
( 0.020579999999999973 -0.03564560561976751 0.04075 ) //496
( 0.035645605619767484 -0.02058000000000002 0.04075 ) //497

//circle 5
( 0.042 0.0 0.04075 ) //498
( 0.036373066958946425 0.020999999999999998 0.04075 ) //499
( 0.021000000000000005 0.036373066958946425 0.04075 ) //500
( 2.571758278209442e-18 0.042 0.04075 ) //501
( -0.02099999999999999 0.036373066958946425 0.04075 ) //502
( -0.03637306695894642 0.021000000000000015 0.04075 ) //503
( -0.042 5.143516556418884e-18 0.04075 ) //504
( -0.03637306695894643 -0.02099999999999999 0.04075 ) //505
( -0.02100000000000002 -0.03637306695894641 0.04075 ) //506
( -7.715274834628325e-18 -0.042 0.04075 ) //507
( 0.020999999999999974 -0.03637306695894644 0.04075 ) //508
( 0.03637306695894641 -0.02100000000000002 0.04075 ) //509

//section 6

//center
(0.0 0.0 0.04495) // 510

//polygon
( 0.004 0.0 0.04495 ) // 511
( 0.0034641016151377548 0.0019999999999999996 0.04495 ) // 512
( 0.0020000000000000005 0.0034641016151377543 0.04495 ) // 513
( 2.4492935982947063e-19 0.004 0.04495 ) // 514
( -0.001999999999999999 0.0034641016151377548 0.04495 ) // 515
( -0.003464101615137754 0.0020000000000000013 0.04495 ) // 516
( -0.004 4.898587196589413e-19 0.04495 ) // 517
( -0.003464101615137755 -0.0019999999999999987 0.04495 ) // 518
( -0.0020000000000000018 -0.0034641016151377535 0.04495 ) // 519
( -7.347880794884119e-19 -0.004 0.04495 ) // 520
( 0.0019999999999999974 -0.003464101615137756 0.04495 ) // 521
( 0.0034641016151377535 -0.0020000000000000018 0.04495 ) // 522

//circles

//circle 0
( 0.009875 0.0 0.04495 ) //523
( 0.008552000862371333 0.004937499999999999 0.04495 ) //524
( 0.004937500000000001 0.008552000862371331 0.04495 ) //525
( 6.046693570790057e-19 0.009875 0.04495 ) //526
( -0.0049374999999999974 0.008552000862371333 0.04495 ) //527
( -0.00855200086237133 0.0049375000000000035 0.04495 ) //528
( -0.009875 1.2093387141580113e-18 0.04495 ) //529
( -0.008552000862371333 -0.0049374999999999974 0.04495 ) //530
( -0.004937500000000004 -0.00855200086237133 0.04495 ) //531
( -1.8140080712370168e-18 -0.009875 0.04495 ) //532
( 0.004937499999999993 -0.008552000862371336 0.04495 ) //533
( 0.00855200086237133 -0.004937500000000004 0.04495 ) //534

//circle 1
( 0.0125 0.0 0.04495 ) //535
( 0.010825317547305485 0.0062499999999999995 0.04495 ) //536
( 0.006250000000000002 0.010825317547305483 0.04495 ) //537
( 7.654042494670958e-19 0.0125 0.04495 ) //538
( -0.006249999999999998 0.010825317547305485 0.04495 ) //539
( -0.010825317547305481 0.006250000000000005 0.04495 ) //540
( -0.0125 1.5308084989341916e-18 0.04495 ) //541
( -0.010825317547305487 -0.006249999999999997 0.04495 ) //542
( -0.0062500000000000056 -0.01082531754730548 0.04495 ) //543
( -2.296212748401287e-18 -0.0125 0.04495 ) //544
( 0.006249999999999992 -0.010825317547305488 0.04495 ) //545
( 0.01082531754730548 -0.0062500000000000056 0.04495 ) //546

//circle 2
( 0.02 0.0 0.04495 ) //547
( 0.017320508075688773 0.009999999999999998 0.04495 ) //548
( 0.010000000000000002 0.017320508075688773 0.04495 ) //549
( 1.2246467991473532e-18 0.02 0.04495 ) //550
( -0.009999999999999995 0.017320508075688773 0.04495 ) //551
( -0.01732050807568877 0.010000000000000007 0.04495 ) //552
( -0.02 2.4492935982947064e-18 0.04495 ) //553
( -0.017320508075688777 -0.009999999999999995 0.04495 ) //554
( -0.010000000000000009 -0.01732050807568877 0.04495 ) //555
( -3.673940397442059e-18 -0.02 0.04495 ) //556
( 0.009999999999999986 -0.01732050807568878 0.04495 ) //557
( 0.01732050807568877 -0.010000000000000009 0.04495 ) //558

//circle 3
( 0.03058 0.0 0.04495 ) //559
( 0.026483056847728136 0.015289999999999998 0.04495 ) //560
( 0.015290000000000003 0.026483056847728132 0.04495 ) //561
( 1.872484955896303e-18 0.03058 0.04495 ) //562
( -0.015289999999999993 0.026483056847728136 0.04495 ) //563
( -0.02648305684772813 0.01529000000000001 0.04495 ) //564
( -0.03058 3.744969911792606e-18 0.04495 ) //565
( -0.02648305684772814 -0.015289999999999991 0.04495 ) //566
( -0.015290000000000014 -0.026483056847728125 0.04495 ) //567
( -5.617454867688909e-18 -0.03058 0.04495 ) //568
( 0.015289999999999979 -0.026483056847728146 0.04495 ) //569
( 0.026483056847728125 -0.015290000000000014 0.04495 ) //570

//circle 4
( 0.04116 0.0 0.04495 ) //571
( 0.0356456056197675 0.020579999999999998 0.04495 ) //572
( 0.020580000000000005 0.03564560561976749 0.04495 ) //573
( 2.520323112645253e-18 0.04116 0.04495 ) //574
( -0.02057999999999999 0.0356456056197675 0.04495 ) //575
( -0.03564560561976749 0.020580000000000015 0.04495 ) //576
( -0.04116 5.040646225290506e-18 0.04495 ) //577
( -0.035645605619767505 -0.02057999999999999 0.04495 ) //578
( -0.02058000000000002 -0.035645605619767484 0.04495 ) //579
( -7.560969337935758e-18 -0.04116 0.04495 ) //580
( 0.020579999999999973 -0.03564560561976751 0.04495 ) //581
( 0.035645605619767484 -0.02058000000000002 0.04495 ) //582

//circle 5
( 0.042 0.0 0.04495 ) //583
( 0.036373066958946425 0.020999999999999998 0.04495 ) //584
( 0.021000000000000005 0.036373066958946425 0.04495 ) //585
( 2.571758278209442e-18 0.042 0.04495 ) //586
( -0.02099999999999999 0.036373066958946425 0.04495 ) //587
( -0.03637306695894642 0.021000000000000015 0.04495 ) //588
( -0.042 5.143516556418884e-18 0.04495 ) //589
( -0.03637306695894643 -0.02099999999999999 0.04495 ) //590
( -0.02100000000000002 -0.03637306695894641 0.04495 ) //591
( -7.715274834628325e-18 -0.042 0.04495 ) //592
( 0.020999999999999974 -0.03637306695894644 0.04495 ) //593
( 0.03637306695894641 -0.02100000000000002 0.04495 ) //594

//section 7

//center
(0.0 0.0 0.04705) // 595

//polygon
( 0.004 0.0 0.04705 ) // 596
( 0.0034641016151377548 0.0019999999999999996 0.04705 ) // 597
( 0.0020000000000000005 0.0034641016151377543 0.04705 ) // 598
( 2.4492935982947063e-19 0.004 0.04705 ) // 599
( -0.001999999999999999 0.0034641016151377548 0.04705 ) // 600
( -0.003464101615137754 0.0020000000000000013 0.04705 ) // 601
( -0.004 4.898587196589413e-19 0.04705 ) // 602
( -0.003464101615137755 -0.0019999999999999987 0.04705 ) // 603
( -0.0020000000000000018 -0.0034641016151377535 0.04705 ) // 604
( -7.347880794884119e-19 -0.004 0.04705 ) // 605
( 0.0019999999999999974 -0.003464101615137756 0.04705 ) // 606
( 0.0034641016151377535 -0.0020000000000000018 0.04705 ) // 607

//circles

//circle 0
( 0.009875 0.0 0.04705 ) //608
( 0.008552000862371333 0.004937499999999999 0.04705 ) //609
( 0.004937500000000001 0.008552000862371331 0.04705 ) //610
( 6.046693570790057e-19 0.009875 0.04705 ) //611
( -0.0049374999999999974 0.008552000862371333 0.04705 ) //612
( -0.00855200086237133 0.0049375000000000035 0.04705 ) //613
( -0.009875 1.2093387141580113e-18 0.04705 ) //614
( -0.008552000862371333 -0.0049374999999999974 0.04705 ) //615
( -0.004937500000000004 -0.00855200086237133 0.04705 ) //616
( -1.8140080712370168e-18 -0.009875 0.04705 ) //617
( 0.004937499999999993 -0.008552000862371336 0.04705 ) //618
( 0.00855200086237133 -0.004937500000000004 0.04705 ) //619

//circle 1
( 0.0125 0.0 0.04705 ) //620
( 0.010825317547305485 0.0062499999999999995 0.04705 ) //621
( 0.006250000000000002 0.010825317547305483 0.04705 ) //622
( 7.654042494670958e-19 0.0125 0.04705 ) //623
( -0.006249999999999998 0.010825317547305485 0.04705 ) //624
( -0.010825317547305481 0.006250000000000005 0.04705 ) //625
( -0.0125 1.5308084989341916e-18 0.04705 ) //626
( -0.010825317547305487 -0.006249999999999997 0.04705 ) //627
( -0.0062500000000000056 -0.01082531754730548 0.04705 ) //628
( -2.296212748401287e-18 -0.0125 0.04705 ) //629
( 0.006249999999999992 -0.010825317547305488 0.04705 ) //630
( 0.01082531754730548 -0.0062500000000000056 0.04705 ) //631

//circle 2
( 0.02 0.0 0.04705 ) //632
( 0.017320508075688773 0.009999999999999998 0.04705 ) //633
( 0.010000000000000002 0.017320508075688773 0.04705 ) //634
( 1.2246467991473532e-18 0.02 0.04705 ) //635
( -0.009999999999999995 0.017320508075688773 0.04705 ) //636
( -0.01732050807568877 0.010000000000000007 0.04705 ) //637
( -0.02 2.4492935982947064e-18 0.04705 ) //638
( -0.017320508075688777 -0.009999999999999995 0.04705 ) //639
( -0.010000000000000009 -0.01732050807568877 0.04705 ) //640
( -3.673940397442059e-18 -0.02 0.04705 ) //641
( 0.009999999999999986 -0.01732050807568878 0.04705 ) //642
( 0.01732050807568877 -0.010000000000000009 0.04705 ) //643

//circle 3
( 0.03058 0.0 0.04705 ) //644
( 0.026483056847728136 0.015289999999999998 0.04705 ) //645
( 0.015290000000000003 0.026483056847728132 0.04705 ) //646
( 1.872484955896303e-18 0.03058 0.04705 ) //647
( -0.015289999999999993 0.026483056847728136 0.04705 ) //648
( -0.02648305684772813 0.01529000000000001 0.04705 ) //649
( -0.03058 3.744969911792606e-18 0.04705 ) //650
( -0.02648305684772814 -0.015289999999999991 0.04705 ) //651
( -0.015290000000000014 -0.026483056847728125 0.04705 ) //652
( -5.617454867688909e-18 -0.03058 0.04705 ) //653
( 0.015289999999999979 -0.026483056847728146 0.04705 ) //654
( 0.026483056847728125 -0.015290000000000014 0.04705 ) //655

//circle 4
( 0.04116 0.0 0.04705 ) //656
( 0.0356456056197675 0.020579999999999998 0.04705 ) //657
( 0.020580000000000005 0.03564560561976749 0.04705 ) //658
( 2.520323112645253e-18 0.04116 0.04705 ) //659
( -0.02057999999999999 0.0356456056197675 0.04705 ) //660
( -0.03564560561976749 0.020580000000000015 0.04705 ) //661
( -0.04116 5.040646225290506e-18 0.04705 ) //662
( -0.035645605619767505 -0.02057999999999999 0.04705 ) //663
( -0.02058000000000002 -0.035645605619767484 0.04705 ) //664
( -7.560969337935758e-18 -0.04116 0.04705 ) //665
( 0.020579999999999973 -0.03564560561976751 0.04705 ) //666
( 0.035645605619767484 -0.02058000000000002 0.04705 ) //667

//circle 5
( 0.042 0.0 0.04705 ) //668
( 0.036373066958946425 0.020999999999999998 0.04705 ) //669
( 0.021000000000000005 0.036373066958946425 0.04705 ) //670
( 2.571758278209442e-18 0.042 0.04705 ) //671
( -0.02099999999999999 0.036373066958946425 0.04705 ) //672
( -0.03637306695894642 0.021000000000000015 0.04705 ) //673
( -0.042 5.143516556418884e-18 0.04705 ) //674
( -0.03637306695894643 -0.02099999999999999 0.04705 ) //675
( -0.02100000000000002 -0.03637306695894641 0.04705 ) //676
( -7.715274834628325e-18 -0.042 0.04705 ) //677
( 0.020999999999999974 -0.03637306695894644 0.04705 ) //678
( 0.03637306695894641 -0.02100000000000002 0.04705 ) //679

//section 8

//center
(0.0 0.0 0.05125) // 680

//polygon
( 0.004 0.0 0.05125 ) // 681
( 0.0034641016151377548 0.0019999999999999996 0.05125 ) // 682
( 0.0020000000000000005 0.0034641016151377543 0.05125 ) // 683
( 2.4492935982947063e-19 0.004 0.05125 ) // 684
( -0.001999999999999999 0.0034641016151377548 0.05125 ) // 685
( -0.003464101615137754 0.0020000000000000013 0.05125 ) // 686
( -0.004 4.898587196589413e-19 0.05125 ) // 687
( -0.003464101615137755 -0.0019999999999999987 0.05125 ) // 688
( -0.0020000000000000018 -0.0034641016151377535 0.05125 ) // 689
( -7.347880794884119e-19 -0.004 0.05125 ) // 690
( 0.0019999999999999974 -0.003464101615137756 0.05125 ) // 691
( 0.0034641016151377535 -0.0020000000000000018 0.05125 ) // 692

//circles

//circle 0
( 0.009875 0.0 0.05125 ) //693
( 0.008552000862371333 0.004937499999999999 0.05125 ) //694
( 0.004937500000000001 0.008552000862371331 0.05125 ) //695
( 6.046693570790057e-19 0.009875 0.05125 ) //696
( -0.0049374999999999974 0.008552000862371333 0.05125 ) //697
( -0.00855200086237133 0.0049375000000000035 0.05125 ) //698
( -0.009875 1.2093387141580113e-18 0.05125 ) //699
( -0.008552000862371333 -0.0049374999999999974 0.05125 ) //700
( -0.004937500000000004 -0.00855200086237133 0.05125 ) //701
( -1.8140080712370168e-18 -0.009875 0.05125 ) //702
( 0.004937499999999993 -0.008552000862371336 0.05125 ) //703
( 0.00855200086237133 -0.004937500000000004 0.05125 ) //704

//circle 1
( 0.0125 0.0 0.05125 ) //705
( 0.010825317547305485 0.0062499999999999995 0.05125 ) //706
( 0.006250000000000002 0.010825317547305483 0.05125 ) //707
( 7.654042494670958e-19 0.0125 0.05125 ) //708
( -0.006249999999999998 0.010825317547305485 0.05125 ) //709
( -0.010825317547305481 0.006250000000000005 0.05125 ) //710
( -0.0125 1.5308084989341916e-18 0.05125 ) //711
( -0.010825317547305487 -0.006249999999999997 0.05125 ) //712
( -0.0062500000000000056 -0.01082531754730548 0.05125 ) //713
( -2.296212748401287e-18 -0.0125 0.05125 ) //714
( 0.006249999999999992 -0.010825317547305488 0.05125 ) //715
( 0.01082531754730548 -0.0062500000000000056 0.05125 ) //716

//circle 2
( 0.02 0.0 0.05125 ) //717
( 0.017320508075688773 0.009999999999999998 0.05125 ) //718
( 0.010000000000000002 0.017320508075688773 0.05125 ) //719
( 1.2246467991473532e-18 0.02 0.05125 ) //720
( -0.009999999999999995 0.017320508075688773 0.05125 ) //721
( -0.01732050807568877 0.010000000000000007 0.05125 ) //722
( -0.02 2.4492935982947064e-18 0.05125 ) //723
( -0.017320508075688777 -0.009999999999999995 0.05125 ) //724
( -0.010000000000000009 -0.01732050807568877 0.05125 ) //725
( -3.673940397442059e-18 -0.02 0.05125 ) //726
( 0.009999999999999986 -0.01732050807568878 0.05125 ) //727
( 0.01732050807568877 -0.010000000000000009 0.05125 ) //728

//circle 3
( 0.03058 0.0 0.05125 ) //729
( 0.026483056847728136 0.015289999999999998 0.05125 ) //730
( 0.015290000000000003 0.026483056847728132 0.05125 ) //731
( 1.872484955896303e-18 0.03058 0.05125 ) //732
( -0.015289999999999993 0.026483056847728136 0.05125 ) //733
( -0.02648305684772813 0.01529000000000001 0.05125 ) //734
( -0.03058 3.744969911792606e-18 0.05125 ) //735
( -0.02648305684772814 -0.015289999999999991 0.05125 ) //736
( -0.015290000000000014 -0.026483056847728125 0.05125 ) //737
( -5.617454867688909e-18 -0.03058 0.05125 ) //738
( 0.015289999999999979 -0.026483056847728146 0.05125 ) //739
( 0.026483056847728125 -0.015290000000000014 0.05125 ) //740

//circle 4
( 0.04116 0.0 0.05125 ) //741
( 0.0356456056197675 0.020579999999999998 0.05125 ) //742
( 0.020580000000000005 0.03564560561976749 0.05125 ) //743
( 2.520323112645253e-18 0.04116 0.05125 ) //744
( -0.02057999999999999 0.0356456056197675 0.05125 ) //745
( -0.03564560561976749 0.020580000000000015 0.05125 ) //746
( -0.04116 5.040646225290506e-18 0.05125 ) //747
( -0.035645605619767505 -0.02057999999999999 0.05125 ) //748
( -0.02058000000000002 -0.035645605619767484 0.05125 ) //749
( -7.560969337935758e-18 -0.04116 0.05125 ) //750
( 0.020579999999999973 -0.03564560561976751 0.05125 ) //751
( 0.035645605619767484 -0.02058000000000002 0.05125 ) //752

//circle 5
( 0.042 0.0 0.05125 ) //753
( 0.036373066958946425 0.020999999999999998 0.05125 ) //754
( 0.021000000000000005 0.036373066958946425 0.05125 ) //755
( 2.571758278209442e-18 0.042 0.05125 ) //756
( -0.02099999999999999 0.036373066958946425 0.05125 ) //757
( -0.03637306695894642 0.021000000000000015 0.05125 ) //758
( -0.042 5.143516556418884e-18 0.05125 ) //759
( -0.03637306695894643 -0.02099999999999999 0.05125 ) //760
( -0.02100000000000002 -0.03637306695894641 0.05125 ) //761
( -7.715274834628325e-18 -0.042 0.05125 ) //762
( 0.020999999999999974 -0.03637306695894644 0.05125 ) //763
( 0.03637306695894641 -0.02100000000000002 0.05125 ) //764

//section 9

//center
(0.0 0.0 0.135) // 765

//polygon
( 0.004 0.0 0.135 ) // 766
( 0.0034641016151377548 0.0019999999999999996 0.135 ) // 767
( 0.0020000000000000005 0.0034641016151377543 0.135 ) // 768
( 2.4492935982947063e-19 0.004 0.135 ) // 769
( -0.001999999999999999 0.0034641016151377548 0.135 ) // 770
( -0.003464101615137754 0.0020000000000000013 0.135 ) // 771
( -0.004 4.898587196589413e-19 0.135 ) // 772
( -0.003464101615137755 -0.0019999999999999987 0.135 ) // 773
( -0.0020000000000000018 -0.0034641016151377535 0.135 ) // 774
( -7.347880794884119e-19 -0.004 0.135 ) // 775
( 0.0019999999999999974 -0.003464101615137756 0.135 ) // 776
( 0.0034641016151377535 -0.0020000000000000018 0.135 ) // 777

//circles

//circle 0
( 0.009875 0.0 0.135 ) //778
( 0.008552000862371333 0.004937499999999999 0.135 ) //779
( 0.004937500000000001 0.008552000862371331 0.135 ) //780
( 6.046693570790057e-19 0.009875 0.135 ) //781
( -0.0049374999999999974 0.008552000862371333 0.135 ) //782
( -0.00855200086237133 0.0049375000000000035 0.135 ) //783
( -0.009875 1.2093387141580113e-18 0.135 ) //784
( -0.008552000862371333 -0.0049374999999999974 0.135 ) //785
( -0.004937500000000004 -0.00855200086237133 0.135 ) //786
( -1.8140080712370168e-18 -0.009875 0.135 ) //787
( 0.004937499999999993 -0.008552000862371336 0.135 ) //788
( 0.00855200086237133 -0.004937500000000004 0.135 ) //789

//circle 1
( 0.0125 0.0 0.135 ) //790
( 0.010825317547305485 0.0062499999999999995 0.135 ) //791
( 0.006250000000000002 0.010825317547305483 0.135 ) //792
( 7.654042494670958e-19 0.0125 0.135 ) //793
( -0.006249999999999998 0.010825317547305485 0.135 ) //794
( -0.010825317547305481 0.006250000000000005 0.135 ) //795
( -0.0125 1.5308084989341916e-18 0.135 ) //796
( -0.010825317547305487 -0.006249999999999997 0.135 ) //797
( -0.0062500000000000056 -0.01082531754730548 0.135 ) //798
( -2.296212748401287e-18 -0.0125 0.135 ) //799
( 0.006249999999999992 -0.010825317547305488 0.135 ) //800
( 0.01082531754730548 -0.0062500000000000056 0.135 ) //801

//circle 2
( 0.02 0.0 0.135 ) //802
( 0.017320508075688773 0.009999999999999998 0.135 ) //803
( 0.010000000000000002 0.017320508075688773 0.135 ) //804
( 1.2246467991473532e-18 0.02 0.135 ) //805
( -0.009999999999999995 0.017320508075688773 0.135 ) //806
( -0.01732050807568877 0.010000000000000007 0.135 ) //807
( -0.02 2.4492935982947064e-18 0.135 ) //808
( -0.017320508075688777 -0.009999999999999995 0.135 ) //809
( -0.010000000000000009 -0.01732050807568877 0.135 ) //810
( -3.673940397442059e-18 -0.02 0.135 ) //811
( 0.009999999999999986 -0.01732050807568878 0.135 ) //812
( 0.01732050807568877 -0.010000000000000009 0.135 ) //813

//circle 3
( 0.03058 0.0 0.135 ) //814
( 0.026483056847728136 0.015289999999999998 0.135 ) //815
( 0.015290000000000003 0.026483056847728132 0.135 ) //816
( 1.872484955896303e-18 0.03058 0.135 ) //817
( -0.015289999999999993 0.026483056847728136 0.135 ) //818
( -0.02648305684772813 0.01529000000000001 0.135 ) //819
( -0.03058 3.744969911792606e-18 0.135 ) //820
( -0.02648305684772814 -0.015289999999999991 0.135 ) //821
( -0.015290000000000014 -0.026483056847728125 0.135 ) //822
( -5.617454867688909e-18 -0.03058 0.135 ) //823
( 0.015289999999999979 -0.026483056847728146 0.135 ) //824
( 0.026483056847728125 -0.015290000000000014 0.135 ) //825

//circle 4
( 0.04116 0.0 0.135 ) //826
( 0.0356456056197675 0.020579999999999998 0.135 ) //827
( 0.020580000000000005 0.03564560561976749 0.135 ) //828
( 2.520323112645253e-18 0.04116 0.135 ) //829
( -0.02057999999999999 0.0356456056197675 0.135 ) //830
( -0.03564560561976749 0.020580000000000015 0.135 ) //831
( -0.04116 5.040646225290506e-18 0.135 ) //832
( -0.035645605619767505 -0.02057999999999999 0.135 ) //833
( -0.02058000000000002 -0.035645605619767484 0.135 ) //834
( -7.560969337935758e-18 -0.04116 0.135 ) //835
( 0.020579999999999973 -0.03564560561976751 0.135 ) //836
( 0.035645605619767484 -0.02058000000000002 0.135 ) //837

//circle 5
( 0.042 0.0 0.135 ) //838
( 0.036373066958946425 0.020999999999999998 0.135 ) //839
( 0.021000000000000005 0.036373066958946425 0.135 ) //840
( 2.571758278209442e-18 0.042 0.135 ) //841
( -0.02099999999999999 0.036373066958946425 0.135 ) //842
( -0.03637306695894642 0.021000000000000015 0.135 ) //843
( -0.042 5.143516556418884e-18 0.135 ) //844
( -0.03637306695894643 -0.02099999999999999 0.135 ) //845
( -0.02100000000000002 -0.03637306695894641 0.135 ) //846
( -7.715274834628325e-18 -0.042 0.135 ) //847
( 0.020999999999999974 -0.03637306695894644 0.135 ) //848
( 0.03637306695894641 -0.02100000000000002 0.135 ) //849

//section 0

//center
(0.0 0.0 -0.00013066540196682297) // 850

//polygon
( 0.004 0.0 -0.00012948023961989463 ) // 851

//circles
( 0.0034641016151377548 0.0019999999999999996 -0.00012948023961989463 ) // 852

//circles
( 0.0020000000000000005 0.0034641016151377543 -0.00012948023961989463 ) // 853

//circles
( 2.4492935982947063e-19 0.004 -0.00012948023961989463 ) // 854

//circles
( -0.001999999999999999 0.0034641016151377548 -0.00012948023961989463 ) // 855

//circles
( -0.003464101615137754 0.0020000000000000013 -0.00012948023961989463 ) // 856

//circles
( -0.004 4.898587196589413e-19 -0.00012948023961989463 ) // 857

//circles
( -0.003464101615137755 -0.0019999999999999987 -0.00012948023961989463 ) // 858

//circles
( -0.0020000000000000018 -0.0034641016151377535 -0.00012948023961989463 ) // 859

//circles
( -7.347880794884119e-19 -0.004 -0.00012948023961989463 ) // 860

//circles
( 0.0019999999999999974 -0.003464101615137756 -0.00012948023961989463 ) // 861

//circles
( 0.0034641016151377535 -0.0020000000000000018 -0.00012948023961989463 ) // 862

//circles
( 0.009875 0.0 -0.00012344215829873662 ) //863
( 0.008552000862371333 0.004937499999999999 -0.00012344215829873662 ) //864
( 0.004937500000000001 0.008552000862371331 -0.00012344215829873662 ) //865
( 6.046693570790057e-19 0.009875 -0.00012344215829873662 ) //866
( -0.0049374999999999974 0.008552000862371333 -0.00012344215829873662 ) //867
( -0.00855200086237133 0.0049375000000000035 -0.00012344215829873662 ) //868
( -0.009875 1.2093387141580113e-18 -0.00012344215829873662 ) //869
( -0.008552000862371333 -0.0049374999999999974 -0.00012344215829873662 ) //870
( -0.004937500000000004 -0.00855200086237133 -0.00012344215829873662 ) //871
( -1.8140080712370168e-18 -0.009875 -0.00012344215829873662 ) //872
( 0.004937499999999993 -0.008552000862371336 -0.00012344215829873662 ) //873
( 0.00855200086237133 -0.004937500000000004 -0.00012344215829873662 ) //874
( 0.0125 0.0 -0.00011909154201550365 ) //875
( 0.010825317547305485 0.0062499999999999995 -0.00011909154201550365 ) //876
( 0.006250000000000002 0.010825317547305483 -0.00011909154201550365 ) //877
( 7.654042494670958e-19 0.0125 -0.00011909154201550365 ) //878
( -0.006249999999999998 0.010825317547305485 -0.00011909154201550365 ) //879
( -0.010825317547305481 0.006250000000000005 -0.00011909154201550365 ) //880
( -0.0125 1.5308084989341916e-18 -0.00011909154201550365 ) //881
( -0.010825317547305487 -0.006249999999999997 -0.00011909154201550365 ) //882
( -0.0062500000000000056 -0.01082531754730548 -0.00011909154201550365 ) //883
( -2.296212748401287e-18 -0.0125 -0.00011909154201550365 ) //884
( 0.006249999999999992 -0.010825317547305488 -0.00011909154201550365 ) //885
( 0.01082531754730548 -0.0062500000000000056 -0.00011909154201550365 ) //886
( 0.02 0.0 -0.00010103628086444161 ) //887
( 0.017320508075688773 0.009999999999999998 -0.00010103628086444161 ) //888
( 0.010000000000000002 0.017320508075688773 -0.00010103628086444161 ) //889
( 1.2246467991473532e-18 0.02 -0.00010103628086444161 ) //890
( -0.009999999999999995 0.017320508075688773 -0.00010103628086444161 ) //891
( -0.01732050807568877 0.010000000000000007 -0.00010103628086444161 ) //892
( -0.02 2.4492935982947064e-18 -0.00010103628086444161 ) //893
( -0.017320508075688777 -0.009999999999999995 -0.00010103628086444161 ) //894
( -0.010000000000000009 -0.01732050807568877 -0.00010103628086444161 ) //895
( -3.673940397442059e-18 -0.02 -0.00010103628086444161 ) //896
( 0.009999999999999986 -0.01732050807568878 -0.00010103628086444161 ) //897
( 0.01732050807568877 -0.010000000000000009 -0.00010103628086444161 ) //898
( 0.03058 0.0 -6.139702447427453e-05 ) //899
( 0.026483056847728136 0.015289999999999998 -6.139702447427453e-05 ) //900
( 0.015290000000000003 0.026483056847728132 -6.139702447427453e-05 ) //901
( 1.872484955896303e-18 0.03058 -6.139702447427453e-05 ) //902
( -0.015289999999999993 0.026483056847728136 -6.139702447427453e-05 ) //903
( -0.02648305684772813 0.01529000000000001 -6.139702447427453e-05 ) //904
( -0.03058 3.744969911792606e-18 -6.139702447427453e-05 ) //905
( -0.02648305684772814 -0.015289999999999991 -6.139702447427453e-05 ) //906
( -0.015290000000000014 -0.026483056847728125 -6.139702447427453e-05 ) //907
( -5.617454867688909e-18 -0.03058 -6.139702447427453e-05 ) //908
( 0.015289999999999979 -0.026483056847728146 -6.139702447427453e-05 ) //909
( 0.026483056847728125 -0.015290000000000014 -6.139702447427453e-05 ) //910
( 0.04116 0.0 -5.174398016727366e-06 ) //911
( 0.0356456056197675 0.020579999999999998 -5.174398016727366e-06 ) //912
( 0.020580000000000005 0.03564560561976749 -5.174398016727366e-06 ) //913
( 2.520323112645253e-18 0.04116 -5.174398016727366e-06 ) //914
( -0.02057999999999999 0.0356456056197675 -5.174398016727366e-06 ) //915
( -0.03564560561976749 0.020580000000000015 -5.174398016727366e-06 ) //916
( -0.04116 5.040646225290506e-18 -5.174398016727366e-06 ) //917
( -0.035645605619767505 -0.02057999999999999 -5.174398016727366e-06 ) //918
( -0.02058000000000002 -0.035645605619767484 -5.174398016727366e-06 ) //919
( -7.560969337935758e-18 -0.04116 -5.174398016727366e-06 ) //920
( 0.020579999999999973 -0.03564560561976751 -5.174398016727366e-06 ) //921
( 0.035645605619767484 -0.02058000000000002 -5.174398016727366e-06 ) //922
( 0.042 0.0 0.0 ) //923
( 0.036373066958946425 0.020999999999999998 0.0 ) //924
( 0.021000000000000005 0.036373066958946425 0.0 ) //925
( 2.571758278209442e-18 0.042 0.0 ) //926
( -0.02099999999999999 0.036373066958946425 0.0 ) //927
( -0.03637306695894642 0.021000000000000015 0.0 ) //928
( -0.042 5.143516556418884e-18 0.0 ) //929
( -0.03637306695894643 -0.02099999999999999 0.0 ) //930
( -0.02100000000000002 -0.03637306695894641 0.0 ) //931
( -7.715274834628325e-18 -0.042 0.0 ) //932
( 0.020999999999999974 -0.03637306695894644 0.0 ) //933
( 0.03637306695894641 -0.02100000000000002 0.0 ) //934

//section 1

//center
(0.0 0.0 0.01075) // 935

//polygon
( 0.004 0.0 0.01075 ) // 936
( 0.0034641016151377548 0.0019999999999999996 0.01075 ) // 937
( 0.0020000000000000005 0.0034641016151377543 0.01075 ) // 938
( 2.4492935982947063e-19 0.004 0.01075 ) // 939
( -0.001999999999999999 0.0034641016151377548 0.01075 ) // 940
( -0.003464101615137754 0.0020000000000000013 0.01075 ) // 941
( -0.004 4.898587196589413e-19 0.01075 ) // 942
( -0.003464101615137755 -0.0019999999999999987 0.01075 ) // 943
( -0.0020000000000000018 -0.0034641016151377535 0.01075 ) // 944
( -7.347880794884119e-19 -0.004 0.01075 ) // 945
( 0.0019999999999999974 -0.003464101615137756 0.01075 ) // 946
( 0.0034641016151377535 -0.0020000000000000018 0.01075 ) // 947

//circles

//circle 0
( 0.009875 0.0 0.01075 ) //948
( 0.008552000862371333 0.004937499999999999 0.01075 ) //949
( 0.004937500000000001 0.008552000862371331 0.01075 ) //950
( 6.046693570790057e-19 0.009875 0.01075 ) //951
( -0.0049374999999999974 0.008552000862371333 0.01075 ) //952
( -0.00855200086237133 0.0049375000000000035 0.01075 ) //953
( -0.009875 1.2093387141580113e-18 0.01075 ) //954
( -0.008552000862371333 -0.0049374999999999974 0.01075 ) //955
( -0.004937500000000004 -0.00855200086237133 0.01075 ) //956
( -1.8140080712370168e-18 -0.009875 0.01075 ) //957
( 0.004937499999999993 -0.008552000862371336 0.01075 ) //958
( 0.00855200086237133 -0.004937500000000004 0.01075 ) //959

//circle 1
( 0.0125 0.0 0.01075 ) //960
( 0.010825317547305485 0.0062499999999999995 0.01075 ) //961
( 0.006250000000000002 0.010825317547305483 0.01075 ) //962
( 7.654042494670958e-19 0.0125 0.01075 ) //963
( -0.006249999999999998 0.010825317547305485 0.01075 ) //964
( -0.010825317547305481 0.006250000000000005 0.01075 ) //965
( -0.0125 1.5308084989341916e-18 0.01075 ) //966
( -0.010825317547305487 -0.006249999999999997 0.01075 ) //967
( -0.0062500000000000056 -0.01082531754730548 0.01075 ) //968
( -2.296212748401287e-18 -0.0125 0.01075 ) //969
( 0.006249999999999992 -0.010825317547305488 0.01075 ) //970
( 0.01082531754730548 -0.0062500000000000056 0.01075 ) //971

//circle 2
( 0.02 0.0 0.01075 ) //972
( 0.017320508075688773 0.009999999999999998 0.01075 ) //973
( 0.010000000000000002 0.017320508075688773 0.01075 ) //974
( 1.2246467991473532e-18 0.02 0.01075 ) //975
( -0.009999999999999995 0.017320508075688773 0.01075 ) //976
( -0.01732050807568877 0.010000000000000007 0.01075 ) //977
( -0.02 2.4492935982947064e-18 0.01075 ) //978
( -0.017320508075688777 -0.009999999999999995 0.01075 ) //979
( -0.010000000000000009 -0.01732050807568877 0.01075 ) //980
( -3.673940397442059e-18 -0.02 0.01075 ) //981
( 0.009999999999999986 -0.01732050807568878 0.01075 ) //982
( 0.01732050807568877 -0.010000000000000009 0.01075 ) //983

//circle 3
( 0.03058 0.0 0.01075 ) //984
( 0.026483056847728136 0.015289999999999998 0.01075 ) //985
( 0.015290000000000003 0.026483056847728132 0.01075 ) //986
( 1.872484955896303e-18 0.03058 0.01075 ) //987
( -0.015289999999999993 0.026483056847728136 0.01075 ) //988
( -0.02648305684772813 0.01529000000000001 0.01075 ) //989
( -0.03058 3.744969911792606e-18 0.01075 ) //990
( -0.02648305684772814 -0.015289999999999991 0.01075 ) //991
( -0.015290000000000014 -0.026483056847728125 0.01075 ) //992
( -5.617454867688909e-18 -0.03058 0.01075 ) //993
( 0.015289999999999979 -0.026483056847728146 0.01075 ) //994
( 0.026483056847728125 -0.015290000000000014 0.01075 ) //995

//circle 4
( 0.04116 0.0 0.01075 ) //996
( 0.0356456056197675 0.020579999999999998 0.01075 ) //997
( 0.020580000000000005 0.03564560561976749 0.01075 ) //998
( 2.520323112645253e-18 0.04116 0.01075 ) //999
( -0.02057999999999999 0.0356456056197675 0.01075 ) //1000
( -0.03564560561976749 0.020580000000000015 0.01075 ) //1001
( -0.04116 5.040646225290506e-18 0.01075 ) //1002
( -0.035645605619767505 -0.02057999999999999 0.01075 ) //1003
( -0.02058000000000002 -0.035645605619767484 0.01075 ) //1004
( -7.560969337935758e-18 -0.04116 0.01075 ) //1005
( 0.020579999999999973 -0.03564560561976751 0.01075 ) //1006
( 0.035645605619767484 -0.02058000000000002 0.01075 ) //1007

//circle 5
( 0.042 0.0 0.01075 ) //1008
( 0.036373066958946425 0.020999999999999998 0.01075 ) //1009
( 0.021000000000000005 0.036373066958946425 0.01075 ) //1010
( 2.571758278209442e-18 0.042 0.01075 ) //1011
( -0.02099999999999999 0.036373066958946425 0.01075 ) //1012
( -0.03637306695894642 0.021000000000000015 0.01075 ) //1013
( -0.042 5.143516556418884e-18 0.01075 ) //1014
( -0.03637306695894643 -0.02099999999999999 0.01075 ) //1015
( -0.02100000000000002 -0.03637306695894641 0.01075 ) //1016
( -7.715274834628325e-18 -0.042 0.01075 ) //1017
( 0.020999999999999974 -0.03637306695894644 0.01075 ) //1018
( 0.03637306695894641 -0.02100000000000002 0.01075 ) //1019

//section 2

//center
(0.0 0.0 0.01495) // 1020

//polygon
( 0.004 0.0 0.01495 ) // 1021
( 0.0034641016151377548 0.0019999999999999996 0.01495 ) // 1022
( 0.0020000000000000005 0.0034641016151377543 0.01495 ) // 1023
( 2.4492935982947063e-19 0.004 0.01495 ) // 1024
( -0.001999999999999999 0.0034641016151377548 0.01495 ) // 1025
( -0.003464101615137754 0.0020000000000000013 0.01495 ) // 1026
( -0.004 4.898587196589413e-19 0.01495 ) // 1027
( -0.003464101615137755 -0.0019999999999999987 0.01495 ) // 1028
( -0.0020000000000000018 -0.0034641016151377535 0.01495 ) // 1029
( -7.347880794884119e-19 -0.004 0.01495 ) // 1030
( 0.0019999999999999974 -0.003464101615137756 0.01495 ) // 1031
( 0.0034641016151377535 -0.0020000000000000018 0.01495 ) // 1032

//circles

//circle 0
( 0.009875 0.0 0.01495 ) //1033
( 0.008552000862371333 0.004937499999999999 0.01495 ) //1034
( 0.004937500000000001 0.008552000862371331 0.01495 ) //1035
( 6.046693570790057e-19 0.009875 0.01495 ) //1036
( -0.0049374999999999974 0.008552000862371333 0.01495 ) //1037
( -0.00855200086237133 0.0049375000000000035 0.01495 ) //1038
( -0.009875 1.2093387141580113e-18 0.01495 ) //1039
( -0.008552000862371333 -0.0049374999999999974 0.01495 ) //1040
( -0.004937500000000004 -0.00855200086237133 0.01495 ) //1041
( -1.8140080712370168e-18 -0.009875 0.01495 ) //1042
( 0.004937499999999993 -0.008552000862371336 0.01495 ) //1043
( 0.00855200086237133 -0.004937500000000004 0.01495 ) //1044

//circle 1
( 0.0125 0.0 0.01495 ) //1045
( 0.010825317547305485 0.0062499999999999995 0.01495 ) //1046
( 0.006250000000000002 0.010825317547305483 0.01495 ) //1047
( 7.654042494670958e-19 0.0125 0.01495 ) //1048
( -0.006249999999999998 0.010825317547305485 0.01495 ) //1049
( -0.010825317547305481 0.006250000000000005 0.01495 ) //1050
( -0.0125 1.5308084989341916e-18 0.01495 ) //1051
( -0.010825317547305487 -0.006249999999999997 0.01495 ) //1052
( -0.0062500000000000056 -0.01082531754730548 0.01495 ) //1053
( -2.296212748401287e-18 -0.0125 0.01495 ) //1054
( 0.006249999999999992 -0.010825317547305488 0.01495 ) //1055
( 0.01082531754730548 -0.0062500000000000056 0.01495 ) //1056

//circle 2
( 0.02 0.0 0.01495 ) //1057
( 0.017320508075688773 0.009999999999999998 0.01495 ) //1058
( 0.010000000000000002 0.017320508075688773 0.01495 ) //1059
( 1.2246467991473532e-18 0.02 0.01495 ) //1060
( -0.009999999999999995 0.017320508075688773 0.01495 ) //1061
( -0.01732050807568877 0.010000000000000007 0.01495 ) //1062
( -0.02 2.4492935982947064e-18 0.01495 ) //1063
( -0.017320508075688777 -0.009999999999999995 0.01495 ) //1064
( -0.010000000000000009 -0.01732050807568877 0.01495 ) //1065
( -3.673940397442059e-18 -0.02 0.01495 ) //1066
( 0.009999999999999986 -0.01732050807568878 0.01495 ) //1067
( 0.01732050807568877 -0.010000000000000009 0.01495 ) //1068

//circle 3
( 0.03058 0.0 0.01495 ) //1069
( 0.026483056847728136 0.015289999999999998 0.01495 ) //1070
( 0.015290000000000003 0.026483056847728132 0.01495 ) //1071
( 1.872484955896303e-18 0.03058 0.01495 ) //1072
( -0.015289999999999993 0.026483056847728136 0.01495 ) //1073
( -0.02648305684772813 0.01529000000000001 0.01495 ) //1074
( -0.03058 3.744969911792606e-18 0.01495 ) //1075
( -0.02648305684772814 -0.015289999999999991 0.01495 ) //1076
( -0.015290000000000014 -0.026483056847728125 0.01495 ) //1077
( -5.617454867688909e-18 -0.03058 0.01495 ) //1078
( 0.015289999999999979 -0.026483056847728146 0.01495 ) //1079
( 0.026483056847728125 -0.015290000000000014 0.01495 ) //1080

//circle 4
( 0.04116 0.0 0.01495 ) //1081
( 0.0356456056197675 0.020579999999999998 0.01495 ) //1082
( 0.020580000000000005 0.03564560561976749 0.01495 ) //1083
( 2.520323112645253e-18 0.04116 0.01495 ) //1084
( -0.02057999999999999 0.0356456056197675 0.01495 ) //1085
( -0.03564560561976749 0.020580000000000015 0.01495 ) //1086
( -0.04116 5.040646225290506e-18 0.01495 ) //1087
( -0.035645605619767505 -0.02057999999999999 0.01495 ) //1088
( -0.02058000000000002 -0.035645605619767484 0.01495 ) //1089
( -7.560969337935758e-18 -0.04116 0.01495 ) //1090
( 0.020579999999999973 -0.03564560561976751 0.01495 ) //1091
( 0.035645605619767484 -0.02058000000000002 0.01495 ) //1092

//circle 5
( 0.042 0.0 0.01495 ) //1093
( 0.036373066958946425 0.020999999999999998 0.01495 ) //1094
( 0.021000000000000005 0.036373066958946425 0.01495 ) //1095
( 2.571758278209442e-18 0.042 0.01495 ) //1096
( -0.02099999999999999 0.036373066958946425 0.01495 ) //1097
( -0.03637306695894642 0.021000000000000015 0.01495 ) //1098
( -0.042 5.143516556418884e-18 0.01495 ) //1099
( -0.03637306695894643 -0.02099999999999999 0.01495 ) //1100
( -0.02100000000000002 -0.03637306695894641 0.01495 ) //1101
( -7.715274834628325e-18 -0.042 0.01495 ) //1102
( 0.020999999999999974 -0.03637306695894644 0.01495 ) //1103
( 0.03637306695894641 -0.02100000000000002 0.01495 ) //1104

//section 3

//center
(0.0 0.0 0.01705) // 1105

//polygon
( 0.004 0.0 0.01705 ) // 1106
( 0.0034641016151377548 0.0019999999999999996 0.01705 ) // 1107
( 0.0020000000000000005 0.0034641016151377543 0.01705 ) // 1108
( 2.4492935982947063e-19 0.004 0.01705 ) // 1109
( -0.001999999999999999 0.0034641016151377548 0.01705 ) // 1110
( -0.003464101615137754 0.0020000000000000013 0.01705 ) // 1111
( -0.004 4.898587196589413e-19 0.01705 ) // 1112
( -0.003464101615137755 -0.0019999999999999987 0.01705 ) // 1113
( -0.0020000000000000018 -0.0034641016151377535 0.01705 ) // 1114
( -7.347880794884119e-19 -0.004 0.01705 ) // 1115
( 0.0019999999999999974 -0.003464101615137756 0.01705 ) // 1116
( 0.0034641016151377535 -0.0020000000000000018 0.01705 ) // 1117

//circles

//circle 0
( 0.009875 0.0 0.01705 ) //1118
( 0.008552000862371333 0.004937499999999999 0.01705 ) //1119
( 0.004937500000000001 0.008552000862371331 0.01705 ) //1120
( 6.046693570790057e-19 0.009875 0.01705 ) //1121
( -0.0049374999999999974 0.008552000862371333 0.01705 ) //1122
( -0.00855200086237133 0.0049375000000000035 0.01705 ) //1123
( -0.009875 1.2093387141580113e-18 0.01705 ) //1124
( -0.008552000862371333 -0.0049374999999999974 0.01705 ) //1125
( -0.004937500000000004 -0.00855200086237133 0.01705 ) //1126
( -1.8140080712370168e-18 -0.009875 0.01705 ) //1127
( 0.004937499999999993 -0.008552000862371336 0.01705 ) //1128
( 0.00855200086237133 -0.004937500000000004 0.01705 ) //1129

//circle 1
( 0.0125 0.0 0.01705 ) //1130
( 0.010825317547305485 0.0062499999999999995 0.01705 ) //1131
( 0.006250000000000002 0.010825317547305483 0.01705 ) //1132
( 7.654042494670958e-19 0.0125 0.01705 ) //1133
( -0.006249999999999998 0.010825317547305485 0.01705 ) //1134
( -0.010825317547305481 0.006250000000000005 0.01705 ) //1135
( -0.0125 1.5308084989341916e-18 0.01705 ) //1136
( -0.010825317547305487 -0.006249999999999997 0.01705 ) //1137
( -0.0062500000000000056 -0.01082531754730548 0.01705 ) //1138
( -2.296212748401287e-18 -0.0125 0.01705 ) //1139
( 0.006249999999999992 -0.010825317547305488 0.01705 ) //1140
( 0.01082531754730548 -0.0062500000000000056 0.01705 ) //1141

//circle 2
( 0.02 0.0 0.01705 ) //1142
( 0.017320508075688773 0.009999999999999998 0.01705 ) //1143
( 0.010000000000000002 0.017320508075688773 0.01705 ) //1144
( 1.2246467991473532e-18 0.02 0.01705 ) //1145
( -0.009999999999999995 0.017320508075688773 0.01705 ) //1146
( -0.01732050807568877 0.010000000000000007 0.01705 ) //1147
( -0.02 2.4492935982947064e-18 0.01705 ) //1148
( -0.017320508075688777 -0.009999999999999995 0.01705 ) //1149
( -0.010000000000000009 -0.01732050807568877 0.01705 ) //1150
( -3.673940397442059e-18 -0.02 0.01705 ) //1151
( 0.009999999999999986 -0.01732050807568878 0.01705 ) //1152
( 0.01732050807568877 -0.010000000000000009 0.01705 ) //1153

//circle 3
( 0.03058 0.0 0.01705 ) //1154
( 0.026483056847728136 0.015289999999999998 0.01705 ) //1155
( 0.015290000000000003 0.026483056847728132 0.01705 ) //1156
( 1.872484955896303e-18 0.03058 0.01705 ) //1157
( -0.015289999999999993 0.026483056847728136 0.01705 ) //1158
( -0.02648305684772813 0.01529000000000001 0.01705 ) //1159
( -0.03058 3.744969911792606e-18 0.01705 ) //1160
( -0.02648305684772814 -0.015289999999999991 0.01705 ) //1161
( -0.015290000000000014 -0.026483056847728125 0.01705 ) //1162
( -5.617454867688909e-18 -0.03058 0.01705 ) //1163
( 0.015289999999999979 -0.026483056847728146 0.01705 ) //1164
( 0.026483056847728125 -0.015290000000000014 0.01705 ) //1165

//circle 4
( 0.04116 0.0 0.01705 ) //1166
( 0.0356456056197675 0.020579999999999998 0.01705 ) //1167
( 0.020580000000000005 0.03564560561976749 0.01705 ) //1168
( 2.520323112645253e-18 0.04116 0.01705 ) //1169
( -0.02057999999999999 0.0356456056197675 0.01705 ) //1170
( -0.03564560561976749 0.020580000000000015 0.01705 ) //1171
( -0.04116 5.040646225290506e-18 0.01705 ) //1172
( -0.035645605619767505 -0.02057999999999999 0.01705 ) //1173
( -0.02058000000000002 -0.035645605619767484 0.01705 ) //1174
( -7.560969337935758e-18 -0.04116 0.01705 ) //1175
( 0.020579999999999973 -0.03564560561976751 0.01705 ) //1176
( 0.035645605619767484 -0.02058000000000002 0.01705 ) //1177

//circle 5
( 0.042 0.0 0.01705 ) //1178
( 0.036373066958946425 0.020999999999999998 0.01705 ) //1179
( 0.021000000000000005 0.036373066958946425 0.01705 ) //1180
( 2.571758278209442e-18 0.042 0.01705 ) //1181
( -0.02099999999999999 0.036373066958946425 0.01705 ) //1182
( -0.03637306695894642 0.021000000000000015 0.01705 ) //1183
( -0.042 5.143516556418884e-18 0.01705 ) //1184
( -0.03637306695894643 -0.02099999999999999 0.01705 ) //1185
( -0.02100000000000002 -0.03637306695894641 0.01705 ) //1186
( -7.715274834628325e-18 -0.042 0.01705 ) //1187
( 0.020999999999999974 -0.03637306695894644 0.01705 ) //1188
( 0.03637306695894641 -0.02100000000000002 0.01705 ) //1189

//section 4

//center
(0.0 0.0 0.02125) // 1190

//polygon
( 0.004 0.0 0.02125 ) // 1191
( 0.0034641016151377548 0.0019999999999999996 0.02125 ) // 1192
( 0.0020000000000000005 0.0034641016151377543 0.02125 ) // 1193
( 2.4492935982947063e-19 0.004 0.02125 ) // 1194
( -0.001999999999999999 0.0034641016151377548 0.02125 ) // 1195
( -0.003464101615137754 0.0020000000000000013 0.02125 ) // 1196
( -0.004 4.898587196589413e-19 0.02125 ) // 1197
( -0.003464101615137755 -0.0019999999999999987 0.02125 ) // 1198
( -0.0020000000000000018 -0.0034641016151377535 0.02125 ) // 1199
( -7.347880794884119e-19 -0.004 0.02125 ) // 1200
( 0.0019999999999999974 -0.003464101615137756 0.02125 ) // 1201
( 0.0034641016151377535 -0.0020000000000000018 0.02125 ) // 1202

//circles

//circle 0
( 0.009875 0.0 0.02125 ) //1203
( 0.008552000862371333 0.004937499999999999 0.02125 ) //1204
( 0.004937500000000001 0.008552000862371331 0.02125 ) //1205
( 6.046693570790057e-19 0.009875 0.02125 ) //1206
( -0.0049374999999999974 0.008552000862371333 0.02125 ) //1207
( -0.00855200086237133 0.0049375000000000035 0.02125 ) //1208
( -0.009875 1.2093387141580113e-18 0.02125 ) //1209
( -0.008552000862371333 -0.0049374999999999974 0.02125 ) //1210
( -0.004937500000000004 -0.00855200086237133 0.02125 ) //1211
( -1.8140080712370168e-18 -0.009875 0.02125 ) //1212
( 0.004937499999999993 -0.008552000862371336 0.02125 ) //1213
( 0.00855200086237133 -0.004937500000000004 0.02125 ) //1214

//circle 1
( 0.0125 0.0 0.02125 ) //1215
( 0.010825317547305485 0.0062499999999999995 0.02125 ) //1216
( 0.006250000000000002 0.010825317547305483 0.02125 ) //1217
( 7.654042494670958e-19 0.0125 0.02125 ) //1218
( -0.006249999999999998 0.010825317547305485 0.02125 ) //1219
( -0.010825317547305481 0.006250000000000005 0.02125 ) //1220
( -0.0125 1.5308084989341916e-18 0.02125 ) //1221
( -0.010825317547305487 -0.006249999999999997 0.02125 ) //1222
( -0.0062500000000000056 -0.01082531754730548 0.02125 ) //1223
( -2.296212748401287e-18 -0.0125 0.02125 ) //1224
( 0.006249999999999992 -0.010825317547305488 0.02125 ) //1225
( 0.01082531754730548 -0.0062500000000000056 0.02125 ) //1226

//circle 2
( 0.02 0.0 0.02125 ) //1227
( 0.017320508075688773 0.009999999999999998 0.02125 ) //1228
( 0.010000000000000002 0.017320508075688773 0.02125 ) //1229
( 1.2246467991473532e-18 0.02 0.02125 ) //1230
( -0.009999999999999995 0.017320508075688773 0.02125 ) //1231
( -0.01732050807568877 0.010000000000000007 0.02125 ) //1232
( -0.02 2.4492935982947064e-18 0.02125 ) //1233
( -0.017320508075688777 -0.009999999999999995 0.02125 ) //1234
( -0.010000000000000009 -0.01732050807568877 0.02125 ) //1235
( -3.673940397442059e-18 -0.02 0.02125 ) //1236
( 0.009999999999999986 -0.01732050807568878 0.02125 ) //1237
( 0.01732050807568877 -0.010000000000000009 0.02125 ) //1238

//circle 3
( 0.03058 0.0 0.02125 ) //1239
( 0.026483056847728136 0.015289999999999998 0.02125 ) //1240
( 0.015290000000000003 0.026483056847728132 0.02125 ) //1241
( 1.872484955896303e-18 0.03058 0.02125 ) //1242
( -0.015289999999999993 0.026483056847728136 0.02125 ) //1243
( -0.02648305684772813 0.01529000000000001 0.02125 ) //1244
( -0.03058 3.744969911792606e-18 0.02125 ) //1245
( -0.02648305684772814 -0.015289999999999991 0.02125 ) //1246
( -0.015290000000000014 -0.026483056847728125 0.02125 ) //1247
( -5.617454867688909e-18 -0.03058 0.02125 ) //1248
( 0.015289999999999979 -0.026483056847728146 0.02125 ) //1249
( 0.026483056847728125 -0.015290000000000014 0.02125 ) //1250

//circle 4
( 0.04116 0.0 0.02125 ) //1251
( 0.0356456056197675 0.020579999999999998 0.02125 ) //1252
( 0.020580000000000005 0.03564560561976749 0.02125 ) //1253
( 2.520323112645253e-18 0.04116 0.02125 ) //1254
( -0.02057999999999999 0.0356456056197675 0.02125 ) //1255
( -0.03564560561976749 0.020580000000000015 0.02125 ) //1256
( -0.04116 5.040646225290506e-18 0.02125 ) //1257
( -0.035645605619767505 -0.02057999999999999 0.02125 ) //1258
( -0.02058000000000002 -0.035645605619767484 0.02125 ) //1259
( -7.560969337935758e-18 -0.04116 0.02125 ) //1260
( 0.020579999999999973 -0.03564560561976751 0.02125 ) //1261
( 0.035645605619767484 -0.02058000000000002 0.02125 ) //1262

//circle 5
( 0.042 0.0 0.02125 ) //1263
( 0.036373066958946425 0.020999999999999998 0.02125 ) //1264
( 0.021000000000000005 0.036373066958946425 0.02125 ) //1265
( 2.571758278209442e-18 0.042 0.02125 ) //1266
( -0.02099999999999999 0.036373066958946425 0.02125 ) //1267
( -0.03637306695894642 0.021000000000000015 0.02125 ) //1268
( -0.042 5.143516556418884e-18 0.02125 ) //1269
( -0.03637306695894643 -0.02099999999999999 0.02125 ) //1270
( -0.02100000000000002 -0.03637306695894641 0.02125 ) //1271
( -7.715274834628325e-18 -0.042 0.02125 ) //1272
( 0.020999999999999974 -0.03637306695894644 0.02125 ) //1273
( 0.03637306695894641 -0.02100000000000002 0.02125 ) //1274

//section 5

//center
(0.0 0.0 0.04075) // 1275

//polygon
( 0.004 0.0 0.04075 ) // 1276
( 0.0034641016151377548 0.0019999999999999996 0.04075 ) // 1277
( 0.0020000000000000005 0.0034641016151377543 0.04075 ) // 1278
( 2.4492935982947063e-19 0.004 0.04075 ) // 1279
( -0.001999999999999999 0.0034641016151377548 0.04075 ) // 1280
( -0.003464101615137754 0.0020000000000000013 0.04075 ) // 1281
( -0.004 4.898587196589413e-19 0.04075 ) // 1282
( -0.003464101615137755 -0.0019999999999999987 0.04075 ) // 1283
( -0.0020000000000000018 -0.0034641016151377535 0.04075 ) // 1284
( -7.347880794884119e-19 -0.004 0.04075 ) // 1285
( 0.0019999999999999974 -0.003464101615137756 0.04075 ) // 1286
( 0.0034641016151377535 -0.0020000000000000018 0.04075 ) // 1287

//circles

//circle 0
( 0.009875 0.0 0.04075 ) //1288
( 0.008552000862371333 0.004937499999999999 0.04075 ) //1289
( 0.004937500000000001 0.008552000862371331 0.04075 ) //1290
( 6.046693570790057e-19 0.009875 0.04075 ) //1291
( -0.0049374999999999974 0.008552000862371333 0.04075 ) //1292
( -0.00855200086237133 0.0049375000000000035 0.04075 ) //1293
( -0.009875 1.2093387141580113e-18 0.04075 ) //1294
( -0.008552000862371333 -0.0049374999999999974 0.04075 ) //1295
( -0.004937500000000004 -0.00855200086237133 0.04075 ) //1296
( -1.8140080712370168e-18 -0.009875 0.04075 ) //1297
( 0.004937499999999993 -0.008552000862371336 0.04075 ) //1298
( 0.00855200086237133 -0.004937500000000004 0.04075 ) //1299

//circle 1
( 0.0125 0.0 0.04075 ) //1300
( 0.010825317547305485 0.0062499999999999995 0.04075 ) //1301
( 0.006250000000000002 0.010825317547305483 0.04075 ) //1302
( 7.654042494670958e-19 0.0125 0.04075 ) //1303
( -0.006249999999999998 0.010825317547305485 0.04075 ) //1304
( -0.010825317547305481 0.006250000000000005 0.04075 ) //1305
( -0.0125 1.5308084989341916e-18 0.04075 ) //1306
( -0.010825317547305487 -0.006249999999999997 0.04075 ) //1307
( -0.0062500000000000056 -0.01082531754730548 0.04075 ) //1308
( -2.296212748401287e-18 -0.0125 0.04075 ) //1309
( 0.006249999999999992 -0.010825317547305488 0.04075 ) //1310
( 0.01082531754730548 -0.0062500000000000056 0.04075 ) //1311

//circle 2
( 0.02 0.0 0.04075 ) //1312
( 0.017320508075688773 0.009999999999999998 0.04075 ) //1313
( 0.010000000000000002 0.017320508075688773 0.04075 ) //1314
( 1.2246467991473532e-18 0.02 0.04075 ) //1315
( -0.009999999999999995 0.017320508075688773 0.04075 ) //1316
( -0.01732050807568877 0.010000000000000007 0.04075 ) //1317
( -0.02 2.4492935982947064e-18 0.04075 ) //1318
( -0.017320508075688777 -0.009999999999999995 0.04075 ) //1319
( -0.010000000000000009 -0.01732050807568877 0.04075 ) //1320
( -3.673940397442059e-18 -0.02 0.04075 ) //1321
( 0.009999999999999986 -0.01732050807568878 0.04075 ) //1322
( 0.01732050807568877 -0.010000000000000009 0.04075 ) //1323

//circle 3
( 0.03058 0.0 0.04075 ) //1324
( 0.026483056847728136 0.015289999999999998 0.04075 ) //1325
( 0.015290000000000003 0.026483056847728132 0.04075 ) //1326
( 1.872484955896303e-18 0.03058 0.04075 ) //1327
( -0.015289999999999993 0.026483056847728136 0.04075 ) //1328
( -0.02648305684772813 0.01529000000000001 0.04075 ) //1329
( -0.03058 3.744969911792606e-18 0.04075 ) //1330
( -0.02648305684772814 -0.015289999999999991 0.04075 ) //1331
( -0.015290000000000014 -0.026483056847728125 0.04075 ) //1332
( -5.617454867688909e-18 -0.03058 0.04075 ) //1333
( 0.015289999999999979 -0.026483056847728146 0.04075 ) //1334
( 0.026483056847728125 -0.015290000000000014 0.04075 ) //1335

//circle 4
( 0.04116 0.0 0.04075 ) //1336
( 0.0356456056197675 0.020579999999999998 0.04075 ) //1337
( 0.020580000000000005 0.03564560561976749 0.04075 ) //1338
( 2.520323112645253e-18 0.04116 0.04075 ) //1339
( -0.02057999999999999 0.0356456056197675 0.04075 ) //1340
( -0.03564560561976749 0.020580000000000015 0.04075 ) //1341
( -0.04116 5.040646225290506e-18 0.04075 ) //1342
( -0.035645605619767505 -0.02057999999999999 0.04075 ) //1343
( -0.02058000000000002 -0.035645605619767484 0.04075 ) //1344
( -7.560969337935758e-18 -0.04116 0.04075 ) //1345
( 0.020579999999999973 -0.03564560561976751 0.04075 ) //1346
( 0.035645605619767484 -0.02058000000000002 0.04075 ) //1347

//circle 5
( 0.042 0.0 0.04075 ) //1348
( 0.036373066958946425 0.020999999999999998 0.04075 ) //1349
( 0.021000000000000005 0.036373066958946425 0.04075 ) //1350
( 2.571758278209442e-18 0.042 0.04075 ) //1351
( -0.02099999999999999 0.036373066958946425 0.04075 ) //1352
( -0.03637306695894642 0.021000000000000015 0.04075 ) //1353
( -0.042 5.143516556418884e-18 0.04075 ) //1354
( -0.03637306695894643 -0.02099999999999999 0.04075 ) //1355
( -0.02100000000000002 -0.03637306695894641 0.04075 ) //1356
( -7.715274834628325e-18 -0.042 0.04075 ) //1357
( 0.020999999999999974 -0.03637306695894644 0.04075 ) //1358
( 0.03637306695894641 -0.02100000000000002 0.04075 ) //1359

//section 6

//center
(0.0 0.0 0.04495) // 1360

//polygon
( 0.004 0.0 0.04495 ) // 1361
( 0.0034641016151377548 0.0019999999999999996 0.04495 ) // 1362
( 0.0020000000000000005 0.0034641016151377543 0.04495 ) // 1363
( 2.4492935982947063e-19 0.004 0.04495 ) // 1364
( -0.001999999999999999 0.0034641016151377548 0.04495 ) // 1365
( -0.003464101615137754 0.0020000000000000013 0.04495 ) // 1366
( -0.004 4.898587196589413e-19 0.04495 ) // 1367
( -0.003464101615137755 -0.0019999999999999987 0.04495 ) // 1368
( -0.0020000000000000018 -0.0034641016151377535 0.04495 ) // 1369
( -7.347880794884119e-19 -0.004 0.04495 ) // 1370
( 0.0019999999999999974 -0.003464101615137756 0.04495 ) // 1371
( 0.0034641016151377535 -0.0020000000000000018 0.04495 ) // 1372

//circles

//circle 0
( 0.009875 0.0 0.04495 ) //1373
( 0.008552000862371333 0.004937499999999999 0.04495 ) //1374
( 0.004937500000000001 0.008552000862371331 0.04495 ) //1375
( 6.046693570790057e-19 0.009875 0.04495 ) //1376
( -0.0049374999999999974 0.008552000862371333 0.04495 ) //1377
( -0.00855200086237133 0.0049375000000000035 0.04495 ) //1378
( -0.009875 1.2093387141580113e-18 0.04495 ) //1379
( -0.008552000862371333 -0.0049374999999999974 0.04495 ) //1380
( -0.004937500000000004 -0.00855200086237133 0.04495 ) //1381
( -1.8140080712370168e-18 -0.009875 0.04495 ) //1382
( 0.004937499999999993 -0.008552000862371336 0.04495 ) //1383
( 0.00855200086237133 -0.004937500000000004 0.04495 ) //1384

//circle 1
( 0.0125 0.0 0.04495 ) //1385
( 0.010825317547305485 0.0062499999999999995 0.04495 ) //1386
( 0.006250000000000002 0.010825317547305483 0.04495 ) //1387
( 7.654042494670958e-19 0.0125 0.04495 ) //1388
( -0.006249999999999998 0.010825317547305485 0.04495 ) //1389
( -0.010825317547305481 0.006250000000000005 0.04495 ) //1390
( -0.0125 1.5308084989341916e-18 0.04495 ) //1391
( -0.010825317547305487 -0.006249999999999997 0.04495 ) //1392
( -0.0062500000000000056 -0.01082531754730548 0.04495 ) //1393
( -2.296212748401287e-18 -0.0125 0.04495 ) //1394
( 0.006249999999999992 -0.010825317547305488 0.04495 ) //1395
( 0.01082531754730548 -0.0062500000000000056 0.04495 ) //1396

//circle 2
( 0.02 0.0 0.04495 ) //1397
( 0.017320508075688773 0.009999999999999998 0.04495 ) //1398
( 0.010000000000000002 0.017320508075688773 0.04495 ) //1399
( 1.2246467991473532e-18 0.02 0.04495 ) //1400
( -0.009999999999999995 0.017320508075688773 0.04495 ) //1401
( -0.01732050807568877 0.010000000000000007 0.04495 ) //1402
( -0.02 2.4492935982947064e-18 0.04495 ) //1403
( -0.017320508075688777 -0.009999999999999995 0.04495 ) //1404
( -0.010000000000000009 -0.01732050807568877 0.04495 ) //1405
( -3.673940397442059e-18 -0.02 0.04495 ) //1406
( 0.009999999999999986 -0.01732050807568878 0.04495 ) //1407
( 0.01732050807568877 -0.010000000000000009 0.04495 ) //1408

//circle 3
( 0.03058 0.0 0.04495 ) //1409
( 0.026483056847728136 0.015289999999999998 0.04495 ) //1410
( 0.015290000000000003 0.026483056847728132 0.04495 ) //1411
( 1.872484955896303e-18 0.03058 0.04495 ) //1412
( -0.015289999999999993 0.026483056847728136 0.04495 ) //1413
( -0.02648305684772813 0.01529000000000001 0.04495 ) //1414
( -0.03058 3.744969911792606e-18 0.04495 ) //1415
( -0.02648305684772814 -0.015289999999999991 0.04495 ) //1416
( -0.015290000000000014 -0.026483056847728125 0.04495 ) //1417
( -5.617454867688909e-18 -0.03058 0.04495 ) //1418
( 0.015289999999999979 -0.026483056847728146 0.04495 ) //1419
( 0.026483056847728125 -0.015290000000000014 0.04495 ) //1420

//circle 4
( 0.04116 0.0 0.04495 ) //1421
( 0.0356456056197675 0.020579999999999998 0.04495 ) //1422
( 0.020580000000000005 0.03564560561976749 0.04495 ) //1423
( 2.520323112645253e-18 0.04116 0.04495 ) //1424
( -0.02057999999999999 0.0356456056197675 0.04495 ) //1425
( -0.03564560561976749 0.020580000000000015 0.04495 ) //1426
( -0.04116 5.040646225290506e-18 0.04495 ) //1427
( -0.035645605619767505 -0.02057999999999999 0.04495 ) //1428
( -0.02058000000000002 -0.035645605619767484 0.04495 ) //1429
( -7.560969337935758e-18 -0.04116 0.04495 ) //1430
( 0.020579999999999973 -0.03564560561976751 0.04495 ) //1431
( 0.035645605619767484 -0.02058000000000002 0.04495 ) //1432

//circle 5
( 0.042 0.0 0.04495 ) //1433
( 0.036373066958946425 0.020999999999999998 0.04495 ) //1434
( 0.021000000000000005 0.036373066958946425 0.04495 ) //1435
( 2.571758278209442e-18 0.042 0.04495 ) //1436
( -0.02099999999999999 0.036373066958946425 0.04495 ) //1437
( -0.03637306695894642 0.021000000000000015 0.04495 ) //1438
( -0.042 5.143516556418884e-18 0.04495 ) //1439
( -0.03637306695894643 -0.02099999999999999 0.04495 ) //1440
( -0.02100000000000002 -0.03637306695894641 0.04495 ) //1441
( -7.715274834628325e-18 -0.042 0.04495 ) //1442
( 0.020999999999999974 -0.03637306695894644 0.04495 ) //1443
( 0.03637306695894641 -0.02100000000000002 0.04495 ) //1444

//section 7

//center
(0.0 0.0 0.04705) // 1445

//polygon
( 0.004 0.0 0.04705 ) // 1446
( 0.0034641016151377548 0.0019999999999999996 0.04705 ) // 1447
( 0.0020000000000000005 0.0034641016151377543 0.04705 ) // 1448
( 2.4492935982947063e-19 0.004 0.04705 ) // 1449
( -0.001999999999999999 0.0034641016151377548 0.04705 ) // 1450
( -0.003464101615137754 0.0020000000000000013 0.04705 ) // 1451
( -0.004 4.898587196589413e-19 0.04705 ) // 1452
( -0.003464101615137755 -0.0019999999999999987 0.04705 ) // 1453
( -0.0020000000000000018 -0.0034641016151377535 0.04705 ) // 1454
( -7.347880794884119e-19 -0.004 0.04705 ) // 1455
( 0.0019999999999999974 -0.003464101615137756 0.04705 ) // 1456
( 0.0034641016151377535 -0.0020000000000000018 0.04705 ) // 1457

//circles

//circle 0
( 0.009875 0.0 0.04705 ) //1458
( 0.008552000862371333 0.004937499999999999 0.04705 ) //1459
( 0.004937500000000001 0.008552000862371331 0.04705 ) //1460
( 6.046693570790057e-19 0.009875 0.04705 ) //1461
( -0.0049374999999999974 0.008552000862371333 0.04705 ) //1462
( -0.00855200086237133 0.0049375000000000035 0.04705 ) //1463
( -0.009875 1.2093387141580113e-18 0.04705 ) //1464
( -0.008552000862371333 -0.0049374999999999974 0.04705 ) //1465
( -0.004937500000000004 -0.00855200086237133 0.04705 ) //1466
( -1.8140080712370168e-18 -0.009875 0.04705 ) //1467
( 0.004937499999999993 -0.008552000862371336 0.04705 ) //1468
( 0.00855200086237133 -0.004937500000000004 0.04705 ) //1469

//circle 1
( 0.0125 0.0 0.04705 ) //1470
( 0.010825317547305485 0.0062499999999999995 0.04705 ) //1471
( 0.006250000000000002 0.010825317547305483 0.04705 ) //1472
( 7.654042494670958e-19 0.0125 0.04705 ) //1473
( -0.006249999999999998 0.010825317547305485 0.04705 ) //1474
( -0.010825317547305481 0.006250000000000005 0.04705 ) //1475
( -0.0125 1.5308084989341916e-18 0.04705 ) //1476
( -0.010825317547305487 -0.006249999999999997 0.04705 ) //1477
( -0.0062500000000000056 -0.01082531754730548 0.04705 ) //1478
( -2.296212748401287e-18 -0.0125 0.04705 ) //1479
( 0.006249999999999992 -0.010825317547305488 0.04705 ) //1480
( 0.01082531754730548 -0.0062500000000000056 0.04705 ) //1481

//circle 2
( 0.02 0.0 0.04705 ) //1482
( 0.017320508075688773 0.009999999999999998 0.04705 ) //1483
( 0.010000000000000002 0.017320508075688773 0.04705 ) //1484
( 1.2246467991473532e-18 0.02 0.04705 ) //1485
( -0.009999999999999995 0.017320508075688773 0.04705 ) //1486
( -0.01732050807568877 0.010000000000000007 0.04705 ) //1487
( -0.02 2.4492935982947064e-18 0.04705 ) //1488
( -0.017320508075688777 -0.009999999999999995 0.04705 ) //1489
( -0.010000000000000009 -0.01732050807568877 0.04705 ) //1490
( -3.673940397442059e-18 -0.02 0.04705 ) //1491
( 0.009999999999999986 -0.01732050807568878 0.04705 ) //1492
( 0.01732050807568877 -0.010000000000000009 0.04705 ) //1493

//circle 3
( 0.03058 0.0 0.04705 ) //1494
( 0.026483056847728136 0.015289999999999998 0.04705 ) //1495
( 0.015290000000000003 0.026483056847728132 0.04705 ) //1496
( 1.872484955896303e-18 0.03058 0.04705 ) //1497
( -0.015289999999999993 0.026483056847728136 0.04705 ) //1498
( -0.02648305684772813 0.01529000000000001 0.04705 ) //1499
( -0.03058 3.744969911792606e-18 0.04705 ) //1500
( -0.02648305684772814 -0.015289999999999991 0.04705 ) //1501
( -0.015290000000000014 -0.026483056847728125 0.04705 ) //1502
( -5.617454867688909e-18 -0.03058 0.04705 ) //1503
( 0.015289999999999979 -0.026483056847728146 0.04705 ) //1504
( 0.026483056847728125 -0.015290000000000014 0.04705 ) //1505

//circle 4
( 0.04116 0.0 0.04705 ) //1506
( 0.0356456056197675 0.020579999999999998 0.04705 ) //1507
( 0.020580000000000005 0.03564560561976749 0.04705 ) //1508
( 2.520323112645253e-18 0.04116 0.04705 ) //1509
( -0.02057999999999999 0.0356456056197675 0.04705 ) //1510
( -0.03564560561976749 0.020580000000000015 0.04705 ) //1511
( -0.04116 5.040646225290506e-18 0.04705 ) //1512
( -0.035645605619767505 -0.02057999999999999 0.04705 ) //1513
( -0.02058000000000002 -0.035645605619767484 0.04705 ) //1514
( -7.560969337935758e-18 -0.04116 0.04705 ) //1515
( 0.020579999999999973 -0.03564560561976751 0.04705 ) //1516
( 0.035645605619767484 -0.02058000000000002 0.04705 ) //1517

//circle 5
( 0.042 0.0 0.04705 ) //1518
( 0.036373066958946425 0.020999999999999998 0.04705 ) //1519
( 0.021000000000000005 0.036373066958946425 0.04705 ) //1520
( 2.571758278209442e-18 0.042 0.04705 ) //1521
( -0.02099999999999999 0.036373066958946425 0.04705 ) //1522
( -0.03637306695894642 0.021000000000000015 0.04705 ) //1523
( -0.042 5.143516556418884e-18 0.04705 ) //1524
( -0.03637306695894643 -0.02099999999999999 0.04705 ) //1525
( -0.02100000000000002 -0.03637306695894641 0.04705 ) //1526
( -7.715274834628325e-18 -0.042 0.04705 ) //1527
( 0.020999999999999974 -0.03637306695894644 0.04705 ) //1528
( 0.03637306695894641 -0.02100000000000002 0.04705 ) //1529

//section 8

//center
(0.0 0.0 0.05125) // 1530

//polygon
( 0.004 0.0 0.05125 ) // 1531
( 0.0034641016151377548 0.0019999999999999996 0.05125 ) // 1532
( 0.0020000000000000005 0.0034641016151377543 0.05125 ) // 1533
( 2.4492935982947063e-19 0.004 0.05125 ) // 1534
( -0.001999999999999999 0.0034641016151377548 0.05125 ) // 1535
( -0.003464101615137754 0.0020000000000000013 0.05125 ) // 1536
( -0.004 4.898587196589413e-19 0.05125 ) // 1537
( -0.003464101615137755 -0.0019999999999999987 0.05125 ) // 1538
( -0.0020000000000000018 -0.0034641016151377535 0.05125 ) // 1539
( -7.347880794884119e-19 -0.004 0.05125 ) // 1540
( 0.0019999999999999974 -0.003464101615137756 0.05125 ) // 1541
( 0.0034641016151377535 -0.0020000000000000018 0.05125 ) // 1542

//circles

//circle 0
( 0.009875 0.0 0.05125 ) //1543
( 0.008552000862371333 0.004937499999999999 0.05125 ) //1544
( 0.004937500000000001 0.008552000862371331 0.05125 ) //1545
( 6.046693570790057e-19 0.009875 0.05125 ) //1546
( -0.0049374999999999974 0.008552000862371333 0.05125 ) //1547
( -0.00855200086237133 0.0049375000000000035 0.05125 ) //1548
( -0.009875 1.2093387141580113e-18 0.05125 ) //1549
( -0.008552000862371333 -0.0049374999999999974 0.05125 ) //1550
( -0.004937500000000004 -0.00855200086237133 0.05125 ) //1551
( -1.8140080712370168e-18 -0.009875 0.05125 ) //1552
( 0.004937499999999993 -0.008552000862371336 0.05125 ) //1553
( 0.00855200086237133 -0.004937500000000004 0.05125 ) //1554

//circle 1
( 0.0125 0.0 0.05125 ) //1555
( 0.010825317547305485 0.0062499999999999995 0.05125 ) //1556
( 0.006250000000000002 0.010825317547305483 0.05125 ) //1557
( 7.654042494670958e-19 0.0125 0.05125 ) //1558
( -0.006249999999999998 0.010825317547305485 0.05125 ) //1559
( -0.010825317547305481 0.006250000000000005 0.05125 ) //1560
( -0.0125 1.5308084989341916e-18 0.05125 ) //1561
( -0.010825317547305487 -0.006249999999999997 0.05125 ) //1562
( -0.0062500000000000056 -0.01082531754730548 0.05125 ) //1563
( -2.296212748401287e-18 -0.0125 0.05125 ) //1564
( 0.006249999999999992 -0.010825317547305488 0.05125 ) //1565
( 0.01082531754730548 -0.0062500000000000056 0.05125 ) //1566

//circle 2
( 0.02 0.0 0.05125 ) //1567
( 0.017320508075688773 0.009999999999999998 0.05125 ) //1568
( 0.010000000000000002 0.017320508075688773 0.05125 ) //1569
( 1.2246467991473532e-18 0.02 0.05125 ) //1570
( -0.009999999999999995 0.017320508075688773 0.05125 ) //1571
( -0.01732050807568877 0.010000000000000007 0.05125 ) //1572
( -0.02 2.4492935982947064e-18 0.05125 ) //1573
( -0.017320508075688777 -0.009999999999999995 0.05125 ) //1574
( -0.010000000000000009 -0.01732050807568877 0.05125 ) //1575
( -3.673940397442059e-18 -0.02 0.05125 ) //1576
( 0.009999999999999986 -0.01732050807568878 0.05125 ) //1577
( 0.01732050807568877 -0.010000000000000009 0.05125 ) //1578

//circle 3
( 0.03058 0.0 0.05125 ) //1579
( 0.026483056847728136 0.015289999999999998 0.05125 ) //1580
( 0.015290000000000003 0.026483056847728132 0.05125 ) //1581
( 1.872484955896303e-18 0.03058 0.05125 ) //1582
( -0.015289999999999993 0.026483056847728136 0.05125 ) //1583
( -0.02648305684772813 0.01529000000000001 0.05125 ) //1584
( -0.03058 3.744969911792606e-18 0.05125 ) //1585
( -0.02648305684772814 -0.015289999999999991 0.05125 ) //1586
( -0.015290000000000014 -0.026483056847728125 0.05125 ) //1587
( -5.617454867688909e-18 -0.03058 0.05125 ) //1588
( 0.015289999999999979 -0.026483056847728146 0.05125 ) //1589
( 0.026483056847728125 -0.015290000000000014 0.05125 ) //1590

//circle 4
( 0.04116 0.0 0.05125 ) //1591
( 0.0356456056197675 0.020579999999999998 0.05125 ) //1592
( 0.020580000000000005 0.03564560561976749 0.05125 ) //1593
( 2.520323112645253e-18 0.04116 0.05125 ) //1594
( -0.02057999999999999 0.0356456056197675 0.05125 ) //1595
( -0.03564560561976749 0.020580000000000015 0.05125 ) //1596
( -0.04116 5.040646225290506e-18 0.05125 ) //1597
( -0.035645605619767505 -0.02057999999999999 0.05125 ) //1598
( -0.02058000000000002 -0.035645605619767484 0.05125 ) //1599
( -7.560969337935758e-18 -0.04116 0.05125 ) //1600
( 0.020579999999999973 -0.03564560561976751 0.05125 ) //1601
( 0.035645605619767484 -0.02058000000000002 0.05125 ) //1602

//circle 5
( 0.042 0.0 0.05125 ) //1603
( 0.036373066958946425 0.020999999999999998 0.05125 ) //1604
( 0.021000000000000005 0.036373066958946425 0.05125 ) //1605
( 2.571758278209442e-18 0.042 0.05125 ) //1606
( -0.02099999999999999 0.036373066958946425 0.05125 ) //1607
( -0.03637306695894642 0.021000000000000015 0.05125 ) //1608
( -0.042 5.143516556418884e-18 0.05125 ) //1609
( -0.03637306695894643 -0.02099999999999999 0.05125 ) //1610
( -0.02100000000000002 -0.03637306695894641 0.05125 ) //1611
( -7.715274834628325e-18 -0.042 0.05125 ) //1612
( 0.020999999999999974 -0.03637306695894644 0.05125 ) //1613
( 0.03637306695894641 -0.02100000000000002 0.05125 ) //1614

//section 9

//center
(0.0 0.0 0.135) // 1615

//polygon
( 0.004 0.0 0.135 ) // 1616
( 0.0034641016151377548 0.0019999999999999996 0.135 ) // 1617
( 0.0020000000000000005 0.0034641016151377543 0.135 ) // 1618
( 2.4492935982947063e-19 0.004 0.135 ) // 1619
( -0.001999999999999999 0.0034641016151377548 0.135 ) // 1620
( -0.003464101615137754 0.0020000000000000013 0.135 ) // 1621
( -0.004 4.898587196589413e-19 0.135 ) // 1622
( -0.003464101615137755 -0.0019999999999999987 0.135 ) // 1623
( -0.0020000000000000018 -0.0034641016151377535 0.135 ) // 1624
( -7.347880794884119e-19 -0.004 0.135 ) // 1625
( 0.0019999999999999974 -0.003464101615137756 0.135 ) // 1626
( 0.0034641016151377535 -0.0020000000000000018 0.135 ) // 1627

//circles

//circle 0
( 0.009875 0.0 0.135 ) //1628
( 0.008552000862371333 0.004937499999999999 0.135 ) //1629
( 0.004937500000000001 0.008552000862371331 0.135 ) //1630
( 6.046693570790057e-19 0.009875 0.135 ) //1631
( -0.0049374999999999974 0.008552000862371333 0.135 ) //1632
( -0.00855200086237133 0.0049375000000000035 0.135 ) //1633
( -0.009875 1.2093387141580113e-18 0.135 ) //1634
( -0.008552000862371333 -0.0049374999999999974 0.135 ) //1635
( -0.004937500000000004 -0.00855200086237133 0.135 ) //1636
( -1.8140080712370168e-18 -0.009875 0.135 ) //1637
( 0.004937499999999993 -0.008552000862371336 0.135 ) //1638
( 0.00855200086237133 -0.004937500000000004 0.135 ) //1639

//circle 1
( 0.0125 0.0 0.135 ) //1640
( 0.010825317547305485 0.0062499999999999995 0.135 ) //1641
( 0.006250000000000002 0.010825317547305483 0.135 ) //1642
( 7.654042494670958e-19 0.0125 0.135 ) //1643
( -0.006249999999999998 0.010825317547305485 0.135 ) //1644
( -0.010825317547305481 0.006250000000000005 0.135 ) //1645
( -0.0125 1.5308084989341916e-18 0.135 ) //1646
( -0.010825317547305487 -0.006249999999999997 0.135 ) //1647
( -0.0062500000000000056 -0.01082531754730548 0.135 ) //1648
( -2.296212748401287e-18 -0.0125 0.135 ) //1649
( 0.006249999999999992 -0.010825317547305488 0.135 ) //1650
( 0.01082531754730548 -0.0062500000000000056 0.135 ) //1651

//circle 2
( 0.02 0.0 0.135 ) //1652
( 0.017320508075688773 0.009999999999999998 0.135 ) //1653
( 0.010000000000000002 0.017320508075688773 0.135 ) //1654
( 1.2246467991473532e-18 0.02 0.135 ) //1655
( -0.009999999999999995 0.017320508075688773 0.135 ) //1656
( -0.01732050807568877 0.010000000000000007 0.135 ) //1657
( -0.02 2.4492935982947064e-18 0.135 ) //1658
( -0.017320508075688777 -0.009999999999999995 0.135 ) //1659
( -0.010000000000000009 -0.01732050807568877 0.135 ) //1660
( -3.673940397442059e-18 -0.02 0.135 ) //1661
( 0.009999999999999986 -0.01732050807568878 0.135 ) //1662
( 0.01732050807568877 -0.010000000000000009 0.135 ) //1663

//circle 3
( 0.03058 0.0 0.135 ) //1664
( 0.026483056847728136 0.015289999999999998 0.135 ) //1665
( 0.015290000000000003 0.026483056847728132 0.135 ) //1666
( 1.872484955896303e-18 0.03058 0.135 ) //1667
( -0.015289999999999993 0.026483056847728136 0.135 ) //1668
( -0.02648305684772813 0.01529000000000001 0.135 ) //1669
( -0.03058 3.744969911792606e-18 0.135 ) //1670
( -0.02648305684772814 -0.015289999999999991 0.135 ) //1671
( -0.015290000000000014 -0.026483056847728125 0.135 ) //1672
( -5.617454867688909e-18 -0.03058 0.135 ) //1673
( 0.015289999999999979 -0.026483056847728146 0.135 ) //1674
( 0.026483056847728125 -0.015290000000000014 0.135 ) //1675

//circle 4
( 0.04116 0.0 0.135 ) //1676
( 0.0356456056197675 0.020579999999999998 0.135 ) //1677
( 0.020580000000000005 0.03564560561976749 0.135 ) //1678
( 2.520323112645253e-18 0.04116 0.135 ) //1679
( -0.02057999999999999 0.0356456056197675 0.135 ) //1680
( -0.03564560561976749 0.020580000000000015 0.135 ) //1681
( -0.04116 5.040646225290506e-18 0.135 ) //1682
( -0.035645605619767505 -0.02057999999999999 0.135 ) //1683
( -0.02058000000000002 -0.035645605619767484 0.135 ) //1684
( -7.560969337935758e-18 -0.04116 0.135 ) //1685
( 0.020579999999999973 -0.03564560561976751 0.135 ) //1686
( 0.035645605619767484 -0.02058000000000002 0.135 ) //1687

//circle 5
( 0.042 0.0 0.135 ) //1688
( 0.036373066958946425 0.020999999999999998 0.135 ) //1689
( 0.021000000000000005 0.036373066958946425 0.135 ) //1690
( 2.571758278209442e-18 0.042 0.135 ) //1691
( -0.02099999999999999 0.036373066958946425 0.135 ) //1692
( -0.03637306695894642 0.021000000000000015 0.135 ) //1693
( -0.042 5.143516556418884e-18 0.135 ) //1694
( -0.03637306695894643 -0.02099999999999999 0.135 ) //1695
( -0.02100000000000002 -0.03637306695894641 0.135 ) //1696
( -7.715274834628325e-18 -0.042 0.135 ) //1697
( 0.020999999999999974 -0.03637306695894644 0.135 ) //1698
( 0.03637306695894641 -0.02100000000000002 0.135 ) //1699
);

// * * * * * * * * * * * * * * * * * * * * * * * * * * * * * * * * * * * * * //
edges
(

//circles

//section 0

//polygon
arc 1 2 ( 0.003732050807568878 0.0009999999999999998 -0.00012955963044980479 )
arc 2 3 ( 0.002732050807568878 0.0027320508075688774 -0.00012955963044980479 )
arc 3 4 ( 0.0010000000000000005 0.0037320508075688774 -0.00012955963044980479 )
arc 4 5 ( -0.0009999999999999994 0.003732050807568878 -0.00012955963044980479 )
arc 5 6 ( -0.002732050807568877 0.0027320508075688783 -0.00012955963044980479 )
arc 6 7 ( -0.003732050807568877 0.0010000000000000009 -0.00012955963044980479 )
arc 7 8 ( -0.003732050807568878 -0.0009999999999999992 -0.00012955963044980479 )
arc 8 9 ( -0.0027320508075688787 -0.0027320508075688765 -0.00012955963044980479 )
arc 9 10 ( -0.0010000000000000013 -0.003732050807568877 -0.00012955963044980479 )
arc 10 11 ( 0.0009999999999999983 -0.0037320508075688783 -0.00012955963044980479 )
arc 11 12 ( 0.0027320508075688757 -0.002732050807568879 -0.00012955963044980479 )
arc 12 1 ( 0.003732050807568877 -0.0010000000000000013 -0.00012955963044980479 )

//circle 0
arc 13 14 ( 0.00953851753460455 0.0025558380703873925 -0.00012344215829873662 )
arc 14 15 ( 0.006982679464217157 0.006982679464217156 -0.00012344215829873662 )
arc 15 16 ( 0.0025558380703873946 0.009538517534604548 -0.00012344215829873662 )
arc 16 17 ( -0.002555838070387391 0.00953851753460455 -0.00012344215829873662 )
arc 17 18 ( -0.006982679464217156 0.006982679464217157 -0.00012344215829873662 )
arc 18 19 ( -0.009538517534604548 0.002555838070387395 -0.00012344215829873662 )
arc 19 20 ( -0.00953851753460455 -0.002555838070387393 -0.00012344215829873662 )
arc 20 21 ( -0.006982679464217158 -0.006982679464217156 -0.00012344215829873662 )
arc 21 22 ( -0.0025558380703874 -0.009538517534604548 -0.00012344215829873662 )
arc 22 23 ( 0.002555838070387388 -0.009538517534604551 -0.00012344215829873662 )
arc 23 24 ( 0.006982679464217149 -0.006982679464217165 -0.00012344215829873662 )
arc 24 13 ( 0.009538517534604548 -0.0025558380703874007 -0.00012344215829873662 )

//circle 1
arc 25 26 ( 0.012074072828613355 0.0032352380637815092 -0.00011909154201550365 )
arc 26 27 ( 0.008838834764831846 0.008838834764831844 -0.00011909154201550365 )
arc 27 28 ( 0.0032352380637815123 0.012074072828613353 -0.00011909154201550365 )
arc 28 29 ( -0.003235238063781508 0.012074072828613355 -0.00011909154201550365 )
arc 29 30 ( -0.008838834764831844 0.008838834764831846 -0.00011909154201550365 )
arc 30 31 ( -0.012074072828613353 0.0032352380637815127 -0.00011909154201550365 )
arc 31 32 ( -0.012074072828613355 -0.00323523806378151 -0.00011909154201550365 )
arc 32 33 ( -0.008838834764831846 -0.008838834764831844 -0.00011909154201550365 )
arc 33 34 ( -0.0032352380637815192 -0.012074072828613351 -0.00011909154201550365 )
arc 34 35 ( 0.003235238063781504 -0.012074072828613357 -0.00011909154201550365 )
arc 35 36 ( 0.008838834764831835 -0.008838834764831854 -0.00011909154201550365 )
arc 36 25 ( 0.012074072828613351 -0.0032352380637815197 -0.00011909154201550365 )

//circle 2
arc 37 38 ( 0.019318516525781367 0.005176380902050415 -0.00010103628086444161 )
arc 38 39 ( 0.014142135623730952 0.014142135623730949 -0.00010103628086444161 )
arc 39 40 ( 0.005176380902050419 0.019318516525781364 -0.00010103628086444161 )
arc 40 41 ( -0.005176380902050413 0.019318516525781367 -0.00010103628086444161 )
arc 41 42 ( -0.014142135623730949 0.014142135623730952 -0.00010103628086444161 )
arc 42 43 ( -0.019318516525781364 0.005176380902050421 -0.00010103628086444161 )
arc 43 44 ( -0.019318516525781367 -0.005176380902050416 -0.00010103628086444161 )
arc 44 45 ( -0.014142135623730954 -0.014142135623730949 -0.00010103628086444161 )
arc 45 46 ( -0.00517638090205043 -0.019318516525781364 -0.00010103628086444161 )
arc 46 47 ( 0.005176380902050406 -0.019318516525781367 -0.00010103628086444161 )
arc 47 48 ( 0.014142135623730937 -0.014142135623730968 -0.00010103628086444161 )
arc 48 37 ( 0.019318516525781364 -0.005176380902050431 -0.00010103628086444161 )

//circle 3
arc 49 50 ( 0.02953801176791971 0.007914686399235085 -6.139702447427453e-05 )
arc 50 51 ( 0.021623325368684623 0.02162332536868462 -6.139702447427453e-05 )
arc 51 52 ( 0.00791468639923509 0.029538011767919706 -6.139702447427453e-05 )
arc 52 53 ( -0.007914686399235081 0.02953801176791971 -6.139702447427453e-05 )
arc 53 54 ( -0.02162332536868462 0.021623325368684623 -6.139702447427453e-05 )
arc 54 55 ( -0.029538011767919706 0.007914686399235092 -6.139702447427453e-05 )
arc 55 56 ( -0.02953801176791971 -0.007914686399235087 -6.139702447427453e-05 )
arc 56 57 ( -0.021623325368684627 -0.02162332536868462 -6.139702447427453e-05 )
arc 57 58 ( -0.007914686399235107 -0.029538011767919703 -6.139702447427453e-05 )
arc 58 59 ( 0.007914686399235071 -0.029538011767919713 -6.139702447427453e-05 )
arc 59 60 ( 0.0216233253686846 -0.021623325368684648 -6.139702447427453e-05 )
arc 60 49 ( 0.029538011767919703 -0.00791468639923511 -6.139702447427453e-05 )

//circle 4
arc 61 62 ( 0.039757507010058056 0.010652991896419755 -5.174398016727366e-06 )
arc 62 63 ( 0.0291045151136383 0.029104515113638294 -5.174398016727366e-06 )
arc 63 64 ( 0.010652991896419764 0.03975750701005805 -5.174398016727366e-06 )
arc 64 65 ( -0.01065299189641975 0.039757507010058056 -5.174398016727366e-06 )
arc 65 66 ( -0.029104515113638294 0.0291045151136383 -5.174398016727366e-06 )
arc 66 67 ( -0.03975750701005805 0.010652991896419765 -5.174398016727366e-06 )
arc 67 68 ( -0.039757507010058056 -0.010652991896419757 -5.174398016727366e-06 )
arc 68 69 ( -0.029104515113638305 -0.029104515113638294 -5.174398016727366e-06 )
arc 69 70 ( -0.010652991896419786 -0.03975750701005804 -5.174398016727366e-06 )
arc 70 71 ( 0.010652991896419736 -0.039757507010058056 -5.174398016727366e-06 )
arc 71 72 ( 0.029104515113638266 -0.029104515113638332 -5.174398016727366e-06 )
arc 72 61 ( 0.03975750701005804 -0.010652991896419788 -5.174398016727366e-06 )

//circle 5
arc 73 74 ( 0.04056888470414087 0.010870399894305872 0.0 )
arc 74 75 ( 0.029698484809835 0.029698484809834995 0.0 )
arc 75 76 ( 0.01087039989430588 0.04056888470414087 0.0 )
arc 76 77 ( -0.010870399894305867 0.04056888470414087 0.0 )
arc 77 78 ( -0.029698484809834995 0.029698484809835 0.0 )
arc 78 79 ( -0.04056888470414087 0.010870399894305884 0.0 )
arc 79 80 ( -0.04056888470414087 -0.010870399894305873 0.0 )
arc 80 81 ( -0.029698484809835005 -0.029698484809834995 0.0 )
arc 81 82 ( -0.010870399894305905 -0.04056888470414086 0.0 )
arc 82 83 ( 0.010870399894305853 -0.04056888470414088 0.0 )
arc 83 84 ( 0.029698484809834967 -0.029698484809835033 0.0 )
arc 84 73 ( 0.04056888470414086 -0.010870399894305906 0.0 )

//section 1

//circles

//circle 0
arc 98 99 ( 0.00953851753460455 0.0025558380703873925 0.01075 )
arc 99 100 ( 0.006982679464217157 0.006982679464217156 0.01075 )
arc 100 101 ( 0.0025558380703873946 0.009538517534604548 0.01075 )
arc 101 102 ( -0.002555838070387391 0.00953851753460455 0.01075 )
arc 102 103 ( -0.006982679464217156 0.006982679464217157 0.01075 )
arc 103 104 ( -0.009538517534604548 0.002555838070387395 0.01075 )
arc 104 105 ( -0.00953851753460455 -0.002555838070387393 0.01075 )
arc 105 106 ( -0.006982679464217158 -0.006982679464217156 0.01075 )
arc 106 107 ( -0.0025558380703874 -0.009538517534604548 0.01075 )
arc 107 108 ( 0.002555838070387388 -0.009538517534604551 0.01075 )
arc 108 109 ( 0.006982679464217149 -0.006982679464217165 0.01075 )
arc 109 98 ( 0.009538517534604548 -0.0025558380703874007 0.01075 )

//circle 1
arc 960 111 ( 0.012074072828613355 0.0032352380637815092 0.01075 )
arc 111 112 ( 0.008838834764831846 0.008838834764831844 0.01075 )
arc 962 113 ( 0.0032352380637815123 0.012074072828613353 0.01075 )
arc 113 114 ( -0.003235238063781508 0.012074072828613355 0.01075 )
arc 964 115 ( -0.008838834764831844 0.008838834764831846 0.01075 )
arc 115 116 ( -0.012074072828613353 0.0032352380637815127 0.01075 )
arc 966 117 ( -0.012074072828613355 -0.00323523806378151 0.01075 )
arc 117 118 ( -0.008838834764831846 -0.008838834764831844 0.01075 )
arc 968 119 ( -0.0032352380637815192 -0.012074072828613351 0.01075 )
arc 119 120 ( 0.003235238063781504 -0.012074072828613357 0.01075 )
arc 970 121 ( 0.008838834764831835 -0.008838834764831854 0.01075 )
arc 121 110 ( 0.012074072828613351 -0.0032352380637815197 0.01075 )

//circle 2
arc 122 123 ( 0.019318516525781367 0.005176380902050415 0.01075 )
arc 123 124 ( 0.014142135623730952 0.014142135623730949 0.01075 )
arc 124 125 ( 0.005176380902050419 0.019318516525781364 0.01075 )
arc 125 126 ( -0.005176380902050413 0.019318516525781367 0.01075 )
arc 126 127 ( -0.014142135623730949 0.014142135623730952 0.01075 )
arc 127 128 ( -0.019318516525781364 0.005176380902050421 0.01075 )
arc 128 129 ( -0.019318516525781367 -0.005176380902050416 0.01075 )
arc 129 130 ( -0.014142135623730954 -0.014142135623730949 0.01075 )
arc 130 131 ( -0.00517638090205043 -0.019318516525781364 0.01075 )
arc 131 132 ( 0.005176380902050406 -0.019318516525781367 0.01075 )
arc 132 133 ( 0.014142135623730937 -0.014142135623730968 0.01075 )
arc 133 122 ( 0.019318516525781364 -0.005176380902050431 0.01075 )

//circle 3
arc 134 135 ( 0.02953801176791971 0.007914686399235085 0.01075 )
arc 135 136 ( 0.021623325368684623 0.02162332536868462 0.01075 )
arc 136 137 ( 0.00791468639923509 0.029538011767919706 0.01075 )
arc 137 138 ( -0.007914686399235081 0.02953801176791971 0.01075 )
arc 138 139 ( -0.02162332536868462 0.021623325368684623 0.01075 )
arc 139 140 ( -0.029538011767919706 0.007914686399235092 0.01075 )
arc 140 141 ( -0.02953801176791971 -0.007914686399235087 0.01075 )
arc 141 142 ( -0.021623325368684627 -0.02162332536868462 0.01075 )
arc 142 143 ( -0.007914686399235107 -0.029538011767919703 0.01075 )
arc 143 144 ( 0.007914686399235071 -0.029538011767919713 0.01075 )
arc 144 145 ( 0.0216233253686846 -0.021623325368684648 0.01075 )
arc 145 134 ( 0.029538011767919703 -0.00791468639923511 0.01075 )

//circle 4
arc 146 147 ( 0.039757507010058056 0.010652991896419755 0.01075 )
arc 147 148 ( 0.0291045151136383 0.029104515113638294 0.01075 )
arc 148 149 ( 0.010652991896419764 0.03975750701005805 0.01075 )
arc 149 150 ( -0.01065299189641975 0.039757507010058056 0.01075 )
arc 150 151 ( -0.029104515113638294 0.0291045151136383 0.01075 )
arc 151 152 ( -0.03975750701005805 0.010652991896419765 0.01075 )
arc 152 153 ( -0.039757507010058056 -0.010652991896419757 0.01075 )
arc 153 154 ( -0.029104515113638305 -0.029104515113638294 0.01075 )
arc 154 155 ( -0.010652991896419786 -0.03975750701005804 0.01075 )
arc 155 156 ( 0.010652991896419736 -0.039757507010058056 0.01075 )
arc 156 157 ( 0.029104515113638266 -0.029104515113638332 0.01075 )
arc 157 146 ( 0.03975750701005804 -0.010652991896419788 0.01075 )

//circle 5
arc 158 159 ( 0.04056888470414087 0.010870399894305872 0.01075 )
arc 1009 160 ( 0.029698484809835 0.029698484809834995 0.01075 )
arc 160 161 ( 0.01087039989430588 0.04056888470414087 0.01075 )
arc 1011 162 ( -0.010870399894305867 0.04056888470414087 0.01075 )
arc 162 163 ( -0.029698484809834995 0.029698484809835 0.01075 )
arc 1013 164 ( -0.04056888470414087 0.010870399894305884 0.01075 )
arc 164 165 ( -0.04056888470414087 -0.010870399894305873 0.01075 )
arc 1015 166 ( -0.029698484809835005 -0.029698484809834995 0.01075 )
arc 166 167 ( -0.010870399894305905 -0.04056888470414086 0.01075 )
arc 1017 168 ( 0.010870399894305853 -0.04056888470414088 0.01075 )
arc 168 169 ( 0.029698484809834967 -0.029698484809835033 0.01075 )
arc 1019 158 ( 0.04056888470414086 -0.010870399894305906 0.01075 )

//section 2

//circles

//circle 0
arc 183 184 ( 0.00953851753460455 0.0025558380703873925 0.01495 )
arc 184 185 ( 0.006982679464217157 0.006982679464217156 0.01495 )
arc 185 186 ( 0.0025558380703873946 0.009538517534604548 0.01495 )
arc 186 187 ( -0.002555838070387391 0.00953851753460455 0.01495 )
arc 187 188 ( -0.006982679464217156 0.006982679464217157 0.01495 )
arc 188 189 ( -0.009538517534604548 0.002555838070387395 0.01495 )
arc 189 190 ( -0.00953851753460455 -0.002555838070387393 0.01495 )
arc 190 191 ( -0.006982679464217158 -0.006982679464217156 0.01495 )
arc 191 192 ( -0.0025558380703874 -0.009538517534604548 0.01495 )
arc 192 193 ( 0.002555838070387388 -0.009538517534604551 0.01495 )
arc 193 194 ( 0.006982679464217149 -0.006982679464217165 0.01495 )
arc 194 183 ( 0.009538517534604548 -0.0025558380703874007 0.01495 )

//circle 1
arc 1045 196 ( 0.012074072828613355 0.0032352380637815092 0.01495 )
arc 196 197 ( 0.008838834764831846 0.008838834764831844 0.01495 )
arc 1047 198 ( 0.0032352380637815123 0.012074072828613353 0.01495 )
arc 198 199 ( -0.003235238063781508 0.012074072828613355 0.01495 )
arc 1049 200 ( -0.008838834764831844 0.008838834764831846 0.01495 )
arc 200 201 ( -0.012074072828613353 0.0032352380637815127 0.01495 )
arc 1051 202 ( -0.012074072828613355 -0.00323523806378151 0.01495 )
arc 202 203 ( -0.008838834764831846 -0.008838834764831844 0.01495 )
arc 1053 204 ( -0.0032352380637815192 -0.012074072828613351 0.01495 )
arc 204 205 ( 0.003235238063781504 -0.012074072828613357 0.01495 )
arc 1055 206 ( 0.008838834764831835 -0.008838834764831854 0.01495 )
arc 206 195 ( 0.012074072828613351 -0.0032352380637815197 0.01495 )

//circle 2
arc 207 208 ( 0.019318516525781367 0.005176380902050415 0.01495 )
arc 208 209 ( 0.014142135623730952 0.014142135623730949 0.01495 )
arc 209 210 ( 0.005176380902050419 0.019318516525781364 0.01495 )
arc 210 211 ( -0.005176380902050413 0.019318516525781367 0.01495 )
arc 211 212 ( -0.014142135623730949 0.014142135623730952 0.01495 )
arc 212 213 ( -0.019318516525781364 0.005176380902050421 0.01495 )
arc 213 214 ( -0.019318516525781367 -0.005176380902050416 0.01495 )
arc 214 215 ( -0.014142135623730954 -0.014142135623730949 0.01495 )
arc 215 216 ( -0.00517638090205043 -0.019318516525781364 0.01495 )
arc 216 217 ( 0.005176380902050406 -0.019318516525781367 0.01495 )
arc 217 218 ( 0.014142135623730937 -0.014142135623730968 0.01495 )
arc 218 207 ( 0.019318516525781364 -0.005176380902050431 0.01495 )

//circle 3
arc 219 220 ( 0.02953801176791971 0.007914686399235085 0.01495 )
arc 220 221 ( 0.021623325368684623 0.02162332536868462 0.01495 )
arc 221 222 ( 0.00791468639923509 0.029538011767919706 0.01495 )
arc 222 223 ( -0.007914686399235081 0.02953801176791971 0.01495 )
arc 223 224 ( -0.02162332536868462 0.021623325368684623 0.01495 )
arc 224 225 ( -0.029538011767919706 0.007914686399235092 0.01495 )
arc 225 226 ( -0.02953801176791971 -0.007914686399235087 0.01495 )
arc 226 227 ( -0.021623325368684627 -0.02162332536868462 0.01495 )
arc 227 228 ( -0.007914686399235107 -0.029538011767919703 0.01495 )
arc 228 229 ( 0.007914686399235071 -0.029538011767919713 0.01495 )
arc 229 230 ( 0.0216233253686846 -0.021623325368684648 0.01495 )
arc 230 219 ( 0.029538011767919703 -0.00791468639923511 0.01495 )

//circle 4
arc 231 232 ( 0.039757507010058056 0.010652991896419755 0.01495 )
arc 232 233 ( 0.0291045151136383 0.029104515113638294 0.01495 )
arc 233 234 ( 0.010652991896419764 0.03975750701005805 0.01495 )
arc 234 235 ( -0.01065299189641975 0.039757507010058056 0.01495 )
arc 235 236 ( -0.029104515113638294 0.0291045151136383 0.01495 )
arc 236 237 ( -0.03975750701005805 0.010652991896419765 0.01495 )
arc 237 238 ( -0.039757507010058056 -0.010652991896419757 0.01495 )
arc 238 239 ( -0.029104515113638305 -0.029104515113638294 0.01495 )
arc 239 240 ( -0.010652991896419786 -0.03975750701005804 0.01495 )
arc 240 241 ( 0.010652991896419736 -0.039757507010058056 0.01495 )
arc 241 242 ( 0.029104515113638266 -0.029104515113638332 0.01495 )
arc 242 231 ( 0.03975750701005804 -0.010652991896419788 0.01495 )

//circle 5
arc 243 244 ( 0.04056888470414087 0.010870399894305872 0.01495 )
arc 1094 245 ( 0.029698484809835 0.029698484809834995 0.01495 )
arc 245 246 ( 0.01087039989430588 0.04056888470414087 0.01495 )
arc 1096 247 ( -0.010870399894305867 0.04056888470414087 0.01495 )
arc 247 248 ( -0.029698484809834995 0.029698484809835 0.01495 )
arc 1098 249 ( -0.04056888470414087 0.010870399894305884 0.01495 )
arc 249 250 ( -0.04056888470414087 -0.010870399894305873 0.01495 )
arc 1100 251 ( -0.029698484809835005 -0.029698484809834995 0.01495 )
arc 251 252 ( -0.010870399894305905 -0.04056888470414086 0.01495 )
arc 1102 253 ( 0.010870399894305853 -0.04056888470414088 0.01495 )
arc 253 254 ( 0.029698484809834967 -0.029698484809835033 0.01495 )
arc 1104 243 ( 0.04056888470414086 -0.010870399894305906 0.01495 )

//section 3

//circles

//circle 0
arc 268 269 ( 0.00953851753460455 0.0025558380703873925 0.01705 )
arc 269 270 ( 0.006982679464217157 0.006982679464217156 0.01705 )
arc 270 271 ( 0.0025558380703873946 0.009538517534604548 0.01705 )
arc 271 272 ( -0.002555838070387391 0.00953851753460455 0.01705 )
arc 272 273 ( -0.006982679464217156 0.006982679464217157 0.01705 )
arc 273 274 ( -0.009538517534604548 0.002555838070387395 0.01705 )
arc 274 275 ( -0.00953851753460455 -0.002555838070387393 0.01705 )
arc 275 276 ( -0.006982679464217158 -0.006982679464217156 0.01705 )
arc 276 277 ( -0.0025558380703874 -0.009538517534604548 0.01705 )
arc 277 278 ( 0.002555838070387388 -0.009538517534604551 0.01705 )
arc 278 279 ( 0.006982679464217149 -0.006982679464217165 0.01705 )
arc 279 268 ( 0.009538517534604548 -0.0025558380703874007 0.01705 )

//circle 1
arc 1130 281 ( 0.012074072828613355 0.0032352380637815092 0.01705 )
arc 281 282 ( 0.008838834764831846 0.008838834764831844 0.01705 )
arc 1132 283 ( 0.0032352380637815123 0.012074072828613353 0.01705 )
arc 283 284 ( -0.003235238063781508 0.012074072828613355 0.01705 )
arc 1134 285 ( -0.008838834764831844 0.008838834764831846 0.01705 )
arc 285 286 ( -0.012074072828613353 0.0032352380637815127 0.01705 )
arc 1136 287 ( -0.012074072828613355 -0.00323523806378151 0.01705 )
arc 287 288 ( -0.008838834764831846 -0.008838834764831844 0.01705 )
arc 1138 289 ( -0.0032352380637815192 -0.012074072828613351 0.01705 )
arc 289 290 ( 0.003235238063781504 -0.012074072828613357 0.01705 )
arc 1140 291 ( 0.008838834764831835 -0.008838834764831854 0.01705 )
arc 291 280 ( 0.012074072828613351 -0.0032352380637815197 0.01705 )

//circle 2
arc 292 293 ( 0.019318516525781367 0.005176380902050415 0.01705 )
arc 293 294 ( 0.014142135623730952 0.014142135623730949 0.01705 )
arc 294 295 ( 0.005176380902050419 0.019318516525781364 0.01705 )
arc 295 296 ( -0.005176380902050413 0.019318516525781367 0.01705 )
arc 296 297 ( -0.014142135623730949 0.014142135623730952 0.01705 )
arc 297 298 ( -0.019318516525781364 0.005176380902050421 0.01705 )
arc 298 299 ( -0.019318516525781367 -0.005176380902050416 0.01705 )
arc 299 300 ( -0.014142135623730954 -0.014142135623730949 0.01705 )
arc 300 301 ( -0.00517638090205043 -0.019318516525781364 0.01705 )
arc 301 302 ( 0.005176380902050406 -0.019318516525781367 0.01705 )
arc 302 303 ( 0.014142135623730937 -0.014142135623730968 0.01705 )
arc 303 292 ( 0.019318516525781364 -0.005176380902050431 0.01705 )

//circle 3
arc 304 305 ( 0.02953801176791971 0.007914686399235085 0.01705 )
arc 305 306 ( 0.021623325368684623 0.02162332536868462 0.01705 )
arc 306 307 ( 0.00791468639923509 0.029538011767919706 0.01705 )
arc 307 308 ( -0.007914686399235081 0.02953801176791971 0.01705 )
arc 308 309 ( -0.02162332536868462 0.021623325368684623 0.01705 )
arc 309 310 ( -0.029538011767919706 0.007914686399235092 0.01705 )
arc 310 311 ( -0.02953801176791971 -0.007914686399235087 0.01705 )
arc 311 312 ( -0.021623325368684627 -0.02162332536868462 0.01705 )
arc 312 313 ( -0.007914686399235107 -0.029538011767919703 0.01705 )
arc 313 314 ( 0.007914686399235071 -0.029538011767919713 0.01705 )
arc 314 315 ( 0.0216233253686846 -0.021623325368684648 0.01705 )
arc 315 304 ( 0.029538011767919703 -0.00791468639923511 0.01705 )

//circle 4
arc 316 317 ( 0.039757507010058056 0.010652991896419755 0.01705 )
arc 317 318 ( 0.0291045151136383 0.029104515113638294 0.01705 )
arc 318 319 ( 0.010652991896419764 0.03975750701005805 0.01705 )
arc 319 320 ( -0.01065299189641975 0.039757507010058056 0.01705 )
arc 320 321 ( -0.029104515113638294 0.0291045151136383 0.01705 )
arc 321 322 ( -0.03975750701005805 0.010652991896419765 0.01705 )
arc 322 323 ( -0.039757507010058056 -0.010652991896419757 0.01705 )
arc 323 324 ( -0.029104515113638305 -0.029104515113638294 0.01705 )
arc 324 325 ( -0.010652991896419786 -0.03975750701005804 0.01705 )
arc 325 326 ( 0.010652991896419736 -0.039757507010058056 0.01705 )
arc 326 327 ( 0.029104515113638266 -0.029104515113638332 0.01705 )
arc 327 316 ( 0.03975750701005804 -0.010652991896419788 0.01705 )

//circle 5
arc 328 329 ( 0.04056888470414087 0.010870399894305872 0.01705 )
arc 1179 330 ( 0.029698484809835 0.029698484809834995 0.01705 )
arc 330 331 ( 0.01087039989430588 0.04056888470414087 0.01705 )
arc 1181 332 ( -0.010870399894305867 0.04056888470414087 0.01705 )
arc 332 333 ( -0.029698484809834995 0.029698484809835 0.01705 )
arc 1183 334 ( -0.04056888470414087 0.010870399894305884 0.01705 )
arc 334 335 ( -0.04056888470414087 -0.010870399894305873 0.01705 )
arc 1185 336 ( -0.029698484809835005 -0.029698484809834995 0.01705 )
arc 336 337 ( -0.010870399894305905 -0.04056888470414086 0.01705 )
arc 1187 338 ( 0.010870399894305853 -0.04056888470414088 0.01705 )
arc 338 339 ( 0.029698484809834967 -0.029698484809835033 0.01705 )
arc 1189 328 ( 0.04056888470414086 -0.010870399894305906 0.01705 )

//section 4

//circles

//circle 0
arc 353 354 ( 0.00953851753460455 0.0025558380703873925 0.02125 )
arc 354 355 ( 0.006982679464217157 0.006982679464217156 0.02125 )
arc 355 356 ( 0.0025558380703873946 0.009538517534604548 0.02125 )
arc 356 357 ( -0.002555838070387391 0.00953851753460455 0.02125 )
arc 357 358 ( -0.006982679464217156 0.006982679464217157 0.02125 )
arc 358 359 ( -0.009538517534604548 0.002555838070387395 0.02125 )
arc 359 360 ( -0.00953851753460455 -0.002555838070387393 0.02125 )
arc 360 361 ( -0.006982679464217158 -0.006982679464217156 0.02125 )
arc 361 362 ( -0.0025558380703874 -0.009538517534604548 0.02125 )
arc 362 363 ( 0.002555838070387388 -0.009538517534604551 0.02125 )
arc 363 364 ( 0.006982679464217149 -0.006982679464217165 0.02125 )
arc 364 353 ( 0.009538517534604548 -0.0025558380703874007 0.02125 )

//circle 1
arc 1215 366 ( 0.012074072828613355 0.0032352380637815092 0.02125 )
arc 366 367 ( 0.008838834764831846 0.008838834764831844 0.02125 )
arc 1217 368 ( 0.0032352380637815123 0.012074072828613353 0.02125 )
arc 368 369 ( -0.003235238063781508 0.012074072828613355 0.02125 )
arc 1219 370 ( -0.008838834764831844 0.008838834764831846 0.02125 )
arc 370 371 ( -0.012074072828613353 0.0032352380637815127 0.02125 )
arc 1221 372 ( -0.012074072828613355 -0.00323523806378151 0.02125 )
arc 372 373 ( -0.008838834764831846 -0.008838834764831844 0.02125 )
arc 1223 374 ( -0.0032352380637815192 -0.012074072828613351 0.02125 )
arc 374 375 ( 0.003235238063781504 -0.012074072828613357 0.02125 )
arc 1225 376 ( 0.008838834764831835 -0.008838834764831854 0.02125 )
arc 376 365 ( 0.012074072828613351 -0.0032352380637815197 0.02125 )

//circle 2
arc 377 378 ( 0.019318516525781367 0.005176380902050415 0.02125 )
arc 378 379 ( 0.014142135623730952 0.014142135623730949 0.02125 )
arc 379 380 ( 0.005176380902050419 0.019318516525781364 0.02125 )
arc 380 381 ( -0.005176380902050413 0.019318516525781367 0.02125 )
arc 381 382 ( -0.014142135623730949 0.014142135623730952 0.02125 )
arc 382 383 ( -0.019318516525781364 0.005176380902050421 0.02125 )
arc 383 384 ( -0.019318516525781367 -0.005176380902050416 0.02125 )
arc 384 385 ( -0.014142135623730954 -0.014142135623730949 0.02125 )
arc 385 386 ( -0.00517638090205043 -0.019318516525781364 0.02125 )
arc 386 387 ( 0.005176380902050406 -0.019318516525781367 0.02125 )
arc 387 388 ( 0.014142135623730937 -0.014142135623730968 0.02125 )
arc 388 377 ( 0.019318516525781364 -0.005176380902050431 0.02125 )

//circle 3
arc 389 390 ( 0.02953801176791971 0.007914686399235085 0.02125 )
arc 390 391 ( 0.021623325368684623 0.02162332536868462 0.02125 )
arc 391 392 ( 0.00791468639923509 0.029538011767919706 0.02125 )
arc 392 393 ( -0.007914686399235081 0.02953801176791971 0.02125 )
arc 393 394 ( -0.02162332536868462 0.021623325368684623 0.02125 )
arc 394 395 ( -0.029538011767919706 0.007914686399235092 0.02125 )
arc 395 396 ( -0.02953801176791971 -0.007914686399235087 0.02125 )
arc 396 397 ( -0.021623325368684627 -0.02162332536868462 0.02125 )
arc 397 398 ( -0.007914686399235107 -0.029538011767919703 0.02125 )
arc 398 399 ( 0.007914686399235071 -0.029538011767919713 0.02125 )
arc 399 400 ( 0.0216233253686846 -0.021623325368684648 0.02125 )
arc 400 389 ( 0.029538011767919703 -0.00791468639923511 0.02125 )

//circle 4
arc 401 402 ( 0.039757507010058056 0.010652991896419755 0.02125 )
arc 402 403 ( 0.0291045151136383 0.029104515113638294 0.02125 )
arc 403 404 ( 0.010652991896419764 0.03975750701005805 0.02125 )
arc 404 405 ( -0.01065299189641975 0.039757507010058056 0.02125 )
arc 405 406 ( -0.029104515113638294 0.0291045151136383 0.02125 )
arc 406 407 ( -0.03975750701005805 0.010652991896419765 0.02125 )
arc 407 408 ( -0.039757507010058056 -0.010652991896419757 0.02125 )
arc 408 409 ( -0.029104515113638305 -0.029104515113638294 0.02125 )
arc 409 410 ( -0.010652991896419786 -0.03975750701005804 0.02125 )
arc 410 411 ( 0.010652991896419736 -0.039757507010058056 0.02125 )
arc 411 412 ( 0.029104515113638266 -0.029104515113638332 0.02125 )
arc 412 401 ( 0.03975750701005804 -0.010652991896419788 0.02125 )

//circle 5
arc 413 414 ( 0.04056888470414087 0.010870399894305872 0.02125 )
arc 1264 415 ( 0.029698484809835 0.029698484809834995 0.02125 )
arc 415 416 ( 0.01087039989430588 0.04056888470414087 0.02125 )
arc 1266 417 ( -0.010870399894305867 0.04056888470414087 0.02125 )
arc 417 418 ( -0.029698484809834995 0.029698484809835 0.02125 )
arc 1268 419 ( -0.04056888470414087 0.010870399894305884 0.02125 )
arc 419 420 ( -0.04056888470414087 -0.010870399894305873 0.02125 )
arc 1270 421 ( -0.029698484809835005 -0.029698484809834995 0.02125 )
arc 421 422 ( -0.010870399894305905 -0.04056888470414086 0.02125 )
arc 1272 423 ( 0.010870399894305853 -0.04056888470414088 0.02125 )
arc 423 424 ( 0.029698484809834967 -0.029698484809835033 0.02125 )
arc 1274 413 ( 0.04056888470414086 -0.010870399894305906 0.02125 )

//section 5

//circles

//circle 0
arc 438 439 ( 0.00953851753460455 0.0025558380703873925 0.04075 )
arc 439 440 ( 0.006982679464217157 0.006982679464217156 0.04075 )
arc 440 441 ( 0.0025558380703873946 0.009538517534604548 0.04075 )
arc 441 442 ( -0.002555838070387391 0.00953851753460455 0.04075 )
arc 442 443 ( -0.006982679464217156 0.006982679464217157 0.04075 )
arc 443 444 ( -0.009538517534604548 0.002555838070387395 0.04075 )
arc 444 445 ( -0.00953851753460455 -0.002555838070387393 0.04075 )
arc 445 446 ( -0.006982679464217158 -0.006982679464217156 0.04075 )
arc 446 447 ( -0.0025558380703874 -0.009538517534604548 0.04075 )
arc 447 448 ( 0.002555838070387388 -0.009538517534604551 0.04075 )
arc 448 449 ( 0.006982679464217149 -0.006982679464217165 0.04075 )
arc 449 438 ( 0.009538517534604548 -0.0025558380703874007 0.04075 )

//circle 1
arc 1300 451 ( 0.012074072828613355 0.0032352380637815092 0.04075 )
arc 451 452 ( 0.008838834764831846 0.008838834764831844 0.04075 )
arc 1302 453 ( 0.0032352380637815123 0.012074072828613353 0.04075 )
arc 453 454 ( -0.003235238063781508 0.012074072828613355 0.04075 )
arc 1304 455 ( -0.008838834764831844 0.008838834764831846 0.04075 )
arc 455 456 ( -0.012074072828613353 0.0032352380637815127 0.04075 )
arc 1306 457 ( -0.012074072828613355 -0.00323523806378151 0.04075 )
arc 457 458 ( -0.008838834764831846 -0.008838834764831844 0.04075 )
arc 1308 459 ( -0.0032352380637815192 -0.012074072828613351 0.04075 )
arc 459 460 ( 0.003235238063781504 -0.012074072828613357 0.04075 )
arc 1310 461 ( 0.008838834764831835 -0.008838834764831854 0.04075 )
arc 461 450 ( 0.012074072828613351 -0.0032352380637815197 0.04075 )

//circle 2
arc 462 463 ( 0.019318516525781367 0.005176380902050415 0.04075 )
arc 463 464 ( 0.014142135623730952 0.014142135623730949 0.04075 )
arc 464 465 ( 0.005176380902050419 0.019318516525781364 0.04075 )
arc 465 466 ( -0.005176380902050413 0.019318516525781367 0.04075 )
arc 466 467 ( -0.014142135623730949 0.014142135623730952 0.04075 )
arc 467 468 ( -0.019318516525781364 0.005176380902050421 0.04075 )
arc 468 469 ( -0.019318516525781367 -0.005176380902050416 0.04075 )
arc 469 470 ( -0.014142135623730954 -0.014142135623730949 0.04075 )
arc 470 471 ( -0.00517638090205043 -0.019318516525781364 0.04075 )
arc 471 472 ( 0.005176380902050406 -0.019318516525781367 0.04075 )
arc 472 473 ( 0.014142135623730937 -0.014142135623730968 0.04075 )
arc 473 462 ( 0.019318516525781364 -0.005176380902050431 0.04075 )

//circle 3
arc 474 475 ( 0.02953801176791971 0.007914686399235085 0.04075 )
arc 475 476 ( 0.021623325368684623 0.02162332536868462 0.04075 )
arc 476 477 ( 0.00791468639923509 0.029538011767919706 0.04075 )
arc 477 478 ( -0.007914686399235081 0.02953801176791971 0.04075 )
arc 478 479 ( -0.02162332536868462 0.021623325368684623 0.04075 )
arc 479 480 ( -0.029538011767919706 0.007914686399235092 0.04075 )
arc 480 481 ( -0.02953801176791971 -0.007914686399235087 0.04075 )
arc 481 482 ( -0.021623325368684627 -0.02162332536868462 0.04075 )
arc 482 483 ( -0.007914686399235107 -0.029538011767919703 0.04075 )
arc 483 484 ( 0.007914686399235071 -0.029538011767919713 0.04075 )
arc 484 485 ( 0.0216233253686846 -0.021623325368684648 0.04075 )
arc 485 474 ( 0.029538011767919703 -0.00791468639923511 0.04075 )

//circle 4
arc 486 487 ( 0.039757507010058056 0.010652991896419755 0.04075 )
arc 487 488 ( 0.0291045151136383 0.029104515113638294 0.04075 )
arc 488 489 ( 0.010652991896419764 0.03975750701005805 0.04075 )
arc 489 490 ( -0.01065299189641975 0.039757507010058056 0.04075 )
arc 490 491 ( -0.029104515113638294 0.0291045151136383 0.04075 )
arc 491 492 ( -0.03975750701005805 0.010652991896419765 0.04075 )
arc 492 493 ( -0.039757507010058056 -0.010652991896419757 0.04075 )
arc 493 494 ( -0.029104515113638305 -0.029104515113638294 0.04075 )
arc 494 495 ( -0.010652991896419786 -0.03975750701005804 0.04075 )
arc 495 496 ( 0.010652991896419736 -0.039757507010058056 0.04075 )
arc 496 497 ( 0.029104515113638266 -0.029104515113638332 0.04075 )
arc 497 486 ( 0.03975750701005804 -0.010652991896419788 0.04075 )

//circle 5
arc 498 499 ( 0.04056888470414087 0.010870399894305872 0.04075 )
arc 1349 500 ( 0.029698484809835 0.029698484809834995 0.04075 )
arc 500 501 ( 0.01087039989430588 0.04056888470414087 0.04075 )
arc 1351 502 ( -0.010870399894305867 0.04056888470414087 0.04075 )
arc 502 503 ( -0.029698484809834995 0.029698484809835 0.04075 )
arc 1353 504 ( -0.04056888470414087 0.010870399894305884 0.04075 )
arc 504 505 ( -0.04056888470414087 -0.010870399894305873 0.04075 )
arc 1355 506 ( -0.029698484809835005 -0.029698484809834995 0.04075 )
arc 506 507 ( -0.010870399894305905 -0.04056888470414086 0.04075 )
arc 1357 508 ( 0.010870399894305853 -0.04056888470414088 0.04075 )
arc 508 509 ( 0.029698484809834967 -0.029698484809835033 0.04075 )
arc 1359 498 ( 0.04056888470414086 -0.010870399894305906 0.04075 )

//section 6

//circles

//circle 0
arc 523 524 ( 0.00953851753460455 0.0025558380703873925 0.04495 )
arc 524 525 ( 0.006982679464217157 0.006982679464217156 0.04495 )
arc 525 526 ( 0.0025558380703873946 0.009538517534604548 0.04495 )
arc 526 527 ( -0.002555838070387391 0.00953851753460455 0.04495 )
arc 527 528 ( -0.006982679464217156 0.006982679464217157 0.04495 )
arc 528 529 ( -0.009538517534604548 0.002555838070387395 0.04495 )
arc 529 530 ( -0.00953851753460455 -0.002555838070387393 0.04495 )
arc 530 531 ( -0.006982679464217158 -0.006982679464217156 0.04495 )
arc 531 532 ( -0.0025558380703874 -0.009538517534604548 0.04495 )
arc 532 533 ( 0.002555838070387388 -0.009538517534604551 0.04495 )
arc 533 534 ( 0.006982679464217149 -0.006982679464217165 0.04495 )
arc 534 523 ( 0.009538517534604548 -0.0025558380703874007 0.04495 )

//circle 1
arc 1385 536 ( 0.012074072828613355 0.0032352380637815092 0.04495 )
arc 536 537 ( 0.008838834764831846 0.008838834764831844 0.04495 )
arc 1387 538 ( 0.0032352380637815123 0.012074072828613353 0.04495 )
arc 538 539 ( -0.003235238063781508 0.012074072828613355 0.04495 )
arc 1389 540 ( -0.008838834764831844 0.008838834764831846 0.04495 )
arc 540 541 ( -0.012074072828613353 0.0032352380637815127 0.04495 )
arc 1391 542 ( -0.012074072828613355 -0.00323523806378151 0.04495 )
arc 542 543 ( -0.008838834764831846 -0.008838834764831844 0.04495 )
arc 1393 544 ( -0.0032352380637815192 -0.012074072828613351 0.04495 )
arc 544 545 ( 0.003235238063781504 -0.012074072828613357 0.04495 )
arc 1395 546 ( 0.008838834764831835 -0.008838834764831854 0.04495 )
arc 546 535 ( 0.012074072828613351 -0.0032352380637815197 0.04495 )

//circle 2
arc 547 548 ( 0.019318516525781367 0.005176380902050415 0.04495 )
arc 548 549 ( 0.014142135623730952 0.014142135623730949 0.04495 )
arc 549 550 ( 0.005176380902050419 0.019318516525781364 0.04495 )
arc 550 551 ( -0.005176380902050413 0.019318516525781367 0.04495 )
arc 551 552 ( -0.014142135623730949 0.014142135623730952 0.04495 )
arc 552 553 ( -0.019318516525781364 0.005176380902050421 0.04495 )
arc 553 554 ( -0.019318516525781367 -0.005176380902050416 0.04495 )
arc 554 555 ( -0.014142135623730954 -0.014142135623730949 0.04495 )
arc 555 556 ( -0.00517638090205043 -0.019318516525781364 0.04495 )
arc 556 557 ( 0.005176380902050406 -0.019318516525781367 0.04495 )
arc 557 558 ( 0.014142135623730937 -0.014142135623730968 0.04495 )
arc 558 547 ( 0.019318516525781364 -0.005176380902050431 0.04495 )

//circle 3
arc 559 560 ( 0.02953801176791971 0.007914686399235085 0.04495 )
arc 560 561 ( 0.021623325368684623 0.02162332536868462 0.04495 )
arc 561 562 ( 0.00791468639923509 0.029538011767919706 0.04495 )
arc 562 563 ( -0.007914686399235081 0.02953801176791971 0.04495 )
arc 563 564 ( -0.02162332536868462 0.021623325368684623 0.04495 )
arc 564 565 ( -0.029538011767919706 0.007914686399235092 0.04495 )
arc 565 566 ( -0.02953801176791971 -0.007914686399235087 0.04495 )
arc 566 567 ( -0.021623325368684627 -0.02162332536868462 0.04495 )
arc 567 568 ( -0.007914686399235107 -0.029538011767919703 0.04495 )
arc 568 569 ( 0.007914686399235071 -0.029538011767919713 0.04495 )
arc 569 570 ( 0.0216233253686846 -0.021623325368684648 0.04495 )
arc 570 559 ( 0.029538011767919703 -0.00791468639923511 0.04495 )

//circle 4
arc 571 572 ( 0.039757507010058056 0.010652991896419755 0.04495 )
arc 572 573 ( 0.0291045151136383 0.029104515113638294 0.04495 )
arc 573 574 ( 0.010652991896419764 0.03975750701005805 0.04495 )
arc 574 575 ( -0.01065299189641975 0.039757507010058056 0.04495 )
arc 575 576 ( -0.029104515113638294 0.0291045151136383 0.04495 )
arc 576 577 ( -0.03975750701005805 0.010652991896419765 0.04495 )
arc 577 578 ( -0.039757507010058056 -0.010652991896419757 0.04495 )
arc 578 579 ( -0.029104515113638305 -0.029104515113638294 0.04495 )
arc 579 580 ( -0.010652991896419786 -0.03975750701005804 0.04495 )
arc 580 581 ( 0.010652991896419736 -0.039757507010058056 0.04495 )
arc 581 582 ( 0.029104515113638266 -0.029104515113638332 0.04495 )
arc 582 571 ( 0.03975750701005804 -0.010652991896419788 0.04495 )

//circle 5
arc 583 584 ( 0.04056888470414087 0.010870399894305872 0.04495 )
arc 1434 585 ( 0.029698484809835 0.029698484809834995 0.04495 )
arc 585 586 ( 0.01087039989430588 0.04056888470414087 0.04495 )
arc 1436 587 ( -0.010870399894305867 0.04056888470414087 0.04495 )
arc 587 588 ( -0.029698484809834995 0.029698484809835 0.04495 )
arc 1438 589 ( -0.04056888470414087 0.010870399894305884 0.04495 )
arc 589 590 ( -0.04056888470414087 -0.010870399894305873 0.04495 )
arc 1440 591 ( -0.029698484809835005 -0.029698484809834995 0.04495 )
arc 591 592 ( -0.010870399894305905 -0.04056888470414086 0.04495 )
arc 1442 593 ( 0.010870399894305853 -0.04056888470414088 0.04495 )
arc 593 594 ( 0.029698484809834967 -0.029698484809835033 0.04495 )
arc 1444 583 ( 0.04056888470414086 -0.010870399894305906 0.04495 )

//section 7

//circles

//circle 0
arc 608 609 ( 0.00953851753460455 0.0025558380703873925 0.04705 )
arc 609 610 ( 0.006982679464217157 0.006982679464217156 0.04705 )
arc 610 611 ( 0.0025558380703873946 0.009538517534604548 0.04705 )
arc 611 612 ( -0.002555838070387391 0.00953851753460455 0.04705 )
arc 612 613 ( -0.006982679464217156 0.006982679464217157 0.04705 )
arc 613 614 ( -0.009538517534604548 0.002555838070387395 0.04705 )
arc 614 615 ( -0.00953851753460455 -0.002555838070387393 0.04705 )
arc 615 616 ( -0.006982679464217158 -0.006982679464217156 0.04705 )
arc 616 617 ( -0.0025558380703874 -0.009538517534604548 0.04705 )
arc 617 618 ( 0.002555838070387388 -0.009538517534604551 0.04705 )
arc 618 619 ( 0.006982679464217149 -0.006982679464217165 0.04705 )
arc 619 608 ( 0.009538517534604548 -0.0025558380703874007 0.04705 )

//circle 1
arc 1470 621 ( 0.012074072828613355 0.0032352380637815092 0.04705 )
arc 621 622 ( 0.008838834764831846 0.008838834764831844 0.04705 )
arc 1472 623 ( 0.0032352380637815123 0.012074072828613353 0.04705 )
arc 623 624 ( -0.003235238063781508 0.012074072828613355 0.04705 )
arc 1474 625 ( -0.008838834764831844 0.008838834764831846 0.04705 )
arc 625 626 ( -0.012074072828613353 0.0032352380637815127 0.04705 )
arc 1476 627 ( -0.012074072828613355 -0.00323523806378151 0.04705 )
arc 627 628 ( -0.008838834764831846 -0.008838834764831844 0.04705 )
arc 1478 629 ( -0.0032352380637815192 -0.012074072828613351 0.04705 )
arc 629 630 ( 0.003235238063781504 -0.012074072828613357 0.04705 )
arc 1480 631 ( 0.008838834764831835 -0.008838834764831854 0.04705 )
arc 631 620 ( 0.012074072828613351 -0.0032352380637815197 0.04705 )

//circle 2
arc 632 633 ( 0.019318516525781367 0.005176380902050415 0.04705 )
arc 633 634 ( 0.014142135623730952 0.014142135623730949 0.04705 )
arc 634 635 ( 0.005176380902050419 0.019318516525781364 0.04705 )
arc 635 636 ( -0.005176380902050413 0.019318516525781367 0.04705 )
arc 636 637 ( -0.014142135623730949 0.014142135623730952 0.04705 )
arc 637 638 ( -0.019318516525781364 0.005176380902050421 0.04705 )
arc 638 639 ( -0.019318516525781367 -0.005176380902050416 0.04705 )
arc 639 640 ( -0.014142135623730954 -0.014142135623730949 0.04705 )
arc 640 641 ( -0.00517638090205043 -0.019318516525781364 0.04705 )
arc 641 642 ( 0.005176380902050406 -0.019318516525781367 0.04705 )
arc 642 643 ( 0.014142135623730937 -0.014142135623730968 0.04705 )
arc 643 632 ( 0.019318516525781364 -0.005176380902050431 0.04705 )

//circle 3
arc 644 645 ( 0.02953801176791971 0.007914686399235085 0.04705 )
arc 645 646 ( 0.021623325368684623 0.02162332536868462 0.04705 )
arc 646 647 ( 0.00791468639923509 0.029538011767919706 0.04705 )
arc 647 648 ( -0.007914686399235081 0.02953801176791971 0.04705 )
arc 648 649 ( -0.02162332536868462 0.021623325368684623 0.04705 )
arc 649 650 ( -0.029538011767919706 0.007914686399235092 0.04705 )
arc 650 651 ( -0.02953801176791971 -0.007914686399235087 0.04705 )
arc 651 652 ( -0.021623325368684627 -0.02162332536868462 0.04705 )
arc 652 653 ( -0.007914686399235107 -0.029538011767919703 0.04705 )
arc 653 654 ( 0.007914686399235071 -0.029538011767919713 0.04705 )
arc 654 655 ( 0.0216233253686846 -0.021623325368684648 0.04705 )
arc 655 644 ( 0.029538011767919703 -0.00791468639923511 0.04705 )

//circle 4
arc 656 657 ( 0.039757507010058056 0.010652991896419755 0.04705 )
arc 657 658 ( 0.0291045151136383 0.029104515113638294 0.04705 )
arc 658 659 ( 0.010652991896419764 0.03975750701005805 0.04705 )
arc 659 660 ( -0.01065299189641975 0.039757507010058056 0.04705 )
arc 660 661 ( -0.029104515113638294 0.0291045151136383 0.04705 )
arc 661 662 ( -0.03975750701005805 0.010652991896419765 0.04705 )
arc 662 663 ( -0.039757507010058056 -0.010652991896419757 0.04705 )
arc 663 664 ( -0.029104515113638305 -0.029104515113638294 0.04705 )
arc 664 665 ( -0.010652991896419786 -0.03975750701005804 0.04705 )
arc 665 666 ( 0.010652991896419736 -0.039757507010058056 0.04705 )
arc 666 667 ( 0.029104515113638266 -0.029104515113638332 0.04705 )
arc 667 656 ( 0.03975750701005804 -0.010652991896419788 0.04705 )

//circle 5
arc 668 669 ( 0.04056888470414087 0.010870399894305872 0.04705 )
arc 1519 670 ( 0.029698484809835 0.029698484809834995 0.04705 )
arc 670 671 ( 0.01087039989430588 0.04056888470414087 0.04705 )
arc 1521 672 ( -0.010870399894305867 0.04056888470414087 0.04705 )
arc 672 673 ( -0.029698484809834995 0.029698484809835 0.04705 )
arc 1523 674 ( -0.04056888470414087 0.010870399894305884 0.04705 )
arc 674 675 ( -0.04056888470414087 -0.010870399894305873 0.04705 )
arc 1525 676 ( -0.029698484809835005 -0.029698484809834995 0.04705 )
arc 676 677 ( -0.010870399894305905 -0.04056888470414086 0.04705 )
arc 1527 678 ( 0.010870399894305853 -0.04056888470414088 0.04705 )
arc 678 679 ( 0.029698484809834967 -0.029698484809835033 0.04705 )
arc 1529 668 ( 0.04056888470414086 -0.010870399894305906 0.04705 )

//section 8

//circles

//circle 0
arc 693 694 ( 0.00953851753460455 0.0025558380703873925 0.05125 )
arc 694 695 ( 0.006982679464217157 0.006982679464217156 0.05125 )
arc 695 696 ( 0.0025558380703873946 0.009538517534604548 0.05125 )
arc 696 697 ( -0.002555838070387391 0.00953851753460455 0.05125 )
arc 697 698 ( -0.006982679464217156 0.006982679464217157 0.05125 )
arc 698 699 ( -0.009538517534604548 0.002555838070387395 0.05125 )
arc 699 700 ( -0.00953851753460455 -0.002555838070387393 0.05125 )
arc 700 701 ( -0.006982679464217158 -0.006982679464217156 0.05125 )
arc 701 702 ( -0.0025558380703874 -0.009538517534604548 0.05125 )
arc 702 703 ( 0.002555838070387388 -0.009538517534604551 0.05125 )
arc 703 704 ( 0.006982679464217149 -0.006982679464217165 0.05125 )
arc 704 693 ( 0.009538517534604548 -0.0025558380703874007 0.05125 )

//circle 1
arc 1555 706 ( 0.012074072828613355 0.0032352380637815092 0.05125 )
arc 706 707 ( 0.008838834764831846 0.008838834764831844 0.05125 )
arc 1557 708 ( 0.0032352380637815123 0.012074072828613353 0.05125 )
arc 708 709 ( -0.003235238063781508 0.012074072828613355 0.05125 )
arc 1559 710 ( -0.008838834764831844 0.008838834764831846 0.05125 )
arc 710 711 ( -0.012074072828613353 0.0032352380637815127 0.05125 )
arc 1561 712 ( -0.012074072828613355 -0.00323523806378151 0.05125 )
arc 712 713 ( -0.008838834764831846 -0.008838834764831844 0.05125 )
arc 1563 714 ( -0.0032352380637815192 -0.012074072828613351 0.05125 )
arc 714 715 ( 0.003235238063781504 -0.012074072828613357 0.05125 )
arc 1565 716 ( 0.008838834764831835 -0.008838834764831854 0.05125 )
arc 716 705 ( 0.012074072828613351 -0.0032352380637815197 0.05125 )

//circle 2
arc 717 718 ( 0.019318516525781367 0.005176380902050415 0.05125 )
arc 718 719 ( 0.014142135623730952 0.014142135623730949 0.05125 )
arc 719 720 ( 0.005176380902050419 0.019318516525781364 0.05125 )
arc 720 721 ( -0.005176380902050413 0.019318516525781367 0.05125 )
arc 721 722 ( -0.014142135623730949 0.014142135623730952 0.05125 )
arc 722 723 ( -0.019318516525781364 0.005176380902050421 0.05125 )
arc 723 724 ( -0.019318516525781367 -0.005176380902050416 0.05125 )
arc 724 725 ( -0.014142135623730954 -0.014142135623730949 0.05125 )
arc 725 726 ( -0.00517638090205043 -0.019318516525781364 0.05125 )
arc 726 727 ( 0.005176380902050406 -0.019318516525781367 0.05125 )
arc 727 728 ( 0.014142135623730937 -0.014142135623730968 0.05125 )
arc 728 717 ( 0.019318516525781364 -0.005176380902050431 0.05125 )

//circle 3
arc 729 730 ( 0.02953801176791971 0.007914686399235085 0.05125 )
arc 730 731 ( 0.021623325368684623 0.02162332536868462 0.05125 )
arc 731 732 ( 0.00791468639923509 0.029538011767919706 0.05125 )
arc 732 733 ( -0.007914686399235081 0.02953801176791971 0.05125 )
arc 733 734 ( -0.02162332536868462 0.021623325368684623 0.05125 )
arc 734 735 ( -0.029538011767919706 0.007914686399235092 0.05125 )
arc 735 736 ( -0.02953801176791971 -0.007914686399235087 0.05125 )
arc 736 737 ( -0.021623325368684627 -0.02162332536868462 0.05125 )
arc 737 738 ( -0.007914686399235107 -0.029538011767919703 0.05125 )
arc 738 739 ( 0.007914686399235071 -0.029538011767919713 0.05125 )
arc 739 740 ( 0.0216233253686846 -0.021623325368684648 0.05125 )
arc 740 729 ( 0.029538011767919703 -0.00791468639923511 0.05125 )

//circle 4
arc 741 742 ( 0.039757507010058056 0.010652991896419755 0.05125 )
arc 742 743 ( 0.0291045151136383 0.029104515113638294 0.05125 )
arc 743 744 ( 0.010652991896419764 0.03975750701005805 0.05125 )
arc 744 745 ( -0.01065299189641975 0.039757507010058056 0.05125 )
arc 745 746 ( -0.029104515113638294 0.0291045151136383 0.05125 )
arc 746 747 ( -0.03975750701005805 0.010652991896419765 0.05125 )
arc 747 748 ( -0.039757507010058056 -0.010652991896419757 0.05125 )
arc 748 749 ( -0.029104515113638305 -0.029104515113638294 0.05125 )
arc 749 750 ( -0.010652991896419786 -0.03975750701005804 0.05125 )
arc 750 751 ( 0.010652991896419736 -0.039757507010058056 0.05125 )
arc 751 752 ( 0.029104515113638266 -0.029104515113638332 0.05125 )
arc 752 741 ( 0.03975750701005804 -0.010652991896419788 0.05125 )

//circle 5
arc 753 754 ( 0.04056888470414087 0.010870399894305872 0.05125 )
arc 1604 755 ( 0.029698484809835 0.029698484809834995 0.05125 )
arc 755 756 ( 0.01087039989430588 0.04056888470414087 0.05125 )
arc 1606 757 ( -0.010870399894305867 0.04056888470414087 0.05125 )
arc 757 758 ( -0.029698484809834995 0.029698484809835 0.05125 )
arc 1608 759 ( -0.04056888470414087 0.010870399894305884 0.05125 )
arc 759 760 ( -0.04056888470414087 -0.010870399894305873 0.05125 )
arc 1610 761 ( -0.029698484809835005 -0.029698484809834995 0.05125 )
arc 761 762 ( -0.010870399894305905 -0.04056888470414086 0.05125 )
arc 1612 763 ( 0.010870399894305853 -0.04056888470414088 0.05125 )
arc 763 764 ( 0.029698484809834967 -0.029698484809835033 0.05125 )
arc 1614 753 ( 0.04056888470414086 -0.010870399894305906 0.05125 )

//section 9

//circles

//circle 0
arc 778 779 ( 0.00953851753460455 0.0025558380703873925 0.135 )
arc 779 780 ( 0.006982679464217157 0.006982679464217156 0.135 )
arc 780 781 ( 0.0025558380703873946 0.009538517534604548 0.135 )
arc 781 782 ( -0.002555838070387391 0.00953851753460455 0.135 )
arc 782 783 ( -0.006982679464217156 0.006982679464217157 0.135 )
arc 783 784 ( -0.009538517534604548 0.002555838070387395 0.135 )
arc 784 785 ( -0.00953851753460455 -0.002555838070387393 0.135 )
arc 785 786 ( -0.006982679464217158 -0.006982679464217156 0.135 )
arc 786 787 ( -0.0025558380703874 -0.009538517534604548 0.135 )
arc 787 788 ( 0.002555838070387388 -0.009538517534604551 0.135 )
arc 788 789 ( 0.006982679464217149 -0.006982679464217165 0.135 )
arc 789 778 ( 0.009538517534604548 -0.0025558380703874007 0.135 )

//circle 1
arc 790 791 ( 0.012074072828613355 0.0032352380637815092 0.135 )
arc 791 792 ( 0.008838834764831846 0.008838834764831844 0.135 )
arc 792 793 ( 0.0032352380637815123 0.012074072828613353 0.135 )
arc 793 794 ( -0.003235238063781508 0.012074072828613355 0.135 )
arc 794 795 ( -0.008838834764831844 0.008838834764831846 0.135 )
arc 795 796 ( -0.012074072828613353 0.0032352380637815127 0.135 )
arc 796 797 ( -0.012074072828613355 -0.00323523806378151 0.135 )
arc 797 798 ( -0.008838834764831846 -0.008838834764831844 0.135 )
arc 798 799 ( -0.0032352380637815192 -0.012074072828613351 0.135 )
arc 799 800 ( 0.003235238063781504 -0.012074072828613357 0.135 )
arc 800 801 ( 0.008838834764831835 -0.008838834764831854 0.135 )
arc 801 790 ( 0.012074072828613351 -0.0032352380637815197 0.135 )

//circle 2
arc 802 803 ( 0.019318516525781367 0.005176380902050415 0.135 )
arc 803 804 ( 0.014142135623730952 0.014142135623730949 0.135 )
arc 804 805 ( 0.005176380902050419 0.019318516525781364 0.135 )
arc 805 806 ( -0.005176380902050413 0.019318516525781367 0.135 )
arc 806 807 ( -0.014142135623730949 0.014142135623730952 0.135 )
arc 807 808 ( -0.019318516525781364 0.005176380902050421 0.135 )
arc 808 809 ( -0.019318516525781367 -0.005176380902050416 0.135 )
arc 809 810 ( -0.014142135623730954 -0.014142135623730949 0.135 )
arc 810 811 ( -0.00517638090205043 -0.019318516525781364 0.135 )
arc 811 812 ( 0.005176380902050406 -0.019318516525781367 0.135 )
arc 812 813 ( 0.014142135623730937 -0.014142135623730968 0.135 )
arc 813 802 ( 0.019318516525781364 -0.005176380902050431 0.135 )

//circle 3
arc 814 815 ( 0.02953801176791971 0.007914686399235085 0.135 )
arc 815 816 ( 0.021623325368684623 0.02162332536868462 0.135 )
arc 816 817 ( 0.00791468639923509 0.029538011767919706 0.135 )
arc 817 818 ( -0.007914686399235081 0.02953801176791971 0.135 )
arc 818 819 ( -0.02162332536868462 0.021623325368684623 0.135 )
arc 819 820 ( -0.029538011767919706 0.007914686399235092 0.135 )
arc 820 821 ( -0.02953801176791971 -0.007914686399235087 0.135 )
arc 821 822 ( -0.021623325368684627 -0.02162332536868462 0.135 )
arc 822 823 ( -0.007914686399235107 -0.029538011767919703 0.135 )
arc 823 824 ( 0.007914686399235071 -0.029538011767919713 0.135 )
arc 824 825 ( 0.0216233253686846 -0.021623325368684648 0.135 )
arc 825 814 ( 0.029538011767919703 -0.00791468639923511 0.135 )

//circle 4
arc 826 827 ( 0.039757507010058056 0.010652991896419755 0.135 )
arc 827 828 ( 0.0291045151136383 0.029104515113638294 0.135 )
arc 828 829 ( 0.010652991896419764 0.03975750701005805 0.135 )
arc 829 830 ( -0.01065299189641975 0.039757507010058056 0.135 )
arc 830 831 ( -0.029104515113638294 0.0291045151136383 0.135 )
arc 831 832 ( -0.03975750701005805 0.010652991896419765 0.135 )
arc 832 833 ( -0.039757507010058056 -0.010652991896419757 0.135 )
arc 833 834 ( -0.029104515113638305 -0.029104515113638294 0.135 )
arc 834 835 ( -0.010652991896419786 -0.03975750701005804 0.135 )
arc 835 836 ( 0.010652991896419736 -0.039757507010058056 0.135 )
arc 836 837 ( 0.029104515113638266 -0.029104515113638332 0.135 )
arc 837 826 ( 0.03975750701005804 -0.010652991896419788 0.135 )

//circle 5
arc 838 839 ( 0.04056888470414087 0.010870399894305872 0.135 )
arc 839 840 ( 0.029698484809835 0.029698484809834995 0.135 )
arc 840 841 ( 0.01087039989430588 0.04056888470414087 0.135 )
arc 841 842 ( -0.010870399894305867 0.04056888470414087 0.135 )
arc 842 843 ( -0.029698484809834995 0.029698484809835 0.135 )
arc 843 844 ( -0.04056888470414087 0.010870399894305884 0.135 )
arc 844 845 ( -0.04056888470414087 -0.010870399894305873 0.135 )
arc 845 846 ( -0.029698484809835005 -0.029698484809834995 0.135 )
arc 846 847 ( -0.010870399894305905 -0.04056888470414086 0.135 )
arc 847 848 ( 0.010870399894305853 -0.04056888470414088 0.135 )
arc 848 849 ( 0.029698484809834967 -0.029698484809835033 0.135 )
arc 849 838 ( 0.04056888470414086 -0.010870399894305906 0.135 )
);

// * * * * * * * * * * * * * * * * * * * * * * * * * * * * * * * * * * * * * //
blocks
(

//section 0-1

 //block 0
hex (1 86 87 2 0 85 85 0 )
( 8 6 4 )
SimpleGrading (1 1 1)

 //block 1
hex (2 87 88 3 0 85 85 0 )
( 8 6 4 )
SimpleGrading (1 1 1)

 //block 2
hex (3 88 89 4 0 85 85 0 )
( 8 6 4 )
SimpleGrading (1 1 1)

 //block 3
hex (4 89 90 5 0 85 85 0 )
( 8 6 4 )
SimpleGrading (1 1 1)

 //block 4
hex (5 90 91 6 0 85 85 0 )
( 8 6 4 )
SimpleGrading (1 1 1)

 //block 5
hex (6 91 92 7 0 85 85 0 )
( 8 6 4 )
SimpleGrading (1 1 1)

 //block 6
hex (7 92 93 8 0 85 85 0 )
( 8 6 4 )
SimpleGrading (1 1 1)

 //block 7
hex (8 93 94 9 0 85 85 0 )
( 8 6 4 )
SimpleGrading (1 1 1)

 //block 8
hex (9 94 95 10 0 85 85 0 )
( 8 6 4 )
SimpleGrading (1 1 1)

 //block 9
hex (10 95 96 11 0 85 85 0 )
( 8 6 4 )
SimpleGrading (1 1 1)

 //block 10
hex (11 96 97 12 0 85 85 0 )
( 8 6 4 )
SimpleGrading (1 1 1)

 //block 11
hex (12 97 86 1 0 85 85 0 )
( 8 6 4 )
SimpleGrading (1 1 1)

//circles

//circle 0

 //block 0
hex (13 98 99 14 1 86 87 2 )
( 8 6 2 )
SimpleGrading (1 1 1)

 //block 1
hex (14 99 100 15 2 87 88 3 )
( 8 6 2 )
SimpleGrading (1 1 1)

 //block 2
hex (15 100 101 16 3 88 89 4 )
( 8 6 2 )
SimpleGrading (1 1 1)

 //block 3
hex (16 101 102 17 4 89 90 5 )
( 8 6 2 )
SimpleGrading (1 1 1)

 //block 4
hex (17 102 103 18 5 90 91 6 )
( 8 6 2 )
SimpleGrading (1 1 1)

 //block 5
hex (18 103 104 19 6 91 92 7 )
( 8 6 2 )
SimpleGrading (1 1 1)

 //block 6
hex (19 104 105 20 7 92 93 8 )
( 8 6 2 )
SimpleGrading (1 1 1)

 //block 7
hex (20 105 106 21 8 93 94 9 )
( 8 6 2 )
SimpleGrading (1 1 1)

 //block 8
hex (21 106 107 22 9 94 95 10 )
( 8 6 2 )
SimpleGrading (1 1 1)

 //block 9
hex (22 107 108 23 10 95 96 11 )
( 8 6 2 )
SimpleGrading (1 1 1)

 //block 10
hex (23 108 109 24 11 96 97 12 )
( 8 6 2 )
SimpleGrading (1 1 1)

 //block 11
hex (24 109 98 13 12 97 86 1 )
( 8 6 2 )
SimpleGrading (1 1 1)

//circle 1

 //block 0
hex (25 960 111 26 13 98 99 14 )
( 8 6 2 )
SimpleGrading (1 1 1)

 //block 1
hex (26 111 112 27 14 99 100 15 )
( 8 6 2 )
SimpleGrading (1 1 1)

 //block 2
hex (27 962 113 28 15 100 101 16 )
( 8 6 2 )
SimpleGrading (1 1 1)

 //block 3
hex (28 113 114 29 16 101 102 17 )
( 8 6 2 )
SimpleGrading (1 1 1)

 //block 4
hex (29 964 115 30 17 102 103 18 )
( 8 6 2 )
SimpleGrading (1 1 1)

 //block 5
hex (30 115 116 31 18 103 104 19 )
( 8 6 2 )
SimpleGrading (1 1 1)

 //block 6
hex (31 966 117 32 19 104 105 20 )
( 8 6 2 )
SimpleGrading (1 1 1)

 //block 7
hex (32 117 118 33 20 105 106 21 )
( 8 6 2 )
SimpleGrading (1 1 1)

 //block 8
hex (33 968 119 34 21 106 107 22 )
( 8 6 2 )
SimpleGrading (1 1 1)

 //block 9
hex (34 119 120 35 22 107 108 23 )
( 8 6 2 )
SimpleGrading (1 1 1)

 //block 10
hex (35 970 121 36 23 108 109 24 )
( 8 6 2 )
SimpleGrading (1 1 1)

 //block 11
hex (36 121 110 25 24 109 98 13 )
( 8 6 2 )
SimpleGrading (1 1 1)

//circle 2

 //block 0
hex (37 122 123 38 25 960 111 26 )
( 8 6 4 )
SimpleGrading (1 1 1)

 //block 1
hex (38 123 124 39 26 111 112 27 )
( 8 6 4 )
SimpleGrading (1 1 1)

 //block 2
hex (39 124 125 40 27 962 113 28 )
( 8 6 4 )
SimpleGrading (1 1 1)

 //block 3
hex (40 125 126 41 28 113 114 29 )
( 8 6 4 )
SimpleGrading (1 1 1)

 //block 4
hex (41 126 127 42 29 964 115 30 )
( 8 6 4 )
SimpleGrading (1 1 1)

 //block 5
hex (42 127 128 43 30 115 116 31 )
( 8 6 4 )
SimpleGrading (1 1 1)

 //block 6
hex (43 128 129 44 31 966 117 32 )
( 8 6 4 )
SimpleGrading (1 1 1)

 //block 7
hex (44 129 130 45 32 117 118 33 )
( 8 6 4 )
SimpleGrading (1 1 1)

 //block 8
hex (45 130 131 46 33 968 119 34 )
( 8 6 4 )
SimpleGrading (1 1 1)

 //block 9
hex (46 131 132 47 34 119 120 35 )
( 8 6 4 )
SimpleGrading (1 1 1)

 //block 10
hex (47 132 133 48 35 970 121 36 )
( 8 6 4 )
SimpleGrading (1 1 1)

 //block 11
hex (48 133 122 37 36 121 110 25 )
( 8 6 4 )
SimpleGrading (1 1 1)

//circle 3

 //block 0
hex (49 134 135 50 37 122 123 38 )
( 8 6 5 )
SimpleGrading (1 1 1)

 //block 1
hex (50 135 136 51 38 123 124 39 )
( 8 6 5 )
SimpleGrading (1 1 1)

 //block 2
hex (51 136 137 52 39 124 125 40 )
( 8 6 5 )
SimpleGrading (1 1 1)

 //block 3
hex (52 137 138 53 40 125 126 41 )
( 8 6 5 )
SimpleGrading (1 1 1)

 //block 4
hex (53 138 139 54 41 126 127 42 )
( 8 6 5 )
SimpleGrading (1 1 1)

 //block 5
hex (54 139 140 55 42 127 128 43 )
( 8 6 5 )
SimpleGrading (1 1 1)

 //block 6
hex (55 140 141 56 43 128 129 44 )
( 8 6 5 )
SimpleGrading (1 1 1)

 //block 7
hex (56 141 142 57 44 129 130 45 )
( 8 6 5 )
SimpleGrading (1 1 1)

 //block 8
hex (57 142 143 58 45 130 131 46 )
( 8 6 5 )
SimpleGrading (1 1 1)

 //block 9
hex (58 143 144 59 46 131 132 47 )
( 8 6 5 )
SimpleGrading (1 1 1)

 //block 10
hex (59 144 145 60 47 132 133 48 )
( 8 6 5 )
SimpleGrading (1 1 1)

 //block 11
hex (60 145 134 49 48 133 122 37 )
( 8 6 5 )
SimpleGrading (1 1 1)

//circle 4

 //block 0
hex (61 146 147 62 49 134 135 50 )
( 8 6 5 )
SimpleGrading (1 1 1)

 //block 1
hex (62 147 148 63 50 135 136 51 )
( 8 6 5 )
SimpleGrading (1 1 1)

 //block 2
hex (63 148 149 64 51 136 137 52 )
( 8 6 5 )
SimpleGrading (1 1 1)

 //block 3
hex (64 149 150 65 52 137 138 53 )
( 8 6 5 )
SimpleGrading (1 1 1)

 //block 4
hex (65 150 151 66 53 138 139 54 )
( 8 6 5 )
SimpleGrading (1 1 1)

 //block 5
hex (66 151 152 67 54 139 140 55 )
( 8 6 5 )
SimpleGrading (1 1 1)

 //block 6
hex (67 152 153 68 55 140 141 56 )
( 8 6 5 )
SimpleGrading (1 1 1)

 //block 7
hex (68 153 154 69 56 141 142 57 )
( 8 6 5 )
SimpleGrading (1 1 1)

 //block 8
hex (69 154 155 70 57 142 143 58 )
( 8 6 5 )
SimpleGrading (1 1 1)

 //block 9
hex (70 155 156 71 58 143 144 59 )
( 8 6 5 )
SimpleGrading (1 1 1)

 //block 10
hex (71 156 157 72 59 144 145 60 )
( 8 6 5 )
SimpleGrading (1 1 1)

 //block 11
hex (72 157 146 61 60 145 134 49 )
( 8 6 5 )
SimpleGrading (1 1 1)

//circle 5

 //block 0
hex (73 158 159 74 61 146 147 62 )
( 8 6 1 )
SimpleGrading (1 1 1)

 //block 1
hex (74 1009 160 75 62 147 148 63 )
( 8 6 1 )
SimpleGrading (1 1 1)

 //block 2
hex (75 160 161 76 63 148 149 64 )
( 8 6 1 )
SimpleGrading (1 1 1)

 //block 3
hex (76 1011 162 77 64 149 150 65 )
( 8 6 1 )
SimpleGrading (1 1 1)

 //block 4
hex (77 162 163 78 65 150 151 66 )
( 8 6 1 )
SimpleGrading (1 1 1)

 //block 5
hex (78 1013 164 79 66 151 152 67 )
( 8 6 1 )
SimpleGrading (1 1 1)

 //block 6
hex (79 164 165 80 67 152 153 68 )
( 8 6 1 )
SimpleGrading (1 1 1)

 //block 7
hex (80 1015 166 81 68 153 154 69 )
( 8 6 1 )
SimpleGrading (1 1 1)

 //block 8
hex (81 166 167 82 69 154 155 70 )
( 8 6 1 )
SimpleGrading (1 1 1)

 //block 9
hex (82 1017 168 83 70 155 156 71 )
( 8 6 1 )
SimpleGrading (1 1 1)

 //block 10
hex (83 168 169 84 71 156 157 72 )
( 8 6 1 )
SimpleGrading (1 1 1)

 //block 11
hex (84 1019 158 73 72 157 146 61 )
( 8 6 1 )
SimpleGrading (1 1 1)

//section 1-2

 //block 0
hex (86 171 172 87 85 170 170 85 )
rotor
( 6 6 4 )
SimpleGrading (1 1 1)

 //block 1
hex (87 172 173 88 85 170 170 85 )
rotor
( 6 6 4 )
SimpleGrading (1 1 1)

 //block 2
hex (88 173 174 89 85 170 170 85 )
rotor
( 6 6 4 )
SimpleGrading (1 1 1)

 //block 3
hex (89 174 175 90 85 170 170 85 )
rotor
( 6 6 4 )
SimpleGrading (1 1 1)

 //block 4
hex (90 175 176 91 85 170 170 85 )
rotor
( 6 6 4 )
SimpleGrading (1 1 1)

 //block 5
hex (91 176 177 92 85 170 170 85 )
rotor
( 6 6 4 )
SimpleGrading (1 1 1)

 //block 6
hex (92 177 178 93 85 170 170 85 )
rotor
( 6 6 4 )
SimpleGrading (1 1 1)

 //block 7
hex (93 178 179 94 85 170 170 85 )
rotor
( 6 6 4 )
SimpleGrading (1 1 1)

 //block 8
hex (94 179 180 95 85 170 170 85 )
rotor
( 6 6 4 )
SimpleGrading (1 1 1)

 //block 9
hex (95 180 181 96 85 170 170 85 )
rotor
( 6 6 4 )
SimpleGrading (1 1 1)

 //block 10
hex (96 181 182 97 85 170 170 85 )
rotor
( 6 6 4 )
SimpleGrading (1 1 1)

 //block 11
hex (97 182 171 86 85 170 170 85 )
rotor
( 6 6 4 )
SimpleGrading (1 1 1)

//circles

//circle 0

 //block 0
hex (98 183 184 99 86 171 172 87 )
rotor
( 6 6 2 )
SimpleGrading (1 1 1)

 //block 1
hex (99 184 185 100 87 172 173 88 )
rotor
( 6 6 2 )
SimpleGrading (1 1 1)

 //block 2
hex (100 185 186 101 88 173 174 89 )
rotor
( 6 6 2 )
SimpleGrading (1 1 1)

 //block 3
hex (101 186 187 102 89 174 175 90 )
rotor
( 6 6 2 )
SimpleGrading (1 1 1)

 //block 4
hex (102 187 188 103 90 175 176 91 )
rotor
( 6 6 2 )
SimpleGrading (1 1 1)

 //block 5
hex (103 188 189 104 91 176 177 92 )
rotor
( 6 6 2 )
SimpleGrading (1 1 1)

 //block 6
hex (104 189 190 105 92 177 178 93 )
rotor
( 6 6 2 )
SimpleGrading (1 1 1)

 //block 7
hex (105 190 191 106 93 178 179 94 )
rotor
( 6 6 2 )
SimpleGrading (1 1 1)

 //block 8
hex (106 191 192 107 94 179 180 95 )
rotor
( 6 6 2 )
SimpleGrading (1 1 1)

 //block 9
hex (107 192 193 108 95 180 181 96 )
rotor
( 6 6 2 )
SimpleGrading (1 1 1)

 //block 10
hex (108 193 194 109 96 181 182 97 )
rotor
( 6 6 2 )
SimpleGrading (1 1 1)

 //block 11
hex (109 194 183 98 97 182 171 86 )
rotor
( 6 6 2 )
SimpleGrading (1 1 1)

//circle 1

 //block 0
hex (960 1045 196 111 98 183 184 99 )
rotor
( 6 6 2 )
SimpleGrading (1 1 1)

 //block 1
hex (111 196 197 112 99 184 185 100 )
rotor
( 6 6 2 )
SimpleGrading (1 1 1)

 //block 2
hex (962 1047 198 113 100 185 186 101 )
rotor
( 6 6 2 )
SimpleGrading (1 1 1)

 //block 3
hex (113 198 199 114 101 186 187 102 )
rotor
( 6 6 2 )
SimpleGrading (1 1 1)

 //block 4
hex (964 1049 200 115 102 187 188 103 )
rotor
( 6 6 2 )
SimpleGrading (1 1 1)

 //block 5
hex (115 200 201 116 103 188 189 104 )
rotor
( 6 6 2 )
SimpleGrading (1 1 1)

 //block 6
hex (966 1051 202 117 104 189 190 105 )
rotor
( 6 6 2 )
SimpleGrading (1 1 1)

 //block 7
hex (117 202 203 118 105 190 191 106 )
rotor
( 6 6 2 )
SimpleGrading (1 1 1)

 //block 8
hex (968 1053 204 119 106 191 192 107 )
rotor
( 6 6 2 )
SimpleGrading (1 1 1)

 //block 9
hex (119 204 205 120 107 192 193 108 )
rotor
( 6 6 2 )
SimpleGrading (1 1 1)

 //block 10
hex (970 1055 206 121 108 193 194 109 )
rotor
( 6 6 2 )
SimpleGrading (1 1 1)

 //block 11
hex (121 206 195 110 109 194 183 98 )
rotor
( 6 6 2 )
SimpleGrading (1 1 1)

//circle 2

 //block 0
hex (122 207 208 123 960 1045 196 111 )
rotor
( 6 6 4 )
SimpleGrading (1 1 1)

 //block 1
hex (123 208 209 124 111 196 197 112 )
rotor
( 6 6 4 )
SimpleGrading (1 1 1)

 //block 2
hex (124 209 210 125 962 1047 198 113 )
rotor
( 6 6 4 )
SimpleGrading (1 1 1)

 //block 3
hex (125 210 211 126 113 198 199 114 )
rotor
( 6 6 4 )
SimpleGrading (1 1 1)

 //block 4
hex (126 211 212 127 964 1049 200 115 )
rotor
( 6 6 4 )
SimpleGrading (1 1 1)

 //block 5
hex (127 212 213 128 115 200 201 116 )
rotor
( 6 6 4 )
SimpleGrading (1 1 1)

 //block 6
hex (128 213 214 129 966 1051 202 117 )
rotor
( 6 6 4 )
SimpleGrading (1 1 1)

 //block 7
hex (129 214 215 130 117 202 203 118 )
rotor
( 6 6 4 )
SimpleGrading (1 1 1)

 //block 8
hex (130 215 216 131 968 1053 204 119 )
rotor
( 6 6 4 )
SimpleGrading (1 1 1)

 //block 9
hex (131 216 217 132 119 204 205 120 )
rotor
( 6 6 4 )
SimpleGrading (1 1 1)

 //block 10
hex (132 217 218 133 970 1055 206 121 )
rotor
( 6 6 4 )
SimpleGrading (1 1 1)

 //block 11
hex (133 218 207 122 121 206 195 110 )
rotor
( 6 6 4 )
SimpleGrading (1 1 1)

//circle 3

 //block 0
hex (134 219 220 135 122 207 208 123 )
rotor
( 6 6 5 )
SimpleGrading (1 1 1)

 //block 1
hex (135 220 221 136 123 208 209 124 )
rotor
( 6 6 5 )
SimpleGrading (1 1 1)

 //block 2
hex (136 221 222 137 124 209 210 125 )
rotor
( 6 6 5 )
SimpleGrading (1 1 1)

 //block 3
hex (137 222 223 138 125 210 211 126 )
rotor
( 6 6 5 )
SimpleGrading (1 1 1)

 //block 4
hex (138 223 224 139 126 211 212 127 )
rotor
( 6 6 5 )
SimpleGrading (1 1 1)

 //block 5
hex (139 224 225 140 127 212 213 128 )
rotor
( 6 6 5 )
SimpleGrading (1 1 1)

 //block 6
hex (140 225 226 141 128 213 214 129 )
rotor
( 6 6 5 )
SimpleGrading (1 1 1)

 //block 7
hex (141 226 227 142 129 214 215 130 )
rotor
( 6 6 5 )
SimpleGrading (1 1 1)

 //block 8
hex (142 227 228 143 130 215 216 131 )
rotor
( 6 6 5 )
SimpleGrading (1 1 1)

 //block 9
hex (143 228 229 144 131 216 217 132 )
rotor
( 6 6 5 )
SimpleGrading (1 1 1)

 //block 10
hex (144 229 230 145 132 217 218 133 )
rotor
( 6 6 5 )
SimpleGrading (1 1 1)

 //block 11
hex (145 230 219 134 133 218 207 122 )
rotor
( 6 6 5 )
SimpleGrading (1 1 1)

//circle 4

 //block 0
hex (146 231 232 147 134 219 220 135 )
( 6 6 5 )
SimpleGrading (1 1 1)

 //block 1
hex (147 232 233 148 135 220 221 136 )
( 6 6 5 )
SimpleGrading (1 1 1)

 //block 2
hex (148 233 234 149 136 221 222 137 )
( 6 6 5 )
SimpleGrading (1 1 1)

 //block 3
hex (149 234 235 150 137 222 223 138 )
( 6 6 5 )
SimpleGrading (1 1 1)

 //block 4
hex (150 235 236 151 138 223 224 139 )
( 6 6 5 )
SimpleGrading (1 1 1)

 //block 5
hex (151 236 237 152 139 224 225 140 )
( 6 6 5 )
SimpleGrading (1 1 1)

 //block 6
hex (152 237 238 153 140 225 226 141 )
( 6 6 5 )
SimpleGrading (1 1 1)

 //block 7
hex (153 238 239 154 141 226 227 142 )
( 6 6 5 )
SimpleGrading (1 1 1)

 //block 8
hex (154 239 240 155 142 227 228 143 )
( 6 6 5 )
SimpleGrading (1 1 1)

 //block 9
hex (155 240 241 156 143 228 229 144 )
( 6 6 5 )
SimpleGrading (1 1 1)

 //block 10
hex (156 241 242 157 144 229 230 145 )
( 6 6 5 )
SimpleGrading (1 1 1)

 //block 11
hex (157 242 231 146 145 230 219 134 )
( 6 6 5 )
SimpleGrading (1 1 1)

//circle 5

 //block 0
hex (158 243 244 159 146 231 232 147 )
( 6 6 1 )
SimpleGrading (1 1 1)

 //block 1
hex (1009 1094 245 160 147 232 233 148 )
( 6 6 1 )
SimpleGrading (1 1 1)

 //block 2
hex (160 245 246 161 148 233 234 149 )
( 6 6 1 )
SimpleGrading (1 1 1)

 //block 3
hex (1011 1096 247 162 149 234 235 150 )
( 6 6 1 )
SimpleGrading (1 1 1)

 //block 4
hex (162 247 248 163 150 235 236 151 )
( 6 6 1 )
SimpleGrading (1 1 1)

 //block 5
hex (1013 1098 249 164 151 236 237 152 )
( 6 6 1 )
SimpleGrading (1 1 1)

 //block 6
hex (164 249 250 165 152 237 238 153 )
( 6 6 1 )
SimpleGrading (1 1 1)

 //block 7
hex (1015 1100 251 166 153 238 239 154 )
( 6 6 1 )
SimpleGrading (1 1 1)

 //block 8
hex (166 251 252 167 154 239 240 155 )
( 6 6 1 )
SimpleGrading (1 1 1)

 //block 9
hex (1017 1102 253 168 155 240 241 156 )
( 6 6 1 )
SimpleGrading (1 1 1)

 //block 10
hex (168 253 254 169 156 241 242 157 )
( 6 6 1 )
SimpleGrading (1 1 1)

 //block 11
hex (1019 1104 243 158 157 242 231 146 )
( 6 6 1 )
SimpleGrading (1 1 1)

//section 2-3

//circles

//circle 2

 //block 0
hex (207 292 293 208 1045 1130 281 196 )
rotor
( 4 6 4 )
SimpleGrading (1 1 1)

 //block 1
hex (208 293 294 209 196 281 282 197 )
rotor
( 4 6 4 )
SimpleGrading (1 1 1)

 //block 2
hex (209 294 295 210 1047 1132 283 198 )
rotor
( 4 6 4 )
SimpleGrading (1 1 1)

 //block 3
hex (210 295 296 211 198 283 284 199 )
rotor
( 4 6 4 )
SimpleGrading (1 1 1)

 //block 4
hex (211 296 297 212 1049 1134 285 200 )
rotor
( 4 6 4 )
SimpleGrading (1 1 1)

 //block 5
hex (212 297 298 213 200 285 286 201 )
rotor
( 4 6 4 )
SimpleGrading (1 1 1)

 //block 6
hex (213 298 299 214 1051 1136 287 202 )
rotor
( 4 6 4 )
SimpleGrading (1 1 1)

 //block 7
hex (214 299 300 215 202 287 288 203 )
rotor
( 4 6 4 )
SimpleGrading (1 1 1)

 //block 8
hex (215 300 301 216 1053 1138 289 204 )
rotor
( 4 6 4 )
SimpleGrading (1 1 1)

 //block 9
hex (216 301 302 217 204 289 290 205 )
rotor
( 4 6 4 )
SimpleGrading (1 1 1)

 //block 10
hex (217 302 303 218 1055 1140 291 206 )
rotor
( 4 6 4 )
SimpleGrading (1 1 1)

 //block 11
hex (218 303 292 207 206 291 280 195 )
rotor
( 4 6 4 )
SimpleGrading (1 1 1)

//circle 3

 //block 0
hex (219 304 305 220 207 292 293 208 )
rotor
( 4 6 5 )
SimpleGrading (1 1 1)

 //block 1
hex (220 305 306 221 208 293 294 209 )
rotor
( 4 6 5 )
SimpleGrading (1 1 1)

 //block 2
hex (221 306 307 222 209 294 295 210 )
rotor
( 4 6 5 )
SimpleGrading (1 1 1)

 //block 3
hex (222 307 308 223 210 295 296 211 )
rotor
( 4 6 5 )
SimpleGrading (1 1 1)

 //block 4
hex (223 308 309 224 211 296 297 212 )
rotor
( 4 6 5 )
SimpleGrading (1 1 1)

 //block 5
hex (224 309 310 225 212 297 298 213 )
rotor
( 4 6 5 )
SimpleGrading (1 1 1)

 //block 6
hex (225 310 311 226 213 298 299 214 )
rotor
( 4 6 5 )
SimpleGrading (1 1 1)

 //block 7
hex (226 311 312 227 214 299 300 215 )
rotor
( 4 6 5 )
SimpleGrading (1 1 1)

 //block 8
hex (227 312 313 228 215 300 301 216 )
rotor
( 4 6 5 )
SimpleGrading (1 1 1)

 //block 9
hex (228 313 314 229 216 301 302 217 )
rotor
( 4 6 5 )
SimpleGrading (1 1 1)

 //block 10
hex (229 314 315 230 217 302 303 218 )
rotor
( 4 6 5 )
SimpleGrading (1 1 1)

 //block 11
hex (230 315 304 219 218 303 292 207 )
rotor
( 4 6 5 )
SimpleGrading (1 1 1)

//circle 4

 //block 0
hex (231 316 317 232 219 304 305 220 )
( 4 6 5 )
SimpleGrading (1 1 1)

 //block 1
hex (232 317 318 233 220 305 306 221 )
( 4 6 5 )
SimpleGrading (1 1 1)

 //block 2
hex (233 318 319 234 221 306 307 222 )
( 4 6 5 )
SimpleGrading (1 1 1)

 //block 3
hex (234 319 320 235 222 307 308 223 )
( 4 6 5 )
SimpleGrading (1 1 1)

 //block 4
hex (235 320 321 236 223 308 309 224 )
( 4 6 5 )
SimpleGrading (1 1 1)

 //block 5
hex (236 321 322 237 224 309 310 225 )
( 4 6 5 )
SimpleGrading (1 1 1)

 //block 6
hex (237 322 323 238 225 310 311 226 )
( 4 6 5 )
SimpleGrading (1 1 1)

 //block 7
hex (238 323 324 239 226 311 312 227 )
( 4 6 5 )
SimpleGrading (1 1 1)

 //block 8
hex (239 324 325 240 227 312 313 228 )
( 4 6 5 )
SimpleGrading (1 1 1)

 //block 9
hex (240 325 326 241 228 313 314 229 )
( 4 6 5 )
SimpleGrading (1 1 1)

 //block 10
hex (241 326 327 242 229 314 315 230 )
( 4 6 5 )
SimpleGrading (1 1 1)

 //block 11
hex (242 327 316 231 230 315 304 219 )
( 4 6 5 )
SimpleGrading (1 1 1)

//circle 5

 //block 0
hex (243 328 329 244 231 316 317 232 )
( 4 6 1 )
SimpleGrading (1 1 1)

 //block 1
hex (1094 1179 330 245 232 317 318 233 )
( 4 6 1 )
SimpleGrading (1 1 1)

 //block 2
hex (245 330 331 246 233 318 319 234 )
( 4 6 1 )
SimpleGrading (1 1 1)

 //block 3
hex (1096 1181 332 247 234 319 320 235 )
( 4 6 1 )
SimpleGrading (1 1 1)

 //block 4
hex (247 332 333 248 235 320 321 236 )
( 4 6 1 )
SimpleGrading (1 1 1)

 //block 5
hex (1098 1183 334 249 236 321 322 237 )
( 4 6 1 )
SimpleGrading (1 1 1)

 //block 6
hex (249 334 335 250 237 322 323 238 )
( 4 6 1 )
SimpleGrading (1 1 1)

 //block 7
hex (1100 1185 336 251 238 323 324 239 )
( 4 6 1 )
SimpleGrading (1 1 1)

 //block 8
hex (251 336 337 252 239 324 325 240 )
( 4 6 1 )
SimpleGrading (1 1 1)

 //block 9
hex (1102 1187 338 253 240 325 326 241 )
( 4 6 1 )
SimpleGrading (1 1 1)

 //block 10
hex (253 338 339 254 241 326 327 242 )
( 4 6 1 )
SimpleGrading (1 1 1)

 //block 11
hex (1104 1189 328 243 242 327 316 231 )
( 4 6 1 )
SimpleGrading (1 1 1)

//section 3-4

//circles

//circle 0

 //block 0
hex (268 353 354 269 256 341 342 257 )
rotor
( 6 6 2 )
SimpleGrading (1 1 1)

 //block 1
hex (269 354 355 270 257 342 343 258 )
rotor
( 6 6 2 )
SimpleGrading (1 1 1)

 //block 2
hex (270 355 356 271 258 343 344 259 )
rotor
( 6 6 2 )
SimpleGrading (1 1 1)

 //block 3
hex (271 356 357 272 259 344 345 260 )
rotor
( 6 6 2 )
SimpleGrading (1 1 1)

 //block 4
hex (272 357 358 273 260 345 346 261 )
rotor
( 6 6 2 )
SimpleGrading (1 1 1)

 //block 5
hex (273 358 359 274 261 346 347 262 )
rotor
( 6 6 2 )
SimpleGrading (1 1 1)

 //block 6
hex (274 359 360 275 262 347 348 263 )
rotor
( 6 6 2 )
SimpleGrading (1 1 1)

 //block 7
hex (275 360 361 276 263 348 349 264 )
rotor
( 6 6 2 )
SimpleGrading (1 1 1)

 //block 8
hex (276 361 362 277 264 349 350 265 )
rotor
( 6 6 2 )
SimpleGrading (1 1 1)

 //block 9
hex (277 362 363 278 265 350 351 266 )
rotor
( 6 6 2 )
SimpleGrading (1 1 1)

 //block 10
hex (278 363 364 279 266 351 352 267 )
rotor
( 6 6 2 )
SimpleGrading (1 1 1)

 //block 11
hex (279 364 353 268 267 352 341 256 )
rotor
( 6 6 2 )
SimpleGrading (1 1 1)

//circle 1

 //block 0
hex (1130 1215 366 281 268 353 354 269 )
rotor
( 6 6 2 )
SimpleGrading (1 1 1)

 //block 1
hex (281 366 367 282 269 354 355 270 )
rotor
( 6 6 2 )
SimpleGrading (1 1 1)

 //block 2
hex (1132 1217 368 283 270 355 356 271 )
rotor
( 6 6 2 )
SimpleGrading (1 1 1)

 //block 3
hex (283 368 369 284 271 356 357 272 )
rotor
( 6 6 2 )
SimpleGrading (1 1 1)

 //block 4
hex (1134 1219 370 285 272 357 358 273 )
rotor
( 6 6 2 )
SimpleGrading (1 1 1)

 //block 5
hex (285 370 371 286 273 358 359 274 )
rotor
( 6 6 2 )
SimpleGrading (1 1 1)

 //block 6
hex (1136 1221 372 287 274 359 360 275 )
rotor
( 6 6 2 )
SimpleGrading (1 1 1)

 //block 7
hex (287 372 373 288 275 360 361 276 )
rotor
( 6 6 2 )
SimpleGrading (1 1 1)

 //block 8
hex (1138 1223 374 289 276 361 362 277 )
rotor
( 6 6 2 )
SimpleGrading (1 1 1)

 //block 9
hex (289 374 375 290 277 362 363 278 )
rotor
( 6 6 2 )
SimpleGrading (1 1 1)

 //block 10
hex (1140 1225 376 291 278 363 364 279 )
rotor
( 6 6 2 )
SimpleGrading (1 1 1)

 //block 11
hex (291 376 365 280 279 364 353 268 )
rotor
( 6 6 2 )
SimpleGrading (1 1 1)

//circle 2

 //block 0
hex (292 377 378 293 1130 1215 366 281 )
rotor
( 6 6 4 )
SimpleGrading (1 1 1)

 //block 1
hex (293 378 379 294 281 366 367 282 )
rotor
( 6 6 4 )
SimpleGrading (1 1 1)

 //block 2
hex (294 379 380 295 1132 1217 368 283 )
rotor
( 6 6 4 )
SimpleGrading (1 1 1)

 //block 3
hex (295 380 381 296 283 368 369 284 )
rotor
( 6 6 4 )
SimpleGrading (1 1 1)

 //block 4
hex (296 381 382 297 1134 1219 370 285 )
rotor
( 6 6 4 )
SimpleGrading (1 1 1)

 //block 5
hex (297 382 383 298 285 370 371 286 )
rotor
( 6 6 4 )
SimpleGrading (1 1 1)

 //block 6
hex (298 383 384 299 1136 1221 372 287 )
rotor
( 6 6 4 )
SimpleGrading (1 1 1)

 //block 7
hex (299 384 385 300 287 372 373 288 )
rotor
( 6 6 4 )
SimpleGrading (1 1 1)

 //block 8
hex (300 385 386 301 1138 1223 374 289 )
rotor
( 6 6 4 )
SimpleGrading (1 1 1)

 //block 9
hex (301 386 387 302 289 374 375 290 )
rotor
( 6 6 4 )
SimpleGrading (1 1 1)

 //block 10
hex (302 387 388 303 1140 1225 376 291 )
rotor
( 6 6 4 )
SimpleGrading (1 1 1)

 //block 11
hex (303 388 377 292 291 376 365 280 )
rotor
( 6 6 4 )
SimpleGrading (1 1 1)

//circle 3

 //block 0
hex (304 389 390 305 292 377 378 293 )
rotor
( 6 6 5 )
SimpleGrading (1 1 1)

 //block 1
hex (305 390 391 306 293 378 379 294 )
rotor
( 6 6 5 )
SimpleGrading (1 1 1)

 //block 2
hex (306 391 392 307 294 379 380 295 )
rotor
( 6 6 5 )
SimpleGrading (1 1 1)

 //block 3
hex (307 392 393 308 295 380 381 296 )
rotor
( 6 6 5 )
SimpleGrading (1 1 1)

 //block 4
hex (308 393 394 309 296 381 382 297 )
rotor
( 6 6 5 )
SimpleGrading (1 1 1)

 //block 5
hex (309 394 395 310 297 382 383 298 )
rotor
( 6 6 5 )
SimpleGrading (1 1 1)

 //block 6
hex (310 395 396 311 298 383 384 299 )
rotor
( 6 6 5 )
SimpleGrading (1 1 1)

 //block 7
hex (311 396 397 312 299 384 385 300 )
rotor
( 6 6 5 )
SimpleGrading (1 1 1)

 //block 8
hex (312 397 398 313 300 385 386 301 )
rotor
( 6 6 5 )
SimpleGrading (1 1 1)

 //block 9
hex (313 398 399 314 301 386 387 302 )
rotor
( 6 6 5 )
SimpleGrading (1 1 1)

 //block 10
hex (314 399 400 315 302 387 388 303 )
rotor
( 6 6 5 )
SimpleGrading (1 1 1)

 //block 11
hex (315 400 389 304 303 388 377 292 )
rotor
( 6 6 5 )
SimpleGrading (1 1 1)

//circle 4

 //block 0
hex (316 401 402 317 304 389 390 305 )
( 6 6 5 )
SimpleGrading (1 1 1)

 //block 1
hex (317 402 403 318 305 390 391 306 )
( 6 6 5 )
SimpleGrading (1 1 1)

 //block 2
hex (318 403 404 319 306 391 392 307 )
( 6 6 5 )
SimpleGrading (1 1 1)

 //block 3
hex (319 404 405 320 307 392 393 308 )
( 6 6 5 )
SimpleGrading (1 1 1)

 //block 4
hex (320 405 406 321 308 393 394 309 )
( 6 6 5 )
SimpleGrading (1 1 1)

 //block 5
hex (321 406 407 322 309 394 395 310 )
( 6 6 5 )
SimpleGrading (1 1 1)

 //block 6
hex (322 407 408 323 310 395 396 311 )
( 6 6 5 )
SimpleGrading (1 1 1)

 //block 7
hex (323 408 409 324 311 396 397 312 )
( 6 6 5 )
SimpleGrading (1 1 1)

 //block 8
hex (324 409 410 325 312 397 398 313 )
( 6 6 5 )
SimpleGrading (1 1 1)

 //block 9
hex (325 410 411 326 313 398 399 314 )
( 6 6 5 )
SimpleGrading (1 1 1)

 //block 10
hex (326 411 412 327 314 399 400 315 )
( 6 6 5 )
SimpleGrading (1 1 1)

 //block 11
hex (327 412 401 316 315 400 389 304 )
( 6 6 5 )
SimpleGrading (1 1 1)

//circle 5

 //block 0
hex (328 413 414 329 316 401 402 317 )
( 6 6 1 )
SimpleGrading (1 1 1)

 //block 1
hex (1179 1264 415 330 317 402 403 318 )
( 6 6 1 )
SimpleGrading (1 1 1)

 //block 2
hex (330 415 416 331 318 403 404 319 )
( 6 6 1 )
SimpleGrading (1 1 1)

 //block 3
hex (1181 1266 417 332 319 404 405 320 )
( 6 6 1 )
SimpleGrading (1 1 1)

 //block 4
hex (332 417 418 333 320 405 406 321 )
( 6 6 1 )
SimpleGrading (1 1 1)

 //block 5
hex (1183 1268 419 334 321 406 407 322 )
( 6 6 1 )
SimpleGrading (1 1 1)

 //block 6
hex (334 419 420 335 322 407 408 323 )
( 6 6 1 )
SimpleGrading (1 1 1)

 //block 7
hex (1185 1270 421 336 323 408 409 324 )
( 6 6 1 )
SimpleGrading (1 1 1)

 //block 8
hex (336 421 422 337 324 409 410 325 )
( 6 6 1 )
SimpleGrading (1 1 1)

 //block 9
hex (1187 1272 423 338 325 410 411 326 )
( 6 6 1 )
SimpleGrading (1 1 1)

 //block 10
hex (338 423 424 339 326 411 412 327 )
( 6 6 1 )
SimpleGrading (1 1 1)

 //block 11
hex (1189 1274 413 328 327 412 401 316 )
( 6 6 1 )
SimpleGrading (1 1 1)

//section 4-5

//circles

//circle 0

 //block 0
hex (353 438 439 354 341 426 427 342 )
rotor
( 14 6 2 )
SimpleGrading (1 1 1)

 //block 1
hex (354 439 440 355 342 427 428 343 )
rotor
( 14 6 2 )
SimpleGrading (1 1 1)

 //block 2
hex (355 440 441 356 343 428 429 344 )
rotor
( 14 6 2 )
SimpleGrading (1 1 1)

 //block 3
hex (356 441 442 357 344 429 430 345 )
rotor
( 14 6 2 )
SimpleGrading (1 1 1)

 //block 4
hex (357 442 443 358 345 430 431 346 )
rotor
( 14 6 2 )
SimpleGrading (1 1 1)

 //block 5
hex (358 443 444 359 346 431 432 347 )
rotor
( 14 6 2 )
SimpleGrading (1 1 1)

 //block 6
hex (359 444 445 360 347 432 433 348 )
rotor
( 14 6 2 )
SimpleGrading (1 1 1)

 //block 7
hex (360 445 446 361 348 433 434 349 )
rotor
( 14 6 2 )
SimpleGrading (1 1 1)

 //block 8
hex (361 446 447 362 349 434 435 350 )
rotor
( 14 6 2 )
SimpleGrading (1 1 1)

 //block 9
hex (362 447 448 363 350 435 436 351 )
rotor
( 14 6 2 )
SimpleGrading (1 1 1)

 //block 10
hex (363 448 449 364 351 436 437 352 )
rotor
( 14 6 2 )
SimpleGrading (1 1 1)

 //block 11
hex (364 449 438 353 352 437 426 341 )
rotor
( 14 6 2 )
SimpleGrading (1 1 1)

//circle 1

 //block 0
hex (1215 1300 451 366 353 438 439 354 )
rotor
( 14 6 2 )
SimpleGrading (1 1 1)

 //block 1
hex (366 451 452 367 354 439 440 355 )
rotor
( 14 6 2 )
SimpleGrading (1 1 1)

 //block 2
hex (1217 1302 453 368 355 440 441 356 )
rotor
( 14 6 2 )
SimpleGrading (1 1 1)

 //block 3
hex (368 453 454 369 356 441 442 357 )
rotor
( 14 6 2 )
SimpleGrading (1 1 1)

 //block 4
hex (1219 1304 455 370 357 442 443 358 )
rotor
( 14 6 2 )
SimpleGrading (1 1 1)

 //block 5
hex (370 455 456 371 358 443 444 359 )
rotor
( 14 6 2 )
SimpleGrading (1 1 1)

 //block 6
hex (1221 1306 457 372 359 444 445 360 )
rotor
( 14 6 2 )
SimpleGrading (1 1 1)

 //block 7
hex (372 457 458 373 360 445 446 361 )
rotor
( 14 6 2 )
SimpleGrading (1 1 1)

 //block 8
hex (1223 1308 459 374 361 446 447 362 )
rotor
( 14 6 2 )
SimpleGrading (1 1 1)

 //block 9
hex (374 459 460 375 362 447 448 363 )
rotor
( 14 6 2 )
SimpleGrading (1 1 1)

 //block 10
hex (1225 1310 461 376 363 448 449 364 )
rotor
( 14 6 2 )
SimpleGrading (1 1 1)

 //block 11
hex (376 461 450 365 364 449 438 353 )
rotor
( 14 6 2 )
SimpleGrading (1 1 1)

//circle 2

 //block 0
hex (377 462 463 378 1215 1300 451 366 )
rotor
( 14 6 4 )
SimpleGrading (1 1 1)

 //block 1
hex (378 463 464 379 366 451 452 367 )
rotor
( 14 6 4 )
SimpleGrading (1 1 1)

 //block 2
hex (379 464 465 380 1217 1302 453 368 )
rotor
( 14 6 4 )
SimpleGrading (1 1 1)

 //block 3
hex (380 465 466 381 368 453 454 369 )
rotor
( 14 6 4 )
SimpleGrading (1 1 1)

 //block 4
hex (381 466 467 382 1219 1304 455 370 )
rotor
( 14 6 4 )
SimpleGrading (1 1 1)

 //block 5
hex (382 467 468 383 370 455 456 371 )
rotor
( 14 6 4 )
SimpleGrading (1 1 1)

 //block 6
hex (383 468 469 384 1221 1306 457 372 )
rotor
( 14 6 4 )
SimpleGrading (1 1 1)

 //block 7
hex (384 469 470 385 372 457 458 373 )
rotor
( 14 6 4 )
SimpleGrading (1 1 1)

 //block 8
hex (385 470 471 386 1223 1308 459 374 )
rotor
( 14 6 4 )
SimpleGrading (1 1 1)

 //block 9
hex (386 471 472 387 374 459 460 375 )
rotor
( 14 6 4 )
SimpleGrading (1 1 1)

 //block 10
hex (387 472 473 388 1225 1310 461 376 )
rotor
( 14 6 4 )
SimpleGrading (1 1 1)

 //block 11
hex (388 473 462 377 376 461 450 365 )
rotor
( 14 6 4 )
SimpleGrading (1 1 1)

//circle 3

 //block 0
hex (389 474 475 390 377 462 463 378 )
rotor
( 14 6 5 )
SimpleGrading (1 1 1)

 //block 1
hex (390 475 476 391 378 463 464 379 )
rotor
( 14 6 5 )
SimpleGrading (1 1 1)

 //block 2
hex (391 476 477 392 379 464 465 380 )
rotor
( 14 6 5 )
SimpleGrading (1 1 1)

 //block 3
hex (392 477 478 393 380 465 466 381 )
rotor
( 14 6 5 )
SimpleGrading (1 1 1)

 //block 4
hex (393 478 479 394 381 466 467 382 )
rotor
( 14 6 5 )
SimpleGrading (1 1 1)

 //block 5
hex (394 479 480 395 382 467 468 383 )
rotor
( 14 6 5 )
SimpleGrading (1 1 1)

 //block 6
hex (395 480 481 396 383 468 469 384 )
rotor
( 14 6 5 )
SimpleGrading (1 1 1)

 //block 7
hex (396 481 482 397 384 469 470 385 )
rotor
( 14 6 5 )
SimpleGrading (1 1 1)

 //block 8
hex (397 482 483 398 385 470 471 386 )
rotor
( 14 6 5 )
SimpleGrading (1 1 1)

 //block 9
hex (398 483 484 399 386 471 472 387 )
rotor
( 14 6 5 )
SimpleGrading (1 1 1)

 //block 10
hex (399 484 485 400 387 472 473 388 )
rotor
( 14 6 5 )
SimpleGrading (1 1 1)

 //block 11
hex (400 485 474 389 388 473 462 377 )
rotor
( 14 6 5 )
SimpleGrading (1 1 1)

//circle 4

 //block 0
hex (401 486 487 402 389 474 475 390 )
( 14 6 5 )
SimpleGrading (1 1 1)

 //block 1
hex (402 487 488 403 390 475 476 391 )
( 14 6 5 )
SimpleGrading (1 1 1)

 //block 2
hex (403 488 489 404 391 476 477 392 )
( 14 6 5 )
SimpleGrading (1 1 1)

 //block 3
hex (404 489 490 405 392 477 478 393 )
( 14 6 5 )
SimpleGrading (1 1 1)

 //block 4
hex (405 490 491 406 393 478 479 394 )
( 14 6 5 )
SimpleGrading (1 1 1)

 //block 5
hex (406 491 492 407 394 479 480 395 )
( 14 6 5 )
SimpleGrading (1 1 1)

 //block 6
hex (407 492 493 408 395 480 481 396 )
( 14 6 5 )
SimpleGrading (1 1 1)

 //block 7
hex (408 493 494 409 396 481 482 397 )
( 14 6 5 )
SimpleGrading (1 1 1)

 //block 8
hex (409 494 495 410 397 482 483 398 )
( 14 6 5 )
SimpleGrading (1 1 1)

 //block 9
hex (410 495 496 411 398 483 484 399 )
( 14 6 5 )
SimpleGrading (1 1 1)

 //block 10
hex (411 496 497 412 399 484 485 400 )
( 14 6 5 )
SimpleGrading (1 1 1)

 //block 11
hex (412 497 486 401 400 485 474 389 )
( 14 6 5 )
SimpleGrading (1 1 1)

//circle 5

 //block 0
hex (413 498 499 414 401 486 487 402 )
( 14 6 1 )
SimpleGrading (1 1 1)

 //block 1
hex (1264 1349 500 415 402 487 488 403 )
( 14 6 1 )
SimpleGrading (1 1 1)

 //block 2
hex (415 500 501 416 403 488 489 404 )
( 14 6 1 )
SimpleGrading (1 1 1)

 //block 3
hex (1266 1351 502 417 404 489 490 405 )
( 14 6 1 )
SimpleGrading (1 1 1)

 //block 4
hex (417 502 503 418 405 490 491 406 )
( 14 6 1 )
SimpleGrading (1 1 1)

 //block 5
hex (1268 1353 504 419 406 491 492 407 )
( 14 6 1 )
SimpleGrading (1 1 1)

 //block 6
hex (419 504 505 420 407 492 493 408 )
( 14 6 1 )
SimpleGrading (1 1 1)

 //block 7
hex (1270 1355 506 421 408 493 494 409 )
( 14 6 1 )
SimpleGrading (1 1 1)

 //block 8
hex (421 506 507 422 409 494 495 410 )
( 14 6 1 )
SimpleGrading (1 1 1)

 //block 9
hex (1272 1357 508 423 410 495 496 411 )
( 14 6 1 )
SimpleGrading (1 1 1)

 //block 10
hex (423 508 509 424 411 496 497 412 )
( 14 6 1 )
SimpleGrading (1 1 1)

 //block 11
hex (1274 1359 498 413 412 497 486 401 )
( 14 6 1 )
SimpleGrading (1 1 1)

//section 5-6

//circles

//circle 0

 //block 0
hex (438 523 524 439 426 511 512 427 )
rotor
( 6 6 2 )
SimpleGrading (1 1 1)

 //block 1
hex (439 524 525 440 427 512 513 428 )
rotor
( 6 6 2 )
SimpleGrading (1 1 1)

 //block 2
hex (440 525 526 441 428 513 514 429 )
rotor
( 6 6 2 )
SimpleGrading (1 1 1)

 //block 3
hex (441 526 527 442 429 514 515 430 )
rotor
( 6 6 2 )
SimpleGrading (1 1 1)

 //block 4
hex (442 527 528 443 430 515 516 431 )
rotor
( 6 6 2 )
SimpleGrading (1 1 1)

 //block 5
hex (443 528 529 444 431 516 517 432 )
rotor
( 6 6 2 )
SimpleGrading (1 1 1)

 //block 6
hex (444 529 530 445 432 517 518 433 )
rotor
( 6 6 2 )
SimpleGrading (1 1 1)

 //block 7
hex (445 530 531 446 433 518 519 434 )
rotor
( 6 6 2 )
SimpleGrading (1 1 1)

 //block 8
hex (446 531 532 447 434 519 520 435 )
rotor
( 6 6 2 )
SimpleGrading (1 1 1)

 //block 9
hex (447 532 533 448 435 520 521 436 )
rotor
( 6 6 2 )
SimpleGrading (1 1 1)

 //block 10
hex (448 533 534 449 436 521 522 437 )
rotor
( 6 6 2 )
SimpleGrading (1 1 1)

 //block 11
hex (449 534 523 438 437 522 511 426 )
rotor
( 6 6 2 )
SimpleGrading (1 1 1)

//circle 1

 //block 0
hex (1300 1385 536 451 438 523 524 439 )
rotor
( 6 6 2 )
SimpleGrading (1 1 1)

 //block 1
hex (451 536 537 452 439 524 525 440 )
rotor
( 6 6 2 )
SimpleGrading (1 1 1)

 //block 2
hex (1302 1387 538 453 440 525 526 441 )
rotor
( 6 6 2 )
SimpleGrading (1 1 1)

 //block 3
hex (453 538 539 454 441 526 527 442 )
rotor
( 6 6 2 )
SimpleGrading (1 1 1)

 //block 4
hex (1304 1389 540 455 442 527 528 443 )
rotor
( 6 6 2 )
SimpleGrading (1 1 1)

 //block 5
hex (455 540 541 456 443 528 529 444 )
rotor
( 6 6 2 )
SimpleGrading (1 1 1)

 //block 6
hex (1306 1391 542 457 444 529 530 445 )
rotor
( 6 6 2 )
SimpleGrading (1 1 1)

 //block 7
hex (457 542 543 458 445 530 531 446 )
rotor
( 6 6 2 )
SimpleGrading (1 1 1)

 //block 8
hex (1308 1393 544 459 446 531 532 447 )
rotor
( 6 6 2 )
SimpleGrading (1 1 1)

 //block 9
hex (459 544 545 460 447 532 533 448 )
rotor
( 6 6 2 )
SimpleGrading (1 1 1)

 //block 10
hex (1310 1395 546 461 448 533 534 449 )
rotor
( 6 6 2 )
SimpleGrading (1 1 1)

 //block 11
hex (461 546 535 450 449 534 523 438 )
rotor
( 6 6 2 )
SimpleGrading (1 1 1)

//circle 2

 //block 0
hex (462 547 548 463 1300 1385 536 451 )
rotor
( 6 6 4 )
SimpleGrading (1 1 1)

 //block 1
hex (463 548 549 464 451 536 537 452 )
rotor
( 6 6 4 )
SimpleGrading (1 1 1)

 //block 2
hex (464 549 550 465 1302 1387 538 453 )
rotor
( 6 6 4 )
SimpleGrading (1 1 1)

 //block 3
hex (465 550 551 466 453 538 539 454 )
rotor
( 6 6 4 )
SimpleGrading (1 1 1)

 //block 4
hex (466 551 552 467 1304 1389 540 455 )
rotor
( 6 6 4 )
SimpleGrading (1 1 1)

 //block 5
hex (467 552 553 468 455 540 541 456 )
rotor
( 6 6 4 )
SimpleGrading (1 1 1)

 //block 6
hex (468 553 554 469 1306 1391 542 457 )
rotor
( 6 6 4 )
SimpleGrading (1 1 1)

 //block 7
hex (469 554 555 470 457 542 543 458 )
rotor
( 6 6 4 )
SimpleGrading (1 1 1)

 //block 8
hex (470 555 556 471 1308 1393 544 459 )
rotor
( 6 6 4 )
SimpleGrading (1 1 1)

 //block 9
hex (471 556 557 472 459 544 545 460 )
rotor
( 6 6 4 )
SimpleGrading (1 1 1)

 //block 10
hex (472 557 558 473 1310 1395 546 461 )
rotor
( 6 6 4 )
SimpleGrading (1 1 1)

 //block 11
hex (473 558 547 462 461 546 535 450 )
rotor
( 6 6 4 )
SimpleGrading (1 1 1)

//circle 3

 //block 0
hex (474 559 560 475 462 547 548 463 )
rotor
( 6 6 5 )
SimpleGrading (1 1 1)

 //block 1
hex (475 560 561 476 463 548 549 464 )
rotor
( 6 6 5 )
SimpleGrading (1 1 1)

 //block 2
hex (476 561 562 477 464 549 550 465 )
rotor
( 6 6 5 )
SimpleGrading (1 1 1)

 //block 3
hex (477 562 563 478 465 550 551 466 )
rotor
( 6 6 5 )
SimpleGrading (1 1 1)

 //block 4
hex (478 563 564 479 466 551 552 467 )
rotor
( 6 6 5 )
SimpleGrading (1 1 1)

 //block 5
hex (479 564 565 480 467 552 553 468 )
rotor
( 6 6 5 )
SimpleGrading (1 1 1)

 //block 6
hex (480 565 566 481 468 553 554 469 )
rotor
( 6 6 5 )
SimpleGrading (1 1 1)

 //block 7
hex (481 566 567 482 469 554 555 470 )
rotor
( 6 6 5 )
SimpleGrading (1 1 1)

 //block 8
hex (482 567 568 483 470 555 556 471 )
rotor
( 6 6 5 )
SimpleGrading (1 1 1)

 //block 9
hex (483 568 569 484 471 556 557 472 )
rotor
( 6 6 5 )
SimpleGrading (1 1 1)

 //block 10
hex (484 569 570 485 472 557 558 473 )
rotor
( 6 6 5 )
SimpleGrading (1 1 1)

 //block 11
hex (485 570 559 474 473 558 547 462 )
rotor
( 6 6 5 )
SimpleGrading (1 1 1)

//circle 4

 //block 0
hex (486 571 572 487 474 559 560 475 )
( 6 6 5 )
SimpleGrading (1 1 1)

 //block 1
hex (487 572 573 488 475 560 561 476 )
( 6 6 5 )
SimpleGrading (1 1 1)

 //block 2
hex (488 573 574 489 476 561 562 477 )
( 6 6 5 )
SimpleGrading (1 1 1)

 //block 3
hex (489 574 575 490 477 562 563 478 )
( 6 6 5 )
SimpleGrading (1 1 1)

 //block 4
hex (490 575 576 491 478 563 564 479 )
( 6 6 5 )
SimpleGrading (1 1 1)

 //block 5
hex (491 576 577 492 479 564 565 480 )
( 6 6 5 )
SimpleGrading (1 1 1)

 //block 6
hex (492 577 578 493 480 565 566 481 )
( 6 6 5 )
SimpleGrading (1 1 1)

 //block 7
hex (493 578 579 494 481 566 567 482 )
( 6 6 5 )
SimpleGrading (1 1 1)

 //block 8
hex (494 579 580 495 482 567 568 483 )
( 6 6 5 )
SimpleGrading (1 1 1)

 //block 9
hex (495 580 581 496 483 568 569 484 )
( 6 6 5 )
SimpleGrading (1 1 1)

 //block 10
hex (496 581 582 497 484 569 570 485 )
( 6 6 5 )
SimpleGrading (1 1 1)

 //block 11
hex (497 582 571 486 485 570 559 474 )
( 6 6 5 )
SimpleGrading (1 1 1)

//circle 5

 //block 0
hex (498 583 584 499 486 571 572 487 )
( 6 6 1 )
SimpleGrading (1 1 1)

 //block 1
hex (1349 1434 585 500 487 572 573 488 )
( 6 6 1 )
SimpleGrading (1 1 1)

 //block 2
hex (500 585 586 501 488 573 574 489 )
( 6 6 1 )
SimpleGrading (1 1 1)

 //block 3
hex (1351 1436 587 502 489 574 575 490 )
( 6 6 1 )
SimpleGrading (1 1 1)

 //block 4
hex (502 587 588 503 490 575 576 491 )
( 6 6 1 )
SimpleGrading (1 1 1)

 //block 5
hex (1353 1438 589 504 491 576 577 492 )
( 6 6 1 )
SimpleGrading (1 1 1)

 //block 6
hex (504 589 590 505 492 577 578 493 )
( 6 6 1 )
SimpleGrading (1 1 1)

 //block 7
hex (1355 1440 591 506 493 578 579 494 )
( 6 6 1 )
SimpleGrading (1 1 1)

 //block 8
hex (506 591 592 507 494 579 580 495 )
( 6 6 1 )
SimpleGrading (1 1 1)

 //block 9
hex (1357 1442 593 508 495 580 581 496 )
( 6 6 1 )
SimpleGrading (1 1 1)

 //block 10
hex (508 593 594 509 496 581 582 497 )
( 6 6 1 )
SimpleGrading (1 1 1)

 //block 11
hex (1359 1444 583 498 497 582 571 486 )
( 6 6 1 )
SimpleGrading (1 1 1)

//section 6-7

//circles

//circle 2

 //block 0
hex (547 632 633 548 1385 1470 621 536 )
rotor
( 4 6 4 )
SimpleGrading (1 1 1)

 //block 1
hex (548 633 634 549 536 621 622 537 )
rotor
( 4 6 4 )
SimpleGrading (1 1 1)

 //block 2
hex (549 634 635 550 1387 1472 623 538 )
rotor
( 4 6 4 )
SimpleGrading (1 1 1)

 //block 3
hex (550 635 636 551 538 623 624 539 )
rotor
( 4 6 4 )
SimpleGrading (1 1 1)

 //block 4
hex (551 636 637 552 1389 1474 625 540 )
rotor
( 4 6 4 )
SimpleGrading (1 1 1)

 //block 5
hex (552 637 638 553 540 625 626 541 )
rotor
( 4 6 4 )
SimpleGrading (1 1 1)

 //block 6
hex (553 638 639 554 1391 1476 627 542 )
rotor
( 4 6 4 )
SimpleGrading (1 1 1)

 //block 7
hex (554 639 640 555 542 627 628 543 )
rotor
( 4 6 4 )
SimpleGrading (1 1 1)

 //block 8
hex (555 640 641 556 1393 1478 629 544 )
rotor
( 4 6 4 )
SimpleGrading (1 1 1)

 //block 9
hex (556 641 642 557 544 629 630 545 )
rotor
( 4 6 4 )
SimpleGrading (1 1 1)

 //block 10
hex (557 642 643 558 1395 1480 631 546 )
rotor
( 4 6 4 )
SimpleGrading (1 1 1)

 //block 11
hex (558 643 632 547 546 631 620 535 )
rotor
( 4 6 4 )
SimpleGrading (1 1 1)

//circle 3

 //block 0
hex (559 644 645 560 547 632 633 548 )
rotor
( 4 6 5 )
SimpleGrading (1 1 1)

 //block 1
hex (560 645 646 561 548 633 634 549 )
rotor
( 4 6 5 )
SimpleGrading (1 1 1)

 //block 2
hex (561 646 647 562 549 634 635 550 )
rotor
( 4 6 5 )
SimpleGrading (1 1 1)

 //block 3
hex (562 647 648 563 550 635 636 551 )
rotor
( 4 6 5 )
SimpleGrading (1 1 1)

 //block 4
hex (563 648 649 564 551 636 637 552 )
rotor
( 4 6 5 )
SimpleGrading (1 1 1)

 //block 5
hex (564 649 650 565 552 637 638 553 )
rotor
( 4 6 5 )
SimpleGrading (1 1 1)

 //block 6
hex (565 650 651 566 553 638 639 554 )
rotor
( 4 6 5 )
SimpleGrading (1 1 1)

 //block 7
hex (566 651 652 567 554 639 640 555 )
rotor
( 4 6 5 )
SimpleGrading (1 1 1)

 //block 8
hex (567 652 653 568 555 640 641 556 )
rotor
( 4 6 5 )
SimpleGrading (1 1 1)

 //block 9
hex (568 653 654 569 556 641 642 557 )
rotor
( 4 6 5 )
SimpleGrading (1 1 1)

 //block 10
hex (569 654 655 570 557 642 643 558 )
rotor
( 4 6 5 )
SimpleGrading (1 1 1)

 //block 11
hex (570 655 644 559 558 643 632 547 )
rotor
( 4 6 5 )
SimpleGrading (1 1 1)

//circle 4

 //block 0
hex (571 656 657 572 559 644 645 560 )
( 4 6 5 )
SimpleGrading (1 1 1)

 //block 1
hex (572 657 658 573 560 645 646 561 )
( 4 6 5 )
SimpleGrading (1 1 1)

 //block 2
hex (573 658 659 574 561 646 647 562 )
( 4 6 5 )
SimpleGrading (1 1 1)

 //block 3
hex (574 659 660 575 562 647 648 563 )
( 4 6 5 )
SimpleGrading (1 1 1)

 //block 4
hex (575 660 661 576 563 648 649 564 )
( 4 6 5 )
SimpleGrading (1 1 1)

 //block 5
hex (576 661 662 577 564 649 650 565 )
( 4 6 5 )
SimpleGrading (1 1 1)

 //block 6
hex (577 662 663 578 565 650 651 566 )
( 4 6 5 )
SimpleGrading (1 1 1)

 //block 7
hex (578 663 664 579 566 651 652 567 )
( 4 6 5 )
SimpleGrading (1 1 1)

 //block 8
hex (579 664 665 580 567 652 653 568 )
( 4 6 5 )
SimpleGrading (1 1 1)

 //block 9
hex (580 665 666 581 568 653 654 569 )
( 4 6 5 )
SimpleGrading (1 1 1)

 //block 10
hex (581 666 667 582 569 654 655 570 )
( 4 6 5 )
SimpleGrading (1 1 1)

 //block 11
hex (582 667 656 571 570 655 644 559 )
( 4 6 5 )
SimpleGrading (1 1 1)

//circle 5

 //block 0
hex (583 668 669 584 571 656 657 572 )
( 4 6 1 )
SimpleGrading (1 1 1)

 //block 1
hex (1434 1519 670 585 572 657 658 573 )
( 4 6 1 )
SimpleGrading (1 1 1)

 //block 2
hex (585 670 671 586 573 658 659 574 )
( 4 6 1 )
SimpleGrading (1 1 1)

 //block 3
hex (1436 1521 672 587 574 659 660 575 )
( 4 6 1 )
SimpleGrading (1 1 1)

 //block 4
hex (587 672 673 588 575 660 661 576 )
( 4 6 1 )
SimpleGrading (1 1 1)

 //block 5
hex (1438 1523 674 589 576 661 662 577 )
( 4 6 1 )
SimpleGrading (1 1 1)

 //block 6
hex (589 674 675 590 577 662 663 578 )
( 4 6 1 )
SimpleGrading (1 1 1)

 //block 7
hex (1440 1525 676 591 578 663 664 579 )
( 4 6 1 )
SimpleGrading (1 1 1)

 //block 8
hex (591 676 677 592 579 664 665 580 )
( 4 6 1 )
SimpleGrading (1 1 1)

 //block 9
hex (1442 1527 678 593 580 665 666 581 )
( 4 6 1 )
SimpleGrading (1 1 1)

 //block 10
hex (593 678 679 594 581 666 667 582 )
( 4 6 1 )
SimpleGrading (1 1 1)

 //block 11
hex (1444 1529 668 583 582 667 656 571 )
( 4 6 1 )
SimpleGrading (1 1 1)

//section 7-8

//circles

//circle 0

 //block 0
hex (608 693 694 609 596 681 682 597 )
rotor
( 6 6 2 )
SimpleGrading (1 1 1)

 //block 1
hex (609 694 695 610 597 682 683 598 )
rotor
( 6 6 2 )
SimpleGrading (1 1 1)

 //block 2
hex (610 695 696 611 598 683 684 599 )
rotor
( 6 6 2 )
SimpleGrading (1 1 1)

 //block 3
hex (611 696 697 612 599 684 685 600 )
rotor
( 6 6 2 )
SimpleGrading (1 1 1)

 //block 4
hex (612 697 698 613 600 685 686 601 )
rotor
( 6 6 2 )
SimpleGrading (1 1 1)

 //block 5
hex (613 698 699 614 601 686 687 602 )
rotor
( 6 6 2 )
SimpleGrading (1 1 1)

 //block 6
hex (614 699 700 615 602 687 688 603 )
rotor
( 6 6 2 )
SimpleGrading (1 1 1)

 //block 7
hex (615 700 701 616 603 688 689 604 )
rotor
( 6 6 2 )
SimpleGrading (1 1 1)

 //block 8
hex (616 701 702 617 604 689 690 605 )
rotor
( 6 6 2 )
SimpleGrading (1 1 1)

 //block 9
hex (617 702 703 618 605 690 691 606 )
rotor
( 6 6 2 )
SimpleGrading (1 1 1)

 //block 10
hex (618 703 704 619 606 691 692 607 )
rotor
( 6 6 2 )
SimpleGrading (1 1 1)

 //block 11
hex (619 704 693 608 607 692 681 596 )
rotor
( 6 6 2 )
SimpleGrading (1 1 1)

//circle 1

 //block 0
hex (1470 1555 706 621 608 693 694 609 )
rotor
( 6 6 2 )
SimpleGrading (1 1 1)

 //block 1
hex (621 706 707 622 609 694 695 610 )
rotor
( 6 6 2 )
SimpleGrading (1 1 1)

 //block 2
hex (1472 1557 708 623 610 695 696 611 )
rotor
( 6 6 2 )
SimpleGrading (1 1 1)

 //block 3
hex (623 708 709 624 611 696 697 612 )
rotor
( 6 6 2 )
SimpleGrading (1 1 1)

 //block 4
hex (1474 1559 710 625 612 697 698 613 )
rotor
( 6 6 2 )
SimpleGrading (1 1 1)

 //block 5
hex (625 710 711 626 613 698 699 614 )
rotor
( 6 6 2 )
SimpleGrading (1 1 1)

 //block 6
hex (1476 1561 712 627 614 699 700 615 )
rotor
( 6 6 2 )
SimpleGrading (1 1 1)

 //block 7
hex (627 712 713 628 615 700 701 616 )
rotor
( 6 6 2 )
SimpleGrading (1 1 1)

 //block 8
hex (1478 1563 714 629 616 701 702 617 )
rotor
( 6 6 2 )
SimpleGrading (1 1 1)

 //block 9
hex (629 714 715 630 617 702 703 618 )
rotor
( 6 6 2 )
SimpleGrading (1 1 1)

 //block 10
hex (1480 1565 716 631 618 703 704 619 )
rotor
( 6 6 2 )
SimpleGrading (1 1 1)

 //block 11
hex (631 716 705 620 619 704 693 608 )
rotor
( 6 6 2 )
SimpleGrading (1 1 1)

//circle 2

 //block 0
hex (632 717 718 633 1470 1555 706 621 )
rotor
( 6 6 4 )
SimpleGrading (1 1 1)

 //block 1
hex (633 718 719 634 621 706 707 622 )
rotor
( 6 6 4 )
SimpleGrading (1 1 1)

 //block 2
hex (634 719 720 635 1472 1557 708 623 )
rotor
( 6 6 4 )
SimpleGrading (1 1 1)

 //block 3
hex (635 720 721 636 623 708 709 624 )
rotor
( 6 6 4 )
SimpleGrading (1 1 1)

 //block 4
hex (636 721 722 637 1474 1559 710 625 )
rotor
( 6 6 4 )
SimpleGrading (1 1 1)

 //block 5
hex (637 722 723 638 625 710 711 626 )
rotor
( 6 6 4 )
SimpleGrading (1 1 1)

 //block 6
hex (638 723 724 639 1476 1561 712 627 )
rotor
( 6 6 4 )
SimpleGrading (1 1 1)

 //block 7
hex (639 724 725 640 627 712 713 628 )
rotor
( 6 6 4 )
SimpleGrading (1 1 1)

 //block 8
hex (640 725 726 641 1478 1563 714 629 )
rotor
( 6 6 4 )
SimpleGrading (1 1 1)

 //block 9
hex (641 726 727 642 629 714 715 630 )
rotor
( 6 6 4 )
SimpleGrading (1 1 1)

 //block 10
hex (642 727 728 643 1480 1565 716 631 )
rotor
( 6 6 4 )
SimpleGrading (1 1 1)

 //block 11
hex (643 728 717 632 631 716 705 620 )
rotor
( 6 6 4 )
SimpleGrading (1 1 1)

//circle 3

 //block 0
hex (644 729 730 645 632 717 718 633 )
rotor
( 6 6 5 )
SimpleGrading (1 1 1)

 //block 1
hex (645 730 731 646 633 718 719 634 )
rotor
( 6 6 5 )
SimpleGrading (1 1 1)

 //block 2
hex (646 731 732 647 634 719 720 635 )
rotor
( 6 6 5 )
SimpleGrading (1 1 1)

 //block 3
hex (647 732 733 648 635 720 721 636 )
rotor
( 6 6 5 )
SimpleGrading (1 1 1)

 //block 4
hex (648 733 734 649 636 721 722 637 )
rotor
( 6 6 5 )
SimpleGrading (1 1 1)

 //block 5
hex (649 734 735 650 637 722 723 638 )
rotor
( 6 6 5 )
SimpleGrading (1 1 1)

 //block 6
hex (650 735 736 651 638 723 724 639 )
rotor
( 6 6 5 )
SimpleGrading (1 1 1)

 //block 7
hex (651 736 737 652 639 724 725 640 )
rotor
( 6 6 5 )
SimpleGrading (1 1 1)

 //block 8
hex (652 737 738 653 640 725 726 641 )
rotor
( 6 6 5 )
SimpleGrading (1 1 1)

 //block 9
hex (653 738 739 654 641 726 727 642 )
rotor
( 6 6 5 )
SimpleGrading (1 1 1)

 //block 10
hex (654 739 740 655 642 727 728 643 )
rotor
( 6 6 5 )
SimpleGrading (1 1 1)

 //block 11
hex (655 740 729 644 643 728 717 632 )
rotor
( 6 6 5 )
SimpleGrading (1 1 1)

//circle 4

 //block 0
hex (656 741 742 657 644 729 730 645 )
( 6 6 5 )
SimpleGrading (1 1 1)

 //block 1
hex (657 742 743 658 645 730 731 646 )
( 6 6 5 )
SimpleGrading (1 1 1)

 //block 2
hex (658 743 744 659 646 731 732 647 )
( 6 6 5 )
SimpleGrading (1 1 1)

 //block 3
hex (659 744 745 660 647 732 733 648 )
( 6 6 5 )
SimpleGrading (1 1 1)

 //block 4
hex (660 745 746 661 648 733 734 649 )
( 6 6 5 )
SimpleGrading (1 1 1)

 //block 5
hex (661 746 747 662 649 734 735 650 )
( 6 6 5 )
SimpleGrading (1 1 1)

 //block 6
hex (662 747 748 663 650 735 736 651 )
( 6 6 5 )
SimpleGrading (1 1 1)

 //block 7
hex (663 748 749 664 651 736 737 652 )
( 6 6 5 )
SimpleGrading (1 1 1)

 //block 8
hex (664 749 750 665 652 737 738 653 )
( 6 6 5 )
SimpleGrading (1 1 1)

 //block 9
hex (665 750 751 666 653 738 739 654 )
( 6 6 5 )
SimpleGrading (1 1 1)

 //block 10
hex (666 751 752 667 654 739 740 655 )
( 6 6 5 )
SimpleGrading (1 1 1)

 //block 11
hex (667 752 741 656 655 740 729 644 )
( 6 6 5 )
SimpleGrading (1 1 1)

//circle 5

 //block 0
hex (668 753 754 669 656 741 742 657 )
( 6 6 1 )
SimpleGrading (1 1 1)

 //block 1
hex (1519 1604 755 670 657 742 743 658 )
( 6 6 1 )
SimpleGrading (1 1 1)

 //block 2
hex (670 755 756 671 658 743 744 659 )
( 6 6 1 )
SimpleGrading (1 1 1)

 //block 3
hex (1521 1606 757 672 659 744 745 660 )
( 6 6 1 )
SimpleGrading (1 1 1)

 //block 4
hex (672 757 758 673 660 745 746 661 )
( 6 6 1 )
SimpleGrading (1 1 1)

 //block 5
hex (1523 1608 759 674 661 746 747 662 )
( 6 6 1 )
SimpleGrading (1 1 1)

 //block 6
hex (674 759 760 675 662 747 748 663 )
( 6 6 1 )
SimpleGrading (1 1 1)

 //block 7
hex (1525 1610 761 676 663 748 749 664 )
( 6 6 1 )
SimpleGrading (1 1 1)

 //block 8
hex (676 761 762 677 664 749 750 665 )
( 6 6 1 )
SimpleGrading (1 1 1)

 //block 9
hex (1527 1612 763 678 665 750 751 666 )
( 6 6 1 )
SimpleGrading (1 1 1)

 //block 10
hex (678 763 764 679 666 751 752 667 )
( 6 6 1 )
SimpleGrading (1 1 1)

 //block 11
hex (1529 1614 753 668 667 752 741 656 )
( 6 6 1 )
SimpleGrading (1 1 1)

//section 8-9

//circles

//circle 0

 //block 0
hex (693 778 779 694 681 766 767 682 )
rotor
( 57 6 2 )
SimpleGrading (1 1 1)

 //block 1
hex (694 779 780 695 682 767 768 683 )
rotor
( 57 6 2 )
SimpleGrading (1 1 1)

 //block 2
hex (695 780 781 696 683 768 769 684 )
rotor
( 57 6 2 )
SimpleGrading (1 1 1)

 //block 3
hex (696 781 782 697 684 769 770 685 )
rotor
( 57 6 2 )
SimpleGrading (1 1 1)

 //block 4
hex (697 782 783 698 685 770 771 686 )
rotor
( 57 6 2 )
SimpleGrading (1 1 1)

 //block 5
hex (698 783 784 699 686 771 772 687 )
rotor
( 57 6 2 )
SimpleGrading (1 1 1)

 //block 6
hex (699 784 785 700 687 772 773 688 )
rotor
( 57 6 2 )
SimpleGrading (1 1 1)

 //block 7
hex (700 785 786 701 688 773 774 689 )
rotor
( 57 6 2 )
SimpleGrading (1 1 1)

 //block 8
hex (701 786 787 702 689 774 775 690 )
rotor
( 57 6 2 )
SimpleGrading (1 1 1)

 //block 9
hex (702 787 788 703 690 775 776 691 )
rotor
( 57 6 2 )
SimpleGrading (1 1 1)

 //block 10
hex (703 788 789 704 691 776 777 692 )
rotor
( 57 6 2 )
SimpleGrading (1 1 1)

 //block 11
hex (704 789 778 693 692 777 766 681 )
rotor
( 57 6 2 )
SimpleGrading (1 1 1)

//circle 1

 //block 0
hex (1555 790 791 706 693 778 779 694 )
rotor
( 57 6 2 )
SimpleGrading (1 1 1)

 //block 1
hex (706 791 792 707 694 779 780 695 )
rotor
( 57 6 2 )
SimpleGrading (1 1 1)

 //block 2
hex (1557 792 793 708 695 780 781 696 )
rotor
( 57 6 2 )
SimpleGrading (1 1 1)

 //block 3
hex (708 793 794 709 696 781 782 697 )
rotor
( 57 6 2 )
SimpleGrading (1 1 1)

 //block 4
hex (1559 794 795 710 697 782 783 698 )
rotor
( 57 6 2 )
SimpleGrading (1 1 1)

 //block 5
hex (710 795 796 711 698 783 784 699 )
rotor
( 57 6 2 )
SimpleGrading (1 1 1)

 //block 6
hex (1561 796 797 712 699 784 785 700 )
rotor
( 57 6 2 )
SimpleGrading (1 1 1)

 //block 7
hex (712 797 798 713 700 785 786 701 )
rotor
( 57 6 2 )
SimpleGrading (1 1 1)

 //block 8
hex (1563 798 799 714 701 786 787 702 )
rotor
( 57 6 2 )
SimpleGrading (1 1 1)

 //block 9
hex (714 799 800 715 702 787 788 703 )
rotor
( 57 6 2 )
SimpleGrading (1 1 1)

 //block 10
hex (1565 800 801 716 703 788 789 704 )
rotor
( 57 6 2 )
SimpleGrading (1 1 1)

 //block 11
hex (716 801 790 705 704 789 778 693 )
rotor
( 57 6 2 )
SimpleGrading (1 1 1)

//circle 2

 //block 0
hex (717 802 803 718 1555 790 791 706 )
rotor
( 57 6 4 )
SimpleGrading (1 1 1)

 //block 1
hex (718 803 804 719 706 791 792 707 )
rotor
( 57 6 4 )
SimpleGrading (1 1 1)

 //block 2
hex (719 804 805 720 1557 792 793 708 )
rotor
( 57 6 4 )
SimpleGrading (1 1 1)

 //block 3
hex (720 805 806 721 708 793 794 709 )
rotor
( 57 6 4 )
SimpleGrading (1 1 1)

 //block 4
hex (721 806 807 722 1559 794 795 710 )
rotor
( 57 6 4 )
SimpleGrading (1 1 1)

 //block 5
hex (722 807 808 723 710 795 796 711 )
rotor
( 57 6 4 )
SimpleGrading (1 1 1)

 //block 6
hex (723 808 809 724 1561 796 797 712 )
rotor
( 57 6 4 )
SimpleGrading (1 1 1)

 //block 7
hex (724 809 810 725 712 797 798 713 )
rotor
( 57 6 4 )
SimpleGrading (1 1 1)

 //block 8
hex (725 810 811 726 1563 798 799 714 )
rotor
( 57 6 4 )
SimpleGrading (1 1 1)

 //block 9
hex (726 811 812 727 714 799 800 715 )
rotor
( 57 6 4 )
SimpleGrading (1 1 1)

 //block 10
hex (727 812 813 728 1565 800 801 716 )
rotor
( 57 6 4 )
SimpleGrading (1 1 1)

 //block 11
hex (728 813 802 717 716 801 790 705 )
rotor
( 57 6 4 )
SimpleGrading (1 1 1)

//circle 3

 //block 0
hex (729 814 815 730 717 802 803 718 )
rotor
( 57 6 5 )
SimpleGrading (1 1 1)

 //block 1
hex (730 815 816 731 718 803 804 719 )
rotor
( 57 6 5 )
SimpleGrading (1 1 1)

 //block 2
hex (731 816 817 732 719 804 805 720 )
rotor
( 57 6 5 )
SimpleGrading (1 1 1)

 //block 3
hex (732 817 818 733 720 805 806 721 )
rotor
( 57 6 5 )
SimpleGrading (1 1 1)

 //block 4
hex (733 818 819 734 721 806 807 722 )
rotor
( 57 6 5 )
SimpleGrading (1 1 1)

 //block 5
hex (734 819 820 735 722 807 808 723 )
rotor
( 57 6 5 )
SimpleGrading (1 1 1)

 //block 6
hex (735 820 821 736 723 808 809 724 )
rotor
( 57 6 5 )
SimpleGrading (1 1 1)

 //block 7
hex (736 821 822 737 724 809 810 725 )
rotor
( 57 6 5 )
SimpleGrading (1 1 1)

 //block 8
hex (737 822 823 738 725 810 811 726 )
rotor
( 57 6 5 )
SimpleGrading (1 1 1)

 //block 9
hex (738 823 824 739 726 811 812 727 )
rotor
( 57 6 5 )
SimpleGrading (1 1 1)

 //block 10
hex (739 824 825 740 727 812 813 728 )
rotor
( 57 6 5 )
SimpleGrading (1 1 1)

 //block 11
hex (740 825 814 729 728 813 802 717 )
rotor
( 57 6 5 )
SimpleGrading (1 1 1)

//circle 4

 //block 0
hex (741 826 827 742 729 814 815 730 )
( 57 6 5 )
SimpleGrading (1 1 1)

 //block 1
hex (742 827 828 743 730 815 816 731 )
( 57 6 5 )
SimpleGrading (1 1 1)

 //block 2
hex (743 828 829 744 731 816 817 732 )
( 57 6 5 )
SimpleGrading (1 1 1)

 //block 3
hex (744 829 830 745 732 817 818 733 )
( 57 6 5 )
SimpleGrading (1 1 1)

 //block 4
hex (745 830 831 746 733 818 819 734 )
( 57 6 5 )
SimpleGrading (1 1 1)

 //block 5
hex (746 831 832 747 734 819 820 735 )
( 57 6 5 )
SimpleGrading (1 1 1)

 //block 6
hex (747 832 833 748 735 820 821 736 )
( 57 6 5 )
SimpleGrading (1 1 1)

 //block 7
hex (748 833 834 749 736 821 822 737 )
( 57 6 5 )
SimpleGrading (1 1 1)

 //block 8
hex (749 834 835 750 737 822 823 738 )
( 57 6 5 )
SimpleGrading (1 1 1)

 //block 9
hex (750 835 836 751 738 823 824 739 )
( 57 6 5 )
SimpleGrading (1 1 1)

 //block 10
hex (751 836 837 752 739 824 825 740 )
( 57 6 5 )
SimpleGrading (1 1 1)

 //block 11
hex (752 837 826 741 740 825 814 729 )
( 57 6 5 )
SimpleGrading (1 1 1)

//circle 5

 //block 0
hex (753 838 839 754 741 826 827 742 )
( 57 6 1 )
SimpleGrading (1 1 1)

 //block 1
hex (1604 839 840 755 742 827 828 743 )
( 57 6 1 )
SimpleGrading (1 1 1)

 //block 2
hex (755 840 841 756 743 828 829 744 )
( 57 6 1 )
SimpleGrading (1 1 1)

 //block 3
hex (1606 841 842 757 744 829 830 745 )
( 57 6 1 )
SimpleGrading (1 1 1)

 //block 4
hex (757 842 843 758 745 830 831 746 )
( 57 6 1 )
SimpleGrading (1 1 1)

 //block 5
hex (1608 843 844 759 746 831 832 747 )
( 57 6 1 )
SimpleGrading (1 1 1)

 //block 6
hex (759 844 845 760 747 832 833 748 )
( 57 6 1 )
SimpleGrading (1 1 1)

 //block 7
hex (1610 845 846 761 748 833 834 749 )
( 57 6 1 )
SimpleGrading (1 1 1)

 //block 8
hex (761 846 847 762 749 834 835 750 )
( 57 6 1 )
SimpleGrading (1 1 1)

 //block 9
hex (1612 847 848 763 750 835 836 751 )
( 57 6 1 )
SimpleGrading (1 1 1)

 //block 10
hex (763 848 849 764 751 836 837 752 )
( 57 6 1 )
SimpleGrading (1 1 1)

 //block 11
hex (1614 849 838 753 752 837 826 741 )
( 57 6 1 )
SimpleGrading (1 1 1)
);

// * * * * * * * * * * * * * * * * * * * * * * * * * * * * * * * * * * * * * //
patches
(

	patch outlet
	(

		//circles

		//circle 0 - -1 
		( 778 779 767 766)
		( 779 780 768 767)
		( 780 781 769 768)
		( 781 782 770 769)
		( 782 783 771 770)
		( 783 784 772 771)
		( 784 785 773 772)
		( 785 786 774 773)
		( 786 787 775 774)
		( 787 788 776 775)
		( 788 789 777 776)
		( 789 778 766 777)

		//circle 1 - 0 
		( 790 791 779 778)
		( 791 792 780 779)
		( 792 793 781 780)
		( 793 794 782 781)
		( 794 795 783 782)
		( 795 796 784 783)
		( 796 797 785 784)
		( 797 798 786 785)
		( 798 799 787 786)
		( 799 800 788 787)
		( 800 801 789 788)
		( 801 790 778 789)

		//circle 2 - 1 
		( 802 803 791 790)
		( 803 804 792 791)
		( 804 805 793 792)
		( 805 806 794 793)
		( 806 807 795 794)
		( 807 808 796 795)
		( 808 809 797 796)
		( 809 810 798 797)
		( 810 811 799 798)
		( 811 812 800 799)
		( 812 813 801 800)
		( 813 802 790 801)

		//circle 3 - 2 
		( 814 815 803 802)
		( 815 816 804 803)
		( 816 817 805 804)
		( 817 818 806 805)
		( 818 819 807 806)
		( 819 820 808 807)
		( 820 821 809 808)
		( 821 822 810 809)
		( 822 823 811 810)
		( 823 824 812 811)
		( 824 825 813 812)
		( 825 814 802 813)

		//circle 4 - 3 
		( 826 827 815 814)
		( 827 828 816 815)
		( 828 829 817 816)
		( 829 830 818 817)
		( 830 831 819 818)
		( 831 832 820 819)
		( 832 833 821 820)
		( 833 834 822 821)
		( 834 835 823 822)
		( 835 836 824 823)
		( 836 837 825 824)
		( 837 826 814 825)

		//circle 5 - 4 
		( 838 839 827 826)
		( 839 840 828 827)
		( 840 841 829 828)
		( 841 842 830 829)
		( 842 843 831 830)
		( 843 844 832 831)
		( 844 845 833 832)
		( 845 846 834 833)
		( 846 847 835 834)
		( 847 848 836 835)
		( 848 849 837 836)
		( 849 838 826 837)
	)

	wall propeller
	(

		//polygon
		( 171 172 170 170)
		( 172 173 170 170)
		( 173 174 170 170)
		( 174 175 170 170)
		( 175 176 170 170)
		( 176 177 170 170)
		( 177 178 170 170)
		( 178 179 170 170)
		( 179 180 170 170)
		( 180 181 170 170)
		( 181 182 170 170)
		( 182 171 170 170)

		//hub to blade circle
		( 1045 196 184 183)
		( 196 197 185 184)
		( 1047 198 186 185)
		( 198 199 187 186)
		( 1049 200 188 187)
		( 200 201 189 188)
		( 1051 202 190 189)
		( 202 203 191 190)
		( 1053 204 192 191)
		( 204 205 193 192)
		( 1055 206 194 193)
		( 206 195 183 194)

		//blade to polygon
		( 183 184 172 171)
		( 184 185 173 172)
		( 185 186 174 173)
		( 186 187 175 174)
		( 187 188 176 175)
		( 188 189 177 176)
		( 189 190 178 177)
		( 190 191 179 178)
		( 191 192 180 179)
		( 192 193 181 180)
		( 193 194 182 181)
		( 194 183 171 182)

		//hub to blade circle
		( 1130 281 269 268)
		( 281 282 270 269)
		( 1132 283 271 270)
		( 283 284 272 271)
		( 1134 285 273 272)
		( 285 286 274 273)
		( 1136 287 275 274)
		( 287 288 276 275)
		( 1138 289 277 276)
		( 289 290 278 277)
		( 1140 291 279 278)
		( 291 280 268 279)

		//blade to polygon
		( 268 269 257 256)
		( 269 270 258 257)
		( 270 271 259 258)
		( 271 272 260 259)
		( 272 273 261 260)
		( 273 274 262 261)
		( 274 275 263 262)
		( 275 276 264 263)
		( 276 277 265 264)
		( 277 278 266 265)
		( 278 279 267 266)
		( 279 268 256 267)

		//sides
		( 1045 196 281 1130)
		( 196 197 282 281)
		( 1047 198 283 1132)
		( 198 199 284 283)
		( 1049 200 285 1134)
		( 200 201 286 285)
		( 1051 202 287 1136)
		( 202 203 288 287)
		( 1053 204 289 1138)
		( 204 205 290 289)
		( 1055 206 291 1140)
		( 206 195 280 291)

		//hub to blade circle
		( 1385 536 524 523)
		( 536 537 525 524)
		( 1387 538 526 525)
		( 538 539 527 526)
		( 1389 540 528 527)
		( 540 541 529 528)
		( 1391 542 530 529)
		( 542 543 531 530)
		( 1393 544 532 531)
		( 544 545 533 532)
		( 1395 546 534 533)
		( 546 535 523 534)

		//blade to polygon
		( 523 524 512 511)
		( 524 525 513 512)
		( 525 526 514 513)
		( 526 527 515 514)
		( 527 528 516 515)
		( 528 529 517 516)
		( 529 530 518 517)
		( 530 531 519 518)
		( 531 532 520 519)
		( 532 533 521 520)
		( 533 534 522 521)
		( 534 523 511 522)

		//hub to blade circle
		( 1470 621 609 608)
		( 621 622 610 609)
		( 1472 623 611 610)
		( 623 624 612 611)
		( 1474 625 613 612)
		( 625 626 614 613)
		( 1476 627 615 614)
		( 627 628 616 615)
		( 1478 629 617 616)
		( 629 630 618 617)
		( 1480 631 619 618)
		( 631 620 608 619)

		//blade to polygon
		( 608 609 597 596)
		( 609 610 598 597)
		( 610 611 599 598)
		( 611 612 600 599)
		( 612 613 601 600)
		( 613 614 602 601)
		( 614 615 603 602)
		( 615 616 604 603)
		( 616 617 605 604)
		( 617 618 606 605)
		( 618 619 607 606)
		( 619 608 596 607)

		//sides
		( 1385 536 621 1470)
		( 536 537 622 621)
		( 1387 538 623 1472)
		( 538 539 624 623)
		( 1389 540 625 1474)
		( 540 541 626 625)
		( 1391 542 627 1476)
		( 542 543 628 627)
		( 1393 544 629 1478)
		( 544 545 630 629)
		( 1395 546 631 1480)
		( 546 535 620 631)

		//blades
		( 122 207 1045 960)
		( 122 207 195 110)
		( 124 209 1047 962)
		( 124 209 197 112)
		( 126 211 1049 964)
		( 126 211 199 114)
		( 128 213 1051 966)
		( 128 213 201 116)
		( 130 215 1053 968)
		( 130 215 203 118)
		( 132 217 1055 970)
		( 132 217 205 120)
		( 207 292 1130 1045)
		( 207 292 280 195)
		( 209 294 1132 1047)
		( 209 294 282 197)
		( 211 296 1134 1049)
		( 211 296 284 199)
		( 213 298 1136 1051)
		( 213 298 286 201)
		( 215 300 1138 1053)
		( 215 300 288 203)
		( 217 302 1140 1055)
		( 217 302 290 205)
		( 292 377 1215 1130)
		( 292 377 365 280)
		( 294 379 1217 1132)
		( 294 379 367 282)
		( 296 381 1219 1134)
		( 296 381 369 284)
		( 298 383 1221 1136)
		( 298 383 371 286)
		( 300 385 1223 1138)
		( 300 385 373 288)
		( 302 387 1225 1140)
		( 302 387 375 290)
		( 462 547 1385 1300)
		( 462 547 535 450)
		( 464 549 1387 1302)
		( 464 549 537 452)
		( 466 551 1389 1304)
		( 466 551 539 454)
		( 468 553 1391 1306)
		( 468 553 541 456)
		( 470 555 1393 1308)
		( 470 555 543 458)
		( 472 557 1395 1310)
		( 472 557 545 460)
		( 547 632 1470 1385)
		( 547 632 620 535)
		( 549 634 1472 1387)
		( 549 634 622 537)
		( 551 636 1474 1389)
		( 551 636 624 539)
		( 553 638 1476 1391)
		( 553 638 626 541)
		( 555 640 1478 1393)
		( 555 640 628 543)
		( 557 642 1480 1395)
		( 557 642 630 545)
		( 632 717 1555 1470)
		( 632 717 705 620)
		( 634 719 1557 1472)
		( 634 719 707 622)
		( 636 721 1559 1474)
		( 636 721 709 624)
		( 638 723 1561 1476)
		( 638 723 711 626)
		( 640 725 1563 1478)
		( 640 725 713 628)
		( 642 727 1565 1480)
		( 642 727 715 630)
		( 960 98 183 1045)
		( 110 98 183 195)
		( 962 100 185 1047)
		( 112 100 185 197)
		( 964 102 187 1049)
		( 114 102 187 199)
		( 966 104 189 1051)
		( 116 104 189 201)
		( 968 106 191 1053)
		( 118 106 191 203)
		( 970 108 193 1055)
		( 120 108 193 205)
		( 1130 268 353 1215)
		( 280 268 353 365)
		( 1132 270 355 1217)
		( 282 270 355 367)
		( 1134 272 357 1219)
		( 284 272 357 369)
		( 1136 274 359 1221)
		( 286 274 359 371)
		( 1138 276 361 1223)
		( 288 276 361 373)
		( 1140 278 363 1225)
		( 290 278 363 375)
		( 1300 438 523 1385)
		( 450 438 523 535)
		( 1302 440 525 1387)
		( 452 440 525 537)
		( 1304 442 527 1389)
		( 454 442 527 539)
		( 1306 444 529 1391)
		( 456 444 529 541)
		( 1308 446 531 1393)
		( 458 446 531 543)
		( 1310 448 533 1395)
		( 460 448 533 545)
		( 1470 608 693 1555)
		( 620 608 693 705)
		( 1472 610 695 1557)
		( 622 610 695 707)
		( 1474 612 697 1559)
		( 624 612 697 709)
		( 1476 614 699 1561)
		( 626 614 699 711)
		( 1478 616 701 1563)
		( 628 616 701 713)
		( 1480 618 703 1565)
		( 630 618 703 715)

		//stem sides
		( 256 257 342 341)
		( 257 258 343 342)
		( 258 259 344 343)
		( 259 260 345 344)
		( 260 261 346 345)
		( 261 262 347 346)
		( 262 263 348 347)
		( 263 264 349 348)
		( 264 265 350 349)
		( 265 266 351 350)
		( 266 267 352 351)
		( 267 256 341 352)
		( 341 342 427 426)
		( 342 343 428 427)
		( 343 344 429 428)
		( 344 345 430 429)
		( 345 346 431 430)
		( 346 347 432 431)
		( 347 348 433 432)
		( 348 349 434 433)
		( 349 350 435 434)
		( 350 351 436 435)
		( 351 352 437 436)
		( 352 341 426 437)
		( 426 427 512 511)
		( 427 428 513 512)
		( 428 429 514 513)
		( 429 430 515 514)
		( 430 431 516 515)
		( 431 432 517 516)
		( 432 433 518 517)
		( 433 434 519 518)
		( 434 435 520 519)
		( 435 436 521 520)
		( 436 437 522 521)
		( 437 426 511 522)
		( 596 597 682 681)
		( 597 598 683 682)
		( 598 599 684 683)
		( 599 600 685 684)
		( 600 601 686 685)
		( 601 602 687 686)
		( 602 603 688 687)
		( 603 604 689 688)
		( 604 605 690 689)
		( 605 606 691 690)
		( 606 607 692 691)
		( 607 596 681 692)
		( 681 682 767 766)
		( 682 683 768 767)
		( 683 684 769 768)
		( 684 685 770 769)
		( 685 686 771 770)
		( 686 687 772 771)
		( 687 688 773 772)
		( 688 689 774 773)
		( 689 690 775 774)
		( 690 691 776 775)
		( 691 692 777 776)
		( 692 681 766 777)
	)

	wall walls
	(

		//polygon
		( 1 2 0 0)
		( 2 3 0 0)
		( 3 4 0 0)
		( 4 5 0 0)
		( 5 6 0 0)
		( 6 7 0 0)
		( 7 8 0 0)
		( 8 9 0 0)
		( 9 10 0 0)
		( 10 11 0 0)
		( 11 12 0 0)
		( 12 1 0 0)

		//inhub_circ to polygon
		( 13 14 2 1)
		( 14 15 3 2)
		( 15 16 4 3)
		( 16 17 5 4)
		( 17 18 6 5)
		( 18 19 7 6)
		( 19 20 8 7)
		( 20 21 9 8)
		( 21 22 10 9)
		( 22 23 11 10)
		( 23 24 12 11)
		( 24 13 1 12)

		//hub to inhub_circ
		( 25 26 14 13)
		( 26 27 15 14)
		( 27 28 16 15)
		( 28 29 17 16)
		( 29 30 18 17)
		( 30 31 19 18)
		( 31 32 20 19)
		( 32 33 21 20)
		( 33 34 22 21)
		( 34 35 23 22)
		( 35 36 24 23)
		( 36 25 13 24)

		//rotor to hub
		( 37 38 26 25)
		( 38 39 27 26)
		( 39 40 28 27)
		( 40 41 29 28)
		( 41 42 30 29)
		( 42 43 31 30)
		( 43 44 32 31)
		( 44 45 33 32)
		( 45 46 34 33)
		( 46 47 35 34)
		( 47 48 36 35)
		( 48 37 25 36)

		//tank walls 0 - 1
		( 73 74 159 158)
		( 74 75 160 1009)
		( 75 76 161 160)
		( 76 77 162 1011)
		( 77 78 163 162)
		( 78 79 164 1013)
		( 79 80 165 164)
		( 80 81 166 1015)
		( 81 82 167 166)
		( 82 83 168 1017)
		( 83 84 169 168)
		( 84 73 158 1019)

		//baffles
		( 74 62 147 1009)
		( 74 62 147 159)
		( 76 64 149 1011)
		( 76 64 149 161)
		( 78 66 151 1013)
		( 78 66 151 163)
		( 80 68 153 1015)
		( 80 68 153 165)
		( 82 70 155 1017)
		( 82 70 155 167)
		( 84 72 157 1019)
		( 84 72 157 169)

		//tank walls 1 - 2
		( 158 159 244 243)
		( 1009 160 245 1094)
		( 160 161 246 245)
		( 1011 162 247 1096)
		( 162 163 248 247)
		( 1013 164 249 1098)
		( 164 165 250 249)
		( 1015 166 251 1100)
		( 166 167 252 251)
		( 1017 168 253 1102)
		( 168 169 254 253)
		( 1019 158 243 1104)

		//baffles
		( 1009 147 232 1094)
		( 159 147 232 244)
		( 1011 149 234 1096)
		( 161 149 234 246)
		( 1013 151 236 1098)
		( 163 151 236 248)
		( 1015 153 238 1100)
		( 165 153 238 250)
		( 1017 155 240 1102)
		( 167 155 240 252)
		( 1019 157 242 1104)
		( 169 157 242 254)

		//tank walls 2 - 3
		( 243 244 329 328)
		( 1094 245 330 1179)
		( 245 246 331 330)
		( 1096 247 332 1181)
		( 247 248 333 332)
		( 1098 249 334 1183)
		( 249 250 335 334)
		( 1100 251 336 1185)
		( 251 252 337 336)
		( 1102 253 338 1187)
		( 253 254 339 338)
		( 1104 243 328 1189)

		//baffles
		( 1094 232 317 1179)
		( 244 232 317 329)
		( 1096 234 319 1181)
		( 246 234 319 331)
		( 1098 236 321 1183)
		( 248 236 321 333)
		( 1100 238 323 1185)
		( 250 238 323 335)
		( 1102 240 325 1187)
		( 252 240 325 337)
		( 1104 242 327 1189)
		( 254 242 327 339)

		//tank walls 3 - 4
		( 328 329 414 413)
		( 1179 330 415 1264)
		( 330 331 416 415)
		( 1181 332 417 1266)
		( 332 333 418 417)
		( 1183 334 419 1268)
		( 334 335 420 419)
		( 1185 336 421 1270)
		( 336 337 422 421)
		( 1187 338 423 1272)
		( 338 339 424 423)
		( 1189 328 413 1274)

		//baffles
		( 1179 317 402 1264)
		( 329 317 402 414)
		( 1181 319 404 1266)
		( 331 319 404 416)
		( 1183 321 406 1268)
		( 333 321 406 418)
		( 1185 323 408 1270)
		( 335 323 408 420)
		( 1187 325 410 1272)
		( 337 325 410 422)
		( 1189 327 412 1274)
		( 339 327 412 424)

		//tank walls 4 - 5
		( 413 414 499 498)
		( 1264 415 500 1349)
		( 415 416 501 500)
		( 1266 417 502 1351)
		( 417 418 503 502)
		( 1268 419 504 1353)
		( 419 420 505 504)
		( 1270 421 506 1355)
		( 421 422 507 506)
		( 1272 423 508 1357)
		( 423 424 509 508)
		( 1274 413 498 1359)

		//baffles
		( 1264 402 487 1349)
		( 414 402 487 499)
		( 1266 404 489 1351)
		( 416 404 489 501)
		( 1268 406 491 1353)
		( 418 406 491 503)
		( 1270 408 493 1355)
		( 420 408 493 505)
		( 1272 410 495 1357)
		( 422 410 495 507)
		( 1274 412 497 1359)
		( 424 412 497 509)

		//tank walls 5 - 6
		( 498 499 584 583)
		( 1349 500 585 1434)
		( 500 501 586 585)
		( 1351 502 587 1436)
		( 502 503 588 587)
		( 1353 504 589 1438)
		( 504 505 590 589)
		( 1355 506 591 1440)
		( 506 507 592 591)
		( 1357 508 593 1442)
		( 508 509 594 593)
		( 1359 498 583 1444)

		//baffles
		( 1349 487 572 1434)
		( 499 487 572 584)
		( 1351 489 574 1436)
		( 501 489 574 586)
		( 1353 491 576 1438)
		( 503 491 576 588)
		( 1355 493 578 1440)
		( 505 493 578 590)
		( 1357 495 580 1442)
		( 507 495 580 592)
		( 1359 497 582 1444)
		( 509 497 582 594)

		//tank walls 6 - 7
		( 583 584 669 668)
		( 1434 585 670 1519)
		( 585 586 671 670)
		( 1436 587 672 1521)
		( 587 588 673 672)
		( 1438 589 674 1523)
		( 589 590 675 674)
		( 1440 591 676 1525)
		( 591 592 677 676)
		( 1442 593 678 1527)
		( 593 594 679 678)
		( 1444 583 668 1529)

		//baffles
		( 1434 572 657 1519)
		( 584 572 657 669)
		( 1436 574 659 1521)
		( 586 574 659 671)
		( 1438 576 661 1523)
		( 588 576 661 673)
		( 1440 578 663 1525)
		( 590 578 663 675)
		( 1442 580 665 1527)
		( 592 580 665 677)
		( 1444 582 667 1529)
		( 594 582 667 679)

		//tank walls 7 - 8
		( 668 669 754 753)
		( 1519 670 755 1604)
		( 670 671 756 755)
		( 1521 672 757 1606)
		( 672 673 758 757)
		( 1523 674 759 1608)
		( 674 675 760 759)
		( 1525 676 761 1610)
		( 676 677 762 761)
		( 1527 678 763 1612)
		( 678 679 764 763)
		( 1529 668 753 1614)

		//baffles
		( 1519 657 742 1604)
		( 669 657 742 754)
		( 1521 659 744 1606)
		( 671 659 744 756)
		( 1523 661 746 1608)
		( 673 661 746 758)
		( 1525 663 748 1610)
		( 675 663 748 760)
		( 1527 665 750 1612)
		( 677 665 750 762)
		( 1529 667 752 1614)
		( 679 667 752 764)

		//tank walls 8 - 9
		( 753 754 839 838)
		( 1604 755 840 839)
		( 755 756 841 840)
		( 1606 757 842 841)
		( 757 758 843 842)
		( 1608 759 844 843)
		( 759 760 845 844)
		( 1610 761 846 845)
		( 761 762 847 846)
		( 1612 763 848 847)
		( 763 764 849 848)
		( 1614 753 838 849)

		//baffles
		( 1604 742 827 839)
		( 754 742 827 839)
		( 1606 744 829 841)
		( 756 744 829 841)
		( 1608 746 831 843)
		( 758 746 831 843)
		( 1610 748 833 845)
		( 760 748 833 845)
		( 1612 750 835 847)
		( 762 750 835 847)
		( 1614 752 837 849)
		( 764 752 837 849)

		//circles

		//circle 3 - 2 
		( 49 50 38 37)
		( 50 51 39 38)
		( 51 52 40 39)
		( 52 53 41 40)
		( 53 54 42 41)
		( 54 55 43 42)
		( 55 56 44 43)
		( 56 57 45 44)
		( 57 58 46 45)
		( 58 59 47 46)
		( 59 60 48 47)
		( 60 49 37 48)

		//circle 4 - 3 
		( 61 62 50 49)
		( 62 63 51 50)
		( 63 64 52 51)
		( 64 65 53 52)
		( 65 66 54 53)
		( 66 67 55 54)
		( 67 68 56 55)
		( 68 69 57 56)
		( 69 70 58 57)
		( 70 71 59 58)
		( 71 72 60 59)
		( 72 61 49 60)

		//circle 5 - 4 
		( 73 74 62 61)
		( 74 75 63 62)
		( 75 76 64 63)
		( 76 77 65 64)
		( 77 78 66 65)
		( 78 79 67 66)
		( 79 80 68 67)
		( 80 81 69 68)
		( 81 82 70 69)
		( 82 83 71 70)
		( 83 84 72 71)
		( 84 73 61 72)
	)

	empty inside_to_hub
	(

		//pair :0-1
		( 25 13 98 960)
		( 27 15 100 962)
		( 29 17 102 964)
		( 31 19 104 966)
		( 33 21 106 968)
		( 35 23 108 970)

		//pair :4-5
		( 1215 353 438 1300)
		( 1217 355 440 1302)
		( 1219 357 442 1304)
		( 1221 359 444 1306)
		( 1223 361 446 1308)
		( 1225 363 448 1310)

		//pair :8-9
		( 1555 693 778 790)
		( 1557 695 780 792)
		( 1559 697 782 794)
		( 1561 699 784 796)
		( 1563 701 786 798)
		( 1565 703 788 800)
	)

	empty inside_to_hub_copy
	(

		//pair :0-1
		( 25 13 98 110)
		( 27 15 100 112)
		( 29 17 102 114)
		( 31 19 104 116)
		( 33 21 106 118)
		( 35 23 108 120)

		//pair :4-5
		( 365 353 438 450)
		( 367 355 440 452)
		( 369 357 442 454)
		( 371 359 444 456)
		( 373 361 446 458)
		( 375 363 448 460)

		//pair :8-9
		( 705 693 778 790)
		( 707 695 780 792)
		( 709 697 782 794)
		( 711 699 784 796)
		( 713 701 786 798)
		( 715 703 788 800)
	)

	empty hub_to_rotor
	(

		//pair :0-1
		( 37 25 960 122)
		( 39 27 962 124)
		( 41 29 964 126)
		( 43 31 966 128)
		( 45 33 968 130)
		( 47 35 970 132)

		//pair :4-5
		( 377 1215 1300 462)
		( 379 1217 1302 464)
		( 381 1219 1304 466)
		( 383 1221 1306 468)
		( 385 1223 1308 470)
		( 387 1225 1310 472)

		//pair :8-9
		( 717 1555 790 802)
		( 719 1557 792 804)
		( 721 1559 794 806)
		( 723 1561 796 808)
		( 725 1563 798 810)
		( 727 1565 800 812)
	)

	empty hub_to_rotor_copy
	(

		//pair :0-1
		( 37 25 110 122)
		( 39 27 112 124)
		( 41 29 114 126)
		( 43 31 116 128)
		( 45 33 118 130)
		( 47 35 120 132)

		//pair :4-5
		( 377 365 450 462)
		( 379 367 452 464)
		( 381 369 454 466)
		( 383 371 456 468)
		( 385 373 458 470)
		( 387 375 460 472)

		//pair :8-9
		( 717 705 790 802)
		( 719 707 792 804)
		( 721 709 794 806)
		( 723 711 796 808)
		( 725 713 798 810)
		( 727 715 800 812)
	)
);
