# Combined OBJ with one region per STL
o rotatingZone
g rotatingZone
v 0.02291248 0.002004582 0.06
v 0.023 -5.633375e-18 0.06
v 0.023 -5.633375e-18 0.05805556
v 0.02265058 0.003993908 0.06
v 0.02283374 0.002760502 0.05827992
v 0.02221629 0.005952838 0.06
v 0.02248036 0.004861423 0.05817383
v 0.02161293 0.007866463 0.06
v 0.02194501 0.006885954 0.05819801
v 0.02084508 0.00972022 0.06
v 0.02125055 0.008798522 0.05818975
v 0.01991858 0.0115 0.06
v 0.02040263 0.01061756 0.05818301
v 0.0188405 0.01319226 0.06
v 0.01940221 0.01235129 0.05819559
v 0.01761902 0.01478412 0.06
v 0.01825274 0.01399419 0.05822077
v 0.01626346 0.01626346 0.06
v 0.01696161 0.01553396 0.05824545
v 0.01478412 0.01761902 0.06
v 0.01554007 0.01695601 0.05826122
v 0.01319226 0.0188405 0.06
v 0.0140009 0.0182476 0.05826752
v 0.0115 0.01991858 0.06
v 0.01235668 0.01939878 0.05826805
v 0.00972022 0.02084508 0.06
v 0.01061944 0.02040165 0.05826673
v 0.007866463 0.02161293 0.06
v 0.008801557 0.0212493 0.05826566
v 0.005952838 0.02221629 0.06
v 0.006916403 0.02193544 0.05826525
v 0.003993908 0.02265058 0.06
v 0.004978334 0.02245476 0.05826526
v 0.002004582 0.02291248 0.06
v 0.003002257 0.02280321 0.05826539
v 2.414386e-16 0.023 0.06
v 0.001003325 0.02297811 0.05826549
v -0.002004582 0.02291248 0.06
v -0.001003215 0.02297811 0.05826554
v -0.003993908 0.02265058 0.06
v -0.0030021 0.02280323 0.05826555
v -0.005952838 0.02221629 0.06
v -0.004978127 0.0224548 0.05826553
v -0.007866463 0.02161293 0.06
v -0.006916263 0.02193548 0.0582655
v -0.00972022 0.02084508 0.06
v -0.008801757 0.02124921 0.05826546
v -0.0115 0.01991858 0.06
v -0.01062026 0.02040123 0.05826542
v -0.01319226 0.0188405 0.06
v -0.01235792 0.01939798 0.05826537
v -0.01478412 0.01761902 0.06
v -0.01400153 0.01824711 0.05826533
v -0.01626346 0.01626346 0.06
v -0.01553857 0.01695738 0.05826531
v -0.01761902 0.01478412 0.06
v -0.01695736 0.0155386 0.05826531
v -0.0188405 0.01319226 0.06
v -0.0182471 0.01400155 0.05826533
v -0.01991858 0.0115 0.06
v -0.01939797 0.01235794 0.05826537
v -0.02084508 0.00972022 0.06
v -0.02040122 0.01062028 0.05826542
v -0.02161293 0.007866463 0.06
v -0.02124921 0.008801773 0.05826546
v -0.02221629 0.005952838 0.06
v -0.02193548 0.006916276 0.0582655
v -0.02265058 0.003993908 0.06
v -0.0224548 0.004978141 0.05826552
v -0.02291248 0.002004582 0.06
v -0.02280323 0.003002124 0.05826552
v -0.023 2.377399e-16 0.06
v -0.02297811 0.001003266 0.05826552
v -0.02291248 -0.002004582 0.06
v -0.02297811 -0.001003219 0.05826552
v -0.02265058 -0.003993908 0.06
v -0.02280324 -0.003002062 0.05826552
v -0.02221629 -0.005952838 0.06
v -0.02245482 -0.004978055 0.05826554
v -0.02161293 -0.007866463 0.06
v -0.02193551 -0.006916163 0.05826558
v -0.02084508 -0.00972022 0.06
v -0.02124926 -0.00880164 0.05826563
v -0.01991858 -0.0115 0.06
v -0.02040129 -0.01062014 0.0582657
v -0.0188405 -0.01319226 0.06
v -0.01939804 -0.01235783 0.05826578
v -0.01761902 -0.01478412 0.06
v -0.01824716 -0.01400147 0.05826584
v -0.01626346 -0.01626346 0.06
v -0.01695739 -0.01553857 0.05826588
v -0.01478412 -0.01761902 0.06
v -0.01553855 -0.0169574 0.05826588
v -0.01319226 -0.0188405 0.06
v -0.01400146 -0.01824717 0.05826584
v -0.0115 -0.01991858 0.06
v -0.01235782 -0.01939805 0.05826577
v -0.00972022 -0.02084508 0.06
v -0.01062015 -0.02040129 0.05826569
v -0.007866463 -0.02161293 0.06
v -0.008801666 -0.02124925 0.05826562
v -0.005952838 -0.02221629 0.06
v -0.006916205 -0.0219355 0.05826556
v -0.003993908 -0.02265058 0.06
v -0.004978107 -0.02245481 0.05826553
v -0.002004582 -0.02291248 0.06
v -0.003002117 -0.02280323 0.05826552
v -4.508124e-17 -0.023 0.06
v -0.001003274 -0.02297811 0.05826552
v 0.002004582 -0.02291248 0.06
v 0.001003202 -0.02297811 0.05826553
v 0.003993908 -0.02265058 0.06
v 0.003002028 -0.02280324 0.05826555
v 0.005952838 -0.02221629 0.06
v 0.004977969 -0.02245484 0.05826557
v 0.007866463 -0.02161293 0.06
v 0.00691595 -0.02193558 0.0582656
v 0.00972022 -0.02084508 0.06
v 0.008801165 -0.02124946 0.05826566
v 0.0115 -0.01991858 0.06
v 0.01061918 -0.02040179 0.05826576
v 0.01319226 -0.0188405 0.06
v 0.01235602 -0.0193992 0.0582659
v 0.01478412 -0.01761902 0.06
v 0.01399827 -0.01824961 0.05826607
v 0.01626346 -0.01626346 0.06
v 0.01553318 -0.01696232 0.05826629
v 0.01761902 -0.01478412 0.06
v 0.01694878 -0.01554796 0.0582667
v 0.0188405 -0.01319226 0.06
v 0.01823425 -0.01401827 0.05826765
v 0.01991858 -0.0115 0.06
v 0.0193805 -0.01238532 0.05826945
v 0.02084508 -0.00972022 0.06
v 0.0203808 -0.01065941 0.05827073
v 0.02161293 -0.007866463 0.06
v 0.02123076 -0.008846185 0.05826447
v 0.02221629 -0.005952838 0.06
v 0.02192599 -0.006946283 0.05823479
v 0.02265058 -0.003993908 0.06
v 0.02245596 -0.004972902 0.05818599
v 0.02291248 -0.002004582 0.06
v 0.02279646 -0.003053112 0.05832569
v 0.02295964 -0.001362015 0.05866771
v 0.023 -5.633375e-18 0.025
v 0.023 -5.633375e-18 0.02694444
v 0.02291248 -0.002004582 0.025
v 0.023 -5.633375e-18 0.02888889
v 0.02293252 -0.001760506 0.02769076
v 0.023 -5.633375e-18 0.03083333
v 0.023 -5.633375e-18 0.03277778
v 0.02293851 -0.001680748 0.03176833
v 0.023 -5.633375e-18 0.03472222
v 0.023 -5.633375e-18 0.03666667
v 0.02293517 -0.00172573 0.03567706
v 0.023 -5.633375e-18 0.03861111
v 0.023 -5.633375e-18 0.04055556
v 0.02293419 -0.001738646 0.03956667
v 0.023 -5.633375e-18 0.0425
v 0.023 -5.633375e-18 0.04444444
v 0.02293524 -0.001724763 0.04345178
v 0.023 -5.633375e-18 0.04638889
v 0.023 -5.633375e-18 0.04833333
v 0.0229383 -0.001683564 0.04730378
v 0.023 -5.633375e-18 0.05027778
v 0.023 -5.633375e-18 0.05222222
v 0.02294182 -0.00163483 0.05116773
v 0.023 -5.633375e-18 0.05416667
v 0.023 -5.633375e-18 0.05611111
v 0.0229305 -0.001786676 0.05510907
v 0.02293807 -0.001686759 0.05700119
v 0.02291248 0.002004582 0.025
v 0.02265058 0.003993908 0.025
v 0.02277346 0.003220176 0.02661152
v 0.02221629 0.005952838 0.025
v 0.02161293 0.007866463 0.025
v 0.02195078 0.00686755 0.02694992
v 0.02084508 0.00972022 0.025
v 0.01991858 0.0115 0.025
v 0.02039364 0.01063483 0.02674711
v 0.0188405 0.01319226 0.025
v 0.01761902 0.01478412 0.025
v 0.01823631 0.0140156 0.02672441
v 0.01626346 0.01626346 0.025
v 0.01478412 0.01761902 0.025
v 0.01553528 0.0169604 0.02673385
v 0.01319226 0.0188405 0.025
v 0.0115 0.01991858 0.025
v 0.01235733 0.01939836 0.02673596
v 0.00972022 0.02084508 0.025
v 0.007866463 0.02161293 0.025
v 0.008801733 0.02124922 0.02673589
v 0.005952838 0.02221629 0.025
v 0.003993908 0.02265058 0.025
v 0.004978122 0.02245481 0.02673584
v 0.002004582 0.02291248 0.025
v 2.414386e-16 0.023 0.025
v 0.001003295 0.02297811 0.02673595
v -0.002004582 0.02291248 0.025
v -0.003993908 0.02265058 0.025
v -0.003002027 0.02280324 0.02673578
v -0.005952838 0.02221629 0.025
v -0.007866463 0.02161293 0.025
v -0.00691616 0.02193551 0.02673586
v -0.00972022 0.02084508 0.025
v -0.0115 0.01991858 0.025
v -0.0106201 0.02040131 0.02673565
v -0.01319226 0.0188405 0.025
v -0.01478412 0.01761902 0.025
v -0.01400142 0.01824719 0.02673555
v -0.01626346 0.01626346 0.025
v -0.01761902 0.01478412 0.025
v -0.01695737 0.01553859 0.02673543
v -0.0188405 0.01319226 0.025
v -0.01991858 0.0115 0.025
v -0.019398 0.01235789 0.0267355
v -0.02084508 0.00972022 0.025
v -0.02161293 0.007866463 0.025
v -0.02124925 0.00880167 0.02673556
v -0.02221629 0.005952838 0.025
v -0.02265058 0.003993908 0.025
v -0.02245481 0.004978081 0.02673579
v -0.02291248 0.002004582 0.025
v -0.023 2.377399e-16 0.025
v -0.02297811 0.001003266 0.02673591
v -0.02291248 -0.002004582 0.025
v -0.02265058 -0.003993908 0.025
v -0.02280324 -0.003002064 0.02673586
v -0.02221629 -0.005952838 0.025
v -0.02161293 -0.007866463 0.025
v -0.02193549 -0.006916248 0.02673595
v -0.02084508 -0.00972022 0.025
v -0.01991858 -0.0115 0.025
v -0.02040118 -0.01062035 0.02673601
v -0.0188405 -0.01319226 0.025
v -0.01761902 -0.01478412 0.025
v -0.01824705 -0.01400161 0.02673676
v -0.01626346 -0.01626346 0.025
v -0.01478412 -0.01761902 0.025
v -0.01553861 -0.01695734 0.02673658
v -0.01319226 -0.0188405 0.025
v -0.0115 -0.01991858 0.025
v -0.01235795 -0.01939796 0.02673644
v -0.00972022 -0.02084508 0.025
v -0.007866463 -0.02161293 0.025
v -0.008801869 -0.02124917 0.02673641
v -0.005952838 -0.02221629 0.025
v -0.003993908 -0.02265058 0.025
v -0.004978191 -0.02245479 0.02673608
v -0.002004582 -0.02291248 0.025
v -4.508124e-17 -0.023 0.025
v -0.001003257 -0.02297811 0.02673599
v 0.002004582 -0.02291248 0.025
v 0.003993908 -0.02265058 0.025
v 0.003002166 -0.02280322 0.02673604
v 0.005952838 -0.02221629 0.025
v 0.007866463 -0.02161293 0.025
v 0.006916129 -0.02193552 0.02673606
v 0.00972022 -0.02084508 0.025
v 0.0115 -0.01991858 0.025
v 0.01061872 -0.02040203 0.02673499
v 0.01319226 -0.0188405 0.025
v 0.01478412 -0.01761902 0.025
v 0.01399528 -0.01825191 0.0267299
v 0.01626346 -0.01626346 0.025
v 0.01761902 -0.01478412 0.025
v 0.01694371 -0.01555348 0.02671842
v 0.0188405 -0.01319226 0.025
v 0.01991858 -0.0115 0.025
v 0.01938074 -0.01238494 0.02671668
v 0.02084508 -0.00972022 0.025
v 0.02161293 -0.007866463 0.025
v 0.02123281 -0.008841266 0.02674468
v 0.02221629 -0.005952838 0.025
v 0.02265058 -0.003993908 0.025
v 0.02243822 -0.005052349 0.0267886
v 0.02293661 0.001706389 0.02763981
v 0.02292851 0.001812059 0.02969285
v 0.02292751 0.001824631 0.03171441
v 0.02293039 0.00178808 0.03372881
v 0.02293295 0.001754965 0.03572524
v 0.02293441 0.001735803 0.0377053
v 0.02293485 0.001729897 0.03967281
v 0.02293464 0.001732756 0.041631
v 0.02293426 0.001737669 0.04358208
v 0.02293435 0.001736519 0.04552588
v 0.02293561 0.001719799 0.04745885
v 0.0229386 0.001679452 0.0493767
v 0.02294273 0.001622098 0.05128302
v 0.02294282 0.001620806 0.05320336
v 0.02293692 0.001702314 0.05509279
v 0.02293396 -0.001741735 0.0376182
v 0.022931 -0.001780229 0.02974621
v 0.02293864 -0.001678983 0.03374043
v 0.02293469 -0.00173206 0.04151235
v 0.02293622 -0.001711632 0.04538212
v 0.02294097 -0.001646759 0.04922475
v 0.02293788 -0.001689219 0.05313386
v 0.01938578 0.01237705 0.02672206
v 0.02245904 0.004958983 0.02689265
v 0.02125302 0.008792564 0.02682939
v 0.01695022 0.01554638 0.02672998
v 0.01399998 0.0182483 0.02673541
v 0.01062012 0.0204013 0.02673593
v 0.006916233 0.02193549 0.02673588
v 0.003002123 0.02280323 0.02673609
v -0.001003177 0.02297811 0.02673605
v -0.004978069 0.02245482 0.02673597
v -0.008801608 0.02124928 0.02673596
v -0.01235779 0.01939807 0.02673576
v -0.01553852 0.01695743 0.0267356
v -0.01824713 0.01400151 0.02673568
v -0.02040127 0.01062018 0.02673567
v -0.02193552 0.006916148 0.02673585
v -0.02280323 0.003002088 0.02673599
v -0.02297811 -0.001003182 0.02673606
v -0.02245481 -0.004978084 0.02673608
v -0.0212492 -0.008801786 0.02673615
v -0.0193979 -0.01235805 0.02673637
v -0.01695738 -0.01553857 0.02673657
v -0.01400157 -0.01824708 0.02673627
v -0.01062031 -0.0204012 0.02673633
v -0.006916367 -0.02193545 0.026736
v -0.003002163 -0.02280322 0.02673587
v 0.001003258 -0.02297811 0.02673579
v 0.004978143 -0.0224548 0.02673592
v 0.00880128 -0.02124941 0.02673568
v 0.01235481 -0.01939996 0.02673319
v 0.01552915 -0.01696601 0.02672463
v 0.01823134 -0.01402207 0.02671439
v 0.02038441 -0.01065251 0.02672774
v 0.02192078 -0.006962706 0.02676506
v 0.02276334 -0.003290961 0.02666001
v 0.02294015 0.001658215 0.05680501
v 0.02274162 -0.003437847 0.04440766
v 0.02222832 0.005907775 0.05642393
v 0.0216106 0.007872851 0.05639885
v 0.02084472 0.00972099 0.05635339
v 0.01992341 0.01149163 0.05635846
v 0.01884876 0.01318045 0.05640821
v 0.01762533 0.0147766 0.05647007
v 0.01626489 0.01626202 0.05651453
v 0.01478154 0.01762119 0.05653468
v 0.01318872 0.01884298 0.05653784
v 0.0114978 0.01991985 0.05653465
v 0.009719693 0.02084532 0.05653161
v 0.007866854 0.02161279 0.05653031
v 0.005953403 0.02221614 0.0565302
v 0.003994315 0.02265051 0.05653048
v 0.002004801 0.02291246 0.05653074
v 9.812876e-08 0.023 0.05653088
v -0.002004549 0.02291248 0.05653093
v -0.003993915 0.02265058 0.05653091
v -0.005952876 0.02221628 0.05653087
v -0.007866526 0.02161291 0.0565308
v -0.009720296 0.02084504 0.0565307
v -0.01150007 0.01991854 0.0565306
v -0.01319231 0.01884046 0.0565305
v -0.01478413 0.01761901 0.05653043
v -0.01626343 0.01626348 0.0565304
v -0.01761897 0.01478418 0.05653043
v -0.01884043 0.01319235 0.05653049
v -0.01991852 0.01150012 0.05653059
v -0.02084502 0.009720336 0.0565307
v -0.02161289 0.007866563 0.05653078
v -0.02221627 0.005952912 0.05653084
v -0.02265057 0.00399396 0.05653087
v -0.02291247 0.002004623 0.05653087
v -0.023 4.690637e-08 0.05653086
v -0.02291248 -0.002004515 0.05653085
v -0.0226506 -0.003993812 0.05653087
v -0.02221633 -0.005952712 0.05653092
v -0.02161298 -0.007866314 0.05653102
v -0.02084515 -0.009720063 0.05653115
v -0.01991867 -0.01149986 0.05653131
v -0.01884057 -0.01319215 0.05653147
v -0.01761906 -0.01478406 0.05653159
v -0.01626344 -0.01626347 0.05653164
v -0.01478404 -0.01761908 0.0565316
v -0.01319213 -0.01884058 0.05653147
v -0.01149986 -0.01991867 0.0565313
v -0.009720098 -0.02084514 0.05653113
v -0.007866386 -0.02161296 0.05653098
v -0.005952812 -0.0222163 0.05653089
v -0.003993924 -0.02265058 0.05653085
v -0.002004625 -0.02291247 0.05653085
v -6.187061e-08 -0.023 0.05653087
v 0.002004492 -0.02291249 0.05653089
v 0.003993751 -0.02265061 0.05653092
v 0.005952525 -0.02221638 0.05653095
v 0.007865822 -0.02161316 0.056531
v 0.00971895 -0.02084567 0.05653108
v 0.0114976 -0.01991997 0.05653121
v 0.01318794 -0.01884352 0.05653134
v 0.01477665 -0.01762528 0.05653138
v 0.01625104 -0.01627586 0.05653126
v 0.01759926 -0.01480764 0.05653135
v 0.01881087 -0.01323447 0.05653282
v 0.01987809 -0.01156986 0.05653701
v 0.02079719 -0.009822272 0.05654108
v 0.02156913 -0.007985786 0.05652632
v 0.02219761 -0.006022139 0.05644174
v 0.02268856 -0.003772155 0.05623899
v 0.02275108 -0.003374663 0.03079668
v 0.0227399 -0.003449194 0.04247679
v 0.02273626 -0.003473105 0.03857411
v 0.02268353 -0.003802276 0.0286608
v 0.02081602 0.009782288 0.02852038
v 0.02275693 -0.003334997 0.0482095
v 0.02274427 -0.003420249 0.03467287
v 0.02276889 -0.003252348 0.05203033
v 0.02273837 -0.003459282 0.04053186
v 0.02161245 0.007867796 0.02876424
v 0.02274645 -0.003405708 0.0463202
v 0.01625596 0.01627095 0.02846733
v 0.01760235 0.01480396 0.02845777
v 0.02228974 0.005671643 0.02917436
v 0.0188139 0.01323016 0.02844382
v 0.02276567 -0.00327478 0.03278065
v 0.02270904 0.003646834 0.05625346
v 0.01149982 0.01991869 0.02847219
v 0.00786651 0.02161291 0.02847193
v 0.00399399 0.02265056 0.02847211
v 9.925521e-08 0.023 0.02847226
v -0.00399377 0.0226506 0.02847178
v -0.007866274 0.021613 0.02847214
v -0.01149976 0.01991872 0.02847149
v -0.01478397 0.01761914 0.02847135
v -0.01761897 0.01478417 0.02847136
v -0.01991859 0.01149998 0.02847125
v -0.02161298 0.007866327 0.02847145
v -0.02265058 0.003993873 0.02847194
v -0.023 1.072952e-07 0.02847239
v -0.0226506 -0.003993798 0.02847224
v -0.02161291 -0.007866529 0.02847241
v -0.01991842 -0.01150029 0.02847255
v -0.01761895 -0.0147842 0.02847392
v -0.01478418 -0.01761897 0.02847311
v -0.01150018 -0.01991848 0.02847308
v -0.007866737 -0.02161283 0.02847267
v -0.003994057 -0.02265055 0.02847234
v 3.403799e-08 -0.023 0.02847206
v 0.003994069 -0.02265055 0.0284724
v 0.007866231 -0.02161301 0.02847242
v 0.0114968 -0.01992043 0.02846974
v 0.01477078 -0.0176302 0.02845737
v 0.01758929 -0.01481948 0.02843185
v 0.01988158 -0.01156386 0.02843901
v 0.02157879 -0.007959641 0.02850771
v 0.02272317 0.003557739 0.02848414
v 0.0131912 0.01884124 0.02847225
v 0.02273532 -0.003479229 0.0366098
v 0.02270463 0.00367419 0.0305735
v 0.02271843 0.003587902 0.03270242
v 0.02273071 0.00350922 0.03476967
v 0.02273819 0.003460456 0.03679198
v 0.02274104 0.003441673 0.03878592
v 0.02274039 0.003445988 0.04076102
v 0.02273815 0.003460735 0.04272484
v 0.02273646 0.003471785 0.04468158
v 0.02273784 0.003462775 0.0466271
v 0.02274538 0.003412843 0.04854788
v 0.022761 0.003307098 0.0504268
v 0.02278091 0.003167013 0.05226174
v 0.02276607 0.003272005 0.05417725
v 0.02277014 -0.003243551 0.05009512
v 0.01478088 0.01762173 0.02847123
v 0.009720314 0.02084504 0.02847214
v 0.02274098 -0.003442084 0.05402647
v 0.01988335 0.01156082 0.02843693
v 0.005952866 0.02221629 0.02847214
v 0.002004681 0.02291247 0.02847244
v -0.002004437 0.02291249 0.02847213
v -0.005952731 0.02221632 0.02847225
v -0.009720011 0.02084518 0.02847191
v -0.01319207 0.01884063 0.02847169
v -0.01626342 0.0162635 0.02847112
v -0.01884051 0.01319224 0.02847156
v -0.02084511 0.00972015 0.02847154
v -0.02221632 0.005952736 0.02847213
v -0.02291247 0.002004626 0.02847219
v -0.02291249 -0.002004467 0.02847202
v -0.02221631 -0.005952775 0.02847227
v -0.02084498 -0.009720432 0.02847231
v -0.01884034 -0.01319249 0.02847348
v -0.01626349 -0.01626342 0.02847341
v -0.01319238 -0.01884041 0.02847285
v -0.009720459 -0.02084497 0.02847326
v -0.005953022 -0.02221624 0.02847214
v -0.002004634 -0.02291247 0.02847202
v 0.00200462 -0.02291247 0.0284719
v 0.005952923 -0.02221627 0.02847218
v 0.009719242 -0.02084554 0.02847151
v 0.01318446 -0.01884595 0.02846549
v 0.01624073 -0.01628615 0.02844481
v 0.01880437 -0.0132437 0.02842587
v 0.02080807 -0.009799205 0.02847129
v 0.02219707 -0.006024111 0.02854269
v 0.02252061 -0.004671425 0.03191058
v 0.02124548 0.008810756 0.05451601
v 0.02040898 0.01060536 0.05446588
v 0.01940986 0.01233927 0.05452861
v 0.01825267 0.01399429 0.05465315
v 0.0169543 0.01554193 0.05475239
v 0.01552925 0.01696592 0.05480199
v 0.01399184 0.01825455 0.05481172
v 0.01235233 0.01940155 0.05480485
v 0.01061886 0.02040196 0.05479766
v 0.008802581 0.02124887 0.05479433
v 0.006917537 0.02193508 0.05479378
v 0.004979063 0.0224546 0.05479427
v 0.003002623 0.02280316 0.05479482
v 0.001003493 0.0229781 0.05479514
v -0.001003135 0.02297811 0.05479526
v -0.003002067 0.02280324 0.05479528
v -0.004978131 0.0224548 0.05479523
v -0.006916304 0.02193547 0.05479513
v -0.008801828 0.02124918 0.05479499
v -0.01062034 0.02040118 0.05479481
v -0.012358 0.01939793 0.05479462
v -0.01400158 0.01824708 0.05479446
v -0.01553858 0.01695738 0.05479437
v -0.01695732 0.01553864 0.05479436
v -0.01824702 0.01400165 0.05479444
v -0.01939789 0.01235808 0.05479459
v -0.02040114 0.01062042 0.05479478
v -0.02124915 0.008801912 0.05479495
v -0.02193544 0.00691639 0.05479509
v -0.02245478 0.004978225 0.05479516
v -0.02280322 0.003002185 0.05479518
v -0.02297811 0.001003322 0.05479516
v -0.02297811 -0.001003148 0.05479513
v -0.02280325 -0.003001963 0.05479513
v -0.02245485 -0.004977921 0.05479518
v -0.02193556 -0.006915998 0.0547953
v -0.02124934 -0.008801456 0.05479549
v -0.02040139 -0.01061996 0.05479575
v -0.01939815 -0.01235767 0.05479605
v -0.01824724 -0.01400137 0.05479632
v -0.01695742 -0.01553853 0.05479649
v -0.01553851 -0.01695744 0.0547965
v -0.01400135 -0.01824725 0.05479635
v -0.01235766 -0.01939815 0.05479607
v -0.01061999 -0.02040137 0.05479575
v -0.008801551 -0.0212493 0.05479545
v -0.006916152 -0.02193552 0.05479525
v -0.004978111 -0.02245481 0.05479514
v -0.003002158 -0.02280322 0.05479512
v -0.001003329 -0.02297811 0.05479514
v 0.001003147 -0.02297811 0.05479518
v 0.003001967 -0.02280325 0.05479522
v 0.004977866 -0.02245486 0.05479524
v 0.006915717 -0.02193565 0.05479526
v 0.008800621 -0.02124968 0.05479529
v 0.010618 -0.0204024 0.05479536
v 0.01235367 -0.01940069 0.05479543
v 0.01399393 -0.01825294 0.05479535
v 0.01552557 -0.01696928 0.05479472
v 0.0169359 -0.01556198 0.05479315
v 0.01821284 -0.01404609 0.05479141
v 0.01934588 -0.01243934 0.05479264
v 0.02032778 -0.01076017 0.05480207
v 0.02115721 -0.009020663 0.0548182
v 0.02183974 -0.007212897 0.05480409
v 0.02237964 -0.005305837 0.0546159
v 0.0224169 -0.005146124 0.04345396
v -0.02040103 -0.01062063 0.03021015
v 0.02241506 -0.005154151 0.04151392
v -0.0212493 0.008801559 0.0302084
v 0.02031239 0.01078919 0.03011278
v 0.02239922 -0.005222553 0.03553776
v 0.02114979 0.009038042 0.03032888
v 0.0169448 0.0155523 0.03020156
v 0.02243232 -0.005078486 0.04727447
v 0.02239349 -0.005247062 0.03030226
v 0.02235564 0.005406051 0.03166571
v 0.01062071 0.02040099 0.03020967
v 0.02182973 0.007243115 0.0308497
v 0.01821869 0.0140385 0.03018222
v 0.02243759 -0.005055167 0.0336024
v 0.02248226 -0.004852628 0.05278446
v 0.00691642 0.02193543 0.03020969
v 0.00300226 0.02280321 0.0302101
v -0.001003029 0.02297812 0.03021022
v -0.004977913 0.02245485 0.03020935
v -0.008801419 0.02124935 0.03020968
v -0.0123575 0.01939825 0.03020872
v -0.01553845 0.01695749 0.03020815
v -0.01824707 0.01400158 0.03020832
v -0.02040127 0.01062017 0.03020855
v 0.01934739 0.01243699 0.03015301
v -0.02245483 0.004978016 0.03020973
v -0.0229781 0.001003424 0.03020988
v -0.02280326 -0.003001856 0.03020995
v -0.0219355 -0.006916208 0.0302098
v -0.02124914 -0.00880194 0.03020984
v -0.008802106 -0.02124907 0.03021136
v 0.02242397 0.005115224 0.05469719
v -0.0169573 -0.01553866 0.03021229
v -0.01400166 -0.01824701 0.03021142
v 0.0218699 -0.007120933 0.03028928
v -0.01062059 -0.02040105 0.0302114
v -0.01824696 -0.01400173 0.03021274
v -0.004978335 -0.02245476 0.03021019
v -0.001003291 -0.02297811 0.03020959
v 0.00300224 -0.02280321 0.03020953
v 0.006916452 -0.02193542 0.0302101
v 0.01061849 -0.02040215 0.03020867
v 0.01398859 -0.01825704 0.03019688
v 0.01691684 -0.0155827 0.03015774
v 0.01933514 -0.01245602 0.03013114
v 0.02241918 -0.005136193 0.04538155
v -0.01235818 -0.01939782 0.03021141
v 0.008802038 0.0212491 0.03020911
v 0.01235822 0.01939779 0.03021026
v 0.02241214 -0.005166823 0.03955618
v 0.02239148 0.00525561 0.03382984
v 0.02241235 0.005165921 0.03589187
v 0.02242221 0.005122931 0.03790988
v 0.02242174 0.005125007 0.0399002
v 0.02241554 0.005152024 0.04187598
v 0.02240863 0.005182019 0.04385075
v 0.02240509 0.005197287 0.04582818
v 0.02241154 0.005169417 0.04779365
v 0.02243708 0.005057393 0.04971219
v 0.02248409 0.004844136 0.05152736
v 0.02254811 0.00453683 0.053134
v -0.01553864 -0.01695732 0.03021143
v 0.02250764 -0.004733499 0.05092075
v 0.02118626 -0.008952237 0.03024438
v 0.01400052 0.01824789 0.03021101
v 0.02246655 -0.004924845 0.04911659
v -0.01400124 0.01824733 0.03020882
v -0.006915963 0.02193558 0.03021009
v 0.02240563 -0.005194976 0.03756398
v 0.0155344 0.01696121 0.030209
v 0.001003425 0.0229781 0.03020986
v 0.02191341 0.006985882 0.05464646
v 0.004978338 0.02245476 0.03021032
v -0.003001866 0.02280326 0.0302096
v -0.01061985 0.02040144 0.03020939
v -0.0169573 0.01553866 0.03020882
v -0.01939804 0.01235783 0.03020881
v -0.02193553 0.006916091 0.0302095
v -0.02280323 0.003002131 0.03021001
v -0.02297812 -0.001002998 0.03020996
v -0.02245486 -0.004977894 0.03021023
v -0.01939776 -0.01235828 0.03021164
v -0.003002249 -0.02280321 0.03020945
v -0.006916608 -0.02193537 0.03021005
v 0.001003311 -0.02297811 0.03020999
v 0.004978467 -0.02245473 0.0302104
v 0.008801396 -0.02124936 0.03021034
v 0.01235165 -0.01940198 0.03020532
v 0.01551339 -0.01698042 0.03018158
v 0.01819235 -0.01407261 0.03013451
v 0.02033802 -0.01074082 0.030171
v -0.02161299 0.0078663 0.03194887
v 0.01994362 0.01145653 0.05252
v 0.01883879 0.0131947 0.05275259
v 0.01759894 0.01480802 0.05295688
v 0.01623523 0.01629164 0.05307035
v 0.01475886 0.01764019 0.05309579
v 0.01317899 0.01884978 0.0530804
v 0.01149707 0.01992028 0.0530643
v 0.009722333 0.02084409 0.05305658
v 0.007869496 0.02161183 0.05305492
v 0.005955032 0.02221571 0.05305565
v 0.0039951 0.02265037 0.05305667
v 0.002005151 0.02291243 0.05305733
v 2.763036e-07 0.023 0.05305763
v -0.002004443 0.02291249 0.05305771
v -0.003993861 0.02265059 0.05305768
v -0.005952877 0.02221628 0.05305757
v -0.007866583 0.02161289 0.05305737
v -0.009720399 0.020845 0.05305711
v -0.01150019 0.01991847 0.05305679
v -0.01319241 0.01884039 0.05305648
v -0.01478418 0.01761897 0.05305625
v -0.01626342 0.01626349 0.05305614
v -0.01761889 0.01478427 0.05305619
v -0.01884032 0.01319251 0.05305639
v -0.0199184 0.01150032 0.05305669
v -0.02084492 0.009720559 0.05305701
v -0.02161282 0.007866766 0.05305728
v -0.02221623 0.005953074 0.05305746
v -0.02265055 0.003994079 0.05305753
v -0.02291247 0.002004718 0.05305751
v -0.023 1.447477e-07 0.05305745
v -0.0229125 -0.002004386 0.05305741
v -0.02265063 -0.003993637 0.05305743
v -0.02221639 -0.00595249 0.05305754
v -0.02161308 -0.007866057 0.05305778
v -0.02084528 -0.00971979 0.05305815
v -0.01991882 -0.01149959 0.05305863
v -0.01884072 -0.01319194 0.05305913
v -0.01761917 -0.01478394 0.05305954
v -0.01626346 -0.01626345 0.05305973
v -0.01478395 -0.01761916 0.05305962
v -0.01319194 -0.01884072 0.05305924
v -0.01149963 -0.0199188 0.05305871
v -0.009719897 -0.02084523 0.05305816
v -0.007866267 -0.021613 0.05305774
v -0.005952787 -0.02221631 0.05305749
v -0.00399397 -0.02265057 0.0530574
v -0.002004701 -0.02291247 0.05305742
v -1.324212e-07 -0.023 0.05305748
v 0.00200445 -0.02291249 0.05305755
v 0.003993742 -0.02265061 0.05305758
v 0.005952521 -0.02221638 0.05305758
v 0.007865729 -0.0216132 0.05305754
v 0.009718558 -0.02084585 0.05305751
v 0.01149653 -0.01992059 0.0530575
v 0.0131856 -0.01884516 0.05305743
v 0.01477225 -0.01762897 0.05305688
v 0.01624351 -0.01628338 0.05305469
v 0.01758676 -0.01482248 0.05304947
v 0.01878937 -0.01326497 0.05304276
v 0.01984011 -0.01163486 0.05304202
v 0.02073056 -0.009962126 0.05306373
v 0.02145983 -0.008275017 0.05311644
v 0.02204 -0.006575576 0.05314821
v 0.009720144 -0.02084511 0.03195105
v -0.02221636 -0.005952602 0.03194999
v 0.017604 0.014802 0.03193473
v -0.02265057 0.003993966 0.03195046
v -0.01991864 0.0114999 0.03194867
v -0.01761893 0.01478423 0.03194873
v 0.01875075 -0.01331951 0.03181564
v 0.02211744 -0.006310213 0.03208344
v 0.02074926 -0.009923121 0.03192846
v 0.02065847 0.01011077 0.03165388
v 0.005953378 0.02221615 0.03195092
v -0.009719651 0.02084534 0.03195008
v -0.02265066 -0.003993458 0.03195074
v -0.003994072 -0.02265055 0.03195059
v 0.0219126 0.006988419 0.03298514
v 0.02196531 -0.006820939 0.04250773
v 0.002004922 0.02291245 0.03195105
v 0.01150154 0.0199177 0.03195039
v 0.02188638 -0.0070701 0.03419637
v 0.02162922 0.007821573 0.0527229
v 0.02088217 0.009640286 0.05248659
v -0.005952461 0.02221639 0.03195045
v -0.002004247 0.02291251 0.03195034
v 3.096397e-07 0.023 0.03195062
v -0.007866057 0.02161308 0.03195001
v -0.01478384 0.01761925 0.03194783
v -0.01626327 0.01626364 0.03194836
v -0.003993534 0.02265064 0.03194954
v -0.02291252 -0.002004089 0.03195025
v 0.003994279 0.02265051 0.03195046
v 0.01880678 0.01324028 0.03189891
v -0.01991827 -0.01150054 0.03195236
v -0.02221632 0.005952738 0.03194983
v -0.0188405 0.01319225 0.03194785
v -0.023 3.638661e-07 0.03195084
v 0.02196024 -0.006837248 0.03859875
v 0.02219547 -0.006030036 0.05167812
v -0.01319178 0.01884083 0.03194852
v -0.007867023 -0.02161273 0.03195194
v -0.00972082 -0.0208448 0.03195243
v -0.01761878 -0.0147844 0.03195435
v 0.01318329 -0.01884677 0.03194257
v -7.586194e-08 -0.023 0.03195001
v 0.003994322 -0.02265051 0.03195
v 0.007867068 -0.02161271 0.03195099
v -0.0188402 -0.01319268 0.03195436
v 0.01149782 -0.01991984 0.03194838
v -0.005953264 -0.02221618 0.03195014
v 0.01982001 -0.01166907 0.03182548
v 0.01755061 -0.01486526 0.03185608
v 0.01478441 0.01761877 0.03195369
v 0.01622172 -0.01630509 0.03189961
v -0.01150055 -0.01991827 0.03195276
v 0.02196352 -0.006826683 0.04056704
v -0.01319262 -0.01884024 0.03195294
v 0.02195514 0.006853607 0.03503691
v 0.0219833 0.00676274 0.03706012
v 0.02198616 0.006753416 0.03905478
v 0.02197296 0.006796257 0.04103093
v 0.0219569 0.006847973 0.0430142
v 0.02194327 0.006891516 0.04502377
v 0.02193762 0.00690947 0.04706297
v 0.02196054 0.006836279 0.04910195
v 0.02204005 0.006575418 0.05108791
v 0.02152442 -0.008105524 0.03209174
v 0.01319388 0.01883936 0.0319517
v 0.021961 -0.006834789 0.04640759
v 0.01625855 0.01626836 0.03195059
v -0.02084514 0.009720085 0.03194793
v 0.02217844 0.006092341 0.05297016
v -0.02161289 -0.007866572 0.03194991
v 0.009721367 0.02084454 0.03194975
v 0.02196764 -0.006813425 0.04444619
v 0.02130364 0.008669186 0.03230628
v 0.02194104 -0.006898592 0.03653681
v -0.0114994 0.01991893 0.03194963
v 0.01984817 0.0116211 0.03184924
v -0.02291246 0.002004798 0.03195117
v -0.0147843 -0.01761886 0.03195281
v -0.002004742 -0.02291246 0.0319497
v 0.002004736 -0.02291246 0.03195034
v 0.005953513 -0.02221611 0.03195155
v 0.01476116 -0.01763826 0.03192768
v 0.02199768 -0.006715794 0.0483056
v 0.007867142 0.02161268 0.0319494
v -0.01626339 -0.01626353 0.03195385
v 0.02209738 -0.006380112 0.05010103
v -0.02084489 -0.009720633 0.0319503
v 0.02140697 0.008410803 0.05064108
v 0.01550707 -0.01698619 0.03365752
v -0.02297809 0.001003766 0.03369588
v 0.01817388 0.01409645 0.0510975
v 0.01688203 0.01562041 0.05134054
v 0.01547607 0.01701444 0.05140533
v 0.01397277 0.01826914 0.05136783
v 0.01235328 0.01940094 0.05133296
v 0.01062605 0.02039821 0.05131649
v 0.008808898 0.02124625 0.0513124
v 0.006921248 0.02193391 0.05131328
v 0.00498078 0.02245422 0.05131505
v 0.003003343 0.02280307 0.0513163
v 0.001003846 0.02297808 0.05131691
v -0.001002905 0.02297812 0.05131713
v -0.003001903 0.02280326 0.05131715
v -0.00497804 0.02245482 0.05131704
v -0.0069163 0.02193547 0.05131682
v -0.008801915 0.02124915 0.05131647
v -0.0106205 0.0204011 0.05131599
v -0.01235817 0.01939783 0.05131546
v -0.0140017 0.01824698 0.05131498
v -0.01553861 0.01695734 0.05131467
v -0.01695726 0.0155387 0.0513146
v -0.01824689 0.01400182 0.0513148
v -0.01939771 0.01235835 0.05131521
v -0.02040097 0.01062075 0.05131574
v -0.02124901 0.008802246 0.05131625
v -0.02193535 0.006916684 0.05131664
v -0.02245473 0.004978455 0.05131684
v -0.0228032 0.003002361 0.05131686
v -0.0229781 0.001003478 0.05131677
v -0.02297812 -0.001002968 0.05131665
v -0.02280328 -0.003001724 0.0513166
v -0.02245492 -0.004977613 0.05131667
v -0.02193568 -0.006915633 0.05131693
v -0.0212495 -0.008801059 0.05131739
v -0.02040159 -0.01061956 0.05131806
v -0.01939838 -0.01235731 0.05131888
v -0.01824745 -0.0140011 0.05131968
v -0.01695754 -0.0155384 0.05132024
v -0.01553848 -0.01695746 0.05132035
v -0.01400116 -0.0182474 0.05131995
v -0.01235736 -0.01939834 0.05131916
v -0.01061967 -0.02040153 0.05131823
v -0.008801318 -0.0212494 0.05131741
v -0.006916063 -0.02193554 0.05131687
v -0.004978151 -0.0224548 0.05131662
v -0.003002271 -0.02280321 0.0513166
v -0.001003453 -0.0229781 0.05131669
v 0.001003064 -0.02297812 0.05131682
v 0.003001966 -0.02280325 0.0513169
v 0.004977975 -0.02245484 0.05131691
v 0.006915926 -0.02193559 0.05131683
v 0.008800833 -0.0212496 0.05131665
v 0.01061796 -0.02040243 0.05131645
v 0.01235289 -0.01940119 0.05131629
v 0.01399171 -0.01825465 0.0513161
v 0.01552129 -0.0169732 0.05131502
v 0.01692955 -0.01556889 0.05131023
v 0.01820479 -0.01405652 0.0512972
v 0.0193338 -0.0124581 0.05128028
v 0.02030596 -0.0108013 0.05127394
v 0.02110785 -0.009135581 0.05132555
v 0.02173777 -0.007514607 0.05148278
v 0.01399006 -0.01825591 0.033683
v 0.01938834 0.01237304 0.03358114
v 0.02050157 0.01042525 0.05011129
v -0.006916832 -0.0219353 0.03369569
v 0.02133589 -0.008589516 0.03571206
v -0.01824711 0.01400153 0.03369162
v 0.00691754 -0.02193508 0.03369708
v 0.02050178 0.01042483 0.03352397
v 0.02139335 -0.008445382 0.043499
v -0.02245493 -0.004977558 0.03369447
v -0.01939761 -0.01235852 0.03369986
v 0.0106216 -0.02040053 0.03369542
v -0.01695715 0.01553882 0.03369249
v 0.01814447 -0.01413429 0.03352901
v -0.01061944 0.02040166 0.0336942
v 0.001003688 0.02297809 0.03369534
v -0.02280318 0.003002503 0.0336955
v -0.008802551 -0.02124888 0.03369767
v 0.02138937 -0.008455451 0.03966747
v 0.004978885 -0.02245464 0.03369577
v -0.014001 0.01824752 0.03369185
v 0.01935789 0.01242063 0.0506956
v -0.003002286 -0.02280321 0.03369527
v -0.01553823 0.0169577 0.03369193
v 0.001003222 -0.02297811 0.03369428
v 0.003002469 -0.02280318 0.03369401
v -0.01235712 0.0193985 0.03369241
v 0.0123564 -0.01939895 0.03369231
v -0.004978473 -0.02245473 0.03369433
v 0.01689541 -0.01560593 0.03360752
v -0.01062111 -0.02040078 0.03369819
v 0.02138618 -0.008463532 0.04157657
v -0.01235863 -0.01939754 0.03369901
v 0.02135081 0.008552356 0.03425672
v 0.02142746 0.008358475 0.03625515
v 0.02144644 0.008309646 0.03822734
v 0.02141943 0.008379031 0.040177
v 0.02138796 0.008459019 0.04214298
v 0.02136182 0.008524831 0.04415872
v 0.02133845 0.008583143 0.04624864
v 0.02132405 0.008618872 0.04843731
v 0.008803335 -0.02124856 0.03369629
v -0.02280333 -0.003001334 0.03369508
v 0.018235 0.01401731 0.03365896
v -0.003001489 0.02280331 0.03369484
v -0.02040132 0.01062009 0.03369209
v 0.0140065 0.0182433 0.0336981
v 0.004979061 0.0224546 0.03369608
v 0.02140301 -0.008420879 0.04543847
v -0.006915655 0.02193567 0.03369504
v 0.02139357 -0.008444836 0.03772926
v 0.02111602 -0.009116678 0.03375479
v -0.008800939 0.02124955 0.03369543
v 0.01925766 -0.01257548 0.03345309
v -0.004977514 0.02245494 0.03369407
v 0.003002814 0.02280314 0.03369554
v -0.02245477 0.004978262 0.0336948
v -0.02193551 0.006916179 0.03369368
v -0.02297814 -0.001002545 0.03369613
v -0.01400192 -0.01824681 0.033699
v -0.02124929 0.008801566 0.03369196
v 0.01062342 0.02039958 0.03369484
v -0.01939808 0.01235777 0.03369183
v -0.001003412 -0.0229781 0.03369455
v -0.01824671 -0.01400205 0.03370081
v 0.0202501 -0.01090566 0.03350265
v 0.006917635 0.02193505 0.03369471
v 0.01554365 0.01695272 0.03370384
v 0.01695665 0.01553937 0.03369868
v 0.01236204 0.01939536 0.03369548
v -0.02040097 -0.01062076 0.03369665
v -0.02193557 -0.006915983 0.03369363
v -0.001002787 0.02297813 0.03369539
v -0.0169571 -0.01553888 0.03370088
v 0.02130702 -0.008660872 0.04761599
v -0.01478354 0.01761951 0.03544085
v 0.01985679 0.01160637 0.03520917
v 0.01612724 0.01639854 0.04978207
v 0.01473372 0.01766119 0.04968002
v 0.0131913 0.01884117 0.04960608
v 0.0115172 0.01990865 0.04957375
v 0.009737275 0.02083712 0.04956515
v 0.00787769 0.02160884 0.0495658
v 0.005958635 0.02221474 0.04956851
v 0.003996498 0.02265012 0.04957062
v 0.002005776 0.02291237 0.04957174
v 6.908084e-07 0.023 0.04957221
v -0.002004106 0.02291252 0.04957232
v -0.003993602 0.02265063 0.04957226
v -0.005952727 0.02221632 0.04957205
v -0.007866572 0.02161289 0.04957164
v -0.009720526 0.02084494 0.049571
v -0.01150041 0.01991835 0.04957019
v -0.01319263 0.01884024 0.04956934
v -0.01478431 0.01761886 0.04956866
v -0.01626342 0.01626349 0.04956831
v -0.01761877 0.01478441 0.04956839
v -0.01884011 0.01319281 0.04956887
v -0.01991816 0.01150074 0.04956965
v -0.0208447 0.009721038 0.04957051
v -0.02161265 0.007867234 0.04957126
v -0.02221612 0.005953476 0.04957173
v -0.02265049 0.003994399 0.0495719
v -0.02291244 0.002004982 0.04957181
v -0.023 4.100317e-07 0.04957159
v -0.02291252 -0.002004059 0.04957141
v -0.0226507 -0.003993216 0.04957138
v -0.02221652 -0.005951983 0.0495716
v -0.02161328 -0.007865501 0.04957211
v -0.02084554 -0.009719227 0.04957295
v -0.01991912 -0.01149906 0.04957412
v -0.01884103 -0.01319149 0.04957547
v -0.01761942 -0.01478364 0.04957665
v -0.01626356 -0.01626335 0.04957728
v -0.01478382 -0.01761927 0.04957709
v -0.01319161 -0.01884095 0.0495761
v -0.0114992 -0.01991905 0.04957465
v -0.00971952 -0.02084541 0.04957318
v -0.007866067 -0.02161307 0.04957209
v -0.005952791 -0.02221631 0.04957151
v -0.003994118 -0.02265054 0.04957136
v -0.002004903 -0.02291245 0.04957147
v -3.063193e-07 -0.023 0.04957168
v 0.002004377 -0.0229125 0.04957187
v 0.003993851 -0.02265059 0.04957196
v 0.005952894 -0.02221628 0.04957189
v 0.007866411 -0.02161295 0.04957161
v 0.009719483 -0.02084542 0.04957114
v 0.01149739 -0.01992009 0.0495706
v 0.01318568 -0.0188451 0.04957022
v 0.01477048 -0.01763045 0.04957029
v 0.01623942 -0.01628745 0.04956982
v 0.01758295 -0.01482699 0.04956241
v 0.01879335 -0.01325934 0.04953286
v 0.01985559 -0.01160843 0.04950263
v 0.02077596 -0.009867087 0.04948268
v 0.02152541 -0.008102893 0.04965626
v 0.0205835 0.01026253 0.04748109
v -0.01991863 0.01149992 0.03544185
v 0.007869223 -0.02161193 0.0354474
v 0.01150563 -0.01991533 0.03544634
v 0.02070955 -0.01000573 0.04447684
v 0.02067154 -0.01008401 0.04068289
v -0.02291257 -0.002003513 0.03544578
v 0.02074042 -0.009941579 0.03699958
v 0.02059495 -0.01023953 0.03517649
v 0.01623357 -0.01629329 0.03538695
v -0.01761893 0.01478423 0.03544029
v -0.007867344 -0.02161261 0.03544714
v -0.002004822 -0.02291246 0.03544511
v 0.01477708 -0.01762492 0.03542715
v -0.01884001 -0.01319295 0.03545315
v 0.008803821 0.02124836 0.0336939
v -0.023 9.738291e-07 0.03544678
v 7.442185e-07 0.023 0.03544589
v -0.01626308 0.01626383 0.03544135
v 0.02070383 -0.01001755 0.03882655
v -0.02124916 -0.008801891 0.03369467
v -0.003994241 -0.02265052 0.03544503
v -0.01884058 0.01319214 0.03543993
v -0.00972141 -0.02084452 0.03544875
v 0.005954348 -0.02221589 0.03544772
v 0.02068798 -0.01005026 0.04256918
v -0.0115011 -0.01991795 0.03545067
v -0.0229124 0.002005515 0.03544609
v 0.02082749 0.009757852 0.037443
v -0.0155386 -0.01695735 0.03370021
v 0.02076806 0.009883704 0.03929665
v 0.020708 0.01000894 0.04120011
v 0.02066498 0.01009745 0.04319222
v 0.02063107 0.01016655 0.04527001
v 0.009724691 -0.02084299 0.0354463
v 0.01762686 0.01477477 0.03545902
v 0.01319524 -0.01883841 0.03544239
v 0.0207459 0.009930139 0.03550874
v 0.003995345 0.02265032 0.03544678
v 0.01742809 0.01500873 0.04959979
v -0.01991825 -0.01150057 0.03544962
v 0.01628121 0.01624568 0.03547047
v -0.02084512 0.009720128 0.03544109
v 0.02076414 -0.009891934 0.04622094
v -0.009719271 0.02084552 0.03544452
v -0.007865508 0.02161328 0.03544615
v 0.003994471 -0.02265048 0.03544542
v 0.01966466 0.011929 0.04847509
v -0.02265076 -0.003992897 0.03544475
v -0.01319309 -0.01883992 0.03545212
v 0.005954964 0.02221572 0.03544564
v -0.005951918 0.02221654 0.03544509
v 0.01870086 -0.01338947 0.03515543
v 0.002005474 0.0229124 0.03544511
v -0.005953305 -0.02221617 0.03544503
v -0.02265047 0.003994519 0.03544574
v -0.02221622 0.005953133 0.03544463
v 0.01881585 0.01322738 0.03535595
v -0.0176185 -0.01478473 0.03545388
v 0.009726392 0.0208422 0.03544592
v -0.02161292 0.007866499 0.03544286
v -0.002003715 0.02291255 0.03544652
v -1.383211e-07 -0.023 0.03544455
v 0.01858324 0.01355224 0.04910748
v -0.003992997 0.02265074 0.03544452
v -0.0131914 0.0188411 0.03544086
v 0.01320247 0.01883334 0.0354459
v 0.002004658 -0.02291247 0.03544371
v 0.01754639 -0.01487024 0.03530085
v 0.01479651 0.01760861 0.03545096
v 0.01150827 0.01991381 0.03544564
v -0.0222165 -0.005952088 0.03544411
v 0.01667894 0.01583707 0.048325
v 0.01404327 0.01821501 0.04788473
v 0.01240862 0.01936559 0.04782909
v 0.01065966 0.02038067 0.04781315
v 0.008825702 0.02123928 0.04781228
v 0.006928165 0.02193172 0.04781571
v 0.004983237 0.02245367 0.04781876
v 0.003004313 0.02280294 0.04782055
v 0.001004477 0.02297806 0.0478214
v -0.001002339 0.02297815 0.04782169
v -0.003001401 0.02280332 0.04782171
v -0.004977645 0.02245491 0.04782155
v -0.006916068 0.02193554 0.04782117
v -0.00880189 0.02124916 0.04782045
v -0.01062067 0.02040102 0.04781934
v -0.01235844 0.01939766 0.047818
v -0.01400193 0.0182468 0.04781674
v -0.01553871 0.01695725 0.04781588
v -0.0169572 0.01553877 0.04781563
v -0.0182467 0.01400207 0.04781605
v -0.01939744 0.01235878 0.04781703
v -0.02040067 0.01062132 0.04781833
v -0.02124875 0.008802879 0.04781962
v -0.02193516 0.00691729 0.04782059
v -0.02245462 0.004978981 0.04782108
v -0.02280314 0.003002801 0.04782111
v -0.02297808 0.001003879 0.04782081
v -0.02297814 -0.001002525 0.04782042
v -0.02280336 -0.003001166 0.04782018
v -0.02245507 -0.004976934 0.04782028
v -0.02193592 -0.006914882 0.04782077
v -0.02124981 -0.008800305 0.04782171
v -0.02040196 -0.01061886 0.04782317
v -0.01939876 -0.0123567 0.04782513
v -0.01824781 -0.01400063 0.0478272
v -0.01695778 -0.01553814 0.04782877
v -0.0155385 -0.01695744 0.04782922
v -0.01400091 -0.01824759 0.0478283
v -0.0123569 -0.01939863 0.0478263
v -0.01061919 -0.02040179 0.04782392
v -0.008800995 -0.02124953 0.04782188
v -0.006915999 -0.02193556 0.04782064
v -0.004978316 -0.02245476 0.0478202
v -0.003002553 -0.02280317 0.04782028
v -0.001003744 -0.02297809 0.04782058
v 0.001002851 -0.02297813 0.04782092
v 0.003001951 -0.02280325 0.04782118
v 0.004978326 -0.02245476 0.04782124
v 0.006916838 -0.0219353 0.04782098
v 0.008802504 -0.0212489 0.04782033
v 0.0106205 -0.0204011 0.0478193
v 0.01235602 -0.01939919 0.04781806
v 0.01399425 -0.0182527 0.04781738
v 0.01552081 -0.01697364 0.04781908
v 0.01692396 -0.01557496 0.04782424
v 0.01819974 -0.01406305 0.04781965
v 0.01935506 -0.01242505 0.04774182
v -0.004978575 -0.02245471 0.03720218
v -0.001001995 0.02297816 0.03720454
v 0.01981058 -0.01168508 0.0416683
v -0.011499 0.01991916 0.03544385
v -0.008800589 0.0212497 0.03720298
v -0.01695718 0.01553879 0.03719564
v 0.01994885 -0.01144742 0.03795582
v 0.0182034 -0.01405831 0.03696753
v -0.008802883 -0.02124875 0.03720496
v 0.007869666 0.02161176 0.03544404
v 0.02018969 0.0110171 0.0367128
v 0.01555431 -0.01694295 0.03717558
v -0.02297817 -0.001001795 0.03720388
v 0.01829151 0.01394349 0.03723775
v 0.0193574 0.01242139 0.03698796
v 0.01981558 -0.01167659 0.03975999
v 0.01696001 -0.0155357 0.0371185
v 0.01549976 0.01699287 0.04804281
v 0.01970203 -0.01186719 0.03500146
v -0.006916909 -0.02193528 0.03720183
v 0.006919015 -0.02193461 0.03720577
v -0.01062145 -0.02040061 0.03720903
v -0.02297805 0.001004708 0.03720289
v -0.01553806 0.01695785 0.0371967
v 0.01992374 0.01149106 0.04015663
v 0.01985126 0.01161582 0.04210196
v 0.01980805 0.01168937 0.04414418
v 0.0140181 -0.01823439 0.03719763
v 0.01237169 -0.0193892 0.03720412
v 0.02004219 0.0112832 0.03834507
v -0.001003545 -0.0229781 0.03720224
v 0.01976238 0.01176641 0.04624525
v 0.02035433 -0.01070988 0.04775038
v -0.01939771 -0.01235835 0.03721099
v 0.01063434 0.02039389 0.03720444
v -0.003000874 0.02280339 0.03720358
v -0.0123569 0.01939864 0.03719843
v -0.003002523 -0.02280318 0.03720311
v 0.02007325 -0.01122785 0.03637484
v 0.008809341 0.02124607 0.03720174
v -0.01061911 0.02040182 0.03720217
v -0.02245512 -0.004976704 0.03720146
v 0.004979032 -0.0224546 0.03720428
v 0.01990106 -0.0115303 0.04579246
v -0.01824653 -0.01400229 0.03721358
v -0.01235902 -0.01939728 0.03721162
v 0.00498099 0.02245417 0.03720413
v -0.006914967 0.02193589 0.03720307
v 0.001004544 0.02297805 0.03720269
v -0.02280306 0.003003376 0.03720417
v 0.003003659 0.02280303 0.03720357
v -0.02245461 0.004979005 0.03720312
v -0.01626321 -0.0162637 0.03545397
v 0.01925121 -0.01258535 0.03669427
v 0.01769518 0.01469288 0.04767984
v -0.02193532 0.006916782 0.03720136
v 0.01701535 0.01547508 0.0372826
v -0.02280343 -0.003000587 0.0372024
v -0.01400067 0.01824778 0.03719672
v 0.008807121 -0.02124699 0.03720459
v -0.02084498 -0.009720434 0.03544551
v -0.01939795 0.01235797 0.03719759
v -0.01478436 -0.01761882 0.03545264
v 0.0199248 -0.01148923 0.04360706
v 0.01237598 0.01938647 0.03720264
v -0.01824712 0.01400152 0.0371951
v 0.01402308 0.01823056 0.03720093
v 0.001003107 -0.02297812 0.03720171
v 0.01062957 -0.02039638 0.03720402
v -0.02040124 0.01062024 0.03719789
v 0.01158189 0.01987108 0.04605817
v 0.009766782 0.0208233 0.04605324
v 0.007888643 0.02160484 0.04605604
v 0.005962094 0.02221381 0.04605949
v 0.003997682 0.02264991 0.04606183
v 0.002006559 0.02291231 0.04606316
v 1.479086e-06 0.023 0.04606374
v -0.00200333 0.02291259 0.04606387
v -0.003992896 0.02265076 0.04606378
v -0.005952157 0.02221648 0.04606351
v -0.007866234 0.02161301 0.04606287
v -0.009720479 0.02084496 0.04606161
v -0.01150059 0.01991824 0.04605976
v -0.01319289 0.01884006 0.04605772
v -0.01478449 0.01761871 0.04605605
v -0.01626345 0.01626347 0.04605517
v -0.01761865 0.01478456 0.04605525
v -0.01883988 0.01319314 0.04605626
v -0.01991785 0.01150127 0.04605798
v -0.02084438 0.009721721 0.04605998
v -0.02161238 0.007867978 0.0460617
v -0.02221593 0.005954198 0.04606279
v -0.02265037 0.003995064 0.04606316
v -0.02291239 0.002005584 0.04606291
v -0.023 1.005366e-06 0.04606226
v -0.02291259 -0.002003356 0.04606168
v -0.02265085 -0.003992351 0.04606152
v -0.02221678 -0.005951014 0.0460619
v -0.02161363 -0.007864533 0.04606282
v -0.02084594 -0.009718365 0.04606442
v -0.01991953 -0.01149836 0.04606687
v -0.01884142 -0.01319094 0.04606996
v -0.01761974 -0.01478326 0.0460729
v -0.01626371 -0.0162632 0.0460746
v -0.01478375 -0.01761933 0.04607431
v -0.0131913 -0.01884117 0.04607205
v -0.01149875 -0.01991931 0.04606858
v -0.009719167 -0.02084557 0.04606514
v -0.007865965 -0.02161311 0.04606274
v -0.005952961 -0.02221626 0.04606168
v -0.003994458 -0.02265048 0.04606161
v -0.002005293 -0.02291242 0.04606199
v -6.728058e-07 -0.023 0.04606248
v 0.002004144 -0.02291252 0.04606299
v 0.003993978 -0.02265057 0.04606333
v 0.005953685 -0.02221607 0.04606327
v 0.007868273 -0.02161227 0.04606266
v 0.009723052 -0.02084376 0.04606143
v 0.0115034 -0.01991662 0.04605943
v 0.0131943 -0.01883907 0.0460568
v 0.01477995 -0.01762252 0.04605535
v 0.01624356 -0.01628333 0.04606163
v 0.01756996 -0.01484239 0.04608749
v 0.01876097 -0.01330511 0.04611422
v -0.003994523 -0.02265047 0.03896822
v -0.02291265 -0.002002622 0.03896845
v -0.02161307 -0.007866073 0.03544426
v -0.01149919 0.01991905 0.03896594
v -0.02193585 -0.006915104 0.03720123
v -0.02124914 0.008801928 0.03719853
v -0.004976777 0.0224551 0.03720212
v 0.01861964 -0.01350219 0.04068473
v 0.01556758 0.01693075 0.0372105
v 0.0191738 -0.01270296 0.04454189
v 0.006920845 0.02193404 0.03720221
v 0.01877031 0.01329194 0.04702617
v 0.003002196 -0.02280322 0.03720173
v 0.01892365 0.01307269 0.04085893
v -0.009721089 -0.02084467 0.03897295
v 0.01153059 0.01990089 0.03897085
v -0.023 2.046578e-06 0.03896857
v -0.01626315 0.01626376 0.03895882
v 0.01885927 0.01316541 0.04292378
v 0.01482777 -0.0175823 0.0389568
v 0.0132198 -0.01882118 0.03896739
v 0.01892483 -0.01307099 0.04280741
v -0.009719071 0.02084562 0.03896819
v -0.02040122 -0.01062027 0.03720602
v -0.02265093 -0.003991891 0.03896698
v -0.002005103 -0.02291243 0.03896794
v -0.01695686 -0.01553915 0.03721534
v 0.01781822 0.01454342 0.03932292
v -0.02124944 -0.008801202 0.03720182
v 0.01894656 -0.01303947 0.0385419
v -0.01991874 -0.01149973 0.03897537
v 0.01773003 -0.0146508 0.03885849
v -0.002002839 0.02291263 0.03897056
v 0.01332903 0.01874398 0.04608366
v 0.01906549 0.01286495 0.03886048
v 0.003997042 0.02265003 0.03896975
v -0.011501 -0.019918 0.03897763
v -0.0226503 0.003995472 0.03896997
v -0.01884033 0.0131925 0.0389606
v 0.005954599 -0.02221582 0.03897126
v 1.93508e-06 0.023 0.03896926
v -0.005953492 -0.02221612 0.03896703
v -0.02291232 0.002006369 0.0389687
v 0.005958227 0.02221485 0.03896825
v 0.01648702 0.01603677 0.04661092
v 0.009738416 0.02083658 0.03896883
v -0.02221594 0.005954147 0.03896845
v -0.01478355 0.01761949 0.03895914
v -0.01400221 -0.01824659 0.03721414
v -0.007867199 -0.02161266 0.03896767
v -0.01761886 0.01478431 0.03895866
v 0.01322865 0.01881496 0.03896628
v -0.0188402 -0.01319269 0.03897987
v 0.01151688 -0.01990883 0.03896999
v 0.01633315 -0.01619346 0.03893078
v -0.0131915 0.01884103 0.03896197
v 0.01880781 0.01323881 0.04496296
v 0.00787095 -0.0216113 0.03897049
v -0.007865045 0.02161345 0.03896911
v -0.01991843 0.01150026 0.03896184
v -0.02221683 -0.005950849 0.03896661
v -4.711265e-07 -0.023 0.03896765
v 0.01500011 0.0174355 0.04618136
v 0.01069257 0.02036342 0.04429057
v 0.008835957 0.02123502 0.04428991
v 0.006930559 0.02193097 0.04429241
v 0.00498393 0.02245352 0.04429467
v 0.003004955 0.02280286 0.0442964
v 0.001005387 0.02297802 0.04429742
v -0.001001373 0.02297819 0.04429769
v -0.003000442 0.02280345 0.04429764
v -0.004976729 0.02245511 0.0442975
v -0.006915293 0.02193579 0.04429715
v -0.00880146 0.02124934 0.04429606
v -0.01062058 0.02040106 0.04429391
v -0.01235855 0.01939758 0.044291
v -0.01400206 0.01824671 0.04428821
v -0.01553875 0.01695722 0.04428636
v -0.01695716 0.01553882 0.04428577
v -0.01824658 0.01400223 0.04428651
v -0.01939726 0.01235906 0.0442884
v -0.02040042 0.01062181 0.04429107
v -0.02124846 0.008803566 0.04429383
v -0.02193492 0.006918034 0.04429579
v -0.02245444 0.004979776 0.04429678
v -0.02280303 0.003003627 0.04429689
v -0.02297805 0.001004663 0.04429615
v -0.02297818 -0.001001708 0.044295
v -0.02280349 -0.003000147 0.04429439
v -0.02245533 -0.004975778 0.04429458
v -0.02193629 -0.006913703 0.04429536
v -0.02125023 -0.008799305 0.04429684
v -0.02040232 -0.01061817 0.04429947
v -0.01939902 -0.01235629 0.04430341
v -0.01824801 -0.01400036 0.04430791
v -0.01695792 -0.01553798 0.04431159
v -0.01553852 -0.01695743 0.04431266
v -0.01400087 -0.01824762 0.0443108
v -0.01235671 -0.01939875 0.04430654
v -0.01061903 -0.02040187 0.04430124
v -0.008801047 -0.02124951 0.04429711
v -0.006916247 -0.02193549 0.04429489
v -0.004978706 -0.02245468 0.04429446
v -0.003002953 -0.02280312 0.04429494
v -0.001004196 -0.02297807 0.04429552
v 0.001002422 -0.02297815 0.04429619
v 0.003001718 -0.02280328 0.04429699
v 0.004978715 -0.02245467 0.04429736
v 0.00691822 -0.02193486 0.04429698
v 0.008805733 -0.02124757 0.04429598
v 0.01062728 -0.02039757 0.0442941
v 0.01236873 -0.01939109 0.04429066
v 0.01401505 -0.01823673 0.04428525
v 0.0155499 -0.01694699 0.04428122
v 0.01695018 -0.01554643 0.04429502
v 0.01817691 -0.01409255 0.04437887
v 0.007875446 0.02160966 0.03896667
v 0.01630906 0.01621772 0.03895244
v -0.003992266 0.02265087 0.03896928
v -0.02161258 0.007867413 0.03896609
v -0.00595116 0.02221674 0.03896845
v 0.01784882 0.01450584 0.0416511
v 0.002006495 0.02291231 0.03896927
v -0.01235766 0.01939815 0.04073664
v -0.01061976 0.02040149 0.04074039
v -0.02297821 -0.001000955 0.04074138
v 0.009729278 -0.02084085 0.03896949
v 0.003994074 -0.02265055 0.03896948
v 0.01404313 -0.01821512 0.04073353
v -0.003002855 -0.02280313 0.04074124
v -0.01553854 -0.01695741 0.03721501
v 0.002004293 -0.0229125 0.03896746
v 0.01766756 0.01472608 0.04569839
v 0.01710356 -0.01537753 0.04069829
v 0.01249274 0.01931143 0.0443004
v 0.01614672 0.01637936 0.04446513
v 0.01771364 -0.01467062 0.04252102
v -0.0106204 -0.02040115 0.04074888
v -0.02084486 0.009720687 0.03896297
v 0.01482281 0.01758648 0.03895496
v -0.01400133 0.01824727 0.04073223
v 0.004983523 0.02245361 0.04074206
v -0.02280354 -0.002999735 0.04074024
v -0.0049788 -0.02245466 0.04074062
v -0.02297801 0.001005487 0.04074264
v -0.003000084 0.0228035 0.04074391
v 0.006919028 -0.02193461 0.0407442
v -0.01939764 0.01235846 0.04073335
v 0.01066185 0.02037952 0.04074355
v -0.0224544 0.004979965 0.04074314
v 0.00497852 -0.02245472 0.04074491
v -0.01319301 -0.01883997 0.03898247
v -0.02280296 0.003004146 0.04074353
v 0.01768091 0.01471004 0.04368927
v 0.01561157 -0.0168902 0.04071927
v -0.01695711 0.01553887 0.04072993
v 0.01426265 0.01804375 0.04433631
v 0.01242186 0.0193571 0.04074634
v -0.01761854 -0.01478469 0.03898405
v 0.01238204 -0.0193826 0.04074154
v -0.01824678 0.01400197 0.04073056
v -0.02084553 -0.009719245 0.03897012
v -0.001000718 0.02297822 0.04074442
v -0.001004174 -0.02297807 0.04074151
v -0.01939838 -0.0123573 0.04075169
v -0.00880057 0.0212497 0.04074318
v -0.008801952 -0.02124913 0.04074309
v 0.003004898 0.02280286 0.04074315
v -0.02245541 -0.004975374 0.04074016
v -0.02040194 -0.0106189 0.04074646
v 0.01158057 0.01987185 0.04252208
v 0.009762939 0.02082511 0.04251853
v 0.007883693 0.02160665 0.04251776
v 0.005961314 0.02221402 0.04251949
v 0.003997706 0.02264991 0.04252136
v 0.002007267 0.02291224 0.0425227
v 2.60192e-06 0.023 0.04252358
v -0.002002488 0.02291266 0.04252315
v -0.003991844 0.02265094 0.04252314
v -0.005951034 0.02221678 0.04252298
v -0.00786529 0.02161336 0.04252279
v -0.009720083 0.02084514 0.04252071
v -0.01150036 0.01991838 0.04251725
v -0.01319272 0.01884017 0.04251306
v -0.0147843 0.01761887 0.04250996
v -0.01626333 0.01626358 0.04250847
v -0.01761864 0.01478457 0.04250853
v -0.0188399 0.01319312 0.04251027
v -0.01991789 0.0115012 0.04251313
v -0.02084425 0.009721991 0.04251689
v -0.02161217 0.007868562 0.0425203
v -0.0222158 0.005954696 0.04252178
v -0.02265022 0.003995913 0.04252267
v -0.0229123 0.002006584 0.04252244
v -0.023 1.891699e-06 0.04252081
v -0.02291267 -0.002002368 0.04251898
v -0.02265106 -0.003991151 0.04251921
v -0.02221713 -0.005949735 0.04251972
v -0.02161405 -0.007863391 0.04252092
v -0.02084622 -0.009717769 0.04252305
v -0.01991945 -0.0114985 0.04252745
v -0.01884129 -0.01319112 0.04253319
v -0.01761954 -0.0147835 0.04253916
v -0.01626364 -0.01626327 0.04254293
v -0.01478386 -0.01761923 0.04254144
v -0.01319156 -0.01884099 0.0425381
v -0.01149913 -0.01991909 0.04253061
v -0.009719629 -0.02084535 0.04252405
v -0.007866604 -0.02161288 0.04252048
v -0.005953501 -0.02221612 0.04251889
v -0.003994676 -0.02265044 0.04251987
v -0.002005676 -0.02291238 0.0425203
v -1.179991e-06 -0.023 0.04252101
v 0.002003658 -0.02291256 0.04252187
v 0.003993826 -0.02265059 0.04252352
v 0.005954329 -0.02221589 0.04252312
v 0.007869987 -0.02161165 0.04252254
v 0.009727417 -0.02084172 0.04252139
v 0.01151475 -0.01991006 0.04251969
v 0.01321716 -0.01882304 0.04251385
v 0.01482284 -0.01758646 0.04250423
v 0.008820942 0.02124126 0.0407399
v -0.02161354 -0.007864801 0.03896669
v 0.01654652 0.01597538 0.04234975
v -0.006916874 -0.02193529 0.04074001
v -0.02193492 0.006918051 0.04074203
v -0.006914401 0.02193607 0.04074348
v 0.01686451 0.01563932 0.04058196
v -0.02040081 0.01062105 0.04073545
v 0.001005739 0.022978 0.04074381
v 0.008807594 -0.02124679 0.04074335
v -0.01553831 0.01695762 0.04073082
v -0.02124862 0.008803196 0.04073885
v 0.00692602 0.0219324 0.04074067
v -0.00497608 0.02245526 0.04074353
v 0.01559545 0.01690509 0.04069456
v -0.02125025 -0.008799259 0.04074222
v -0.01824731 -0.01400127 0.0407591
v 0.01632431 -0.01620237 0.04249414
v 0.003001729 -0.02280328 0.04074328
v -0.02193637 -0.006913431 0.04074064
v 0.01408405 0.0181835 0.04074191
v 0.01063336 -0.0203944 0.04074301
v -0.01478443 -0.01761876 0.0389861
v -0.01235786 -0.01939802 0.04075699
v -0.01626322 -0.01626369 0.0389866
v 0.01333319 0.01874103 0.04252997
v 0.01502033 0.01741809 0.0425393
v -0.01553869 -0.01695728 0.04076596
v -0.01400138 -0.01824723 0.04076301
v 0.001002374 -0.02297815 0.04074169
v -0.01695745 -0.0155385 0.04076424
v 0.0210764 0.001157175 0.06
v 0.02103618 0.004742264 0.06
v 0.01975898 0.008059904 0.06
v 0.01794573 0.01130596 0.06
v 0.01569953 0.01430529 0.06
v 0.01295767 0.01684442 0.06
v 0.009835364 0.01882101 0.06
v 0.006401185 0.0202422 0.06
v 0.00278608 0.02102472 0.06
v -0.0009095995 0.02120944 0.06
v -0.004594972 0.02074466 0.06
v -0.008124946 0.01961529 0.06
v -0.01140177 0.01791057 0.06
v -0.01434435 0.0156582 0.06
v -0.01683893 0.01292364 0.06
v -0.01882939 0.009802572 0.06
v -0.02024392 0.006379362 0.06
v -0.02103942 0.002766497 0.06
v -0.0212142 -0.0009259019 0.06
v -0.02075588 -0.004602403 0.06
v -0.01961099 -0.00812932 0.06
v -0.01791031 -0.0114013 0.06
v -0.01567179 -0.01435919 0.06
v -0.01293312 -0.01684693 0.06
v -0.009821323 -0.01884919 0.06
v -0.006396504 -0.0202719 0.06
v -0.002790765 -0.02106292 0.06
v 0.0009134861 -0.02123068 0.06
v 0.004581785 -0.02071624 0.06
v 0.008108804 -0.01959721 0.06
v 0.01139791 -0.01790268 0.06
v 0.01433897 -0.01564871 0.06
v 0.01682954 -0.01291459 0.06
v 0.01881535 -0.009783504 0.06
v 0.02022186 -0.006332368 0.06
v 0.02097977 -0.002641029 0.06
v 0.02109796 -0.0007453365 0.06
v 0.02098188 0.003042856 0.06
v 0.0203373 0.006304595 0.06
v 0.01895074 0.009755677 0.06
v 0.01686603 0.01284062 0.06
v 0.01439031 0.01565647 0.06
v 0.01143997 0.01788735 0.06
v 0.008153082 0.0196137 0.06
v 0.004610474 0.02070898 0.06
v 0.0009450517 0.0211947 0.06
v -0.002761081 0.02106439 0.06
v -0.006388153 0.02025964 0.06
v -0.009797966 0.01883311 0.06
v -0.01292373 0.01685278 0.06
v -0.01565233 0.01434571 0.06
v -0.01790224 0.01140777 0.06
v -0.01961379 0.008122308 0.06
v -0.02072062 0.004589582 0.06
v -0.02120481 0.0009231784 0.06
v -0.02107062 -0.002771791 0.06
v -0.02026643 -0.006396549 0.06
v -0.01882295 -0.009796876 0.06
v -0.01686416 -0.01293221 0.06
v -0.01435617 -0.01566505 0.06
v -0.01142098 -0.01791345 0.06
v -0.008144366 -0.01964276 0.06
v -0.00460953 -0.02074311 0.06
v -0.0009474256 -0.0212351 0.06
v 0.002759389 -0.0210554 0.06
v 0.00636772 -0.020231 0.06
v 0.009788932 -0.01882238 0.06
v 0.01292033 -0.01684367 0.06
v 0.01564446 -0.01433534 0.06
v 0.01789146 -0.01139422 0.06
v 0.01959528 -0.008090008 0.06
v 0.02068986 -0.004508491 0.06
v 0.01703546 0.00948327 0.06
v 0.01807289 0.00821283 0.06
v 0.0191915 0.002318127 0.06
v 0.01498323 0.01242634 0.06
v 0.01262787 0.01497972 0.06
v 0.009827606 0.01684833 0.06
v 0.006722282 0.01833503 0.06
v 0.003421578 0.01915725 0.06
v 3.510411e-05 0.01948787 0.06
v -0.00338034 0.01925736 0.06
v -0.006677608 0.01834166 0.06
v -0.00973784 0.01689831 0.06
v -0.01254417 0.01496417 0.06
v -0.01493561 0.01254072 0.06
v -0.01688965 0.009755103 0.06
v -0.01832934 0.006663971 0.06
v -0.01919282 0.003375393 0.06
v -0.01949865 -1.010157e-05 0.06
v -0.01927488 -0.003397804 0.06
v -0.0183472 -0.006690107 0.06
v -0.0168724 -0.009734584 0.06
v -0.01499584 -0.01257824 0.06
v -0.01255835 -0.0149488 0.06
v -0.009780056 -0.0169191 0.06
v -0.006708809 -0.01839611 0.06
v -0.003424139 -0.01922204 0.06
v -4.09649e-05 -0.01956969 0.06
v 0.003348978 -0.01920242 0.06
v 0.006636002 -0.01829244 0.06
v 0.0097302 -0.01688206 0.06
v 0.01253662 -0.01494423 0.06
v 0.01491759 -0.01251995 0.06
v 0.01686755 -0.009726545 0.06
v 0.01829016 -0.006596401 0.06
v 0.01913061 -0.003203761 0.06
v 0.01844303 0.006531246 0.06
v 0.01914667 0.004480316 0.06
v 0.01602843 0.01096836 0.06
v 0.01390818 0.01379975 0.06
v 0.01124578 0.01592356 0.06
v 0.008312749 0.01767969 0.06
v 0.00508545 0.01881238 0.06
v 0.001733488 0.01938213 0.06
v -0.001675297 0.01945191 0.06
v -0.005056623 0.01887782 0.06
v -0.00823294 0.01767035 0.06
v -0.01118223 0.01599692 0.06
v -0.01379391 0.01380136 0.06
v -0.01596694 0.01118727 0.06
v -0.01767807 0.008242206 0.06
v -0.01882943 0.00503793 0.06
v -0.01941146 0.00168868 0.06
v -0.01945093 -0.00170457 0.06
v -0.01890571 -0.00507125 0.06
v -0.01764605 -0.008229699 0.06
v -0.01600798 -0.0111929 0.06
v -0.01382512 -0.01382561 0.06
v -0.011206 -0.01598179 0.06
v -0.008285111 -0.01773046 0.06
v -0.005071149 -0.01887576 0.06
v -0.001748803 -0.0194713 0.06
v 0.001672093 -0.01946497 0.06
v 0.005012121 -0.01880931 0.06
v 0.008213877 -0.01764674 0.06
v 0.01117847 -0.01598108 0.06
v 0.01378012 -0.01378045 0.06
v 0.01594809 -0.01116999 0.06
v 0.01764652 -0.008198814 0.06
v 0.01879568 -0.004932968 0.06
v 0.01926449 -0.001415084 0.06
v 0.01924498 0.000405005 0.06
v 0.01231454 0.01332358 0.06
v 0.01416881 0.01063336 0.06
v 0.01313123 0.01203653 0.06
v 0.01736568 -0.00368653 0.06
v 0.008369437 0.01579298 0.06
v 0.005446219 0.01697062 0.06
v 0.002384211 0.01756443 0.06
v -0.0007366656 0.01780886 0.06
v -0.003867943 0.01750024 0.06
v -0.006805813 0.01644762 0.06
v -0.009554592 0.01505827 0.06
v -0.01205558 0.01317268 0.06
v -0.01411705 0.01085058 0.06
v -0.01581509 0.008235162 0.06
v -0.01699006 0.005340401 0.06
v -0.0176391 0.002304279 0.06
v -0.01779273 -0.0008031708 0.06
v -0.01755624 -0.003889826 0.06
v -0.01642203 -0.006787058 0.06
v -0.01499988 -0.009566682 0.06
v -0.01323011 -0.01213708 0.06
v -0.01088091 -0.01412681 0.06
v -0.008260676 -0.01586801 0.06
v -0.005410592 -0.01710465 0.06
v -0.002394114 -0.01767123 0.06
v 0.000715427 -0.01792321 0.06
v 0.003771612 -0.0173644 0.06
v 0.00676927 -0.01640046 0.06
v 0.009554651 -0.01503477 0.06
v 0.01204043 -0.01313663 0.06
v 0.01408979 -0.01081746 0.06
v 0.01578154 -0.008186399 0.06
v 0.01519661 0.009083186 0.06
v 0.01737997 0.003311731 0.06
v 0.0169313 -0.005227308 0.06
v 0.01704247 0.005269048 0.06
v 0.01637332 0.007332032 0.06
v 0.009658483 0.0148711 0.06
v 0.01754521 -0.00203176 0.06
v 0.01098833 0.01398567 0.06
v 0.006940659 0.01651958 0.06
v 0.003927396 0.0173138 0.06
v 0.000833459 0.01774121 0.06
v -0.002305043 0.01775526 0.06
v -0.005379412 0.01705163 0.06
v -0.008195046 0.01578987 0.06
v -0.01086389 0.01419583 0.06
v -0.01312986 0.01205382 0.06
v -0.01502342 0.009578891 0.06
v -0.01648174 0.006817278 0.06
v -0.01737594 0.003840834 0.06
v -0.01777518 0.0007422586 0.06
v -0.01773301 -0.002359953 0.06
v -0.01710357 -0.005404874 0.06
v -0.01572345 -0.008185193 0.06
v -0.01424969 -0.0109226 0.06
v -0.01207597 -0.01313606 0.06
v -0.009603664 -0.01506484 0.06
v -0.00691145 -0.01660203 0.06
v -0.003916257 -0.01738505 0.06
v -0.0008726596 -0.01793755 0.06
v 0.002230433 -0.01768227 0.06
v 0.00528951 -0.01694353 0.06
v 0.008186044 -0.01576496 0.06
v 0.01085842 -0.01416509 0.06
v 0.01310144 -0.01201159 0.06
v 0.01499656 -0.009551062 0.06
v 0.01642581 -0.006724009 0.06
v 0.01736871 0.001438599 0.06
v 0.01511337 -0.005342304 0.06
v 0.01319026 -0.00922486 0.06
v 5.087933e-05 0.0161296 0.06
v 0.0150235 0.005620739 0.06
v 0.01574807 0.004071234 0.06
v 0.007083096 0.01486792 0.06
v 0.004354854 0.0155149 0.06
v 0.01466036 -0.00675224 0.06
v 0.001498525 0.01595754 0.06
v 0.002924755 0.01573133 0.06
v -0.002812036 0.01614736 0.06
v -0.00550509 0.01520448 0.06
v -0.008030876 0.01397211 0.06
v -0.0104626 0.01250151 0.06
v -0.01234536 0.01041602 0.06
v -0.01402071 0.00808334 0.06
v -0.01524195 0.005514543 0.06
v -0.0159007 0.002794632 0.06
v -0.01608165 -7.304488e-05 0.06
v -0.01606162 -0.002941786 0.06
v -0.01521232 -0.005396983 0.06
v -0.01382624 -0.008062211 0.06
v -0.0127038 -0.01067545 0.06
v -0.01043729 -0.01229475 0.06
v -0.008084873 -0.01409658 0.06
v -0.005725126 -0.01556719 0.06
v -0.002918803 -0.01581467 0.06
v -0.0001387604 -0.01655595 0.06
v 0.002590959 -0.01590348 0.06
v 0.005447016 -0.01511132 0.06
v 0.008044612 -0.0139438 0.06
v 0.01045603 -0.01245028 0.06
v 0.01229371 -0.01033602 0.06
v 0.009436749 0.01283407 0.06
v 0.01105638 0.01187713 0.06
v 0.01744765 -0.0003371456 0.06
v 0.01401074 -0.008066149 0.06
v 0.01334658 0.00893262 0.06
v 0.008103906 0.01382963 0.06
v 0.01604629 -0.00262306 0.06
v 0.01228207 0.01042535 0.06
v 0.005783126 0.01518426 0.06
v -0.001394624 0.01619304 0.06
v -0.004232491 0.01581 0.06
v -0.006764624 0.01457928 0.06
v -0.009297766 0.01336835 0.06
v -0.01141609 0.01147666 0.06
v -0.01323318 0.00928469 0.06
v -0.0147108 0.00686024 0.06
v -0.01556517 0.004152013 0.06
v -0.01608905 0.001344139 0.06
v -0.01613229 -0.001506171 0.06
v -0.01600986 -0.004274733 0.06
v -0.0145114 -0.006714298 0.06
v -0.01320431 -0.00940319 0.06
v -0.01150724 -0.01136454 0.06
v -0.009346075 -0.01331685 0.06
v -0.006829329 -0.01477639 0.06
v -0.004344437 -0.01553458 0.06
v -0.001460807 -0.01617893 0.06
v 0.0011543 -0.01615926 0.06
v 0.004037146 -0.01558613 0.06
v 0.006765879 -0.01454527 0.06
v 0.009298915 -0.01332364 0.06
v 0.01138671 -0.01140382 0.06
v 0.01548607 0.002406202 0.06
v 0.01422182 0.007296946 0.06
v 0.01553895 -0.003925422 0.06
v -0.005394169 0.01333321 0.06
v -0.009071194 0.01189236 0.06
v 0.004850441 0.01388034 0.06
v -0.0006893007 0.01458893 0.06
v 0.01376618 -0.003971017 0.06
v 0.0006939966 0.01441121 0.06
v 0.01227829 0.007297767 0.06
v 0.01301093 0.005575305 0.06
v 0.009751541 -0.01077979 0.06
v -0.003229879 0.01474351 0.06
v -0.007848229 0.0122383 0.06
v -0.01060376 0.009886576 0.06
v -0.01232733 0.007810312 0.06
v -0.01369879 0.005656145 0.06
v -0.01403984 0.00305604 0.06
v -0.01433847 0.0005676675 0.06
v -0.014644 -0.002223668 0.06
v -0.01425694 -0.003719209 0.06
v -0.01261717 -0.006640825 0.06
v -0.01139389 -0.009623293 0.06
v -0.009593069 -0.0102177 0.06
v -0.007946732 -0.0125286 0.06
v -0.005227381 -0.01391883 0.06
v -0.003456423 -0.01355179 0.06
v -0.0003068842 -0.01471591 0.06
v 0.001315313 -0.01441341 0.06
v 0.004225972 -0.01387934 0.06
v 0.006662481 -0.01267805 0.06
v 0.009072781 -0.01182956 0.06
v 0.01573019 -0.001123246 0.06
v 0.006260769 0.01314994 0.06
v -0.004264391 0.0140223 0.06
v 0.009091088 0.01081765 0.06
v 0.01144403 -0.008754591 0.06
v 0.01334714 -0.005440387 0.06
v 0.01394897 0.003819381 0.06
v -0.001994958 0.01463187 0.06
v 0.01420712 -0.002322337 0.06
v 0.01045435 0.009808681 0.06
v 0.00205242 0.01411188 0.06
v 0.01054563 -0.009737722 0.06
v -0.006605879 0.01272506 0.06
v -0.009765855 0.01087206 0.06
v -0.01153227 0.008930999 0.06
v -0.0129365 0.006648395 0.06
v -0.01375045 0.004370074 0.06
v -0.01458066 0.001870385 0.06
v -0.01437377 -0.0008636439 0.06
v -0.01336417 -0.005196733 0.06
v -0.01193166 -0.00810479 0.06
v -0.008947329 -0.01169352 0.06
v -0.006574585 -0.01294797 0.06
v -0.00193126 -0.01453214 0.06
v 0.002827602 -0.01425782 0.06
v 0.005460398 -0.01326555 0.06
v 0.007869951 -0.01218517 0.06
v 0.01550796 0.0006092615 0.06
v 0.01227216 -0.007700987 0.06
v 0.007624072 0.01186551 0.06
v -0.001297024 -0.0008085388 0.025
v 0.0006184828 0.001662067 0.025
v 0.0008175372 -0.0006091006 0.025
v 0.00409418 -0.00108203 0.025
v 0.003848236 -0.003017121 0.025
v 0.002276697 -0.001813061 0.025
v 0.00036673 -0.002594537 0.025
v 0.002555037 0.0002762987 0.025
v 0.0130886 -0.00674354 0.06
v -0.01085326 0.00760496 0.06
v 0.003454119 0.01387979 0.06
v 0.01093655 0.005803123 0.06
v -0.0001496986 0.01310511 0.06
v 0.01172316 0.008852682 0.06
v 0.008734024 -0.009160673 0.06
v -0.0127955 -0.002004615 0.06
v -0.009814351 0.008378868 0.06
v -0.005178036 0.01145526 0.06
v 0.01384625 -0.0003316766 0.06
v 0.006619696 -0.01074224 0.06
v -0.01196542 0.004979011 0.06
v -0.01256338 -0.0001763847 0.06
v -0.0122171 -0.003719019 0.06
v -0.01000263 -0.008381207 0.06
v -0.007213807 -0.01084703 0.06
v -0.005065036 -0.01184117 0.06
v -0.001630749 -0.01279928 0.06
v 0.0001350219 -0.01277003 0.06
v 0.005337734 -0.0113501 0.06
v 0.01209488 -0.004338706 0.06
v 0.004338531 0.01198493 0.06
v 0.01326507 0.001768232 0.06
v -0.008784082 0.009330463 0.06
v 0.008084472 -0.01050617 0.06
v 0.01182982 0.003815393 0.06
v 0.01044334 0.007780256 0.06
v -0.001453301 0.01298915 0.06
v 0.008858954 0.008695939 0.06
v 0.001087092 0.0125442 0.06
v 0.009718604 -0.00811182 0.06
v 0.007333864 0.009724748 0.06
v -0.006567221 0.01084108 0.06
v 0.01251879 -0.001379093 0.06
v -0.01124552 0.006350894 0.06
v -0.00186956 0.001715324 0.025
v -0.01218544 0.003297772 0.06
v -0.01266063 0.001613373 0.06
v -0.0005194674 0.003725065 0.025
v -0.0114464 -0.005200579 0.06
v -0.008072523 0.01059984 0.06
v -0.01074003 -0.006733764 0.06
v -0.007645394 -0.008408147 0.06
v 0.001882683 0.0043894 0.025
v -0.003149186 -0.01083663 0.06
v -0.002734385 0.003766433 0.025
v 0.001743027 -0.01276535 0.06
v 0.003134867 -0.01283454 0.06
v 0.004185688 -0.01208181 0.06
v 0.01222136 -0.002847026 0.06
v -0.003926984 0.01224975 0.06
v 0.005831257 0.01082843 0.06
v -0.002850045 0.01325567 0.06
v 0.01128762 -0.005766684 0.06
v 0.01078398 -0.007265883 0.06
v -0.01099171 -0.00253118 0.06
v 0.007965839 -0.007326318 0.06
v -0.0103137 0.003760733 0.06
v -0.009549836 0.006755206 0.06
v 0.01074175 0.002022009 0.06
v 0.002563976 0.01227407 0.06
v 0.01177607 0.0002106174 0.06
v 0.006742055 -0.008668639 0.06
v -0.00679217 0.008837958 0.06
v -0.005415551 -0.009513974 0.06
v -0.0009267384 -0.01094885 0.06
v -0.001626715 0.005299227 0.025
v 0.0001165901 0.00592373 0.025
v 0.009433507 0.00413883 0.06
v -0.008133809 0.007616373 0.06
v -0.005060341 0.009536254 0.06
v 0.005124889 -0.009415141 0.06
v -0.01076563 -0.001038885 0.06
v -0.01026392 -0.003841922 0.06
v 0.008995507 0.006522239 0.06
v -0.01058793 0.002158779 0.06
v -0.0004630812 0.01129079 0.06
v 0.01077407 -0.001518349 0.06
v -0.009874066 0.005240075 0.06
v 0.002066304 -0.003834398 0.025
v 0.009374019 -0.006394222 0.06
v -0.003572377 0.01041555 0.06
v 0.0009375286 -0.01109638 0.06
v 0.002898074 0.01058359 0.06
v 0.004147844 0.009594944 0.06
v 0.002625688 -0.0113665 0.06
v 0.01028864 -0.00344182 0.06
v 0.007255886 0.007531281 0.06
v 0.009674504 0.0001746938 0.06
v -0.008926092 0.002749835 0.06
v -0.002302735 0.01154433 0.06
v 0.00736085 0.005375337 0.06
v 0.001292609 0.01067161 0.06
v 0.0001719891 -0.009320999 0.06
v 0.005642265 0.008566578 0.06
v -0.008963728 -0.00230221 0.06
v -0.008969734 -0.006892641 0.06
v -0.01065558 0.0005733097 0.06
v 0.00379114 -0.01032116 0.06
v 0.008750442 -0.001670916 0.06
v -0.008049852 0.005798908 0.06
v -0.008332354 0.004138699 0.06
v -0.009543291 -0.005324865 0.06
v -0.006453141 0.006646089 0.06
v -0.003724127 -0.008316857 0.06
v -0.004877357 0.007558683 0.06
v 0.004696805 -0.007407958 0.06
v -0.001766167 -0.009053614 0.06
v -0.00557603 -0.007080759 0.06
v -0.007382746 -0.005662346 0.06
v -0.008756065 -0.0004403287 0.06
v 0.009315312 -0.004807184 0.06
v -0.008709064 0.001251105 0.06
v -0.00179033 0.009701149 0.06
v 2.765832e-05 0.009120714 0.06
v 0.002029473 -0.009686159 0.06
v 0.005571999 0.00636353 0.06
v 0.007490889 0.003483076 0.06
v 0.003295007 -0.008491421 0.06
v -0.0085416 -0.004056484 0.06
v 0.008602145 0.001941402 0.06
v -0.003280403 0.008515513 0.06
v 0.002090719 0.008611455 0.06
v 0.007597571 9.254945e-05 0.06
v -0.004749499 0.005520725 0.06
v 0.006121715 -0.006300199 0.06
v -0.005288788 -0.004749872 0.06
v 0.005592367 0.003990167 0.06
v 0.003858026 0.007453469 0.06
v -0.006852922 -0.001438707 0.06
v 0.007997232 -0.003426632 0.06
v -0.006900146 -0.003395889 0.06
v -0.003460739 -5.321209e-05 0.025
v 0.001376374 -0.007868888 0.06
v -0.006789809 0.0005004988 0.06
v -0.006476133 0.004626776 0.06
v 0.007660048 -0.005345315 0.06
v -0.006915747 0.0025592 0.06
v 0.006523509 0.001882796 0.06
v -0.001480137 0.007709299 0.06
v 0.004148201 -0.00532968 0.06
v 0.0003481664 0.007002268 0.06
v 0.005785596 -0.003884559 0.06
v 0.006641653 -0.001774962 0.06
v 0.002687867 -0.006590964 0.06
v 0.003854985 0.005317396 0.06
v -0.003080975 0.006531321 0.06
v 0.002118159 0.006232092 0.06
v -0.0005345617 -0.007451865 0.06
v -0.002267111 -0.007241288 0.06
v -0.003661403 -0.006076787 0.06
v 0.00552931 7.779434e-05 0.06
v 0.004559329 -0.001705121 0.06
v -0.004970371 -0.002615536 0.06
v 0.003451272 -0.003353828 0.06
v 0.003766708 0.00347565 0.06
v 0.000324133 -0.004798264 0.025
v -0.001300694 0.005654834 0.06
v -0.003155624 -0.003968717 0.06
v -0.001569288 -0.005533577 0.06
v -0.002991649 0.004488374 0.06
v 0.001979318 -0.004707949 0.06
v 0.0005670537 -0.005907694 0.06
v -0.004874972 -0.0005654478 0.06
v 0.002174598 0.004110218 0.06
v 0.0004621788 0.004850962 0.06
v -0.004800493 0.0034678 0.06
v -0.004869483 0.001462046 0.06
v 0.004586835 0.001897865 0.06
v -0.002933346 -0.001805984 0.06
v 0.002480074 -0.001461505 0.06
v 0.003424806 0.0001983554 0.06
v -0.001188776 0.003548166 0.06
v -0.0005924745 -0.003455716 0.06
v 0.001555805 -0.002983694 0.06
v -0.002959233 0.000358337 0.06
v 0.002551897 0.002058579 0.06
v -0.002961474 0.002427582 0.06
v -0.001092172 -0.0007534303 0.06
v 0.000648697 0.002681573 0.06
v 0.0006034039 -0.001597545 0.06
v -0.00106784 0.001406792 0.06
v 0.001054612 0.000387363 0.06
v 0.02125229 0.0007396763 0.025
v 0.02094757 0.002710278 0.025
v 0.02054135 0.004646234 0.025
v 0.01997713 0.006574377 0.025
v 0.01922662 0.008524691 0.025
v 0.01825491 0.01072243 0.025
v 0.01689585 0.0127067 0.025
v 0.01574159 0.01433949 0.025
v 0.01436867 0.01570836 0.025
v 0.01279602 0.01678011 0.025
v 0.01111902 0.01779634 0.025
v 0.009336474 0.01874841 0.025
v 0.007448089 0.01964531 0.025
v 0.005342184 0.02061804 0.025
v 0.002988341 0.02105387 0.025
v 0.0009759688 0.02106009 0.025
v -0.001013498 0.0209418 0.025
v -0.003001075 0.0206964 0.025
v -0.004985421 0.02032348 0.025
v -0.006992749 0.01983642 0.025
v -0.009204486 0.0192353 0.025
v -0.0112648 0.01805591 0.025
v -0.01279437 0.01676968 0.025
v -0.01423672 0.01541141 0.025
v -0.01559563 0.01395989 0.025
v -0.01686043 0.01240551 0.025
v -0.01805456 0.01072636 0.025
v -0.01932047 0.008770572 0.025
v -0.02015546 0.006516611 0.025
v -0.02063954 0.004529971 0.025
v -0.02086986 0.002581862 0.025
v -0.02094563 0.0006285081 0.025
v -0.02089141 -0.001348131 0.025
v -0.02071711 -0.003385292 0.025
v -0.02043328 -0.00569094 0.025
v -0.01962898 -0.007952282 0.025
v -0.01873097 -0.009789121 0.025
v -0.01766528 -0.01143635 0.025
v -0.01647485 -0.01298847 0.025
v -0.01516014 -0.01447086 0.025
v -0.01370267 -0.01591492 0.025
v -0.01198819 -0.01748871 0.025
v -0.009912507 -0.0186935 0.025
v -0.008041933 -0.01952471 0.025
v -0.006165514 -0.02010471 0.025
v -0.004256082 -0.02053136 0.025
v -0.002299991 -0.02082822 0.025
v -0.000262739 -0.02101035 0.025
v 0.002059123 -0.0211239 0.025
v 0.004424907 -0.02071926 0.025
v 0.006385566 -0.02014402 0.025
v 0.008186919 -0.01936784 0.025
v 0.009915607 -0.01845068 0.025
v 0.01159813 -0.01740073 0.025
v 0.01327126 -0.01620961 0.025
v 0.01511986 -0.01480246 0.025
v 0.01666306 -0.01296064 0.025
v 0.01781672 -0.01125839 0.025
v 0.01872546 -0.009506097 0.025
v 0.01949205 -0.007697411 0.025
v 0.02014576 -0.005826248 0.025
v 0.02070542 -0.003861233 0.025
v 0.02125559 -0.001635635 0.025
v 0.01894775 0.003347265 0.025
v 0.01845762 0.005233562 0.025
v 0.0177782 0.007114274 0.025
v 0.01692102 0.009008 0.025
v 0.01589626 0.01084827 0.025
v 0.01404309 0.01403346 0.025
v 0.003781286 0.01944371 0.025
v 0.01254325 0.01480965 0.025
v 0.01088251 0.01571922 0.025
v 0.009104326 0.01666945 0.025
v 0.007208823 0.01756677 0.025
v 0.005353087 0.01850311 0.025
v 0.001972897 0.01928696 0.025
v -0.009649859 0.01733586 0.025
v 2.320168e-05 0.01910574 0.025
v -0.001972365 0.01884493 0.025
v -0.0039647 0.01849079 0.025
v -0.005951532 0.01807194 0.025
v -0.007907112 0.01766749 0.025
v -0.01089381 0.01605905 0.025
v -0.01821159 0.00686024 0.025
v -0.01226295 0.01467426 0.025
v -0.01361864 0.01322999 0.025
v -0.01488887 0.011714 0.025
v -0.01608142 0.01013573 0.025
v -0.01721828 0.008531865 0.025
v -0.01880881 0.005011953 0.025
v -0.01835266 -0.006428358 0.025
v -0.0189638 0.00315605 0.025
v -0.01899171 0.001277153 0.025
v -0.01893492 -0.0006303202 0.025
v -0.01881149 -0.002564407 0.025
v -0.01865352 -0.004510303 0.025
v -0.01763638 -0.008233882 0.025
v -0.009902279 -0.01669091 0.025
v -0.01658297 -0.009767787 0.025
v -0.01542001 -0.01124022 0.025
v -0.01416247 -0.01267568 0.025
v -0.0128026 -0.01407341 0.025
v -0.01138799 -0.0154376 0.025
v -0.008188296 -0.01761447 0.025
v 0.003146111 -0.01921429 0.025
v -0.006391719 -0.01811908 0.025
v -0.004550606 -0.01850304 0.025
v -0.00266487 -0.01879835 0.025
v -0.0007376412 -0.01901767 0.025
v 0.001207086 -0.01919235 0.025
v 0.005041219 -0.01880589 0.025
v 0.01466712 -0.01255246 0.025
v 0.006722599 -0.01801303 0.025
v 0.008360301 -0.01709543 0.025
v 0.009978446 -0.01607555 0.025
v 0.01158041 -0.01495833 0.025
v 0.01316564 -0.01379664 0.025
v 0.01589288 -0.01101945 0.025
v 0.01978579 -0.0002940681 0.025
v 0.01672241 -0.009323241 0.025
v 0.01744536 -0.007560888 0.025
v 0.01810277 -0.005749474 0.025
v 0.01871396 -0.003899051 0.025
v 0.01927055 -0.002001492 0.025
v 0.01486083 0.01253968 0.025
v 0.01933102 0.001467175 0.025
v 0.01642968 0.005718144 0.025
v 0.01559343 0.007443262 0.025
v 0.01466346 0.009209681 0.025
v 0.01088137 0.01360471 0.025
v 0.009040309 0.01457686 0.025
v 0.007180637 0.0155175 0.025
v 0.001180801 0.01740026 0.025
v -0.008911459 0.01567809 0.025
v -0.0008581909 0.01709885 0.025
v -0.00286871 0.01672996 0.025
v -0.004890216 0.0163015 0.025
v -0.0102405 0.01411696 0.025
v -0.01721701 0.005381486 0.025
v -0.01165943 0.01263197 0.025
v -0.0129303 0.0111166 0.025
v -0.01410564 0.009573703 0.025
v -0.01719919 0.003778565 0.025
v -0.01664374 -0.006921815 0.025
v -0.01713633 0.001995472 0.025
v -0.01703836 0.0001484524 0.025
v -0.01690264 -0.001722165 0.025
v -0.01562516 -0.008153835 0.025
v -0.008257927 -0.0159541 0.025
v 0.01278242 0.01280994 0.025
v -0.01447311 -0.009502483 0.025
v -0.01326038 -0.01087565 0.025
v -0.01197651 -0.012227 0.025
v -0.006675776 -0.01625097 0.025
v 0.003916424 -0.01761693 0.025
v 0.003262356 0.01770349 0.025
v -0.004918821 -0.01655359 0.025
v -0.003095795 -0.01682028 0.025
v -0.001237128 -0.01703401 0.025
v 0.005285499 -0.01680643 0.025
v 0.01422575 -0.0107606 0.025
v 0.00678844 -0.01586761 0.025
v 0.008328076 -0.01486272 0.025
v 0.009857929 -0.01377214 0.025
v 0.01482123 -0.009216745 0.025
v 0.01545924 -0.007495161 0.025
v 0.01608289 -0.005708937 0.025
v 0.01670347 -0.003911057 0.025
v 0.01783854 -4.028357e-05 0.025
v 0.004916677 0.01626453 0.025
v -0.006919174 0.01587424 0.025
v -0.01625832 0.006625252 0.025
v -0.01520974 0.008052618 0.025
v -0.01668808 -0.005340691 0.025
v -0.01677603 -0.003571173 0.025
v -0.009309223 -0.01475474 0.025
v -0.01060123 -0.01351565 0.025
v 0.002358759 -0.01741102 0.025
v 0.0006041338 -0.01721892 0.025
v 0.01282875 -0.01157053 0.025
v 0.01700143 0.003907229 0.025
v 0.01135682 -0.01261351 0.025
v 0.01363438 0.01098839 0.025
v 0.01735242 -0.002134184 0.025
v 0.01736475 0.002053962 0.025
v 0.01343432 0.007586496 0.025
v -0.01370772 -0.007698392 0.025
v 0.007227351 0.01341137 0.025
v -0.00545818 -0.01467014 0.025
v -0.01540017 0.002904732 0.025
v -0.001696532 0.01505664 0.025
v -0.003719108 0.01459513 0.025
v -0.008020437 0.01365641 0.025
v -0.009753221 0.0121458 0.025
v -0.01098884 0.01063901 0.025
v -0.01215663 0.009095231 0.025
v -0.01562402 0.004734867 0.025
v -0.0152312 0.001051179 0.025
v -0.01504571 -0.0008164233 0.025
v -0.01500548 -0.00639986 0.025
v -0.01246782 -0.009044719 0.025
v -0.01124117 -0.01037216 0.025
v -0.007303826 -0.0144755 0.025
v 0.005102317 -0.01483772 0.025
v -0.003648096 -0.01490059 0.025
v -0.001801408 -0.01510832 0.025
v 0.003657347 -0.01592418 0.025
v 0.006615307 -0.01378475 0.025
v 0.008090007 -0.01272916 0.025
v 0.01293566 -0.009479376 0.025
v 0.01352113 -0.007608153 0.025
v 0.01409749 -0.005757475 0.025
v 0.01467486 -0.003927445 0.025
v 0.01525666 0.004426969 0.025
v 0.01433469 0.005875086 0.025
v 0.005579625 0.01434134 0.025
v 0.01609796 -0.0007283349 0.025
v 0.009109419 0.01246939 0.025
v -0.005774003 0.01412523 0.025
v 0.01249791 0.009371012 0.025
v -0.01324146 0.007506418 0.025
v -0.01483763 -0.002717945 0.025
v 0.0003547387 0.01546218 0.025
v -0.009953676 -0.01167711 0.025
v 0.01121247 0.01132774 0.025
v 7.782087e-05 -0.01524243 0.025
v 0.002494764 0.01580763 0.025
v 0.009567912 -0.01153956 0.025
v 0.0153365 -0.002217935 0.025
v 0.01534683 0.002758258 0.025
v 0.015721 0.0009710452 0.025
v 0.001608433 0.01389492 0.025
v -0.01435136 0.006011762 0.025
v -0.00909129 0.01022356 0.025
v -0.0101996 0.008738055 0.025
v 0.003685824 0.01416481 0.025
v -0.0004405508 0.01349013 0.025
v -0.01480454 -0.00457705 0.025
v -0.01329232 0.0002083453 0.025
v -0.008266217 -0.01281935 0.025
v 0.007238853 0.01138968 0.025
v -0.01052436 -0.008516761 0.025
v -0.004291227 -0.01302467 0.025
v 0.001911586 -0.01546023 0.025
v -0.002479722 -0.01323178 0.025
v 0.0116606 -0.007860734 0.025
v 0.009101844 0.01043319 0.025
v 0.01103513 -0.01007054 0.025
v 0.006273687 -0.01179416 0.025
v -0.002441761 0.01296196 0.025
v 0.01218291 -0.005926754 0.025
v 0.01268887 -0.004010418 0.025
v -0.006137486 -0.01287004 0.025
v 0.005114628 0.01225621 0.025
v 0.007685736 -0.01072664 0.025
v -0.009346644 -0.009804048 0.025
v -0.004430248 0.01244968 0.025
v 0.01421742 -0.0003671087 0.025
v -0.01315041 -0.005812331 0.025
v 0.01130188 0.007665501 0.025
v -0.01379514 0.004026497 0.025
v -0.01131034 0.007231019 0.025
v -0.01301557 -0.001694268 0.025
v -0.008089368 0.01161708 0.025
v -0.01180197 -0.00719514 0.025
v -0.01354146 0.002105952 0.025
v 0.01059564 0.009383791 0.025
v 0.01332948 0.003883909 0.025
v -0.0006597627 -0.01343088 0.025
v 0.003315171 -0.0140031 0.025
v 0.004829869 -0.01284537 0.025
v -0.006387879 0.01203522 0.025
v 0.01328168 -0.002095545 0.025
v 0.01229808 0.005904673 0.025
v -0.008180188 0.008473549 0.025
v 0.0008147724 0.01204142 0.025
v -0.01222391 0.005350181 0.025
v 0.01358826 0.001641638 0.025
v -0.007118383 0.01008764 0.025
v -0.01122879 -0.00540068 0.025
v 0.009906713 -0.007989758 0.025
v -0.01193023 0.003221221 0.025
v -0.01265933 -0.003756973 0.025
v 0.002111434 -0.005877115 0.025
v -0.008315033 -0.0109998 0.025
v 0.0030416 -0.01197247 0.025
v 0.004477509 -0.01087631 0.025
v 0.007506354 0.009520294 0.025
v -0.009845684 -0.006686896 0.025
v -0.003181118 -0.01133821 0.025
v -0.001097302 0.01143697 0.025
v -0.0116566 0.001343041 0.025
v 0.01035294 -0.006165491 0.025
v 0.0107552 -0.004271183 0.025
v 0.001394458 -0.01328131 0.025
v 0.005653891 0.009912046 0.025
v 0.005860649 -0.009856176 0.025
v -0.008586906 -0.008010088 0.025
v -0.00308149 0.01077092 0.025
v 0.01124775 0.004368375 0.025
v 0.01182741 1.132115e-05 0.025
v 0.002863753 0.01230243 0.025
v -0.009316885 0.007022149 0.025
v -0.01132215 -0.0004866785 0.025
v 0.008985732 0.008067446 0.025
v 0.01145185 0.002435047 0.025
v 0.01008269 0.005985365 0.025
v -0.004938175 -0.01117073 0.025
v -0.001458497 -0.01159715 0.025
v -0.006686656 -0.01112205 0.025
v 0.01121935 -0.002274466 0.025
v 0.008999758 -0.009563926 0.025
v -0.01028494 0.004153424 0.025
v 0.008597937 -0.006446542 0.025
v 0.009174887 0.003808345 0.025
v 0.00275594 -0.009914531 0.025
v -0.01038079 0.005767714 0.025
v 0.001427504 -0.0109774 0.025
v -0.00748367 -0.009429988 0.025
v -0.00511469 0.01028787 0.025
v -0.01063403 -0.003832922 0.025
v -0.0092511 -0.004868553 0.025
v 0.008890558 -0.004697531 0.025
v 0.006578948 0.00788311 0.025
v -0.0100946 0.002444813 0.025
v 0.007850109 0.006009201 0.025
v 0.0001187263 -0.01188859 0.025
v 0.0003380115 0.01006123 0.025
v 0.004130139 -0.008886937 0.025
v -0.007871043 -0.006127375 0.025
v -0.001553354 0.009299789 0.025
v -0.007352815 0.006664058 0.025
v -0.009747184 0.0006669889 0.025
v 0.009581468 -0.0007950088 0.025
v -0.01099215 -0.002240985 0.025
v 0.003140635 0.002383896 0.025
v 0.009590468 0.001378673 0.025
v 0.009225693 -0.002813936 0.025
v -0.002066282 -0.009678757 0.025
v 0.003709761 0.01035948 0.025
v 0.007155232 -0.008892164 0.025
v -0.006088472 0.008323767 0.025
v -0.003868355 -0.009396635 0.025
v 0.008315264 -0.007982169 0.025
v -0.005329591 0.006332616 0.025
v 0.001000026 -0.008974474 0.025
v -0.008395435 0.003496918 0.025
v -0.009008206 -0.002940125 0.025
v -0.0003013528 -0.01015335 0.025
v -0.008680323 0.005261601 0.025
v 0.001966049 0.01074787 0.025
v -0.005677777 -0.00932671 0.025
v -0.003744916 0.008293576 0.025
v -0.00925983 -0.001088176 0.025
v 0.007077233 -0.005282255 0.025
v 0.002089114 0.008957231 0.025
v 0.002387639 -0.007897925 0.025
v 0.0002034946 0.008050786 0.025
v -0.006651716 -0.007610716 0.025
v 0.005563595 0.006064962 0.025
v -0.006774963 0.004692094 0.025
v -0.00842524 0.001842784 0.025
v 0.004169267 0.008031619 0.025
v 0.00731948 -0.003458734 0.025
v -0.007337132 -0.004088375 0.025
v 0.007820271 0.0003125523 0.025
v -0.002729917 -0.007609928 0.025
v 0.007548469 0.002329531 0.025
v 0.007608911 -0.001590988 0.025
v 0.006660146 0.004217528 0.025
v 0.005512471 -0.007932518 0.025
v -0.005846134 -0.005599964 0.025
v -0.003372607 0.005871958 0.025
v -0.001681862 0.007192653 0.025
v -0.006474178 0.002409261 0.025
v -0.0008280959 -0.008192485 0.025
v -0.007035975 -0.001768757 0.025
v 0.00548556 -0.0041656 0.025
v 0.006243443 0.001125414 0.025
v -0.004697213 -0.007411262 0.025
v 0.003573663 0.005945467 0.025
v -0.00479012 0.004175472 0.025
v 0.006942553 -0.007057209 0.025
v -0.001335909 -0.006021461 0.025
v 0.001966788 0.006905701 0.025
v 0.003841979 -0.006918582 0.025
v 0.005971231 -0.0005098804 0.025
v 0.0005755166 -0.006933742 0.025
v 0.005371568 0.00260223 0.025
v -0.005304776 -0.003437676 0.025
v -0.003532507 -0.005147055 0.025
v 0.004358731 0.00424596 0.025
v 0.005394312 -0.006036138 0.025
v 0.005698708 -0.002309074 0.025
v -0.007683389 0.0003015913 0.025
v 0.003751985 -0.004962738 0.025
v -0.00495259 -0.001456691 0.025
v -0.004157242 0.002062275 0.025
v -0.005630973 0.0003208807 0.025
v -0.001511624 -0.003635534 0.025
v 0.004489391 0.0008122886 0.025
v -0.003279339 -0.002435135 0.025
f 1 2 3
f 4 1 5
f 6 4 7
f 4 5 7
f 8 6 9
f 6 7 9
f 10 8 11
f 8 9 11
f 12 10 13
f 10 11 13
f 14 12 15
f 12 13 15
f 16 14 17
f 14 15 17
f 18 16 19
f 16 17 19
f 20 18 21
f 18 19 21
f 22 20 23
f 20 21 23
f 24 22 25
f 22 23 25
f 26 24 27
f 24 25 27
f 28 26 29
f 26 27 29
f 30 28 31
f 28 29 31
f 32 30 33
f 30 31 33
f 34 32 35
f 32 33 35
f 36 34 37
f 34 35 37
f 38 36 39
f 36 37 39
f 40 38 41
f 38 39 41
f 42 40 43
f 40 41 43
f 44 42 45
f 42 43 45
f 46 44 47
f 44 45 47
f 48 46 49
f 46 47 49
f 50 48 51
f 48 49 51
f 52 50 53
f 50 51 53
f 54 52 55
f 52 53 55
f 56 54 57
f 54 55 57
f 58 56 59
f 56 57 59
f 60 58 61
f 58 59 61
f 62 60 63
f 60 61 63
f 64 62 65
f 62 63 65
f 66 64 67
f 64 65 67
f 68 66 69
f 66 67 69
f 70 68 71
f 68 69 71
f 72 70 73
f 70 71 73
f 74 72 75
f 72 73 75
f 76 74 77
f 74 75 77
f 78 76 79
f 76 77 79
f 80 78 81
f 78 79 81
f 82 80 83
f 80 81 83
f 84 82 85
f 82 83 85
f 86 84 87
f 84 85 87
f 88 86 89
f 86 87 89
f 90 88 91
f 88 89 91
f 92 90 93
f 90 91 93
f 94 92 95
f 92 93 95
f 96 94 97
f 94 95 97
f 98 96 99
f 96 97 99
f 100 98 101
f 98 99 101
f 102 100 103
f 100 101 103
f 104 102 105
f 102 103 105
f 106 104 107
f 104 105 107
f 108 106 109
f 106 107 109
f 110 108 111
f 108 109 111
f 112 110 113
f 110 111 113
f 114 112 115
f 112 113 115
f 116 114 117
f 114 115 117
f 118 116 119
f 116 117 119
f 120 118 121
f 118 119 121
f 122 120 123
f 120 121 123
f 124 122 125
f 122 123 125
f 126 124 127
f 124 125 127
f 128 126 129
f 126 127 129
f 130 128 131
f 128 129 131
f 132 130 133
f 130 131 133
f 134 132 135
f 132 133 135
f 136 134 137
f 134 135 137
f 138 136 139
f 136 137 139
f 140 138 141
f 138 139 141
f 142 140 143
f 140 141 143
f 2 142 144
f 3 2 144
f 142 143 144
f 145 146 147
f 146 148 149
f 150 151 152
f 153 154 155
f 156 157 158
f 159 160 161
f 162 163 164
f 165 166 167
f 168 169 170
f 169 3 171
f 170 169 171
f 3 144 171
f 145 172 146
f 172 173 174
f 175 176 177
f 178 179 180
f 181 182 183
f 184 185 186
f 187 188 189
f 190 191 192
f 193 194 195
f 196 197 198
f 199 200 201
f 202 203 204
f 205 206 207
f 208 209 210
f 211 212 213
f 214 215 216
f 217 218 219
f 220 221 222
f 223 224 225
f 226 227 228
f 229 230 231
f 232 233 234
f 235 236 237
f 238 239 240
f 241 242 243
f 244 245 246
f 247 248 249
f 250 251 252
f 253 254 255
f 256 257 258
f 259 260 261
f 262 263 264
f 265 266 267
f 268 269 270
f 271 272 273
f 274 275 276
f 148 146 277
f 150 148 278
f 148 277 278
f 151 150 279
f 150 278 279
f 153 151 280
f 151 279 280
f 154 153 281
f 153 280 281
f 156 154 282
f 154 281 282
f 157 156 283
f 156 282 283
f 159 157 284
f 157 283 284
f 160 159 285
f 159 284 285
f 162 160 286
f 160 285 286
f 163 162 287
f 162 286 287
f 165 163 288
f 163 287 288
f 166 165 289
f 165 288 289
f 168 166 290
f 166 289 290
f 169 168 291
f 168 290 291
f 1 3 5
f 147 146 149
f 155 154 292
f 154 156 292
f 149 148 293
f 148 150 293
f 150 152 293
f 151 153 294
f 156 158 292
f 157 159 295
f 160 162 296
f 163 165 297
f 166 168 298
f 180 179 299
f 179 181 299
f 152 151 294
f 173 175 300
f 176 178 301
f 181 183 299
f 182 184 302
f 185 187 303
f 188 190 304
f 191 193 305
f 194 196 306
f 197 199 307
f 200 202 308
f 203 205 309
f 206 208 310
f 209 211 311
f 212 214 312
f 215 217 313
f 218 220 314
f 221 223 315
f 224 226 316
f 227 229 317
f 230 232 318
f 233 235 319
f 236 238 320
f 239 241 321
f 242 244 322
f 245 247 323
f 248 250 324
f 251 253 325
f 254 256 326
f 257 259 327
f 260 262 328
f 263 265 329
f 266 268 330
f 269 271 331
f 272 274 332
f 275 147 333
f 298 168 170
f 3 169 334
f 146 172 277
f 297 165 167
f 158 157 295
f 161 160 296
f 164 163 297
f 167 166 298
f 177 176 301
f 183 182 302
f 186 185 303
f 189 188 304
f 192 191 305
f 195 194 306
f 198 197 307
f 201 200 308
f 204 203 309
f 207 206 310
f 210 209 311
f 213 212 312
f 216 215 313
f 219 218 314
f 222 221 315
f 225 224 316
f 228 227 317
f 231 230 318
f 234 233 319
f 237 236 320
f 240 239 321
f 243 242 322
f 246 245 323
f 249 248 324
f 252 251 325
f 255 254 326
f 258 257 327
f 261 260 328
f 264 263 329
f 267 266 330
f 270 269 331
f 273 272 332
f 276 275 333
f 303 187 189
f 304 190 192
f 305 193 195
f 306 196 198
f 307 199 201
f 308 202 204
f 309 205 207
f 310 208 210
f 311 211 213
f 312 214 216
f 313 217 219
f 314 220 222
f 315 223 225
f 316 226 228
f 317 229 231
f 318 232 234
f 319 235 237
f 320 238 240
f 321 241 243
f 322 244 246
f 323 247 249
f 324 250 252
f 325 253 255
f 326 256 258
f 327 259 261
f 328 262 264
f 329 265 267
f 330 268 270
f 331 271 273
f 332 274 276
f 173 300 174
f 296 162 164
f 294 153 155
f 295 159 161
f 301 178 180
f 300 175 177
f 302 184 186
f 334 169 291
f 147 149 333
f 161 296 335
f 9 7 336
f 11 9 337
f 9 336 337
f 13 11 338
f 11 337 338
f 15 13 339
f 13 338 339
f 17 15 340
f 15 339 340
f 19 17 341
f 17 340 341
f 21 19 342
f 19 341 342
f 23 21 343
f 21 342 343
f 25 23 344
f 23 343 344
f 27 25 345
f 25 344 345
f 29 27 346
f 27 345 346
f 31 29 347
f 29 346 347
f 33 31 348
f 31 347 348
f 35 33 349
f 33 348 349
f 37 35 350
f 35 349 350
f 39 37 351
f 37 350 351
f 41 39 352
f 39 351 352
f 43 41 353
f 41 352 353
f 45 43 354
f 43 353 354
f 47 45 355
f 45 354 355
f 49 47 356
f 47 355 356
f 51 49 357
f 49 356 357
f 53 51 358
f 51 357 358
f 55 53 359
f 53 358 359
f 57 55 360
f 55 359 360
f 59 57 361
f 57 360 361
f 61 59 362
f 59 361 362
f 63 61 363
f 61 362 363
f 65 63 364
f 63 363 364
f 67 65 365
f 65 364 365
f 69 67 366
f 67 365 366
f 71 69 367
f 69 366 367
f 73 71 368
f 71 367 368
f 75 73 369
f 73 368 369
f 77 75 370
f 75 369 370
f 79 77 371
f 77 370 371
f 81 79 372
f 79 371 372
f 83 81 373
f 81 372 373
f 85 83 374
f 83 373 374
f 87 85 375
f 85 374 375
f 89 87 376
f 87 375 376
f 91 89 377
f 89 376 377
f 93 91 378
f 91 377 378
f 95 93 379
f 93 378 379
f 97 95 380
f 95 379 380
f 99 97 381
f 97 380 381
f 101 99 382
f 99 381 382
f 103 101 383
f 101 382 383
f 105 103 384
f 103 383 384
f 107 105 385
f 105 384 385
f 109 107 386
f 107 385 386
f 111 109 387
f 109 386 387
f 113 111 388
f 111 387 388
f 115 113 389
f 113 388 389
f 117 115 390
f 115 389 390
f 119 117 391
f 117 390 391
f 121 119 392
f 119 391 392
f 123 121 393
f 121 392 393
f 125 123 394
f 123 393 394
f 127 125 395
f 125 394 395
f 129 127 396
f 127 395 396
f 131 129 397
f 129 396 397
f 133 131 398
f 131 397 398
f 135 133 399
f 133 398 399
f 137 135 400
f 135 399 400
f 139 137 401
f 137 400 401
f 141 139 402
f 139 401 402
f 143 141 403
f 141 402 403
f 144 143 171
f 293 152 404
f 295 161 405
f 161 335 405
f 292 158 406
f 149 293 407
f 293 404 407
f 301 180 408
f 164 297 409
f 294 155 410
f 167 298 411
f 158 295 412
f 295 405 412
f 177 301 413
f 301 408 413
f 3 334 5
f 296 164 414
f 164 409 414
f 302 186 415
f 183 302 416
f 302 415 416
f 300 177 417
f 177 413 417
f 299 183 418
f 183 416 418
f 152 294 419
f 294 410 419
f 334 291 420
f 189 304 421
f 192 305 422
f 195 306 423
f 198 307 424
f 201 308 425
f 204 309 426
f 207 310 427
f 210 311 428
f 213 312 429
f 216 313 430
f 219 314 431
f 222 315 432
f 225 316 433
f 228 317 434
f 231 318 435
f 234 319 436
f 237 320 437
f 240 321 438
f 243 322 439
f 246 323 440
f 249 324 441
f 252 325 442
f 255 326 443
f 258 327 444
f 261 328 445
f 264 329 446
f 267 330 447
f 270 331 448
f 273 332 449
f 174 300 450
f 300 417 450
f 303 189 451
f 189 421 451
f 333 149 407
f 155 292 452
f 292 406 452
f 172 174 277
f 279 278 453
f 280 279 454
f 279 453 454
f 281 280 455
f 280 454 455
f 282 281 456
f 281 455 456
f 283 282 457
f 282 456 457
f 284 283 458
f 283 457 458
f 285 284 459
f 284 458 459
f 286 285 460
f 285 459 460
f 287 286 461
f 286 460 461
f 288 287 462
f 287 461 462
f 289 288 463
f 288 462 463
f 290 289 464
f 289 463 464
f 291 290 465
f 290 464 465
f 5 334 420
f 297 167 466
f 167 411 466
f 186 303 467
f 303 451 467
f 277 174 450
f 335 296 414
f 171 143 403
f 404 152 419
f 421 304 468
f 304 192 468
f 411 298 469
f 298 170 469
f 406 158 412
f 155 452 410
f 408 180 470
f 180 299 470
f 277 450 278
f 297 466 409
f 186 467 415
f 278 450 453
f 170 171 403
f 420 291 465
f 333 407 276
f 192 422 468
f 305 195 471
f 306 198 472
f 307 201 473
f 308 204 474
f 309 207 475
f 310 210 476
f 311 213 477
f 312 216 478
f 313 219 479
f 314 222 480
f 315 225 481
f 316 228 482
f 317 231 483
f 318 234 484
f 319 237 485
f 320 240 486
f 321 243 487
f 322 246 488
f 323 249 489
f 324 252 490
f 325 255 491
f 326 258 492
f 327 261 493
f 328 264 494
f 329 267 495
f 330 270 496
f 331 273 497
f 332 276 498
f 487 243 439
f 170 403 469
f 5 420 7
f 486 240 438
f 336 7 420
f 276 407 498
f 497 273 449
f 496 270 448
f 495 267 447
f 494 264 446
f 493 261 445
f 492 258 444
f 491 255 443
f 490 252 442
f 489 249 441
f 485 237 437
f 488 246 440
f 449 332 498
f 448 331 497
f 447 330 496
f 446 329 495
f 445 328 494
f 444 327 493
f 443 326 492
f 442 325 491
f 441 324 490
f 440 323 489
f 439 322 488
f 438 321 487
f 437 320 486
f 436 319 485
f 435 318 484
f 434 317 483
f 433 316 482
f 432 315 481
f 431 314 480
f 430 313 479
f 429 312 478
f 428 311 477
f 427 310 476
f 426 309 475
f 425 308 474
f 424 307 473
f 423 306 472
f 422 305 471
f 484 234 436
f 483 231 435
f 482 228 434
f 481 225 433
f 480 222 432
f 470 299 418
f 479 219 431
f 478 216 430
f 477 213 429
f 476 210 428
f 475 207 427
f 474 204 426
f 473 201 425
f 472 198 424
f 471 195 423
f 404 419 499
f 338 337 500
f 339 338 501
f 338 500 501
f 340 339 502
f 339 501 502
f 341 340 503
f 340 502 503
f 342 341 504
f 341 503 504
f 343 342 505
f 342 504 505
f 344 343 506
f 343 505 506
f 345 344 507
f 344 506 507
f 346 345 508
f 345 507 508
f 347 346 509
f 346 508 509
f 348 347 510
f 347 509 510
f 349 348 511
f 348 510 511
f 350 349 512
f 349 511 512
f 351 350 513
f 350 512 513
f 352 351 514
f 351 513 514
f 353 352 515
f 352 514 515
f 354 353 516
f 353 515 516
f 355 354 517
f 354 516 517
f 356 355 518
f 355 517 518
f 357 356 519
f 356 518 519
f 358 357 520
f 357 519 520
f 359 358 521
f 358 520 521
f 360 359 522
f 359 521 522
f 361 360 523
f 360 522 523
f 362 361 524
f 361 523 524
f 363 362 525
f 362 524 525
f 364 363 526
f 363 525 526
f 365 364 527
f 364 526 527
f 366 365 528
f 365 527 528
f 367 366 529
f 366 528 529
f 368 367 530
f 367 529 530
f 369 368 531
f 368 530 531
f 370 369 532
f 369 531 532
f 371 370 533
f 370 532 533
f 372 371 534
f 371 533 534
f 373 372 535
f 372 534 535
f 374 373 536
f 373 535 536
f 375 374 537
f 374 536 537
f 376 375 538
f 375 537 538
f 377 376 539
f 376 538 539
f 378 377 540
f 377 539 540
f 379 378 541
f 378 540 541
f 380 379 542
f 379 541 542
f 381 380 543
f 380 542 543
f 382 381 544
f 381 543 544
f 383 382 545
f 382 544 545
f 384 383 546
f 383 545 546
f 385 384 547
f 384 546 547
f 386 385 548
f 385 547 548
f 387 386 549
f 386 548 549
f 388 387 550
f 387 549 550
f 389 388 551
f 388 550 551
f 390 389 552
f 389 551 552
f 391 390 553
f 390 552 553
f 392 391 554
f 391 553 554
f 393 392 555
f 392 554 555
f 394 393 556
f 393 555 556
f 395 394 557
f 394 556 557
f 396 395 558
f 395 557 558
f 397 396 559
f 396 558 559
f 398 397 560
f 397 559 560
f 399 398 561
f 398 560 561
f 400 399 562
f 399 561 562
f 401 400 563
f 400 562 563
f 402 401 564
f 401 563 564
f 403 402 565
f 469 403 565
f 402 564 565
f 405 335 566
f 484 436 567
f 412 405 568
f 405 566 568
f 479 431 569
f 408 470 570
f 410 452 571
f 413 408 572
f 408 570 572
f 416 415 573
f 414 409 574
f 407 404 575
f 498 407 575
f 404 499 575
f 450 417 453
f 576 453 417
f 421 468 577
f 417 413 578
f 576 417 578
f 413 572 578
f 418 416 579
f 416 573 579
f 419 410 580
f 410 571 580
f 411 469 581
f 469 565 581
f 422 471 582
f 423 472 583
f 424 473 584
f 425 474 585
f 426 475 586
f 427 476 587
f 428 477 588
f 429 478 589
f 430 479 590
f 479 569 590
f 470 418 591
f 418 579 591
f 480 432 592
f 481 433 593
f 482 434 594
f 483 435 595
f 435 484 596
f 595 435 596
f 484 567 596
f 488 440 597
f 336 420 598
f 420 465 598
f 437 486 599
f 438 487 600
f 449 498 601
f 498 575 601
f 439 488 602
f 488 597 602
f 485 437 603
f 437 599 603
f 489 441 604
f 490 442 605
f 491 443 606
f 492 444 607
f 493 445 608
f 494 446 609
f 495 447 610
f 496 448 611
f 335 414 612
f 414 574 612
f 487 439 613
f 439 602 613
f 468 422 614
f 577 468 614
f 422 582 614
f 451 421 615
f 421 577 615
f 406 412 616
f 412 568 616
f 454 453 576
f 455 454 617
f 456 455 618
f 455 617 618
f 457 456 619
f 456 618 619
f 458 457 620
f 457 619 620
f 459 458 621
f 458 620 621
f 460 459 622
f 459 621 622
f 461 460 623
f 460 622 623
f 462 461 624
f 461 623 624
f 463 462 625
f 462 624 625
f 464 463 626
f 463 625 626
f 465 464 627
f 598 465 627
f 464 626 627
f 486 438 628
f 599 486 628
f 438 600 628
f 466 411 629
f 411 581 629
f 497 449 630
f 449 601 630
f 467 451 631
f 451 615 631
f 409 466 632
f 574 409 632
f 466 629 632
f 587 476 633
f 476 428 633
f 470 591 570
f 454 576 617
f 419 580 499
f 585 474 634
f 474 426 634
f 633 428 588
f 571 452 635
f 452 406 635
f 487 613 600
f 415 467 636
f 583 472 637
f 472 424 637
f 337 336 638
f 500 337 638
f 471 423 639
f 424 584 637
f 471 639 582
f 473 425 640
f 426 586 634
f 475 427 641
f 477 429 642
f 478 430 643
f 431 480 644
f 432 481 645
f 433 482 646
f 434 483 647
f 436 485 648
f 566 335 612
f 467 631 636
f 604 441 649
f 441 490 649
f 440 489 650
f 490 605 649
f 440 650 597
f 442 491 651
f 443 492 652
f 444 493 653
f 445 494 654
f 446 495 655
f 447 496 656
f 448 497 657
f 655 495 610
f 489 604 650
f 654 494 609
f 648 485 603
f 647 483 595
f 406 616 635
f 657 497 630
f 656 496 611
f 611 448 657
f 610 447 656
f 609 446 655
f 608 445 654
f 607 444 653
f 606 443 652
f 605 442 651
f 415 636 573
f 594 434 647
f 593 433 646
f 589 478 643
f 646 482 594
f 645 481 593
f 644 480 592
f 475 641 586
f 643 430 590
f 639 423 583
f 473 640 584
f 642 429 589
f 640 425 585
f 641 427 587
f 477 642 588
f 431 644 569
f 432 645 592
f 436 648 567
f 653 493 608
f 652 492 607
f 651 491 606
f 569 644 658
f 502 501 659
f 503 502 660
f 502 659 660
f 504 503 661
f 503 660 661
f 505 504 662
f 504 661 662
f 506 505 663
f 505 662 663
f 507 506 664
f 506 663 664
f 508 507 665
f 507 664 665
f 509 508 666
f 508 665 666
f 510 509 667
f 509 666 667
f 511 510 668
f 510 667 668
f 512 511 669
f 511 668 669
f 513 512 670
f 512 669 670
f 514 513 671
f 513 670 671
f 515 514 672
f 514 671 672
f 516 515 673
f 515 672 673
f 517 516 674
f 516 673 674
f 518 517 675
f 517 674 675
f 519 518 676
f 518 675 676
f 520 519 677
f 519 676 677
f 521 520 678
f 520 677 678
f 522 521 679
f 521 678 679
f 523 522 680
f 522 679 680
f 524 523 681
f 523 680 681
f 525 524 682
f 524 681 682
f 526 525 683
f 525 682 683
f 527 526 684
f 526 683 684
f 528 527 685
f 527 684 685
f 529 528 686
f 528 685 686
f 530 529 687
f 529 686 687
f 531 530 688
f 530 687 688
f 532 531 689
f 531 688 689
f 533 532 690
f 532 689 690
f 534 533 691
f 533 690 691
f 535 534 692
f 534 691 692
f 536 535 693
f 535 692 693
f 537 536 694
f 536 693 694
f 538 537 695
f 537 694 695
f 539 538 696
f 538 695 696
f 540 539 697
f 539 696 697
f 541 540 698
f 540 697 698
f 542 541 699
f 541 698 699
f 543 542 700
f 542 699 700
f 544 543 701
f 543 700 701
f 545 544 702
f 544 701 702
f 546 545 703
f 545 702 703
f 547 546 704
f 546 703 704
f 548 547 705
f 547 704 705
f 549 548 706
f 548 705 706
f 550 549 707
f 549 706 707
f 551 550 708
f 550 707 708
f 552 551 709
f 551 708 709
f 553 552 710
f 552 709 710
f 554 553 711
f 553 710 711
f 555 554 712
f 554 711 712
f 556 555 713
f 555 712 713
f 557 556 714
f 556 713 714
f 558 557 715
f 557 714 715
f 559 558 716
f 558 715 716
f 560 559 717
f 559 716 717
f 561 560 718
f 560 717 718
f 562 561 719
f 561 718 719
f 563 562 720
f 562 719 720
f 564 563 721
f 563 720 721
f 565 564 722
f 581 565 722
f 564 721 722
f 653 608 723
f 647 595 724
f 579 573 725
f 592 645 726
f 643 590 727
f 642 589 728
f 656 611 729
f 575 499 730
f 601 575 730
f 499 580 730
f 657 630 731
f 572 570 732
f 582 639 733
f 586 641 734
f 594 647 735
f 647 724 735
f 604 649 736
f 617 576 737
f 576 578 737
f 568 566 738
f 583 637 739
f 615 577 740
f 638 336 598
f 580 571 741
f 500 638 742
f 501 500 743
f 500 742 743
f 585 634 744
f 584 640 745
f 637 584 746
f 584 745 746
f 634 586 747
f 744 634 747
f 586 734 747
f 633 588 748
f 588 642 749
f 642 728 749
f 640 585 750
f 745 640 750
f 585 744 750
f 646 594 751
f 594 735 751
f 639 583 752
f 733 639 752
f 583 739 752
f 591 579 753
f 579 725 753
f 567 648 754
f 644 592 755
f 658 644 755
f 592 726 755
f 589 643 756
f 643 727 756
f 593 646 757
f 646 751 757
f 635 616 758
f 629 581 759
f 581 722 759
f 587 633 760
f 633 748 760
f 597 650 761
f 602 597 762
f 597 761 762
f 603 599 763
f 654 609 764
f 605 651 765
f 606 652 766
f 607 653 767
f 653 723 767
f 648 603 768
f 603 763 768
f 608 654 769
f 654 764 769
f 650 604 770
f 604 736 770
f 611 657 771
f 729 611 771
f 657 731 771
f 610 656 772
f 656 729 772
f 636 631 773
f 655 610 774
f 610 772 774
f 613 602 775
f 602 762 775
f 616 568 776
f 568 738 776
f 600 613 777
f 613 775 777
f 618 617 778
f 617 737 778
f 619 618 779
f 618 778 779
f 620 619 780
f 619 779 780
f 621 620 781
f 620 780 781
f 622 621 782
f 621 781 782
f 623 622 783
f 622 782 783
f 624 623 784
f 623 783 784
f 625 624 785
f 624 784 785
f 626 625 786
f 625 785 786
f 630 601 787
f 731 630 787
f 601 730 787
f 631 615 788
f 773 631 788
f 615 740 788
f 612 574 789
f 573 636 790
f 725 573 790
f 636 773 790
f 590 569 791
f 727 590 791
f 569 658 791
f 638 598 792
f 598 627 792
f 648 768 754
f 742 638 792
f 724 595 793
f 595 596 793
f 740 577 794
f 577 614 794
f 589 756 728
f 739 637 746
f 608 769 723
f 738 566 795
f 566 612 795
f 612 789 795
f 578 572 796
f 737 578 796
f 572 732 796
f 741 571 797
f 571 635 797
f 635 758 797
f 501 743 659
f 748 588 749
f 734 641 798
f 641 587 798
f 730 580 741
f 570 591 799
f 726 645 800
f 645 593 800
f 758 616 776
f 628 600 801
f 600 777 801
f 570 799 732
f 761 650 770
f 649 605 802
f 651 606 803
f 652 607 804
f 609 655 805
f 789 574 806
f 574 632 806
f 655 774 805
f 614 582 807
f 582 733 807
f 786 792 626
f 599 628 808
f 763 599 808
f 628 801 808
f 632 629 809
f 806 632 809
f 629 759 809
f 766 652 804
f 765 651 803
f 596 567 810
f 793 596 810
f 567 754 810
f 764 609 805
f 798 587 760
f 800 593 757
f 799 591 753
f 804 607 767
f 803 606 766
f 802 605 765
f 649 802 736
f 743 742 811
f 805 774 812
f 800 757 813
f 661 660 814
f 662 661 815
f 661 814 815
f 663 662 816
f 662 815 816
f 664 663 817
f 663 816 817
f 665 664 818
f 664 817 818
f 666 665 819
f 665 818 819
f 667 666 820
f 666 819 820
f 668 667 821
f 667 820 821
f 669 668 822
f 668 821 822
f 670 669 823
f 669 822 823
f 671 670 824
f 670 823 824
f 672 671 825
f 671 824 825
f 673 672 826
f 672 825 826
f 674 673 827
f 673 826 827
f 675 674 828
f 674 827 828
f 676 675 829
f 675 828 829
f 677 676 830
f 676 829 830
f 678 677 831
f 677 830 831
f 679 678 832
f 678 831 832
f 680 679 833
f 679 832 833
f 681 680 834
f 680 833 834
f 682 681 835
f 681 834 835
f 683 682 836
f 682 835 836
f 684 683 837
f 683 836 837
f 685 684 838
f 684 837 838
f 686 685 839
f 685 838 839
f 687 686 840
f 686 839 840
f 688 687 841
f 687 840 841
f 689 688 842
f 688 841 842
f 690 689 843
f 689 842 843
f 691 690 844
f 690 843 844
f 692 691 845
f 691 844 845
f 693 692 846
f 692 845 846
f 694 693 847
f 693 846 847
f 695 694 848
f 694 847 848
f 696 695 849
f 695 848 849
f 697 696 850
f 696 849 850
f 698 697 851
f 697 850 851
f 699 698 852
f 698 851 852
f 700 699 853
f 699 852 853
f 701 700 854
f 700 853 854
f 702 701 855
f 701 854 855
f 703 702 856
f 702 855 856
f 704 703 857
f 703 856 857
f 705 704 858
f 704 857 858
f 706 705 859
f 705 858 859
f 707 706 860
f 706 859 860
f 708 707 861
f 707 860 861
f 709 708 862
f 708 861 862
f 710 709 863
f 709 862 863
f 711 710 864
f 710 863 864
f 712 711 865
f 711 864 865
f 713 712 866
f 712 865 866
f 714 713 867
f 713 866 867
f 715 714 868
f 714 867 868
f 716 715 869
f 715 868 869
f 717 716 870
f 716 869 870
f 718 717 871
f 717 870 871
f 719 718 872
f 718 871 872
f 720 719 873
f 719 872 873
f 721 720 874
f 720 873 874
f 722 721 875
f 759 722 875
f 721 874 875
f 764 805 876
f 805 812 876
f 799 753 877
f 659 743 878
f 743 811 878
f 761 770 879
f 741 797 880
f 728 756 881
f 804 767 882
f 732 799 883
f 799 877 883
f 738 795 884
f 735 724 885
f 754 768 886
f 723 769 887
f 730 741 787
f 749 728 888
f 728 881 888
f 772 729 889
f 734 798 890
f 739 746 891
f 726 800 892
f 800 813 892
f 762 761 893
f 761 879 893
f 758 776 894
f 766 804 895
f 804 882 895
f 760 748 896
f 660 659 897
f 814 660 897
f 659 878 897
f 736 802 898
f 748 749 899
f 749 888 899
f 765 803 900
f 803 766 901
f 900 803 901
f 766 895 901
f 798 760 902
f 890 798 902
f 760 896 902
f 769 764 903
f 764 876 903
f 770 736 904
f 736 898 904
f 774 772 905
f 772 889 905
f 775 762 906
f 762 893 906
f 776 738 907
f 738 884 907
f 777 775 908
f 775 906 908
f 778 737 909
f 737 796 909
f 779 778 910
f 778 909 910
f 780 779 911
f 779 910 911
f 781 780 912
f 780 911 912
f 782 781 913
f 781 912 913
f 783 782 914
f 782 913 914
f 784 783 915
f 783 914 915
f 785 784 916
f 784 915 916
f 767 723 917
f 723 887 917
f 751 735 918
f 735 885 918
f 776 907 894
f 770 904 879
f 759 875 809
f 794 614 807
f 877 753 919
f 753 725 919
f 774 905 812
f 745 750 920
f 727 791 921
f 773 788 922
f 767 917 882
f 785 916 811
f 733 752 923
f 769 903 887
f 732 883 796
f 884 795 924
f 795 789 924
f 744 747 925
f 880 797 926
f 797 758 926
f 787 741 927
f 731 787 927
f 741 880 927
f 747 734 928
f 734 890 928
f 889 729 929
f 729 771 929
f 750 744 930
f 744 925 930
f 752 739 931
f 739 891 931
f 755 726 932
f 726 892 932
f 658 755 933
f 755 932 933
f 757 751 934
f 801 777 935
f 777 908 935
f 896 748 899
f 791 658 936
f 658 933 936
f 740 794 937
f 813 757 934
f 756 727 938
f 802 765 939
f 768 763 940
f 771 731 941
f 929 771 941
f 731 927 941
f 807 733 942
f 733 923 942
f 786 785 811
f 765 900 939
f 790 773 943
f 773 922 943
f 725 790 944
f 790 943 944
f 886 768 940
f 788 740 945
f 922 788 945
f 740 937 945
f 810 754 946
f 754 886 946
f 885 724 947
f 724 793 947
f 746 745 948
f 940 763 949
f 763 808 949
f 919 725 944
f 727 921 938
f 786 811 742
f 926 758 894
f 924 789 950
f 789 806 950
f 756 938 881
f 934 751 918
f 786 742 792
f 802 939 898
f 746 948 891
f 948 745 920
f 896 899 951
f 883 877 952
f 923 752 931
f 816 815 953
f 817 816 954
f 816 953 954
f 818 817 955
f 817 954 955
f 819 818 956
f 818 955 956
f 820 819 957
f 819 956 957
f 821 820 958
f 820 957 958
f 822 821 959
f 821 958 959
f 823 822 960
f 822 959 960
f 824 823 961
f 823 960 961
f 825 824 962
f 824 961 962
f 826 825 963
f 825 962 963
f 827 826 964
f 826 963 964
f 828 827 965
f 827 964 965
f 829 828 966
f 828 965 966
f 830 829 967
f 829 966 967
f 831 830 968
f 830 967 968
f 832 831 969
f 831 968 969
f 833 832 970
f 832 969 970
f 834 833 971
f 833 970 971
f 835 834 972
f 834 971 972
f 836 835 973
f 835 972 973
f 837 836 974
f 836 973 974
f 838 837 975
f 837 974 975
f 839 838 976
f 838 975 976
f 840 839 977
f 839 976 977
f 841 840 978
f 840 977 978
f 842 841 979
f 841 978 979
f 843 842 980
f 842 979 980
f 844 843 981
f 843 980 981
f 845 844 982
f 844 981 982
f 846 845 983
f 845 982 983
f 847 846 984
f 846 983 984
f 848 847 985
f 847 984 985
f 849 848 986
f 848 985 986
f 850 849 987
f 849 986 987
f 851 850 988
f 850 987 988
f 852 851 989
f 851 988 989
f 853 852 990
f 852 989 990
f 854 853 991
f 853 990 991
f 855 854 992
f 854 991 992
f 856 855 993
f 855 992 993
f 857 856 994
f 856 993 994
f 858 857 995
f 857 994 995
f 859 858 996
f 858 995 996
f 860 859 997
f 859 996 997
f 861 860 998
f 860 997 998
f 862 861 999
f 861 998 999
f 863 862 1000
f 862 999 1000
f 864 863 1001
f 863 1000 1001
f 865 864 1002
f 864 1001 1002
f 866 865 1003
f 865 1002 1003
f 867 866 1004
f 866 1003 1004
f 868 867 1005
f 867 1004 1005
f 869 868 1006
f 868 1005 1006
f 870 869 1007
f 869 1006 1007
f 871 870 1008
f 870 1007 1008
f 872 871 1009
f 871 1008 1009
f 873 872 1010
f 872 1009 1010
f 874 873 1011
f 873 1010 1011
f 875 874 1012
f 809 875 1012
f 874 1011 1012
f 811 916 878
f 1013 878 916
f 921 791 936
f 920 750 930
f 938 921 1014
f 882 917 1015
f 627 626 792
f 887 903 1016
f 884 924 1017
f 925 747 928
f 894 907 1018
f 796 883 909
f 934 918 1019
f 880 926 1020
f 927 880 1021
f 941 927 1021
f 880 1020 1021
f 812 905 1022
f 888 881 1023
f 893 879 1024
f 898 939 1025
f 876 812 1026
f 812 1022 1026
f 886 940 1027
f 937 794 1028
f 794 807 1028
f 813 934 1029
f 934 1019 1029
f 891 948 1030
f 899 888 1031
f 888 1023 1031
f 806 809 1012
f 926 894 1032
f 894 1018 1032
f 793 810 1033
f 947 793 1033
f 810 946 1033
f 904 898 1034
f 898 1025 1034
f 881 938 1035
f 1023 881 1035
f 938 1014 1035
f 906 893 1036
f 893 1024 1036
f 895 882 1037
f 882 1015 1037
f 907 884 1038
f 884 1017 1038
f 908 906 1039
f 906 1036 1039
f 892 813 1040
f 813 1029 1040
f 911 910 1041
f 808 801 1042
f 949 808 1042
f 801 935 1042
f 912 911 1043
f 911 1041 1043
f 913 912 1044
f 912 1043 1044
f 914 913 1045
f 913 1044 1045
f 915 914 1046
f 914 1045 1046
f 916 915 1013
f 917 887 1047
f 1015 917 1047
f 887 1016 1047
f 919 944 1048
f 903 876 1049
f 876 1026 1049
f 909 883 1050
f 910 909 1050
f 883 952 1050
f 923 931 1051
f 953 815 1052
f 815 814 1052
f 946 886 1053
f 886 1027 1053
f 926 1032 1020
f 1048 944 1054
f 944 943 1054
f 1014 921 1055
f 921 936 1055
f 907 1038 1018
f 1017 924 1056
f 924 950 1056
f 928 890 1057
f 950 806 1012
f 925 928 1058
f 928 1057 1058
f 901 895 1059
f 895 1037 1059
f 897 878 1060
f 878 1013 1060
f 1019 918 1061
f 918 885 1061
f 1016 903 1049
f 935 908 1062
f 908 1039 1062
f 942 923 1063
f 923 1051 1063
f 930 925 1064
f 925 1058 1064
f 889 929 1065
f 1028 807 942
f 931 891 1066
f 1051 931 1066
f 891 1030 1066
f 879 904 1067
f 932 892 1068
f 892 1040 1068
f 933 932 1069
f 932 1068 1069
f 910 1050 1041
f 877 919 1070
f 1027 940 1071
f 940 949 1071
f 1013 915 1046
f 937 1028 1072
f 936 933 1073
f 933 1069 1073
f 1030 948 1074
f 948 920 1074
f 899 1031 951
f 1025 939 1075
f 939 900 1075
f 814 897 1076
f 1052 814 1076
f 897 1060 1076
f 920 930 1077
f 1074 920 1077
f 930 1064 1077
f 902 896 1078
f 896 951 1078
f 952 877 1070
f 922 945 1079
f 900 901 1080
f 1075 900 1080
f 901 1059 1080
f 905 889 1081
f 879 1067 1024
f 1067 904 1034
f 943 922 1082
f 1054 943 1082
f 922 1079 1082
f 945 937 1083
f 1079 945 1083
f 937 1072 1083
f 1022 905 1081
f 1061 885 1084
f 885 947 1084
f 889 1065 1081
f 1070 919 1048
f 953 1052 1085
f 955 954 1086
f 956 955 1087
f 955 1086 1087
f 957 956 1088
f 956 1087 1088
f 958 957 1089
f 957 1088 1089
f 959 958 1090
f 958 1089 1090
f 960 959 1091
f 959 1090 1091
f 961 960 1092
f 960 1091 1092
f 962 961 1093
f 961 1092 1093
f 963 962 1094
f 962 1093 1094
f 964 963 1095
f 963 1094 1095
f 965 964 1096
f 964 1095 1096
f 966 965 1097
f 965 1096 1097
f 967 966 1098
f 966 1097 1098
f 968 967 1099
f 967 1098 1099
f 969 968 1100
f 968 1099 1100
f 970 969 1101
f 969 1100 1101
f 971 970 1102
f 970 1101 1102
f 972 971 1103
f 971 1102 1103
f 973 972 1104
f 972 1103 1104
f 974 973 1105
f 973 1104 1105
f 975 974 1106
f 974 1105 1106
f 976 975 1107
f 975 1106 1107
f 977 976 1108
f 976 1107 1108
f 978 977 1109
f 977 1108 1109
f 979 978 1110
f 978 1109 1110
f 980 979 1111
f 979 1110 1111
f 981 980 1112
f 980 1111 1112
f 982 981 1113
f 981 1112 1113
f 983 982 1114
f 982 1113 1114
f 984 983 1115
f 983 1114 1115
f 985 984 1116
f 984 1115 1116
f 986 985 1117
f 985 1116 1117
f 987 986 1118
f 986 1117 1118
f 988 987 1119
f 987 1118 1119
f 989 988 1120
f 988 1119 1120
f 990 989 1121
f 989 1120 1121
f 991 990 1122
f 990 1121 1122
f 992 991 1123
f 991 1122 1123
f 993 992 1124
f 992 1123 1124
f 994 993 1125
f 993 1124 1125
f 995 994 1126
f 994 1125 1126
f 996 995 1127
f 995 1126 1127
f 997 996 1128
f 996 1127 1128
f 998 997 1129
f 997 1128 1129
f 999 998 1130
f 998 1129 1130
f 1000 999 1131
f 999 1130 1131
f 1001 1000 1132
f 1000 1131 1132
f 1002 1001 1133
f 1001 1132 1133
f 1003 1002 1134
f 1002 1133 1134
f 1004 1003 1135
f 1003 1134 1135
f 1005 1004 1136
f 1004 1135 1136
f 1006 1005 1137
f 1005 1136 1137
f 1007 1006 1138
f 1006 1137 1138
f 1008 1007 1139
f 1007 1138 1139
f 1009 1008 1140
f 1008 1139 1140
f 1010 1009 1141
f 1009 1140 1141
f 1012 1011 950
f 1067 1034 1142
f 1030 1074 1143
f 1018 1038 1144
f 1057 890 1145
f 1058 1057 1146
f 1031 1023 1147
f 1020 1032 1148
f 1081 1065 1149
f 1036 1024 1150
f 1028 942 1151
f 942 1063 1151
f 1041 1050 1152
f 1050 952 1152
f 1026 1022 1153
f 1072 1028 1151
f 890 902 1145
f 1029 1019 1154
f 1070 1048 1155
f 952 1070 1156
f 1152 952 1156
f 1070 1155 1156
f 1032 1018 1157
f 1018 1144 1157
f 1022 1081 1158
f 1153 1022 1158
f 1081 1149 1158
f 954 953 1159
f 1086 954 1159
f 953 1085 1159
f 929 941 1160
f 1065 929 1160
f 941 1021 1160
f 1024 1067 1161
f 1150 1024 1161
f 1067 1142 1161
f 1037 1015 1162
f 1039 1036 1163
f 1036 1150 1163
f 1040 1029 1164
f 1029 1154 1164
f 951 1031 1165
f 1031 1147 1165
f 1044 1043 1166
f 1045 1044 1167
f 1044 1166 1167
f 1046 1045 1168
f 1045 1167 1168
f 1049 1026 1169
f 1026 1153 1169
f 1016 1049 1170
f 1049 1169 1170
f 1043 1041 1171
f 1166 1043 1171
f 1041 1152 1171
f 1025 1075 1172
f 1013 1046 1173
f 1060 1013 1173
f 1046 1168 1173
f 950 1011 1174
f 1056 950 1174
f 1011 1010 1174
f 1145 902 1078
f 1053 1027 1175
f 1083 1072 1176
f 1010 1141 1174
f 1143 1074 1177
f 1074 1077 1177
f 1145 1078 1178
f 1142 1034 1179
f 1034 1025 1179
f 1021 1020 1180
f 1160 1021 1180
f 1020 1148 1180
f 1055 936 1073
f 1176 1072 1181
f 1072 1151 1181
f 1057 1145 1182
f 1025 1172 1179
f 1061 1084 1183
f 1059 1037 1184
f 1037 1162 1184
f 1017 1056 1185
f 1175 1027 1186
f 1027 1071 1186
f 1062 1039 1187
f 1039 1163 1187
f 1063 1051 1188
f 1064 1058 1189
f 1058 1146 1189
f 1145 1178 1182
f 1066 1030 1190
f 1030 1143 1190
f 1068 1040 1191
f 1040 1164 1191
f 1051 1066 1192
f 1188 1051 1192
f 1066 1190 1192
f 1069 1068 1193
f 1068 1191 1193
f 1071 949 1194
f 949 1042 1194
f 1065 1160 1195
f 1149 1065 1195
f 1160 1180 1195
f 1085 1052 1196
f 1052 1076 1196
f 1057 1182 1146
f 1073 1069 1197
f 1069 1193 1197
f 1155 1048 1198
f 1048 1054 1198
f 1154 1019 1199
f 1019 1061 1199
f 1078 951 1200
f 951 1165 1200
f 1032 1157 1148
f 1162 1015 1201
f 1015 1047 1201
f 1033 946 1202
f 946 1053 1202
f 1035 1014 1203
f 1042 935 1204
f 1194 1042 1204
f 935 1062 1204
f 1038 1017 1205
f 1079 1083 1206
f 1083 1176 1206
f 1147 1023 1207
f 1023 1035 1207
f 1082 1079 1208
f 1079 1206 1208
f 1172 1075 1209
f 1075 1080 1209
f 1047 1016 1210
f 1016 1170 1210
f 1038 1205 1144
f 1061 1183 1199
f 1017 1185 1205
f 1203 1014 1211
f 1014 1055 1211
f 1088 1087 1212
f 1089 1088 1213
f 1088 1212 1213
f 1090 1089 1214
f 1089 1213 1214
f 1091 1090 1215
f 1090 1214 1215
f 1092 1091 1216
f 1091 1215 1216
f 1093 1092 1217
f 1092 1216 1217
f 1094 1093 1218
f 1093 1217 1218
f 1095 1094 1219
f 1094 1218 1219
f 1096 1095 1220
f 1095 1219 1220
f 1097 1096 1221
f 1096 1220 1221
f 1098 1097 1222
f 1097 1221 1222
f 1099 1098 1223
f 1098 1222 1223
f 1100 1099 1224
f 1099 1223 1224
f 1101 1100 1225
f 1100 1224 1225
f 1102 1101 1226
f 1101 1225 1226
f 1103 1102 1227
f 1102 1226 1227
f 1104 1103 1228
f 1103 1227 1228
f 1105 1104 1229
f 1104 1228 1229
f 1106 1105 1230
f 1105 1229 1230
f 1107 1106 1231
f 1106 1230 1231
f 1108 1107 1232
f 1107 1231 1232
f 1109 1108 1233
f 1108 1232 1233
f 1110 1109 1234
f 1109 1233 1234
f 1111 1110 1235
f 1110 1234 1235
f 1112 1111 1236
f 1111 1235 1236
f 1113 1112 1237
f 1112 1236 1237
f 1114 1113 1238
f 1113 1237 1238
f 1115 1114 1239
f 1114 1238 1239
f 1116 1115 1240
f 1115 1239 1240
f 1117 1116 1241
f 1116 1240 1241
f 1118 1117 1242
f 1117 1241 1242
f 1119 1118 1243
f 1118 1242 1243
f 1120 1119 1244
f 1119 1243 1244
f 1121 1120 1245
f 1120 1244 1245
f 1122 1121 1246
f 1121 1245 1246
f 1123 1122 1247
f 1122 1246 1247
f 1124 1123 1248
f 1123 1247 1248
f 1125 1124 1249
f 1124 1248 1249
f 1126 1125 1250
f 1125 1249 1250
f 1127 1126 1251
f 1126 1250 1251
f 1128 1127 1252
f 1127 1251 1252
f 1129 1128 1253
f 1128 1252 1253
f 1130 1129 1254
f 1129 1253 1254
f 1131 1130 1255
f 1130 1254 1255
f 1132 1131 1256
f 1131 1255 1256
f 1133 1132 1257
f 1132 1256 1257
f 1134 1133 1258
f 1133 1257 1258
f 1135 1134 1259
f 1134 1258 1259
f 1136 1135 1260
f 1135 1259 1260
f 1137 1136 1261
f 1136 1260 1261
f 1138 1137 1262
f 1137 1261 1262
f 1139 1138 1263
f 1138 1262 1263
f 1140 1139 1264
f 1139 1263 1264
f 1141 1140 1265
f 1140 1264 1265
f 1178 1078 1200
f 1142 1179 1266
f 1154 1199 1267
f 947 1033 1268
f 1182 1178 1269
f 1183 1084 1270
f 1056 1174 1185
f 1055 1073 1271
f 1073 1197 1271
f 1077 1064 1272
f 1064 1189 1272
f 1035 1203 1207
f 1157 1144 1273
f 1054 1082 1274
f 1198 1054 1274
f 1082 1208 1274
f 1205 1185 1275
f 1151 1063 1276
f 1063 1188 1276
f 1076 1060 1277
f 1196 1076 1277
f 1060 1173 1277
f 1080 1059 1278
f 1059 1184 1278
f 1167 1166 1279
f 1163 1150 1280
f 1206 1176 1281
f 1164 1154 1282
f 1154 1267 1282
f 1165 1147 1283
f 1168 1167 1284
f 1167 1279 1284
f 1169 1153 1285
f 1170 1169 1286
f 1169 1285 1286
f 1268 1033 1202
f 1144 1205 1287
f 1273 1144 1287
f 1205 1275 1287
f 1146 1182 1288
f 1182 1269 1288
f 1084 947 1268
f 1084 1268 1270
f 1185 1174 1141
f 1053 1175 1289
f 1053 1289 1202
f 1177 1077 1272
f 1267 1199 1290
f 1199 1183 1290
f 1266 1179 1291
f 1179 1172 1291
f 1180 1148 1195
f 1186 1071 1292
f 1071 1194 1292
f 1181 1151 1276
f 1155 1198 1293
f 1270 1268 1294
f 1268 1202 1294
f 1195 1148 1295
f 1149 1195 1295
f 1148 1157 1295
f 1289 1175 1296
f 1149 1295 1297
f 1211 1055 1271
f 1143 1177 1298
f 1087 1086 1299
f 1156 1155 1300
f 1155 1293 1300
f 1188 1192 1301
f 1187 1163 1302
f 1163 1280 1302
f 1193 1191 1303
f 1207 1203 1304
f 1184 1162 1305
f 1190 1143 1306
f 1143 1298 1306
f 1161 1142 1307
f 1142 1266 1307
f 1191 1164 1308
f 1303 1191 1308
f 1164 1282 1308
f 1276 1188 1309
f 1188 1301 1309
f 1159 1085 1310
f 1281 1176 1311
f 1176 1181 1311
f 1185 1141 1265
f 1197 1193 1312
f 1193 1303 1312
f 1275 1185 1265
f 1200 1165 1313
f 1165 1283 1313
f 1204 1062 1314
f 1062 1187 1314
f 1201 1047 1210
f 1152 1156 1171
f 1280 1150 1315
f 1150 1161 1315
f 1158 1149 1297
f 1212 1087 1299
f 1279 1166 1300
f 1283 1147 1316
f 1147 1207 1316
f 1157 1273 1295
f 1208 1206 1317
f 1206 1281 1317
f 1209 1080 1278
f 1296 1175 1318
f 1175 1186 1318
f 1210 1170 1319
f 1170 1286 1319
f 1166 1171 1300
f 1285 1153 1320
f 1153 1158 1320
f 1178 1200 1321
f 1200 1313 1321
f 1173 1168 1322
f 1277 1173 1322
f 1168 1284 1322
f 1085 1196 1310
f 1305 1162 1323
f 1162 1201 1323
f 1189 1146 1324
f 1146 1288 1324
f 1304 1203 1325
f 1203 1211 1325
f 1290 1183 1326
f 1183 1270 1326
f 1291 1172 1327
f 1172 1209 1327
f 1299 1086 1328
f 1086 1159 1328
f 1178 1321 1269
f 1202 1289 1294
f 1213 1212 1329
f 1295 1273 1297
f 1214 1213 1330
f 1213 1329 1330
f 1215 1214 1331
f 1214 1330 1331
f 1216 1215 1332
f 1215 1331 1332
f 1217 1216 1333
f 1216 1332 1333
f 1218 1217 1334
f 1217 1333 1334
f 1219 1218 1335
f 1218 1334 1335
f 1220 1219 1336
f 1219 1335 1336
f 1221 1220 1337
f 1220 1336 1337
f 1222 1221 1338
f 1221 1337 1338
f 1223 1222 1339
f 1222 1338 1339
f 1224 1223 1340
f 1223 1339 1340
f 1225 1224 1341
f 1224 1340 1341
f 1226 1225 1342
f 1225 1341 1342
f 1227 1226 1343
f 1226 1342 1343
f 1228 1227 1344
f 1227 1343 1344
f 1229 1228 1345
f 1228 1344 1345
f 1230 1229 1346
f 1229 1345 1346
f 1231 1230 1347
f 1230 1346 1347
f 1232 1231 1348
f 1231 1347 1348
f 1233 1232 1349
f 1232 1348 1349
f 1234 1233 1350
f 1233 1349 1350
f 1235 1234 1351
f 1234 1350 1351
f 1236 1235 1352
f 1235 1351 1352
f 1237 1236 1353
f 1236 1352 1353
f 1238 1237 1354
f 1237 1353 1354
f 1239 1238 1355
f 1238 1354 1355
f 1240 1239 1356
f 1239 1355 1356
f 1241 1240 1357
f 1240 1356 1357
f 1242 1241 1358
f 1241 1357 1358
f 1243 1242 1359
f 1242 1358 1359
f 1244 1243 1360
f 1243 1359 1360
f 1245 1244 1361
f 1244 1360 1361
f 1246 1245 1362
f 1245 1361 1362
f 1247 1246 1363
f 1246 1362 1363
f 1248 1247 1364
f 1247 1363 1364
f 1249 1248 1365
f 1248 1364 1365
f 1250 1249 1366
f 1249 1365 1366
f 1251 1250 1367
f 1250 1366 1367
f 1252 1251 1368
f 1251 1367 1368
f 1253 1252 1369
f 1252 1368 1369
f 1254 1253 1370
f 1253 1369 1370
f 1255 1254 1371
f 1254 1370 1371
f 1256 1255 1372
f 1255 1371 1372
f 1257 1256 1373
f 1256 1372 1373
f 1258 1257 1374
f 1257 1373 1374
f 1259 1258 1375
f 1258 1374 1375
f 1260 1259 1376
f 1259 1375 1376
f 1261 1260 1377
f 1260 1376 1377
f 1262 1261 1378
f 1261 1377 1378
f 1263 1262 1379
f 1262 1378 1379
f 1264 1263 1380
f 1263 1379 1380
f 1265 1264 1381
f 1275 1265 1381
f 1264 1380 1381
f 1181 1276 1382
f 1276 1309 1382
f 1293 1198 1383
f 1198 1274 1383
f 1298 1177 1384
f 1177 1272 1384
f 1271 1197 1385
f 1197 1312 1385
f 1272 1189 1386
f 1189 1324 1386
f 1300 1293 1279
f 1387 1279 1293
f 1156 1300 1171
f 1301 1192 1388
f 1192 1190 1388
f 1269 1321 1389
f 1158 1297 1320
f 1207 1304 1316
f 1284 1279 1387
f 1288 1269 1390
f 1269 1389 1390
f 1282 1267 1391
f 1201 1210 1392
f 1323 1201 1392
f 1210 1319 1392
f 1159 1310 1328
f 1278 1184 1393
f 1184 1305 1393
f 1286 1285 1394
f 1266 1291 1395
f 1194 1204 1396
f 1292 1194 1396
f 1204 1314 1396
f 1209 1278 1397
f 1327 1209 1397
f 1278 1393 1397
f 1310 1196 1398
f 1297 1273 1399
f 1329 1212 1400
f 1212 1299 1400
f 1398 1196 1277
f 1272 1386 1384
f 1310 1398 1401
f 1275 1381 1287
f 1310 1401 1328
f 1287 1402 1273
f 1302 1280 1403
f 1181 1382 1311
f 1211 1271 1404
f 1161 1307 1315
f 1274 1208 1405
f 1208 1317 1405
f 1389 1321 1406
f 1321 1313 1406
f 1320 1297 1399
f 1309 1301 1407
f 1190 1306 1388
f 1391 1267 1408
f 1267 1290 1408
f 1307 1266 1409
f 1266 1395 1409
f 1308 1282 1410
f 1282 1391 1410
f 1298 1384 1411
f 1211 1404 1325
f 1305 1323 1412
f 1304 1325 1413
f 1281 1311 1414
f 1312 1303 1415
f 1393 1305 1416
f 1305 1412 1416
f 1314 1187 1417
f 1187 1302 1417
f 1303 1308 1418
f 1415 1303 1418
f 1308 1410 1418
f 1271 1385 1404
f 1284 1387 1419
f 1285 1320 1420
f 1394 1285 1420
f 1320 1399 1420
f 1283 1316 1421
f 1400 1299 1422
f 1299 1328 1422
f 1317 1281 1423
f 1281 1414 1423
f 1318 1186 1424
f 1186 1292 1424
f 1319 1286 1425
f 1286 1394 1425
f 1316 1304 1426
f 1304 1413 1426
f 1294 1289 1427
f 1289 1296 1427
f 1322 1284 1419
f 1306 1298 1428
f 1298 1411 1428
f 1395 1291 1429
f 1291 1327 1429
f 1296 1318 1430
f 1324 1288 1431
f 1288 1390 1431
f 1403 1280 1432
f 1280 1315 1432
f 1407 1301 1433
f 1301 1388 1433
f 1408 1290 1434
f 1290 1326 1434
f 1427 1296 1435
f 1296 1430 1435
f 1329 1400 1436
f 1330 1329 1437
f 1329 1436 1437
f 1401 1398 1419
f 1331 1330 1438
f 1330 1437 1438
f 1332 1331 1439
f 1331 1438 1439
f 1333 1332 1440
f 1332 1439 1440
f 1334 1333 1441
f 1333 1440 1441
f 1335 1334 1442
f 1334 1441 1442
f 1336 1335 1443
f 1335 1442 1443
f 1337 1336 1444
f 1336 1443 1444
f 1338 1337 1445
f 1337 1444 1445
f 1339 1338 1446
f 1338 1445 1446
f 1340 1339 1447
f 1339 1446 1447
f 1341 1340 1448
f 1340 1447 1448
f 1342 1341 1449
f 1341 1448 1449
f 1343 1342 1450
f 1342 1449 1450
f 1344 1343 1451
f 1343 1450 1451
f 1345 1344 1452
f 1344 1451 1452
f 1346 1345 1453
f 1345 1452 1453
f 1347 1346 1454
f 1346 1453 1454
f 1348 1347 1455
f 1347 1454 1455
f 1349 1348 1456
f 1348 1455 1456
f 1350 1349 1457
f 1349 1456 1457
f 1351 1350 1458
f 1350 1457 1458
f 1352 1351 1459
f 1351 1458 1459
f 1353 1352 1460
f 1352 1459 1460
f 1354 1353 1461
f 1353 1460 1461
f 1355 1354 1462
f 1354 1461 1462
f 1356 1355 1463
f 1355 1462 1463
f 1357 1356 1464
f 1356 1463 1464
f 1358 1357 1465
f 1357 1464 1465
f 1359 1358 1466
f 1358 1465 1466
f 1360 1359 1467
f 1359 1466 1467
f 1361 1360 1468
f 1360 1467 1468
f 1362 1361 1469
f 1361 1468 1469
f 1363 1362 1470
f 1362 1469 1470
f 1364 1363 1471
f 1363 1470 1471
f 1365 1364 1472
f 1364 1471 1472
f 1366 1365 1473
f 1365 1472 1473
f 1367 1366 1474
f 1366 1473 1474
f 1368 1367 1475
f 1367 1474 1475
f 1369 1368 1476
f 1368 1475 1476
f 1370 1369 1477
f 1369 1476 1477
f 1371 1370 1478
f 1370 1477 1478
f 1372 1371 1479
f 1371 1478 1479
f 1373 1372 1480
f 1372 1479 1480
f 1374 1373 1481
f 1373 1480 1481
f 1375 1374 1482
f 1374 1481 1482
f 1376 1375 1483
f 1375 1482 1483
f 1377 1376 1484
f 1376 1483 1484
f 1378 1377 1485
f 1377 1484 1485
f 1379 1378 1486
f 1378 1485 1486
f 1381 1380 1402
f 1383 1274 1405
f 1414 1311 1487
f 1311 1382 1487
f 1270 1294 1488
f 1270 1488 1326
f 1419 1398 1322
f 1488 1294 1427
f 1401 1419 1489
f 1419 1387 1489
f 1398 1277 1322
f 1315 1307 1490
f 1307 1409 1490
f 1385 1312 1491
f 1312 1415 1491
f 1386 1324 1492
f 1324 1431 1492
f 1387 1293 1493
f 1413 1325 1494
f 1325 1404 1494
f 1388 1306 1495
f 1433 1388 1495
f 1306 1428 1495
f 1390 1389 1448
f 1412 1323 1496
f 1323 1392 1496
f 1313 1283 1497
f 1421 1316 1426
f 1404 1385 1498
f 1385 1491 1498
f 1382 1309 1499
f 1309 1407 1499
f 1293 1383 1493
f 1384 1386 1500
f 1411 1384 1500
f 1386 1492 1500
f 1493 1383 1501
f 1383 1405 1501
f 1283 1421 1497
f 1391 1408 1461
f 1328 1401 1422
f 1488 1427 1502
f 1427 1435 1502
f 1430 1318 1503
f 1318 1424 1503
f 1387 1493 1489
f 1497 1421 1451
f 1313 1497 1406
f 1416 1412 1481
f 1380 1379 1504
f 1406 1497 1450
f 1287 1381 1402
f 1397 1393 1505
f 1393 1416 1505
f 1487 1382 1499
f 1420 1399 1504
f 1497 1451 1450
f 1448 1389 1449
f 1326 1488 1506
f 1389 1406 1449
f 1390 1448 1447
f 1494 1404 1498
f 1491 1415 1457
f 1411 1500 1444
f 1413 1494 1454
f 1405 1317 1507
f 1501 1405 1507
f 1317 1423 1507
f 1399 1273 1402
f 1434 1326 1506
f 1415 1418 1458
f 1392 1319 1508
f 1319 1425 1508
f 1412 1496 1482
f 1435 1430 1466
f 1409 1395 1476
f 1410 1391 1460
f 1466 1430 1467
f 1391 1461 1460
f 1395 1429 1477
f 1481 1412 1482
f 1489 1493 1501
f 1430 1503 1467
f 1396 1314 1509
f 1314 1417 1509
f 1421 1426 1452
f 1417 1302 1510
f 1302 1403 1510
f 1414 1487 1437
f 1394 1420 1486
f 1488 1502 1506
f 1499 1407 1439
f 1292 1396 1511
f 1424 1292 1511
f 1396 1509 1511
f 1408 1434 1462
f 1403 1432 1473
f 1423 1414 1436
f 1414 1437 1436
f 1390 1447 1431
f 1425 1394 1485
f 1426 1413 1453
f 1436 1400 1512
f 1400 1422 1512
f 1461 1408 1462
f 1422 1401 1513
f 1512 1422 1513
f 1401 1489 1513
f 1428 1411 1443
f 1407 1433 1440
f 1504 1379 1486
f 1451 1421 1452
f 1432 1315 1490
f 1415 1458 1457
f 1395 1477 1476
f 1411 1444 1443
f 1413 1454 1453
f 1510 1403 1472
f 1394 1486 1485
f 1439 1407 1440
f 1403 1473 1472
f 1438 1437 1487
f 1380 1504 1402
f 1439 1438 1499
f 1441 1440 1433
f 1442 1441 1495
f 1443 1442 1428
f 1445 1444 1500
f 1446 1445 1492
f 1447 1446 1431
f 1494 1498 1455
f 1450 1449 1406
f 1432 1490 1474
f 1453 1452 1426
f 1438 1487 1499
f 1455 1454 1494
f 1456 1455 1498
f 1457 1456 1491
f 1459 1458 1418
f 1460 1459 1410
f 1477 1429 1478
f 1463 1462 1434
f 1464 1463 1506
f 1465 1464 1502
f 1466 1465 1435
f 1468 1467 1503
f 1470 1469 1514
f 1471 1470 1515
f 1470 1514 1515
f 1472 1471 1510
f 1474 1473 1432
f 1475 1474 1490
f 1476 1475 1409
f 1463 1434 1506
f 1480 1479 1505
f 1481 1480 1416
f 1489 1501 1513
f 1483 1482 1496
f 1484 1483 1508
f 1485 1484 1425
f 1475 1490 1409
f 1327 1397 1516
f 1504 1399 1402
f 1441 1433 1495
f 1327 1516 1429
f 1429 1516 1478
f 1428 1442 1495
f 1492 1445 1500
f 1431 1446 1492
f 1491 1456 1498
f 1502 1464 1506
f 1465 1502 1435
f 1416 1480 1505
f 1425 1484 1508
f 1410 1459 1418
f 1496 1392 1508
f 1468 1503 1517
f 1469 1468 1517
f 1503 1424 1517
f 1483 1496 1508
f 1510 1471 1515
f 1486 1420 1504
f 1417 1510 1515
f 1516 1397 1505
f 1423 1436 1512
f 1478 1516 1479
f 1479 1516 1505
f 1423 1512 1507
f 1514 1469 1517
f 1501 1507 1513
f 1517 1424 1511
f 1509 1417 1515
f 1514 1517 1511
f 1512 1513 1507
f 1515 1514 1509
f 1509 1514 1511
f 2 1 1518
f 4 6 1519
f 8 10 1520
f 12 14 1521
f 16 18 1522
f 20 22 1523
f 24 26 1524
f 28 30 1525
f 32 34 1526
f 36 38 1527
f 40 42 1528
f 44 46 1529
f 48 50 1530
f 52 54 1531
f 56 58 1532
f 60 62 1533
f 64 66 1534
f 68 70 1535
f 72 74 1536
f 76 78 1537
f 80 82 1538
f 84 86 1539
f 88 90 1540
f 92 94 1541
f 96 98 1542
f 100 102 1543
f 104 106 1544
f 108 110 1545
f 112 114 1546
f 116 118 1547
f 120 122 1548
f 124 126 1549
f 128 130 1550
f 132 134 1551
f 136 138 1552
f 140 142 1553
f 142 2 1554
f 1553 142 1554
f 2 1518 1554
f 1 4 1555
f 6 8 1556
f 10 12 1557
f 14 16 1558
f 18 20 1559
f 22 24 1560
f 26 28 1561
f 30 32 1562
f 34 36 1563
f 38 40 1564
f 42 44 1565
f 46 48 1566
f 50 52 1567
f 54 56 1568
f 58 60 1569
f 62 64 1570
f 66 68 1571
f 70 72 1572
f 74 76 1573
f 78 80 1574
f 82 84 1575
f 86 88 1576
f 90 92 1577
f 94 96 1578
f 98 100 1579
f 102 104 1580
f 106 108 1581
f 110 112 1582
f 114 116 1583
f 118 120 1584
f 122 124 1585
f 126 128 1586
f 130 132 1587
f 134 136 1588
f 138 140 1589
f 1556 8 1520
f 1 1555 1518
f 1519 6 1556
f 1520 10 1557
f 1521 14 1558
f 1522 18 1559
f 1523 22 1560
f 1524 26 1561
f 1525 30 1562
f 1526 34 1563
f 1527 38 1564
f 1528 42 1565
f 1529 46 1566
f 1530 50 1567
f 1531 54 1568
f 1532 58 1569
f 1533 62 1570
f 1534 66 1571
f 1535 70 1572
f 1536 74 1573
f 1537 78 1574
f 1538 82 1575
f 1539 86 1576
f 1540 90 1577
f 1541 94 1578
f 1542 98 1579
f 1543 102 1580
f 1544 106 1581
f 1545 110 1582
f 1546 114 1583
f 1547 118 1584
f 1548 122 1585
f 1549 126 1586
f 1550 130 1587
f 1551 134 1588
f 1552 138 1589
f 1555 4 1519
f 1557 12 1521
f 1558 16 1522
f 1559 20 1523
f 1560 24 1524
f 1561 28 1525
f 1562 32 1526
f 1563 36 1527
f 1564 40 1528
f 1565 44 1529
f 1566 48 1530
f 1567 52 1531
f 1568 56 1532
f 1569 60 1533
f 1570 64 1534
f 1571 68 1535
f 1572 72 1536
f 1573 76 1537
f 1574 80 1538
f 1575 84 1539
f 1576 88 1540
f 1577 92 1541
f 1578 96 1542
f 1579 100 1543
f 1580 104 1544
f 1581 108 1545
f 1582 112 1546
f 1583 116 1547
f 1584 120 1548
f 1585 124 1549
f 1586 128 1550
f 1587 132 1551
f 1588 136 1552
f 1589 140 1553
f 1557 1521 1590
f 1520 1557 1591
f 1557 1590 1591
f 1518 1555 1592
f 1558 1522 1593
f 1559 1523 1594
f 1560 1524 1595
f 1561 1525 1596
f 1562 1526 1597
f 1563 1527 1598
f 1564 1528 1599
f 1565 1529 1600
f 1566 1530 1601
f 1567 1531 1602
f 1568 1532 1603
f 1569 1533 1604
f 1570 1534 1605
f 1571 1535 1606
f 1572 1536 1607
f 1573 1537 1608
f 1574 1538 1609
f 1575 1539 1610
f 1576 1540 1611
f 1577 1541 1612
f 1578 1542 1613
f 1579 1543 1614
f 1580 1544 1615
f 1581 1545 1616
f 1582 1546 1617
f 1583 1547 1618
f 1584 1548 1619
f 1585 1549 1620
f 1586 1550 1621
f 1587 1551 1622
f 1588 1552 1623
f 1589 1553 1624
f 1556 1520 1625
f 1520 1591 1625
f 1519 1556 1626
f 1556 1625 1626
f 1519 1626 1555
f 1592 1555 1626
f 1521 1558 1627
f 1522 1559 1628
f 1523 1560 1629
f 1524 1561 1630
f 1525 1562 1631
f 1526 1563 1632
f 1527 1564 1633
f 1528 1565 1634
f 1529 1566 1635
f 1530 1567 1636
f 1531 1568 1637
f 1532 1569 1638
f 1533 1570 1639
f 1534 1571 1640
f 1535 1572 1641
f 1536 1573 1642
f 1537 1574 1643
f 1538 1575 1644
f 1539 1576 1645
f 1540 1577 1646
f 1541 1578 1647
f 1542 1579 1648
f 1543 1580 1649
f 1544 1581 1650
f 1545 1582 1651
f 1546 1583 1652
f 1547 1584 1653
f 1548 1585 1654
f 1549 1586 1655
f 1550 1587 1656
f 1551 1588 1657
f 1552 1589 1658
f 1521 1627 1590
f 1629 1560 1595
f 1658 1589 1624
f 1657 1588 1623
f 1656 1587 1622
f 1655 1586 1621
f 1654 1585 1620
f 1653 1584 1619
f 1652 1583 1618
f 1651 1582 1617
f 1650 1581 1616
f 1649 1580 1615
f 1648 1579 1614
f 1647 1578 1613
f 1646 1577 1612
f 1645 1576 1611
f 1644 1575 1610
f 1643 1574 1609
f 1642 1573 1608
f 1641 1572 1607
f 1640 1571 1606
f 1639 1570 1605
f 1638 1569 1604
f 1637 1568 1603
f 1636 1567 1602
f 1635 1566 1601
f 1634 1565 1600
f 1633 1564 1599
f 1632 1563 1598
f 1631 1562 1597
f 1630 1561 1596
f 1624 1553 1659
f 1553 1554 1659
f 1554 1518 1660
f 1659 1554 1660
f 1518 1592 1660
f 1623 1552 1658
f 1622 1551 1657
f 1621 1550 1656
f 1620 1549 1655
f 1619 1548 1654
f 1618 1547 1653
f 1617 1546 1652
f 1616 1545 1651
f 1615 1544 1650
f 1614 1543 1649
f 1613 1542 1648
f 1612 1541 1647
f 1611 1540 1646
f 1610 1539 1645
f 1609 1538 1644
f 1608 1537 1643
f 1607 1536 1642
f 1606 1535 1641
f 1605 1534 1640
f 1604 1533 1639
f 1603 1532 1638
f 1602 1531 1637
f 1601 1530 1636
f 1600 1529 1635
f 1599 1528 1634
f 1598 1527 1633
f 1597 1526 1632
f 1596 1525 1631
f 1595 1524 1630
f 1594 1523 1629
f 1593 1522 1628
f 1628 1559 1594
f 1627 1558 1593
f 1628 1594 1661
f 1627 1593 1662
f 1593 1628 1663
f 1662 1593 1663
f 1628 1661 1663
f 1658 1624 1664
f 1595 1630 1665
f 1596 1631 1666
f 1597 1632 1667
f 1598 1633 1668
f 1599 1634 1669
f 1600 1635 1670
f 1601 1636 1671
f 1602 1637 1672
f 1603 1638 1673
f 1604 1639 1674
f 1605 1640 1675
f 1606 1641 1676
f 1607 1642 1677
f 1608 1643 1678
f 1609 1644 1679
f 1610 1645 1680
f 1611 1646 1681
f 1612 1647 1682
f 1613 1648 1683
f 1614 1649 1684
f 1615 1650 1685
f 1616 1651 1686
f 1617 1652 1687
f 1618 1653 1688
f 1619 1654 1689
f 1620 1655 1690
f 1621 1656 1691
f 1622 1657 1692
f 1590 1627 1693
f 1627 1662 1693
f 1592 1626 1694
f 1623 1658 1695
f 1658 1664 1695
f 1626 1625 1696
f 1591 1590 1697
f 1590 1693 1697
f 1629 1595 1698
f 1595 1665 1698
f 1664 1624 1699
f 1624 1659 1699
f 1626 1696 1694
f 1594 1629 1700
f 1630 1596 1701
f 1631 1597 1702
f 1632 1598 1703
f 1633 1599 1704
f 1634 1600 1705
f 1635 1601 1706
f 1636 1602 1707
f 1637 1603 1708
f 1638 1604 1709
f 1639 1605 1710
f 1640 1606 1711
f 1641 1607 1712
f 1642 1608 1713
f 1643 1609 1714
f 1644 1610 1715
f 1645 1611 1716
f 1646 1612 1717
f 1647 1613 1718
f 1648 1614 1719
f 1649 1615 1720
f 1650 1616 1721
f 1651 1617 1722
f 1652 1618 1723
f 1653 1619 1724
f 1654 1620 1725
f 1655 1621 1726
f 1656 1622 1727
f 1629 1698 1700
f 1657 1623 1728
f 1594 1700 1661
f 1623 1695 1728
f 1591 1697 1625
f 1727 1622 1692
f 1726 1621 1691
f 1725 1620 1690
f 1724 1619 1689
f 1723 1618 1688
f 1722 1617 1687
f 1721 1616 1686
f 1720 1615 1685
f 1719 1614 1684
f 1718 1613 1683
f 1717 1612 1682
f 1716 1611 1681
f 1715 1610 1680
f 1714 1609 1679
f 1713 1608 1678
f 1712 1607 1677
f 1711 1606 1676
f 1710 1605 1675
f 1709 1604 1674
f 1708 1603 1673
f 1707 1602 1672
f 1706 1601 1671
f 1705 1600 1670
f 1704 1599 1669
f 1702 1597 1667
f 1660 1592 1729
f 1592 1694 1729
f 1703 1598 1668
f 1692 1657 1728
f 1691 1656 1727
f 1690 1655 1726
f 1689 1654 1725
f 1688 1653 1724
f 1687 1652 1723
f 1686 1651 1722
f 1685 1650 1721
f 1684 1649 1720
f 1683 1648 1719
f 1682 1647 1718
f 1681 1646 1717
f 1680 1645 1716
f 1679 1644 1715
f 1678 1643 1714
f 1677 1642 1713
f 1676 1641 1712
f 1675 1640 1711
f 1674 1639 1710
f 1673 1638 1709
f 1672 1637 1708
f 1671 1636 1707
f 1670 1635 1706
f 1669 1634 1705
f 1668 1633 1704
f 1667 1632 1703
f 1666 1631 1702
f 1701 1596 1666
f 1630 1701 1665
f 1625 1697 1696
f 1728 1695 1730
f 1691 1727 1731
f 1703 1668 1732
f 1696 1697 1733
f 1694 1696 1734
f 1696 1733 1734
f 1665 1701 1735
f 1666 1702 1736
f 1692 1728 1737
f 1728 1730 1737
f 1667 1703 1738
f 1703 1732 1738
f 1702 1667 1739
f 1736 1702 1739
f 1667 1738 1739
f 1704 1669 1740
f 1705 1670 1741
f 1706 1671 1742
f 1707 1672 1743
f 1708 1673 1744
f 1709 1674 1745
f 1710 1675 1746
f 1711 1676 1747
f 1712 1677 1748
f 1713 1678 1749
f 1714 1679 1750
f 1715 1680 1751
f 1716 1681 1752
f 1717 1682 1753
f 1718 1683 1754
f 1719 1684 1755
f 1720 1685 1756
f 1721 1686 1757
f 1722 1687 1758
f 1723 1688 1759
f 1724 1689 1760
f 1725 1690 1761
f 1726 1691 1762
f 1691 1731 1762
f 1700 1698 1763
f 1661 1700 1764
f 1700 1763 1764
f 1659 1660 1765
f 1699 1659 1765
f 1660 1729 1765
f 1727 1692 1766
f 1731 1727 1766
f 1692 1737 1766
f 1693 1662 1767
f 1698 1665 1768
f 1763 1698 1768
f 1665 1735 1768
f 1664 1699 1769
f 1767 1662 1770
f 1662 1663 1770
f 1701 1666 1771
f 1668 1704 1772
f 1669 1705 1773
f 1670 1706 1774
f 1671 1707 1775
f 1672 1708 1776
f 1673 1709 1777
f 1674 1710 1778
f 1675 1711 1779
f 1676 1712 1780
f 1677 1713 1781
f 1678 1714 1782
f 1679 1715 1783
f 1680 1716 1784
f 1681 1717 1785
f 1682 1718 1786
f 1683 1719 1787
f 1684 1720 1788
f 1685 1721 1789
f 1686 1722 1790
f 1687 1723 1791
f 1688 1724 1792
f 1689 1725 1793
f 1690 1726 1794
f 1661 1764 1663
f 1704 1740 1772
f 1794 1726 1762
f 1793 1725 1761
f 1792 1724 1760
f 1791 1723 1759
f 1790 1722 1758
f 1789 1721 1757
f 1788 1720 1756
f 1787 1719 1755
f 1786 1718 1754
f 1785 1717 1753
f 1784 1716 1752
f 1783 1715 1751
f 1782 1714 1750
f 1781 1713 1749
f 1780 1712 1748
f 1779 1711 1747
f 1778 1710 1746
f 1777 1709 1745
f 1776 1708 1744
f 1729 1694 1795
f 1694 1734 1795
f 1775 1707 1743
f 1774 1706 1742
f 1697 1693 1796
f 1695 1664 1797
f 1773 1705 1741
f 1761 1690 1794
f 1760 1689 1793
f 1759 1688 1792
f 1758 1687 1791
f 1757 1686 1790
f 1756 1685 1789
f 1755 1684 1788
f 1754 1683 1787
f 1753 1682 1786
f 1752 1681 1785
f 1751 1680 1784
f 1750 1679 1783
f 1749 1678 1782
f 1748 1677 1781
f 1747 1676 1780
f 1746 1675 1779
f 1745 1674 1778
f 1744 1673 1777
f 1743 1672 1776
f 1742 1671 1775
f 1740 1669 1773
f 1733 1697 1796
f 1664 1769 1797
f 1701 1771 1735
f 1771 1666 1736
f 1668 1772 1732
f 1670 1774 1741
f 1796 1693 1767
f 1695 1797 1730
f 1741 1774 1798
f 1775 1743 1799
f 1771 1736 1800
f 1732 1772 1801
f 1730 1797 1802
f 1738 1732 1803
f 1732 1801 1803
f 1796 1767 1804
f 1733 1796 1805
f 1796 1804 1805
f 1761 1794 1806
f 1740 1773 1807
f 1742 1775 1808
f 1775 1799 1808
f 1776 1744 1809
f 1777 1745 1810
f 1778 1746 1811
f 1779 1747 1812
f 1780 1748 1813
f 1781 1749 1814
f 1782 1750 1815
f 1783 1751 1816
f 1784 1752 1817
f 1785 1753 1818
f 1786 1754 1819
f 1787 1755 1820
f 1788 1756 1821
f 1789 1757 1822
f 1790 1758 1823
f 1791 1759 1824
f 1792 1760 1825
f 1793 1761 1826
f 1761 1806 1826
f 1663 1764 1770
f 1769 1699 1827
f 1699 1765 1827
f 1735 1771 1828
f 1771 1800 1828
f 1773 1741 1829
f 1807 1773 1829
f 1741 1798 1829
f 1764 1763 1830
f 1762 1731 1831
f 1737 1730 1832
f 1730 1802 1832
f 1734 1733 1833
f 1733 1805 1833
f 1772 1740 1834
f 1801 1772 1834
f 1740 1807 1834
f 1735 1828 1768
f 1802 1797 1835
f 1797 1769 1835
f 1770 1764 1836
f 1764 1830 1836
f 1734 1833 1795
f 1739 1738 1837
f 1738 1803 1837
f 1806 1794 1838
f 1794 1762 1838
f 1774 1742 1839
f 1743 1776 1840
f 1744 1777 1841
f 1745 1778 1842
f 1746 1779 1843
f 1747 1780 1844
f 1748 1781 1845
f 1749 1782 1815
f 1750 1783 1846
f 1751 1784 1847
f 1752 1785 1817
f 1753 1786 1848
f 1754 1787 1849
f 1755 1788 1820
f 1756 1789 1850
f 1757 1790 1822
f 1758 1791 1851
f 1759 1792 1852
f 1760 1793 1853
f 1765 1729 1854
f 1827 1765 1854
f 1729 1795 1854
f 1774 1839 1798
f 1853 1793 1826
f 1852 1792 1825
f 1851 1791 1824
f 1822 1790 1823
f 1850 1789 1822
f 1820 1788 1821
f 1849 1787 1820
f 1848 1786 1819
f 1817 1785 1818
f 1847 1784 1817
f 1846 1783 1816
f 1799 1743 1840
f 1831 1731 1855
f 1731 1766 1855
f 1763 1768 1856
f 1830 1763 1856
f 1768 1828 1856
f 1857 1858 1859
f 1762 1831 1838
f 1845 1781 1814
f 1844 1780 1813
f 1843 1779 1812
f 1825 1760 1853
f 1824 1759 1852
f 1823 1758 1851
f 1860 1861 1862
f 1821 1756 1850
f 1863 1859 1862
f 1819 1754 1849
f 1818 1753 1848
f 1864 1862 1859
f 1816 1751 1847
f 1815 1750 1846
f 1814 1749 1815
f 1813 1748 1845
f 1812 1747 1844
f 1811 1746 1843
f 1810 1745 1842
f 1842 1778 1811
f 1769 1827 1835
f 1766 1737 1865
f 1855 1766 1865
f 1737 1832 1865
f 1840 1776 1809
f 1841 1777 1810
f 1839 1742 1808
f 1744 1841 1809
f 1841 1810 1866
f 1736 1739 1867
f 1800 1736 1867
f 1739 1837 1867
f 1805 1804 1868
f 1803 1801 1869
f 1767 1770 1870
f 1870 1770 1836
f 1806 1838 1871
f 1804 1767 1870
f 1845 1814 1872
f 1809 1841 1873
f 1841 1866 1873
f 1798 1839 1874
f 1835 1827 1875
f 1825 1853 1876
f 1811 1843 1877
f 1813 1845 1878
f 1845 1872 1878
f 1815 1846 1879
f 1847 1817 1880
f 1818 1848 1881
f 1849 1820 1882
f 1821 1850 1883
f 1822 1823 1884
f 1852 1825 1885
f 1825 1876 1885
f 1832 1802 1886
f 1828 1800 1887
f 1795 1833 1888
f 1840 1809 1889
f 1809 1873 1889
f 1826 1806 1890
f 1806 1871 1890
f 1833 1805 1891
f 1805 1868 1891
f 1804 1870 1892
f 1868 1804 1892
f 1870 1836 1892
f 1869 1801 1893
f 1801 1834 1893
f 1815 1879 1872
f 1836 1830 1894
f 1837 1803 1895
f 1803 1869 1895
f 1871 1838 1896
f 1838 1831 1896
f 1894 1830 1897
f 1830 1856 1897
f 1833 1891 1888
f 1874 1839 1898
f 1839 1808 1898
f 1835 1875 1899
f 1866 1810 1900
f 1810 1842 1900
f 1842 1811 1877
f 1900 1842 1877
f 1901 1858 1857
f 1843 1812 1902
f 1812 1844 1903
f 1844 1813 1903
f 1904 1858 1901
f 1813 1878 1903
f 1879 1846 1905
f 1846 1816 1905
f 1814 1815 1872
f 1799 1840 1906
f 1840 1889 1906
f 1816 1847 1907
f 1905 1816 1907
f 1847 1880 1907
f 1881 1908 1818
f 1909 1858 1904
f 1849 1882 1881
f 1848 1819 1881
f 1883 1910 1821
f 1901 1911 1904
f 1822 1884 1883
f 1850 1822 1883
f 1823 1851 1912
f 1851 1824 1913
f 1824 1852 1914
f 1913 1824 1914
f 1852 1885 1914
f 1827 1854 1875
f 1795 1888 1854
f 1802 1835 1915
f 1886 1802 1915
f 1835 1899 1915
f 1829 1798 1916
f 1798 1874 1916
f 1853 1826 1890
f 1856 1828 1917
f 1897 1856 1917
f 1828 1887 1917
f 1884 1823 1912
f 1808 1799 1906
f 1834 1807 1918
f 1893 1834 1918
f 1807 1829 1918
f 1877 1843 1902
f 1865 1832 1919
f 1832 1886 1919
f 1876 1853 1890
f 1896 1831 1920
f 1831 1855 1920
f 1902 1812 1903
f 1898 1808 1906
f 1912 1851 1913
f 1800 1867 1887
f 1872 1879 1921
f 1871 1896 1922
f 1836 1894 1892
f 1877 1902 1923
f 1873 1866 1924
f 1888 1891 1925
f 1867 1837 1926
f 1837 1895 1926
f 1899 1875 1927
f 1880 1818 1908
f 1876 1890 1928
f 1898 1906 1929
f 1881 1882 1930
f 1882 1821 1910
f 1883 1884 1931
f 1875 1854 1888
f 1887 1867 1926
f 1890 1871 1928
f 1904 1932 1933
f 1871 1922 1928
f 1891 1868 1934
f 1889 1873 1935
f 1873 1924 1935
f 1874 1898 1936
f 1898 1929 1936
f 1885 1876 1937
f 1876 1928 1937
f 1878 1872 1938
f 1872 1921 1938
f 1875 1888 1927
f 1921 1879 1939
f 1879 1905 1939
f 1855 1865 1919
f 1920 1855 1919
f 1858 1864 1859
f 1891 1934 1925
f 1892 1894 1940
f 1923 1902 1941
f 1902 1903 1941
f 1869 1893 1942
f 1899 1927 1943
f 1888 1925 1927
f 1910 1883 1931
f 1866 1900 1924
f 1944 1924 1900
f 1869 1942 1895
f 1829 1916 1918
f 1881 1930 1908
f 1906 1889 1929
f 1945 1862 1861
f 1889 1935 1929
f 1882 1910 1930
f 1922 1896 1946
f 1896 1920 1946
f 1916 1874 1947
f 1874 1936 1947
f 1884 1912 1948
f 1868 1892 1940
f 1887 1926 1949
f 1917 1887 1950
f 1887 1949 1950
f 1931 1884 1948
f 1912 1913 1951
f 1948 1912 1951
f 1913 1914 1951
f 1877 1923 1944
f 1919 1886 1952
f 1940 1894 1953
f 1952 1915 1943
f 1868 1940 1934
f 1953 1894 1897
f 1943 1927 1954
f 1927 1925 1954
f 1923 1941 1955
f 1942 1893 1956
f 1893 1918 1956
f 1934 1940 1957
f 1926 1895 1958
f 1949 1926 1958
f 1895 1942 1958
f 1944 1900 1877
f 1931 1948 1959
f 1897 1917 1960
f 1953 1897 1960
f 1917 1950 1960
f 1921 1939 1961
f 1945 1863 1862
f 1880 1908 1962
f 1878 1938 1963
f 1911 1932 1904
f 1914 1885 1964
f 1951 1914 1964
f 1885 1937 1964
f 1952 1943 1965
f 1907 1880 1962
f 1817 1818 1880
f 1924 1944 1966
f 1819 1849 1881
f 1820 1821 1882
f 1863 1857 1859
f 1944 1923 1967
f 1966 1944 1967
f 1923 1955 1967
f 1905 1907 1968
f 1907 1962 1968
f 1886 1915 1952
f 1924 1966 1935
f 1969 1935 1966
f 1930 1910 1970
f 1903 1878 1963
f 1918 1916 1956
f 1936 1929 1971
f 1937 1928 1972
f 1910 1931 1973
f 1970 1910 1973
f 1931 1959 1973
f 1938 1921 1961
f 1908 1930 1974
f 1930 1970 1974
f 1940 1953 1957
f 1941 1903 1963
f 1905 1968 1939
f 1962 1908 1975
f 1908 1974 1975
f 1963 1938 1976
f 1938 1961 1976
f 1864 1860 1862
f 1919 1952 1977
f 1955 1941 1978
f 1941 1963 1978
f 1942 1956 1979
f 1942 1979 1980
f 1948 1951 1981
f 1951 1964 1981
f 1959 1948 1981
f 1933 1909 1904
f 1953 1960 1982
f 1934 1957 1983
f 1964 1937 1984
f 1981 1964 1984
f 1937 1972 1984
f 1956 1916 1947
f 1961 1939 1985
f 1939 1968 1985
f 1953 1982 1957
f 1958 1942 1980
f 1925 1934 1986
f 1943 1954 1965
f 1947 1936 1987
f 1936 1971 1987
f 1963 1976 1978
f 1954 1925 1986
f 1971 1929 1969
f 1950 1949 1988
f 1934 1983 1986
f 1988 1949 1958
f 1954 1986 1989
f 1979 1956 1947
f 1899 1943 1915
f 1971 1969 1990
f 1972 1928 1991
f 1975 1974 1992
f 1983 1957 1993
f 1982 1960 1994
f 1960 1950 1994
f 1976 1961 1995
f 1985 1968 1975
f 1977 1952 1996
f 1952 1965 1996
f 1961 1985 1997
f 1995 1961 1997
f 1985 1975 1997
f 1857 1998 1901
f 1988 1958 1980
f 1957 1982 1993
f 1965 1954 1989
f 1920 1919 1946
f 1929 1935 1969
f 1959 1981 1999
f 1981 1984 1999
f 1968 1962 1975
f 1928 1922 1991
f 1978 1976 2000
f 1976 1995 2000
f 1969 1966 2001
f 1990 1969 2001
f 1966 1967 2001
f 1950 1988 1994
f 1946 2002 1922
f 1955 1978 2003
f 1967 1955 2003
f 1978 2000 2003
f 1986 1983 2004
f 1989 1986 2004
f 1983 1993 2004
f 1980 1979 2005
f 1979 1947 1987
f 1972 1991 2006
f 1946 1919 1977
f 1991 1922 2002
f 1988 1980 2007
f 2006 1991 2008
f 1991 2002 2008
f 1965 1989 2009
f 1946 1977 2002
f 1975 1992 1997
f 1984 1972 2010
f 1972 2006 2010
f 1980 2005 2007
f 1982 1994 2011
f 2008 1996 2009
f 1987 1971 2012
f 1971 1990 2012
f 1993 1982 2011
f 1994 1988 2013
f 2011 1994 2013
f 1988 2007 2013
f 2005 1979 1987
f 1973 1959 2014
f 1959 1999 2014
f 1970 1973 2015
f 1973 2014 2015
f 1974 1970 2016
f 1970 2015 2016
f 1974 2016 1992
f 2009 1989 2017
f 2002 1977 1996
f 2008 2009 2018
f 1997 1992 2019
f 2005 1987 2012
f 2006 2008 2020
f 2008 2018 2020
f 1995 1997 2019
f 1999 1984 2010
f 1993 2011 2021
f 1945 2022 1863
f 2007 2005 2023
f 2005 2012 2023
f 1992 2016 2024
f 2016 2015 2025
f 2024 2016 2025
f 2015 2014 2025
f 2018 2009 2017
f 1989 2004 2017
f 2012 1990 2026
f 2010 2006 2027
f 2006 2020 2027
f 1999 2010 2028
f 2014 1999 2028
f 2010 2027 2028
f 1992 2024 2019
f 1995 2019 2029
f 2021 2011 2030
f 2011 2013 2030
f 2013 2007 2031
f 2030 2013 2031
f 2007 2023 2031
f 1967 2003 2001
f 2000 1995 2029
f 1990 2001 2032
f 2026 1990 2032
f 2001 2003 2032
f 2003 2000 2033
f 2032 2003 2033
f 2000 2029 2033
f 2004 1993 2034
f 2017 2004 2034
f 1993 2021 2034
f 2002 1996 2008
f 2019 2024 2035
f 2029 2019 2035
f 2020 2018 2036
f 2018 2017 2037
f 2036 2018 2037
f 2017 2034 2037
f 2023 2012 2026
f 2023 2026 2038
f 2035 2024 2039
f 2027 2020 2040
f 2020 2036 2040
f 2033 2029 2041
f 2029 2035 2041
f 2039 2024 2025
f 1965 2009 1996
f 2014 2028 2025
f 2031 2023 2038
f 2034 2021 2042
f 2037 2034 2042
f 2021 2030 2042
f 2026 2032 2043
f 2038 2026 2043
f 2032 2033 2043
f 2039 2025 2028
f 2041 2035 2044
f 2035 2039 2044
f 2031 2038 2045
f 2033 2041 2043
f 2030 2031 2045
f 2044 2039 2046
f 2028 2027 2039
f 2038 2043 2047
f 2043 2041 2047
f 2041 2044 2047
f 2042 2030 2045
f 2038 2047 2045
f 2040 2036 2046
f 2046 2036 2048
f 2044 2046 2048
f 2036 2037 2048
f 2039 2027 2040
f 2042 2045 2048
f 2039 2040 2046
f 2047 2044 2048
f 2045 2047 2048
f 2037 2042 2048
f 172 145 2049
f 173 172 2050
f 172 2049 2050
f 175 173 2051
f 173 2050 2051
f 176 175 2052
f 175 2051 2052
f 178 176 2053
f 176 2052 2053
f 179 178 2054
f 178 2053 2054
f 179 2054 181
f 2055 181 2054
f 182 181 2055
f 184 182 2056
f 185 184 2057
f 184 2056 2057
f 187 185 2058
f 185 2057 2058
f 188 187 2059
f 187 2058 2059
f 190 188 2060
f 188 2059 2060
f 191 190 2061
f 190 2060 2061
f 193 191 2062
f 191 2061 2062
f 194 193 2062
f 196 194 2063
f 197 196 2064
f 196 2063 2064
f 199 197 2065
f 197 2064 2065
f 200 199 2066
f 199 2065 2066
f 202 200 2067
f 200 2066 2067
f 203 202 2068
f 202 2067 2068
f 205 203 2069
f 203 2068 2069
f 206 205 2069
f 208 206 2070
f 209 208 2071
f 208 2070 2071
f 211 209 2072
f 209 2071 2072
f 212 211 2073
f 211 2072 2073
f 214 212 2074
f 212 2073 2074
f 215 214 2075
f 214 2074 2075
f 217 215 2076
f 215 2075 2076
f 218 217 2076
f 220 218 2077
f 221 220 2078
f 220 2077 2078
f 223 221 2079
f 221 2078 2079
f 224 223 2080
f 223 2079 2080
f 226 224 2081
f 224 2080 2081
f 227 226 2082
f 226 2081 2082
f 229 227 2083
f 227 2082 2083
f 230 229 2083
f 232 230 2084
f 233 232 2085
f 232 2084 2085
f 235 233 2086
f 233 2085 2086
f 236 235 2087
f 235 2086 2087
f 238 236 2088
f 236 2087 2088
f 239 238 2089
f 238 2088 2089
f 241 239 2090
f 239 2089 2090
f 242 241 2090
f 244 242 2091
f 245 244 2092
f 244 2091 2092
f 247 245 2093
f 245 2092 2093
f 248 247 2094
f 247 2093 2094
f 250 248 2095
f 248 2094 2095
f 251 250 2096
f 250 2095 2096
f 253 251 2097
f 251 2096 2097
f 254 253 2097
f 256 254 2098
f 257 256 2099
f 256 2098 2099
f 259 257 2100
f 257 2099 2100
f 260 259 2101
f 259 2100 2101
f 262 260 2102
f 260 2101 2102
f 263 262 2103
f 262 2102 2103
f 265 263 2104
f 263 2103 2104
f 266 265 2104
f 268 266 2105
f 269 268 2106
f 268 2105 2106
f 271 269 2107
f 269 2106 2107
f 272 271 2108
f 271 2107 2108
f 274 272 2109
f 272 2108 2109
f 275 274 2110
f 274 2109 2110
f 147 275 2111
f 275 2110 2111
f 145 147 2111
f 182 2055 2056
f 194 2062 2063
f 206 2069 2070
f 218 2076 2077
f 230 2083 2084
f 242 2090 2091
f 254 2097 2098
f 266 2104 2105
f 145 2111 2049
f 2051 2050 2112
f 2052 2051 2113
f 2051 2112 2113
f 2053 2052 2114
f 2052 2113 2114
f 2054 2053 2115
f 2053 2114 2115
f 2055 2054 2116
f 2054 2115 2116
f 2057 2056 2117
f 2063 2062 2118
f 2058 2057 2119
f 2057 2117 2119
f 2059 2058 2120
f 2058 2119 2120
f 2060 2059 2121
f 2059 2120 2121
f 2061 2060 2122
f 2060 2121 2122
f 2062 2061 2123
f 2118 2062 2123
f 2061 2122 2123
f 2064 2063 2124
f 2063 2118 2124
f 2070 2069 2125
f 2065 2064 2126
f 2064 2124 2126
f 2066 2065 2127
f 2065 2126 2127
f 2067 2066 2128
f 2066 2127 2128
f 2068 2067 2129
f 2067 2128 2129
f 2069 2068 2130
f 2125 2069 2130
f 2068 2129 2130
f 2071 2070 2131
f 2070 2125 2131
f 2077 2076 2132
f 2072 2071 2133
f 2071 2131 2133
f 2073 2072 2134
f 2072 2133 2134
f 2074 2073 2135
f 2073 2134 2135
f 2075 2074 2136
f 2074 2135 2136
f 2076 2075 2137
f 2132 2076 2137
f 2075 2136 2137
f 2078 2077 2138
f 2077 2132 2138
f 2084 2083 2139
f 2079 2078 2140
f 2078 2138 2140
f 2080 2079 2141
f 2079 2140 2141
f 2081 2080 2142
f 2080 2141 2142
f 2082 2081 2143
f 2081 2142 2143
f 2083 2082 2144
f 2139 2083 2144
f 2082 2143 2144
f 2085 2084 2145
f 2084 2139 2145
f 2091 2090 2146
f 2086 2085 2147
f 2085 2145 2147
f 2087 2086 2148
f 2086 2147 2148
f 2088 2087 2149
f 2087 2148 2149
f 2089 2088 2150
f 2088 2149 2150
f 2090 2089 2151
f 2146 2090 2151
f 2089 2150 2151
f 2092 2091 2152
f 2091 2146 2152
f 2098 2097 2153
f 2093 2092 2154
f 2092 2152 2154
f 2094 2093 2155
f 2093 2154 2155
f 2095 2094 2156
f 2094 2155 2156
f 2096 2095 2157
f 2095 2156 2157
f 2097 2096 2158
f 2153 2097 2158
f 2096 2157 2158
f 2099 2098 2159
f 2098 2153 2159
f 2105 2104 2160
f 2100 2099 2161
f 2099 2159 2161
f 2101 2100 2162
f 2100 2161 2162
f 2102 2101 2163
f 2101 2162 2163
f 2103 2102 2164
f 2102 2163 2164
f 2104 2103 2165
f 2160 2104 2165
f 2103 2164 2165
f 2106 2105 2166
f 2105 2160 2166
f 2049 2111 2167
f 2107 2106 2168
f 2106 2166 2168
f 2108 2107 2169
f 2107 2168 2169
f 2109 2108 2170
f 2108 2169 2170
f 2110 2109 2171
f 2109 2170 2171
f 2111 2110 2172
f 2167 2111 2172
f 2110 2171 2172
f 2056 2055 2173
f 2117 2056 2173
f 2055 2116 2173
f 2050 2049 2174
f 2112 2050 2174
f 2049 2167 2174
f 2114 2113 2175
f 2115 2114 2176
f 2114 2175 2176
f 2116 2115 2177
f 2115 2176 2177
f 2120 2119 2178
f 2121 2120 2179
f 2120 2178 2179
f 2122 2121 2180
f 2121 2179 2180
f 2126 2124 2181
f 2131 2125 2182
f 2127 2126 2183
f 2126 2181 2183
f 2128 2127 2184
f 2127 2183 2184
f 2129 2128 2185
f 2128 2184 2185
f 2133 2131 2186
f 2131 2182 2186
f 2138 2132 2187
f 2134 2133 2188
f 2133 2186 2188
f 2135 2134 2189
f 2134 2188 2189
f 2136 2135 2190
f 2135 2189 2190
f 2140 2138 2191
f 2138 2187 2191
f 2145 2139 2192
f 2141 2140 2193
f 2140 2191 2193
f 2142 2141 2194
f 2141 2193 2194
f 2143 2142 2195
f 2142 2194 2195
f 2147 2145 2196
f 2145 2192 2196
f 2152 2146 2197
f 2119 2117 2198
f 2178 2119 2198
f 2117 2173 2198
f 2148 2147 2199
f 2147 2196 2199
f 2149 2148 2200
f 2148 2199 2200
f 2150 2149 2201
f 2149 2200 2201
f 2154 2152 2202
f 2152 2197 2202
f 2159 2153 2203
f 2124 2118 2204
f 2181 2124 2204
f 2118 2123 2204
f 2155 2154 2205
f 2154 2202 2205
f 2156 2155 2206
f 2155 2205 2206
f 2157 2156 2207
f 2156 2206 2207
f 2161 2159 2208
f 2159 2203 2208
f 2166 2160 2209
f 2162 2161 2210
f 2161 2208 2210
f 2163 2162 2211
f 2162 2210 2211
f 2164 2163 2212
f 2163 2211 2212
f 2168 2166 2213
f 2166 2209 2213
f 2169 2168 2214
f 2168 2213 2214
f 2170 2169 2215
f 2169 2214 2215
f 2171 2170 2216
f 2170 2215 2216
f 2174 2167 2217
f 2123 2122 2218
f 2122 2180 2218
f 2125 2130 2182
f 2130 2129 2219
f 2129 2185 2219
f 2187 2132 2220
f 2132 2137 2220
f 2137 2136 2221
f 2220 2137 2221
f 2136 2190 2221
f 2192 2139 2222
f 2139 2144 2222
f 2144 2143 2223
f 2222 2144 2223
f 2143 2195 2223
f 2197 2146 2224
f 2146 2151 2224
f 2151 2150 2225
f 2224 2151 2225
f 2150 2201 2225
f 2203 2153 2226
f 2153 2158 2226
f 2158 2157 2227
f 2226 2158 2227
f 2157 2207 2227
f 2209 2160 2228
f 2160 2165 2228
f 2113 2112 2229
f 2165 2164 2230
f 2228 2165 2230
f 2164 2212 2230
f 2173 2116 2231
f 2116 2177 2231
f 2167 2172 2217
f 2175 2113 2229
f 2172 2171 2232
f 2171 2216 2232
f 2112 2174 2233
f 2229 2112 2233
f 2174 2217 2233
f 2182 2130 2219
f 2177 2176 2234
f 2199 2196 2235
f 2217 2172 2232
f 2180 2179 2236
f 2205 2202 2237
f 2193 2191 2238
f 2184 2183 2239
f 2185 2184 2240
f 2184 2239 2240
f 2186 2182 2241
f 2188 2186 2242
f 2186 2241 2242
f 2189 2188 2243
f 2188 2242 2243
f 2190 2189 2244
f 2189 2243 2244
f 2191 2187 2245
f 2238 2191 2245
f 2187 2220 2245
f 2194 2193 2246
f 2193 2238 2246
f 2195 2194 2247
f 2194 2246 2247
f 2196 2192 2248
f 2235 2196 2248
f 2192 2222 2248
f 2200 2199 2249
f 2199 2235 2249
f 2201 2200 2250
f 2200 2249 2250
f 2202 2197 2251
f 2237 2202 2251
f 2197 2224 2251
f 2210 2208 2252
f 2206 2205 2253
f 2205 2237 2253
f 2207 2206 2254
f 2206 2253 2254
f 2208 2203 2255
f 2252 2208 2255
f 2203 2226 2255
f 2211 2210 2256
f 2210 2252 2256
f 2212 2211 2257
f 2211 2256 2257
f 2213 2209 2258
f 2214 2213 2259
f 2213 2258 2259
f 2215 2214 2260
f 2214 2259 2260
f 2216 2215 2261
f 2215 2260 2261
f 2175 2229 2262
f 2176 2175 2263
f 2234 2176 2263
f 2175 2262 2263
f 2218 2180 2264
f 2180 2236 2264
f 2217 2232 2265
f 2123 2218 2204
f 2236 2179 2266
f 2179 2178 2266
f 2209 2228 2258
f 2198 2173 2231
f 2182 2219 2241
f 2219 2185 2267
f 2185 2240 2267
f 2231 2177 2268
f 2177 2234 2268
f 2221 2190 2269
f 2190 2244 2269
f 2223 2195 2270
f 2195 2247 2270
f 2183 2181 2271
f 2225 2201 2272
f 2201 2250 2272
f 2178 2198 2273
f 2198 2231 2273
f 2227 2207 2274
f 2207 2254 2274
f 2181 2204 2275
f 2230 2212 2276
f 2212 2257 2276
f 2239 2183 2271
f 2232 2216 2277
f 2265 2232 2277
f 2216 2261 2277
f 2262 2229 2278
f 2229 2233 2278
f 2233 2217 2279
f 2278 2233 2279
f 2217 2265 2279
f 2178 2273 2266
f 2181 2275 2271
f 2204 2218 2275
f 2271 2275 2280
f 2220 2221 2281
f 2221 2269 2281
f 2243 2242 2282
f 2244 2243 2283
f 2243 2282 2283
f 2275 2218 2284
f 2280 2275 2284
f 2218 2264 2284
f 2239 2271 2285
f 2271 2280 2285
f 2222 2223 2286
f 2223 2270 2286
f 2247 2246 2287
f 2273 2231 2268
f 2224 2225 2288
f 2225 2272 2288
f 2236 2266 2289
f 2250 2249 2290
f 2253 2237 2291
f 2226 2227 2292
f 2227 2274 2292
f 2254 2253 2293
f 2253 2291 2293
f 2259 2258 2294
f 2241 2219 2267
f 2266 2273 2295
f 2228 2230 2296
f 2230 2276 2296
f 2257 2256 2297
f 2240 2239 2298
f 2239 2285 2298
f 2260 2259 2299
f 2259 2294 2299
f 2261 2260 2300
f 2260 2299 2300
f 2258 2228 2296
f 2291 2237 2301
f 2237 2251 2301
f 2258 2296 2294
f 2264 2236 2302
f 2236 2289 2302
f 2220 2281 2245
f 2276 2257 2303
f 2257 2297 2303
f 2272 2250 2304
f 2250 2290 2304
f 2267 2240 2305
f 2240 2298 2305
f 2265 2277 2306
f 2235 2248 2307
f 2268 2234 2308
f 2238 2245 2309
f 2224 2288 2251
f 2266 2295 2289
f 2269 2244 2310
f 2244 2283 2310
f 2270 2247 2311
f 2247 2287 2311
f 2282 2242 2312
f 2242 2241 2312
f 2290 2249 2313
f 2249 2235 2313
f 2287 2246 2314
f 2246 2238 2314
f 2273 2268 2315
f 2295 2273 2315
f 2268 2308 2315
f 2248 2222 2286
f 2263 2262 2316
f 2274 2254 2317
f 2254 2293 2317
f 2226 2292 2255
f 2252 2255 2318
f 2252 2318 2319
f 2241 2267 2320
f 2312 2241 2320
f 2267 2305 2320
f 2297 2256 2319
f 2265 2306 2279
f 2262 2278 2316
f 2277 2261 2321
f 2306 2277 2321
f 2261 2300 2321
f 2234 2263 2322
f 2308 2234 2322
f 2263 2316 2322
f 2256 2252 2319
f 2235 2307 2313
f 2238 2309 2314
f 2307 2248 2286
f 2283 2282 2323
f 2285 2280 2324
f 2281 2269 2325
f 2269 2310 2325
f 2278 2279 2326
f 2316 2278 2326
f 2279 2306 2326
f 2251 2288 2301
f 2282 2312 2327
f 2323 2282 2327
f 2312 2320 2327
f 2313 2307 2328
f 2294 2296 2329
f 2314 2309 2330
f 2307 2286 2331
f 2286 2270 2331
f 2332 2022 1945
f 2270 2311 2331
f 2245 2281 2309
f 2288 2272 2333
f 2272 2304 2333
f 2319 2318 2334
f 2297 2319 2335
f 2289 2295 2336
f 2318 2255 2292
f 2290 2313 2337
f 2313 2328 2337
f 2293 2291 2338
f 2298 2285 2339
f 2285 2324 2339
f 2287 2314 2340
f 2314 2330 2340
f 2299 2294 2341
f 2300 2299 2342
f 2299 2341 2342
f 2292 2274 2343
f 2274 2317 2343
f 2309 2281 2325
f 2318 2292 2343
f 2302 2289 2344
f 2289 2336 2344
f 2328 2307 2331
f 2318 2343 2334
f 2303 2297 2345
f 2297 2335 2345
f 2304 2290 2346
f 2290 2337 2346
f 2305 2298 2347
f 2298 2339 2347
f 2322 2316 2348
f 2326 2306 2349
f 2335 2319 2334
f 2324 2280 2350
f 2280 2284 2350
f 2310 2283 2351
f 2283 2323 2351
f 2311 2287 2352
f 2287 2340 2352
f 2294 2329 2341
f 2284 2264 2302
f 2336 2295 2353
f 2295 2315 2353
f 2315 2308 2353
f 2306 2321 2349
f 2309 2325 2330
f 2316 2326 2354
f 2348 2316 2354
f 2326 2349 2354
f 2308 2322 2355
f 2322 2348 2355
f 2338 2291 2356
f 2291 2301 2356
f 2317 2293 2357
f 2293 2338 2357
f 2301 2288 2358
f 2356 2301 2358
f 2288 2333 2358
f 2321 2300 2359
f 2300 2342 2359
f 2353 2308 2355
f 2296 2276 2360
f 2329 2296 2360
f 2276 2303 2360
f 2330 2325 2361
f 2341 2329 2362
f 2355 2348 2363
f 2335 2334 2364
f 2325 2310 2365
f 2310 2351 2365
f 2334 2343 2366
f 2349 2321 2359
f 2333 2304 2367
f 2358 2333 2367
f 2304 2346 2367
f 2320 2305 2368
f 2305 2347 2368
f 2328 2331 2369
f 2337 2328 2370
f 2328 2369 2370
f 2342 2341 2371
f 2336 2353 2372
f 2340 2330 2373
f 2284 2302 2350
f 2353 2355 2374
f 2372 2353 2374
f 2355 2363 2374
f 2343 2317 2375
f 2317 2357 2375
f 2339 2324 2376
f 2341 2362 2371
f 2343 2375 2366
f 2345 2335 2377
f 2335 2364 2377
f 2346 2337 2378
f 2337 2370 2378
f 2347 2339 2379
f 2339 2376 2379
f 2325 2365 2361
f 2351 2323 2380
f 2327 2320 2368
f 2352 2340 2381
f 2340 2373 2381
f 2349 2359 2382
f 2330 2361 2373
f 2369 2331 2383
f 2384 1864 1858
f 2354 2349 2385
f 2349 2382 2385
f 2359 2342 2386
f 2382 2359 2386
f 2342 2371 2386
f 2344 2336 2372
f 2357 2338 2387
f 2350 2302 2388
f 2302 2344 2388
f 2364 2334 2366
f 2363 2348 2354
f 2360 2303 2389
f 2303 2345 2389
f 2323 2327 2390
f 2327 2368 2390
f 2380 2323 2390
f 2387 2338 2391
f 2338 2356 2391
f 2329 2360 2392
f 2362 2329 2392
f 2360 2389 2392
f 2311 2352 2383
f 2380 2390 2393
f 2364 2366 2394
f 2373 2361 2395
f 2369 2383 2396
f 2370 2369 2396
f 2375 2357 2397
f 2366 2375 2397
f 2357 2387 2397
f 2365 2351 2398
f 2361 2365 2398
f 2351 2380 2398
f 2324 2350 2399
f 2331 2311 2383
f 2356 2358 2400
f 2391 2356 2400
f 2358 2367 2400
f 2368 2347 2401
f 2347 2379 2401
f 2399 2350 2388
f 2376 2324 2399
f 2390 2368 2401
f 2383 2352 2402
f 2396 2383 2402
f 2352 2381 2402
f 2363 2354 2385
f 2371 2362 2403
f 2376 2399 2404
f 2377 2364 2405
f 2364 2394 2405
f 2379 2376 2406
f 2376 2404 2406
f 2346 2378 2407
f 2393 2390 2401
f 2372 2374 2408
f 2380 2393 2409
f 2381 2373 2410
f 2373 2395 2410
f 2388 2344 2411
f 2344 2372 2411
f 2372 2408 2411
f 2366 2397 2394
f 2367 2346 2407
f 2371 2403 2412
f 2370 2396 2413
f 2385 2382 2414
f 2386 2371 2412
f 2387 2391 2415
f 2363 2385 2416
f 2398 2380 2409
f 2361 2398 2395
f 2382 2386 2417
f 2414 2382 2417
f 2386 2412 2417
f 2374 2363 2418
f 2408 2374 2418
f 2363 2416 2418
f 2389 2345 2419
f 2345 2377 2419
f 2370 2413 2378
f 2407 2378 2420
f 2378 2413 2420
f 2393 2401 2421
f 2401 2379 2422
f 2421 2401 2422
f 2379 2406 2422
f 2395 2398 2409
f 2395 2409 2423
f 2394 2397 2424
f 2397 2387 2424
f 2416 2385 2414
f 2413 2396 2425
f 2412 2403 2426
f 2416 2414 2427
f 2415 2391 2428
f 2391 2400 2428
f 2399 2388 2404
f 2411 2408 2429
f 2409 2393 2430
f 2403 2362 2431
f 2367 2407 2400
f 2387 2415 2424
f 2404 2388 2411
f 2431 2362 2392
f 2424 2415 2432
f 2404 2411 2433
f 2411 2429 2433
f 2431 2392 2389
f 2431 2389 2419
f 2406 2404 2433
f 2407 2420 2428
f 2419 2377 2434
f 2377 2405 2434
f 2427 2414 2435
f 2414 2417 2435
f 2393 2421 2430
f 2423 2409 2430
f 2394 2424 2436
f 2425 2396 2402
f 2418 2416 2437
f 2416 2427 2437
f 2420 2413 2438
f 2413 2425 2438
f 2415 2428 2439
f 2432 2415 2439
f 2428 2420 2439
f 2408 2418 2440
f 2429 2408 2440
f 2418 2437 2440
f 2395 2423 2410
f 2431 2419 2441
f 2403 2431 2441
f 2419 2434 2441
f 2417 2412 2442
f 2435 2417 2442
f 2412 2426 2442
f 2424 2432 2436
f 2403 2441 2426
f 2394 2436 2405
f 2402 2381 2443
f 2381 2410 2443
f 2407 2428 2400
f 2426 2441 2444
f 2425 2402 2443
f 2436 2332 2405
f 2436 2432 2022
f 2420 2438 2439
f 2433 2429 1909
f 2438 2425 2445
f 2423 2430 2446
f 2406 2433 1933
f 2422 2406 1933
f 2433 1909 1933
f 2430 2421 1911
f 2410 2423 2443
f 2429 2440 1909
f 2421 2422 1932
f 1911 2421 1932
f 2422 1933 1932
f 2425 2443 2447
f 2445 2425 2447
f 2443 2423 2447
f 2022 2432 2448
f 2437 2427 2449
f 2432 2439 2448
f 2439 2438 2450
f 2448 2439 2450
f 2438 2445 2450
f 2423 2446 2447
f 2430 1911 2446
f 2441 2434 2444
f 2427 2435 2449
f 2442 2426 1861
f 2426 2444 1861
f 2434 2405 2332
f 2444 2434 2332
f 2436 2022 2332
f 2435 2442 1860
f 2442 1861 1860
f 2445 2447 1998
f 2447 2446 1998
f 2440 2437 2384
f 2437 2449 2384
f 2449 2435 1860
f 2022 2448 1863
f 1909 2440 2384
f 2446 1911 1901
f 1998 2446 1901
f 2445 1998 2450
f 2448 2450 1857
f 2450 1998 1857
f 2449 1860 1864
f 2448 1857 1863
f 2449 1864 2384
f 1861 2444 1945
f 2444 2332 1945
f 1909 2384 1858
