# Combined OBJ with one region per STL
o shaft
g shaft
v -0.003922036 0.0007858953 0.06
v -0.004 -9.797174e-19 0.06
v -0.004 -9.797174e-19 0.06082584
v -0.003691184 0.001541155 0.06
v -0.00385681 0.00106067 0.06069635
v -0.003285824 0.002281087 0.06
v -0.003549367 0.00184445 0.0607343
v -0.002773607 0.002882205 0.06
v -0.003092369 0.002537175 0.06073152
v -0.002143573 0.003377143 0.06
v -0.002478803 0.003139353 0.06071614
v -0.001374884 0.003756287 0.06
v -0.001776842 0.00358369 0.06071851
v -0.0005796329 0.00395778 0.06
v -0.001006053 0.003871415 0.06072409
v 0.0002092649 0.003994522 0.06
v -0.0001804772 0.003995926 0.06073151
v 0.001045136 0.003861048 0.06
v 0.0006567161 0.003945722 0.06073474
v 0.001884436 0.0035283 0.06
v 0.001454441 0.003726205 0.06074541
v 0.002540925 0.003089288 0.06
v 0.002207709 0.003335569 0.06073138
v 0.003129546 0.002491173 0.06
v 0.002848611 0.002808098 0.06073663
v 0.003557998 0.001827744 0.06
v 0.003348521 0.002188014 0.06073447
v 0.003851324 0.001080418 0.06
v 0.003712434 0.00148924 0.06073665
v 0.003988532 0.0003026753 0.06
v 0.003935864 0.0007134265 0.06074258
v 0.00397026 -0.0004868663 0.06
v 0.003999092 -8.52183e-05 0.06073394
v 0.003797219 -0.001257429 0.06
v 0.003904649 -0.0008681682 0.06073534
v 0.003473986 -0.00198278 0.06
v 0.003656441 -0.001621863 0.06072434
v 0.003016711 -0.002626682 0.06
v 0.003255113 -0.002324702 0.06072864
v 0.002437897 -0.003171224 0.06
v 0.002727054 -0.002926291 0.06073225
v 0.001730082 -0.003606496 0.06
v 0.002096835 -0.003406359 0.06073233
v 0.0009877794 -0.003876118 0.06
v 0.001364602 -0.003760035 0.06073223
v 0.0001518255 -0.003997118 0.06
v 0.0005680329 -0.003959462 0.06073107
v -0.0006364627 -0.00394904 0.06
v -0.0002276636 -0.003993516 0.06072202
v -0.00139994 -0.003747021 0.06
v -0.001007217 -0.003871113 0.06071961
v -0.002108846 -0.003398936 0.06
v -0.00176196 -0.00359103 0.06072108
v -0.002808264 -0.002848447 0.06
v -0.002485725 -0.003133874 0.06073412
v -0.003316443 -0.002236338 0.06
v -0.003059299 -0.002576953 0.06074267
v -0.003691184 -0.001541155 0.06
v -0.003524126 -0.00189223 0.06075728
v -0.003922036 -0.0007858953 0.06
v -0.003817715 -0.001193755 0.06069135
v -0.003962707 -0.0005449312 0.06055273
v -0.004 -9.797174e-19 0.137
v -0.004 -9.797174e-19 0.1361998
v -0.00391366 -0.0008265984 0.137
v -0.004 -9.797174e-19 0.1353996
v -0.003936477 -0.000710036 0.1359064
v -0.004 -9.797174e-19 0.134568
v -0.004 -9.797174e-19 0.1337678
v -0.00393565 -0.0007146041 0.1342003
v -0.004 -9.797174e-19 0.1329676
v -0.004 -9.797174e-19 0.1321411
v -0.003932042 -0.0007341962 0.1325763
v -0.004 -9.797174e-19 0.1312895
v -0.004 -9.797174e-19 0.1304893
v -0.003930598 -0.0007418913 0.1308979
v -0.004 -9.797174e-19 0.1296611
v -0.004 -9.797174e-19 0.1288381
v -0.003931943 -0.0007347277 0.1292551
v -0.004 -9.797174e-19 0.1280379
v -0.004 -9.797174e-19 0.1271785
v -0.003930623 -0.000741757 0.1276197
v -0.004 -9.797174e-19 0.1263783
v -0.004 -9.797174e-19 0.125578
v -0.003931411 -0.0007375672 0.1259629
v -0.004 -9.797174e-19 0.1247778
v -0.004 -9.797174e-19 0.1239184
v -0.003933289 -0.0007274852 0.1243351
v -0.004 -9.797174e-19 0.1231182
v -0.004 -9.797174e-19 0.1223179
v -0.003933638 -0.0007255961 0.1227367
v -0.004 -9.797174e-19 0.1215177
v -0.004 -9.797174e-19 0.1206751
v -0.003932765 -0.0007303127 0.1210989
v -0.004 -9.797174e-19 0.1198665
v -0.004 -9.797174e-19 0.1190663
v -0.003930498 -0.0007424181 0.1194689
v -0.004 -9.797174e-19 0.1182253
v -0.004 -9.797174e-19 0.1173838
v -0.003930486 -0.0007424834 0.1178148
v -0.004 -9.797174e-19 0.1165836
v -0.004 -9.797174e-19 0.1157834
v -0.003930379 -0.0007430464 0.1161863
v -0.004 -9.797174e-19 0.1149201
v -0.004 -9.797174e-19 0.1141053
v -0.003930698 -0.0007413611 0.1145124
v -0.004 -9.797174e-19 0.1132602
v -0.004 -9.797174e-19 0.1124189
v -0.003933538 -0.0007261403 0.1128605
v -0.004 -9.797174e-19 0.1116186
v -0.004 -9.797174e-19 0.1108184
v -0.003936384 -0.0007105519 0.111216
v -0.004 -9.797174e-19 0.1100182
v -0.004 -9.797174e-19 0.109218
v -0.003936172 -0.0007117234 0.109619
v -0.004 -9.797174e-19 0.1083978
v -0.004 -9.797174e-19 0.1075355
v -0.003933347 -0.0007271758 0.107976
v -0.004 -9.797174e-19 0.1067352
v -0.004 -9.797174e-19 0.1058928
v -0.003931569 -0.0007367255 0.1063168
v -0.004 -9.797174e-19 0.1050756
v -0.004 -9.797174e-19 0.1042754
v -0.003932831 -0.0007299613 0.1046654
v -0.004 -9.797174e-19 0.1034244
v -0.004 -9.797174e-19 0.1026242
v -0.003934301 -0.0007219946 0.1030439
v -0.004 -9.797174e-19 0.101824
v -0.004 -9.797174e-19 0.1010237
v -0.003940079 -0.0006897656 0.1014167
v -0.004 -9.797174e-19 0.1002235
v -0.004 -9.797174e-19 0.09942329
v -0.003934898 -0.0007187325 0.09982199
v -0.004 -9.797174e-19 0.09857233
v -0.004 -9.797174e-19 0.0977721
v -0.003930883 -0.0007403774 0.09818296
v -0.004 -9.797174e-19 0.09697188
v -0.004 -9.797174e-19 0.09614481
v -0.003931005 -0.0007397288 0.09656571
v -0.004 -9.797174e-19 0.09534459
v -0.004 -9.797174e-19 0.09454436
v -0.00393226 -0.0007330313 0.09492988
v -0.004 -9.797174e-19 0.09374414
v -0.004 -9.797174e-19 0.09294392
v -0.003934634 -0.0007201795 0.09332054
v -0.004 -9.797174e-19 0.09212683
v -0.004 -9.797174e-19 0.09131663
v -0.003932747 -0.0007304127 0.09171979
v -0.004 -9.797174e-19 0.0905164
v -0.004 -9.797174e-19 0.08971618
v -0.003933353 -0.0007271434 0.09007128
v -0.004 -9.797174e-19 0.08885676
v -0.004 -9.797174e-19 0.08805654
v -0.003930766 -0.000741001 0.08844966
v -0.004 -9.797174e-19 0.08719243
v -0.004 -9.797174e-19 0.08635295
v -0.003932144 -0.0007336484 0.08675437
v -0.004 -9.797174e-19 0.08550167
v -0.004 -9.797174e-19 0.08470144
v -0.003931034 -0.0007395737 0.08510505
v -0.004 -9.797174e-19 0.08389365
v -0.004 -9.797174e-19 0.08301496
v -0.003928171 -0.0007546366 0.08346055
v -0.004 -9.797174e-19 0.08221474
v -0.004 -9.797174e-19 0.08136138
v -0.003928921 -0.0007507177 0.08178556
v -0.004 -9.797174e-19 0.08053223
v -0.004 -9.797174e-19 0.07973201
v -0.003934781 -0.0007193755 0.08012581
v -0.004 -9.797174e-19 0.07893179
v -0.004 -9.797174e-19 0.07813156
v -0.0039336 -0.0007258041 0.07851392
v -0.004 -9.797174e-19 0.07733134
v -0.004 -9.797174e-19 0.07646205
v -0.003934694 -0.0007198501 0.07688987
v -0.004 -9.797174e-19 0.07564485
v -0.004 -9.797174e-19 0.07484463
v -0.003935765 -0.0007139728 0.0752355
v -0.004 -9.797174e-19 0.07404441
v -0.004 -9.797174e-19 0.07324418
v -0.003934734 -0.0007196297 0.07363284
v -0.004 -9.797174e-19 0.0723816
v -0.004 -9.797174e-19 0.0715577
v -0.003931985 -0.0007345006 0.07197684
v -0.004 -9.797174e-19 0.07075748
v -0.004 -9.797174e-19 0.06995725
v -0.00393221 -0.0007332978 0.07032773
v -0.004 -9.797174e-19 0.06914679
v -0.004 -9.797174e-19 0.06827696
v -0.003931162 -0.000738897 0.06867572
v -0.004 -9.797174e-19 0.06747453
v -0.004 -9.797174e-19 0.06661416
v -0.00393177 -0.0007356525 0.06700575
v -0.004 -9.797174e-19 0.0657965
v -0.004 -9.797174e-19 0.06496943
v -0.003934166 -0.0007227273 0.06536474
v -0.004 -9.797174e-19 0.06415159
v -0.004 -9.797174e-19 0.06328693
v -0.00394397 -0.0006671587 0.06372103
v -0.004 -9.797174e-19 0.06248671
v -0.004 -9.797174e-19 0.06168648
v -0.003940571 -0.0006869514 0.06206821
v -0.003942723 -0.0006744889 0.06125719
v -0.003918165 0.0008049726 0.137
v -0.003675093 0.001579142 0.137
v -0.003791224 0.00127539 0.1363433
v -0.003252173 0.002328814 0.137
v -0.00270601 0.002945762 0.137
v -0.003025531 0.002616517 0.1362319
v -0.002042017 0.003439501 0.137
v -0.001299408 0.003783059 0.137
v -0.001683677 0.003628392 0.1362972
v -0.0005115089 0.00396716 0.137
v 0.0002973196 0.003988935 0.137
v -0.0001051544 0.003998618 0.1362697
v 0.001161423 0.003827675 0.137
v 0.001995634 0.003466618 0.137
v 0.001570724 0.003678699 0.1362674
v 0.00265244 0.002994088 0.137
v 0.003256415 0.002322878 0.137
v 0.002963704 0.002686346 0.1362651
v 0.003658232 0.001617819 0.137
v 0.003911731 0.0008356793 0.137
v 0.003803363 0.001238722 0.1362699
v 0.003999999 2.169348e-06 0.137
v 0.003903839 -0.0008718039 0.137
v 0.00397475 -0.0004487322 0.136284
v 0.003645064 -0.001647273 0.137
v 0.003238989 -0.002347116 0.137
v 0.003460504 -0.002006219 0.1362708
v 0.002698345 -0.002952784 0.137
v 0.002027267 -0.003448215 0.137
v 0.002355131 -0.003233165 0.1362739
v 0.001266786 -0.003794108 0.137
v 0.0004343228 -0.003976351 0.137
v 0.0008361673 -0.003911627 0.1362834
v -0.0003866326 -0.003981271 0.137
v -0.001222624 -0.003808568 0.137
v -0.0008395179 -0.003910909 0.1362616
v -0.001964059 -0.003484605 0.137
v -0.002700399 -0.002950906 0.137
v -0.002380328 -0.00321466 0.1362687
v -0.003242426 -0.002342365 0.137
v -0.003664983 -0.001602467 0.137
v -0.003470672 -0.001988576 0.1362985
v -0.00394054 0.0006871282 0.1359123
v -0.003928293 0.0007539989 0.1350664
v -0.003923243 0.0007798498 0.1342224
v -0.003921144 0.0007903369 0.1333953
v -0.003919524 0.0007983285 0.1325605
v -0.003917878 0.0008063697 0.1317198
v -0.003920272 0.0007946476 0.1308918
v -0.00392012 0.000795397 0.1300775
v -0.003923059 0.0007807724 0.1292343
v -0.003921631 0.0007879156 0.1284282
v -0.003922433 0.0007839152 0.1275865
v -0.003923368 0.0007792174 0.1267804
v -0.003925709 0.0007673382 0.1259713
v -0.003924501 0.0007734922 0.125155
v -0.003922726 0.000782447 0.1243391
v -0.003920964 0.0007912286 0.1235071
v -0.003923072 0.000780708 0.1227032
v -0.003921968 0.000786237 0.121901
v -0.003920663 0.0007927193 0.1210779
v -0.003923949 0.0007762868 0.1202657
v -0.003924935 0.0007712876 0.1194402
v -0.003926332 0.0007641469 0.1186301
v -0.003926258 0.0007645234 0.1177887
v -0.003922312 0.0007845164 0.1169584
v -0.003923633 0.000777886 0.116143
v -0.003924859 0.0007716724 0.1153327
v -0.003925375 0.0007690473 0.114486
v -0.003924066 0.0007756967 0.1136678
v -0.003923901 0.0007765309 0.1128377
v -0.003924125 0.0007753987 0.1120248
v -0.003926209 0.0007647769 0.1112128
v -0.003925114 0.0007703763 0.1103965
v -0.00392476 0.0007721778 0.1095946
v -0.003923621 0.0007779464 0.1087773
v -0.003922427 0.000783943 0.1079417
v -0.003923748 0.0007773044 0.1071281
v -0.003922134 0.0007854079 0.106304
v -0.003924752 0.0007722164 0.1054831
v -0.00392185 0.0007868225 0.1046666
v -0.003922951 0.0007813188 0.1038333
v -0.003924419 0.000773907 0.1030303
v -0.003926629 0.0007626189 0.1022147
v -0.003925068 0.0007706091 0.1014102
v -0.003924689 0.0007725399 0.1006091
v -0.003923517 0.0007784702 0.09980541
v -0.003923862 0.0007767277 0.09898116
v -0.003925169 0.0007700989 0.0981615
v -0.003924331 0.0007743569 0.09735668
v -0.003922029 0.0007859311 0.09655238
v -0.003923493 0.0007785903 0.09573941
v -0.003924706 0.0007724537 0.09493974
v -0.003925607 0.0007678581 0.09413442
v -0.003925276 0.0007695492 0.09333203
v -0.003922053 0.0007858132 0.09252111
v -0.003923061 0.000780762 0.09171088
v -0.003925202 0.0007699267 0.0908934
v -0.003924112 0.0007754624 0.09008526
v -0.003922731 0.0007824219 0.08924608
v -0.00392464 0.0007727869 0.08843039
v -0.003924437 0.0007738193 0.08759264
v -0.003925099 0.0007704535 0.08675853
v -0.003926392 0.0007638339 0.08591227
v -0.00392497 0.0007711077 0.08508107
v -0.003921882 0.000786664 0.0842719
v -0.003922179 0.0007851811 0.08343536
v -0.003924147 0.0007752885 0.08260248
v -0.003922641 0.000782872 0.08178352
v -0.003925251 0.0007696775 0.08094233
v -0.003925666 0.0007675571 0.08012514
v -0.003924411 0.0007739507 0.07932277
v -0.003925808 0.0007668332 0.07851589
v -0.003924733 0.0007723157 0.07769776
v -0.00392374 0.0007773424 0.07689259
v -0.00392545 0.0007686649 0.0760403
v -0.003924653 0.0007727201 0.0752304
v -0.003923846 0.0007768106 0.07442677
v -0.003924083 0.0007756112 0.07361772
v -0.003922124 0.0007854557 0.07278789
v -0.003922706 0.0007825439 0.07195917
v -0.003924656 0.0007727054 0.07114915
v -0.003924107 0.0007754898 0.07033393
v -0.003922406 0.0007840487 0.06951835
v -0.00392027 0.000794657 0.06869244
v -0.003924473 0.000773635 0.06785722
v -0.003926387 0.0007638645 0.06704084
v -0.003928625 0.0007522668 0.06618447
v -0.003931284 0.0007382455 0.0653715
v -0.003934115 0.000723007 0.06455413
v -0.003930906 0.0007402549 0.06368605
v -0.003925262 0.0007696221 0.06284379
v -0.003927952 0.0007557726 0.06204464
v -0.003933375 -0.0007270236 0.1350521
v -0.003933997 -0.0007236485 0.133385
v -0.00393104 -0.0007395443 0.1317409
v -0.003930688 -0.0007414128 0.1300901
v -0.003932865 -0.0007297783 0.1284255
v -0.003931098 -0.0007392376 0.1267861
v -0.003934427 -0.0007213052 0.1251695
v -0.00393486 -0.0007189422 0.1235301
v -0.003932986 -0.0007291222 0.1219148
v -0.003929173 -0.0007493971 0.1202868
v -0.003932257 -0.0007330428 0.1186295
v -0.003930449 -0.0007426777 0.1169978
v -0.00392864 -0.0007521874 0.1153513
v -0.003933405 -0.0007268604 0.1136803
v -0.003936135 -0.0007119285 0.1120088
v -0.003936427 -0.0007103118 0.1104162
v -0.003935654 -0.0007145809 0.1087868
v -0.0039327 -0.0007306624 0.1071407
v -0.00393191 -0.0007349038 0.1054754
v -0.003932189 -0.0007334094 0.1038505
v -0.003938553 -0.0006984298 0.1022246
v -0.003938421 -0.0006991736 0.1006242
v -0.0039314 -0.0007376291 0.09901357
v -0.00393051 -0.0007423556 0.09736023
v -0.00393143 -0.0007374692 0.09574338
v -0.003935182 -0.0007171755 0.09411406
v -0.003934866 -0.0007189108 0.09251982
v -0.003932674 -0.000730806 0.09089967
v -0.003931062 -0.000739426 0.08926158
v -0.003931713 -0.000735959 0.08760507
v -0.003932123 -0.0007337611 0.08594108
v -0.003931119 -0.0007391213 0.08427375
v -0.003929904 -0.0007455569 0.08261802
v -0.003932511 -0.0007316833 0.08095357
v -0.003934184 -0.0007226335 0.07933255
v -0.003933952 -0.0007238947 0.07770087
v -0.003937256 -0.0007057019 0.07607016
v -0.003935403 -0.0007159649 0.07443817
v -0.003933972 -0.0007237864 0.07280419
v -0.003930084 -0.0007446053 0.0711463
v -0.003930973 -0.0007399015 0.06952303
v -0.003933339 -0.0007272155 0.06785776
v -0.003933936 -0.0007239793 0.06618324
v -0.003938218 -0.0007003126 0.06454071
v -0.00394562 -0.0006573277 0.06289025
v -0.0009036844 0.003896582 0.1362921
v -0.003486209 0.001961211 0.1362256
v -0.002415882 0.003188027 0.1362794
v 0.0007648911 0.003926187 0.1362632
v 0.002325048 0.003254866 0.1362628
v 0.003463267 0.002001446 0.1362612
v 0.003978802 0.0004112555 0.1362633
v 0.003793993 -0.00126713 0.136279
v 0.002962669 -0.002687488 0.1362762
v 0.001638957 -0.003648811 0.1362891
v -1.180433e-05 -0.003999983 0.1362589
v -0.001647252 -0.003645074 0.1362621
v -0.00299619 -0.002650065 0.1362887
v -0.003772508 -0.001329729 0.1363424
v -0.00394743 0.0006463726 0.061323
v -0.003378697 0.002141122 0.06146695
v -0.002837155 0.002819672 0.06143673
v -0.002144094 0.003376812 0.06143049
v -0.001403719 0.003745607 0.06144996
v -0.0005944921 0.003955576 0.06147832
v 0.0002342186 0.003993137 0.06148737
v 0.001056826 0.003857864 0.0614638
v 0.001839959 0.003551697 0.06147056
v 0.002535694 0.003093583 0.06148031
v 0.003107513 0.002518603 0.06146883
v 0.003540027 0.001862313 0.06146876
v 0.003842901 0.001110007 0.06146355
v 0.003985803 0.0003367077 0.0614683
v 0.003970664 -0.0004835601 0.06146486
v 0.003802272 -0.001242065 0.06147622
v 0.003480974 -0.001970488 0.06147219
v 0.003003101 -0.002642231 0.06145559
v 0.002429581 -0.003177599 0.06145487
v 0.001726846 -0.003608047 0.06145401
v 0.0009754435 -0.003879241 0.06146048
v 0.0001835572 -0.003995786 0.06144638
v -0.000621302 -0.003951453 0.06143329
v -0.001400561 -0.003746789 0.06144987
v -0.002118228 -0.003393097 0.06144934
v -0.002767775 -0.002887806 0.06145145
v -0.003299764 -0.002260875 0.0614719
v -0.003726071 -0.001454784 0.06154948
v -0.00375305 0.001383697 0.06144137
v -0.0037289 -0.001447517 0.1280199
v -0.003733283 -0.001436175 0.1305016
v -0.003736586 -0.00142756 0.1330115
v -0.003722774 -0.001463199 0.1288456
v -0.003726281 -0.001454245 0.1272036
v -0.003734293 -0.001433546 0.1255622
v -0.003743762 -0.001408633 0.1239358
v -0.003730464 -0.00144348 0.1223267
v -0.003729864 -0.001445032 0.1206996
v -0.003721332 -0.001466862 0.1190638
v -0.003718981 -0.001472814 0.1149203
v -0.003727121 -0.001452091 0.1174178
v -0.003721494 -0.001466452 0.1157603
v -0.003745385 -0.001404312 0.1116173
v -0.003747394 -0.001398942 0.1100088
v -0.003735119 -0.001431393 0.112435
v -0.00374916 -0.001394202 0.1108168
v -0.002069194 0.00342322 0.1355481
v -0.003739947 -0.001418729 0.1083681
v -0.003736478 -0.001427842 0.1075604
v -0.003738267 -0.001423152 0.1059022
v -0.003734402 -0.001433264 0.1042509
v -0.00373873 -0.001421934 0.1034321
v -0.003761334 -0.001361016 0.1018104
v -0.003749423 -0.001393496 0.1002483
v -0.003725312 -0.001456726 0.0986001
v -0.003733255 -0.001436247 0.09696075
v -0.003741658 -0.001414212 0.09532896
v -0.003738832 -0.001421667 0.0937009
v -0.003741634 -0.001414276 0.09210394
v -0.003726627 -0.001453358 0.09047205
v -0.003731568 -0.001440625 0.08883238
v -0.003734157 -0.0014339 0.08715875
v -0.003724241 -0.001459462 0.08552044
v -0.003724104 -0.001459812 0.08386176
v -0.00372661 -0.001453401 0.08303382
v -0.003728953 -0.001447379 0.0813728
v -0.003737687 -0.001424673 0.07971567
v -0.00374093 -0.001416137 0.07810056
v -0.003747292 -0.001399215 0.07648299
v -0.003742557 -0.001411831 0.07483869
v -0.003742426 -0.001412179 0.07321819
v -0.003734754 -0.001432345 0.07155045
v -0.003730188 -0.001444195 0.06989782
v -0.003733376 -0.001435933 0.06824725
v -0.003739692 -0.001419404 0.06657154
v -0.003746247 -0.001402009 0.06492361
v -0.003793404 -0.001268893 0.06330781
v -0.002740084 0.002914093 0.1355074
v 0.002644919 0.003000733 0.1355114
v 0.001161923 0.003827523 0.1355242
v 0.000321594 0.003987051 0.1355289
v -0.003338477 0.002203309 0.1353467
v -0.0005075112 0.003967673 0.1355581
v -0.00374584 -0.001403099 0.1338214
v 0.003220583 0.002372308 0.1355255
v 0.00391686 0.0008112993 0.1355041
v 0.003902862 -0.0008761687 0.1355485
v 0.003217695 -0.002376223 0.1355631
v 0.001998956 -0.003464704 0.1355634
v 0.0003980807 -0.003980142 0.1355472
v -0.001285872 -0.003787682 0.1354819
v -0.002741742 -0.002912533 0.1355515
v -0.003705079 -0.001507445 0.135553
v -0.00374999 -0.001391968 0.1346509
v -0.003740613 0.001416973 0.1355713
v -0.003728847 -0.001447654 0.1296732
v -0.003723173 -0.001462184 0.1166002
v -0.00370832 0.001499453 0.1347199
v -0.003693714 0.001535081 0.1338496
v -0.003680294 0.001566984 0.1329959
v -0.003682047 0.00156286 0.1321535
v -0.003686126 0.001553214 0.1313025
v -0.00368745 0.001550068 0.1304608
v -0.003682856 0.001560951 0.129638
v -0.003683409 0.001559648 0.1288137
v -0.003685056 0.001555752 0.128
v -0.00369332 0.00153603 0.1271738
v -0.003689756 0.001544571 0.1263648
v -0.003689049 0.00154626 0.125543
v -0.003694762 0.001532559 0.124741
v -0.003702694 0.001513294 0.1239111
v -0.003697282 0.001526468 0.1230881
v -0.003696247 0.001528973 0.1222805
v -0.003695723 0.00153024 0.1214641
v -0.003699411 0.001521301 0.120658
v -0.003691152 0.001541232 0.1198287
v -0.003689976 0.001544045 0.1190211
v -0.003692034 0.001539119 0.1181985
v -0.003691218 0.001541073 0.1173502
v -0.003692278 0.001538533 0.1165117
v -0.00369529 0.001531284 0.1157075
v -0.003697902 0.001524966 0.1148926
v -0.00369853 0.001523442 0.1140547
v -0.003697834 0.001525132 0.1132386
v -0.003698385 0.001523795 0.1124259
v -0.003691696 0.001539929 0.1116031
v -0.003690397 0.001543038 0.1107848
v -0.003702171 0.001514574 0.109983
v -0.003697732 0.001525377 0.1091554
v -0.003699946 0.00152 0.108338
v -0.003696 0.001529571 0.1075176
v -0.003697569 0.001525774 0.1067056
v -0.003696564 0.001528205 0.105875
v -0.003686117 0.001553236 0.1050564
v -0.003689592 0.001544962 0.104229
v -0.003693748 0.001535 0.1034147
v -0.003692194 0.001538734 0.1026181
v -0.003695939 0.001529717 0.1017898
v -0.003694321 0.00153362 0.1009928
v -0.003696423 0.001528549 0.1001937
v -0.003699795 0.001520366 0.09938089
v -0.003703205 0.001512043 0.09855927
v -0.003701064 0.001517275 0.09774062
v -0.00369923 0.001521742 0.09693839
v -0.003698069 0.001524561 0.09613925
v -0.003700531 0.001518576 0.09532597
v -0.003695309 0.001531239 0.09452251
v -0.003693067 0.001536639 0.09371626
v -0.003690221 0.001543459 0.09290611
v -0.003692892 0.001537058 0.09209983
v -0.003689117 0.001546098 0.09128127
v -0.003684095 0.001558026 0.09046366
v -0.003683312 0.001559877 0.08963601
v -0.003687109 0.001550879 0.0888146
v -0.00369153 0.001540327 0.08799213
v -0.003699997 0.001519875 0.08714126
v -0.003691776 0.001539736 0.08631233
v -0.003686822 0.001551562 0.085481
v -0.003690468 0.001542868 0.08464788
v -0.00369516 0.001531598 0.08383046
v -0.003688631 0.001547255 0.08299906
v -0.003687729 0.001549404 0.08217811
v -0.003686624 0.001552031 0.08135936
v -0.003690595 0.001542565 0.08052331
v -0.003695732 0.001530218 0.07970398
v -0.003693247 0.001536206 0.07889899
v -0.003694246 0.0015338 0.07808718
v -0.003698794 0.001522802 0.07726756
v -0.003689459 0.001545282 0.07645419
v -0.003691169 0.001541192 0.07562847
v -0.003694702 0.001532703 0.07481374
v -0.003698498 0.001523521 0.07400757
v -0.003698498 0.001523519 0.07317647
v -0.00369517 0.001531573 0.07235041
v -0.003691795 0.00153969 0.07153981
v -0.003688098 0.001548526 0.07071455
v -0.003689574 0.001545007 0.06989643
v -0.003694418 0.001533386 0.06908312
v -0.003695495 0.001530791 0.06824853
v -0.003694635 0.001532865 0.0674157
v -0.003704181 0.001509651 0.06660152
v -0.003723643 0.001460988 0.0657731
v -0.00372973 0.001445378 0.06494752
v -0.003740236 0.001417967 0.0641276
v -0.003728122 0.001449519 0.06323965
v -0.003661992 0.001609291 0.06228953
v -0.003732104 -0.001439235 0.1313368
v -0.003725975 -0.00145503 0.1182331
v -0.003734015 -0.00143427 0.1132675
v 0.00194494 0.003495313 0.1355105
v -0.003723658 -0.001460949 0.1140864
v -0.003731517 -0.001440757 0.126362
v -0.003739304 -0.001420425 0.1247417
v -0.00374261 -0.001411691 0.1231336
v -0.00372463 -0.001458469 0.1215216
v -0.003725298 -0.001456761 0.1198922
v -0.001307473 0.003780279 0.1355798
v -0.003741318 -0.001415112 0.1092111
v -0.003737315 -0.00142565 0.1067366
v -0.003735656 -0.001429992 0.1050659
v -0.003742756 -0.001411304 0.1026226
v -0.003763385 -0.001355336 0.1010378
v -0.003736762 -0.001427098 0.09941958
v -0.003729018 -0.001447212 0.09777441
v -0.003740469 -0.001417352 0.09614096
v -0.003737223 -0.001425891 0.09451068
v -0.003741235 -0.001415331 0.09290426
v -0.003735201 -0.00143118 0.09128816
v -0.003732863 -0.001437266 0.089651
v -0.003732434 -0.00143838 0.08801992
v -0.003729789 -0.001445225 0.08634168
v -0.003721734 -0.001465843 0.08469093
v -0.00372517 -0.00145709 0.08219119
v -0.003728671 -0.001448105 0.0805407
v -0.003736416 -0.001428003 0.07890915
v -0.003743482 -0.001409377 0.07729395
v -0.003741618 -0.001414317 0.07563564
v -0.003745368 -0.001404357 0.07403627
v -0.003741635 -0.001414274 0.07237198
v -0.003730445 -0.00144353 0.07073131
v -0.003735425 -0.001430595 0.06907583
v -0.003733383 -0.001435916 0.06740038
v -0.003739743 -0.001419267 0.06574393
v -0.003765041 -0.001350729 0.06411527
v -0.003781889 -0.00130281 0.06247521
v -0.003731831 -0.001439943 0.1321818
v 0.003650856 0.001634395 0.1355224
v 0.003999916 -2.596395e-05 0.1355239
v 0.003637177 -0.001664614 0.1355616
v 0.002658967 -0.002988293 0.1355616
v 0.001231025 -0.003805861 0.1355468
v -0.0004612715 -0.003973315 0.135532
v -0.002065768 -0.003425289 0.1354889
v -0.003276474 -0.002294497 0.1356121
v -0.002485219 -0.003134276 0.1347312
v -0.003413349 -0.002085437 0.06863194
v -0.002498413 0.003123769 0.0621379
v -0.00180157 0.003571323 0.0621615
v -0.001011298 0.003870049 0.06219992
v -0.0002006265 0.003994965 0.06221603
v 0.000625329 0.003950818 0.06221361
v 0.001448042 0.003728696 0.06220935
v 0.002202273 0.003339161 0.06220261
v 0.002832769 0.002824079 0.06219118
v 0.003336688 0.002206017 0.06219962
v 0.003706985 0.001502751 0.06219909
v 0.003932247 0.0007330974 0.0622021
v 0.003999555 -5.967657e-05 0.0622049
v 0.003908684 -0.0008498187 0.0621896
v 0.003659076 -0.001615909 0.06219146
v 0.003267269 -0.002307586 0.06219782
v 0.002742564 -0.002911759 0.06217035
v 0.002088397 -0.003411539 0.06216569
v 0.001366477 -0.003759354 0.06217536
v 0.000586725 -0.003956735 0.06217406
v -0.0002101417 -0.003994476 0.06217062
v -0.001024169 -0.003866662 0.06216634
v -0.001754033 -0.003594909 0.06217514
v -0.002440159 -0.003169483 0.06218215
v -0.003003675 -0.002641579 0.06220529
v -0.003465365 -0.001997809 0.06223137
v -0.003410284 -0.002090445 0.1227274
v -0.00342741 -0.002062246 0.076883
v -0.003353071 0.002181035 0.134339
v -0.003431706 -0.002055089 0.1112087
v -0.00344034 -0.002040604 0.1243406
v -0.003424646 -0.002066833 0.1251507
v -0.003425143 -0.00206601 0.07849513
v -0.003409129 -0.002092328 0.07029961
v -0.003392892 -0.002118557 0.1326312
v -0.003399173 -0.002108464 0.1136677
v -0.003433185 -0.002052618 0.1235429
v -0.003392752 -0.002118781 0.09901915
v -0.003396386 -0.002112951 0.1186691
v -0.003420999 -0.002072865 0.06445628
v -0.003401557 -0.002104617 0.106332
v -0.003418626 -0.002076775 0.1079869
v -0.003429999 -0.002057937 0.1021428
v -0.003406444 -0.002096698 0.1071428
v -0.00342334 -0.002068996 0.1087943
v -0.003412427 -0.002086945 0.1038272
v -0.003410144 -0.002090674 0.09737271
v -0.003410499 -0.002090094 0.1029567
v -0.003406236 -0.002097035 0.1046508
v -0.003401002 -0.002105513 0.09988135
v -0.003412934 -0.002086117 0.0924913
v -0.003417271 -0.002079004 0.09409228
v -0.003398741 -0.00210916 0.09819523
v -0.003419113 -0.002075973 0.09489871
v -0.00339548 -0.002114406 0.0842825
v -0.003408827 -0.002092821 0.08840108
v -0.003426265 -0.002064148 0.09328861
v -0.00340497 -0.002099091 0.09005906
v -0.003413627 -0.002084981 0.08013012
v -0.003403256 -0.002101869 0.08672493
v -0.003407059 -0.002095698 0.08177452
v -0.003396338 -0.002113028 0.08510133
v -0.00342613 -0.002064373 0.07524485
v -0.003411092 -0.002089127 0.08094689
v -0.00343059 -0.002056952 0.1007378
v -0.003430311 -0.002057418 0.07768699
v -0.003418606 -0.002076808 0.07929811
v -0.0009122121 -0.003894595 0.1347432
v -0.003425261 -0.002065815 0.07604811
v -0.003395839 -0.00211383 0.1211436
v -0.003423897 -0.002068074 0.07362162
v -0.003410559 -0.002089998 0.07195055
v -0.0009297738 0.00389044 0.1348659
v -0.003408863 -0.002092762 0.07111936
v -0.003415604 -0.002081742 0.06697428
v -0.003405967 -0.002097473 0.06947962
v -0.003423934 -0.002068012 0.06529015
v -0.003419024 -0.00207612 0.06780109
v -0.00342273 -0.002070004 0.06612302
v -0.003397341 -0.002111416 0.13178
v -0.003391547 -0.00212071 0.1144902
v -0.003401165 -0.00210525 0.1219372
v 0.003972299 -0.0004699385 0.134755
v 0.00346434 0.001999588 0.1347513
v -0.003393504 -0.002117577 0.127601
v -0.002958086 0.002692532 0.1348021
v -0.003407695 -0.002094664 0.1334717
v -0.003395731 -0.002114004 0.1284424
v 0.00343517 -0.002049295 0.1348275
v 0.003980938 0.0003900454 0.1347464
v -0.003568672 -0.001806815 0.06291358
v 0.003782189 -0.001301939 0.1347943
v 0.003813945 0.001205746 0.1347361
v 0.002329945 -0.003251362 0.1348579
v 0.0008134144 -0.003916421 0.1348333
v -0.001729471 -0.00360679 0.1346984
v -3.895984e-05 -0.00399981 0.1347922
v 0.002941006 0.002711178 0.1347658
v 0.001535582 0.003693506 0.13478
v -0.003294271 0.002268872 0.133447
v -0.003273594 0.002298604 0.1325841
v -0.003270664 0.002302771 0.1317149
v -0.003276766 0.002294081 0.1308752
v -0.003287835 0.002278187 0.1300205
v -0.003289791 0.002275362 0.1291966
v -0.003299443 0.002261344 0.1283925
v -0.003307414 0.002249669 0.1275746
v -0.00330925 0.002246968 0.1267378
v -0.003311131 0.002244196 0.1259306
v -0.003313482 0.002240723 0.1251233
v -0.003305772 0.002252082 0.1242993
v -0.003301984 0.002257632 0.1234622
v -0.003301964 0.002257662 0.1226639
v -0.003307882 0.002248982 0.1218532
v -0.003315016 0.002238452 0.1210467
v -0.003300087 0.002260403 0.120217
v -0.003309866 0.00224606 0.1193876
v -0.003304685 0.002253676 0.1185823
v -0.0033027 0.002256584 0.1177342
v -0.003307015 0.002250256 0.1169076
v -0.003311603 0.002243499 0.1160823
v -0.003315311 0.002238015 0.1152805
v -0.003310283 0.002245446 0.1144383
v -0.003320155 0.002230822 0.1136201
v -0.003318445 0.002233366 0.1128064
v -0.003302169 0.002257361 0.1119843
v -0.003307161 0.002250041 0.1111729
v -0.003312579 0.002242057 0.1103723
v -0.003312628 0.002241985 0.1095393
v -0.003322491 0.002227343 0.1087327
v -0.003317569 0.002234666 0.1078893
v -0.003313055 0.002241354 0.1070859
v -0.003305183 0.002252945 0.1062641
v -0.003299513 0.002261242 0.105416
v -0.003293673 0.002269739 0.104619
v -0.003307035 0.002250226 0.1038222
v -0.00330921 0.002247027 0.1029856
v -0.003297323 0.002264434 0.1021836
v -0.003315343 0.002237967 0.10138
v -0.003318624 0.0022331 0.1005604
v -0.003315583 0.002237612 0.0997748
v -0.003308593 0.002247935 0.09894472
v -0.003307214 0.002249964 0.0981293
v -0.003320768 0.00222991 0.09731534
v -0.003317646 0.002234552 0.09651218
v -0.003311508 0.002243639 0.09570756
v -0.003314523 0.002239183 0.09490655
v -0.003320385 0.002230481 0.09409796
v -0.00331929 0.00223211 0.09329678
v -0.003315975 0.002237032 0.09247943
v -0.003302297 0.002257174 0.09166826
v -0.003306638 0.00225081 0.09083386
v -0.003304834 0.002253457 0.0900201
v -0.003307348 0.002249766 0.08919225
v -0.003307845 0.002249036 0.0883764
v -0.003306935 0.002250373 0.08754574
v -0.003311108 0.002244229 0.08669185
v -0.003302653 0.002256654 0.085854
v -0.003311591 0.002243516 0.08503719
v -0.003307755 0.002249167 0.08422346
v -0.00330665 0.002250792 0.08336891
v -0.003309917 0.002245986 0.08256116
v -0.003311608 0.002243492 0.08174493
v -0.003298695 0.002262435 0.08091085
v -0.003298215 0.002263134 0.08009957
v -0.00330517 0.002252965 0.07927839
v -0.003314483 0.002239242 0.07848293
v -0.003314541 0.002239155 0.07765454
v -0.00331586 0.002237202 0.07681897
v -0.003317023 0.002235477 0.07601947
v -0.003321528 0.002228778 0.07521199
v -0.003313203 0.002241136 0.07439337
v -0.003308251 0.002248438 0.07356824
v -0.003311819 0.00224318 0.07272781
v -0.003315878 0.002237175 0.07190959
v -0.00331057 0.002245022 0.07109577
v -0.003310192 0.00224558 0.0702789
v -0.003311819 0.00224318 0.06945679
v -0.003298538 0.002262664 0.06862591
v -0.003310872 0.002244577 0.06779219
v -0.003327218 0.002220275 0.0669801
v -0.003336236 0.002206702 0.0661509
v -0.003370683 0.002153717 0.06531669
v -0.003401872 0.002104107 0.06454078
v -0.003430758 0.002056673 0.06374459
v -0.003366042 0.002160963 0.0628931
v -0.003391687 -0.002120485 0.1153227
v -0.003437252 -0.002045801 0.1342873
v 0.002293172 0.003277402 0.1347695
v 0.0007182604 0.003934984 0.1348073
v -0.001710205 0.003615964 0.1348772
v -0.002397771 0.003201671 0.1348342
v -0.003402186 -0.002103599 0.08260219
v -0.003402321 -0.002103382 0.08922923
v -0.003401421 -0.002104836 0.1054877
v -0.003426596 -0.002063599 0.1095927
v -0.003424258 -0.002067475 0.1120298
v -0.003396865 -0.00211218 0.1203001
v -0.00339085 -0.002121823 0.1161771
v -0.003399044 -0.002108673 0.1194916
v -0.00339551 -0.002114358 0.11702
v -0.003408078 -0.00209404 0.1259586
v -0.00340633 -0.002096882 0.09167193
v -0.003419911 -0.002074659 0.09571069
v -0.003405247 -0.002098641 0.09086431
v -0.003425977 -0.002064626 0.1104134
v -0.003510229 -0.001917887 0.1014347
v -0.003413702 -0.00208486 0.0965366
v -0.003405044 -0.00209897 0.08759096
v -0.003399924 -0.002107253 0.08591761
v -0.003394472 -0.002116024 0.08345005
v -0.003396434 -0.002112874 0.1309209
v -0.003424478 -0.002067111 0.07444876
v -0.00341899 -0.002076176 0.07280013
v -0.003393276 -0.002117941 0.1267643
v -0.003476567 -0.001978252 0.06363112
v 0.001620247 -0.003657157 0.1348552
v -0.0001180135 0.003998259 0.1348379
v 0.002937862 -0.002714584 0.1348451
v -0.003079653 -0.002552594 0.1348728
v -0.003145404 0.00247112 0.06214368
v -0.003482108 -0.001968483 0.1349997
v -0.00340175 -0.002104304 0.1178403
v -0.003399239 -0.002108357 0.1292585
v -0.003402526 -0.00210305 0.112829
v -0.003397134 -0.002111748 0.1300943
v -0.002966266 -0.002683517 0.07235298
v -0.001433246 0.003734408 0.06293677
v -0.0006384064 0.003948726 0.06296615
v 0.000185802 0.003995682 0.06298053
v 0.001020175 0.003867718 0.06299871
v 0.001824681 0.00355957 0.06298334
v 0.002508915 0.00311534 0.06294911
v 0.00309838 0.00252983 0.06294535
v 0.003531065 0.00187925 0.06293393
v 0.003838796 0.001124121 0.06292288
v 0.003984777 0.0003486442 0.06293485
v 0.003976349 -0.0004343411 0.06293323
v 0.003806413 -0.001229318 0.06293002
v 0.003489464 -0.001955413 0.06291478
v 0.003035249 -0.002605238 0.06291073
v 0.002437839 -0.003171268 0.06291032
v 0.001731301 -0.003605911 0.06290547
v 0.0009808687 -0.003877873 0.06290336
v 0.0001980317 -0.003995095 0.06291688
v -0.000623471 -0.003951112 0.06291799
v -0.001406794 -0.003744453 0.06290185
v -0.002090544 -0.003410224 0.06287847
v -0.002722175 -0.002930829 0.06292524
v -0.003200971 -0.002398705 0.06296502
v -0.002717062 0.00293557 0.1339645
v -0.002950669 -0.002700657 0.08961744
v -0.002944614 -0.002707259 0.1174138
v -0.002985952 -0.002661596 0.07404495
v -0.002982195 -0.002665805 0.09528825
v -0.003002547 -0.002642861 0.1108051
v -0.002990279 -0.002656733 0.1084041
v -0.0005741925 0.003958573 0.134178
v -0.002952061 -0.002699136 0.08713077
v -0.002995722 -0.002650594 0.1092009
v 0.003999035 -8.787175e-05 0.1339953
v -0.003049827 -0.002588156 0.1014436
v 0.001894237 0.003523048 0.1340366
v -0.002935169 -0.002717496 0.09949683
v -0.002940898 -0.002711294 0.1140498
v -0.002968275 -0.002681295 0.06479122
v -0.002951985 -0.002699219 0.1313688
v -0.002953965 -0.002697052 0.08550139
v -0.00299119 -0.002655707 0.09447146
v -0.002970028 -0.002679353 0.07321131
v -0.002940489 -0.002711739 0.08386265
v -0.002931181 -0.002721797 0.1271659
v -0.002956528 -0.002694242 0.08219017
v 0.00196691 -0.003482997 0.1341523
v -0.002960638 -0.002689726 0.1042461
v -0.00296191 -0.002688325 0.08798198
v -0.002940618 -0.002711598 0.1322266
v -0.002996177 -0.00265008 0.074847
v -0.003032394 -0.002608561 0.1247347
v 0.003189224 -0.002414301 0.1341118
v -0.002937013 -0.002715502 0.128005
v -0.002959399 -0.002691088 0.08631687
v -0.002813869 0.00284291 0.06279799
v -0.002941177 -0.002710992 0.08304071
v -0.002953704 -0.002697338 0.1340238
v 0.003228482 0.002361548 0.1340048
v -0.002952801 -0.002698327 0.1182864
v -0.002692057 0.002958518 0.1330148
v -0.0026809 0.002968632 0.1321215
v -0.002691514 0.002959012 0.1312602
v -0.002702453 0.002949025 0.1304277
v -0.002710179 0.002941926 0.1295748
v -0.002721471 0.002931484 0.1287665
v -0.00273898 0.002915131 0.127961
v -0.002747418 0.00290718 0.1271252
v -0.002750593 0.002904176 0.1262963
v -0.002762792 0.002892573 0.1254911
v -0.002753026 0.002901869 0.1246728
v -0.002748762 0.002905909 0.1238322
v -0.002749932 0.002904802 0.1230149
v -0.002753616 0.00290131 0.1222164
v -0.002766734 0.002888803 0.1214159
v -0.002746981 0.002907593 0.1205819
v -0.002747183 0.002907402 0.1197737
v -0.002767993 0.002887597 0.1189382
v -0.002750023 0.002904716 0.118105
v -0.002742253 0.002912053 0.1172813
v -0.00274406 0.00291035 0.1164353
v -0.002753326 0.002901585 0.1156446
v -0.002774516 0.002881329 0.11482
v -0.002774199 0.002881635 0.1140032
v -0.002770731 0.00288497 0.1131681
v -0.002759432 0.002895779 0.1123486
v -0.002765453 0.002890029 0.1115342
v -0.002762156 0.00289318 0.110742
v -0.002753677 0.002901252 0.1099075
v -0.002749351 0.002905351 0.1090933
v -0.002762657 0.002892702 0.1082596
v -0.002771427 0.002884301 0.1074464
v -0.00276461 0.002890836 0.1066255
v -0.002747433 0.002907166 0.1057843
v -0.002757 0.002898094 0.1049882
v -0.00276211 0.002893224 0.1041816
v -0.002748344 0.002906304 0.1033773
v -0.00275774 0.00289739 0.1025426
v -0.002757725 0.002897404 0.1017449
v -0.002763162 0.00289222 0.1009518
v -0.002758557 0.002896613 0.1001342
v -0.002756129 0.002898923 0.09932267
v -0.002758139 0.002897011 0.09849
v -0.002760051 0.002895189 0.09770321
v -0.00276573 0.002889764 0.09686931
v -0.002764085 0.002891338 0.0960859
v -0.002765874 0.002889626 0.0952882
v -0.002773654 0.00288216 0.09447427
v -0.002764814 0.002890641 0.0936486
v -0.002768413 0.002887194 0.09284914
v -0.002764453 0.002890986 0.09202064
v -0.002764713 0.002890738 0.09120791
v -0.00277142 0.002884308 0.09038352
v -0.002765875 0.002889626 0.08956214
v -0.002768053 0.002887539 0.08873401
v -0.002770297 0.002885386 0.0879246
v -0.002755339 0.002899673 0.08706578
v -0.002764399 0.002891038 0.0862175
v -0.002752355 0.002902506 0.08540428
v -0.002751556 0.002903264 0.08457652
v -0.002750351 0.002904405 0.08375763
v -0.002763816 0.002891595 0.08293008
v -0.00275937 0.002895838 0.08211797
v -0.002753323 0.002901588 0.08126908
v -0.002764225 0.002891204 0.08047036
v -0.002767692 0.002887886 0.07966035
v -0.002767807 0.002887775 0.07883842
v -0.002763951 0.002891466 0.07803746
v -0.002748706 0.002905962 0.07719715
v -0.002755436 0.002899582 0.07638688
v -0.002769645 0.002886012 0.07557531
v -0.002766499 0.002889028 0.07473237
v -0.002771303 0.00288442 0.07393621
v -0.002761668 0.002893647 0.07310383
v -0.002769954 0.002885715 0.07229708
v -0.002783759 0.0028724 0.07146071
v -0.002772358 0.002883406 0.07064125
v -0.002755021 0.002899976 0.06981753
v -0.002752226 0.002902628 0.06898032
v -0.002766828 0.002888713 0.06816648
v -0.002773997 0.002881829 0.06733169
v -0.0027901 0.002866242 0.0664726
v -0.002830659 0.002826194 0.06565944
v -0.002905251 0.002749457 0.06485996
v -0.002991041 0.002655876 0.06411437
v -0.002932095 -0.002720813 0.114888
v 0.002645529 -0.003000196 0.1341519
v 0.002628794 0.00301487 0.1340174
v -0.00298196 -0.002666067 0.1124177
v 0.001092459 0.003847926 0.1340402
v -0.001382304 0.003753563 0.1342084
v -0.00295162 -0.002699618 0.08881028
v -0.002920676 -0.002733067 0.1331169
v -0.002991261 -0.002655627 0.1116
v -0.002951599 -0.002699641 0.084684
v -0.002955417 -0.002695461 0.1004335
v 0.003895436 -0.0009086126 0.1340131
v -0.003053155 0.00258423 0.06342459
v -0.002919642 -0.002734171 0.1157661
v -0.002984381 -0.002663356 0.07970354
v -0.002981522 -0.002666557 0.09285336
v -0.002960466 -0.002689915 0.09778574
v -0.0029623 -0.002687895 0.09045547
v -0.002972491 -0.00267662 0.0920635
v -0.002945804 -0.002705963 0.1190929
v -0.002980957 -0.002667188 0.1255486
v -0.002977237 -0.002671341 0.1024411
v -0.002979339 -0.002668996 0.06655003
v -0.002962213 -0.002687991 0.106744
v -0.002953537 -0.002697521 0.1263484
v -0.002974615 -0.00267426 0.06820711
v 0.0002348392 0.0039931 0.1340962
v -0.002967474 -0.002682181 0.1075571
v -0.003004388 -0.002640767 0.1099931
v -0.002985854 -0.002661705 0.123142
v -0.002959316 -0.002691179 0.1033317
v -0.002939521 -0.002712788 0.120753
v -0.003004878 -0.002640209 0.07808786
v 0.003925111 0.0007703923 0.1339838
v -0.002977626 -0.002670906 0.09612371
v -0.002949266 -0.00270219 0.09862714
v -0.002957904 -0.002692732 0.1059137
v -0.002989673 -0.002657416 0.09368864
v -0.0004668189 -0.003972667 0.1340334
v -0.002962215 -0.002687988 0.1305185
v -0.002994916 -0.002651505 0.0788952
v -0.002963449 -0.002686628 0.1132088
v -0.003000494 -0.002645191 0.07727165
v -0.00299747 -0.002648617 0.07564538
v -0.002995383 -0.002650978 0.07646021
v -0.0029701 -0.002679273 0.06383366
v -0.002928144 -0.002725064 0.116595
v -0.002228554 -0.003321678 0.133752
v -0.002963879 -0.002686153 0.06905386
v -0.002960378 -0.002690012 0.06986316
v -0.002979004 -0.00266937 0.06734866
v -0.002954479 -0.002696489 0.1215589
v -0.002959269 -0.002691232 0.1223568
v -0.002180895 0.003353162 0.06285594
v -0.003030604 -0.00261064 0.1239485
v 0.001214147 -0.003811279 0.1341101
v -0.002972017 -0.002677146 0.08134312
v 0.00361642 -0.001709242 0.1340727
v -0.002990805 -0.002656141 0.065678
v 0.003666754 0.001598411 0.1339907
v -0.001349505 -0.003765479 0.1339445
v 0.0004009604 -0.003979853 0.134075
v -0.002938668 -0.002713712 0.1288561
v -0.002955445 -0.002695431 0.07154071
v -0.00205169 0.00343374 0.1342356
v -0.002947873 -0.002703709 0.1050779
v -0.002966623 -0.002683123 0.09693265
v -0.002962652 -0.002687507 0.07070941
v -0.002979613 -0.00266869 0.0805138
v -0.002391158 -0.003206612 0.09001806
v -0.00188378 0.00352865 0.06364894
v -0.0002750409 0.003990533 0.0637516
v 0.0005886569 0.003956448 0.0637498
v 0.001413064 0.003742092 0.0637491
v 0.002146634 0.003375198 0.06371944
v 0.002817144 0.002839666 0.0637022
v 0.003322287 0.002227646 0.06368376
v 0.003693104 0.001536548 0.06367789
v 0.003930105 0.0007444968 0.06365909
v 0.003999866 -3.278377e-05 0.06366697
v 0.00391737 -0.000808833 0.06366738
v 0.00367569 -0.001577753 0.06364655
v 0.003284396 -0.002283144 0.06364006
v 0.002754859 -0.00290013 0.06365293
v 0.002109573 -0.003398485 0.06366948
v 0.001369465 -0.003758266 0.06365517
v 0.0005747986 -0.003958485 0.06366702
v -0.0002157325 -0.003994178 0.06366456
v -0.001028295 -0.003865567 0.0636439
v -0.001781623 -0.003581315 0.06361797
v -0.002365184 -0.003225819 0.1326965
v -0.002322207 -0.003256894 0.0643524
v -0.002352846 -0.003234828 0.1144366
v -0.002972385 -0.002676738 0.09125866
v -0.002451365 -0.003160824 0.1250678
v -0.002368798 -0.003223165 0.1275732
v -0.002446299 -0.003164746 0.0744408
v 0.0005810163 0.003957578 0.1333169
v -0.002403498 -0.003197373 0.08508817
v -0.002391794 -0.003206138 0.08753358
v -0.002454034 -0.003158752 0.1119699
v 0.003988086 0.0003084907 0.1332295
v -0.002476625 -0.003141071 0.1095956
v -0.002944006 -0.002707919 0.1296875
v -0.002554274 0.00307826 0.06354957
v -0.002433571 -0.003174545 0.1019369
v -0.002445033 -0.003165725 0.09488896
v -0.002389246 -0.003208038 0.09820245
v -0.002410159 -0.003192356 0.08671591
v -0.002434333 -0.00317396 0.09325002
v 0.001590391 -0.003670239 0.1334309
v -0.002949328 -0.002702122 0.1199296
v 0.00227588 0.003289433 0.1332409
v -0.002393933 -0.003204541 0.1170143
v -0.002405892 -0.003195572 0.1135961
v -0.002379715 -0.003215114 0.09911063
v -0.001128268 0.003837579 0.06371447
v 0.003962826 -0.0005440665 0.13326
v -0.002435954 -0.003172716 0.1127825
v -0.002442413 -0.003167747 0.09406212
v -0.002405936 -0.003195539 0.0858944
v -0.002386741 -0.003209902 0.1178453
v -0.002417533 -0.003186775 0.1009444
v -0.001886435 0.003527232 0.133443
v -0.001931263 0.003502888 0.1325066
v -0.001916264 0.003511116 0.1316516
v -0.00192687 0.003505306 0.1307923
v -0.001947723 0.003493762 0.1299485
v -0.002003828 0.003461889 0.1291347
v -0.002017617 0.003453871 0.128327
v -0.002011876 0.003457218 0.1274756
v -0.002023568 0.003450387 0.1266634
v -0.002056707 0.003430737 0.1258479
v -0.002054465 0.00343208 0.1250296
v -0.002042417 0.003439264 0.1241889
v -0.00205975 0.003428911 0.1233795
v -0.002080539 0.003416337 0.1225707
v -0.00207699 0.003418496 0.1217564
v -0.002075182 0.003419594 0.1209363
v -0.00206816 0.003423845 0.1201168
v -0.002064118 0.003426283 0.1193015
v -0.002040643 0.003440316 0.1184525
v -0.002054527 0.003432043 0.117626
v -0.002058649 0.003429572 0.1167982
v -0.002072736 0.003421077 0.1159878
v -0.002055766 0.003431301 0.1151776
v -0.002047193 0.003436423 0.1143514
v -0.002033803 0.003444364 0.1135144
v -0.002060266 0.003428601 0.1126993
v -0.002062494 0.003427261 0.1118869
v -0.002080308 0.003416477 0.1110712
v -0.002064369 0.003426132 0.1102619
v -0.002066561 0.00342481 0.1094459
v -0.00204828 0.003435775 0.1086201
v -0.002047722 0.003436108 0.1078067
v -0.002063474 0.003426671 0.1069634
v -0.002051604 0.003433791 0.1061426
v -0.002062818 0.003427066 0.105322
v -0.002053219 0.003432826 0.1045192
v -0.002064642 0.003425968 0.1037208
v -0.002052091 0.0034335 0.1029059
v -0.002060816 0.003428271 0.1020926
v -0.002056185 0.00343105 0.101298
v -0.002051806 0.003433671 0.1004852
v -0.002056925 0.003430606 0.09967615
v -0.002027938 0.003447821 0.09884822
v -0.00203704 0.003442451 0.09804934
v -0.002037328 0.00344228 0.097236
v -0.002068302 0.003423759 0.09642175
v -0.002054586 0.003432007 0.09562158
v -0.0020474 0.003436299 0.09482362
v -0.002056183 0.003431051 0.09399708
v -0.002058664 0.003429563 0.09319365
v -0.00205144 0.003433889 0.09238145
v -0.002060858 0.003428245 0.09154972
v -0.002061905 0.003427616 0.0907352
v -0.002070175 0.003422627 0.08991438
v -0.002085019 0.003413604 0.08908361
v -0.002074031 0.003420292 0.0882669
v -0.002069696 0.003422917 0.08743179
v -0.002065693 0.003425334 0.08657851
v -0.002063792 0.00342648 0.08573147
v -0.002067444 0.003424277 0.08492022
v -0.002060061 0.003428724 0.08410719
v -0.002063358 0.003426741 0.08328111
v -0.002078091 0.003417826 0.08246301
v -0.002065506 0.003425447 0.08164013
v -0.002080236 0.003416522 0.08081991
v -0.002068923 0.003423384 0.08000957
v -0.002055921 0.003431208 0.07918672
v -0.0020568 0.003430681 0.07838522
v -0.002064573 0.003426009 0.07754441
v -0.002068768 0.003423478 0.07673198
v -0.002076639 0.003418709 0.0759371
v -0.002055731 0.003431322 0.07508384
v -0.002065909 0.003425203 0.07429264
v -0.002073141 0.003420831 0.07345629
v -0.002089202 0.003411046 0.07263731
v -0.002059327 0.003429165 0.07181675
v -0.002058189 0.003429848 0.07099028
v -0.002075336 0.0034195 0.07015655
v -0.00207669 0.003418678 0.06934114
v -0.002074915 0.003419756 0.06849623
v -0.00206488 0.003425824 0.06766173
v -0.002046923 0.003436584 0.06679405
v -0.002088428 0.00341152 0.06593447
v -0.002234612 0.003317606 0.06510116
v -0.0003152117 0.003987561 0.1334147
v -0.001053438 0.003858791 0.1335932
v 0.002946587 0.002705111 0.1332367
v -0.002468912 -0.003147137 0.1104108
v -0.002473376 -0.003143631 0.1111872
v -0.002394107 -0.003204411 0.08426084
v -0.002381728 -0.003213623 0.09999859
v -0.002417492 -0.003186806 0.1063554
v -0.002451303 -0.003160873 0.1236189
v -0.002465772 -0.003149598 0.07766465
v -0.002409053 -0.00319319 0.07193427
v -0.002417549 -0.003186762 0.1318082
v -0.002410797 -0.003191874 0.06353453
v -0.002345848 -0.003239907 0.1153229
v -0.002400252 -0.003199811 0.07026799
v -0.002384279 -0.00321173 0.1187195
v -0.002422154 -0.003183264 0.1258989
v -0.002389486 -0.003207859 0.0826046
v 0.003824741 0.00117105 0.1332275
v -0.002396728 -0.003202451 0.1267333
v -0.002440668 -0.003169091 0.06613573
v -0.00242239 -0.003183084 0.07361417
v -0.002415148 -0.003188583 0.1028532
v -0.002366927 -0.003224539 0.116181
v -0.002406192 -0.003195347 0.09082696
v -0.002387019 -0.003209695 0.1211674
v -0.002420342 -0.003184642 0.107169
v -0.002434653 -0.003173714 0.107975
v -0.002392576 0.003205555 0.06431564
v -0.002387974 -0.003208984 0.1037795
v -0.002412034 -0.003190939 0.09734728
v -0.002431099 -0.003176438 0.0956773
v -0.0008497962 -0.003908689 0.1332657
v -2.888703e-05 -0.003999896 0.1333187
v 0.00144859 0.003728483 0.133268
v -0.002471852 -0.003144828 0.07849981
v -0.002456361 -0.003156943 0.07526222
v -0.002407286 -0.003194522 0.06861956
v -0.002414029 -0.00318943 0.06945328
v -0.002436902 -0.003171988 0.06693142
v 0.003763355 -0.001355418 0.1332938
v -0.002408792 -0.003193387 0.06776212
v -0.002402806 -0.003197894 0.0892163
v -0.002585604 -0.003051991 0.1243419
v -0.002399728 -0.003200204 0.08344584
v -0.002406563 -0.003195068 0.08177253
v -0.002462614 -0.003152068 0.07684605
v -0.002405133 -0.003196144 0.07279827
v -0.001667935 -0.003635656 0.133115
v -0.002413423 -0.003189889 0.1227988
v -0.002453224 -0.003159382 0.108819
v -0.002366304 -0.003224997 0.1284296
v 0.003479755 0.001972639 0.1332134
v 0.002309903 -0.003265631 0.1334615
v -0.002453145 -0.003159443 0.08009465
v 0.002924708 -0.002728751 0.1334287
v -0.002397028 -0.003202227 0.1054852
v -0.002443678 -0.003166771 0.0924572
v -0.002459904 -0.003154184 0.0792919
v -0.002399564 -0.003200327 0.08837664
v -0.002390035 -0.00320745 0.1046695
v -0.002436501 -0.003172296 0.06527026
v -0.002420067 -0.003184851 0.1309669
v -0.002377169 -0.003216997 0.1203713
v -0.002401227 -0.003199079 0.07112476
v -0.0008081012 0.003917521 0.06451127
v 0.003997036 -0.0001539713 0.1324905
v 0.0009695659 0.003880714 0.06453847
v 0.001763157 0.003590443 0.06450358
v 0.00248639 0.003133348 0.06448277
v 0.003069564 0.002564718 0.06442917
v 0.003522988 0.001894348 0.06441667
v 0.003825551 0.001168401 0.06441962
v 0.003982559 0.0003731221 0.06439956
v 0.003978411 -0.0004150248 0.06440281
v 0.003822378 -0.00117874 0.0644107
v 0.00351024 -0.001917867 0.06438907
v 0.003044694 -0.002594194 0.06439246
v 0.002444609 -0.003166052 0.0643891
v 0.001748569 -0.00359757 0.06441647
v 0.000984588 -0.00387693 0.06441886
v 0.0001978842 -0.003995102 0.06439295
v -0.0006597545 -0.003945215 0.06440979
v -0.001449133 -0.003728272 0.0643599
v -0.001714345 -0.003614003 0.1139921
v -0.001627153 -0.00365409 0.1148593
v -0.001744458 -0.003599565 0.1014313
v -0.001782915 -0.003580672 0.1253415
v -0.001879435 -0.003530966 0.1243615
v -0.001754083 -0.003594884 0.1059135
v -0.001759001 -0.00359248 0.1023812
v -0.001751145 -0.003596316 0.08712424
v -0.001761627 -0.003591194 0.09042318
v -0.001750985 -0.003596394 0.08465764
v 0.002625028 0.00301815 0.1324759
v -0.001825118 -0.003559346 0.09527906
v -0.001769401 -0.003587369 0.0854834
v -0.001749435 -0.003597149 0.08385744
v -0.002422301 -0.003183152 0.09649432
v 0.000821843 -0.003914661 0.1333648
v -0.001722542 -0.003610104 0.1207787
v -0.002422142 -0.003183273 0.08091117
v 0.0001088138 0.00399852 0.06453544
v -0.002459499 -0.003154499 0.07605136
v -0.001752341 -0.003595734 0.1165887
v -0.0004319414 -0.00397661 0.1325335
v -0.001643686 0.003646683 0.0644489
v -0.002425365 -0.003180818 0.09166633
v -0.001724405 -0.003609214 0.09863606
v -0.002388573 -0.003208539 0.1220118
v -0.001743687 -0.003599938 0.08299762
v 0.003402222 -0.002103541 0.1333539
v -0.001778034 -0.003583098 0.1174531
v -0.001826662 -0.003558554 0.1123194
v -0.001740331 -0.003601562 0.100498
v -0.001840705 -0.00355131 0.1100101
v -0.001057924 0.003857564 0.1328574
v -0.0009855953 0.003876674 0.1320333
v -0.0009827904 0.003877386 0.1311944
v -0.001072849 0.003853439 0.1303357
v -0.001125973 0.003838253 0.1294967
v -0.001159815 0.003828163 0.1286685
v -0.001188926 0.003819222 0.1278275
v -0.001204025 0.003814489 0.1270033
v -0.001201992 0.00381513 0.1261942
v -0.001228741 0.003806599 0.1253648
v -0.001238633 0.003803392 0.1245341
v -0.001257941 0.003797049 0.1237079
v -0.001227945 0.003806856 0.1229011
v -0.001214293 0.003811232 0.1220838
v -0.001238199 0.003803533 0.1212667
v -0.001218593 0.00380986 0.120422
v -0.001207447 0.003813407 0.1196218
v -0.001210042 0.003812584 0.1187899
v -0.001236656 0.003804035 0.1179723
v -0.001225259 0.003807721 0.1171432
v -0.0012547 0.003798122 0.1163194
v -0.001258455 0.003796879 0.115496
v -0.001240049 0.00380293 0.1146709
v -0.001217443 0.003810227 0.1138433
v -0.001225952 0.003807498 0.1130433
v -0.001233042 0.003805208 0.1122163
v -0.001214821 0.003811064 0.111401
v -0.001221468 0.003808939 0.1105942
v -0.001249065 0.003799979 0.1097775
v -0.001253902 0.003798385 0.1089447
v -0.001253314 0.003798579 0.1081309
v -0.001242892 0.003802002 0.1073133
v -0.001249068 0.003799977 0.106465
v -0.001231558 0.003805688 0.1056486
v -0.001233732 0.003804984 0.1048532
v -0.001240655 0.003802733 0.1040515
v -0.00122559 0.003807615 0.1032308
v -0.001238077 0.003803573 0.1024344
v -0.001254946 0.00379804 0.1016211
v -0.001244584 0.003801448 0.1008209
v -0.00121964 0.003809525 0.09998927
v -0.001233409 0.003805089 0.09917724
v -0.001237548 0.003803745 0.09837562
v -0.001244815 0.003801373 0.09756634
v -0.001220918 0.003809115 0.09676146
v -0.001218074 0.003810026 0.09594604
v -0.001239379 0.003803149 0.09515364
v -0.001226071 0.00380746 0.0943313
v -0.001231746 0.003805628 0.09352628
v -0.001243785 0.00380171 0.09271439
v -0.00122526 0.003807721 0.09187971
v -0.001227538 0.003806987 0.09105746
v -0.001259043 0.003796684 0.09025702
v -0.0012651 0.00379467 0.08942697
v -0.001273328 0.003791917 0.08858355
v -0.001272558 0.003792176 0.087764
v -0.001255186 0.003797961 0.08691086
v -0.001270386 0.003792904 0.08607472
v -0.00127674 0.00379077 0.08525388
v -0.001262867 0.003795414 0.08442595
v -0.001236778 0.003803995 0.08361459
v -0.001250849 0.003799392 0.08280455
v -0.001249405 0.003799867 0.0819632
v -0.001260401 0.003796234 0.08114623
v -0.001249843 0.003799723 0.08032205
v -0.0012358 0.003804313 0.07951724
v -0.001254341 0.00379824 0.07871346
v -0.001229827 0.003806248 0.07788899
v -0.001240569 0.003802761 0.07706283
v -0.001249446 0.003799853 0.07625611
v -0.001238016 0.003803593 0.0754282
v -0.001262592 0.003795505 0.07461114
v -0.001245635 0.003801104 0.07379823
v -0.001227271 0.003807073 0.07296838
v -0.001243082 0.00380194 0.07214394
v -0.001260953 0.00379605 0.07133118
v -0.00125383 0.003798409 0.07050082
v -0.001271553 0.003792513 0.06965366
v -0.001259082 0.003796671 0.06882673
v -0.001286463 0.003787481 0.06800408
v -0.001305093 0.003781102 0.06714714
v -0.001174414 0.003823709 0.06617122
v -0.0001087381 0.003998522 0.1325679
v -0.002379377 -0.003215364 0.1195173
v 0.003150284 -0.002464895 0.1326761
v 0.003579597 -0.001785072 0.1325969
v 0.003938417 0.0006991936 0.1324493
v -0.001733377 -0.003604914 0.0995697
v -0.001759529 -0.003592222 0.08628546
v -0.001659411 -0.003639554 0.1157382
v -0.001748175 -0.003597761 0.1033447
v 0.001215812 -0.003810748 0.132637
v 0.0004200037 -0.003977888 0.1325516
v 0.003869273 -0.001014262 0.1325428
v -0.001807553 -0.003568298 0.06653872
v -0.001745955 -0.003598839 0.08792656
v -0.001788873 -0.0035777 0.1131379
v -0.001763999 -0.003590029 0.1262488
v -0.001760676 -0.00359166 0.07069256
v -0.001801807 -0.003571203 0.1313645
v -0.001836121 -0.003553683 0.07968233
v -0.001741233 -0.003601126 0.127153
v -0.002406156 -0.003195374 0.1300882
v -0.001790849 -0.003576711 0.07402349
v -0.001798534 -0.003572852 0.09608973
v -0.001757907 -0.003593016 0.08961939
v -0.00183695 -0.003553254 0.07805818
v -0.001781913 -0.003581171 0.1067739
v 0.003245142 0.002338601 0.1324542
v -0.001744752 -0.003599422 0.1050768
v -0.001794112 -0.003575075 0.1075926
v -0.001803894 -0.003570149 0.0944584
v -0.001776394 -0.003583912 0.1233396
v -0.002381319 -0.003213926 0.1292799
v 0.00184514 0.003549008 0.1324896
v -0.001747384 -0.003598145 0.08217999
v -0.001712911 -0.003614683 0.1199581
v -0.001772236 -0.00358597 0.07152906
v 0.0009289617 0.003890634 0.1325015
v -0.001145512 -0.003832467 0.1325595
v -0.001770452 -0.003586851 0.06901634
v -0.001807416 -0.003568367 0.07485206
v -0.001745105 -0.003599251 0.1182822
v -0.001839268 -0.003552055 0.1092028
v -0.001770859 -0.00358665 0.06986249
v -0.001712118 -0.003615059 0.121639
v -0.001776808 -0.003583707 0.09122836
v -0.001773687 -0.003585252 0.1322066
v -0.001731402 -0.003605863 0.1042264
v -0.001766174 -0.003588959 0.07237649
v -0.001863549 -0.003539376 0.1115521
v -0.001804927 -0.003569627 0.1084078
v 0.003683565 0.001559279 0.1324519
v -0.001748679 -0.003597516 0.09777504
v -0.00143012 0.003735607 0.06527839
v 0.001945896 -0.00349478 0.1327223
v -0.001814935 -0.003564549 0.09286941
v -0.001802021 -0.003571095 0.08050767
v -0.001866603 -0.003537767 0.1107775
v -0.001719408 -0.003611597 0.1280098
v -0.001815656 -0.003564182 0.06571916
v -0.001840357 -0.003551491 0.07726406
v -0.00175995 -0.003592016 0.06816274
v -0.00102838 -0.003865544 0.08669722
v 0.002124577 0.003389126 0.06528305
v 0.002777461 0.002878491 0.06522217
v 0.003310902 0.002244533 0.06516584
v 0.003689986 0.001544023 0.06515001
v 0.003921275 0.0007896864 0.06515335
v 0.003999992 -8.011529e-06 0.06514175
v 0.003919752 -0.0007972089 0.06513201
v 0.003690423 -0.001542977 0.06515036
v 0.003307179 -0.002250014 0.06513866
v 0.002769083 -0.002886551 0.06512167
v 0.002100014 -0.0034044 0.06513483
v 0.001378263 -0.003755049 0.06514666
v 0.0006086962 -0.003953415 0.06514387
v -0.0002070701 -0.003994637 0.06510262
v -0.001095877 -0.003846954 0.06518873
v -0.000896026 -0.003898351 0.114363
v -0.001071799 -0.003853732 0.1257479
v -0.001011549 -0.003869983 0.08750598
v -0.001848777 -0.003547115 0.06497479
v -0.001046571 -0.003860659 0.1266672
v 0.00399417 0.0002158811 0.1317007
v -0.001810124 -0.003566995 0.09366924
v -0.001776824 -0.003583699 0.07320242
v -0.0010367 -0.003863321 0.08506517
v -0.001007534 -0.00387103 0.1000323
v -0.00179876 -0.003572739 0.09203887
v -0.00179546 -0.003574398 0.1305385
v -0.001739499 -0.003601964 0.1224535
v -0.001023007 -0.00386697 0.1009798
v -0.001774659 -0.003584771 0.09689311
v -0.001075703 -0.003852644 0.07110265
v -0.0004465579 0.003974995 0.06532929
v -0.001766601 -0.003588749 0.0813249
v -0.001828882 -0.003557414 0.07564624
v 0.003343689 -0.002195392 0.1318931
v -0.001098947 -0.003846078 0.1126662
v -0.001027692 -0.003865728 0.1028496
v -0.001841287 -0.003551009 0.07646067
v -0.00105353 -0.003858766 0.06942314
v -0.00101765 -0.003868383 0.1134778
v -0.00177221 -0.003585983 0.06736183
v -0.001090823 -0.00384839 0.07196506
v -0.001066845 -0.003855106 0.07026889
v -0.001032563 -0.003864429 0.1054975
v -0.001100878 -0.003845526 0.1238633
v -0.001120702 -0.003839795 0.1170376
v -0.001021671 -0.003867323 0.08340319
v 0.0001692714 0.003996417 0.1316639
v 0.002621047 -0.003021608 0.1327404
v -6.230393e-05 0.003999515 0.1307444
v -0.0002036196 0.003994814 0.1298534
v -0.0002590503 0.003991603 0.1290151
v -0.0002602637 0.003991524 0.1281907
v -0.0002944827 0.003989145 0.1273543
v -0.0003311233 0.003986271 0.1265233
v -0.000350074 0.003984652 0.1256999
v -0.0003511182 0.00398456 0.1248659
v -0.0003344577 0.003985993 0.1240269
v -0.0003571783 0.003984021 0.1232075
v -0.0003625415 0.003983537 0.12241
v -0.0003704125 0.003982812 0.1215951
v -0.0003587149 0.003983883 0.1207493
v -0.0003594418 0.003983817 0.1199334
v -0.0003521075 0.003984472 0.1191189
v -0.0003603011 0.00398374 0.1183067
v -0.0003677067 0.003983063 0.1174739
v -0.0003839776 0.003981527 0.1166575
v -0.0003811865 0.003981796 0.1158104
v -0.0003660138 0.003983219 0.1149739
v -0.0003766341 0.003982229 0.1141687
v -0.0003618617 0.003983598 0.1133489
v -0.0003602036 0.003983749 0.1125494
v -0.0003443619 0.003985149 0.1117167
v -0.0003477618 0.003984854 0.1109133
v -0.0003352442 0.003985927 0.110106
v -0.0003318337 0.003986212 0.1092708
v -0.0003389347 0.003985615 0.1084531
v -0.0003364477 0.003985825 0.1076201
v -0.0003374503 0.00398574 0.1068039
v -0.0003538472 0.003984318 0.1059713
v -0.0003756206 0.003982325 0.1051742
v -0.0003733723 0.003982536 0.1043667
v -0.0003697113 0.003982878 0.103567
v -0.0003778072 0.003982118 0.1027641
v -0.0003719417 0.00398267 0.1019436
v -0.0003713892 0.003982721 0.1011177
v -0.0003532105 0.003984375 0.1003118
v -0.0003521945 0.003984465 0.09950825
v -0.0003608008 0.003983695 0.09868948
v -0.0003500761 0.003984651 0.0978894
v -0.0003590508 0.003983853 0.09707974
v -0.0003694498 0.003982902 0.0962759
v -0.0003720613 0.003982659 0.09545768
v -0.0003562711 0.003984102 0.09466083
v -0.0003685641 0.003982984 0.09385677
v -0.000338214 0.003985676 0.09301988
v -0.0003371626 0.003985765 0.09220663
v -0.0003732946 0.003982543 0.09139637
v -0.0003782764 0.003982073 0.09058007
v -0.0003492494 0.003984724 0.08973666
v -0.0003575806 0.003983985 0.08891321
v -0.000349435 0.003984708 0.08807042
v -0.0003368791 0.003985789 0.08723581
v -0.0003438458 0.003985194 0.08641513
v -0.0003680045 0.003983036 0.08556966
v -0.0003589448 0.003983862 0.08475137
v -0.0003656193 0.003983255 0.08391586
v -0.0003651 0.003983303 0.08312415
v -0.0003636018 0.00398344 0.08228152
v -0.0003485262 0.003984787 0.08147312
v -0.0003463474 0.003984977 0.08065632
v -0.0003760754 0.003982282 0.07983008
v -0.0003844083 0.003981486 0.07903428
v -0.0003676173 0.003983071 0.07820096
v -0.0003741446 0.003982464 0.07740134
v -0.0003775482 0.003982142 0.0765685
v -0.0003842242 0.003981504 0.07575157
v -0.0003806004 0.003981852 0.07494216
v -0.0003752962 0.003982355 0.07410924
v -0.0003744136 0.003982438 0.07329308
v -0.0003730097 0.00398257 0.07248073
v -0.0003752438 0.00398236 0.07164099
v -0.0003658243 0.003983236 0.07081505
v -0.000369039 0.00398294 0.06999549
v -0.0003924943 0.003980697 0.06914705
v -0.0004181509 0.003978084 0.06832225
v -0.000437912 0.003975957 0.06749312
v -0.0005105063 0.003967289 0.0667387
v -0.001730507 -0.003606293 0.1191223
v -0.001746684 -0.003598485 0.08877458
v -0.001007187 -0.003871121 0.09909157
v 0.003720206 -0.001469716 0.1318227
v -0.001850314 -0.003546313 0.07887645
v -0.001096054 -0.003846903 0.09327356
v -0.001017056 -0.00386854 0.101913
v -0.001040986 -0.003862169 0.0842449
v 0.002271269 0.003292619 0.1317096
v -0.001029433 -0.003865264 0.08587416
v -0.001130953 -0.003836788 0.09567784
v -0.001122111 -0.003839384 0.1248275
v -0.001125551 -0.003838376 0.09407871
v -0.0007568193 -0.003927751 0.1152921
v -0.001091434 -0.003848217 0.06693819
v 0.003846127 0.001098776 0.1316582
v -0.00107713 -0.003852245 0.09245651
v -0.0009816995 -0.003877662 0.1317525
v 0.003947279 -0.0006472962 0.1317386
v -0.001153539 -0.003830058 0.06612992
v -0.001092785 -0.003847833 0.07361477
v 0.002968805 0.002680708 0.1316736
v -0.001023086 -0.003866949 0.09820385
v 0.001352215 0.003764507 0.06532072
v -0.001148431 -0.003831593 0.09487718
v -0.001699749 -0.003620891 0.1288694
v -0.001052863 -0.003858948 0.1072063
v -0.001032861 -0.00386435 0.1046608
v -0.001011085 -0.003870104 0.0825668
v 0.000500774 0.003968529 0.06532177
v -3.108493e-05 -0.003999879 0.1317411
v -0.001016791 -0.003868609 0.08832488
v -1.300827e-05 0.003999979 0.06605135
v 0.001378012 0.003755141 0.1317469
v 0.000852212 -0.003908163 0.1318065
v -0.00108935 -0.003848807 0.0744477
v -0.001165744 -0.003826361 0.1118908
v 0.002825616 -0.002831235 0.1319672
v -0.001086566 -0.003849594 0.1178487
v -0.001053737 -0.003858709 0.06857367
v -0.0009914317 -0.003875186 0.1212362
v -0.001068054 -0.003854771 0.09082346
v -0.001026173 -0.003866131 0.103804
v -0.00117084 -0.003824805 0.07765198
v -0.001035321 -0.003863691 0.1162003
v -0.001041933 -0.003861913 0.1275629
v -0.001039239 -0.003862639 0.1229467
v -0.001145978 -0.003832327 0.1095938
v -0.001068943 -0.003854525 0.1080175
v 0.001658497 -0.003639971 0.1319261
v -0.001125412 -0.003838417 0.07926625
v -0.001034649 -0.003863871 0.1063567
v -0.001163793 -0.003826955 0.07845807
v -0.001098085 -0.003846324 0.08009962
v -0.001184138 -0.003820709 0.1103811
v -0.001090016 -0.003848619 0.07279319
v -0.001230081 -0.003806166 0.1309557
v -0.001051215 -0.003859397 0.09002231
v -0.0009913043 -0.003875218 0.1203731
v -0.0003560272 -0.003984124 0.1252762
v -1.691229e-05 -0.003999964 0.1145835
v 0.003841936 -0.001113342 0.1310206
v 0.002476801 0.003140932 0.06599011
v -0.001030155 -0.003865072 0.08917493
v 0.003059155 0.002577124 0.06592791
v 0.003525946 0.001888836 0.06588417
v 0.003824707 0.001171161 0.06586353
v 0.003979272 0.0004066916 0.06588897
v 0.003981237 -0.0003869729 0.06589667
v 0.00382257 -0.001178117 0.06587329
v 0.003514454 -0.001910134 0.06584716
v 0.003066056 -0.00256891 0.06583368
v 0.002455316 -0.003157756 0.0658482
v 0.001752333 -0.003595738 0.0658494
v 0.0009925234 -0.003874906 0.06588909
v 0.0001934688 -0.003995318 0.06588528
v -0.001169882 -0.003825098 0.1111341
v 0.003953073 0.00061091 0.13089
v 0.003497428 0.001941133 0.131651
v -0.0004135527 -0.003978564 0.1174005
v -0.001145142 -0.003832577 0.07685921
v -0.00102438 -0.003866606 0.1186847
v -0.001010498 -0.003870258 0.1220778
v -0.001738342 -0.003602522 0.1296996
v -0.001096002 -0.003846918 0.1088144
v -0.0002619927 -0.003991411 0.1004987
v 0.0005269364 0.00396514 0.1260375
v -0.000326766 -0.003986631 0.1243467
v -0.001110235 -0.003842835 0.07525461
v 0.0004503957 -0.003974562 0.1309585
v 0.002267239 -0.003295395 0.132104
v 0.001899724 0.003520092 0.1309936
v -0.00102608 -0.003866156 0.08173931
v -0.00106518 -0.003855566 0.06774644
v -0.0003241675 -0.003986843 0.07152844
v -0.000269605 -0.003990904 0.08296427
v -0.0003194942 -0.00398722 0.1234106
v -0.00107148 -0.00385382 0.09164661
v 0.003989174 -0.0002940885 0.1309439
v 0.002992819 -0.002653872 0.1311557
v -0.0003163358 -0.003987472 0.09372703
v -0.0004465023 -0.003975001 0.1309173
v 0.0007295519 0.003932907 0.1301922
v 0.0006379566 0.003948799 0.1293573
v 0.0005986355 0.003954951 0.1285451
v 0.0005923213 0.003955901 0.1277193
v 0.0005152661 0.003966674 0.1251957
v 0.0005079327 0.003967619 0.1243562
v 0.0005145359 0.003966769 0.1235409
v 0.0005175845 0.003966372 0.1227232
v 0.0005253078 0.003965356 0.1219094
v 0.0005289781 0.003964868 0.1211022
v 0.0005167029 0.003966487 0.1202723
v 0.0005103028 0.003967315 0.1194411
v 0.0005003958 0.003968577 0.1186355
v 0.0005037891 0.003968148 0.1178037
v 0.0005051361 0.003967976 0.1169806
v 0.0005034929 0.003968185 0.1161365
v 0.0005118597 0.003967115 0.1153033
v 0.0005052368 0.003967964 0.1145003
v 0.0005145532 0.003966766 0.1136733
v 0.0005145205 0.003966771 0.1128845
v 0.0005094299 0.003967428 0.1120443
v 0.0005110298 0.003967222 0.1112459
v 0.0005112727 0.00396719 0.1104153
v 0.0005148907 0.003966723 0.1096041
v 0.0005258607 0.003965283 0.108781
v 0.0005298733 0.003964749 0.1079447
v 0.0005078567 0.003967629 0.107136
v 0.0005195807 0.003966111 0.1063165
v 0.0005056142 0.003967916 0.1055119
v 0.000527662 0.003965044 0.1046919
v 0.0005213154 0.003965883 0.1038915
v 0.0005173432 0.003966403 0.1030894
v 0.0005414838 0.00396318 0.102265
v 0.0005424886 0.003963043 0.101459
v 0.0005282112 0.003964971 0.1006439
v 0.0005081999 0.003967585 0.09983084
v 0.0005049114 0.003968005 0.09903994
v 0.0005092314 0.003967453 0.09820182
v 0.000521905 0.003965806 0.09741454
v 0.0005296648 0.003964777 0.09660443
v 0.0005208787 0.003965941 0.09579492
v 0.000519651 0.003966102 0.09498544
v 0.0005182615 0.003966284 0.09416616
v 0.0005374164 0.003963734 0.09334647
v 0.0005150173 0.003966706 0.09255004
v 0.0005070831 0.003967728 0.09172132
v 0.0005239389 0.003965538 0.09090792
v 0.0005360397 0.00396392 0.09005895
v 0.0005187589 0.003966218 0.08925378
v 0.0005187522 0.003966219 0.08838668
v 0.0005061495 0.003967847 0.08756371
v 0.0005069554 0.003967744 0.08673687
v 0.0005236742 0.003965573 0.08591496
v 0.0005155232 0.00396664 0.08507859
v 0.0005215142 0.003965857 0.08424459
v 0.0005041926 0.003968096 0.08343945
v 0.000524596 0.003965451 0.08263459
v 0.000522575 0.003965718 0.08180269
v 0.0005195061 0.003966121 0.0809717
v 0.0005220856 0.003965782 0.08017377
v 0.0005043196 0.00396808 0.07936189
v 0.0005107765 0.003967254 0.07852238
v 0.0005146121 0.003966759 0.07771905
v 0.000516319 0.003966537 0.0769101
v 0.0004981043 0.003968865 0.07607843
v 0.0005071781 0.003967716 0.07527245
v 0.0005154116 0.003966655 0.07443547
v 0.0005334981 0.003964263 0.07362014
v 0.0005272988 0.003965092 0.07280152
v 0.000516276 0.003966542 0.07197976
v 0.0005126037 0.003967019 0.07114227
v 0.0005157162 0.003966615 0.07030658
v 0.0004971422 0.003968986 0.06949247
v 0.0004738209 0.003971838 0.0686296
v 0.0004682393 0.003972499 0.06773567
v 0.0003473898 0.003984886 0.06686543
v -0.0002676241 -0.003991037 0.09957018
v 0.003504162 -0.00192895 0.1311061
v -0.0003568093 -0.003984054 0.1261902
v -0.0002775155 -0.003990362 0.08709433
v -0.001014023 -0.003869336 0.1284485
v 0.0003051335 -0.003988345 0.1154012
v -0.0003295063 -0.003986405 0.1270703
v 0.002263452 -0.003297997 0.1312698
v -0.0005165392 -0.003966508 0.1166964
v -0.0005318358 -0.003964486 0.06576554
v 0.003720636 0.001468627 0.1308505
v -0.0003130075 -0.003987734 0.1181952
v -0.0002997279 -0.003988755 0.1129701
v -0.0003789161 -0.003982012 0.1122117
v -0.001052984 -0.003858915 0.09730758
v -0.0004268766 -0.003977157 0.07725823
v -0.0003934934 -0.003980598 0.09448994
v -0.0002483873 -0.003992281 0.1216476
v -0.0004172254 -0.003978181 0.07805416
v -0.0002980815 -0.003988878 0.1050979
v -0.0002824318 -0.003990017 0.1225335
v -0.001125224 -0.003838473 0.07605999
v -0.0009833787 -0.003877237 0.1195085
v -0.0003191067 -0.003987251 0.07321877
v -0.0002694267 -0.003990916 0.08789712
v 0.0009452731 0.003886703 0.1310027
v -0.0003790871 -0.003981996 0.1092077
v 0.001749222 0.003597252 0.0660961
v -0.001109616 -0.003843013 0.09648857
v -0.0003298513 -0.003986377 0.07404174
v -0.0003300165 -0.003986363 0.07069345
v -0.0002865566 -0.003989722 0.0821412
v -0.0003260862 -0.003986686 0.0690122
v -0.0001871045 -0.003995622 0.1137464
v -0.0002960048 -0.003989033 0.08465256
v -0.0003252755 -0.003986753 0.06983349
v 0.002649831 0.002996397 0.1308983
v -0.0003531029 -0.003984384 0.09123604
v -0.0003428259 -0.003985282 0.09287799
v 0.000557596 0.003960945 0.1268729
v -0.0003119319 -0.003987819 0.107618
v 0.001342523 -0.003767974 0.1310894
v -0.0003705852 -0.003982796 0.07968602
v -0.0002808611 -0.003990127 0.1059524
v -0.0002748442 -0.003990546 0.09862304
v -0.0002730637 -0.003990669 0.1067879
v -0.000280031 -0.003990186 0.08381348
v -0.0003317694 -0.003986217 0.06730798
v -0.0002693278 -0.003990923 0.1014632
v -0.0002689269 -0.00399095 0.102379
v -0.000420203 -0.003977867 0.1099709
v -0.0003292071 -0.00398643 0.07238665
v -0.0002725933 -0.003990701 0.08627155
v -0.0002639762 -0.00399128 0.1033487
v -0.0001720782 -0.003996297 0.1160471
v -0.0004101913 -0.003978912 0.07885524
v -0.0002910968 -0.003989394 0.08546089
v -0.0004550717 -0.003974029 0.09529528
v -0.001032593 -0.003864421 0.1302051
v 0.0009048033 0.003896323 0.06612519
v -0.0002087128 -0.003994551 0.1207873
v -0.0003969908 -0.003980251 0.09606882
v -0.0003433022 -0.003985241 0.09042353
v 0.0008843247 -0.003901022 0.1147431
v 0.0004609257 -0.003973355 0.1229755
v -0.000975071 -0.003879335 0.1293483
v 0.000499105 -0.00396874 0.1028673
v 0.002833377 0.002823468 0.06668453
v 0.003329552 0.002216774 0.06660243
v 0.003689231 0.001545825 0.06657909
v 0.003921627 0.0007879355 0.06660283
v 0.003999963 1.721503e-05 0.06661551
v 0.003925001 -0.0007709535 0.06659344
v 0.003691638 -0.001540069 0.06656323
v 0.003301342 -0.002258571 0.06654851
v 0.002775568 -0.002880316 0.06653019
v 0.002153274 -0.003370966 0.06653282
v 0.001402709 -0.003745985 0.06658628
v 0.0004752857 -0.003971663 0.06675981
v 0.0032767 0.002294174 0.130837
v 0.001337002 0.003769937 0.1263876
v -0.0003840507 -0.00398152 0.06649834
v -0.0003074461 -0.003988167 0.1279823
v -0.0004219958 -0.003977678 0.07646289
v 0.0004899662 -0.003969878 0.1000475
v 0.0005020251 -0.003968371 0.0990856
v -0.0002636994 -0.003991298 0.1190511
v -0.0003525834 -0.00398443 0.1084348
v -0.001051725 -0.003859258 0.08090845
v 0.0004365259 -0.003976109 0.1247998
v 0.0004546952 -0.003974073 0.1239112
v 0.0003837226 -0.003981552 0.1176537
v -0.0003029824 -0.003988509 0.08130888
v 0.0004773619 -0.003971414 0.08255007
v -0.0003615378 -0.003983628 0.0920719
v -0.0003228915 -0.003986946 0.06814729
v -0.0002825197 -0.00399001 0.1042291
v 0.003880522 0.0009703328 0.1300768
v -0.0003694271 -0.003982904 0.0748516
v 0.0004801005 -0.003971083 0.0875016
v 0.001389128 0.003751043 0.1272393
v 0.001473467 0.003718722 0.129715
v -0.0002845427 -0.003989867 0.09773777
v 0.001412619 0.00374226 0.1289195
v 0.001418031 0.003740212 0.1280793
v 0.001309947 0.003779423 0.125526
v 0.001308207 0.003780026 0.1247074
v 0.001303512 0.003781647 0.1238581
v 0.001314584 0.003777813 0.1230533
v 0.001322732 0.003774968 0.1222465
v 0.001322738 0.003774966 0.1214372
v 0.001325436 0.003774019 0.120631
v 0.001336132 0.003770245 0.1197979
v 0.001317222 0.003776894 0.118972
v 0.001313745 0.003778105 0.1181491
v 0.001329997 0.003772414 0.1173236
v 0.001329825 0.003772475 0.1164987
v 0.001323832 0.003774582 0.1156558
v 0.001331604 0.003771847 0.1148365
v 0.001345265 0.003766996 0.11402
v 0.001326502 0.003773644 0.1132098
v 0.001336328 0.003770176 0.1124138
v 0.001317901 0.003776657 0.1115881
v 0.00133055 0.003772219 0.1107662
v 0.001323517 0.003774692 0.1099432
v 0.001334055 0.003770981 0.1091137
v 0.001337782 0.003769661 0.1083059
v 0.001312933 0.003778387 0.1074955
v 0.001307025 0.003780435 0.1066705
v 0.001322518 0.003775042 0.1058458
v 0.001323142 0.003774824 0.1050275
v 0.001327561 0.003773272 0.1042326
v 0.00133642 0.003770143 0.1034368
v 0.001320229 0.003775844 0.1026099
v 0.001326352 0.003773697 0.1018083
v 0.001319308 0.003776165 0.1010021
v 0.00133288 0.003771396 0.1001956
v 0.001312322 0.003778599 0.09937584
v 0.001332814 0.00377142 0.09856163
v 0.001317185 0.003776907 0.09774563
v 0.001319582 0.00377607 0.09695125
v 0.001338064 0.00376956 0.09615526
v 0.001319512 0.003776094 0.095337
v 0.001340209 0.003768798 0.09452019
v 0.001327873 0.003773162 0.09369195
v 0.001317975 0.003776631 0.0928913
v 0.001328518 0.003772935 0.09208518
v 0.00131715 0.003776919 0.09122188
v 0.001323151 0.003774821 0.09040648
v 0.001318885 0.003776313 0.08958802
v 0.001328248 0.00377303 0.08876861
v 0.001319773 0.003776003 0.08790505
v 0.001319771 0.003776004 0.08707832
v 0.001323873 0.003774568 0.08625036
v 0.001328371 0.003772987 0.08542042
v 0.001334093 0.003770967 0.08459791
v 0.001316337 0.003777202 0.0837903
v 0.001324907 0.003774205 0.08295714
v 0.001335312 0.003770536 0.08215373
v 0.001342717 0.003767905 0.08132816
v 0.001337074 0.003769912 0.08051109
v 0.001320011 0.00377592 0.07969973
v 0.001327498 0.003773294 0.07886471
v 0.001317076 0.003776945 0.07807111
v 0.00133456 0.003770802 0.07724207
v 0.001320095 0.003775891 0.07644915
v 0.00131776 0.003776706 0.07560434
v 0.001317395 0.003776834 0.07478333
v 0.001314375 0.003777885 0.07395564
v 0.001317357 0.003776847 0.07314734
v 0.001328775 0.003772845 0.07232893
v 0.001345935 0.003766757 0.07149969
v 0.001349355 0.003765533 0.07065414
v 0.001311858 0.00377876 0.06984174
v 0.00127569 0.003791123 0.06898754
v 0.001268935 0.00379339 0.06807493
v 0.001302813 0.003781888 0.06704261
v -0.0002676007 -0.003991039 0.08875477
v 0.0003853172 -0.003981398 0.1266095
v 0.002632465 -0.003011665 0.130448
v 0.0004067763 -0.003979263 0.1257002
v -0.0003366665 -0.003985807 0.08049361
v 0.0005111457 -0.003967207 0.1185116
v 0.0005019989 -0.003968375 0.101934
v -0.0002958154 -0.003989047 0.08958645
v 0.003561161 0.001821573 0.1300204
v 0.002164449 0.003363801 0.06680648
v -0.0004657955 -0.003972787 0.1107483
v 0.0004277157 -0.003977067 0.06860168
v 0.00366777 -0.001596076 0.1303006
v 0.0004112016 -0.003978808 0.09084229
v 0.0003918812 -0.003980757 0.112485
v 0.003922289 -0.0007846353 0.1302262
v 0.003228919 -0.00236095 0.1303764
v -0.0002108538 -0.003994439 0.1199052
v 0.0005059752 -0.00396787 0.1009801
v 0.0003292017 -0.00398643 0.07686927
v -0.000116288 -0.003998309 0.1299857
v 0.0004850563 -0.003970481 0.09815179
v 0.000286573 -0.003989721 0.09563931
v 0.0003897989 -0.003980962 0.1088501
v 0.0005111906 -0.003967201 0.1220818
v -0.0003986885 -0.003980081 0.07564856
v 0.0004680474 -0.003972522 0.1046521
v 0.0003828066 -0.00398164 0.08007165
v 0.0004610427 -0.003973341 0.08170408
v 0.0001804851 -0.003995926 0.116813
v 0.0004398901 -0.003975739 0.07112703
v 0.0004311631 -0.003976694 0.07281396
v 0.001197301 -0.003816605 0.1155364
v 0.0004300858 -0.003976811 0.07362586
v 0.0004967612 -0.003969034 0.08338164
v 0.000533932 -0.003964204 0.1211764
v 0.0004806669 -0.003971015 0.1037874
v 0.0004697161 -0.003972325 0.1132079
v 0.003999041 8.759464e-05 0.1301408
v 0.0003229922 -0.003986938 0.07766907
v 0.001508242 0.003704755 0.1304136
v 0.0004357107 -0.003976199 0.06944486
v 0.0004761454 -0.00397156 0.08833233
v 0.000966068 -0.003881586 0.1302339
v 0.0004068857 -0.003979252 0.06773505
v 0.0004648062 -0.003972903 0.09334331
v 0.0004817715 -0.003970881 0.08666733
v 0.0004968871 -0.003969018 0.08421572
v 0.0003989712 -0.003980053 0.09164858
v 0.0004666346 -0.003972688 0.08505587
v -0.0003321628 -0.003986185 0.09688757
v 0.000465003 -0.00397288 0.1055562
v -0.0004567457 -0.003973837 0.1114605
v 0.001839391 -0.003551991 0.1303886
v 0.0005142803 -0.003966802 0.09425602
v 0.0006343697 -0.003949377 0.1139598
v 0.0003386107 -0.003985642 0.1096067
v 0.0004401727 -0.003975707 0.07194929
v 0.0006961257 -0.00393896 0.1161622
v 0.0003968596 -0.003980264 0.1274634
v 0.0004533653 -0.003974224 0.1072225
v 0.0004440309 -0.003975278 0.1080324
v 0.0003417872 -0.003985371 0.07926265
v 0.002262155 0.003298887 0.1300898
v 0.0004485393 -0.003974772 0.08917593
v 0.001193162 -0.003817901 0.1076572
v 0.0003128545 -0.003987746 0.07846618
v 0.000629322 -0.003950184 0.1293173
v 0.00353436 0.001873046 0.06720992
v 0.003808817 0.00122185 0.0673495
v 0.00397666 0.0004314805 0.06735493
v 0.003982768 -0.0003708903 0.0673295
v 0.00382404 -0.001173335 0.06730735
v 0.00350907 -0.001920007 0.06729637
v 0.00305248 -0.002585027 0.06725225
v 0.002491223 -0.003129506 0.06718396
v 0.001856842 -0.003542899 0.06718034
v 0.001134308 -0.003835798 0.06738907
v 0.002651033 0.002995333 0.06745248
v 0.0004153695 -0.003978375 0.09248813
v 0.002111891 0.003397045 0.1276229
v 0.002950308 -0.002701052 0.1296685
v 0.0003830181 -0.00398162 0.07605483
v 0.001258306 -0.003796929 0.09953822
v 0.0004129578 -0.003978626 0.0808833
v 0.001246953 -0.003800672 0.09861511
v 0.0001832208 -0.003995802 0.09494539
v 0.0004736245 -0.003971861 0.08587045
v 0.0004152408 -0.003978389 0.07443058
v 0.0004439328 -0.003975289 0.08999115
v 0.00303502 0.002605504 0.1299905
v 0.001225345 -0.003807694 0.08211695
v 0.00120994 -0.003812616 0.1179229
v 0.003783996 0.001296677 0.1292724
v 0.0004436873 -0.003975317 0.07026446
v 0.002068713 0.003423511 0.1267508
v -0.0002315417 -0.003993293 0.1289331
v 0.003170198 0.002439231 0.06739179
v 0.001717932 -0.0036123 0.1148696
v 0.001251974 -0.003799021 0.08297441
v 0.002082468 0.003415161 0.1292954
v 0.001954052 0.003490226 0.06765756
v 0.001214005 -0.003811324 0.08793167
v 0.00124876 -0.003800079 0.122527
v 0.0004405622 -0.003975664 0.09728209
v 0.001177329 -0.003822813 0.1084631
v -0.0001169865 -0.001327001 0.137
v 0.0009072959 -0.0009980163 0.137
v 6.068167e-05 -6.125488e-05 0.137
v 0.003975288 0.0004439435 0.1293571
v 0.002142569 0.00337778 0.1284829
v 0.00203348 0.003444555 0.1258731
v 0.00200058 0.003463767 0.1250407
v 0.002010659 0.003457926 0.1242165
v 0.002027179 0.003448267 0.1233862
v 0.00203494 0.003443693 0.1225991
v 0.002040551 0.003440371 0.1217818
v 0.002051989 0.003433561 0.1209802
v 0.002043045 0.00343889 0.1201667
v 0.002059796 0.003428883 0.1193399
v 0.002068601 0.003423578 0.1185139
v 0.00206613 0.00342507 0.1176776
v 0.002053375 0.003432733 0.1168665
v 0.002060919 0.003428208 0.1160294
v 0.002066124 0.003425074 0.1151875
v 0.002044974 0.003437743 0.1143993
v 0.002051174 0.003434048 0.1135787
v 0.0020504 0.00343451 0.112775
v 0.002053618 0.003432587 0.1119421
v 0.002065553 0.003425418 0.1111173
v 0.002064536 0.003426031 0.1103139
v 0.00204627 0.003436973 0.1094865
v 0.002042831 0.003439017 0.10867
v 0.002044352 0.003438114 0.1078736
v 0.002034676 0.003443849 0.1070324
v 0.002044568 0.003437985 0.1061997
v 0.002038395 0.003441648 0.1053986
v 0.002043879 0.003438395 0.1045891
v 0.002040246 0.003440552 0.1037969
v 0.002044847 0.003437819 0.1029871
v 0.002047702 0.003436119 0.1021729
v 0.002045817 0.003437242 0.1013752
v 0.002032679 0.003445028 0.1005547
v 0.002039357 0.003441079 0.09974028
v 0.002048132 0.003435863 0.09892499
v 0.002029872 0.003446682 0.09813423
v 0.002032071 0.003445387 0.09730917
v 0.002046053 0.003437101 0.09650925
v 0.002062175 0.003427453 0.09570068
v 0.002064474 0.003426069 0.09488239
v 0.002047675 0.003436136 0.09407328
v 0.002045993 0.003437137 0.0932692
v 0.002031728 0.003445589 0.09243307
v 0.002053074 0.003432912 0.09160318
v 0.002051081 0.003434104 0.09076261
v 0.002046637 0.003436754 0.08995052
v 0.002043549 0.003438591 0.08912683
v 0.002045336 0.003437528 0.08827138
v 0.002053145 0.00343287 0.08744941
v 0.002058318 0.003429771 0.08661304
v 0.002059468 0.00342908 0.08578497
v 0.002060473 0.003428476 0.08496026
v 0.002060263 0.003428603 0.08414701
v 0.0020514 0.003433913 0.08332416
v 0.00204029 0.003440526 0.08250571
v 0.002044658 0.003437932 0.08168657
v 0.002061374 0.003427935 0.08087806
v 0.00205572 0.003431329 0.08007261
v 0.002056494 0.003430865 0.07922765
v 0.002058537 0.003429639 0.07843084
v 0.002056317 0.003430971 0.07760587
v 0.002053484 0.003432667 0.07679703
v 0.002062558 0.003427222 0.07598536
v 0.002043962 0.003438345 0.07514803
v 0.002032772 0.003444973 0.0743294
v 0.002030348 0.003446402 0.07352143
v 0.002027571 0.003448036 0.07269177
v 0.002033444 0.003444576 0.07186445
v 0.002054091 0.003432304 0.07101912
v 0.002062873 0.003427033 0.07019609
v 0.002038579 0.00344154 0.0693709
v 0.001948343 0.003493417 0.06853051
v 0.0004713589 -0.003972131 0.1063905
v 0.0003348051 -0.003985964 0.1117741
v 0.0005565919 -0.003961086 0.1194191
v 0.0008906502 -0.003899582 0.09513486
v 0.003448813 -0.002026251 0.1296398
v 0.001256204 -0.003797624 0.08379018
v 0.001251369 -0.003799221 0.1024032
v 0.001176129 -0.003823182 0.1243574
v 0.001154085 -0.003829894 0.09041856
v 0.001468103 -0.003720843 0.1141107
v 0.001987587 -0.003471239 0.1156506
v 0.00228394 -0.003283842 0.1296322
v 0.0002538418 -0.003991937 0.1103455
v 0.003789548 -0.001280363 0.1295197
v 0.001115189 -0.0038414 0.07645598
v 0.00123876 -0.00380335 0.1005272
v 0.001202249 -0.003815049 0.09771077
v 0.001316675 -0.003777084 0.1188328
v 0.001179356 -0.003822188 0.07237374
v 0.00118442 -0.003820622 0.08129863
v 0.001019967 -0.003867773 0.1170222
v 0.003395228 0.002114811 0.1291993
v 0.001173056 -0.003824126 0.07071438
v 0.001207422 -0.003813415 0.1234633
v 0.001192435 -0.003818128 0.07321214
v 0.003976293 -0.0004348487 0.1294416
v 0.0004050498 -0.003979439 0.07525964
v 0.001251089 -0.003799313 0.1033025
v 0.001550141 -0.003687419 0.11634
v 0.001070036 -0.003854222 0.07728074
v 0.00120289 -0.003814847 0.1068131
v 0.00121843 -0.003809912 0.08708145
v 0.001226125 -0.003807442 0.06903566
v 0.001212883 -0.003811681 0.08875404
v 0.001289763 -0.003786358 0.1216204
v 0.001051256 -0.003859386 0.09595586
v 0.001493754 -0.00371062 0.1295539
v 0.001132021 -0.003836474 0.06824015
v 0.001101897 -0.003845234 0.1120143
v 0.001116761 -0.003840943 0.09122895
v 0.001099673 -0.00384587 0.07966286
v 0.00124511 -0.003801276 0.08463285
v 0.0003739202 -0.003982485 0.0964598
v 0.00122373 -0.003808213 0.105112
v 0.001151663 -0.003830623 0.1252409
v 0.001281583 -0.003789135 0.0937305
v 0.001124044 -0.003838818 0.1127011
v 0.001132869 -0.003836223 0.08045236
v 0.001161118 -0.003827767 0.07153131
v 0.001073053 -0.003853383 0.1269917
v 0.001107323 -0.003843675 0.1261345
v 0.001221189 -0.003809028 0.1042197
v 0.0004632983 -0.003973079 0.1283958
v 0.001118583 -0.003840413 0.1092959
v 0.00117918 -0.003822242 0.09290286
v 0.001900006 -0.00351994 0.1080898
v 0.001171955 -0.003824464 0.08960331
v 0.002411236 -0.003191542 0.1149661
v 0.001963894 -0.003484698 0.1028672
v 0.003899181 0.0008924057 0.06812006
v 0.003999907 2.731104e-05 0.06810191
v 0.003920736 -0.0007923584 0.0680569
v 0.00366995 -0.001591059 0.0680103
v 0.003279376 -0.002290348 0.06797191
v 0.002735625 -0.002918279 0.06793592
v 0.00221586 -0.00333016 0.06777295
v 0.001146581 -0.003832147 0.07566366
v 0.0005721838 -0.003958864 0.1203068
v 0.002022785 -0.003450846 0.1182305
v 0.003998366 -0.0001143217 0.128608
v 0.001947456 -0.003493911 0.09908614
v 0.002785349 0.002870859 0.1290806
v 0.001923406 -0.003507208 0.09814628
v 0.00118133 -0.003821578 0.06989524
v 0.00368807 0.001548592 0.1284427
v 0.002678636 0.002970675 0.1270876
v 0.001209858 -0.003812643 0.1059747
v 0.001951163 -0.003491843 0.0825438
v 0.001253338 -0.003798571 0.1014821
v 0.001964552 -0.003484327 0.08338647
v 0.001143561 -0.003833049 0.09682385
v 0.002475207 0.003142189 0.06815273
v 0.002743358 0.002911011 0.1280136
v 0.001684275 -0.003628115 0.09545789
v 0.001184236 -0.003820679 0.07402684
v 0.001044173 -0.003861308 0.1113263
v 0.001330118 -0.003772371 0.1197825
v 0.001841854 -0.003550715 0.1248146
v 0.001067442 -0.003854941 0.07884942
v 0.003217518 -0.002376463 0.1290108
v 0.001471231 -0.003719607 0.09458373
v 0.001915621 -0.003511467 0.08836719
v 0.002637631 0.003007142 0.1262381
v 0.002630304 0.003013553 0.1253629
v 0.002639752 0.00300528 0.1245439
v 0.0002418614 -0.003992681 0.1110682
v 0.002637376 0.003007366 0.1237375
v 0.002642584 0.00300279 0.1229603
v 0.002653194 0.00299342 0.1221585
v 0.002669537 0.002978854 0.1213349
v 0.002682068 0.002967577 0.1205417
v 0.002698077 0.002953029 0.1197161
v 0.002685331 0.002964624 0.1188922
v 0.002672033 0.002976616 0.1180639
v 0.002676186 0.002972882 0.1172425
v 0.00269495 0.002955883 0.1163977
v 0.002690804 0.002959657 0.1155838
v 0.002686026 0.002963994 0.11477
v 0.002694643 0.002956163 0.1139564
v 0.002668855 0.002979465 0.1131438
v 0.002679004 0.002970343 0.1123205
v 0.002671752 0.002976867 0.1115048
v 0.002674689 0.002974229 0.1106852
v 0.002669776 0.00297864 0.1098803
v 0.002661262 0.002986249 0.109044
v 0.002659874 0.002987486 0.1082377
v 0.002676831 0.002972302 0.107417
v 0.00267833 0.002970951 0.1065954
v 0.00267153 0.002977067 0.1057721
v 0.002666055 0.002981971 0.1049709
v 0.002653282 0.002993342 0.1041769
v 0.002660636 0.002986807 0.1033723
v 0.002663315 0.002984418 0.1025437
v 0.002659487 0.00298783 0.1017533
v 0.002652355 0.002994163 0.1009537
v 0.002652659 0.002993894 0.100115
v 0.002646944 0.002998948 0.09931295
v 0.002661467 0.002986067 0.09850379
v 0.002682996 0.002966738 0.09769156
v 0.002688391 0.00296185 0.09688138
v 0.002687079 0.00296304 0.09608407
v 0.002673619 0.002975191 0.09527682
v 0.002676008 0.002973042 0.09445525
v 0.002676793 0.002972336 0.09363853
v 0.00268155 0.002968045 0.09282317
v 0.00267794 0.002971302 0.09198042
v 0.002676962 0.002972184 0.09114281
v 0.002662555 0.002985097 0.09032948
v 0.002657199 0.002989865 0.0894968
v 0.002676908 0.002972232 0.08866337
v 0.002667602 0.002980587 0.08783067
v 0.002656762 0.002990254 0.08699194
v 0.002663868 0.002983925 0.08615738
v 0.002663984 0.002983821 0.08534321
v 0.002670215 0.002978246 0.08451954
v 0.002672147 0.002976513 0.08371405
v 0.002693196 0.002957482 0.08287444
v 0.002693354 0.002957338 0.08207181
v 0.002675139 0.002973824 0.08124983
v 0.002676205 0.002972865 0.08045287
v 0.002674476 0.002974421 0.07961008
v 0.002683273 0.002966487 0.07879115
v 0.002679986 0.002969457 0.07799334
v 0.002678208 0.002971061 0.07716643
v 0.002675432 0.002973561 0.07637066
v 0.002673285 0.002975491 0.07554142
v 0.00266459 0.00298328 0.0747094
v 0.002652601 0.002993945 0.07389922
v 0.002644445 0.003001151 0.0730887
v 0.002651236 0.002995154 0.07224684
v 0.002681777 0.00296784 0.07140886
v 0.002686487 0.002963577 0.070578
v 0.002693325 0.002957364 0.06970574
v 0.003928255 0.0007541972 0.1285433
v 0.001244861 -0.003801358 0.1134274
v 0.001133162 -0.003836136 0.09206037
v 0.001315219 -0.003777592 0.1207009
v 0.001851981 -0.003545443 0.09002046
v 0.002230818 -0.003320158 0.1142443
v 0.0036005 -0.001742527 0.1288062
v 0.001958571 -0.003487693 0.103754
v 0.003031426 0.002609685 0.06818738
v 0.003882023 -0.0009643124 0.1286671
v 0.001659421 -0.00363955 0.06785115
v 0.002095532 -0.003407161 0.09408268
v 0.001064611 -0.003855723 0.1100425
v 0.001880906 -0.003530183 0.1239197
v 0.001938112 -0.003499103 0.1055356
v 0.001789893 -0.003577189 0.1115134
v 0.00196829 -0.003482217 0.1000333
v 0.001908117 -0.00351555 0.1072442
v 0.001953403 -0.00349059 0.1046785
v 0.00187075 -0.003535575 0.1172436
v 0.001848748 -0.00354713 0.07606982
v 0.00189838 -0.003520817 0.09723032
v 0.002598462 -0.003041052 0.1156709
v 0.001756217 -0.003593842 0.07924564
v 0.001849175 -0.003546907 0.07034221
v 0.001098986 -0.003846067 0.1278399
v 0.001924462 -0.003506629 0.1063939
v 0.001930516 -0.0035033 0.123002
v 0.001880749 -0.003530267 0.1089194
v 0.001957206 -0.003488459 0.09325685
v 0.001172548 -0.003824282 0.07486181
v 0.001892994 -0.003523716 0.07277813
v 0.001962205 -0.003485649 0.1019297
v 0.00122725 -0.00380708 0.08627529
v 0.002438714 -0.003170595 0.1164993
v 0.001812973 -0.003565548 0.07687207
v 0.001894044 -0.003523151 0.08918641
v 0.001953449 -0.003490564 0.08421074
v 0.001942032 -0.003496929 0.0875176
v 0.003272638 0.002299965 0.1282918
v 0.001816449 -0.003563778 0.1122706
v 0.00355042 0.001842421 0.06808118
v 0.001829925 -0.003556877 0.09081775
v 0.001943261 -0.003496246 0.06949946
v 0.002073601 -0.003420552 0.1192135
v 0.001809194 -0.003567467 0.1257034
v 0.00189336 -0.003523519 0.08085927
v 0.002733347 -0.002920414 0.1287955
v 0.00122548 -0.00380765 0.1287055
v 0.001806845 -0.003568657 0.09633774
v 0.002627944 0.003015611 0.06888759
v 0.001239473 -0.003803118 0.08545471
v 0.002113574 -0.003395998 0.06859455
v 0.001809556 -0.003567283 0.08002844
v 0.001827823 -0.003557958 0.07113761
v 0.001935252 -0.003500686 0.08168545
v 0.001770599 -0.003586778 0.1265523
v 0.001068823 -0.003854558 0.07805104
v 0.001685964 -0.00362733 0.1273576
v 0.001974227 -0.003478854 0.1220682
v 0.00326378 -0.002312518 0.1281996
v 0.002583307 -0.003053936 0.1023875
v 0.00397742 -0.0004244195 0.06879299
v 0.003803258 -0.001239042 0.06872028
v 0.00346607 -0.001996587 0.06866799
v 0.002956933 -0.002693798 0.06862865
v 0.003192926 0.002409404 0.1273959
v 0.001871725 -0.00353506 0.0719394
v 0.001683948 -0.003628267 0.110668
v 0.002558339 -0.003074883 0.1068073
v 0.002605714 -0.00303484 0.08207765
v 0.003003375 -0.002641919 0.1151675
v 0.00187634 -0.003532612 0.07527175
v 0.002545447 -0.003085563 0.09765386
v 0.001758896 -0.003592532 0.07845579
v 0.002574474 -0.003061386 0.09860856
v 0.003951651 -0.000620042 0.1278933
v 0.00254906 -0.003082579 0.1076923
v 0.00190802 -0.003515602 0.07360091
v 0.001970411 -0.003481017 0.1010107
v 0.002560136 -0.003073387 0.10598
v 0.002509103 -0.003115189 0.1243922
v 0.002559599 -0.003073833 0.08124185
v 0.002546699 -0.00308453 0.07230134
v 0.001933681 -0.003501553 0.08667811
v 0.001977407 -0.003477048 0.1288966
v 0.002475155 -0.003142229 0.1252726
v 0.00370125 -0.001516821 0.1278319
v 0.00225843 -0.003301438 0.09492956
v 0.003130322 0.002490197 0.126552
v 0.002605935 -0.00303465 0.1033241
v 0.003116822 0.002507074 0.1256808
v 0.003124693 0.002497258 0.124875
v 0.0008992524 -0.003897608 0.1106899
v 0.003171771 0.002437184 0.123314
v 0.003191401 0.002411423 0.1225328
v 0.003201258 0.002398322 0.1217182
v 0.003192084 0.002410519 0.1209234
v 0.003197099 0.002403863 0.1200942
v 0.003209193 0.002387693 0.1192863
v 0.003212296 0.002383517 0.1184615
v 0.003209456 0.00238734 0.1176415
v 0.003203259 0.002395648 0.116794
v 0.003200284 0.002399622 0.1159712
v 0.003211969 0.002383958 0.1151506
v 0.003211906 0.002384043 0.1143406
v 0.003222868 0.002369203 0.1135348
v 0.003220901 0.002371877 0.112719
v 0.003206663 0.002391091 0.1118943
v 0.003199806 0.002400259 0.1110766
v 0.003189509 0.002413925 0.1102507
v 0.003197094 0.00240387 0.109445
v 0.003190208 0.002413001 0.1086283
v 0.003182431 0.002423248 0.1077983
v 0.003186978 0.002417265 0.1069829
v 0.003196716 0.002404372 0.1061731
v 0.003188482 0.002415281 0.1053601
v 0.003183401 0.002421975 0.1045732
v 0.00318572 0.002418923 0.1037676
v 0.0031793 0.002427355 0.1029414
v 0.003180685 0.002425539 0.1021417
v 0.003187483 0.002416599 0.1013457
v 0.003184186 0.002420942 0.1005353
v 0.003177644 0.002429523 0.09970089
v 0.003169999 0.002439489 0.09889155
v 0.003172218 0.002436603 0.09808057
v 0.003188756 0.00241492 0.0972817
v 0.003196424 0.002404761 0.09648143
v 0.003202123 0.002397166 0.09568033
v 0.003213056 0.002382493 0.09486036
v 0.003208473 0.002388661 0.09402754
v 0.003204682 0.002393745 0.09320776
v 0.003205713 0.002392364 0.09236939
v 0.003211759 0.002384241 0.09154359
v 0.003199701 0.002400399 0.09071743
v 0.00320912 0.002387792 0.08989298
v 0.003200872 0.002398837 0.08906252
v 0.003187392 0.002416719 0.08821589
v 0.003197108 0.002403852 0.08739759
v 0.003189359 0.002414122 0.08654836
v 0.003186206 0.002418283 0.08572948
v 0.003188633 0.002415081 0.0849093
v 0.003195192 0.002406398 0.08408865
v 0.003219219 0.002374158 0.08325746
v 0.003209151 0.00238775 0.08245937
v 0.003213927 0.002381318 0.08164414
v 0.003199554 0.002400595 0.08083149
v 0.003199439 0.002400748 0.08002074
v 0.003196373 0.002404828 0.07917699
v 0.003198293 0.002402275 0.07836958
v 0.003206988 0.002390654 0.0775625
v 0.003191503 0.002411288 0.07674512
v 0.003198991 0.002401345 0.07591862
v 0.003198737 0.002401683 0.07511837
v 0.003179742 0.002426776 0.07429666
v 0.003170329 0.00243906 0.07347777
v 0.003175824 0.002431901 0.07266172
v 0.003174107 0.002434141 0.07183257
v 0.003190184 0.002413033 0.07101301
v 0.003243161 0.002341347 0.07012398
v 0.002528795 -0.003099225 0.123476
v 0.002548485 -0.003083055 0.08795882
v 0.003772994 0.001328351 0.06891837
v 0.003978966 0.0004096715 0.06884248
v 0.002623121 -0.003019808 0.08296978
v 0.003146496 0.002469729 0.1240992
v 0.002531149 -0.003097303 0.08880537
v 0.002504098 -0.003119213 0.08961813
v 0.002467084 -0.00314857 0.07002367
v 0.002412905 -0.003190281 0.1261844
v 0.00247626 -0.003141359 0.1118927
v 0.00180714 -0.003568507 0.109779
v 0.002568504 -0.003066396 0.09956734
v 0.003062244 -0.002573454 0.1160202
v 0.002358295 -0.003230858 0.1269909
v 0.002079053 -0.003417242 0.120209
v 0.002629891 -0.003013913 0.1175885
v 0.002036671 -0.003442669 0.1211352
v 0.00260321 -0.003036988 0.1042309
v 0.002513386 -0.003111735 0.07568344
v 0.00249426 -0.003127086 0.09674241
v 0.00177746 -0.003583384 0.1129286
v 0.001880901 -0.003530186 0.09244534
v 0.001904757 -0.003517371 0.07443679
v 0.002028719 -0.003447361 0.1135221
v 0.002628694 -0.003014957 0.08378937
v 0.002478961 -0.003139228 0.0764864
v 0.00257514 -0.003060826 0.07314817
v 0.002577604 -0.003058751 0.1014684
v 0.002417253 -0.003186987 0.07076992
v 0.002744087 -0.002910324 0.1186076
v 0.003292402 0.002271583 0.06908569
v 0.002485176 -0.00313431 0.09043173
v 0.002391382 -0.003206445 0.07962421
v 0.00275046 -0.002904302 0.09439674
v 0.00174562 -0.003599002 0.1281441
v 0.002408179 -0.00319385 0.09579037
v 0.00399514 0.0001971117 0.1278078
v 0.002551534 -0.003080532 0.08713153
v 0.001836026 -0.003553731 0.091648
v 0.002573466 -0.003062233 0.1225656
v 0.003872554 0.001001663 0.1277424
v 0.001953747 -0.003490397 0.08504925
v 0.002455381 -0.003157706 0.07154771
v 0.003599436 0.001744724 0.1276275
v 0.00248428 -0.00313502 0.08042489
v 0.002536941 -0.00309256 0.108521
v 0.001768725 -0.003587703 0.07767639
v 0.002875655 -0.002780398 0.1143665
v 0.002446862 -0.003164311 0.1110373
v 0.002377288 -0.003216909 0.07882468
v 0.002615676 -0.003026258 0.09357935
v 0.002564811 -0.003069486 0.1051132
v 0.003079757 -0.002552469 0.1230569
v 0.003190754 -0.002412279 0.08250648
v 0.003093104 -0.002536279 0.1063897
v 0.00363394 -0.00167167 0.06939346
v 0.003241176 -0.002344094 0.06930111
v 0.002630206 -0.003013638 0.06928334
v 0.003472421 -0.001985521 0.1154119
v 0.002581986 -0.003055053 0.1005375
v 0.003673207 0.001583524 0.06980397
v 0.002553217 -0.003079137 0.07486502
v 0.003165077 -0.002445872 0.1038107
v 0.00305531 -0.002581682 0.1239696
v 0.003107907 -0.002518118 0.09812167
v 0.003087961 -0.002542537 0.08758942
v 0.003075009 -0.002558187 0.08842821
v 0.003878196 -0.000979591 0.1272003
v 0.003081906 -0.002549874 0.1072451
v 0.002640015 -0.003005049 0.1216002
v 0.002985556 -0.002662039 0.1257761
v 0.003144363 -0.002472444 0.08161918
v 0.001332097 -1.799829e-05 0.137
v 0.001939381 -0.0034984 0.08586781
v 0.003139455 -0.002478673 0.0726196
v 0.003119409 -0.002503855 0.1019249
v 0.002750071 -0.00290467 0.1196713
v 0.003336111 -0.002206889 0.1272717
v 0.003522997 0.001894331 0.1268086
v 0.003133869 -0.002485732 0.1028654
v 0.003506164 0.001925309 0.1259752
v 0.003506895 0.001923978 0.1251948
v 0.003580141 0.001783982 0.1229275
v 0.003584962 0.001774273 0.1221364
v 0.003598453 0.001746751 0.1213155
v 0.003614144 0.001714049 0.1205001
v 0.003611711 0.00171917 0.1196672
v 0.003610385 0.001721951 0.1188644
v 0.00359733 0.001749062 0.1180339
v 0.003601189 0.001741103 0.1172127
v 0.003599839 0.001743892 0.1163782
v 0.00359693 0.001749884 0.1155464
v 0.003602135 0.001739145 0.1147357
v 0.003615369 0.001711463 0.1139129
v 0.003614304 0.001713711 0.1131147
v 0.003606526 0.00173002 0.1123061
v 0.003595451 0.001752921 0.1114655
v 0.00359669 0.001750378 0.1106492
v 0.003594594 0.001754678 0.1098363
v 0.003585339 0.001773513 0.1090267
v 0.003593217 0.001757496 0.1082008
v 0.00359446 0.001754953 0.1073824
v 0.003583989 0.001776239 0.106568
v 0.003581205 0.001781845 0.1057565
v 0.003584788 0.001774625 0.1049744
v 0.003580983 0.001782292 0.1041687
v 0.003592517 0.001758927 0.1033567
v 0.003591944 0.001760097 0.1025449
v 0.003590116 0.001763821 0.1017382
v 0.003592334 0.0017593 0.1009379
v 0.00358925 0.001765583 0.1001191
v 0.003571238 0.001801738 0.09930788
v 0.003566589 0.001810924 0.09848909
v 0.00357312 0.001798003 0.09769127
v 0.003589227 0.00176563 0.09689409
v 0.003600658 0.001742199 0.09609233
v 0.003607608 0.001727764 0.09525927
v 0.003610273 0.001722187 0.09442741
v 0.003610716 0.001721257 0.0936117
v 0.003616032 0.001710062 0.09277685
v 0.003609636 0.001723521 0.09193795
v 0.003606852 0.001729341 0.09112393
v 0.00360261 0.001738161 0.09028686
v 0.003595243 0.001753348 0.08946261
v 0.003597482 0.001748749 0.08864151
v 0.003587006 0.001770138 0.08778277
v 0.003590007 0.001764044 0.0869601
v 0.003581317 0.001781619 0.08612297
v 0.003581664 0.001780921 0.08531307
v 0.00359486 0.001754132 0.08448721
v 0.003604094 0.001735081 0.08364938
v 0.003620023 0.001701597 0.08284811
v 0.003616067 0.001709988 0.08202711
v 0.003599585 0.001744416 0.08123243
v 0.003603445 0.001736428 0.08039774
v 0.003607239 0.001728532 0.07958453
v 0.003606838 0.00172937 0.07877683
v 0.003597472 0.001748771 0.07795567
v 0.003598356 0.00174695 0.07714505
v 0.003602045 0.001739331 0.07630106
v 0.003590406 0.001763231 0.07550316
v 0.003576745 0.00179078 0.07467971
v 0.003576431 0.001791407 0.07388736
v 0.003555316 0.001832957 0.07306501
v 0.00355362 0.001836241 0.07228192
v 0.003571149 0.001801914 0.07147742
v 0.003616937 0.001708148 0.07064844
v 0.003078751 -0.002553682 0.08076382
v 0.003022213 -0.002620349 0.1248683
v 0.003138207 -0.002480253 0.1169062
v 0.00257361 -0.003062112 0.08628986
v 0.00306537 -0.002569729 0.08925248
v 0.003088925 -0.002541366 0.1055486
v 0.003140648 -0.002477161 0.1046936
v 0.003046641 -0.002591907 0.1114133
v 0.003894257 -0.000913652 0.06945865
v 0.003688164 -0.00154837 0.1267942
v 0.002501945 -0.00312094 0.1093524
v 0.003101892 -0.002525522 0.08672051
v 0.00287029 -0.002785936 0.07920927
v 0.002704681 -0.002946982 0.1206627
v 0.003015562 -0.002628001 0.07991312
v 0.002466806 -0.003148788 0.11278
v 0.002421373 -0.003183859 0.07808722
v 0.003125569 -0.00249616 0.09908491
v 0.003389123 -0.002124582 0.1146
v 0.003115725 -0.002508437 0.1009823
v 0.002908414 -0.002746112 0.09527174
v 0.002985643 -0.002661942 0.0698362
v 0.003080968 -0.002551007 0.09716682
v 0.003518957 -0.001901827 0.1162669
v 0.002705635 -0.002946105 0.1136098
v 0.003027745 -0.002613955 0.09618402
v 0.003990577 -0.0002743991 0.1270816
v 0.00307432 -0.002559014 0.1081016
v 0.002575802 -0.003060269 0.07400133
v 0.003185157 -0.002419664 0.08339098
v 0.003051924 -0.002585683 0.07611823
v 0.002821841 -0.002834998 0.1277081
v 0.003050555 -0.002587299 0.07179927
v 0.002323613 -0.00325589 0.1282961
v 0.002975659 -0.002673099 0.070506
v 0.003934399 0.0007214589 0.06964016
v 0.003338091 -0.002203894 0.1179927
v 0.002517808 -0.003108157 0.09279264
v 0.003131932 -0.002488173 0.07353416
v 0.002200586 -0.003340272 0.1276919
v 0.003554705 0.001834142 0.1236931
v 0.003121757 -0.002500927 0.1221162
v 0.002465579 -0.003149749 0.09123318
v 0.003971767 0.0004744112 0.1270006
v 0.002600647 -0.003039183 0.08463855
v 0.003817423 0.001194689 0.1269588
v 0.003052562 -0.002584931 0.0900782
v 0.003998123 -0.0001225369 0.06954697
v 0.003513944 0.001911073 0.1244325
v 0.002453976 -0.003158797 0.07730011
v 0.003177628 -0.002429544 0.09386983
v 0.002463372 -0.003151475 0.1102182
v 0.003296057 -0.002266276 0.09467729
v 0.003067684 -0.002566966 0.1122494
v 0.003079229 -0.002553106 0.07528776
v 0.003761104 -0.001361652 0.07003848
v 0.003553402 -0.001836663 0.08112168
v 0.003023745 -0.002618581 0.1106035
v 0.002963986 -0.002686036 0.07852085
v 0.003125415 -0.002496353 0.100062
v 0.003490791 -0.001953044 0.123543
v 0.002929838 -0.002723242 0.1267166
v 0.003574858 -0.001794545 0.1033404
v 0.00351801 -0.001903576 0.09761859
v 0.003799252 -0.001251272 0.1156578
v 0.003508537 -0.001920982 0.0880543
v 0.003915833 -0.0008162443 0.1264178
v 0.00353242 -0.001876701 0.101437
v 0.003600562 -0.001742398 0.1170938
v 0.003512864 -0.001913057 0.1076927
v 0.00310808 -0.002517904 0.07441879
v 0.003391272 -0.00212115 0.07920765
v 0.003600539 -0.001742446 0.08203194
v 0.003518543 -0.001902591 0.1059543
v 0.003464126 -0.001999957 0.1244274
v 0.002461396 -0.003153019 0.09202376
v 0.003578477 -0.001787317 0.07300417
v 0.003514923 -0.001909271 0.1068124
v 0.002584624 -0.003052821 0.08545279
v 0.003856964 0.001060107 0.1225693
v 0.003547105 -0.001848796 0.1023642
v 0.003750681 0.001390106 0.1262579
v 0.003823351 0.00117558 0.1255042
v 0.003494225 -0.001946893 0.09666091
v 0.003864703 0.001031537 0.1217391
v 0.003869125 0.001014827 0.1208984
v 0.003877072 0.0009840301 0.1200805
v 0.003873568 0.0009977336 0.119266
v 0.003873611 0.000997566 0.118442
v 0.003866792 0.001023679 0.1176028
v 0.00386305 0.001037711 0.1167898
v 0.003863399 0.001036411 0.1159706
v 0.003873819 0.0009967578 0.1151359
v 0.003883026 0.0009602639 0.1142985
v 0.003882407 0.0009627627 0.1135133
v 0.003876945 0.000984529 0.1127007
v 0.003871028 0.001007543 0.1118721
v 0.003868871 0.001015795 0.1110357
v 0.003862743 0.001038855 0.1102308
v 0.003865723 0.00102771 0.1094154
v 0.00386423 0.001033308 0.108603
v 0.00385916 0.001052086 0.1077683
v 0.003858525 0.001054411 0.1069759
v 0.003855007 0.001067203 0.1061615
v 0.003854574 0.001068766 0.1053442
v 0.003852166 0.001077411 0.1045827
v 0.003851973 0.001078101 0.1037689
v 0.003856075 0.001063337 0.1029662
v 0.003856694 0.001061089 0.1021562
v 0.003858637 0.001054002 0.1013399
v 0.003860519 0.001047087 0.1005307
v 0.003853194 0.00107373 0.09970142
v 0.003837174 0.001129643 0.09891682
v 0.003838562 0.001124918 0.09810171
v 0.003855571 0.001065164 0.09733177
v 0.003860135 0.001048502 0.0965329
v 0.003865168 0.001029794 0.09568837
v 0.003868347 0.001017787 0.09484017
v 0.003868042 0.001018945 0.09402168
v 0.003867634 0.001020493 0.09316923
v 0.003869884 0.001011929 0.09234785
v 0.003868829 0.001015955 0.09153118
v 0.003869992 0.001011515 0.09070042
v 0.003867281 0.001021831 0.089874
v 0.003864996 0.001030441 0.08902758
v 0.003862335 0.001040369 0.08819814
v 0.003860088 0.001048677 0.08734244
v 0.003860876 0.001045772 0.08653809
v 0.003855229 0.0010664 0.08571275
v 0.003855519 0.001065353 0.08487639
v 0.003867692 0.001020274 0.08406407
v 0.003888289 0.0009387252 0.08322546
v 0.003898721 0.000894415 0.08242863
v 0.003879479 0.0009744949 0.08160491
v 0.003863666 0.001035417 0.08078385
v 0.00386321 0.001037115 0.0800009
v 0.003868515 0.001017149 0.07917145
v 0.003872001 0.001003798 0.07836248
v 0.003870274 0.001010436 0.07753404
v 0.003870547 0.001009389 0.07669452
v 0.003862482 0.001039825 0.07588672
v 0.003861245 0.001044408 0.07507638
v 0.003847264 0.001094786 0.07424336
v 0.003837909 0.001127144 0.07345689
v 0.003818009 0.001192815 0.07269665
v 0.00382246 0.001178474 0.07193192
v 0.00399966 -5.218568e-05 0.1262665
v 0.003488829 -0.001956546 0.08019981
v 0.00349797 -0.001940156 0.08889862
v 0.003325976 -0.002222134 0.1191279
v 0.002885823 -0.002769842 0.07115034
v 0.003082099 -0.002549641 0.09308135
v 0.003466658 -0.001995566 0.09562571
v 0.00343257 -0.002053647 0.1253508
v 0.003387369 -0.002127377 0.126313
v 0.003584189 -0.001775835 0.09409318
v 0.003499152 -0.001938024 0.1117765
v 0.003293052 -0.002270641 0.1201833
v 0.003068145 -0.002566415 0.1089461
v 0.003127578 -0.002493643 0.08589431
v 0.003206185 -0.002391732 0.1211458
v 0.003537681 -0.001866766 0.09859955
v 0.003272443 -0.002300243 0.1138189
v 0.003160396 -0.002451917 0.1130487
v 0.003518551 -0.001902578 0.1226426
v 0.003637003 -0.001664996 0.1043595
v 0.003530021 -0.00188121 0.1005048
v 0.00384894 0.00108888 0.1233691
v 0.00363251 -0.001674775 0.08295342
v 0.003940579 -0.0006869016 0.07029392
v 0.003548073 -0.001846937 0.07397948
v 0.003486323 -0.001961007 0.1051771
v 0.003887108 0.0009436051 0.07040238
v 0.003617382 -0.001707204 0.07190512
v 0.003763873 -0.001353979 0.1148641
v 0.003030354 -0.002610929 0.07695064
v 0.003756528 0.001374226 0.124796
v 0.003831499 -0.001148747 0.1164429
v 0.003846406 0.0010978 0.07118519
v 0.003033762 -0.002606969 0.09085814
v 0.003171676 -0.002437308 0.08422873
v 0.003933647 0.0007255491 0.1262207
v 0.003520827 -0.001898362 0.08721254
v 0.003505007 -0.001927414 0.07572469
v 0.003490464 -0.001953627 0.08972342
v 0.003494199 -0.00194694 0.110991
v 0.00343168 -0.002055133 0.07015247
v 0.003533751 -0.001874195 0.09332564
v 0.003515766 -0.001907718 0.1085383
v 0.003491411 -0.001951934 0.07658063
v 0.003002654 -0.002642739 0.07774051
v 0.003054738 -0.002582359 0.1097694
v 0.003529666 -0.001881876 0.07487821
v 0.003539382 -0.001863539 0.09957807
v 0.003864585 -0.001031979 0.1036507
v 0.003956588 -0.000587715 0.1254387
v 0.003810272 -0.001217303 0.08851752
v 0.00379119 -0.001275493 0.07966684
v 0.00382136 0.001182036 0.1241113
v 0.003747008 -0.001399975 0.1258593
v 0.003007838 -0.002636837 0.09235791
v 0.00382206 -0.001179771 0.08059696
v 0.003781937 -0.001302672 0.1239802
v 0.003736521 -0.001427729 0.118721
v 0.003869181 -0.001014613 0.08151709
v 0.003153497 -0.002460784 0.08507208
v -0.001043473 -0.000758186 0.137
v 0.003988903 0.0002977468 0.122185
v 0.003991584 0.0002593428 0.1213474
v 0.003993298 0.000231455 0.1204914
v 0.003995648 0.0001865353 0.1196802
v 0.003994021 0.0002186149 0.1188282
v 0.00399044 0.0002763855 0.1180073
v 0.003987218 0.0003195195 0.1171862
v 0.003987766 0.0003126093 0.116377
v 0.003992782 0.0002401949 0.1155339
v 0.003995607 0.0001874132 0.1147283
v 0.003997075 0.000152953 0.1138919
v 0.003996457 0.000168308 0.1130827
v 0.003993062 0.0002354905 0.1122686
v 0.003991645 0.0002583977 0.1114185
v 0.003990826 0.0002707491 0.1106231
v 0.003990829 0.0002707138 0.1097988
v 0.003990499 0.0002755298 0.1090035
v 0.003989956 0.0002832816 0.1081829
v 0.003989392 0.0002911198 0.1073406
v 0.003989133 0.0002946455 0.1065405
v 0.003986737 0.0003254605 0.1057288
v 0.003987259 0.000319005 0.1049514
v 0.003987701 0.000313429 0.1041975
v 0.003984174 0.0003554666 0.1033896
v 0.003986696 0.0003259723 0.1025953
v 0.003989478 0.0002899388 0.1017747
v 0.003988664 0.0003009367 0.1009239
v 0.0039887 0.0003004554 0.1001003
v 0.003983072 0.0003676148 0.09924372
v 0.003967752 0.000506898 0.09852639
v 0.003983263 0.0003655338 0.09782594
v 0.003987465 0.0003164207 0.09700856
v 0.003991135 0.0002661618 0.09615028
v 0.0039934 0.0002296902 0.09527373
v 0.00399181 0.0002558308 0.09442893
v 0.003990156 0.0002804522 0.09357895
v 0.00399078 0.0002714289 0.09274041
v 0.003992175 0.0002500699 0.09193631
v 0.003992189 0.000249852 0.0910868
v 0.003992036 0.0002522944 0.09026429
v 0.00399163 0.0002586249 0.0894376
v 0.003990421 0.0002766643 0.08861692
v 0.003990466 0.0002760051 0.08775722
v 0.003988957 0.0002970281 0.08691265
v 0.003987093 0.0003210718 0.08610394
v 0.003987219 0.0003195023 0.08528104
v 0.003985851 0.0003361482 0.08447765
v 0.003994754 0.0002047924 0.0836421
v 0.003999573 5.842385e-05 0.08283395
v 0.003999939 -2.206175e-05 0.08186868
v 0.003982224 0.0003766908 0.08114932
v 0.003988689 0.0003005937 0.08041937
v 0.003992425 0.0002460468 0.07960985
v 0.003992612 0.0002430035 0.07876531
v 0.003992891 0.0002383766 0.07793693
v 0.003992528 0.0002443748 0.07707753
v 0.003991153 0.0002658978 0.07627005
v 0.003989372 0.0002913973 0.07543086
v 0.003988362 0.0003049021 0.07461335
v 0.003983015 0.0003682228 0.0737876
v 0.003973604 0.0004587741 0.07298999
v 0.003954163 0.0006038179 0.07233946
v 0.003850489 -0.001083391 0.07355293
v 0.003448135 -0.002027403 0.07827991
v 0.003738706 -0.001421998 0.07084587
v 0.003998603 0.000105706 0.07033507
v 0.003806227 -0.001229891 0.09713503
v 0.00334867 -0.002187786 0.07104603
v 0.003714326 -0.001484515 0.1196854
v 0.0038184 -0.001191562 0.1081393
v 0.003524871 -0.001890842 0.112555
v 0.003953966 -0.0006051074 0.1045334
v 0.003466886 -0.00199517 0.07740145
v 0.003768732 -0.001340396 0.07876863
v 0.003832936 -0.001143943 0.07447069
v 0.003805411 -0.001232416 0.07618442
v 0.003813943 -0.001205752 0.08768393
v 0.003836177 -0.001133024 0.1027624
v 0.00383043 -0.001152303 0.09810079
v 0.003610445 -0.001721827 0.08382922
v 0.0035459 -0.001851106 0.08551704
v 0.003567338 -0.001809448 0.1217092
v 0.003504252 -0.001928787 0.1093421
v 0.003800741 -0.001246744 0.08937403
v 0.003696718 -0.001527833 0.09482527
v 0.003772934 -0.001328521 0.1249043
v 0.003810518 -0.001216534 0.1121282
v 0.003900886 -0.0008849233 0.08244376
v 0.003710812 -0.001493277 0.1207182
v 0.003797243 -0.001257355 0.09623332
v 0.003530363 -0.001880568 0.08633776
v 0.00380693 -0.001227714 0.12311
v 0.003818908 -0.001189934 0.07533766
v 0.003820263 -0.001185576 0.1053898
v 0.003481261 -0.00196998 0.09052714
v 0.002994932 -0.002651487 0.09158675
v 0.003817642 -0.001193988 0.1063884
v 0.003815605 -0.001200484 0.1072768
v 0.003716641 -0.001478709 0.1140658
v 0.003825426 -0.00116881 0.1009649
v 0.003989535 0.0002891557 0.1230571
v 0.003935145 0.0007173802 0.1247434
v 0.0008641122 0.0009498653 0.137
v 0.00397237 -0.0004693391 0.1159694
v 0.00397988 0.0004006972 0.07168197
v 0.003985254 0.0003431443 0.1254725
v 0.003479061 -0.001973863 0.09258242
v 0.003869735 -0.001012496 0.1171502
v 0.003879251 -0.0009754036 0.07253624
v 0.003845811 -0.001099881 0.09427437
v 0.003496794 -0.001942274 0.1101604
v 0.003796547 -0.001259456 0.1178589
v 0.003808802 -0.001221896 0.1113728
v 0.003962251 -0.0005482378 0.1151591
v 0.003832734 -0.001144619 0.09355004
v 0.003982952 -0.0003689035 0.08095513
v 0.003970105 -0.0004881278 0.08814814
v 0.00381325 -0.001207942 0.1089544
v 0.003954931 -0.0005987682 0.09487094
v 0.003824652 -0.001171339 0.101861
v 0.003818184 -0.001192254 0.08684146
v 0.003953947 -0.0006052321 0.124387
v 0.003990111 -0.0002810894 0.1037804
v 0.003807443 -0.001226124 0.1128273
v 0.003979587 -0.0004035919 0.07410529
v 0.003963359 -0.0005401728 0.07134563
v 0.003977957 -0.0004193557 0.09755698
v 0.003607108 -0.001728808 0.1133004
v 0.003565891 -0.001812297 0.08469241
v 0.003971112 -0.0004798622 0.08006426
v 0.003825786 -0.001167631 0.1000317
v 0.003838915 -0.001123713 0.09907936
v 0.003975498 -0.0004420554 0.1218024
v 0.003917181 -0.0008097463 0.08343798
v 0.003963828 -0.0005367166 0.1209599
v 0.003951145 -0.00062326 0.1201289
v 0.003951625 -0.0006202093 0.1192429
v 0.0039621 -0.0005493334 0.1183722
v 0.003982238 -0.0003765418 0.116772
v 0.003929559 -0.0007473723 0.1134663
v 0.003964675 -0.0005304258 0.1126035
v 0.00396818 -0.0005035374 0.1117967
v 0.003971726 -0.0004747556 0.1109952
v 0.003971895 -0.0004733386 0.1101929
v 0.003972086 -0.000471731 0.1093775
v 0.003971723 -0.0004747771 0.1085776
v 0.003970906 -0.0004815632 0.1077416
v 0.003971716 -0.0004748366 0.1068902
v 0.003971308 -0.0004782418 0.106061
v 0.003983431 -0.0003636987 0.1053237
v 0.003980784 -0.0003916096 0.1030637
v 0.003974388 -0.0004519277 0.1013816
v 0.00397663 -0.0004317595 0.09958858
v 0.003970687 -0.0004833646 0.09663427
v 0.003972652 -0.0004669404 0.09314815
v 0.003967138 -0.0005116834 0.09233294
v 0.003964404 -0.0005324491 0.09150306
v 0.003968615 -0.0005000975 0.09066482
v 0.003969059 -0.0004965602 0.08982135
v 0.003977588 -0.0004228418 0.08647261
v 0.003977903 -0.0004198708 0.08563487
v 0.003978524 -0.0004139377 0.08485807
v 0.003982384 -0.0003749888 0.0841258
v 0.003963877 -0.0005363538 0.07832728
v 0.00396445 -0.0005321044 0.0774941
v 0.003970385 -0.0004858445 0.07664827
v 0.003974945 -0.000447006 0.0749582
v 0.003986394 -0.0003296451 0.07321336
v 0.003997684 -0.0001360976 0.07236056
v 0.003982177 0.0003771778 0.07096643
v 0.003822566 -0.001178128 0.0954525
v 0.003453237 -0.002018701 0.09127588
v 0.003970183 -0.0004874908 0.08899831
v 0.003785765 -0.001291503 0.07788679
v 0.003793774 -0.001267785 0.07703757
v 0.003975065 -0.0004459313 0.1004974
v 0.003825353 -0.001169049 0.1222546
v 0.003975183 -0.0004448842 0.09396344
v 0.003946847 -0.0006499223 0.1143428
v 0.003989429 0.0002906107 0.1239541
v 0.003978127 -0.0004177376 0.1022355
v 0.003968303 -0.0005025637 0.09575884
v 0.003971587 -0.0004759171 0.07581757
v 0.003988524 -0.0003027846 0.09855285
v 0.003794355 -0.001266045 0.09018734
v 0.003822213 -0.001179274 0.08598406
v 0.003380249 -0.002138672 0.09193887
v 0.003962179 -0.0005487583 0.07921567
v 0.003854799 -0.001067954 0.0843374
v 0.003979272 -0.0004066887 0.1175775
v 0.003973794 -0.0004571212 0.08730454
v 0.004 -3.282935e-07 0.1247638
v 0.003833684 -0.001141434 0.08516338
v 0.003967931 -0.000505495 0.1235209
v 0.003816988 -0.001196079 0.1097567
v 0.003845584 -0.001100676 0.1214619
v 0.003814151 -0.001205093 0.1105786
v 0.003810038 -0.001218036 0.09278574
v 0.003790962 -0.00127617 0.09102698
v 0.003970587 -0.0004841876 0.1226575
v 0.003765545 -0.001349321 0.09192831
v -0.003357011 0.0004003451 0.06
v -0.002680941 0.001752732 0.06
v -0.002310581 0.002462552 0.06
v -0.001552767 0.00285144 0.06
v -0.0002033365 0.003253607 0.06
v 0.001359091 0.002954782 0.06
v 0.002131969 0.002652262 0.06
v 0.002550151 0.001920132 0.06
v 0.003239352 0.0006012839 0.06
v 0.00311658 -0.0007908869 0.06
v 0.002676869 -0.001948808 0.06
v 0.001499392 -0.002719549 0.06
v 0.0008399214 -0.003303568 0.06
v 1.053913e-05 -0.003244259 0.06
v -0.001469394 -0.003024871 0.06
v -0.002577145 -0.002215504 0.06
v -0.002989427 -0.0009206731 0.06
v -0.003193448 -0.0002411552 0.06
v -0.003034609 0.001044324 0.06
v -0.0009061197 0.003239882 0.06
v 0.0005769216 0.003189718 0.06
v 0.002901096 0.001217457 0.06
v 0.003140021 -7.923026e-05 0.06
v 0.003107757 -0.001428534 0.06
v 0.002268082 -0.002469125 0.06
v -0.0007697703 -0.003113426 0.06
v -0.001988156 -0.002594166 0.06
v -0.002783494 -0.001606646 0.06
v 0.002292738 -0.0004509078 0.06
v -0.001677138 0.001945254 0.06
v 8.005783e-05 0.002563218 0.06
v -0.002558062 0.0004077751 0.06
v 0.001614376 0.002083081 0.06
v -0.001087967 -0.002223638 0.06
v 0.002277433 0.0004342036 0.06
v 0.001831687 -0.001867963 0.06
v -0.000142983 -0.002386033 0.06
v -0.001916682 -0.00180845 0.06
v 0.0006178413 -0.002658886 0.06
v -0.002066566 0.001138286 0.06
v -0.0007507732 0.002370534 0.06
v 0.0007972344 0.00231806 0.06
v 0.002400388 -0.001242941 0.06
v 0.001913683 0.001269994 0.06
v -0.00206348 -0.00104594 0.06
v 0.000820914 -0.001824813 0.06
v -0.002276519 -0.0002991076 0.06
v 0.001368264 -0.0001975991 0.06
v 0.001529534 -0.001061387 0.06
v -0.0009285406 0.001260526 0.06
v -0.000221208 -0.001517631 0.06
v 0.001176613 0.0006435632 0.06
v 0.0009513081 0.001479724 0.06
v -0.001611064 0.0004090686 0.06
v 3.40084e-05 0.001769593 0.06
v -0.001149947 -0.001271534 0.06
v -0.001335928 -0.0004092013 0.06
v 0.0005834697 -0.0008667402 0.06
v 0.0003818001 3.041445e-05 0.06
v -0.0003854884 -0.0006114747 0.06
v 0.0001624068 0.0009031521 0.06
v -0.0006178838 0.0002896624 0.06
v -0.003290523 0.0003848251 0.137
v -0.002980428 0.00108728 0.137
v -0.002701328 0.001906701 0.137
v -0.001942941 0.002361652 0.137
v -0.001202917 0.002822104 0.137
v -0.0004227134 0.003282062 0.137
v 0.0004576759 0.003046647 0.137
v 0.001318065 0.002778729 0.137
v 0.002188577 0.00245129 0.137
v 0.002597644 0.001625282 0.137
v 0.002977934 0.0008329146 0.137
v 0.00330238 -1.332651e-05 0.137
v 0.002979701 -0.0008500805 0.137
v 0.002611086 -0.001656294 0.137
v 0.002231937 -0.002442743 0.137
v 0.001393122 -0.002750942 0.137
v 0.0005382585 -0.003045738 0.137
v -0.0003225983 -0.00328104 0.137
v -0.001138044 -0.002883497 0.137
v -0.00190133 -0.002430762 0.137
v -0.002682529 -0.001955527 0.137
v -0.002904421 -0.001111676 0.137
v -0.003105761 -0.0003307639 0.137
v -0.002027621 0.001305783 0.137
v -0.001134867 0.001734643 0.137
v -0.0003141394 0.002329923 0.137
v 0.001568041 0.001763699 0.137
v 0.001941041 0.0008536945 0.137
v 0.002400765 -1.301344e-05 0.137
v 0.00196327 -0.0008765754 0.137
v 0.001625346 -0.00178373 0.137
v 0.0006810726 -0.002034574 0.137
v -0.000232848 -0.002384211 0.137
v -0.001928199 -0.001431084 0.137
v -0.002076501 -0.0004723545 0.137
v -0.002404483 0.0003895779 0.137
v 0.0006079186 0.002002856 0.137
v -0.001058578 -0.001861386 0.137
v -0.0001991963 0.001210158 0.137
v -0.001236131 0.0004656969 0.137
f 1 2 3
f 4 1 5
f 6 4 7
f 4 5 7
f 8 6 9
f 6 7 9
f 10 8 11
f 8 9 11
f 12 10 13
f 10 11 13
f 14 12 15
f 12 13 15
f 16 14 17
f 14 15 17
f 18 16 19
f 16 17 19
f 20 18 21
f 18 19 21
f 22 20 23
f 20 21 23
f 24 22 25
f 22 23 25
f 26 24 27
f 24 25 27
f 28 26 29
f 26 27 29
f 30 28 31
f 28 29 31
f 32 30 33
f 30 31 33
f 34 32 35
f 32 33 35
f 36 34 37
f 34 35 37
f 38 36 39
f 36 37 39
f 40 38 41
f 38 39 41
f 42 40 43
f 40 41 43
f 44 42 45
f 42 43 45
f 46 44 47
f 44 45 47
f 48 46 49
f 46 47 49
f 50 48 51
f 48 49 51
f 52 50 53
f 50 51 53
f 54 52 55
f 52 53 55
f 56 54 57
f 54 55 57
f 58 56 59
f 56 57 59
f 60 58 61
f 58 59 61
f 2 60 62
f 3 2 62
f 60 61 62
f 63 64 65
f 64 66 67
f 68 69 70
f 71 72 73
f 74 75 76
f 77 78 79
f 80 81 82
f 83 84 85
f 86 87 88
f 89 90 91
f 92 93 94
f 95 96 97
f 98 99 100
f 101 102 103
f 104 105 106
f 107 108 109
f 110 111 112
f 113 114 115
f 116 117 118
f 119 120 121
f 122 123 124
f 125 126 127
f 128 129 130
f 131 132 133
f 134 135 136
f 137 138 139
f 140 141 142
f 143 144 145
f 146 147 148
f 149 150 151
f 152 153 154
f 155 156 157
f 158 159 160
f 161 162 163
f 164 165 166
f 167 168 169
f 170 171 172
f 173 174 175
f 176 177 178
f 179 180 181
f 182 183 184
f 185 186 187
f 188 189 190
f 191 192 193
f 194 195 196
f 197 198 199
f 200 201 202
f 201 3 203
f 202 201 203
f 3 62 203
f 63 204 64
f 204 205 206
f 207 208 209
f 210 211 212
f 213 214 215
f 216 217 218
f 219 220 221
f 222 223 224
f 225 226 227
f 228 229 230
f 231 232 233
f 234 235 236
f 237 238 239
f 240 241 242
f 243 244 245
f 66 64 246
f 68 66 247
f 66 246 247
f 69 68 248
f 68 247 248
f 71 69 249
f 69 248 249
f 72 71 250
f 71 249 250
f 74 72 251
f 72 250 251
f 75 74 252
f 74 251 252
f 77 75 253
f 75 252 253
f 78 77 254
f 77 253 254
f 80 78 255
f 78 254 255
f 81 80 256
f 80 255 256
f 83 81 257
f 81 256 257
f 84 83 258
f 83 257 258
f 86 84 259
f 84 258 259
f 87 86 260
f 86 259 260
f 89 87 261
f 87 260 261
f 90 89 262
f 89 261 262
f 92 90 263
f 90 262 263
f 93 92 264
f 92 263 264
f 95 93 265
f 93 264 265
f 96 95 266
f 95 265 266
f 98 96 267
f 96 266 267
f 99 98 268
f 98 267 268
f 101 99 269
f 99 268 269
f 102 101 270
f 101 269 270
f 104 102 271
f 102 270 271
f 105 104 272
f 104 271 272
f 107 105 273
f 105 272 273
f 108 107 274
f 107 273 274
f 110 108 275
f 108 274 275
f 111 110 276
f 110 275 276
f 113 111 277
f 111 276 277
f 114 113 278
f 113 277 278
f 116 114 279
f 114 278 279
f 117 116 280
f 116 279 280
f 119 117 281
f 117 280 281
f 120 119 282
f 119 281 282
f 122 120 283
f 120 282 283
f 123 122 284
f 122 283 284
f 125 123 285
f 123 284 285
f 126 125 286
f 125 285 286
f 128 126 287
f 126 286 287
f 129 128 288
f 128 287 288
f 131 129 289
f 129 288 289
f 132 131 290
f 131 289 290
f 134 132 291
f 132 290 291
f 135 134 292
f 134 291 292
f 137 135 293
f 135 292 293
f 138 137 294
f 137 293 294
f 140 138 295
f 138 294 295
f 141 140 296
f 140 295 296
f 143 141 297
f 141 296 297
f 144 143 298
f 143 297 298
f 146 144 299
f 144 298 299
f 147 146 300
f 146 299 300
f 149 147 301
f 147 300 301
f 150 149 302
f 149 301 302
f 152 150 303
f 150 302 303
f 153 152 304
f 152 303 304
f 155 153 305
f 153 304 305
f 156 155 306
f 155 305 306
f 158 156 307
f 156 306 307
f 159 158 308
f 158 307 308
f 161 159 309
f 159 308 309
f 162 161 310
f 161 309 310
f 164 162 311
f 162 310 311
f 165 164 312
f 164 311 312
f 167 165 313
f 165 312 313
f 168 167 314
f 167 313 314
f 170 168 315
f 168 314 315
f 171 170 316
f 170 315 316
f 173 171 317
f 171 316 317
f 174 173 318
f 173 317 318
f 176 174 319
f 174 318 319
f 177 176 320
f 176 319 320
f 179 177 321
f 177 320 321
f 180 179 322
f 179 321 322
f 182 180 323
f 180 322 323
f 183 182 324
f 182 323 324
f 185 183 325
f 183 324 325
f 186 185 326
f 185 325 326
f 188 186 327
f 186 326 327
f 189 188 328
f 188 327 328
f 191 189 329
f 189 328 329
f 192 191 330
f 191 329 330
f 194 192 331
f 192 330 331
f 195 194 332
f 194 331 332
f 197 195 333
f 195 332 333
f 198 197 334
f 197 333 334
f 200 198 335
f 198 334 335
f 201 200 336
f 200 335 336
f 65 64 67
f 1 3 5
f 64 204 246
f 66 68 337
f 69 71 338
f 72 74 339
f 75 77 340
f 78 80 341
f 81 83 342
f 84 86 343
f 87 89 344
f 90 92 345
f 93 95 346
f 96 98 347
f 98 100 347
f 99 101 348
f 102 104 349
f 105 107 350
f 107 109 350
f 108 110 351
f 111 113 352
f 114 116 353
f 117 119 354
f 120 122 355
f 123 125 356
f 126 128 357
f 129 131 358
f 132 134 359
f 135 137 360
f 138 140 361
f 141 143 362
f 144 146 363
f 147 149 364
f 150 152 365
f 153 155 366
f 156 158 367
f 159 161 368
f 162 164 369
f 165 167 370
f 168 170 371
f 171 173 372
f 174 176 373
f 177 179 374
f 180 182 375
f 183 185 376
f 186 188 377
f 189 191 378
f 192 194 379
f 195 197 380
f 198 200 381
f 212 211 382
f 211 213 382
f 70 69 338
f 205 207 383
f 208 210 384
f 213 215 382
f 214 216 385
f 217 219 386
f 220 222 387
f 223 225 388
f 226 228 389
f 229 231 390
f 232 234 391
f 235 237 392
f 238 240 393
f 241 243 394
f 244 65 395
f 340 77 79
f 3 201 396
f 339 74 76
f 338 71 73
f 76 75 340
f 79 78 341
f 82 81 342
f 85 84 343
f 88 87 344
f 91 90 345
f 94 93 346
f 97 96 347
f 100 99 348
f 103 102 349
f 106 105 350
f 109 108 351
f 112 111 352
f 115 114 353
f 118 117 354
f 121 120 355
f 124 123 356
f 127 126 357
f 130 129 358
f 133 132 359
f 136 135 360
f 139 138 361
f 142 141 362
f 145 144 363
f 148 147 364
f 151 150 365
f 154 153 366
f 157 156 367
f 160 159 368
f 163 162 369
f 166 165 370
f 169 168 371
f 172 171 372
f 175 174 373
f 178 177 374
f 181 180 375
f 184 183 376
f 187 186 377
f 190 189 378
f 193 192 379
f 196 195 380
f 199 198 381
f 209 208 384
f 215 214 385
f 218 217 386
f 221 220 387
f 224 223 388
f 227 226 389
f 230 229 390
f 233 232 391
f 236 235 392
f 239 238 393
f 242 241 394
f 245 244 395
f 66 337 67
f 341 80 82
f 342 83 85
f 343 86 88
f 344 89 91
f 345 92 94
f 346 95 97
f 349 104 106
f 352 113 115
f 353 116 118
f 354 119 121
f 355 122 124
f 356 125 127
f 357 128 130
f 358 131 133
f 359 134 136
f 360 137 139
f 361 140 142
f 362 143 145
f 363 146 148
f 364 149 151
f 365 152 154
f 366 155 157
f 367 158 160
f 368 161 163
f 369 164 166
f 370 167 169
f 371 170 172
f 372 173 175
f 373 176 178
f 374 179 181
f 375 182 184
f 376 185 187
f 377 188 190
f 378 191 193
f 379 194 196
f 380 197 199
f 381 200 202
f 386 219 221
f 387 222 224
f 388 225 227
f 389 228 230
f 390 231 233
f 391 234 236
f 392 237 239
f 393 240 242
f 394 243 245
f 337 68 70
f 205 383 206
f 72 339 73
f 3 396 5
f 348 101 103
f 351 110 112
f 384 210 212
f 383 207 209
f 385 216 218
f 396 201 336
f 246 204 206
f 9 7 397
f 11 9 398
f 9 397 398
f 13 11 399
f 11 398 399
f 15 13 400
f 13 399 400
f 17 15 401
f 15 400 401
f 19 17 402
f 17 401 402
f 21 19 403
f 19 402 403
f 23 21 404
f 21 403 404
f 25 23 405
f 23 404 405
f 27 25 406
f 25 405 406
f 29 27 407
f 27 406 407
f 31 29 408
f 29 407 408
f 33 31 409
f 31 408 409
f 35 33 410
f 33 409 410
f 37 35 411
f 35 410 411
f 39 37 412
f 37 411 412
f 41 39 413
f 39 412 413
f 43 41 414
f 41 413 414
f 45 43 415
f 43 414 415
f 47 45 416
f 45 415 416
f 49 47 417
f 47 416 417
f 51 49 418
f 49 417 418
f 53 51 419
f 51 418 419
f 55 53 420
f 53 419 420
f 57 55 421
f 55 420 421
f 59 57 422
f 57 421 422
f 61 59 423
f 59 422 423
f 62 61 203
f 5 396 424
f 7 5 424
f 396 336 424
f 341 82 425
f 76 340 426
f 338 73 427
f 79 341 428
f 341 425 428
f 82 342 429
f 85 343 430
f 88 344 431
f 91 345 432
f 94 346 433
f 97 347 434
f 349 106 435
f 100 348 436
f 103 349 437
f 351 112 438
f 352 115 439
f 109 351 440
f 351 438 440
f 112 352 441
f 352 439 441
f 384 212 442
f 353 118 443
f 118 354 444
f 121 355 445
f 124 356 446
f 356 127 447
f 357 130 448
f 358 133 449
f 359 136 450
f 360 139 451
f 361 142 452
f 362 145 453
f 363 148 454
f 364 151 455
f 365 154 456
f 366 157 457
f 367 160 458
f 368 163 459
f 163 369 460
f 166 370 461
f 169 371 462
f 172 372 463
f 175 373 464
f 178 374 465
f 181 375 466
f 184 376 467
f 187 377 468
f 190 378 469
f 193 379 470
f 196 380 471
f 199 381 472
f 209 384 473
f 384 442 473
f 386 221 474
f 385 218 475
f 215 385 476
f 385 475 476
f 383 209 477
f 209 473 477
f 382 215 478
f 215 476 478
f 70 338 479
f 338 427 479
f 221 387 480
f 224 388 481
f 227 389 482
f 230 390 483
f 233 391 484
f 236 392 485
f 239 393 486
f 242 394 487
f 245 395 488
f 337 70 489
f 70 479 489
f 246 206 490
f 340 79 491
f 426 340 491
f 79 428 491
f 348 103 492
f 436 348 492
f 103 437 492
f 65 67 395
f 248 247 493
f 249 248 494
f 248 493 494
f 250 249 495
f 249 494 495
f 251 250 496
f 250 495 496
f 252 251 497
f 251 496 497
f 253 252 498
f 252 497 498
f 254 253 499
f 253 498 499
f 255 254 500
f 254 499 500
f 256 255 501
f 255 500 501
f 257 256 502
f 256 501 502
f 258 257 503
f 257 502 503
f 259 258 504
f 258 503 504
f 260 259 505
f 259 504 505
f 261 260 506
f 260 505 506
f 262 261 507
f 261 506 507
f 263 262 508
f 262 507 508
f 264 263 509
f 263 508 509
f 265 264 510
f 264 509 510
f 266 265 511
f 265 510 511
f 267 266 512
f 266 511 512
f 268 267 513
f 267 512 513
f 269 268 514
f 268 513 514
f 270 269 515
f 269 514 515
f 271 270 516
f 270 515 516
f 272 271 517
f 271 516 517
f 273 272 518
f 272 517 518
f 274 273 519
f 273 518 519
f 275 274 520
f 274 519 520
f 276 275 521
f 275 520 521
f 277 276 522
f 276 521 522
f 278 277 523
f 277 522 523
f 279 278 524
f 278 523 524
f 280 279 525
f 279 524 525
f 281 280 526
f 280 525 526
f 282 281 527
f 281 526 527
f 283 282 528
f 282 527 528
f 284 283 529
f 283 528 529
f 285 284 530
f 284 529 530
f 286 285 531
f 285 530 531
f 287 286 532
f 286 531 532
f 288 287 533
f 287 532 533
f 289 288 534
f 288 533 534
f 290 289 535
f 289 534 535
f 291 290 536
f 290 535 536
f 292 291 537
f 291 536 537
f 293 292 538
f 292 537 538
f 294 293 539
f 293 538 539
f 295 294 540
f 294 539 540
f 296 295 541
f 295 540 541
f 297 296 542
f 296 541 542
f 298 297 543
f 297 542 543
f 299 298 544
f 298 543 544
f 300 299 545
f 299 544 545
f 301 300 546
f 300 545 546
f 302 301 547
f 301 546 547
f 303 302 548
f 302 547 548
f 304 303 549
f 303 548 549
f 305 304 550
f 304 549 550
f 306 305 551
f 305 550 551
f 307 306 552
f 306 551 552
f 308 307 553
f 307 552 553
f 309 308 554
f 308 553 554
f 310 309 555
f 309 554 555
f 311 310 556
f 310 555 556
f 312 311 557
f 311 556 557
f 313 312 558
f 312 557 558
f 314 313 559
f 313 558 559
f 315 314 560
f 314 559 560
f 316 315 561
f 315 560 561
f 317 316 562
f 316 561 562
f 318 317 563
f 317 562 563
f 319 318 564
f 318 563 564
f 320 319 565
f 319 564 565
f 321 320 566
f 320 565 566
f 322 321 567
f 321 566 567
f 323 322 568
f 322 567 568
f 324 323 569
f 323 568 569
f 325 324 570
f 324 569 570
f 326 325 571
f 325 570 571
f 327 326 572
f 326 571 572
f 328 327 573
f 327 572 573
f 329 328 574
f 328 573 574
f 330 329 575
f 329 574 575
f 331 330 576
f 330 575 576
f 332 331 577
f 331 576 577
f 333 332 578
f 332 577 578
f 334 333 579
f 333 578 579
f 335 334 580
f 334 579 580
f 336 335 581
f 335 580 581
f 339 76 582
f 76 426 582
f 247 246 490
f 347 100 583
f 100 436 583
f 350 109 584
f 109 440 584
f 218 386 585
f 386 474 585
f 395 67 488
f 397 7 424
f 437 349 435
f 203 61 423
f 424 336 581
f 247 490 493
f 206 383 490
f 221 480 474
f 435 106 586
f 106 350 586
f 434 347 583
f 342 85 587
f 429 342 587
f 85 430 587
f 88 431 588
f 343 88 588
f 344 91 589
f 345 94 590
f 346 97 591
f 433 346 591
f 97 434 591
f 350 584 586
f 112 441 438
f 488 67 337
f 218 585 475
f 442 212 592
f 212 382 592
f 432 345 590
f 115 353 593
f 118 444 443
f 354 121 594
f 355 124 595
f 356 447 446
f 127 357 596
f 130 358 597
f 359 450 598
f 133 359 598
f 136 360 599
f 139 361 600
f 451 139 600
f 361 452 600
f 142 362 601
f 145 363 602
f 148 364 603
f 454 148 603
f 364 455 603
f 365 456 604
f 151 365 604
f 366 457 605
f 154 366 605
f 157 367 606
f 160 368 607
f 163 460 459
f 166 461 608
f 369 166 608
f 370 169 609
f 371 172 610
f 175 464 611
f 372 175 611
f 373 178 612
f 374 181 613
f 375 184 614
f 376 187 615
f 190 469 616
f 377 190 616
f 193 470 617
f 378 193 617
f 196 471 618
f 379 196 618
f 199 472 619
f 380 199 619
f 382 478 592
f 381 202 620
f 383 477 490
f 202 203 423
f 431 344 589
f 430 343 588
f 73 339 621
f 82 429 425
f 387 224 622
f 227 482 623
f 388 227 623
f 389 230 624
f 390 233 625
f 391 236 626
f 392 239 627
f 242 487 628
f 393 242 628
f 394 245 629
f 337 489 488
f 202 423 620
f 339 582 621
f 387 622 480
f 487 394 629
f 486 393 628
f 485 392 627
f 484 391 626
f 483 390 625
f 482 389 624
f 481 388 623
f 472 381 620
f 471 380 619
f 470 379 618
f 469 378 617
f 468 377 616
f 467 376 615
f 466 375 614
f 465 374 613
f 464 373 612
f 463 372 611
f 462 371 610
f 461 370 609
f 460 369 608
f 458 160 607
f 457 157 606
f 456 154 605
f 455 151 604
f 453 145 602
f 452 142 601
f 601 362 453
f 450 136 599
f 449 133 598
f 448 130 597
f 447 127 596
f 445 355 595
f 444 354 594
f 439 115 593
f 615 187 468
f 614 184 467
f 613 181 466
f 590 94 433
f 73 621 427
f 589 91 432
f 610 172 463
f 597 358 449
f 595 124 446
f 593 353 443
f 594 121 445
f 596 357 448
f 599 360 451
f 602 363 454
f 607 368 459
f 606 367 458
f 609 169 462
f 612 178 465
f 627 239 486
f 626 236 485
f 625 233 484
f 622 224 481
f 624 230 483
f 629 245 488
f 628 487 630
f 616 469 631
f 399 398 632
f 400 399 633
f 399 632 633
f 401 400 634
f 400 633 634
f 402 401 635
f 401 634 635
f 403 402 636
f 402 635 636
f 404 403 637
f 403 636 637
f 405 404 638
f 404 637 638
f 406 405 639
f 405 638 639
f 407 406 640
f 406 639 640
f 408 407 641
f 407 640 641
f 409 408 642
f 408 641 642
f 410 409 643
f 409 642 643
f 411 410 644
f 410 643 644
f 412 411 645
f 411 644 645
f 413 412 646
f 412 645 646
f 414 413 647
f 413 646 647
f 415 414 648
f 414 647 648
f 416 415 649
f 415 648 649
f 417 416 650
f 416 649 650
f 418 417 651
f 417 650 651
f 419 418 652
f 418 651 652
f 420 419 653
f 419 652 653
f 421 420 654
f 420 653 654
f 422 421 655
f 421 654 655
f 423 422 656
f 620 423 656
f 422 655 656
f 589 432 657
f 611 464 658
f 494 493 659
f 438 441 660
f 588 431 661
f 430 588 662
f 610 463 663
f 615 468 664
f 427 621 665
f 586 584 666
f 431 589 667
f 661 431 667
f 589 657 667
f 598 450 668
f 434 583 669
f 471 619 670
f 594 445 671
f 443 444 672
f 596 448 673
f 444 594 674
f 672 444 674
f 594 671 674
f 593 443 675
f 443 672 675
f 446 447 676
f 599 451 677
f 447 596 678
f 676 447 678
f 596 673 678
f 595 446 679
f 449 598 680
f 602 454 681
f 601 453 682
f 450 599 683
f 668 450 683
f 599 677 683
f 452 601 684
f 601 682 684
f 607 459 685
f 456 605 686
f 453 602 687
f 682 453 687
f 602 681 687
f 455 604 688
f 609 462 689
f 457 606 690
f 608 461 691
f 458 607 692
f 607 685 692
f 612 465 693
f 461 609 694
f 691 461 694
f 609 689 694
f 597 449 695
f 449 680 695
f 463 611 696
f 663 463 696
f 611 658 696
f 462 610 697
f 689 462 697
f 610 663 697
f 627 486 698
f 464 612 699
f 658 464 699
f 612 693 699
f 590 433 700
f 613 466 701
f 614 467 702
f 592 478 703
f 467 615 704
f 702 467 704
f 615 664 704
f 617 470 705
f 468 616 706
f 664 468 706
f 616 631 706
f 618 471 707
f 471 670 707
f 469 617 708
f 631 469 708
f 617 705 708
f 470 618 709
f 705 470 709
f 618 707 709
f 621 582 710
f 490 477 493
f 435 586 711
f 432 590 712
f 657 432 712
f 590 700 712
f 623 482 713
f 480 622 714
f 425 429 715
f 477 473 716
f 479 427 717
f 427 665 717
f 428 425 718
f 425 715 718
f 624 483 719
f 481 623 720
f 472 620 721
f 620 656 721
f 482 624 722
f 713 482 722
f 624 719 722
f 622 481 723
f 714 622 723
f 481 720 723
f 625 484 724
f 626 485 725
f 486 628 726
f 698 486 726
f 628 630 726
f 485 627 727
f 725 485 727
f 627 698 727
f 474 480 728
f 475 585 729
f 424 581 397
f 495 494 730
f 494 659 730
f 496 495 731
f 495 730 731
f 497 496 732
f 496 731 732
f 498 497 733
f 497 732 733
f 499 498 734
f 498 733 734
f 500 499 735
f 499 734 735
f 501 500 736
f 500 735 736
f 502 501 737
f 501 736 737
f 503 502 738
f 502 737 738
f 504 503 739
f 503 738 739
f 505 504 740
f 504 739 740
f 506 505 741
f 505 740 741
f 507 506 742
f 506 741 742
f 508 507 743
f 507 742 743
f 509 508 744
f 508 743 744
f 510 509 745
f 509 744 745
f 511 510 746
f 510 745 746
f 512 511 747
f 511 746 747
f 513 512 748
f 512 747 748
f 514 513 749
f 513 748 749
f 515 514 750
f 514 749 750
f 516 515 751
f 515 750 751
f 517 516 752
f 516 751 752
f 518 517 753
f 517 752 753
f 519 518 754
f 518 753 754
f 520 519 755
f 519 754 755
f 521 520 756
f 520 755 756
f 522 521 757
f 521 756 757
f 523 522 758
f 522 757 758
f 524 523 759
f 523 758 759
f 525 524 760
f 524 759 760
f 526 525 761
f 525 760 761
f 527 526 762
f 526 761 762
f 528 527 763
f 527 762 763
f 529 528 764
f 528 763 764
f 530 529 765
f 529 764 765
f 531 530 766
f 530 765 766
f 532 531 767
f 531 766 767
f 533 532 768
f 532 767 768
f 534 533 769
f 533 768 769
f 535 534 770
f 534 769 770
f 536 535 771
f 535 770 771
f 537 536 772
f 536 771 772
f 538 537 773
f 537 772 773
f 539 538 774
f 538 773 774
f 540 539 775
f 539 774 775
f 541 540 776
f 540 775 776
f 542 541 777
f 541 776 777
f 543 542 778
f 542 777 778
f 544 543 779
f 543 778 779
f 545 544 780
f 544 779 780
f 546 545 781
f 545 780 781
f 547 546 782
f 546 781 782
f 548 547 783
f 547 782 783
f 549 548 784
f 548 783 784
f 550 549 785
f 549 784 785
f 551 550 786
f 550 785 786
f 552 551 787
f 551 786 787
f 553 552 788
f 552 787 788
f 554 553 789
f 553 788 789
f 555 554 790
f 554 789 790
f 556 555 791
f 555 790 791
f 557 556 792
f 556 791 792
f 558 557 793
f 557 792 793
f 559 558 794
f 558 793 794
f 560 559 795
f 559 794 795
f 561 560 796
f 560 795 796
f 562 561 797
f 561 796 797
f 563 562 798
f 562 797 798
f 564 563 799
f 563 798 799
f 565 564 800
f 564 799 800
f 566 565 801
f 565 800 801
f 567 566 802
f 566 801 802
f 568 567 803
f 567 802 803
f 569 568 804
f 568 803 804
f 570 569 805
f 569 804 805
f 571 570 806
f 570 805 806
f 572 571 807
f 571 806 807
f 573 572 808
f 572 807 808
f 574 573 809
f 573 808 809
f 575 574 810
f 574 809 810
f 576 575 811
f 575 810 811
f 577 576 812
f 576 811 812
f 578 577 813
f 577 812 813
f 579 578 814
f 578 813 814
f 580 579 815
f 579 814 815
f 581 580 816
f 580 815 816
f 437 435 817
f 435 711 817
f 489 479 818
f 479 717 818
f 585 474 819
f 474 728 819
f 476 475 820
f 475 729 820
f 442 592 821
f 592 703 821
f 473 442 822
f 716 473 822
f 442 821 822
f 460 608 823
f 608 691 823
f 604 456 824
f 456 686 824
f 445 595 825
f 671 445 825
f 595 679 825
f 439 593 826
f 440 438 827
f 438 660 827
f 493 477 659
f 621 710 665
f 598 668 680
f 700 433 828
f 433 591 828
f 492 437 829
f 437 817 829
f 659 477 716
f 588 661 662
f 591 434 830
f 828 591 830
f 434 669 830
f 436 492 831
f 492 829 831
f 587 430 832
f 430 662 832
f 688 604 824
f 681 454 833
f 454 603 833
f 586 666 711
f 600 452 834
f 603 455 835
f 833 603 835
f 455 688 835
f 593 675 826
f 441 439 836
f 441 836 660
f 446 676 679
f 439 826 836
f 452 684 834
f 448 597 837
f 623 713 720
f 451 600 838
f 677 451 838
f 600 834 838
f 686 605 839
f 605 457 839
f 597 695 837
f 457 690 839
f 606 458 840
f 459 460 841
f 458 692 840
f 710 582 842
f 582 426 842
f 465 613 843
f 466 614 844
f 715 429 845
f 619 472 846
f 724 484 847
f 484 626 847
f 480 714 728
f 429 587 845
f 585 819 729
f 478 476 848
f 719 483 849
f 483 625 849
f 487 629 850
f 632 398 851
f 398 397 851
f 625 724 849
f 472 721 846
f 629 488 852
f 487 850 630
f 626 725 847
f 478 848 703
f 488 489 852
f 460 823 841
f 397 581 851
f 465 843 693
f 583 436 853
f 491 428 854
f 428 718 854
f 584 440 855
f 440 827 855
f 489 818 852
f 584 855 666
f 448 837 673
f 629 852 850
f 606 840 690
f 844 614 702
f 459 841 685
f 842 426 856
f 426 491 856
f 583 853 669
f 843 613 701
f 466 844 701
f 619 846 670
f 848 476 820
f 853 436 831
f 844 702 857
f 634 633 858
f 635 634 859
f 634 858 859
f 636 635 860
f 635 859 860
f 637 636 861
f 636 860 861
f 638 637 862
f 637 861 862
f 639 638 863
f 638 862 863
f 640 639 864
f 639 863 864
f 641 640 865
f 640 864 865
f 642 641 866
f 641 865 866
f 643 642 867
f 642 866 867
f 644 643 868
f 643 867 868
f 645 644 869
f 644 868 869
f 646 645 870
f 645 869 870
f 647 646 871
f 646 870 871
f 648 647 872
f 647 871 872
f 649 648 873
f 648 872 873
f 650 649 874
f 649 873 874
f 651 650 875
f 650 874 875
f 652 651 876
f 651 875 876
f 653 652 877
f 652 876 877
f 654 653 878
f 653 877 878
f 655 654 879
f 654 878 879
f 656 655 880
f 721 656 880
f 655 879 880
f 659 716 881
f 688 824 882
f 853 831 883
f 843 701 884
f 850 852 818
f 834 684 885
f 660 836 886
f 675 672 887
f 703 848 888
f 839 690 889
f 826 675 890
f 720 713 891
f 673 837 892
f 729 819 893
f 680 668 894
f 711 666 895
f 707 670 896
f 837 695 892
f 710 842 897
f 840 692 898
f 684 682 899
f 701 844 900
f 884 701 900
f 844 857 900
f 685 841 901
f 715 845 902
f 823 691 903
f 724 847 904
f 679 676 905
f 686 839 906
f 839 889 906
f 665 710 907
f 693 843 908
f 843 884 908
f 662 661 909
f 719 849 910
f 718 715 911
f 715 902 911
f 690 840 912
f 840 898 912
f 632 851 913
f 841 823 914
f 901 841 914
f 823 903 914
f 630 850 915
f 850 818 915
f 845 587 832
f 728 714 916
f 669 853 917
f 853 883 917
f 730 659 881
f 731 730 918
f 730 881 918
f 732 731 919
f 731 918 919
f 733 732 920
f 732 919 920
f 734 733 921
f 733 920 921
f 735 734 922
f 734 921 922
f 736 735 923
f 735 922 923
f 737 736 924
f 736 923 924
f 738 737 925
f 737 924 925
f 739 738 926
f 738 925 926
f 740 739 927
f 739 926 927
f 741 740 928
f 740 927 928
f 742 741 929
f 741 928 929
f 743 742 930
f 742 929 930
f 744 743 931
f 743 930 931
f 745 744 932
f 744 931 932
f 746 745 933
f 745 932 933
f 747 746 934
f 746 933 934
f 748 747 935
f 747 934 935
f 749 748 936
f 748 935 936
f 750 749 937
f 749 936 937
f 751 750 938
f 750 937 938
f 752 751 939
f 751 938 939
f 753 752 940
f 752 939 940
f 754 753 941
f 753 940 941
f 755 754 942
f 754 941 942
f 756 755 943
f 755 942 943
f 757 756 944
f 756 943 944
f 758 757 945
f 757 944 945
f 759 758 946
f 758 945 946
f 760 759 947
f 759 946 947
f 761 760 948
f 760 947 948
f 762 761 949
f 761 948 949
f 763 762 950
f 762 949 950
f 764 763 951
f 763 950 951
f 765 764 952
f 764 951 952
f 766 765 953
f 765 952 953
f 767 766 954
f 766 953 954
f 768 767 955
f 767 954 955
f 769 768 956
f 768 955 956
f 770 769 957
f 769 956 957
f 771 770 958
f 770 957 958
f 772 771 959
f 771 958 959
f 773 772 960
f 772 959 960
f 774 773 961
f 773 960 961
f 775 774 962
f 774 961 962
f 776 775 963
f 775 962 963
f 777 776 964
f 776 963 964
f 778 777 965
f 777 964 965
f 779 778 966
f 778 965 966
f 780 779 967
f 779 966 967
f 781 780 968
f 780 967 968
f 782 781 969
f 781 968 969
f 783 782 970
f 782 969 970
f 784 783 971
f 783 970 971
f 785 784 972
f 784 971 972
f 786 785 973
f 785 972 973
f 787 786 974
f 786 973 974
f 788 787 975
f 787 974 975
f 789 788 976
f 788 975 976
f 790 789 977
f 789 976 977
f 791 790 978
f 790 977 978
f 792 791 979
f 791 978 979
f 793 792 980
f 792 979 980
f 794 793 981
f 793 980 981
f 795 794 982
f 794 981 982
f 796 795 983
f 795 982 983
f 797 796 984
f 796 983 984
f 798 797 985
f 797 984 985
f 799 798 986
f 798 985 986
f 800 799 987
f 799 986 987
f 801 800 988
f 800 987 988
f 802 801 989
f 801 988 989
f 803 802 990
f 802 989 990
f 804 803 991
f 803 990 991
f 805 804 992
f 804 991 992
f 806 805 993
f 805 992 993
f 807 806 994
f 806 993 994
f 808 807 995
f 807 994 995
f 809 808 996
f 808 995 996
f 810 809 997
f 809 996 997
f 811 810 998
f 810 997 998
f 812 811 999
f 811 998 999
f 813 812 1000
f 812 999 1000
f 814 813 1001
f 813 1000 1001
f 815 814 1002
f 814 1001 1002
f 817 711 1003
f 849 724 1004
f 910 849 1004
f 724 904 1004
f 818 717 915
f 819 728 1005
f 728 916 1005
f 855 827 1006
f 820 729 1007
f 821 703 1008
f 703 888 1008
f 824 686 1009
f 882 824 1009
f 686 906 1009
f 717 665 1010
f 665 907 1010
f 827 660 1011
f 660 886 1011
f 692 685 1012
f 685 901 1012
f 695 680 1013
f 680 894 1013
f 713 722 1014
f 815 1002 1015
f 829 817 1016
f 817 1003 1016
f 689 697 1017
f 687 681 1018
f 683 677 1019
f 688 882 1020
f 1018 681 1021
f 681 833 1021
f 830 669 1022
f 669 917 1022
f 832 662 1023
f 662 909 1023
f 835 688 1020
f 678 673 1024
f 705 709 1025
f 710 897 907
f 891 713 1014
f 674 671 1026
f 845 832 1027
f 902 845 1027
f 832 1023 1027
f 695 1013 892
f 1007 729 893
f 885 684 899
f 631 708 1028
f 692 1012 898
f 675 887 890
f 827 1011 1006
f 848 820 1029
f 672 674 1030
f 887 672 1030
f 674 1026 1030
f 889 690 912
f 836 826 1031
f 826 890 1031
f 667 657 1032
f 676 678 1033
f 905 676 1033
f 678 1024 1033
f 700 828 1034
f 663 696 1035
f 720 891 1036
f 673 892 1024
f 838 834 1037
f 834 885 1037
f 668 683 1038
f 683 1019 1038
f 711 895 1003
f 888 848 1029
f 671 825 1039
f 682 687 1040
f 687 1018 1040
f 727 698 1041
f 897 842 1042
f 842 856 1042
f 851 581 816
f 697 663 1043
f 1017 697 1043
f 663 1035 1043
f 856 491 854
f 886 836 1031
f 666 855 1044
f 696 658 1045
f 819 1005 893
f 699 693 1046
f 693 908 1046
f 658 699 1047
f 1045 658 1047
f 699 1046 1047
f 670 846 1048
f 883 831 1049
f 666 1044 895
f 630 915 1050
f 716 822 881
f 706 631 1051
f 631 1028 1051
f 664 706 1052
f 706 1051 1052
f 915 717 1010
f 708 705 1053
f 1028 708 1053
f 705 1025 1053
f 712 700 1054
f 700 1034 1054
f 657 712 1055
f 1032 657 1055
f 712 1054 1055
f 633 632 1056
f 909 661 1057
f 846 721 880
f 858 633 1056
f 913 851 816
f 904 847 1058
f 847 725 1058
f 903 691 1059
f 691 694 1059
f 722 719 1060
f 1014 722 1060
f 719 910 1060
f 709 707 1061
f 707 896 1061
f 726 630 1050
f 916 714 1062
f 714 723 1062
f 899 682 1040
f 698 726 1063
f 1041 698 1063
f 726 1050 1063
f 725 727 1064
f 1058 725 1064
f 727 1041 1064
f 896 670 1048
f 854 718 1065
f 718 911 1065
f 816 815 1015
f 857 702 1066
f 702 704 1066
f 668 1038 894
f 671 1039 1026
f 820 1007 1029
f 822 821 1067
f 821 1008 1067
f 825 679 1068
f 1039 825 1068
f 679 905 1068
f 677 838 1069
f 1019 677 1069
f 838 1037 1069
f 704 664 1070
f 1066 704 1070
f 664 1052 1070
f 694 689 1071
f 1059 694 1071
f 689 1017 1071
f 723 720 1036
f 1056 632 913
f 1048 846 880
f 1044 855 1006
f 1049 831 829
f 1057 661 667
f 1020 882 1072
f 858 1056 1073
f 1057 667 1032
f 860 859 1074
f 861 860 1075
f 860 1074 1075
f 862 861 1076
f 861 1075 1076
f 863 862 1077
f 862 1076 1077
f 864 863 1078
f 863 1077 1078
f 865 864 1079
f 864 1078 1079
f 866 865 1080
f 865 1079 1080
f 867 866 1081
f 866 1080 1081
f 868 867 1082
f 867 1081 1082
f 869 868 1083
f 868 1082 1083
f 870 869 1084
f 869 1083 1084
f 871 870 1085
f 870 1084 1085
f 872 871 1086
f 871 1085 1086
f 873 872 1087
f 872 1086 1087
f 874 873 1088
f 873 1087 1088
f 875 874 1089
f 874 1088 1089
f 876 875 1090
f 875 1089 1090
f 877 876 1091
f 876 1090 1091
f 878 877 1092
f 877 1091 1092
f 1010 907 1093
f 896 1048 1094
f 1003 895 1095
f 835 1020 1096
f 1023 909 1097
f 723 1036 1062
f 911 902 1098
f 1025 709 1061
f 908 884 1099
f 913 816 1015
f 1029 1007 1100
f 1049 829 1016
f 833 835 1096
f 898 1012 1101
f 906 889 1102
f 1006 1011 1103
f 1036 891 1104
f 1031 890 1105
f 1035 696 1045
f 856 854 1106
f 1042 856 1106
f 854 1065 1106
f 1056 913 1107
f 1073 1056 1107
f 913 1015 1107
f 1024 892 1108
f 885 899 1109
f 1038 1019 1110
f 889 912 1111
f 1040 1018 1112
f 904 1058 1113
f 828 830 1114
f 1034 828 1114
f 830 1022 1114
f 893 1005 1115
f 883 1049 1116
f 895 1044 1117
f 1050 915 1010
f 881 822 1067
f 894 1038 1118
f 859 858 1119
f 858 1073 1119
f 891 1014 1120
f 1044 1006 1121
f 1006 1103 1121
f 899 1040 1122
f 1109 899 1122
f 1040 1112 1122
f 912 898 1123
f 898 1101 1123
f 917 883 1124
f 883 1116 1124
f 892 1013 1125
f 918 881 1126
f 881 1067 1126
f 919 918 1127
f 918 1126 1127
f 920 919 1128
f 919 1127 1128
f 921 920 1129
f 920 1128 1129
f 922 921 1130
f 921 1129 1130
f 923 922 1131
f 922 1130 1131
f 924 923 1132
f 923 1131 1132
f 925 924 1133
f 924 1132 1133
f 926 925 1134
f 925 1133 1134
f 927 926 1135
f 926 1134 1135
f 928 927 1136
f 927 1135 1136
f 929 928 1137
f 928 1136 1137
f 930 929 1138
f 929 1137 1138
f 931 930 1139
f 930 1138 1139
f 932 931 1140
f 931 1139 1140
f 933 932 1141
f 932 1140 1141
f 934 933 1142
f 933 1141 1142
f 935 934 1143
f 934 1142 1143
f 936 935 1144
f 935 1143 1144
f 937 936 1145
f 936 1144 1145
f 938 937 1146
f 937 1145 1146
f 939 938 1147
f 938 1146 1147
f 940 939 1148
f 939 1147 1148
f 941 940 1149
f 940 1148 1149
f 942 941 1150
f 941 1149 1150
f 943 942 1151
f 942 1150 1151
f 944 943 1152
f 943 1151 1152
f 945 944 1153
f 944 1152 1153
f 946 945 1154
f 945 1153 1154
f 947 946 1155
f 946 1154 1155
f 948 947 1156
f 947 1155 1156
f 949 948 1157
f 948 1156 1157
f 950 949 1158
f 949 1157 1158
f 951 950 1159
f 950 1158 1159
f 952 951 1160
f 951 1159 1160
f 953 952 1161
f 952 1160 1161
f 954 953 1162
f 953 1161 1162
f 955 954 1163
f 954 1162 1163
f 956 955 1164
f 955 1163 1164
f 957 956 1165
f 956 1164 1165
f 958 957 1166
f 957 1165 1166
f 959 958 1167
f 958 1166 1167
f 960 959 1168
f 959 1167 1168
f 961 960 1169
f 960 1168 1169
f 962 961 1170
f 961 1169 1170
f 963 962 1171
f 962 1170 1171
f 964 963 1172
f 963 1171 1172
f 965 964 1173
f 964 1172 1173
f 966 965 1174
f 965 1173 1174
f 967 966 1175
f 966 1174 1175
f 968 967 1176
f 967 1175 1176
f 969 968 1177
f 968 1176 1177
f 970 969 1178
f 969 1177 1178
f 971 970 1179
f 970 1178 1179
f 972 971 1180
f 971 1179 1180
f 973 972 1181
f 972 1180 1181
f 974 973 1182
f 973 1181 1182
f 975 974 1183
f 974 1182 1183
f 976 975 1184
f 975 1183 1184
f 977 976 1185
f 976 1184 1185
f 978 977 1186
f 977 1185 1186
f 979 978 1187
f 978 1186 1187
f 980 979 1188
f 979 1187 1188
f 981 980 1189
f 980 1188 1189
f 982 981 1190
f 981 1189 1190
f 983 982 1191
f 982 1190 1191
f 984 983 1192
f 983 1191 1192
f 985 984 1193
f 984 1192 1193
f 986 985 1194
f 985 1193 1194
f 987 986 1195
f 986 1194 1195
f 988 987 1196
f 987 1195 1196
f 989 988 1197
f 988 1196 1197
f 990 989 1198
f 989 1197 1198
f 991 990 1199
f 990 1198 1199
f 992 991 1200
f 991 1199 1200
f 993 992 1201
f 992 1200 1201
f 994 993 1202
f 993 1201 1202
f 995 994 1203
f 994 1202 1203
f 996 995 1204
f 995 1203 1204
f 997 996 1205
f 996 1204 1205
f 998 997 1206
f 997 1205 1206
f 999 998 1207
f 998 1206 1207
f 1000 999 1208
f 999 1207 1208
f 1001 1000 1209
f 1000 1208 1209
f 888 1029 1210
f 1029 1100 1210
f 1008 888 1211
f 888 1210 1211
f 1005 916 1212
f 886 1031 1213
f 1031 1105 1213
f 1015 1002 1107
f 1011 886 1214
f 1103 1011 1214
f 886 1213 1214
f 1012 901 1215
f 1013 894 1216
f 1026 1039 1217
f 1057 1032 1218
f 1035 1045 1219
f 1050 1010 1093
f 891 1120 1104
f 857 1066 1220
f 1074 859 1119
f 833 1096 1021
f 1093 907 1221
f 907 897 1221
f 879 878 1222
f 880 879 1048
f 1003 1095 1223
f 1070 1052 1224
f 1022 917 1225
f 917 1124 1225
f 1023 1097 1226
f 914 903 1227
f 1062 1036 1228
f 1098 902 1229
f 902 1027 1229
f 1025 1061 1230
f 1099 884 1231
f 884 900 1231
f 1024 1108 1232
f 879 1222 1048
f 1027 1023 1226
f 1049 1016 1233
f 1102 889 1111
f 1020 1072 1234
f 1101 1012 1215
f 1054 1034 1235
f 1030 1026 1236
f 1026 1217 1236
f 894 1118 1216
f 1036 1104 1228
f 887 1030 1237
f 1030 1236 1237
f 1107 1002 1238
f 878 1092 1222
f 1095 895 1117
f 905 1033 1239
f 1110 1019 1240
f 1019 1069 1240
f 885 1109 1241
f 1037 885 1241
f 1038 1110 1118
f 1020 1234 1096
f 912 1123 1111
f 1041 1063 1242
f 1064 1041 1243
f 1007 893 1244
f 1100 1007 1244
f 893 1115 1244
f 1043 1035 1245
f 1035 1219 1245
f 1003 1223 1016
f 1094 1048 1222
f 1033 1024 1232
f 1116 1049 1233
f 892 1125 1108
f 1046 908 1246
f 908 1099 1246
f 1051 1028 1247
f 1052 1051 1248
f 1224 1052 1248
f 1051 1247 1248
f 1053 1025 1249
f 1025 1230 1249
f 1120 1014 1250
f 1028 1053 1251
f 1247 1028 1251
f 1053 1249 1251
f 1044 1121 1117
f 1072 882 1252
f 882 1009 1252
f 1115 1005 1212
f 909 1057 1253
f 901 914 1254
f 914 1227 1254
f 1097 909 1253
f 1227 903 1255
f 903 1059 1255
f 1125 1013 1216
f 1219 1045 1256
f 1045 1047 1256
f 900 857 1257
f 1231 900 1257
f 857 1220 1257
f 1063 1050 1258
f 1242 1063 1258
f 1050 1093 1258
f 1218 1032 1259
f 1032 1055 1259
f 890 887 1260
f 1105 890 1260
f 887 1237 1260
f 1065 911 1261
f 911 1098 1261
f 916 1062 1262
f 1212 916 1262
f 1062 1228 1262
f 1004 904 1263
f 904 1113 1263
f 1002 1001 1238
f 1071 1017 1264
f 910 1004 1265
f 1004 1263 1265
f 1217 1039 1266
f 1112 1018 1267
f 1018 1021 1267
f 1017 1043 1268
f 1264 1017 1268
f 1043 1245 1268
f 1067 1008 1126
f 1039 1068 1266
f 1009 906 1269
f 1252 1009 1269
f 906 1102 1269
f 1068 905 1270
f 1266 1068 1270
f 905 1239 1270
f 1041 1242 1243
f 1001 1209 1238
f 1215 901 1254
f 1057 1218 1253
f 1061 896 1271
f 1230 1061 1271
f 896 1094 1271
f 1221 897 1272
f 897 1042 1272
f 1235 1034 1273
f 1126 1008 1211
f 1250 1014 1060
f 1273 1034 1114
f 1220 1066 1274
f 1074 1119 1275
f 1016 1223 1233
f 1104 1120 1276
f 1076 1075 1277
f 1077 1076 1278
f 1076 1277 1278
f 1078 1077 1279
f 1077 1278 1279
f 1079 1078 1280
f 1078 1279 1280
f 1080 1079 1281
f 1079 1280 1281
f 1081 1080 1282
f 1080 1281 1282
f 1082 1081 1283
f 1081 1282 1283
f 1083 1082 1284
f 1082 1283 1284
f 1084 1083 1285
f 1083 1284 1285
f 1085 1084 1286
f 1084 1285 1286
f 1086 1085 1287
f 1085 1286 1287
f 1087 1086 1288
f 1086 1287 1288
f 1088 1087 1289
f 1087 1288 1289
f 1089 1088 1290
f 1088 1289 1290
f 1090 1089 1291
f 1089 1290 1291
f 1091 1090 1292
f 1090 1291 1292
f 1092 1091 1293
f 1091 1292 1293
f 1095 1117 1294
f 1027 1226 1229
f 1223 1095 1295
f 1095 1294 1295
f 1070 1224 1274
f 1108 1125 1296
f 1226 1097 1297
f 1097 1253 1298
f 1217 1266 1299
f 1232 1108 1300
f 1108 1296 1300
f 1033 1232 1239
f 1066 1070 1274
f 1102 1111 1301
f 1234 1072 1302
f 1101 1215 1303
f 1107 1238 1073
f 1115 1212 1304
f 1222 1092 1094
f 1241 1109 1305
f 1123 1101 1306
f 1101 1303 1306
f 1215 1254 1307
f 1069 1037 1308
f 1240 1069 1308
f 1037 1241 1308
f 1058 1064 1309
f 1235 1273 1310
f 1059 1071 1311
f 1255 1059 1311
f 1071 1264 1311
f 1075 1074 1312
f 1277 1075 1312
f 1074 1275 1312
f 1047 1046 1313
f 1046 1246 1313
f 1116 1233 1314
f 1243 1242 1315
f 1119 1073 1316
f 1275 1119 1316
f 1073 1238 1316
f 1021 1096 1317
f 1267 1021 1317
f 1096 1234 1317
f 1118 1110 1318
f 1055 1054 1319
f 1259 1055 1319
f 1054 1235 1319
f 1254 1227 1320
f 1253 1218 1298
f 1250 1060 1321
f 1060 910 1321
f 1124 1116 1322
f 1116 1314 1322
f 1121 1103 1323
f 1125 1216 1324
f 1213 1105 1325
f 1127 1126 1326
f 1126 1211 1326
f 1128 1127 1327
f 1127 1326 1327
f 1129 1128 1328
f 1128 1327 1328
f 1130 1129 1329
f 1129 1328 1329
f 1131 1130 1330
f 1130 1329 1330
f 1132 1131 1331
f 1131 1330 1331
f 1133 1132 1332
f 1132 1331 1332
f 1134 1133 1333
f 1133 1332 1333
f 1135 1134 1334
f 1134 1333 1334
f 1136 1135 1335
f 1135 1334 1335
f 1137 1136 1336
f 1136 1335 1336
f 1138 1137 1337
f 1137 1336 1337
f 1139 1138 1338
f 1138 1337 1338
f 1140 1139 1339
f 1139 1338 1339
f 1141 1140 1340
f 1140 1339 1340
f 1142 1141 1341
f 1141 1340 1341
f 1143 1142 1342
f 1142 1341 1342
f 1144 1143 1343
f 1143 1342 1343
f 1145 1144 1344
f 1144 1343 1344
f 1146 1145 1345
f 1145 1344 1345
f 1147 1146 1346
f 1146 1345 1346
f 1148 1147 1347
f 1147 1346 1347
f 1149 1148 1348
f 1148 1347 1348
f 1150 1149 1349
f 1149 1348 1349
f 1151 1150 1350
f 1150 1349 1350
f 1152 1151 1351
f 1151 1350 1351
f 1153 1152 1352
f 1152 1351 1352
f 1154 1153 1353
f 1153 1352 1353
f 1155 1154 1354
f 1154 1353 1354
f 1156 1155 1355
f 1155 1354 1355
f 1157 1156 1356
f 1156 1355 1356
f 1158 1157 1357
f 1157 1356 1357
f 1159 1158 1358
f 1158 1357 1358
f 1160 1159 1359
f 1159 1358 1359
f 1161 1160 1360
f 1160 1359 1360
f 1162 1161 1361
f 1161 1360 1361
f 1163 1162 1362
f 1162 1361 1362
f 1164 1163 1363
f 1163 1362 1363
f 1165 1164 1364
f 1164 1363 1364
f 1166 1165 1365
f 1165 1364 1365
f 1167 1166 1366
f 1166 1365 1366
f 1168 1167 1367
f 1167 1366 1367
f 1169 1168 1368
f 1168 1367 1368
f 1170 1169 1369
f 1169 1368 1369
f 1171 1170 1370
f 1170 1369 1370
f 1172 1171 1371
f 1171 1370 1371
f 1173 1172 1372
f 1172 1371 1372
f 1174 1173 1373
f 1173 1372 1373
f 1175 1174 1374
f 1174 1373 1374
f 1176 1175 1375
f 1175 1374 1375
f 1177 1176 1376
f 1176 1375 1376
f 1178 1177 1377
f 1177 1376 1377
f 1179 1178 1378
f 1178 1377 1378
f 1180 1179 1379
f 1179 1378 1379
f 1181 1180 1380
f 1180 1379 1380
f 1182 1181 1381
f 1181 1380 1381
f 1183 1182 1382
f 1182 1381 1382
f 1184 1183 1383
f 1183 1382 1383
f 1185 1184 1384
f 1184 1383 1384
f 1186 1185 1385
f 1185 1384 1385
f 1187 1186 1386
f 1186 1385 1386
f 1188 1187 1387
f 1187 1386 1387
f 1189 1188 1388
f 1188 1387 1388
f 1190 1189 1389
f 1189 1388 1389
f 1191 1190 1390
f 1190 1389 1390
f 1192 1191 1391
f 1191 1390 1391
f 1193 1192 1392
f 1192 1391 1392
f 1194 1193 1393
f 1193 1392 1393
f 1195 1194 1394
f 1194 1393 1394
f 1196 1195 1395
f 1195 1394 1395
f 1197 1196 1396
f 1196 1395 1396
f 1198 1197 1397
f 1197 1396 1397
f 1199 1198 1398
f 1198 1397 1398
f 1200 1199 1399
f 1199 1398 1399
f 1201 1200 1400
f 1200 1399 1400
f 1202 1201 1401
f 1201 1400 1401
f 1203 1202 1402
f 1202 1401 1402
f 1204 1203 1403
f 1203 1402 1403
f 1205 1204 1404
f 1204 1403 1404
f 1206 1205 1405
f 1205 1404 1405
f 1207 1206 1406
f 1206 1405 1406
f 1208 1207 1407
f 1207 1406 1407
f 1210 1100 1408
f 1211 1210 1326
f 910 1265 1321
f 1114 1022 1409
f 1273 1114 1409
f 1022 1225 1409
f 1113 1058 1309
f 1321 1265 1410
f 1250 1321 1411
f 1321 1410 1411
f 1228 1104 1412
f 1216 1118 1413
f 1118 1318 1413
f 1111 1123 1414
f 1123 1306 1414
f 1233 1223 1415
f 1314 1233 1415
f 1223 1295 1415
f 1239 1232 1416
f 1232 1300 1416
f 1113 1309 1417
f 1094 1092 1293
f 1309 1064 1243
f 1309 1243 1418
f 1417 1309 1418
f 1243 1315 1418
f 1047 1313 1256
f 1276 1120 1419
f 1120 1250 1419
f 1249 1230 1420
f 1102 1301 1421
f 1301 1111 1414
f 1294 1117 1422
f 1117 1121 1422
f 1229 1226 1423
f 1274 1224 1424
f 1221 1272 1425
f 1226 1297 1423
f 1264 1268 1426
f 1097 1298 1297
f 1098 1229 1427
f 1229 1423 1427
f 1272 1042 1428
f 1042 1106 1428
f 1099 1231 1429
f 1308 1241 1430
f 1241 1305 1430
f 1302 1072 1431
f 1072 1252 1431
f 1245 1219 1432
f 1236 1217 1433
f 1217 1299 1433
f 1104 1276 1412
f 1215 1307 1303
f 1304 1212 1434
f 1212 1262 1434
f 1266 1270 1435
f 1237 1236 1436
f 1236 1433 1436
f 1305 1109 1437
f 1109 1122 1437
f 1218 1259 1438
f 1106 1065 1439
f 1428 1106 1439
f 1065 1261 1439
f 1307 1254 1320
f 1244 1115 1440
f 1238 1209 1316
f 1320 1227 1441
f 1227 1255 1441
f 1310 1273 1442
f 1273 1409 1442
f 1220 1274 1443
f 1274 1424 1443
f 1100 1244 1444
f 1408 1100 1444
f 1244 1440 1444
f 1315 1242 1445
f 1242 1258 1445
f 1248 1247 1446
f 1246 1099 1447
f 1099 1429 1447
f 1121 1323 1422
f 1225 1124 1448
f 1124 1322 1448
f 1325 1105 1449
f 1105 1260 1449
f 1224 1248 1450
f 1248 1446 1450
f 1319 1235 1451
f 1235 1310 1451
f 1317 1234 1452
f 1234 1302 1452
f 1324 1216 1413
f 1093 1221 1453
f 1270 1239 1454
f 1435 1270 1454
f 1239 1416 1454
f 1298 1218 1438
f 1220 1443 1455
f 1299 1266 1435
f 1323 1103 1456
f 1103 1214 1456
f 1125 1324 1296
f 1257 1220 1455
f 1260 1237 1457
f 1449 1260 1457
f 1237 1436 1457
f 1210 1408 1326
f 1262 1228 1458
f 1434 1262 1458
f 1228 1412 1458
f 1318 1110 1459
f 1110 1240 1459
f 1209 1208 1460
f 1263 1113 1461
f 1113 1417 1461
f 1112 1267 1462
f 1250 1411 1419
f 1269 1102 1421
f 1311 1264 1463
f 1264 1426 1463
f 1214 1213 1464
f 1456 1214 1464
f 1213 1325 1464
f 1261 1098 1465
f 1098 1427 1465
f 1115 1304 1440
f 1420 1230 1466
f 1230 1271 1466
f 1424 1224 1450
f 1221 1425 1453
f 1432 1219 1467
f 1219 1256 1467
f 1209 1460 1316
f 1446 1247 1468
f 1247 1251 1468
f 1301 1414 1469
f 1279 1278 1470
f 1280 1279 1471
f 1279 1470 1471
f 1281 1280 1472
f 1280 1471 1472
f 1282 1281 1473
f 1281 1472 1473
f 1283 1282 1474
f 1282 1473 1474
f 1284 1283 1475
f 1283 1474 1475
f 1285 1284 1476
f 1284 1475 1476
f 1286 1285 1477
f 1285 1476 1477
f 1287 1286 1478
f 1286 1477 1478
f 1288 1287 1479
f 1287 1478 1479
f 1289 1288 1480
f 1288 1479 1480
f 1290 1289 1481
f 1289 1480 1481
f 1291 1290 1482
f 1290 1481 1482
f 1292 1291 1483
f 1291 1482 1483
f 1293 1292 1484
f 1292 1483 1484
f 1295 1294 1485
f 1423 1297 1486
f 1421 1301 1487
f 1301 1469 1487
f 1094 1293 1488
f 1427 1423 1489
f 1423 1486 1489
f 1412 1276 1490
f 1112 1462 1491
f 1429 1231 1492
f 1231 1257 1492
f 1306 1303 1493
f 1324 1413 1494
f 1267 1317 1495
f 1462 1267 1495
f 1317 1452 1495
f 1208 1407 1460
f 1326 1408 1327
f 1425 1272 1496
f 1272 1428 1496
f 1438 1259 1497
f 1259 1319 1497
f 1296 1324 1498
f 1324 1494 1498
f 1240 1308 1499
f 1459 1240 1499
f 1308 1430 1499
f 1443 1424 1500
f 1460 1407 1501
f 1255 1311 1502
f 1441 1255 1502
f 1311 1463 1502
f 1313 1246 1503
f 1246 1447 1503
f 1411 1410 1504
f 1422 1323 1505
f 1416 1300 1506
f 1256 1313 1507
f 1467 1256 1507
f 1313 1503 1507
f 1275 1316 1460
f 1450 1446 1508
f 1294 1422 1509
f 1485 1294 1509
f 1422 1505 1509
f 1251 1249 1510
f 1468 1251 1510
f 1249 1420 1510
f 1112 1491 1122
f 1488 1293 1484
f 1122 1491 1437
f 1094 1488 1271
f 1455 1443 1511
f 1443 1500 1511
f 1424 1450 1512
f 1500 1424 1512
f 1450 1508 1512
f 1299 1435 1513
f 1258 1093 1453
f 1298 1438 1514
f 1322 1314 1515
f 1307 1320 1516
f 1327 1408 1517
f 1265 1263 1518
f 1328 1327 1517
f 1329 1328 1519
f 1328 1517 1519
f 1330 1329 1520
f 1329 1519 1520
f 1331 1330 1521
f 1330 1520 1521
f 1332 1331 1522
f 1331 1521 1522
f 1333 1332 1523
f 1332 1522 1523
f 1334 1333 1524
f 1335 1334 1525
f 1334 1524 1525
f 1336 1335 1526
f 1335 1525 1526
f 1337 1336 1527
f 1336 1526 1527
f 1338 1337 1528
f 1337 1527 1528
f 1339 1338 1529
f 1338 1528 1529
f 1340 1339 1530
f 1339 1529 1530
f 1341 1340 1531
f 1340 1530 1531
f 1342 1341 1532
f 1341 1531 1532
f 1343 1342 1533
f 1342 1532 1533
f 1344 1343 1534
f 1343 1533 1534
f 1345 1344 1535
f 1344 1534 1535
f 1346 1345 1536
f 1345 1535 1536
f 1347 1346 1537
f 1346 1536 1537
f 1348 1347 1538
f 1347 1537 1538
f 1349 1348 1539
f 1348 1538 1539
f 1350 1349 1540
f 1349 1539 1540
f 1351 1350 1541
f 1350 1540 1541
f 1352 1351 1542
f 1351 1541 1542
f 1353 1352 1543
f 1352 1542 1543
f 1354 1353 1544
f 1353 1543 1544
f 1355 1354 1545
f 1354 1544 1545
f 1356 1355 1546
f 1355 1545 1546
f 1357 1356 1547
f 1356 1546 1547
f 1358 1357 1548
f 1357 1547 1548
f 1359 1358 1549
f 1358 1548 1549
f 1360 1359 1550
f 1359 1549 1550
f 1361 1360 1551
f 1360 1550 1551
f 1362 1361 1552
f 1361 1551 1552
f 1363 1362 1553
f 1362 1552 1553
f 1364 1363 1554
f 1363 1553 1554
f 1365 1364 1555
f 1364 1554 1555
f 1366 1365 1556
f 1365 1555 1556
f 1367 1366 1557
f 1366 1556 1557
f 1368 1367 1558
f 1367 1557 1558
f 1369 1368 1559
f 1368 1558 1559
f 1370 1369 1560
f 1369 1559 1560
f 1371 1370 1561
f 1370 1560 1561
f 1372 1371 1562
f 1371 1561 1562
f 1373 1372 1563
f 1372 1562 1563
f 1374 1373 1564
f 1373 1563 1564
f 1375 1374 1565
f 1374 1564 1565
f 1376 1375 1566
f 1375 1565 1566
f 1377 1376 1567
f 1376 1566 1567
f 1378 1377 1568
f 1377 1567 1568
f 1379 1378 1569
f 1378 1568 1569
f 1380 1379 1570
f 1379 1569 1570
f 1381 1380 1571
f 1380 1570 1571
f 1382 1381 1572
f 1381 1571 1572
f 1383 1382 1573
f 1382 1572 1573
f 1384 1383 1574
f 1383 1573 1574
f 1385 1384 1575
f 1384 1574 1575
f 1386 1385 1576
f 1385 1575 1576
f 1387 1386 1577
f 1386 1576 1577
f 1388 1387 1578
f 1387 1577 1578
f 1389 1388 1579
f 1388 1578 1579
f 1390 1389 1580
f 1389 1579 1580
f 1391 1390 1581
f 1390 1580 1581
f 1392 1391 1582
f 1391 1581 1582
f 1393 1392 1583
f 1392 1582 1583
f 1394 1393 1584
f 1393 1583 1584
f 1395 1394 1585
f 1394 1584 1585
f 1396 1395 1586
f 1395 1585 1586
f 1397 1396 1587
f 1396 1586 1587
f 1398 1397 1588
f 1397 1587 1588
f 1399 1398 1589
f 1398 1588 1589
f 1400 1399 1590
f 1399 1589 1590
f 1401 1400 1591
f 1400 1590 1591
f 1402 1401 1592
f 1401 1591 1592
f 1403 1402 1593
f 1402 1592 1593
f 1404 1403 1594
f 1403 1593 1594
f 1405 1404 1595
f 1404 1594 1595
f 1406 1405 1596
f 1405 1595 1596
f 1407 1406 1597
f 1406 1596 1597
f 1409 1225 1598
f 1442 1409 1598
f 1225 1448 1598
f 1252 1269 1599
f 1431 1252 1599
f 1269 1421 1599
f 1413 1318 1600
f 1419 1411 1601
f 1411 1504 1601
f 1410 1265 1518
f 1268 1245 1602
f 1426 1268 1602
f 1245 1432 1602
f 1491 1462 1603
f 1300 1296 1604
f 1506 1300 1604
f 1296 1498 1604
f 1303 1307 1605
f 1493 1303 1605
f 1307 1516 1605
f 1440 1304 1606
f 1257 1455 1492
f 1414 1306 1607
f 1469 1414 1607
f 1306 1493 1607
f 1518 1263 1461
f 1258 1453 1445
f 1413 1600 1494
f 1430 1305 1608
f 1486 1297 1609
f 1297 1298 1609
f 1275 1460 1501
f 1437 1491 1610
f 1295 1485 1611
f 1510 1420 1612
f 1408 1444 1517
f 1412 1490 1613
f 1412 1613 1458
f 1603 1462 1614
f 1462 1495 1614
f 1453 1425 1615
f 1275 1501 1312
f 1490 1276 1616
f 1612 1420 1617
f 1420 1466 1617
f 1429 1492 1618
f 1606 1304 1619
f 1304 1434 1619
f 1600 1318 1620
f 1318 1459 1620
f 1470 1278 1621
f 1278 1277 1621
f 1305 1437 1622
f 1608 1305 1622
f 1437 1610 1622
f 1439 1261 1623
f 1261 1465 1623
f 1436 1433 1624
f 1513 1435 1625
f 1435 1454 1625
f 1516 1320 1626
f 1497 1319 1451
f 1271 1488 1466
f 1277 1312 1627
f 1621 1277 1627
f 1312 1501 1627
f 1418 1315 1628
f 1599 1421 1629
f 1421 1487 1629
f 1501 1407 1630
f 1627 1501 1630
f 1407 1597 1630
f 1444 1440 1631
f 1417 1418 1632
f 1418 1628 1632
f 1447 1429 1633
f 1429 1618 1633
f 1505 1323 1634
f 1323 1456 1634
f 1504 1410 1635
f 1410 1518 1635
f 1320 1441 1626
f 1448 1322 1636
f 1508 1446 1637
f 1446 1468 1637
f 1451 1310 1638
f 1452 1302 1639
f 1454 1416 1640
f 1625 1454 1640
f 1416 1506 1640
f 1432 1467 1641
f 1515 1314 1642
f 1314 1415 1642
f 1609 1298 1514
f 1465 1427 1643
f 1427 1489 1643
f 1438 1497 1644
f 1514 1438 1644
f 1322 1515 1636
f 1440 1606 1631
f 1325 1449 1645
f 1333 1523 1524
f 1276 1419 1616
f 1457 1436 1646
f 1436 1624 1646
f 1461 1417 1647
f 1417 1632 1647
f 1426 1602 1648
f 1491 1603 1610
f 1616 1419 1601
f 1433 1299 1649
f 1624 1433 1649
f 1299 1513 1649
f 1602 1432 1650
f 1648 1602 1650
f 1432 1641 1650
f 1463 1426 1651
f 1426 1648 1651
f 1464 1325 1652
f 1325 1645 1652
f 1492 1455 1653
f 1618 1492 1653
f 1455 1511 1653
f 1415 1295 1611
f 1615 1425 1654
f 1425 1496 1654
f 1639 1302 1655
f 1302 1431 1655
f 1638 1310 1656
f 1310 1442 1656
f 1486 1609 1657
f 1611 1485 1658
f 1616 1601 1659
f 1471 1470 1660
f 1431 1599 1661
f 1599 1629 1661
f 1472 1471 1662
f 1471 1660 1662
f 1473 1472 1663
f 1472 1662 1663
f 1474 1473 1664
f 1473 1663 1664
f 1475 1474 1665
f 1474 1664 1665
f 1476 1475 1666
f 1475 1665 1666
f 1477 1476 1667
f 1476 1666 1667
f 1478 1477 1668
f 1477 1667 1668
f 1479 1478 1669
f 1478 1668 1669
f 1480 1479 1670
f 1479 1669 1670
f 1481 1480 1671
f 1480 1670 1671
f 1482 1481 1672
f 1481 1671 1672
f 1483 1482 1673
f 1482 1672 1673
f 1517 1444 1631
f 1456 1464 1674
f 1634 1456 1674
f 1464 1652 1674
f 1613 1490 1675
f 1458 1613 1676
f 1636 1515 1677
f 1628 1315 1615
f 1641 1467 1678
f 1467 1507 1678
f 1453 1615 1445
f 1448 1636 1679
f 1497 1451 1680
f 1644 1497 1680
f 1451 1638 1680
f 1496 1428 1681
f 1428 1439 1681
f 1449 1457 1682
f 1645 1449 1682
f 1457 1646 1682
f 1498 1494 1683
f 1525 1524 1684
f 1609 1514 1685
f 1503 1447 1686
f 1447 1633 1686
f 1632 1628 1687
f 1635 1518 1688
f 1631 1606 1689
f 1626 1441 1690
f 1468 1510 1691
f 1637 1468 1691
f 1510 1612 1691
f 1511 1500 1692
f 1516 1626 1693
f 1518 1461 1688
f 1488 1484 1466
f 1514 1644 1694
f 1466 1484 1617
f 1495 1452 1695
f 1614 1495 1695
f 1452 1639 1695
f 1490 1616 1696
f 1675 1490 1696
f 1616 1659 1696
f 1504 1635 1697
f 1610 1603 1698
f 1628 1615 1699
f 1687 1628 1699
f 1615 1654 1699
f 1688 1461 1647
f 1615 1315 1445
f 1520 1519 1700
f 1521 1520 1701
f 1520 1700 1701
f 1522 1521 1702
f 1521 1701 1702
f 1523 1522 1703
f 1522 1702 1703
f 1526 1525 1704
f 1525 1684 1704
f 1527 1526 1705
f 1526 1704 1705
f 1528 1527 1706
f 1527 1705 1706
f 1529 1528 1707
f 1528 1706 1707
f 1530 1529 1708
f 1529 1707 1708
f 1531 1530 1709
f 1530 1708 1709
f 1532 1531 1710
f 1531 1709 1710
f 1533 1532 1711
f 1532 1710 1711
f 1534 1533 1712
f 1533 1711 1712
f 1535 1534 1713
f 1534 1712 1713
f 1536 1535 1714
f 1535 1713 1714
f 1537 1536 1715
f 1536 1714 1715
f 1538 1537 1716
f 1537 1715 1716
f 1539 1538 1717
f 1538 1716 1717
f 1540 1539 1718
f 1539 1717 1718
f 1541 1540 1719
f 1540 1718 1719
f 1542 1541 1720
f 1541 1719 1720
f 1543 1542 1721
f 1542 1720 1721
f 1544 1543 1722
f 1543 1721 1722
f 1545 1544 1723
f 1544 1722 1723
f 1546 1545 1724
f 1545 1723 1724
f 1547 1546 1725
f 1546 1724 1725
f 1548 1547 1726
f 1547 1725 1726
f 1549 1548 1727
f 1548 1726 1727
f 1550 1549 1728
f 1549 1727 1728
f 1551 1550 1729
f 1550 1728 1729
f 1552 1551 1730
f 1551 1729 1730
f 1553 1552 1731
f 1552 1730 1731
f 1554 1553 1732
f 1553 1731 1732
f 1555 1554 1733
f 1554 1732 1733
f 1556 1555 1734
f 1555 1733 1734
f 1557 1556 1735
f 1556 1734 1735
f 1558 1557 1736
f 1557 1735 1736
f 1559 1558 1737
f 1558 1736 1737
f 1560 1559 1738
f 1559 1737 1738
f 1561 1560 1739
f 1560 1738 1739
f 1562 1561 1740
f 1561 1739 1740
f 1563 1562 1741
f 1562 1740 1741
f 1564 1563 1742
f 1563 1741 1742
f 1565 1564 1743
f 1564 1742 1743
f 1566 1565 1744
f 1565 1743 1744
f 1567 1566 1745
f 1566 1744 1745
f 1568 1567 1746
f 1567 1745 1746
f 1569 1568 1747
f 1568 1746 1747
f 1570 1569 1748
f 1569 1747 1748
f 1571 1570 1749
f 1570 1748 1749
f 1572 1571 1750
f 1571 1749 1750
f 1573 1572 1751
f 1572 1750 1751
f 1574 1573 1752
f 1573 1751 1752
f 1575 1574 1753
f 1574 1752 1753
f 1576 1575 1754
f 1575 1753 1754
f 1577 1576 1755
f 1576 1754 1755
f 1578 1577 1756
f 1577 1755 1756
f 1579 1578 1757
f 1578 1756 1757
f 1580 1579 1758
f 1579 1757 1758
f 1581 1580 1759
f 1580 1758 1759
f 1582 1581 1760
f 1581 1759 1760
f 1583 1582 1761
f 1582 1760 1761
f 1584 1583 1762
f 1583 1761 1762
f 1585 1584 1763
f 1584 1762 1763
f 1586 1585 1764
f 1585 1763 1764
f 1587 1586 1765
f 1586 1764 1765
f 1588 1587 1766
f 1587 1765 1766
f 1589 1588 1767
f 1588 1766 1767
f 1590 1589 1768
f 1589 1767 1768
f 1591 1590 1769
f 1590 1768 1769
f 1592 1591 1770
f 1591 1769 1770
f 1593 1592 1771
f 1592 1770 1771
f 1594 1593 1772
f 1593 1771 1772
f 1595 1594 1773
f 1594 1772 1773
f 1596 1595 1774
f 1595 1773 1774
f 1597 1596 1775
f 1596 1774 1775
f 1494 1600 1776
f 1434 1458 1676
f 1601 1504 1777
f 1659 1601 1777
f 1504 1697 1777
f 1489 1486 1778
f 1486 1657 1778
f 1487 1469 1779
f 1415 1611 1642
f 1623 1465 1780
f 1465 1643 1780
f 1611 1658 1781
f 1489 1778 1782
f 1688 1647 1783
f 1431 1661 1655
f 1677 1515 1784
f 1515 1642 1784
f 1484 1483 1785
f 1676 1613 1786
f 1636 1677 1787
f 1509 1505 1788
f 1788 1505 1789
f 1505 1634 1789
f 1620 1459 1790
f 1459 1499 1790
f 1641 1678 1791
f 1622 1610 1792
f 1610 1698 1792
f 1680 1638 1793
f 1650 1641 1794
f 1641 1791 1794
f 1513 1625 1795
f 1679 1636 1787
f 1644 1680 1796
f 1680 1793 1796
f 1507 1503 1797
f 1678 1507 1797
f 1503 1686 1797
f 1685 1514 1694
f 1656 1442 1798
f 1442 1598 1798
f 1618 1653 1799
f 1629 1487 1800
f 1597 1775 1630
f 1517 1631 1801
f 1645 1682 1802
f 1609 1685 1657
f 1470 1621 1803
f 1517 1801 1519
f 1499 1430 1804
f 1790 1499 1804
f 1430 1608 1804
f 1635 1688 1783
f 1439 1623 1681
f 1613 1675 1786
f 1633 1618 1805
f 1618 1799 1805
f 1441 1502 1690
f 1697 1635 1783
f 1631 1689 1801
f 1692 1500 1806
f 1500 1512 1806
f 1626 1690 1807
f 1693 1626 1807
f 1494 1776 1683
f 1508 1637 1808
f 1470 1803 1660
f 1485 1509 1809
f 1658 1485 1809
f 1509 1788 1809
f 1493 1605 1810
f 1484 1785 1617
f 1512 1508 1811
f 1806 1512 1811
f 1508 1808 1811
f 1689 1606 1812
f 1606 1619 1812
f 1643 1489 1782
f 1694 1644 1796
f 1695 1639 1813
f 1698 1603 1814
f 1603 1614 1814
f 1524 1523 1815
f 1800 1487 1779
f 1646 1624 1816
f 1647 1632 1817
f 1632 1687 1817
f 1524 1815 1684
f 1651 1648 1818
f 1523 1703 1815
f 1649 1513 1819
f 1513 1795 1819
f 1776 1600 1820
f 1598 1448 1679
f 1434 1676 1619
f 1624 1649 1821
f 1816 1624 1821
f 1649 1819 1821
f 1605 1516 1822
f 1810 1605 1822
f 1516 1693 1822
f 1700 1519 1801
f 1691 1612 1823
f 1604 1498 1824
f 1498 1683 1824
f 1506 1604 1825
f 1604 1824 1825
f 1652 1645 1826
f 1645 1802 1826
f 1653 1511 1827
f 1799 1653 1827
f 1511 1692 1827
f 1779 1469 1828
f 1469 1607 1828
f 1640 1506 1829
f 1642 1611 1830
f 1784 1642 1830
f 1611 1781 1830
f 1648 1650 1831
f 1818 1648 1831
f 1650 1794 1831
f 1607 1493 1832
f 1828 1607 1832
f 1493 1810 1832
f 1608 1622 1833
f 1622 1792 1833
f 1654 1496 1834
f 1621 1627 1835
f 1803 1621 1835
f 1627 1630 1835
f 1785 1483 1673
f 1506 1825 1829
f 1793 1638 1836
f 1638 1656 1836
f 1804 1608 1837
f 1608 1833 1837
f 1813 1639 1838
f 1639 1655 1838
f 1820 1600 1620
f 1834 1496 1681
f 1781 1658 1839
f 1694 1796 1840
f 1681 1623 1841
f 1623 1780 1841
f 1829 1825 1842
f 1662 1660 1843
f 1663 1662 1844
f 1662 1843 1844
f 1664 1663 1845
f 1663 1844 1845
f 1665 1664 1846
f 1664 1845 1846
f 1666 1665 1847
f 1665 1846 1847
f 1667 1666 1848
f 1666 1847 1848
f 1668 1667 1849
f 1667 1848 1849
f 1669 1668 1850
f 1668 1849 1850
f 1670 1669 1851
f 1669 1850 1851
f 1671 1670 1852
f 1670 1851 1852
f 1672 1671 1853
f 1671 1852 1853
f 1673 1672 1854
f 1672 1853 1854
f 1676 1786 1855
f 1684 1815 1856
f 1612 1617 1857
f 1643 1782 1858
f 1791 1678 1859
f 1678 1797 1859
f 1683 1776 1860
f 1654 1834 1699
f 1776 1820 1861
f 1679 1787 1862
f 1802 1682 1863
f 1682 1646 1863
f 1502 1463 1864
f 1502 1864 1690
f 1630 1775 1835
f 1657 1685 1865
f 1834 1681 1841
f 1685 1694 1866
f 1865 1685 1866
f 1694 1840 1866
f 1787 1677 1867
f 1807 1690 1868
f 1693 1807 1869
f 1614 1695 1870
f 1814 1614 1870
f 1695 1813 1870
f 1637 1691 1871
f 1808 1637 1871
f 1691 1823 1871
f 1463 1651 1864
f 1625 1640 1872
f 1795 1625 1872
f 1640 1829 1872
f 1617 1785 1857
f 1786 1675 1873
f 1686 1633 1874
f 1633 1805 1874
f 1800 1779 1875
f 1646 1816 1863
f 1783 1647 1817
f 1815 1703 1876
f 1701 1700 1877
f 1820 1620 1878
f 1702 1701 1879
f 1701 1877 1879
f 1703 1702 1880
f 1702 1879 1880
f 1704 1684 1881
f 1684 1856 1881
f 1705 1704 1882
f 1704 1881 1882
f 1706 1705 1883
f 1705 1882 1883
f 1707 1706 1884
f 1706 1883 1884
f 1708 1707 1885
f 1707 1884 1885
f 1709 1708 1886
f 1708 1885 1886
f 1710 1709 1887
f 1709 1886 1887
f 1711 1710 1888
f 1710 1887 1888
f 1712 1711 1889
f 1711 1888 1889
f 1713 1712 1890
f 1712 1889 1890
f 1714 1713 1891
f 1713 1890 1891
f 1715 1714 1892
f 1714 1891 1892
f 1716 1715 1893
f 1715 1892 1893
f 1717 1716 1894
f 1716 1893 1894
f 1718 1717 1895
f 1717 1894 1895
f 1719 1718 1896
f 1718 1895 1896
f 1720 1719 1897
f 1719 1896 1897
f 1721 1720 1898
f 1720 1897 1898
f 1722 1721 1899
f 1721 1898 1899
f 1723 1722 1900
f 1722 1899 1900
f 1724 1723 1901
f 1723 1900 1901
f 1725 1724 1902
f 1724 1901 1902
f 1726 1725 1903
f 1725 1902 1903
f 1727 1726 1904
f 1726 1903 1904
f 1728 1727 1905
f 1727 1904 1905
f 1729 1728 1906
f 1728 1905 1906
f 1730 1729 1907
f 1729 1906 1907
f 1731 1730 1908
f 1730 1907 1908
f 1732 1731 1909
f 1731 1908 1909
f 1733 1732 1910
f 1732 1909 1910
f 1734 1733 1911
f 1733 1910 1911
f 1735 1734 1912
f 1734 1911 1912
f 1736 1735 1913
f 1735 1912 1913
f 1737 1736 1914
f 1736 1913 1914
f 1738 1737 1915
f 1737 1914 1915
f 1739 1738 1916
f 1738 1915 1916
f 1740 1739 1917
f 1739 1916 1917
f 1741 1740 1918
f 1740 1917 1918
f 1742 1741 1919
f 1741 1918 1919
f 1743 1742 1920
f 1742 1919 1920
f 1744 1743 1921
f 1743 1920 1921
f 1745 1744 1922
f 1744 1921 1922
f 1746 1745 1923
f 1745 1922 1923
f 1747 1746 1924
f 1746 1923 1924
f 1748 1747 1925
f 1747 1924 1925
f 1749 1748 1926
f 1748 1925 1926
f 1750 1749 1927
f 1749 1926 1927
f 1751 1750 1928
f 1750 1927 1928
f 1752 1751 1929
f 1751 1928 1929
f 1753 1752 1930
f 1752 1929 1930
f 1754 1753 1931
f 1753 1930 1931
f 1755 1754 1932
f 1754 1931 1932
f 1756 1755 1933
f 1755 1932 1933
f 1757 1756 1934
f 1756 1933 1934
f 1758 1757 1935
f 1757 1934 1935
f 1759 1758 1936
f 1758 1935 1936
f 1760 1759 1937
f 1759 1936 1937
f 1761 1760 1938
f 1760 1937 1938
f 1762 1761 1939
f 1761 1938 1939
f 1763 1762 1940
f 1762 1939 1940
f 1764 1763 1941
f 1763 1940 1941
f 1765 1764 1942
f 1764 1941 1942
f 1766 1765 1943
f 1765 1942 1943
f 1767 1766 1944
f 1766 1943 1944
f 1768 1767 1945
f 1767 1944 1945
f 1769 1768 1946
f 1768 1945 1946
f 1770 1769 1947
f 1769 1946 1947
f 1771 1770 1948
f 1770 1947 1948
f 1772 1771 1949
f 1771 1948 1949
f 1773 1772 1950
f 1772 1949 1950
f 1774 1773 1951
f 1773 1950 1951
f 1775 1774 1952
f 1774 1951 1952
f 1598 1679 1798
f 1619 1676 1855
f 1661 1629 1953
f 1629 1800 1953
f 1782 1778 1954
f 1823 1612 1857
f 1697 1783 1955
f 1778 1657 1956
f 1954 1778 1956
f 1657 1865 1956
f 1690 1864 1868
f 1864 1651 1957
f 1651 1818 1957
f 1857 1785 1673
f 1857 1673 1854
f 1787 1867 1958
f 1842 1825 1959
f 1825 1824 1959
f 1661 1953 1960
f 1655 1661 1960
f 1787 1958 1862
f 1855 1786 1961
f 1843 1660 1962
f 1660 1803 1962
f 1775 1952 1835
f 1674 1652 1963
f 1652 1826 1963
f 1808 1871 1964
f 1659 1777 1965
f 1813 1838 1966
f 1788 1789 1967
f 1857 1854 1823
f 1696 1659 1968
f 1659 1965 1968
f 1697 1955 1969
f 1836 1656 1970
f 1656 1798 1970
f 1643 1858 1780
f 1824 1683 1971
f 1683 1860 1971
f 1791 1859 1972
f 1860 1776 1861
f 1699 1834 1973
f 1861 1820 1974
f 1679 1862 1798
f 1837 1833 1975
f 1802 1863 1976
f 1796 1793 1977
f 1797 1686 1978
f 1859 1797 1978
f 1686 1874 1978
f 1795 1872 1979
f 1619 1855 1812
f 1957 1818 1980
f 1869 1807 1981
f 1867 1677 1982
f 1677 1784 1982
f 1692 1806 1983
f 1799 1827 1984
f 1834 1841 1973
f 1864 1957 1868
f 1620 1790 1878
f 1781 1839 1985
f 1807 1868 1981
f 1838 1655 1960
f 1805 1799 1986
f 1799 1984 1986
f 1693 1869 1987
f 1977 1793 1988
f 1793 1836 1988
f 1872 1829 1989
f 1979 1872 1989
f 1829 1842 1989
f 1809 1788 1990
f 1788 1967 1990
f 1675 1696 1991
f 1696 1968 1991
f 1794 1791 1992
f 1791 1972 1992
f 1700 1801 1993
f 1877 1700 1993
f 1801 1689 1993
f 1873 1675 1991
f 1811 1808 1994
f 1808 1964 1994
f 1800 1875 1995
f 1817 1687 1996
f 1871 1823 1997
f 1964 1871 1997
f 1823 1854 1997
f 1698 1814 1998
f 1875 1779 1999
f 1779 1828 1999
f 1810 1822 2000
f 1822 1693 1987
f 1815 1876 1856
f 1870 1813 2001
f 1813 1966 2001
f 1876 1703 1880
f 1832 1810 2002
f 1810 2000 2002
f 1687 1699 1973
f 1820 1878 1974
f 1790 1804 2003
f 1804 1837 2003
f 1819 1795 2004
f 1795 1979 2004
f 1840 1796 1977
f 1634 1674 2005
f 1789 1634 2005
f 1674 1963 2005
f 1783 1817 2006
f 1955 1783 2006
f 1817 1996 2006
f 1953 1800 1995
f 1777 1697 1969
f 1792 1698 2007
f 1698 1998 2007
f 1658 1809 2008
f 1839 1658 2008
f 1809 1990 2008
f 1826 1802 2009
f 1802 1976 2009
f 1827 1692 2010
f 1984 1827 2010
f 1692 1983 2010
f 1830 1781 2011
f 1781 1985 2011
f 1858 1782 2012
f 1782 1954 2012
f 1786 1873 1961
f 1816 1821 2013
f 1803 1835 1952
f 1962 1803 1952
f 1816 2013 2014
f 1687 1973 1996
f 1980 1818 2015
f 1818 1831 2015
f 1993 1689 2016
f 1689 1812 2016
f 1816 2014 1863
f 1960 1953 2017
f 2014 2013 2018
f 1831 1794 2019
f 2015 1831 2019
f 1794 1992 2019
f 1996 1973 2020
f 1845 1844 2021
f 1846 1845 2022
f 1845 2021 2022
f 1847 1846 2023
f 1846 2022 2023
f 1848 1847 2024
f 1847 2023 2024
f 1849 1848 2025
f 1848 2024 2025
f 1850 1849 2026
f 1849 2025 2026
f 1851 1850 2027
f 1850 2026 2027
f 1852 1851 2028
f 1851 2027 2028
f 1853 1852 2029
f 1852 2028 2029
f 1854 1853 2030
f 1997 1854 2030
f 1853 2029 2030
f 1843 1962 2031
f 1965 1777 1969
f 1998 1814 2032
f 1814 1870 2032
f 1876 1880 2033
f 1969 1955 2034
f 1972 1859 2035
f 1859 1978 2035
f 1860 1861 2036
f 1868 1957 2037
f 1957 1980 2037
f 1861 1974 2038
f 1798 1862 1970
f 1975 1833 2039
f 1828 1832 2040
f 1999 1828 2040
f 1832 2002 2040
f 1874 1805 2041
f 1805 1986 2041
f 1838 1960 2042
f 1966 1838 2042
f 1960 2017 2042
f 1812 1855 2043
f 2016 1812 2043
f 1855 1961 2043
f 1869 1981 2044
f 1833 1792 2039
f 1958 1867 2045
f 1961 1873 2046
f 1983 1806 2047
f 1806 1811 2047
f 1856 1876 2048
f 1973 1841 2049
f 2020 1973 2049
f 1841 1780 2049
f 1844 1843 2050
f 2021 1844 2050
f 1843 2031 2050
f 1985 1839 2051
f 1981 1868 2037
f 1987 1869 2052
f 1869 2044 2052
f 1879 1877 2053
f 1962 1952 2054
f 2031 1962 2054
f 1952 1951 2054
f 1995 1875 2055
f 1953 1995 2017
f 1840 1977 2056
f 2000 1822 1987
f 1863 2014 1976
f 1974 1878 2057
f 1976 2014 2058
f 1877 1993 2016
f 2053 1877 2016
f 2059 2060 2061
f 1873 1991 2062
f 1880 1879 2063
f 1879 2053 2063
f 1881 1856 2064
f 1856 2048 2064
f 1882 1881 2065
f 1881 2064 2065
f 1883 1882 2066
f 1882 2065 2066
f 1884 1883 2067
f 1883 2066 2067
f 1885 1884 2068
f 1884 2067 2068
f 1886 1885 2069
f 1885 2068 2069
f 1887 1886 2070
f 1886 2069 2070
f 1888 1887 2071
f 1887 2070 2071
f 1889 1888 2072
f 1888 2071 2072
f 1890 1889 2073
f 1889 2072 2073
f 1891 1890 2074
f 1890 2073 2074
f 1892 1891 2075
f 1891 2074 2075
f 1893 1892 2076
f 1892 2075 2076
f 1894 1893 2077
f 1893 2076 2077
f 1895 1894 2078
f 1894 2077 2078
f 1896 1895 2079
f 1895 2078 2079
f 1897 1896 2080
f 1896 2079 2080
f 1898 1897 2081
f 1897 2080 2081
f 1899 1898 2082
f 1898 2081 2082
f 1900 1899 2083
f 1899 2082 2083
f 1901 1900 2084
f 1900 2083 2084
f 1902 1901 2085
f 1901 2084 2085
f 1903 1902 2086
f 1902 2085 2086
f 1904 1903 2087
f 1903 2086 2087
f 1905 1904 2088
f 1904 2087 2088
f 1906 1905 2089
f 1905 2088 2089
f 1907 1906 2090
f 1906 2089 2090
f 1908 1907 2091
f 1907 2090 2091
f 1909 1908 2092
f 1908 2091 2092
f 1910 1909 2093
f 1909 2092 2093
f 1911 1910 2094
f 1910 2093 2094
f 1912 1911 2095
f 1911 2094 2095
f 1913 1912 2096
f 1912 2095 2096
f 1914 1913 2097
f 1913 2096 2097
f 1915 1914 2098
f 1914 2097 2098
f 1916 1915 2099
f 1915 2098 2099
f 1917 1916 2100
f 1916 2099 2100
f 1918 1917 2101
f 1917 2100 2101
f 1919 1918 2102
f 1918 2101 2102
f 1920 1919 2103
f 1919 2102 2103
f 1921 1920 2104
f 1920 2103 2104
f 1922 1921 2105
f 1921 2104 2105
f 1923 1922 2106
f 1922 2105 2106
f 1924 1923 2107
f 1923 2106 2107
f 1925 1924 2108
f 1924 2107 2108
f 1926 1925 2109
f 1925 2108 2109
f 1927 1926 2110
f 1926 2109 2110
f 1928 1927 2111
f 1927 2110 2111
f 1929 1928 2112
f 1928 2111 2112
f 1930 1929 2113
f 1929 2112 2113
f 1931 1930 2114
f 1930 2113 2114
f 1932 1931 2115
f 1931 2114 2115
f 1933 1932 2116
f 1932 2115 2116
f 1934 1933 2117
f 1933 2116 2117
f 1935 1934 2118
f 1934 2117 2118
f 1936 1935 2119
f 1935 2118 2119
f 1937 1936 2120
f 1936 2119 2120
f 1938 1937 2121
f 1937 2120 2121
f 1939 1938 2122
f 1938 2121 2122
f 1940 1939 2123
f 1939 2122 2123
f 1941 1940 2124
f 1940 2123 2124
f 1942 1941 2125
f 1941 2124 2125
f 1943 1942 2126
f 1942 2125 2126
f 1944 1943 2127
f 1943 2126 2127
f 1945 1944 2128
f 1944 2127 2128
f 1946 1945 2129
f 1945 2128 2129
f 1947 1946 2130
f 1946 2129 2130
f 1948 1947 2131
f 1947 2130 2131
f 1949 1948 2132
f 1948 2131 2132
f 1950 1949 2133
f 1949 2132 2133
f 1951 1950 2134
f 2054 1951 2134
f 1950 2133 2134
f 1821 1819 2135
f 2013 1821 2135
f 1819 2004 2135
f 1967 1789 2136
f 1789 2005 2136
f 1862 1958 2137
f 1784 1830 1982
f 1975 2039 2138
f 1780 1858 2049
f 1878 1790 2003
f 1965 1969 2139
f 2039 1792 2007
f 2000 1987 2140
f 1842 1959 2141
f 1865 1866 2142
f 2014 2018 2058
f 1966 2042 2143
f 2051 1839 2144
f 1839 2008 2144
f 1985 2051 2145
f 2034 1955 2146
f 1955 2006 2146
f 2039 2007 2138
f 2032 1870 2001
f 1963 1826 2147
f 1826 2009 2147
f 2033 1880 2063
f 1969 2034 2139
f 1811 1994 2047
f 1968 1965 2148
f 1965 2139 2148
f 1972 2035 2149
f 1830 2011 1982
f 1971 1860 2150
f 1860 2036 2150
f 2036 1861 2038
f 1987 2052 2140
f 2038 1974 2151
f 1970 1862 2137
f 1958 2045 2152
f 1984 2010 2153
f 1878 2003 2057
f 1958 2152 2137
f 2046 1873 2062
f 2044 1981 2154
f 1867 1982 2155
f 2045 1867 2155
f 1982 2011 2155
f 1961 2046 2156
f 1983 2047 2157
f 2048 1876 2033
f 1866 1840 2158
f 2142 1866 2158
f 1840 2056 2158
f 1981 2037 2154
f 2043 1961 2156
f 1986 1984 2159
f 1984 2153 2159
f 2062 1991 2160
f 1978 1874 2161
f 2035 1978 2161
f 1874 2041 2161
f 1989 1842 2162
f 1991 1968 2160
f 1959 1824 1971
f 2011 1985 2163
f 1985 2145 2163
f 1992 1972 2164
f 1972 2149 2164
f 2018 2013 2165
f 2055 1875 2166
f 1875 1999 2166
f 1994 1964 2167
f 2017 1995 2168
f 2056 1977 2169
f 1977 1988 2169
f 1975 2138 2170
f 2006 1996 2171
f 2146 2006 2171
f 1996 2020 2171
f 1964 1997 2172
f 2167 1964 2172
f 1997 2030 2172
f 1842 2141 2162
f 2013 2135 2165
f 1967 2136 2173
f 2001 1966 2174
f 1966 2143 2174
f 1980 2015 2175
f 2002 2000 2176
f 2000 2140 2176
f 2003 1837 2177
f 1837 1975 2177
f 2004 1979 2178
f 1995 2055 2168
f 1974 2057 2151
f 1956 1865 2179
f 2007 1998 2180
f 1990 1967 2181
f 1967 2173 2181
f 2037 1980 2182
f 1980 2175 2182
f 2010 1983 2183
f 2153 2010 2183
f 1983 2157 2183
f 2012 1954 2184
f 1954 1956 2185
f 2184 1954 2185
f 1956 2179 2185
f 1979 1989 2186
f 2178 1979 2186
f 1989 2162 2186
f 2049 1858 2187
f 2020 2049 2187
f 1858 2012 2187
f 2009 1976 2188
f 1976 2058 2188
f 1865 2142 2179
f 1975 2170 2177
f 2180 1998 2189
f 1998 2032 2189
f 2058 2018 2190
f 2143 2042 2191
f 2042 2017 2191
f 2145 2051 2192
f 2162 2141 2193
f 2023 2022 2194
f 2024 2023 2195
f 2023 2194 2195
f 2025 2024 2196
f 2024 2195 2196
f 2026 2025 2197
f 2025 2196 2197
f 2027 2026 2198
f 2026 2197 2198
f 2028 2027 2199
f 2027 2198 2199
f 2029 2028 2200
f 2028 2199 2200
f 2003 2177 2057
f 2149 2035 2201
f 2035 2161 2201
f 1836 1970 2202
f 1970 2137 2202
f 2152 2045 2203
f 2062 2160 2204
f 2036 2038 2205
f 2043 2156 2206
f 2038 2151 2207
f 2157 2047 2208
f 2047 1994 2208
f 2156 2046 2209
f 2048 2033 2210
f 2135 2004 2211
f 2165 2135 2211
f 2004 2178 2211
f 2052 2044 2212
f 1988 1836 2202
f 1959 1971 2213
f 2141 1959 2213
f 1971 2150 2213
f 2140 2052 2214
f 2151 2057 2215
f 2160 1968 2148
f 2031 2054 2216
f 2054 2134 2216
f 2033 2063 2217
f 2017 2168 2191
f 2170 2138 2218
f 2041 1986 2219
f 1986 2159 2219
f 2173 2136 2220
f 1994 2167 2208
f 2137 2152 2221
f 2179 2142 2222
f 2016 2043 2206
f 2175 2015 2223
f 2015 2019 2223
f 2139 2034 2224
f 2138 2007 2225
f 2218 2138 2225
f 2007 2180 2225
f 2168 2055 2226
f 2064 2048 2227
f 2048 2210 2227
f 2065 2064 2228
f 2064 2227 2228
f 2066 2065 2229
f 2065 2228 2229
f 2005 1963 2230
f 2136 2005 2230
f 1963 2147 2230
f 2067 2066 2231
f 2066 2229 2231
f 2068 2067 2232
f 2067 2231 2232
f 2069 2068 2233
f 2068 2232 2233
f 2070 2069 2234
f 2069 2233 2234
f 2071 2070 2235
f 2070 2234 2235
f 2072 2071 2236
f 2071 2235 2236
f 2073 2072 2237
f 2072 2236 2237
f 2074 2073 2238
f 2073 2237 2238
f 2075 2074 2239
f 2074 2238 2239
f 2076 2075 2240
f 2075 2239 2240
f 2077 2076 2241
f 2076 2240 2241
f 2078 2077 2242
f 2077 2241 2242
f 2079 2078 2243
f 2078 2242 2243
f 2080 2079 2244
f 2079 2243 2244
f 2081 2080 2245
f 2080 2244 2245
f 2082 2081 2246
f 2081 2245 2246
f 2083 2082 2247
f 2082 2246 2247
f 2084 2083 2248
f 2083 2247 2248
f 2085 2084 2249
f 2084 2248 2249
f 2086 2085 2250
f 2085 2249 2250
f 2087 2086 2251
f 2086 2250 2251
f 2088 2087 2252
f 2087 2251 2252
f 2089 2088 2253
f 2088 2252 2253
f 2090 2089 2254
f 2089 2253 2254
f 2091 2090 2255
f 2090 2254 2255
f 2092 2091 2256
f 2091 2255 2256
f 2093 2092 2257
f 2092 2256 2257
f 2094 2093 2258
f 2093 2257 2258
f 2095 2094 2259
f 2094 2258 2259
f 2096 2095 2260
f 2095 2259 2260
f 2097 2096 2261
f 2096 2260 2261
f 2098 2097 2262
f 2097 2261 2262
f 2099 2098 2263
f 2098 2262 2263
f 2100 2099 2264
f 2099 2263 2264
f 2101 2100 2265
f 2100 2264 2265
f 2102 2101 2266
f 2101 2265 2266
f 2103 2102 2267
f 2102 2266 2267
f 2104 2103 2268
f 2103 2267 2268
f 2105 2104 2269
f 2104 2268 2269
f 2106 2105 2270
f 2105 2269 2270
f 2107 2106 2271
f 2106 2270 2271
f 2108 2107 2272
f 2107 2271 2272
f 2109 2108 2273
f 2108 2272 2273
f 2110 2109 2274
f 2109 2273 2274
f 2111 2110 2275
f 2110 2274 2275
f 2112 2111 2276
f 2111 2275 2276
f 2113 2112 2277
f 2112 2276 2277
f 2114 2113 2278
f 2113 2277 2278
f 2115 2114 2279
f 2114 2278 2279
f 2116 2115 2280
f 2115 2279 2280
f 2117 2116 2281
f 2116 2280 2281
f 2118 2117 2282
f 2117 2281 2282
f 2119 2118 2283
f 2118 2282 2283
f 2120 2119 2284
f 2119 2283 2284
f 2121 2120 2285
f 2120 2284 2285
f 2122 2121 2286
f 2121 2285 2286
f 2123 2122 2287
f 2122 2286 2287
f 2124 2123 2288
f 2123 2287 2288
f 2125 2124 2289
f 2124 2288 2289
f 2126 2125 2290
f 2125 2289 2290
f 2127 2126 2291
f 2126 2290 2291
f 2128 2127 2292
f 2127 2291 2292
f 2129 2128 2293
f 2128 2292 2293
f 2130 2129 2294
f 2129 2293 2294
f 2131 2130 2295
f 2130 2294 2295
f 2132 2131 2296
f 2131 2295 2296
f 2133 2132 2297
f 2132 2296 2297
f 2177 2170 2215
f 2046 2062 2298
f 2209 2046 2298
f 2062 2204 2298
f 2008 1990 2299
f 2144 2008 2299
f 1990 2181 2299
f 2032 2001 2300
f 2189 2032 2300
f 2001 2174 2300
f 2154 2037 2182
f 2057 2177 2215
f 2202 2137 2221
f 1988 2202 2301
f 2169 1988 2301
f 2202 2221 2301
f 2143 2191 2302
f 2192 2051 2303
f 2051 2144 2303
f 2139 2224 2304
f 2162 2193 2305
f 2050 2031 2306
f 2031 2216 2306
f 2204 2160 2307
f 2030 2029 2308
f 2172 2030 2308
f 2029 2200 2308
f 2225 2180 2309
f 2147 2009 2310
f 2009 2188 2310
f 2222 2142 2311
f 2211 2178 2312
f 2210 2033 2217
f 2148 2139 2304
f 2173 2220 2313
f 2150 2036 2314
f 2036 2205 2314
f 2018 2165 2315
f 2186 2162 2305
f 2178 2186 2316
f 2312 2178 2316
f 2186 2305 2316
f 2203 2045 2317
f 2045 2155 2317
f 2018 2315 2190
f 2149 2201 2318
f 2207 2151 2319
f 2145 2192 2320
f 2155 2011 2163
f 2175 2223 2321
f 2038 2207 2205
f 2157 2208 2322
f 2136 2230 2220
f 2012 2184 2323
f 2165 2211 2324
f 2211 2312 2324
f 2158 2056 2325
f 2188 2058 2326
f 2058 2190 2326
f 2309 2180 2327
f 2180 2189 2327
f 2161 2041 2328
f 2201 2161 2328
f 2041 2219 2328
f 2159 2153 2329
f 2141 2213 2330
f 2151 2215 2319
f 2142 2158 2311
f 2160 2148 2307
f 2217 2063 2206
f 2166 1999 2331
f 1999 2040 2331
f 2163 2145 2332
f 2145 2320 2332
f 2164 2149 2333
f 2149 2318 2333
f 2191 2168 2334
f 2176 2140 2335
f 2140 2214 2335
f 2226 2055 2336
f 2206 2156 2337
f 2217 2206 2337
f 2156 2209 2337
f 2181 2173 2338
f 2173 2313 2338
f 2012 2323 2187
f 2021 2050 2339
f 2050 2306 2339
f 2174 2143 2340
f 2143 2302 2340
f 2208 2167 2341
f 2221 2152 2342
f 2152 2203 2342
f 2179 2222 2343
f 2154 2182 2344
f 2224 2034 2345
f 2034 2146 2345
f 2063 2053 2206
f 2020 2187 2346
f 2171 2020 2346
f 2187 2323 2346
f 2021 2339 2022
f 2052 2212 2214
f 2215 2170 2347
f 2170 2218 2347
f 2134 2133 2348
f 2216 2134 2348
f 2133 2297 2348
f 2168 2226 2334
f 2040 2002 2349
f 2331 2040 2349
f 2002 2176 2349
f 2167 2172 2350
f 2341 2167 2350
f 2172 2308 2350
f 2182 2175 2351
f 2344 2182 2351
f 2175 2321 2351
f 2183 2157 2352
f 2157 2322 2352
f 2185 2179 2343
f 2212 2044 2353
f 2044 2154 2353
f 2184 2185 2354
f 2194 2022 2339
f 2193 2141 2330
f 2019 1992 2355
f 2223 2019 2355
f 1992 2164 2355
f 2315 2165 2324
f 2323 2184 2356
f 2184 2354 2356
f 2325 2056 2357
f 2056 2169 2357
f 2336 2055 2166
f 2154 2344 2353
f 2304 2224 2358
f 2193 2330 2359
f 2206 2053 2016
f 2196 2195 2360
f 2197 2196 2361
f 2196 2360 2361
f 2198 2197 2362
f 2197 2361 2362
f 2199 2198 2363
f 2198 2362 2363
f 2307 2148 2304
f 2158 2325 2311
f 2210 2217 2364
f 2217 2337 2364
f 2329 2153 2365
f 2313 2220 2366
f 2315 2324 2367
f 2212 2353 2368
f 2320 2192 2369
f 2318 2201 2370
f 2201 2328 2370
f 2207 2319 2371
f 2155 2163 2317
f 2321 2223 2372
f 2223 2355 2372
f 2205 2207 2373
f 2204 2307 2374
f 2322 2208 2341
f 2190 2315 2375
f 2219 2159 2376
f 2159 2329 2376
f 2330 2213 2377
f 2213 2150 2377
f 2319 2215 2347
f 2324 2312 2378
f 2222 2311 2379
f 2353 2344 2380
f 2329 2365 2381
f 2336 2166 2382
f 2166 2331 2382
f 2146 2171 2383
f 2345 2146 2383
f 2171 2346 2383
f 2343 2222 2384
f 2222 2379 2384
f 2153 2183 2365
f 2307 2304 2385
f 2218 2225 2386
f 2225 2309 2386
f 2227 2210 2387
f 2210 2364 2387
f 2305 2193 2388
f 2193 2359 2388
f 2228 2227 2389
f 2227 2387 2389
f 2229 2228 2390
f 2228 2389 2390
f 2230 2147 2391
f 2220 2230 2391
f 2147 2310 2391
f 2232 2231 2392
f 2233 2232 2393
f 2232 2392 2393
f 2234 2233 2394
f 2233 2393 2394
f 2235 2234 2395
f 2234 2394 2395
f 2236 2235 2396
f 2235 2395 2396
f 2237 2236 2397
f 2236 2396 2397
f 2238 2237 2398
f 2237 2397 2398
f 2239 2238 2399
f 2238 2398 2399
f 2240 2239 2400
f 2239 2399 2400
f 2241 2240 2401
f 2240 2400 2401
f 2242 2241 2402
f 2241 2401 2402
f 2243 2242 2403
f 2242 2402 2403
f 2244 2243 2404
f 2243 2403 2404
f 2245 2244 2405
f 2244 2404 2405
f 2246 2245 2406
f 2245 2405 2406
f 2247 2246 2407
f 2246 2406 2407
f 2248 2247 2408
f 2247 2407 2408
f 2249 2248 2409
f 2248 2408 2409
f 2250 2249 2410
f 2249 2409 2410
f 2251 2250 2411
f 2250 2410 2411
f 2252 2251 2412
f 2251 2411 2412
f 2253 2252 2413
f 2252 2412 2413
f 2254 2253 2414
f 2253 2413 2414
f 2255 2254 2415
f 2254 2414 2415
f 2256 2255 2416
f 2255 2415 2416
f 2257 2256 2417
f 2256 2416 2417
f 2258 2257 2418
f 2257 2417 2418
f 2259 2258 2419
f 2258 2418 2419
f 2260 2259 2420
f 2259 2419 2420
f 2261 2260 2421
f 2260 2420 2421
f 2262 2261 2422
f 2261 2421 2422
f 2263 2262 2423
f 2262 2422 2423
f 2264 2263 2424
f 2263 2423 2424
f 2265 2264 2425
f 2264 2424 2425
f 2266 2265 2426
f 2265 2425 2426
f 2267 2266 2427
f 2266 2426 2427
f 2268 2267 2428
f 2267 2427 2428
f 2269 2268 2429
f 2268 2428 2429
f 2270 2269 2430
f 2269 2429 2430
f 2271 2270 2431
f 2270 2430 2431
f 2272 2271 2432
f 2271 2431 2432
f 2273 2272 2433
f 2272 2432 2433
f 2274 2273 2434
f 2273 2433 2434
f 2275 2274 2435
f 2274 2434 2435
f 2276 2275 2436
f 2275 2435 2436
f 2277 2276 2437
f 2276 2436 2437
f 2278 2277 2438
f 2277 2437 2438
f 2279 2278 2439
f 2278 2438 2439
f 2280 2279 2440
f 2279 2439 2440
f 2281 2280 2441
f 2280 2440 2441
f 2282 2281 2442
f 2281 2441 2442
f 2283 2282 2443
f 2282 2442 2443
f 2284 2283 2444
f 2283 2443 2444
f 2285 2284 2445
f 2284 2444 2445
f 2286 2285 2446
f 2285 2445 2446
f 2287 2286 2447
f 2286 2446 2447
f 2288 2287 2448
f 2287 2447 2448
f 2289 2288 2449
f 2288 2448 2449
f 2290 2289 2450
f 2289 2449 2450
f 2291 2290 2451
f 2290 2450 2451
f 2292 2291 2452
f 2291 2451 2452
f 2293 2292 2453
f 2292 2452 2453
f 2294 2293 2454
f 2293 2453 2454
f 2295 2294 2455
f 2294 2454 2455
f 2296 2295 2456
f 2295 2455 2456
f 2297 2296 2457
f 2296 2456 2457
f 2191 2334 2302
f 2311 2325 2458
f 2226 2336 2459
f 2354 2185 2343
f 2194 2339 2460
f 2195 2194 2461
f 2360 2195 2461
f 2194 2460 2461
f 2214 2212 2462
f 2212 2368 2462
f 2231 2229 2463
f 2392 2231 2463
f 2229 2390 2463
f 2334 2226 2464
f 2226 2459 2464
f 2302 2334 2465
f 2334 2464 2465
f 2322 2341 2466
f 2365 2183 2352
f 2354 2343 2467
f 2343 2384 2467
f 2216 2348 2306
f 2220 2391 2366
f 2338 2313 2468
f 2199 2363 2350
f 2367 2324 2378
f 2310 2188 2469
f 2188 2326 2469
f 2307 2385 2374
f 2314 2205 2470
f 2205 2373 2470
f 2315 2367 2375
f 2320 2369 2471
f 2150 2314 2377
f 2356 2354 2472
f 2354 2467 2472
f 2301 2221 2473
f 2203 2317 2474
f 2169 2301 2475
f 2357 2169 2475
f 2301 2473 2475
f 2316 2305 2476
f 2318 2370 2477
f 2305 2388 2476
f 2371 2319 2478
f 2163 2332 2317
f 2373 2207 2371
f 2320 2471 2332
f 2299 2181 2479
f 2181 2338 2479
f 2327 2189 2480
f 2189 2300 2480
f 2328 2219 2481
f 2370 2328 2481
f 2219 2376 2481
f 2319 2347 2478
f 2303 2144 2482
f 2144 2299 2482
f 2379 2311 2458
f 2335 2214 2483
f 2214 2462 2483
f 2333 2318 2484
f 2318 2477 2484
f 2308 2200 2350
f 2353 2380 2368
f 2329 2381 2485
f 2359 2330 2486
f 2330 2377 2486
f 2352 2322 2487
f 2322 2466 2487
f 2342 2203 2488
f 2203 2474 2488
f 2339 2306 2489
f 2460 2339 2489
f 2306 2348 2489
f 2340 2302 2490
f 2302 2465 2490
f 2351 2321 2491
f 2221 2342 2473
f 2386 2309 2492
f 2385 2304 2358
f 2358 2224 2345
f 2329 2485 2376
f 2346 2323 2493
f 2383 2346 2493
f 2323 2356 2493
f 2347 2218 2494
f 2218 2386 2494
f 2298 2204 2495
f 2204 2374 2495
f 2459 2336 2496
f 2348 2297 2489
f 2300 2174 2497
f 2480 2300 2497
f 2174 2340 2497
f 2458 2325 2498
f 2209 2298 2499
f 2298 2495 2499
f 2349 2176 2500
f 2176 2335 2500
f 2381 2365 2501
f 2365 2352 2501
f 2337 2209 2502
f 2364 2337 2502
f 2209 2499 2502
f 2380 2344 2503
f 2326 2190 2504
f 2190 2375 2504
f 2325 2357 2498
f 2355 2164 2505
f 2372 2355 2505
f 2164 2333 2505
f 2369 2192 2506
f 2192 2303 2506
f 2468 2313 2507
f 2313 2366 2507
f 2503 2344 2351
f 2491 2321 2508
f 2321 2372 2508
f 2492 2309 2509
f 2309 2327 2509
f 2496 2336 2382
f 2489 2297 2457
f 2312 2316 2510
f 2458 2498 2511
f 2462 2368 2512
f 2366 2391 2310
f 2367 2378 2513
f 2362 2361 2514
f 2363 2362 2515
f 2362 2514 2515
f 2200 2199 2350
f 2466 2341 2516
f 2503 2351 2491
f 2474 2317 2332
f 2471 2369 2517
f 2377 2314 2518
f 2486 2377 2518
f 2314 2470 2518
f 2460 2489 2519
f 2489 2457 2519
f 2477 2370 2520
f 2370 2481 2520
f 2476 2388 2521
f 2379 2458 2522
f 2458 2511 2522
f 2373 2371 2523
f 2459 2496 2524
f 2478 2347 2494
f 2464 2459 2525
f 2374 2385 2526
f 2375 2367 2527
f 2498 2357 2528
f 2357 2475 2528
f 2378 2312 2510
f 2467 2384 2529
f 2368 2380 2530
f 2060 2531 2061
f 2331 2349 2532
f 2382 2331 2532
f 2349 2500 2532
f 2485 2381 2533
f 2359 2486 2534
f 2473 2342 2535
f 2385 2358 2536
f 2341 2350 2516
f 2387 2364 2537
f 2364 2502 2537
f 2388 2359 2538
f 2359 2534 2538
f 2389 2387 2539
f 2387 2537 2539
f 2390 2389 2540
f 2389 2539 2540
f 2393 2392 2541
f 2394 2393 2542
f 2393 2541 2542
f 2395 2394 2543
f 2394 2542 2543
f 2396 2395 2544
f 2395 2543 2544
f 2397 2396 2545
f 2396 2544 2545
f 2398 2397 2546
f 2397 2545 2546
f 2399 2398 2547
f 2398 2546 2547
f 2400 2399 2548
f 2399 2547 2548
f 2401 2400 2549
f 2400 2548 2549
f 2402 2401 2550
f 2401 2549 2550
f 2403 2402 2551
f 2402 2550 2551
f 2404 2403 2552
f 2403 2551 2552
f 2405 2404 2553
f 2404 2552 2553
f 2406 2405 2554
f 2405 2553 2554
f 2407 2406 2555
f 2406 2554 2555
f 2408 2407 2556
f 2407 2555 2556
f 2409 2408 2557
f 2408 2556 2557
f 2410 2409 2558
f 2409 2557 2558
f 2411 2410 2559
f 2410 2558 2559
f 2412 2411 2560
f 2411 2559 2560
f 2413 2412 2561
f 2412 2560 2561
f 2414 2413 2562
f 2413 2561 2562
f 2415 2414 2563
f 2414 2562 2563
f 2416 2415 2564
f 2415 2563 2564
f 2417 2416 2565
f 2416 2564 2565
f 2418 2417 2566
f 2417 2565 2566
f 2419 2418 2567
f 2418 2566 2567
f 2420 2419 2568
f 2419 2567 2568
f 2421 2420 2569
f 2420 2568 2569
f 2422 2421 2570
f 2421 2569 2570
f 2423 2422 2571
f 2422 2570 2571
f 2424 2423 2572
f 2423 2571 2572
f 2425 2424 2573
f 2424 2572 2573
f 2426 2425 2574
f 2425 2573 2574
f 2427 2426 2575
f 2426 2574 2575
f 2428 2427 2576
f 2427 2575 2576
f 2429 2428 2577
f 2428 2576 2577
f 2430 2429 2578
f 2429 2577 2578
f 2431 2430 2579
f 2430 2578 2579
f 2432 2431 2580
f 2431 2579 2580
f 2433 2432 2581
f 2432 2580 2581
f 2434 2433 2582
f 2433 2581 2582
f 2435 2434 2583
f 2434 2582 2583
f 2436 2435 2584
f 2435 2583 2584
f 2437 2436 2585
f 2436 2584 2585
f 2438 2437 2586
f 2437 2585 2586
f 2439 2438 2587
f 2438 2586 2587
f 2440 2439 2588
f 2439 2587 2588
f 2441 2440 2589
f 2440 2588 2589
f 2442 2441 2590
f 2441 2589 2590
f 2443 2442 2591
f 2442 2590 2591
f 2444 2443 2592
f 2443 2591 2592
f 2445 2444 2593
f 2444 2592 2593
f 2446 2445 2594
f 2445 2593 2594
f 2447 2446 2595
f 2446 2594 2595
f 2448 2447 2596
f 2447 2595 2596
f 2449 2448 2597
f 2448 2596 2597
f 2450 2449 2598
f 2449 2597 2598
f 2451 2450 2599
f 2450 2598 2599
f 2452 2451 2600
f 2451 2599 2600
f 2453 2452 2601
f 2452 2600 2601
f 2454 2453 2602
f 2453 2601 2602
f 2455 2454 2603
f 2454 2602 2603
f 2456 2455 2604
f 2455 2603 2604
f 2457 2456 2605
f 2519 2457 2605
f 2456 2604 2605
f 2510 2316 2476
f 2380 2503 2606
f 2384 2379 2607
f 2379 2522 2607
f 2474 2332 2608
f 2332 2471 2608
f 2496 2382 2609
f 2465 2464 2610
f 2366 2310 2469
f 2378 2510 2611
f 2510 2476 2612
f 2611 2510 2612
f 2476 2521 2612
f 2468 2507 2613
f 2514 2361 2614
f 2361 2360 2614
f 2382 2532 2609
f 2342 2488 2535
f 2513 2378 2611
f 2526 2385 2615
f 2385 2536 2615
f 2527 2367 2513
f 2469 2326 2616
f 2326 2504 2616
f 2524 2496 2617
f 2496 2609 2617
f 2491 2508 2618
f 2475 2473 2619
f 2528 2475 2619
f 2473 2535 2619
f 2503 2491 2620
f 2338 2468 2621
f 2508 2372 2622
f 2372 2505 2622
f 2470 2373 2623
f 2373 2523 2623
f 2517 2369 2624
f 2369 2506 2624
f 2486 2518 2625
f 2386 2492 2626
f 2521 2388 2538
f 2466 2516 2627
f 2523 2371 2628
f 2371 2478 2628
f 2471 2517 2629
f 2459 2524 2525
f 2486 2625 2534
f 2506 2303 2630
f 2303 2482 2630
f 2478 2494 2631
f 2479 2338 2621
f 2374 2526 2632
f 2471 2629 2608
f 2464 2525 2610
f 2375 2527 2633
f 2481 2376 2634
f 2520 2481 2634
f 2376 2485 2634
f 2482 2299 2479
f 2483 2462 2635
f 2462 2512 2635
f 2530 2380 2606
f 2529 2384 2607
f 2484 2477 2636
f 2368 2530 2512
f 2536 2358 2637
f 2533 2381 2638
f 2381 2501 2638
f 2345 2383 2639
f 2383 2493 2639
f 2352 2487 2501
f 2503 2620 2606
f 2494 2386 2626
f 2487 2466 2640
f 2466 2627 2640
f 2461 2460 2641
f 2460 2519 2641
f 2488 2474 2642
f 2474 2608 2642
f 2509 2327 2643
f 2327 2480 2643
f 2485 2533 2644
f 2493 2356 2645
f 2639 2493 2645
f 2356 2472 2645
f 2491 2618 2620
f 2495 2374 2632
f 2541 2392 2646
f 2392 2463 2646
f 2511 2498 2647
f 2498 2528 2647
f 2375 2633 2504
f 2497 2340 2648
f 2340 2490 2648
f 2499 2495 2649
f 2495 2632 2649
f 2500 2335 2650
f 2335 2483 2650
f 2502 2499 2651
f 2537 2502 2651
f 2499 2649 2651
f 2358 2345 2637
f 2490 2465 2652
f 2465 2610 2652
f 2360 2461 2653
f 2614 2360 2653
f 2461 2641 2653
f 2463 2390 2654
f 2646 2463 2654
f 2390 2540 2654
f 2505 2333 2655
f 2622 2505 2655
f 2333 2484 2655
f 2485 2644 2634
f 2492 2509 2656
f 2366 2469 2657
f 2507 2366 2657
f 2469 2616 2657
f 2628 2478 2631
f 2626 2492 2658
f 2492 2656 2658
f 2621 2468 2659
f 2468 2613 2659
f 2636 2477 2660
f 2477 2520 2660
f 2514 2614 2661
f 2530 2606 2662
f 2613 2507 2663
f 2507 2657 2663
f 2363 2515 2516
f 2618 2508 2664
f 2508 2622 2664
f 2518 2470 2665
f 2470 2623 2665
f 2625 2518 2665
f 2522 2511 2666
f 2472 2467 2667
f 2521 2538 2668
f 2523 2628 2669
f 2629 2517 2670
f 2525 2524 2671
f 2631 2494 2626
f 2479 2621 2482
f 2632 2526 2672
f 2534 2625 2673
f 2608 2629 2674
f 2633 2527 2675
f 2520 2634 2676
f 2634 2644 2676
f 2620 2618 2677
f 2512 2530 2678
f 2513 2611 2679
f 2607 2522 2680
f 2522 2666 2680
f 2480 2497 2681
f 2643 2480 2681
f 2497 2648 2681
f 2644 2533 2682
f 2527 2513 2683
f 2675 2527 2683
f 2513 2679 2683
f 2532 2500 2684
f 2609 2532 2684
f 2500 2650 2684
f 2542 2541 2685
f 2538 2534 2686
f 2668 2538 2686
f 2534 2673 2686
f 2539 2537 2687
f 2537 2651 2687
f 2540 2539 2688
f 2539 2687 2688
f 2628 2631 2689
f 2467 2529 2667
f 2543 2542 2690
f 2542 2685 2690
f 2544 2543 2691
f 2543 2690 2691
f 2545 2544 2692
f 2544 2691 2692
f 2546 2545 2693
f 2545 2692 2693
f 2547 2546 2694
f 2546 2693 2694
f 2548 2547 2695
f 2547 2694 2695
f 2549 2548 2696
f 2548 2695 2696
f 2550 2549 2697
f 2549 2696 2697
f 2551 2550 2698
f 2550 2697 2698
f 2552 2551 2699
f 2551 2698 2699
f 2553 2552 2700
f 2552 2699 2700
f 2554 2553 2701
f 2553 2700 2701
f 2555 2554 2702
f 2554 2701 2702
f 2556 2555 2703
f 2555 2702 2703
f 2557 2556 2704
f 2556 2703 2704
f 2558 2557 2705
f 2557 2704 2705
f 2559 2558 2706
f 2558 2705 2706
f 2560 2559 2707
f 2559 2706 2707
f 2561 2560 2708
f 2560 2707 2708
f 2562 2561 2709
f 2561 2708 2709
f 2563 2562 2710
f 2562 2709 2710
f 2564 2563 2711
f 2563 2710 2711
f 2565 2564 2712
f 2564 2711 2712
f 2566 2565 2713
f 2565 2712 2713
f 2567 2566 2714
f 2566 2713 2714
f 2568 2567 2715
f 2567 2714 2715
f 2569 2568 2716
f 2568 2715 2716
f 2570 2569 2717
f 2569 2716 2717
f 2571 2570 2718
f 2570 2717 2718
f 2572 2571 2719
f 2571 2718 2719
f 2573 2572 2720
f 2572 2719 2720
f 2574 2573 2721
f 2573 2720 2721
f 2575 2574 2722
f 2574 2721 2722
f 2576 2575 2723
f 2575 2722 2723
f 2577 2576 2724
f 2576 2723 2724
f 2578 2577 2725
f 2577 2724 2725
f 2579 2578 2726
f 2578 2725 2726
f 2580 2579 2727
f 2579 2726 2727
f 2581 2580 2728
f 2580 2727 2728
f 2582 2581 2729
f 2581 2728 2729
f 2583 2582 2730
f 2582 2729 2730
f 2584 2583 2731
f 2583 2730 2731
f 2585 2584 2732
f 2584 2731 2732
f 2586 2585 2733
f 2585 2732 2733
f 2587 2586 2734
f 2586 2733 2734
f 2588 2587 2735
f 2587 2734 2735
f 2589 2588 2736
f 2588 2735 2736
f 2590 2589 2737
f 2589 2736 2737
f 2591 2590 2738
f 2590 2737 2738
f 2592 2591 2739
f 2591 2738 2739
f 2593 2592 2740
f 2592 2739 2740
f 2594 2593 2741
f 2593 2740 2741
f 2595 2594 2742
f 2594 2741 2742
f 2596 2595 2743
f 2595 2742 2743
f 2597 2596 2744
f 2596 2743 2744
f 2598 2597 2745
f 2597 2744 2745
f 2599 2598 2746
f 2598 2745 2746
f 2600 2599 2747
f 2599 2746 2747
f 2601 2600 2748
f 2600 2747 2748
f 2602 2601 2749
f 2601 2748 2749
f 2603 2602 2750
f 2602 2749 2750
f 2604 2603 2751
f 2603 2750 2751
f 2482 2621 2630
f 2649 2632 2752
f 2606 2620 2753
f 2610 2525 2754
f 2535 2488 2755
f 2488 2642 2755
f 2501 2487 2756
f 2638 2501 2756
f 2487 2640 2756
f 2656 2509 2757
f 2509 2643 2757
f 2472 2667 2637
f 2472 2637 2645
f 2631 2626 2758
f 2689 2631 2758
f 2626 2658 2758
f 2637 2667 2536
f 2529 2607 2759
f 2536 2667 2760
f 2615 2536 2760
f 2667 2529 2760
f 2350 2363 2516
f 2530 2662 2678
f 2658 2656 2761
f 2659 2613 2762
f 2619 2535 2763
f 2535 2755 2763
f 2618 2664 2677
f 2616 2504 2764
f 2504 2633 2764
f 2617 2609 2765
f 2528 2619 2766
f 2660 2520 2676
f 2623 2523 2767
f 2523 2669 2767
f 2624 2506 2768
f 2506 2630 2768
f 2630 2621 2769
f 2768 2630 2769
f 2621 2659 2769
f 2666 2511 2770
f 2511 2647 2770
f 2521 2668 2771
f 2525 2671 2754
f 2673 2625 2772
f 2625 2665 2772
f 2672 2526 2615
f 2628 2689 2669
f 2608 2674 2642
f 2685 2541 2773
f 2541 2646 2773
f 2635 2512 2774
f 2512 2678 2774
f 2661 2614 2775
f 2614 2653 2775
f 2609 2684 2765
f 2676 2644 2776
f 2607 2680 2759
f 2679 2611 2777
f 2611 2612 2777
f 2641 2519 2778
f 2519 2605 2778
f 2682 2533 2779
f 2533 2638 2779
f 2529 2759 2760
f 2612 2521 2771
f 2632 2672 2752
f 2670 2517 2780
f 2517 2624 2780
f 2655 2484 2781
f 2484 2636 2781
f 2647 2528 2766
f 2654 2540 2782
f 2540 2688 2782
f 2674 2629 2783
f 2629 2670 2783
f 2753 2620 2677
f 2605 2604 2784
f 2778 2605 2784
f 2604 2751 2784
f 2648 2490 2785
f 2490 2652 2785
f 2606 2753 2662
f 2650 2483 2786
f 2483 2635 2786
f 2651 2649 2787
f 2687 2651 2787
f 2649 2752 2787
f 2671 2524 2788
f 2524 2617 2788
f 2636 2660 2789
f 2644 2682 2776
f 2652 2610 2790
f 2610 2754 2790
f 2762 2613 2791
f 2613 2663 2791
f 2515 2514 2792
f 2761 2656 2793
f 2656 2757 2793
f 2764 2633 2794
f 2633 2675 2794
f 2781 2636 2795
f 2636 2789 2795
f 2792 2514 2661
f 2640 2627 2792
f 2516 2515 2627
f 2622 2655 2796
f 2664 2622 2796
f 2655 2781 2796
f 2657 2616 2797
f 2663 2657 2797
f 2616 2764 2797
f 2766 2619 2763
f 2676 2776 2798
f 2665 2623 2799
f 2772 2665 2799
f 2623 2767 2799
f 2660 2676 2798
f 2771 2668 2800
f 2752 2672 2801
f 2754 2671 2802
f 2753 2677 2803
f 2646 2654 2804
f 2773 2646 2804
f 2654 2782 2804
f 2672 2615 2805
f 2801 2672 2805
f 2615 2760 2805
f 2757 2643 2806
f 2643 2681 2806
f 2662 2753 2807
f 2760 2759 2805
f 2680 2666 2808
f 2515 2792 2627
f 2755 2642 2809
f 2678 2662 2810
f 2662 2807 2810
f 2684 2650 2811
f 2765 2684 2811
f 2650 2786 2811
f 2812 2059 2061
f 2687 2787 2688
f 2612 2771 2777
f 2690 2685 2813
f 2691 2690 2814
f 2690 2813 2814
f 2692 2691 2815
f 2691 2814 2815
f 2693 2692 2816
f 2692 2815 2816
f 2694 2693 2817
f 2693 2816 2817
f 2695 2694 2818
f 2694 2817 2818
f 2696 2695 2819
f 2695 2818 2819
f 2697 2696 2820
f 2696 2819 2820
f 2698 2697 2821
f 2697 2820 2821
f 2699 2698 2822
f 2698 2821 2822
f 2700 2699 2823
f 2699 2822 2823
f 2701 2700 2824
f 2700 2823 2824
f 2702 2701 2825
f 2701 2824 2825
f 2703 2702 2826
f 2702 2825 2826
f 2704 2703 2827
f 2703 2826 2827
f 2705 2704 2828
f 2704 2827 2828
f 2706 2705 2829
f 2705 2828 2829
f 2707 2706 2830
f 2706 2829 2830
f 2708 2707 2831
f 2707 2830 2831
f 2709 2708 2832
f 2708 2831 2832
f 2710 2709 2833
f 2709 2832 2833
f 2711 2710 2834
f 2710 2833 2834
f 2712 2711 2835
f 2711 2834 2835
f 2713 2712 2836
f 2712 2835 2836
f 2714 2713 2837
f 2713 2836 2837
f 2715 2714 2838
f 2714 2837 2838
f 2716 2715 2839
f 2715 2838 2839
f 2717 2716 2840
f 2716 2839 2840
f 2718 2717 2841
f 2717 2840 2841
f 2719 2718 2842
f 2718 2841 2842
f 2720 2719 2843
f 2719 2842 2843
f 2721 2720 2844
f 2720 2843 2844
f 2722 2721 2845
f 2721 2844 2845
f 2723 2722 2846
f 2722 2845 2846
f 2724 2723 2847
f 2723 2846 2847
f 2725 2724 2848
f 2724 2847 2848
f 2726 2725 2849
f 2725 2848 2849
f 2727 2726 2850
f 2726 2849 2850
f 2728 2727 2851
f 2727 2850 2851
f 2729 2728 2852
f 2728 2851 2852
f 2730 2729 2853
f 2729 2852 2853
f 2731 2730 2854
f 2730 2853 2854
f 2732 2731 2855
f 2731 2854 2855
f 2733 2732 2856
f 2732 2855 2856
f 2734 2733 2857
f 2733 2856 2857
f 2735 2734 2858
f 2734 2857 2858
f 2736 2735 2859
f 2735 2858 2859
f 2737 2736 2860
f 2736 2859 2860
f 2738 2737 2861
f 2737 2860 2861
f 2739 2738 2862
f 2738 2861 2862
f 2740 2739 2863
f 2739 2862 2863
f 2741 2740 2864
f 2740 2863 2864
f 2742 2741 2865
f 2741 2864 2865
f 2743 2742 2866
f 2742 2865 2866
f 2744 2743 2867
f 2743 2866 2867
f 2745 2744 2868
f 2744 2867 2868
f 2746 2745 2869
f 2745 2868 2869
f 2747 2746 2870
f 2746 2869 2870
f 2748 2747 2871
f 2747 2870 2871
f 2749 2748 2872
f 2748 2871 2872
f 2750 2749 2873
f 2749 2872 2873
f 2751 2750 2874
f 2750 2873 2874
f 2789 2660 2798
f 2776 2682 2875
f 2677 2664 2876
f 2792 2661 2877
f 2653 2641 2878
f 2775 2653 2878
f 2641 2778 2878
f 2669 2689 2879
f 2640 2792 2880
f 2756 2640 2880
f 2792 2877 2880
f 2763 2755 2881
f 2794 2675 2882
f 2659 2762 2883
f 2771 2800 2884
f 2796 2781 2885
f 2781 2795 2885
f 2803 2677 2886
f 2677 2876 2886
f 2798 2776 2887
f 2795 2789 2888
f 2802 2671 2889
f 2800 2668 2890
f 2668 2686 2890
f 2767 2669 2891
f 2635 2774 2892
f 2765 2811 2893
f 2770 2647 2894
f 2647 2766 2894
f 2769 2659 2883
f 2764 2794 2895
f 2754 2802 2896
f 2645 2637 2639
f 2753 2803 2807
f 2669 2879 2891
f 2664 2796 2876
f 2758 2658 2897
f 2671 2788 2889
f 2680 2808 2898
f 2883 2762 2899
f 2776 2875 2887
f 2774 2678 2900
f 2678 2810 2900
f 2766 2763 2901
f 2894 2766 2901
f 2763 2881 2901
f 2879 2689 2902
f 2661 2775 2877
f 2617 2765 2903
f 2805 2759 2898
f 2808 2666 2904
f 2666 2770 2904
f 2637 2345 2639
f 2759 2680 2898
f 2789 2798 2905
f 2888 2789 2905
f 2798 2887 2905
f 2777 2771 2906
f 2771 2884 2906
f 2785 2652 2907
f 2652 2790 2907
f 2689 2758 2902
f 2681 2648 2908
f 2806 2681 2908
f 2648 2785 2908
f 2755 2809 2881
f 2683 2679 2909
f 2675 2683 2910
f 2882 2675 2910
f 2683 2909 2910
f 2658 2761 2897
f 2780 2624 2911
f 2624 2768 2911
f 2673 2772 2912
f 2617 2903 2788
f 2813 2685 2913
f 2685 2773 2913
f 2782 2688 2914
f 2531 2915 2061
f 2783 2670 2916
f 2784 2751 2917
f 2751 2874 2917
f 2786 2635 2892
f 2787 2752 2918
f 2688 2787 2918
f 2752 2801 2918
f 2793 2757 2919
f 2757 2806 2919
f 2674 2783 2920
f 2875 2682 2921
f 2790 2754 2896
f 2897 2761 2922
f 2638 2756 2880
f 2791 2663 2923
f 2663 2797 2923
f 2642 2674 2924
f 2809 2642 2924
f 2674 2920 2924
f 2797 2764 2895
f 2679 2777 2906
f 2679 2906 2909
f 2765 2893 2903
f 2899 2762 2925
f 2762 2791 2925
f 2916 2670 2926
f 2670 2780 2926
f 2921 2682 2779
f 2922 2761 2927
f 2761 2793 2927
f 2638 2880 2779
f 2810 2807 2928
f 2802 2889 2929
f 2801 2805 2898
f 2876 2796 2885
f 2895 2794 2930
f 2794 2882 2930
f 2897 2922 2931
f 2673 2912 2932
f 2889 2788 2933
f 2898 2808 2934
f 2884 2800 2935
f 2883 2899 2936
f 2887 2875 2937
f 2877 2775 2938
f 2891 2879 2939
f 2768 2769 2940
f 2911 2768 2940
f 2769 2883 2940
f 2811 2786 2941
f 2893 2811 2941
f 2786 2892 2941
f 2686 2673 2932
f 2807 2803 2942
f 2912 2772 2943
f 2767 2891 2944
f 2788 2903 2933
f 2814 2813 2945
f 2892 2774 2946
f 2774 2900 2946
f 2686 2932 2890
f 2815 2814 2947
f 2814 2945 2947
f 2816 2815 2948
f 2815 2947 2948
f 2817 2816 2949
f 2816 2948 2949
f 2818 2817 2950
f 2817 2949 2950
f 2820 2819 2951
f 2821 2820 2916
f 2822 2821 2926
f 2824 2823 2952
f 2825 2824 2953
f 2824 2952 2953
f 2826 2825 2954
f 2825 2953 2954
f 2827 2826 2955
f 2826 2954 2955
f 2828 2827 2956
f 2827 2955 2956
f 2829 2828 2957
f 2828 2956 2957
f 2830 2829 2958
f 2829 2957 2958
f 2831 2830 2959
f 2830 2958 2959
f 2832 2831 2960
f 2831 2959 2960
f 2833 2832 2961
f 2832 2960 2961
f 2834 2833 2962
f 2833 2961 2962
f 2836 2835 2935
f 2837 2836 2963
f 2836 2935 2963
f 2839 2838 2964
f 2841 2840 2965
f 2844 2843 2939
f 2845 2844 2966
f 2847 2846 2931
f 2849 2848 2967
f 2850 2849 2968
f 2849 2967 2968
f 2851 2850 2969
f 2850 2968 2969
f 2852 2851 2970
f 2851 2969 2970
f 2853 2852 2971
f 2852 2970 2971
f 2855 2854 2929
f 2857 2856 2972
f 2858 2857 2973
f 2857 2972 2973
f 2859 2858 2974
f 2858 2973 2974
f 2860 2859 2975
f 2859 2974 2975
f 2861 2860 2946
f 2862 2861 2900
f 2863 2862 2928
f 2864 2863 2928
f 2865 2864 2942
f 2867 2866 2976
f 2868 2867 2977
f 2867 2976 2977
f 2869 2868 2978
f 2868 2977 2978
f 2871 2870 2979
f 2872 2871 2937
f 2873 2872 2980
f 2872 2937 2980
f 2874 2873 2981
f 2873 2980 2981
f 2906 2884 2962
f 2921 2779 2938
f 2920 2783 2951
f 2875 2921 2980
f 2909 2906 2961
f 2879 2902 2966
f 2778 2784 2982
f 2878 2778 2982
f 2784 2917 2982
f 2881 2809 2949
f 2797 2895 2923
f 2783 2916 2951
f 2801 2898 2934
f 2932 2912 2964
f 2916 2820 2951
f 2897 2931 2983
f 2785 2907 2984
f 2809 2924 2950
f 2802 2929 2985
f 2896 2802 2985
f 2929 2854 2985
f 2886 2876 2986
f 2876 2885 2986
f 2804 2782 2914
f 2795 2888 2987
f 2964 2912 2988
f 2839 2964 2988
f 2912 2943 2988
f 2772 2799 2943
f 2800 2890 2963
f 2930 2882 2958
f 2688 2918 2914
f 2770 2894 2989
f 2931 2922 2990
f 2847 2931 2990
f 2922 2927 2990
f 2807 2942 2928
f 2965 2840 2988
f 2904 2770 2989
f 2926 2780 2991
f 2780 2911 2991
f 2773 2804 2992
f 2913 2773 2992
f 2804 2914 2992
f 2932 2964 2993
f 2890 2932 2993
f 2964 2838 2993
f 2961 2960 2909
f 2883 2936 2940
f 2900 2861 2946
f 2871 2979 2937
f 2931 2846 2994
f 2983 2931 2994
f 2846 2845 2994
f 2901 2881 2948
f 2888 2905 2995
f 2891 2939 2996
f 2939 2843 2996
f 2899 2925 2954
f 2902 2758 2983
f 2967 2848 2990
f 2966 2844 2939
f 2949 2809 2950
f 2785 2984 2908
f 2896 2985 2971
f 2987 2888 2978
f 2839 2988 2840
f 2847 2990 2848
f 2983 2758 2897
f 2994 2845 2966
f 2888 2995 2978
f 2891 2996 2944
f 2902 2983 2994
f 2887 2937 2979
f 2952 2823 2991
f 2896 2971 2997
f 2790 2896 2997
f 2971 2970 2997
f 2899 2954 2953
f 2937 2875 2980
f 2903 2893 2998
f 2882 2910 2959
f 2806 2908 2999
f 2919 2806 2999
f 2908 2984 2999
f 2902 2994 2966
f 2800 2963 2935
f 2942 2803 3000
f 2865 2942 3000
f 2803 2886 3000
f 2767 2944 2799
f 2933 2903 2998
f 2993 2838 2837
f 2892 2946 3001
f 2887 2979 2905
f 2881 2949 2948
f 2951 2819 3002
f 2920 2951 3002
f 2819 2818 3002
f 2821 2916 2926
f 2834 2962 2884
f 2823 2822 2991
f 2958 2882 2959
f 2835 2834 2884
f 2837 2963 2993
f 2892 3001 2941
f 2841 2965 2996
f 2842 2841 2996
f 2843 2842 2996
f 2853 2971 2985
f 2855 2929 3003
f 2856 2855 3003
f 2929 2889 3003
f 2899 2953 2936
f 2854 2853 2985
f 2864 2928 2942
f 2869 2978 2995
f 2866 2865 3000
f 2870 2869 2995
f 2874 2981 2917
f 2939 2879 2966
f 2918 2801 3004
f 2914 2918 3004
f 2801 2934 3004
f 2893 2941 3005
f 2998 2893 3005
f 2941 3001 3005
f 2980 2921 2981
f 2924 2920 3002
f 2880 2877 2779
f 2870 2995 2979
f 2779 2877 2938
f 2856 3003 2972
f 2981 2921 2938
f 2790 2997 2907
f 3002 2818 2950
f 2866 3000 2976
f 3003 2889 2933
f 2934 2808 3006
f 2944 2996 2965
f 2895 2930 3007
f 2987 2978 2977
f 2988 2943 2965
f 2990 2927 2967
f 2963 2890 2993
f 2950 2924 3002
f 2930 2958 2957
f 2989 2894 3008
f 2925 2791 3009
f 2793 2919 3010
f 2927 3010 2967
f 2991 2911 2952
f 2934 3006 2992
f 2972 3003 2933
f 2928 2862 2810
f 2799 2944 2943
f 2995 2905 2979
f 2900 2810 2862
f 2954 2925 2955
f 2997 2970 3011
f 2907 2997 3011
f 2970 2969 3011
f 2961 2906 2962
f 2911 2940 2952
f 2973 2972 2998
f 2808 2904 3006
f 3000 2886 2976
f 2930 2957 3007
f 2943 2944 2965
f 2795 2987 2885
f 2981 2938 2917
f 2894 2901 3008
f 2917 2938 2982
f 2945 2813 3012
f 2984 2907 3011
f 3007 2957 2956
f 2947 2945 3008
f 2822 2926 2991
f 3007 2956 3009
f 2956 2955 3009
f 2989 3008 2945
f 2835 2884 2935
f 2895 3007 2923
f 3009 2791 2923
f 3012 2813 2913
f 2925 3009 2955
f 2793 3010 2927
f 2972 2933 2998
f 2945 3012 2989
f 2989 3012 2904
f 3006 2904 3012
f 2923 3007 3009
f 2976 2886 2986
f 2860 2975 2946
f 2974 2973 3005
f 2975 2974 3001
f 2775 2878 2938
f 2973 2998 3005
f 3012 2913 3006
f 3001 2974 3005
f 2946 2975 3001
f 3006 2913 2992
f 3010 2919 3013
f 2977 2976 2986
f 3013 2919 2999
f 3011 2969 3013
f 2953 2952 2936
f 2959 2910 2960
f 2948 2947 2901
f 2999 2984 3013
f 2947 3008 2901
f 2910 2909 2960
f 3013 2984 3011
f 2969 2968 3013
f 2885 2987 2986
f 2987 2977 2986
f 2968 2967 3010
f 3010 3013 2968
f 2992 2914 3004
f 2936 2952 2940
f 2938 2878 2982
f 2934 2992 3004
f 2 1 3014
f 4 6 3015
f 6 8 3016
f 3015 6 3016
f 8 10 3016
f 10 12 3017
f 14 16 3018
f 18 20 3019
f 20 22 3020
f 3019 20 3020
f 22 24 3020
f 24 26 3021
f 28 30 3022
f 32 34 3023
f 36 38 3024
f 40 42 3025
f 42 44 3026
f 3025 42 3026
f 44 46 3026
f 46 48 3027
f 50 52 3028
f 54 56 3029
f 58 60 3030
f 60 2 3031
f 3030 60 3031
f 2 3014 3031
f 1 4 3032
f 10 3017 3016
f 12 14 3033
f 16 18 3034
f 24 3021 3020
f 26 28 3035
f 30 32 3036
f 34 36 3037
f 38 40 3038
f 46 3027 3026
f 48 50 3039
f 52 54 3040
f 56 58 3041
f 3034 18 3019
f 1 3032 3014
f 3017 12 3033
f 3021 26 3035
f 3023 34 3037
f 3024 38 3038
f 3027 48 3039
f 3029 56 3041
f 3032 4 3015
f 3036 32 3023
f 3037 36 3024
f 3038 40 3025
f 3040 54 3029
f 3041 58 3030
f 3033 14 3018
f 16 3034 3018
f 3035 28 3022
f 30 3036 3022
f 3039 50 3028
f 52 3040 3028
f 3036 3023 3042
f 3016 3017 3043
f 3015 3016 3043
f 3018 3034 3044
f 3014 3032 3045
f 3020 3021 3046
f 3019 3020 3046
f 3039 3028 3047
f 3022 3036 3048
f 3036 3042 3048
f 3024 3038 3049
f 3038 3025 3049
f 3027 3039 3050
f 3039 3047 3050
f 3040 3029 3051
f 3026 3027 3052
f 3025 3026 3052
f 3027 3050 3052
f 3028 3040 3047
f 3015 3053 3032
f 3033 3018 3054
f 3018 3044 3054
f 3034 3019 3055
f 3044 3034 3055
f 3019 3046 3055
f 3017 3033 3054
f 3023 3037 3056
f 3042 3023 3056
f 3037 3024 3056
f 3029 3041 3051
f 3035 3022 3048
f 3014 3045 3031
f 3040 3051 3047
f 3017 3054 3043
f 3046 3021 3057
f 3021 3035 3057
f 3051 3041 3058
f 3041 3030 3058
f 3049 3025 3059
f 3025 3052 3059
f 3035 3048 3057
f 3024 3049 3056
f 3030 3031 3060
f 3058 3030 3060
f 3031 3045 3060
f 3015 3043 3053
f 3052 3050 3059
f 3048 3042 3061
f 3056 3049 3062
f 3042 3056 3062
f 3049 3059 3062
f 3045 3032 3053
f 3053 3043 3063
f 3043 3054 3063
f 3050 3047 3064
f 3057 3048 3065
f 3048 3061 3065
f 3046 3057 3066
f 3055 3046 3066
f 3057 3065 3066
f 3045 3053 3067
f 3060 3045 3067
f 3053 3063 3067
f 3054 3044 3068
f 3063 3054 3068
f 3044 3055 3068
f 3051 3058 3069
f 3047 3051 3069
f 3059 3050 3064
f 3061 3042 3062
f 3069 3058 3070
f 3058 3060 3070
f 3064 3047 3069
f 3059 3064 3071
f 3065 3061 3072
f 3062 3059 3071
f 3064 3069 3073
f 3071 3064 3073
f 3069 3070 3073
f 3065 3072 3074
f 3070 3060 3067
f 3065 3074 3066
f 3063 3068 3074
f 3061 3062 3071
f 3055 3066 3068
f 3063 3074 3075
f 3067 3063 3075
f 3074 3072 3075
f 3070 3067 3075
f 3074 3068 3066
f 3072 3061 3071
f 3071 3073 3072
f 3075 3072 3073
f 3070 3075 3073
f 204 63 3076
f 205 204 3077
f 204 3076 3077
f 207 205 3078
f 205 3077 3078
f 208 207 3078
f 210 208 3079
f 208 3078 3079
f 211 210 3080
f 210 3079 3080
f 213 211 3081
f 214 213 3081
f 211 3080 3081
f 216 214 3082
f 217 216 3083
f 216 3082 3083
f 219 217 3084
f 217 3083 3084
f 220 219 3084
f 222 220 3085
f 220 3084 3085
f 223 222 3086
f 222 3085 3086
f 225 223 3087
f 226 225 3087
f 223 3086 3087
f 228 226 3088
f 229 228 3089
f 228 3088 3089
f 231 229 3090
f 229 3089 3090
f 232 231 3090
f 234 232 3091
f 232 3090 3091
f 235 234 3092
f 234 3091 3092
f 237 235 3093
f 238 237 3093
f 235 3092 3093
f 240 238 3094
f 241 240 3095
f 240 3094 3095
f 243 241 3096
f 241 3095 3096
f 244 243 3096
f 65 244 3097
f 244 3096 3097
f 63 65 3098
f 3076 63 3098
f 65 3097 3098
f 226 3087 3088
f 3082 214 3081
f 238 3093 3094
f 3078 3077 3099
f 3078 3099 3079
f 3100 3079 3099
f 3080 3079 3100
f 3081 3080 3101
f 3084 3083 3102
f 3084 3102 3085
f 3103 3085 3102
f 3086 3085 3103
f 3087 3086 3104
f 3089 3088 3105
f 3082 3081 3101
f 3088 3087 3104
f 3090 3089 3106
f 3089 3105 3106
f 3091 3090 3106
f 3092 3091 3107
f 3091 3106 3107
f 3093 3092 3108
f 3096 3095 3109
f 3096 3109 3097
f 3110 3097 3109
f 3094 3093 3108
f 3077 3076 3111
f 3099 3077 3111
f 3076 3098 3111
f 3088 3104 3105
f 3101 3080 3100
f 3086 3103 3104
f 3083 3082 3112
f 3092 3107 3108
f 3083 3112 3102
f 3082 3101 3112
f 3095 3094 3113
f 3097 3110 3098
f 3095 3113 3109
f 3113 3094 3108
f 3103 3102 2915
f 3112 3101 3114
f 3101 3100 3114
f 3108 3107 2059
f 3100 3099 3115
f 3110 3109 2812
f 3106 3105 2060
f 3113 3108 2059
f 3107 3106 2060
f 3102 3112 2915
f 3098 3110 3111
f 3104 3103 2531
f 3105 3104 2531
f 3103 2915 2531
f 3109 3113 2812
f 3112 3114 2915
f 2059 3107 2060
f 3114 3100 3115
f 3110 2812 3115
f 2060 3105 2531
f 3099 3111 3115
f 3111 3110 3115
f 3113 2059 2812
f 3115 2812 2061
f 3114 3115 2061
f 2915 3114 2061
