# Combined OBJ with one region per STL
o sparger
g sparger
v 0.0325 -3.061617e-19 0.01803553
v 0.03286009 0.001292592 0.01788638
v 0.03150781 0.0 0.01704334
v 0.03378004 0.002182129 0.01750533
v 0.03273507 0.002183518 0.01645684
v 0.035 0.0025 0.017
v 0.03428838 0.00247664 0.01580619
v 0.03601235 0.002049459 0.01598765
v 0.03052409 0.0 0.01605962
v 0.03145604 0.001299278 0.01647659
v 0.02950628 0.0 0.01504181
v 0.03034717 0.001310927 0.01535764
v 0.02839919 0.0 0.01393472
v 0.029262 0.001311877 0.01427164
v 0.0272921 0.0 0.01282763
v 0.02815178 0.001272883 0.01319472
v 0.02618347 0.0 0.011719
v 0.02705677 0.001239065 0.01212751
v 0.02511719 0.0 0.01065273
v 0.02599574 0.001249094 0.01105834
v 0.02404801 0.0 0.009583548
v 0.02504951 0.001375752 0.01000156
v 0.02427025 0.001570847 0.009020681
v 0.02436608 0.002333727 0.007633923
v 0.02552447 0.002396508 0.008531197
v 0.02436608 -0.002333727 0.007633923
v 0.02531517 -0.002459946 0.00668483
v 0.02556435 -0.002463228 0.008168519
v 0.02615497 -0.001892638 0.005845028
v 0.02667683 -0.0007915179 0.005323173
v 0.02741595 -0.001382929 0.006470617
v 0.02671361 0.0006140917 0.005286394
v 0.02620794 0.00182531 0.005792059
v 0.0274512 0.00135669 0.006481555
v 0.02529208 0.002465639 0.006707918
v 0.02426067 -0.001533309 0.009053144
v 0.03287117 -0.001310752 0.01788179
v 0.03121953 -0.0013769 0.01617052
v 0.02910688 -0.001297262 0.01412917
v 0.02688843 -0.001258011 0.01194373
v 0.02548598 -0.001249518 0.01054823
v 0.035 -0.0025 0.017
v 0.03381684 -0.0022023 0.01749008
v 0.03365147 -0.002464174 0.01624787
v 0.03246028 -0.001824226 0.0168778
v 0.03668315 0.0007642138 0.01531685
v 0.03540191 0.001597473 0.01468232
v 0.03667522 -0.0007983008 0.01532478
v 0.03601286 -0.002048957 0.01598714
v 0.03555893 -0.001353222 0.01458613
v 0.03476145 -0.002305808 0.01539526
v 0.02599021 -0.002244575 0.009547053
v 0.02664853 -0.002268282 0.007161991
v 0.02771629 1.367836e-05 0.006180814
v 0.02665371 0.002300697 0.007270384
v 0.028042 -0.001294998 0.01306623
v 0.03015963 -0.001281672 0.01519519
v 0.0357979 0.0001656003 0.01427013
v 0.03165865 0.002227424 0.01526401
v 0.02802034 0.001920218 0.007756376
v 0.03064138 0.002273641 0.01411145
v 0.02948021 0.002248429 0.01302589
v 0.02830487 0.002186882 0.01201809
v 0.0272033 0.002128532 0.01105768
v 0.02624921 0.002200381 0.009927497
v 0.0270758 0.002484121 0.008677949
v 0.03400335 0.002169016 0.0142453
v 0.03025442 -0.00221189 0.01390217
v 0.02860792 0.0007586717 0.007239118
v 0.03121267 -0.002182665 0.01493661
v 0.02815407 -0.002205732 0.01181825
v 0.02863251 -0.0007001565 0.007238461
v 0.03471839 0.001004731 0.01348094
v 0.03233928 -0.002308437 0.01569657
v 0.02801944 -0.00189272 0.00770963
v 0.02704089 -0.002471295 0.008506656
v 0.03479557 -0.0005068395 0.01333345
v 0.0329879 0.002498735 0.01510036
v 0.02923343 -0.002222724 0.01285176
v 0.03433147 -0.001830155 0.01392293
v 0.02696801 -0.002144268 0.01078577
v 0.03347759 -0.002464787 0.01488628
v 0.03357433 0.001728907 0.01302055
v 0.028519 0.002300869 0.009136251
v 0.0307427 -0.002488944 0.01241055
v 0.0275073 0.002485285 0.009890336
v 0.02985903 0.002489121 0.01152955
v 0.02862466 0.002499983 0.01061155
v 0.03232625 0.002466462 0.01374907
v 0.03105543 0.002477771 0.012585
v 0.03160159 -0.00249968 0.01354501
v 0.02963787 -0.002490933 0.01133704
v 0.03370262 0.0004498242 0.01222479
v 0.02937411 -0.001393273 0.008438535
v 0.02736642 -0.002490293 0.009677681
v 0.02845487 -0.00249994 0.0104304
v 0.02928073 0.001428334 0.008379057
v 0.0323069 -0.002495307 0.01452343
v 0.02964074 2.482218e-05 0.008105384
v 0.03362214 -0.001308278 0.01260937
v 0.02844258 -0.002291893 0.009030329
v 0.03247774 0.001872934 0.0121359
v 0.03226756 -0.002060379 0.01226514
v 0.03070492 -0.0006848704 0.00930464
v 0.03128331 0.001965984 0.01109932
v 0.03002257 0.001994968 0.009891797
v 0.03301355 -0.002264817 0.01351648
v 0.03036834 0.0007995099 0.009018481
v 0.03126136 -0.001825102 0.01084516
v 0.02977911 -0.002064702 0.009785614
v 0.032735 -0.0008472756 0.0114087
v 0.03243412 0.0007499566 0.01106142
v 0.03129498 0.0008709282 0.009980928
v 0.0318551 -0.0004065422 0.01036662
v 0.0325 -6.123234e-19 0.137
v 0.03288138 0.001327196 0.137
v 0.0325 -6.123234e-19 0.1355428
v 0.03393484 0.002261733 0.137
v 0.03324811 0.0017835 0.1356737
v 0.03534305 0.002476351 0.137
v 0.03663523 0.00189104 0.137
v 0.03606661 0.002261051 0.1356506
v 0.03739026 0.0007325677 0.137
v 0.03741074 -0.0006620819 0.137
v 0.0374994 -5.473941e-05 0.1357091
v 0.0366354 -0.001890894 0.137
v 0.03537134 -0.002472267 0.137
v 0.03592736 -0.00232164 0.1356735
v 0.03400042 -0.00229147 0.137
v 0.03289821 -0.00135369 0.137
v 0.03323382 -0.001769357 0.1357846
v 0.0325 -6.123234e-19 0.1340706
v 0.03276016 -0.001110464 0.1346539
v 0.0325 -6.123234e-19 0.1325985
v 0.0325 -6.123234e-19 0.1310915
v 0.03288338 -0.001330379 0.1319074
v 0.0325 -6.123234e-19 0.1295979
v 0.0325 -6.123234e-19 0.1280926
v 0.03285025 -0.001276161 0.1288137
v 0.0325 -6.123234e-19 0.1266105
v 0.0325 -6.123234e-19 0.1251168
v 0.03284526 -0.001267705 0.1258484
v 0.0325 -6.123234e-19 0.1236099
v 0.0325 -6.123234e-19 0.1221162
v 0.03283955 -0.001257953 0.1228278
v 0.0325 -6.123234e-19 0.1206573
v 0.0325 -6.123234e-19 0.1191852
v 0.03281399 -0.001212995 0.1199013
v 0.0325 -6.123234e-19 0.117713
v 0.0325 -6.123234e-19 0.116221
v 0.03283998 -0.001258703 0.116931
v 0.0325 -6.123234e-19 0.1147273
v 0.0325 -6.123234e-19 0.1132336
v 0.03283537 -0.001250759 0.1139598
v 0.0325 -6.123234e-19 0.1117499
v 0.0325 -6.123234e-19 0.1102778
v 0.0328054 -0.001197384 0.1109931
v 0.0325 -6.123234e-19 0.1088205
v 0.0325 -6.123234e-19 0.1073384
v 0.03284288 -0.001263655 0.1080733
v 0.0325 -6.123234e-19 0.1058315
v 0.0325 -6.123234e-19 0.1043378
v 0.03284177 -0.001261759 0.1050613
v 0.0325 -6.123234e-19 0.1028441
v 0.0325 -6.123234e-19 0.1013703
v 0.03282615 -0.001234653 0.1020727
v 0.0325 -6.123234e-19 0.0998982
v 0.0325 -6.123234e-19 0.09844099
v 0.0328317 -0.001244372 0.09915783
v 0.0325 -6.123234e-19 0.09694892
v 0.0325 -6.123234e-19 0.09545524
v 0.03282625 -0.001234838 0.09617014
v 0.0325 -6.123234e-19 0.0939483
v 0.0325 -6.123234e-19 0.09246292
v 0.03282085 -0.001225269 0.09315413
v 0.0325 -6.123234e-19 0.09100571
v 0.0325 -6.123234e-19 0.08946724
v 0.0328247 -0.001232108 0.09023029
v 0.0325 -6.123234e-19 0.08797356
v 0.0325 -6.123234e-19 0.08649978
v 0.03282213 -0.001227553 0.08720796
v 0.0325 -6.123234e-19 0.08502765
v 0.0325 -6.123234e-19 0.08357043
v 0.03282328 -0.001229592 0.08426449
v 0.0325 -6.123234e-19 0.08199385
v 0.0325 -6.123234e-19 0.08047862
v 0.03282971 -0.0012409 0.08127019
v 0.0325 -6.123234e-19 0.07897168
v 0.0325 -6.123234e-19 0.077478
v 0.03283927 -0.001257482 0.0782047
v 0.0325 -6.123234e-19 0.07601579
v 0.0325 -6.123234e-19 0.07454366
v 0.0328197 -0.001223226 0.07527312
v 0.0325 -6.123234e-19 0.07307152
v 0.0325 -6.123234e-19 0.0715828
v 0.0328521 -0.001279261 0.07231592
v 0.0325 -6.123234e-19 0.07008912
v 0.0325 -6.123234e-19 0.06858217
v 0.03283058 -0.001242419 0.06931769
v 0.0325 -6.123234e-19 0.06709346
v 0.0325 -6.123234e-19 0.06563624
v 0.03280348 -0.00119385 0.0663581
v 0.0325 -6.123234e-19 0.06417902
v 0.0325 -6.123234e-19 0.06270024
v 0.03284038 -0.001259374 0.06345373
v 0.0325 -6.123234e-19 0.0611933
v 0.0325 -6.123234e-19 0.05969961
v 0.03284415 -0.001265818 0.06044792
v 0.0325 -6.123234e-19 0.05820593
v 0.0325 -6.123234e-19 0.05672883
v 0.03282429 -0.001231376 0.05746576
v 0.0325 -6.123234e-19 0.05525669
v 0.0325 -6.123234e-19 0.05379947
v 0.03282171 -0.001226802 0.05452
v 0.0325 -6.123234e-19 0.05231073
v 0.0325 -6.123234e-19 0.05080379
v 0.03284938 -0.00127469 0.05155576
v 0.0325 -6.123234e-19 0.04931011
v 0.0325 -6.123234e-19 0.04782141
v 0.03284007 -0.001258847 0.04854786
v 0.0325 -6.123234e-19 0.04636419
v 0.0325 -6.123234e-19 0.04489206
v 0.03281985 -0.001223503 0.04562143
v 0.0325 -6.123234e-19 0.04341491
v 0.0325 -6.123234e-19 0.04192123
v 0.03284288 -0.001263654 0.04266512
v 0.0325 -6.123234e-19 0.04042754
v 0.0325 -6.123234e-19 0.03891399
v 0.03285721 -0.001287803 0.03965174
v 0.0325 -6.123234e-19 0.03742692
v 0.0325 -6.123234e-19 0.03591998
v 0.03285318 -0.001281078 0.03668649
v 0.0325 -6.123234e-19 0.03442629
v 0.0325 -6.123234e-19 0.03293593
v 0.03284906 -0.001274153 0.03366149
v 0.0325 -6.123234e-19 0.0314638
v 0.0325 -6.123234e-19 0.02999166
v 0.03282408 -0.001231002 0.03074542
v 0.0325 -6.123234e-19 0.02842504
v 0.0325 -6.123234e-19 0.02694295
v 0.03282098 -0.001225517 0.0276781
v 0.0325 -6.123234e-19 0.02547081
v 0.0325 -6.123234e-19 0.0240136
v 0.0328406 -0.001259756 0.02472327
v 0.0325 -6.123234e-19 0.02252984
v 0.0325 -6.123234e-19 0.0210229
v 0.03286648 -0.001303113 0.02159884
v 0.0325 -6.123234e-19 0.01952922
v 0.03283473 -0.001249651 0.01968106
v 0.0354237 -0.002463834 0.0183683
v 0.03388513 -0.002237647 0.01905963
v 0.03645764 -0.002031077 0.017
v 0.03736586 -0.0008079154 0.017
v 0.03694819 -0.001566705 0.01827235
v 0.03738573 0.0007471943 0.017
v 0.03749746 -0.0001126676 0.01828509
v 0.03645764 0.002031077 0.017
v 0.03603415 0.00227608 0.01830919
v 0.03277439 0.001138709 0.01913573
v 0.03356494 0.002047095 0.01877103
v 0.03473527 0.002485944 0.01838866
v 0.03279999 0.001187415 0.1345611
v 0.03283566 0.001251255 0.1332082
v 0.03281194 0.001209288 0.1317218
v 0.03280891 0.001203804 0.1302131
v 0.03280092 0.001189143 0.1287157
v 0.03280531 0.001197212 0.1272288
v 0.03282894 0.001239548 0.1257406
v 0.0328305 0.001242276 0.1242581
v 0.03282851 0.001238801 0.1227664
v 0.0328311 0.001243326 0.1213128
v 0.03282912 0.001239866 0.1198277
v 0.0328298 0.001241067 0.1183481
v 0.03281788 0.001219976 0.1168658
v 0.03283479 0.001249753 0.1153722
v 0.03282546 0.001233438 0.1138841
v 0.0328256 0.001233689 0.1123923
v 0.03282948 0.001240493 0.1109066
v 0.03282559 0.001233665 0.1094334
v 0.03282086 0.001225296 0.1079571
v 0.03282605 0.001234481 0.1064636
v 0.03283845 0.001256068 0.1049772
v 0.0328353 0.001250632 0.1034969
v 0.03283803 0.00125534 0.1020137
v 0.03282989 0.001241214 0.1005348
v 0.03282816 0.001238185 0.09906
v 0.03282447 0.0012317 0.09757562
v 0.03283542 0.001250838 0.09608244
v 0.03282733 0.001236734 0.09459768
v 0.03283206 0.001245007 0.09310902
v 0.03282361 0.001230177 0.09163437
v 0.03282444 0.001231633 0.09012128
v 0.03282552 0.001233545 0.08863592
v 0.03282596 0.001234322 0.08718736
v 0.03282138 0.00122622 0.08570547
v 0.03283453 0.001249291 0.08422993
v 0.03282726 0.001236603 0.08274202
v 0.03282636 0.001235033 0.08125464
v 0.03281569 0.001216058 0.07973205
v 0.03280599 0.001198461 0.07823552
v 0.03282136 0.001226177 0.07675364
v 0.03282326 0.001229551 0.07528391
v 0.03282652 0.001235311 0.07381333
v 0.0328263 0.001234918 0.07233423
v 0.0328214 0.001226258 0.07085027
v 0.03280776 0.001201709 0.06935585
v 0.03281712 0.001218612 0.06786468
v 0.03281497 0.001214755 0.06639344
v 0.03281647 0.001217447 0.0649241
v 0.03281129 0.001208119 0.06344514
v 0.03282548 0.001233478 0.06195762
v 0.03282574 0.001233937 0.06046652
v 0.03281637 0.001217273 0.05897831
v 0.03281581 0.001216275 0.05749223
v 0.03281572 0.001216103 0.05600877
v 0.03281693 0.001218279 0.05453026
v 0.03282001 0.001223789 0.05305294
v 0.0328245 0.001231752 0.05156567
v 0.03282794 0.001237808 0.05007545
v 0.03282715 0.001236413 0.04858826
v 0.03282435 0.00123148 0.04711212
v 0.03282363 0.001230203 0.04563838
v 0.03282616 0.001234674 0.04416206
v 0.03282607 0.001234517 0.0426749
v 0.0328217 0.001226791 0.04118071
v 0.03281406 0.001213117 0.03967955
v 0.0328168 0.001218045 0.03818311
v 0.03282608 0.001234529 0.03669225
v 0.03281995 0.001223669 0.03519927
v 0.0328121 0.001209589 0.03370504
v 0.03281344 0.001212001 0.03221598
v 0.03282094 0.001225441 0.03073782
v 0.032822 0.001227325 0.02922963
v 0.03282176 0.001226893 0.02771965
v 0.0328192 0.001222345 0.02624945
v 0.03282673 0.001235683 0.02478963
v 0.03280538 0.001197347 0.02334173
v 0.03279867 0.001184958 0.02191039
v 0.03276618 0.001122521 0.02050362
v 0.03461219 0.002469738 0.1355925
v 0.03713296 0.001304019 0.1356895
v 0.03704985 -0.001431129 0.1357185
v 0.03451006 -0.002451523 0.1357063
v 0.03285094 -0.001277323 0.1333886
v 0.03285396 -0.001282383 0.1303578
v 0.03284502 -0.001267311 0.1273633
v 0.03284149 -0.001261289 0.1243428
v 0.0328181 -0.001220377 0.1213721
v 0.03281868 -0.001221402 0.118442
v 0.03284291 -0.001263718 0.1154453
v 0.03281039 -0.001206491 0.1124536
v 0.03281458 -0.001214068 0.1095251
v 0.03284517 -0.001267555 0.1065681
v 0.03283395 -0.001248283 0.1035354
v 0.03282585 -0.001234132 0.1006097
v 0.03283366 -0.001247789 0.09768151
v 0.03282394 -0.001230759 0.0946648
v 0.0328162 -0.001216971 0.09170325
v 0.03282576 -0.001233976 0.08867808
v 0.03282242 -0.001228074 0.08573744
v 0.03282421 -0.001231229 0.08276837
v 0.03283538 -0.001250764 0.07972805
v 0.03282126 -0.00122601 0.07674651
v 0.03282855 -0.001238879 0.07380484
v 0.03284269 -0.00126333 0.07081544
v 0.03281477 -0.001214394 0.06780713
v 0.03281144 -0.001208392 0.06490104
v 0.03284264 -0.001263248 0.06194822
v 0.03283858 -0.001256288 0.05893134
v 0.03282044 -0.001224551 0.05599269
v 0.0328421 -0.001262323 0.05306562
v 0.0328479 -0.001272194 0.05005531
v 0.03281885 -0.001221721 0.04708967
v 0.03283321 -0.001247011 0.04417054
v 0.03284832 -0.001272896 0.04116381
v 0.03285215 -0.001279357 0.03820805
v 0.03284957 -0.001275017 0.03517793
v 0.03282617 -0.001234689 0.03220456
v 0.03282991 -0.00124125 0.02921469
v 0.03282322 -0.001229479 0.02620576
v 0.03286344 -0.001298115 0.02322865
v 0.03709361 0.001366307 0.01829557
v 0.03544816 0.002459502 0.1343047
v 0.03407838 -0.002323921 0.1328718
v 0.03507514 -0.002498871 0.1343386
v 0.03743923 0.0005478759 0.1344488
v 0.03667524 0.001855688 0.01960167
v 0.03377288 -0.002178115 0.1280693
v 0.03378397 -0.002184326 0.1250724
v 0.03372508 -0.002150486 0.1221134
v 0.03370918 -0.002140976 0.119122
v 0.03375278 -0.002166664 0.1161485
v 0.03371322 -0.002143407 0.113223
v 0.03368148 -0.002124031 0.1102389
v 0.03379051 -0.002187951 0.1073015
v 0.03376227 -0.002172102 0.1042912
v 0.03372171 -0.00214848 0.1027576
v 0.03371693 -0.002145632 0.09984716
v 0.0337231 -0.002149311 0.09688767
v 0.03370891 -0.002140813 0.09387469
v 0.03371623 -0.00214521 0.09093835
v 0.03372725 -0.00215177 0.08943123
v 0.03370571 -0.002138883 0.08790644
v 0.03370603 -0.002139074 0.08497879
v 0.0337194 -0.002147105 0.08199741
v 0.03375331 -0.002166969 0.0789538
v 0.03373387 -0.00215567 0.07750728
v 0.03373111 -0.002154046 0.07451789
v 0.03379018 -0.002187769 0.07152998
v 0.033708 -0.002140266 0.06854584
v 0.03367341 -0.002119 0.0656297
v 0.03377486 -0.00217923 0.0626862
v 0.03378334 -0.002183972 0.05971891
v 0.03374992 -0.002165015 0.05821404
v 0.03372489 -0.002150372 0.05524651
v 0.03376431 -0.002173264 0.05230093
v 0.0337584 -0.002169893 0.0493259
v 0.03371957 -0.002147205 0.04784479
v 0.03373969 -0.00215908 0.04485757
v 0.0337924 -0.002188995 0.04191581
v 0.03380483 -0.002195804 0.03895251
v 0.03381626 -0.00220199 0.03592605
v 0.03375744 -0.002169342 0.03294636
v 0.03375044 -0.002165319 0.02997409
v 0.03374229 -0.002160595 0.02847258
v 0.03374696 -0.002163308 0.02546189
v 0.03384057 -0.002214886 0.02241498
v 0.03386438 -0.002227187 0.02075058
v 0.03647963 -0.002015116 0.1344162
v 0.03742754 0.000597517 0.01961803
v 0.03731638 -0.0009404061 0.01961212
v 0.03376246 -0.002172212 0.1295564
v 0.03366342 -0.002112713 0.1344083
v 0.03348124 0.001985795 0.02000846
v 0.03674935 0.001785995 0.1344243
v 0.03373633 0.002157111 0.1323545
v 0.03363945 0.002097359 0.1308189
v 0.03361013 0.002078045 0.1293248
v 0.03365755 0.002108986 0.1278561
v 0.03368931 0.002128869 0.1263549
v 0.03373158 0.002154322 0.1249097
v 0.03374826 0.00216406 0.1234257
v 0.03374856 0.002164231 0.1219606
v 0.03376195 0.002171919 0.1204725
v 0.03377017 0.002176586 0.1189905
v 0.03378667 0.002185826 0.117521
v 0.03376961 0.00217627 0.1159923
v 0.03376844 0.002175605 0.1145554
v 0.03378571 0.002185293 0.1130327
v 0.03377807 0.002181031 0.1115263
v 0.03376449 0.002173363 0.1100421
v 0.03374588 0.002162682 0.1085857
v 0.03371146 0.002142351 0.1070841
v 0.03373022 0.002153524 0.1056016
v 0.03374435 0.002161792 0.1041503
v 0.03375879 0.002170115 0.1026713
v 0.03376693 0.002174749 0.1011663
v 0.03376897 0.002175906 0.09969289
v 0.03375474 0.002167794 0.09821062
v 0.03372664 0.002151405 0.09669399
v 0.0337289 0.002152744 0.09523903
v 0.03371023 0.002141611 0.09374851
v 0.03370788 0.002140194 0.09226298
v 0.03373919 0.002158787 0.09077759
v 0.03374076 0.0021597 0.08930465
v 0.0337435 0.002161297 0.08785118
v 0.033736 0.002156919 0.08637642
v 0.03372696 0.002151595 0.0849021
v 0.03371708 0.002145719 0.08344675
v 0.0337521 0.002166276 0.08197833
v 0.03374894 0.002164449 0.0805184
v 0.03372161 0.002148424 0.0790086
v 0.03374881 0.002164376 0.07747458
v 0.03374857 0.002164237 0.076022
v 0.03374595 0.002162718 0.07455141
v 0.03370053 0.002135736 0.07307533
v 0.03367652 0.002120945 0.07160104
v 0.03367374 0.002119208 0.07013888
v 0.03368032 0.002123307 0.06861238
v 0.03371154 0.002142396 0.06715184
v 0.03371898 0.002146856 0.06569444
v 0.03372433 0.002150038 0.0642074
v 0.03373027 0.002153553 0.06271018
v 0.03372445 0.002150112 0.06122793
v 0.03372356 0.002149581 0.05974029
v 0.03371888 0.002146795 0.05826451
v 0.03371592 0.002145025 0.05676608
v 0.03371862 0.00214664 0.05527739
v 0.03371978 0.002147331 0.05378514
v 0.03368157 0.002124084 0.05231491
v 0.03368302 0.002124985 0.05083513
v 0.03370316 0.002137335 0.04935225
v 0.03374707 0.00216337 0.04786996
v 0.03374844 0.002164161 0.04638981
v 0.03374436 0.002161797 0.04490965
v 0.03369817 0.002134301 0.0434256
v 0.033675 0.002119996 0.0419372
v 0.03366597 0.002114325 0.04044224
v 0.0336821 0.002124414 0.03893328
v 0.03368906 0.002128715 0.0374519
v 0.03369781 0.00213408 0.03597488
v 0.03370057 0.002135761 0.03448041
v 0.03370141 0.002136271 0.03297345
v 0.03371038 0.002141703 0.03147913
v 0.0337265 0.002151327 0.02997009
v 0.03371787 0.002146191 0.02852839
v 0.03372473 0.002150277 0.02702646
v 0.03372896 0.002152779 0.02554525
v 0.03375121 0.002165764 0.02411245
v 0.03368439 0.002125835 0.02264743
v 0.03386228 0.002226115 0.134073
v 0.03734691 -0.0008613963 0.1344411
v 0.03382411 -0.002206191 0.1311457
v 0.03550992 0.002447444 0.0195451
v 0.03378818 -0.002186664 0.1265759
v 0.03376086 -0.002171299 0.1235675
v 0.03370765 -0.002140054 0.1206132
v 0.0337322 -0.002154688 0.1176141
v 0.03374189 -0.002160359 0.1146775
v 0.03366865 -0.00211601 0.1117222
v 0.0337284 -0.002152446 0.1087463
v 0.03378625 -0.002185591 0.1057977
v 0.03371723 -0.002145809 0.1013045
v 0.03373489 -0.00215627 0.09839638
v 0.03371379 -0.002143751 0.09538737
v 0.03370598 -0.002139046 0.092438
v 0.0337073 -0.002139845 0.08644706
v 0.03371416 -0.002143974 0.08351843
v 0.0337461 -0.002162805 0.08048282
v 0.03372456 -0.002150177 0.07600838
v 0.03374599 -0.002162741 0.07301498
v 0.03376735 -0.002174986 0.07004633
v 0.03365873 -0.002109739 0.06709483
v 0.03371723 -0.00214581 0.06416267
v 0.03378809 -0.002186612 0.06120877
v 0.03374324 -0.002161146 0.05672952
v 0.03373402 -0.002155759 0.05375091
v 0.033768 -0.002175356 0.0507948
v 0.03371529 -0.002144651 0.04635111
v 0.03376538 -0.002173869 0.04341428
v 0.03379538 -0.002190639 0.04041262
v 0.03380609 -0.002196493 0.03746071
v 0.03378563 -0.002185248 0.03443744
v 0.03373918 -0.00215878 0.03146834
v 0.03372453 -0.002150155 0.02697343
v 0.033783 -0.002183786 0.02397159
v 0.03644079 -0.002043066 0.01946312
v 0.03436951 0.00241919 0.0194628
v 0.03357371 0.002053214 0.02128746
v 0.0352281 -0.002489572 0.02007711
v 0.03749054 -0.0002172802 0.02091256
v 0.03503685 -0.002499728 0.06348323
v 0.03504875 -0.002499525 0.07224607
v 0.03503443 -0.002499763 0.1080139
v 0.03499095 -0.002499984 0.1228112
v 0.0349898 0.002499979 0.1328477
v 0.03488766 -0.002497474 0.1124454
v 0.03492283 -0.002498809 0.1139056
v 0.03493181 -0.00249907 0.100524
v 0.03499644 -0.002499997 0.1034863
v 0.03494036 -0.002499289 0.09314993
v 0.03492816 -0.002498968 0.09461919
v 0.03491923 -0.002498695 0.08568385
v 0.03499607 -0.002499997 0.09016488
v 0.03496394 -0.00249974 0.08272475
v 0.03501228 -0.00249997 0.07525557
v 0.03501479 -0.002499956 0.07822217
v 0.03489941 -0.002497976 0.06779237
v 0.03500642 -0.002499992 0.06925419
v 0.03500827 -0.002499986 0.05599314
v 0.0350594 -0.002499294 0.05895398
v 0.03500845 -0.002499986 0.05154683
v 0.0349809 -0.002499927 0.04561771
v 0.03499207 -0.002499987 0.04858345
v 0.03505061 -0.002499488 0.04116924
v 0.03507269 -0.002498943 0.03821622
v 0.03500545 -0.002499994 0.02776532
v 0.03503383 -0.002499771 0.02922889
v 0.03499487 -0.002499995 0.02478452
v 0.03499196 -0.002499987 0.04709874
v 0.03498649 0.002499963 0.08413991
v 0.0351356 -0.00249632 0.131727
v 0.0349345 -0.002499142 0.1302408
v 0.03496902 -0.002499808 0.1168471
v 0.03711119 0.001338981 0.02095391
v 0.03495444 0.002499585 0.08268514
v 0.03478209 0.002490485 0.1313767
v 0.03503237 -0.00249979 0.1257979
v 0.03476363 0.002488801 0.1298978
v 0.03484376 0.002495113 0.1284584
v 0.03491971 0.00249871 0.1270099
v 0.03494403 0.002499373 0.1255488
v 0.03496981 0.002499818 0.1240787
v 0.03497082 0.00249983 0.1225964
v 0.03499368 0.002499992 0.1211347
v 0.03500002 0.0025 0.1196426
v 0.03502982 0.002499822 0.1181641
v 0.03504204 0.002499647 0.1166769
v 0.03502916 0.00249983 0.1151892
v 0.03503249 0.002499789 0.1136855
v 0.03503341 0.002499777 0.1121802
v 0.03501144 0.002499974 0.1106876
v 0.03495483 0.002499592 0.1092075
v 0.03495306 0.002499559 0.1077257
v 0.03493085 0.002499043 0.1062521
v 0.0349561 0.002499615 0.1047828
v 0.03497844 0.002499907 0.103312
v 0.03502859 0.002499836 0.101836
v 0.03501836 0.002499933 0.1003484
v 0.0350158 0.00249995 0.09885034
v 0.03501526 0.002499953 0.09734639
v 0.03496749 0.002499789 0.09585741
v 0.03492329 0.002498823 0.0943804
v 0.03490685 0.002498264 0.09290294
v 0.03491093 0.002498413 0.09142792
v 0.03495004 0.002499501 0.08996202
v 0.03496991 0.002499819 0.08850339
v 0.03500501 0.002499995 0.08705089
v 0.03499724 0.002499998 0.08559348
v 0.03496597 -0.002499768 0.09757828
v 0.0349593 0.002499669 0.08122367
v 0.03496459 0.002499749 0.07974759
v 0.03495683 0.002499627 0.07826115
v 0.03494414 0.002499376 0.07677317
v 0.03494054 0.002499293 0.07529441
v 0.03494536 0.002499403 0.07381122
v 0.03494453 0.002499385 0.07233039
v 0.03492971 0.002499012 0.0708559
v 0.03489502 0.002497795 0.06938669
v 0.03487044 0.00249664 0.06791046
v 0.03487976 0.002497107 0.06643445
v 0.03494363 0.002499364 0.0649928
v 0.03494385 0.002499369 0.06349609
v 0.03492135 0.002498762 0.06199586
v 0.03492049 0.002498735 0.06049994
v 0.03494023 0.002499285 0.05900962
v 0.03495907 0.002499665 0.05751887
v 0.03496805 0.002499796 0.05603032
v 0.03497242 0.002499848 0.05454409
v 0.03494748 0.002499448 0.05306212
v 0.03494931 0.002499486 0.0515861
v 0.03495096 0.002499519 0.05010872
v 0.03494741 0.002499447 0.0486261
v 0.03494114 0.002499307 0.04714261
v 0.03493869 0.002499248 0.0456603
v 0.03494034 0.002499288 0.0441767
v 0.03493909 0.002499258 0.04269286
v 0.03493029 0.002499028 0.04120745
v 0.03491512 0.002498559 0.03972185
v 0.03489563 0.00249782 0.03819967
v 0.03488526 0.002497366 0.03671529
v 0.03489232 0.00249768 0.03522271
v 0.03492172 0.002498774 0.03372722
v 0.03494761 0.002499451 0.03223601
v 0.03494345 0.00249936 0.03074581
v 0.03495054 0.002499511 0.02926838
v 0.03496784 0.002499793 0.02779416
v 0.03498785 0.00249997 0.02631803
v 0.03500732 0.002499989 0.02484293
v 0.03505323 0.002499433 0.02335041
v 0.03502859 -0.002499837 0.12731
v 0.03505882 -0.002499308 0.03370785
v 0.0350293 -0.002499828 0.04267748
v 0.03501172 -0.002499973 0.1287909
v 0.03575919 -0.00238194 0.1331109
v 0.03668596 -0.001845953 0.0209735
v 0.03500209 -0.002499999 0.05302795
v 0.03506344 -0.002499195 0.03519124
v 0.03502661 -0.002499858 0.03073298
v 0.03504118 -0.002499661 0.03220205
v 0.03500561 -0.002499994 0.04414387
v 0.03504979 -0.002499504 0.03969282
v 0.03502368 -0.002499888 0.05747039
v 0.03500744 -0.002499989 0.05450948
v 0.03499157 -0.002499986 0.05006337
v 0.0350083 -0.002499986 0.07674625
v 0.03496908 -0.002499809 0.06494297
v 0.03503931 -0.002499691 0.06048076
v 0.03502384 -0.002499886 0.07375383
v 0.03486945 -0.002496589 0.06636357
v 0.03504146 -0.002499656 0.07073983
v 0.03493915 -0.002499259 0.08716248
v 0.03492893 -0.002498989 0.08421054
v 0.03501382 -0.002499962 0.07973529
v 0.03495501 -0.002499595 0.101995
v 0.03497448 -0.00249987 0.08865726
v 0.03493853 -0.002499244 0.099054
v 0.03498753 -0.002499969 0.09165353
v 0.034943 -0.00249935 0.09609996
v 0.03495739 -0.002499637 0.1094976
v 0.03501954 -0.002499924 0.1050061
v 0.0349764 -0.002499889 0.1183329
v 0.03488922 -0.002497544 0.1109732
v 0.03495007 -0.002499501 0.1153706
v 0.03501527 -0.002499953 0.1242907
v 0.03497723 -0.002499896 0.1198213
v 0.03493169 0.002499067 0.02191866
v 0.03498263 -0.00249994 0.1213045
v 0.03503534 -0.00249975 0.1065364
v 0.0350022 -0.002499999 0.08122818
v 0.03503466 -0.00249976 0.06196684
v 0.03601271 0.002285699 0.02088541
v 0.03506742 -0.002499091 0.02325107
v 0.03506649 -0.002499116 0.03669918
v 0.03499781 -0.002499999 0.02626676
v 0.0372494 0.00109097 0.1331956
v 0.0363387 0.002111367 0.1331205
v 0.03696946 -0.001539882 0.1331981
v 0.03521374 -0.002490846 0.02165084
v 0.03748655 -0.0002589669 0.133211
v 0.03638833 -0.002079069 0.02259765
v 0.03464123 0.002474122 0.02060259
v 0.03629222 -0.002140135 0.06124888
v 0.03626371 -0.002157089 0.02414233
v 0.03619413 -0.002196374 0.1145775
v 0.03622352 -0.002180135 0.1205137
v 0.03626662 -0.002155382 0.02706715
v 0.03624034 -0.002170612 0.1041809
v 0.03625141 -0.00216425 0.08046736
v 0.03629501 -0.002138443 0.07144583
v 0.03627683 -0.00214935 0.02998992
v 0.03625994 -0.002159296 0.05228699
v 0.03632088 -0.002122566 0.04193929
v 0.03586815 0.002344421 0.1304298
v 0.03629335 -0.002139449 0.05972637
v 0.03622421 0.002179747 0.08337563
v 0.03627315 -0.002151534 0.07897882
v 0.03627464 -0.002150652 0.1057181
v 0.03629902 -0.002136014 0.03745606
v 0.03629885 -0.002136118 0.06276711
v 0.03599176 -0.002294867 0.1308211
v 0.03630171 -0.002134373 0.03444911
v 0.03624533 -0.002167752 0.02561587
v 0.03623805 -0.00217192 0.06838098
v 0.03620176 -0.002192206 0.117517
v 0.03629151 -0.002140563 0.06990357
v 0.03626986 -0.002153476 0.1088033
v 0.0373266 -0.0009148483 0.0221612
v 0.03624784 -0.002166309 0.06428779
v 0.03596241 0.002307329 0.131804
v 0.03623061 -0.002176146 0.08196259
v 0.03621038 -0.00218746 0.1190238
v 0.03599891 0.002291762 0.129075
v 0.03613235 0.002228852 0.1276779
v 0.03619708 0.002194767 0.1262295
v 0.03625131 0.002164306 0.1247501
v 0.0362626 0.002157741 0.1232946
v 0.03624356 0.00216877 0.1218133
v 0.03627048 0.002153112 0.1202955
v 0.03627709 0.002149195 0.1188379
v 0.03628555 0.002144145 0.1173664
v 0.03627989 0.002147531 0.1158982
v 0.03628122 0.002146733 0.1143672
v 0.0362951 0.00213839 0.1128471
v 0.03628262 0.002145901 0.1113324
v 0.03622511 0.002179242 0.1098337
v 0.03616446 0.002212247 0.1083698
v 0.03616915 0.002209772 0.1069069
v 0.03621528 0.002184739 0.1054442
v 0.03623806 0.002171916 0.1039651
v 0.0362664 0.002155513 0.10251
v 0.0362711 0.002152741 0.1010537
v 0.03626579 0.002155871 0.09953155
v 0.03626819 0.002154461 0.09801751
v 0.03626422 0.002156789 0.09649602
v 0.0362349 0.002173709 0.09498243
v 0.03613516 0.002227425 0.09354375
v 0.03611778 0.002236193 0.09208201
v 0.03620002 0.002193158 0.09064557
v 0.03623605 0.002173058 0.08917064
v 0.03625921 0.002159718 0.08773976
v 0.03622933 0.002176864 0.08193839
v 0.03630873 -0.002130074 0.1072754
v 0.03622615 0.002178658 0.08047561
v 0.0362176 0.002183447 0.07900219
v 0.03619986 0.002193248 0.07752248
v 0.03619511 0.002195837 0.07604015
v 0.03619218 0.002197434 0.07455209
v 0.03619036 0.002198419 0.0730592
v 0.03618425 0.002201714 0.0715639
v 0.03616625 0.002211305 0.07008782
v 0.03607291 0.002258066 0.06865407
v 0.03607821 0.00225554 0.06720614
v 0.03616962 0.002209525 0.06577459
v 0.03619619 0.002195252 0.06428733
v 0.03617771 0.002205223 0.06277552
v 0.03617084 0.002208877 0.06126712
v 0.03618623 0.00220065 0.05976519
v 0.0361788 0.002204637 0.05827009
v 0.03619621 0.00219524 0.05677989
v 0.03620509 0.002190379 0.05529214
v 0.03621829 0.002183066 0.05380842
v 0.03620195 0.002192105 0.05232899
v 0.03620159 0.002192301 0.05085191
v 0.03618942 0.002198925 0.04937098
v 0.0361995 0.002193444 0.04789057
v 0.03619421 0.002196327 0.04640909
v 0.03619248 0.00219727 0.04492785
v 0.03617672 0.002205749 0.04344702
v 0.03618463 0.002201512 0.04196515
v 0.03617521 0.002206554 0.04047311
v 0.03616238 0.002213342 0.03897358
v 0.03614558 0.002222082 0.03747117
v 0.03614408 0.002222856 0.03597196
v 0.0361634 0.002212803 0.03447553
v 0.0361841 0.002201796 0.03298403
v 0.03618018 0.002203899 0.03150119
v 0.03620377 0.002191104 0.03001974
v 0.03618809 0.002199645 0.02855015
v 0.03621429 0.002185294 0.02708614
v 0.03624291 0.002169144 0.02562135
v 0.03630413 0.002132896 0.0241313
v 0.03628325 -0.002145523 0.1265278
v 0.03613382 -0.002228103 0.09387414
v 0.03626498 -0.002156347 0.0285175
v 0.0361909 -0.002198128 0.08787071
v 0.03631288 -0.002127518 0.0359491
v 0.03616 -0.002214589 0.1131328
v 0.03625777 -0.002160557 0.1219998
v 0.03622842 -0.002177378 0.08938609
v 0.03621146 -0.002186864 0.1160528
v 0.03742009 0.000627023 0.02212132
v 0.03648105 -0.002014076 0.1319372
v 0.03611954 -0.002235313 0.09532902
v 0.03645049 0.00203619 0.02242146
v 0.03625518 -0.002162067 0.09091026
v 0.03625832 -0.002160237 0.1249909
v 0.03619434 -0.002196257 0.08491296
v 0.03626662 -0.002155382 0.07297832
v 0.03617575 -0.002206267 0.09677003
v 0.03632859 -0.002117749 0.03295686
v 0.03621268 -0.002186186 0.1295422
v 0.03626261 -0.002157733 0.05526208
v 0.03619788 -0.00219433 0.09971605
v 0.03629173 -0.00214043 0.03147448
v 0.03626118 -0.00215857 0.04933714
v 0.03625952 -0.002159541 0.09240806
v 0.03748116 0.0003063152 0.1319395
v 0.0373002 -0.0009793298 0.131912
v 0.03623504 -0.002173635 0.04636781
v 0.03624086 0.002170314 0.08630526
v 0.03630107 -0.002134766 0.05674126
v 0.03631241 -0.002127812 0.03896399
v 0.03624863 -0.002165851 0.07749721
v 0.03623646 -0.002172822 0.04785228
v 0.03623474 0.002173805 0.08484228
v 0.03624345 -0.002168829 0.05377021
v 0.03629 -0.002141474 0.05822056
v 0.03700425 0.001494315 0.1320013
v 0.03618615 -0.002200692 0.06578144
v 0.03606382 -0.002262365 0.111699
v 0.03631996 -0.002123133 0.04045738
v 0.03627349 -0.002151331 0.04341448
v 0.03632134 -0.002122275 0.128074
v 0.03625941 -0.002159606 0.05080916
v 0.0362065 -0.002189601 0.1026597
v 0.03625079 -0.002164606 0.04488719
v 0.03625946 -0.002159577 0.07450167
v 0.03618812 -0.002199628 0.08638047
v 0.03622086 -0.00218163 0.08344516
v 0.03620441 -0.002190754 0.09824264
v 0.03610982 -0.002240157 0.1102608
v 0.03625695 -0.002161034 0.1234828
v 0.03694326 -0.001572811 0.1305836
v 0.03595337 -0.00231108 0.06708239
v 0.0371882 -0.001209046 0.06357213
v 0.03714236 -0.001288518 0.08560306
v 0.03716211 -0.001255109 0.09012525
v 0.0371392 -0.001293769 0.08857597
v 0.03719429 -0.00119796 0.07218014
v 0.03625566 -0.002161783 0.07600459
v 0.03713981 -0.001292752 0.1152242
v 0.03620195 -0.002192101 0.1011953
v 0.03718626 -0.001212537 0.06050312
v 0.03718103 -0.001221926 0.05155564
v 0.03714201 -0.001289112 0.1033387
v 0.03713414 -0.001302096 0.08704791
v 0.03716632 -0.001247826 0.1256831
v 0.03717411 0.001234192 0.08699926
v 0.03719452 -0.001197527 0.06895267
v 0.03714748 0.00127998 0.08120036
v 0.03721081 -0.001167187 0.03520279
v 0.03713053 -0.001307987 0.1166891
v 0.03715585 -0.001265821 0.08120264
v 0.03702682 0.001463553 0.128407
v 0.03711529 0.001332489 0.1269892
v 0.03715133 0.001273484 0.1255111
v 0.03716297 0.001253622 0.1240135
v 0.03716748 0.001245797 0.122529
v 0.03717291 0.001236309 0.1210465
v 0.03717183 0.001238211 0.1195538
v 0.03716944 0.001242398 0.118082
v 0.03717703 0.001229033 0.1165998
v 0.03719404 0.001198407 0.1150945
v 0.03721566 0.001157952 0.1135771
v 0.03723534 0.001119485 0.1120149
v 0.03720878 0.001171023 0.1104752
v 0.03711561 0.001331989 0.1090077
v 0.03708775 0.001375251 0.1075584
v 0.03711635 0.001330805 0.1061766
v 0.03715581 0.001265886 0.1046804
v 0.03716042 0.001258015 0.1032206
v 0.03717393 0.001234518 0.1017425
v 0.03718822 0.001208999 0.1002533
v 0.03719873 0.001189792 0.09874657
v 0.03720473 0.001178622 0.09720638
v 0.03721447 0.001160218 0.09562765
v 0.03717212 0.001237704 0.09407421
v 0.03696271 0.001548469 0.09273542
v 0.0371046 0.001349314 0.09141639
v 0.03714792 0.001279235 0.08995113
v 0.03716164 0.001255911 0.08844932
v 0.03713474 0.001301114 0.07973112
v 0.03713499 0.001300692 0.07826315
v 0.03714075 0.001291203 0.07678262
v 0.0371327 0.001304448 0.07528934
v 0.03713204 0.001305522 0.07378849
v 0.03712365 0.00131913 0.07227263
v 0.03712181 0.001322086 0.07073816
v 0.03708452 0.001380143 0.06927053
v 0.03694484 0.00157086 0.06795209
v 0.03710718 0.001345283 0.06663979
v 0.03714025 0.001292031 0.0651245
v 0.03713918 0.001293803 0.06357657
v 0.03713868 0.001294626 0.06204304
v 0.03713529 0.001300199 0.06052214
v 0.03713511 0.001300502 0.05901318
v 0.03713061 0.001307853 0.05752003
v 0.03712686 0.001313957 0.05603508
v 0.03713975 0.00129285 0.05454956
v 0.03713387 0.001302532 0.05306516
v 0.03714281 0.001287772 0.05158545
v 0.03714334 0.001286891 0.05011003
v 0.03714929 0.001276928 0.04863114
v 0.03713883 0.001294374 0.04714955
v 0.03713479 0.001301027 0.04566996
v 0.03714007 0.001292322 0.04419233
v 0.03712877 0.001310858 0.04271364
v 0.03712819 0.0013118 0.04122668
v 0.03711368 0.001335055 0.03973491
v 0.03711974 0.001325408 0.03824237
v 0.03712163 0.001322377 0.03672399
v 0.03712234 0.001321241 0.03521744
v 0.0371078 0.001344313 0.0337018
v 0.03711259 0.001336777 0.0322534
v 0.03711217 0.001337439 0.03077437
v 0.03713854 0.001294855 0.02928996
v 0.03713963 0.001293055 0.02783618
v 0.03715149 0.001273229 0.02639982
v 0.03717752 0.00122817 0.02497548
v 0.03720396 -0.001180072 0.03671051
v 0.037191 -0.001203953 0.06205839
v 0.03714492 -0.001284251 0.08270789
v 0.03749846 -8.77181e-05 0.02314355
v 0.0371491 -0.001277243 0.1212041
v 0.03714645 -0.001281691 0.084148
v 0.037169 -0.001243159 0.07526308
v 0.03717885 -0.001225809 0.05008733
v 0.03709611 -0.001362473 0.06707612
v 0.03717138 -0.001238996 0.07374392
v 0.03715989 -0.001258911 0.104855
v 0.03713848 -0.001294961 0.100364
v 0.03720025 -0.001186979 0.07062377
v 0.0371671 -0.001246462 0.07969946
v 0.03716452 -0.001250943 0.02358416
v 0.03723138 0.001127366 0.02354056
v 0.03712909 -0.001310331 0.1018233
v 0.0371278 -0.00131243 0.1097257
v 0.03718662 -0.001211904 0.09172888
v 0.03710687 -0.00134577 0.0959155
v 0.0371407 -0.00129128 0.09740039
v 0.03715751 -0.001262991 0.04863091
v 0.03716996 -0.001241479 0.07676668
v 0.03716132 -0.00125646 0.02501617
v 0.03712527 -0.001316517 0.1137468
v 0.0371764 0.001230158 0.08410913
v 0.03671999 0.001814284 0.1309167
v 0.03724556 -0.00109885 0.1290201
v 0.03746625 -0.0004094011 0.1305699
v 0.03713591 -0.00129919 0.1196978
v 0.0371821 -0.001220018 0.0560373
v 0.03720663 -0.001175065 0.03821306
v 0.03717555 -0.001231662 0.02640187
v 0.03718005 -0.001223674 0.05301711
v 0.03720447 -0.001179124 0.03368866
v 0.03733923 0.0008820336 0.1307303
v 0.03726918 -0.001049199 0.1081328
v 0.0371558 -0.001265915 0.06522049
v 0.03718113 0.001221756 0.08555308
v 0.03713083 -0.001307508 0.1182005
v 0.03718506 -0.001214703 0.07826516
v 0.03716647 -0.001247556 0.05452659
v 0.0371512 0.00127371 0.08265974
v 0.03719544 -0.001195839 0.1064063
v 0.03718983 -0.001206079 0.04269363
v 0.03719603 -0.001194765 0.1272751
v 0.03717525 -0.001232187 0.02781974
v 0.03719719 -0.001192623 0.04121911
v 0.03719234 -0.001201513 0.05895896
v 0.03716726 -0.001246187 0.09325147
v 0.03696993 -0.001539272 0.09458153
v 0.03716251 -0.001254408 0.04564015
v 0.03718476 -0.001215238 0.03074224
v 0.03718176 -0.001220625 0.02924106
v 0.03715161 -0.001273023 0.1241316
v 0.03714261 -0.001288103 0.09888705
v 0.03715201 -0.001272336 0.1226611
v 0.03689045 0.001635907 0.1297494
v 0.03708353 -0.001381625 0.1123058
v 0.03749976 3.464635e-05 0.06282492
v 0.0374991 6.722224e-05 0.09085456
v 0.03749998 9.569358e-06 0.08192303
v 0.03749909 -6.754167e-05 0.1158966
v 0.03749762 -0.0001091108 0.09645996
v 0.03717908 -0.001225409 0.0441428
v 0.03746893 0.0003929401 0.1293329
v 0.03692848 -0.001590895 0.1110285
v 0.03720144 -0.001184762 0.03975523
v 0.03749987 -2.515015e-05 0.08340147
v 0.03749299 0.0001870923 0.06796672
v 0.03720134 -0.001184943 0.03224792
v 0.03718933 -0.001206995 0.05749168
v 0.03749996 1.429319e-05 0.05083555
v 0.0371551 -0.001267102 0.04712938
v 0.03749971 3.806736e-05 0.07897916
v 0.03749957 4.620468e-05 0.04196741
v 0.0374944 0.0001672623 0.09264212
v 0.03749965 4.177582e-05 0.1263299
v 0.03749999 5.729647e-06 0.1248141
v 0.03749965 -4.206538e-05 0.1233115
v 0.03749953 -4.872018e-05 0.1218345
v 0.03749977 -3.374034e-05 0.1203558
v 0.03749985 -2.726364e-05 0.1173777
v 0.03749825 -9.346272e-05 0.114384
v 0.03749577 -0.0001454304 0.1128385
v 0.03748248 -0.0002954368 0.1111283
v 0.0375 -2.092404e-06 0.1095
v 0.03747445 0.0003565271 0.1081999
v 0.03749697 0.0001230916 0.1069419
v 0.03749979 3.245728e-05 0.1054869
v 0.03749999 6.280975e-06 0.1040024
v 0.03749989 -2.322422e-05 0.1025085
v 0.037499 -7.083009e-05 0.1010269
v 0.03749885 -7.576076e-05 0.09954292
v 0.03749077 -0.0002146068 0.09463875
v 0.03749907 6.813701e-05 0.06128262
v 0.03749933 5.776665e-05 0.07602872
v 0.03749938 5.579794e-05 0.07452969
v 0.03749948 5.10243e-05 0.07299709
v 0.03749956 4.708779e-05 0.07144453
v 0.03749917 6.428184e-05 0.06983203
v 0.03749999 5.372092e-06 0.06608211
v 0.03749919 6.357648e-05 0.05824897
v 0.03749966 4.121328e-05 0.05528535
v 0.03749976 3.478468e-05 0.05379769
v 0.03749992 2.015538e-05 0.05231237
v 0.03749981 3.056432e-05 0.04788312
v 0.03749964 4.264109e-05 0.04640212
v 0.03749937 5.623962e-05 0.0449235
v 0.03749939 5.536072e-05 0.0434501
v 0.03749866 8.175023e-05 0.0389908
v 0.0374985 8.646357e-05 0.03747523
v 0.03749843 8.860629e-05 0.03596735
v 0.03749874 7.934872e-05 0.03445905
v 0.03749827 9.289605e-05 0.03297357
v 0.03749836 9.051568e-05 0.03150653
v 0.03749904 6.923799e-05 0.03000743
v 0.03749962 4.375013e-05 0.02855353
v 0.03749996 1.497204e-05 0.02712946
v 0.03749998 8.850051e-06 0.02572888
v 0.03749999 -6.79708e-06 0.02437897
v 0.03749971 3.786114e-05 0.08045539
v 0.03749866 -8.178127e-05 0.09803025
v 0.03749992 -2.052334e-05 0.08776223
v 0.03749985 2.750774e-05 0.06440743
v 0.03749967 4.063725e-05 0.05676786
v 0.03749992 1.974079e-05 0.04936009
v 0.03749911 6.6576e-05 0.07752746
v 0.0374966 0.000130432 0.1278757
v 0.03749888 7.498421e-05 0.0597542
v 0.03749961 -4.412184e-05 0.08629345
v 0.03749999 8.641775e-06 0.0892688
v 0.03749991 -2.150749e-05 0.1188652
v 0.03749936 5.677406e-05 0.04048748
v 0.03749942 -5.399972e-05 0.08483993
v -0.01070457 -0.01517799 0.007341875
v -0.01022269 -0.01551702 0.008695533
v -0.009657732 -0.0158495 0.00740236
v -0.01787502 -0.005024307 0.007366209
v -0.01774888 -0.005539125 0.008741707
v -0.01743883 -0.006353109 0.00740285
v 0.02248869 -0.001995361 0.0108
v 0.02222433 -0.003975105 0.0108
v 0.02332738 -0.003458964 0.01015951
v 0.02178604 -0.005923738 0.0108
v 0.02297515 -0.005308385 0.01016144
v 0.02117725 -0.00782601 0.0108
v 0.02251117 -0.007170842 0.01011693
v 0.02040272 -0.009667034 0.0108
v 0.02187004 -0.009097066 0.01005396
v 0.0194685 -0.0114324 0.0108
v 0.02102396 -0.0109506 0.01003431
v 0.01838192 -0.01310829 0.0108
v 0.02000133 -0.01279252 0.009992889
v 0.01715148 -0.01468159 0.0108
v 0.01875129 -0.01463447 0.00994261
v 0.0157868 -0.01613999 0.0108
v 0.01731872 -0.01627201 0.009968598
v 0.01429857 -0.01747207 0.0108
v 0.01579639 -0.01769738 0.01001586
v 0.01269844 -0.01866741 0.0108
v 0.0141132 -0.01897063 0.01009778
v 0.01099892 -0.01971665 0.0108
v 0.01244825 -0.02006449 0.01013026
v 0.009213317 -0.02061158 0.0108
v 0.0106058 -0.02112661 0.01010319
v 0.00735561 -0.0213452 0.0108
v 0.008746325 -0.02202038 0.01004629
v 0.005440336 -0.02191176 0.0108
v 0.006759139 -0.02272119 0.01003394
v 0.003482483 -0.02230683 0.0108
v 0.004730226 -0.02326777 0.009991411
v 0.001497376 -0.02252732 0.0108
v 0.002570902 -0.02359464 0.01000198
v -0.0004994511 -0.02257151 0.0108
v 0.0005440006 -0.02369405 0.01003929
v -0.002492369 -0.02243904 0.0108
v -0.001572961 -0.02365043 0.01003671
v -0.00446578 -0.02213096 0.0108
v -0.003672894 -0.02343036 0.01002168
v -0.006404241 -0.02164967 0.0108
v -0.005693509 -0.02300164 0.01004412
v -0.00829258 -0.02099894 0.0108
v -0.007619646 -0.02242294 0.01005863
v -0.01011602 -0.02018387 0.0108
v -0.009609386 -0.02168219 0.01002201
v -0.01186029 -0.01921083 0.0108
v -0.01156571 -0.02070877 0.01001828
v -0.01351173 -0.01808744 0.0108
v -0.013325 -0.01958964 0.01004823
v -0.01505743 -0.0168225 0.0108
v -0.01505101 -0.01830986 0.01003747
v -0.01648528 -0.01542589 0.0108
v -0.01660191 -0.01695259 0.01000908
v -0.01778411 -0.01390855 0.0108
v -0.01806695 -0.01533645 0.01004117
v -0.01894376 -0.01228237 0.0108
v -0.01928885 -0.01369055 0.01008858
v -0.01995514 -0.01056005 0.0108
v -0.02038848 -0.01192125 0.01012472
v -0.02081035 -0.008755091 0.0108
v -0.02136173 -0.01014099 0.01009571
v -0.02150269 -0.00688161 0.0108
v -0.02221709 -0.008224945 0.01004961
v -0.02202675 -0.004954271 0.0108
v -0.02287053 -0.006270426 0.01002381
v -0.02237841 -0.002988157 0.0108
v -0.02336143 -0.00416594 0.0100068
v -0.02255494 -0.0009986577 0.0108
v -0.02364128 -0.002069482 0.01000489
v -0.02255494 0.0009986577 0.0108
v -0.02371863 -2.660832e-05 0.01001931
v -0.02237841 0.002988157 0.0108
v -0.02361704 0.00207812 0.01003062
v -0.02202675 0.004954271 0.0108
v -0.02336755 0.004167841 0.009999706
v -0.02150269 0.00688161 0.0108
v -0.0229027 0.006203833 0.01000891
v -0.02081035 0.008755091 0.0108
v -0.02229497 0.008244725 0.009960718
v -0.01995514 0.01056005 0.0108
v -0.02140188 0.01025912 0.0100026
v -0.01894376 0.01228237 0.0108
v -0.0204017 0.01206069 0.01003961
v -0.01778411 0.01390855 0.0108
v -0.01928209 0.01376475 0.01004918
v -0.01648528 0.01542589 0.0108
v -0.01801673 0.01531624 0.01009512
v -0.01505743 0.0168225 0.0108
v -0.01658485 0.01688207 0.01007607
v -0.01351173 0.01808744 0.0108
v -0.01506368 0.0183179 0.01002196
v -0.01186029 0.01921083 0.0108
v -0.0133646 0.01959004 0.01002375
v -0.01011602 0.02018387 0.0108
v -0.0116285 0.02067247 0.01001934
v -0.00829258 0.02099894 0.0108
v -0.00966461 0.02161365 0.01006515
v -0.006404241 0.02164967 0.0108
v -0.007697989 0.0223725 0.01008209
v -0.00446578 0.02213096 0.0108
v -0.005757368 0.02300433 0.01002457
v -0.002492369 0.02243904 0.0108
v -0.003660655 0.02338995 0.01006659
v -0.0004994511 0.02257151 0.0108
v -0.001562346 0.02358696 0.01010385
v 0.001497376 0.02252732 0.0108
v 0.0005430911 0.02369457 0.01003876
v 0.003482483 0.02230683 0.0108
v 0.002668483 0.02357279 0.01001413
v 0.005440336 0.02191176 0.0108
v 0.004704301 0.0232278 0.01004026
v 0.00735561 0.0213452 0.0108
v 0.006765762 0.02270548 0.01004812
v 0.009213317 0.02061158 0.0108
v 0.008712225 0.02201204 0.01006786
v 0.01099892 0.01971665 0.0108
v 0.01053972 0.02115066 0.01011134
v 0.01269844 0.01866741 0.0108
v 0.01242237 0.02016692 0.01005476
v 0.01429857 0.01747207 0.0108
v 0.01413332 0.01902388 0.01004031
v 0.0157868 0.01613999 0.0108
v 0.01579162 0.01770743 0.01001108
v 0.01715148 0.01468159 0.0108
v 0.01733001 0.0162171 0.01000182
v 0.01838192 0.01310829 0.0108
v 0.01868829 0.01458344 0.01003416
v 0.0194685 0.0114324 0.0108
v 0.0199094 0.01287038 0.01003182
v 0.02040272 0.009667034 0.0108
v 0.02096764 0.0111243 0.01000021
v 0.02117725 0.00782601 0.0108
v 0.02185118 0.009214506 0.01002377
v 0.02178604 0.005923738 0.0108
v 0.02255885 0.007314503 0.01002325
v 0.02222433 0.003975105 0.0108
v 0.02302255 0.005409504 0.01009273
v 0.02248869 0.001995361 0.0108
v 0.02340446 0.003569966 0.01006607
v 0.02412152 -0.002978263 0.009064772
v 0.02305222 0.0 0.005432783
v 0.02333599 -0.001293682 0.005655584
v 0.0214495 -0.001472723 0.005
v 0.02395074 -0.002194128 0.006421325
v 0.02290439 -0.002841001 0.005449729
v 0.02389308 -0.003569891 0.006609515
v 0.0215 0.0 0.005
v 0.02333425 0.001289828 0.005654031
v 0.02144732 0.001504103 0.005
v 0.02128955 0.003000836 0.005
v 0.02102947 0.004473418 0.005
v 0.02256522 0.004142748 0.005369482
v 0.02066648 0.005928457 0.005
v 0.02019759 0.007369355 0.005
v 0.02165273 0.007157103 0.005298677
v 0.01964897 0.008727419 0.005
v 0.01902545 0.0100141 0.005
v 0.020411 0.009944569 0.00525251
v 0.01830201 0.01128213 0.005
v 0.01743757 0.01257701 0.005
v 0.01894164 0.01265101 0.005285792
v 0.01650257 0.01378097 0.005
v 0.0155081 0.01489123 0.005
v 0.0169739 0.01515946 0.005276462
v 0.0144481 0.01592176 0.005
v 0.01328739 0.01690253 0.005
v 0.01471849 0.01740951 0.00529509
v 0.01215901 0.01773157 0.005
v 0.01092767 0.01851583 0.005
v 0.01216957 0.01922903 0.005275766
v 0.009586047 0.01924468 0.005
v 0.008213991 0.01986908 0.005
v 0.009382784 0.02062162 0.005231607
v 0.006869653 0.02037297 0.005
v 0.005437683 0.020801 0.005
v 0.006530289 0.02182769 0.00528848
v 0.004018049 0.0211212 0.005
v 0.002510015 0.02135298 0.005
v 0.003427058 0.02247162 0.005264391
v 0.001041467 0.02147476 0.005
v -0.0004590956 0.0214951 0.005
v 0.0002992298 0.02279294 0.005293853
v -0.001961731 0.02141032 0.005
v -0.003454754 0.02122062 0.005
v -0.002850498 0.02253781 0.005258096
v -0.004928022 0.0209276 0.005
v -0.006333773 0.02054588 0.005
v -0.005966146 0.0219633 0.005277059
v -0.007719201 0.02006649 0.005
v -0.009104106 0.0194773 0.005
v -0.00887243 0.02088466 0.005246616
v -0.01038116 0.01882768 0.005
v -0.01168914 0.01804478 0.005
v -0.01166669 0.0195448 0.005278376
v -0.01295188 0.01716097 0.005
v -0.01408778 0.01624144 0.005
v -0.01427967 0.01773266 0.005280882
v -0.01514681 0.01525857 0.005
v -0.01612749 0.01421809 0.005
v -0.01653254 0.01561692 0.005269317
v -0.01709179 0.01304304 0.005
v -0.0179209 0.01187818 0.005
v -0.01860057 0.0132543 0.005315812
v -0.01866596 0.01066921 0.005
v -0.01937083 0.0093285 0.005
v -0.02022715 0.01054709 0.005302008
v -0.01997598 0.007950495 0.005
v -0.02047407 0.006562208 0.005
v -0.02146078 0.007626828 0.005284758
v -0.02089013 0.00508455 0.005
v -0.02119465 0.003610655 0.005
v -0.02221294 0.004600011 0.00524363
v -0.02139244 0.002147929 0.005
v -0.02148932 0.0006775291 0.005
v -0.02272142 0.001556658 0.00528427
v -0.02148526 -0.0007960535 0.005
v -0.02137836 -0.002283791 0.005
v -0.02273516 -0.001600467 0.00529219
v -0.02116621 -0.003773789 0.005
v -0.02084942 -0.005248983 0.005
v -0.02231191 -0.004823579 0.005309624
v -0.02043699 -0.00667679 0.005
v -0.01989807 -0.008143503 0.005
v -0.02137189 -0.007913094 0.005291416
v -0.01930099 -0.009472162 0.005
v -0.01860682 -0.01077201 0.005
v -0.01998603 -0.01068959 0.005235504
v -0.01777825 -0.01209065 0.005
v -0.01691676 -0.01326926 0.005
v -0.01838105 -0.01339262 0.005269434
v -0.01600746 -0.01435309 0.005
v -0.01503961 -0.01536425 0.005
v -0.01648551 -0.01574857 0.005295764
v -0.01400721 -0.01631098 0.005
v -0.0128706 -0.01722201 0.005
v -0.01415665 -0.01774117 0.005249207
v -0.01164644 -0.01807236 0.005
v -0.01031256 -0.01886534 0.005
v -0.01165119 -0.01952674 0.005267623
v -0.009035861 -0.01950905 0.005
v -0.007615475 -0.02010608 0.005
v -0.008790554 -0.02100063 0.005280309
v -0.006224463 -0.02057926 0.005
v -0.004713385 -0.02097699 0.005
v -0.005727238 -0.02202699 0.005277144
v -0.003282161 -0.021248 0.005
v -0.001811772 -0.02142353 0.005
v -0.002720797 -0.02253446 0.005249637
v -0.0003642163 -0.02149691 0.005
v 0.001092231 -0.02147224 0.005
v 0.0003704294 -0.02278038 0.005288376
v 0.002560498 -0.02134699 0.005
v 0.004032837 -0.02111839 0.005
v 0.003522976 -0.02250035 0.005284179
v 0.005503221 -0.02078376 0.005
v 0.006912433 -0.02035849 0.005
v 0.006590927 -0.0218117 0.005289493
v 0.008354695 -0.01981033 0.005
v 0.009676928 -0.01919914 0.005
v 0.009524026 -0.02062744 0.00525927
v 0.01096932 -0.01849119 0.005
v 0.0122798 -0.01764813 0.005
v 0.01223696 -0.01907198 0.005233415
v 0.0134638 -0.01676234 0.005
v 0.01455922 -0.01582021 0.005
v 0.0148159 -0.0173031 0.005286562
v 0.01557853 -0.01481754 0.005
v 0.01654593 -0.01372888 0.005
v 0.01706179 -0.01515654 0.005306791
v 0.01745737 -0.01254951 0.005
v 0.0183099 -0.01126931 0.005
v 0.01888592 -0.01264677 0.005263407
v 0.01904645 -0.009974113 0.005
v 0.01965508 -0.008713659 0.005
v 0.02052581 -0.009971602 0.005305894
v 0.02023184 -0.007274792 0.005
v 0.02069675 -0.005821903 0.005
v 0.02168227 -0.006914259 0.005276514
v 0.02104693 -0.004390527 0.005
v 0.02129824 -0.002938527 0.005
v 0.02213994 -0.00399473 0.00517067
v 0.02393355 0.002177746 0.006391637
v 0.02287532 0.002669762 0.005419824
v 0.02390717 0.00367902 0.006669038
v 0.02419043 0.003301709 0.008710235
v 0.02362055 0.001736606 0.01005641
v 0.02257703 0.0 0.0108
v 0.02360283 -0.001656478 0.01008101
v 0.0241632 -0.00403876 0.00790205
v 0.02111561 0.008574222 0.005291537
v 0.02212377 0.005618016 0.005308921
v 0.01969777 0.0113125 0.005257084
v 0.01802639 0.01393316 0.005288382
v 0.01586718 0.01631504 0.005276722
v 0.01349276 0.01839824 0.005303836
v 0.01081794 0.01993311 0.005241569
v 0.008000645 0.02129851 0.005273572
v 0.004969764 0.02224559 0.005293407
v 0.001878463 0.02263824 0.005257513
v -0.001281451 0.02274067 0.00528524
v -0.004426918 0.02227832 0.005256563
v -0.007419797 0.02147713 0.005260466
v -0.01028154 0.02024744 0.005254113
v -0.01300062 0.01869996 0.005284462
v -0.01544354 0.01668852 0.005267284
v -0.01758704 0.01448591 0.005289025
v -0.01949596 0.01193485 0.005325458
v -0.02085571 0.009090239 0.005273129
v -0.02191043 0.006113374 0.005271594
v -0.02247506 0.003080863 0.005244059
v -0.02279606 -1.493277e-05 0.005294411
v -0.02260832 -0.00322248 0.005314315
v -0.02186885 -0.006386014 0.005287802
v -0.02074077 -0.00932258 0.005268087
v -0.01919057 -0.01203373 0.005229775
v -0.01749751 -0.01465133 0.005306781
v -0.01534831 -0.01679249 0.005272782
v -0.01292085 -0.01863779 0.005241182
v -0.01028654 -0.02033619 0.005291404
v -0.007283799 -0.02161878 0.005302508
v -0.004218209 -0.02228245 0.005241043
v -0.001196775 -0.02273134 0.005278735
v 0.00193389 -0.02269434 0.005285165
v 0.005066848 -0.02222308 0.005293125
v 0.008104066 -0.02126929 0.005277844
v 0.0108921 -0.019876 0.00523536
v 0.01358891 -0.01822153 0.005264037
v 0.01602927 -0.01630434 0.005328089
v 0.01796031 -0.01388622 0.005251511
v 0.01973268 -0.01135952 0.005281508
v 0.02118467 -0.008476909 0.005304889
v 0.02200094 -0.005383635 0.005229191
v 0.01938347 0.01386485 0.006112441
v 0.02169055 0.009877216 0.006114679
v -0.01289946 -0.01987839 0.005957134
v 0.01714749 0.01645273 0.006031699
v 0.0147865 0.01871435 0.006136386
v 0.02031855 0.01244099 0.006103884
v 0.01192787 0.02050289 0.005982283
v 0.0183339 0.01521779 0.006106245
v 0.009168393 0.02188672 0.005992657
v 0.01336009 0.01976446 0.006143243
v 0.005945342 0.0231253 0.006170149
v 0.01052301 0.02110523 0.005841178
v 0.002750993 0.02349396 0.00591236
v 0.007705088 0.02259613 0.006165452
v -0.0005286181 0.02384079 0.006130975
v 0.00424806 0.02345212 0.006114905
v -0.003817229 0.0233671 0.00593569
v 0.001253286 0.02381567 0.006133462
v -0.007023848 0.02279372 0.006136926
v -0.002201508 0.02361497 0.005979288
v -0.009958663 0.02146746 0.005923154
v -0.00539277 0.02318042 0.006073212
v -0.01288097 0.02007096 0.006133619
v -0.0084948 0.02214037 0.005975687
v -0.0155623 0.01798218 0.006051591
v -0.01140695 0.02087116 0.006056037
v -0.01775794 0.01577379 0.006017945
v -0.01427017 0.01910657 0.006131933
v -0.01995967 0.01317149 0.006218745
v -0.01663281 0.016864 0.005945804
v -0.02152348 0.01019458 0.006092821
v -0.01893349 0.01458775 0.00620194
v -0.02272836 0.007133364 0.006099816
v -0.02082123 0.01170766 0.00618291
v -0.0232905 0.004008346 0.005890326
v -0.0221525 0.008687676 0.006068077
v -0.02386953 0.0009016908 0.006182212
v -0.02317766 0.005500458 0.006099711
v -0.02368334 -0.002438688 0.00608414
v -0.02369663 0.002583153 0.006118941
v -0.02307397 -0.005950495 0.006108913
v -0.02386934 -0.000806378 0.006177492
v -0.02205367 -0.009122949 0.00615571
v -0.02353536 -0.004239959 0.006219138
v -0.0203958 -0.01186996 0.005856006
v -0.02266547 -0.007549538 0.006186381
v -0.01538443 -0.01811477 0.006034046
v -0.02125237 -0.01053002 0.005980007
v -0.01416805 -0.01898579 0.005949161
v -0.01659515 -0.01705587 0.006070403
v -0.01158866 -0.02089938 0.006196411
v -0.008407485 -0.02231981 0.006136182
v -0.0196926 -0.01322646 0.00598448
v -0.005056009 -0.02326313 0.006081329
v -0.009924577 -0.02165136 0.006095095
v -0.002186762 -0.023709 0.006085422
v -0.006763594 -0.0228627 0.006125374
v 0.001243609 -0.02383029 0.006151333
v -0.003605042 -0.02333574 0.005869959
v 0.004490747 -0.02337184 0.00607311
v -0.0004993426 -0.02385572 0.006149074
v 0.007706859 -0.02258729 0.006155414
v 0.002876418 -0.0236423 0.006093901
v 0.01070273 -0.02113809 0.005953071
v 0.0060697 -0.02308439 0.006159417
v 0.0134512 -0.01953435 0.005979572
v 0.00929551 -0.02188602 0.006048167
v 0.01600527 -0.01757753 0.006041653
v 0.01206654 -0.02031074 0.005882085
v 0.0182799 -0.01507911 0.00595686
v 0.01484209 -0.01864822 0.006114791
v 0.02011941 -0.0126819 0.006053502
v 0.01756704 -0.01664585 0.006694268
v 0.02182846 -0.009714526 0.006190102
v 0.01920778 -0.01392629 0.005987804
v 0.02293327 -0.006270534 0.006044491
v 0.02102 -0.01130842 0.006159164
v 0.02250906 -0.007987278 0.006179106
v 0.02308905 -0.004587051 0.005800632
v 0.02398454 0.004940216 0.007732286
v 0.02342426 -0.006457613 0.009081997
v 0.02292268 -0.008265974 0.008881693
v 0.02215103 -0.01016004 0.008873706
v 0.02124439 -0.01200375 0.008763921
v 0.02004817 -0.01399625 0.008543029
v 0.01853862 -0.01593873 0.00855411
v 0.01699982 -0.01753753 0.008668558
v 0.01531474 -0.01897748 0.00881849
v 0.0136237 -0.02014093 0.009034793
v 0.01191575 -0.02114045 0.009158378
v 0.01010352 -0.02220449 0.008786392
v 0.007985978 -0.02304181 0.008817416
v 0.005975748 -0.02364378 0.008814745
v 0.003781422 -0.02413975 0.008625226
v 0.001494775 -0.02433674 0.008831019
v -0.0004966729 -0.02438009 0.008822139
v -0.002728062 -0.02425064 0.00875437
v -0.004768175 -0.02393589 0.008744341
v -0.006855783 -0.02339727 0.00883652
v -0.008781394 -0.02274198 0.008845192
v -0.0107655 -0.02190914 0.008724525
v -0.01287444 -0.02070727 0.008828835
v -0.01459348 -0.01950021 0.008917444
v -0.01633328 -0.01816037 0.008667134
v -0.01794167 -0.01651175 0.008828867
v -0.01930749 -0.0148685 0.008876619
v -0.0204376 -0.01317172 0.009038838
v -0.02150924 -0.01132766 0.009051373
v -0.02245587 -0.009452432 0.008892381
v -0.02317268 -0.007571467 0.008845896
v -0.02378122 -0.005504082 0.008729869
v -0.02420805 -0.003131178 0.008730466
v -0.02436456 -0.0009888168 0.008824002
v -0.02436822 0.001059691 0.00880041
v -0.02420316 0.003163799 0.008733014
v -0.023829 0.00527386 0.008746545
v -0.02324705 0.007408642 0.00877171
v -0.02249836 0.009554052 0.008582445
v -0.02141418 0.01166518 0.00882154
v -0.02038406 0.01335671 0.008872563
v -0.01921762 0.01497776 0.008890016
v -0.01790073 0.01646718 0.009015469
v -0.01641438 0.01806407 0.008737871
v -0.01464603 0.01949855 0.008817514
v -0.01292669 0.020686 0.00879471
v -0.01100994 0.02177999 0.008750355
v -0.008889929 0.02264421 0.009004707
v -0.007035493 0.02334455 0.008834245
v -0.004851218 0.0239137 0.008765045
v -0.002617223 0.02417623 0.009030429
v -0.0005276295 0.02436755 0.008862756
v 0.001657322 0.02433774 0.008790048
v 0.003856506 0.02409268 0.008770452
v 0.00593656 0.02364123 0.008856278
v 0.007993542 0.02301672 0.008888965
v 0.009906825 0.02221519 0.00901226
v 0.01180153 0.02128397 0.008975769
v 0.01359865 0.02022537 0.00886731
v 0.01530499 0.01899324 0.008796514
v 0.0170511 0.01749984 0.008629253
v 0.01858038 0.01579261 0.008822019
v 0.01987613 0.01413067 0.008814845
v 0.02104409 0.01235167 0.008763659
v 0.0220339 0.0104696 0.008787567
v 0.02283543 0.008551603 0.008825648
v 0.0235207 0.006510019 0.008749026
v 0.02237038 0.008327626 0.006160847
v 0.02087235 0.01111344 0.005904298
v 0.02288823 0.006781661 0.006162974
v 0.02380328 -0.004640654 0.009195673
v 0.02338364 0.005237011 0.006287087
v -0.01776596 -0.01592344 0.006144812
v 0.01597094 0.01760863 0.006041573
v -0.01884454 -0.01462736 0.006141917
v 0.02370821 -0.005227238 0.006866514
v 0.02379992 0.004754164 0.009151743
v -0.02290175 -0.008572306 0.00747396
v -0.01753578 0.01676033 0.00681771
v 0.01811958 0.01637067 0.00731023
v 0.02047859 0.01332354 0.007361753
v 0.0235893 0.006283062 0.007277575
v -0.01191553 -0.02138365 0.007648923
v 0.01588371 0.01854736 0.007308393
v 0.01022718 0.02196812 0.006760742
v 0.0193191 0.01495206 0.00735265
v -0.006267005 0.02361729 0.007377199
v 0.0169782 0.01744469 0.007041901
v -0.01538239 0.01897508 0.007341619
v -0.02344955 -0.006901255 0.007423023
v -0.01386321 0.02012706 0.007400356
v -0.02300528 0.00821182 0.00734209
v -0.0206244 -0.0127365 0.00677868
v -0.02376964 -0.005463922 0.007193477
v -0.01661742 0.01780667 0.007081792
v -0.02237961 0.009610146 0.007080875
v -0.01631899 -0.01807801 0.00707591
v -0.02417769 -0.003163573 0.007173068
v 0.02340577 -0.007078294 0.007469124
v -0.004605241 0.02392626 0.007111582
v -0.0200424 -0.01402268 0.007516927
v 0.02268779 -0.009125547 0.007478182
v -0.01294773 -0.02064875 0.007134432
v 0.0003982279 -0.02444618 0.007451429
v -0.009473089 -0.02252011 0.007362244
v 0.01042755 -0.02202256 0.007115082
v 0.008825153 -0.02278369 0.007370328
v -0.01077819 -0.02186411 0.007147749
v 0.02251582 0.00952486 0.007441736
v -0.01398653 -0.02011232 0.007878064
v 0.02385624 -0.005569997 0.008113271
v -0.001525891 -0.02438191 0.007353927
v 0.02187609 -0.01092345 0.007463763
v 0.02095824 -0.01255114 0.007351456
v 0.01917339 -0.01507969 0.00720572
v 0.01434272 -0.01980415 0.007467511
v 0.01276971 -0.0209085 0.00795146
v 0.01143292 -0.02166883 0.00800637
v 0.005270688 -0.02384918 0.007331855
v 0.002262205 -0.02432383 0.007350281
v -0.003744946 -0.02409852 0.0071871
v -0.005847812 -0.02372427 0.007375858
v -0.007792258 -0.02316688 0.007414181
v 0.011373 0.02138882 0.006744178
v 0.02153333 0.01146988 0.007222853
v 0.0126545 0.02091829 0.007444579
v 0.01093607 0.02192177 0.007896147
v 0.00906084 0.02270885 0.007453255
v 0.007056505 0.0234123 0.007468873
v 0.005015969 0.02392615 0.007434838
v 0.002784695 0.02424001 0.007229763
v 0.0004954514 0.02443253 0.007391081
v -0.001719165 0.02438675 0.007440018
v -0.003431709 0.0242571 0.007909671
v -0.009734707 0.02248053 0.007883241
v -0.01229881 0.02111249 0.007372054
v -0.01751295 0.01713134 0.00791159
v -0.01861291 0.01586512 0.00749361
v -0.01988172 0.01424999 0.007518403
v -0.02092217 0.01265873 0.007474638
v -0.02179658 0.01103137 0.007351758
v -0.02358881 0.006344761 0.007343086
v -0.02403632 0.004171582 0.00721558
v -0.02435348 0.001993685 0.007378674
v -0.02444681 7.422801e-05 0.007438197
v -0.02437863 -0.001702966 0.007393437
v -0.02409517 -0.004333002 0.007668848
v -0.02208409 -0.01051227 0.007502306
v -0.02117962 -0.0123145 0.007942826
v -0.01877195 -0.0156667 0.007457778
v -0.01751253 -0.01703705 0.007367447
v -0.01509898 -0.01919607 0.007323372
v 0.01603654 -0.01842792 0.00734961
v 0.01298236 -0.02047999 0.006796761
v 0.003779639 -0.02405827 0.007073523
v -0.009460891 0.02231272 0.006768605
v 0.02318739 0.007733533 0.007418212
v 0.01443942 0.01972687 0.007437557
v -0.003145313 0.02404436 0.006799225
v -0.008183658 0.02302751 0.007395476
v -0.01082143 0.02182233 0.00708827
v -0.01390008 -0.01985596 0.006773463
v 0.007041971 -0.02340407 0.007405642
v 0.01177373 -0.02123871 0.006881781
v 0.006678669 0.01742041 0.007042875
v 0.006818929 0.01724364 0.008505812
v 0.005531825 0.01772824 0.007350007
v 0.02005176 -0.01378236 0.007009006
v -0.02128402 -0.01161484 0.006794043
v -0.01814731 0.003929512 0.007365486
v -0.01827812 0.003439379 0.008763941
v -0.01837071 0.002577248 0.007451283
v -0.01544721 0.0103526 0.008750928
v -0.0163125 0.008910178 0.00871858
v -0.01583769 0.009659032 0.007450682
v -0.003385715 0.01826548 0.007326311
v -0.00383486 0.0181917 0.00873531
v -0.004740553 0.01794614 0.007394698
v 0.02493984 -0.001675183 0.005145238
v 0.02471643 0.001315601 0.004893159
v 0.02414937 -0.0004438402 0.004691445
v 0.02553025 -0.0002003323 0.004565107
v 0.03360243 8.669197e-05 0.137
v 0.03478576 0.00104992 0.137
v 0.03608398 0.0002644944 0.137
v 0.03600591 -0.00107206 0.137
v 0.03463264 -0.0008785009 0.137
v 0.02042297 0.0 0.0108
v 0.02032462 0.002001801 0.0108
v 0.01930525 0.0 0.01004526
v 0.02003055 0.003984323 0.0108
v 0.01900903 0.003144357 0.0100038
v 0.01954356 0.005928474 0.0108
v 0.01874266 0.004837634 0.01009932
v 0.01886836 0.007815531 0.0108
v 0.01812555 0.006489036 0.009986685
v 0.01801145 0.00962732 0.0108
v 0.01738255 0.008205437 0.009952012
v 0.01698108 0.01134639 0.0108
v 0.01646443 0.009879627 0.009927514
v 0.01578717 0.01295619 0.0108
v 0.01535759 0.01148956 0.009901777
v 0.01444122 0.01444122 0.0108
v 0.01418232 0.01296688 0.009945799
v 0.01295619 0.01578717 0.0108
v 0.0128931 0.01428501 0.009976358
v 0.01134639 0.01698108 0.0108
v 0.01146586 0.01546587 0.009987155
v 0.00962732 0.01801145 0.0108
v 0.009866088 0.01648256 0.009937721
v 0.007815531 0.01886836 0.0108
v 0.008166994 0.01734076 0.009886931
v 0.005928474 0.01954356 0.0108
v 0.006337758 0.01813313 0.00993658
v 0.003984323 0.02003055 0.0108
v 0.00462197 0.01871796 0.010018
v 0.002001801 0.02032462 0.0108
v 0.002831596 0.01907432 0.0100215
v 6.927269e-17 0.02042297 0.0108
v 0.0009042594 0.01920366 0.00995553
v -0.002001801 0.02032462 0.0108
v -0.0009966017 0.01913156 0.009874213
v -0.003984323 0.02003055 0.0108
v -0.002885376 0.01896471 0.009905595
v -0.005928474 0.01954356 0.0108
v -0.00473261 0.01864321 0.009966621
v -0.007815531 0.01886836 0.0108
v -0.006565408 0.0180785 0.009965718
v -0.00962732 0.01801145 0.0108
v -0.008237485 0.01737418 0.009959155
v -0.01134639 0.01698108 0.0108
v -0.009880756 0.01651469 0.009978464
v -0.01295619 0.01578717 0.0108
v -0.01144907 0.01545222 0.009963192
v -0.01444122 0.01444122 0.0108
v -0.01288334 0.01426306 0.009949977
v -0.01578717 0.01295619 0.0108
v -0.01421966 0.01290811 0.009931664
v -0.01698108 0.01134639 0.0108
v -0.01542077 0.01148648 0.009959795
v -0.01801145 0.00962732 0.0108
v -0.01649719 0.009920511 0.009984645
v -0.01886836 0.007815531 0.0108
v -0.01734954 0.008265264 0.009947109
v -0.01954356 0.005928474 0.0108
v -0.01805076 0.006476395 0.009898853
v -0.02003055 0.003984323 0.0108
v -0.01864692 0.004588771 0.009930001
v -0.02032462 0.002001801 0.0108
v -0.01903721 0.002759854 0.009968573
v -0.02042297 -9.726472e-17 0.0108
v -0.01918136 0.000879914 0.009927968
v -0.02032462 -0.002001801 0.0108
v -0.01916994 -0.0009850011 0.009920421
v -0.02003055 -0.003984323 0.0108
v -0.01898007 -0.002872982 0.009921678
v -0.01954356 -0.005928474 0.0108
v -0.01863504 -0.004688053 0.009944718
v -0.01886836 -0.007815531 0.0108
v -0.01811791 -0.006540916 0.009998348
v -0.01801145 -0.00962732 0.0108
v -0.01735371 -0.008229082 0.00993324
v -0.01698108 -0.01134639 0.0108
v -0.01648146 -0.009888091 0.009949904
v -0.01578717 -0.01295619 0.0108
v -0.01542355 -0.01148218 0.009959397
v -0.01444122 -0.01444122 0.0108
v -0.01419111 -0.01293059 0.009924509
v -0.01295619 -0.01578717 0.0108
v -0.01287262 -0.01426137 0.009940068
v -0.01134639 -0.01698108 0.0108
v -0.01139576 -0.01545778 0.009931296
v -0.00962732 -0.01801145 0.0108
v -0.009814011 -0.01649422 0.009917831
v -0.007815531 -0.01886836 0.0108
v -0.008182319 -0.0173721 0.009929243
v -0.005928474 -0.01954356 0.0108
v -0.006481861 -0.01811663 0.009974378
v -0.003984323 -0.02003055 0.0108
v -0.004743882 -0.01867302 0.01000252
v -0.002001801 -0.02032462 0.0108
v -0.002869849 -0.01899484 0.009938497
v 1.9578e-16 -0.02042297 0.0108
v -0.0009169467 -0.01914398 0.009884704
v 0.002001801 -0.02032462 0.0108
v 0.001016921 -0.01915837 0.009908489
v 0.003984323 -0.02003055 0.0108
v 0.002920655 -0.01899694 0.009949943
v 0.005928474 -0.01954356 0.0108
v 0.00469698 -0.01866328 0.009978917
v 0.007815531 -0.01886836 0.0108
v 0.006511093 -0.01813807 0.01000823
v 0.00962732 -0.01801145 0.0108
v 0.008198597 -0.01742988 0.009997632
v 0.01134639 -0.01698108 0.0108
v 0.009816171 -0.01650512 0.009930365
v 0.01295619 -0.01578717 0.0108
v 0.01143185 -0.01538299 0.009884411
v 0.01444122 -0.01444122 0.0108
v 0.01292545 -0.0141858 0.00991565
v 0.01578717 -0.01295619 0.0108
v 0.01428995 -0.01289205 0.009979748
v 0.01698108 -0.01134639 0.0108
v 0.01546578 -0.01143523 0.009966266
v 0.01801145 -0.00962732 0.0108
v 0.01649752 -0.00985691 0.009947286
v 0.01886836 -0.007815531 0.0108
v 0.01742119 -0.00822265 0.01000031
v 0.01954356 -0.005928474 0.0108
v 0.01813019 -0.006544434 0.01001252
v 0.02003055 -0.003984323 0.0108
v 0.01867499 -0.004821275 0.01002583
v 0.02032462 -0.002001801 0.0108
v 0.01894056 -0.003082799 0.009913897
v 0.0190411 -0.001394345 0.009789399
v 0.01862932 0.0 0.00887131
v 0.01854138 0.0 0.007503425
v 0.0184782 -0.001153633 0.008291273
v 0.01909727 0.0 0.006203647
v 0.02012696 0.0 0.005332647
v 0.01975193 -0.001753003 0.005508082
v 0.0188655 0.001511216 0.009540832
v 0.01845148 0.001363374 0.008103427
v 0.01875424 0.001266111 0.006698682
v 0.01967703 0.001189979 0.005590318
v 0.02025906 0.002294851 0.005213454
v 0.01991981 0.003488041 0.005285414
v 0.01953371 0.004820972 0.00533633
v 0.01916313 0.006173705 0.005329518
v 0.01871615 0.007513832 0.005311874
v 0.01815383 0.008828173 0.005302791
v 0.01750758 0.01004816 0.005302998
v 0.01679712 0.01126912 0.005283426
v 0.01598095 0.01243231 0.005274062
v 0.01514047 0.01348841 0.005260448
v 0.01416353 0.01449524 0.005265467
v 0.01309476 0.01536086 0.005303629
v 0.01200134 0.01621102 0.005310925
v 0.01084343 0.01702382 0.005304093
v 0.009685599 0.01775172 0.005285773
v 0.008405332 0.01839908 0.005282971
v 0.007117608 0.01892577 0.005286809
v 0.005787092 0.01934277 0.005301167
v 0.004425223 0.01965545 0.005322205
v 0.003071575 0.01991422 0.005321063
v 0.001678564 0.02012021 0.00530108
v 0.0002740157 0.02021858 0.005286567
v -0.001133471 0.02020596 0.00527848
v -0.002535184 0.02008555 0.005275161
v -0.003910807 0.01980838 0.005300766
v -0.005226036 0.01948824 0.005307581
v -0.006565974 0.0190601 0.005316223
v -0.007889951 0.01857795 0.005304077
v -0.009154398 0.01795361 0.005319508
v -0.01036563 0.01729013 0.005316279
v -0.01156758 0.01657016 0.00529228
v -0.01269546 0.0157273 0.005290587
v -0.01374342 0.01480288 0.005296695
v -0.01469736 0.01385452 0.005297249
v -0.01562881 0.01281501 0.005291041
v -0.01645271 0.01170257 0.005301061
v -0.01720048 0.01056007 0.005304321
v -0.01787856 0.009362368 0.005305224
v -0.01850909 0.008119078 0.005290784
v -0.01904853 0.006839472 0.005277801
v -0.01945529 0.005468689 0.005291858
v -0.01977422 0.004102961 0.005298516
v -0.01998956 0.00273125 0.005308319
v -0.02016832 0.001346816 0.005289974
v -0.02024002 -6.350492e-05 0.00527737
v -0.02014569 -0.001441256 0.005297658
v -0.01999746 -0.00283591 0.00529748
v -0.01975712 -0.004218921 0.005295075
v -0.01936957 -0.005602935 0.005314073
v -0.01893769 -0.006937152 0.005311772
v -0.0184305 -0.008238857 0.005302022
v -0.01784213 -0.009509459 0.005287672
v -0.017116 -0.01074942 0.005290765
v -0.01636742 -0.01188892 0.00528224
v -0.01552366 -0.01293263 0.005293963
v -0.01460401 -0.01395687 0.005295927
v -0.01364967 -0.01488434 0.005298481
v -0.0126033 -0.01576504 0.005304225
v -0.01145344 -0.01657226 0.005323438
v -0.010262 -0.01729253 0.005342384
v -0.009074375 -0.01800421 0.005315031
v -0.007801793 -0.01864581 0.005290454
v -0.006504101 -0.01909947 0.005307703
v -0.005164277 -0.01950264 0.00530856
v -0.003786872 -0.01985136 0.005291833
v -0.002422658 -0.02010396 0.005273096
v -0.001022209 -0.02021341 0.005277778
v 0.0003515082 -0.02021883 0.005285883
v 0.00173973 -0.02011909 0.005299109
v 0.003127227 -0.01997694 0.005286666
v 0.004485996 -0.01975439 0.005269466
v 0.00585572 -0.01936899 0.005279839
v 0.007138968 -0.01886981 0.005308416
v 0.008423757 -0.01829738 0.005324284
v 0.00969547 -0.01769654 0.00530677
v 0.01094365 -0.01701589 0.005281489
v 0.01209535 -0.01623858 0.005273655
v 0.01315537 -0.01536189 0.005284411
v 0.01415555 -0.01438827 0.005303955
v 0.01505696 -0.01338242 0.005323688
v 0.01596184 -0.01232221 0.005313533
v 0.01679479 -0.01118405 0.005307033
v 0.01756757 -0.009953321 0.005300505
v 0.01818649 -0.008695787 0.00531665
v 0.01880847 -0.007450721 0.00528186
v 0.01927315 -0.006077141 0.005292198
v 0.0195881 -0.00467326 0.005327073
v 0.01997308 -0.003350603 0.005271828
v 0.01865747 -0.001558785 0.006866266
v 0.01782422 0.00537662 0.008831332
v 0.01831114 -0.002701764 0.008237079
v 0.01836099 0.002737369 0.008616001
v 0.01872633 -0.003294406 0.006320911
v 0.01843578 0.002630025 0.007151702
v 0.01915664 0.002441622 0.005947939
v 0.01874756 0.003748459 0.00617543
v 0.01836735 0.00513297 0.006239183
v 0.01801222 0.006484376 0.006142966
v 0.01751895 0.007773089 0.00611524
v 0.01689586 0.008993196 0.006147603
v 0.0163037 0.01015897 0.006062258
v 0.01554442 0.0113028 0.006051029
v 0.01473297 0.01233653 0.00605505
v 0.01403868 0.01331705 0.005907596
v 0.01301225 0.01402788 0.006155867
v 0.01194867 0.01488556 0.006216157
v 0.0108509 0.01571823 0.006200184
v 0.009759232 0.01652755 0.006081279
v 0.00860862 0.01718414 0.006050393
v 0.007425336 0.01773425 0.006043231
v 0.006163227 0.01818236 0.006075623
v 0.004890013 0.0184851 0.006172392
v 0.003565595 0.01877121 0.006190898
v 0.002224692 0.01898915 0.006174917
v 0.0009097958 0.01918442 0.00606675
v -0.0004222173 0.01925352 0.006006481
v -0.001712233 0.01916812 0.006022005
v -0.003030678 0.01895596 0.006077803
v -0.004278374 0.01864131 0.00616588
v -0.00558388 0.01827686 0.006185669
v -0.006846888 0.01789473 0.006122807
v -0.008093328 0.01737035 0.006118592
v -0.009263928 0.01674112 0.006156362
v -0.01038416 0.01606709 0.006159831
v -0.01151307 0.01535165 0.006086877
v -0.01257172 0.01451849 0.006067821
v -0.01350245 0.01360169 0.006115645
v -0.01442397 0.01267791 0.006069513
v -0.01525413 0.01163081 0.006095087
v -0.01595454 0.01055116 0.006163464
v -0.01665041 0.009411563 0.006165513
v -0.01732523 0.008285783 0.006068352
v -0.01786138 0.007102511 0.006048223
v -0.01831374 0.005859899 0.006040446
v -0.0186493 0.004599786 0.006064125
v -0.01884261 0.003267705 0.006168624
v -0.01902754 0.001947109 0.00616467
v -0.01918832 0.0006319041 0.006075387
v -0.01920215 -0.0007312796 0.006054832
v -0.01907611 -0.002032412 0.006093038
v -0.01891407 -0.003345867 0.006064675
v -0.01861867 -0.004648648 0.006085598
v -0.01818549 -0.005930537 0.006163165
v -0.01771427 -0.007177915 0.006182413
v -0.01724779 -0.008427566 0.006077908
v -0.01661278 -0.009608176 0.006084445
v -0.0158943 -0.01069246 0.006127487
v -0.01513964 -0.01177241 0.006100362
v -0.01431348 -0.01275793 0.006105399
v -0.01341811 -0.0136575 0.006140125
v -0.01250844 -0.01455751 0.006081913
v -0.01146213 -0.01537997 0.006096363
v -0.01032295 -0.01607563 0.006193758
v -0.009001529 -0.01669847 0.006387605
v -0.008024185 -0.01754486 0.005968255
v -0.006859938 -0.01789536 0.006116268
v -0.005566733 -0.01828528 0.006181659
v -0.004199236 -0.01866066 0.006164161
v -0.002918391 -0.01896408 0.006089108
v -0.001616806 -0.01916081 0.006039872
v -0.0003427429 -0.01924917 0.006013174
v 0.0009788968 -0.01919555 0.006049656
v 0.002309345 -0.01900439 0.006142538
v 0.003721212 -0.01880043 0.006116237
v 0.004941169 -0.01870732 0.00590891
v 0.006058212 -0.0181723 0.006128249
v 0.007330611 -0.01764891 0.006185718
v 0.008606381 -0.01708437 0.006161063
v 0.009822052 -0.01651124 0.00605984
v 0.01094285 -0.01583538 0.006017374
v 0.01199217 -0.01505787 0.006016004
v 0.01296987 -0.0141694 0.006063052
v 0.01385491 -0.01319383 0.006158029
v 0.0147367 -0.01219929 0.006159461
v 0.01558684 -0.01117823 0.006097049
v 0.01634724 -0.01004318 0.00609086
v 0.01699457 -0.00879942 0.00615101
v 0.01759022 -0.007537074 0.006151747
v 0.01821292 -0.006418583 0.005948759
v 0.01840003 -0.005091804 0.006211306
v 0.01717138 0.007029095 0.008568527
v 0.01638385 0.008755351 0.008673195
v 0.01537539 0.01036229 0.008496053
v 0.01420933 0.01195413 0.008639548
v 0.0130285 0.01324365 0.008678945
v 0.01177607 0.01440094 0.008778495
v 0.01038769 0.01542593 0.008758237
v 0.008739732 0.01635522 0.008511346
v 0.005127886 0.01787611 0.008756912
v 0.003554421 0.01826786 0.008806529
v 0.001921864 0.01849839 0.008760371
v 2.322037e-05 0.01854721 0.0085302
v -0.002072483 0.01842948 0.00852132
v -0.005475235 0.01776699 0.008735304
v -0.007196962 0.01710242 0.008571934
v -0.008846311 0.01635544 0.008747264
v -0.0102709 0.01550407 0.008758691
v -0.01170497 0.01440099 0.008586463
v -0.01311543 0.0131801 0.008744338
v -0.0143365 0.01177834 0.008568538
v -0.01706927 0.007249726 0.008517879
v -0.0177951 0.005222296 0.008520898
v -0.01851277 0.001792215 0.008765536
v -0.0185566 -6.298966e-05 0.008580526
v -0.01848607 -0.001919264 0.008710867
v -0.01816842 -0.003758343 0.008561807
v -0.01717004 -0.007129988 0.008735622
v -0.01542741 -0.01035213 0.008683066
v -0.01308753 -0.01319256 0.008700704
v -0.01166354 -0.01442536 0.008549314
v -0.007013682 -0.01720337 0.008680276
v -0.005436794 -0.01778613 0.008762537
v -0.003814741 -0.0181923 0.008721098
v -0.00196546 -0.01843061 0.008457669
v 0.0001469882 -0.01854184 0.008502733
v 0.002042897 -0.01847865 0.008734203
v 0.005457939 -0.0177702 0.008727271
v 0.007091359 -0.01719531 0.008768738
v 0.008597354 -0.01647928 0.008717737
v 0.01018351 -0.01548861 0.008466403
v 0.01187178 -0.01424253 0.008497512
v 0.01326083 -0.01303614 0.00875072
v 0.01438274 -0.0117857 0.008748155
v 0.01544901 -0.01027539 0.008567319
v 0.01645269 -0.008654854 0.008730325
v 0.01719228 -0.007100538 0.008771358
v 0.01778641 -0.005484078 0.008814466
v 0.01822254 -0.004040811 0.008981737
v 0.01826809 0.004014634 0.009087426
v 0.00377824 -0.0182044 0.008738612
v -0.008651243 -0.0163837 0.008405512
v -0.01428716 -0.01182456 0.008521655
v -0.01636939 -0.008729108 0.008552918
v 0.01764929 0.005722026 0.007435018
v 0.004716429 -0.01799487 0.007221793
v -0.007574289 -0.0170145 0.007145514
v -0.01351962 -0.01274566 0.007310033
v 0.01753254 -0.006193273 0.007253869
v 0.018051 0.004172589 0.007598519
v 0.01355888 0.01274709 0.007195131
v 0.01671059 0.008102653 0.007349405
v 0.01605263 0.009362172 0.00729817
v 0.01546425 0.01044383 0.007031721
v 0.01463668 0.01146745 0.007255106
v 0.01229382 0.01389745 0.007429696
v 0.01108904 0.01487332 0.007443031
v 0.009916859 0.01569783 0.007365447
v 0.008903764 0.01639522 0.007042478
v 0.007770212 0.01689878 0.007233403
v 0.004182762 0.01807428 0.007444101
v 0.002769938 0.01834686 0.007429318
v 0.001405811 0.01852798 0.007306609
v 0.0001942138 0.01866306 0.007021489
v -0.001006433 0.01858017 0.00720444
v -0.002257358 0.01853987 0.00698537
v -0.006091409 0.01754785 0.007333171
v -0.007268797 0.01716982 0.007078415
v -0.008323829 0.01659655 0.007369748
v -0.00954599 0.01591481 0.007411891
v -0.01068706 0.01518431 0.007364147
v -0.01171532 0.0145038 0.007080851
v -0.01259734 0.01364851 0.007340004
v -0.01356632 0.01268596 0.007339545
v -0.01442864 0.01180836 0.007079684
v -0.01508342 0.01082684 0.007369949
v -0.01653348 0.00845706 0.007351701
v -0.01712596 0.007434889 0.007003901
v -0.01750634 0.006285898 0.007229416
v -0.01794388 0.005123061 0.007030771
v -0.01852747 0.001183015 0.007377926
v -0.0186439 -5.767259e-05 0.007081736
v -0.01853048 -0.001271638 0.007337511
v -0.0183923 -0.002627558 0.007315893
v -0.018255 -0.003842056 0.007048394
v -0.01691868 -0.007650561 0.007364625
v -0.01579306 -0.00977554 0.007339159
v -0.01502506 -0.0109268 0.007319757
v -0.01168681 -0.01454279 0.00704296
v -0.006127216 -0.01752515 0.007377067
v -0.00470157 -0.01794503 0.00745076
v -0.003307504 -0.01827939 0.007328096
v -0.002149833 -0.01854193 0.007015497
v -0.0009622022 -0.01857691 0.007225094
v 0.0002744321 -0.01865791 0.00703357
v 0.001501109 -0.0185125 0.00734107
v 0.002989716 -0.01832126 0.007385575
v 0.006320595 -0.01745273 0.007393236
v 0.007764714 -0.01685712 0.007405729
v 0.009055007 -0.01622542 0.007307164
v 0.01014044 -0.01568465 0.006984298
v 0.01108247 -0.01495441 0.007183268
v 0.01207663 -0.01424275 0.006994474
v 0.01291081 -0.01336417 0.007303463
v 0.01385753 -0.01235732 0.007369367
v 0.01475929 -0.01128204 0.007322807
v 0.01551781 -0.01033132 0.007086752
v 0.01613966 -0.009181615 0.007362385
v 0.01682074 -0.007834151 0.00742497
v 0.01800383 -0.004401036 0.00755001
v 0.01727884 0.006971444 0.007119196
v -0.01256339 -0.01368559 0.007321285
v -0.01645508 -0.008769274 0.007075811
v -0.0143463 -0.01192255 0.007051841
f 1 2 3
f 2 4 5
f 4 6 7
f 5 4 7
f 6 8 7
f 9 3 10
f 11 9 12
f 9 10 12
f 13 11 14
f 11 12 14
f 15 13 16
f 13 14 16
f 17 15 18
f 15 16 18
f 19 17 20
f 17 18 20
f 21 19 22
f 23 21 22
f 19 20 22
f 24 23 25
f 26 27 28
f 29 30 31
f 32 33 34
f 35 24 25
f 36 26 28
f 1 3 37
f 3 9 38
f 11 13 39
f 15 17 40
f 19 21 41
f 21 36 41
f 42 43 44
f 43 37 45
f 44 43 45
f 37 3 45
f 8 46 47
f 48 49 50
f 49 42 51
f 50 49 51
f 42 44 51
f 3 2 10
f 2 5 10
f 28 52 36
f 28 27 53
f 27 29 53
f 8 47 7
f 25 23 22
f 29 31 53
f 30 32 54
f 35 25 55
f 33 35 55
f 39 13 56
f 13 15 56
f 9 11 57
f 15 40 56
f 9 57 38
f 19 41 17
f 47 46 58
f 46 48 58
f 3 38 45
f 48 50 58
f 31 30 54
f 34 33 55
f 54 32 34
f 57 11 39
f 17 41 40
f 10 5 59
f 12 10 59
f 34 55 60
f 14 12 61
f 16 14 62
f 14 61 62
f 18 16 63
f 16 62 63
f 20 18 64
f 18 63 64
f 22 20 65
f 20 64 65
f 55 25 66
f 7 47 67
f 57 39 68
f 54 34 69
f 34 60 69
f 38 57 70
f 57 68 70
f 41 36 52
f 56 40 71
f 31 54 72
f 54 69 72
f 47 58 73
f 44 45 74
f 53 31 75
f 31 72 75
f 45 38 74
f 28 53 76
f 52 28 76
f 53 75 76
f 58 50 77
f 12 59 61
f 5 7 78
f 60 55 66
f 66 25 65
f 7 67 78
f 47 73 67
f 39 56 79
f 77 50 80
f 50 51 80
f 5 78 59
f 56 71 79
f 40 41 81
f 73 58 77
f 71 40 81
f 25 22 65
f 68 39 79
f 51 44 82
f 80 51 82
f 44 74 82
f 81 41 52
f 67 73 83
f 60 66 84
f 68 79 85
f 66 65 86
f 65 64 86
f 63 62 87
f 64 63 88
f 86 64 88
f 63 87 88
f 78 67 89
f 67 83 89
f 62 61 90
f 70 68 91
f 68 85 91
f 38 70 74
f 79 71 92
f 73 77 93
f 75 72 94
f 81 52 95
f 52 76 95
f 71 81 96
f 92 71 96
f 81 95 96
f 69 60 97
f 59 78 89
f 61 59 89
f 74 70 98
f 82 74 98
f 70 91 98
f 60 84 97
f 66 86 84
f 87 62 90
f 90 61 89
f 94 72 99
f 72 69 99
f 93 77 100
f 77 80 100
f 83 73 93
f 79 92 85
f 69 97 99
f 76 75 101
f 95 76 101
f 75 94 101
f 89 83 102
f 90 89 102
f 83 93 102
f 91 85 103
f 94 99 104
f 87 90 105
f 90 102 105
f 97 84 106
f 84 86 88
f 80 82 107
f 100 80 107
f 82 98 107
f 99 97 108
f 97 106 108
f 104 99 108
f 95 101 96
f 106 84 88
f 103 85 109
f 85 92 109
f 101 94 110
f 94 104 110
f 92 96 110
f 93 100 111
f 102 93 112
f 105 102 112
f 93 111 112
f 88 87 106
f 92 110 109
f 106 87 105
f 111 100 103
f 106 105 113
f 108 106 113
f 105 112 113
f 103 109 111
f 91 103 107
f 101 110 96
f 104 108 113
f 103 100 107
f 111 109 114
f 98 91 107
f 112 111 114
f 110 104 109
f 109 104 114
f 114 104 113
f 114 113 112
f 115 116 117
f 116 118 119
f 120 121 122
f 123 124 125
f 126 127 128
f 129 130 131
f 130 115 117
f 117 132 133
f 134 135 136
f 137 138 139
f 140 141 142
f 143 144 145
f 146 147 148
f 149 150 151
f 152 153 154
f 155 156 157
f 158 159 160
f 161 162 163
f 164 165 166
f 167 168 169
f 170 171 172
f 173 174 175
f 176 177 178
f 179 180 181
f 182 183 184
f 185 186 187
f 188 189 190
f 191 192 193
f 194 195 196
f 197 198 199
f 200 201 202
f 203 204 205
f 206 207 208
f 209 210 211
f 212 213 214
f 215 216 217
f 218 219 220
f 221 222 223
f 224 225 226
f 227 228 229
f 230 231 232
f 233 234 235
f 236 237 238
f 239 240 241
f 242 243 244
f 245 246 247
f 248 1 249
f 1 37 249
f 43 42 250
f 37 43 251
f 249 37 251
f 43 250 251
f 42 252 250
f 252 253 254
f 253 255 256
f 257 6 258
f 2 1 259
f 1 248 259
f 4 2 260
f 2 259 260
f 6 4 261
f 258 6 261
f 4 260 261
f 132 117 262
f 134 132 263
f 132 262 263
f 135 134 264
f 134 263 264
f 137 135 265
f 135 264 265
f 138 137 266
f 137 265 266
f 140 138 267
f 138 266 267
f 141 140 268
f 140 267 268
f 143 141 269
f 141 268 269
f 144 143 270
f 143 269 270
f 146 144 271
f 144 270 271
f 147 146 272
f 146 271 272
f 149 147 273
f 147 272 273
f 150 149 274
f 149 273 274
f 152 150 275
f 150 274 275
f 153 152 276
f 152 275 276
f 155 153 277
f 153 276 277
f 156 155 278
f 155 277 278
f 158 156 279
f 156 278 279
f 159 158 280
f 158 279 280
f 161 159 281
f 159 280 281
f 162 161 282
f 161 281 282
f 164 162 283
f 162 282 283
f 165 164 284
f 164 283 284
f 167 165 285
f 165 284 285
f 168 167 286
f 167 285 286
f 170 168 287
f 168 286 287
f 171 170 288
f 170 287 288
f 173 171 289
f 171 288 289
f 174 173 290
f 173 289 290
f 176 174 291
f 174 290 291
f 177 176 292
f 176 291 292
f 179 177 293
f 177 292 293
f 180 179 294
f 179 293 294
f 182 180 295
f 180 294 295
f 183 182 296
f 182 295 296
f 185 183 297
f 183 296 297
f 186 185 298
f 185 297 298
f 188 186 299
f 186 298 299
f 189 188 300
f 188 299 300
f 191 189 301
f 189 300 301
f 192 191 302
f 191 301 302
f 194 192 303
f 192 302 303
f 195 194 304
f 194 303 304
f 197 195 305
f 195 304 305
f 198 197 306
f 197 305 306
f 200 198 307
f 198 306 307
f 201 200 308
f 200 307 308
f 203 201 309
f 201 308 309
f 204 203 310
f 203 309 310
f 206 204 311
f 204 310 311
f 207 206 312
f 206 311 312
f 209 207 313
f 207 312 313
f 210 209 314
f 209 313 314
f 212 210 315
f 210 314 315
f 213 212 316
f 212 315 316
f 215 213 317
f 213 316 317
f 216 215 318
f 215 317 318
f 218 216 319
f 216 318 319
f 219 218 320
f 218 319 320
f 221 219 321
f 219 320 321
f 222 221 322
f 221 321 322
f 224 222 323
f 222 322 323
f 225 224 324
f 224 323 324
f 227 225 325
f 225 324 325
f 228 227 326
f 227 325 326
f 230 228 327
f 228 326 327
f 231 230 328
f 230 327 328
f 233 231 329
f 231 328 329
f 234 233 330
f 233 329 330
f 236 234 331
f 234 330 331
f 237 236 332
f 236 331 332
f 239 237 333
f 237 332 333
f 240 239 334
f 239 333 334
f 242 240 335
f 240 334 335
f 243 242 336
f 242 335 336
f 245 243 337
f 243 336 337
f 246 245 338
f 245 337 338
f 248 246 339
f 259 248 339
f 246 338 339
f 119 118 340
f 118 120 340
f 120 122 340
f 121 123 341
f 124 126 342
f 127 129 343
f 130 117 131
f 132 134 344
f 135 137 345
f 138 140 346
f 141 143 347
f 144 146 348
f 147 149 349
f 150 152 350
f 153 155 351
f 156 158 352
f 159 161 353
f 162 164 354
f 165 167 355
f 168 170 356
f 171 173 357
f 174 176 358
f 177 179 359
f 180 182 360
f 183 185 361
f 186 188 362
f 189 191 363
f 192 194 364
f 195 197 365
f 198 200 366
f 201 203 367
f 204 206 368
f 207 209 369
f 210 212 370
f 213 215 371
f 216 218 372
f 219 221 373
f 222 224 374
f 225 227 375
f 228 230 376
f 231 233 377
f 234 236 378
f 237 239 379
f 240 242 380
f 243 245 381
f 248 249 246
f 252 254 250
f 254 253 256
f 255 257 382
f 343 129 131
f 117 116 119
f 122 121 341
f 125 124 342
f 128 127 343
f 132 344 133
f 136 135 345
f 139 138 346
f 142 141 347
f 145 144 348
f 148 147 349
f 151 150 350
f 154 153 351
f 157 156 352
f 160 159 353
f 163 162 354
f 166 165 355
f 169 168 356
f 172 171 357
f 175 174 358
f 178 177 359
f 181 180 360
f 184 183 361
f 187 186 362
f 190 189 363
f 193 192 364
f 196 195 365
f 199 198 366
f 202 201 367
f 205 204 368
f 208 207 369
f 211 210 370
f 214 213 371
f 217 216 372
f 220 219 373
f 223 222 374
f 226 225 375
f 229 228 376
f 232 231 377
f 235 234 378
f 238 237 379
f 241 240 380
f 244 243 381
f 247 246 249
f 256 255 382
f 345 137 139
f 346 140 142
f 347 143 145
f 348 146 148
f 349 149 151
f 350 152 154
f 351 155 157
f 352 158 160
f 353 161 163
f 354 164 166
f 355 167 169
f 356 170 172
f 357 173 175
f 358 176 178
f 359 179 181
f 360 182 184
f 361 185 187
f 362 188 190
f 363 191 193
f 364 194 196
f 365 197 199
f 366 200 202
f 367 203 205
f 368 206 208
f 369 209 211
f 370 212 214
f 371 215 217
f 372 218 220
f 373 221 223
f 374 224 226
f 375 227 229
f 376 230 232
f 377 233 235
f 378 236 238
f 379 239 241
f 380 242 244
f 381 245 247
f 342 126 128
f 341 123 125
f 344 134 136
f 382 257 258
f 340 122 383
f 344 136 384
f 128 343 385
f 341 125 386
f 117 133 131
f 382 258 387
f 139 346 388
f 142 347 389
f 145 348 390
f 148 349 391
f 151 350 392
f 154 351 393
f 157 352 394
f 160 353 395
f 163 354 396
f 354 166 397
f 355 169 398
f 356 172 399
f 357 175 400
f 358 178 401
f 178 359 402
f 359 181 403
f 360 184 404
f 361 187 405
f 362 190 406
f 190 363 407
f 193 364 408
f 196 365 409
f 199 366 410
f 202 367 411
f 205 368 412
f 208 369 413
f 369 211 414
f 370 214 415
f 371 217 416
f 372 220 417
f 220 373 418
f 223 374 419
f 226 375 420
f 229 376 421
f 232 377 422
f 235 378 423
f 238 379 424
f 379 241 425
f 380 244 426
f 381 247 427
f 247 249 428
f 427 247 428
f 249 251 428
f 342 128 429
f 128 385 429
f 256 382 430
f 254 256 431
f 345 139 432
f 139 388 432
f 343 131 433
f 385 343 433
f 131 133 433
f 260 259 434
f 259 339 434
f 122 341 435
f 383 122 435
f 341 386 435
f 264 263 436
f 265 264 437
f 264 436 437
f 266 265 438
f 265 437 438
f 267 266 439
f 266 438 439
f 268 267 440
f 267 439 440
f 269 268 441
f 268 440 441
f 270 269 442
f 269 441 442
f 271 270 443
f 270 442 443
f 272 271 444
f 271 443 444
f 273 272 445
f 272 444 445
f 274 273 446
f 273 445 446
f 275 274 447
f 274 446 447
f 276 275 448
f 275 447 448
f 277 276 449
f 276 448 449
f 278 277 450
f 277 449 450
f 279 278 451
f 278 450 451
f 280 279 452
f 279 451 452
f 281 280 453
f 280 452 453
f 282 281 454
f 281 453 454
f 283 282 455
f 282 454 455
f 284 283 456
f 283 455 456
f 285 284 457
f 284 456 457
f 286 285 458
f 285 457 458
f 287 286 459
f 286 458 459
f 288 287 460
f 287 459 460
f 289 288 461
f 288 460 461
f 290 289 462
f 289 461 462
f 291 290 463
f 290 462 463
f 292 291 464
f 291 463 464
f 293 292 465
f 292 464 465
f 294 293 466
f 293 465 466
f 295 294 467
f 294 466 467
f 296 295 468
f 295 467 468
f 297 296 469
f 298 297 470
f 297 469 470
f 299 298 471
f 298 470 471
f 300 299 472
f 299 471 472
f 301 300 473
f 300 472 473
f 302 301 474
f 301 473 474
f 303 302 475
f 302 474 475
f 304 303 476
f 303 475 476
f 305 304 477
f 304 476 477
f 306 305 478
f 305 477 478
f 307 306 479
f 306 478 479
f 308 307 480
f 307 479 480
f 309 308 481
f 308 480 481
f 310 309 482
f 309 481 482
f 311 310 483
f 310 482 483
f 312 311 484
f 311 483 484
f 313 312 485
f 312 484 485
f 314 313 486
f 313 485 486
f 315 314 487
f 314 486 487
f 316 315 488
f 315 487 488
f 317 316 489
f 316 488 489
f 318 317 490
f 317 489 490
f 319 318 491
f 318 490 491
f 320 319 492
f 319 491 492
f 321 320 493
f 320 492 493
f 322 321 494
f 321 493 494
f 323 322 495
f 322 494 495
f 324 323 496
f 323 495 496
f 325 324 497
f 324 496 497
f 326 325 498
f 325 497 498
f 327 326 499
f 326 498 499
f 328 327 500
f 327 499 500
f 329 328 501
f 328 500 501
f 330 329 502
f 329 501 502
f 331 330 503
f 330 502 503
f 332 331 504
f 331 503 504
f 333 332 505
f 332 504 505
f 334 333 506
f 333 505 506
f 335 334 507
f 334 506 507
f 336 335 508
f 335 507 508
f 337 336 509
f 336 508 509
f 338 337 510
f 337 509 510
f 119 340 511
f 125 342 512
f 386 125 512
f 342 429 512
f 344 384 433
f 256 430 431
f 296 468 469
f 133 344 433
f 117 119 262
f 382 387 430
f 384 136 513
f 136 345 513
f 387 258 514
f 258 261 514
f 346 142 515
f 145 390 516
f 347 145 516
f 348 148 517
f 151 392 518
f 349 151 518
f 154 393 519
f 350 154 519
f 351 157 520
f 160 395 521
f 352 160 521
f 353 163 522
f 354 397 396
f 166 355 523
f 356 399 524
f 169 356 524
f 357 400 525
f 172 357 525
f 175 358 526
f 178 402 401
f 359 403 402
f 181 360 527
f 361 405 528
f 184 361 528
f 187 362 529
f 190 407 406
f 363 193 530
f 196 409 531
f 364 196 531
f 199 410 532
f 365 199 532
f 366 202 533
f 205 412 534
f 367 205 534
f 368 208 535
f 369 414 413
f 211 370 536
f 371 416 537
f 214 371 537
f 217 372 538
f 220 418 417
f 373 223 539
f 226 420 540
f 374 226 540
f 375 229 541
f 376 232 542
f 235 423 543
f 377 235 543
f 378 238 544
f 379 425 424
f 241 380 545
f 381 427 546
f 244 381 546
f 250 254 547
f 345 432 513
f 436 263 511
f 262 119 511
f 515 142 389
f 348 517 390
f 347 516 389
f 517 148 391
f 351 520 393
f 349 518 391
f 350 519 392
f 520 157 394
f 353 522 395
f 352 521 394
f 522 163 396
f 523 355 398
f 175 526 400
f 169 524 398
f 172 525 399
f 526 358 401
f 527 360 404
f 187 529 405
f 184 528 404
f 529 362 406
f 530 193 408
f 366 533 410
f 364 531 408
f 365 532 409
f 533 202 411
f 368 535 412
f 367 534 411
f 535 208 413
f 536 370 415
f 217 538 416
f 214 537 415
f 538 372 417
f 539 223 419
f 375 541 420
f 374 540 419
f 541 229 421
f 376 542 421
f 378 544 423
f 377 543 422
f 544 238 424
f 545 380 426
f 244 546 426
f 547 254 431
f 511 263 262
f 340 383 511
f 346 515 388
f 261 260 548
f 514 261 548
f 260 434 548
f 339 338 549
f 434 339 549
f 338 510 549
f 542 232 422
f 425 241 545
f 251 250 550
f 250 547 550
f 418 373 539
f 414 211 536
f 407 363 530
f 403 181 527
f 397 166 523
f 433 384 385
f 431 430 551
f 534 412 552
f 531 409 553
f 521 395 554
f 516 390 555
f 436 511 556
f 511 383 556
f 393 520 557
f 519 393 558
f 393 557 558
f 523 398 559
f 396 397 560
f 400 526 561
f 525 400 562
f 400 561 562
f 527 404 563
f 401 402 564
f 528 405 565
f 530 408 566
f 406 407 567
f 410 533 568
f 532 410 569
f 410 568 569
f 536 415 570
f 413 414 571
f 416 538 572
f 539 419 573
f 417 418 574
f 420 541 575
f 421 542 576
f 425 545 577
f 424 425 578
f 426 546 579
f 418 539 580
f 574 418 580
f 539 573 580
f 469 468 581
f 384 513 582
f 513 432 583
f 518 392 584
f 430 387 585
f 470 469 586
f 469 581 586
f 437 436 587
f 436 556 587
f 515 389 588
f 438 437 589
f 437 587 589
f 439 438 590
f 438 589 590
f 440 439 591
f 439 590 591
f 441 440 592
f 440 591 592
f 442 441 593
f 441 592 593
f 443 442 594
f 442 593 594
f 444 443 595
f 443 594 595
f 445 444 596
f 444 595 596
f 446 445 597
f 445 596 597
f 447 446 598
f 446 597 598
f 448 447 599
f 447 598 599
f 449 448 600
f 448 599 600
f 450 449 601
f 449 600 601
f 451 450 602
f 450 601 602
f 452 451 603
f 451 602 603
f 453 452 604
f 452 603 604
f 454 453 605
f 453 604 605
f 455 454 606
f 454 605 606
f 456 455 607
f 455 606 607
f 457 456 608
f 456 607 608
f 458 457 609
f 457 608 609
f 459 458 610
f 458 609 610
f 460 459 611
f 459 610 611
f 461 460 612
f 460 611 612
f 462 461 613
f 461 612 613
f 463 462 614
f 462 613 614
f 464 463 615
f 463 614 615
f 465 464 616
f 464 615 616
f 466 465 617
f 465 616 617
f 467 466 618
f 466 617 618
f 468 467 619
f 581 468 619
f 467 618 619
f 524 399 620
f 471 470 621
f 470 586 621
f 472 471 622
f 471 621 622
f 473 472 623
f 472 622 623
f 474 473 624
f 473 623 624
f 475 474 625
f 474 624 625
f 476 475 626
f 475 625 626
f 477 476 627
f 476 626 627
f 478 477 628
f 477 627 628
f 479 478 629
f 478 628 629
f 480 479 630
f 479 629 630
f 481 480 631
f 480 630 631
f 482 481 632
f 481 631 632
f 483 482 633
f 482 632 633
f 484 483 634
f 483 633 634
f 485 484 635
f 484 634 635
f 486 485 636
f 485 635 636
f 487 486 637
f 486 636 637
f 488 487 638
f 487 637 638
f 489 488 639
f 488 638 639
f 490 489 640
f 489 639 640
f 491 490 641
f 490 640 641
f 492 491 642
f 491 641 642
f 493 492 643
f 492 642 643
f 494 493 644
f 493 643 644
f 495 494 645
f 494 644 645
f 496 495 646
f 495 645 646
f 497 496 647
f 496 646 647
f 498 497 648
f 497 647 648
f 499 498 649
f 498 648 649
f 500 499 650
f 499 649 650
f 501 500 651
f 500 650 651
f 502 501 652
f 501 651 652
f 503 502 653
f 502 652 653
f 504 503 654
f 503 653 654
f 505 504 655
f 504 654 655
f 506 505 656
f 505 655 656
f 507 506 657
f 506 656 657
f 508 507 658
f 507 657 658
f 509 508 659
f 508 658 659
f 510 509 660
f 509 659 660
f 388 515 661
f 515 588 661
f 543 423 662
f 540 420 663
f 420 575 663
f 432 388 664
f 583 432 664
f 388 661 664
f 429 385 665
f 547 431 666
f 537 416 667
f 422 543 668
f 544 424 669
f 423 544 670
f 662 423 670
f 544 669 670
f 419 540 671
f 573 419 671
f 540 663 671
f 541 421 672
f 575 541 672
f 421 576 672
f 414 536 673
f 571 414 673
f 536 570 673
f 415 537 674
f 570 415 674
f 537 667 674
f 538 417 675
f 572 538 675
f 417 574 675
f 407 530 676
f 567 407 676
f 530 566 676
f 411 534 677
f 534 552 677
f 535 413 678
f 408 531 679
f 566 408 679
f 531 553 679
f 533 411 680
f 568 533 680
f 411 677 680
f 409 532 681
f 532 569 681
f 403 527 682
f 527 563 682
f 404 528 683
f 563 404 683
f 528 565 683
f 529 406 684
f 397 523 685
f 560 397 685
f 523 559 685
f 402 403 686
f 403 682 686
f 398 524 687
f 559 398 687
f 524 620 687
f 526 401 688
f 561 526 688
f 401 564 688
f 399 525 689
f 620 399 689
f 525 562 689
f 394 521 690
f 522 396 691
f 391 518 692
f 520 394 693
f 557 520 693
f 394 690 693
f 392 519 694
f 519 558 694
f 389 516 695
f 588 389 695
f 516 555 695
f 517 391 696
f 391 692 696
f 551 430 585
f 521 554 690
f 543 662 668
f 549 510 697
f 510 660 697
f 431 551 666
f 390 517 698
f 395 522 699
f 396 560 691
f 392 694 584
f 684 406 567
f 529 684 700
f 409 681 553
f 405 529 700
f 669 424 578
f 412 535 701
f 667 416 572
f 413 571 678
f 585 387 702
f 387 514 702
f 579 546 703
f 546 427 703
f 578 425 577
f 576 542 704
f 412 701 552
f 545 426 705
f 426 579 705
f 582 513 583
f 518 584 692
f 402 686 564
f 565 405 700
f 435 386 706
f 383 435 707
f 556 383 707
f 435 706 707
f 429 665 708
f 542 422 704
f 512 429 708
f 390 698 555
f 428 251 550
f 547 666 550
f 422 668 704
f 554 395 699
f 545 705 577
f 385 384 665
f 522 691 699
f 698 517 696
f 701 535 678
f 703 427 709
f 706 386 710
f 386 512 710
f 709 427 428
f 703 709 711
f 434 549 712
f 701 678 713
f 579 703 714
f 703 711 714
f 694 558 715
f 698 696 716
f 577 705 717
f 691 560 718
f 700 684 719
f 553 681 720
f 669 578 721
f 667 572 722
f 663 575 723
f 589 587 724
f 678 571 725
f 586 581 726
f 684 567 727
f 699 691 728
f 512 708 710
f 576 704 729
f 552 701 730
f 582 583 731
f 668 662 732
f 705 579 733
f 717 705 733
f 579 714 733
f 569 568 734
f 384 582 665
f 692 584 735
f 681 569 736
f 569 734 736
f 690 554 737
f 666 551 738
f 677 552 739
f 552 730 739
f 712 549 697
f 587 556 740
f 724 587 740
f 556 707 740
f 548 434 712
f 548 712 514
f 565 700 741
f 700 719 741
f 696 692 742
f 716 696 742
f 692 735 742
f 590 589 743
f 589 724 743
f 591 590 744
f 590 743 744
f 592 591 745
f 591 744 745
f 593 592 746
f 592 745 746
f 594 593 747
f 593 746 747
f 595 594 748
f 594 747 748
f 596 595 749
f 595 748 749
f 597 596 750
f 596 749 750
f 598 597 751
f 597 750 751
f 599 598 752
f 598 751 752
f 600 599 753
f 599 752 753
f 601 600 754
f 600 753 754
f 602 601 755
f 601 754 755
f 603 602 756
f 602 755 756
f 604 603 757
f 603 756 757
f 605 604 758
f 604 757 758
f 606 605 759
f 605 758 759
f 607 606 760
f 606 759 760
f 608 607 761
f 607 760 761
f 609 608 762
f 608 761 762
f 610 609 763
f 609 762 763
f 611 610 764
f 610 763 764
f 612 611 765
f 611 764 765
f 613 612 766
f 612 765 766
f 614 613 767
f 613 766 767
f 615 614 768
f 614 767 768
f 616 615 769
f 615 768 769
f 617 616 770
f 616 769 770
f 618 617 771
f 617 770 771
f 621 586 772
f 586 726 772
f 554 699 773
f 737 554 773
f 699 728 773
f 622 621 774
f 621 772 774
f 623 622 775
f 622 774 775
f 624 623 776
f 623 775 776
f 625 624 777
f 624 776 777
f 626 625 778
f 625 777 778
f 627 626 779
f 626 778 779
f 628 627 780
f 627 779 780
f 629 628 781
f 628 780 781
f 630 629 782
f 629 781 782
f 631 630 783
f 630 782 783
f 632 631 784
f 631 783 784
f 633 632 785
f 632 784 785
f 634 633 786
f 633 785 786
f 635 634 787
f 634 786 787
f 636 635 788
f 635 787 788
f 637 636 789
f 636 788 789
f 638 637 790
f 637 789 790
f 639 638 791
f 638 790 791
f 640 639 792
f 639 791 792
f 641 640 793
f 640 792 793
f 642 641 794
f 641 793 794
f 643 642 795
f 642 794 795
f 644 643 796
f 643 795 796
f 645 644 797
f 644 796 797
f 646 645 798
f 645 797 798
f 647 646 799
f 646 798 799
f 648 647 800
f 647 799 800
f 649 648 801
f 648 800 801
f 650 649 802
f 649 801 802
f 651 650 803
f 650 802 803
f 652 651 804
f 651 803 804
f 653 652 805
f 652 804 805
f 654 653 806
f 653 805 806
f 655 654 807
f 654 806 807
f 656 655 808
f 655 807 808
f 657 656 809
f 656 808 809
f 658 657 810
f 657 809 810
f 659 658 811
f 658 810 811
f 660 659 812
f 659 811 812
f 661 588 813
f 562 561 814
f 709 428 550
f 578 577 815
f 721 578 815
f 577 717 815
f 686 682 816
f 704 668 817
f 558 557 818
f 550 666 709
f 555 698 819
f 698 716 819
f 564 686 820
f 584 694 821
f 551 585 822
f 514 712 702
f 665 582 823
f 708 665 823
f 582 731 823
f 709 666 711
f 689 562 824
f 562 814 824
f 701 713 730
f 697 660 825
f 660 812 825
f 715 558 818
f 564 820 826
f 686 816 820
f 691 718 728
f 588 695 827
f 688 564 826
f 738 551 822
f 563 683 828
f 553 720 829
f 620 689 830
f 689 824 830
f 732 662 831
f 662 670 831
f 731 583 832
f 570 674 833
f 559 687 834
f 670 669 835
f 831 670 835
f 669 721 835
f 675 574 836
f 678 725 713
f 684 727 719
f 561 688 837
f 814 561 837
f 688 826 837
f 706 710 838
f 710 708 839
f 838 710 839
f 708 823 839
f 583 664 832
f 580 573 840
f 588 827 813
f 729 704 817
f 618 771 841
f 712 697 702
f 711 666 738
f 668 732 817
f 673 570 842
f 570 833 842
f 672 576 843
f 576 729 843
f 727 567 844
f 567 676 844
f 574 580 845
f 836 574 845
f 580 840 845
f 726 581 846
f 581 619 846
f 674 667 847
f 833 674 847
f 667 722 847
f 694 715 821
f 735 584 821
f 681 736 720
f 725 571 848
f 571 673 848
f 707 706 849
f 740 707 849
f 706 838 849
f 680 677 850
f 677 739 850
f 818 557 851
f 557 693 851
f 822 585 825
f 619 618 841
f 723 575 852
f 575 672 852
f 671 663 853
f 663 723 853
f 664 661 854
f 832 664 854
f 661 813 854
f 722 572 855
f 572 675 855
f 718 560 856
f 573 671 857
f 840 573 857
f 671 853 857
f 679 553 829
f 566 679 858
f 679 829 858
f 682 563 859
f 683 565 860
f 560 685 856
f 687 620 861
f 834 687 861
f 620 830 861
f 693 690 862
f 851 693 862
f 690 737 862
f 563 828 859
f 695 555 863
f 827 695 863
f 555 819 863
f 565 741 860
f 682 859 816
f 823 731 864
f 839 823 864
f 731 832 864
f 568 680 865
f 739 730 866
f 859 828 867
f 826 820 868
f 820 816 869
f 829 720 870
f 828 683 860
f 566 858 871
f 675 836 855
f 821 715 872
f 559 834 873
f 713 725 874
f 722 855 875
f 718 856 876
f 865 680 850
f 816 859 877
f 869 816 877
f 859 867 877
f 813 827 878
f 841 771 879
f 736 734 880
f 676 566 871
f 774 772 881
f 817 732 882
f 735 821 883
f 741 719 884
f 619 841 846
f 744 743 885
f 745 744 886
f 744 885 886
f 746 745 887
f 745 886 887
f 747 746 888
f 746 887 888
f 748 747 889
f 747 888 889
f 749 748 890
f 748 889 890
f 750 749 891
f 749 890 891
f 751 750 892
f 750 891 892
f 752 751 893
f 751 892 893
f 753 752 894
f 752 893 894
f 754 753 895
f 753 894 895
f 755 754 896
f 754 895 896
f 756 755 897
f 755 896 897
f 757 756 898
f 756 897 898
f 758 757 899
f 757 898 899
f 759 758 900
f 758 899 900
f 760 759 901
f 759 900 901
f 761 760 902
f 760 901 902
f 762 761 903
f 761 902 903
f 763 762 904
f 762 903 904
f 764 763 905
f 763 904 905
f 765 764 906
f 764 905 906
f 766 765 907
f 765 906 907
f 767 766 908
f 766 907 908
f 768 767 909
f 767 908 909
f 769 768 910
f 768 909 910
f 770 769 911
f 769 910 911
f 771 770 912
f 879 771 912
f 770 911 912
f 775 774 913
f 774 881 913
f 776 775 914
f 775 913 914
f 777 776 915
f 776 914 915
f 778 777 916
f 777 915 916
f 779 778 917
f 778 916 917
f 780 779 918
f 779 917 918
f 781 780 919
f 780 918 919
f 782 781 920
f 781 919 920
f 783 782 921
f 782 920 921
f 784 783 922
f 783 921 922
f 785 784 923
f 784 922 923
f 786 785 924
f 785 923 924
f 787 786 925
f 786 924 925
f 788 787 926
f 787 925 926
f 789 788 927
f 788 926 927
f 790 789 928
f 789 927 928
f 791 790 929
f 790 928 929
f 792 791 930
f 791 929 930
f 793 792 931
f 792 930 931
f 794 793 932
f 793 931 932
f 795 794 933
f 794 932 933
f 796 795 934
f 795 933 934
f 797 796 935
f 796 934 935
f 798 797 936
f 797 935 936
f 799 798 937
f 798 936 937
f 800 799 938
f 799 937 938
f 801 800 939
f 800 938 939
f 802 801 940
f 801 939 940
f 803 802 941
f 802 940 941
f 804 803 942
f 803 941 942
f 805 804 943
f 804 942 943
f 806 805 944
f 805 943 944
f 807 806 945
f 806 944 945
f 808 807 946
f 807 945 946
f 809 808 947
f 808 946 947
f 810 809 948
f 809 947 948
f 811 810 949
f 810 948 949
f 812 811 950
f 811 949 950
f 729 817 951
f 730 713 952
f 713 874 952
f 860 741 953
f 738 822 954
f 819 716 955
f 568 865 734
f 559 873 685
f 828 860 956
f 867 828 956
f 860 953 956
f 871 858 957
f 855 836 958
f 676 871 844
f 734 865 959
f 858 829 960
f 829 870 960
f 685 873 856
f 728 718 961
f 718 876 961
f 873 834 962
f 720 736 963
f 870 720 963
f 736 880 963
f 719 727 964
f 711 738 965
f 714 711 965
f 738 954 965
f 822 825 966
f 954 822 966
f 825 812 966
f 856 873 967
f 876 856 967
f 873 962 967
f 862 737 968
f 866 730 952
f 826 868 969
f 883 821 872
f 820 869 868
f 830 824 970
f 830 970 971
f 958 836 972
f 836 845 972
f 855 958 875
f 844 871 973
f 871 957 973
f 733 714 974
f 714 965 974
f 872 715 975
f 715 818 975
f 726 846 976
f 672 843 852
f 724 740 977
f 740 849 977
f 832 854 978
f 697 825 702
f 865 850 959
f 837 826 969
f 838 839 979
f 839 864 979
f 832 978 864
f 719 964 884
f 955 716 980
f 716 742 980
f 842 833 981
f 843 729 982
f 729 951 982
f 717 733 983
f 733 974 983
f 734 959 880
f 847 722 984
f 722 875 984
f 882 732 985
f 732 831 985
f 848 673 842
f 817 882 951
f 849 838 986
f 977 849 986
f 838 979 986
f 968 737 987
f 737 773 987
f 850 739 988
f 739 866 988
f 741 884 953
f 846 841 989
f 976 846 989
f 841 879 989
f 742 735 990
f 735 883 990
f 964 727 991
f 825 585 702
f 833 847 992
f 981 833 992
f 847 984 992
f 772 726 993
f 773 728 994
f 987 773 994
f 728 961 994
f 853 723 995
f 854 813 996
f 813 878 996
f 815 717 997
f 717 983 997
f 723 852 998
f 725 848 999
f 814 837 1000
f 837 969 1000
f 824 814 1001
f 970 824 1001
f 814 1000 1001
f 840 857 1002
f 858 960 957
f 835 721 1003
f 721 815 1004
f 1003 721 1004
f 815 997 1004
f 827 863 1005
f 812 950 966
f 861 830 971
f 962 834 1006
f 834 861 1006
f 874 725 999
f 863 819 1007
f 1005 863 1007
f 819 955 1007
f 743 724 1008
f 878 827 1005
f 975 818 1009
f 818 851 1009
f 723 998 995
f 993 726 976
f 772 993 881
f 991 727 844
f 743 1008 885
f 866 952 1010
f 969 868 1011
f 953 884 1012
f 883 872 1013
f 971 970 1014
f 1002 857 1015
f 857 853 1015
f 885 1008 1016
f 851 862 1017
f 862 968 1017
f 852 843 1018
f 998 852 1018
f 843 982 1018
f 993 976 1019
f 880 959 1020
f 831 835 1021
f 835 1003 1021
f 848 842 1022
f 999 848 1022
f 842 981 1022
f 978 854 996
f 979 864 978
f 881 993 1012
f 875 958 1023
f 959 850 988
f 845 840 1024
f 991 844 973
f 964 991 1025
f 995 998 1026
f 1000 969 1027
f 887 886 1028
f 888 887 1029
f 887 1028 1029
f 889 888 1030
f 888 1029 1030
f 890 889 1031
f 889 1030 1031
f 891 890 1032
f 890 1031 1032
f 893 892 1033
f 895 894 1034
f 896 895 1035
f 895 1034 1035
f 897 896 1036
f 896 1035 1036
f 898 897 1037
f 897 1036 1037
f 899 898 1038
f 898 1037 1038
f 900 899 1039
f 899 1038 1039
f 901 900 1040
f 900 1039 1040
f 902 901 1041
f 901 1040 1041
f 903 902 1042
f 902 1041 1042
f 904 903 1043
f 903 1042 1043
f 905 904 1044
f 904 1043 1044
f 907 906 1014
f 908 907 1045
f 909 908 1027
f 910 909 1027
f 911 910 1011
f 952 874 1046
f 979 978 1016
f 914 913 1025
f 916 915 1047
f 917 916 1048
f 916 1047 1048
f 918 917 1049
f 917 1048 1049
f 919 918 1050
f 918 1049 1050
f 920 919 1051
f 919 1050 1051
f 921 920 1020
f 922 921 1020
f 923 922 1052
f 925 924 1010
f 926 925 1046
f 928 927 1053
f 930 929 1054
f 931 930 1055
f 930 1054 1055
f 932 931 1056
f 931 1055 1056
f 933 932 1023
f 935 934 1057
f 936 935 1058
f 935 1057 1058
f 937 936 1059
f 936 1058 1059
f 938 937 1060
f 937 1059 1060
f 939 938 1026
f 941 940 1061
f 942 941 1062
f 941 1061 1062
f 943 942 1063
f 942 1062 1063
f 944 943 1064
f 943 1063 1064
f 945 944 1065
f 944 1064 1065
f 946 945 1066
f 945 1065 1066
f 947 946 1067
f 946 1066 1067
f 948 947 1068
f 947 1067 1068
f 949 948 1069
f 948 1068 1069
f 950 949 1070
f 949 1069 1070
f 954 966 1071
f 965 954 1071
f 966 950 1071
f 951 882 1063
f 884 964 1072
f 1012 884 1072
f 964 1025 1072
f 840 1002 1024
f 957 960 1048
f 1024 1002 1058
f 960 870 1049
f 961 876 1041
f 853 995 1015
f 878 1005 1029
f 861 971 1006
f 872 975 1034
f 845 1024 972
f 969 1011 1027
f 953 1012 1019
f 883 1013 1033
f 975 1009 1035
f 876 967 1042
f 971 1014 1073
f 1002 1015 1059
f 1006 1044 962
f 851 1017 1009
f 869 877 1074
f 1010 924 1075
f 866 1010 1075
f 924 923 1075
f 973 957 1047
f 974 965 1071
f 878 1029 1028
f 1014 970 1045
f 990 883 1033
f 1020 959 1052
f 880 1020 1051
f 956 953 1019
f 831 1021 985
f 1022 981 1076
f 882 985 1064
f 1023 958 1077
f 958 972 1077
f 981 992 1054
f 1047 915 1078
f 973 1047 1078
f 915 914 1078
f 1012 993 1019
f 1025 913 1072
f 875 1023 1056
f 1057 934 1077
f 959 988 1052
f 913 881 1072
f 742 990 980
f 982 951 1062
f 1054 929 1076
f 957 1048 1047
f 1013 872 1034
f 967 962 1043
f 1077 934 933
f 983 974 1070
f 1016 978 1079
f 885 1016 1079
f 978 996 1079
f 984 875 1056
f 970 1001 1045
f 991 973 1078
f 1025 991 1078
f 886 885 1079
f 955 980 1032
f 1046 874 1080
f 926 1046 1080
f 874 999 1080
f 1058 1002 1059
f 1027 908 1045
f 1045 907 1014
f 995 1026 1060
f 988 866 1075
f 1041 876 1042
f 989 879 1081
f 1034 894 1013
f 1011 868 1082
f 911 1011 1082
f 868 869 1082
f 891 1032 1083
f 892 891 1083
f 1032 980 1083
f 1026 998 1084
f 939 1026 1084
f 998 1018 1084
f 911 1082 912
f 994 961 1040
f 879 912 1074
f 893 1033 1013
f 1033 892 1083
f 905 1044 1073
f 894 893 1013
f 1014 906 1073
f 906 905 1073
f 910 1027 1011
f 952 1046 1010
f 724 977 1008
f 996 878 1028
f 914 1025 1078
f 920 1051 1020
f 923 1052 1075
f 922 1020 1052
f 925 1010 1046
f 928 1053 1076
f 927 926 1080
f 932 1056 1023
f 929 928 1076
f 933 1023 1077
f 983 1070 1069
f 938 1060 1026
f 940 939 1084
f 950 1070 1071
f 977 986 1008
f 968 987 1037
f 976 989 1085
f 1019 976 1085
f 989 1081 1085
f 997 983 1069
f 1049 870 1050
f 1005 1007 1030
f 881 1012 1072
f 1048 960 1049
f 1001 1000 1045
f 968 1037 1036
f 1024 1058 1057
f 961 1041 1040
f 1003 1004 1067
f 995 1060 1015
f 963 880 1051
f 951 1063 1062
f 1028 886 1079
f 1029 1005 1030
f 867 956 1085
f 1021 1003 1066
f 1007 955 1031
f 870 963 1050
f 1063 882 1064
f 1017 968 1036
f 1006 971 1073
f 1034 975 1035
f 972 1024 1057
f 1053 927 1080
f 869 1074 1082
f 999 1022 1053
f 1081 879 1074
f 981 1054 1076
f 1031 955 1032
f 1080 999 1053
f 1003 1067 1066
f 867 1085 1081
f 1045 1000 1027
f 940 1084 1061
f 867 1081 877
f 1042 967 1043
f 980 990 1083
f 1008 986 1016
f 1009 1017 1036
f 1074 877 1081
f 1077 972 1057
f 984 1056 1055
f 974 1071 1070
f 1018 982 1061
f 990 1033 1083
f 956 1019 1085
f 1064 985 1065
f 985 1021 1065
f 1054 992 1055
f 912 1082 1074
f 984 1055 992
f 1052 988 1075
f 1028 1079 996
f 982 1062 1061
f 1018 1061 1084
f 1022 1076 1053
f 1035 1009 1036
f 1031 1030 1007
f 1038 1037 987
f 1039 1038 987
f 1040 1039 994
f 1067 1004 1068
f 997 1069 1068
f 979 1016 986
f 1068 1004 997
f 987 994 1039
f 1051 1050 963
f 1060 1059 1015
f 1065 1021 1066
f 1073 1044 1006
f 1043 962 1044
f 8 6 257
f 8 257 46
f 48 46 255
f 255 46 257
f 42 49 252
f 253 252 48
f 253 48 255
f 1086 1087 1088
f 1089 1090 1091
f 49 48 252
f 1092 1093 1094
f 1093 1095 1096
f 1095 1097 1098
f 1097 1099 1100
f 1099 1101 1102
f 1101 1103 1104
f 1103 1105 1106
f 1105 1107 1108
f 1107 1109 1110
f 1109 1111 1112
f 1111 1113 1114
f 1113 1115 1116
f 1115 1117 1118
f 1117 1119 1120
f 1119 1121 1122
f 1121 1123 1124
f 1123 1125 1126
f 1125 1127 1128
f 1127 1129 1130
f 1129 1131 1132
f 1131 1133 1134
f 1133 1135 1136
f 1135 1137 1138
f 1137 1139 1140
f 1139 1141 1142
f 1141 1143 1144
f 1143 1145 1146
f 1145 1147 1148
f 1147 1149 1150
f 1149 1151 1152
f 1151 1153 1154
f 1153 1155 1156
f 1155 1157 1158
f 1157 1159 1160
f 1159 1161 1162
f 1161 1163 1164
f 1163 1165 1166
f 1165 1167 1168
f 1167 1169 1170
f 1169 1171 1172
f 1171 1173 1174
f 1173 1175 1176
f 1175 1177 1178
f 1177 1179 1180
f 1179 1181 1182
f 1181 1183 1184
f 1183 1185 1186
f 1185 1187 1188
f 1187 1189 1190
f 1189 1191 1192
f 1191 1193 1194
f 1193 1195 1196
f 1195 1197 1198
f 1197 1199 1200
f 1199 1201 1202
f 1201 1203 1204
f 1203 1205 1206
f 1205 1207 1208
f 1207 1209 1210
f 1209 1211 1212
f 1211 1213 1214
f 1213 1215 1216
f 1215 1217 1218
f 1217 1219 1220
f 1219 1221 1222
f 1221 1223 1224
f 1223 1225 1226
f 1225 1227 1228
f 1227 1229 1230
f 26 36 1231
f 1232 1233 1234
f 1233 1235 1236
f 1235 26 1237
f 1238 1232 1234
f 1239 1232 1240
f 1241 1242 1243
f 1244 1245 1246
f 1247 1248 1249
f 1250 1251 1252
f 1253 1254 1255
f 1256 1257 1258
f 1259 1260 1261
f 1262 1263 1264
f 1265 1266 1267
f 1268 1269 1270
f 1271 1272 1273
f 1274 1275 1276
f 1277 1278 1279
f 1280 1281 1282
f 1283 1284 1285
f 1286 1287 1288
f 1289 1290 1291
f 1292 1293 1294
f 1295 1296 1297
f 1298 1299 1300
f 1301 1302 1303
f 1304 1305 1306
f 1307 1308 1309
f 1310 1311 1312
f 1313 1314 1315
f 1316 1317 1318
f 1319 1320 1321
f 1322 1323 1324
f 1325 1326 1327
f 1328 1329 1330
f 1331 1332 1333
f 1334 1335 1336
f 1337 1338 1339
f 1340 1341 1342
f 1343 1344 1345
f 1346 1347 1348
f 1349 1350 1351
f 1352 1353 1354
f 1355 1356 1357
f 1358 1359 1360
f 1361 1362 1363
f 1364 1365 1366
f 1367 1368 1369
f 1370 1371 1372
f 1371 1234 1236
f 1373 1239 1374
f 24 1373 1375
f 23 24 1376
f 21 23 1377
f 1378 21 1377
f 23 1376 1377
f 21 1378 1379
f 36 21 1379
f 1378 1092 1379
f 1234 1233 1236
f 1239 1240 1374
f 1093 1096 1094
f 1095 1098 1096
f 1097 1100 1098
f 1099 1102 1100
f 1101 1104 1102
f 1103 1106 1104
f 1105 1108 1106
f 1107 1110 1108
f 1109 1112 1110
f 1111 1114 1112
f 1113 1116 1114
f 1115 1118 1116
f 1117 1120 1118
f 1119 1122 1120
f 1121 1124 1122
f 1123 1126 1124
f 1125 1128 1126
f 1127 1130 1128
f 1129 1132 1130
f 1131 1134 1132
f 1133 1136 1134
f 1135 1138 1136
f 1137 1140 1138
f 1139 1142 1140
f 1141 1144 1142
f 1143 1146 1144
f 1145 1148 1146
f 1147 1150 1148
f 1149 1152 1150
f 1151 1154 1152
f 1153 1156 1154
f 1155 1158 1156
f 1157 1160 1158
f 1159 1162 1160
f 1161 1164 1162
f 1163 1166 1164
f 1165 1168 1166
f 1167 1170 1168
f 1169 1172 1170
f 1171 1174 1172
f 1173 1176 1174
f 1175 1178 1176
f 1177 1180 1178
f 1179 1182 1180
f 1181 1184 1182
f 1183 1186 1184
f 1185 1188 1186
f 1187 1190 1188
f 1189 1192 1190
f 1191 1194 1192
f 1193 1196 1194
f 1195 1198 1196
f 1197 1200 1198
f 1199 1202 1200
f 1201 1204 1202
f 1203 1206 1204
f 1205 1208 1206
f 1207 1210 1208
f 1209 1212 1210
f 1211 1214 1212
f 1213 1216 1214
f 1215 1218 1216
f 1217 1220 1218
f 1219 1222 1220
f 1221 1224 1222
f 1223 1226 1224
f 1225 1228 1226
f 1227 1230 1228
f 1231 1380 26
f 1229 1378 1377
f 1235 1237 1236
f 1246 1245 1381
f 1245 1247 1381
f 1243 1242 1382
f 1242 1244 1382
f 1241 1243 1374
f 1240 1241 1374
f 1244 1246 1382
f 1247 1249 1381
f 1248 1250 1383
f 1251 1253 1384
f 1254 1256 1385
f 1257 1259 1386
f 1260 1262 1387
f 1263 1265 1388
f 1266 1268 1389
f 1269 1271 1390
f 1272 1274 1391
f 1275 1277 1392
f 1278 1280 1393
f 1281 1283 1394
f 1284 1286 1395
f 1287 1289 1396
f 1290 1292 1397
f 1293 1295 1398
f 1296 1298 1399
f 1299 1301 1400
f 1302 1304 1401
f 1305 1307 1402
f 1308 1310 1403
f 1311 1313 1404
f 1314 1316 1405
f 1317 1319 1406
f 1320 1322 1407
f 1321 1320 1407
f 1322 1324 1407
f 1323 1325 1408
f 1326 1328 1409
f 1329 1331 1410
f 1332 1334 1411
f 1335 1337 1412
f 1338 1340 1413
f 1341 1343 1414
f 1344 1346 1415
f 1347 1349 1416
f 1350 1352 1417
f 1353 1355 1418
f 1356 1358 1419
f 1359 1361 1420
f 1362 1364 1421
f 1365 1367 1422
f 1368 1370 1423
f 1371 1236 1372
f 1373 1374 1375
f 1238 1240 1232
f 24 1375 1376
f 36 1379 1231
f 1379 1092 1094
f 1230 1229 1377
f 1249 1248 1383
f 1252 1251 1384
f 1255 1254 1385
f 1258 1257 1386
f 1261 1260 1387
f 1264 1263 1388
f 1267 1266 1389
f 1270 1269 1390
f 1273 1272 1391
f 1276 1275 1392
f 1279 1278 1393
f 1282 1281 1394
f 1285 1284 1395
f 1288 1287 1396
f 1291 1290 1397
f 1294 1293 1398
f 1297 1296 1399
f 1300 1299 1400
f 1303 1302 1401
f 1306 1305 1402
f 1309 1308 1403
f 1312 1311 1404
f 1315 1314 1405
f 1318 1317 1406
f 1408 1325 1327
f 1324 1323 1408
f 1327 1326 1409
f 1330 1329 1410
f 1333 1332 1411
f 1336 1335 1412
f 1339 1338 1413
f 1342 1341 1414
f 1345 1344 1415
f 1348 1347 1416
f 1351 1350 1417
f 1354 1353 1418
f 1357 1356 1419
f 1360 1359 1420
f 1363 1362 1421
f 1366 1365 1422
f 1369 1368 1423
f 1423 1370 1372
f 1422 1367 1369
f 1421 1364 1366
f 1420 1361 1363
f 1419 1358 1360
f 1418 1355 1357
f 1417 1352 1354
f 1416 1349 1351
f 1415 1346 1348
f 1414 1343 1345
f 1413 1340 1342
f 1412 1337 1339
f 1411 1334 1336
f 1410 1331 1333
f 1406 1319 1321
f 1405 1316 1318
f 1404 1313 1315
f 1403 1310 1312
f 1402 1307 1309
f 1401 1304 1306
f 1400 1301 1303
f 1399 1298 1300
f 1398 1295 1297
f 1397 1292 1294
f 1396 1289 1291
f 1395 1286 1288
f 1394 1283 1285
f 1393 1280 1282
f 1392 1277 1279
f 1391 1274 1276
f 1390 1271 1273
f 1389 1268 1270
f 1388 1265 1267
f 1387 1262 1264
f 1386 1259 1261
f 1384 1253 1255
f 1385 1256 1258
f 1383 1250 1252
f 1409 1328 1330
f 1252 1384 1424
f 1381 1249 1425
f 1374 1243 1375
f 1409 1330 1426
f 1255 1385 1427
f 1258 1386 1428
f 1383 1252 1429
f 1252 1424 1429
f 1261 1387 1430
f 1384 1255 1431
f 1255 1427 1431
f 1264 1388 1432
f 1386 1261 1433
f 1428 1386 1433
f 1261 1430 1433
f 1267 1389 1434
f 1387 1264 1435
f 1264 1432 1435
f 1270 1390 1436
f 1388 1267 1437
f 1432 1388 1437
f 1267 1434 1437
f 1273 1391 1438
f 1389 1270 1439
f 1434 1389 1439
f 1270 1436 1439
f 1276 1392 1440
f 1390 1273 1441
f 1436 1390 1441
f 1273 1438 1441
f 1279 1393 1442
f 1391 1276 1443
f 1438 1391 1443
f 1276 1440 1443
f 1282 1394 1444
f 1392 1279 1445
f 1279 1442 1445
f 1285 1395 1446
f 1393 1282 1447
f 1442 1393 1447
f 1282 1444 1447
f 1288 1396 1448
f 1394 1285 1449
f 1444 1394 1449
f 1285 1446 1449
f 1291 1397 1450
f 1395 1288 1451
f 1288 1448 1451
f 1294 1398 1452
f 1396 1291 1453
f 1291 1450 1453
f 1297 1399 1454
f 1397 1294 1455
f 1450 1397 1455
f 1294 1452 1455
f 1300 1400 1456
f 1398 1297 1457
f 1452 1398 1457
f 1297 1454 1457
f 1303 1401 1458
f 1399 1300 1459
f 1300 1456 1459
f 1306 1402 1460
f 1400 1303 1461
f 1456 1400 1461
f 1303 1458 1461
f 1309 1403 1462
f 1401 1306 1463
f 1458 1401 1463
f 1306 1460 1463
f 1312 1404 1464
f 1402 1309 1465
f 1460 1402 1465
f 1309 1462 1465
f 1315 1405 1466
f 1403 1312 1467
f 1312 1464 1467
f 1318 1406 1468
f 1404 1315 1469
f 1315 1466 1469
f 1408 1327 1470
f 1405 1318 1471
f 1466 1405 1471
f 1318 1468 1471
f 1327 1409 1472
f 1470 1327 1472
f 1409 1426 1472
f 1324 1408 1473
f 1408 1470 1473
f 1330 1410 1474
f 1333 1411 1475
f 1406 1321 1476
f 1336 1412 1477
f 1410 1333 1478
f 1339 1413 1479
f 1411 1336 1480
f 1475 1411 1480
f 1336 1477 1480
f 1342 1414 1481
f 1412 1339 1482
f 1477 1412 1482
f 1339 1479 1482
f 1345 1415 1483
f 1413 1342 1484
f 1342 1481 1484
f 1348 1416 1485
f 1414 1345 1486
f 1481 1414 1486
f 1345 1483 1486
f 1351 1417 1487
f 1415 1348 1488
f 1483 1415 1488
f 1348 1485 1488
f 1354 1418 1489
f 1416 1351 1490
f 1351 1487 1490
f 1357 1419 1491
f 1417 1354 1492
f 1487 1417 1492
f 1354 1489 1492
f 1360 1420 1493
f 1418 1357 1494
f 1489 1418 1494
f 1357 1491 1494
f 1363 1421 1495
f 1419 1360 1496
f 1491 1419 1496
f 1360 1493 1496
f 1366 1422 1497
f 1420 1363 1498
f 1493 1420 1498
f 1363 1495 1498
f 1369 1423 1499
f 1421 1366 1500
f 1495 1421 1500
f 1366 1497 1500
f 1422 1369 1501
f 1372 1236 1502
f 1423 1372 1502
f 1236 1237 1502
f 1376 1375 1503
f 1230 1377 1376
f 1096 1098 1504
f 1098 1100 1505
f 1100 1102 1506
f 1102 1104 1507
f 1104 1106 1508
f 1106 1108 1509
f 1108 1110 1510
f 1110 1112 1511
f 1112 1114 1512
f 1114 1116 1513
f 1116 1118 1514
f 1118 1120 1515
f 1120 1122 1516
f 1122 1124 1517
f 1124 1126 1518
f 1126 1128 1519
f 1128 1130 1520
f 1130 1132 1521
f 1132 1134 1522
f 1134 1136 1523
f 1136 1138 1524
f 1138 1140 1525
f 1140 1142 1526
f 1142 1144 1527
f 1144 1146 1528
f 1146 1148 1529
f 1148 1150 1530
f 1150 1152 1531
f 1152 1154 1532
f 1154 1156 1533
f 1156 1158 1534
f 1158 1160 1535
f 1160 1162 1536
f 1162 1164 1537
f 1164 1166 1538
f 1166 1168 1539
f 1168 1170 1540
f 1170 1172 1541
f 1172 1174 1542
f 1174 1176 1543
f 1176 1178 1544
f 1178 1180 1545
f 1180 1182 1546
f 1182 1184 1547
f 1184 1186 1548
f 1186 1188 1549
f 1188 1190 1550
f 1190 1192 1551
f 1192 1194 1552
f 1194 1196 1553
f 1196 1198 1554
f 1198 1200 1555
f 1200 1202 1556
f 1202 1204 1557
f 1204 1206 1558
f 1206 1208 1559
f 1208 1210 1560
f 1210 1212 1561
f 1212 1214 1562
f 1214 1216 1563
f 1216 1218 1564
f 1218 1220 1565
f 1220 1222 1566
f 1222 1224 1567
f 1224 1226 1568
f 1226 1228 1569
f 1237 26 1380
f 1379 1094 1231
f 1246 1381 1570
f 1381 1425 1570
f 1249 1383 1571
f 1425 1249 1571
f 1383 1429 1571
f 1382 1246 1572
f 1246 1570 1572
f 1094 1096 1573
f 1231 1094 1573
f 1096 1504 1573
f 1375 1243 1574
f 1503 1375 1574
f 1243 1382 1574
f 1524 1138 1525
f 1523 1136 1524
f 1522 1134 1523
f 1521 1132 1522
f 1520 1130 1521
f 1519 1128 1520
f 1518 1126 1519
f 1517 1124 1518
f 1516 1122 1517
f 1515 1120 1516
f 1514 1118 1515
f 1513 1116 1514
f 1512 1114 1513
f 1511 1112 1512
f 1407 1324 1575
f 1324 1473 1575
f 1510 1110 1511
f 1509 1108 1510
f 1508 1106 1509
f 1507 1104 1508
f 1506 1102 1507
f 1479 1413 1484
f 1478 1333 1475
f 1501 1369 1499
f 1426 1330 1474
f 1440 1392 1445
f 1427 1385 1576
f 1385 1258 1576
f 1258 1428 1576
f 1382 1572 1574
f 1430 1387 1435
f 1384 1431 1424
f 1462 1403 1467
f 1448 1396 1453
f 1446 1395 1451
f 1464 1404 1469
f 1454 1399 1459
f 1468 1406 1476
f 1476 1321 1577
f 1321 1407 1577
f 1499 1423 1502
f 1474 1410 1478
f 1422 1501 1497
f 1485 1416 1490
f 1502 1237 1578
f 1499 1502 1578
f 1237 1380 1578
f 1505 1100 1506
f 1380 1231 1573
f 1230 1376 1579
f 1568 1226 1569
f 1376 1503 1579
f 1567 1224 1568
f 1504 1098 1505
f 1140 1526 1525
f 1142 1527 1526
f 1144 1528 1527
f 1146 1529 1528
f 1148 1530 1529
f 1150 1531 1530
f 1152 1532 1531
f 1154 1533 1532
f 1156 1534 1533
f 1158 1535 1534
f 1160 1536 1535
f 1162 1537 1536
f 1164 1538 1537
f 1166 1539 1538
f 1168 1540 1539
f 1170 1541 1540
f 1172 1542 1541
f 1174 1543 1542
f 1176 1544 1543
f 1178 1545 1544
f 1180 1546 1545
f 1182 1547 1546
f 1184 1548 1547
f 1186 1549 1548
f 1188 1550 1549
f 1190 1551 1550
f 1192 1552 1551
f 1194 1553 1552
f 1196 1554 1553
f 1198 1555 1554
f 1200 1556 1555
f 1202 1557 1556
f 1204 1558 1557
f 1206 1559 1558
f 1208 1560 1559
f 1210 1561 1560
f 1212 1562 1561
f 1214 1563 1562
f 1216 1564 1563
f 1218 1565 1564
f 1220 1566 1565
f 1222 1567 1566
f 1228 1230 1579
f 1228 1579 1569
f 1469 1466 1580
f 1453 1450 1581
f 1431 1427 1582
f 1429 1424 1583
f 1574 1572 1584
f 1524 1525 1585
f 1576 1428 1586
f 1435 1432 1587
f 1424 1431 1588
f 1583 1424 1588
f 1431 1582 1588
f 1445 1442 1589
f 1427 1576 1590
f 1582 1427 1590
f 1576 1586 1590
f 1451 1448 1591
f 1464 1469 1592
f 1469 1580 1592
f 1446 1451 1593
f 1451 1591 1593
f 1459 1456 1594
f 1468 1476 1595
f 1467 1464 1596
f 1464 1592 1596
f 1448 1453 1597
f 1454 1459 1598
f 1459 1594 1598
f 1473 1470 1599
f 1577 1407 1575
f 1462 1467 1600
f 1501 1499 1601
f 1440 1445 1602
f 1476 1577 1603
f 1497 1501 1604
f 1426 1474 1605
f 1484 1481 1606
f 1478 1475 1607
f 1490 1487 1608
f 1485 1490 1609
f 1474 1478 1610
f 1567 1568 1611
f 1525 1526 1612
f 1380 1573 1613
f 1578 1380 1613
f 1573 1504 1613
f 1479 1484 1614
f 1484 1606 1614
f 1506 1507 1615
f 1507 1508 1616
f 1508 1509 1617
f 1509 1510 1496
f 1511 1512 1618
f 1512 1513 1619
f 1513 1514 1620
f 1514 1515 1609
f 1516 1517 1621
f 1517 1518 1622
f 1518 1519 1606
f 1519 1520 1614
f 1520 1521 1623
f 1521 1522 1624
f 1522 1523 1625
f 1523 1524 1607
f 1579 1503 1569
f 1505 1506 1604
f 1430 1435 1626
f 1570 1425 1611
f 1566 1567 1627
f 1565 1566 1583
f 1564 1565 1588
f 1562 1563 1586
f 1560 1561 1628
f 1559 1560 1629
f 1558 1559 1630
f 1557 1558 1631
f 1556 1557 1632
f 1557 1631 1632
f 1555 1556 1633
f 1556 1632 1633
f 1554 1555 1634
f 1555 1633 1634
f 1553 1554 1635
f 1554 1634 1635
f 1552 1553 1636
f 1551 1552 1589
f 1549 1550 1637
f 1548 1549 1638
f 1547 1548 1593
f 1546 1547 1591
f 1545 1546 1639
f 1544 1545 1640
f 1543 1544 1641
f 1542 1543 1642
f 1541 1542 1643
f 1540 1541 1594
f 1539 1540 1644
f 1538 1539 1645
f 1539 1644 1645
f 1537 1538 1646
f 1538 1645 1646
f 1536 1537 1647
f 1537 1646 1647
f 1535 1536 1648
f 1534 1535 1649
f 1533 1534 1592
f 1532 1533 1580
f 1531 1532 1650
f 1530 1531 1651
f 1529 1530 1603
f 1528 1529 1652
f 1527 1528 1653
f 1526 1527 1654
f 1510 1511 1655
f 1503 1574 1584
f 1569 1503 1584
f 1575 1473 1653
f 1653 1599 1527
f 1653 1528 1652
f 1652 1529 1603
f 1492 1489 1656
f 1486 1483 1657
f 1480 1477 1624
f 1603 1530 1651
f 1651 1531 1650
f 1650 1532 1580
f 1453 1581 1597
f 1461 1458 1645
f 1455 1452 1641
f 1445 1589 1602
f 1447 1444 1658
f 1437 1434 1631
f 1433 1430 1628
f 1425 1571 1627
f 1580 1533 1592
f 1524 1585 1610
f 1572 1570 1659
f 1470 1472 1654
f 1649 1535 1600
f 1435 1587 1626
f 1644 1540 1594
f 1643 1542 1642
f 1428 1433 1660
f 1586 1428 1660
f 1433 1628 1660
f 1642 1543 1641
f 1432 1437 1630
f 1439 1436 1633
f 1434 1439 1632
f 1441 1438 1634
f 1436 1441 1633
f 1443 1440 1661
f 1438 1443 1635
f 1641 1544 1640
f 1442 1447 1662
f 1589 1442 1662
f 1447 1658 1662
f 1449 1446 1638
f 1444 1449 1663
f 1658 1444 1663
f 1449 1638 1663
f 1448 1597 1591
f 1640 1545 1639
f 1594 1456 1644
f 1450 1455 1640
f 1452 1457 1642
f 1472 1426 1664
f 1456 1461 1644
f 1463 1460 1646
f 1458 1463 1645
f 1460 1465 1647
f 1577 1575 1652
f 1466 1471 1650
f 1600 1467 1649
f 1591 1547 1593
f 1593 1548 1638
f 1501 1601 1604
f 1440 1602 1661
f 1497 1604 1615
f 1426 1605 1664
f 1506 1615 1604
f 1482 1479 1623
f 1477 1482 1623
f 1478 1607 1610
f 1490 1608 1609
f 1481 1486 1622
f 1488 1485 1665
f 1485 1609 1665
f 1483 1488 1621
f 1483 1621 1657
f 1499 1578 1601
f 1474 1610 1585
f 1487 1492 1666
f 1608 1487 1666
f 1492 1656 1666
f 1494 1491 1655
f 1489 1494 1618
f 1667 1668 1669
f 1491 1496 1655
f 1498 1495 1670
f 1493 1498 1617
f 1500 1497 1615
f 1615 1616 1500
f 1567 1611 1627
f 1631 1558 1630
f 1568 1569 1659
f 1446 1593 1638
f 1630 1559 1629
f 1629 1560 1628
f 1628 1561 1660
f 1617 1670 1508
f 1615 1507 1616
f 1509 1496 1617
f 1511 1618 1655
f 1462 1600 1648
f 1512 1619 1618
f 1513 1620 1619
f 1516 1621 1665
f 1515 1516 1665
f 1518 1606 1622
f 1519 1614 1606
f 1520 1623 1614
f 1521 1624 1623
f 1522 1625 1624
f 1523 1607 1625
f 1588 1565 1583
f 1583 1566 1627
f 1611 1425 1627
f 1607 1524 1610
f 1621 1517 1657
f 1609 1515 1665
f 1496 1510 1655
f 1612 1526 1654
f 1611 1568 1659
f 1481 1622 1606
f 1607 1475 1625
f 1625 1475 1480
f 1605 1474 1585
f 1603 1577 1652
f 1585 1525 1605
f 1504 1505 1601
f 1657 1517 1622
f 1570 1611 1659
f 1580 1466 1650
f 1571 1429 1627
f 1564 1588 1582
f 1562 1586 1660
f 1563 1564 1582
f 1660 1561 1562
f 1553 1635 1636
f 1551 1589 1662
f 1550 1551 1662
f 1541 1643 1598
f 1535 1648 1600
f 1536 1647 1648
f 1534 1649 1596
f 1479 1614 1623
f 1505 1604 1601
f 1462 1648 1465
f 1624 1477 1623
f 1631 1434 1632
f 1641 1452 1642
f 1460 1647 1646
f 1634 1438 1635
f 1649 1467 1596
f 1541 1598 1594
f 1534 1596 1592
f 1648 1647 1465
f 1486 1657 1622
f 1480 1624 1625
f 1628 1430 1626
f 1471 1468 1671
f 1455 1641 1640
f 1652 1575 1653
f 1437 1631 1630
f 1429 1583 1627
f 1569 1584 1659
f 1572 1659 1584
f 1626 1587 1629
f 1645 1644 1461
f 1632 1439 1633
f 1441 1634 1633
f 1642 1457 1643
f 1457 1454 1643
f 1468 1595 1671
f 1645 1463 1646
f 1454 1598 1643
f 1638 1549 1663
f 1504 1601 1613
f 1488 1665 1621
f 1496 1493 1617
f 1618 1494 1655
f 1589 1552 1602
f 1586 1563 1590
f 1578 1613 1601
f 1514 1609 1608
f 1620 1514 1608
f 1590 1563 1582
f 1658 1663 1637
f 1620 1608 1666
f 1587 1432 1630
f 1549 1637 1663
f 1546 1591 1597
f 1656 1489 1618
f 1470 1654 1599
f 1473 1599 1653
f 1495 1500 1616
f 1639 1546 1597
f 1476 1603 1595
f 1637 1550 1662
f 1672 1673 1674
f 1670 1495 1616
f 1525 1612 1605
f 1639 1597 1581
f 1450 1640 1581
f 1628 1626 1629
f 1619 1620 1666
f 1630 1629 1587
f 1654 1527 1599
f 1654 1472 1664
f 1671 1595 1651
f 1658 1637 1662
f 1650 1471 1671
f 1650 1671 1651
f 1664 1605 1612
f 1675 1676 1677
f 1617 1498 1670
f 1666 1656 1619
f 1678 1679 1680
f 1602 1552 1636
f 1640 1639 1581
f 1635 1443 1661
f 1616 1508 1670
f 1654 1664 1612
f 1618 1619 1656
f 1661 1602 1636
f 1661 1636 1635
f 1603 1651 1595
f 27 26 1235
f 29 27 1681
f 27 1235 1681
f 30 29 1681
f 33 32 1682
f 24 35 1373
f 1233 1232 1683
f 1235 1233 1681
f 35 1682 1373
f 1232 1239 1682
f 32 30 1684
f 1681 1233 1683
f 1684 30 1681
f 32 1684 1682
f 1684 1681 1683
f 1239 1373 1682
f 35 33 1682
f 1682 1684 1683
f 1232 1682 1683
f 116 115 1685
f 1685 1686 116
f 120 118 1686
f 121 120 1686
f 118 116 1686
f 123 121 1687
f 1688 124 1687
f 121 1686 1687
f 126 124 1688
f 127 126 1688
f 123 1687 124
f 129 127 1689
f 1685 130 1689
f 127 1688 1689
f 115 130 1685
f 129 1689 130
f 1686 1685 1689
f 1687 1686 1689
f 1688 1687 1689
f 1690 1691 1692
f 1691 1693 1694
f 1693 1695 1696
f 1695 1697 1698
f 1697 1699 1700
f 1699 1701 1702
f 1701 1703 1704
f 1703 1705 1706
f 1705 1707 1708
f 1707 1709 1710
f 1709 1711 1712
f 1711 1713 1714
f 1713 1715 1716
f 1715 1717 1718
f 1717 1719 1720
f 1719 1721 1722
f 1721 1723 1724
f 1723 1725 1726
f 1725 1727 1728
f 1727 1729 1730
f 1729 1731 1732
f 1731 1733 1734
f 1733 1735 1736
f 1735 1737 1738
f 1737 1739 1740
f 1739 1741 1742
f 1741 1743 1744
f 1743 1745 1746
f 1745 1747 1748
f 1747 1749 1750
f 1749 1751 1752
f 1751 1753 1754
f 1753 1755 1756
f 1755 1757 1758
f 1757 1759 1760
f 1759 1761 1762
f 1761 1763 1764
f 1763 1765 1766
f 1765 1767 1768
f 1767 1769 1770
f 1769 1771 1772
f 1771 1773 1774
f 1773 1775 1776
f 1775 1777 1778
f 1777 1779 1780
f 1779 1781 1782
f 1781 1783 1784
f 1783 1785 1786
f 1785 1787 1788
f 1787 1789 1790
f 1789 1791 1792
f 1791 1793 1794
f 1793 1795 1796
f 1795 1797 1798
f 1797 1799 1800
f 1799 1801 1802
f 1801 1803 1804
f 1803 1805 1806
f 1805 1807 1808
f 1807 1809 1810
f 1809 1811 1812
f 1811 1813 1814
f 1813 1815 1816
f 1815 1690 1817
f 1816 1815 1817
f 1690 1692 1817
f 1692 1818 1817
f 1818 1819 1820
f 1821 1822 1823
f 1822 1238 1234
f 1818 1692 1824
f 1819 1818 1825
f 1818 1824 1825
f 1821 1819 1826
f 1819 1825 1826
f 1822 1821 1827
f 1821 1826 1827
f 1238 1822 1240
f 1241 1240 1828
f 1242 1241 1829
f 1241 1828 1829
f 1244 1242 1830
f 1242 1829 1830
f 1245 1244 1831
f 1244 1830 1831
f 1247 1245 1832
f 1245 1831 1832
f 1248 1247 1833
f 1247 1832 1833
f 1250 1248 1834
f 1248 1833 1834
f 1251 1250 1835
f 1250 1834 1835
f 1253 1251 1836
f 1251 1835 1836
f 1254 1253 1837
f 1253 1836 1837
f 1256 1254 1838
f 1254 1837 1838
f 1257 1256 1839
f 1256 1838 1839
f 1259 1257 1840
f 1257 1839 1840
f 1260 1259 1841
f 1259 1840 1841
f 1262 1260 1842
f 1260 1841 1842
f 1263 1262 1843
f 1262 1842 1843
f 1265 1263 1844
f 1263 1843 1844
f 1266 1265 1845
f 1265 1844 1845
f 1268 1266 1846
f 1266 1845 1846
f 1269 1268 1847
f 1268 1846 1847
f 1271 1269 1848
f 1269 1847 1848
f 1272 1271 1849
f 1271 1848 1849
f 1274 1272 1850
f 1272 1849 1850
f 1275 1274 1851
f 1274 1850 1851
f 1277 1275 1852
f 1275 1851 1852
f 1278 1277 1853
f 1277 1852 1853
f 1280 1278 1854
f 1278 1853 1854
f 1281 1280 1855
f 1280 1854 1855
f 1283 1281 1856
f 1281 1855 1856
f 1284 1283 1857
f 1283 1856 1857
f 1286 1284 1858
f 1284 1857 1858
f 1287 1286 1859
f 1286 1858 1859
f 1289 1287 1860
f 1287 1859 1860
f 1290 1289 1861
f 1289 1860 1861
f 1292 1290 1862
f 1290 1861 1862
f 1293 1292 1863
f 1292 1862 1863
f 1295 1293 1864
f 1293 1863 1864
f 1296 1295 1865
f 1295 1864 1865
f 1298 1296 1866
f 1296 1865 1866
f 1299 1298 1867
f 1298 1866 1867
f 1301 1299 1868
f 1299 1867 1868
f 1302 1301 1869
f 1301 1868 1869
f 1304 1302 1870
f 1302 1869 1870
f 1305 1304 1871
f 1304 1870 1871
f 1307 1305 1872
f 1305 1871 1872
f 1308 1307 1873
f 1307 1872 1873
f 1310 1308 1874
f 1308 1873 1874
f 1311 1310 1875
f 1310 1874 1875
f 1313 1311 1876
f 1311 1875 1876
f 1314 1313 1877
f 1313 1876 1877
f 1316 1314 1878
f 1314 1877 1878
f 1317 1316 1879
f 1316 1878 1879
f 1319 1317 1880
f 1317 1879 1880
f 1320 1319 1881
f 1319 1880 1881
f 1322 1320 1882
f 1320 1881 1882
f 1323 1322 1883
f 1322 1882 1883
f 1325 1323 1884
f 1323 1883 1884
f 1326 1325 1885
f 1325 1884 1885
f 1328 1326 1886
f 1326 1885 1886
f 1329 1328 1887
f 1328 1886 1887
f 1331 1329 1888
f 1329 1887 1888
f 1332 1331 1889
f 1331 1888 1889
f 1334 1332 1890
f 1332 1889 1890
f 1335 1334 1891
f 1334 1890 1891
f 1337 1335 1892
f 1335 1891 1892
f 1338 1337 1893
f 1337 1892 1893
f 1340 1338 1894
f 1338 1893 1894
f 1341 1340 1895
f 1340 1894 1895
f 1343 1341 1896
f 1341 1895 1896
f 1344 1343 1897
f 1343 1896 1897
f 1346 1344 1898
f 1344 1897 1898
f 1347 1346 1899
f 1346 1898 1899
f 1349 1347 1900
f 1347 1899 1900
f 1350 1349 1901
f 1349 1900 1901
f 1352 1350 1902
f 1350 1901 1902
f 1353 1352 1903
f 1352 1902 1903
f 1355 1353 1904
f 1353 1903 1904
f 1356 1355 1905
f 1355 1904 1905
f 1358 1356 1906
f 1356 1905 1906
f 1359 1358 1907
f 1358 1906 1907
f 1361 1359 1908
f 1359 1907 1908
f 1362 1361 1909
f 1361 1908 1909
f 1364 1362 1910
f 1362 1909 1910
f 1365 1364 1911
f 1364 1910 1911
f 1367 1365 1912
f 1365 1911 1912
f 1368 1367 1913
f 1367 1912 1913
f 1370 1368 1914
f 1368 1913 1914
f 1371 1370 1915
f 1370 1914 1915
f 1234 1371 1823
f 1692 1691 1824
f 1822 1234 1823
f 1694 1693 1696
f 1695 1698 1696
f 1697 1700 1698
f 1699 1702 1700
f 1701 1704 1702
f 1703 1706 1704
f 1705 1708 1706
f 1707 1710 1708
f 1709 1712 1710
f 1711 1714 1712
f 1713 1716 1714
f 1715 1718 1716
f 1717 1720 1718
f 1719 1722 1720
f 1721 1724 1722
f 1723 1726 1724
f 1725 1728 1726
f 1727 1730 1728
f 1729 1732 1730
f 1731 1734 1732
f 1733 1736 1734
f 1735 1738 1736
f 1737 1740 1738
f 1739 1742 1740
f 1741 1744 1742
f 1743 1746 1744
f 1745 1748 1746
f 1747 1750 1748
f 1749 1752 1750
f 1751 1754 1752
f 1753 1756 1754
f 1755 1758 1756
f 1757 1760 1758
f 1759 1762 1760
f 1761 1764 1762
f 1763 1766 1764
f 1765 1768 1766
f 1767 1770 1768
f 1769 1772 1770
f 1771 1774 1772
f 1773 1776 1774
f 1775 1778 1776
f 1777 1780 1778
f 1779 1782 1780
f 1781 1784 1782
f 1783 1786 1784
f 1785 1788 1786
f 1787 1790 1788
f 1789 1792 1790
f 1791 1794 1792
f 1793 1796 1794
f 1795 1798 1796
f 1797 1800 1798
f 1799 1802 1800
f 1801 1804 1802
f 1803 1806 1804
f 1805 1808 1806
f 1807 1810 1808
f 1809 1812 1810
f 1811 1814 1812
f 1813 1816 1814
f 1817 1818 1820
f 1819 1821 1916
f 1821 1823 1916
f 1691 1694 1824
f 1371 1915 1823
f 1240 1822 1827
f 1819 1916 1820
f 1696 1698 1917
f 1816 1817 1918
f 1817 1820 1918
f 1825 1824 1919
f 1824 1694 1919
f 1916 1823 1920
f 1823 1915 1920
f 1820 1916 1918
f 1826 1825 1921
f 1825 1919 1921
f 1827 1826 1922
f 1826 1921 1922
f 1828 1240 1827
f 1830 1829 1923
f 1831 1830 1924
f 1830 1923 1924
f 1832 1831 1925
f 1831 1924 1925
f 1833 1832 1926
f 1832 1925 1926
f 1834 1833 1927
f 1833 1926 1927
f 1835 1834 1928
f 1834 1927 1928
f 1836 1835 1929
f 1835 1928 1929
f 1837 1836 1930
f 1836 1929 1930
f 1838 1837 1931
f 1837 1930 1931
f 1839 1838 1932
f 1838 1931 1932
f 1840 1839 1933
f 1839 1932 1933
f 1841 1840 1934
f 1840 1933 1934
f 1842 1841 1935
f 1841 1934 1935
f 1843 1842 1936
f 1842 1935 1936
f 1844 1843 1937
f 1843 1936 1937
f 1845 1844 1938
f 1844 1937 1938
f 1846 1845 1939
f 1845 1938 1939
f 1847 1846 1940
f 1846 1939 1940
f 1848 1847 1941
f 1847 1940 1941
f 1849 1848 1942
f 1848 1941 1942
f 1850 1849 1943
f 1849 1942 1943
f 1851 1850 1944
f 1850 1943 1944
f 1852 1851 1945
f 1851 1944 1945
f 1853 1852 1946
f 1852 1945 1946
f 1854 1853 1947
f 1853 1946 1947
f 1855 1854 1948
f 1854 1947 1948
f 1856 1855 1949
f 1855 1948 1949
f 1857 1856 1950
f 1856 1949 1950
f 1858 1857 1951
f 1857 1950 1951
f 1859 1858 1952
f 1858 1951 1952
f 1860 1859 1953
f 1859 1952 1953
f 1861 1860 1954
f 1860 1953 1954
f 1862 1861 1955
f 1861 1954 1955
f 1863 1862 1956
f 1862 1955 1956
f 1864 1863 1957
f 1863 1956 1957
f 1865 1864 1958
f 1864 1957 1958
f 1866 1865 1959
f 1865 1958 1959
f 1867 1866 1960
f 1866 1959 1960
f 1868 1867 1961
f 1867 1960 1961
f 1869 1868 1962
f 1868 1961 1962
f 1870 1869 1963
f 1869 1962 1963
f 1871 1870 1964
f 1870 1963 1964
f 1872 1871 1965
f 1871 1964 1965
f 1873 1872 1966
f 1872 1965 1966
f 1874 1873 1967
f 1873 1966 1967
f 1875 1874 1968
f 1874 1967 1968
f 1876 1875 1969
f 1875 1968 1969
f 1877 1876 1970
f 1876 1969 1970
f 1878 1877 1971
f 1877 1970 1971
f 1879 1878 1972
f 1878 1971 1972
f 1880 1879 1973
f 1879 1972 1973
f 1881 1880 1974
f 1880 1973 1974
f 1882 1881 1975
f 1881 1974 1975
f 1883 1882 1976
f 1882 1975 1976
f 1884 1883 1977
f 1883 1976 1977
f 1885 1884 1978
f 1884 1977 1978
f 1886 1885 1979
f 1885 1978 1979
f 1887 1886 1980
f 1886 1979 1980
f 1888 1887 1981
f 1887 1980 1981
f 1889 1888 1982
f 1888 1981 1982
f 1890 1889 1983
f 1889 1982 1983
f 1891 1890 1984
f 1890 1983 1984
f 1892 1891 1985
f 1891 1984 1985
f 1893 1892 1986
f 1892 1985 1986
f 1894 1893 1987
f 1893 1986 1987
f 1895 1894 1988
f 1894 1987 1988
f 1896 1895 1989
f 1895 1988 1989
f 1897 1896 1990
f 1896 1989 1990
f 1898 1897 1991
f 1897 1990 1991
f 1899 1898 1992
f 1898 1991 1992
f 1900 1899 1993
f 1899 1992 1993
f 1901 1900 1994
f 1900 1993 1994
f 1902 1901 1995
f 1901 1994 1995
f 1903 1902 1996
f 1902 1995 1996
f 1904 1903 1997
f 1903 1996 1997
f 1905 1904 1998
f 1904 1997 1998
f 1906 1905 1999
f 1905 1998 1999
f 1907 1906 2000
f 1906 1999 2000
f 1908 1907 2001
f 1907 2000 2001
f 1909 1908 2002
f 1908 2001 2002
f 1910 1909 2003
f 1909 2002 2003
f 1911 1910 2004
f 1910 2003 2004
f 1912 1911 2005
f 1911 2004 2005
f 1913 1912 2006
f 1912 2005 2006
f 1914 1913 2007
f 1913 2006 2007
f 1915 1914 1920
f 1828 1827 1922
f 1698 1700 2008
f 1700 1702 2009
f 1702 1704 2010
f 1704 1706 2011
f 1706 1708 2012
f 1708 1710 2013
f 1710 1712 2014
f 1712 1714 2015
f 1714 1716 1668
f 1716 1718 2016
f 1718 1720 2017
f 1720 1722 2018
f 1722 1724 2019
f 1724 1726 2020
f 1726 1728 1679
f 1728 1730 2021
f 1730 1732 2022
f 1732 1734 2023
f 1734 1736 2024
f 1736 1738 2025
f 1738 1740 2026
f 1740 1742 2027
f 1742 1744 1675
f 1744 1746 1676
f 1746 1748 2028
f 1748 1750 2029
f 1750 1752 1673
f 1752 1754 2030
f 1754 1756 2031
f 1756 1758 2032
f 1758 1760 2033
f 1760 1762 1090
f 1762 1764 2034
f 1766 1768 2035
f 1770 1772 2036
f 1772 1774 2037
f 1774 1776 1087
f 1778 1780 2038
f 1780 1782 2039
f 1782 1784 2040
f 1784 1786 2041
f 1786 1788 2042
f 1788 1790 2043
f 1792 1794 2044
f 1794 1796 2045
f 1796 1798 2046
f 1798 1800 2047
f 1800 1802 2048
f 1802 1804 2049
f 1804 1806 2050
f 1806 1808 2051
f 1808 1810 2052
f 1810 1812 2053
f 1812 1814 2054
f 1814 1816 2055
f 2054 1814 2055
f 1816 1918 2055
f 1694 1696 2056
f 1919 1694 2056
f 1696 1917 2056
f 2053 1812 2054
f 2052 1810 2053
f 2051 1808 2052
f 2050 1806 2051
f 2049 1804 2050
f 2048 1802 2049
f 2047 1800 2048
f 2046 1798 2047
f 2045 1796 2046
f 2044 1794 2045
f 2043 1790 2057
f 1790 1792 2057
f 2042 1788 2043
f 2041 1786 2042
f 2040 1784 2041
f 2039 1782 2040
f 2038 1780 2039
f 1087 1776 2058
f 1776 1778 2058
f 2037 1774 1087
f 2036 1772 2037
f 2035 1768 2059
f 1768 1770 2059
f 2034 1764 2060
f 1764 1766 2060
f 1090 1762 2034
f 2033 1760 1090
f 2032 1758 2033
f 2031 1756 2032
f 2030 1754 2031
f 1673 1752 2030
f 2029 1750 1673
f 2028 1748 2029
f 1676 1746 2028
f 1675 1744 1676
f 2027 1742 1675
f 2026 1740 2027
f 2025 1738 2026
f 2024 1736 2025
f 2023 1734 2024
f 2022 1732 2023
f 2021 1730 2022
f 1679 1728 2021
f 2020 1726 1679
f 2019 1724 2020
f 2018 1722 2019
f 2017 1720 2018
f 2016 1718 2017
f 1668 1716 2016
f 2015 1714 1668
f 1828 1922 1829
f 2011 1706 2012
f 1916 1920 1918
f 2014 1712 2015
f 2013 1710 2014
f 1923 1829 1922
f 2012 1708 2013
f 1920 1914 2007
f 2010 1704 2011
f 2009 1702 2010
f 2008 1700 2009
f 1766 2035 2060
f 1770 2036 2059
f 1778 2038 2058
f 1792 2044 2057
f 1698 2008 1917
f 1917 2008 2061
f 2057 2044 2062
f 2058 2038 2063
f 2059 2036 2064
f 2053 2054 2065
f 1921 1919 2066
f 1919 2056 2066
f 2066 1923 1921
f 2011 2012 2067
f 1925 1924 2061
f 1927 1926 2068
f 1928 1927 2069
f 1927 2068 2069
f 1929 1928 2070
f 1928 2069 2070
f 1930 1929 2071
f 1929 2070 2071
f 1931 1930 2067
f 1933 1932 2072
f 1934 1933 2073
f 1933 2072 2073
f 1935 1934 2074
f 1934 2073 2074
f 1936 1935 2075
f 1935 2074 2075
f 1937 1936 2076
f 1936 2075 2076
f 1938 1937 1667
f 1937 2076 1667
f 1939 1938 1669
f 1938 1667 1669
f 1940 1939 2077
f 1939 1669 2077
f 1941 1940 2078
f 1940 2077 2078
f 1942 1941 2079
f 1941 2078 2079
f 1943 1942 2080
f 1942 2079 2080
f 1944 1943 2081
f 1943 2080 2081
f 1945 1944 2082
f 1944 2081 2082
f 1946 1945 1678
f 1945 2082 1678
f 1947 1946 1680
f 1946 1678 1680
f 1948 1947 2083
f 1947 1680 2083
f 1949 1948 2084
f 1948 2083 2084
f 1950 1949 2085
f 1949 2084 2085
f 1951 1950 2086
f 1950 2085 2086
f 1952 1951 2087
f 1951 2086 2087
f 1953 1952 2088
f 1952 2087 2088
f 1954 1953 2089
f 1953 2088 2089
f 1955 1954 2090
f 1954 2089 2090
f 1956 1955 2091
f 1955 2090 2091
f 1957 1956 2092
f 1956 2091 2092
f 1958 1957 1677
f 1957 2092 1677
f 1959 1958 2093
f 1958 1677 2093
f 1960 1959 2094
f 1959 2093 2094
f 1961 1960 2095
f 1960 2094 2095
f 1962 1961 2096
f 1961 2095 2096
f 1963 1962 1672
f 1962 2096 1672
f 1964 1963 1674
f 1963 1672 1674
f 1965 1964 2097
f 1964 1674 2097
f 1966 1965 2098
f 1965 2097 2098
f 1967 1966 2099
f 1966 2098 2099
f 1968 1967 2100
f 1967 2099 2100
f 1969 1968 2101
f 1968 2100 2101
f 1970 1969 1089
f 1969 2101 1089
f 1971 1970 1091
f 1970 1089 1091
f 1972 1971 2102
f 1971 1091 2102
f 1974 1973 2103
f 1975 1974 2104
f 1974 2103 2104
f 1977 1976 2064
f 1979 1978 2105
f 1980 1979 1086
f 1979 2105 1086
f 1981 1980 1088
f 1980 1086 1088
f 1982 1981 2063
f 1983 1982 2063
f 1984 1983 2106
f 1985 1984 2107
f 1984 2106 2107
f 1986 1985 2108
f 1985 2107 2108
f 1987 1986 2109
f 1986 2108 2109
f 1988 1987 2110
f 1987 2109 2110
f 1989 1988 2111
f 1988 2110 2111
f 1990 1989 2112
f 1989 2111 2112
f 1991 1990 2113
f 1990 2112 2113
f 1992 1991 2062
f 1993 1992 2062
f 1994 1993 2114
f 1995 1994 2115
f 1994 2114 2115
f 1996 1995 2116
f 1995 2115 2116
f 1997 1996 2117
f 1996 2116 2117
f 1998 1997 2118
f 1997 2117 2118
f 1999 1998 2119
f 1998 2118 2119
f 2000 1999 2120
f 1999 2119 2120
f 2001 2000 2121
f 2000 2120 2121
f 2002 2001 2122
f 2001 2121 2122
f 2003 2002 2123
f 2002 2122 2123
f 2004 2003 2124
f 2003 2123 2124
f 2005 2004 2125
f 2004 2124 2125
f 2006 2005 2065
f 2007 2006 2065
f 2010 2011 2071
f 2014 2015 2074
f 2060 2035 2103
f 2008 2009 2068
f 1918 1920 2126
f 2055 1918 2126
f 1920 2007 2126
f 1922 1921 1923
f 2013 2014 2073
f 2015 1668 2076
f 1668 2016 1669
f 2016 2017 2077
f 2018 2019 2079
f 2019 2020 2081
f 2020 1679 1678
f 2021 1680 1679
f 2021 2022 2083
f 2022 2023 2085
f 2024 2025 2087
f 2025 2026 2089
f 2027 1675 2092
f 2093 1677 1676
f 1676 2028 2093
f 2028 2029 2095
f 2029 1673 1672
f 2030 1674 1673
f 2030 2031 2097
f 2031 2032 2099
f 2032 2033 2100
f 2033 1090 1089
f 2034 1091 1090
f 2034 2060 2102
f 2037 1087 1086
f 2058 1088 1087
f 2038 2039 2106
f 2040 2041 2108
f 2041 2042 2110
f 2042 2043 2112
f 2044 2045 2114
f 2046 2047 2116
f 2047 2048 2118
f 2048 2049 2120
f 2050 2051 2122
f 2051 2052 2124
f 2013 2073 2072
f 2056 1917 2066
f 2057 2062 2113
f 2058 2063 1981
f 2053 2065 2125
f 2124 2052 2125
f 2120 2049 2121
f 2114 2045 2115
f 2112 2043 2113
f 2038 2106 2063
f 2099 2032 2100
f 2089 2026 2090
f 2085 2023 2086
f 2077 2017 2078
f 2126 2007 2065
f 2068 2009 2069
f 2103 2035 2104
f 2113 2043 2057
f 2011 2067 2071
f 2067 2012 2072
f 1924 1923 2066
f 2066 1917 2061
f 1926 1925 2127
f 1930 2071 2067
f 1977 2064 2128
f 1978 1977 2128
f 2064 2036 2128
f 1932 1931 2067
f 2078 2017 2018
f 2086 2023 2024
f 2090 2026 2027
f 1973 1972 2129
f 2064 1976 2130
f 2059 2064 2130
f 1976 1975 2130
f 2010 2071 2070
f 2053 2125 2052
f 1983 2063 2106
f 1991 2113 2062
f 1993 2062 2114
f 2005 2125 2065
f 2115 2045 2046
f 2121 2049 2050
f 2115 2046 2116
f 2069 2009 2010
f 2068 1926 2127
f 2014 2074 2073
f 2128 2036 2037
f 1669 2016 2077
f 2012 2013 2072
f 2018 2079 2078
f 2086 2024 2087
f 1973 2129 2103
f 2065 2054 2126
f 1932 2067 2072
f 2035 2059 2104
f 2106 2039 2107
f 2039 2040 2107
f 2062 2044 2114
f 2121 2050 2122
f 2054 2055 2126
f 2107 2040 2108
f 1924 2066 2061
f 1978 2128 2105
f 2010 2070 2069
f 2076 1668 1667
f 2122 2051 2123
f 2118 2048 2119
f 2116 2047 2117
f 2110 2042 2111
f 2108 2041 2109
f 2034 2102 1091
f 2100 2033 2101
f 2030 2097 1674
f 2028 2095 2094
f 2092 1675 1677
f 2087 2025 2088
f 2021 2083 1680
f 2081 2020 2082
f 2079 2019 2080
f 2074 2015 2075
f 1925 2061 2127
f 2104 2059 2130
f 1972 2102 2129
f 2127 2061 2008
f 2076 2075 2015
f 2123 2051 2124
f 2080 2019 2081
f 2088 2025 2089
f 2127 2008 2068
f 2109 2041 2110
f 2117 2047 2118
f 2104 2130 1975
f 2028 2094 2093
f 2101 2033 1089
f 2111 2042 2112
f 2119 2048 2120
f 2060 2103 2129
f 2128 2037 2105
f 2083 2022 2084
f 2022 2085 2084
f 2090 2027 2091
f 2027 2092 2091
f 2095 2029 2096
f 2029 1672 2096
f 2097 2031 2098
f 2031 2099 2098
f 2102 2060 2129
f 2037 1086 2105
f 2058 1981 1088
f 2082 2020 1678
o inlet
g inlet
v 0.02257703 0.0 0.0108
v 0.02248869 0.001995361 0.0108
v 0.02042297 0.0 0.0108
v 0.02222433 0.003975105 0.0108
v 0.02032462 0.002001801 0.0108
v 0.02178604 0.005923738 0.0108
v 0.02003055 0.003984323 0.0108
v 0.02117725 0.00782601 0.0108
v 0.01954356 0.005928474 0.0108
v 0.02040272 0.009667034 0.0108
v 0.01886836 0.007815531 0.0108
v 0.0194685 0.0114324 0.0108
v 0.01801145 0.00962732 0.0108
v 0.01838192 0.01310829 0.0108
v 0.01698108 0.01134639 0.0108
v 0.01715148 0.01468159 0.0108
v 0.01578717 0.01295619 0.0108
v 0.0157868 0.01613999 0.0108
v 0.01444122 0.01444122 0.0108
v 0.01429857 0.01747207 0.0108
v 0.01295619 0.01578717 0.0108
v 0.01269844 0.01866741 0.0108
v 0.01099892 0.01971665 0.0108
v 0.01134639 0.01698108 0.0108
v 0.009213317 0.02061158 0.0108
v 0.00962732 0.01801145 0.0108
v 0.00735561 0.0213452 0.0108
v 0.007815531 0.01886836 0.0108
v 0.005440336 0.02191176 0.0108
v 0.005928474 0.01954356 0.0108
v 0.003482483 0.02230683 0.0108
v 0.003984323 0.02003055 0.0108
v 0.001497376 0.02252732 0.0108
v 0.002001801 0.02032462 0.0108
v -0.0004994511 0.02257151 0.0108
v 6.927269e-17 0.02042297 0.0108
v -0.002492369 0.02243904 0.0108
v -0.002001801 0.02032462 0.0108
v -0.00446578 0.02213096 0.0108
v -0.003984323 0.02003055 0.0108
v -0.006404241 0.02164967 0.0108
v -0.00829258 0.02099894 0.0108
v -0.005928474 0.01954356 0.0108
v -0.01011602 0.02018387 0.0108
v -0.007815531 0.01886836 0.0108
v -0.01186029 0.01921083 0.0108
v -0.00962732 0.01801145 0.0108
v -0.01351173 0.01808744 0.0108
v -0.01134639 0.01698108 0.0108
v -0.01505743 0.0168225 0.0108
v -0.01295619 0.01578717 0.0108
v -0.01648528 0.01542589 0.0108
v -0.01444122 0.01444122 0.0108
v -0.01778411 0.01390855 0.0108
v -0.01578717 0.01295619 0.0108
v -0.01894376 0.01228237 0.0108
v -0.01698108 0.01134639 0.0108
v -0.01995514 0.01056005 0.0108
v -0.01801145 0.00962732 0.0108
v -0.02081035 0.008755091 0.0108
v -0.02150269 0.00688161 0.0108
v -0.01886836 0.007815531 0.0108
v -0.02202675 0.004954271 0.0108
v -0.01954356 0.005928474 0.0108
v -0.02237841 0.002988157 0.0108
v -0.02003055 0.003984323 0.0108
v -0.02255494 0.0009986577 0.0108
v -0.02032462 0.002001801 0.0108
v -0.02255494 -0.0009986577 0.0108
v -0.02042297 -9.726472e-17 0.0108
v -0.02237841 -0.002988157 0.0108
v -0.02032462 -0.002001801 0.0108
v -0.02202675 -0.004954271 0.0108
v -0.02003055 -0.003984323 0.0108
v -0.02150269 -0.00688161 0.0108
v -0.01954356 -0.005928474 0.0108
v -0.02081035 -0.008755091 0.0108
v -0.01886836 -0.007815531 0.0108
v -0.01995514 -0.01056005 0.0108
v -0.01801145 -0.00962732 0.0108
v -0.01894376 -0.01228237 0.0108
v -0.01778411 -0.01390855 0.0108
v -0.01698108 -0.01134639 0.0108
v -0.01648528 -0.01542589 0.0108
v -0.01578717 -0.01295619 0.0108
v -0.01505743 -0.0168225 0.0108
v -0.01444122 -0.01444122 0.0108
v -0.01351173 -0.01808744 0.0108
v -0.01295619 -0.01578717 0.0108
v -0.01186029 -0.01921083 0.0108
v -0.01134639 -0.01698108 0.0108
v -0.01011602 -0.02018387 0.0108
v -0.00962732 -0.01801145 0.0108
v -0.00829258 -0.02099894 0.0108
v -0.007815531 -0.01886836 0.0108
v -0.006404241 -0.02164967 0.0108
v -0.005928474 -0.01954356 0.0108
v -0.00446578 -0.02213096 0.0108
v -0.003984323 -0.02003055 0.0108
v -0.002492369 -0.02243904 0.0108
v -0.0004994511 -0.02257151 0.0108
v -0.002001801 -0.02032462 0.0108
v 0.001497376 -0.02252732 0.0108
v 1.9578e-16 -0.02042297 0.0108
v 0.003482483 -0.02230683 0.0108
v 0.002001801 -0.02032462 0.0108
v 0.005440336 -0.02191176 0.0108
v 0.003984323 -0.02003055 0.0108
v 0.00735561 -0.0213452 0.0108
v 0.005928474 -0.01954356 0.0108
v 0.009213317 -0.02061158 0.0108
v 0.007815531 -0.01886836 0.0108
v 0.01099892 -0.01971665 0.0108
v 0.00962732 -0.01801145 0.0108
v 0.01269844 -0.01866741 0.0108
v 0.01134639 -0.01698108 0.0108
v 0.01429857 -0.01747207 0.0108
v 0.01295619 -0.01578717 0.0108
v 0.0157868 -0.01613999 0.0108
v 0.01715148 -0.01468159 0.0108
v 0.01444122 -0.01444122 0.0108
v 0.01838192 -0.01310829 0.0108
v 0.01578717 -0.01295619 0.0108
v 0.0194685 -0.0114324 0.0108
v 0.01698108 -0.01134639 0.0108
v 0.02040272 -0.009667034 0.0108
v 0.01801145 -0.00962732 0.0108
v 0.02117725 -0.00782601 0.0108
v 0.01886836 -0.007815531 0.0108
v 0.02178604 -0.005923738 0.0108
v 0.01954356 -0.005928474 0.0108
v 0.02222433 -0.003975105 0.0108
v 0.02003055 -0.003984323 0.0108
v 0.02248869 -0.001995361 0.0108
v 0.02032462 -0.002001801 0.0108
f 2131 2132 2133
f 2132 2134 2135
f 2134 2136 2137
f 2136 2138 2139
f 2138 2140 2141
f 2140 2142 2143
f 2142 2144 2145
f 2144 2146 2147
f 2146 2148 2149
f 2148 2150 2151
f 2150 2152 2151
f 2152 2153 2154
f 2153 2155 2156
f 2155 2157 2158
f 2157 2159 2160
f 2159 2161 2162
f 2161 2163 2164
f 2163 2165 2166
f 2165 2167 2168
f 2167 2169 2170
f 2169 2171 2170
f 2171 2172 2173
f 2172 2174 2175
f 2174 2176 2177
f 2176 2178 2179
f 2178 2180 2181
f 2180 2182 2183
f 2182 2184 2185
f 2184 2186 2187
f 2186 2188 2189
f 2188 2190 2189
f 2190 2191 2192
f 2191 2193 2194
f 2193 2195 2196
f 2195 2197 2198
f 2197 2199 2200
f 2199 2201 2202
f 2201 2203 2204
f 2203 2205 2206
f 2205 2207 2208
f 2207 2209 2210
f 2209 2211 2210
f 2211 2212 2213
f 2212 2214 2215
f 2214 2216 2217
f 2216 2218 2219
f 2218 2220 2221
f 2220 2222 2223
f 2222 2224 2225
f 2224 2226 2227
f 2226 2228 2229
f 2228 2230 2229
f 2230 2231 2232
f 2231 2233 2234
f 2233 2235 2236
f 2235 2237 2238
f 2237 2239 2240
f 2239 2241 2242
f 2241 2243 2244
f 2243 2245 2246
f 2245 2247 2248
f 2247 2249 2248
f 2249 2250 2251
f 2250 2252 2253
f 2252 2254 2255
f 2254 2256 2257
f 2256 2258 2259
f 2258 2260 2261
f 2260 2262 2263
f 2262 2264 2265
f 2264 2131 2133
f 2135 2133 2132
f 2137 2135 2134
f 2139 2137 2136
f 2141 2139 2138
f 2143 2141 2140
f 2145 2143 2142
f 2147 2145 2144
f 2149 2147 2146
f 2151 2149 2148
f 2154 2151 2152
f 2156 2154 2153
f 2158 2156 2155
f 2160 2158 2157
f 2162 2160 2159
f 2164 2162 2161
f 2166 2164 2163
f 2168 2166 2165
f 2170 2168 2167
f 2173 2170 2171
f 2175 2173 2172
f 2177 2175 2174
f 2179 2177 2176
f 2181 2179 2178
f 2183 2181 2180
f 2185 2183 2182
f 2187 2185 2184
f 2189 2187 2186
f 2192 2189 2190
f 2194 2192 2191
f 2196 2194 2193
f 2198 2196 2195
f 2200 2198 2197
f 2202 2200 2199
f 2204 2202 2201
f 2206 2204 2203
f 2208 2206 2205
f 2210 2208 2207
f 2213 2210 2211
f 2215 2213 2212
f 2217 2215 2214
f 2219 2217 2216
f 2221 2219 2218
f 2223 2221 2220
f 2225 2223 2222
f 2227 2225 2224
f 2229 2227 2226
f 2232 2229 2230
f 2234 2232 2231
f 2236 2234 2233
f 2238 2236 2235
f 2240 2238 2237
f 2242 2240 2239
f 2244 2242 2241
f 2246 2244 2243
f 2248 2246 2245
f 2251 2248 2249
f 2253 2251 2250
f 2255 2253 2252
f 2257 2255 2254
f 2259 2257 2256
f 2261 2259 2258
f 2263 2261 2260
f 2265 2263 2262
f 2133 2265 2264
