# Combined OBJ with one region per STL
o stirrer
g stirrer
v -0.004 -9.797174e-19 0.048
v -0.004 -9.797174e-19 0.0471526
v -0.003910231 -0.0008426684 0.048
v -0.004 -9.797174e-19 0.04626499
v -0.003922973 -0.0007812074 0.04677969
v -0.004 -9.797174e-19 0.04545014
v -0.004 -9.797174e-19 0.04459869
v -0.003933464 -0.0007265395 0.04502738
v -0.004 -9.797174e-19 0.04378384
v -0.004 -9.797174e-19 0.04289776
v -0.003919548 -0.0007982117 0.04335971
v -0.004 -9.797174e-19 0.04204882
v -0.004 -9.797174e-19 0.04123397
v -0.003932316 -0.0007327278 0.04173949
v -0.004 -9.797174e-19 0.04034858
v -0.004 -9.797174e-19 0.0395
v -0.003910658 -0.0008406882 0.0395
v -0.003918002 0.0008057665 0.048
v -0.003945594 0.0006574861 0.04732474
v -0.00367537 0.001578497 0.048
v -0.003793442 0.001268778 0.04744644
v -0.003280176 0.002289201 0.048
v -0.002741266 0.002912981 0.048
v -0.003054029 0.002583197 0.04725753
v -0.0020634 0.003426715 0.048
v -0.001288552 0.003786771 0.048
v -0.00171623 0.003613109 0.04724004
v -0.0004319719 0.003976607 0.048
v 0.0004153738 0.003978375 0.048
v -4.983875e-05 0.00399969 0.04725678
v 0.001208269 0.003813146 0.048
v 0.002002409 0.003462709 0.048
v 0.001595955 0.003667823 0.0472585
v 0.002682604 0.002967092 0.048
v 0.003225315 0.002365871 0.048
v 0.002946819 0.002704858 0.04727679
v 0.003647315 0.001642283 0.048
v 0.003903733 0.0008722769 0.048
v 0.003787237 0.001287182 0.04725799
v 0.003999872 3.197232e-05 0.048
v 0.003924317 -0.0007744238 0.048
v 0.003983054 -0.0003678039 0.04724784
v 0.003682214 -0.001562466 0.048
v 0.003242155 -0.002342741 0.048
v 0.003484132 -0.001964899 0.04722659
v 0.002670154 -0.002978301 0.048
v 0.002002903 -0.003462424 0.048
v 0.002366865 -0.003224585 0.04722283
v 0.001224654 -0.003807916 0.048
v 0.0003965991 -0.00398029 0.048
v 0.0008347972 -0.003911919 0.04721958
v -0.0004133271 -0.003978588 0.048
v -0.001242209 -0.003802225 0.048
v -0.0008655293 -0.003905235 0.04723354
v -0.002013277 -0.003456402 0.048
v -0.002709168 -0.002942858 0.048
v -0.002368525 -0.003223366 0.04726658
v -0.003255593 -0.002324029 0.048
v -0.003660325 -0.001613077 0.048
v -0.003447461 -0.002028549 0.04733516
v -0.003959959 0.0005645543 0.04666359
v -0.003931594 0.0007365938 0.04594091
v -0.003924338 0.0007743191 0.04509604
v -0.003929242 0.0007490372 0.0442262
v -0.003925844 0.0007666503 0.04335991
v -0.00392261 0.0007830281 0.04247658
v -0.003917261 0.0008093594 0.04160534
v -0.003929361 0.0007484129 0.04068419
v -0.00391841 0.0008037823 0.0395
v -0.003676967 0.001574774 0.0395
v -0.003774065 0.001325306 0.04021041
v -0.00328365 0.002284216 0.0395
v -0.003476025 0.001979204 0.04020909
v -0.002747572 0.002907034 0.0395
v -0.003013367 0.002630517 0.04019618
v -0.002091304 0.003409757 0.0395
v -0.002433053 0.003174941 0.04022552
v -0.001351132 0.003764896 0.0395
v -0.001725325 0.003608775 0.0402342
v -0.0005296783 0.003964775 0.0395
v -0.0009313671 0.003890059 0.04024373
v 0.0002778299 0.00399034 0.0395
v -0.0001031047 0.003998671 0.04024664
v 0.001108707 0.003843276 0.0395
v 0.000723177 0.003934084 0.04024486
v 0.001896892 0.003521619 0.0395
v 0.001538529 0.00369228 0.04024047
v 0.002595733 0.003043382 0.0395
v 0.00227611 0.003289274 0.04025164
v 0.00320007 0.002399906 0.0395
v 0.002928655 0.002724515 0.04026355
v 0.003628861 0.001682667 0.0395
v 0.003437028 0.002046176 0.04024034
v 0.003898181 0.0008967653 0.0395
v 0.003793571 0.001268393 0.04024374
v 0.003999587 5.746818e-05 0.0395
v 0.003974678 0.0004493711 0.04025543
v 0.003922534 -0.0007834098 0.0395
v 0.003981294 -0.0003863961 0.04025641
v 0.003664021 -0.001604665 0.0395
v 0.003809894 -0.001218486 0.04024492
v 0.003247801 -0.002334907 0.0395
v 0.003474738 -0.001981464 0.04024516
v 0.002712364 -0.002939912 0.0395
v 0.002990092 -0.002656944 0.04023087
v 0.002054844 -0.003431853 0.0395
v 0.002378011 -0.003216374 0.04023795
v 0.001280082 -0.003789642 0.0395
v 0.001655076 -0.003641528 0.04024441
v 0.0004566431 -0.003973849 0.0395
v 0.0008757803 -0.003902949 0.0402412
v -0.0003511988 -0.003984553 0.0395
v 3.307221e-05 -0.003999863 0.04023366
v -0.001178605 -0.003822419 0.0395
v -0.0007862712 -0.003921961 0.04024636
v -0.001950169 -0.003492398 0.0395
v -0.001593563 -0.003668863 0.04022958
v -0.002656978 -0.002990061 0.0395
v -0.002311118 -0.003264771 0.04022581
v -0.003215732 -0.002378879 0.0395
v -0.002962777 -0.002687369 0.04020704
v -0.003647843 -0.00164111 0.0395
v -0.003459262 -0.002008359 0.0401853
v -0.003814183 -0.001204994 0.04020171
v -0.003943688 -0.0006688249 0.04585324
v -0.003924822 -0.0007718651 0.04420847
v -0.003921203 -0.0007900428 0.04254794
v -0.003911857 -0.0008350878 0.04093975
v -0.003512213 0.001914253 0.04730471
v -0.002441772 0.003168241 0.04725981
v -0.0008978281 0.003897936 0.04724235
v 0.0007989528 0.003919397 0.04725624
v 0.002328847 0.003252149 0.04727443
v 0.003448987 0.002025954 0.04725556
v 0.003973067 0.0004634005 0.04724537
v 0.003824411 -0.001172127 0.04723797
v 0.002989883 -0.002657179 0.04722755
v 0.001623906 -0.003655534 0.04720911
v -1.712171e-05 -0.003999963 0.04723731
v -0.00165871 -0.003639874 0.04725052
v -0.002992591 -0.002654128 0.0472934
v -0.003760438 -0.00136349 0.04736502
v -0.003749991 -0.001391965 0.04544825
v -0.0005189969 0.003966187 0.04646629
v -0.001342712 0.003767907 0.04647352
v -0.003682174 -0.00156256 0.04383565
v -0.003715625 -0.001481261 0.044678
v -0.003764062 -0.001353453 0.04144611
v -0.003376474 0.002144627 0.0465243
v -0.0004693067 -0.003972373 0.04645341
v -0.002108994 0.003398845 0.04649896
v 0.001962599 0.003485428 0.04655289
v 0.003209656 0.002387071 0.04651307
v 0.003627869 0.001684806 0.04648851
v 0.003999076 8.596655e-05 0.04648021
v 0.003682571 -0.001561626 0.04648999
v 0.003270965 -0.002302345 0.04648028
v 0.002013512 -0.003456265 0.04643956
v -0.003710387 -0.001494331 0.04216302
v 0.0004064819 -0.003979293 0.04644278
v -0.003252783 -0.002327961 0.04660619
v 0.002638356 0.003006506 0.0465488
v -0.002735072 -0.002918798 0.04653249
v -0.003640007 -0.001658418 0.04083837
v -0.003664869 0.001602728 0.04568973
v -0.003712581 0.001488872 0.04471901
v -0.003714838 0.001483234 0.0438434
v -0.003697745 0.001525347 0.04296244
v -0.00366802 0.001595504 0.04204182
v -0.003662119 0.001609001 0.04107208
v -0.003788209 -0.001284319 0.04615192
v -0.003259614 0.002318386 0.04085044
v -0.002770504 0.002885188 0.04093623
v -0.002093173 0.003408611 0.04095569
v -0.001325784 0.003773897 0.04098661
v -0.0005162914 0.00396654 0.04098134
v 0.0003365817 0.003985814 0.04098239
v 0.001146689 0.003832115 0.04099135
v 0.001947481 0.003493897 0.0410003
v 0.002638451 0.003006423 0.04100867
v 0.003210491 0.002385948 0.04100735
v 0.003644423 0.001648691 0.04100438
v 0.003910135 0.000843115 0.04099052
v 0.004 1.50514e-06 0.04099487
v 0.003912948 -0.0008299627 0.04100381
v 0.003653348 -0.001628818 0.04099023
v 0.003238085 -0.002348363 0.0409872
v 0.002693398 -0.002957297 0.04097842
v 0.002015645 -0.003455022 0.04096654
v 0.00125369 -0.003798455 0.04096885
v 0.0004510087 -0.003974493 0.04099147
v -0.0003949798 -0.003980451 0.04097339
v -0.001208696 -0.003813011 0.04096556
v -0.001980023 -0.003475559 0.04094668
v -0.002657685 -0.002989433 0.04092185
v -0.00322933 -0.002360388 0.04089204
v -0.002813379 0.002843396 0.04651082
v -0.003674695 -0.001580069 0.04296581
v 0.00117388 0.003823873 0.04652217
v 0.001231234 -0.003805793 0.04644102
v -0.001286893 -0.003787335 0.04646278
v -0.003638107 -0.001662582 0.04670918
v -0.003778883 0.001311504 0.04667096
v 0.000355538 0.003984168 0.04647329
v 0.003898266 0.0008963938 0.04648353
v 0.003927955 -0.0007557585 0.04649566
v 0.002702022 -0.00294942 0.04646182
v -0.002060631 -0.003428382 0.0464951
v 0.0030235 -0.002618864 0.04568017
v -0.0009740636 0.003879588 0.04570286
v -0.003193462 0.002408693 0.04167859
v -0.003454966 -0.002015741 0.04158815
v 0.003412212 0.002087297 0.04573437
v 0.003512209 -0.001914259 0.0456856
v 0.0007522521 0.003928628 0.04568151
v -4.126758e-05 -0.003999787 0.04569703
v -0.001764888 0.003589592 0.04574457
v -0.003396118 0.002113382 0.0450897
v -0.003381385 0.002136876 0.04433577
v -0.003372921 0.002150211 0.04347536
v -0.003320107 0.002230894 0.04260614
v 0.003964266 0.0005334736 0.04571152
v -0.002475505 0.003141954 0.04168184
v -0.001707782 0.00361711 0.0416962
v -0.0009226138 0.003892144 0.04173245
v -6.908402e-05 0.003999403 0.04175594
v 0.0007690698 0.00392537 0.04176586
v 0.001597474 0.003667162 0.04177601
v 0.002322206 0.003256894 0.04178542
v 0.002949847 0.002701556 0.04178007
v 0.003462973 0.002001953 0.04176829
v 0.003811916 0.001212146 0.04177535
v 0.003980341 0.0003960863 0.04178061
v 0.003973441 -0.0004601827 0.04176664
v 0.003796378 -0.001259965 0.04176125
v 0.00345419 -0.002017069 0.04175803
v 0.002963954 -0.00268607 0.04173327
v 0.002345266 -0.003240328 0.04171263
v 0.001642954 -0.003647013 0.0416984
v 0.0008370778 -0.003911432 0.04171977
v 2.98372e-05 -0.003999889 0.04172496
v -0.0008287243 -0.00391321 0.04171057
v -0.001618566 -0.003657902 0.0416764
v -0.002344582 -0.003240823 0.04164617
v 0.003835029 -0.001136905 0.04571024
v 0.003989018 -0.0002962062 0.04569588
v -0.003067355 -0.002567359 0.04585007
v 0.001567518 0.003680066 0.04577135
v -0.003325177 -0.00222333 0.04437539
v -0.003147919 0.002467915 0.0457443
v -0.003415965 -0.002081149 0.04521971
v -0.003254377 -0.002325732 0.04249315
v 0.003768846 0.001340074 0.04572348
v -0.003247518 -0.0023353 0.0434589
v -0.003503877 -0.001929468 0.04598093
v -0.0009388901 -0.00388825 0.0456788
v -0.0001066541 0.003998578 0.04564659
v -0.002522965 0.003103973 0.04573555
v -0.002975398 -0.002673389 0.04164599
v 0.0008152414 -0.003916042 0.04567951
v 0.002932678 0.002720184 0.04578304
v 0.002386877 -0.0032098 0.04566893
v -0.002481805 -0.00313698 0.04573415
v 0.001630252 -0.003652708 0.04566295
v 0.002302582 0.003270797 0.04581675
v 0.003711894 -0.001490585 0.04489722
v 0.0003640988 -0.003983395 0.04492754
v 0.003578617 0.001787038 0.04494161
v -0.002889981 -0.002765504 0.04503358
v -0.00207491 0.003419758 0.04239973
v 0.003873769 0.000996954 0.04492899
v -0.002904147 0.002750623 0.04491717
v 0.00120756 0.003813371 0.04497973
v 0.0003287338 0.003986469 0.04478199
v -0.000615676 0.003952334 0.04489082
v 0.002758462 -0.002896703 0.04486304
v -0.002951153 0.002700128 0.04401208
v -0.002675429 -0.002973563 0.04229895
v 0.003321846 -0.002228305 0.04488315
v -0.001307584 0.003780241 0.04248629
v -0.0004729734 0.003971939 0.04250398
v 0.0003702157 0.003982831 0.04250883
v 0.001207362 0.003813434 0.04255435
v 0.001988713 0.003470594 0.04255604
v 0.002688467 0.002961781 0.04254017
v 0.003251387 0.00232991 0.04256438
v 0.003672627 0.001584869 0.04256919
v 0.003928391 0.0007534863 0.04255877
v 0.003999443 -6.674698e-05 0.04255362
v 0.003896887 -0.0009023682 0.04253979
v 0.003622367 -0.001696602 0.04254337
v 0.003201359 -0.002398188 0.04252479
v 0.002647675 -0.002998303 0.04249925
v 0.001990496 -0.003469571 0.04242387
v 0.001234537 -0.003804723 0.04244318
v 0.0004385748 -0.003975884 0.04251827
v -0.0004028803 -0.003979659 0.04248559
v -0.00125832 -0.003796924 0.04244182
v -0.002042222 -0.003439379 0.04243275
v -0.001431604 0.003735038 0.04497077
v -0.002769033 0.002886599 0.04239682
v -0.001736188 -0.003603561 0.04567856
v -0.002725491 -0.002927747 0.04415841
v 0.003996947 0.0001562539 0.0449148
v -0.002560755 -0.003072871 0.04317246
v 0.00203671 -0.003442646 0.04483494
v -0.002182262 0.003352273 0.0450312
v -0.002913015 0.002741231 0.04319529
v 0.001944204 0.003495722 0.045116
v 0.003150803 0.002464232 0.04497445
v 0.003944458 -0.0006642648 0.04490701
v 0.001219104 -0.003809696 0.04486361
v -0.0005420369 -0.003963104 0.04490826
v -0.001724833 0.00360901 0.04333493
v 0.002604545 0.003035843 0.04508653
v 0.002474644 -0.003142632 0.04404587
v -0.002219384 -0.003327812 0.04490023
v 0.003724205 0.001459554 0.04412875
v -0.002487681 0.003132322 0.04439777
v -0.000354299 0.003984278 0.04406623
v 0.001013923 0.003869362 0.04413058
v -0.0008626009 0.003905883 0.04329161
v -4.750922e-05 0.003999718 0.04323823
v 0.0007901635 0.003921179 0.04327397
v 0.001615001 0.003659477 0.04341219
v 0.002409902 0.003192549 0.04327402
v 0.003028733 0.00261281 0.04333343
v 0.003512267 0.001914154 0.04333892
v 0.003838226 0.001126064 0.04334448
v 0.003988246 0.0003064173 0.04333532
v 0.003962087 -0.0005494225 0.04334059
v 0.003762658 -0.001357352 0.04333919
v 0.00339637 -0.002112977 0.04331872
v 0.002881196 -0.002774655 0.04329409
v 0.002256071 -0.003303051 0.0432423
v 0.001619041 -0.003657691 0.04308813
v 0.0009189053 -0.003893021 0.04326064
v -1.388095e-05 -0.003999976 0.04337916
v -0.0008577787 -0.003906945 0.04313755
v -0.001646778 -0.003645288 0.04323169
v -0.001158838 0.003828459 0.04415225
v -0.002397678 0.003201741 0.04298987
v -9.124602e-05 -0.003998959 0.0442682
v 0.003946642 0.0006511642 0.04413783
v 0.001634849 -0.003650653 0.04393778
v 0.003322247 0.002227706 0.04414146
v -0.001403594 -0.003745654 0.04486355
v -0.001883111 0.003529007 0.04425174
v -0.001937585 -0.003499395 0.04405748
v 0.0003469569 0.003984924 0.04391668
v -0.002401246 0.003199065 0.04369994
v 0.0007133238 -0.003935882 0.04410784
v 0.001682535 0.003628922 0.04436225
v 0.003104397 -0.002522443 0.04409581
v 0.003866888 -0.001023317 0.0441231
v 0.003566877 -0.001810356 0.04412434
v 0.002769049 0.002886584 0.04416327
v 0.002162691 0.003364932 0.0439135
v -0.0009684041 -0.003881004 0.04400546
v -0.001363037 -0.0004223986 0.06
v -0.000411738 -7.921136e-05 0.06
v -0.001467527 0.0003974626 0.06
v 0.003995063 -0.0001986794 0.04413859
v 0.002263695 0.00329783 0.04454485
v -0.002242036 -0.0002975811 0.06
v 0.01347915 0.00075 0.048
v 0.0128196 0.00075 0.048
v 0.01342309 0.001438973 0.048
v 0.01207778 0.00075 0.048
v 0.01252511 0.00128993 0.048
v 0.01124661 0.00075 0.048
v 0.01053297 0.00075 0.048
v 0.01096152 0.00142231 0.048
v 0.009892833 0.00075 0.048
v 0.00935 0.00075 0.048
v 0.009573039 0.001264206 0.048
v 0.01331448 0.002230362 0.048
v 0.01248642 0.001929397 0.048
v 0.013128 0.003147322 0.048
v 0.0123711 0.002683018 0.048
v 0.01286844 0.004080846 0.048
v 0.01218026 0.003524432 0.048
v 0.01254259 0.004993347 0.048
v 0.01185062 0.004351488 0.048
v 0.01215212 0.005880126 0.048
v 0.0114702 0.005189451 0.048
v 0.01169906 0.006736614 0.048
v 0.01103729 0.006032809 0.048
v 0.01118573 0.0075584 0.048
v 0.0105402 0.006893299 0.048
v 0.01061478 0.008341249 0.048
v 0.009922766 0.00787068 0.048
v 0.009989149 0.009081129 0.048
v 0.009312059 0.009774229 0.048
v 0.009106988 0.008740965 0.048
v 0.0085903 0.01041426 0.048
v 0.008325124 0.009409869 0.048
v 0.007937537 0.01091996 0.048
v 0.007615086 0.01001603 0.048
v 0.007389094 0.01129829 0.048
v 0.006994158 0.01061424 0.048
v 0.00935 -0.0002554593 0.048
v 0.00935 -0.00075 0.048
v 0.008841206 -0.0005552036 0.048
v 0.00935 0.0002528769 0.048
v 0.008826903 1.838381e-05 0.048
v 0.008836184 0.0005952402 0.048
v 0.006498656 0.009756002 0.048
v 0.00601981 0.008926616 0.048
v 0.007165044 0.008995892 0.048
v 0.005624794 0.008242429 0.048
v 0.006428376 0.008240278 0.048
v 0.01266029 -0.00075 0.048
v 0.01347915 -0.00075 0.048
v 0.01342157 -0.001453118 0.048
v 0.01186379 -0.00075 0.048
v 0.01244964 -0.001693032 0.048
v 0.01113935 -0.00075 0.048
v 0.0115049 -0.001593917 0.048
v 0.01048595 -0.00075 0.048
v 0.01077749 -0.001477325 0.048
v 0.009895401 -0.00075 0.048
v 0.01012305 -0.001368983 0.048
v 0.00948529 -0.001292565 0.048
v 0.004897166 0.00796907 0.048
v 0.005324519 0.007722338 0.048
v 0.004914999 0.007371535 0.048
v 0.004484393 0.008207385 0.048
v 0.00442447 0.00764121 0.048
v 0.004025481 0.008472338 0.048
v 0.003941524 0.007924457 0.048
v 0.007941129 -0.01091735 0.048
v 0.007389094 -0.01129829 0.048
v 0.007057041 -0.01072315 0.048
v 0.008592061 -0.0104128 0.048
v 0.007640344 -0.01012095 0.048
v 0.009276206 -0.009808262 0.048
v 0.008234806 -0.009413445 0.048
v 0.009954853 -0.009118712 0.048
v 0.009095617 -0.008857502 0.048
v 0.01058618 -0.008377523 0.048
v 0.009710908 -0.008166208 0.048
v 0.01116244 -0.007592761 0.048
v 0.01026929 -0.007422381 0.048
v 0.01168064 -0.006768507 0.048
v 0.01078812 -0.006593389 0.048
v 0.01213809 -0.005909049 0.048
v 0.01127479 -0.005683324 0.048
v 0.0125324 -0.005018856 0.048
v 0.01180551 -0.004595652 0.048
v 0.01286153 -0.004102558 0.048
v 0.01312377 -0.003164923 0.048
v 0.01221289 -0.00345261 0.048
v 0.0133086 -0.002265185 0.048
v 0.01256868 -0.00260382 0.048
v 0.006090056 0.01204829 0.048
v 0.00562017 0.01123442 0.048
v 0.005449173 0.01235138 0.048
v 0.005108541 0.01034825 0.048
v 0.004799837 0.01146865 0.048
v 0.004692958 0.009628442 0.048
v 0.004342174 0.009020865 0.048
v 0.003954717 0.009689387 0.048
v 0.006630785 -0.009984856 0.048
v 0.006218135 -0.009270126 0.048
v 0.007153577 -0.009305982 0.048
v 0.005851738 -0.008635508 0.048
v 0.005576586 -0.008158931 0.048
v 0.006219794 -0.008083129 0.048
v 0.004701845 0.01265475 0.048
v 0.003768457 0.01296336 0.048
v 0.003865927 0.0115816 0.048
v 0.002815085 0.01320323 0.048
v 0.002921179 0.01207293 0.048
v 0.001846785 0.01337308 0.048
v 0.00191328 0.01226564 0.048
v 0.0008686917 0.01347202 0.048
v 0.0007578557 0.01246067 0.048
v -0.0001140081 0.01349952 0.048
v -0.001096103 0.01345543 0.048
v -0.0004372405 0.01237306 0.048
v -0.002072386 0.01333999 0.048
v -0.001473127 0.01226229 0.048
v -0.003037679 0.0131538 0.048
v -0.002452635 0.0121131 0.048
v -0.003986864 0.01289786 0.048
v -0.00338018 0.01201028 0.048
v -0.005482716 0.01233652 0.048
v -0.004800145 0.01261779 0.048
v -0.004977569 0.01186449 0.048
v -0.006090056 0.01204829 0.048
v -0.005624657 0.01124219 0.048
v 0.004449431 -0.00822757 0.048
v 0.004025481 -0.008472338 0.048
v 0.003934088 -0.007978558 0.048
v 0.004861355 -0.007989745 0.048
v 0.00440593 -0.007679714 0.048
v 0.005324519 -0.007722338 0.048
v 0.004897129 -0.007413594 0.048
v -0.005142578 0.01040721 0.048
v -0.00468524 0.01112572 0.048
v -0.0046803 0.009606517 0.048
v -0.00436799 0.01038272 0.048
v -0.004322642 0.008987035 0.048
v -0.004016952 0.009691498 0.048
v -0.004025481 0.008472338 0.048
v -0.003698922 0.009116398 0.048
v 0.005647699 -0.0112821 0.048
v 0.006090056 -0.01204829 0.048
v 0.005456966 -0.01234794 0.048
v 0.005168001 -0.01045124 0.048
v 0.004692404 -0.01150805 0.048
v 0.004701302 -0.009642894 0.048
v 0.004242795 -0.01049504 0.048
v 0.004317571 -0.008978253 0.048
v 0.003906323 -0.009702382 0.048
v -0.004472019 0.008214528 0.048
v -0.00403234 0.007945912 0.048
v -0.004909439 0.007961984 0.048
v -0.004431064 0.007661391 0.048
v -0.005324519 0.007722338 0.048
v -0.004876451 0.007387609 0.048
v -0.00548718 -0.01233454 0.048
v -0.006090056 -0.01204829 0.048
v -0.00569176 -0.01135842 0.048
v -0.004796449 -0.01261919 0.048
v -0.004908946 -0.01158664 0.048
v -0.003919101 -0.01291862 0.048
v -0.00412309 -0.01184896 0.048
v -0.002976611 -0.01316776 0.048
v -0.003213564 -0.01211767 0.048
v -0.002018598 -0.01334823 0.048
v -0.002275862 -0.01228897 0.048
v -0.00105006 -0.0134591 0.048
v -0.001314893 -0.01238964 0.048
v -7.604577e-05 -0.01349979 0.048
v -0.0003225885 -0.01243328 0.048
v 0.0008983649 -0.01347008 0.048
v 0.0007206389 -0.01242791 0.048
v 0.001868091 -0.01337012 0.048
v 0.001903162 -0.01241423 0.048
v 0.002828076 -0.01320045 0.048
v 0.003082305 -0.01220934 0.048
v 0.003773313 -0.01296195 0.048
v 0.004698874 -0.01265585 0.048
v 0.004008373 -0.01210784 0.048
v -0.007389094 0.01129829 0.048
v -0.006988623 0.01060465 0.048
v -0.007965622 0.01089949 0.048
v -0.006517254 0.009788215 0.048
v -0.007205163 0.009719459 0.048
v -0.006070329 0.009014119 0.048
v -0.005653964 0.008292954 0.048
v -0.006450908 0.008327996 0.048
v -0.005230102 -0.0105588 0.048
v -0.004784445 -0.009786902 0.048
v -0.004334492 -0.01069499 0.048
v -0.004385343 -0.009095636 0.048
v -0.004025481 -0.008472338 0.048
v -0.003687692 -0.009041204 0.048
v -0.008682099 0.01033785 0.048
v -0.00787896 0.01004049 0.048
v -0.009432901 0.009657659 0.048
v -0.008530191 0.009339982 0.048
v -0.01014301 0.008908951 0.048
v -0.009151936 0.008602575 0.048
v -0.01079385 0.008108192 0.048
v -0.009773313 0.007825859 0.048
v -0.01138163 0.007260059 0.048
v -0.010385 0.006992804 0.048
v -0.01190291 0.006369509 0.048
v -0.01096258 0.006070996 0.048
v -0.01235465 0.005441744 0.048
v -0.01158137 0.004975766 0.048
v -0.01273421 0.004482186 0.048
v -0.0120526 0.003809077 0.048
v -0.01303936 0.00349644 0.048
v -0.01326195 0.002524012 0.048
v -0.01244256 0.002873404 0.048
v -0.01340664 0.001584943 0.048
v -0.01271784 0.002102657 0.048
v -0.01347915 0.00075 0.048
v -0.01279847 0.00075 0.048
v -0.004883953 -0.007976698 0.048
v -0.005324519 -0.007722338 0.048
v -0.004924953 -0.007402666 0.048
v -0.004455326 -0.008224166 0.048
v -0.004444874 -0.007680798 0.048
v -0.003959241 -0.007973529 0.048
v -0.01203668 0.00075 0.048
v -0.01246865 0.001436427 0.048
v -0.01122949 0.00075 0.048
v -0.01166319 0.001434948 0.048
v -0.01049297 0.00075 0.048
v -0.01092754 0.001377585 0.048
v -0.009866356 0.00075 0.048
v -0.01025077 0.001345558 0.048
v -0.00935 0.00075 0.048
v -0.009678896 0.001346944 0.048
v -0.00705466 -0.01071903 0.048
v -0.007389094 -0.01129829 0.048
v -0.007961406 -0.01090257 0.048
v -0.006685205 -0.01007911 0.048
v -0.007654126 -0.01012825 0.048
v -0.006276649 -0.009371475 0.048
v -0.00727399 -0.00934297 0.048
v -0.005897342 -0.008714496 0.048
v -0.006788667 -0.008680823 0.048
v -0.005579395 -0.008163795 0.048
v -0.006303736 -0.008123064 0.048
v -0.005874091 -0.007625095 0.048
v -0.00935 0.0002448269 0.048
v -0.008787362 0.0005425182 0.048
v -0.00935 -0.0002466152 0.048
v -0.00883069 -1.203904e-05 0.048
v -0.00935 -0.00075 0.048
v -0.008839793 -0.000583525 0.048
v -0.01341344 -0.001526274 0.048
v -0.01347915 -0.00075 0.048
v -0.01278314 -0.00075 0.048
v -0.01327149 -0.002473393 0.048
v -0.01238422 -0.001661865 0.048
v -0.01304232 -0.003485365 0.048
v -0.01218453 -0.002727967 0.048
v -0.01273612 -0.004476748 0.048
v -0.01190563 -0.003706863 0.048
v -0.01235468 -0.005441686 0.048
v -0.01157553 -0.004681988 0.048
v -0.01190025 -0.006374479 0.048
v -0.01113375 -0.005614291 0.048
v -0.01137553 -0.007269615 0.048
v -0.01061337 -0.006555046 0.048
v -0.01078361 -0.008121808 0.048
v -0.009968752 -0.007628912 0.048
v -0.01012799 -0.008926023 0.048
v -0.009412535 -0.009677509 0.048
v -0.009086992 -0.008595098 0.048
v -0.008658617 -0.01035753 0.048
v -0.00833899 -0.009396281 0.048
v -0.01190091 -0.00075 0.048
v -0.01115435 -0.00075 0.048
v -0.01155678 -0.001324248 0.048
v -0.01048679 -0.00075 0.048
v -0.009858135 -0.00075 0.048
v -0.01017799 -0.001356993 0.048
v -0.004654014 0.0004639878 0.048
v -0.004463771 0.001418616 0.048
v -0.004097519 0.002288827 0.048
v -0.003537444 0.003102483 0.048
v -0.002827261 0.003741221 0.048
v -0.001950343 0.004283784 0.048
v -0.00103073 0.004608361 0.048
v 3.31366e-06 0.004687959 0.048
v 0.000988131 0.004564725 0.048
v 0.001886252 0.004282527 0.048
v 0.0027468 0.003788201 0.048
v 0.003488211 0.003147709 0.048
v 0.004085003 0.002390288 0.048
v 0.004493687 0.001457508 0.048
v 0.00467493 0.000515714 0.048
v 0.004666339 -0.0004592376 0.048
v 0.004496591 -0.001377411 0.048
v 0.004158712 -0.002335147 0.048
v 0.003563806 -0.003180568 0.048
v 0.002774279 -0.003823982 0.048
v 0.001913879 -0.004311749 0.048
v 0.0009334836 -0.004619394 0.048
v -5.423489e-05 -0.004702742 0.048
v -0.001017347 -0.004556593 0.048
v -0.001918511 -0.004243591 0.048
v -0.002770757 -0.003724572 0.048
v -0.003473637 -0.003066774 0.048
v -0.004025674 -0.00229195 0.048
v -0.004415078 -0.001425419 0.048
v -0.004634917 -0.000492781 0.048
v 0.01175961 0.001429621 0.048
v 0.01022505 0.001339883 0.048
v 0.008874324 -0.001147912 0.048
v 0.008919692 0.001261372 0.048
v 0.005984266 0.007549614 0.048
v 0.003440064 0.008333005 0.048
v 0.005448306 0.007135477 0.048
v 0.004306684 0.01049202 0.048
v 0.003660546 0.009001428 0.048
v 0.006639471 -0.008619445 0.048
v 0.005848371 -0.007593892 0.048
v -0.004257076 0.01194086 0.048
v 0.003454138 -0.008410061 0.048
v 0.005433951 -0.007179377 0.048
v -0.003417943 0.008593325 0.048
v -0.005314772 0.007160037 0.048
v -0.003415543 0.007965508 0.048
v 0.003637665 -0.009007095 0.048
v -0.006056941 0.007743945 0.048
v -0.006864932 0.009018855 0.048
v -0.004035903 -0.009733215 0.048
v -0.005460961 -0.007190103 0.048
v -0.009153155 0.001397709 0.048
v -0.003462556 -0.008358707 0.048
v -0.008907735 -0.001156098 0.048
v -0.008670332 0.001156476 0.048
v -0.01086452 -0.001391808 0.048
v -0.009513594 -0.001282951 0.048
v -0.008765031 -0.007559072 0.048
v 0.009253481 0.001748217 0.048
v -0.004983774 0.002163962 0.048
v 0.00889967 0.007786374 0.048
v 0.01054874 0.00204584 0.048
v 0.01155732 0.002997858 0.048
v 0.01119709 0.003705819 0.048
v 0.01082132 0.004491026 0.048
v 0.01040825 0.005301123 0.048
v 0.009959051 0.00612976 0.048
v 0.009462211 0.00697488 0.048
v 0.008156865 0.008471294 0.048
v 0.008282407 -0.0009167611 0.048
v 0.008268407 -0.0002730415 0.048
v 0.008303604 0.0009910216 0.048
v 0.008276754 0.0003402539 0.048
v 0.00753026 -0.008527016 0.048
v 0.01176839 -0.00256611 0.048
v 0.006022548 -0.006979666 0.048
v 0.003322704 0.007618654 0.048
v 0.004978141 0.006740432 0.048
v 0.01087449 -0.002521723 0.048
v 0.009657502 -0.001964429 0.048
v 0.0112745 -0.003558819 0.048
v 0.008910083 -0.007982531 0.048
v 0.009414843 -0.00729277 0.048
v 0.009900858 -0.006491051 0.048
v 0.0103759 -0.005621728 0.048
v 0.01083722 -0.004627387 0.048
v 0.003516654 0.01043708 0.048
v 0.006445578 -0.00747513 0.048
v 0.00293135 0.008826144 0.048
v 0.002938694 -0.008901473 0.048
v -0.009758219 -0.001931895 0.048
v 0.003327722 -0.007741658 0.048
v 0.003015842 0.01111284 0.048
v 0.002137937 0.01118697 0.048
v 0.001158881 0.01127831 0.048
v 0.003870784 -0.007371348 0.048
v 0.0001157122 0.01133247 0.048
v -0.0009239027 0.01124734 0.048
v -0.001928163 0.01105965 0.048
v -0.00294434 0.01085855 0.048
v 0.004415683 -0.007082376 0.048
v 0.004963555 -0.006789683 0.048
v -0.003676187 0.01036119 0.048
v -0.002985902 0.009139484 0.048
v -0.01140463 -0.002065435 0.048
v 0.003670944 -0.0113097 0.048
v -0.004961488 0.006756711 0.048
v 0.003296699 -0.01042858 0.048
v -0.005768335 0.007296418 0.048
v -0.002554086 -0.01129594 0.048
v -0.001624344 -0.01137393 0.048
v -0.0006471431 -0.01141301 0.048
v 0.0003855122 -0.0114102 0.048
v 0.00147953 -0.01137277 0.048
v 0.002589787 -0.01130706 0.048
v -0.006797267 0.007628893 0.048
v 0.006755843 0.007542257 0.048
v -0.003589997 -0.01032685 0.048
v -0.01154246 0.002994728 0.048
v -0.007308063 0.008278614 0.048
v -0.003259146 -0.009625998 0.048
v -0.003406611 -0.007702771 0.048
v -0.009369368 0.0020052 0.048
v -0.00819052 0.008349146 0.048
v -0.008740177 0.007571994 0.048
v -0.009382368 0.00679114 0.048
v -0.009980716 0.005914086 0.048
v -0.01052207 0.0049312 0.048
v -0.0110209 0.003914263 0.048
v -0.005004505 -0.006791785 0.048
v -0.004474974 -0.007093567 0.048
v -0.003961746 -0.007407444 0.048
v 0.009841785 0.001876633 0.048
v -0.01125441 0.002155936 0.048
v -0.01061016 0.001962 0.048
v -0.01000143 0.002050443 0.048
v -0.0083236 -0.0009563112 0.048
v -0.007098237 -0.007958553 0.048
v -0.006513462 -0.007513275 0.048
v -0.01103085 -0.002930347 0.048
v -0.0108611 -0.003958719 0.048
v -0.01042756 -0.00483686 0.048
v -0.009940486 -0.005723342 0.048
v -0.00940594 -0.006656483 0.048
v -0.007886998 -0.008434009 0.048
v -0.00532813 0.001102594 0.048
v -0.002952393 -0.008861451 0.048
v -0.009047676 -0.001789835 0.048
v -0.0105429 -0.002052884 0.048
v -0.006292276 0.007117414 0.048
v 0.003169318 0.009592404 0.048
v 0.00442584 0.007003656 0.048
v -0.003882252 0.01112882 0.048
v -0.003238945 0.009800724 0.048
v -0.003863745 0.007419497 0.048
v 0.003102591 -0.009628375 0.048
v -0.01201361 0.002171419 0.048
v -0.008322809 0.0002261373 0.048
v 0.005954863 0.006867937 0.048
v -0.004491349 0.003196804 0.048
v -0.003733317 0.004022188 0.048
v -0.002809632 0.004669299 0.048
v -0.001753545 0.005320424 0.048
v -0.0005296236 0.005479611 0.048
v 0.0005962805 0.00540268 0.048
v 0.001701992 0.005158964 0.048
v 0.002715183 0.00472377 0.048
v 0.003637998 0.004081816 0.048
v 0.004458938 0.003303361 0.048
v 0.005091755 0.002289089 0.048
v 0.005411866 0.001122967 0.048
v 0.005483266 -2.898147e-05 0.048
v 0.005363021 -0.001077551 0.048
v 0.005109368 -0.002135368 0.048
v 0.004722651 -0.003321374 0.048
v 0.0037553 -0.004168867 0.048
v 0.002735726 -0.004791131 0.048
v 0.001607692 -0.005253982 0.048
v 0.0004680876 -0.005481513 0.048
v -0.0006741068 -0.005402964 0.048
v -0.001729286 -0.005111908 0.048
v -0.002751153 -0.004645662 0.048
v -0.003638371 -0.003925792 0.048
v -0.004333168 -0.003068883 0.048
v -0.00488116 -0.002147098 0.048
v -0.005248278 -0.001130969 0.048
v -0.005427003 -2.120698e-05 0.048
v 0.008965012 -0.001818037 0.048
v -0.007688929 0.009091474 0.048
v -0.006080061 -0.007040003 0.048
v -0.005685987 0.006655559 0.048
v 0.00833706 0.001562227 0.048
v 0.008316529 -0.001571027 0.048
v 0.006870165 -0.007973326 0.048
v 0.005517199 -0.006510453 0.048
v 0.002777579 0.008104581 0.048
v 0.01029002 -0.002020906 0.048
v 0.003863508 0.007291299 0.048
v 0.008373883 -0.00854433 0.048
v 0.002747338 -0.008188104 0.048
v 0.008744796 0.002024566 0.048
v -0.002798256 0.008395624 0.048
v -0.004377807 0.007042142 0.048
v -0.005621944 -0.006538867 0.048
v -0.003454415 -0.01113327 0.048
v -0.002790684 -0.008092482 0.048
v -0.008733138 0.001867935 0.048
v 0.01144961 0.002193404 0.048
v -0.008044082 0.0008348572 0.048
v -0.008276164 -0.0003236705 0.048
v -0.008408007 -0.001592382 0.048
v 0.005529056 0.006450314 0.048
v 0.007346073 0.008025636 0.048
v 0.006584769 0.006891914 0.048
v 0.007723477 0.001453253 0.048
v 0.01000353 0.002469099 0.048
v 0.01021603 0.003761267 0.048
v 0.009797799 0.004535103 0.048
v 0.009376389 0.005336317 0.048
v 0.007677524 6.404786e-05 0.048
v 0.007683052 0.0007611584 0.048
v 0.00268157 0.007379808 0.048
v 0.007100022 -0.00731033 0.048
v 0.009124775 -0.002548282 0.048
v 0.002220194 0.008543385 0.048
v -0.003762665 0.006739308 0.048
v 0.002379311 -0.009397275 0.048
v 0.009021271 -0.006445817 0.048
v 0.009455162 -0.005616806 0.048
v 0.004433925 0.006272873 0.048
v -0.007701048 9.560443e-05 0.048
v 0.002125808 -0.008697663 0.048
v -0.00592288 0.001889737 0.048
v -0.00644312 0.006403943 0.048
v 0.01065616 0.002917375 0.048
v 0.002587889 0.01029266 0.048
v 0.005021769 -0.006132478 0.048
v 0.001559439 0.0100674 0.048
v 0.003219053 -0.00703143 0.048
v 0.0005524169 0.01029396 0.048
v -0.0004288839 0.0103261 0.048
v -0.001380557 0.0101355 0.048
v -0.002348734 0.009839373 0.048
v 0.003852966 -0.006737797 0.048
v -0.007825101 -0.007411729 0.048
v 0.0044504 -0.006470219 0.048
v -0.002350563 0.008960783 0.048
v -0.006953707 0.006961567 0.048
v -0.006380259 -0.006377825 0.048
v -0.001982879 -0.01039147 0.048
v -0.002435784 -0.009509548 0.048
v -0.002857778 -0.01039004 0.048
v -0.00439599 0.006343211 0.048
v -0.001045317 -0.01042855 0.048
v -1.793743e-05 -0.01043036 0.048
v 0.001048118 -0.01036649 0.048
v 0.002220873 -0.01027907 0.048
v 0.008373699 -0.002318879 0.048
v 0.006143769 -0.006255019 0.048
v -0.006138955 -0.0006880189 0.048
v 0.00932357 0.00236892 0.048
v -0.008948525 0.002566587 0.048
v -0.002816395 -0.007234668 0.048
v -0.007642503 -0.0006796674 0.048
v -0.006671224 -0.006928172 0.048
v -0.008356311 0.00661298 0.048
v -0.009016121 0.005816797 0.048
v -0.009519365 0.004890123 0.048
v -0.01003499 -0.002653748 0.048
v 0.007670044 -0.001261503 0.048
v -0.01023523 -0.003373984 0.048
v -0.009790568 -0.004060556 0.048
v -0.009293326 -0.004845033 0.048
v -0.006250807 0.0006083942 0.048
v -0.005521777 0.003063248 0.048
v -0.007690362 0.007362452 0.048
v 0.007491366 -0.007783821 0.048
v -0.004421779 -0.006398443 0.048
v -0.003735986 0.005027833 0.048
v -0.004897147 0.004391311 0.048
v 0.003900585 0.006632235 0.048
v -0.005834708 -0.001902355 0.048
v -0.005109781 -0.006117183 0.048
v -0.003208872 0.007240155 0.048
v 0.006649487 -0.00678516 0.048
v -0.00462645 -0.003931669 0.048
v 0.001131696 -0.006332748 0.048
v -0.002838142 0.005610003 0.048
v -0.001031125 0.006383251 0.048
v 0.0001119239 0.006294336 0.048
v 0.001304773 0.006081706 0.048
v 0.002618093 0.005792168 0.048
v 0.003678527 0.005052757 0.048
v 0.004626141 0.004377982 0.048
v 0.005607344 0.003458133 0.048
v 0.006187551 0.001914052 0.048
v 0.006315281 0.0005060949 0.048
v 0.006297081 -0.0007328918 0.048
v 0.006040267 -0.001787814 0.048
v 0.005823643 -0.002844059 0.048
v 0.004781868 -0.004470971 0.048
v 0.003799935 -0.005283247 0.048
v 0.002430907 -0.005779596 0.048
v -0.002216273 -0.008607013 0.048
v -0.001416418 -0.006067072 0.048
v -0.00256369 -0.00565511 0.048
v -0.003765828 -0.004971193 0.048
v -0.009254922 -0.002466348 0.048
v -0.005275184 -0.002999906 0.048
v 0.003139672 0.006742503 0.048
v -0.0002507814 -0.006292889 0.048
v 0.008143146 -0.007877775 0.048
v -0.005110342 0.006106909 0.048
v 0.008457357 0.006936562 0.048
v 0.002132044 0.007762128 0.048
v 0.007677292 -0.0005848881 0.048
v 0.008930762 0.006150068 0.048
v 0.009958233 -0.002692482 0.048
v 0.008056301 0.007639829 0.048
v 0.007612784 -0.001992102 0.048
v 0.005034281 0.006091788 0.048
v 0.009919723 -0.004751063 0.048
v 0.01026277 -0.003634157 0.048
v 0.00200306 -0.007851873 0.048
v 0.008034268 0.002164661 0.048
v 0.00617138 0.006217334 0.048
v -0.002000203 0.008263506 0.048
v -0.008318684 -0.006609651 0.048
v -0.005849659 0.005872994 0.048
v 0.005589897 -0.005761195 0.048
v -0.008536758 -0.002289154 0.048
v -0.01058472 0.002848329 0.048
v -0.002101168 -0.007670776 0.048
v -0.009723632 0.002762638 0.048
v -0.007130265 -0.007285178 0.048
v -0.009942822 0.003845754 0.048
v -0.008115739 0.001623004 0.048
v -0.003475278 -0.007093142 0.048
v -0.003961537 -0.006831743 0.048
v -0.008231709 0.002443245 0.048
v 0.005695068 -0.003918413 0.048
v -0.007811359 -0.001350354 0.048
v -0.008819923 -0.005723071 0.048
v -0.002094657 0.006321788 0.048
v 0.002323417 0.00938726 0.048
v -0.002622396 0.007732762 0.048
v -0.005851332 -0.005819914 0.048
v 0.008599106 -0.007209832 0.048
v 0.007455235 0.007029145 0.048
v 0.002693966 -0.007506088 0.048
v -0.002205567 -0.006668862 0.048
v 0.002005537 0.006817565 0.048
v -0.004959917 -0.004747587 0.048
v -0.003024094 0.006465731 0.048
v 0.007010936 -0.0002103772 0.048
v 0.008809809 0.004530627 0.048
v -0.004475745 0.00554915 0.048
v 0.007597755 -0.002830199 0.048
v -0.006621152 0.002818313 0.048
v 0.001325194 -0.008501025 0.048
v 0.008695739 0.002842586 0.048
v -0.006767001 0.00156495 0.048
v 0.006996136 0.006158236 0.048
v 0.006714407 0.003038115 0.048
v -2.181717e-05 0.009526113 0.048
v -0.0008149372 0.009316049 0.048
v 0.003200116 -0.00626445 0.048
v -0.005252935 0.005369053 0.048
v -0.00876681 -0.002951601 0.048
v -0.005635304 -0.003912777 0.048
v -0.004428867 -0.00561879 0.048
v 0.001601195 0.008213357 0.048
v -0.00341635 -0.006252893 0.048
v -0.009444605 -0.003235926 0.048
v -0.001538766 -0.009364857 0.048
v -0.0005024714 -0.009569488 0.048
v 0.0005888028 -0.009333881 0.048
v -0.006944475 -0.0002051689 0.048
v -0.007512469 0.001362315 0.048
v -0.00718572 0.000689651 0.048
v -0.008632928 0.004959956 0.048
v -0.006241392 -0.002877454 0.048
v -0.008528516 0.003128961 0.048
v -0.008688707 -0.003833051 0.048
v -0.001120831 -0.007135759 0.048
v -0.007365372 0.006287274 0.048
v -0.006933121 -0.001525855 0.048
v 0.007193932 0.002110176 0.048
v -0.008093668 0.005619927 0.048
v -0.003714915 0.005942818 0.048
v 0.006280874 -0.005452541 0.048
v -0.001649302 0.007367353 0.048
v -0.007316448 -0.00652231 0.048
v 0.008526527 -0.005635006 0.048
v 0.00555082 0.0047623 0.048
v -0.00660036 0.005620628 0.048
v 0.00370254 0.005929847 0.048
v 0.006913116 -0.001526003 0.048
v 0.004921671 -0.005337969 0.048
v 0.006784015 -0.002411859 0.048
v 0.002242874 -0.006819392 0.048
v -0.0003460618 0.007411211 0.048
v 0.0007946421 0.006984648 0.048
v -0.006069957 0.003956448 0.048
v 0.004657207 0.005416588 0.048
v 0.006995481 0.001209594 0.048
v 0.0001592155 -0.00719377 0.048
v -0.007463982 0.002205495 0.048
v -0.007799943 -0.002107119 0.048
v 0.001421622 0.007518744 0.048
v 0.008366268 0.00533625 0.048
v 0.007931217 0.006158477 0.048
v -0.002508546 0.007014921 0.048
v 0.001207271 -0.007432552 0.048
v 0.009223293 0.003761568 0.048
v 0.005566255 0.005683774 0.048
v 0.007105099 -0.0008741844 0.048
v 0.008943377 -0.004813908 0.048
v 0.009415914 -0.004092503 0.048
v 0.006382187 0.005383257 0.048
v -0.00163856 0.00915424 0.048
v 0.006639956 0.004313687 0.048
v -0.005907101 0.00496217 0.048
v -0.008034875 -0.002969251 0.048
v 0.009633536 0.003075056 0.048
v 0.009299157 -0.003309723 0.048
v -0.00773391 0.00328578 0.048
v 0.001574097 -0.009424824 0.048
v -0.008217423 -0.004770079 0.048
v 0.007810305 -0.007205961 0.048
v -0.008735993 0.004032217 0.048
v 0.00563678 -0.004899227 0.048
v 0.00669957 -0.003388805 0.048
v 0.00818307 -0.00647284 0.048
v -0.006746008 -0.005633899 0.048
v 0.007354596 -0.006611816 0.048
v -0.007769111 -0.005674677 0.048
v 0.00152309 0.008965761 0.048
v 0.006866552 -0.006050763 0.048
v 0.008456448 -0.003115132 0.048
v 0.0007251844 0.009220387 0.048
v -0.001092474 0.008288118 0.048
v -0.005265201 -0.005413406 0.048
v -0.001436237 -0.00822079 0.048
v 0.0006872496 0.0007831069 0.06
v -0.0006058004 0.001220678 0.06
v 0.00711629 0.0004530803 0.048
v -0.006999694 0.003834191 0.048
v 0.00392912 -0.00611021 0.048
v 0.00828106 0.003693313 0.048
v 0.004451366 -0.005831214 0.048
v -0.006636322 -0.003871309 0.048
v 0.007654442 -0.005797953 0.048
v -0.0001243149 -0.008758882 0.048
v -0.007645444 -0.003853235 0.048
v 0.007715467 0.002901577 0.048
v 0.007402038 0.003692953 0.048
v -0.009200312 0.003295589 0.048
v 0.0004759763 -0.008159803 0.048
v 0.006661869 -0.004471773 0.048
v 0.007634857 -0.003771664 0.048
v -0.0001396721 0.008582603 0.048
v 0.0005676701 -0.0003336875 0.06
v 0.008577703 -0.00396611 0.048
v 6.603251e-05 -0.001277158 0.06
v -0.006778647 0.004700934 0.048
v -0.006004878 -0.004865422 0.048
v 0.007801095 0.004500598 0.048
v -0.0009607317 -0.001150018 0.06
v 0.007345612 0.00530305 0.048
v -0.007329947 0.005349624 0.048
v -0.007155524 -0.004769345 0.048
v 0.0007192073 0.008120072 0.048
v -0.0008627585 -0.008762606 0.048
v -0.007774583 0.004516978 0.048
v -0.007172108 -0.002875399 0.048
v 0.007875826 -0.00478598 0.048
v -0.0005031523 -0.007978724 0.048
v 0.007071233 -0.005281111 0.048
v 0.008 -1.959435e-18 0.0395
v 0.007936918 0.001002666 0.0395
v 0.0071808 0.0004596823 0.0395
v 0.007748665 0.001989519 0.0395
v 0.007438212 0.002944996 0.0395
v 0.006831803 0.002218384 0.0395
v 0.007010453 0.003854029 0.0395
v 0.006472136 0.004702282 0.0395
v 0.006063884 0.003847405 0.0395
v 0.005831749 0.005476377 0.0395
v 0.005099392 0.006164106 0.0395
v 0.004931961 0.005238381 0.0395
v 0.004286614 0.006754623 0.0395
v 0.003406234 0.007238616 0.0395
v 0.00343608 0.006254571 0.0395
v 0.002472136 0.007608452 0.0395
v 0.001499051 0.007858298 0.0395
v 0.001775869 0.006971513 0.0395
v 0.0005023242 0.007984214 0.0395
v -0.0005023242 0.007984214 0.0395
v -3.551091e-06 0.007180962 0.0395
v -0.001499051 0.007858298 0.0395
v -0.002472136 0.007608452 0.0395
v -0.001788678 0.006954039 0.0395
v -0.003406234 0.007238616 0.0395
v -0.004286614 0.006754623 0.0395
v -0.003457956 0.006307306 0.0395
v -0.005099392 0.006164106 0.0395
v -0.005831749 0.005476377 0.0395
v -0.004883728 0.005200638 0.0395
v -0.006472136 0.004702282 0.0395
v -0.007010453 0.003854029 0.0395
v -0.006078401 0.003846912 0.0395
v -0.007438212 0.002944996 0.0395
v -0.007748665 0.001989519 0.0395
v -0.0068276 0.002221959 0.0395
v -0.007936918 0.001002666 0.0395
v -0.008 4.7165e-17 0.0395
v -0.007168397 0.0004581624 0.0395
v -0.007936918 -0.001002666 0.0395
v -0.007748665 -0.001989519 0.0395
v -0.007073484 -0.001330867 0.0395
v -0.007438212 -0.002944996 0.0395
v -0.007010453 -0.003854029 0.0395
v -0.006461128 -0.003031655 0.0395
v -0.006472136 -0.004702282 0.0395
v -0.005831749 -0.005476377 0.0395
v -0.005540005 -0.004587609 0.0395
v -0.005099392 -0.006164106 0.0395
v -0.004286614 -0.006754623 0.0395
v -0.004222785 -0.005802741 0.0395
v -0.003406234 -0.007238616 0.0395
v -0.002472136 -0.007608452 0.0395
v -0.002647161 -0.006672061 0.0395
v -0.001499051 -0.007858298 0.0395
v -0.0005023242 -0.007984214 0.0395
v -0.000916232 -0.007136862 0.0395
v 0.0005023242 -0.007984214 0.0395
v 0.001499051 -0.007858298 0.0395
v 0.0008910061 -0.007083182 0.0395
v 0.002472136 -0.007608452 0.0395
v 0.003406234 -0.007238616 0.0395
v 0.002656028 -0.006688831 0.0395
v 0.004286614 -0.006754623 0.0395
v 0.005099392 -0.006164106 0.0395
v 0.00421767 -0.005812832 0.0395
v 0.005831749 -0.005476377 0.0395
v 0.006472136 -0.004702282 0.0395
v 0.005530964 -0.004583229 0.0395
v 0.007010453 -0.003854029 0.0395
v 0.007438212 -0.002944996 0.0395
v 0.006506611 -0.003078517 0.0395
v 0.007748665 -0.001989519 0.0395
v 0.007936918 -0.001002666 0.0395
v 0.007011746 -0.001340501 0.0395
v 0.007165883 -0.0004539019 0.0395
v -0.004695086 0.0004454544 0.0395
v -0.004504827 0.001393291 0.0395
v -0.004137618 0.002285307 0.0395
v -0.003555624 0.003077091 0.0395
v -0.002855245 0.003736387 0.0395
v -0.002035166 0.004264823 0.0395
v -0.001117152 0.004572238 0.0395
v -0.0001193139 0.004702495 0.0395
v 0.0008653124 0.004646513 0.0395
v 0.001788393 0.004352947 0.0395
v 0.002663486 0.003868322 0.0395
v 0.003444866 0.00324964 0.0395
v 0.004039129 0.002425907 0.0395
v 0.00444877 0.001532392 0.0395
v 0.004693087 0.0005703443 0.0395
v 0.00469827 -0.0004027243 0.0395
v 0.004513638 -0.001395986 0.0395
v 0.004129587 -0.002321375 0.0395
v 0.003534861 -0.00310249 0.0395
v 0.002816347 -0.003764733 0.0395
v 0.002011817 -0.004293476 0.0395
v 0.001044315 -0.004600222 0.0395
v 7.067209e-05 -0.004720172 0.0395
v -0.0009148581 -0.004640146 0.0395
v -0.001837385 -0.004322865 0.0395
v -0.002706447 -0.003832376 0.0395
v -0.003477345 -0.003197558 0.0395
v -0.004050958 -0.002418867 0.0395
v -0.00446888 -0.001510247 0.0395
v -0.004713707 -0.0005217232 0.0395
v 0.007072779 0.001335593 0.0395
v 0.006460045 0.003038892 0.0395
v 0.005537781 0.004596239 0.0395
v 0.004218153 0.005809601 0.0395
v 0.002640761 0.006676095 0.0395
v 0.0009100377 0.007137875 0.0395
v -0.0008982457 0.007082259 0.0395
v -0.002662183 0.006685036 0.0395
v -0.004220617 0.005805473 0.0395
v -0.005529951 0.004577197 0.0395
v -0.00650448 0.003076091 0.0395
v -0.007012126 0.001343334 0.0395
v -0.007184116 -0.0004558107 0.0395
v -0.006831881 -0.002212317 0.0395
v -0.006066158 -0.003840104 0.0395
v -0.004937209 -0.005231775 0.0395
v -0.003442006 -0.00624996 0.0395
v -0.001782463 -0.006970092 0.0395
v -3.179711e-06 -0.007181761 0.0395
v 0.001782038 -0.006958402 0.0395
v 0.003453853 -0.00631474 0.0395
v 0.004884171 -0.005209217 0.0395
v 0.006080944 -0.003851993 0.0395
v 0.006830615 -0.002222608 0.0395
v 0.005496331 0.003070533 0.0395
v 0.004621798 0.004342347 0.0395
v 0.003405686 0.005290915 0.0395
v 0.0019718 0.006163921 0.0395
v 0.0004248319 0.006461844 0.0395
v -0.001230753 0.006175565 0.0395
v -0.002702441 0.005731224 0.0395
v -0.003974199 0.004870313 0.0395
v -0.005247108 0.003786584 0.0395
v -0.006008003 0.002410099 0.0395
v -0.006252233 0.0007579889 0.0395
v -0.006297022 -0.0007814201 0.0395
v -0.005875191 -0.002261862 0.0395
v -0.005228496 -0.003811163 0.0395
v -0.004151017 -0.004961403 0.0395
v -0.002645751 -0.005705131 0.0395
v -0.001193613 -0.006223926 0.0395
v 0.0003434579 -0.006288565 0.0395
v 0.002018192 -0.006156332 0.0395
v 0.003443299 -0.005486247 0.0395
v 0.004615486 -0.004289178 0.0395
v 0.005555353 -0.003064381 0.0395
v 0.006089142 -0.001615493 0.0395
v 0.006282439 0.001584294 0.0395
v -0.00513304 0.002122727 0.0395
v -0.005358918 0.001054644 0.0395
v -0.005568229 -4.867258e-05 0.0395
v -0.00453233 0.003206602 0.0395
v -0.003725084 0.003963777 0.0395
v -0.002912007 0.004717791 0.0395
v -0.001808965 0.005254595 0.0395
v -0.0007039321 0.005418221 0.0395
v 0.0004182528 0.005548358 0.0395
v 0.001625819 0.005307472 0.0395
v 0.002616953 0.00479128 0.0395
v 0.003600911 0.004239984 0.0395
v 0.004456664 0.003334282 0.0395
v 0.00495101 0.002321195 0.0395
v 0.005414072 0.001299187 0.0395
v 0.00555946 7.002725e-05 0.0395
v 0.005371971 -0.001032891 0.0395
v 0.005145555 -0.002138415 0.0395
v 0.004537168 -0.003226936 0.0395
v 0.003726527 -0.004000656 0.0395
v 0.002899362 -0.00474734 0.0395
v 0.001785574 -0.005275836 0.0395
v 0.0006602587 -0.005429017 0.0395
v -0.0004351055 -0.005544384 0.0395
v -0.001656798 -0.005299809 0.0395
v -0.002639511 -0.00477192 0.0395
v -0.003619416 -0.00420871 0.0395
v -0.004456325 -0.003300936 0.0395
v -0.00495027 -0.002309144 0.0395
v -0.005424143 -0.001283757 0.0395
v 0.005874518 0.002274398 0.0395
v 0.005226057 0.003826596 0.0395
v 0.004141227 0.004972719 0.0395
v 0.002634658 0.005715582 0.0395
v 0.001181321 0.00622508 0.0395
v -0.0003580613 0.006286062 0.0395
v -0.002029622 0.006148156 0.0395
v -0.003448951 0.005472288 0.0395
v -0.004613254 0.004273442 0.0395
v -0.005550158 0.003055552 0.0395
v -0.006084135 0.001617325 0.0395
v -0.006479807 -1.092263e-05 0.0395
v -0.006282254 -0.001574057 0.0395
v -0.005499782 -0.003057115 0.0395
v -0.004627631 -0.00432681 0.0395
v -0.003415819 -0.005279698 0.0395
v -0.001984068 -0.00615946 0.0395
v -0.0004361983 -0.006461159 0.0395
v 0.001215943 -0.006179799 0.0395
v 0.002692851 -0.005740548 0.0395
v 0.00397297 -0.004888172 0.0395
v 0.005250114 -0.003797136 0.0395
v 0.006013574 -0.00241432 0.0395
v 0.006471247 1.911536e-05 0.0395
v 0.00629345 0.0007905126 0.0395
v 0.006252065 -0.0007499163 0.0395
v 0.01985 0.00075 0.04458415
v 0.01985 0.00075 0.044
v 0.01932534 0.00075 0.044
v 0.01985 0.00075 0.04533035
v 0.01916379 0.00075 0.04470714
v 0.01985 0.00075 0.04612325
v 0.01899876 0.00075 0.0456113
v 0.01985 0.00075 0.0470977
v 0.01910797 0.00075 0.04662865
v 0.01985 0.00075 0.04810723
v 0.01904823 0.00075 0.0476066
v 0.01985 0.00075 0.04911676
v 0.01902655 0.00075 0.04859476
v 0.01985 0.00075 0.05010603
v 0.01905747 0.00075 0.04957764
v 0.01985 0.00075 0.05099689
v 0.01913329 0.00075 0.05052558
v 0.01985 0.00075 0.0517756
v 0.01923844 0.00075 0.05139075
v 0.01985 0.00075 0.05245965
v 0.01932683 0.00075 0.05214768
v 0.01985 0.00075 0.053
v 0.01930642 0.00075 0.053
v 0.00935 0.00075 0.053
v 0.01005278 0.00075 0.053
v 0.00935 0.00075 0.05242659
v 0.01073121 0.00075 0.053
v 0.010449 0.00075 0.05247835
v 0.01148024 0.00075 0.053
v 0.01233394 0.00075 0.053
v 0.01188268 0.00075 0.05226375
v 0.01336629 0.00075 0.053
v 0.01439863 0.00075 0.053
v 0.01381513 0.00075 0.0521261
v 0.01543097 0.00075 0.053
v 0.01641083 0.00075 0.053
v 0.01583975 0.00075 0.05223964
v 0.01725551 0.00075 0.053
v 0.01801094 0.00075 0.053
v 0.01754456 0.00075 0.05230257
v 0.01869579 0.00075 0.053
v 0.01888681 0.00075 0.05247343
v 0.009926446 0.00075 0.05217085
v 0.00935 0.00075 0.05179621
v 0.00935 0.00075 0.05
v 0.00935 0.00075 0.05049383
v 0.009865995 0.00075 0.05
v 0.00935 0.00075 0.05110496
v 0.009850464 0.00075 0.05079156
v 0.009892689 0.00075 0.05147243
v 0.01347915 0.00075 0.05
v 0.01279801 0.00075 0.05
v 0.01328216 0.00075 0.05060606
v 0.01204304 0.00075 0.05
v 0.01125198 0.00075 0.05
v 0.01172258 0.00075 0.05071889
v 0.01347915 0.00075 0.04862561
v 0.01413804 0.00075 0.048211
v 0.01347915 0.00075 0.04929235
v 0.01413344 0.00075 0.04971248
v 0.0132836 0.00075 0.04728363
v 0.01247427 0.00075 0.04725256
v 0.01164939 0.00075 0.04725585
v 0.01086544 0.00075 0.04731172
v 0.01005714 0.00075 0.04721763
v 0.00935 0.00075 0.04736274
v 0.00935 0.00075 0.044
v 0.00935 0.00075 0.044542
v 0.009872683 0.00075 0.044
v 0.00935 0.00075 0.04517229
v 0.009864465 0.00075 0.04485038
v 0.00935 0.00075 0.04586349
v 0.00935 0.00075 0.04667499
v 0.009941128 0.00075 0.04630652
v 0.01139755 0.00075 0.044
v 0.01053694 0.00075 0.044
v 0.01105697 0.00075 0.04467656
v 0.01235171 0.00075 0.044
v 0.01193202 0.00075 0.04479999
v 0.01332537 0.00075 0.044
v 0.01288207 0.00075 0.04483531
v 0.01429903 0.00075 0.044
v 0.01383585 0.00075 0.04486584
v 0.01527269 0.00075 0.044
v 0.01478607 0.00075 0.04487468
v 0.01624635 0.00075 0.044
v 0.01574155 0.00075 0.04484976
v 0.01721692 0.00075 0.044
v 0.01668737 0.00075 0.04481418
v 0.01798598 0.00075 0.044
v 0.01759166 0.00075 0.04477113
v 0.01868768 0.00075 0.044
v 0.01841717 0.00075 0.04476078
v 0.01107259 0.00075 0.05234343
v 0.01278882 0.00075 0.05220808
v 0.01489487 0.00075 0.05228809
v 0.01672231 0.00075 0.05224597
v 0.01826737 0.00075 0.05239692
v 0.01403756 0.00075 0.05040787
v 0.01094312 0.00075 0.05062417
v 0.01051553 0.00075 0.05
v 0.01253229 0.00075 0.05068822
v 0.01404273 0.00075 0.04743785
v 0.01413586 0.00075 0.04895209
v 0.009935159 0.00075 0.04556334
v 0.01620558 0.00075 0.05138792
v 0.01843156 0.00075 0.04625309
v 0.01827571 0.00075 0.04710078
v 0.0181829 0.00075 0.04807083
v 0.01820092 0.00075 0.04909361
v 0.01830655 0.00075 0.05008873
v 0.01848914 0.00075 0.05101308
v 0.0187031 0.00075 0.05183963
v 0.01220265 0.00075 0.05146589
v 0.01452043 0.00075 0.05160851
v 0.01378959 0.00075 0.04657499
v 0.0148323 0.00075 0.04856345
v 0.01482497 0.00075 0.05013443
v 0.01388586 0.00075 0.05116239
v 0.01483925 0.00075 0.04938834
v 0.01532448 0.00075 0.05150609
v 0.013074 0.00075 0.05139515
v 0.01031248 0.00075 0.05051487
v 0.01054299 0.00075 0.04521784
v 0.01203298 0.00075 0.04644603
v 0.0112229 0.00075 0.04653021
v 0.01141079 0.00075 0.04560036
v 0.01036715 0.00075 0.0445519
v 0.01242569 0.00075 0.04564069
v 0.01338249 0.00075 0.04571505
v 0.01430983 0.00075 0.04578021
v 0.0152672 0.00075 0.04574576
v 0.01623319 0.00075 0.04566444
v 0.0171605 0.00075 0.04561166
v 0.01805806 0.00075 0.04555419
v 0.01051999 0.00075 0.05184989
v 0.01293239 0.00075 0.04648378
v 0.01483492 0.00075 0.04777112
v 0.01470699 0.00075 0.05088417
v 0.01127395 0.00075 0.05148832
v 0.01480609 0.00075 0.04674668
v 0.01709813 0.00075 0.05142448
v 0.0179452 0.00075 0.05160141
v 0.01045462 0.00075 0.05112385
v 0.01052808 0.00075 0.04668105
v 0.01059887 0.00075 0.04594037
v 0.01561038 0.00075 0.04826623
v 0.01731561 0.00075 0.04741943
v 0.01731953 0.00075 0.04856941
v 0.01737745 0.00075 0.04965597
v 0.01761853 0.00075 0.05068465
v 0.01561808 0.00075 0.04742658
v 0.01763973 0.00075 0.04641718
v 0.01656688 0.00075 0.05037573
v 0.0158207 0.00075 0.04652279
v 0.01677244 0.00075 0.04644934
v 0.01548469 0.00075 0.04902587
v 0.01556951 0.00075 0.05064983
v 0.01564402 0.00075 0.04980937
v 0.01639985 0.00075 0.04910181
v 0.01646305 0.00075 0.04802906
v 0.01640991 0.00075 0.04717798
v 0.01340585 0.0015916 0.05
v 0.0130344 0.003514881 0.05
v 0.01325914 0.002538717 0.05
v 0.01323832 0.002645141 0.04904516
v 0.01272693 0.004502811 0.05
v 0.01288877 0.004016176 0.04893889
v 0.0123447 0.005464292 0.05
v 0.01247551 0.005158656 0.04899706
v 0.01188995 0.006393674 0.05
v 0.012037 0.00611234 0.04900359
v 0.01136536 0.0072855 0.05
v 0.01154404 0.006998932 0.04900479
v 0.01077402 0.008134531 0.05
v 0.01099114 0.007838677 0.04900498
v 0.01011938 0.008935779 0.05
v 0.0103777 0.008634424 0.0490046
v 0.009405303 0.009684538 0.05
v 0.009702031 0.009387257 0.04900209
v 0.00863794 0.01037478 0.05
v 0.008949714 0.01010706 0.04898648
v 0.007978683 0.01088993 0.05
v 0.008131005 0.01077668 0.0489615
v 0.007389094 0.01129829 0.05
v 0.007389094 0.01129829 0.04929235
v 0.007389094 0.01129829 0.04862561
v 0.01340517 0.001597341 0.04884914
v -0.002500641 0.0004398564 0.06
v 0.001475227 -0.000118887 0.06
v 0.001124364 -0.001089364 0.06
v 0.00935 -0.0003024849 0.04476945
v 0.00935 -0.0002692331 0.044
v 0.00935 -0.00075 0.04450832
v 0.00935 -0.00075 0.04517231
v 0.00935 -0.00075 0.04595151
v 0.00935 -0.00075 0.04676387
v 0.00935 -5.937194e-06 0.04634038
v 0.00935 -0.00075 0.04744384
v 0.00935 -6.601039e-06 0.04723568
v 0.00935 0.0002596037 0.044
v 0.00935 0.0002260424 0.04466716
v 0.00935 8.054276e-06 0.04542932
v 0.00935 -0.00075 0.044
v 0.01057452 0.0168156 0.04464029
v 0.01057452 0.0168156 0.0454592
v 0.01027374 0.01629464 0.04519726
v 0.01057452 0.0168156 0.04635485
v 0.01057452 0.0168156 0.04733115
v 0.01016997 0.01611491 0.04687899
v 0.01057452 0.0168156 0.04833368
v 0.01057452 0.0168156 0.04933621
v 0.01016703 0.01610982 0.04882824
v 0.01057452 0.0168156 0.05033874
v 0.01057452 0.0168156 0.05117355
v 0.01022487 0.01621 0.05069202
v 0.01057452 0.0168156 0.05184506
v 0.01057452 0.0168156 0.05245333
v 0.01031091 0.01635902 0.05217445
v 0.01057452 0.0168156 0.053
v 0.01029909 0.01633854 0.053
v 0.005587208 0.008177328 0.053
v 0.005324519 0.007722338 0.053
v 0.005324519 0.007722338 0.05246184
v 0.005898797 0.008717015 0.053
v 0.005735266 0.008433772 0.05253414
v 0.006292922 0.00939966 0.053
v 0.006132979 0.009122632 0.05251148
v 0.006731143 0.01015868 0.053
v 0.006551138 0.009846904 0.05236275
v 0.007212549 0.0109925 0.053
v 0.007005289 0.01063352 0.05223857
v 0.007693955 0.01182632 0.053
v 0.007488061 0.0114697 0.05220557
v 0.008175361 0.01266014 0.053
v 0.007962676 0.01229176 0.0521754
v 0.008656767 0.01349396 0.053
v 0.008436075 0.01311171 0.05216439
v 0.009138173 0.01432778 0.053
v 0.008900456 0.01391604 0.0522033
v 0.009598047 0.01512431 0.053
v 0.009348419 0.01469194 0.05228176
v 0.009984264 0.01579325 0.053
v 0.009750569 0.01538848 0.05238352
v 0.005324519 0.007722338 0.05053138
v 0.005324519 0.007722338 0.05
v 0.005635093 0.008260268 0.05
v 0.005324519 0.007722338 0.05115437
v 0.005595462 0.008191625 0.05072982
v 0.005324519 0.007722338 0.05185649
v 0.005614003 0.008223739 0.05135956
v 0.005631039 0.008253245 0.05197389
v 0.00699875 0.01062219 0.05
v 0.007115051 0.01082363 0.0507102
v 0.006515065 0.009784423 0.05
v 0.006675035 0.0100615 0.05067449
v 0.006027649 0.008940195 0.05
v 0.006225277 0.009282496 0.05054337
v 0.00586922 0.008665786 0.05043799
v 0.007722372 0.01187554 0.04826102
v 0.007731005 0.01189049 0.04902864
v 0.007708817 0.01185206 0.04986387
v 0.007252697 0.01106204 0.04728349
v 0.006183985 0.009210977 0.04702623
v 0.005324519 0.007722338 0.04744264
v 0.005324519 0.007722338 0.04457673
v 0.005324519 0.007722338 0.044
v 0.005592028 0.008185677 0.044
v 0.005324519 0.007722338 0.0452796
v 0.005586038 0.008175302 0.04505803
v 0.005324519 0.007722338 0.04611304
v 0.005649334 0.008284933 0.04572299
v 0.005324519 0.007722338 0.04683764
v 0.005703782 0.00837924 0.046505
v 0.005692341 0.008359424 0.04729776
v 0.005929318 0.008769881 0.044
v 0.005739502 0.008441109 0.04455484
v 0.006271433 0.009362441 0.044
v 0.006656158 0.0100288 0.044
v 0.00646537 0.009698349 0.04465148
v 0.00708942 0.01077924 0.044
v 0.007568483 0.011609 0.044
v 0.007314072 0.01116834 0.04482552
v 0.008053501 0.01244907 0.044
v 0.00853852 0.01328915 0.044
v 0.008270199 0.01282441 0.04488548
v 0.009023539 0.01412923 0.044
v 0.009483486 0.01492588 0.044
v 0.009233064 0.01449214 0.04482584
v 0.009926404 0.01569304 0.044
v 0.01027556 0.0162978 0.044
v 0.01010551 0.01600326 0.04463803
v 0.01057452 0.0168156 0.044
v 0.01022054 0.01620249 0.0459814
v 0.01015704 0.0160925 0.04784376
v 0.01019039 0.01615028 0.04979828
v 0.01026599 0.01628122 0.0514702
v 0.007654358 0.01175774 0.04746459
v 0.01008373 0.01596553 0.05248183
v 0.00754993 0.01157686 0.05066187
v 0.006773972 0.01023286 0.0471477
v 0.006097848 0.009061782 0.04461793
v 0.006884201 0.01042379 0.04471311
v 0.007782107 0.011979 0.04489461
v 0.008763632 0.01367906 0.04485177
v 0.009683059 0.01527155 0.04475372
v 0.00973022 0.01535323 0.047333
v 0.008055429 0.01245241 0.04778687
v 0.007118484 0.01082958 0.04643907
v 0.009823219 0.01551431 0.05026638
v 0.005944632 0.008796405 0.0520789
v 0.007559117 0.01159278 0.04662456
v 0.006301444 0.009414421 0.0518604
v 0.007277351 0.01110474 0.05143865
v 0.007751584 0.01192614 0.05138366
v 0.008226521 0.01274875 0.05130516
v 0.008701557 0.01357154 0.05131993
v 0.009166735 0.01437725 0.05146573
v 0.009603891 0.01513443 0.05165121
v 0.009784938 0.01544801 0.04634464
v 0.006649395 0.01001709 0.04532363
v 0.006767066 0.0102209 0.05149188
v 0.005918116 0.008750478 0.05097027
v 0.006324778 0.009454837 0.05118038
v 0.008101227 0.01253174 0.04960443
v 0.006581858 0.009900112 0.04618073
v 0.009910783 0.01566598 0.04542134
v 0.007468306 0.01143549 0.04573423
v 0.006050415 0.008979626 0.04603109
v 0.008521435 0.01325956 0.04568694
v 0.007027279 0.0106716 0.04557914
v 0.009471511 0.01490514 0.04564116
v 0.007974958 0.01231303 0.04586532
v 0.009991027 0.01580497 0.05186364
v 0.005905788 0.008729125 0.0452254
v 0.009770058 0.01542224 0.04933756
v 0.009902077 0.0156509 0.0511259
v 0.007972404 0.01230861 0.05051719
v 0.008105043 0.01253835 0.04865336
v 0.009740926 0.01537178 0.04835427
v 0.005947953 0.008802157 0.051539
v 0.007984601 0.01232973 0.04691454
v 0.006289453 0.009393652 0.04535824
v 0.009007197 0.01410092 0.04571853
v 0.009384653 0.0147547 0.04990781
v 0.008497396 0.01321792 0.05029414
v 0.009013821 0.0141124 0.0505586
v 0.009475341 0.01491177 0.05081926
v 0.009276935 0.01456812 0.04671733
v 0.009335241 0.01466911 0.04892936
v 0.008419413 0.01308285 0.04725217
v 0.009307513 0.01462108 0.04789008
v 0.008760552 0.01367372 0.0465602
v 0.008330784 0.01292934 0.04644166
v 0.008478838 0.01318578 0.04815778
v 0.008508978 0.01323798 0.04914842
v 0.008932338 0.01397126 0.04957074
v 0.008867574 0.01385909 0.04752001
v 0.008904007 0.01392219 0.04853837
v 0.01985 -0.00075 0.044
v 0.01985 -0.00075 0.04466195
v 0.01929712 -0.00075 0.044
v 0.01985 -0.00075 0.04548983
v 0.01922302 -0.00075 0.04523518
v 0.01985 -0.00075 0.04635801
v 0.01985 -0.00075 0.04733904
v 0.01905678 -0.00075 0.04688292
v 0.01985 -0.00075 0.04832008
v 0.01985 -0.00075 0.04930112
v 0.01903873 -0.00075 0.04881414
v 0.01985 -0.00075 0.05018334
v 0.01985 -0.00075 0.05105464
v 0.01913866 -0.00075 0.05062283
v 0.01985 -0.00075 0.05179165
v 0.01985 -0.00075 0.05247549
v 0.01932748 -0.00075 0.05215698
v 0.01985 -0.00075 0.053
v 0.01933055 -0.00075 0.053
v 0.009882149 -0.00075 0.053
v 0.00935 -0.00075 0.053
v 0.00935 -0.00075 0.05241445
v 0.01055358 -0.00075 0.053
v 0.0100398 -0.00075 0.05224716
v 0.01127018 -0.00075 0.053
v 0.01086264 -0.00075 0.05230903
v 0.01209949 -0.00075 0.053
v 0.01166824 -0.00075 0.0522465
v 0.01307651 -0.00075 0.053
v 0.01256744 -0.00075 0.05223074
v 0.01406545 -0.00075 0.053
v 0.01355341 -0.00075 0.05220386
v 0.01505439 -0.00075 0.053
v 0.01456284 -0.00075 0.0522074
v 0.01604333 -0.00075 0.053
v 0.01557223 -0.00075 0.05223039
v 0.01703227 -0.00075 0.053
v 0.01652723 -0.00075 0.05224137
v 0.01789957 -0.00075 0.053
v 0.01743066 -0.00075 0.05230549
v 0.01867138 -0.00075 0.053
v 0.0182082 -0.00075 0.05238766
v 0.00935 -0.00075 0.05048265
v 0.00935 -0.00075 0.05
v 0.00988061 -0.00075 0.05
v 0.00935 -0.00075 0.05102896
v 0.009837265 -0.00075 0.05074088
v 0.00935 -0.00075 0.0517217
v 0.00989369 -0.00075 0.05142196
v 0.01259095 -0.00075 0.05
v 0.01347915 -0.00075 0.05
v 0.0132576 -0.00075 0.05068691
v 0.01178383 -0.00075 0.05
v 0.01236113 -0.00075 0.05073109
v 0.01108383 -0.00075 0.05
v 0.01154478 -0.00075 0.05070774
v 0.01045489 -0.00075 0.05
v 0.01084171 -0.00075 0.05058841
v 0.01347915 -0.00075 0.04861968
v 0.01407893 -0.00075 0.04821047
v 0.01347915 -0.00075 0.0492795
v 0.01412861 -0.00075 0.04892773
v 0.01412347 -0.00075 0.0496656
v 0.01318781 -0.00075 0.04729854
v 0.01156238 -0.00075 0.04731204
v 0.01014062 -0.00075 0.04746205
v 0.009871675 -0.00075 0.044
v 0.01001843 -0.00075 0.04469758
v 0.009977867 -0.00075 0.04551953
v 0.009922646 -0.00075 0.04633445
v 0.01043513 -0.00075 0.044
v 0.01105002 -0.00075 0.044
v 0.01070693 -0.00075 0.04452555
v 0.01173344 -0.00075 0.044
v 0.01248502 -0.00075 0.044
v 0.01206091 -0.00075 0.0447978
v 0.01330718 -0.00075 0.044
v 0.01422106 -0.00075 0.044
v 0.01379086 -0.00075 0.04485523
v 0.01518795 -0.00075 0.044
v 0.01615336 -0.00075 0.044
v 0.01565376 -0.00075 0.04487513
v 0.01704624 -0.00075 0.044
v 0.01788578 -0.00075 0.044
v 0.01745726 -0.00075 0.04476553
v 0.01862128 -0.00075 0.044
v 0.01899972 -0.00075 0.04457585
v 0.01918424 -0.00075 0.04603378
v 0.01903661 -0.00075 0.04785073
v 0.0190735 -0.00075 0.04974326
v 0.01923442 -0.00075 0.05140414
v 0.01405625 -0.00075 0.0504438
v 0.01395178 -0.00075 0.04741937
v 0.01027704 -0.00075 0.05047049
v 0.01234841 -0.00075 0.04727758
v 0.01082329 -0.00075 0.04737794
v 0.009841576 -0.00075 0.04697564
v 0.01130665 -0.00075 0.04469877
v 0.01289596 -0.00075 0.04482195
v 0.0147111 -0.00075 0.04487689
v 0.01659269 -0.00075 0.04486569
v 0.01823804 -0.00075 0.04459694
v 0.01423198 -0.00075 0.04577299
v 0.01821844 -0.00075 0.04932707
v 0.01848411 -0.00075 0.05108312
v 0.01117234 -0.00075 0.0466011
v 0.01717439 -0.00075 0.04580532
v 0.01467118 -0.00075 0.04770438
v 0.01113787 -0.00075 0.05142388
v 0.0120299 -0.00075 0.0514693
v 0.0129673 -0.00075 0.05146001
v 0.01402972 -0.00075 0.05136568
v 0.0151376 -0.00075 0.051481
v 0.01610172 -0.00075 0.05142817
v 0.01703362 -0.00075 0.05150382
v 0.01790278 -0.00075 0.05165113
v 0.01885428 -0.00075 0.05247165
v 0.01481075 -0.00075 0.05009128
v 0.01282585 -0.00075 0.04650166
v 0.01331846 -0.00075 0.04570029
v 0.01371763 -0.00075 0.04659957
v 0.0186343 -0.00075 0.04565379
v 0.01196968 -0.00075 0.0464806
v 0.0107051 -0.00075 0.04518146
v 0.01064092 -0.00075 0.04601654
v 0.01043812 -0.00075 0.04679719
v 0.0124053 -0.00075 0.04565397
v 0.01613365 -0.00075 0.04574141
v 0.01821272 -0.00075 0.04837093
v 0.01516053 -0.00075 0.04576081
v 0.01861486 -0.00075 0.04506676
v 0.01479425 -0.00075 0.04852537
v 0.01822881 -0.00075 0.0473721
v 0.01042494 -0.00075 0.05106885
v 0.01831878 -0.00075 0.05024324
v 0.0186643 -0.00075 0.05184577
v 0.01821237 -0.00075 0.04633769
v 0.01048648 -0.00075 0.05170759
v 0.01475241 -0.00075 0.05082087
v 0.01462538 -0.00075 0.04673544
v 0.01482058 -0.00075 0.04928406
v 0.01148103 -0.00075 0.04561866
v 0.01797138 -0.00075 0.04539477
v 0.01567184 -0.00075 0.05057389
v 0.01669309 -0.00075 0.05061754
v 0.01763216 -0.00075 0.05082634
v 0.01742393 -0.00075 0.04689333
v 0.01559439 -0.00075 0.04890171
v 0.01526158 -0.00075 0.04728312
v 0.01549339 -0.00075 0.04970135
v 0.01653275 -0.00075 0.04661559
v 0.01732934 -0.00075 0.04891554
v 0.01547679 -0.00075 0.04807275
v 0.01743104 -0.00075 0.04792598
v 0.01562281 -0.00075 0.04656258
v 0.01741225 -0.00075 0.04990899
v 0.01641649 -0.00075 0.04957594
v 0.01602511 -0.00075 0.04740404
v 0.01678277 -0.00075 0.04745435
v 0.01644667 -0.00075 0.04835887
v 0.004807767 0.008020685 0.04442338
v 0.004722097 0.008070146 0.04498349
v 0.004632596 0.00812182 0.04638454
v 0.004817078 0.008015309 0.04747567
v 0.004371062 0.008272816 0.04757464
v 0.004025481 0.008472338 0.04741371
v 0.004025481 0.008472338 0.04453492
v 0.004025481 0.008472338 0.044
v 0.004464204 0.008219041 0.044
v 0.004025481 0.008472338 0.04597509
v 0.004025481 0.008472338 0.04517303
v 0.004678257 0.008095457 0.04565469
v 0.004025481 0.008472338 0.04674217
v 0.004887835 0.007974457 0.044
v 0.004514418 0.00819005 0.04703419
v 0.01342839 -0.001388609 0.04896946
v 0.01340445 -0.001603346 0.05
v 0.007389094 -0.01129829 0.04865762
v 0.008155758 -0.01075796 0.04900357
v 0.009724139 -0.009364354 0.04900276
v 0.01095672 -0.007886714 0.04896007
v 0.01183498 -0.006494858 0.04895948
v 0.01263422 -0.004756731 0.04900115
v 0.01319891 -0.002835261 0.04897081
v 0.007389094 -0.01129829 0.049368
v 0.007389094 -0.01129829 0.05
v 0.008011988 -0.01086545 0.05
v 0.009501266 -0.009590409 0.05
v 0.008755145 -0.01027606 0.05
v 0.008991332 -0.01007005 0.04900647
v 0.01019386 -0.008850724 0.05
v 0.01082901 -0.008061173 0.05
v 0.01038076 -0.008630745 0.04899602
v 0.01191305 -0.006350523 0.05
v 0.01140316 -0.007226205 0.05
v 0.012729 -0.004496957 0.05
v 0.01235583 -0.005439062 0.05
v 0.01294975 -0.003814984 0.04899779
v 0.01325848 -0.002542188 0.05
v 0.01303045 -0.003529515 0.05
v 0.01141918 -0.007200852 0.04879112
v 0.01225685 -0.005658581 0.04899556
v 0.0133526 -0.0019895 0.04863296
v 0.01333913 -0.002077872 0.04933629
v 0.001914216 0.0008257247 0.06
v 0.001482637 0.00174894 0.06
v 0.0004821988 0.001981013 0.06
v -0.00192775 0.001197367 0.06
v 0.009275481 0.0175656 0.04460875
v 0.009275481 0.0175656 0.044
v 0.00899172 0.01707412 0.044
v 0.009275481 0.0175656 0.04534956
v 0.008907093 0.01692754 0.04474476
v 0.009275481 0.0175656 0.04624277
v 0.008808197 0.01675624 0.0456944
v 0.009275481 0.0175656 0.04723763
v 0.008871737 0.0168663 0.0467494
v 0.009275481 0.0175656 0.0482325
v 0.008865904 0.0168562 0.04774487
v 0.009275481 0.0175656 0.04922736
v 0.00887134 0.01686561 0.04872152
v 0.009275481 0.0175656 0.05017208
v 0.008888761 0.01689579 0.04967019
v 0.009275481 0.0175656 0.05102348
v 0.008924428 0.01695756 0.05058114
v 0.009275481 0.0175656 0.05177087
v 0.008962899 0.0170242 0.05138644
v 0.009275481 0.0175656 0.0524678
v 0.009003358 0.01709427 0.05213435
v 0.009275481 0.0175656 0.053
v 0.009000477 0.01708928 0.053
v 0.004025481 0.008472338 0.053
v 0.004293015 0.00893572 0.053
v 0.004025481 0.008472338 0.05247608
v 0.004603697 0.009473837 0.053
v 0.00440114 0.009122999 0.05253803
v 0.004936382 0.01005006 0.053
v 0.005354808 0.0107748 0.053
v 0.005105196 0.01034246 0.05225739
v 0.005837336 0.01161056 0.053
v 0.006323032 0.01245181 0.053
v 0.006100574 0.0120665 0.05206099
v 0.006817826 0.01330882 0.053
v 0.007317242 0.01417383 0.053
v 0.007059982 0.01372825 0.05214106
v 0.007808071 0.01502398 0.053
v 0.00825163 0.01579224 0.053
v 0.008009611 0.01537305 0.05226621
v 0.008668125 0.01651363 0.053
v 0.008764981 0.01668139 0.05245649
v 0.004025481 0.008472338 0.05
v 0.004025481 0.008472338 0.05051642
v 0.004285057 0.008921937 0.05
v 0.004025481 0.008472338 0.05109761
v 0.004330934 0.009001398 0.05060924
v 0.004025481 0.008472338 0.05176979
v 0.004388242 0.009100658 0.05196817
v 0.006090056 0.01204829 0.05
v 0.005719777 0.01140694 0.05
v 0.005975511 0.01184989 0.05094206
v 0.005311284 0.01069941 0.05
v 0.004920191 0.01002202 0.05
v 0.005077632 0.01029472 0.05072853
v 0.004585539 0.009442386 0.05
v 0.004681261 0.009608182 0.05070612
v 0.006090056 0.01204829 0.04862561
v 0.006412987 0.01260762 0.04822185
v 0.006090056 0.01204829 0.04929235
v 0.006429971 0.01263704 0.04974699
v 0.005877054 0.01167936 0.04725788
v 0.005379996 0.01081843 0.0472198
v 0.004906638 0.009998546 0.04729346
v 0.004449221 0.009206276 0.04723361
v 0.004297987 0.008944331 0.044
v 0.004360629 0.009052831 0.0446725
v 0.004375811 0.009079126 0.04637268
v 0.005015112 0.01018643 0.044
v 0.004638474 0.009534073 0.044
v 0.004768362 0.009759046 0.04472267
v 0.00540238 0.0108572 0.044
v 0.005199597 0.01050597 0.04474425
v 0.005851448 0.01163501 0.044
v 0.005651962 0.01128948 0.04479182
v 0.006340711 0.01248243 0.044
v 0.006118026 0.01209673 0.04478356
v 0.006829973 0.01332986 0.044
v 0.006596194 0.01292494 0.04475827
v 0.007319235 0.01417729 0.044
v 0.007079129 0.01376141 0.04477019
v 0.007800574 0.01501099 0.044
v 0.007556378 0.01458803 0.04481386
v 0.008235827 0.01576487 0.044
v 0.008024399 0.01539867 0.04482707
v 0.008666182 0.01651027 0.044
v 0.008497165 0.01621752 0.04482119
v 0.004718612 0.009672876 0.05236602
v 0.0056045 0.01120728 0.05195243
v 0.006568429 0.01287685 0.05212863
v 0.007550212 0.01457735 0.05219354
v 0.008423598 0.0160901 0.05236501
v 0.006335869 0.01247405 0.04744471
v 0.004369689 0.009068524 0.0513086
v 0.005508982 0.01104184 0.05082456
v 0.006391625 0.01257062 0.05055085
v 0.006432252 0.01264099 0.04894801
v 0.004438722 0.009188093 0.04546041
v 0.007333098 0.0142013 0.05135061
v 0.008484255 0.01619516 0.04639736
v 0.008449657 0.01613524 0.04728397
v 0.008454397 0.01614345 0.04825851
v 0.00846957 0.01616973 0.04922474
v 0.008504643 0.01623047 0.05015244
v 0.008574392 0.01635128 0.05102237
v 0.008671048 0.0165187 0.05181105
v 0.004778777 0.009777085 0.05156039
v 0.006352935 0.01250361 0.05137478
v 0.006796417 0.01327174 0.04935986
v 0.006795808 0.01327069 0.05120322
v 0.006788741 0.01325844 0.04851907
v 0.006195631 0.01223115 0.04648306
v 0.004724942 0.00968384 0.04605749
v 0.006774258 0.01323336 0.05021532
v 0.005124038 0.01037509 0.04641456
v 0.004956663 0.01008519 0.04546792
v 0.004710121 0.009658168 0.046718
v 0.005417979 0.01088422 0.04559141
v 0.005903531 0.01172522 0.04562083
v 0.006370433 0.01253391 0.04553436
v 0.006842274 0.01335117 0.04549552
v 0.007304438 0.01415166 0.04559245
v 0.00778542 0.01498474 0.04568608
v 0.008266596 0.01581817 0.04566336
v 0.006753274 0.01319701 0.04772481
v 0.005651356 0.01128844 0.04643237
v 0.007810511 0.0150282 0.05140612
v 0.008261101 0.01580865 0.0515881
v 0.005222984 0.01054647 0.05146878
v 0.006679785 0.01306973 0.04691946
v 0.0080303 0.01540889 0.04779095
v 0.008045484 0.01543519 0.04879567
v 0.008062214 0.01546416 0.04977648
v 0.008129525 0.01558075 0.05071246
v 0.008010922 0.01537532 0.04667563
v 0.007199757 0.01397034 0.04980324
v 0.006619674 0.01296561 0.04615412
v 0.00720509 0.01397958 0.04890152
v 0.007119973 0.01383215 0.04715639
v 0.007622931 0.0147033 0.0504235
v 0.007025685 0.01366884 0.04630941
v 0.007488661 0.01447074 0.04647851
v 0.007174105 0.01392591 0.04802319
v 0.007143855 0.01387352 0.05059767
v 0.007629939 0.01471544 0.04935667
v 0.007587347 0.01464167 0.04741611
v 0.00761968 0.01469767 0.04838093
v 0.01057452 -0.0168156 0.04532414
v 0.01057452 -0.0168156 0.0446291
v 0.01034172 -0.01641238 0.04509232
v 0.01057452 -0.0168156 0.04609847
v 0.01024853 -0.01625098 0.04572302
v 0.01057452 -0.0168156 0.04702439
v 0.01018755 -0.01614536 0.04661362
v 0.01057452 -0.0168156 0.04805108
v 0.01017468 -0.01612306 0.04760002
v 0.01057452 -0.0168156 0.04907776
v 0.01018424 -0.01613963 0.04860477
v 0.01057452 -0.0168156 0.05010444
v 0.01019855 -0.01616441 0.04959093
v 0.01057452 -0.0168156 0.05099657
v 0.01022196 -0.01620496 0.05052653
v 0.01057452 -0.0168156 0.05175175
v 0.01026519 -0.01627983 0.0513925
v 0.01057452 -0.0168156 0.05245012
v 0.01031107 -0.0163593 0.05213643
v 0.01057452 -0.0168156 0.053
v 0.01027985 -0.01630522 0.053
v 0.005324519 -0.007722338 0.053
v 0.005592482 -0.008186464 0.053
v 0.005324519 -0.007722338 0.05250607
v 0.005911021 -0.008738188 0.053
v 0.005748515 -0.00845672 0.05243376
v 0.006299043 -0.009410263 0.053
v 0.006750846 -0.01019281 0.053
v 0.006550052 -0.009845023 0.05207334
v 0.007232153 -0.01102646 0.053
v 0.00771346 -0.0118601 0.053
v 0.007489566 -0.01147231 0.05216235
v 0.008194766 -0.01269375 0.053
v 0.008676073 -0.0135274 0.053
v 0.008438161 -0.01311532 0.05214994
v 0.009149673 -0.0143477 0.053
v 0.009567097 -0.0150707 0.053
v 0.009340887 -0.01467889 0.0522446
v 0.009938444 -0.01571389 0.053
v 0.01005188 -0.01591036 0.05246004
v 0.005324519 -0.007722338 0.05
v 0.005324519 -0.007722338 0.05054057
v 0.005650565 -0.008287065 0.05
v 0.005324519 -0.007722338 0.05110642
v 0.005555706 -0.008122766 0.0507498
v 0.006946483 -0.01053166 0.05
v 0.007200723 -0.01097202 0.05058774
v 0.006446621 -0.009665874 0.05
v 0.006795605 -0.01027033 0.05103275
v 0.006016196 -0.008920357 0.05
v 0.005861429 -0.008652293 0.05081255
v 0.007736398 -0.01189983 0.04826875
v 0.007702824 -0.01184168 0.04985927
v 0.007257033 -0.01106955 0.04730154
v 0.006854412 -0.01037219 0.04732591
v 0.006441448 -0.009656916 0.04735287
v 0.006052278 -0.008982853 0.04737895
v 0.00570757 -0.008385802 0.04746648
v 0.005324519 -0.007722338 0.04747781
v 0.005324519 -0.007722338 0.044
v 0.005324519 -0.007722338 0.04460026
v 0.005645631 -0.00827852 0.044
v 0.005324519 -0.007722338 0.0452613
v 0.005578127 -0.008161599 0.04483229
v 0.005324519 -0.007722338 0.04603044
v 0.005324519 -0.007722338 0.04680245
v 0.005629937 -0.008251336 0.04633192
v 0.006021085 -0.008928825 0.044
v 0.005895 -0.00871044 0.04483179
v 0.006426034 -0.009630218 0.044
v 0.006293704 -0.009401015 0.04490254
v 0.006888917 -0.01043195 0.044
v 0.006743617 -0.01018029 0.04489095
v 0.007370881 -0.01126674 0.044
v 0.007206659 -0.0109823 0.04482388
v 0.007852845 -0.01210153 0.044
v 0.007685236 -0.01181122 0.04483006
v 0.008334808 -0.01293631 0.044
v 0.008161855 -0.01263675 0.04487283
v 0.008816772 -0.0137711 0.044
v 0.008658698 -0.01349731 0.0448328
v 0.009260774 -0.01454013 0.044
v 0.009146691 -0.01434253 0.04478346
v 0.009646048 -0.01520744 0.044
v 0.009651449 -0.0152168 0.04462058
v 0.00998252 -0.01579023 0.044
v 0.01026788 -0.01628449 0.044
v 0.01004694 -0.01590182 0.04448843
v 0.01031054 -0.01635838 0.04455719
v 0.01057452 -0.0168156 0.044
v 0.00796701 -0.01229927 0.05216794
v 0.006123513 -0.009106236 0.05224382
v 0.007021075 -0.01066086 0.05209919
v 0.008898804 -0.01391318 0.05216674
v 0.009733911 -0.01535963 0.052353
v 0.005596798 -0.008193939 0.051356
v 0.005324519 -0.007722338 0.05183942
v 0.007655625 -0.01175993 0.04746855
v 0.006261056 -0.009344467 0.05109578
v 0.007555035 -0.0115857 0.05061717
v 0.007740095 -0.01190624 0.04910163
v 0.005652129 -0.008289775 0.04551483
v 0.005881607 -0.008687242 0.05166158
v 0.009827565 -0.01552184 0.0460978
v 0.009761128 -0.01540677 0.04713607
v 0.00977993 -0.01543934 0.04816582
v 0.009803601 -0.01548033 0.04916267
v 0.009828785 -0.01552395 0.0501134
v 0.009878852 -0.01561067 0.05100224
v 0.009969207 -0.01576717 0.05182463
v 0.008682713 -0.0135389 0.05126393
v 0.008210998 -0.01272187 0.05130547
v 0.007967057 -0.01229935 0.05051675
v 0.008078687 -0.0124927 0.04779208
v 0.007491215 -0.01147516 0.04650774
v 0.007302804 -0.01114883 0.05134011
v 0.005589036 -0.008180495 0.05197891
v 0.008106029 -0.01254005 0.04965144
v 0.006043932 -0.008968396 0.04582232
v 0.00663898 -0.00999905 0.04671615
v 0.006264356 -0.009350182 0.04661915
v 0.005880912 -0.008686039 0.04679861
v 0.005577562 -0.008160621 0.04699665
v 0.00658155 -0.009899578 0.0458495
v 0.007078307 -0.01075999 0.04570843
v 0.007492176 -0.01147683 0.04556238
v 0.007953589 -0.01227602 0.04582775
v 0.008482886 -0.01319279 0.04567177
v 0.008990424 -0.01407187 0.04566588
v 0.009489861 -0.01493692 0.04548369
v 0.007748159 -0.0119202 0.05136353
v 0.008143219 -0.01260447 0.04872484
v 0.007017726 -0.01065506 0.0465633
v 0.009148395 -0.01434549 0.05135914
v 0.009997618 -0.01581638 0.0451535
v 0.009582172 -0.01509681 0.05157648
v 0.007975013 -0.01231313 0.04689185
v 0.00896265 -0.01402376 0.05031145
v 0.009355116 -0.01470354 0.04776575
v 0.009403564 -0.01478745 0.04876319
v 0.009423721 -0.01482236 0.0497469
v 0.009460561 -0.01488617 0.05068805
v 0.008440189 -0.01311884 0.04726576
v 0.009304451 -0.01461578 0.04660024
v 0.008431933 -0.01310454 0.05037309
v 0.008327032 -0.01292284 0.04644173
v 0.008769904 -0.01368992 0.0465358
v 0.008524946 -0.01326564 0.04819035
v 0.008587966 -0.01337479 0.04930171
v 0.00905742 -0.01418791 0.04933486
v 0.008905751 -0.01392521 0.04748705
v 0.008968872 -0.01403454 0.04846804
v 0.005193254 0.01246114 0.04937853
v 0.005458589 0.01234722 0.05
v 0.004726629 0.01264551 0.05
v 0.003837144 0.0129432 0.05
v 0.004399418 0.01276304 0.04899929
v 0.00289932 0.01318499 0.05
v 0.003367148 0.01307334 0.04899913
v 0.001945212 0.01335912 0.05
v 0.002388333 0.01328706 0.04899899
v 0.0009810644 0.01346431 0.05
v 0.00141458 0.01342568 0.04899893
v 1.1853e-05 0.01349999 0.05
v 0.0004383433 0.01349288 0.04899891
v -0.0009574196 0.01346601 0.05
v -0.0005388842 0.01348924 0.04899893
v -0.001921751 0.01336252 0.05
v -0.001513254 0.01341492 0.04899905
v -0.002876163 0.01319006 0.05
v -0.002480691 0.01327012 0.04899984
v -0.003815731 0.01294953 0.05
v -0.003438881 0.01305466 0.04900465
v -0.004735604 0.01264215 0.05
v -0.004376725 0.01277084 0.04901438
v -0.005476767 0.01233917 0.05
v -0.005309593 0.01241202 0.04902524
v -0.006090056 0.01204829 0.05
v -0.006090056 0.01204829 0.04936208
v -0.006090056 0.01204829 0.04867443
v 0.005307581 0.01241288 0.04870913
v -0.001970226 -0.001069801 0.06
v -0.001406084 0.002005985 0.06
v 0.004025481 -0.008472338 0.04464953
v 0.004529344 -0.008181432 0.04444475
v 0.004025481 -0.008472338 0.044
v 0.004025481 -0.008472338 0.04536097
v 0.004625925 -0.008125671 0.0450257
v 0.004025481 -0.008472338 0.04616607
v 0.004025481 -0.008472338 0.04683529
v 0.004682905 -0.008092773 0.04641985
v 0.004025481 -0.008472338 0.04744157
v 0.004660722 -0.008105581 0.04756484
v 0.004864765 -0.007987776 0.044
v 0.004671939 -0.008099105 0.04570103
v 0.004675505 -0.008097046 0.04704526
v 0.004450964 -0.008226685 0.044
v -0.009275481 0.0175656 0.044
v -0.009275481 0.0175656 0.04467168
v -0.009016722 0.01711742 0.044
v -0.009275481 0.0175656 0.04543171
v -0.008996644 0.01708264 0.04518841
v -0.009275481 0.0175656 0.04625198
v -0.009275481 0.0175656 0.04715315
v -0.008880908 0.01688218 0.04676673
v -0.009275481 0.0175656 0.04814624
v -0.009275481 0.0175656 0.04913932
v -0.008846849 0.01682319 0.04868831
v -0.009275481 0.0175656 0.05011166
v -0.009275481 0.0175656 0.05098826
v -0.008868848 0.0168613 0.0505772
v -0.009275481 0.0175656 0.05177354
v -0.009275481 0.0175656 0.05246879
v -0.008885951 0.01689092 0.05227139
v -0.009275481 0.0175656 0.053
v -0.009012426 0.01710998 0.053
v -0.004301075 0.008949681 0.053
v -0.004025481 0.008472338 0.053
v -0.004025481 0.008472338 0.05242873
v -0.00462891 0.009517507 0.053
v -0.004472764 0.009247055 0.05246183
v -0.004997651 0.01015619 0.053
v -0.004873754 0.00994159 0.05241466
v -0.005418748 0.01088555 0.053
v -0.005303269 0.01068553 0.05227674
v -0.005902176 0.01172287 0.053
v -0.005797931 0.01154231 0.05225947
v -0.006410441 0.01260321 0.053
v -0.006274796 0.01236826 0.05232797
v -0.006918705 0.01348355 0.053
v -0.006773702 0.0132324 0.0522997
v -0.00742697 0.01436389 0.053
v -0.007264087 0.01408177 0.05225981
v -0.007902334 0.01518724 0.053
v -0.00773269 0.01489341 0.05227135
v -0.008292802 0.01586356 0.053
v -0.008154399 0.01562383 0.05235564
v -0.008663885 0.01650629 0.053
v -0.008514709 0.01624791 0.05248092
v -0.004025481 0.008472338 0.05048396
v -0.004025481 0.008472338 0.05
v -0.0042862 0.008923917 0.05
v -0.004025481 0.008472338 0.05102062
v -0.00425087 0.008862723 0.05067778
v -0.004025481 0.008472338 0.05173063
v -0.004305528 0.008957394 0.05128961
v -0.005739078 0.01144037 0.05
v -0.005897473 0.01171472 0.05058824
v -0.005316591 0.01070861 0.05
v -0.005479296 0.01099042 0.05073419
v -0.004923491 0.01002774 0.05
v -0.005057389 0.01025965 0.05069805
v -0.004578002 0.009429332 0.05
v -0.004731012 0.009694353 0.05053414
v -0.004455773 0.009217626 0.05039716
v -0.006408399 0.01259967 0.04823955
v -0.0064133 0.01260816 0.04902372
v -0.006384327 0.01255798 0.04974291
v -0.005885054 0.01169321 0.04727188
v -0.005385779 0.01082844 0.0472391
v -0.004569421 0.009414469 0.04746806
v -0.004025481 0.008472338 0.04744916
v -0.004025481 0.008472338 0.04460033
v -0.004025481 0.008472338 0.044
v -0.004290924 0.008932098 0.044
v -0.004025481 0.008472338 0.04537054
v -0.004403232 0.009126621 0.04508474
v -0.004025481 0.008472338 0.04611723
v -0.004370793 0.009070435 0.0457723
v -0.004025481 0.008472338 0.04679831
v -0.004334907 0.00900828 0.04648005
v -0.004593178 0.009455617 0.044
v -0.004411703 0.009141294 0.04447623
v -0.0049757 0.01011817 0.044
v -0.005378528 0.01081588 0.044
v -0.00515473 0.01042825 0.04476076
v -0.005859998 0.01164981 0.044
v -0.006350872 0.01250003 0.044
v -0.006104177 0.01207274 0.0448009
v -0.006841746 0.01335025 0.044
v -0.00733262 0.01420047 0.044
v -0.007071133 0.01374756 0.04478878
v -0.007823495 0.01505069 0.044
v -0.008273396 0.01582994 0.044
v -0.008005228 0.01536546 0.04478713
v -0.008682723 0.01653892 0.044
v -0.008841111 0.01681325 0.04462254
v -0.008935926 0.01697748 0.04590243
v -0.008852124 0.01683233 0.04771403
v -0.008850517 0.01682954 0.04964838
v -0.008887926 0.01689434 0.05143378
v -0.004365164 0.009060686 0.05187788
v -0.006273635 0.01236626 0.05044478
v -0.006328748 0.01246171 0.04746359
v -0.004930857 0.01004049 0.04732733
v -0.004314564 0.008973044 0.04716061
v -0.004739768 0.00970952 0.04465505
v -0.00561997 0.01123407 0.04480768
v -0.006588735 0.01291202 0.04478068
v -0.007544486 0.01456743 0.04481614
v -0.008438943 0.01611668 0.04470944
v -0.008416576 0.01607794 0.04825335
v -0.008423836 0.01609051 0.05017236
v -0.00850871 0.01623752 0.05182669
v -0.008643319 0.01647067 0.04538256
v -0.006730738 0.01315798 0.04778139
v -0.00470175 0.00964367 0.05193431
v -0.005070012 0.01028152 0.04642998
v -0.005116143 0.01036142 0.05155847
v -0.005705694 0.01138255 0.05144432
v -0.006159224 0.01216809 0.05167644
v -0.006625893 0.01297638 0.05162951
v -0.00711124 0.01381703 0.05151618
v -0.007600023 0.01466363 0.0514697
v -0.00806838 0.01547484 0.05159546
v -0.006096862 0.01206007 0.05105144
v -0.006648273 0.01301515 0.05024749
v -0.005625783 0.01124414 0.04644564
v -0.006763643 0.01321497 0.04859723
v -0.006181325 0.01220637 0.04653698
v -0.006742051 0.01317757 0.04944582
v -0.005355177 0.01077544 0.04561349
v -0.004832349 0.009869873 0.04548286
v -0.005871323 0.01166943 0.04564204
v -0.00728278 0.01411414 0.04562224
v -0.008214092 0.01572722 0.04558908
v -0.006822604 0.0133171 0.04554144
v -0.008428962 0.01609939 0.04724226
v -0.008413621 0.01607282 0.04923611
v -0.008463427 0.01615909 0.05104357
v -0.008507073 0.01623468 0.04626503
v -0.006654588 0.01302608 0.04697374
v -0.004650414 0.009554754 0.04685114
v -0.004692098 0.009626952 0.05128785
v -0.006469482 0.01270547 0.05100444
v -0.004490574 0.009277903 0.05087871
v -0.004667045 0.009583559 0.04617033
v -0.006346956 0.01249325 0.04557709
v -0.007752624 0.01492794 0.04568116
v -0.00709876 0.01379541 0.04722823
v -0.007989388 0.01533803 0.05076238
v -0.006909138 0.01346698 0.0508404
v -0.007462049 0.01442465 0.05056047
v -0.007092331 0.01378428 0.04994849
v -0.00798279 0.0153266 0.04884697
v -0.007968629 0.01530207 0.0498378
v -0.007987343 0.01533448 0.0466597
v -0.007461768 0.01442416 0.04652049
v -0.007988639 0.01533673 0.04781856
v -0.007148749 0.013882 0.04903537
v -0.007144264 0.01387423 0.04810937
v -0.006596992 0.01292632 0.0462222
v -0.007002984 0.01362952 0.04636386
v -0.007541459 0.01456219 0.04946723
v -0.007550971 0.01457867 0.04748139
v -0.007564609 0.01460229 0.04847044
v 0.009275481 -0.0175656 0.044
v 0.009275481 -0.0175656 0.04453407
v 0.008994085 -0.01707821 0.044
v 0.009275481 -0.0175656 0.04524322
v 0.008942195 -0.01698834 0.04471525
v 0.009275481 -0.0175656 0.04604579
v 0.009275481 -0.0175656 0.04703498
v 0.008832811 -0.01679888 0.04647729
v 0.009275481 -0.0175656 0.04802417
v 0.009275481 -0.0175656 0.04901336
v 0.008842659 -0.01681593 0.04851532
v 0.009275481 -0.0175656 0.05000255
v 0.009275481 -0.0175656 0.05091542
v 0.00889352 -0.01690403 0.05043709
v 0.009275481 -0.0175656 0.0517304
v 0.009275481 -0.0175656 0.05247096
v 0.008912856 -0.01693752 0.05224491
v 0.009275481 -0.0175656 0.053
v 0.008993623 -0.01707741 0.053
v 0.004298469 -0.008945166 0.053
v 0.004025481 -0.008472338 0.053
v 0.004025481 -0.008472338 0.05232866
v 0.004618327 -0.009499178 0.053
v 0.004453871 -0.00921433 0.05234364
v 0.005000521 -0.01016116 0.053
v 0.004848596 -0.009898015 0.05229028
v 0.005417581 -0.01088353 0.053
v 0.005263693 -0.01061698 0.05227366
v 0.005903434 -0.01172505 0.053
v 0.005718104 -0.01140405 0.05226851
v 0.006389288 -0.01256657 0.053
v 0.006182115 -0.01220774 0.0522701
v 0.006875141 -0.01340809 0.053
v 0.006647367 -0.01301358 0.05226806
v 0.007360994 -0.01424962 0.053
v 0.00711796 -0.01382867 0.05227186
v 0.007846847 -0.01509114 0.053
v 0.007586515 -0.01464023 0.05227698
v 0.008282763 -0.01584617 0.053
v 0.008038732 -0.01542349 0.05229644
v 0.008651086 -0.01648412 0.053
v 0.008459469 -0.01615223 0.05233434
v 0.004025481 -0.008472338 0.05152226
v 0.004025481 -0.008472338 0.0506636
v 0.004428007 -0.009169534 0.05089761
v 0.005689071 -0.01135376 0.05
v 0.006090056 -0.01204829 0.05
v 0.005823503 -0.0115866 0.05075165
v 0.005212205 -0.0105278 0.05
v 0.005372328 -0.01080515 0.0507471
v 0.004734755 -0.009700836 0.05
v 0.004894776 -0.009978 0.05078799
v 0.006090056 -0.01204829 0.04866108
v 0.006397938 -0.01258155 0.04819227
v 0.006090056 -0.01204829 0.04937439
v 0.006416191 -0.01261317 0.04896011
v 0.006418268 -0.01261677 0.04965362
v 0.005888893 -0.01169986 0.04727966
v 0.004927895 -0.01003537 0.04719122
v 0.004298007 -0.008944366 0.044
v 0.004300106 -0.008948002 0.04514217
v 0.004330567 -0.009000761 0.04580641
v 0.004307973 -0.008961628 0.04649504
v 0.004432518 -0.009177346 0.04720588
v 0.004647334 -0.009549419 0.044
v 0.00446068 -0.009226124 0.04460558
v 0.005025943 -0.01020519 0.044
v 0.005444019 -0.01092932 0.044
v 0.005256952 -0.01060531 0.04476431
v 0.005925923 -0.011764 0.044
v 0.006410985 -0.01260415 0.044
v 0.006186231 -0.01221487 0.04485223
v 0.006896047 -0.0134443 0.044
v 0.007381109 -0.01428446 0.044
v 0.007153264 -0.01388982 0.04485631
v 0.007866171 -0.01512461 0.044
v 0.00829772 -0.01587207 0.044
v 0.008107363 -0.01554236 0.04481827
v 0.008659016 -0.01649786 0.044
v 0.008877285 -0.01687591 0.04551296
v 0.008828415 -0.01679126 0.04749965
v 0.00886077 -0.0168473 0.0494977
v 0.008945622 -0.01699427 0.05132834
v 0.004025481 -0.008472338 0.05
v 0.004337675 -0.009013074 0.05
v 0.004323084 -0.008987801 0.05174303
v 0.006418067 -0.01261642 0.0502835
v 0.006335524 -0.01247345 0.0474115
v 0.005424004 -0.01089465 0.04722736
v 0.004850908 -0.009902018 0.04468819
v 0.005710977 -0.0113917 0.04481692
v 0.00666812 -0.01304952 0.04486919
v 0.007633577 -0.01472174 0.04481006
v 0.008538229 -0.01628865 0.04481839
v 0.006224855 -0.01228176 0.0508285
v 0.008394911 -0.01604041 0.04804511
v 0.008455819 -0.01614591 0.05002199
v 0.008620776 -0.01643162 0.05167649
v 0.004673823 -0.009595299 0.05157169
v 0.005093607 -0.01032239 0.05152199
v 0.005544871 -0.011104 0.05151415
v 0.005987532 -0.01187071 0.05153458
v 0.006431187 -0.01263914 0.05155611
v 0.006891281 -0.01343605 0.0515284
v 0.007350104 -0.01423075 0.05154278
v 0.007814838 -0.0150357 0.0515468
v 0.008239094 -0.01577053 0.05154949
v 0.005477298 -0.01098696 0.04561369
v 0.006172982 -0.01219192 0.04656426
v 0.005687367 -0.01135081 0.04646165
v 0.006769174 -0.01322455 0.05009277
v 0.006703565 -0.01311091 0.04768046
v 0.007877489 -0.01514421 0.04556583
v 0.00471509 -0.009666776 0.0463098
v 0.006434202 -0.01264436 0.04574235
v 0.005031002 -0.01021395 0.04553196
v 0.007428289 -0.01436617 0.04568742
v 0.005948585 -0.01180325 0.04567917
v 0.006926712 -0.01349742 0.04574382
v 0.008357664 -0.0159759 0.04581709
v 0.008354123 -0.01596976 0.0469839
v 0.006765058 -0.01321742 0.04849319
v 0.008426151 -0.01609452 0.049054
v 0.008525365 -0.01626637 0.05090936
v 0.005207319 -0.01051934 0.04639501
v 0.006674437 -0.01306046 0.04671012
v 0.006648203 -0.01301503 0.05085467
v 0.006784639 -0.01325134 0.04930642
v 0.004631023 -0.009521167 0.04535537
v 0.008017981 -0.01538755 0.04962724
v 0.007144992 -0.01387549 0.05068285
v 0.007591658 -0.01464914 0.05089751
v 0.007024103 -0.0136661 0.047259
v 0.007986712 -0.01533339 0.0486435
v 0.007223757 -0.01401191 0.04652428
v 0.007808999 -0.01502558 0.0465459
v 0.007930228 -0.01523556 0.04763514
v 0.007160749 -0.01390278 0.0488571
v 0.00710401 -0.01380451 0.04802215
v 0.007177262 -0.01393138 0.04972912
v 0.008042562 -0.01543013 0.05065109
v 0.002445752 -4.038577e-05 0.06
v 0.007585525 -0.01463851 0.04921536
v 0.007598506 -0.014661 0.05011116
v 0.007457403 -0.0144166 0.04737874
v 0.00754409 -0.01456675 0.04829756
v -0.0007515123 -0.002078497 0.06
v -0.00470474 0.008080167 0.04449066
v -0.00446052 0.008221167 0.044
v -0.004717462 0.008072822 0.04508496
v -0.004677829 0.008095704 0.04645374
v -0.004680723 0.008094033 0.04758171
v -0.005324519 0.007722338 0.0474659
v -0.005324519 0.007722338 0.04467017
v -0.005324519 0.007722338 0.044
v -0.004894046 0.007970871 0.044
v -0.005324519 0.007722338 0.0454626
v -0.005324519 0.007722338 0.04686614
v -0.005324519 0.007722338 0.04619809
v -0.004697723 0.008084219 0.0457768
v -0.00467319 0.008098383 0.04705611
v 0.005243535 -0.01244007 0.04903053
v 0.005413954 -0.01236685 0.05
v -0.005625093 -0.01227226 0.04865973
v -0.005012933 -0.01253477 0.04866202
v -0.003566311 -0.01302042 0.04898558
v -0.001561947 -0.01340934 0.04899916
v 0.0003857952 -0.01349449 0.04899944
v 0.002321984 -0.01329881 0.0489998
v 0.00424885 -0.01281395 0.04901379
v -0.006090056 -0.01204829 0.04929235
v -0.006090056 -0.01204829 0.04862561
v -0.006090056 -0.01204829 0.05
v -0.005491606 -0.01233257 0.05
v -0.004806905 -0.01261522 0.05
v -0.00527586 -0.0124264 0.04932735
v -0.003938347 -0.01291276 0.05
v -0.004490361 -0.01273133 0.04929315
v -0.003002767 -0.01316182 0.05
v -0.001090167 -0.01345591 0.05
v -0.002051743 -0.01334318 0.05
v 0.0008448318 -0.01347354 0.05
v -0.0001229839 -0.01349944 0.05
v 0.002762473 -0.01321434 0.05
v 0.001808302 -0.01337834 0.05
v 0.004608925 -0.01268889 0.05
v 0.003702435 -0.01298237 0.05
v -0.002542716 -0.01325838 0.04899755
v -0.00434434 -0.01278189 0.0485898
v -0.0005875971 -0.01348721 0.0489994
v 0.001356626 -0.01343166 0.04899949
v 0.003282081 -0.01309496 0.04900165
v -0.001660851 -0.001865027 0.06
v -0.01057452 0.0168156 0.04463227
v -0.01057452 0.0168156 0.044
v -0.01026237 0.01627495 0.044
v -0.01057452 0.0168156 0.04535767
v -0.01018029 0.01613279 0.04479724
v -0.01057452 0.0168156 0.04619737
v -0.01023086 0.01622037 0.0457701
v -0.01057452 0.0168156 0.0471858
v -0.01019233 0.01615363 0.04670177
v -0.01057452 0.0168156 0.04817422
v -0.01016871 0.01611272 0.04765606
v -0.01057452 0.0168156 0.04916265
v -0.01017055 0.01611591 0.04861254
v -0.01057452 0.0168156 0.0501288
v -0.01018572 0.01614219 0.04955246
v -0.01057452 0.0168156 0.05099987
v -0.01020383 0.01617355 0.05045775
v -0.01057452 0.0168156 0.05178055
v -0.0101939 0.01615635 0.05133519
v -0.01057452 0.0168156 0.05247138
v -0.01013996 0.01606293 0.05223959
v -0.01057452 0.0168156 0.053
v -0.01026357 0.01627703 0.053
v -0.005324519 0.007722338 0.053
v -0.005607514 0.008212499 0.053
v -0.005324519 0.007722338 0.05245154
v -0.005977215 0.008852839 0.053
v -0.00578579 0.008521282 0.05241569
v -0.006389996 0.009567798 0.053
v -0.006864505 0.01038967 0.053
v -0.006642705 0.0100055 0.05222962
v -0.007384885 0.011291 0.053
v -0.007905265 0.01219232 0.053
v -0.007642503 0.0117372 0.05219438
v -0.008425645 0.01309365 0.053
v -0.008946025 0.01399497 0.053
v -0.008639787 0.01346455 0.05225019
v -0.009411188 0.01480066 0.053
v -0.009882562 0.0156171 0.053
v -0.009613295 0.01515071 0.05231101
v -0.005324519 0.007722338 0.05
v -0.005324519 0.007722338 0.05052677
v -0.005596681 0.008193735 0.05
v -0.005324519 0.007722338 0.05113634
v -0.005537711 0.008091597 0.05074381
v -0.005324519 0.007722338 0.05184114
v -0.00559804 0.00819609 0.05194492
v -0.007389094 0.01129829 0.05
v -0.007045742 0.01070358 0.05
v -0.007227054 0.01101763 0.05065104
v -0.006653429 0.01002408 0.05
v -0.006259411 0.009341618 0.05
v -0.006513095 0.009781012 0.05071277
v -0.005886077 0.008694984 0.05
v -0.005796404 0.008539666 0.05074936
v -0.007389094 0.01129829 0.04862561
v -0.007726916 0.01188341 0.04824743
v -0.007389094 0.01129829 0.04929235
v -0.007745462 0.01191553 0.04980713
v -0.007228932 0.01102088 0.04728419
v -0.006753909 0.01019811 0.04724219
v -0.006280332 0.009377853 0.04732567
v -0.005913931 0.008743229 0.04745862
v -0.005588229 0.008179097 0.04515921
v -0.005634928 0.008259982 0.04650277
v -0.005937918 0.008784776 0.044
v -0.005598402 0.008196717 0.044
v -0.005745555 0.008451594 0.04462135
v -0.006317284 0.009441857 0.044
v -0.006127621 0.009113351 0.0446982
v -0.006748111 0.01018807 0.044
v -0.006553294 0.009850638 0.04477161
v -0.007227224 0.01101792 0.044
v -0.007008979 0.01063991 0.04481577
v -0.007710905 0.01185568 0.044
v -0.007479007 0.01145402 0.04480629
v -0.008194586 0.01269344 0.044
v -0.007955937 0.01228009 0.04478184
v -0.008678267 0.0135312 0.044
v -0.008434872 0.01310963 0.04479319
v -0.009161948 0.01436896 0.044
v -0.00889973 0.01391478 0.04481765
v -0.009604035 0.01513468 0.044
v -0.00934703 0.01468953 0.04479233
v -0.009943738 0.01572306 0.044
v -0.009776879 0.01543405 0.04472274
v -0.005620321 0.008234682 0.0471924
v -0.008142879 0.01260388 0.05220281
v -0.006181963 0.009207474 0.0523047
v -0.007138466 0.01086419 0.05219239
v -0.009131202 0.01431571 0.05231898
v -0.005600843 0.008200944 0.05133261
v -0.007626942 0.01171025 0.05060205
v -0.006871874 0.01040244 0.05055414
v -0.006138735 0.009132602 0.05076594
v -0.007642174 0.01173663 0.04743662
v -0.007753568 0.01192957 0.04899088
v -0.005626445 0.008245289 0.04580605
v -0.009844222 0.01555069 0.04619077
v -0.009764963 0.01541341 0.04713517
v -0.009745549 0.01537979 0.04810427
v -0.009772354 0.01542621 0.04905621
v -0.009805875 0.01548427 0.04994471
v -0.009831925 0.01552939 0.05077827
v -0.00978025 0.01543989 0.05160251
v -0.0093168 0.01463717 0.05166049
v -0.008860798 0.01384735 0.05154465
v -0.006376948 0.009545199 0.05150179
v -0.008377705 0.01301061 0.05141131
v -0.008059146 0.01245885 0.04777338
v -0.007403809 0.01132377 0.05140227
v -0.005969299 0.008839129 0.04682289
v -0.006444068 0.009661452 0.04642729
v -0.005979898 0.008857486 0.04605886
v -0.006299066 0.009410303 0.04549071
v -0.006764708 0.01021682 0.0456228
v -0.007257134 0.01106972 0.04566207
v -0.007723321 0.01187718 0.0455815
v -0.008196837 0.01269734 0.04553776
v -0.008661658 0.01350243 0.0456461
v -0.009122414 0.01430048 0.04566863
v -0.009562209 0.01506223 0.0455391
v -0.008129021 0.01257988 0.04944293
v -0.007888322 0.01216298 0.05136537
v -0.006883452 0.01042249 0.05136201
v -0.008131839 0.01258476 0.05045289
v -0.007537902 0.01155603 0.04653588
v -0.005909063 0.008734797 0.04530476
v -0.008103252 0.01253524 0.04858739
v -0.007006383 0.01063541 0.04646342
v -0.005940585 0.008789396 0.0515678
v -0.00991969 0.01568141 0.04538393
v -0.00799535 0.01234835 0.04694817
v -0.009283741 0.01457991 0.04757173
v -0.009341711 0.01468032 0.04863059
v -0.009380863 0.01474813 0.04953702
v -0.00943113 0.0148352 0.05034515
v -0.009490206 0.01493752 0.05105995
v -0.008657332 0.01349494 0.05069762
v -0.009104139 0.01426883 0.05089235
v -0.009400582 0.01478228 0.04648352
v -0.007961936 0.01229048 0.04619483
v -0.008551879 0.01331229 0.04981439
v -0.008377372 0.01301003 0.04637044
v -0.008885405 0.01388997 0.04663567
v -0.008432163 0.01310493 0.04722578
v -0.008509978 0.01323971 0.04893375
v -0.008465762 0.01316313 0.04809809
v -0.009002417 0.01409264 0.05007839
v -0.008945882 0.01399472 0.04923107
v -0.008812209 0.01376319 0.04756939
v -0.008903659 0.01392159 0.04836587
v -0.009275481 -0.0175656 0.04454032
v -0.009275481 -0.0175656 0.044
v -0.008986139 -0.01706445 0.044
v -0.009275481 -0.0175656 0.04529091
v -0.00886957 -0.01686255 0.04479715
v -0.009275481 -0.0175656 0.04617568
v -0.008861235 -0.01684811 0.04571435
v -0.009275481 -0.0175656 0.04712678
v -0.00884907 -0.01682704 0.04668777
v -0.009275481 -0.0175656 0.04812723
v -0.008852036 -0.01683218 0.04766739
v -0.009275481 -0.0175656 0.04912768
v -0.008860825 -0.0168474 0.0486458
v -0.009275481 -0.0175656 0.05012813
v -0.008880147 -0.01688087 0.04960048
v -0.009275481 -0.0175656 0.05099465
v -0.008909977 -0.01693253 0.05049924
v -0.009275481 -0.0175656 0.05173173
v -0.008951355 -0.0170042 0.05129856
v -0.009275481 -0.0175656 0.05240189
v -0.009006152 -0.01709911 0.0519496
v -0.009275481 -0.0175656 0.053
v -0.009000618 -0.01708953 0.053
v -0.004025481 -0.008472338 0.053
v -0.004288896 -0.008928586 0.053
v -0.004025481 -0.008472338 0.05249372
v -0.004629011 -0.009517682 0.053
v -0.004362033 -0.009055263 0.05230686
v -0.004966195 -0.0101017 0.053
v -0.005348718 -0.01076425 0.053
v -0.00516919 -0.0104533 0.05219735
v -0.005788876 -0.01152663 0.053
v -0.006288928 -0.01239274 0.053
v -0.006067271 -0.01200882 0.05202467
v -0.00678898 -0.01325886 0.053
v -0.007289032 -0.01412497 0.053
v -0.007050489 -0.0137118 0.05209209
v -0.007789084 -0.01499109 0.053
v -0.008241458 -0.01577462 0.053
v -0.008005697 -0.01536627 0.05225036
v -0.008652873 -0.01648722 0.053
v -0.008834721 -0.01680219 0.05245143
v -0.004025481 -0.008472338 0.05
v -0.004025481 -0.008472338 0.0505905
v -0.004336374 -0.00901082 0.05
v -0.004025481 -0.008472338 0.05115848
v -0.004305679 -0.008957656 0.05083633
v -0.005639353 -0.01126765 0.05
v -0.005847016 -0.01162733 0.0510159
v -0.00515716 -0.01043246 0.05
v -0.004714449 -0.009665665 0.05
v -0.004909819 -0.01000406 0.05069737
v -0.006427174 -0.01263219 0.0483567
v -0.006386284 -0.01256137 0.04965063
v -0.005894281 -0.01170919 0.04718141
v -0.005462326 -0.01096103 0.0472118
v -0.00502399 -0.01020181 0.04724657
v -0.004621315 -0.009504353 0.04726631
v -0.004025481 -0.008472338 0.044
v -0.004025481 -0.008472338 0.04455474
v -0.004285261 -0.008922289 0.044
v -0.004025481 -0.008472338 0.04522794
v -0.00427885 -0.008911185 0.04484597
v -0.004025481 -0.008472338 0.04599355
v -0.004025481 -0.008472338 0.04675534
v -0.00438704 -0.009098576 0.0464792
v -0.00460212 -0.009471105 0.044
v -0.004500811 -0.009295633 0.04452339
v -0.004935998 -0.0100494 0.044
v -0.004802973 -0.009818993 0.04463795
v -0.005312561 -0.01070163 0.044
v -0.005168157 -0.01045151 0.04472642
v -0.005790534 -0.0115295 0.044
v -0.005604552 -0.01120737 0.04474852
v -0.006289208 -0.01239323 0.044
v -0.006071466 -0.01201609 0.04471112
v -0.006787882 -0.01325696 0.044
v -0.006558379 -0.01285945 0.04466779
v -0.007286557 -0.01412069 0.044
v -0.00706189 -0.01373155 0.04469202
v -0.007785231 -0.01498442 0.044
v -0.007566604 -0.01460574 0.0447759
v -0.008236944 -0.01576681 0.044
v -0.008049038 -0.01544134 0.04476465
v -0.008648277 -0.01647926 0.044
v -0.008457371 -0.0161486 0.04459853
v -0.006555268 -0.01285406 0.05205478
v -0.004787345 -0.009791925 0.05234007
v -0.00559265 -0.01118675 0.05206025
v -0.007537939 -0.01455609 0.05215519
v -0.008451012 -0.01613758 0.05235163
v -0.004312099 -0.008968775 0.0515062
v -0.004025481 -0.008472338 0.051821
v -0.006317704 -0.01244258 0.05107698
v -0.006576828 -0.0128914 0.05031448
v -0.005332516 -0.01073619 0.05105736
v -0.006451057 -0.01267356 0.04774755
v -0.004574588 -0.009423418 0.05052079
v -0.006417927 -0.01261618 0.04899871
v -0.004287658 -0.008926441 0.04734129
v -0.004307371 -0.008960586 0.04556543
v -0.004025481 -0.008472338 0.04742152
v -0.0062984 -0.01240915 0.04712669
v -0.007330528 -0.01419685 0.05121616
v -0.008261207 -0.01580883 0.05156247
v -0.008396318 -0.01604285 0.04624034
v -0.008405219 -0.01605827 0.04722478
v -0.008426778 -0.01609561 0.04821343
v -0.008456288 -0.01614672 0.04918206
v -0.008496882 -0.01621703 0.05010933
v -0.008560288 -0.01632685 0.05097672
v -0.004925784 -0.01003171 0.05154167
v -0.007812773 -0.01503212 0.05137822
v -0.006822622 -0.01331713 0.05114429
v -0.004596733 -0.009461774 0.05178918
v -0.006758825 -0.01320663 0.04798882
v -0.004606562 -0.009478799 0.05115437
v -0.004573243 -0.009421089 0.04514352
v -0.006764393 -0.01321627 0.04951774
v -0.006781933 -0.01324665 0.04869907
v -0.005228802 -0.01055655 0.0463947
v -0.004812742 -0.009835914 0.04649858
v -0.008436141 -0.01611182 0.04534591
v -0.004960844 -0.01009243 0.04551251
v -0.005420128 -0.01088794 0.04554778
v -0.005881075 -0.01168632 0.04550664
v -0.006332929 -0.01246895 0.0453603
v -0.006817832 -0.01330883 0.04530897
v -0.007312723 -0.01416601 0.04546802
v -0.007884485 -0.01515633 0.04568543
v -0.008661974 -0.01650298 0.05177125
v -0.00568391 -0.01134482 0.04635158
v -0.006170933 -0.01218837 0.0462678
v -0.006710201 -0.01312241 0.04726949
v -0.004604436 -0.009475118 0.0458431
v -0.007975199 -0.01531345 0.04779845
v -0.008019042 -0.01538939 0.04880675
v -0.008060863 -0.01546182 0.04977279
v -0.008137877 -0.01559522 0.05069899
v -0.007136131 -0.01386014 0.05017568
v -0.007050555 -0.01371192 0.0475348
v -0.007939358 -0.01525137 0.04677015
v -0.006587891 -0.01291056 0.04587795
v -0.006999613 -0.01362369 0.04604022
v -0.007471114 -0.01444035 0.04634788
v -0.006636853 -0.01299537 0.04655556
v -0.007184762 -0.01394437 0.04909943
v -0.0076702 -0.01478518 0.0504375
v -0.007158197 -0.01389836 0.04822027
v -0.007075728 -0.01375552 0.04680781
v -0.00761038 -0.01468157 0.04945567
v -0.007487753 -0.01446917 0.04740475
v -0.007582858 -0.0146339 0.04845489
v -0.007929055 0.01092612 0.05
v -0.008627528 0.01038344 0.05
v -0.008123232 0.01078254 0.04895597
v -0.009344488 0.009743231 0.05
v -0.008988344 0.01007272 0.0489772
v -0.01002721 0.009039081 0.05
v -0.009734679 0.009353396 0.04899349
v -0.01065701 0.008287223 0.05
v -0.01040935 0.008596244 0.04899569
v -0.01123056 0.007491623 0.05
v -0.0110218 0.007795505 0.04899597
v -0.01174484 0.006656482 0.05
v -0.01157191 0.00695277 0.048996
v -0.01219712 0.005786206 0.05
v -0.01205743 0.00607194 0.04899594
v -0.01258503 0.004885391 0.05
v -0.0124758 0.005157945 0.04899562
v -0.01290651 0.003958789 0.05
v -0.01282456 0.004216722 0.04899373
v -0.0131507 0.003051078 0.05
v -0.01309652 0.003275849 0.04900049
v -0.01331665 0.00221741 0.05
v -0.01328782 0.002384106 0.04914378
v -0.01342233 0.001446043 0.05
v -0.01341278 0.001532136 0.04943428
v -0.01347915 0.00075 0.05
v -0.01347915 0.00075 0.04862561
v -0.01340271 0.00161785 0.04873047
v -0.01347915 0.00075 0.04929235
v -0.005324519 -0.007722338 0.04468051
v -0.004963974 -0.007930498 0.04447562
v -0.005324519 -0.007722338 0.044
v -0.005324519 -0.007722338 0.0454921
v -0.004774671 -0.008039792 0.04509149
v -0.005324519 -0.007722338 0.04645738
v -0.004528067 -0.008182169 0.04743668
v -0.0044346 -0.008236133 0.044
v -0.004519226 -0.008187274 0.04455672
v -0.00486951 -0.007985037 0.044
v -0.005324519 -0.007722338 0.04729887
v -0.004771856 -0.008041418 0.04688674
v -0.004958659 -0.007933567 0.04751659
v -0.01985 0.00075 0.044
v -0.01985 0.00075 0.0445564
v -0.01934797 0.00075 0.044
v -0.01985 0.00075 0.04530359
v -0.01922945 0.00075 0.04509377
v -0.01985 0.00075 0.04609399
v -0.01985 0.00075 0.04705569
v -0.01907236 0.00075 0.04662809
v -0.01985 0.00075 0.04808507
v -0.01985 0.00075 0.04911444
v -0.01901524 0.00075 0.04857799
v -0.01985 0.00075 0.05009368
v -0.01985 0.00075 0.05099031
v -0.01911154 0.00075 0.05060446
v -0.01985 0.00075 0.051748
v -0.01985 0.00075 0.05244862
v -0.01938495 0.00075 0.05216838
v -0.01985 0.00075 0.053
v -0.01934862 0.00075 0.053
v -0.009849228 0.00075 0.053
v -0.00935 0.00075 0.053
v -0.00935 0.00075 0.0524392
v -0.01040031 0.00075 0.053
v -0.01013276 0.00075 0.05247873
v -0.01099238 0.00075 0.053
v -0.01078396 0.00075 0.05247837
v -0.01164432 0.00075 0.053
v -0.01142526 0.00075 0.05247352
v -0.01236002 0.00075 0.053
v -0.01213189 0.00075 0.05246288
v -0.0131766 0.00075 0.053
v -0.01294116 0.00075 0.05236953
v -0.01412942 0.00075 0.053
v -0.01380489 0.00075 0.05232417
v -0.01510062 0.00075 0.053
v -0.01472501 0.00075 0.05233912
v -0.01602551 0.00075 0.053
v -0.0156213 0.00075 0.0523558
v -0.01682649 0.00075 0.053
v -0.01647493 0.00075 0.05236438
v -0.01754608 0.00075 0.053
v -0.01721852 0.00075 0.05236411
v -0.01820047 0.00075 0.053
v -0.01789016 0.00075 0.05243337
v -0.018795 0.00075 0.053
v -0.01848032 0.00075 0.05249306
v -0.00935 0.00075 0.05054372
v -0.00935 0.00075 0.05
v -0.009892632 0.00075 0.05
v -0.00935 0.00075 0.05115742
v -0.009824272 0.00075 0.05073191
v -0.00935 0.00075 0.0518141
v -0.009836736 0.00075 0.05134526
v -0.009917509 0.00075 0.05196041
v -0.01276376 0.00075 0.05
v -0.01311629 0.00075 0.05051323
v -0.0119743 0.00075 0.05
v -0.01235328 0.00075 0.05059162
v -0.01114532 0.00075 0.05
v -0.01152495 0.00075 0.05060731
v -0.0104935 0.00075 0.05
v -0.01082754 0.00075 0.05053357
v -0.01412225 0.00075 0.04824874
v -0.01411742 0.00075 0.04898577
v -0.01405514 0.00075 0.04974476
v -0.01323476 0.00075 0.04730656
v -0.01159322 0.00075 0.04722798
v -0.01001826 0.00075 0.04724363
v -0.00935 0.00075 0.04735181
v -0.00935 0.00075 0.04574806
v -0.00935 0.00075 0.04476696
v -0.01004576 0.00075 0.04524257
v -0.00935 0.00075 0.04660362
v -0.01020019 0.00075 0.04628636
v -0.009849838 0.00075 0.044
v -0.01040166 0.00075 0.044
v -0.009927616 0.00075 0.04450072
v -0.0109946 0.00075 0.044
v -0.01164753 0.00075 0.044
v -0.01127687 0.00075 0.04472227
v -0.01236437 0.00075 0.044
v -0.01316194 0.00075 0.044
v -0.01284398 0.00075 0.04480138
v -0.01403357 0.00075 0.044
v -0.01500412 0.00075 0.044
v -0.01458558 0.00075 0.04485857
v -0.01597648 0.00075 0.044
v -0.01682183 0.00075 0.044
v -0.01639314 0.00075 0.04478661
v -0.01754286 0.00075 0.044
v -0.01819825 0.00075 0.044
v -0.0180179 0.00075 0.04472026
v -0.01879365 0.00075 0.044
v -0.01911907 0.00075 0.04449061
v -0.01916162 0.00075 0.04577775
v -0.01901856 0.00075 0.04757463
v -0.01903742 0.00075 0.04960052
v -0.01925518 0.00075 0.05143198
v -0.01383199 0.00075 0.05042393
v -0.01026711 0.00075 0.05043592
v -0.01401245 0.00075 0.04745154
v -0.01242333 0.00075 0.0472609
v -0.01078212 0.00075 0.04720252
v -0.00935 0.00075 0.044
v -0.01058966 0.00075 0.04464401
v -0.01202847 0.00075 0.04476834
v -0.01369125 0.00075 0.04484077
v -0.01549794 0.00075 0.0448359
v -0.0172364 0.00075 0.0447494
v -0.0185318 0.00075 0.04440866
v -0.01160504 0.00075 0.04555826
v -0.01820181 0.00075 0.04907649
v -0.01080641 0.00075 0.04546607
v -0.01841046 0.00075 0.05120184
v -0.01114198 0.00075 0.04636477
v -0.01419269 0.00075 0.04575225
v -0.01057837 0.00075 0.05196672
v -0.01121596 0.00075 0.05188952
v -0.01185034 0.00075 0.05196769
v -0.01256632 0.00075 0.05179695
v -0.01346534 0.00075 0.05164171
v -0.01444228 0.00075 0.0516485
v -0.01527835 0.00075 0.05168874
v -0.01613266 0.00075 0.05171871
v -0.01694054 0.00075 0.05164042
v -0.01769547 0.00075 0.05168001
v -0.01826915 0.00075 0.05193437
v -0.01479717 0.00075 0.04864651
v -0.01898553 0.00075 0.05253679
v -0.01035986 0.00075 0.05096371
v -0.01455344 0.00075 0.05027202
v -0.0134877 0.00075 0.05096513
v -0.01283203 0.00075 0.05114735
v -0.01190124 0.00075 0.05127156
v -0.01098035 0.00075 0.05124709
v -0.01472052 0.00075 0.04947195
v -0.01775544 0.00075 0.04549377
v -0.01849425 0.00075 0.04540686
v -0.01200523 0.00075 0.04642624
v -0.01329908 0.00075 0.04569202
v -0.0137313 0.00075 0.04659754
v -0.01690311 0.00075 0.04557624
v -0.0124434 0.00075 0.04562476
v -0.01600766 0.00075 0.04564397
v -0.01826545 0.00075 0.0501623
v -0.01286434 0.00075 0.04649045
v -0.01814948 0.00075 0.04802083
v -0.0181934 0.00075 0.04701895
v -0.01834071 0.00075 0.04612642
v -0.01882949 0.00075 0.05193992
v -0.01470987 0.00075 0.04676756
v -0.01418694 0.00075 0.05100269
v -0.014789 0.00075 0.04781118
v -0.01034605 0.00075 0.05149987
v -0.0186696 0.00075 0.04486754
v -0.01509354 0.00075 0.0457342
v -0.01506624 0.00075 0.05088276
v -0.01579402 0.00075 0.05113979
v -0.01656681 0.00075 0.05095991
v -0.01748511 0.00075 0.05076313
v -0.01558386 0.00075 0.04832009
v -0.01750241 0.00075 0.04635188
v -0.01659997 0.00075 0.04640742
v -0.01731446 0.00075 0.04850583
v -0.01553302 0.00075 0.04743869
v -0.01722355 0.00075 0.04734989
v -0.01566848 0.00075 0.04651117
v -0.0152885 0.00075 0.05002562
v -0.01548563 0.00075 0.04916356
v -0.0174331 0.00075 0.04959358
v -0.01628684 0.00075 0.04714253
v -0.01641705 0.00075 0.04798809
v -0.01592593 0.00075 0.05046148
v -0.01673133 0.00075 0.05009197
v -0.01601487 0.00075 0.04973741
v -0.01647582 0.00075 0.04901729
v -0.01057452 -0.0168156 0.044
v -0.01057452 -0.0168156 0.04453167
v -0.01030896 -0.01635563 0.044
v -0.01057452 -0.0168156 0.04511811
v -0.01025398 -0.01626042 0.04462178
v -0.01057452 -0.0168156 0.04576347
v -0.01057452 -0.0168156 0.04654921
v -0.0101714 -0.01611737 0.04608766
v -0.01057452 -0.0168156 0.0474348
v -0.01057452 -0.0168156 0.04838092
v -0.01014058 -0.01606401 0.04789499
v -0.01057452 -0.0168156 0.04934484
v -0.01057452 -0.0168156 0.05027367
v -0.01018525 -0.01614137 0.04977264
v -0.01057452 -0.0168156 0.05110734
v -0.01057452 -0.0168156 0.05183905
v -0.01027879 -0.01630339 0.05142147
v -0.01057452 -0.0168156 0.05248501
v -0.01057452 -0.0168156 0.053
v -0.01031567 -0.01636726 0.053
v -0.005606113 -0.008210073 0.053
v -0.005324519 -0.007722338 0.053
v -0.005324519 -0.007722338 0.05245521
v -0.005955784 -0.00881572 0.053
v -0.005675434 -0.008330139 0.05219701
v -0.006354287 -0.009505948 0.053
v -0.006162798 -0.00917428 0.0520684
v -0.006825709 -0.01032247 0.053
v -0.006647765 -0.01001427 0.05219559
v -0.007301396 -0.01114639 0.053
v -0.007116766 -0.0108266 0.0522053
v -0.007784897 -0.01198384 0.053
v -0.007581647 -0.0116318 0.05219982
v -0.008268397 -0.01282128 0.053
v -0.008050675 -0.01244418 0.05218809
v -0.008751897 -0.01365873 0.053
v -0.008520105 -0.01325725 0.05220038
v -0.009232611 -0.01449135 0.053
v -0.008983437 -0.01405977 0.0522424
v -0.009655888 -0.01522449 0.053
v -0.009425003 -0.01482458 0.05231782
v -0.01000229 -0.01582447 0.053
v -0.009824435 -0.01551642 0.05239727
v -0.01017168 -0.01611786 0.05248302
v -0.005324519 -0.007722338 0.05053834
v -0.005324519 -0.007722338 0.05
v -0.005583574 -0.008171034 0.05
v -0.005324519 -0.007722338 0.05114564
v -0.005570088 -0.008147675 0.05085497
v -0.005324519 -0.007722338 0.05181786
v -0.005542431 -0.008099771 0.05148397
v -0.007038195 -0.01069051 0.05
v -0.007389094 -0.01129829 0.05
v -0.007206022 -0.0109812 0.05068091
v -0.006612709 -0.009953548 0.05
v -0.006810125 -0.01029548 0.05068198
v -0.006210095 -0.009256201 0.05
v -0.006410178 -0.009602754 0.05060566
v -0.005878614 -0.008682058 0.05
v -0.006091178 -0.00905023 0.05047853
v -0.007389094 -0.01129829 0.04862932
v -0.007715836 -0.01186422 0.04824645
v -0.007389094 -0.01129829 0.04937068
v -0.007726061 -0.01188193 0.04901888
v -0.007718497 -0.01186883 0.04983015
v -0.007284813 -0.01111767 0.04732927
v -0.006474242 -0.009713715 0.04708967
v -0.005657947 -0.008299852 0.04716227
v -0.00562668 -0.008245696 0.04524777
v -0.005739802 -0.008441628 0.04611485
v -0.005601028 -0.008201265 0.044
v -0.005916112 -0.008747006 0.044
v -0.005749504 -0.008458433 0.04462465
v -0.006270718 -0.009361203 0.044
v -0.006714552 -0.01012995 0.044
v -0.006462567 -0.009693494 0.04499341
v -0.007209413 -0.01098707 0.044
v -0.007704411 -0.01184443 0.044
v -0.007484435 -0.01146342 0.04490424
v -0.008199409 -0.01270179 0.044
v -0.008694407 -0.01355916 0.044
v -0.008488484 -0.01320249 0.04489847
v -0.00918662 -0.01441169 0.044
v -0.009626123 -0.01517293 0.044
v -0.00946605 -0.01489568 0.04480497
v -0.01020996 -0.01618416 0.04531487
v -0.01014596 -0.01607332 0.04696956
v -0.01015668 -0.01609188 0.04884617
v -0.01023155 -0.01622156 0.05065634
v -0.007598416 -0.01166084 0.05060449
v -0.007667576 -0.01178063 0.0474487
v -0.005835841 -0.008607973 0.05065796
v -0.006884664 -0.01042459 0.0472184
v -0.006060249 -0.008996659 0.0470972
v -0.006079925 -0.009030738 0.04458238
v -0.006971558 -0.01057509 0.04496078
v -0.007985353 -0.01233104 0.0449021
v -0.008989268 -0.01406987 0.04486937
v -0.009986298 -0.01579678 0.044
v -0.009889702 -0.01562947 0.04472359
v -0.007381189 -0.01128459 0.05141159
v -0.009713337 -0.01532399 0.04838999
v -0.009700733 -0.01530216 0.04642228
v -0.009823407 -0.01551464 0.05026467
v -0.006253564 -0.009331491 0.04612546
v -0.01031746 -0.01637036 0.05202421
v -0.006526993 -0.009805083 0.05138528
v -0.006961954 -0.01055846 0.05143019
v -0.007838169 -0.01207611 0.0513695
v -0.008305621 -0.01288576 0.05135965
v -0.008777648 -0.01370333 0.05142279
v -0.009227516 -0.01448253 0.05151898
v -0.01002204 -0.01585868 0.05186324
v -0.005846007 -0.008625581 0.05140456
v -0.007547782 -0.01157314 0.04663692
v -0.008035749 -0.01241833 0.0477737
v -0.009792024 -0.01546028 0.04549624
v -0.008069158 -0.01247619 0.05044941
v -0.006141471 -0.00913734 0.05113977
v -0.008071037 -0.01247945 0.04946572
v -0.009312929 -0.01463047 0.045711
v -0.006760263 -0.01020912 0.04609416
v -0.007143145 -0.01087229 0.04659089
v -0.005987963 -0.008871457 0.04531395
v -0.007276447 -0.01110318 0.04579064
v -0.008799777 -0.01374166 0.0457825
v -0.009681665 -0.01526914 0.04739539
v -0.009756524 -0.01539879 0.04935166
v -0.008071552 -0.01248034 0.04861252
v -0.008271179 -0.0128261 0.04580459
v -0.009912488 -0.01566893 0.05112152
v -0.009655286 -0.01522345 0.05167435
v -0.008023177 -0.01239655 0.04676364
v -0.007768742 -0.01195586 0.04579846
v -0.008591434 -0.0133808 0.05059019
v -0.009055449 -0.0141845 0.0506448
v -0.008422895 -0.01308888 0.04985216
v -0.00950347 -0.01496049 0.05085297
v -0.009163073 -0.01437091 0.04677313
v -0.009258457 -0.01453612 0.04792752
v -0.008374707 -0.01300542 0.0473605
v -0.008580906 -0.01336257 0.04662834
v -0.008470876 -0.01317199 0.04903622
v -0.009305116 -0.01461693 0.04896535
v -0.008440866 -0.01312001 0.04816088
v -0.009378719 -0.01474442 0.04994017
v -0.008801464 -0.01374458 0.04755333
v -0.008867751 -0.0138594 0.04855297
v -0.008882207 -0.01388443 0.04965066
v -0.00935 -4.703296e-05 0.04535618
v -0.00935 1.299505e-05 0.04698447
v -0.00935 -6.805996e-06 0.04754133
v -0.00935 -0.00075 0.04749125
v -0.00935 -0.00075 0.04460958
v -0.00935 -0.00075 0.044
v -0.00935 -0.0002216464 0.044
v -0.00935 -0.00075 0.04533647
v -0.00935 -0.00075 0.04613688
v -0.00935 -0.00075 0.04685301
v -0.00935 8.223362e-06 0.04629383
v -0.00935 -8.866895e-06 0.04457716
v -0.00935 0.0002682995 0.044
v -0.008167429 -0.0107491 0.04897569
v -0.007920558 -0.01093228 0.05
v -0.01347915 -0.00075 0.04868964
v -0.01338651 -0.001746788 0.04903998
v -0.01292477 -0.003898775 0.04899804
v -0.01219232 -0.005796315 0.04899645
v -0.01106399 -0.007735509 0.04907121
v -0.009566712 -0.009525126 0.0490247
v -0.01347915 -0.00075 0.04936253
v -0.01347915 -0.00075 0.05
v -0.01341053 -0.001551653 0.05
v -0.01327795 -0.002438433 0.05
v -0.0127932 -0.004310924 0.05
v -0.01306915 -0.003383371 0.05
v -0.01204583 -0.006094922 0.05
v -0.0124515 -0.005216325 0.05
v -0.01105118 -0.007753803 0.05
v -0.01157825 -0.006942199 0.05
v -0.01046732 -0.008525564 0.05
v -0.009829672 -0.009253516 0.05
v -0.01032761 -0.008694275 0.04900837
v -0.008510907 -0.01047924 0.05
v -0.009153619 -0.009922765 0.05
v -0.008865776 -0.01018077 0.04934886
v -0.01259419 -0.004861729 0.04899554
v -0.01318929 -0.002879705 0.04901537
v -0.01170628 -0.006724054 0.04900425
v -0.008948573 -0.01010807 0.04863995
v 4.956003e-05 -0.002305438 0.06
v 0.0008395259 -0.002037015 0.06
v -0.01985 -0.00075 0.04466447
v -0.01985 -0.00075 0.044
v -0.01931578 -0.00075 0.044
v -0.01985 -0.00075 0.04539711
v -0.0190996 -0.00075 0.04493594
v -0.01985 -0.00075 0.04619935
v -0.01927061 -0.00075 0.04580283
v -0.01985 -0.00075 0.0470688
v -0.01914641 -0.00075 0.04662717
v -0.01985 -0.00075 0.04806262
v -0.01911351 -0.00075 0.04763565
v -0.01985 -0.00075 0.04905725
v -0.01909812 -0.00075 0.04862954
v -0.01985 -0.00075 0.05005188
v -0.01911223 -0.00075 0.04959701
v -0.01985 -0.00075 0.05099613
v -0.01915489 -0.00075 0.05052335
v -0.01985 -0.00075 0.05172905
v -0.01922452 -0.00075 0.05132402
v -0.01985 -0.00075 0.0523957
v -0.01933209 -0.00075 0.05196654
v -0.01985 -0.00075 0.053
v -0.01927596 -0.00075 0.053
v -0.00935 -0.00075 0.053
v -0.009925349 -0.00075 0.053
v -0.00935 -0.00075 0.05231536
v -0.01056817 -0.00075 0.053
v -0.01016676 -0.00075 0.05245286
v -0.01130038 -0.00075 0.053
v -0.01216238 -0.00075 0.053
v -0.01169487 -0.00075 0.05213708
v -0.01309878 -0.00075 0.053
v -0.01408439 -0.00075 0.053
v -0.01365705 -0.00075 0.05203464
v -0.01506999 -0.00075 0.053
v -0.0160556 -0.00075 0.053
v -0.01563063 -0.00075 0.05212286
v -0.01704121 -0.00075 0.053
v -0.01797323 -0.00075 0.053
v -0.01749998 -0.00075 0.05226608
v -0.0186697 -0.00075 0.053
v -0.01902107 -0.00075 0.05245105
v -0.00935 -0.00075 0.05
v -0.00935 -0.00075 0.05063899
v -0.009994763 -0.00075 0.05
v -0.00935 -0.00075 0.05144988
v -0.01024154 -0.00075 0.05085103
v -0.01015756 -0.00075 0.05177093
v -0.01264605 -0.00075 0.05
v -0.013226 -0.00075 0.05095357
v -0.01173087 -0.00075 0.05
v -0.01080152 -0.00075 0.05
v -0.01117944 -0.00075 0.0506777
v -0.01412177 -0.00075 0.04824257
v -0.014132 -0.00075 0.04973693
v -0.01321037 -0.00075 0.04734011
v -0.01241267 -0.00075 0.0473515
v -0.01160013 -0.00075 0.04734716
v -0.01085375 -0.00075 0.04729687
v -0.01005949 -0.00075 0.0472592
v -0.009975844 -0.00075 0.044
v -0.01011539 -0.00075 0.04475592
v -0.009920419 -0.00075 0.04650112
v -0.01072652 -0.00075 0.044
v -0.01149522 -0.00075 0.044
v -0.01093702 -0.00075 0.04482562
v -0.01234871 -0.00075 0.044
v -0.01182585 -0.00075 0.04489962
v -0.0132602 -0.00075 0.044
v -0.01274945 -0.00075 0.04490588
v -0.01422659 -0.00075 0.044
v -0.01369867 -0.00075 0.04488447
v -0.01519297 -0.00075 0.044
v -0.01463119 -0.00075 0.04486481
v -0.01615936 -0.00075 0.044
v -0.01555278 -0.00075 0.04482744
v -0.01704507 -0.00075 0.044
v -0.0164713 -0.00075 0.04480988
v -0.01784821 -0.00075 0.044
v -0.01735277 -0.00075 0.0448391
v -0.01864374 -0.00075 0.044
v -0.01821479 -0.00075 0.04492174
v -0.01465824 -0.00075 0.05209643
v -0.01083447 -0.00075 0.05229599
v -0.01265687 -0.00075 0.0520197
v -0.01658 -0.00075 0.05217957
v -0.0183317 -0.00075 0.05236588
v -0.01397149 -0.00075 0.04745085
v -0.01401479 -0.00075 0.05045645
v -0.01207344 -0.00075 0.05104675
v -0.01413856 -0.00075 0.04901719
v -0.01021087 -0.00075 0.04568216
v -0.01846725 -0.00075 0.04597325
v -0.01840369 -0.00075 0.04718689
v -0.01834715 -0.00075 0.04822013
v -0.01832825 -0.00075 0.04919877
v -0.01840357 -0.00075 0.05015745
v -0.01854174 -0.00075 0.05100746
v -0.01872859 -0.00075 0.05179882
v -0.01472495 -0.00075 0.04776198
v -0.01103485 -0.00075 0.05148524
v -0.01713044 -0.00075 0.05141824
v -0.01525582 -0.00075 0.05119769
v -0.01476422 -0.00075 0.04940371
v -0.01060558 -0.00075 0.04650555
v -0.01486193 -0.00075 0.04862251
v -0.01206963 -0.00075 0.04673517
v -0.011374 -0.00075 0.04656189
v -0.01117217 -0.00075 0.04571629
v -0.01320065 -0.00075 0.04576922
v -0.01414119 -0.00075 0.04577635
v -0.01503105 -0.00075 0.04572268
v -0.01590811 -0.00075 0.04562162
v -0.0167751 -0.00075 0.04564411
v -0.01761201 -0.00075 0.04577691
v -0.0162112 -0.00075 0.0512752
v -0.01367498 -0.00075 0.04662876
v -0.01282299 -0.00075 0.04660071
v -0.01428211 -0.00075 0.05120489
v -0.01460032 -0.00075 0.04673042
v -0.0148823 -0.00075 0.05023648
v -0.0179791 -0.00075 0.05159888
v -0.01216498 -0.00075 0.04585043
v -0.01762647 -0.00075 0.0478204
v -0.01750168 -0.00075 0.04880369
v -0.01756622 -0.00075 0.04979884
v -0.0177427 -0.00075 0.05073643
v -0.01590305 -0.00075 0.05029921
v -0.01533399 -0.00075 0.04728522
v -0.0156459 -0.00075 0.04924855
v -0.01771005 -0.00075 0.04678602
v -0.01625905 -0.00075 0.0463339
v -0.01695751 -0.00075 0.04653939
v -0.0168543 -0.00075 0.05048863
v -0.01561211 -0.00075 0.04812828
v -0.01551072 -0.00075 0.04649077
v -0.01665457 -0.00075 0.0494768
v -0.01701101 -0.00075 0.04737891
v -0.01619165 -0.00075 0.04725473
v -0.01661169 -0.00075 0.04832297
v 0.002075622 -0.0009446995 0.06
v 0.008 -1.959435e-18 0.03850161
v 0.007877799 0.001392938 0.03867572
v 0.007620258 0.002435501 0.03868675
v 0.007246015 0.003390467 0.03865363
v 0.006754081 0.004287469 0.03860961
v 0.006158089 0.005106656 0.03857299
v 0.005466722 0.0058408 0.03857275
v 0.004694109 0.006478066 0.03858839
v 0.003856668 0.007009002 0.03860487
v 0.002958175 0.007432981 0.0386187
v 0.002007004 0.007744155 0.03862979
v 0.001018892 0.007934851 0.03863501
v 9.427676e-06 0.007999994 0.03863413
v -0.001003949 0.007936755 0.03862466
v -0.002002381 0.007745351 0.03860455
v -0.002962555 0.007431236 0.03857866
v -0.003866385 0.007003646 0.03856773
v -0.004709845 0.006466634 0.03856843
v -0.00548417 0.005824421 0.03857107
v -0.006174763 0.005086482 0.03856455
v -0.006767343 0.004266505 0.0385577
v -0.007251793 0.003378092 0.03856024
v -0.007619212 0.002438773 0.03857268
v -0.007864625 0.001465494 0.03858871
v -0.007985568 0.0004803214 0.03860539
v -0.00798399 -0.0005058649 0.03862174
v -0.007859632 -0.001492042 0.03863421
v -0.007611027 -0.002464198 0.0386301
v -0.007240905 -0.003401367 0.03860472
v -0.006755792 -0.004284772 0.03856986
v -0.006162626 -0.005101181 0.03854492
v -0.005473228 -0.005834705 0.03854283
v -0.00470239 -0.006472058 0.03856116
v -0.003858871 -0.007007789 0.03858861
v -0.002954371 -0.007434494 0.03861305
v -0.002003493 -0.007745064 0.03862868
v -0.001019321 -0.007934796 0.03863647
v -1.626326e-05 -0.007999983 0.03863787
v 0.0009884455 -0.007938701 0.0386337
v 0.001976048 -0.007752112 0.03862599
v 0.002926782 -0.007445398 0.03862368
v 0.003834656 -0.007021069 0.03863232
v 0.004686093 -0.006483867 0.03863662
v 0.005459293 -0.005847745 0.03863122
v 0.006145975 -0.005121229 0.0386217
v 0.006735322 -0.004316878 0.03860947
v 0.007215166 -0.003455629 0.03860433
v 0.007580262 -0.002557268 0.03860286
v 0.007827778 -0.001651028 0.03858011
v 0.00796399 -0.000758194 0.03837118
v 0.008 -1.959435e-18 0.032
v 0.008 -1.959435e-18 0.03264688
v 0.007962651 -0.0007721345 0.032
v 0.008 -1.959435e-18 0.03339325
v 0.007974778 -0.0006347613 0.03295295
v 0.008 -1.959435e-18 0.0341804
v 0.008 -1.959435e-18 0.03488588
v 0.007970997 -0.0006805904 0.03456313
v 0.008 -1.959435e-18 0.03565642
v 0.008 -1.959435e-18 0.03650483
v 0.007964899 -0.0007485928 0.03619813
v 0.008 -1.959435e-18 0.03750322
v 0.007965374 -0.0007435207 0.03713268
v 0.007955156 0.0008458693 0.032
v 0.007836746 0.001607924 0.032
v 0.007894805 0.001293077 0.03260604
v 0.007607727 0.002474366 0.032
v 0.007237213 0.003409215 0.032
v 0.007450532 0.002913688 0.03284711
v 0.006752349 0.004290196 0.032
v 0.006160795 0.005103391 0.032
v 0.006505013 0.004656695 0.03282975
v 0.005584851 0.005727952 0.032
v 0.005029673 0.006221125 0.032
v 0.005338082 0.005958597 0.03271602
v 0.004374621 0.006697962 0.032
v 0.003726447 0.007079095 0.032
v 0.004082284 0.00688004 0.03276904
v 0.003024874 0.007406088 0.032
v 0.002227226 0.007683714 0.032
v 0.002565907 0.007577343 0.03279805
v 0.001260706 0.007900039 0.032
v 0.0002596792 0.007995784 0.032
v 0.0007348212 0.007966181 0.03280808
v -0.0007454508 0.007965193 0.032
v -0.001738802 0.007808749 0.032
v -0.001239907 0.00790333 0.03277463
v -0.002593292 0.007568014 0.032
v -0.003394909 0.007243935 0.032
v -0.002989329 0.007420506 0.03272639
v -0.004089366 0.006875834 0.032
v -0.004762446 0.006427994 0.032
v -0.004398795 0.006682111 0.0327364
v -0.005347702 0.005949965 0.032
v -0.005940731 0.005357958 0.032
v -0.005683787 0.005629793 0.03284145
v -0.006565959 0.004570359 0.032
v -0.007087442 0.003710547 0.032
v -0.006836339 0.004155053 0.03289998
v -0.007486544 0.002819867 0.032
v -0.007753012 0.00197251 0.032
v -0.007622874 0.0024273 0.03285597
v -0.007918807 0.00113688 0.032
v -0.007989815 0.0004035636 0.032
v -0.007967172 0.0007239931 0.03275851
v -0.007991797 -0.0003621901 0.032
v -0.007934056 -0.001025066 0.032
v -0.007970803 -0.0006828668 0.03259851
v -0.007796378 -0.001793458 0.032
v -0.007555186 -0.00263043 0.032
v -0.007686437 -0.002217812 0.0328223
v -0.00718062 -0.003526854 0.032
v -0.006681444 -0.004399807 0.032
v -0.006943634 -0.003973153 0.03287728
v -0.0060767 -0.005203241 0.032
v -0.00552184 -0.00578872 0.032
v -0.005843487 -0.00546385 0.03281312
v -0.004970984 -0.006268119 0.032
v -0.004329031 -0.006727518 0.032
v -0.004627281 -0.006525969 0.03277652
v -0.00362206 -0.00713307 0.032
v -0.002920639 -0.00744781 0.032
v -0.00326057 -0.007305387 0.03279672
v -0.002173152 -0.007699182 0.032
v -0.001353022 -0.007884753 0.032
v -0.001696508 -0.007818047 0.03281741
v -0.0004183545 -0.007989054 0.032
v 0.0005871847 -0.007978422 0.032
v 0.0001560523 -0.007998478 0.03281002
v 0.001578643 -0.007842696 0.032
v 0.002397563 -0.00763228 0.032
v 0.002006718 -0.007744229 0.03277795
v 0.003186145 -0.007338152 0.032
v 0.003861252 -0.007006478 0.032
v 0.003565064 -0.007161726 0.03272727
v 0.004473897 -0.006632062 0.032
v 0.005018932 -0.006229793 0.032
v 0.004775474 -0.006418321 0.03258119
v 0.005619666 -0.0056938 0.032
v 0.006289562 -0.004943826 0.032
v 0.005961613 -0.005334713 0.03279647
v 0.00686008 -0.004115738 0.032
v 0.007322208 -0.003222619 0.032
v 0.007097965 -0.003690379 0.03289937
v 0.007668642 -0.002278582 0.032
v 0.007863331 -0.001472419 0.032
v 0.007763464 -0.001930963 0.03274274
v 0.007972649 0.0006609595 0.03294358
v 0.007971344 0.0006765141 0.03374236
v 0.007970261 0.0006891537 0.03455045
v 0.007968938 0.0007042955 0.03527817
v 0.007967328 0.0007222793 0.03606113
v 0.007965168 0.0007457226 0.0369308
v 0.00797211 -0.0006674265 0.03377437
v 0.007969245 -0.0007008102 0.03534634
v 0.007738716 0.002027876 0.032752
v 0.007027652 0.003822578 0.03285862
v 0.005932406 0.005367174 0.032753
v 0.00472245 0.006457435 0.03274074
v 0.003369386 0.007255841 0.03278293
v 0.001695362 0.007818296 0.03279144
v -0.0002655124 0.007995593 0.03280174
v -0.002145096 0.007707046 0.03275008
v -0.003731483 0.007076442 0.03273143
v -0.005067618 0.006190254 0.03278665
v -0.006290814 0.004942233 0.03289017
v -0.007285724 0.003304275 0.03288595
v -0.007849505 0.001544434 0.03281187
v -0.008 -2.192016e-06 0.03271522
v -0.007878329 -0.001389942 0.03276514
v -0.007372127 -0.003106725 0.03286491
v -0.006423042 -0.004769122 0.03285832
v -0.005246311 -0.006039555 0.03277497
v -0.003973646 -0.006943352 0.03278256
v -0.002499772 -0.007599417 0.03281083
v -0.0007982385 -0.007960076 0.03281481
v 0.001120937 -0.007921079 0.03278647
v 0.002806782 -0.00749146 0.03274724
v 0.004229564 -0.006790493 0.03267786
v 0.005324816 -0.005970455 0.03272456
v 0.006579923 -0.004550232 0.03288401
v 0.007501205 -0.002780632 0.03286027
v 0.007905635 -0.001225128 0.03261709
v 0.007948832 0.0009033659 0.0378307
v 0.007861104 0.001484266 0.03723357
v 0.00746167 0.002885045 0.03784828
v 0.007023697 0.00382984 0.03778126
v 0.00646984 0.00470544 0.03765379
v 0.005809892 0.00549956 0.0376199
v 0.005059725 0.006196708 0.03766596
v 0.004271323 0.006764303 0.03769047
v 0.003423643 0.007230399 0.03771847
v 0.002504942 0.007597715 0.03775151
v 0.001537677 0.007850831 0.03776837
v 0.0005346032 0.007982117 0.03777608
v -0.0004862608 0.007985208 0.0377689
v -0.001505841 0.007857 0.03774083
v -0.002507409 0.007596901 0.03768575
v -0.003437236 0.007223947 0.03762687
v -0.004306585 0.006741908 0.03763081
v -0.005107447 0.006157433 0.03764857
v -0.005846997 0.005460094 0.03764145
v -0.00649325 0.004673083 0.03761689
v -0.007039289 0.003801106 0.03761084
v -0.007467104 0.00287095 0.03762627
v -0.007769961 0.001904656 0.03766355
v -0.007946957 0.0009197111 0.0376891
v -0.007999939 -3.111265e-05 0.03771702
v -0.007937951 -0.0009944497 0.03775948
v -0.007754725 -0.001965767 0.03778065
v -0.007448171 -0.002919717 0.03775043
v -0.007022625 -0.003831806 0.03767335
v -0.006480601 -0.004690609 0.03760041
v -0.005821568 -0.005487199 0.03756835
v -0.005085978 -0.006175179 0.03758518
v -0.004283608 -0.006756531 0.03764425
v -0.003411046 -0.00723635 0.03770492
v -0.002490872 -0.007602339 0.03774523
v -0.001530762 -0.007852182 0.03776841
v -0.0005386088 -0.007981848 0.0377789
v 0.0004684796 -0.007986271 0.0377762
v 0.001470336 -0.007863721 0.03776214
v 0.002445161 -0.007617164 0.03773937
v 0.003359316 -0.00726051 0.03775459
v 0.004252752 -0.006775995 0.03777861
v 0.005070301 -0.006188057 0.03777338
v 0.005788198 -0.005522388 0.03775921
v 0.006434516 -0.00475363 0.03772971
v 0.006972971 -0.003921437 0.03770008
v 0.007395458 -0.003050771 0.03770185
v 0.007700832 -0.002167299 0.03769941
v 0.007879467 -0.001383476 0.03770086
v 0.006775428 0.004253655 0.03372306
v 0.007884337 -0.001355445 0.0333485
v 0.006192947 0.005064327 0.03363575
v 0.007880972 -0.001374872 0.03495475
v 0.006842648 -0.004144655 0.0338347
v 0.007273051 0.003332076 0.03372117
v 0.007669369 0.002276132 0.03366958
v 0.005110907 0.006154562 0.03356899
v 0.003736976 0.007073543 0.03363071
v 0.00210602 0.007717816 0.03362614
v 0.001182582 0.007912111 0.03364015
v -0.0007728198 0.007962584 0.03361703
v -0.001707072 0.007815747 0.03358274
v -0.003366625 0.007257123 0.03352022
v -0.004735136 0.006448138 0.03360368
v -0.005980552 0.005313473 0.0337933
v -0.00656443 0.004572555 0.03381927
v -0.007470204 0.002862874 0.03375307
v -0.007926572 0.001081412 0.03359896
v -0.00797016 -0.000690324 0.03347534
v -0.007820148 -0.001686797 0.03362008
v -0.00716871 -0.003551 0.03376423
v -0.006124397 -0.005147015 0.03370466
v -0.004920236 -0.006308033 0.03356141
v -0.0036152 -0.007136549 0.03360872
v -0.002078119 -0.007725375 0.03363289
v -0.0002625437 -0.007995691 0.03363241
v 0.001601532 -0.007838054 0.03361186
v 0.003256142 -0.007307362 0.03350789
v 0.0048048 -0.006396397 0.03335537
v 0.007689127 -0.002208467 0.03370681
v 0.00732347 -0.00321975 0.03378738
v 0.006246938 -0.004997576 0.03373341
v 0.002980035 0.007424244 0.03363477
v 0.007881086 -0.001374223 0.03415072
v 0.007876324 0.001401259 0.03332656
v 0.007876716 0.001399053 0.03411368
v 0.007879064 0.001385765 0.03489301
v 0.007870238 0.001435046 0.0356275
v 0.00786041 0.001487938 0.03645855
v 0.005666429 0.005647263 0.03342489
v 0.007762819 0.001933556 0.03791061
v 0.004455943 0.006644138 0.03359739
v 0.005573746 -0.005738759 0.03355558
v 0.007841734 -0.001583418 0.03678739
v 0.007872427 -0.001422989 0.03576831
v 0.0002085202 0.007997282 0.03363308
v -0.002581747 0.00757196 0.03355898
v -0.004056097 0.006895511 0.03351465
v -0.005361858 0.005937212 0.03370408
v -0.007071298 0.003741222 0.03380828
v -0.007752707 0.001973713 0.03367578
v -0.007995222 0.0002764629 0.03353998
v -0.007554622 -0.00263205 0.03370796
v -0.006681594 -0.00439958 0.03377371
v -0.005521449 -0.005789093 0.03359682
v -0.004313682 -0.006737369 0.03356191
v -0.002870662 -0.007467215 0.033621
v -0.001205539 -0.007908646 0.03363306
v 0.0006935963 -0.007969876 0.03362997
v 0.002465933 -0.007610465 0.03357235
v 0.00401585 -0.006919028 0.03344055
v -0.000322118 0.007993512 0.03445174
v -0.002995574 0.007417987 0.03428219
v 0.006793869 0.004224138 0.03682225
v 0.006148946 0.005117662 0.03653478
v 0.005370924 0.005929012 0.03676531
v 0.004633126 0.006521821 0.03679789
v 0.003841548 0.007017301 0.03683
v 0.002986221 0.007421757 0.03686487
v 0.002055026 0.00773155 0.0368928
v 0.001069575 0.007928178 0.03691706
v 5.181799e-05 0.007999832 0.03692506
v -0.0009771339 0.007940101 0.03690318
v -0.001998299 0.007746406 0.03684565
v -0.003007826 0.007413028 0.03673323
v -0.003898362 0.006985898 0.0366901
v -0.004729534 0.006452249 0.03675554
v -0.005486669 0.005822067 0.03675173
v -0.006176422 0.005084468 0.03667109
v -0.006792711 0.004226001 0.03665892
v -0.007293763 0.00328649 0.03664947
v -0.007658397 0.002312781 0.03670574
v -0.007889231 0.00132666 0.03679223
v -0.007990524 0.0003892588 0.03682944
v -0.007982636 -0.0005267991 0.03688266
v -0.007862379 -0.001477495 0.03692036
v -0.007628232 -0.002410408 0.03694913
v -0.007271644 -0.003335144 0.03683532
v -0.006803446 -0.004208696 0.03666913
v -0.006179386 -0.005080865 0.036597
v -0.005435006 -0.005870324 0.03658393
v -0.004660096 -0.006502577 0.03666935
v -0.003825395 -0.007026119 0.036764
v -0.002949206 -0.007436544 0.03684614
v -0.002029398 -0.007738317 0.03688719
v -0.001063586 -0.007928984 0.03691967
v -6.287731e-05 -0.007999753 0.03692739
v 0.0009462221 -0.007943844 0.03691345
v 0.001946509 -0.007759581 0.03688362
v 0.002869059 -0.007467831 0.03685054
v 0.003794935 -0.007042618 0.03691846
v 0.004667619 -0.006497179 0.03694438
v 0.005400965 -0.005901659 0.03692341
v 0.006095087 -0.00518169 0.0368806
v 0.006697549 -0.004375253 0.0368056
v 0.007193009 -0.003501517 0.03675629
v 0.007566129 -0.002598786 0.03683057
v 0.007755705 -0.001961899 0.03454422
v 0.001238798 -0.007903504 0.03446404
v 0.007707279 -0.002144261 0.03610166
v 0.00704144 0.00379712 0.03463426
v 0.006516273 -0.004640925 0.03483607
v 0.001635207 0.007831098 0.03448156
v 0.005142351 -0.006128313 0.03422371
v 0.0064208 0.004772141 0.03456572
v 0.007651036 0.002337016 0.03699551
v -0.00785701 0.001505786 0.03440301
v -0.004379982 0.006694457 0.03430195
v 0.00748086 0.002834914 0.03454449
v 0.0006864911 0.007970491 0.03446925
v -0.001293999 0.007894654 0.03443529
v -0.005592645 0.005720343 0.03460036
v -0.003720068 0.00708245 0.03425821
v -0.002211895 0.007688141 0.03439384
v -0.007300054 0.003272492 0.0347039
v -0.0006966096 -0.007969613 0.03444704
v -0.00791884 -0.001136653 0.03437579
v -0.006819249 0.004183043 0.03475401
v -0.007996679 -0.0002304884 0.03435021
v -0.007638809 0.002376676 0.03452216
v -0.006917058 -0.004019242 0.03471432
v -0.003967187 -0.006947045 0.03432099
v -0.006341768 -0.004876677 0.03467007
v -0.007382794 -0.003081292 0.03461332
v -0.007972897 0.0006579664 0.03437178
v -0.002482687 -0.007605016 0.03443011
v -0.004606376 -0.006540742 0.03425717
v 0.00294233 -0.007439267 0.03435987
v -0.003277513 -0.007297802 0.0343801
v -0.005179616 -0.00609685 0.03428431
v 0.0002796246 -0.007995112 0.03445467
v -0.00163578 -0.007830979 0.03444131
v 0.007717575 -0.002106901 0.03529563
v 0.00727504 0.003327731 0.03704937
v 0.007744538 0.002005526 0.03448373
v 0.004152922 0.006837634 0.03441157
v 0.002137024 -0.007709288 0.03444951
v 0.00582418 -0.005484426 0.03447876
v 0.007701539 0.002164787 0.03520449
v 0.004884798 0.006335515 0.03439431
v -0.007720985 -0.002094372 0.0344695
v -0.00500436 0.006241505 0.03441959
v 0.004461 -0.006640744 0.03413119
v 0.005659965 0.005653742 0.03433677
v 0.007115285 -0.003656873 0.03478342
v -0.006225337 0.005024458 0.03472774
v -0.005764781 -0.005546828 0.0344928
v 0.003705709 -0.007089973 0.03423217
v 0.00255067 0.007582485 0.03446217
v 0.007511226 -0.002753449 0.03464118
v 0.007684341 0.002225061 0.03599499
v 0.00181172 -0.007792154 0.03522467
v 0.005557077 0.005754902 0.03594622
v 0.00493379 0.006297437 0.03595768
v 0.004222429 0.006794931 0.03598011
v 0.003431988 0.007226442 0.03600403
v 0.002533121 0.007588366 0.03601846
v 0.001608037 0.007836722 0.03604178
v 0.000603516 0.007977203 0.03608395
v -0.0004226862 0.007988826 0.0360815
v -0.001456575 0.007866282 0.03603537
v -0.002445537 0.007617043 0.03593468
v -0.003452021 0.007216894 0.03576791
v -0.004443308 0.006652595 0.03578217
v -0.005124136 0.006143552 0.03603241
v -0.005761609 0.005550122 0.03567716
v -0.00650131 0.004661864 0.03570571
v -0.007077553 0.003729375 0.03569045
v -0.00754046 0.002672353 0.03561797
v -0.007825 0.001664143 0.03590565
v -0.007964501 0.0007528124 0.03595775
v -0.007999276 -0.0001076162 0.03599829
v -0.007933266 -0.001031163 0.03603397
v -0.007759045 -0.001948645 0.03610091
v -0.007498377 -0.002788252 0.03617576
v -0.007164852 -0.003558778 0.03569956
v -0.006566062 -0.004570212 0.03565581
v -0.005829275 -0.005479011 0.03553772
v -0.00497033 -0.006268638 0.03568036
v -0.00414935 -0.006839802 0.03587052
v -0.003360452 -0.007259983 0.03593855
v -0.002497328 -0.007600221 0.03600426
v -0.001592243 -0.007839947 0.03605415
v -0.000606709 -0.007976961 0.03608587
v 0.0004075742 -0.007989611 0.03608189
v 0.001403576 -0.007875911 0.03605245
v 0.002367832 -0.007641556 0.03599707
v 0.003303624 -0.007286019 0.03594042
v 0.004258951 -0.0067721 0.03619251
v 0.005021699 -0.006227563 0.03613519
v 0.005693346 -0.005620126 0.03608794
v 0.006361764 -0.004850562 0.03596556
v 0.006924282 -0.004006785 0.03580737
v 0.00339113 0.007245705 0.03443262
v 0.006721785 0.004337926 0.03562198
v 0.007364939 0.003123728 0.03544892
v 0.005271581 0.006017511 0.03515253
v -0.007926057 0.001085179 0.03514798
v 0.005303325 -0.005989553 0.03525332
v 0.001159621 0.007915509 0.03524696
v -0.004368056 -0.006702245 0.0350271
v 0.003798052 0.007040937 0.03519983
v -0.007976584 -0.0006116399 0.03519047
v -0.004878178 -0.006340613 0.03484466
v -0.007995497 0.0002683793 0.03516381
v -0.0008767511 0.007951812 0.0352442
v 0.004564658 0.006569924 0.03518951
v -0.007591369 -0.002524107 0.03534304
v 0.0001498745 0.007998596 0.03526243
v 0.006007863 0.005282573 0.03530906
v 0.0008450284 -0.007955245 0.03525464
v 0.007416835 -0.002998427 0.03574598
v -0.002065572 -0.007728739 0.03521278
v 0.002987856 0.007421099 0.03521174
v -0.001873857 0.007777446 0.03520975
v 0.00209461 0.00772092 0.03523515
v -0.003411125 0.007236313 0.03492641
v -0.003674502 -0.007106197 0.03512416
v 0.002665914 -0.007542738 0.03516523
v -0.0001579636 -0.00799844 0.03526731
v -0.002707318 0.007527976 0.03511443
v -0.007847578 -0.001554194 0.03523198
v 0.005970851 -0.005324372 0.03531572
v 0.003427925 -0.00722837 0.03500715
v -0.002900206 -0.00745579 0.03517206
v -0.004619315 0.00653161 0.03497711
v -0.004009219 0.006922873 0.03503788
v -0.005357573 -0.005941078 0.0349966
v -0.005132093 0.006136906 0.03525445
v -0.007781925 0.001855165 0.03510912
v 0.003937444 -0.006963946 0.0355007
v 0.004612839 -0.006536185 0.03546582
v 0.004738646 -0.006445559 0.03478901
v 0.007448344 0.002919276 0.03634617
v 0.007123405 0.00364103 0.03623086
v -0.00115011 -0.007916896 0.03525028
v 0.004154907 -0.006836428 0.03484892
v 0.01985 -0.0002496826 0.044
v 0.01985 -0.0001375665 0.04445492
v 0.01985 -2.999032e-05 0.04508525
v 0.01985 -1.026111e-06 0.04584946
v 0.01985 3.969667e-06 0.04674903
v 0.01985 2.93393e-06 0.04771949
v 0.01985 1.529584e-06 0.04870607
v 0.01985 -2.957013e-06 0.04967494
v 0.01985 2.153793e-06 0.05054811
v 0.01985 -8.574554e-06 0.05136044
v 0.01985 1.118818e-05 0.05202454
v 0.01985 -0.0002692331 0.053
v 0.01985 0.0002596037 0.053
v 0.01985 3.221672e-06 0.05256419
v 0.01985 0.0002632232 0.044
v 0.00935 -0.0002502142 0.053
v 0.00935 0.000226798 0.053
v 0.009798111 0.0002342699 0.053
v 0.01034221 0.0002868211 0.053
v 0.01091193 -6.122338e-06 0.053
v 0.01179055 1.272581e-05 0.053
v 0.01270266 4.725185e-06 0.053
v 0.01376099 2.35922e-06 0.053
v 0.01494699 -1.71474e-05 0.053
v 0.01591551 0.000112682 0.053
v 0.01674284 2.391092e-05 0.053
v 0.01756577 1.185918e-05 0.053
v 0.01833707 2.718625e-05 0.053
v 0.01893585 0.0002802482 0.053
v 0.01939215 1.050921e-05 0.053
v 0.0101395 -0.0002256465 0.053
v 0.01893044 -0.0002486463 0.053
v 0.00935 -0.0002734572 0.05
v 0.00935 -0.0003183265 0.05069668
v 0.00935 2.134226e-05 0.05224265
v 0.00935 0.0002642746 0.05
v 0.00935 0.0002107216 0.05061955
v 0.00935 -6.141688e-06 0.05136063
v 0.001721334 -0.001837562 0.06
v 0.01259485 0.001648662 0.05
v 0.01172299 0.001646411 0.05
v 0.01091205 0.001538411 0.05
v 0.009577168 0.001291424 0.05
v 0.01230954 0.00259326 0.05
v 0.01176016 0.004565514 0.05
v 0.01085988 0.006378714 0.05
v 0.00969571 0.008008974 0.05
v 0.008492248 0.009459651 0.05
v 0.00891481 -0.0006354941 0.05
v 0.008910913 0.0006083296 0.05
v 0.007646051 0.009843326 0.05
v 0.006369676 0.008310576 0.05
v 0.005993996 0.007828787 0.05
v 0.01235003 -0.001738695 0.05
v 0.01079766 -0.001303817 0.05
v 0.009625579 -0.001197568 0.05
v 0.004892098 0.007971996 0.05
v 0.00477951 0.007294733 0.05
v 0.004447148 0.008228888 0.05
v 0.003813536 0.007842409 0.05
v 0.008510279 -0.009283057 0.05
v 0.009843571 -0.007920885 0.05
v 0.01085675 -0.00631715 0.05
v 0.01175796 -0.004662584 0.05
v 0.01234332 -0.002833677 0.05
v 0.004957682 0.01132412 0.05
v 0.00452539 0.0108209 0.05
v 0.004238386 0.01019798 0.05
v 0.003917247 0.009593864 0.05
v 0.003594937 0.009117042 0.05
v 0.007587113 -0.009818838 0.05
v 0.00683547 -0.008997735 0.05
v 0.006336732 -0.008364578 0.05
v 0.006037568 -0.007767064 0.05
v 0.005003601 0.01194649 0.05
v 0.003282477 0.01215885 0.05
v 0.001435733 0.01261468 0.05
v -0.0003982076 0.01253424 0.05
v -0.00227716 0.01231921 0.05
v -0.004128346 0.01187147 0.05
v 0.004456344 -0.008223579 0.05
v 0.003736561 -0.007900097 0.05
v 0.004895321 -0.007970135 0.05
v 0.004865956 -0.007360831 0.05
v -0.004970059 0.01165969 0.05
v -0.004192727 0.01015745 0.05
v -0.003683748 0.008998563 0.05
v 0.004707058 -0.01153963 0.05
v 0.004030823 -0.009691032 0.05
v -0.004440785 0.008232562 0.05
v -0.004053341 0.007988592 0.05
v -0.004882807 0.00797736 0.05
v -0.004740512 0.007274359 0.05
v -0.004156323 -0.0121113 0.05
v -0.002436283 -0.01230698 0.05
v -0.0006058179 -0.01258443 0.05
v 0.00123418 -0.01250801 0.05
v 0.003083301 -0.01220517 0.05
v -0.007607635 0.01015015 0.05
v -0.0071874 0.009402955 0.05
v -0.006729179 0.008773928 0.05
v -0.006349602 0.008212149 0.05
v -0.006059324 0.007677532 0.05
v -0.004785248 -0.0115375 0.05
v -0.004312884 -0.01050806 0.05
v -0.003953751 -0.009718844 0.05
v -0.008246299 0.009494039 0.05
v -0.009555502 0.00807627 0.05
v -0.01074316 0.006603937 0.05
v -0.01159835 0.004948281 0.05
v -0.01228351 0.003190741 0.05
v -0.01285512 0.001643721 0.05
v -0.004882718 -0.007977411 0.05
v -0.004993608 -0.007445483 0.05
v -0.004452066 -0.008226049 0.05
v -0.003958747 -0.007912236 0.05
v -0.01222699 0.001529221 0.05
v -0.01082938 0.001330571 0.05
v -0.009533123 0.001286205 0.05
v -0.007306063 -0.009969816 0.05
v -0.006723079 -0.008661138 0.05
v -0.005884862 -0.007640392 0.05
v -0.00935 0.0002711792 0.05
v -0.008985749 0.0005562457 0.05
v -0.00935 -0.0002595089 0.05
v -0.008930228 -0.0004486085 0.05
v -0.01245705 -0.002727904 0.05
v -0.0117873 -0.004417013 0.05
v -0.0109783 -0.006117536 0.05
v -0.009971155 -0.007663487 0.05
v -0.008789697 -0.009054716 0.05
v -0.007795641 -0.01034756 0.05
v -0.01236144 -0.001751264 0.05
v -0.01132197 -0.001557923 0.05
v -0.01043262 -0.001423175 0.05
v -0.00972902 -0.001418064 0.05
v 0.007968953 0.0007041187 0.05
v 0.008 -1.959435e-18 0.05
v 0.00843856 0.0003496535 0.05
v 0.00787946 0.001383513 0.05
v 0.008455916 0.001020903 0.05
v 0.007709223 0.00213726 0.05
v 0.008513621 0.001843512 0.05
v 0.007405168 0.003027126 0.05
v 0.008234549 0.002850599 0.05
v 0.006967791 0.003930635 0.05
v 0.007879199 0.003860971 0.05
v 0.006420713 0.004772258 0.05
v 0.007365495 0.004829196 0.05
v 0.005788669 0.005521894 0.05
v 0.006674666 0.005669069 0.05
v 0.005156823 0.006116141 0.05
v 0.00600631 0.006320975 0.05
v 0.004557215 0.006575089 0.05
v 0.005330874 0.006881094 0.05
v 0.003866869 0.00700338 0.05
v 0.003186272 0.007338097 0.05
v 0.001609884 0.007836343 0.05
v 0.002434841 0.007620469 0.05
v 0.002123916 0.008321184 0.05
v 0.0007045125 0.007968919 0.05
v 0.001246777 0.008600253 0.05
v -0.0002828511 0.007994998 0.05
v 0.0001721558 0.008728291 0.05
v -0.001228779 0.007905068 0.05
v -0.0008442895 0.008668907 0.05
v -0.002003086 0.007745169 0.05
v -0.001789889 0.008486628 0.05
v -0.002796801 0.007495192 0.05
v -0.002622041 0.008233217 0.05
v -0.003540805 0.007173751 0.05
v -0.003431579 0.007962098 0.05
v -0.004157255 0.006835 0.05
v -0.004061423 0.007443208 0.05
v -0.004692152 0.006479484 0.05
v -0.005729772 0.005582984 0.05
v -0.005227422 0.006055911 0.05
v -0.00587269 0.006205353 0.05
v -0.006256248 0.004985917 0.05
v -0.006493176 0.005706831 0.05
v -0.006795955 0.004220781 0.05
v -0.00718236 0.005044007 0.05
v -0.007271019 0.003336507 0.05
v -0.007741911 0.004172352 0.05
v -0.007615437 0.002450536 0.05
v -0.008106295 0.003187753 0.05
v -0.00784113 0.001586406 0.05
v -0.008353605 0.002218467 0.05
v -0.00795725 0.0008259355 0.05
v -0.008447879 0.001371982 0.05
v -0.007609864 -0.002467785 0.05
v -0.007857061 -0.001505519 0.05
v -0.008562067 -0.002110101 0.05
v -0.007240922 -0.003401331 0.05
v -0.008289445 -0.003238638 0.05
v -0.006757977 -0.004281325 0.05
v -0.007800985 -0.004252594 0.05
v -0.006168634 -0.005093913 0.05
v -0.007169189 -0.005143729 0.05
v -0.00555257 -0.00575925 0.05
v -0.006441367 -0.005879897 0.05
v -0.004965559 -0.006272418 0.05
v -0.00570153 -0.00652922 0.05
v -0.004400886 -0.006680734 0.05
v -0.004965809 -0.006910489 0.05
v -0.003767921 -0.007057108 0.05
v -0.004453733 -0.007451853 0.05
v -0.003428825 -0.007794702 0.05
v -0.002345411 -0.007648467 0.05
v -0.003063855 -0.007390047 0.05
v -0.002855064 -0.008132459 0.05
v -0.001543362 -0.007849716 0.05
v -0.002086983 -0.008496434 0.05
v -0.0005951796 -0.007977829 0.05
v -0.001130734 -0.008748669 0.05
v 0.0004085573 -0.007989561 0.05
v -8.410612e-05 -0.008845764 0.05
v 0.001373224 -0.00788126 0.05
v 0.001001612 -0.008790026 0.05
v 0.002286726 -0.007666217 0.05
v 0.002042112 -0.008561748 0.05
v 0.003063277 -0.007390286 0.05
v 0.002874466 -0.008172324 0.05
v 0.003807813 -0.007035664 0.05
v 0.005720185 -0.005592806 0.05
v 0.005120327 -0.006146727 0.05
v 0.005925553 -0.00634862 0.05
v 0.006352631 -0.004862517 0.05
v 0.006614305 -0.005737209 0.05
v 0.006911549 -0.004028709 0.05
v 0.007320479 -0.004928385 0.05
v 0.00736165 -0.003131472 0.05
v 0.007846812 -0.004021361 0.05
v 0.007670712 -0.002271601 0.05
v 0.008175869 -0.003056623 0.05
v 0.00785671 -0.001507353 0.05
v 0.008335758 -0.002136985 0.05
v 0.007959049 -0.0008084139 0.05
v 0.008480075 -0.001203584 0.05
v 0.008450465 -0.0004095397 0.05
v 0.01019586 0.001362102 0.05
v 0.01204298 0.003573571 0.05
v 0.01136367 0.005505581 0.05
v 0.01030673 0.007206046 0.05
v 0.009052619 0.008754271 0.05
v 0.008910571 -2.042327e-05 0.05
v 0.006959906 0.008936823 0.05
v 0.01147558 -0.001458511 0.05
v 0.01020437 -0.001227796 0.05
v 0.004373221 0.007666419 0.05
v 0.009236156 -0.008644666 0.05
v 0.01037756 -0.00713979 0.05
v 0.01129779 -0.005463739 0.05
v 0.01214373 -0.003781308 0.05
v 0.005952319 -0.007099287 0.05
v 0.003231493 0.008688356 0.05
v 0.004233172 0.01183641 0.05
v 0.002344236 0.01242261 0.05
v 0.0005064031 0.01264254 0.05
v -0.001327231 0.0124411 0.05
v -0.003220246 0.01210968 0.05
v 0.004354643 -0.007576837 0.05
v -0.004516798 0.01088147 0.05
v -0.003914376 0.009530754 0.05
v 0.004317775 -0.01049388 0.05
v 0.003677708 -0.009043605 0.05
v -0.004456572 0.007765556 0.05
v -0.003345136 -0.01219126 0.05
v -0.001516882 -0.01244189 0.05
v 0.0003237999 -0.01260422 0.05
v 0.002163618 -0.01237499 0.05
v 0.003949186 -0.01209908 0.05
v -0.003630342 -0.009046102 0.05
v -0.005823874 0.007223435 0.05
v -0.008909607 0.008810144 0.05
v -0.01018287 0.007376282 0.05
v -0.01117955 0.005788999 0.05
v -0.01197218 0.004079587 0.05
v -0.01257666 0.002348181 0.05
v -0.005488961 -0.007214335 0.05
v -0.01151994 0.001399612 0.05
v -0.01015399 0.001330852 0.05
v -0.007086223 -0.009299316 0.05
v -0.006288762 -0.00808485 0.05
v -0.00894885 0.001088607 0.05
v -0.00891073 6.923242e-05 0.05
v -0.0121128 -0.003534238 0.05
v -0.01141266 -0.005284295 0.05
v -0.01051484 -0.006910601 0.05
v -0.009421093 -0.008360024 0.05
v -0.00808213 -0.009630461 0.05
v -0.009116947 -0.001436471 0.05
v 0.00306805 0.008104823 0.05
v -0.005347355 0.006804156 0.05
v -0.007998753 0.0001412572 0.05
v -0.008503252 0.0005622815 0.05
v -0.007974651 -0.0006363487 0.05
v -0.00858713 -0.001002612 0.05
v 0.004495918 -0.006617153 0.05
v 0.005283494 -0.006868977 0.05
v 0.009012193 0.001237593 0.05
v 0.006143022 0.007144905 0.05
v 0.009064447 -0.001213347 0.05
v -0.003443972 -0.008397752 0.05
v 0.003416689 -0.00852908 0.05
v -0.003183934 0.008645061 0.05
v 0.01042426 0.002136882 0.05
v 0.00983555 0.001834685 0.05
v 0.01040038 0.005524504 0.05
v -0.01153495 -0.002630741 0.05
v 0.01111616 0.003692071 0.05
v 0.008695305 0.007923083 0.05
v 0.007925206 0.008630529 0.05
v 0.01149083 -0.003184774 0.05
v 0.003543728 -0.01118988 0.05
v -0.01038666 -0.005343302 0.05
v 0.002521273 -0.01138038 0.05
v 0.006546103 0.007732091 0.05
v 0.009385146 -0.00169453 0.05
v 0.0109657 -0.001995774 0.05
v 0.01062418 -0.00453321 0.05
v 0.007072764 -0.00827418 0.05
v 0.002659593 0.01147069 0.05
v 0.01026791 -0.005446865 0.05
v 0.01132039 -0.003963799 0.05
v 0.008931605 -0.007775326 0.05
v 0.008363332 -0.008367293 0.05
v 0.01161585 -0.002320867 0.05
v 0.003648829 0.01107222 0.05
v 0.003558647 0.01026464 0.05
v 0.003152981 0.009771077 0.05
v 0.00281681 0.009253796 0.05
v 0.00652595 -0.007321678 0.05
v 0.0009776742 0.01193757 0.05
v -0.0009684231 -0.01156593 0.05
v -0.0007214251 0.01148257 0.05
v 0.001762114 0.01171194 0.05
v -0.002644628 0.01132854 0.05
v -0.003500739 0.01010531 0.05
v -0.009538901 -0.006881967 0.05
v -0.003573466 0.0109582 0.05
v 0.00767573 -0.008843621 0.05
v -0.003083957 0.009472834 0.05
v 0.0112638 0.00257201 0.05
v 0.003328528 -0.009639297 0.05
v -0.001681254 0.01146533 0.05
v -0.001910508 -0.01138765 0.05
v 0.00712429 0.008098844 0.05
v -0.009068445 0.007058064 0.05
v 0.001573633 -0.01155231 0.05
v 0.009931394 -0.001765166 0.05
v 0.0006645124 -0.0116389 0.05
v -0.00381136 -0.01132794 0.05
v -0.003222272 -0.009676451 0.05
v -0.007063839 0.008193925 0.05
v -0.006814956 0.007604063 0.05
v -0.003427101 -0.0104708 0.05
v -0.009798192 0.001958912 0.05
v -0.006438462 0.007115634 0.05
v -0.007744398 0.008613618 0.05
v -0.01015621 0.005753073 0.05
v -0.008507075 0.007912858 0.05
v -0.01103587 0.004140835 0.05
v -0.009841073 0.006547509 0.05
v -0.01174814 0.002345416 0.05
v -0.01060201 0.00497269 0.05
v -0.01139598 0.003301728 0.05
v -0.01048594 0.001929887 0.05
v -0.006587845 -0.007445375 0.05
v -0.006065417 -0.007092035 0.05
v -0.007694004 -0.008673341 0.05
v -0.007104675 -0.007959552 0.05
v 0.009294665 0.007121679 0.05
v -0.009896692 -0.006110972 0.05
v -0.008526773 -0.008260913 0.05
v -0.009358411 -0.002037768 0.05
v -0.008464186 -0.000226563 0.05
v -0.01078623 -0.002164755 0.05
v -0.01002136 -0.002163412 0.05
v 0.007623349 0.005820793 0.05
v 0.00189209 0.009186894 0.05
v -0.008266518 0.005173426 0.05
v -0.008665516 0.003991237 0.05
v -0.00897016 -0.00418319 0.05
v 0.006778939 -0.00664094 0.05
v 0.007617287 -0.00586926 0.05
v 0.009240515 0.001879603 0.05
v 0.01085985 0.004662073 0.05
v 0.009835805 -0.006279395 0.05
v 0.006640143 -0.007833707 0.05
v 0.0001969705 0.01167174 0.05
v -0.01079769 -0.004503566 0.05
v 0.00842915 0.004856746 0.05
v 0.009004271 0.002659704 0.05
v 0.008749495 0.003611701 0.05
v 0.006835056 0.006499187 0.05
v 0.0007345507 0.009470257 0.05
v -0.0004227487 0.009546549 0.05
v -0.002864091 -0.01131319 0.05
v -0.001486078 0.009321178 0.05
v -0.002420787 0.008993316 0.05
v -0.007343773 0.005959976 0.05
v -0.009042856 0.001922535 0.05
v -0.00885758 0.002943546 0.05
v -0.008230804 -0.005227931 0.05
v -0.007475397 -0.006084696 0.05
v -0.002778538 -0.00901427 0.05
v -0.001770894 -0.009455315 0.05
v -0.0006608729 -0.009699656 0.05
v 0.0004653045 -0.009750153 0.05
v 0.001706863 -0.00965214 0.05
v 0.002811708 -0.009065474 0.05
v 0.008433034 -0.00501019 0.05
v 0.008801044 -0.003914919 0.05
v 0.009033235 -0.002891857 0.05
v -0.006013813 0.006740387 0.05
v 0.009807709 0.006293415 0.05
v 0.01044306 -0.001717753 0.05
v 0.003601022 -0.01030241 0.05
v -0.0001471101 -0.01182396 0.05
v -0.01111052 0.001918406 0.05
v -0.01113812 -0.003628889 0.05
v -0.008771928 -0.007431073 0.05
v 0.002633691 0.008685649 0.05
v 0.009413654 -0.007034225 0.05
v 0.008892505 -0.00192526 0.05
v -0.009377159 -0.002941079 0.05
v -0.006595727 0.006443433 0.05
v -0.00665303 -0.006689734 0.05
v 0.009530113 -0.004674855 0.05
v 0.00955425 -0.002338796 0.05
v -0.0001413515 -0.01078659 0.05
v 0.002703879 -0.01026088 0.05
v -0.002426617 -0.01022866 0.05
v 0.009744138 0.002497853 0.05
v 0.008081204 -0.007565843 0.05
v -0.009885065 -0.00462179 0.05
v -0.002842789 0.01039315 0.05
v -0.001317537 -0.01051564 0.05
v -0.007598048 0.007712993 0.05
v 0.001889806 -0.01068365 0.05
v 0.007783757 -0.006747234 0.05
v 0.007788661 0.007668407 0.05
v 0.0009793082 -0.01066108 0.05
v -0.01008808 -0.003772063 0.05
v 0.008694357 -0.006169073 0.05
v -0.01091579 0.002603866 0.05
v -0.001181154 0.01040537 0.05
v 0.008423125 0.007106867 0.05
v 0.01028489 -0.0023165 0.05
v 0.01083705 -0.002755085 0.05
v 0.007711316 0.006755874 0.05
v -0.008652345 -0.006296624 0.05
v 0.008654427 0.006170368 0.05
v -0.009475627 0.003673188 0.05
v -0.009444812 0.004830142 0.05
v -0.009295101 -0.005318871 0.05
v 0.009362326 0.00428742 0.05
v -0.007278903 0.006912704 0.05
v 0.007680089 -0.008088318 0.05
v 0.001333765 0.01013957 0.05
v -0.009583331 0.002724918 0.05
v 0.009578166 0.003305856 0.05
v 0.0001170409 0.01052882 0.05
v -0.002201816 0.009847358 0.05
v -0.007536553 -0.007079916 0.05
v -0.008211151 0.006325524 0.05
v 0.0104086 0.002996051 0.05
v 0.008579321 -0.007024172 0.05
v -0.00789279 -0.007834702 0.05
v -0.01038337 0.003334745 0.05
v -0.009138444 0.00591685 0.05
v 0.002858825 0.01057448 0.05
v 0.009754476 -0.003778339 0.05
v 0.01062632 -0.003542882 0.05
v -0.01048641 -0.002937632 0.05
v -0.00208364 0.01067093 0.05
v 0.002334385 0.009922772 0.05
v -0.008142618 0.007164664 0.05
v 0.001034947 0.0110823 0.05
v 0.007033765 0.007312991 0.05
v -0.01021004 0.002530743 0.05
v 0.009332476 -0.005516675 0.05
v -0.0004324264 0.002378773 0.06
v 0.007226094 -0.007476011 0.05
v 0.001978549 0.01081172 0.05
v 0.00939555 0.005344482 0.05
v 0.01004565 0.004757616 0.05
v 0.01023771 0.003930751 0.05
v -0.01017298 0.004203896 0.05
v 0.0100104 -0.002982457 0.05
v 0.009765418 -0.0002548324 0.044
v 0.01008359 0.0002384956 0.044
v 0.01188555 -2.261292e-05 0.044
v 0.01478835 -8.928383e-07 0.044
v 0.01665191 -6.365123e-06 0.044
v 0.01833307 5.647192e-06 0.044
v 0.01914436 1.216009e-05 0.044
v 0.01025538 -0.0002814907 0.044
v 0.01075906 -0.0003611576 0.044
v 0.0157237 -3.470216e-06 0.044
v 0.01752862 -1.196015e-06 0.044
v 0.01072197 0.0001910322 0.044
v 0.01394752 -7.622083e-07 0.044
v 0.01128741 -0.0001539517 0.044
v 0.01016212 0.0170537 0.044
v 0.009909238 0.0171997 0.04507807
v 0.009931206 0.01718702 0.04587767
v 0.009913826 0.01719706 0.04679669
v 0.009924429 0.01719093 0.04778692
v 0.009921262 0.01719276 0.04878631
v 0.009908424 0.01720017 0.04976408
v 0.009893584 0.01720874 0.05063986
v 0.009885045 0.01721367 0.05140399
v 0.009861197 0.01722744 0.05204708
v 0.01014275 0.01706489 0.053
v 0.009723962 0.01730667 0.053
v 0.009783917 0.01727206 0.0525839
v 0.009815136 0.01725403 0.04445882
v 0.00974164 0.01729647 0.044
v 0.004911991 0.007960511 0.053
v 0.004495743 0.008200832 0.053
v 0.004677466 0.008559697 0.053
v 0.004839185 0.008993531 0.053
v 0.005399136 0.009361517 0.053
v 0.005811625 0.01010251 0.053
v 0.006282517 0.01089156 0.053
v 0.006767519 0.01172354 0.053
v 0.00725222 0.01256455 0.053
v 0.007739268 0.01340902 0.053
v 0.008225366 0.01424714 0.053
v 0.008709949 0.0150579 0.053
v 0.009153213 0.01582752 0.053
v 0.009224968 0.01650861 0.053
v 0.009680691 0.01678421 0.053
v 0.005230269 0.008601396 0.053
v 0.00968111 0.01624471 0.053
v 0.004904541 0.007964812 0.05084713
v 0.004934759 0.007947366 0.05223409
v 0.004577128 0.008153844 0.05253099
v 0.004465514 0.008218284 0.05063536
v 0.004459286 0.00822188 0.05131113
v 0.004902204 0.007966161 0.05157938
v 0.004494817 0.008201366 0.0519917
v 0.00482528 0.008460151 0.044
v 0.00447634 0.008614725 0.044
v 0.005404766 0.009358657 0.044
v 0.006172536 0.01069114 0.044
v 0.0088852 0.01542998 0.044
v 0.009709272 0.01665496 0.044
v 0.00529307 0.008609879 0.044
v 0.005784756 0.01005635 0.044
v 0.00484601 0.008956366 0.044
v 0.009251112 0.01626819 0.044
v 0.009720718 -0.01730855 0.044
v 0.009908072 -0.01720038 0.04475719
v 0.009911472 -0.01719841 0.04563995
v 0.009907792 -0.01720054 0.04654685
v 0.009917216 -0.0171951 0.0475179
v 0.0099265 -0.01718974 0.04853777
v 0.009929903 -0.01718777 0.04954664
v 0.009929125 -0.01718822 0.05051438
v 0.009915642 -0.01719601 0.05145186
v 0.009689274 -0.0173267 0.0521934
v 0.009727759 -0.01730448 0.053
v 0.01014808 -0.01706181 0.053
v 0.01004354 -0.01712217 0.05254458
v 0.010134 -0.01706994 0.044
v 0.003008644 -0.0008744511 0.06
v 0.01016157 -0.01705402 0.05205982
v -0.002960102 -0.0009540074 0.06
v 0.004657604 -0.008562871 0.053
v 0.004861355 -0.007989745 0.053
v 0.004449431 -0.00822757 0.053
v 0.005235355 -0.008623311 0.053
v 0.005398573 -0.009395041 0.053
v 0.005843763 -0.01016172 0.053
v 0.006322084 -0.01096106 0.053
v 0.006808952 -0.01179527 0.053
v 0.007292357 -0.01263194 0.053
v 0.007774629 -0.0134671 0.053
v 0.008253075 -0.01429384 0.053
v 0.008689399 -0.01507873 0.053
v 0.009094439 -0.01576189 0.053
v 0.009459943 -0.01633518 0.053
v 0.009849365 -0.01674714 0.053
v 0.004853023 -0.009017596 0.053
v 0.004766986 -0.008044229 0.05135066
v 0.004535861 -0.00817767 0.05068157
v 0.004973601 -0.00792494 0.05059727
v 0.004676051 -0.008096731 0.05223939
v 0.005002096 -0.008412335 0.044
v 0.005203352 -0.008974522 0.044
v 0.005995775 -0.01039962 0.044
v 0.008869255 -0.0153532 0.044
v 0.009721863 -0.01622114 0.044
v 0.009700157 -0.0167649 0.044
v 0.00553999 -0.009604987 0.044
v 0.009400131 -0.01580071 0.044
v 0.008885381 -0.01598052 0.044
v 0.009237448 -0.01640599 0.044
v -0.009704764 0.01731776 0.044
v -0.009944506 0.01717934 0.04508164
v -0.009929444 0.01718804 0.04583379
v -0.00992568 0.01719021 0.04670452
v -0.009924798 0.01719072 0.04767204
v -0.009924603 0.01719083 0.0486597
v -0.009922113 0.01719227 0.04965946
v -0.009921603 0.01719257 0.05058765
v -0.009919785 0.01719361 0.05146734
v -0.009731852 0.01730212 0.05221774
v -0.009712277 0.01731342 0.053
v -0.01014281 0.01706485 0.053
v -0.01012191 0.01707692 0.05258323
v -0.01003451 0.01712738 0.04446642
v -0.01017669 0.01704529 0.0520837
v -0.0101144 0.01708125 0.044
v -0.004477276 0.008211494 0.053
v -0.004913024 0.007959915 0.053
v -0.005042046 0.008364215 0.053
v -0.005530116 0.009551631 0.053
v -0.005922827 0.01025892 0.053
v -0.006399896 0.0110818 0.053
v -0.006922988 0.01198833 0.053
v -0.007528958 0.01307296 0.053
v -0.008155938 0.01411399 0.053
v -0.008633797 0.01494597 0.053
v -0.009055895 0.01567465 0.053
v -0.009465293 0.01629226 0.053
v -0.009847611 0.01673888 0.053
v -0.005230399 0.008901608 0.053
v -0.004492214 0.008202869 0.05057636
v -0.00464041 0.008117308 0.05200979
v -0.004554585 0.008166859 0.05258067
v -0.004960875 0.007932288 0.05057908
v -0.004675438 0.008097085 0.05125289
v -0.005038187 0.008709372 0.044
v -0.005424323 0.009402724 0.044
v -0.006222912 0.01079218 0.044
v -0.008264731 0.01431174 0.044
v -0.009124177 0.01576856 0.044
v -0.00984512 0.01674054 0.044
v -0.008732347 0.01507799 0.044
v -0.009483362 0.01632817 0.044
v -0.005823841 0.010108 0.044
v -0.007848017 0.01357763 0.044
v -0.003163742 -0.0002230666 0.06
v -0.01014328 -0.01706458 0.044
v -0.01019097 -0.01703705 0.04473776
v -0.009935683 -0.01718444 0.04544376
v -0.009930474 -0.01718744 0.04628677
v -0.01002926 -0.01713041 0.04704889
v -0.009932493 -0.01718628 0.04783068
v -0.009923478 -0.01719148 0.04875855
v -0.009921947 -0.01719237 0.04971554
v -0.009931414 -0.0171869 0.05060167
v -0.00993987 -0.01718202 0.05138035
v -0.009940404 -0.01718171 0.05202234
v -0.009929773 -0.01718785 0.05255666
v -0.01015559 -0.01705747 0.053
v -0.009705435 -0.01731737 0.053
v -0.009727892 -0.0173044 0.044
v -0.0097504 -0.01729141 0.04466235
v -0.004873527 -0.007982718 0.053
v -0.00443632 -0.008235139 0.053
v -0.005026095 -0.008721577 0.053
v -0.005440112 -0.009447948 0.053
v -0.005848839 -0.0101573 0.053
v -0.006306031 -0.01093224 0.053
v -0.00679263 -0.01176985 0.053
v -0.007282648 -0.0126181 0.053
v -0.007773194 -0.013468 0.053
v -0.008260092 -0.01431536 0.053
v -0.008744253 -0.01511608 0.053
v -0.009177684 -0.01583262 0.053
v -0.009236817 -0.01651103 0.053
v -0.009707715 -0.01678345 0.053
v -0.009695214 -0.01627035 0.053
v 0.002646668 -0.001718138 0.06
v -0.004880131 -0.007978905 0.05071893
v -0.004937832 -0.007945592 0.05247601
v -0.004463129 -0.008219661 0.05261787
v -0.004459059 -0.008222011 0.05038989
v -0.004393416 -0.00825991 0.05087355
v -0.004639339 -0.008117927 0.0514022
v -0.004551949 -0.008168381 0.05208125
v -0.004644965 -0.008558485 0.044
v -0.004855352 -0.009008432 0.044
v -0.005720647 -0.009931079 0.044
v -0.009221725 -0.01593473 0.044
v -0.009706355 -0.01680183 0.044
v -0.005254162 -0.008627818 0.044
v -0.00537004 -0.009325189 0.044
v -0.009235944 -0.01652386 0.044
v -0.009705076 -0.01628786 0.044
v -0.01985 0.0002612165 0.044
v -0.01985 9.281982e-06 0.04506279
v -0.01985 1.190438e-05 0.04578649
v -0.01985 2.242888e-06 0.046622
v -0.01985 4.477006e-06 0.04756135
v -0.01985 2.472561e-06 0.04857375
v -0.01985 6.757555e-06 0.04956871
v -0.01985 8.331653e-06 0.05053222
v -0.01985 -1.002889e-07 0.05143251
v -0.01985 0.0002709553 0.05204703
v -0.01985 0.0002596053 0.053
v -0.01985 -0.0002470834 0.053
v -0.01985 7.317464e-05 0.05253936
v -0.01985 -0.0003802657 0.05260225
v -0.01985 -0.0002694587 0.044
v -0.01985 -0.0002652039 0.05210096
v -0.01985 -1.174912e-05 0.04447519
v 0.0029772 0.000846305 0.06
v -0.001223689 0.002929343 0.06
v -0.00935 0.0002596053 0.053
v -0.00935 -0.0002470834 0.053
v -0.009729201 -4.646104e-05 0.053
v -0.009702493 -0.0004269011 0.053
v -0.01014813 -0.0002647496 0.053
v -0.01194704 3.080678e-05 0.053
v -0.01272255 1.152217e-05 0.053
v -0.01363345 2.181749e-06 0.053
v -0.01459889 -5.603351e-07 0.053
v -0.01557051 1.502408e-06 0.053
v -0.01653118 1.897537e-05 0.053
v -0.01751566 7.645545e-05 0.053
v -0.01840564 1.737772e-05 0.053
v -0.01916934 -5.991665e-06 0.053
v -0.01005843 0.0002930225 0.053
v -0.01130875 0.0001694336 0.053
v -0.01067705 7.003429e-05 0.053
v 0.0004280277 0.003039387 0.06
v -0.003314694 0.0004250844 0.06
v -0.00935 4.593629e-05 0.05069807
v -0.00935 -9.106788e-06 0.05204674
v -0.00935 0.0001083475 0.05257728
v -0.00935 -0.0003401668 0.05257521
v -0.00935 0.0001466852 0.05143423
v -0.00297799 0.001118448 0.06
v -0.01000843 -0.00015166 0.044
v -0.01124262 3.201675e-05 0.044
v -0.01289083 2.684175e-05 0.044
v -0.01698605 2.314914e-05 0.044
v -0.01847347 4.066397e-05 0.044
v -0.01919439 1.164376e-05 0.044
v -0.01004471 0.0003438005 0.044
v -0.01778603 0.0001350142 0.044
v -0.01201481 1.042522e-05 0.044
v -0.01060265 0.0001638068 0.044
v -0.002662388 -0.001685206 0.06
v 0.012715 0.00075 0.032
v 0.01347915 0.00075 0.032
v 0.0134051 0.001597925 0.032
v 0.01175966 0.00075 0.032
v 0.01233847 0.001338842 0.032
v 0.01090015 0.00075 0.032
v 0.01148023 0.001490663 0.032
v 0.01012735 0.00075 0.032
v 0.01061956 0.001449362 0.032
v 0.00935 0.00075 0.032
v 0.009815089 0.001444781 0.032
v 0.01325748 0.002547375 0.032
v 0.01229513 0.00210639 0.032
v 0.01302452 0.003551327 0.032
v 0.01271564 0.004534581 0.032
v 0.01197336 0.00386286 0.032
v 0.01233266 0.005491406 0.032
v 0.0118778 0.006416227 0.032
v 0.01129375 0.005614418 0.032
v 0.01135371 0.007303652 0.032
v 0.01076345 0.00814851 0.032
v 0.01034691 0.007254503 0.032
v 0.01011045 0.008945877 0.032
v 0.009398536 0.009691105 0.032
v 0.009069355 0.008710974 0.032
v 0.008678162 0.01034116 0.032
v 0.007976141 0.01089179 0.032
v 0.007645259 0.009997358 0.032
v 0.007389094 0.01129829 0.032
v 0.007001672 0.01062725 0.032
v 0.00935 -0.00075 0.032
v 0.00935 -0.0002718418 0.032
v 0.008984676 -0.0005704708 0.032
v 0.00935 0.0002227972 0.032
v 0.008722139 0.0004380606 0.032
v 0.006514441 0.009783343 0.032
v 0.006019096 0.00892538 0.032
v 0.007132564 0.008979505 0.032
v 0.005631914 0.008254762 0.032
v 0.005324519 0.007722338 0.032
v 0.005958624 0.007790195 0.032
v 0.01347915 -0.00075 0.032
v 0.01258087 -0.00075 0.032
v 0.01340934 -0.001561938 0.032
v 0.0115534 -0.00075 0.032
v 0.01237317 -0.001642223 0.032
v 0.01068363 -0.00075 0.032
v 0.009928712 -0.00075 0.032
v 0.01028617 -0.001413072 0.032
v 0.004897166 0.00796907 0.032
v 0.004855113 0.007391642 0.032
v 0.004484393 0.008207385 0.032
v 0.004025481 0.008472338 0.032
v 0.003840381 0.007867592 0.032
v 0.007389094 -0.01129829 0.032
v 0.008055839 -0.01083298 0.032
v 0.006939595 -0.01051973 0.032
v 0.008837435 -0.01020538 0.032
v 0.007630427 -0.009759679 0.032
v 0.009570309 -0.009521511 0.032
v 0.01025042 -0.008785151 0.032
v 0.00931166 -0.008640234 0.032
v 0.01087402 -0.008000356 0.032
v 0.01143767 -0.007171454 0.032
v 0.0103645 -0.007110345 0.032
v 0.01193826 -0.006303014 0.032
v 0.01237303 -0.005399825 0.032
v 0.01128441 -0.005416145 0.032
v 0.01273959 -0.004466866 0.032
v 0.01303591 -0.003509279 0.032
v 0.01196116 -0.003585974 0.032
v 0.01326036 -0.002532346 0.032
v 0.005614299 0.01122425 0.032
v 0.006090056 0.01204829 0.032
v 0.005355764 0.01239217 0.032
v 0.005122786 0.01037293 0.032
v 0.00477704 0.01147265 0.032
v 0.004695727 0.009633238 0.032
v 0.004360612 0.01054297 0.032
v 0.004345644 0.009026877 0.032
v 0.003959745 0.009775151 0.032
v 0.003596514 0.009067731 0.032
v 0.00599109 -0.008876872 0.032
v 0.006433884 -0.009643815 0.032
v 0.006894456 -0.008884107 0.032
v 0.005628694 -0.008249184 0.032
v 0.006411386 -0.008217721 0.032
v 0.004514529 0.01272278 0.032
v 0.003593472 0.01301295 0.032
v 0.002654028 0.01323655 0.032
v 0.002958936 0.0121674 0.032
v 0.001701004 0.01339241 0.032
v 0.0007392754 0.01347974 0.032
v 0.001160142 0.01253843 0.032
v -0.0002262356 0.0134981 0.032
v -0.001190589 0.0134474 0.032
v -0.0006657792 0.012586 0.032
v -0.00214885 0.01332788 0.032
v -0.003096116 0.01314017 0.032
v -0.002498238 0.01241864 0.032
v -0.003996396 0.01289491 0.032
v -0.004825169 0.01260824 0.032
v -0.004201167 0.01215672 0.032
v -0.005494208 0.01233141 0.032
v -0.006090056 0.01204829 0.032
v -0.005692164 0.01135912 0.032
v 0.004025481 -0.008472338 0.032
v 0.004449431 -0.00822757 0.032
v 0.003879584 -0.007876402 0.032
v 0.004861355 -0.007989745 0.032
v 0.005324519 -0.007722338 0.032
v 0.004740017 -0.007313601 0.032
v -0.005273632 0.0106342 0.032
v -0.004861685 0.01162952 0.032
v -0.004903244 0.009992667 0.032
v -0.004570512 0.00941636 0.032
v -0.004204439 0.0100042 0.032
v -0.004276755 0.008907556 0.032
v -0.004025481 0.008472338 0.032
v -0.003656203 0.008859312 0.032
v 0.006090056 -0.01204829 0.032
v 0.005649878 -0.01128587 0.032
v 0.005365903 -0.01238778 0.032
v 0.00516491 -0.01044589 0.032
v 0.00473405 -0.01104038 0.032
v 0.004704774 -0.009648907 0.032
v 0.004318827 -0.008980428 0.032
v 0.003936734 -0.009600352 0.032
v -0.004472019 0.008214528 0.032
v -0.003976441 0.007814311 0.032
v -0.004909439 0.007961984 0.032
v -0.005324519 0.007722338 0.032
v -0.004993807 0.007206403 0.032
v -0.006090056 -0.01204829 0.032
v -0.005418104 -0.01236504 0.032
v -0.00574889 -0.01145737 0.032
v -0.004550232 -0.01271005 0.032
v -0.004781275 -0.01154035 0.032
v -0.003574113 -0.01301828 0.032
v -0.002577445 -0.01325167 0.032
v -0.002916626 -0.01222145 0.032
v -0.001565958 -0.01340887 0.032
v -0.0005454686 -0.01348898 0.032
v -0.0009865307 -0.01256278 0.032
v 0.0004781572 -0.01349153 0.032
v 0.001499034 -0.01341652 0.032
v 0.0009340655 -0.01258975 0.032
v 0.002511292 -0.01326437 0.032
v 0.003509112 -0.01303596 0.032
v 0.002847755 -0.01233047 0.032
v 0.004486757 -0.0127326 0.032
v 0.004670396 -0.01183303 0.032
v -0.006950112 0.01053795 0.032
v -0.007389094 0.01129829 0.032
v -0.008028978 0.0108529 0.032
v -0.006452254 0.009675632 0.032
v -0.0076892 0.009774693 0.032
v -0.006035251 0.008953362 0.032
v -0.007022435 0.008921472 0.032
v -0.005637729 0.008264833 0.032
v -0.006484663 0.008246765 0.032
v -0.004947188 -0.01006878 0.032
v -0.005328708 -0.01072959 0.032
v -0.004645322 -0.01070579 0.032
v -0.004575145 -0.009424384 0.032
v -0.004238984 -0.01015512 0.032
v -0.004272905 -0.008900889 0.032
v -0.003923944 -0.009540811 0.032
v -0.004025481 -0.008472338 0.032
v -0.003669223 -0.008959791 0.032
v -0.00883091 0.01021103 0.032
v -0.009581717 0.009510032 0.032
v -0.008651942 0.00937086 0.032
v -0.01027705 0.008753982 0.032
v -0.01091289 0.007947253 0.032
v -0.009811779 0.007916934 0.032
v -0.01148555 0.007094514 0.032
v -0.01199172 0.006200703 0.032
v -0.01088431 0.006261716 0.032
v -0.01242846 0.005270994 0.032
v -0.01279325 0.00431077 0.032
v -0.0117701 0.004527208 0.032
v -0.01308398 0.00332559 0.032
v -0.01329674 0.002333816 0.032
v -0.01230194 0.002659223 0.032
v -0.01341841 0.001481967 0.032
v -0.01347915 0.00075 0.032
v -0.0127899 0.00075 0.032
v -0.005324519 -0.007722338 0.032
v -0.004873527 -0.007982718 0.032
v -0.004832049 -0.007403265 0.032
v -0.00443632 -0.008235139 0.032
v -0.003889405 -0.007946076 0.032
v -0.01191531 0.00075 0.032
v -0.01243217 0.001630077 0.032
v -0.01115475 0.00075 0.032
v -0.01043591 0.00075 0.032
v -0.01086642 0.001473203 0.032
v -0.009853998 0.00075 0.032
v -0.00935 0.00075 0.032
v -0.009594514 0.001220782 0.032
v -0.007389094 -0.01129829 0.032
v -0.006942712 -0.01052513 0.032
v -0.008053155 -0.01083498 0.032
v -0.006469263 -0.009705093 0.032
v -0.007194813 -0.009634672 0.032
v -0.00603524 -0.008953342 0.032
v -0.005641483 -0.008271335 0.032
v -0.006409103 -0.008249503 0.032
v -0.00935 0.0002479816 0.032
v -0.008917561 0.0005224444 0.032
v -0.00935 -0.0002649154 0.032
v -0.00935 -0.00075 0.032
v -0.008915907 -0.0005056187 0.032
v -0.01347915 -0.00075 0.032
v -0.01340803 -0.001573141 0.032
v -0.01275967 -0.00075 0.032
v -0.0132543 -0.002563898 0.032
v -0.01254234 -0.001656106 0.032
v -0.01302746 -0.003540514 0.032
v -0.01272877 -0.004497601 0.032
v -0.01207794 -0.003610552 0.032
v -0.01235987 -0.005429881 0.032
v -0.0119228 -0.006332211 0.032
v -0.01136864 -0.00545446 0.032
v -0.01141996 -0.007199615 0.032
v -0.01085414 -0.008027308 0.032
v -0.01042163 -0.007099151 0.032
v -0.01022845 -0.008810725 0.032
v -0.009546338 -0.009545545 0.032
v -0.009229397 -0.008568347 0.032
v -0.008811575 -0.01022771 0.032
v -0.007911769 -0.009960207 0.032
v -0.01190766 -0.00075 0.032
v -0.0111696 -0.00075 0.032
v -0.01166264 -0.001697861 0.032
v -0.01046476 -0.00075 0.032
v -0.01076582 -0.001695995 0.032
v -0.009880983 -0.00075 0.032
v -0.009542383 -0.00132645 0.032
v 0.008438072 0.001462016 0.032
v 0.008537537 0.002261226 0.032
v 0.008230237 0.003279946 0.032
v 0.007750901 0.004238844 0.032
v 0.007140218 0.005127934 0.032
v 0.00646509 0.005863014 0.032
v 0.005798295 0.006438146 0.032
v 0.00526775 0.006940905 0.032
v 0.004359776 0.007568545 0.032
v 0.002652978 0.008251546 0.032
v 0.001889897 0.008677351 0.032
v 0.0007920471 0.008842949 0.032
v -0.0003192941 0.00887813 0.032
v -0.001382476 0.008681613 0.032
v -0.002284742 0.00835258 0.032
v -0.002964439 0.008020829 0.032
v -0.006210352 0.006128835 0.032
v -0.006878749 0.005399061 0.032
v -0.007543239 0.004515451 0.032
v -0.008075083 0.003562833 0.032
v -0.00831551 0.002557002 0.032
v -0.008406063 0.001637495 0.032
v -0.008462454 0.0008466376 0.032
v -0.008443048 -0.0007530903 0.032
v -0.008455716 -0.00152142 0.032
v -0.008352819 -0.002377131 0.032
v -0.008087926 -0.003406742 0.032
v -0.007667548 -0.004404506 0.032
v -0.007029191 -0.005278191 0.032
v -0.006345472 -0.005959806 0.032
v -0.005736106 -0.006490188 0.032
v -0.005219808 -0.006967143 0.032
v -0.004323293 -0.007580604 0.032
v -0.003333922 -0.007829694 0.032
v -0.002731753 -0.008254101 0.032
v -0.001895549 -0.008517811 0.032
v -0.0009532874 -0.008748316 0.032
v 8.627838e-05 -0.008860605 0.032
v 0.001119191 -0.008711083 0.032
v 0.002024171 -0.008468741 0.032
v 0.002794137 -0.00825936 0.032
v 0.005183142 -0.006931414 0.032
v 0.005878587 -0.006509268 0.032
v 0.006604931 -0.005806419 0.032
v 0.007281376 -0.004978821 0.032
v 0.007862961 -0.004060143 0.032
v 0.008261743 -0.003059934 0.032
v 0.008443802 -0.002106173 0.032
v 0.008463355 -0.001299936 0.032
v 0.009098377 0.001516448 0.032
v 0.0121368 0.002957303 0.032
v 0.01168324 0.0047695 0.032
v 0.01082312 0.006458435 0.032
v 0.009769124 0.008048347 0.032
v 0.008324038 0.009360802 0.032
v 0.008802107 -0.0001047888 0.032
v 0.008982075 -0.001072589 0.032
v 0.006416833 0.008275501 0.032
v 0.01126945 -0.001694463 0.032
v 0.00958797 -0.001291908 0.032
v 0.008594752 -0.00928385 0.032
v 0.009849623 -0.007892675 0.032
v 0.01085361 -0.00628562 0.032
v 0.0116499 -0.004514544 0.032
v 0.0121875 -0.002614927 0.032
v 0.003344523 0.008369224 0.032
v 0.006012228 -0.007694699 0.032
v 0.003846483 0.01162189 0.032
v 0.002052835 0.01243392 0.032
v 0.0002504902 0.01259413 0.032
v -0.001580698 0.01252604 0.032
v -0.00339627 0.01226603 0.032
v 0.004367192 -0.007679347 0.032
v 0.003470472 -0.008309111 0.032
v -0.004524592 0.0107434 0.032
v -0.003889276 0.009397487 0.032
v 0.004264728 -0.01035607 0.032
v -0.003524195 0.008209618 0.032
v 0.003696958 -0.008936521 0.032
v -0.004508791 0.007619569 0.032
v -0.003844785 -0.0119214 0.032
v -0.001961095 -0.01244237 0.032
v -2.245488e-05 -0.01259596 0.032
v 0.001898645 -0.01251247 0.032
v 0.003758293 -0.01208332 0.032
v -0.006038394 0.007658567 0.032
v -0.003472448 -0.008387145 0.032
v -0.009157044 0.008626762 0.032
v -0.01040441 0.007113516 0.032
v -0.01137493 0.00542345 0.032
v -0.0120569 0.003611375 0.032
v -0.01157798 0.001347437 0.032
v -0.01015988 0.001249548 0.032
v -0.006854345 -0.00891338 0.032
v -0.005952917 -0.007760595 0.032
v -0.008994253 1.381722e-05 0.032
v -0.01232223 -0.002635838 0.032
v -0.01176273 -0.004559812 0.032
v -0.01094556 -0.006301088 0.032
v -0.009835783 -0.007829105 0.032
v -0.008591775 -0.00927585 0.032
v -0.008975342 -0.001153823 0.032
v -0.01014193 -0.001308313 0.032
v -0.005556752 0.006636649 0.032
v 0.008515937 -0.0006330436 0.032
v -0.00898927 0.001245593 0.032
v -0.005865135 -0.007184331 0.032
v -0.005647665 0.007227309 0.032
v 0.0110707 0.004132853 0.032
v 0.01114264 0.002328894 0.032
v 0.01025685 0.00206798 0.032
v -0.0113939 -0.00271264 0.032
v 0.01034428 0.005686598 0.032
v 0.00948766 0.007260438 0.032
v 0.008056013 0.008350737 0.032
v 0.009815337 -0.002036503 0.032
v -0.003158648 0.009364636 0.032
v 0.00665476 0.007502671 0.032
v 0.01091678 -0.003663964 0.032
v -0.009937707 -0.001978481 0.032
v 0.01056962 -0.002139074 0.032
v 0.008505238 -0.008474343 0.032
v 0.009316475 -0.007047663 0.032
v -0.003823726 0.01140467 0.032
v 0.01059368 -0.00456237 0.032
v 0.005710925 -0.007203921 0.032
v 0.007762272 -0.008746196 0.032
v 0.01025104 -0.005444483 0.032
v 0.001526612 0.01158073 0.032
v 0.005907451 0.007165718 0.032
v 0.002812806 0.00897183 0.032
v 0.003647186 0.01057222 0.032
v 0.003033538 0.009912732 0.032
v -0.001945283 0.01164863 0.032
v 0.006743042 -0.007553445 0.032
v 0.002970924 0.01106079 0.032
v 0.002315896 0.0115619 0.032
v -0.001059841 0.01168007 0.032
v -0.003821103 0.01060352 0.032
v -0.002849073 0.01157208 0.032
v -0.0001944561 0.01172113 0.032
v -0.006377301 0.0069219 0.032
v 0.008890875 -0.007817383 0.032
v -0.003181574 -0.01116321 0.032
v -0.003466759 0.01000868 0.032
v -0.00295358 0.008688281 0.032
v 0.009087102 -0.00175298 0.032
v 0.003219096 -0.009450353 0.032
v -0.01152926 0.002102511 0.032
v 0.003370225 -0.01034313 0.032
v -0.001375956 -0.01167914 0.032
v -0.01132337 0.002973618 0.032
v 0.0004516533 -0.01170155 0.032
v 0.002256267 -0.01164179 0.032
v 0.003940693 -0.01117056 0.032
v -0.009452196 0.007153523 0.032
v 0.008778002 0.007772464 0.032
v -0.008057966 0.008711904 0.032
v -0.003995182 -0.01096301 0.032
v -0.007414557 0.008010989 0.032
v -0.003081283 -0.008857765 0.032
v -0.003479998 -0.01028125 0.032
v -0.003174908 -0.009540288 0.032
v -0.008569644 0.007713549 0.032
v -0.0102604 0.005425449 0.032
v -0.01101873 0.003858387 0.032
v -0.009784996 0.006316857 0.032
v -0.01084074 0.004708583 0.032
v 0.009667932 0.006352908 0.032
v 0.00316488 -0.008805716 0.032
v -0.008857898 -0.007609157 0.032
v 0.01061566 0.004859029 0.032
v -0.01033338 0.001841756 0.032
v -0.009386275 0.001743506 0.032
v -0.007702888 -0.009007396 0.032
v -0.007290175 -0.008069928 0.032
v 0.01109096 0.003293474 0.032
v -0.009104728 -0.001968045 0.032
v -0.01036262 -0.005458132 0.032
v -0.009398614 -0.006841314 0.032
v -0.008266777 -0.008339645 0.032
v -0.01081993 -0.004636345 0.032
v -0.0100508 -0.006263745 0.032
v -0.01117659 -0.003712708 0.032
v 0.009502885 0.002233015 0.032
v -0.007136168 0.006230242 0.032
v -0.008504862 1.327597e-05 0.032
v -0.008887983 -0.003055464 0.032
v -0.0087572 -0.004296937 0.032
v 0.006910375 -0.006675008 0.032
v 0.007589854 -0.005863924 0.032
v 0.008892263 -0.003874644 0.032
v 0.008738613 0.0009901367 0.032
v 0.00626082 -0.007112895 0.032
v 0.00721082 -0.008094462 0.032
v 0.009211532 0.003141054 0.032
v 0.008832865 0.004155729 0.032
v 0.008203134 0.005129832 0.032
v 0.007455366 0.006045488 0.032
v 0.006678234 0.00669836 0.032
v 0.001333494 0.009703589 0.032
v 0.000208092 0.009911373 0.032
v -0.001042356 0.009740067 0.032
v -0.002200905 0.009244552 0.032
v -0.007888775 0.005378439 0.032
v -0.008637994 0.00444089 0.032
v -0.009166827 0.003215251 0.032
v -0.008967638 0.002144493 0.032
v -0.008073833 -0.005424804 0.032
v -0.007276343 -0.006199916 0.032
v -0.00650473 -0.006747841 0.032
v -0.002446539 -0.009145256 0.032
v -0.001630564 -0.009405824 0.032
v -0.0005472627 -0.009778671 0.032
v 0.0007186346 -0.009770217 0.032
v 0.001758821 -0.009333055 0.032
v 0.008434731 -0.005008511 0.032
v 0.009237642 -0.002755776 0.032
v 0.007199646 0.008060932 0.032
v -0.01045201 -0.002886003 0.032
v -0.006569355 -0.007496046 0.032
v -0.006783078 0.007558477 0.032
v 0.01121085 -0.002748218 0.032
v 0.00980062 -0.006279638 0.032
v 0.0006835227 0.01169386 0.032
v -0.01074149 0.002364606 0.032
v -0.002309339 -0.01146915 0.032
v -0.0004558565 -0.01169186 0.032
v 0.001347193 -0.01174583 0.032
v 0.003122808 -0.01137306 0.032
v -0.009861033 0.001680922 0.032
v -0.001425537 -0.002794942 0.06
v 0.002553188 -0.009054171 0.032
v 0.002231948 0.009572167 0.032
v -0.007293582 -0.007096427 0.032
v 0.01022938 -0.002860998 0.032
v 0.002062996 0.01058455 0.032
v 0.001735301 -0.0110256 0.032
v -0.008276955 -0.006603282 0.032
v 0.008532121 0.006057602 0.032
v -0.001434273 0.01080898 0.032
v 0.009557381 -0.004644632 0.032
v 0.009314289 -0.005513969 0.032
v -0.009788136 0.002362038 0.032
v -0.002290524 -0.002435298 0.06
v -0.001712534 -0.0108997 0.032
v 0.0009444534 -0.01083912 0.032
v 3.765034e-05 -0.01074147 0.032
v -0.0005637851 0.01076388 0.032
v -0.008730176 0.006703528 0.032
v 0.0080116 -0.007911404 0.032
v 0.009883258 -0.003715188 0.032
v -0.01028022 0.003195826 0.032
v -0.009805741 -0.004615019 0.032
v 0.002522453 -0.009845691 0.032
v 0.001055535 0.01070571 0.032
v -0.00961509 -0.003596112 0.032
v 0.007786013 -0.006635122 0.032
v -0.009035454 0.005533207 0.032
v -0.001435057 -0.01019197 0.032
v 0.008638054 -0.006211466 0.032
v -0.008050271 0.006209261 0.032
v 0.010186 0.002885969 0.032
v -0.002460616 -0.01023345 0.032
v 0.007726906 0.007164199 0.032
v -0.007559357 0.007066809 0.032
v -0.009211348 -0.005638938 0.032
v 0.01003862 0.003931426 0.032
v -0.003130119 0.01076169 0.032
v 0.00247935 -0.01071547 0.032
v 0.007477982 -0.007348577 0.032
v -0.00190171 0.01010562 0.032
v -0.009866998 0.004316498 0.032
v 0.009439046 0.005148581 0.032
v 0.0002422985 0.01093864 0.032
v -0.002693965 0.0100342 0.032
v -0.00230847 0.01083812 0.032
v 0.008352817 -0.007148911 0.032
v -0.0008709287 -0.0108366 0.032
v -0.00797098 -0.007532379 0.032
v 0.008789432 0.006887635 0.032
v 0.001681419 -0.01021467 0.032
v -0.009613728 -0.00268921 0.032
v -0.01037183 -0.003890109 0.032
v -0.0004671153 -0.003115207 0.06
v 0.007936918 0.001002666 0.0575
v 0.008 -1.959435e-18 0.0575
v 0.008 -1.959435e-18 0.05649804
v 0.007748665 0.001989519 0.0575
v 0.00782744 0.001652631 0.05662546
v 0.007438212 0.002944996 0.0575
v 0.007577136 0.002566517 0.0567264
v 0.007010453 0.003854029 0.0575
v 0.007220391 0.003444699 0.05665873
v 0.006472136 0.004702282 0.0575
v 0.00674804 0.004296971 0.05661062
v 0.005831749 0.005476377 0.0575
v 0.006161061 0.00510307 0.05660292
v 0.005099392 0.006164106 0.0575
v 0.005470649 0.005837123 0.05661479
v 0.004286614 0.006754623 0.0575
v 0.004692517 0.006479219 0.05661676
v 0.003406234 0.007238616 0.0575
v 0.003848551 0.007013462 0.05659904
v 0.002472136 0.007608452 0.0575
v 0.002954038 0.007434626 0.05659431
v 0.001499051 0.007858298 0.0575
v 0.002000799 0.00774576 0.0565985
v 0.0005023242 0.007984214 0.0575
v 0.001008998 0.007936115 0.05660398
v -0.0005023242 0.007984214 0.0575
v 2.388936e-06 0.008 0.05661028
v -0.001499051 0.007858298 0.0575
v -0.001001671 0.007937043 0.05661848
v -0.002472136 0.007608452 0.0575
v -0.001988694 0.007748877 0.05662597
v -0.003406234 0.007238616 0.0575
v -0.002940513 0.007439985 0.0566332
v -0.004286614 0.006754623 0.0575
v -0.003844439 0.007015717 0.05664094
v -0.005099392 0.006164106 0.0575
v -0.004687834 0.006482609 0.05665025
v -0.005831749 0.005476377 0.0575
v -0.005460587 0.005846536 0.05665407
v -0.006472136 0.004702282 0.0575
v -0.006150057 0.005116327 0.05664967
v -0.007010453 0.003854029 0.0575
v -0.006745457 0.004301024 0.05663408
v -0.007438212 0.002944996 0.0575
v -0.007234559 0.003414844 0.05660771
v -0.007748665 0.001989519 0.0575
v -0.00760685 0.002477062 0.05658838
v -0.007936918 0.001002666 0.0575
v -0.007857485 0.001503307 0.05659586
v -0.008 4.7165e-17 0.0575
v -0.00798395 0.0005064975 0.05661915
v -0.007936918 -0.001002666 0.0575
v -0.007984604 -0.0004960917 0.05663563
v -0.007748665 -0.001989519 0.0575
v -0.00785992 -0.001490525 0.05664132
v -0.007438212 -0.002944996 0.0575
v -0.007610688 -0.002465245 0.05664278
v -0.007010453 -0.003854029 0.0575
v -0.007238644 -0.003406176 0.05664271
v -0.006472136 -0.004702282 0.0575
v -0.00674931 -0.004294976 0.05663765
v -0.005831749 -0.005476377 0.0575
v -0.006151729 -0.005114316 0.05662385
v -0.005099392 -0.006164106 0.0575
v -0.005460493 -0.005846625 0.05659911
v -0.004286614 -0.006754623 0.0575
v -0.004695685 -0.006476924 0.05657033
v -0.003406234 -0.007238616 0.0575
v -0.003861382 -0.007006406 0.05656925
v -0.002472136 -0.007608452 0.0575
v -0.002955535 -0.007434031 0.05657777
v -0.001499051 -0.007858298 0.0575
v -0.001995354 -0.007747165 0.05657782
v -0.0005023242 -0.007984214 0.0575
v -0.001000007 -0.007937253 0.05657451
v 0.0005023242 -0.007984214 0.0575
v 1.125229e-05 -0.007999992 0.05657523
v 0.001499051 -0.007858298 0.0575
v 0.001021858 -0.00793447 0.05658597
v 0.002472136 -0.007608452 0.0575
v 0.002015377 -0.00774198 0.05659868
v 0.003406234 -0.007238616 0.0575
v 0.002969421 -0.007428495 0.05660085
v 0.004286614 -0.006754623 0.0575
v 0.00386073 -0.007006766 0.05659565
v 0.005099392 -0.006164106 0.0575
v 0.004691979 -0.006479609 0.05661722
v 0.005831749 -0.005476377 0.0575
v 0.005458021 -0.005848932 0.05663481
v 0.006472136 -0.004702282 0.0575
v 0.006142197 -0.00512576 0.0566451
v 0.007010453 -0.003854029 0.0575
v 0.00672906 -0.004326633 0.05664571
v 0.007438212 -0.002944996 0.0575
v 0.007207693 -0.003471191 0.05664916
v 0.007748665 -0.001989519 0.0575
v 0.007573057 -0.002578527 0.05666447
v 0.007936918 -0.001002666 0.0575
v 0.007821375 -0.001681099 0.05669349
v 0.007960233 -0.0007966778 0.05662027
v 0.008 -1.959435e-18 0.05090435
v 0.008 -1.959435e-18 0.05173467
v 0.007977399 -0.0006009186 0.05137559
v 0.008 -1.959435e-18 0.05251797
v 0.008 -1.959435e-18 0.05331439
v 0.007970452 -0.0006869422 0.05285872
v 0.008 -1.959435e-18 0.0540502
v 0.008 -1.959435e-18 0.05478423
v 0.007967304 -0.000722538 0.05450698
v 0.008 -1.959435e-18 0.05559858
v 0.007970282 -0.0006889147 0.05553901
v 0.007942808 0.0009548862 0.05069189
v 0.007565941 0.002599334 0.050821
v 0.006732831 0.004320762 0.05087761
v 0.005531468 0.005779521 0.05079207
v 0.004244897 0.006780918 0.05074639
v 0.002807423 0.00749122 0.05077515
v 0.001133211 0.007919333 0.05081769
v -0.0007231531 0.007967249 0.05084879
v -0.002429018 0.007622327 0.05073953
v -0.003847268 0.007014166 0.05062433
v -0.004986491 0.00625579 0.05057033
v -0.006027503 0.005260153 0.05071792
v -0.0070691 0.003745373 0.05085645
v -0.007758817 0.001949555 0.05084265
v -0.007985361 0.0004837455 0.05054911
v -0.007936195 -0.00100837 0.05079399
v -0.007450356 -0.002914137 0.0508315
v -0.006504628 -0.004657233 0.05081129
v -0.005289101 -0.006002117 0.05074089
v -0.004070413 -0.00688707 0.0507286
v -0.002667322 -0.00754224 0.0507513
v -0.0009991224 -0.007937364 0.05084351
v 0.0008701185 -0.00795254 0.0508659
v 0.002654212 -0.007546864 0.05081019
v 0.004164024 -0.006830879 0.05076877
v 0.005455382 -0.005851394 0.05079743
v 0.006656729 -0.004437111 0.05087818
v 0.007527299 -0.002709201 0.05082759
v 0.007933078 -0.001032606 0.05071225
v 0.00797913 0.0005774761 0.0513358
v 0.007971323 0.0006767675 0.05208107
v 0.007965164 0.0007457612 0.05284372
v 0.007962485 0.0007738442 0.05359895
v 0.007963589 0.0007624018 0.05438845
v 0.007963269 0.0007657342 0.05522289
v 0.0079589 0.0008098854 0.05618744
v 0.007970498 -0.0006864131 0.05209343
v 0.007972036 -0.0006683073 0.05366931
v 0.007807228 0.001745621 0.05074407
v 0.007208176 0.003470188 0.05086794
v 0.00615196 0.005114039 0.05084735
v 0.004914485 0.006312514 0.05074076
v 0.003532695 0.007177748 0.05075507
v 0.001993945 0.007747527 0.05079351
v 0.0002052482 0.007997367 0.0508627
v -0.001618394 0.00783459 0.05078907
v -0.003173708 0.00734354 0.05069225
v -0.004444397 0.006651867 0.05059112
v -0.005492433 0.00581663 0.05060351
v -0.00657077 0.004563439 0.0508016
v -0.007472952 0.002855693 0.05086735
v -0.007924348 0.001097595 0.05072856
v -0.00799777 -0.0001888837 0.05071252
v -0.007756477 -0.001958841 0.05082893
v -0.007027151 -0.003823499 0.05082453
v -0.005908157 -0.005393856 0.05077832
v -0.004692031 -0.006479571 0.05073358
v -0.003417306 -0.007233396 0.05072733
v -0.001862994 -0.007780055 0.05077963
v -7.448974e-05 -0.007999653 0.05087599
v 0.001790351 -0.007797092 0.05084444
v 0.003435213 -0.007224909 0.05078415
v 0.004826249 -0.006380229 0.05077751
v 0.006070797 -0.005210128 0.05083986
v 0.007148574 -0.003591363 0.05087477
v 0.007787823 -0.001830251 0.05076496
v 0.007416664 0.002998849 0.05586661
v 0.00701147 0.00385218 0.05573148
v 0.006472517 0.004701757 0.0556874
v 0.005820001 0.00548886 0.05571772
v 0.005077606 0.006182064 0.05575007
v 0.004260494 0.006771129 0.05572742
v 0.003420391 0.007231938 0.05569678
v 0.002504238 0.007597947 0.05568944
v 0.001518316 0.007854598 0.05570635
v 0.0005041939 0.007984096 0.05571291
v -0.0005039141 0.007984114 0.05572676
v -0.001502895 0.007857564 0.05574702
v -0.002475019 0.007607515 0.05575615
v -0.00339515 0.007243822 0.05577197
v -0.004266159 0.006767561 0.05578783
v -0.005065484 0.006192001 0.05581048
v -0.00579616 0.005514031 0.05580873
v -0.006440153 0.004745991 0.05579618
v -0.006990534 0.003890043 0.05575077
v -0.007430283 0.002964945 0.0556808
v -0.007747661 0.001993428 0.05565932
v -0.007937742 0.0009961145 0.05571422
v -0.008 -7.615326e-08 0.05576207
v -0.007938876 -0.0009870375 0.05578081
v -0.007754461 -0.001966808 0.05578444
v -0.007443022 -0.002932819 0.05579033
v -0.007007572 -0.003859267 0.05578825
v -0.006456733 -0.00472341 0.05577186
v -0.005799326 -0.0055107 0.05573319
v -0.005065903 -0.006191657 0.05567311
v -0.004301775 -0.006744978 0.05565001
v -0.003439819 -0.007222717 0.05565898
v -0.002494527 -0.00760114 0.05565926
v -0.001506894 -0.007856798 0.0556558
v -0.0004880656 -0.007985098 0.05564268
v 0.00053866 -0.007981845 0.05565513
v 0.001555219 -0.007847375 0.05569155
v 0.002543479 -0.007584901 0.05571344
v 0.003460403 -0.007212878 0.05570034
v 0.004271023 -0.006764493 0.0557177
v 0.005073714 -0.006185259 0.05574737
v 0.005793227 -0.005517111 0.05578687
v 0.006428366 -0.004761944 0.05579323
v 0.006959339 -0.003945581 0.05578034
v 0.007382057 -0.003083057 0.05579535
v 0.007692401 -0.002197037 0.0558285
v 0.007878005 -0.001391775 0.05592207
v 0.007012514 0.003850278 0.05178433
v 0.007859819 -0.001491055 0.05235346
v 0.007892744 -0.001305601 0.05323918
v -0.0002672208 0.007995536 0.05177312
v 0.004586396 0.006554767 0.05151098
v 0.007430112 0.002965373 0.05171419
v 0.007721566 0.002092227 0.05158744
v 0.005230575 0.006053188 0.05154168
v 0.003918471 0.006974639 0.05156466
v 0.005858475 0.005447776 0.0516783
v 0.00243303 0.007621047 0.05158534
v 0.006479294 0.004692415 0.05175527
v 0.0006782798 0.007971194 0.05173334
v -0.003004238 -0.007414483 0.05153471
v -0.002853487 0.007473795 0.05145035
v 0.003186895 0.007337827 0.05157127
v -0.004210635 0.006802246 0.05128686
v -0.005250594 0.006035831 0.05112921
v -0.006259913 0.004981313 0.05156276
v -0.007304423 0.00326273 0.05175635
v -0.007898326 0.001271396 0.05160947
v -0.007987198 0.0004524019 0.05127412
v -0.007989919 -0.0004014828 0.0515534
v -0.007878855 -0.001386954 0.05165121
v -0.0072611 -0.003358039 0.05165653
v -0.006218646 -0.005032737 0.05162294
v -0.00499268 -0.006250852 0.05152472
v -0.001422667 -0.007872485 0.05166537
v -0.00372914 -0.007077677 0.05150254
v -0.002269559 -0.007671317 0.05155152
v 0.00736887 -0.003114443 0.05172877
v -0.0005409854 -0.007981687 0.05178918
v 0.001339733 -0.007887022 0.05171618
v 0.002236147 -0.007681123 0.05167727
v 0.003813268 -0.007032708 0.05162699
v 0.006362846 -0.004849143 0.0517373
v 0.00788677 -0.001341218 0.05149156
v 0.006925028 -0.004005494 0.05180066
v 0.005739116 -0.005573378 0.05166448
v 0.007697959 -0.002177483 0.05160064
v -0.003542388 0.007172969 0.05135196
v 0.007894588 0.001294402 0.05144678
v 0.007865887 0.001458704 0.05229063
v 0.007846443 0.001559914 0.0531162
v 0.00783412 0.00162067 0.0539174
v 0.007836573 0.001608767 0.05477091
v 0.007849296 0.001545492 0.05566159
v 0.001591082 0.007840182 0.05163465
v 0.00768336 0.002228448 0.05601917
v -0.002077504 0.007725541 0.05155543
v -0.004372577 -0.006699296 0.05148213
v 0.007835524 -0.001613865 0.05500052
v -0.001202873 0.007909052 0.0516736
v -0.004776617 0.00641747 0.05124867
v 0.007879085 -0.001385645 0.05406943
v -0.005703074 0.005610253 0.05136497
v -0.006819778 0.00418218 0.05168881
v -0.007668733 0.002278274 0.05174571
v -0.007633055 -0.002395092 0.05166512
v -0.006780716 -0.00424522 0.05164318
v -0.005610417 -0.005702914 0.05158275
v 0.0004037814 -0.007989804 0.05176491
v 0.003064988 -0.007389577 0.05165863
v 0.004497824 -0.006615858 0.05154784
v 0.005154993 -0.006117683 0.05156919
v 0.006785489 0.004237586 0.05473041
v 0.006144459 0.005123048 0.05478243
v 0.005421192 0.005883084 0.05488031
v 0.004663365 0.006500233 0.05490705
v 0.003860626 0.007006823 0.05486603
v 0.002985549 0.007422028 0.05479812
v 0.002042246 0.007734936 0.0548041
v 0.001010952 0.007935866 0.0548293
v -2.030432e-05 0.007999974 0.05480318
v -0.001013584 0.007935531 0.05486223
v -0.002007738 0.007743965 0.05488664
v -0.002946676 0.007437547 0.05487719
v -0.003852059 0.007011536 0.05494467
v -0.004653658 0.006507186 0.0549764
v -0.005411219 0.005892258 0.05497802
v -0.006099004 0.005177079 0.05496094
v -0.006692975 0.004382247 0.05495228
v -0.007200831 0.003485404 0.05482668
v -0.007597983 0.002504127 0.05467243
v -0.007867558 0.001449663 0.05474154
v -0.007987289 0.0004507863 0.05490007
v -0.007984967 -0.0004902022 0.05492802
v -0.00786818 -0.001446289 0.05491567
v -0.007622348 -0.002428954 0.05493876
v -0.007244743 -0.003393184 0.05494801
v -0.006745495 -0.004300965 0.05493746
v -0.006138762 -0.005129873 0.05490162
v -0.005432957 -0.005872221 0.05483643
v -0.00470257 -0.006471927 0.05475937
v -0.003888149 -0.006991588 0.05472819
v -0.002978534 -0.007424846 0.05475552
v -0.00203232 -0.00773755 0.05475506
v -0.001012901 -0.007935618 0.05471381
v 4.645681e-05 -0.007999865 0.05468809
v 0.001095062 -0.007924698 0.05475379
v 0.002113328 -0.007715818 0.05483517
v 0.003055935 -0.007393325 0.05484298
v 0.003889909 -0.006990609 0.05482851
v 0.00469882 -0.00647465 0.0548306
v 0.005437383 -0.005868123 0.05489975
v 0.006100053 -0.005175843 0.05496947
v 0.006685366 -0.004393846 0.05492111
v 0.007159271 -0.003569991 0.05488349
v 0.007752517 -0.001974455 0.05295248
v 0.005441104 0.005864673 0.05248291
v 0.0002294801 0.007996708 0.05280757
v 0.007297016 0.003279262 0.05267603
v 0.007650895 0.002337478 0.05247838
v -0.000827037 0.007957136 0.05265015
v -0.004589844 0.006552353 0.05199327
v -0.005225838 0.006057278 0.05181945
v 0.007588536 -0.002532613 0.05242085
v -0.007064306 0.003754409 0.05261156
v -0.007468796 -0.002866546 0.05248332
v -0.007989397 0.0004117545 0.05229325
v 0.007675134 -0.002256617 0.05422713
v -0.007850359 0.001540087 0.05253107
v -0.006488561 -0.004679591 0.05245411
v -0.007540377 0.002672585 0.05268661
v -0.00527288 -0.006016373 0.05235428
v -0.007028647 -0.003820749 0.05247326
v -0.007791307 -0.001815359 0.05248125
v 0.0009213915 -0.007946763 0.0525924
v -0.001154773 -0.007916217 0.05276113
v -0.00646145 0.004716955 0.05246151
v -0.005905869 -0.005396361 0.05243202
v 0.003473614 -0.007206525 0.05243747
v 0.001843236 -0.007784759 0.05248339
v 0.005986093 -0.00530723 0.05251087
v 0.00268754 -0.00753506 0.05249381
v -0.002610287 0.007562169 0.052305
v 0.007600286 0.002497129 0.05431967
v 0.007639412 0.002374738 0.05521859
v 0.004307628 0.006741242 0.05227659
v -0.001755671 0.007804974 0.05243409
v -4.42103e-05 -0.007999878 0.05273978
v -0.003364101 -0.007258293 0.05234146
v -0.007964419 -0.0007536733 0.05247564
v 0.007544442 -0.002661088 0.05497268
v 0.002859178 0.00747162 0.05231564
v 0.007296675 0.00328002 0.05491116
v 0.006163054 0.005100663 0.05257259
v -0.004653842 -0.006507055 0.05228475
v 0.004879591 0.006339526 0.05213216
v 0.007769797 -0.001905322 0.05359625
v 0.007203223 -0.003480457 0.05283714
v 0.003600543 0.007143955 0.05235697
v 0.006779326 0.004247439 0.05273774
v -0.005797767 0.005512341 0.05224666
v -0.001908928 -0.007768912 0.05231404
v 0.004212751 -0.006800936 0.05238007
v -0.003383845 0.00724911 0.05221088
v 0.007601546 0.00249329 0.05339044
v -0.003971687 0.006944473 0.05194318
v 0.006634761 -0.004469893 0.05268414
v 0.001255734 0.007900831 0.05248401
v -0.004026333 -0.006912933 0.05227179
v -0.002638361 -0.00755242 0.05236237
v 0.005357982 -0.005940709 0.05239682
v 0.007157866 0.003572807 0.05378124
v 0.005698724 0.005614672 0.05403382
v 0.005011686 0.006235624 0.05412976
v 0.004287174 0.006754268 0.05407229
v 0.00351332 0.007187252 0.0539344
v 0.00254546 0.007584236 0.05382964
v 0.001506852 0.007856806 0.05399018
v 0.000496701 0.007984566 0.05392449
v -0.0006020659 0.007977313 0.05378525
v -0.001544111 0.007849568 0.05415062
v -0.002466978 0.007610126 0.05392777
v -0.003435808 0.007224626 0.05404933
v -0.004279516 0.006759123 0.05416744
v -0.005005261 0.006240782 0.05420024
v -0.005723271 0.005589648 0.05413695
v -0.006368274 0.004842013 0.05410222
v -0.006897257 0.004053129 0.05416687
v -0.007314502 0.003240072 0.0536825
v -0.007782721 0.001851824 0.0536103
v -0.007964716 0.0007505364 0.05395118
v -0.007999611 -7.893834e-05 0.05421315
v -0.007951658 -0.0008781388 0.05407915
v -0.007777761 -0.001872548 0.05408417
v -0.007459239 -0.002891324 0.05411549
v -0.007012831 -0.003849701 0.05411553
v -0.006453317 -0.004728075 0.05408914
v -0.005813555 -0.005495687 0.05402908
v -0.005101807 -0.006162107 0.05393349
v -0.004309987 -0.006739734 0.05376543
v -0.003438859 -0.007223174 0.05388599
v -0.002547465 -0.007583563 0.05389615
v -0.001578211 -0.007842783 0.05381233
v -0.0005118334 -0.00798361 0.05372931
v 0.0006518821 -0.007973396 0.05366937
v 0.001734634 -0.007809676 0.0539811
v 0.002668742 -0.007541738 0.05400886
v 0.003532788 -0.007177702 0.0539916
v 0.004323927 -0.006730799 0.05393705
v 0.005084184 -0.006176656 0.05396089
v 0.005786523 -0.005524143 0.05408375
v 0.006363799 -0.004847893 0.05422105
v 0.006853701 -0.004126353 0.05382088
v -0.001571789 0.007844073 0.05333838
v 0.007344805 -0.003170778 0.05402577
v -0.005127432 0.006140802 0.05270368
v 0.004765727 0.006425562 0.05280913
v -0.007954663 0.0008504964 0.05310624
v 0.00621566 -0.005036424 0.05337636
v 0.004823068 -0.006382634 0.05221199
v 0.001489694 -0.007860077 0.05319112
v -0.007899652 -0.001263131 0.05329071
v -0.005528198 -0.005782649 0.0531954
v -0.005946188 0.005351901 0.05317763
v 0.0064126 0.004783154 0.05367387
v 0.003096831 -0.007376289 0.05321512
v -0.006152791 -0.005113039 0.05323744
v 0.002062715 0.007729502 0.05235114
v 0.004061892 0.006892099 0.05314205
v 0.00228809 -0.00766581 0.05321442
v 0.007553174 -0.002636202 0.05334971
v 0.002506095 0.007597334 0.05297091
v 0.005821651 0.00548711 0.05318844
v 0.003233359 0.007317472 0.05310048
v -0.003216898 0.007324723 0.05313342
v -0.002984701 -0.007422369 0.05311484
v -0.006710523 0.004355328 0.05332534
v -0.007998805 -0.0001382456 0.05331395
v -0.00488443 -0.006335799 0.05312536
v 0.001820321 0.00779015 0.05316274
v -0.006755589 -0.004285092 0.05328315
v -0.007258089 -0.003364541 0.05329796
v -0.004122016 0.00685631 0.05273554
v 0.003942099 -0.006961311 0.05320605
v -0.002344716 0.00764868 0.05305703
v -0.003729885 -0.007077285 0.05307826
v -0.007648693 -0.002344675 0.05330145
v 0.005236978 0.00604765 0.05332779
v 0.004671789 0.006494181 0.05349164
v -0.003946782 0.006958658 0.05348717
v -0.004629444 0.006524435 0.05343893
v 0.005531481 -0.005779509 0.0532189
v -0.004319272 -0.006733787 0.05291037
v -0.002150748 -0.007705471 0.05308556
v 0.001054878 0.007930147 0.05328559
v 0.004781826 -0.00641359 0.05305925
v -0.005318369 0.005976199 0.05349916
v 0.01985 0.00075 0.02651807
v 0.01985 0.00075 0.026
v 0.01931619 0.00075 0.026
v 0.01985 0.00075 0.02714884
v 0.01913922 0.00075 0.02670226
v 0.01985 0.00075 0.02784257
v 0.01922378 0.00075 0.02751255
v 0.01985 0.00075 0.02867412
v 0.01914997 0.00075 0.02832626
v 0.01985 0.00075 0.02963927
v 0.0191068 0.00075 0.02920523
v 0.01985 0.00075 0.03060441
v 0.0190999 0.00075 0.03012212
v 0.01985 0.00075 0.03156955
v 0.01911362 0.00075 0.03105363
v 0.01985 0.00075 0.03249149
v 0.01913071 0.00075 0.03197593
v 0.01985 0.00075 0.03322103
v 0.0191486 0.00075 0.03282078
v 0.01985 0.00075 0.03387493
v 0.01919575 0.00075 0.03354853
v 0.01985 0.00075 0.03446976
v 0.01931909 0.00075 0.03420285
v 0.01985 0.00075 0.035
v 0.01933167 0.00075 0.035
v 0.00935 0.00075 0.035
v 0.009880053 0.00075 0.035
v 0.00935 0.00075 0.03450718
v 0.01045273 0.00075 0.035
v 0.009979424 0.00075 0.03434281
v 0.01108047 0.00075 0.035
v 0.01177873 0.00075 0.035
v 0.01139852 0.00075 0.03426294
v 0.01254584 0.00075 0.035
v 0.01339027 0.00075 0.035
v 0.01303995 0.00075 0.03422928
v 0.01433614 0.00075 0.035
v 0.01532305 0.00075 0.035
v 0.01491172 0.00075 0.0341644
v 0.01630997 0.00075 0.035
v 0.01724169 0.00075 0.035
v 0.01690239 0.00075 0.03422589
v 0.01807178 0.00075 0.035
v 0.01875389 0.00075 0.035
v 0.01838475 0.00075 0.03456061
v 0.00935 0.00075 0.03252599
v 0.00935 0.00075 0.03319604
v 0.00935 0.00075 0.03390664
v 0.01013382 0.00075 0.03357176
v 0.009913237 0.00075 0.03280447
v 0.01308846 0.00075 0.03270675
v 0.011377 0.00075 0.03275856
v 0.01058844 0.00075 0.03278745
v 0.01347915 0.00075 0.03
v 0.01347915 0.00075 0.03064993
v 0.01408714 0.00075 0.03030822
v 0.01347915 0.00075 0.0313615
v 0.0141137 0.00075 0.03181579
v 0.01279909 0.00075 0.03
v 0.01328601 0.00075 0.02941887
v 0.01204553 0.00075 0.03
v 0.01250113 0.00075 0.02938367
v 0.01121762 0.00075 0.03
v 0.01168937 0.00075 0.0293622
v 0.01051597 0.00075 0.03
v 0.01087773 0.00075 0.02937654
v 0.009904559 0.00075 0.03
v 0.01007279 0.00075 0.02926412
v 0.00935 0.00075 0.03
v 0.00935 0.00075 0.02945115
v 0.00935 0.00075 0.026
v 0.00935 0.00075 0.02662325
v 0.009925143 0.00075 0.026
v 0.00935 0.00075 0.02727436
v 0.00991941 0.00075 0.02690846
v 0.00935 0.00075 0.02806532
v 0.00935 0.00075 0.02883119
v 0.009992962 0.00075 0.02843432
v 0.01064908 0.00075 0.026
v 0.01042189 0.00075 0.02653594
v 0.01140228 0.00075 0.026
v 0.01105787 0.00075 0.02659902
v 0.01222295 0.00075 0.026
v 0.011855 0.00075 0.02664888
v 0.01321092 0.00075 0.026
v 0.0127395 0.00075 0.02668057
v 0.01419888 0.00075 0.026
v 0.01370898 0.00075 0.02672123
v 0.01518685 0.00075 0.026
v 0.01468775 0.00075 0.0267761
v 0.01617481 0.00075 0.026
v 0.01565967 0.00075 0.02681382
v 0.01716278 0.00075 0.026
v 0.01660983 0.00075 0.02679095
v 0.01795374 0.00075 0.026
v 0.01752014 0.00075 0.02670881
v 0.01866778 0.00075 0.026
v 0.01830644 0.00075 0.02663086
v 0.01068547 0.00075 0.03428108
v 0.01221759 0.00075 0.03424251
v 0.01395282 0.00075 0.03419835
v 0.0159174 0.00075 0.03415124
v 0.01775768 0.00075 0.03436995
v 0.01404745 0.00075 0.02960263
v 0.01393832 0.00075 0.0326172
v 0.01223185 0.00075 0.03273356
v 0.01410246 0.00075 0.03104163
v 0.009992891 0.00075 0.02763859
v 0.01659252 0.00075 0.03327209
v 0.01850443 0.00075 0.02792134
v 0.01837755 0.00075 0.02876194
v 0.01832302 0.00075 0.02965257
v 0.01835265 0.00075 0.03057146
v 0.01838546 0.00075 0.03149335
v 0.01839123 0.00075 0.03238361
v 0.01842082 0.00075 0.03320181
v 0.01854189 0.00075 0.03395864
v 0.01079819 0.00075 0.02798193
v 0.01351864 0.00075 0.03343409
v 0.01180301 0.00075 0.03349266
v 0.01543609 0.00075 0.03329443
v 0.0126532 0.00075 0.033469
v 0.01471119 0.00075 0.0306798
v 0.01097609 0.00075 0.0335394
v 0.01890207 0.00075 0.03452826
v 0.01474609 0.00075 0.03146686
v 0.01389389 0.00075 0.02887931
v 0.01060412 0.00075 0.02719375
v 0.01215971 0.00075 0.02870138
v 0.01132341 0.00075 0.0286923
v 0.01226264 0.00075 0.02733868
v 0.01320084 0.00075 0.0273961
v 0.01416287 0.00075 0.02749166
v 0.01515245 0.00075 0.02762165
v 0.01614001 0.00075 0.02766405
v 0.01708495 0.00075 0.02755078
v 0.01793429 0.00075 0.02737577
v 0.01303099 0.00075 0.02874545
v 0.01471443 0.00075 0.02992367
v 0.01762104 0.00075 0.03361965
v 0.01445144 0.00075 0.0333474
v 0.01484382 0.00075 0.03240062
v 0.01137076 0.00075 0.027307
v 0.01472887 0.00075 0.02913455
v 0.01864181 0.00075 0.02722282
v 0.01059296 0.00075 0.02874885
v 0.0175141 0.00075 0.02914423
v 0.01752861 0.00075 0.03009832
v 0.01764609 0.00075 0.0310247
v 0.01764869 0.00075 0.0319328
v 0.01757013 0.00075 0.03280402
v 0.01175776 0.00075 0.0280087
v 0.01588341 0.00075 0.03246179
v 0.01541527 0.00075 0.03179895
v 0.01552974 0.00075 0.02960204
v 0.01453358 0.00075 0.02830933
v 0.01541272 0.00075 0.03101844
v 0.01564122 0.00075 0.02861341
v 0.0167445 0.00075 0.02848339
v 0.01767657 0.00075 0.02822514
v 0.01267198 0.00075 0.0280438
v 0.01528313 0.00075 0.03030536
v 0.01360598 0.00075 0.02813648
v 0.01678941 0.00075 0.0322776
v 0.01682572 0.00075 0.03064652
v 0.01700667 0.00075 0.03147404
v 0.01655284 0.00075 0.02956585
v 0.01619582 0.00075 0.03144753
v 0.01602454 0.00075 0.03040355
v 0.01337523 0.001831195 0.03101447
v 0.0131581 0.003019013 0.03100596
v 0.01287726 0.004052922 0.03100109
v 0.0125273 0.005031566 0.03100043
v 0.01210668 0.00597313 0.03100034
v 0.01161663 0.006877783 0.03100033
v 0.01105999 0.007741231 0.03100035
v 0.01044163 0.008557011 0.03100049
v 0.009771923 0.009314479 0.03100133
v 0.009077989 0.009992003 0.03100621
v 0.008418281 0.01055379 0.03100807
v 0.007858529 0.01097695 0.03101737
v 0.007389094 0.01129829 0.0313615
v 0.007389094 0.01129829 0.03
v 0.007389094 0.01129829 0.03064993
v 0.007973376 0.01089382 0.03
v 0.01340447 0.001603159 0.03
v 0.01324774 0.002597585 0.03
v 0.01301214 0.003596403 0.03
v 0.01270136 0.00457444 0.03
v 0.01231718 0.005526042 0.03
v 0.01186182 0.006445712 0.03
v 0.01133792 0.007328135 0.03
v 0.0107485 0.008168212 0.03
v 0.01009697 0.008961089 0.03
v 0.0093871 0.009702183 0.03
v 0.008627101 0.01038379 0.03
v 0.00935 -0.00075 0.03253913
v 0.00935 -0.00075 0.03319499
v 0.00935 -0.000314552 0.03273774
v 0.00935 -0.00075 0.03388435
v 0.00935 -0.00075 0.03451364
v 0.00935 -1.829996e-06 0.03388019
v 0.00935 -0.00075 0.035
v 0.00935 -0.0002692331 0.035
v 0.00935 0.0002596037 0.035
v 0.00935 0.0001079454 0.03445858
v 0.00935 -9.246291e-05 0.03325472
v 0.00935 0.0001846889 0.03264505
v 0.01057452 0.0168156 0.026
v 0.01057452 0.0168156 0.02653404
v 0.0102896 0.0163221 0.026
v 0.01057452 0.0168156 0.02716209
v 0.0103128 0.0163623 0.0269992
v 0.01057452 0.0168156 0.02794658
v 0.01057452 0.0168156 0.0288287
v 0.01023639 0.01622995 0.02843245
v 0.01057452 0.0168156 0.02983542
v 0.01057452 0.0168156 0.03084213
v 0.01017545 0.01612439 0.03031945
v 0.01057452 0.0168156 0.03184885
v 0.01057452 0.0168156 0.03285556
v 0.0101715 0.01611755 0.03232295
v 0.01057452 0.0168156 0.0337496
v 0.01057452 0.0168156 0.03444549
v 0.01017471 0.01612311 0.03421579
v 0.01057452 0.0168156 0.035
v 0.01029445 0.01633051 0.035
v 0.00559456 0.008190063 0.035
v 0.005324519 0.007722338 0.035
v 0.005324519 0.007722338 0.03448311
v 0.005938667 0.008786073 0.035
v 0.005745609 0.008451686 0.03449661
v 0.006292284 0.009398556 0.035
v 0.006126706 0.009111765 0.03434812
v 0.006686989 0.01008221 0.035
v 0.006526443 0.009804131 0.0342574
v 0.007148948 0.01088234 0.035
v 0.006989732 0.01060657 0.03422861
v 0.007636505 0.01172682 0.035
v 0.007460622 0.01142218 0.03421122
v 0.008125165 0.0125732 0.035
v 0.007939392 0.01225143 0.03418314
v 0.008613825 0.01341958 0.035
v 0.008422186 0.01308765 0.03416269
v 0.009102485 0.01426597 0.035
v 0.00892364 0.0139562 0.0341806
v 0.009578053 0.01508968 0.035
v 0.009378079 0.01474331 0.03425951
v 0.009974175 0.01577578 0.035
v 0.009783434 0.0154454 0.03442574
v 0.005324519 0.007722338 0.032538
v 0.005324519 0.007722338 0.03323145
v 0.005603718 0.008205925 0.03279223
v 0.005324519 0.007722338 0.0339137
v 0.005610506 0.008217681 0.03347693
v 0.00713212 0.01085319 0.03270293
v 0.006667814 0.01004899 0.03272453
v 0.006235365 0.00929997 0.03264116
v 0.005870354 0.008667751 0.0324914
v 0.007735256 0.01189786 0.03023683
v 0.007740181 0.01190639 0.0310644
v 0.007706294 0.01184769 0.03185145
v 0.007045447 0.01070307 0.03
v 0.007267997 0.01108854 0.02937556
v 0.00661474 0.009957065 0.03
v 0.006255216 0.009334353 0.03
v 0.006482983 0.009728856 0.0292706
v 0.00591692 0.008748407 0.03
v 0.005589046 0.008180512 0.03
v 0.005682414 0.00834223 0.02920504
v 0.005324519 0.007722338 0.03
v 0.005324519 0.007722338 0.02948119
v 0.005324519 0.007722338 0.02652557
v 0.005324519 0.007722338 0.026
v 0.0055967 0.008193769 0.026
v 0.005324519 0.007722338 0.02719277
v 0.005652381 0.008290212 0.02665256
v 0.005324519 0.007722338 0.0279753
v 0.005686308 0.008348975 0.02744551
v 0.005324519 0.007722338 0.02877508
v 0.005659319 0.008302229 0.02830842
v 0.005916979 0.008748508 0.026
v 0.00628549 0.009386788 0.026
v 0.006697019 0.01009958 0.026
v 0.006422809 0.009624631 0.02683169
v 0.007143241 0.01087246 0.026
v 0.007638292 0.01172991 0.026
v 0.007367111 0.01126021 0.02690927
v 0.008134539 0.01258944 0.026
v 0.008630787 0.01344896 0.026
v 0.00837721 0.01300975 0.02691209
v 0.009127034 0.01430849 0.026
v 0.009580613 0.01509411 0.026
v 0.00933593 0.01467031 0.02675897
v 0.009963622 0.0157575 0.026
v 0.01014612 0.0160736 0.02653274
v 0.01027306 0.01629347 0.02765171
v 0.01019932 0.01616574 0.02933318
v 0.01016495 0.0161062 0.03131634
v 0.0101792 0.01613089 0.03328264
v 0.00753578 0.01155235 0.03266237
v 0.007655755 0.01176016 0.02948376
v 0.00688682 0.01042832 0.02929109
v 0.006106861 0.009077393 0.02928406
v 0.00601506 0.008918389 0.02678784
v 0.006883029 0.01042176 0.02685306
v 0.007870306 0.01213177 0.02694124
v 0.008867217 0.01385847 0.02685023
v 0.009779831 0.01543916 0.02662948
v 0.009591902 0.01511366 0.02742507
v 0.009752415 0.01539168 0.03077271
v 0.009743137 0.01537561 0.03276245
v 0.009764481 0.01541258 0.03366403
v 0.005896463 0.008712974 0.03384026
v 0.007282923 0.01111439 0.03343353
v 0.008066969 0.0124724 0.02967106
v 0.006308927 0.009427382 0.03351138
v 0.006815516 0.01030482 0.03347035
v 0.007745985 0.01191644 0.03339356
v 0.008216213 0.0127309 0.033308
v 0.008699536 0.01356804 0.03332184
v 0.009256012 0.01453188 0.03329777
v 0.006332437 0.009468103 0.02851821
v 0.005926201 0.008764481 0.03315736
v 0.00557556 0.008157153 0.03406448
v 0.006090708 0.009049416 0.02771218
v 0.00751927 0.01152376 0.02879553
v 0.007974906 0.01231294 0.03251593
v 0.008091205 0.01251438 0.03159778
v 0.007154355 0.01089171 0.02858197
v 0.006743214 0.01017959 0.02850592
v 0.009906283 0.01565818 0.02798171
v 0.008649133 0.01348074 0.02779976
v 0.007053701 0.01071737 0.02772248
v 0.009136527 0.01432493 0.02762668
v 0.009773754 0.01542864 0.02979467
v 0.008139472 0.01259798 0.02786216
v 0.008116204 0.01255768 0.03062584
v 0.00982525 0.01551783 0.02885898
v 0.009747715 0.01538354 0.03176882
v 0.00596521 0.008832047 0.02861896
v 0.006583288 0.009902589 0.02767493
v 0.007918319 0.01221493 0.02874648
v 0.007573912 0.0116184 0.02790861
v 0.0100041 0.0158276 0.02719721
v 0.008471571 0.01317319 0.03230277
v 0.009327625 0.01465592 0.03121477
v 0.008452833 0.01314074 0.02890037
v 0.008931681 0.01397013 0.03256891
v 0.009373401 0.01473521 0.02922999
v 0.009337147 0.01467241 0.03021173
v 0.009460384 0.01488587 0.02829555
v 0.00932923 0.0146587 0.03221639
v 0.008495133 0.013214 0.030086
v 0.008501815 0.01322558 0.0311555
v 0.008983126 0.01405923 0.02858323
v 0.008915478 0.01394206 0.02960393
v 0.0089069 0.0139272 0.03166756
v 0.008907944 0.01392901 0.03064958
v 0.01985 -0.00075 0.026
v 0.01985 -0.00075 0.02655479
v 0.01927496 -0.00075 0.026
v 0.01985 -0.00075 0.0272547
v 0.01931213 -0.00075 0.02684138
v 0.01985 -0.00075 0.02802227
v 0.01985 -0.00075 0.02887364
v 0.01908563 -0.00075 0.02838417
v 0.01985 -0.00075 0.02982084
v 0.01985 -0.00075 0.03079805
v 0.01898894 -0.00075 0.03027522
v 0.01985 -0.00075 0.03174843
v 0.01985 -0.00075 0.03260417
v 0.01909268 -0.00075 0.03211762
v 0.01985 -0.00075 0.03333603
v 0.01985 -0.00075 0.03393624
v 0.01928462 -0.00075 0.03357401
v 0.01985 -0.00075 0.0344937
v 0.01985 -0.00075 0.035
v 0.01930951 -0.00075 0.035
v 0.009870177 -0.00075 0.035
v 0.01043198 -0.00075 0.035
v 0.009976212 -0.00075 0.03430695
v 0.01104485 -0.00075 0.035
v 0.01070142 -0.00075 0.0343058
v 0.01172534 -0.00075 0.035
v 0.01136179 -0.00075 0.0342511
v 0.01247414 -0.00075 0.035
v 0.01214069 -0.00075 0.03425942
v 0.01329267 -0.00075 0.035
v 0.01295719 -0.00075 0.03423847
v 0.01420268 -0.00075 0.035
v 0.01385863 -0.00075 0.0342096
v 0.0151664 -0.00075 0.035
v 0.01479868 -0.00075 0.03417413
v 0.01613555 -0.00075 0.035
v 0.01576329 -0.00075 0.03415959
v 0.0171047 -0.00075 0.035
v 0.0166794 -0.00075 0.03423436
v 0.01792949 -0.00075 0.035
v 0.01754944 -0.00075 0.03435725
v 0.01865756 -0.00075 0.035
v 0.0183257 -0.00075 0.0344552
v 0.01903104 -0.00075 0.03453417
v 0.01000387 -0.00075 0.03298267
v 0.009793931 -0.00075 0.03360218
v 0.0130154 -0.00075 0.03270967
v 0.01211309 -0.00075 0.03270417
v 0.01126154 -0.00075 0.03269528
v 0.01347915 -0.00075 0.03065055
v 0.01347915 -0.00075 0.03
v 0.01409975 -0.00075 0.0302304
v 0.01347915 -0.00075 0.03129529
v 0.01416377 -0.00075 0.03103839
v 0.01415308 -0.00075 0.03181761
v 0.0126778 -0.00075 0.03
v 0.01314681 -0.00075 0.02927946
v 0.01184248 -0.00075 0.03
v 0.01112455 -0.00075 0.03
v 0.01151464 -0.00075 0.02929075
v 0.01047767 -0.00075 0.03
v 0.009891459 -0.00075 0.03
v 0.0101298 -0.00075 0.02949313
v 0.00935 -0.00075 0.03
v 0.00935 -0.00075 0.02949972
v 0.00935 -0.00075 0.02655999
v 0.00935 -0.00075 0.026
v 0.009890394 -0.00075 0.026
v 0.00935 -0.00075 0.02731243
v 0.009860784 -0.00075 0.02707737
v 0.00935 -0.00075 0.02809638
v 0.009906071 -0.00075 0.02771277
v 0.00935 -0.00075 0.02884985
v 0.009889096 -0.00075 0.02841691
v 0.01052719 -0.00075 0.026
v 0.01017134 -0.00075 0.02656736
v 0.01128123 -0.00075 0.026
v 0.01209728 -0.00075 0.026
v 0.01173597 -0.00075 0.02680153
v 0.01301444 -0.00075 0.026
v 0.01399307 -0.00075 0.026
v 0.01358815 -0.00075 0.02684786
v 0.01499678 -0.00075 0.026
v 0.01600049 -0.00075 0.026
v 0.01552576 -0.00075 0.02686494
v 0.01692914 -0.00075 0.026
v 0.01780863 -0.00075 0.026
v 0.01741995 -0.00075 0.02683062
v 0.01857697 -0.00075 0.026
v 0.01882611 -0.00075 0.02651243
v 0.01918235 -0.00075 0.02758819
v 0.01902586 -0.00075 0.02932951
v 0.01903151 -0.00075 0.03123233
v 0.0191859 -0.00075 0.0329292
v 0.01936995 -0.00075 0.03411454
v 0.01390196 -0.00075 0.03265578
v 0.01395563 -0.00075 0.02943732
v 0.01052616 -0.00075 0.03263623
v 0.01230567 -0.00075 0.02925512
v 0.01079152 -0.00075 0.02939214
v 0.01091023 -0.00075 0.02669844
v 0.01264503 -0.00075 0.02682116
v 0.01455188 -0.00075 0.02686446
v 0.01649348 -0.00075 0.02685489
v 0.01819778 -0.00075 0.0266757
v 0.01223062 -0.00075 0.02764203
v 0.01818307 -0.00075 0.03078731
v 0.01835125 -0.00075 0.03256684
v 0.01857913 -0.00075 0.03332581
v 0.01040243 -0.00075 0.0288372
v 0.01704979 -0.00075 0.02773829
v 0.01803314 -0.00075 0.0297147
v 0.009820872 -0.00075 0.02903897
v 0.01087746 -0.00075 0.0334275
v 0.01171343 -0.00075 0.03346135
v 0.0125674 -0.00075 0.03347596
v 0.01345671 -0.00075 0.03344906
v 0.01438038 -0.00075 0.03338535
v 0.01534483 -0.00075 0.03327887
v 0.01634878 -0.00075 0.03329331
v 0.01722397 -0.00075 0.0335621
v 0.01803869 -0.00075 0.0338192
v 0.01875287 -0.00075 0.03397819
v 0.01485182 -0.00075 0.03065106
v 0.01478938 -0.00075 0.03247717
v 0.01273689 -0.00075 0.02847212
v 0.01364001 -0.00075 0.02855714
v 0.01493339 -0.00075 0.03152974
v 0.01186665 -0.00075 0.02847269
v 0.01108897 -0.00075 0.02861098
v 0.01816402 -0.00075 0.02772701
v 0.01127408 -0.00075 0.02763687
v 0.0141152 -0.00075 0.02773544
v 0.01046688 -0.00075 0.02727839
v 0.01605819 -0.00075 0.02772163
v 0.01823893 -0.00075 0.03175028
v 0.01507318 -0.00075 0.02774661
v 0.01834374 -0.00075 0.02876955
v 0.01872781 -0.00075 0.02709489
v 0.01052268 -0.00075 0.02807063
v 0.01468569 -0.00075 0.02975361
v 0.01032844 -0.00075 0.03371587
v 0.01316473 -0.00075 0.02767644
v 0.01461113 -0.00075 0.02871463
v 0.01656327 -0.00075 0.02860201
v 0.01727774 -0.00075 0.0305035
v 0.01586485 -0.00075 0.03220515
v 0.0174859 -0.00075 0.03137866
v 0.01551776 -0.00075 0.0301149
v 0.01749766 -0.00075 0.02867745
v 0.01569641 -0.00075 0.03106475
v 0.01786479 -0.00075 0.0331132
v 0.01699976 -0.00075 0.02954862
v 0.01723454 -0.00075 0.03241002
v 0.01529932 -0.00075 0.02929769
v 0.01562285 -0.00075 0.02855014
v 0.01660331 -0.00075 0.03135411
v 0.01637615 -0.00075 0.03035382
v 0.01610219 -0.00075 0.02941329
v 0.004682493 0.008093011 0.03305908
v 0.004886099 0.007975459 0.03410535
v 0.004887156 0.007974849 0.035
v 0.004462844 0.008219826 0.035
v 0.004787634 0.008032308 0.03458709
v 0.004025481 0.008472338 0.035
v 0.004025481 0.008472338 0.03453196
v 0.004025481 0.008472338 0.03263439
v 0.004025481 0.008472338 0.03331616
v 0.004025481 0.008472338 0.03397452
v 0.004438113 0.008234104 0.03432189
v 0.004678191 0.008095495 0.03247354
v 0.004941639 0.007943393 0.03359112
v 0.004481385 0.008209121 0.03371782
v 0.01340129 -0.001629551 0.03
v 0.007878092 -0.01096292 0.03096311
v 0.007389094 -0.01129829 0.03062603
v 0.007968938 -0.01089707 0.03
v 0.008661379 -0.01035522 0.03
v 0.008461161 -0.01051945 0.03098159
v 0.009386344 -0.009702915 0.03
v 0.01009295 -0.00896562 0.03
v 0.009841258 -0.009241193 0.03099639
v 0.0107418 -0.008177021 0.03
v 0.01132919 -0.007341631 0.03
v 0.01110473 -0.007676908 0.03099848
v 0.01185174 -0.006464229 0.03
v 0.01230647 -0.005549837 0.03
v 0.01212587 -0.005934073 0.03099839
v 0.01269079 -0.004603687 0.03
v 0.01300248 -0.003631192 0.03
v 0.01287133 -0.004071714 0.03099254
v 0.01323977 -0.002637919 0.03
v 0.01330679 -0.002275789 0.03081678
v 0.01341204 -0.001538573 0.03107242
v 0.007389094 -0.01129829 0.03128222
v 0.009142852 -0.009932686 0.03098608
v 0.01164801 -0.006824509 0.03099851
v 0.01050024 -0.008484988 0.03099818
v 0.0125349 -0.0050126 0.03099758
v 0.01313019 -0.003138185 0.03096264
v 0.007389094 -0.01129829 0.03
v 0.009275481 0.0175656 0.02651376
v 0.009275481 0.0175656 0.026
v 0.00900312 0.01709386 0.026
v 0.009275481 0.0175656 0.02716125
v 0.008902778 0.01692006 0.02670791
v 0.009275481 0.0175656 0.02792394
v 0.008943611 0.01699079 0.0275649
v 0.009275481 0.0175656 0.02877371
v 0.008893881 0.01690465 0.02841621
v 0.009275481 0.0175656 0.0297535
v 0.008864528 0.01685381 0.02933043
v 0.009275481 0.0175656 0.03073328
v 0.00888977 0.01689753 0.03027431
v 0.009275481 0.0175656 0.03171307
v 0.008914041 0.01693957 0.03122351
v 0.009275481 0.0175656 0.03259587
v 0.008932018 0.01697071 0.0321587
v 0.009275481 0.0175656 0.03333109
v 0.008943504 0.0169906 0.03300385
v 0.009275481 0.0175656 0.03393324
v 0.008987479 0.01706677 0.03369868
v 0.009275481 0.0175656 0.03449227
v 0.00906025 0.01719281 0.03429277
v 0.009275481 0.0175656 0.035
v 0.009009017 0.01710408 0.035
v 0.004292329 0.008934532 0.035
v 0.00462879 0.009517299 0.035
v 0.004517499 0.009324538 0.03446353
v 0.005003024 0.01016549 0.035
v 0.005424075 0.01089477 0.035
v 0.005214292 0.01053142 0.03411636
v 0.005908931 0.01173457 0.035
v 0.006393761 0.01257432 0.035
v 0.006136101 0.01212804 0.03399735
v 0.006879824 0.01341621 0.035
v 0.007365887 0.01425809 0.035
v 0.00710434 0.01380508 0.03407024
v 0.007840497 0.01508014 0.035
v 0.008288335 0.01585582 0.035
v 0.008026523 0.01540235 0.03432857
v 0.008686696 0.0165458 0.035
v 0.00878245 0.01671165 0.03431099
v 0.00441909 0.009154089 0.03291805
v 0.004281505 0.008915783 0.0342574
v 0.005874177 0.01167437 0.03300427
v 0.004890269 0.009970194 0.03318069
v 0.006090056 0.01204829 0.03
v 0.006090056 0.01204829 0.03062603
v 0.006397399 0.01258062 0.03024913
v 0.006090056 0.01204829 0.03128222
v 0.006509861 0.01277541 0.03192983
v 0.005715268 0.01139914 0.03
v 0.005934262 0.01177844 0.02930347
v 0.005292739 0.01066729 0.03
v 0.005514143 0.01105078 0.02922898
v 0.004897084 0.009981998 0.03
v 0.005114993 0.01035943 0.02930501
v 0.004580609 0.009433848 0.03
v 0.004732719 0.009697309 0.02937756
v 0.004283166 0.008918661 0.03
v 0.004358329 0.009048846 0.02925055
v 0.004025481 0.008472338 0.03
v 0.004025481 0.008472338 0.02946936
v 0.004025481 0.008472338 0.026
v 0.004025481 0.008472338 0.02653585
v 0.004290718 0.008931742 0.026
v 0.004025481 0.008472338 0.02720298
v 0.004286578 0.00892457 0.02684344
v 0.004025481 0.008472338 0.02794223
v 0.004025481 0.008472338 0.02874728
v 0.004327344 0.00899518 0.02835038
v 0.004598412 0.009464683 0.026
v 0.004508441 0.009308849 0.02651598
v 0.004926596 0.01003311 0.026
v 0.004806733 0.009825505 0.02661751
v 0.005353984 0.01077337 0.026
v 0.005221611 0.0105441 0.02672768
v 0.005835964 0.01160819 0.026
v 0.005675643 0.0113305 0.02679331
v 0.006331247 0.01246604 0.026
v 0.00614007 0.01213491 0.0267507
v 0.006826531 0.0133239 0.026
v 0.006620289 0.01296668 0.02670068
v 0.007321815 0.01418176 0.026
v 0.007091241 0.01378239 0.02674439
v 0.007817098 0.01503961 0.026
v 0.007565806 0.01460436 0.02673859
v 0.008271682 0.01582697 0.026
v 0.008033871 0.01541507 0.02668528
v 0.008673871 0.01652359 0.026
v 0.008470506 0.01617135 0.02663296
v 0.0048237 0.009854894 0.03428683
v 0.00565933 0.01130225 0.03403602
v 0.006615013 0.01295754 0.03400917
v 0.007586868 0.01464084 0.03418569
v 0.008446848 0.01613037 0.03433991
v 0.004274125 0.008903002 0.03364303
v 0.006342963 0.01248633 0.03298173
v 0.005391394 0.01083817 0.03304901
v 0.006326734 0.01245822 0.02948285
v 0.006426739 0.01263144 0.03098973
v 0.004325201 0.008991469 0.02758526
v 0.006846959 0.01335928 0.03303435
v 0.008537692 0.01628772 0.02797436
v 0.008404839 0.01605761 0.02890262
v 0.008467896 0.01616683 0.02987331
v 0.008533113 0.01627979 0.03079185
v 0.008566068 0.01633686 0.03171064
v 0.008574987 0.01635231 0.03260332
v 0.008608287 0.01640999 0.0335305
v 0.006760723 0.01320992 0.03053763
v 0.008234818 0.01576312 0.03371943
v 0.004593787 0.009456672 0.02873755
v 0.006202307 0.01224271 0.02864202
v 0.006696459 0.01309861 0.02975432
v 0.004559985 0.009398126 0.03378096
v 0.004606714 0.009479063 0.02716386
v 0.005238343 0.01057308 0.02834476
v 0.004898659 0.009984727 0.02871975
v 0.004710721 0.009659208 0.02798894
v 0.007840006 0.01507929 0.03347318
v 0.005481934 0.01099499 0.02757037
v 0.006019581 0.01192622 0.02768477
v 0.006430036 0.01263715 0.02735418
v 0.006861878 0.01338512 0.02748488
v 0.007334432 0.01420361 0.02752503
v 0.007813615 0.01503358 0.0274553
v 0.008258445 0.01580405 0.02734908
v 0.007114992 0.01382353 0.03208275
v 0.005733234 0.01143025 0.02844486
v 0.007362277 0.01425184 0.03320837
v 0.006628511 0.01298092 0.02892426
v 0.00678755 0.01325638 0.03132741
v 0.008631467 0.01645014 0.0272275
v 0.005005016 0.01016894 0.02740826
v 0.007994497 0.01534687 0.02963544
v 0.008116083 0.01555747 0.0304508
v 0.008209936 0.01572003 0.03130384
v 0.00820148 0.01570538 0.03216675
v 0.008196787 0.01569725 0.03297217
v 0.007150687 0.01388535 0.03094887
v 0.006538897 0.0128257 0.02811144
v 0.007710494 0.01485497 0.03248692
v 0.007127159 0.0138446 0.03004691
v 0.007017458 0.01365459 0.02924691
v 0.00707558 0.01375526 0.02837427
v 0.007606336 0.01467456 0.02826702
v 0.008097678 0.01552559 0.02812867
v 0.007918999 0.01521611 0.02884753
v 0.007849159 0.01509514 0.0310174
v 0.007886848 0.01516042 0.03172642
v 0.007486233 0.01446654 0.02925881
v 0.007503085 0.01449572 0.03146101
v 0.007589069 0.01464465 0.03035252
v 0.01057452 -0.0168156 0.02651833
v 0.01057452 -0.0168156 0.026
v 0.01030241 -0.01634429 0.026
v 0.01057452 -0.0168156 0.0271736
v 0.01023432 -0.01622636 0.02671755
v 0.01057452 -0.0168156 0.02794385
v 0.01027685 -0.01630003 0.02757694
v 0.01057452 -0.0168156 0.02879429
v 0.01023902 -0.01623451 0.02840137
v 0.01057452 -0.0168156 0.02974527
v 0.01019303 -0.01615484 0.02929562
v 0.01057452 -0.0168156 0.03073328
v 0.01018283 -0.01613717 0.03022561
v 0.01057452 -0.0168156 0.03169884
v 0.0101954 -0.01615896 0.03117273
v 0.01057452 -0.0168156 0.03256932
v 0.01021649 -0.01619547 0.03207474
v 0.01057452 -0.0168156 0.03331531
v 0.01024193 -0.01623955 0.03286328
v 0.01057452 -0.0168156 0.03392364
v 0.0102733 -0.01629388 0.03358118
v 0.01057452 -0.0168156 0.0344877
v 0.01031023 -0.01635784 0.03423316
v 0.01057452 -0.0168156 0.035
v 0.01029937 -0.01633904 0.035
v 0.005324519 -0.007722338 0.035
v 0.005617013 -0.008228952 0.035
v 0.005324519 -0.007722338 0.03441866
v 0.005962029 -0.008826536 0.035
v 0.005840598 -0.008616213 0.03447582
v 0.00637477 -0.009541425 0.035
v 0.006830526 -0.01033082 0.035
v 0.006563131 -0.009867676 0.03405458
v 0.007313507 -0.01116737 0.035
v 0.007796489 -0.01200391 0.035
v 0.007533635 -0.01154864 0.03397996
v 0.00827947 -0.01284046 0.035
v 0.008762451 -0.01367701 0.035
v 0.008515335 -0.01324899 0.03414936
v 0.00920273 -0.0144396 0.035
v 0.009604185 -0.01513494 0.035
v 0.009393204 -0.01476951 0.03433909
v 0.009987146 -0.01579824 0.035
v 0.01008366 -0.01596541 0.03451581
v 0.005324519 -0.007722338 0.03253778
v 0.005324519 -0.007722338 0.03311766
v 0.005679047 -0.008336397 0.03270922
v 0.005324519 -0.007722338 0.03376009
v 0.005586145 -0.008175487 0.03415454
v 0.007232778 -0.01102754 0.03298692
v 0.006138998 -0.009133056 0.0331508
v 0.007706293 -0.01184769 0.03020335
v 0.007784772 -0.01198362 0.03178177
v 0.00700203 -0.01062787 0.03
v 0.007194257 -0.01096082 0.02932257
v 0.006496961 -0.009753067 0.03
v 0.006741607 -0.01017681 0.02922342
v 0.006055414 -0.008988284 0.03
v 0.006285935 -0.009387559 0.02926346
v 0.005658053 -0.008300036 0.03
v 0.005884437 -0.008692144 0.02939321
v 0.005324519 -0.007722338 0.03
v 0.00556974 -0.008147073 0.02941466
v 0.005324519 -0.007722338 0.02938009
v 0.005324519 -0.007722338 0.026
v 0.005324519 -0.007722338 0.02656899
v 0.005626968 -0.008246194 0.026
v 0.005324519 -0.007722338 0.02719553
v 0.005610822 -0.008218228 0.02682087
v 0.005324519 -0.007722338 0.02790939
v 0.005324519 -0.007722338 0.02867729
v 0.005665974 -0.008313755 0.02823923
v 0.005980124 -0.008857878 0.026
v 0.00586478 -0.008658096 0.02652708
v 0.006353347 -0.009504319 0.026
v 0.006184611 -0.00921206 0.02663034
v 0.006773781 -0.01023253 0.026
v 0.006584394 -0.009904504 0.02673459
v 0.00725619 -0.01106809 0.026
v 0.007049439 -0.01070999 0.02681607
v 0.007741361 -0.01190843 0.026
v 0.007533358 -0.01154816 0.02679933
v 0.008226532 -0.01274877 0.026
v 0.008024646 -0.01239909 0.02674759
v 0.008711704 -0.01358911 0.026
v 0.008502719 -0.01322714 0.02675163
v 0.009196875 -0.01442945 0.026
v 0.008968285 -0.01403353 0.02674914
v 0.00964174 -0.01519998 0.026
v 0.009415136 -0.01480749 0.02671397
v 0.0100183 -0.0158522 0.026
v 0.009833462 -0.01553206 0.02665817
v 0.006165314 -0.009178637 0.03427712
v 0.007037486 -0.01068928 0.03400284
v 0.008029415 -0.01240735 0.03403856
v 0.008974739 -0.0140447 0.03424153
v 0.009772241 -0.01542602 0.03443041
v 0.0056407 -0.008269979 0.0334222
v 0.007780342 -0.01197595 0.03290208
v 0.006711298 -0.01012431 0.03303241
v 0.007596169 -0.01165695 0.02947131
v 0.007748347 -0.01192053 0.03095236
v 0.005649198 -0.008284698 0.02754673
v 0.005690435 -0.008356122 0.02887553
v 0.008319359 -0.01290955 0.0332099
v 0.009909094 -0.01566305 0.02796606
v 0.009818699 -0.01550649 0.02883638
v 0.009774136 -0.0154293 0.02977366
v 0.009792206 -0.0154606 0.03072845
v 0.00982762 -0.01552194 0.03164112
v 0.009876171 -0.01560603 0.03248204
v 0.009930298 -0.01569978 0.0332402
v 0.01000331 -0.01582625 0.03394066
v 0.008172328 -0.01265489 0.03130585
v 0.007432709 -0.01137383 0.02869153
v 0.008111048 -0.01254875 0.03044902
v 0.006012704 -0.008914308 0.02788129
v 0.009231838 -0.01449001 0.03356146
v 0.006462814 -0.009693922 0.02835996
v 0.006015121 -0.008918495 0.0286628
v 0.005944505 -0.008796185 0.02714703
v 0.006336099 -0.009474445 0.02739767
v 0.006796843 -0.01027248 0.02759781
v 0.007326152 -0.01118927 0.02770545
v 0.007838217 -0.01207619 0.0274858
v 0.008307941 -0.01288978 0.02749846
v 0.008770416 -0.01369081 0.02752742
v 0.009219701 -0.01446899 0.02749641
v 0.009636126 -0.01519026 0.02738261
v 0.008214139 -0.01272731 0.03223968
v 0.006990449 -0.01060781 0.02848443
v 0.008017685 -0.01238704 0.02966198
v 0.005883141 -0.008689899 0.03385954
v 0.007869747 -0.0121308 0.02889274
v 0.008792454 -0.01372898 0.03339594
v 0.009637686 -0.01519296 0.03373477
v 0.00998123 -0.015788 0.02724724
v 0.009486711 -0.01493147 0.02824138
v 0.009313799 -0.01463197 0.02925334
v 0.009366689 -0.01472358 0.03032514
v 0.009412124 -0.01480228 0.03126776
v 0.009464395 -0.01489281 0.03214474
v 0.009538133 -0.01502053 0.03296463
v 0.008602306 -0.01339963 0.0316034
v 0.008456254 -0.01314666 0.02984956
v 0.008546704 -0.01330333 0.03071005
v 0.008311874 -0.01289659 0.02901517
v 0.007712883 -0.01185911 0.02818757
v 0.008671274 -0.01351909 0.03250637
v 0.008117752 -0.01256036 0.02822288
v 0.008564544 -0.01333423 0.02829508
v 0.009114855 -0.01428739 0.03272985
v 0.009031975 -0.01414384 0.02834602
v 0.008983317 -0.01405956 0.03096458
v 0.009038144 -0.01415452 0.03186254
v 0.008781505 -0.01371001 0.02914248
v 0.008918931 -0.01394804 0.03004079
v 0.004403178 0.01276174 0.03106396
v 0.003303443 0.01308959 0.03100645
v 0.002308964 0.01330108 0.03099954
v 0.0013303 0.0134343 0.03099844
v 0.000352566 0.0134954 0.03099824
v -0.0006245094 0.01348555 0.03099823
v -0.001596963 0.01340521 0.03099842
v -0.002558712 0.0132553 0.03099965
v -0.003500024 0.0130384 0.03100726
v -0.004422555 0.01275504 0.03101726
v -0.005322073 0.01240667 0.03102289
v -0.006090056 0.01204829 0.0313615
v -0.006090056 0.01204829 0.03
v -0.006090056 0.01204829 0.03064993
v -0.005479944 0.01233776 0.03
v 0.005446183 0.0123527 0.03
v 0.004711709 0.01265108 0.03
v 0.005342398 0.01239793 0.0308656
v 0.003847812 0.01294003 0.03
v 0.002893796 0.0131862 0.03
v 0.001922371 0.01336243 0.03
v 0.0009406656 0.01346719 0.03
v -4.607097e-05 0.01349992 0.03
v -0.001032561 0.01346045 0.03
v -0.002013529 0.013349 0.03
v -0.002983728 0.01316614 0.03
v -0.003911619 0.01292088 0.03
v -0.004793599 0.01262028 0.03
v 0.0005671923 -0.003044736 0.06
v 0.001403441 -0.002790616 0.06
v 0.004025481 -0.008472338 0.03254648
v 0.004025481 -0.008472338 0.03324581
v 0.00449621 -0.008200562 0.0326796
v 0.004025481 -0.008472338 0.03393111
v 0.004025481 -0.008472338 0.03451509
v 0.004677649 -0.008095808 0.03429381
v 0.004025481 -0.008472338 0.035
v 0.004456344 -0.008223579 0.035
v 0.004895321 -0.007970135 0.035
v 0.004936728 -0.007946229 0.03277499
v 0.004699761 -0.008083042 0.03339841
v 0.002215094 -0.00249545 0.06
v -0.009275481 0.0175656 0.026
v -0.009275481 0.0175656 0.02650776
v -0.009025985 0.01713346 0.026
v -0.009275481 0.0175656 0.02714501
v -0.008922749 0.01695465 0.02674544
v -0.009275481 0.0175656 0.02789777
v -0.009275481 0.0175656 0.02873049
v -0.008908536 0.01693004 0.02820332
v -0.009275481 0.0175656 0.02969946
v -0.009275481 0.0175656 0.03066844
v -0.008848634 0.01682628 0.03010415
v -0.009275481 0.0175656 0.03163742
v -0.009275481 0.0175656 0.03252368
v -0.008880423 0.01688134 0.03201078
v -0.009275481 0.0175656 0.03329506
v -0.009275481 0.0175656 0.03394586
v -0.008971614 0.01703929 0.03356707
v -0.009275481 0.0175656 0.03449827
v -0.009275481 0.0175656 0.035
v -0.009019292 0.01712187 0.035
v -0.004294209 0.008937789 0.035
v -0.004025481 0.008472338 0.035
v -0.004025481 0.008472338 0.03445163
v -0.004602263 0.009471354 0.035
v -0.004455819 0.009217705 0.0344892
v -0.005017579 0.0101907 0.035
v -0.004881751 0.009955441 0.03439248
v -0.005447706 0.0109357 0.035
v -0.005301248 0.01068203 0.03428021
v -0.005944209 0.01179567 0.035
v -0.005770743 0.01149522 0.0342536
v -0.006440712 0.01265564 0.035
v -0.00624676 0.01231971 0.03422164
v -0.006937215 0.01351561 0.035
v -0.006723918 0.01314617 0.03420696
v -0.007433718 0.01437558 0.035
v -0.007205913 0.01398101 0.03421853
v -0.007928234 0.0152321 0.035
v -0.007691246 0.01482163 0.03425282
v -0.008354644 0.01597067 0.035
v -0.008159578 0.0156328 0.034273
v -0.008704851 0.01657724 0.035
v -0.008547299 0.01630436 0.03440499
v -0.008890471 0.01689875 0.03454675
v -0.004025481 0.008472338 0.0325696
v -0.004025481 0.008472338 0.0331899
v -0.00423528 0.00883572 0.03291949
v -0.004025481 0.008472338 0.03384758
v -0.004260505 0.008879411 0.03344923
v -0.0043239 0.008989215 0.03399893
v -0.005869289 0.01166591 0.03273531
v -0.005442025 0.01092586 0.03275899
v -0.005054255 0.01025423 0.03267094
v -0.004710651 0.009659086 0.03255172
v -0.006399521 0.0125843 0.03029725
v -0.006406934 0.01259713 0.03107198
v -0.006401454 0.01258764 0.03185238
v -0.005704154 0.01137988 0.03
v -0.005981414 0.01186011 0.02933005
v -0.005296543 0.01067388 0.03
v -0.004911972 0.01000779 0.03
v -0.005161907 0.01044068 0.02920549
v -0.00455383 0.009387465 0.03
v -0.004260435 0.00887929 0.03
v -0.004352088 0.009038038 0.02922673
v -0.004025481 0.008472338 0.03
v -0.004025481 0.008472338 0.02940524
v -0.004025481 0.008472338 0.02657093
v -0.004025481 0.008472338 0.026
v -0.004274506 0.008903661 0.026
v -0.004025481 0.008472338 0.02721685
v -0.004268189 0.00889272 0.02699096
v -0.004025481 0.008472338 0.02797415
v -0.004301475 0.008950373 0.02762342
v -0.004025481 0.008472338 0.02873057
v -0.004312054 0.008968697 0.02836867
v -0.004607646 0.009480676 0.026
v -0.004420397 0.009156352 0.0265333
v -0.004985412 0.01013499 0.026
v -0.005412428 0.0108746 0.026
v -0.005179484 0.01047113 0.02672682
v -0.005895228 0.01171083 0.026
v -0.006380266 0.01255094 0.026
v -0.006115614 0.01209255 0.02689248
v -0.006865304 0.01339105 0.026
v -0.007350341 0.01423116 0.026
v -0.007113434 0.01382083 0.02689753
v -0.007835379 0.01507128 0.026
v -0.008320417 0.01591139 0.026
v -0.008065717 0.01547023 0.02679893
v -0.009010378 0.01710643 0.02749565
v -0.008854509 0.01683646 0.02912346
v -0.008856794 0.01684042 0.0310741
v -0.008898273 0.01691226 0.03289707
v -0.004388387 0.00910091 0.03247509
v -0.00629311 0.01239999 0.03266994
v -0.006367321 0.01252852 0.02953456
v -0.005575464 0.01115699 0.02922976
v -0.004763745 0.009751049 0.02928862
v -0.004782833 0.00978411 0.02662366
v -0.005630379 0.0112521 0.02680976
v -0.006613867 0.01295555 0.02692808
v -0.007606281 0.01467446 0.02688009
v -0.00869619 0.01656224 0.026
v -0.008513785 0.01624631 0.02672291
v -0.005333512 0.01073791 0.02756457
v -0.008420117 0.01608407 0.0305433
v -0.008500992 0.01622415 0.03247426
v -0.008441624 0.01612132 0.02839674
v -0.004999894 0.01016007 0.02834563
v -0.008424664 0.01609195 0.02951704
v -0.006269012 0.01235825 0.02879996
v -0.009047228 0.01717026 0.03411546
v -0.004699783 0.009640264 0.03393188
v -0.006058901 0.01199432 0.03346702
v -0.006752889 0.01319635 0.03251714
v -0.005123871 0.0103748 0.03358134
v -0.006987217 0.01360221 0.03340047
v -0.007472827 0.01444332 0.03346203
v -0.007946989 0.01526459 0.03352803
v -0.008505291 0.0162316 0.03349021
v -0.006747473 0.01318697 0.03071542
v -0.004606545 0.00947877 0.02863287
v -0.006753558 0.01319751 0.03153845
v -0.008682601 0.01653871 0.02751339
v -0.004562979 0.009403311 0.0271597
v -0.007910837 0.01520197 0.02782028
v -0.004625379 0.009511392 0.0279093
v -0.006334423 0.01247154 0.02788924
v -0.004922078 0.01002529 0.02738605
v -0.007385141 0.01429144 0.02773968
v -0.005797977 0.01154239 0.02767007
v -0.006884613 0.0134245 0.0278303
v -0.008307222 0.01588853 0.02747325
v -0.008446668 0.01613006 0.03152316
v -0.005887148 0.01169684 0.02852127
v -0.006513834 0.01278229 0.03339991
v -0.005595313 0.01119137 0.03351799
v -0.006738843 0.01317202 0.02985876
v -0.008772099 0.01669372 0.03401137
v -0.004497364 0.009289663 0.03300763
v -0.004520285 0.009329363 0.03354933
v -0.004800617 0.009814913 0.033218
v -0.006722568 0.01314383 0.02885184
v -0.005450544 0.01094062 0.02841219
v -0.007103756 0.01380407 0.03192888
v -0.007622717 0.01470293 0.02850308
v -0.007072163 0.01374935 0.03033599
v -0.007732151 0.01489248 0.0326928
v -0.008154498 0.015624 0.03285168
v -0.007143749 0.01387334 0.03112484
v -0.00801387 0.01538043 0.02893936
v -0.007205599 0.01398046 0.02864095
v -0.007275137 0.01410091 0.03265285
v -0.007986626 0.01533324 0.02999266
v -0.007985928 0.01533203 0.03104431
v -0.007148581 0.01388171 0.02954682
v -0.00805624 0.01545382 0.03202069
v -0.007559389 0.01459325 0.0317062
v -0.007518269 0.01452202 0.03045051
v -0.00758299 0.01463412 0.02938304
v 0.009275481 -0.0175656 0.02659403
v 0.009053536 -0.01718118 0.02643722
v 0.009275481 -0.0175656 0.026
v 0.009275481 -0.0175656 0.02737176
v 0.008996928 -0.01708314 0.02704736
v 0.009275481 -0.0175656 0.02817088
v 0.009275481 -0.0175656 0.02905795
v 0.008896739 -0.0169096 0.02862779
v 0.009275481 -0.0175656 0.03004385
v 0.009275481 -0.0175656 0.03102202
v 0.008849605 -0.01682797 0.03051065
v 0.009275481 -0.0175656 0.03185616
v 0.009275481 -0.0175656 0.03261309
v 0.008905191 -0.01692424 0.03227368
v 0.009275481 -0.0175656 0.03329305
v 0.009275481 -0.0175656 0.03391009
v 0.009035072 -0.0171492 0.03356043
v 0.009275481 -0.0175656 0.03448125
v 0.009275481 -0.0175656 0.035
v 0.008992506 -0.01707548 0.035
v 0.004316885 -0.008977063 0.035
v 0.004622324 -0.0095061 0.035
v 0.004454756 -0.009215864 0.03451062
v 0.004952561 -0.01007809 0.035
v 0.004806325 -0.0098248 0.03437591
v 0.005337094 -0.01074412 0.035
v 0.005208869 -0.01052203 0.03426747
v 0.005804684 -0.01155401 0.035
v 0.005664174 -0.01131064 0.03423949
v 0.00629245 -0.01239884 0.035
v 0.006140738 -0.01213607 0.03420709
v 0.006780217 -0.01324368 0.035
v 0.006621784 -0.01296927 0.03418782
v 0.007267984 -0.01408852 0.035
v 0.007112069 -0.01381847 0.03417885
v 0.007752113 -0.01492705 0.035
v 0.007604653 -0.01467165 0.03419871
v 0.008220303 -0.01573798 0.035
v 0.008028168 -0.0154052 0.03436423
v 0.008647997 -0.01647877 0.035
v 0.008443781 -0.01612506 0.03431485
v 0.008831247 -0.01679617 0.03445502
v 0.004401102 -0.009122932 0.03272461
v 0.004322593 -0.008986952 0.03347769
v 0.005810971 -0.0115649 0.03271308
v 0.005331608 -0.01073462 0.03274756
v 0.004873328 -0.009940851 0.0326922
v 0.006090056 -0.01204829 0.03065255
v 0.006090056 -0.01204829 0.03
v 0.006392439 -0.01257203 0.03028454
v 0.006090056 -0.01204829 0.0313051
v 0.006399251 -0.01258383 0.03102564
v 0.006394922 -0.01257633 0.03180529
v 0.005721684 -0.01141025 0.03
v 0.005958289 -0.01182006 0.02931962
v 0.005316551 -0.01070854 0.03
v 0.004926969 -0.01003376 0.03
v 0.005143045 -0.01040801 0.02928284
v 0.004604205 -0.009474717 0.03
v 0.004289308 -0.008929299 0.03
v 0.004413284 -0.009144033 0.02945991
v 0.004025481 -0.008472338 0.03
v 0.004025481 -0.008472338 0.02944994
v 0.004025481 -0.008472338 0.02655919
v 0.004025481 -0.008472338 0.026
v 0.004334122 -0.009006919 0.026
v 0.004025481 -0.008472338 0.02719038
v 0.004306152 -0.008958475 0.0268515
v 0.004025481 -0.008472338 0.02794658
v 0.004322599 -0.008986962 0.02759896
v 0.004025481 -0.008472338 0.02873989
v 0.004297834 -0.008944066 0.02834817
v 0.004696442 -0.009634477 0.026
v 0.004578748 -0.009430625 0.02655876
v 0.005117625 -0.01036399 0.026
v 0.005565866 -0.01114036 0.026
v 0.005348558 -0.01076397 0.02679894
v 0.006080584 -0.01203188 0.026
v 0.006595301 -0.0129234 0.026
v 0.006352682 -0.01250317 0.02690778
v 0.007110018 -0.01381491 0.026
v 0.007624735 -0.01470643 0.026
v 0.007395155 -0.01430878 0.02685817
v 0.008139452 -0.01559794 0.026
v 0.008603475 -0.01640166 0.026
v 0.008364851 -0.01598835 0.02669401
v 0.008943882 -0.01699126 0.0277708
v 0.008856144 -0.01683929 0.02956142
v 0.008871224 -0.01686541 0.03143007
v 0.008951374 -0.01700424 0.03300197
v 0.006258119 -0.01233938 0.03263768
v 0.006345879 -0.01249138 0.02953021
v 0.005550828 -0.01111432 0.02926598
v 0.004760939 -0.009746188 0.02936477
v 0.00426373 -0.008884998 0.02897806
v 0.004921833 -0.01002487 0.02669785
v 0.005837694 -0.01161118 0.02685399
v 0.006874426 -0.01340686 0.02691025
v 0.007895242 -0.01517496 0.02679427
v 0.008976774 -0.01704823 0.026
v 0.008761912 -0.01667608 0.02657272
v 0.008515762 -0.01624973 0.028139
v 0.00856504 -0.01633508 0.03284538
v 0.008404877 -0.01605767 0.03003614
v 0.004924385 -0.01002928 0.02860657
v 0.008502117 -0.0162261 0.03194227
v 0.009006949 -0.01710049 0.03406183
v 0.004599932 -0.009467317 0.03388241
v 0.005980855 -0.01185915 0.03345348
v 0.004998543 -0.01015773 0.03354009
v 0.005496889 -0.01102089 0.0334939
v 0.006448564 -0.01266924 0.03338458
v 0.006939614 -0.01351976 0.03335022
v 0.007465815 -0.01443117 0.03337925
v 0.00810593 -0.01553988 0.03346747
v 0.008696731 -0.01656318 0.03367981
v 0.00672128 -0.0131416 0.02984088
v 0.006242601 -0.0123125 0.02865431
v 0.004293341 -0.008936286 0.03407999
v 0.006725588 -0.01314906 0.03245581
v 0.006728742 -0.01315452 0.03148414
v 0.00818452 -0.015676 0.02751668
v 0.005574228 -0.01115485 0.02767229
v 0.005343586 -0.01075536 0.02849274
v 0.008443666 -0.01612486 0.02905831
v 0.004641721 -0.009539697 0.02724478
v 0.004564258 -0.009405526 0.02881133
v 0.004648601 -0.009551613 0.02803168
v 0.005795692 -0.01153843 0.02852265
v 0.006626999 -0.0129783 0.02790371
v 0.008425083 -0.01609267 0.03101574
v 0.007696687 -0.01483105 0.0276976
v 0.005062576 -0.01026864 0.02765431
v 0.007191302 -0.0139557 0.02773974
v 0.006076705 -0.01202516 0.0277499
v 0.006733732 -0.01316317 0.03065519
v 0.006666302 -0.01304637 0.02896853
v 0.004642391 -0.009540857 0.03324302
v 0.008625133 -0.01643917 0.02728983
v 0.007075465 -0.01375507 0.0318615
v 0.007753264 -0.01492905 0.03254594
v 0.008187585 -0.01568131 0.03250759
v 0.008043587 -0.0154319 0.0284493
v 0.007097052 -0.01379246 0.02936729
v 0.007022102 -0.01366264 0.02852713
v 0.007261799 -0.0140778 0.0325743
v 0.007096635 -0.01379173 0.03021452
v 0.007104742 -0.01380577 0.03108435
v 0.007515337 -0.01451695 0.02872165
v 0.008042217 -0.01542953 0.03166504
v 0.00792715 -0.01523023 0.03060448
v 0.007975418 -0.01531383 0.02945416
v 0.007525584 -0.01453469 0.02980659
v 0.007537165 -0.01455475 0.0316022
v 0.007457505 -0.01441678 0.03067244
v -0.00439862 0.008256906 0.03292208
v -0.004460744 0.008221038 0.03402175
v -0.004440785 0.008232562 0.035
v -0.004882807 0.00797736 0.035
v -0.004655047 0.008108858 0.034547
v -0.005324519 0.007722338 0.035
v -0.005324519 0.007722338 0.03446604
v -0.005324519 0.007722338 0.03255506
v -0.005324519 0.007722338 0.03316226
v -0.004850283 0.007996138 0.03300384
v -0.005324519 0.007722338 0.03387786
v -0.004898721 0.007968172 0.03358776
v -0.004675836 0.008096855 0.03248604
v -0.004430328 0.008238599 0.03343416
v -0.004943068 0.007942568 0.03412158
v 0.005453581 -0.01234943 0.03
v 0.00555928 -0.01230221 0.03086753
v 0.005622362 -0.01227351 0.0315118
v -0.006090056 -0.01204829 0.03
v -0.00548404 -0.01233594 0.03
v -0.006090056 -0.01204829 0.03065224
v -0.004789032 -0.01262201 0.03
v -0.005030388 -0.01252778 0.03064206
v -0.003911641 -0.01292088 0.03
v -0.002990525 -0.0131646 0.03
v -0.003297748 -0.01309102 0.03099304
v -0.002028002 -0.01334681 0.03
v -0.001054801 -0.01345873 0.03
v -0.001551582 -0.01341054 0.03079193
v -7.604577e-05 -0.01349979 0.03
v 0.0009031098 -0.01346976 0.03
v 0.0002175171 -0.01349825 0.03099625
v 0.00187751 -0.01336881 0.03
v 0.002842024 -0.01319746 0.03
v 0.002193933 -0.01332054 0.03100265
v 0.003791573 -0.01295662 0.03
v 0.004689957 -0.01265916 0.03
v 0.004193487 -0.01283217 0.03097973
v -0.006090056 -0.01204829 0.03133903
v -0.005559579 -0.01230208 0.03099689
v -0.004978929 -0.01254832 0.03134605
v -0.004250991 -0.01281324 0.0309736
v -0.002373205 -0.01328977 0.03096016
v 0.00120191 -0.01344639 0.03100226
v 0.003185754 -0.01311873 0.03099964
v -0.000727559 -0.01348038 0.03096053
v 0.004984879 -0.01254595 0.03061544
v 0.00498997 -0.01254393 0.03135171
v -0.01057452 0.0168156 0.02651758
v -0.01057452 0.0168156 0.026
v -0.01027559 0.01629784 0.026
v -0.01057452 0.0168156 0.02717155
v -0.01021766 0.01619751 0.02674793
v -0.01057452 0.0168156 0.02794055
v -0.01019767 0.01616289 0.0275694
v -0.01057452 0.0168156 0.02880115
v -0.01018835 0.01614674 0.02844906
v -0.01057452 0.0168156 0.0297878
v -0.01017081 0.01611636 0.02940284
v -0.01057452 0.0168156 0.03077444
v -0.01016801 0.01611151 0.03037691
v -0.01057452 0.0168156 0.03176109
v -0.01017974 0.01613182 0.03134654
v -0.01057452 0.0168156 0.03274773
v -0.01019016 0.01614988 0.0323125
v -0.01057452 0.0168156 0.03361566
v -0.01020009 0.01616708 0.03322392
v -0.01057452 0.0168156 0.03435175
v -0.01026616 0.01628151 0.03404492
v -0.01057452 0.0168156 0.035
v -0.01026982 0.01628784 0.035
v -0.005588736 0.008179974 0.035
v -0.005893336 0.008707557 0.035
v -0.005740399 0.008442663 0.03444712
v -0.006269163 0.009358509 0.035
v -0.0067155 0.01013159 0.035
v -0.006462256 0.009692955 0.03401531
v -0.00720276 0.01097555 0.035
v -0.00769002 0.01181951 0.035
v -0.007479022 0.01145405 0.03428353
v -0.008177281 0.01266347 0.035
v -0.008664541 0.01350743 0.035
v -0.008433911 0.01310796 0.03411038
v -0.00912348 0.01430233 0.035
v -0.009585966 0.01510338 0.035
v -0.009394973 0.01477257 0.03427624
v -0.009937841 0.01571285 0.035
v -0.01003083 0.01587391 0.03445945
v -0.005582337 0.008168891 0.03281421
v -0.007235125 0.0110316 0.03280976
v -0.006219955 0.009273277 0.03293815
v -0.007389094 0.01129829 0.03
v -0.007389094 0.01129829 0.03065255
v -0.007701808 0.01183992 0.03015606
v -0.007389094 0.01129829 0.0313051
v -0.00774283 0.01191097 0.03169162
v -0.007048799 0.01070888 0.03
v -0.007241318 0.01104233 0.02936908
v -0.006662992 0.01004064 0.03
v -0.006861598 0.01038464 0.02936426
v -0.006236269 0.009301534 0.03
v -0.006483315 0.009729431 0.02933247
v -0.005912981 0.008741583 0.03
v -0.006118205 0.009097042 0.02930547
v -0.005594388 0.008189765 0.03
v -0.005805435 0.008555309 0.02928983
v -0.005324519 0.007722338 0.03
v -0.005324519 0.007722338 0.0295104
v -0.005324519 0.007722338 0.026
v -0.005324519 0.007722338 0.02649754
v -0.005619086 0.008232543 0.026
v -0.005324519 0.007722338 0.02705913
v -0.005553407 0.008118784 0.0267143
v -0.005324519 0.007722338 0.02775628
v -0.005324519 0.007722338 0.02839219
v -0.005635028 0.008260155 0.02804955
v -0.005324519 0.007722338 0.02897078
v -0.005534167 0.008085459 0.02928912
v -0.005948997 0.008803965 0.026
v -0.005840486 0.008616019 0.02672001
v -0.006385537 0.009560075 0.026
v -0.006217518 0.009269058 0.02681824
v -0.006888637 0.01043147 0.026
v -0.006691432 0.0100899 0.02691081
v -0.007391736 0.01130286 0.026
v -0.007203695 0.01097717 0.02690968
v -0.007894836 0.01217426 0.026
v -0.007716365 0.01186514 0.02689116
v -0.008397936 0.01304565 0.026
v -0.008226281 0.01274834 0.02690356
v -0.008901036 0.01391705 0.026
v -0.00874352 0.01364422 0.02690022
v -0.009404135 0.01478844 0.026
v -0.009327826 0.01465627 0.02683787
v -0.009871494 0.01559793 0.026
v -0.007932109 0.01223882 0.03415138
v -0.006076764 0.009025264 0.03445852
v -0.007041208 0.01069573 0.03390981
v -0.008944201 0.01399181 0.03416457
v -0.009739296 0.01536896 0.03450012
v -0.005544079 0.008102626 0.03342373
v -0.007696356 0.01183048 0.03257652
v -0.005633926 0.008258246 0.0339216
v -0.006726431 0.01015052 0.03296046
v -0.007605182 0.01167256 0.02940277
v -0.005865018 0.00865851 0.03258608
v -0.007726151 0.01188209 0.03093256
v -0.005602081 0.00820309 0.02872229
v -0.005616515 0.00822809 0.02733443
v -0.009824044 0.01551574 0.02712504
v -0.009823863 0.01551543 0.02805811
v -0.009773472 0.01542815 0.02899566
v -0.009751735 0.0153905 0.02998289
v -0.009764812 0.01541315 0.03096669
v -0.009803195 0.01547963 0.03191121
v -0.009812238 0.0154953 0.03286704
v -0.0098258 0.01551879 0.03374056
v -0.008743396 0.01364401 0.03327313
v -0.008148143 0.012613 0.03317263
v -0.005821971 0.008583949 0.03326934
v -0.009316525 0.01463669 0.03333027
v -0.007406206 0.01132792 0.02860309
v -0.007588501 0.01164367 0.03344379
v -0.008105956 0.01253993 0.03215275
v -0.008089118 0.01251076 0.03126494
v -0.008084237 0.01250231 0.03040469
v -0.006691485 0.01008999 0.02857843
v -0.006323974 0.009453445 0.02867785
v -0.0059636 0.008829258 0.02848342
v -0.005968562 0.008837852 0.02755715
v -0.006405002 0.009593789 0.02779783
v -0.007010445 0.01064245 0.02785533
v -0.007537424 0.0115552 0.02776499
v -0.008036116 0.01241896 0.02778941
v -0.008544011 0.01329866 0.02784243
v -0.00904085 0.01415921 0.02777927
v -0.008006984 0.0123685 0.02953281
v -0.007054625 0.01071897 0.02872479
v -0.006000536 0.008893233 0.03383571
v -0.009483509 0.01492592 0.02765597
v -0.00783375 0.01206845 0.02862934
v -0.009374431 0.01473699 0.02852229
v -0.00932567 0.01465253 0.02953893
v -0.009329957 0.01465996 0.03060054
v -0.009371325 0.01473161 0.03159691
v -0.008435852 0.01311133 0.03160374
v -0.008491933 0.01320846 0.03077447
v -0.008312208 0.01289717 0.02874769
v -0.00885971 0.01384547 0.02891789
v -0.008461464 0.01315569 0.02976018
v -0.008570835 0.01334512 0.03238954
v -0.009464409 0.01489284 0.03243865
v -0.00890418 0.01392249 0.03017108
v -0.008892417 0.01390212 0.03138246
v -0.009041308 0.01416001 0.032414
v -0.009275481 -0.0175656 0.02662331
v -0.009275481 -0.0175656 0.026
v -0.008983171 -0.01705931 0.026
v -0.009275481 -0.0175656 0.02731379
v -0.008992697 -0.01707581 0.02707489
v -0.009275481 -0.0175656 0.02807537
v -0.008925914 -0.01696014 0.02777673
v -0.009275481 -0.0175656 0.02901737
v -0.008879984 -0.01688058 0.0286447
v -0.009275481 -0.0175656 0.03005518
v -0.008874175 -0.01687052 0.02959703
v -0.009275481 -0.0175656 0.03109299
v -0.00887799 -0.01687713 0.03059066
v -0.009275481 -0.0175656 0.0320707
v -0.008894247 -0.01690529 0.03156994
v -0.009275481 -0.0175656 0.03294002
v -0.008930813 -0.01696862 0.03249364
v -0.009275481 -0.0175656 0.03379481
v -0.008985347 -0.01706308 0.03331345
v -0.009275481 -0.0175656 0.03446001
v -0.009025855 -0.01713324 0.03398083
v -0.009275481 -0.0175656 0.035
v -0.008996394 -0.01708221 0.035
v -0.004340274 -0.009017574 0.035
v -0.004684987 -0.009614635 0.035
v -0.004545866 -0.009373671 0.03447483
v -0.005041199 -0.01023161 0.035
v -0.005469034 -0.01097264 0.035
v -0.005238124 -0.0105727 0.0342601
v -0.005931086 -0.01177294 0.035
v -0.006412191 -0.01260624 0.035
v -0.006150163 -0.01215239 0.034165
v -0.006893297 -0.01343954 0.035
v -0.007374402 -0.01427284 0.035
v -0.007127375 -0.01384498 0.03415532
v -0.007855507 -0.01510614 0.035
v -0.008282426 -0.01584558 0.035
v -0.008054792 -0.01545131 0.0342294
v -0.008672713 -0.01652158 0.035
v -0.00885598 -0.01683901 0.03445048
v -0.004025481 -0.008472338 0.03252252
v -0.004025481 -0.008472338 0.03318001
v -0.004357876 -0.009048062 0.03270765
v -0.004025481 -0.008472338 0.03378923
v -0.004025481 -0.008472338 0.03437627
v -0.004301946 -0.008951188 0.03417489
v -0.005972353 -0.01184442 0.03265976
v -0.0051609 -0.01043894 0.03270798
v -0.006416596 -0.01261387 0.03029301
v -0.006415128 -0.01261133 0.03178679
v -0.005704985 -0.01138132 0.03
v -0.005928412 -0.01176831 0.02935421
v -0.005194952 -0.01049792 0.03
v -0.005450341 -0.01094027 0.02929516
v -0.004729211 -0.009691234 0.03
v -0.004978911 -0.01012373 0.02930143
v -0.004354389 -0.009042023 0.03
v -0.004573899 -0.009422226 0.02931577
v -0.004025481 -0.008472338 0.026
v -0.004025481 -0.008472338 0.02651836
v -0.004283759 -0.008919689 0.026
v -0.004025481 -0.008472338 0.02715922
v -0.004294711 -0.008938658 0.02682509
v -0.004025481 -0.008472338 0.02789594
v -0.004025481 -0.008472338 0.02865272
v -0.00435265 -0.009039011 0.02857324
v -0.004598665 -0.009465121 0.026
v -0.00452184 -0.009332056 0.02649972
v -0.004930364 -0.01003964 0.026
v -0.004828145 -0.009862592 0.02656654
v -0.005355272 -0.0107756 0.026
v -0.00519811 -0.01050339 0.02660757
v -0.005851245 -0.01163465 0.026
v -0.005653796 -0.01129266 0.02661827
v -0.006347219 -0.01249371 0.026
v -0.00613417 -0.01212469 0.02665842
v -0.006843192 -0.01335276 0.026
v -0.006616333 -0.01295982 0.02672137
v -0.007339166 -0.01421181 0.026
v -0.007099422 -0.01379656 0.02675008
v -0.007820359 -0.01504526 0.026
v -0.007572087 -0.01461524 0.02671882
v -0.00823598 -0.01576514 0.026
v -0.008033177 -0.01541387 0.02666297
v -0.008623108 -0.01643566 0.026
v -0.008439844 -0.01611824 0.02662179
v -0.004025481 -0.008472338 0.035
v -0.004859451 -0.009916816 0.03435052
v -0.005680509 -0.01133893 0.03421925
v -0.00663688 -0.01299541 0.0341458
v -0.007602641 -0.01466816 0.03417421
v -0.008481128 -0.01618974 0.03433427
v -0.004310122 -0.00896535 0.03347016
v -0.006302902 -0.01241695 0.0324591
v -0.005576732 -0.01115918 0.03270125
v -0.006356315 -0.01250946 0.029547
v -0.004774692 -0.009770009 0.03265834
v -0.006434413 -0.01264473 0.03103571
v -0.00426942 -0.008894853 0.02935028
v -0.004025481 -0.008472338 0.03
v -0.004413064 -0.009143651 0.02770038
v -0.004025481 -0.008472338 0.02940147
v -0.008830177 -0.01679432 0.02656426
v -0.008491373 -0.01620749 0.02812418
v -0.008474442 -0.01617816 0.02915289
v -0.00846603 -0.01616359 0.03013266
v -0.008482569 -0.01619224 0.03111699
v -0.00852327 -0.01626274 0.03207474
v -0.008597944 -0.01639208 0.03296896
v -0.005406756 -0.01086478 0.03346336
v -0.005864861 -0.01165824 0.03341833
v -0.007381253 -0.0142847 0.03330518
v -0.00830517 -0.01588498 0.03355376
v -0.006354112 -0.01250564 0.03327434
v -0.006852078 -0.01336815 0.03159455
v -0.006884929 -0.01342505 0.03331888
v -0.004595142 -0.009459019 0.03385919
v -0.004595502 -0.009459642 0.03321375
v -0.006748387 -0.01318855 0.02985397
v -0.006229252 -0.01228938 0.02878351
v -0.004732726 -0.009697322 0.02854958
v -0.005174589 -0.01046265 0.02858645
v -0.00785685 -0.01510846 0.03336878
v -0.008643471 -0.01647093 0.02725434
v -0.004874605 -0.009943064 0.0278432
v -0.00504288 -0.01023452 0.02720165
v -0.005461904 -0.0109603 0.02721817
v -0.005917376 -0.0117492 0.02726668
v -0.006375484 -0.01254266 0.02739557
v -0.006867462 -0.01339479 0.02751038
v -0.007357954 -0.01424435 0.02751453
v -0.007818486 -0.01504202 0.02738258
v -0.008258058 -0.01580338 0.02731201
v -0.004953734 -0.01008012 0.03348349
v -0.006786113 -0.01325389 0.03065929
v -0.005697665 -0.01136865 0.02857556
v -0.008690754 -0.01655283 0.0337699
v -0.006712218 -0.0131259 0.02900892
v -0.006683533 -0.01307622 0.03248919
v -0.004660394 -0.009572039 0.02712132
v -0.006578039 -0.0128935 0.02818445
v -0.00804071 -0.01542692 0.02967302
v -0.008054321 -0.01545049 0.03066692
v -0.008093098 -0.01551766 0.03169271
v -0.008164935 -0.01564208 0.03265999
v -0.007160594 -0.01390251 0.02941005
v -0.007135315 -0.01385873 0.03249213
v -0.008068853 -0.01547566 0.02796802
v -0.005700762 -0.01137401 0.02781511
v -0.005311837 -0.01070037 0.02789137
v -0.008067338 -0.01547304 0.0287452
v -0.007110056 -0.01381498 0.03018979
v -0.007670871 -0.01478634 0.03237099
v -0.006098026 -0.01206209 0.02801921
v -0.007139818 -0.01386653 0.02841431
v -0.007663011 -0.01477272 0.02821055
v -0.007316724 -0.01417294 0.0317454
v -0.007676689 -0.01479642 0.03124775
v -0.007231745 -0.01402575 0.03094429
v -0.007611159 -0.01468291 0.02911145
v -0.007574064 -0.01461866 0.03016551
v -0.008432449 0.01054248 0.03099748
v -0.009125275 0.009948837 0.03100579
v -0.009827081 0.009256267 0.0310031
v -0.01050763 0.008475832 0.03099485
v -0.01121024 0.007521996 0.03092739
v -0.01182707 0.006509262 0.03099475
v -0.01229439 0.005576548 0.0310026
v -0.01267774 0.004639487 0.03100382
v -0.01298841 0.003681188 0.03100336
v -0.01322896 0.002691598 0.03099922
v -0.01339851 0.001652281 0.03098757
v -0.01347915 0.00075 0.03133903
v -0.01347915 0.00075 0.03
v -0.01347915 0.00075 0.03065224
v -0.01342303 0.001439519 0.03
v -0.007851191 0.0109822 0.03098511
v -0.007923942 0.01092983 0.03
v -0.008614802 0.010394 0.03
v -0.009339139 0.009748358 0.03
v -0.01001639 0.009051072 0.03
v -0.01064171 0.00830686 0.03
v -0.01121186 0.007519581 0.03
v -0.01172389 0.006693316 0.03
v -0.01217513 0.00583235 0.03
v -0.01256324 0.004941146 0.03
v -0.01288623 0.004024325 0.03
v -0.0131424 0.003086639 0.03
v -0.01331903 0.002203022 0.03
v 0.003302139 -1.069387e-06 0.06
v -0.005324519 -0.007722338 0.0325441
v -0.0049595 -0.007933081 0.03259906
v -0.005324519 -0.007722338 0.03313149
v -0.005324519 -0.007722338 0.0337838
v -0.005324519 -0.007722338 0.03444519
v -0.004908108 -0.007962753 0.03398199
v -0.005324519 -0.007722338 0.035
v -0.004906575 -0.007963638 0.035
v -0.004463265 -0.008219583 0.035
v -0.004667598 -0.008101611 0.03446396
v -0.004504807 -0.008195599 0.03261155
v -0.004782094 -0.008035507 0.03331563
v -0.004445273 -0.00822997 0.03384581
v -0.01985 0.00075 0.026
v -0.01985 0.00075 0.02652847
v -0.01934797 0.00075 0.026
v -0.01985 0.00075 0.02711921
v -0.01938997 0.00075 0.02693935
v -0.01985 0.00075 0.02782139
v -0.01985 0.00075 0.0286731
v -0.01919922 0.00075 0.02827863
v -0.01985 0.00075 0.02967934
v -0.01985 0.00075 0.03068558
v -0.01906913 0.00075 0.0301894
v -0.01985 0.00075 0.03169182
v -0.01985 0.00075 0.03259466
v -0.01917826 0.00075 0.03208073
v -0.01985 0.00075 0.03328034
v -0.01985 0.00075 0.03390235
v -0.01932541 0.00075 0.03354262
v -0.01985 0.00075 0.03447756
v -0.01985 0.00075 0.035
v -0.0193447 0.00075 0.035
v -0.00985295 0.00075 0.035
v -0.00935 0.00075 0.035
v -0.00935 0.00075 0.03451943
v -0.01040854 0.00075 0.035
v -0.009981145 0.00075 0.03433815
v -0.01100591 0.00075 0.035
v -0.01071385 0.00075 0.03442928
v -0.01166393 0.00075 0.035
v -0.01138587 0.00075 0.03435902
v -0.01238665 0.00075 0.035
v -0.01209689 0.00075 0.03429919
v -0.01319245 0.00075 0.035
v -0.01288284 0.00075 0.03428861
v -0.01407302 0.00075 0.035
v -0.01371958 0.00075 0.0342948
v -0.01505127 0.00075 0.035
v -0.01460536 0.00075 0.03429908
v -0.01598901 0.00075 0.035
v -0.01549521 0.00075 0.03429187
v -0.01679804 0.00075 0.035
v -0.01634542 0.00075 0.03430521
v -0.01752647 0.00075 0.035
v -0.01712411 0.00075 0.03432897
v -0.01818694 0.00075 0.035
v -0.01785328 0.00075 0.03438368
v -0.01878677 0.00075 0.035
v -0.01849032 0.00075 0.03445657
v -0.01912292 0.00075 0.0345268
v -0.00935 0.00075 0.03250121
v -0.00935 0.00075 0.033132
v -0.01002101 0.00075 0.03269921
v -0.00935 0.00075 0.0338417
v -0.009907896 0.00075 0.03352175
v -0.01307064 0.00075 0.03275535
v -0.01227687 0.00075 0.03272933
v -0.01153936 0.00075 0.03264815
v -0.01078291 0.00075 0.03259551
v -0.01411169 0.00075 0.03020024
v -0.0141799 0.00075 0.03091875
v -0.01420417 0.00075 0.03163701
v -0.0127477 0.00075 0.03
v -0.01319166 0.00075 0.029346
v -0.01193971 0.00075 0.03
v -0.01118796 0.00075 0.03
v -0.01160232 0.00075 0.02936755
v -0.01051944 0.00075 0.03
v -0.009904984 0.00075 0.03
v -0.01008909 0.00075 0.02924133
v -0.00935 0.00075 0.03
v -0.00935 0.00075 0.02947957
v -0.00935 0.00075 0.02652698
v -0.00935 0.00075 0.026
v -0.009849838 0.00075 0.026
v -0.00935 0.00075 0.02722818
v -0.009800846 0.00075 0.02697674
v -0.00935 0.00075 0.02805873
v -0.009877172 0.00075 0.02760564
v -0.00935 0.00075 0.02880432
v -0.009956827 0.00075 0.02840325
v -0.01040166 0.00075 0.026
v -0.01008595 0.00075 0.02650567
v -0.0109946 0.00075 0.026
v -0.01164753 0.00075 0.026
v -0.01131665 0.00075 0.02659597
v -0.01236437 0.00075 0.026
v -0.01316194 0.00075 0.026
v -0.01279892 0.00075 0.02675465
v -0.01403357 0.00075 0.026
v -0.01500412 0.00075 0.026
v -0.0145387 0.00075 0.02684616
v -0.01597648 0.00075 0.026
v -0.01682183 0.00075 0.026
v -0.01633935 0.00075 0.02675375
v -0.01754286 0.00075 0.026
v -0.01819825 0.00075 0.026
v -0.01783905 0.00075 0.02662168
v -0.01879365 0.00075 0.026
v -0.01910102 0.00075 0.0264871
v -0.01930969 0.00075 0.02752151
v -0.01910169 0.00075 0.02921117
v -0.0191084 0.00075 0.03117774
v -0.01925236 0.00075 0.03287063
v -0.01940264 0.00075 0.03409547
v -0.01418606 0.00075 0.03231088
v -0.01379505 0.00075 0.03285853
v -0.01396539 0.00075 0.02941797
v -0.01240601 0.00075 0.02936624
v -0.01086669 0.00075 0.02933785
v -0.0106715 0.00075 0.0265493
v -0.01199975 0.00075 0.02665368
v -0.01363743 0.00075 0.02684064
v -0.01545531 0.00075 0.02681783
v -0.01713201 0.00075 0.02668904
v -0.01849863 0.00075 0.02655125
v -0.01158585 0.00075 0.027279
v -0.01033527 0.00075 0.0270934
v -0.01829128 0.00075 0.03070686
v -0.01467024 0.00075 0.02967876
v -0.01853478 0.00075 0.0325279
v -0.01132292 0.00075 0.02870788
v -0.0184055 0.00075 0.03167912
v -0.01826602 0.00075 0.02967677
v -0.01493487 0.00075 0.03212408
v -0.0110145 0.00075 0.03381012
v -0.01175327 0.00075 0.03353436
v -0.01257011 0.00075 0.03352919
v -0.0133745 0.00075 0.03356072
v -0.01420327 0.00075 0.03358554
v -0.01506956 0.00075 0.03357776
v -0.01592051 0.00075 0.03355072
v -0.01673712 0.00075 0.03357832
v -0.0175253 0.00075 0.03367305
v -0.01823518 0.00075 0.03381158
v -0.0188564 0.00075 0.03395732
v -0.01486106 0.00075 0.03045746
v -0.01364486 0.00075 0.02859504
v -0.01062404 0.00075 0.02861112
v -0.01499369 0.00075 0.03128818
v -0.01207482 0.00075 0.0287348
v -0.01865681 0.00075 0.02778448
v -0.01047055 0.00075 0.02782424
v -0.01316816 0.00075 0.02773995
v -0.01592334 0.00075 0.02761629
v -0.01500663 0.00075 0.02769159
v -0.01091737 0.00075 0.0271922
v -0.01409438 0.00075 0.02773404
v -0.01820186 0.00075 0.02723826
v -0.01288056 0.00075 0.02866191
v -0.01750764 0.00075 0.02734143
v -0.01841397 0.00075 0.02868109
v -0.01884211 0.00075 0.02709488
v -0.01462549 0.00075 0.03289629
v -0.01041932 0.00075 0.03388171
v -0.01051713 0.00075 0.03325876
v -0.01455647 0.00075 0.02867208
v -0.01114168 0.00075 0.03317791
v -0.01233517 0.00075 0.02738858
v -0.01673581 0.00075 0.02747796
v -0.0186768 0.00075 0.03329615
v -0.01649803 0.00075 0.02853606
v -0.01548135 0.00075 0.03279179
v -0.01743277 0.00075 0.03025454
v -0.01180646 0.00075 0.02802907
v -0.01635157 0.00075 0.03276147
v -0.01720694 0.00075 0.03289231
v -0.01798658 0.00075 0.03307935
v -0.01550529 0.00075 0.02992193
v -0.01110721 0.00075 0.02796834
v -0.0179174 0.00075 0.02802435
v -0.01745904 0.00075 0.02902001
v -0.01755381 0.00075 0.03131066
v -0.01775849 0.00075 0.03224764
v -0.01248024 0.00075 0.02811246
v -0.01521371 0.00075 0.0291777
v -0.01575845 0.00075 0.0307524
v -0.01721576 0.00075 0.02809433
v -0.01552617 0.00075 0.02844161
v -0.01588227 0.00075 0.03182355
v -0.01652713 0.00075 0.02985377
v -0.01591331 0.00075 0.02920288
v -0.01688055 0.00075 0.03200406
v -0.01665987 0.00075 0.03100873
v -0.01057452 -0.0168156 0.026
v -0.01057452 -0.0168156 0.02657151
v -0.01028344 -0.01631144 0.026
v -0.01057452 -0.0168156 0.02728742
v -0.0103198 -0.01637442 0.02699909
v -0.01057452 -0.0168156 0.02807103
v -0.01057452 -0.0168156 0.02894896
v -0.01017465 -0.01612301 0.02846204
v -0.01057452 -0.0168156 0.02996886
v -0.01057452 -0.0168156 0.03098877
v -0.01015722 -0.01609282 0.03044578
v -0.01057452 -0.0168156 0.03200867
v -0.01057452 -0.0168156 0.03299059
v -0.01017176 -0.016118 0.03243269
v -0.01057452 -0.0168156 0.03377253
v -0.01057452 -0.0168156 0.03446198
v -0.01020652 -0.01617822 0.03423909
v -0.01057452 -0.0168156 0.035
v -0.01031267 -0.01636206 0.035
v -0.005618258 -0.008231109 0.035
v -0.005938796 -0.008786297 0.035
v -0.005855148 -0.008641414 0.03439758
v -0.006299373 -0.009410834 0.035
v -0.006186535 -0.009215393 0.03430732
v -0.006771619 -0.01022879 0.035
v -0.006604121 -0.009938672 0.03426076
v -0.007260262 -0.01107514 0.035
v -0.007071251 -0.01074777 0.03424627
v -0.007748904 -0.01192149 0.035
v -0.007545631 -0.01156942 0.03425258
v -0.008237546 -0.01276785 0.035
v -0.008026396 -0.01240213 0.03426027
v -0.008726188 -0.0136142 0.035
v -0.00850955 -0.01323897 0.03425032
v -0.009212044 -0.01445573 0.035
v -0.008991721 -0.01407412 0.03421849
v -0.009642577 -0.01520143 0.035
v -0.0094478 -0.01486407 0.0342619
v -0.009995138 -0.01581209 0.035
v -0.009820071 -0.01550886 0.03444347
v -0.005562549 -0.008134617 0.03276936
v -0.005614671 -0.008224895 0.03336431
v -0.007154718 -0.01089234 0.0327192
v -0.006671728 -0.01005577 0.0327312
v -0.006233996 -0.009297597 0.03275222
v -0.005861431 -0.008652296 0.03274608
v -0.007389094 -0.01129829 0.03062603
v -0.007389094 -0.01129829 0.03
v -0.007713636 -0.01186041 0.03025975
v -0.007389094 -0.01129829 0.03128222
v -0.007707245 -0.01184934 0.03098596
v -0.007707429 -0.01184966 0.03174056
v -0.007004403 -0.01063198 0.03
v -0.007230048 -0.01102281 0.02929975
v -0.006538076 -0.009824279 0.03
v -0.00605504 -0.008987637 0.03
v -0.006277011 -0.009372103 0.02930728
v -0.005324519 -0.007722338 0.02655033
v -0.005324519 -0.007722338 0.026
v -0.005638395 -0.008265987 0.026
v -0.005324519 -0.007722338 0.02725183
v -0.005614344 -0.008224329 0.02686029
v -0.005324519 -0.007722338 0.02805764
v -0.005641715 -0.008271737 0.02764383
v -0.005324519 -0.007722338 0.02877797
v -0.005637051 -0.008263659 0.02838366
v -0.005324519 -0.007722338 0.02942686
v -0.005603385 -0.008205348 0.02904604
v -0.005324519 -0.007722338 0.03
v -0.005551253 -0.008115052 0.02956749
v -0.005650013 -0.00828611 0.03
v -0.006013901 -0.008916382 0.026
v -0.005894395 -0.008709392 0.02654708
v -0.006457708 -0.009685078 0.026
v -0.006962159 -0.01055881 0.026
v -0.006694166 -0.01009464 0.02677414
v -0.007466609 -0.01143255 0.026
v -0.00797106 -0.01230628 0.026
v -0.007701926 -0.01184013 0.0269054
v -0.00847551 -0.01318001 0.026
v -0.008979961 -0.01405375 0.026
v -0.008720318 -0.01360403 0.02684943
v -0.009446039 -0.01486102 0.026
v -0.009897171 -0.0156424 0.026
v -0.009620173 -0.01516263 0.02685285
v -0.01022652 -0.01621285 0.02765179
v -0.01015994 -0.01609754 0.02944197
v -0.0101621 -0.01610127 0.03144994
v -0.01019408 -0.01615667 0.03335827
v -0.005601441 -0.00820198 0.03410182
v -0.00764785 -0.01174646 0.03265024
v -0.007661373 -0.01176989 0.02949693
v -0.006772684 -0.01023063 0.02923065
v -0.005856979 -0.008644586 0.0294431
v -0.006241534 -0.009310654 0.02665411
v -0.007186377 -0.01094717 0.02684388
v -0.008217518 -0.01273316 0.0269063
v -0.0091897 -0.01441703 0.02678539
v -0.010212 -0.01618771 0.02650755
v -0.009983838 -0.01579251 0.02701699
v -0.009804914 -0.01548261 0.02781582
v -0.009736205 -0.0153636 0.02990617
v -0.009750317 -0.01538804 0.03190309
v -0.009756796 -0.01539927 0.03285854
v -0.009792213 -0.01546061 0.03371218
v -0.008085492 -0.01250448 0.03213258
v -0.007955085 -0.01227861 0.02789799
v -0.006414193 -0.009609708 0.03350497
v -0.006879177 -0.01041508 0.03348926
v -0.007354596 -0.01123853 0.03347767
v -0.007816133 -0.01203794 0.03352146
v -0.008297993 -0.01287255 0.03352012
v -0.008760155 -0.01367303 0.03346788
v -0.009301644 -0.01461092 0.03338614
v -0.008060322 -0.01246089 0.02983793
v -0.009400864 -0.01478277 0.02751376
v -0.008081403 -0.0124974 0.03066465
v -0.007548321 -0.01157407 0.02862857
v -0.006484541 -0.009731554 0.02841181
v -0.008016576 -0.01238512 0.03139471
v -0.005974353 -0.008847883 0.02877424
v -0.006022122 -0.008930621 0.02798211
v -0.006869277 -0.01039794 0.02763002
v -0.00639112 -0.009569744 0.02747039
v -0.008984514 -0.01406163 0.02768287
v -0.007390747 -0.01130115 0.02772716
v -0.007049412 -0.01070994 0.02848527
v -0.009755869 -0.01539766 0.0288863
v -0.005972574 -0.008844802 0.0272108
v -0.009738708 -0.01536794 0.0309151
v -0.008073431 -0.01248359 0.03288664
v -0.005964668 -0.008831107 0.03358853
v -0.007992842 -0.01234401 0.02896807
v -0.008512337 -0.0132438 0.02773568
v -0.008841616 -0.01381413 0.0287121
v -0.008511851 -0.01324296 0.03258017
v -0.009346489 -0.01468859 0.0283725
v -0.008445219 -0.01312755 0.02939208
v -0.008964965 -0.01402777 0.03274594
v -0.009321857 -0.01464593 0.03140244
v -0.008353436 -0.01296858 0.02853182
v -0.009310641 -0.0146265 0.03039079
v -0.008475892 -0.01318068 0.03034023
v -0.009345092 -0.01468617 0.03236742
v -0.008448756 -0.01313368 0.03142479
v -0.009308182 -0.01462224 0.02935768
v -0.008882759 -0.01388539 0.02984521
v -0.008905427 -0.01392465 0.03188672
v -0.008888228 -0.01389486 0.03089527
v -0.00935 7.157478e-06 0.03272029
v -0.00935 -4.626645e-05 0.03433836
v -0.00935 0.0002630355 0.035
v -0.00935 -0.0002734595 0.035
v -0.00935 -0.00075 0.035
v -0.00935 -0.00075 0.03449838
v -0.00935 -0.00075 0.0325855
v -0.00935 -0.00075 0.03330826
v -0.00935 -0.00075 0.03392443
v -0.00935 -1.194963e-05 0.03355642
v -0.007958758 -0.0109045 0.03
v -0.007913286 -0.01093755 0.03096927
v -0.01347915 -0.00075 0.03
v -0.01339908 -0.001647581 0.03
v -0.01347915 -0.00075 0.03067475
v -0.01332357 -0.002175452 0.03124409
v -0.01341307 -0.001529536 0.03079583
v -0.01324026 -0.002635413 0.03
v -0.01299998 -0.003640139 0.03
v -0.01268356 -0.004623549 0.03
v -0.01286748 -0.00408388 0.031004
v -0.01229288 -0.005579885 0.03
v -0.01183021 -0.006503547 0.03
v -0.01211035 -0.005965681 0.03099782
v -0.01129827 -0.007389125 0.03
v -0.01070016 -0.008231435 0.03
v -0.01107301 -0.007722598 0.03099722
v -0.0100394 -0.009025543 0.03
v -0.009322181 -0.009764576 0.03
v -0.009716092 -0.009372703 0.03096997
v -0.008610408 -0.01039764 0.03
v -0.008389208 -0.01057692 0.03058326
v -0.01347915 -0.00075 0.03133179
v -0.01343322 -0.001341085 0.03148086
v -0.008528245 -0.01046513 0.03128775
v -0.01252499 -0.005037336 0.03099863
v -0.01313488 -0.00311847 0.03103864
v -0.01162599 -0.006861956 0.03099766
v -0.01044713 -0.008550287 0.03099408
v -0.008977066 -0.01008277 0.03066049
v -0.009147477 -0.009928427 0.03138166
v -0.01985 -0.00075 0.026599
v -0.01985 -0.00075 0.026
v -0.01929044 -0.00075 0.026
v -0.01985 -0.00075 0.02728342
v -0.01928224 -0.00075 0.02694214
v -0.01985 -0.00075 0.02814926
v -0.01927109 -0.00075 0.02778015
v -0.01985 -0.00075 0.02914907
v -0.01916295 -0.00075 0.02867111
v -0.01985 -0.00075 0.03014888
v -0.0190917 -0.00075 0.02961999
v -0.01985 -0.00075 0.03114869
v -0.01907393 -0.00075 0.0306047
v -0.01985 -0.00075 0.03212856
v -0.01908555 -0.00075 0.03158349
v -0.01985 -0.00075 0.03296347
v -0.01912653 -0.00075 0.03247448
v -0.01985 -0.00075 0.03372175
v -0.01921338 -0.00075 0.03325504
v -0.01985 -0.00075 0.03440242
v -0.01919597 -0.00075 0.03395742
v -0.01985 -0.00075 0.035
v -0.01930435 -0.00075 0.035
v -0.009892317 -0.00075 0.035
v -0.01046018 -0.00075 0.035
v -0.01002707 -0.00075 0.03434222
v -0.01105898 -0.00075 0.035
v -0.01171783 -0.00075 0.035
v -0.01143028 -0.00075 0.0342923
v -0.0124448 -0.00075 0.035
v -0.0132499 -0.00075 0.035
v -0.01296141 -0.00075 0.03426497
v -0.01418334 -0.00075 0.035
v -0.01515612 -0.00075 0.035
v -0.01473187 -0.00075 0.03420032
v -0.01612889 -0.00075 0.035
v -0.01706676 -0.00075 0.035
v -0.0165843 -0.00075 0.03421662
v -0.01787366 -0.00075 0.035
v -0.01867011 -0.00075 0.035
v -0.01842597 -0.00075 0.03427255
v -0.009834055 -0.00075 0.03304365
v -0.01309429 -0.00075 0.03271396
v -0.01152033 -0.00075 0.03274173
v -0.01012932 -0.00075 0.03255776
v -0.01421681 -0.00075 0.03036963
v -0.01413652 -0.00075 0.03186825
v -0.01272255 -0.00075 0.03
v -0.01297661 -0.00075 0.02941785
v -0.01179406 -0.00075 0.03
v -0.01217877 -0.00075 0.0293503
v -0.01084109 -0.00075 0.03
v -0.01127517 -0.00075 0.02937178
v -0.01000943 -0.00075 0.03
v -0.0104712 -0.00075 0.02940018
v -0.00935 -0.00075 0.03
v -0.009836501 -0.00075 0.02938866
v -0.00935 -0.00075 0.02941785
v -0.00935 -0.00075 0.026
v -0.00935 -0.00075 0.0266124
v -0.009906169 -0.00075 0.026
v -0.00935 -0.00075 0.02735761
v -0.009969959 -0.00075 0.02712459
v -0.00935 -0.00075 0.02811797
v -0.00935 -0.00075 0.02879932
v -0.01006652 -0.00075 0.02866726
v -0.01050819 -0.00075 0.026
v -0.01017355 -0.00075 0.02651949
v -0.01110647 -0.00075 0.026
v -0.01082773 -0.00075 0.02649429
v -0.0117639 -0.00075 0.026
v -0.01148106 -0.00075 0.02655702
v -0.01249181 -0.00075 0.026
v -0.01222149 -0.00075 0.02662218
v -0.01334922 -0.00075 0.026
v -0.01303435 -0.00075 0.02667992
v -0.014314 -0.00075 0.026
v -0.01390581 -0.00075 0.02667588
v -0.01527878 -0.00075 0.026
v -0.01483089 -0.00075 0.0267049
v -0.01624356 -0.00075 0.026
v -0.01574044 -0.00075 0.02675699
v -0.01720834 -0.00075 0.026
v -0.01667577 -0.00075 0.02674945
v -0.01802017 -0.00075 0.026
v -0.01757785 -0.00075 0.02669548
v -0.01869402 -0.00075 0.026
v -0.01828195 -0.00075 0.02656566
v -0.01908513 -0.00075 0.03450964
v -0.01075682 -0.00075 0.03436812
v -0.01216132 -0.00075 0.03427413
v -0.01382468 -0.00075 0.03423285
v -0.01565108 -0.00075 0.03419492
v -0.01749325 -0.00075 0.0342497
v -0.01388432 -0.00075 0.03265843
v -0.010818 -0.00075 0.032679
v -0.009895482 -0.00075 0.0336502
v -0.0122965 -0.00075 0.03273507
v -0.01419235 -0.00075 0.02967479
v -0.01420082 -0.00075 0.03112807
v -0.009981568 -0.00075 0.02784184
v -0.01886646 -0.00075 0.02647886
v -0.01367074 -0.00075 0.02899974
v -0.01521022 -0.00075 0.03334835
v -0.01848499 -0.00075 0.0281737
v -0.0183345 -0.00075 0.02908732
v -0.0182918 -0.00075 0.03006838
v -0.01828888 -0.00075 0.0310567
v -0.01832996 -0.00075 0.03202531
v -0.01846001 -0.00075 0.03288321
v -0.01864606 -0.00075 0.03358847
v -0.01074795 -0.00075 0.02822274
v -0.01346363 -0.00075 0.03347
v -0.01183414 -0.00075 0.03353979
v -0.01264072 -0.00075 0.03350663
v -0.0143174 -0.00075 0.03340808
v -0.01704897 -0.00075 0.03344739
v -0.01105586 -0.00075 0.0335475
v -0.01499135 -0.00075 0.03083209
v -0.01061576 -0.00075 0.02752529
v -0.01040355 -0.00075 0.03322368
v -0.01496817 -0.00075 0.02996806
v -0.01471115 -0.00075 0.03254601
v -0.01159583 -0.00075 0.02860621
v -0.01083873 -0.00075 0.02886266
v -0.01492822 -0.00075 0.03167667
v -0.01053689 -0.00075 0.02693553
v -0.01114802 -0.00075 0.02708418
v -0.01186462 -0.00075 0.02723433
v -0.013579 -0.00075 0.02741825
v -0.01438607 -0.00075 0.02733167
v -0.0152238 -0.00075 0.02753619
v -0.01617 -0.00075 0.02752424
v -0.01714208 -0.00075 0.02749246
v -0.01804001 -0.00075 0.02736456
v -0.01877101 -0.00075 0.02747543
v -0.01265566 -0.00075 0.02871965
v -0.01477412 -0.00075 0.02905629
v -0.01611193 -0.00075 0.03339643
v -0.01790527 -0.00075 0.03350678
v -0.01864382 -0.00075 0.02694769
v -0.010441 -0.00075 0.0338427
v -0.01267973 -0.00075 0.02734542
v -0.01433479 -0.00075 0.02818561
v -0.01749634 -0.00075 0.02951322
v -0.01748362 -0.00075 0.03051838
v -0.0174873 -0.00075 0.03151097
v -0.01752437 -0.00075 0.03256496
v -0.01224194 -0.00075 0.0279792
v -0.01576171 -0.00075 0.02945999
v -0.01320885 -0.00075 0.02812784
v -0.01660572 -0.00075 0.03272398
v -0.01138181 -0.00075 0.02779005
v -0.01569448 -0.00075 0.03240146
v -0.01565546 -0.00075 0.02843455
v -0.01664834 -0.00075 0.02819661
v -0.01756758 -0.00075 0.0284231
v -0.0158088 -0.00075 0.03042803
v -0.01578058 -0.00075 0.03136383
v -0.01665483 -0.00075 0.02998414
v -0.01664834 -0.00075 0.03094732
v -0.01662881 -0.00075 0.03188656
v -0.01665039 -0.00075 0.02903337
v 0.007177852 0.0004509608 0.0575
v 0.006829356 0.002208181 0.0575
v 0.006068047 0.00384021 0.0575
v 0.004937984 0.005235019 0.0575
v 0.003442033 0.006253556 0.0575
v 0.00178079 0.006970962 0.0575
v 2.121103e-06 0.007179828 0.0575
v -0.001781151 0.006955578 0.0575
v -0.003451586 0.006312063 0.0575
v -0.004877527 0.005206525 0.0575
v -0.006063379 0.003832222 0.0575
v -0.006833105 0.002205027 0.0575
v -0.007189393 0.0004537164 0.0575
v -0.007075912 -0.001324077 0.0575
v -0.00646557 -0.003022462 0.0575
v -0.005525059 -0.004574964 0.0575
v -0.004218387 -0.005811242 0.0575
v -0.002658437 -0.006689008 0.0575
v -0.0008940943 -0.007085913 0.0575
v 0.0009145934 -0.007142249 0.0575
v 0.002647243 -0.00667791 0.0575
v 0.004224064 -0.005805893 0.0575
v 0.005544854 -0.004594729 0.0575
v 0.006500153 -0.003085687 0.0575
v 0.007004755 -0.001348804 0.0575
v 0.007162109 -0.0004635229 0.0575
v -0.004 -9.797174e-19 0.0575
v -0.00391145 0.0008369942 0.0575
v -0.004709319 0.0005145908 0.0575
v -0.003663084 0.001606802 0.0575
v -0.004481199 0.0014663 0.0575
v -0.003264402 0.00231164 0.0575
v -0.004080673 0.002333196 0.0575
v -0.002710653 0.00294149 0.0575
v -0.003511922 0.003116211 0.0575
v -0.002040375 0.003440475 0.0575
v -0.002820776 0.003766359 0.0575
v -0.00129633 0.003784115 0.0575
v -0.00198339 0.004281636 0.0575
v -0.0004734531 0.003971881 0.0575
v -0.001056987 0.004578439 0.0575
v 0.0003329391 0.00398612 0.0575
v -9.853613e-05 0.004710807 0.0575
v 0.001160363 0.003827997 0.0575
v 0.0009088688 0.004646746 0.0575
v 0.001927757 0.003504819 0.0575
v 0.001818395 0.004346212 0.0575
v 0.002609165 0.003031874 0.0575
v 0.002691606 0.003857719 0.0575
v 0.003209126 0.002387783 0.0575
v 0.003460141 0.003234342 0.0575
v 0.003655481 0.001624025 0.0575
v 0.004053708 0.002389296 0.0575
v 0.003913712 0.0008263531 0.0575
v 0.004464772 0.001464859 0.0575
v 0.003999824 -3.74746e-05 0.0575
v 0.004695202 0.0005222841 0.0575
v 0.003911002 -0.0008390865 0.0575
v 0.004672098 -0.0004775803 0.0575
v 0.003655543 -0.001623886 0.0575
v 0.004479852 -0.001419431 0.0575
v 0.003207149 -0.002390438 0.0575
v 0.004105894 -0.002362168 0.0575
v 0.002625519 -0.003017722 0.0575
v 0.003477852 -0.003215472 0.0575
v 0.001954269 -0.003490105 0.0575
v 0.002703122 -0.003847276 0.0575
v 0.001189024 -0.003819191 0.0575
v 0.001860627 -0.004330621 0.0575
v 0.0003469285 -0.003984927 0.0575
v 0.0009099099 -0.004664789 0.0575
v -0.0005139617 -0.003966843 0.0575
v -9.875518e-05 -0.004738398 0.0575
v -0.00133488 -0.003770689 0.0575
v -0.001101663 -0.004591151 0.0575
v -0.00206788 -0.003424014 0.0575
v -0.002010724 -0.004282087 0.0575
v -0.00271994 -0.002932904 0.0575
v -0.00282263 -0.003753854 0.0575
v -0.003261557 -0.002315653 0.0575
v -0.003524737 -0.003101186 0.0575
v -0.003663084 -0.001606802 0.0575
v -0.004078085 -0.002331295 0.0575
v -0.003910952 -0.0008393174 0.0575
v -0.004482628 -0.001466079 0.0575
v -0.004717817 -0.0005153011 0.0575
v 0.007069396 0.001326529 0.0575
v 0.006461628 0.003029491 0.0575
v 0.005542638 0.00459045 0.0575
v 0.004224111 0.005807296 0.0575
v 0.002646337 0.006675845 0.0575
v 0.000915143 0.007137305 0.0575
v -0.0008909698 0.007081931 0.0575
v -0.002654751 0.006687543 0.0575
v -0.004214213 0.005811198 0.0575
v -0.005522221 0.004577415 0.0575
v -0.006464313 0.003024181 0.0575
v -0.007076205 0.001324746 0.0575
v -0.007190203 -0.000453185 0.0575
v -0.006835482 -0.002203633 0.0575
v -0.006066437 -0.003830222 0.0575
v -0.004882347 -0.005206258 0.0575
v -0.003455778 -0.006314196 0.0575
v -0.00178526 -0.006959113 0.0575
v 8.839246e-07 -0.007185719 0.0575
v 0.001782086 -0.006976701 0.0575
v 0.003442699 -0.00625441 0.0575
v 0.004939511 -0.005234551 0.0575
v 0.006079388 -0.00385983 0.0575
v 0.006822342 -0.002229644 0.0575
v 0.00550324 0.003055016 0.0575
v 0.004632151 0.004334997 0.0575
v 0.003417754 0.005288576 0.0575
v 0.001981497 0.006163549 0.0575
v 0.000434243 0.006460328 0.0575
v -0.001214899 0.00617549 0.0575
v -0.002689788 0.005737555 0.0575
v -0.003961967 0.004884497 0.0575
v -0.005225566 0.003789085 0.0575
v -0.005881821 0.002245752 0.0575
v -0.006298614 0.0007660559 0.0575
v -0.006298199 -0.0007650897 0.0575
v -0.005886464 -0.00224287 0.0575
v -0.005229667 -0.003785287 0.0575
v -0.003971199 -0.004884705 0.0575
v -0.002697396 -0.005741451 0.0575
v -0.001223433 -0.006183676 0.0575
v 0.0004332944 -0.006468538 0.0575
v 0.001983927 -0.006171521 0.0575
v 0.003418058 -0.005287621 0.0575
v 0.004635017 -0.004327835 0.0575
v 0.005539848 -0.003082501 0.0575
v 0.006072407 -0.001629038 0.0575
v 0.006274526 0.00156696 0.0575
v -0.004967039 0.002253415 0.0575
v -0.005414632 0.001259138 0.0575
v -0.005585659 8.629655e-07 0.0575
v -0.004490416 0.00324694 0.0575
v -0.003696216 0.00399493 0.0575
v -0.002892193 0.004734343 0.0575
v -0.001779601 0.0052649 0.0575
v -0.0006668716 0.005414758 0.0575
v 0.0004298647 0.005545403 0.0575
v 0.00164448 0.005308164 0.0575
v 0.002639525 0.004787045 0.0575
v 0.003617408 0.00423181 0.0575
v 0.004470325 0.003317466 0.0575
v 0.004964628 0.002286852 0.0575
v 0.005404475 0.001270306 0.0575
v 0.005554827 3.619491e-05 0.0575
v 0.005345465 -0.001070528 0.0575
v 0.00512197 -0.002162506 0.0575
v 0.004501556 -0.003290467 0.0575
v 0.003622616 -0.004219827 0.0575
v 0.002644285 -0.004779829 0.0575
v 0.001656896 -0.005323089 0.0575
v 0.0004345523 -0.005566426 0.0575
v -0.0006939628 -0.005439125 0.0575
v -0.001792516 -0.005269612 0.0575
v -0.002904235 -0.004743794 0.0575
v -0.00371852 -0.003989548 0.0575
v -0.004491887 -0.003242571 0.0575
v -0.004970043 -0.002251038 0.0575
v -0.005419574 -0.001257702 0.0575
v 0.005873178 0.002254782 0.0575
v 0.005233487 0.003815415 0.0575
v 0.004151862 0.004968398 0.0575
v 0.002646049 0.005714477 0.0575
v 0.001190674 0.006223777 0.0575
v -0.0003446013 0.006283005 0.0575
v -0.00201591 0.00615194 0.0575
v -0.003437813 0.005481956 0.0575
v -0.004597222 0.004288572 0.0575
v -0.005507696 0.003035917 0.0575
v -0.006285643 0.001560635 0.0575
v -0.006496764 3.542181e-07 0.0575
v -0.00628678 -0.00155956 0.0575
v -0.005511236 -0.003032263 0.0575
v -0.004605444 -0.004285897 0.0575
v -0.003445361 -0.005484729 0.0575
v -0.002022878 -0.006155888 0.0575
v -0.0003492882 -0.00629631 0.0575
v 0.001192743 -0.0062382 0.0575
v 0.002646261 -0.005716158 0.0575
v 0.004154934 -0.004966146 0.0575
v 0.005247576 -0.003821201 0.0575
v 0.005999424 -0.002428086 0.0575
v 0.006468297 2.458677e-06 0.0575
v 0.006286735 0.0007737099 0.0575
v 0.006237638 -0.0007691136 0.0575
v 0.01985 -0.0002496826 0.026
v 0.01985 -1.084828e-06 0.02696492
v 0.01985 1.601674e-06 0.02761406
v 0.01985 -1.239573e-05 0.02837969
v 0.01985 -3.162336e-06 0.0292676
v 0.01985 -1.137527e-06 0.03021786
v 0.01985 -3.156486e-06 0.03117555
v 0.01985 -7.812624e-06 0.03209012
v 0.01985 -2.880266e-06 0.03292169
v 0.01985 -8.63762e-06 0.03362852
v 0.01985 4.925235e-06 0.03433872
v 0.01985 -0.0002496826 0.035
v 0.01985 0.0002632232 0.035
v 0.01985 -5.070909e-06 0.02642647
v 0.01985 0.0002632232 0.026
v -0.0004103335 0.003288729 0.06
v 0.00983895 -1.26505e-05 0.035
v 0.01026011 0.0002824864 0.035
v 0.01078962 0.0001532757 0.035
v 0.01142739 3.078341e-05 0.035
v 0.01217183 1.844304e-06 0.035
v 0.012942 -4.658057e-06 0.035
v 0.01382186 -2.654006e-06 0.035
v 0.01476284 2.67012e-07 0.035
v 0.01573039 2.474853e-06 0.035
v 0.01668097 5.917693e-06 0.035
v 0.01759233 -7.899604e-07 0.035
v 0.0183737 8.561295e-06 0.035
v 0.01917518 2.682942e-06 0.035
v 0.01037629 -0.0002621551 0.035
v 0.002566345 0.00167592 0.06
v 0.01162057 0.001441561 0.03
v 0.01016962 0.001373205 0.03
v 0.00935 -0.0002326844 0.03
v 0.008876604 -0.0005895812 0.03
v 0.00935 0.0002584247 0.03
v 0.008851588 -2.885818e-05 0.03
v 0.008872666 0.0005213859 0.03
v 0.01245927 -0.001636698 0.03
v 0.01159297 -0.001559114 0.03
v 0.01085958 -0.001501153 0.03
v 0.009587459 -0.001274241 0.03
v 0.007601111 -0.01000325 0.03
v 0.008218427 -0.009320302 0.03
v 0.008948243 -0.008656068 0.03
v 0.009657336 -0.007934152 0.03
v 0.01027967 -0.007127675 0.03
v 0.01080608 -0.006251718 0.03
v 0.01130021 -0.005348127 0.03
v 0.01179033 -0.004434871 0.03
v 0.01228712 -0.003483868 0.03
v 0.007091297 -0.00906538 0.03
v 0.006034699 -0.007718501 0.03
v 0.004456344 -0.008223579 0.03
v 0.003985122 -0.007870431 0.03
v 0.004895321 -0.007970135 0.03
v 0.004502917 -0.007631068 0.03
v 0.004972889 -0.007364759 0.03
v 0.004766305 -0.01164821 0.03
v 0.004435509 -0.01078655 0.03
v 0.004205127 -0.0100804 0.03
v 0.003944401 -0.009495635 0.03
v 0.00363586 -0.008995742 0.03
v -0.004834514 -0.01155088 0.03
v -0.004019328 -0.01201601 0.03
v -0.003137595 -0.01223737 0.03
v -0.002207875 -0.01239511 0.03
v -0.001244067 -0.01251415 0.03
v -0.0002261925 -0.0125922 0.03
v 0.0009606957 -0.01263919 0.03
v 0.002170829 -0.01251301 0.03
v 0.003183535 -0.01233575 0.03
v 0.004044409 -0.01219242 0.03
v -0.004423539 -0.01051119 0.03
v -0.003635585 -0.009029672 0.03
v -0.004888901 -0.007973842 0.03
v -0.00496729 -0.007393867 0.03
v -0.00444677 -0.008229106 0.03
v -0.004451529 -0.00764772 0.03
v -0.003949941 -0.007946318 0.03
v -0.007663663 -0.009872072 0.03
v -0.00707399 -0.008932696 0.03
v -0.006492954 -0.008203589 0.03
v -0.01260012 -0.002187278 0.03
v -0.01232054 -0.00298416 0.03
v -0.01199099 -0.003873446 0.03
v -0.01160033 -0.004798102 0.03
v -0.01113866 -0.005733413 0.03
v -0.01058927 -0.006686634 0.03
v -0.009910125 -0.00776132 0.03
v -0.009102379 -0.008735588 0.03
v -0.008520484 -0.009517228 0.03
v -0.0122474 -0.001484947 0.03
v -0.01037871 -0.001515855 0.03
v -0.00935 0.0002711792 0.03
v -0.008782925 0.0005779824 0.03
v -0.00935 -0.0002595089 0.03
v -0.008834585 -9.020698e-06 0.03
v -0.008849987 -0.0005828488 0.03
v -0.01250365 0.001640246 0.03
v -0.01159063 0.001542029 0.03
v -0.01087275 0.001469013 0.03
v -0.0102319 0.001375158 0.03
v -0.009665512 0.001329553 0.03
v -0.007628292 0.01012197 0.03
v -0.008234646 0.009371522 0.03
v -0.009091376 0.008770435 0.03
v -0.009690504 0.008025215 0.03
v -0.01026497 0.007230669 0.03
v -0.01083272 0.00636226 0.03
v -0.01144707 0.005327961 0.03
v -0.01189821 0.00419321 0.03
v -0.01228035 0.003279165 0.03
v -0.01262277 0.002508192 0.03
v -0.007164084 0.009351273 0.03
v -0.006283045 0.008087865 0.03
v -0.004475525 0.008212504 0.03
v -0.003949307 0.007961789 0.03
v -0.004911774 0.007960636 0.03
v -0.00441978 0.007668328 0.03
v -0.004915644 0.00739646 0.03
v -0.00468523 0.01132564 0.03
v -0.004340384 0.01065452 0.03
v -0.004089604 0.009998793 0.03
v -0.003681313 0.008863818 0.03
v 0.0048407 0.0118805 0.03
v 0.003989737 0.01208061 0.03
v 0.003100134 0.01227696 0.03
v 0.0021441 0.01248135 0.03
v 0.001172575 0.01257794 0.03
v 0.0001870308 0.01261221 0.03
v -0.0008258869 0.0126117 0.03
v -0.002032025 0.01251361 0.03
v -0.003237242 0.0122175 0.03
v -0.004972946 0.01195437 0.03
v 0.004930771 0.01118409 0.03
v 0.004227244 0.009989324 0.03
v 0.003722888 0.008852373 0.03
v 0.004903014 0.007965694 0.03
v 0.004901227 0.007386703 0.03
v 0.004490442 0.008203892 0.03
v 0.00443068 0.007654974 0.03
v 0.003964162 0.007942202 0.03
v 0.007657266 0.0101106 0.03
v 0.00724394 0.009325321 0.03
v 0.006758154 0.008709137 0.03
v 0.006346844 0.008113861 0.03
v 0.01243914 0.001770731 0.03
v 0.01227661 0.002866876 0.03
v 0.0120298 0.003867744 0.03
v 0.0116342 0.004787304 0.03
v 0.01117287 0.005709692 0.03
v 0.010624 0.006647281 0.03
v 0.009919236 0.007715406 0.03
v 0.009040468 0.008639034 0.03
v 0.008288822 0.00941672 0.03
v 0.01086915 0.00146553 0.03
v 0.008957646 0.001104978 0.03
v 0.009538008 0.001261746 0.03
v 0.009005804 -0.001178577 0.03
v 0.01019515 -0.001389355 0.03
v 0.005592342 -0.007199769 0.03
v 0.01205797 -0.002503222 0.03
v 0.006550789 -0.008326702 0.03
v 0.003332365 -0.008531306 0.03
v -0.003980899 -0.009749161 0.03
v -0.003458266 -0.008342193 0.03
v -0.005961229 -0.007682711 0.03
v -0.005551631 -0.007239462 0.03
v -0.01129607 -0.001515101 0.03
v -0.008933354 -0.001202458 0.03
v -0.009601781 -0.001410844 0.03
v -0.009123316 0.001401308 0.03
v -0.006709418 0.008712235 0.03
v -0.005457398 0.007166138 0.03
v -0.005875751 0.007586077 0.03
v -0.003490296 0.008356385 0.03
v -0.003886082 0.009396194 0.03
v -0.004194266 0.01207778 0.03
v 0.004545887 0.01059439 0.03
v 0.00397719 0.009418584 0.03
v 0.003533009 0.008304776 0.03
v 0.005994905 0.007545095 0.03
v 0.003383081 -0.008004977 0.03
v -0.008635182 0.001178914 0.03
v 0.005416107 0.007161038 0.03
v 0.007665082 -0.008267412 0.03
v 0.009205446 -0.001766325 0.03
v 0.008382912 0.0008594223 0.03
v 0.008434195 -0.001032298 0.03
v 0.01119639 -0.002353308 0.03
v -0.003134034 -0.009725624 0.03
v 0.01045074 -0.002175927 0.03
v -0.0035677 -0.01050968 0.03
v 0.008618137 -0.007695447 0.03
v 0.009293585 -0.006970249 0.03
v 0.009783575 -0.006086078 0.03
v 0.0102724 -0.005147149 0.03
v 0.01083156 -0.004229086 0.03
v 0.01144997 -0.003365437 0.03
v 0.006288674 -0.007057849 0.03
v 0.005107403 -0.00675392 0.03
v 0.006884032 -0.007606814 0.03
v 0.006816318 0.007521089 0.03
v 0.004539851 -0.006997694 0.03
v 0.003711592 -0.01145092 0.03
v 0.003583023 0.009952188 0.03
v 0.003591609 -0.01001386 0.03
v 0.003232388 -0.009531014 0.03
v -0.003277958 -0.01135273 0.03
v -0.002413506 -0.0114693 0.03
v -0.001483883 -0.01158355 0.03
v -0.0004991723 -0.01168567 0.03
v 0.000539295 -0.0117608 0.03
v 0.001594751 -0.01176664 0.03
v -0.003374879 -0.007683373 0.03
v 0.002941263 -0.008963472 0.03
v -0.002881698 -0.008901249 0.03
v 0.002616765 -0.01171197 0.03
v -0.009077397 -0.001910576 0.03
v -0.008057279 -0.008742013 0.03
v -0.00515183 -0.006816614 0.03
v -0.007524285 -0.007788995 0.03
v -0.01136596 -0.003100489 0.03
v -0.01097134 -0.003994798 0.03
v -0.01052092 -0.004921758 0.03
v -0.009997435 -0.005866022 0.03
v -0.009381262 -0.006851052 0.03
v -0.008699643 -0.007765727 0.03
v -0.006108851 -0.007140034 0.03
v -0.006688295 -0.007401373 0.03
v -0.008296812 -0.0009577209 0.03
v -0.006048289 0.006971637 0.03
v -0.01080806 -0.002286189 0.03
v -0.007535865 0.008634712 0.03
v -0.01188108 0.002414876 0.03
v -0.01109383 0.00232101 0.03
v -0.009895407 0.001867479 0.03
v -0.008306939 0.008485222 0.03
v -0.008760356 0.007797024 0.03
v -0.009298329 0.007018467 0.03
v -0.009892529 0.006177755 0.03
v -0.01044736 0.005241729 0.03
v -0.01092372 0.004225822 0.03
v -0.004964416 0.006774098 0.03
v -0.009358887 0.001972589 0.03
v -0.006546294 0.007421846 0.03
v -0.01137256 0.003263146 0.03
v -0.003323629 0.009283823 0.03
v -0.007051415 0.007962088 0.03
v -0.003079525 0.008785493 0.03
v -0.003750627 0.0113715 0.03
v -0.00346976 0.010601 0.03
v 0.003402207 0.007706788 0.03
v -0.002581977 0.01137448 0.03
v 0.003825663 0.01059717 0.03
v 0.003295839 0.01132921 0.03
v 0.002370441 0.01165495 0.03
v 0.001423222 0.0117316 0.03
v 0.0004540431 0.01174755 0.03
v -0.0005447439 0.01174259 0.03
v -0.001498138 0.01180687 0.03
v -0.003349389 0.009883208 0.03
v -0.00335572 0.00777365 0.03
v 0.0059281 0.006908994 0.03
v 0.003144894 0.008691793 0.03
v 0.004940733 0.006776985 0.03
v 0.009102891 0.001675327 0.03
v 0.01136499 0.002303713 0.03
v 0.007108347 0.008082045 0.03
v 0.01142413 0.003234034 0.03
v 0.01100732 0.004039564 0.03
v 0.01056039 0.0049389 0.03
v 0.01003093 0.005853731 0.03
v 0.009416587 0.006799342 0.03
v 0.008685419 0.0076956 0.03
v 0.007808365 0.008496945 0.03
v 0.009722232 0.001884021 0.03
v 0.008340031 -0.0004001198 0.03
v -0.004524585 -0.007034057 0.03
v -0.0098409 -0.002269351 0.03
v -0.008321115 0.0002575445 0.03
v -0.003872425 0.007379817 0.03
v 0.004195567 0.01128172 0.03
v 0.009843328 -0.001955187 0.03
v 0.004412604 0.007050297 0.03
v -0.01174374 -0.002254661 0.03
v 0.008600102 -0.001671894 0.03
v 0.008329496 0.000218423 0.03
v 0.003509403 -0.00736047 0.03
v -0.004042833 -0.01120995 0.03
v 0.005764067 -0.006559555 0.03
v 0.003346843 0.009314453 0.03
v -0.008356764 -0.001631488 0.03
v 0.003668953 -0.01063112 0.03
v -0.003953372 -0.007324413 0.03
v 0.002689607 -0.008243716 0.03
v -0.005802853 -0.006675356 0.03
v -0.008280603 -0.0003024905 0.03
v -0.005535327 0.006551536 0.03
v -0.002814609 -0.00811034 0.03
v -0.01042412 0.002106322 0.03
v -0.004390137 0.007050955 0.03
v -0.008720311 0.001904679 0.03
v -0.00291625 0.008216032 0.03
v 0.008507036 0.001509531 0.03
v 0.003895409 0.007351493 0.03
v 0.002948459 0.008108184 0.03
v 0.006523281 0.00692025 0.03
v 0.005490527 0.006516906 0.03
v -0.007990649 0.0008953322 0.03
v 0.01044538 0.002151255 0.03
v 0.004079593 -0.007303964 0.03
v 0.007812449 -0.00084036 0.03
v 0.007693987 0.007588558 0.03
v 0.007766792 0.0005297269 0.03
v 0.002853637 -0.007485795 0.03
v -0.002186718 -0.009610472 0.03
v 0.01059855 -0.00316677 0.03
v -0.002705695 -0.01055169 0.03
v 0.003880146 -0.006668715 0.03
v 0.006136351 0.006342204 0.03
v 0.008778953 -0.00602418 0.03
v 0.009203932 -0.005051033 0.03
v 0.009768881 -0.003930843 0.03
v 0.00525336 -0.006047431 0.03
v 0.002762315 0.007459083 0.03
v 0.002543033 0.008513033 0.03
v 0.00383179 0.006700805 0.03
v 0.005005298 0.006092022 0.03
v 0.002456355 -0.009564655 0.03
v -0.009118273 -0.002608711 0.03
v -0.001783416 -0.01064221 0.03
v -0.0008039843 -0.01077224 0.03
v 0.0001962331 -0.01086253 0.03
v 0.001199698 -0.01093649 0.03
v 0.002185597 -0.008866626 0.03
v -0.007659689 -0.001318492 0.03
v -0.005018751 0.006148898 0.03
v -0.006508561 -0.006681848 0.03
v -0.009966278 -0.00408146 0.03
v -0.009451619 -0.005002474 0.03
v -0.008898745 -0.005956744 0.03
v -0.008270438 -0.006900396 0.03
v -0.003809659 0.006736907 0.03
v -0.00671888 0.006749181 0.03
v -0.002758274 -0.007351264 0.03
v 0.007966174 -0.001593493 0.03
v 0.007737949 -0.007299798 0.03
v 0.008840964 -0.002241824 0.03
v -0.008254456 0.006915886 0.03
v -0.008959378 0.006058651 0.03
v -0.009498929 0.005153116 0.03
v -0.009971165 0.004201965 0.03
v -0.009011104 0.002601305 0.03
v 0.008448509 -0.006869063 0.03
v -0.002650035 0.009426421 0.03
v -0.004412354 0.006411201 0.03
v 0.01048299 0.003152044 0.03
v 0.002541655 0.01093951 0.03
v 0.003089188 0.01047646 0.03
v 0.00866409 0.002156993 0.03
v 0.002779041 0.009129226 0.03
v 0.001703496 0.01093006 0.03
v 0.0007712857 0.01090826 0.03
v -0.0002315602 0.01088389 0.03
v -0.009777444 0.002528603 0.03
v 0.004411834 0.006375507 0.03
v 0.009250586 0.002239341 0.03
v 0.002906308 0.009809094 0.03
v -0.003995472 -0.006634306 0.03
v -0.003352154 -0.006959122 0.03
v 0.004569427 -0.006308738 0.03
v 0.0100095 0.004143034 0.03
v 0.009498788 0.005033299 0.03
v 0.008910964 0.005917572 0.03
v 0.008290317 0.00681014 0.03
v -0.007875642 0.007789471 0.03
v 0.00785527 0.00126259 0.03
v 0.007755944 -0.0001458043 0.03
v -0.005362976 -0.006165481 0.03
v -0.002204958 -0.008606755 0.03
v 0.003287636 0.007050722 0.03
v 0.006436065 -0.006395999 0.03
v -0.007718635 0.0001532223 0.03
v -0.01040337 -0.003149047 0.03
v -0.004663791 -0.006362299 0.03
v -0.002563579 0.01037324 0.03
v 0.007353719 0.00685379 0.03
v -0.005608378 0.005854727 0.03
v 0.003101882 -0.006768394 0.03
v 0.002166219 -0.01096908 0.03
v 0.006001905 -0.005806901 0.03
v -0.007696397 -0.002098203 0.03
v -0.001421901 0.01085232 0.03
v -0.008443736 -0.002401904 0.03
v 0.001866269 -0.008217886 0.03
v -0.00765431 -0.0005925027 0.03
v -0.01043135 0.003134871 0.03
v 0.002859456 -0.01026821 0.03
v 0.009375399 -0.002406841 0.03
v 0.009754219 0.002654327 0.03
v -0.00323414 0.007113105 0.03
v -0.007307342 0.007226831 0.03
v -0.00616768 0.006292869 0.03
v 0.007048783 -0.00675723 0.03
v 0.008249992 -0.002336081 0.03
v -0.002426849 0.008653678 0.03
v -0.00826864 0.002516321 0.03
v 0.002106386 -0.007542565 0.03
v -0.006135411 -0.006052349 0.03
v 0.009894515 -0.00283393 0.03
v 0.008007114 0.0019873 0.03
v -0.008041731 0.001676944 0.03
v -0.002196273 -0.007784699 0.03
v 0.005628753 0.005854784 0.03
v 0.002280468 0.007927434 0.03
v -0.002728372 0.007582123 0.03
v 0.002347988 -0.006791826 0.03
v -0.004075079 -0.005882 0.03
v -0.009478752 0.003332199 0.03
v 0.00543623 -0.005273325 0.03
v 0.008589093 -0.0040727 0.03
v -0.007325697 -0.006836439 0.03
v -0.007003937 -0.00010771 0.03
v 0.00301156 -0.01100122 0.03
v -0.002695401 -0.006573974 0.03
v -0.001432422 -0.009024072 0.03
v -0.006953469 -0.001716198 0.03
v -0.001743133 0.009853852 0.03
v -0.009495163 -0.003238013 0.03
v -0.006808858 0.006012251 0.03
v 0.001504235 -0.008786557 0.03
v 0.008990498 0.002807212 0.03
v -0.0001157331 -0.009951027 0.03
v 0.0008722653 -0.01004795 0.03
v 0.002588119 0.006736163 0.03
v -0.008952915 -0.004108123 0.03
v 0.003372962 -0.006125801 0.03
v 0.007283196 0.001711023 0.03
v -0.008393429 -0.005045695 0.03
v -0.007868436 -0.005999569 0.03
v -0.007448328 0.006450894 0.03
v 0.007269984 -0.0013994 0.03
v 0.001858991 -0.01022501 0.03
v -0.00861777 0.003327142 0.03
v -0.008126008 0.00589877 0.03
v 0.002156491 0.01020197 0.03
v -0.001139732 -0.009876548 0.03
v 0.006967669 -0.0057525 0.03
v -0.008601492 0.005054783 0.03
v -0.009038953 0.004174968 0.03
v -0.007477758 0.002321134 0.03
v -0.001930128 0.009069053 0.03
v -0.003385702 -0.00619658 0.03
v -0.006951152 -0.0009257147 0.03
v 0.008924702 -0.003050866 0.03
v -0.003114005 0.006376634 0.03
v -0.005075093 0.005454836 0.03
v 0.001163469 0.01009055 0.03
v 0.0002127708 0.01004165 0.03
v -0.00484785 -0.005640465 0.03
v -0.007779902 -0.002973838 0.03
v -0.005608022 -0.005459524 0.03
v 0.002186096 0.008951125 0.03
v -0.0007751393 0.0100025 0.03
v 0.007490835 -0.002249197 0.03
v -0.006955229 -0.006007213 0.03
v 0.009013143 0.004231383 0.03
v 0.008447817 0.005050697 0.03
v -0.007161046 0.0007140294 0.03
v -0.007328034 0.00145594 0.03
v 0.008229944 0.00272395 0.03
v 0.00683692 0.006231764 0.03
v -0.006331212 0.0004151875 0.03
v 0.001847527 0.008452161 0.03
v 0.009480936 0.003420022 0.03
v -0.002321838 0.008069817 0.03
v 0.007971042 -0.003146093 0.03
v -0.004420651 0.005740309 0.03
v -0.006978626 -0.002573448 0.03
v 0.001140432 -0.008281629 0.03
v 0.002032552 0.007210866 0.03
v 0.006241765 -0.005023276 0.03
v 0.003189611 0.006311508 0.03
v 0.001584127 -0.009457446 0.03
v 0.006311086 0.005664048 0.03
v 0.002648225 -0.006017588 0.03
v 0.004667967 -0.005560018 0.03
v 0.001324876 -0.007598603 0.03
v 0.007158333 -0.000574957 0.03
v 0.003796065 0.00596084 0.03
v -0.007741582 0.003235588 0.03
v 0.007152308 0.0009230923 0.03
v 0.008024544 -0.005144072 0.03
v -0.00166091 0.008321217 0.03
v -0.00377271 0.005988299 0.03
v 0.007812082 -0.00628873 0.03
v -0.002503043 0.006877665 0.03
v -0.005658762 0.005140164 0.03
v -0.008624612 -0.003229659 0.03
v 0.002306829 0.00952457 0.03
v -0.006248828 0.005531924 0.03
v 0.003992064 -0.005832632 0.03
v 0.007454442 0.002521878 0.03
v 0.007783057 0.005918123 0.03
v -0.002067712 -0.006988051 0.03
v 0.007126929 0.0001672041 0.03
v -0.006476739 -0.005309215 0.03
v 0.005091183 0.00534647 0.03
v -0.001544422 -0.008176948 0.03
v 0.001830772 0.006389775 0.03
v -0.006172503 -0.002137345 0.03
v -0.006943719 0.00517093 0.03
v -0.001985637 0.007498641 0.03
v 0.0006074384 -0.008988379 0.03
v -0.0004757992 -0.009120993 0.03
v 0.004431067 0.005646894 0.03
v 0.007069234 -0.004789426 0.03
v 0.004776876 -0.00473814 0.03
v 0.007003517 0.005521308 0.03
v 0.005582107 -0.00444594 0.03
v 0.006517911 -0.001094557 0.03
v 0.003104156 0.005508103 0.03
v -0.007394006 -0.005157413 0.03
v -0.007420915 0.005722064 0.03
v 0.006676889 -0.002033782 0.03
v -0.008145595 0.004126234 0.03
v -0.006982248 -0.003497593 0.03
v 0.007541627 -0.004017341 0.03
v -0.001151396 0.009100097 0.03
v 0.00444002 0.004803332 0.03
v -0.002337632 0.006038536 0.03
v 0.0006436118 0.009215813 0.03
v 0.0080084 0.004186458 0.03
v -0.005036148 0.004698697 0.03
v 0.006998338 -0.003042458 0.03
v -0.007852953 -0.004067585 0.03
v -0.005035794 -0.004882972 0.03
v 0.006525571 0.001373135 0.03
v 0.001521024 0.007768742 0.03
v 0.001537006 -0.006819897 0.03
v 0.00155437 0.009280704 0.03
v 0.005778934 0.005092455 0.03
v -0.006334617 0.004682654 0.03
v -0.006853969 0.003021507 0.03
v -0.00420204 -0.00508903 0.03
v 0.008572063 0.003459161 0.03
v -0.006492784 0.001230219 0.03
v -0.0007380115 0.008316248 0.03
v -0.0008730966 -0.008445386 0.03
v -0.006179167 -0.001288242 0.03
v 0.003186097 -0.005303599 0.03
v 0.002463182 0.005916445 0.03
v 0.0005469399 -0.007873239 0.03
v 0.007475599 0.004913157 0.03
v 0.001208033 0.006927485 0.03
v 0.004042676 -0.005038642 0.03
v 0.003758235 0.005131069 0.03
v 0.006473263 -0.003956708 0.03
v 0.001822096 -0.006002185 0.03
v -0.00192012 -0.006187177 0.03
v -0.001158485 0.007496018 0.03
v -0.006208059 -0.002984933 0.03
v -0.007749773 0.00498386 0.03
v 0.006555989 0.004889703 0.03
v -0.003077258 0.005545246 0.03
v 0.005164008 0.004520533 0.03
v -0.00666266 0.002072715 0.03
v -0.006220445 -0.0004516061 0.03
v -0.004491069 0.00507484 0.03
v 0.007666346 0.003355492 0.03
v -0.003432528 -0.005393186 0.03
v 0.006466892 0.0005500759 0.03
v -0.001688484 0.00669458 0.03
v 0.001061606 0.008444104 0.03
v -0.0002722919 0.00916071 0.03
v -0.005884454 -0.00467631 0.03
v 0.006679674 0.00220049 0.03
v 0.006464599 -0.0002576194 0.03
v -0.001551625 -0.007437191 0.03
v -0.005640902 0.004413658 0.03
v -0.007127211 0.004119003 0.03
v -0.00267858 -0.005754767 0.03
v 0.002220369 -0.005195538 0.03
v 0.001678033 0.005481348 0.03
v 0.001005954 0.005997899 0.03
v 0.005991804 -0.002759976 0.03
v 0.005625099 -0.003616857 0.03
v -0.006790911 -0.004446438 0.03
v 0.00303165 0.004639643 0.03
v 0.005840459 -0.001657157 0.03
v -0.0043511 -0.004207704 0.03
v -0.003831335 0.005215463 0.03
v 0.0006744335 -0.006960248 0.03
v 0.00235414 0.005036699 0.03
v 0.006917306 0.004026687 0.03
v -0.005482372 7.337616e-05 0.03
v 0.0002063379 0.006543097 0.03
v 0.0001789074 0.008369173 0.03
v -0.00609664 0.003697623 0.03
v 0.004453712 0.003932118 0.03
v -0.0001490795 -0.008229444 0.03
v -0.006117814 -0.003857838 0.03
v 0.004107641 -0.00417254 0.03
v -0.001893043 -0.005298565 0.03
v 0.00574903 -0.0007329927 0.03
v 0.000921121 -0.006071594 0.03
v -0.003501914 -0.004514554 0.03
v -0.005366478 -0.002566493 0.03
v -0.001483182 0.005752031 0.03
v 0.005764119 0.001020395 0.03
v 0.0026365 -0.00440731 0.03
v -0.002276357 0.005091556 0.03
v -0.005625667 0.000945352 0.03
v 0.004861058 -0.003904478 0.03
v 0.003430261 -0.004497866 0.03
v 0.005951571 0.00427063 0.03
v -0.005989104 0.002682075 0.03
v -0.0008502004 -0.007676533 0.03
v 0.006813359 0.00306791 0.03
v -0.004187566 0.004329044 0.03
v -0.0001468735 -0.007250393 0.03
v 0.0006601409 0.007588026 0.03
v 0.005867321 0.001890864 0.03
v -0.001101864 -0.005801337 0.03
v -0.0002717669 0.007479784 0.03
v -0.005355948 -0.001702854 0.03
v -0.001090944 -0.006746143 0.03
v -0.005071429 0.003930199 0.03
v -0.005221298 -0.004058613 0.03
v 0.003730944 0.004271967 0.03
v 0.0008636733 0.00501362 0.03
v 0.001302264 -0.005184 0.03
v 0.005211085 0.003624736 0.03
v 0.005099476 -0.002142038 0.03
v -0.001097619 -0.004846466 0.03
v -0.0001066777 -0.006223626 0.03
v -0.005795331 0.001786921 0.03
v -0.003594481 -0.003578632 0.03
v -0.0007978191 0.006584474 0.03
v 0.005726031 0.0001346411 0.03
v 0.001704746 -0.004315769 0.03
v 0.00415917 -0.003318034 0.03
v -0.005395806 -0.0008209506 0.03
v 0.005035721 -0.003040789 0.03
v 0.0002616031 0.005548104 0.03
v 0.004986847 -0.001226699 0.03
v 0.006016055 0.003425417 0.03
v -0.005323264 0.003184211 0.03
v -0.00318401 0.004636601 0.03
v -0.005482144 -0.003336948 0.03
v -0.004569592 -0.0032206 0.03
v -0.002686583 -0.004877588 0.03
v 0.004455273 0.003011412 0.03
v -0.0004213542 -0.005334098 0.03
v -0.001870973 -0.004367504 0.03
v 0.004968131 0.00060126 0.03
v -0.0005719021 0.005590947 0.03
v -0.004711765 0.0006227481 0.03
v -0.001342068 0.004642888 0.03
v -0.004614059 -0.0003011861 0.03
v 0.003217711 -0.003555911 0.03
v -0.00270835 -0.003951052 0.03
v 0.002229419 -0.003575127 0.03
v 0.002982173 0.003762479 0.03
v 0.006092231 0.002655902 0.03
v 0.004939559 -0.0003237267 0.03
v -0.005064151 0.002400054 0.03
v 0.00226793 0.004144086 0.03
v 0.005060867 0.001553707 0.03
v -0.003373545 0.003708728 0.03
v -0.004517584 -0.002180941 0.03
v 0.002138413 0.002488722 0.06
v -0.004366864 0.00322312 0.03
v 0.001564347 0.00455226 0.03
v 0.003708762 0.003388588 0.03
v 0.001206241 -0.003239458 0.03
v -0.0001386379 0.004595487 0.03
v 0.004383355 -0.0025472 0.03
v -0.004871883 0.001519281 0.03
v -0.004547517 -0.00123355 0.03
v -0.002395428 0.004090713 0.03
v 0.0003998067 -0.005265453 0.03
v 0.004174025 -0.001750756 0.03
v 0.004244256 0.001083492 0.03
v 0.004095383 -0.0008280945 0.03
v -0.003648782 -0.002622117 0.03
v 0.004145147 0.0001263229 0.03
v 0.00074466 -0.004310272 0.03
v 0.005251489 0.002617427 0.03
v 0.002386813 -0.002568978 0.03
v -0.0002076688 -0.004492223 0.03
v -0.0008263922 0.00383451 0.03
v 0.004375562 0.002054987 0.03
v -0.004114955 0.002169627 0.03
v 0.002939564 0.002883174 0.03
v -0.003814254 0.0002664094 0.03
v 0.003507374 -0.002528036 0.03
v -0.0009689005 -0.003897755 0.03
v -0.003475799 0.002809709 0.03
v -0.002727522 -0.003003748 0.03
v -0.001665351 0.00347208 0.03
v 0.0007189772 0.004057759 0.03
v 0.00221316 0.003250288 0.03
v -0.00368249 -0.001654438 0.03
v -0.003894052 0.001233653 0.03
v -0.002584876 0.003057021 0.03
v 0.003660692 0.002485834 0.03
v -0.003750529 -0.000697858 0.03
v 0.001479531 0.00362419 0.03
v 0.003131038 -0.001473305 0.03
v -0.00293112 0.001938463 0.03
v 3.612033e-05 -0.003520511 0.03
v -0.001823362 -0.00340968 0.03
v -6.52323e-05 0.003476291 0.03
v 0.001243727 -0.002072792 0.03
v -0.002778213 -0.002051494 0.03
v -0.0008490447 -0.002883285 0.03
v -0.002967606 -0.0001507958 0.03
v 0.003565425 0.001552093 0.03
v 0.002903165 0.002007767 0.03
v -0.0008920866 0.002883126 0.03
v 0.0002019347 -0.002459842 0.03
v 0.002184504 0.002381683 0.03
v 0.003262115 -0.000358261 0.03
v 0.002094832 -0.001585559 0.03
v 0.001255401 0.002775601 0.06
v -0.002946196 0.0008523237 0.03
v -0.002871814 -0.001098536 0.03
v 0.003412632 0.0006069232 0.03
v 0.0007023674 0.0030577 0.03
v 0.002756772 0.001106216 0.03
v 0.001451241 0.002681987 0.03
v -0.001802129 0.002368152 0.03
v 0.001323956 -0.0009934318 0.03
v 0.002319161 -0.0006968051 0.03
v 0.002513147 0.0002317165 0.03
v -0.001808361 -0.002424525 0.03
v -0.002106756 -0.0005392025 0.03
v -7.271538e-05 0.002468512 0.03
v 0.0003402841 -0.001353611 0.03
v -0.001774998 0.001192425 0.03
v 0.002217836 0.001604505 0.03
v -0.002209363 0.0003151098 0.03
v -0.0008737183 0.00182231 0.03
v 0.001532928 -1.31715e-05 0.03
v -0.00194628 -0.001474199 0.03
v -0.0007951902 -0.001735062 0.03
v -0.001316386 7.632267e-05 0.03
v 0.0007240313 0.002056108 0.03
v 0.001478758 0.001731642 0.03
v 0.0005282755 -0.0002262889 0.03
v -0.001292692 -0.000854127 0.03
v 0.001839404 0.0008741714 0.03
v -0.0004273631 0.0006472462 0.03
v 0.0008006322 0.0008946228 0.03
v -0.0004329327 -0.0005658925 0.03
v 2.07012e-05 0.001528956 0.03
v 0.00935 1.315841e-05 0.02646471
v 0.00935 -0.0002460517 0.026
v 0.00935 2.013069e-05 0.02702219
v 0.00935 1.518767e-05 0.02844973
v 0.00935 0.0001775899 0.02959852
v 0.00935 0.0002444522 0.026
v 0.00935 6.481388e-06 0.02769752
v 0.00935 5.960924e-05 0.02906029
v 0.00979364 2.165551e-06 0.026
v 0.0103402 6.696903e-06 0.026
v 0.01184414 -2.130553e-06 0.026
v 0.01796359 2.437627e-05 0.026
v 0.01939632 6.824833e-06 0.026
v 0.01102714 1.58268e-05 0.026
v 0.01882559 1.114327e-05 0.026
v 0.01014275 0.01706489 0.026
v 0.009912642 0.01719774 0.02670257
v 0.009907581 0.01720066 0.02753668
v 0.009922476 0.01719206 0.02836788
v 0.009937405 0.01718344 0.02927492
v 0.009935103 0.01718477 0.03023738
v 0.009918549 0.01719433 0.03111554
v 0.009901051 0.01720443 0.03387668
v 0.01014275 0.01706489 0.035
v 0.009723962 0.01730667 0.035
v 0.009928099 0.01718881 0.03452086
v 0.009723962 0.01730667 0.026
v 0.004954793 0.008436881 0.035
v 0.00451764 0.008609307 0.035
v 0.004863054 0.00897585 0.035
v 0.005762625 0.01000177 0.035
v 0.00776578 0.01345119 0.035
v 0.008704576 0.01507046 0.035
v 0.009233994 0.01651845 0.035
v 0.009684687 0.01678553 0.035
v 0.005357502 0.008755505 0.035
v 0.005404973 0.009396801 0.035
v 0.007331843 0.01271735 0.035
v 0.00823391 0.01425777 0.035
v 0.009154293 0.01583486 0.035
v 0.00968206 0.01624137 0.035
v 0.004911991 0.007960511 0.026
v 0.004685881 0.008091056 0.02696027
v 0.004679377 0.008094811 0.02833748
v 0.004689751 0.008088821 0.02956343
v 0.004495743 0.008200832 0.026
v 0.004682941 0.008092753 0.02760656
v 0.004691068 0.008088061 0.02642894
v 0.004677097 0.008096127 0.02902205
v 0.004911975 0.008494128 0.026
v 0.004846044 0.009036651 0.026
v 0.005785083 0.01002422 0.026
v 0.006740205 0.01167337 0.026
v 0.00772811 0.01338524 0.026
v 0.008708879 0.01508263 0.026
v 0.009354451 0.0166414 0.026
v 0.009930059 0.01670677 0.026
v 0.005374326 0.008847348 0.026
v 0.005720883 0.009296707 0.026
v 0.008221808 0.01424026 0.026
v 0.005183237 0.009476342 0.026
v 0.006260669 0.01082783 0.026
v 0.007233273 0.01252811 0.026
v 0.009175289 0.01587175 0.026
v 0.009731796 0.01624768 0.026
v 0.009722752 -0.01730737 0.026
v 0.00978122 -0.01727362 0.02707994
v 0.009896334 -0.01720715 0.0277162
v 0.009934249 -0.01718526 0.02849591
v 0.009924985 -0.01719061 0.02941897
v 0.009925827 -0.01719013 0.03037612
v 0.009929761 -0.01718786 0.031307
v 0.009926851 -0.01718954 0.03215238
v 0.009929075 -0.01718825 0.03293259
v 0.00993101 -0.01718713 0.03360274
v 0.009707466 -0.0173162 0.03415547
v 0.009722752 -0.01730737 0.035
v 0.01014745 -0.01706217 0.035
v 0.009931966 -0.01718658 0.03458076
v 0.01014745 -0.01706217 0.026
v 0.009985222 -0.01715584 0.02654557
v 0.01014678 -0.01706256 0.03415124
v 0.004921987 -0.008586733 0.035
v 0.005421453 -0.008892212 0.035
v 0.005612741 -0.009668869 0.035
v 0.006079066 -0.01051177 0.035
v 0.006558983 -0.01136011 0.035
v 0.007042431 -0.01219872 0.035
v 0.00752172 -0.01302636 0.035
v 0.007990335 -0.01380808 0.035
v 0.008467491 -0.01441478 0.035
v 0.008744155 -0.01509193 0.035
v 0.00911203 -0.01576455 0.035
v 0.009423196 -0.01634488 0.035
v 0.009705892 -0.01681465 0.035
v 0.005013944 -0.009251584 0.035
v 0.004457832 -0.008222719 0.026
v 0.004441124 -0.008232366 0.02692602
v 0.004652555 -0.008110296 0.02828537
v 0.00480811 -0.008020487 0.02957
v 0.004890408 -0.007972972 0.026
v 0.004896579 -0.007969409 0.02693391
v 0.004674494 -0.00809763 0.0275265
v 0.00466818 -0.008101275 0.02646597
v 0.004677602 -0.008095835 0.02900331
v 0.004897557 -0.008509472 0.026
v 0.005185963 -0.008990738 0.026
v 0.00588826 -0.01018767 0.026
v 0.009634363 -0.01665194 0.026
v 0.005503702 -0.009570673 0.026
v -0.001976677 0.002638845 0.06
v -0.009712277 0.01731342 0.026
v -0.009689722 0.01732644 0.02688005
v -0.009930817 0.01718725 0.02748667
v -0.009929615 0.01718794 0.02832111
v -0.009926266 0.01718987 0.02926419
v -0.009925975 0.01719004 0.03023296
v -0.009925678 0.01719021 0.03120403
v -0.009921463 0.01719265 0.03215958
v -0.009923585 0.01719142 0.03303441
v -0.009910124 0.01719919 0.03381773
v -0.009634393 0.01735839 0.03434852
v -0.009696948 0.01732227 0.035
v -0.01010998 0.01708381 0.035
v -0.01001343 0.01713955 0.03449841
v -0.01014281 0.01706485 0.026
v -0.009813565 0.01725494 0.02642006
v -0.0101482 0.01706174 0.02674992
v -0.004654069 0.008564168 0.035
v -0.005241172 0.008611611 0.035
v -0.005410902 0.009371414 0.035
v -0.00584126 0.01015701 0.035
v -0.006323917 0.01096511 0.035
v -0.006818302 0.01181254 0.035
v -0.007310027 0.01266363 0.035
v -0.007801448 0.0135143 0.035
v -0.00829357 0.01435949 0.035
v -0.008738603 0.01514458 0.035
v -0.009131792 0.01587083 0.035
v -0.009672711 0.0162325 0.035
v -0.009681014 0.01680706 0.035
v -0.004853104 0.009001099 0.035
v -0.009230616 0.01654048 0.035
v -0.004407959 0.008251514 0.02677572
v -0.004440785 0.008232562 0.026
v -0.004636829 0.008119376 0.02823992
v -0.004469599 0.008215926 0.02957704
v -0.004882807 0.00797736 0.026
v -0.004846414 0.007998372 0.02662906
v -0.00465049 0.008111488 0.02739148
v -0.004910722 0.007961243 0.02933331
v -0.004468026 0.008216834 0.02900926
v -0.004922646 0.007954359 0.02877217
v -0.004920462 0.008503321 0.026
v -0.005425181 0.008756114 0.026
v -0.005760523 0.01005309 0.026
v -0.009266149 0.01598355 0.026
v -0.009535453 0.0167183 0.026
v -0.004989331 0.009075676 0.026
v -0.005197483 0.009624114 0.026
v -0.005651135 0.00931613 0.026
v -0.01012713 -0.0170739 0.026
v -0.01017176 -0.01704814 0.0269956
v -0.009945066 -0.01717902 0.02765591
v -0.009943029 -0.0171802 0.02850881
v -0.009925478 -0.01719033 0.02949003
v -0.009924345 -0.01719098 0.03052004
v -0.009926737 -0.0171896 0.03153059
v -0.009922642 -0.01719197 0.03251034
v -0.009905168 -0.01720205 0.03344743
v -0.01013657 -0.01706846 0.03406153
v -0.01014328 -0.01706458 0.035
v -0.009727892 -0.0173044 0.035
v -0.009919577 -0.01719374 0.03453249
v -0.009708995 -0.01731531 0.026
v -0.009925162 -0.01719051 0.02649085
v -0.009700988 -0.01731994 0.02701501
v -0.009693184 -0.01732444 0.03405843
v -0.005100153 -0.008329477 0.035
v -0.004886615 -0.008915631 0.035
v -0.005462977 -0.009438881 0.035
v -0.005888367 -0.01018953 0.035
v -0.0063625 -0.01101332 0.035
v -0.006840379 -0.0118456 0.035
v -0.007323898 -0.01268343 0.035
v -0.007807999 -0.01352227 0.035
v -0.008288987 -0.01436027 0.035
v -0.008766347 -0.015158 0.035
v -0.009209155 -0.01590568 0.035
v -0.009363355 -0.01665886 0.035
v -0.009942208 -0.01672867 0.035
v -0.005414499 -0.008750769 0.035
v -0.009749468 -0.01629221 0.035
v -0.00497495 -0.007924161 0.02640891
v -0.004843731 -0.007999921 0.02694091
v -0.004672163 -0.008098975 0.02839689
v -0.004668652 -0.008101002 0.02926192
v -0.004436005 -0.008235321 0.026
v -0.004543285 -0.008173383 0.02649915
v -0.004698759 -0.00808362 0.02761356
v -0.004884917 -0.007976142 0.026
v -0.002537682 0.001937713 0.06
v -0.00490059 -0.00852936 0.026
v -0.004841771 -0.009033565 0.026
v -0.005637084 -0.009646785 0.026
v -0.008973375 -0.01560013 0.026
v -0.009691858 -0.01679533 0.026
v -0.005374974 -0.008940573 0.026
v -0.009406197 -0.01628574 0.026
v -0.005088852 -0.009438975 0.026
v -0.01985 0.0002596053 0.026
v -0.01985 0.0002710785 0.02690887
v -0.01985 4.210869e-05 0.02751538
v -0.01985 4.323172e-05 0.02826751
v -0.01985 7.479942e-05 0.03350042
v -0.01985 0.0003040671 0.03425844
v -0.01985 0.0002518511 0.035
v -0.01985 -0.000261034 0.035
v -0.01985 -4.283504e-05 0.03460983
v -0.01985 -0.0004244771 0.03464139
v -0.01985 -0.0002470834 0.026
v -0.01985 -0.0002554963 0.02695173
v -0.01985 -5.0818e-07 0.02646929
v -0.01985 -0.00026272 0.0341433
v -0.009819981 -2.597291e-06 0.035
v -0.01024938 -0.0002901569 0.035
v -0.01078347 -0.0001655534 0.035
v -0.0113939 -5.053036e-05 0.035
v -0.01207336 -2.225087e-05 0.035
v -0.01284269 -1.362488e-05 0.035
v -0.01369036 -2.077715e-06 0.035
v -0.01463114 2.417343e-07 0.035
v -0.01561207 1.118939e-06 0.035
v -0.01669853 6.433025e-05 0.035
v -0.01761388 -9.331897e-06 0.035
v -0.01832106 -0.0001238381 0.035
v -0.01891288 -0.0002664087 0.035
v -0.01936989 2.440893e-06 0.035
v -0.01034998 0.0002679282 0.035
v -0.01882821 0.0002741118 0.035
v -0.00935 0.0002711792 0.026
v -0.00935 -3.938847e-05 0.02700721
v -0.00935 -2.526439e-05 0.02848852
v -0.00935 -1.44697e-05 0.02927804
v -0.00935 -0.0002595089 0.026
v -0.00935 -0.0001652106 0.02642164
v -0.00935 -2.240145e-05 0.02773304
v 0.0003809245 0.003981821 0.06
v -0.009784613 -1.995217e-05 0.026
v -0.01023584 -0.0002792893 0.026
v -0.01143021 -1.352724e-05 0.026
v -0.01264605 2.204803e-05 0.026
v -0.01826899 -0.0001266229 0.026
v -0.01941641 3.165692e-06 0.026
v -0.0102111 0.0002580609 0.026
v -0.01075425 -3.578748e-06 0.026
v -0.01860192 0.0003066081 0.026
v -0.01904025 0.0003309756 0.026
v -0.01206753 -0.0002781454 0.026
v -0.0176293 5.174695e-05 0.026
v -0.01889683 -0.0002161012 0.026
v -0.01202046 0.0002818936 0.026
v -0.004 -9.797174e-19 0.06
v -0.004 -9.797174e-19 0.05918988
v -0.003921596 -0.0007880891 0.06
v -0.004 -9.797174e-19 0.05836319
v -0.003940282 -0.000688607 0.05875966
v -0.003914691 0.0008217027 0.06
v -0.00366081 0.001611977 0.06
v -0.003738624 0.001422213 0.05906942
v -0.003229011 0.002360823 0.06
v -0.002686268 0.002963776 0.06
v -0.002876276 0.002779755 0.05914443
v -0.002038142 0.003441798 0.06
v -0.001287173 0.00378724 0.06
v -0.001534278 0.003694048 0.05915582
v -0.0004507534 0.003974522 0.06
v 6.560869e-05 0.003999462 0.05923594
v 0.001157965 0.003828723 0.06
v 0.001932262 0.003502337 0.06
v 0.001450265 0.003727832 0.05922112
v 0.002611437 0.003029917 0.06
v 0.003161018 0.002451115 0.06
v 0.002823831 0.002833016 0.05915756
v 0.00362329 0.001694629 0.06
v 0.003914643 0.0008219312 0.06
v 0.003747091 0.001399752 0.05915789
v 0.004 1.85789e-06 0.06
v 0.00391309 -0.0008292947 0.06
v 0.003987008 -0.0003221264 0.05912524
v 0.003631438 -0.001677098 0.06
v 0.003183088 -0.002422386 0.06
v 0.003379596 -0.002139703 0.05911901
v 0.002606316 -0.003034323 0.06
v 0.001944205 -0.003495721 0.06
v 0.002201457 -0.003339699 0.05920921
v 0.001192688 -0.003818049 0.06
v 0.0003678698 -0.003983048 0.06
v 0.0008433101 -0.003910093 0.05918762
v -0.0005604134 -0.003960548 0.06
v -0.00138008 -0.003754381 0.06
v -0.001039801 -0.003862488 0.05913791
v -0.002137864 -0.00338076 0.06
v -0.002794458 -0.002861993 0.06
v -0.002548308 -0.003083201 0.05916357
v -0.003308084 -0.002248685 0.06
v -0.003689458 -0.001545284 0.06
v -0.003492715 -0.001949601 0.05936997
v -0.003939168 0.0006949477 0.05873802
v -0.003784392 0.001295522 0.05821328
v -0.003499342 0.001937681 0.05828573
v -0.003061576 0.002574248 0.05830282
v -0.002484668 0.003134713 0.05832561
v -0.001786806 0.003578732 0.05833386
v -0.00101617 0.003868772 0.0583453
v -0.0001658503 0.00399656 0.05838132
v 0.0007747753 0.003924248 0.05850547
v 0.001646022 0.003645629 0.05838544
v 0.002393158 0.00320512 0.05835754
v 0.003032011 0.002609005 0.058326
v 0.003517288 0.001904911 0.05832455
v 0.003842012 0.001113077 0.05832447
v 0.003990269 0.000278846 0.0583018
v 0.00396415 -0.0005343329 0.05827485
v 0.003798673 -0.00125303 0.05813264
v 0.003501103 -0.001934497 0.05828419
v 0.00302737 -0.002614389 0.05833769
v 0.002389193 -0.003208077 0.05838089
v 0.001567632 -0.003680018 0.05848056
v 0.0006715631 -0.003943222 0.05831986
v -6.880732e-05 -0.003999408 0.05813873
v -0.0007969623 -0.003919802 0.05829392
v -0.001594932 -0.003668268 0.05832798
v -0.00231931 -0.003258957 0.05832694
v -0.002940713 -0.002711495 0.05836082
v -0.003453099 -0.002018938 0.05846205
v -0.00377653 -0.001318263 0.05827654
v -0.003379543 0.002139787 0.05913827
v -0.002258 0.003301732 0.05915871
v -0.0007374293 0.003931437 0.05916988
v 0.000767704 0.003925638 0.05936238
v 0.002169712 0.003360409 0.05917997
v 0.003360095 0.002170198 0.05914763
v 0.003961617 0.0005528016 0.05914446
v 0.003796769 -0.001258786 0.05901812
v 0.00283134 -0.002825511 0.05916043
v 0.001550964 -0.003687073 0.05935404
v -8.718442e-05 -0.00399905 0.05903493
v -0.001837402 -0.00355302 0.05914879
v -0.003101809 -0.002525625 0.05921696
v -0.003765146 -0.001350436 0.05913304
f 1 2 3
f 2 4 5
f 6 7 8
f 9 10 11
f 12 13 14
f 15 16 17
f 18 19 1
f 18 20 21
f 22 23 24
f 25 26 27
f 28 29 30
f 31 32 33
f 34 35 36
f 37 38 39
f 40 41 42
f 43 44 45
f 46 47 48
f 49 50 51
f 52 53 54
f 55 56 57
f 58 59 60
f 4 2 61
f 6 4 62
f 4 61 62
f 7 6 63
f 6 62 63
f 9 7 64
f 7 63 64
f 10 9 65
f 9 64 65
f 12 10 66
f 10 65 66
f 13 12 67
f 12 66 67
f 15 13 68
f 13 67 68
f 16 15 69
f 70 69 71
f 72 70 73
f 70 71 73
f 74 72 75
f 72 73 75
f 76 74 77
f 74 75 77
f 78 76 79
f 76 77 79
f 80 78 81
f 78 79 81
f 82 80 83
f 80 81 83
f 84 82 85
f 82 83 85
f 86 84 87
f 84 85 87
f 88 86 89
f 86 87 89
f 90 88 91
f 88 89 91
f 92 90 93
f 90 91 93
f 94 92 95
f 92 93 95
f 96 94 97
f 94 95 97
f 98 96 99
f 96 97 99
f 100 98 101
f 98 99 101
f 102 100 103
f 100 101 103
f 104 102 105
f 102 103 105
f 106 104 107
f 104 105 107
f 108 106 109
f 106 107 109
f 110 108 111
f 108 109 111
f 112 110 113
f 110 111 113
f 114 112 115
f 112 113 115
f 116 114 117
f 114 115 117
f 118 116 119
f 116 117 119
f 120 118 121
f 118 119 121
f 122 120 123
f 120 121 123
f 17 122 124
f 122 123 124
f 3 2 5
f 15 17 124
f 5 4 125
f 4 6 125
f 6 8 125
f 7 9 126
f 10 12 127
f 7 126 8
f 13 15 128
f 21 20 129
f 20 22 129
f 22 24 129
f 23 25 130
f 26 28 131
f 29 31 132
f 32 34 133
f 35 37 134
f 38 40 135
f 41 43 136
f 44 46 137
f 47 49 138
f 49 51 138
f 50 52 139
f 53 55 140
f 54 53 140
f 55 57 140
f 56 58 141
f 69 15 68
f 59 3 142
f 15 124 128
f 59 142 60
f 132 31 33
f 2 1 19
f 23 130 24
f 13 128 14
f 11 10 127
f 27 26 131
f 30 29 132
f 33 32 133
f 36 35 134
f 39 38 135
f 42 41 136
f 45 44 137
f 48 47 138
f 51 50 139
f 141 58 60
f 57 56 141
f 133 34 36
f 134 37 39
f 135 40 42
f 136 43 45
f 137 46 48
f 127 12 14
f 126 9 11
f 131 28 30
f 130 25 27
f 139 52 54
f 125 8 143
f 131 30 144
f 27 131 145
f 131 144 145
f 126 11 146
f 8 126 147
f 143 8 147
f 126 146 147
f 14 128 148
f 129 24 149
f 139 54 150
f 130 27 151
f 33 133 152
f 2 19 61
f 36 134 153
f 134 39 154
f 135 42 155
f 136 45 156
f 45 137 157
f 48 138 158
f 127 14 159
f 14 148 159
f 51 139 160
f 139 150 160
f 141 60 161
f 133 36 162
f 152 133 162
f 36 153 162
f 57 141 163
f 141 161 163
f 128 124 164
f 148 128 164
f 124 123 164
f 63 62 165
f 64 63 166
f 63 165 166
f 65 64 167
f 64 166 167
f 66 65 168
f 65 167 168
f 67 66 169
f 66 168 169
f 68 67 170
f 67 169 170
f 5 125 171
f 125 143 171
f 75 73 172
f 77 75 173
f 75 172 173
f 79 77 174
f 77 173 174
f 81 79 175
f 79 174 175
f 83 81 176
f 81 175 176
f 85 83 177
f 83 176 177
f 87 85 178
f 85 177 178
f 89 87 179
f 87 178 179
f 91 89 180
f 89 179 180
f 93 91 181
f 91 180 181
f 95 93 182
f 93 181 182
f 97 95 183
f 95 182 183
f 99 97 184
f 97 183 184
f 101 99 185
f 99 184 185
f 103 101 186
f 101 185 186
f 105 103 187
f 103 186 187
f 107 105 188
f 105 187 188
f 109 107 189
f 107 188 189
f 111 109 190
f 109 189 190
f 113 111 191
f 111 190 191
f 115 113 192
f 113 191 192
f 117 115 193
f 115 192 193
f 119 117 194
f 117 193 194
f 121 119 195
f 119 194 195
f 123 121 196
f 164 123 196
f 121 195 196
f 24 130 197
f 149 24 197
f 130 151 197
f 11 127 198
f 146 11 198
f 127 159 198
f 132 33 199
f 138 51 200
f 158 138 200
f 51 160 200
f 150 54 201
f 54 140 201
f 27 145 151
f 199 33 152
f 60 142 202
f 21 129 203
f 129 149 203
f 30 132 204
f 60 202 161
f 61 19 203
f 153 134 154
f 39 135 205
f 42 136 206
f 45 157 156
f 137 48 207
f 132 199 204
f 61 203 62
f 165 62 203
f 69 68 71
f 142 3 5
f 18 21 19
f 68 170 71
f 73 71 170
f 206 136 156
f 30 204 144
f 73 170 172
f 205 135 155
f 39 205 154
f 42 206 155
f 207 48 158
f 142 5 202
f 157 137 207
f 140 57 208
f 201 140 208
f 57 163 208
f 157 207 209
f 203 149 165
f 145 144 210
f 172 170 211
f 170 169 211
f 148 164 212
f 164 196 212
f 153 154 213
f 156 157 214
f 204 199 215
f 160 150 216
f 151 145 217
f 173 172 211
f 166 165 218
f 167 166 219
f 166 218 219
f 168 167 220
f 167 219 220
f 169 168 221
f 211 169 221
f 168 220 221
f 19 21 203
f 205 155 222
f 174 173 223
f 175 174 224
f 174 223 224
f 176 175 225
f 175 224 225
f 177 176 226
f 176 225 226
f 178 177 227
f 177 226 227
f 179 178 228
f 178 227 228
f 180 179 229
f 179 228 229
f 181 180 230
f 180 229 230
f 182 181 231
f 181 230 231
f 183 182 232
f 182 231 232
f 184 183 233
f 183 232 233
f 185 184 234
f 184 233 234
f 186 185 235
f 185 234 235
f 187 186 236
f 186 235 236
f 188 187 237
f 187 236 237
f 189 188 238
f 188 237 238
f 190 189 239
f 189 238 239
f 191 190 240
f 190 239 240
f 192 191 241
f 191 240 241
f 193 192 242
f 192 241 242
f 194 193 243
f 193 242 243
f 195 194 244
f 194 243 244
f 206 156 245
f 159 148 212
f 155 206 246
f 222 155 246
f 206 245 246
f 163 161 247
f 199 152 248
f 147 146 249
f 165 149 250
f 143 147 251
f 147 249 251
f 198 159 252
f 213 154 253
f 154 205 253
f 146 198 254
f 249 146 254
f 198 252 254
f 161 202 255
f 205 222 253
f 156 214 245
f 217 145 210
f 216 150 256
f 150 201 256
f 144 204 257
f 204 215 257
f 215 199 248
f 202 5 171
f 173 211 223
f 218 165 250
f 197 151 258
f 151 217 258
f 250 149 197
f 214 157 209
f 195 244 259
f 196 195 259
f 159 212 252
f 200 160 260
f 162 153 261
f 153 213 261
f 209 207 262
f 207 158 262
f 208 163 263
f 163 247 263
f 158 200 264
f 262 158 264
f 200 260 264
f 248 152 265
f 152 162 265
f 144 257 210
f 143 251 255
f 260 160 216
f 161 255 247
f 255 251 247
f 245 214 266
f 260 216 267
f 213 253 268
f 247 251 269
f 251 249 269
f 224 223 270
f 212 196 259
f 253 222 271
f 219 218 272
f 215 248 273
f 257 215 274
f 215 273 274
f 250 197 258
f 210 257 275
f 257 274 275
f 209 262 276
f 220 219 277
f 219 272 277
f 171 143 255
f 259 244 278
f 218 250 272
f 214 209 279
f 266 214 279
f 209 276 279
f 225 224 280
f 224 270 280
f 226 225 281
f 225 280 281
f 227 226 282
f 226 281 282
f 228 227 283
f 227 282 283
f 229 228 284
f 228 283 284
f 230 229 285
f 229 284 285
f 231 230 286
f 230 285 286
f 232 231 287
f 231 286 287
f 233 232 288
f 232 287 288
f 234 233 289
f 233 288 289
f 235 234 290
f 234 289 290
f 236 235 291
f 235 290 291
f 237 236 292
f 236 291 292
f 238 237 293
f 237 292 293
f 239 238 294
f 238 293 294
f 240 239 295
f 239 294 295
f 241 240 296
f 240 295 296
f 242 241 297
f 241 296 297
f 243 242 298
f 242 297 298
f 244 243 299
f 243 298 299
f 217 210 300
f 210 275 300
f 223 211 301
f 270 223 301
f 211 221 301
f 252 212 259
f 201 208 302
f 256 201 302
f 208 263 302
f 202 171 255
f 252 259 278
f 247 269 263
f 269 249 303
f 271 222 304
f 222 246 304
f 254 252 305
f 252 278 305
f 250 258 272
f 249 254 303
f 276 262 306
f 258 217 307
f 217 300 307
f 221 220 308
f 301 221 308
f 220 277 308
f 273 248 309
f 248 265 309
f 278 244 299
f 262 264 306
f 253 271 268
f 261 213 310
f 213 268 310
f 162 261 265
f 246 245 311
f 304 246 311
f 245 266 311
f 264 260 312
f 260 267 312
f 267 216 313
f 216 256 313
f 280 270 314
f 265 261 315
f 309 265 315
f 261 310 315
f 278 299 305
f 276 306 316
f 263 269 317
f 268 271 318
f 277 272 319
f 275 274 320
f 274 273 321
f 303 254 305
f 281 280 322
f 280 314 322
f 282 281 323
f 281 322 323
f 283 282 324
f 282 323 324
f 284 283 325
f 283 324 325
f 285 284 326
f 284 325 326
f 286 285 327
f 285 326 327
f 287 286 328
f 286 327 328
f 288 287 329
f 287 328 329
f 289 288 330
f 288 329 330
f 290 289 331
f 289 330 331
f 291 290 332
f 290 331 332
f 292 291 333
f 291 332 333
f 293 292 334
f 292 333 334
f 294 293 335
f 293 334 335
f 295 294 336
f 294 335 336
f 296 295 337
f 295 336 337
f 297 296 338
f 296 337 338
f 298 297 339
f 297 338 339
f 299 298 340
f 298 339 340
f 300 275 341
f 275 320 341
f 269 303 317
f 306 264 312
f 272 258 307
f 270 301 342
f 314 270 342
f 301 308 342
f 267 313 343
f 318 271 344
f 271 304 344
f 316 306 345
f 263 317 302
f 268 318 346
f 256 302 347
f 313 256 347
f 302 317 347
f 307 300 348
f 300 341 348
f 317 303 349
f 303 305 349
f 272 307 319
f 321 350 274
f 308 277 351
f 342 308 351
f 277 319 351
f 312 267 352
f 267 343 352
f 299 340 305
f 321 273 353
f 273 309 353
f 279 276 354
f 276 316 354
f 310 268 346
f 306 312 345
f 311 266 355
f 266 279 356
f 355 266 356
f 279 354 356
f 329 328 318
f 316 345 335
f 310 346 357
f 305 340 349
f 346 318 328
f 319 307 348
f 322 314 341
f 324 323 350
f 325 324 321
f 353 358 325
f 327 326 357
f 328 327 346
f 330 329 344
f 332 331 355
f 333 332 356
f 334 333 354
f 335 334 316
f 336 335 345
f 337 336 345
f 338 337 352
f 339 338 359
f 340 339 359
f 349 340 359
f 360 361 362
f 341 320 322
f 304 311 363
f 344 304 363
f 311 355 363
f 345 312 352
f 355 331 363
f 341 314 348
f 346 327 357
f 332 355 356
f 316 334 354
f 345 352 337
f 310 357 315
f 313 347 359
f 354 333 356
f 330 344 363
f 363 331 330
f 321 324 350
f 320 274 350
f 323 322 320
f 325 321 353
f 314 351 348
f 329 318 344
f 317 349 347
f 343 313 359
f 309 315 364
f 338 352 343
f 359 347 349
f 314 342 351
f 357 326 358
f 353 309 364
f 338 343 359
f 323 320 350
f 365 360 362
f 326 325 358
f 353 364 358
f 319 348 351
f 315 357 364
f 364 357 358
f 366 367 368
f 367 369 370
f 371 372 373
f 374 375 376
f 377 368 378
f 379 377 380
f 377 378 380
f 381 379 382
f 379 380 382
f 383 381 384
f 381 382 384
f 385 383 386
f 383 384 386
f 387 385 388
f 385 386 388
f 389 387 390
f 387 388 390
f 391 389 392
f 389 390 392
f 393 391 392
f 394 393 395
f 396 394 397
f 394 395 397
f 398 396 399
f 396 397 399
f 400 398 401
f 402 403 404
f 405 402 406
f 402 404 406
f 375 405 407
f 405 406 407
f 408 401 399
f 409 408 410
f 411 409 412
f 409 410 412
f 413 414 415
f 416 413 417
f 418 416 419
f 416 417 419
f 420 418 421
f 418 419 421
f 422 420 423
f 420 421 423
f 403 422 424
f 422 423 424
f 425 426 427
f 428 425 429
f 425 427 429
f 430 428 431
f 428 429 431
f 432 433 434
f 435 432 436
f 437 435 438
f 435 436 438
f 439 437 440
f 437 438 440
f 441 439 442
f 439 440 442
f 443 441 444
f 441 442 444
f 445 443 446
f 443 444 446
f 447 445 448
f 445 446 448
f 449 447 450
f 447 448 450
f 451 449 450
f 452 451 453
f 454 452 455
f 452 453 455
f 415 454 417
f 456 457 458
f 457 459 460
f 461 462 463
f 464 465 466
f 467 468 469
f 470 458 460
f 471 470 472
f 470 460 472
f 473 471 474
f 471 472 474
f 475 473 476
f 473 474 476
f 477 475 478
f 475 476 478
f 479 477 478
f 480 479 481
f 479 478 481
f 482 480 483
f 480 481 483
f 484 482 485
f 482 483 485
f 486 484 487
f 484 485 487
f 488 489 490
f 491 488 492
f 493 494 495
f 496 493 497
f 493 495 497
f 498 496 499
f 496 497 499
f 500 492 501
f 502 500 503
f 500 501 503
f 504 502 505
f 506 504 507
f 504 505 507
f 508 509 510
f 511 508 512
f 513 511 514
f 511 512 514
f 515 513 516
f 513 514 516
f 517 506 518
f 519 517 520
f 517 518 520
f 521 519 522
f 519 520 522
f 523 524 525
f 526 523 527
f 523 525 527
f 528 526 529
f 526 527 529
f 530 528 531
f 528 529 531
f 532 530 533
f 530 531 533
f 534 532 535
f 532 533 535
f 536 534 537
f 534 535 537
f 538 536 539
f 536 537 539
f 540 538 541
f 538 539 541
f 540 541 542
f 543 542 541
f 544 542 543
f 545 544 546
f 510 545 512
f 547 548 549
f 548 550 551
f 552 553 554
f 525 555 527
f 555 556 557
f 558 559 560
f 561 549 562
f 563 561 564
f 561 562 564
f 565 563 566
f 563 564 566
f 567 565 568
f 565 566 568
f 569 567 570
f 567 568 570
f 571 569 572
f 569 570 572
f 573 571 574
f 571 572 574
f 573 574 575
f 576 575 574
f 577 575 576
f 578 577 579
f 580 578 581
f 578 579 581
f 582 580 583
f 584 585 586
f 587 584 588
f 584 586 588
f 559 587 589
f 587 588 589
f 590 583 591
f 592 590 593
f 590 591 593
f 594 592 595
f 592 593 595
f 596 594 597
f 594 595 597
f 598 596 599
f 596 597 599
f 600 601 602
f 603 600 604
f 605 603 606
f 603 604 606
f 607 605 608
f 605 606 608
f 609 607 610
f 607 608 610
f 585 609 611
f 609 610 611
f 612 598 613
f 614 612 615
f 612 613 615
f 616 614 617
f 614 615 617
f 618 619 620
f 621 618 622
f 623 621 624
f 621 622 624
f 625 623 626
f 623 624 626
f 627 625 628
f 625 626 628
f 629 627 630
f 627 628 630
f 631 629 632
f 629 630 632
f 633 631 634
f 631 632 634
f 635 633 634
f 636 635 637
f 638 636 639
f 636 637 639
f 640 641 642
f 643 644 645
f 18 1 646
f 20 18 647
f 22 20 648
f 23 22 649
f 25 23 650
f 26 25 651
f 28 26 652
f 29 28 653
f 31 29 654
f 32 31 655
f 34 32 656
f 35 34 657
f 37 35 658
f 38 37 659
f 40 38 660
f 41 40 661
f 43 41 662
f 44 43 663
f 46 44 664
f 47 46 665
f 49 47 666
f 50 49 667
f 52 50 668
f 53 52 669
f 55 53 670
f 56 55 671
f 58 56 672
f 59 58 673
f 3 59 674
f 1 3 675
f 401 398 399
f 413 415 417
f 432 434 436
f 458 457 460
f 508 510 512
f 600 602 604
f 618 620 622
f 369 371 676
f 372 374 677
f 393 392 395
f 404 403 678
f 408 399 410
f 375 407 679
f 411 412 680
f 426 411 680
f 436 434 464
f 430 431 681
f 427 426 682
f 453 451 450
f 454 455 417
f 460 459 683
f 459 461 683
f 461 463 683
f 464 466 436
f 462 430 684
f 430 681 684
f 465 467 685
f 468 498 686
f 486 487 687
f 490 489 687
f 489 486 687
f 492 488 490
f 495 494 688
f 501 492 490
f 498 499 689
f 502 503 505
f 506 507 690
f 604 602 638
f 521 522 691
f 518 506 692
f 506 690 692
f 494 515 693
f 544 543 546
f 554 553 694
f 553 521 694
f 555 557 527
f 512 545 546
f 549 548 562
f 515 516 693
f 551 550 695
f 550 552 695
f 552 554 695
f 557 556 696
f 556 558 696
f 558 560 696
f 577 576 579
f 583 580 591
f 591 580 581
f 586 585 697
f 598 599 698
f 559 589 699
f 677 374 376
f 622 620 640
f 616 617 700
f 613 598 701
f 598 698 701
f 676 371 373
f 369 676 370
f 635 634 637
f 638 639 604
f 642 641 702
f 641 643 702
f 640 642 622
f 616 700 703
f 643 645 702
f 18 646 647
f 644 616 703
f 20 647 648
f 22 648 649
f 23 649 650
f 25 650 651
f 26 651 652
f 28 652 653
f 29 653 654
f 31 654 655
f 32 655 656
f 34 656 657
f 35 657 658
f 37 658 659
f 38 659 660
f 40 660 661
f 41 661 662
f 43 662 663
f 44 663 664
f 46 664 665
f 47 665 666
f 49 666 667
f 50 667 668
f 52 668 669
f 53 669 670
f 55 670 671
f 56 671 672
f 58 672 673
f 59 673 674
f 3 674 675
f 1 675 646
f 368 367 370
f 373 372 677
f 376 375 679
f 463 462 684
f 466 465 685
f 469 468 686
f 645 644 703
f 426 680 682
f 498 689 686
f 685 467 469
f 688 494 693
f 637 634 704
f 376 679 705
f 648 647 706
f 395 392 707
f 678 403 424
f 373 677 708
f 382 380 709
f 384 382 710
f 382 709 710
f 386 384 711
f 384 710 711
f 388 386 712
f 386 711 712
f 390 388 713
f 388 712 713
f 392 390 714
f 707 392 714
f 390 713 714
f 397 395 715
f 395 707 715
f 404 678 716
f 399 397 410
f 406 404 717
f 404 716 717
f 679 407 718
f 407 406 719
f 406 717 719
f 466 685 720
f 419 417 721
f 417 455 721
f 686 689 722
f 681 431 723
f 427 682 724
f 421 419 725
f 419 721 725
f 424 423 726
f 453 450 727
f 438 436 466
f 442 440 728
f 444 442 729
f 442 728 729
f 446 444 730
f 444 729 730
f 448 446 731
f 446 730 731
f 450 448 732
f 727 450 732
f 448 731 732
f 455 453 721
f 460 683 472
f 683 463 733
f 469 686 734
f 684 681 735
f 688 693 736
f 645 703 737
f 495 688 738
f 490 687 501
f 474 472 739
f 476 474 740
f 474 739 740
f 478 476 741
f 476 740 741
f 497 495 742
f 495 738 742
f 481 478 743
f 478 741 743
f 483 481 744
f 481 743 744
f 485 483 745
f 483 744 745
f 487 485 746
f 485 745 746
f 499 497 747
f 497 742 747
f 689 499 748
f 499 747 748
f 505 503 749
f 690 507 750
f 642 702 751
f 514 512 752
f 512 546 752
f 691 522 753
f 516 514 754
f 514 752 754
f 546 543 752
f 694 521 755
f 529 527 557
f 533 531 756
f 535 533 757
f 533 756 757
f 537 535 758
f 535 757 758
f 539 537 759
f 537 758 759
f 541 539 760
f 539 759 760
f 543 541 761
f 541 760 761
f 554 694 762
f 680 412 763
f 557 696 764
f 579 576 765
f 695 554 766
f 554 762 766
f 562 548 551
f 696 560 767
f 699 589 768
f 698 599 769
f 566 564 770
f 568 566 771
f 566 770 771
f 570 568 772
f 568 771 772
f 572 570 773
f 570 772 773
f 574 572 774
f 572 773 774
f 576 574 775
f 765 576 775
f 574 774 775
f 697 585 611
f 586 697 776
f 588 586 777
f 586 776 777
f 559 699 560
f 589 588 778
f 768 589 778
f 588 777 778
f 677 376 779
f 376 705 779
f 595 593 780
f 597 595 781
f 595 780 781
f 599 597 782
f 769 599 782
f 597 781 782
f 606 604 639
f 700 617 783
f 610 608 784
f 611 610 785
f 610 784 785
f 624 622 751
f 626 624 786
f 624 751 786
f 628 626 787
f 626 786 787
f 630 628 788
f 628 787 788
f 632 630 789
f 630 788 789
f 634 632 790
f 704 634 790
f 632 789 790
f 639 637 791
f 637 704 791
f 647 646 792
f 521 691 755
f 560 699 793
f 703 700 794
f 702 645 795
f 645 737 795
f 622 642 751
f 694 755 796
f 463 684 797
f 733 463 797
f 684 735 797
f 429 427 798
f 427 724 798
f 503 501 799
f 749 503 799
f 501 687 799
f 507 505 800
f 750 507 800
f 505 749 800
f 520 518 801
f 693 516 802
f 593 591 803
f 780 593 803
f 591 581 803
f 615 613 804
f 682 680 805
f 649 648 806
f 650 649 807
f 651 650 808
f 652 651 809
f 653 652 810
f 654 653 811
f 655 654 812
f 656 655 813
f 657 656 814
f 658 657 815
f 659 658 816
f 660 659 817
f 661 660 818
f 662 661 819
f 663 662 820
f 664 663 821
f 665 664 822
f 666 665 823
f 667 666 824
f 668 667 825
f 669 668 826
f 670 669 827
f 671 670 828
f 672 671 829
f 673 672 830
f 674 673 831
f 675 674 832
f 646 675 833
f 678 424 834
f 410 397 715
f 438 466 720
f 562 551 835
f 564 562 835
f 551 695 835
f 697 611 836
f 606 639 791
f 755 691 837
f 648 706 806
f 679 718 838
f 708 677 779
f 716 678 839
f 718 407 719
f 564 835 770
f 720 685 840
f 424 726 834
f 722 689 841
f 681 723 842
f 423 421 843
f 726 423 843
f 421 725 843
f 453 727 721
f 835 695 766
f 431 429 844
f 440 438 845
f 736 693 802
f 734 686 722
f 706 647 792
f 687 487 799
f 685 469 840
f 469 734 840
f 429 798 844
f 688 736 846
f 705 679 847
f 679 838 847
f 807 649 806
f 692 690 848
f 739 472 733
f 689 748 841
f 487 746 799
f 690 750 848
f 796 755 837
f 752 543 761
f 753 522 849
f 522 520 849
f 516 754 802
f 518 692 801
f 697 836 850
f 560 793 767
f 529 557 851
f 756 531 851
f 531 529 851
f 762 694 796
f 780 803 765
f 833 675 832
f 431 844 723
f 832 674 831
f 831 673 830
f 699 768 852
f 698 769 853
f 696 767 764
f 581 579 803
f 776 697 850
f 676 373 854
f 804 613 855
f 613 701 855
f 701 698 853
f 783 617 856
f 617 615 856
f 608 606 791
f 611 785 836
f 830 672 829
f 829 671 828
f 828 670 827
f 827 669 826
f 794 700 857
f 700 783 857
f 792 646 833
f 826 668 825
f 793 699 852
f 703 794 737
f 702 795 751
f 808 650 807
f 825 667 824
f 824 666 823
f 823 665 822
f 822 664 821
f 821 663 820
f 820 662 819
f 819 661 818
f 818 660 817
f 817 659 816
f 816 658 815
f 815 657 814
f 814 656 813
f 813 655 812
f 812 654 811
f 811 653 810
f 810 652 809
f 809 651 808
f 738 688 846
f 735 681 842
f 724 682 858
f 682 805 858
f 378 368 370
f 380 378 854
f 412 410 859
f 763 412 859
f 410 715 859
f 472 683 733
f 805 680 860
f 680 763 860
f 839 678 834
f 440 845 728
f 849 520 801
f 854 373 708
f 856 615 804
f 838 718 861
f 708 779 862
f 711 710 863
f 712 711 864
f 711 863 864
f 713 712 865
f 712 864 865
f 719 717 866
f 718 719 867
f 861 718 867
f 719 866 867
f 842 723 868
f 840 734 869
f 770 835 766
f 834 726 870
f 799 746 749
f 735 842 871
f 849 801 872
f 736 802 873
f 730 729 874
f 731 730 875
f 730 874 875
f 798 724 876
f 856 804 877
f 846 736 878
f 736 873 878
f 706 792 879
f 796 837 880
f 854 708 881
f 708 862 881
f 739 733 882
f 733 797 882
f 841 748 883
f 741 740 884
f 742 738 885
f 743 741 886
f 741 884 886
f 744 743 887
f 743 886 887
f 745 744 888
f 744 887 888
f 888 889 745
f 747 742 890
f 742 885 890
f 791 704 891
f 748 747 892
f 883 748 892
f 747 890 892
f 848 750 893
f 762 796 894
f 850 836 895
f 757 756 896
f 767 793 897
f 851 557 764
f 756 851 898
f 896 756 898
f 851 764 898
f 753 849 899
f 849 872 899
f 758 757 900
f 757 896 900
f 759 758 901
f 758 900 901
f 760 759 902
f 759 901 902
f 761 760 903
f 760 902 903
f 839 834 904
f 722 841 905
f 833 832 906
f 779 705 907
f 862 779 907
f 705 847 907
f 691 753 837
f 853 769 908
f 852 768 909
f 783 856 910
f 856 877 910
f 764 767 898
f 836 785 911
f 772 771 912
f 773 772 913
f 772 912 913
f 774 773 914
f 773 913 914
f 795 737 915
f 716 839 916
f 786 751 795
f 752 761 754
f 787 786 917
f 788 787 918
f 787 917 918
f 789 788 919
f 788 918 919
f 792 833 920
f 806 706 921
f 771 770 922
f 912 771 922
f 770 766 922
f 720 840 923
f 840 869 923
f 766 762 922
f 777 776 924
f 808 807 925
f 740 739 882
f 754 761 903
f 807 806 926
f 844 798 927
f 798 876 927
f 832 831 928
f 776 850 929
f 801 692 930
f 734 722 931
f 869 734 931
f 722 905 931
f 830 829 932
f 825 824 933
f 809 808 934
f 810 809 935
f 811 810 936
f 812 811 937
f 813 812 938
f 814 813 939
f 815 814 940
f 816 815 941
f 817 816 942
f 818 817 943
f 819 818 944
f 820 819 945
f 821 820 946
f 822 821 947
f 823 822 948
f 824 823 949
f 793 852 950
f 827 826 951
f 828 827 952
f 829 828 953
f 737 794 954
f 831 830 955
f 723 844 956
f 844 927 956
f 826 825 957
f 728 845 958
f 749 746 800
f 837 753 959
f 370 676 378
f 754 903 802
f 438 720 845
f 707 714 960
f 842 868 961
f 866 717 962
f 717 716 962
f 714 713 963
f 960 714 963
f 713 865 963
f 932 829 953
f 922 762 894
f 870 726 964
f 726 843 964
f 959 753 899
f 871 842 961
f 715 707 965
f 721 727 725
f 707 960 965
f 839 904 966
f 706 879 921
f 832 928 906
f 834 870 904
f 876 724 967
f 724 858 967
f 732 731 968
f 731 875 968
f 727 732 969
f 732 968 969
f 898 767 897
f 846 878 970
f 847 838 971
f 879 792 920
f 725 727 969
f 962 716 916
f 715 965 859
f 839 966 916
f 971 838 861
f 378 676 854
f 796 880 894
f 805 860 972
f 854 881 709
f 893 750 889
f 750 800 889
f 848 893 973
f 891 704 974
f 704 790 974
f 805 972 858
f 837 959 975
f 863 710 881
f 955 830 932
f 807 926 925
f 836 911 895
f 905 841 976
f 845 720 958
f 954 794 977
f 953 828 952
f 780 765 978
f 833 906 920
f 951 826 957
f 950 852 979
f 852 909 979
f 908 769 980
f 769 782 980
f 952 827 951
f 911 785 981
f 949 823 948
f 765 775 978
f 915 737 954
f 775 774 982
f 774 914 982
f 855 701 983
f 701 853 983
f 909 768 984
f 768 778 984
f 786 795 915
f 804 855 877
f 778 777 985
f 984 778 985
f 777 924 985
f 781 780 978
f 948 822 947
f 868 723 956
f 853 908 986
f 782 781 978
f 785 784 981
f 947 821 987
f 821 946 987
f 917 786 915
f 946 820 945
f 945 819 944
f 579 765 803
f 944 818 943
f 943 817 942
f 891 784 791
f 942 816 941
f 857 783 988
f 783 910 988
f 790 789 989
f 974 790 989
f 789 919 989
f 941 815 940
f 940 814 939
f 806 921 926
f 939 813 938
f 938 812 937
f 937 811 936
f 936 810 935
f 934 990 809
f 934 808 925
f 797 735 991
f 735 871 991
f 930 692 992
f 692 848 992
f 897 793 950
f 884 740 882
f 880 837 975
f 929 850 993
f 850 895 993
f 924 776 929
f 841 883 976
f 709 881 710
f 729 728 994
f 763 859 995
f 860 763 995
f 859 965 995
f 928 831 955
f 729 994 874
f 801 930 872
f 933 824 949
f 825 933 957
f 709 380 854
f 738 846 996
f 738 996 885
f 848 973 992
f 994 728 958
f 977 794 857
f 983 853 986
f 996 846 970
f 800 746 889
f 746 745 889
f 952 951 997
f 961 868 998
f 932 953 999
f 872 930 1000
f 866 962 1001
f 865 864 1002
f 898 897 896
f 959 899 1003
f 966 904 1004
f 921 879 1005
f 970 878 1006
f 847 971 1007
f 879 920 1008
f 972 860 1009
f 882 797 991
f 942 941 1010
f 887 886 1011
f 888 887 1012
f 887 1011 1012
f 890 885 1013
f 975 959 1014
f 959 1003 1014
f 954 977 1015
f 955 932 1016
f 924 929 1017
f 871 961 1018
f 953 952 1019
f 915 954 1020
f 917 915 1020
f 954 1015 1020
f 900 896 1021
f 896 897 1021
f 901 900 1022
f 900 1021 1022
f 902 901 1023
f 901 1022 1023
f 920 906 1024
f 925 926 1003
f 910 877 1024
f 949 948 1013
f 855 983 1025
f 877 855 1026
f 1024 877 1026
f 855 1025 1026
f 914 913 1027
f 928 955 1028
f 918 917 1020
f 986 908 1029
f 782 978 980
f 919 918 1030
f 951 957 1031
f 912 922 1032
f 922 894 1032
f 906 928 1033
f 971 861 1034
f 913 912 1035
f 1027 913 1035
f 912 1032 1035
f 899 872 1036
f 905 976 1037
f 992 973 1038
f 895 911 1039
f 944 943 1001
f 875 874 1040
f 941 940 1041
f 880 975 1042
f 927 876 1043
f 939 938 1043
f 916 966 1044
f 894 880 1032
f 976 883 1045
f 946 945 1046
f 933 949 1047
f 802 903 873
f 897 950 1021
f 885 996 1047
f 935 809 990
f 936 935 1048
f 937 936 1049
f 938 937 998
f 926 921 1050
f 940 939 1051
f 1034 1052 942
f 945 944 1044
f 978 775 982
f 957 933 1053
f 884 882 991
f 983 986 1054
f 948 947 1045
f 996 970 1047
f 977 857 1055
f 961 998 1056
f 932 999 1016
f 872 1000 1036
f 920 1024 1026
f 963 865 1057
f 865 1002 1057
f 861 867 1052
f 960 963 1058
f 963 1057 1058
f 1003 899 1036
f 966 1004 1046
f 930 992 1059
f 921 1005 1050
f 970 1006 1060
f 864 863 1061
f 967 858 1062
f 858 972 1062
f 962 916 1063
f 968 875 1064
f 875 1040 1064
f 969 968 1065
f 968 1064 1065
f 847 1007 907
f 879 1008 1005
f 972 1009 1066
f 889 888 1067
f 983 1054 1025
f 972 1066 1062
f 1010 941 1068
f 941 1041 1068
f 973 893 1067
f 952 997 1019
f 891 974 1039
f 888 1012 1067
f 1013 885 1047
f 975 1014 1069
f 1002 864 1061
f 1015 977 1070
f 863 881 1071
f 955 1016 1028
f 956 927 1043
f 870 964 1072
f 924 1017 1019
f 997 951 1031
f 953 1019 1017
f 1018 961 1056
f 1001 962 1063
f 986 1029 1073
f 1024 906 1033
f 903 902 1074
f 925 1003 1036
f 902 1023 1074
f 979 909 997
f 919 1030 1075
f 949 1013 1047
f 923 869 1076
f 956 1043 938
f 928 1028 1033
f 982 914 1077
f 914 1027 1077
f 1000 930 1059
f 918 1020 1030
f 985 924 1019
f 1045 947 1078
f 976 1045 1078
f 947 987 1078
f 1034 942 1010
f 1041 940 1051
f 1051 939 1043
f 980 978 982
f 970 1060 1047
f 987 946 1079
f 946 1046 1079
f 1049 936 1048
f 990 1038 935
f 1043 876 1051
f 986 1073 1054
f 989 919 1075
f 725 969 964
f 953 1017 999
f 1042 975 1069
f 1040 874 1080
f 874 994 1080
f 895 1039 1081
f 1061 863 1071
f 861 1052 1034
f 1063 916 1044
f 1076 869 1082
f 869 931 1082
f 1039 974 1083
f 1081 1039 1083
f 974 989 1083
f 1070 977 1055
f 976 1078 1037
f 925 1036 934
f 997 909 1019
f 956 938 998
f 964 969 1072
f 994 1076 1080
f 1039 911 981
f 1031 957 1053
f 991 871 1084
f 884 991 1084
f 871 1018 1084
f 931 905 1085
f 1082 931 1085
f 905 1037 1085
f 904 870 1086
f 904 1086 1004
f 886 884 1087
f 881 862 1071
f 993 895 1081
f 920 1026 1008
f 969 1065 1072
f 973 1067 1088
f 1067 1012 1088
f 880 1042 1032
f 870 1072 1086
f 860 995 1009
f 929 993 1089
f 965 960 995
f 950 979 1090
f 1011 886 1087
f 933 1047 1060
f 1021 950 1090
f 1006 878 1074
f 973 1088 1038
f 926 1050 1069
f 857 988 1055
f 1053 933 1060
f 1071 862 907
f 995 960 1058
f 1091 1092 361
f 866 1001 1093
f 1059 992 1038
f 720 923 958
f 1046 1004 1079
f 1050 1005 1094
f 907 1007 1071
f 893 889 1067
f 890 1013 1095
f 892 890 1095
f 1002 1061 1096
f 883 892 1097
f 1028 1016 1098
f 1080 1082 1099
f 1082 1085 1099
f 997 1031 979
f 1073 1029 1077
f 1024 1033 910
f 1003 926 1014
f 1023 1022 1100
f 876 967 1051
f 1075 1030 1101
f 1014 926 1069
f 958 923 1076
f 883 1097 1045
f 1071 1007 1061
f 1097 892 1095
f 958 1076 994
f 1051 967 1062
f 725 964 843
f 1034 1010 1102
f 971 1034 1102
f 1068 1103 1010
f 908 980 1104
f 1074 1023 1006
f 1044 944 1063
f 908 1104 1029
f 971 1102 1007
f 1006 1023 1105
f 1060 1006 1105
f 1023 1100 1105
f 1103 1096 1102
f 1078 987 1106
f 1037 1078 1106
f 987 1079 1106
f 998 937 1049
f 1044 966 1046
f 999 1017 1089
f 1001 943 1093
f 1051 1062 1041
f 1026 1025 1008
f 981 784 891
f 934 1036 1000
f 1005 1008 1054
f 1004 1086 1107
f 1062 1066 1041
f 1087 884 1084
f 1013 948 1095
f 944 1001 1063
f 1008 1025 1054
f 1088 1012 1108
f 1012 1011 1108
f 1109 1091 361
f 1086 1072 1110
f 1107 1086 1110
f 1072 1065 1110
f 1017 929 1089
f 1111 1109 361
f 1059 990 1000
f 1041 1066 1068
f 1005 1054 1073
f 1046 945 1044
f 1042 1069 1112
f 1069 1050 1112
f 873 903 1074
f 1040 1080 1099
f 989 1075 1083
f 1095 948 1097
f 1053 1060 1105
f 1005 1073 1094
f 1016 999 1113
f 867 866 1093
f 1057 1002 1114
f 1002 1096 1114
f 360 1115 361
f 1102 1010 1103
f 1016 1113 1098
f 1030 1020 1015
f 1015 1070 1030
f 1065 1064 1110
f 1097 948 1045
f 1066 1009 1116
f 1009 995 1058
f 1030 1070 1101
f 1009 1058 1116
f 1032 1042 1117
f 993 1081 1113
f 1083 1075 1118
f 1081 1083 1118
f 1075 1101 1118
f 1018 1056 1119
f 1022 1021 1120
f 1073 1077 1121
f 1094 1073 1121
f 1077 1027 1121
f 1116 1058 1057
f 1070 1055 1122
f 1068 1066 1116
f 1064 1040 1123
f 985 1019 984
f 1050 1094 1112
f 1035 1032 1117
f 1029 1104 1077
f 1084 1018 1119
f 1104 980 982
f 1027 1035 1121
f 1088 1108 1048
f 1053 1105 1124
f 1031 1053 1124
f 1105 1100 1124
f 891 1039 981
f 1089 993 1113
f 1011 1087 1108
f 878 873 1074
f 1038 1088 1048
f 1104 982 1077
f 1117 1042 1112
f 1120 1021 1090
f 1022 1120 1100
f 1123 1040 1099
f 868 956 998
f 1085 1037 1125
f 1099 1085 1125
f 1037 1106 1125
f 1098 1101 1122
f 1113 999 1089
f 1118 1101 1098
f 1110 1064 1123
f 1082 1080 1076
f 1108 1087 1119
f 1081 1118 1113
f 1028 1098 1122
f 979 1031 1090
f 1079 1004 1107
f 910 1033 988
f 1123 1099 1125
f 1094 1121 1112
f 1122 1055 1033
f 1116 1057 1114
f 1056 998 1049
f 988 1033 1055
f 1090 1031 1124
f 1056 1049 1119
f 1113 1118 1098
f 934 1000 990
f 1033 1028 1122
f 1124 1100 1120
f 1119 1049 1048
f 1061 1007 1096
f 1124 1120 1090
f 1007 1102 1096
f 1096 1103 1114
f 867 1093 1052
f 1059 1038 990
f 1048 935 1038
f 1103 1068 1114
f 1125 1106 1123
f 1116 1114 1068
f 1070 1122 1101
f 1079 1107 1106
f 909 984 1019
f 1093 943 1052
f 943 942 1052
f 1048 1108 1119
f 1121 1035 1117
f 1107 1110 1123
f 1087 1084 1119
f 1123 1106 1107
f 1121 1117 1112
f 608 791 784
f 1126 1127 1128
f 1129 1130 1131
f 1132 1133 1134
f 1135 1136 1137
f 1138 1139 1140
f 1141 1142 1143
f 1144 1145 1146
f 1147 1148 1149
f 1150 1151 1152
f 1153 1154 1155
f 1156 1157 1158
f 1159 1160 1161
f 1162 1163 1164
f 1165 1166 1167
f 1168 1169 1170
f 1171 1172 1173
f 1174 1175 1176
f 1177 1178 1179
f 1180 1181 1182
f 1183 1184 1185
f 1186 1187 1188
f 1189 1190 1191
f 1192 1193 1194
f 1195 1196 1197
f 1198 1199 1200
f 1199 1126 1201
f 1200 1199 1201
f 1126 1128 1201
f 16 69 1202
f 69 70 1203
f 70 72 1204
f 72 74 1205
f 74 76 1206
f 76 78 1207
f 78 80 1208
f 80 82 1209
f 82 84 1210
f 84 86 1211
f 86 88 1212
f 88 90 1213
f 90 92 1214
f 92 94 1215
f 94 96 1216
f 96 98 1217
f 98 100 1218
f 100 102 1219
f 102 104 1220
f 104 106 1221
f 106 108 1222
f 108 110 1223
f 110 112 1224
f 112 114 1225
f 114 116 1226
f 116 118 1227
f 118 120 1228
f 120 122 1229
f 122 17 1230
f 17 16 1231
f 1127 1129 1232
f 1130 1132 1233
f 1133 1135 1234
f 1136 1138 1235
f 1139 1141 1236
f 1142 1144 1237
f 1145 1147 1238
f 1148 1150 1239
f 1151 1153 1240
f 1154 1156 1241
f 1157 1159 1242
f 1160 1162 1243
f 1163 1165 1244
f 1166 1168 1245
f 1169 1171 1246
f 1172 1174 1247
f 1175 1177 1248
f 1178 1180 1249
f 1181 1183 1250
f 1184 1186 1251
f 1187 1189 1252
f 1190 1192 1253
f 1193 1195 1254
f 1196 1198 1255
f 1203 70 1204
f 69 1203 1202
f 72 1205 1204
f 74 1206 1205
f 76 1207 1206
f 78 1208 1207
f 80 1209 1208
f 82 1210 1209
f 84 1211 1210
f 86 1212 1211
f 88 1213 1212
f 90 1214 1213
f 92 1215 1214
f 94 1216 1215
f 96 1217 1216
f 98 1218 1217
f 100 1219 1218
f 102 1220 1219
f 104 1221 1220
f 106 1222 1221
f 108 1223 1222
f 110 1224 1223
f 112 1225 1224
f 114 1226 1225
f 116 1227 1226
f 118 1228 1227
f 120 1229 1228
f 122 1230 1229
f 17 1231 1230
f 1127 1232 1128
f 16 1202 1231
f 1131 1130 1233
f 1134 1133 1234
f 1137 1136 1235
f 1140 1139 1236
f 1143 1142 1237
f 1146 1145 1238
f 1149 1148 1239
f 1152 1151 1240
f 1155 1154 1241
f 1158 1157 1242
f 1161 1160 1243
f 1164 1163 1244
f 1167 1166 1245
f 1170 1169 1246
f 1173 1172 1247
f 1176 1175 1248
f 1179 1178 1249
f 1182 1181 1250
f 1185 1184 1251
f 1188 1187 1252
f 1191 1190 1253
f 1194 1193 1254
f 1197 1196 1255
f 1232 1129 1131
f 1233 1132 1134
f 1234 1135 1137
f 1235 1138 1140
f 1236 1141 1143
f 1237 1144 1146
f 1238 1147 1149
f 1239 1150 1152
f 1240 1153 1155
f 1241 1156 1158
f 1242 1159 1161
f 1243 1162 1164
f 1244 1165 1167
f 1245 1168 1170
f 1246 1171 1173
f 1247 1174 1176
f 1248 1177 1179
f 1249 1180 1182
f 1250 1183 1185
f 1251 1186 1188
f 1252 1189 1191
f 1253 1192 1194
f 1254 1195 1197
f 1255 1198 1200
f 1233 1134 1256
f 1234 1137 1257
f 1235 1140 1258
f 1236 1143 1259
f 1237 1146 1260
f 1238 1149 1261
f 1239 1152 1262
f 1240 1155 1263
f 1241 1158 1264
f 1242 1161 1265
f 1243 1164 1266
f 1244 1167 1267
f 1245 1170 1268
f 1246 1173 1269
f 1247 1176 1270
f 1248 1179 1271
f 1249 1182 1272
f 1250 1185 1273
f 1251 1188 1274
f 1252 1191 1275
f 1253 1194 1276
f 1254 1197 1277
f 1255 1200 1278
f 1232 1131 1279
f 1203 1204 1280
f 1202 1203 1281
f 1231 1202 1282
f 1204 1205 1283
f 1205 1206 1284
f 1206 1207 1285
f 1207 1208 1286
f 1208 1209 1287
f 1209 1210 1288
f 1210 1211 1289
f 1211 1212 1290
f 1212 1213 1291
f 1213 1214 1292
f 1214 1215 1293
f 1215 1216 1294
f 1216 1217 1295
f 1217 1218 1296
f 1218 1219 1297
f 1219 1220 1298
f 1220 1221 1299
f 1221 1222 1300
f 1222 1223 1301
f 1223 1224 1302
f 1224 1225 1303
f 1225 1226 1304
f 1226 1227 1305
f 1227 1228 1306
f 1228 1229 1307
f 1229 1230 1308
f 1230 1231 1309
f 1131 1233 1310
f 1279 1131 1310
f 1233 1256 1310
f 1134 1234 1311
f 1137 1235 1312
f 1140 1236 1313
f 1143 1237 1314
f 1146 1238 1315
f 1149 1239 1316
f 1152 1240 1317
f 1155 1241 1318
f 1158 1242 1319
f 1161 1243 1320
f 1164 1244 1321
f 1167 1245 1322
f 1170 1246 1323
f 1173 1247 1324
f 1176 1248 1325
f 1179 1249 1326
f 1182 1250 1327
f 1185 1251 1328
f 1188 1252 1329
f 1191 1253 1330
f 1194 1254 1331
f 1197 1255 1332
f 1203 1280 1281
f 1134 1311 1256
f 1202 1281 1282
f 1231 1282 1309
f 1332 1255 1278
f 1331 1254 1277
f 1330 1253 1276
f 1329 1252 1275
f 1328 1251 1274
f 1327 1250 1273
f 1326 1249 1272
f 1325 1248 1271
f 1324 1247 1270
f 1323 1246 1269
f 1322 1245 1268
f 1321 1244 1267
f 1320 1243 1266
f 1319 1242 1265
f 1318 1241 1264
f 1317 1240 1263
f 1316 1239 1262
f 1315 1238 1261
f 1314 1237 1260
f 1313 1236 1259
f 1308 1230 1309
f 1307 1229 1308
f 1306 1228 1307
f 1305 1227 1306
f 1304 1226 1305
f 1303 1225 1304
f 1204 1283 1280
f 1302 1224 1303
f 1301 1223 1302
f 1300 1222 1301
f 1299 1221 1300
f 1298 1220 1299
f 1297 1219 1298
f 1296 1218 1297
f 1295 1217 1296
f 1294 1216 1295
f 1293 1215 1294
f 1292 1214 1293
f 1291 1213 1292
f 1290 1212 1291
f 1289 1211 1290
f 1288 1210 1289
f 1287 1209 1288
f 1286 1208 1287
f 1285 1207 1286
f 1284 1206 1285
f 1283 1205 1284
f 1201 1128 1333
f 1128 1232 1334
f 1312 1235 1258
f 1311 1234 1257
f 1277 1197 1332
f 1276 1194 1331
f 1275 1191 1330
f 1274 1188 1329
f 1273 1185 1328
f 1272 1182 1327
f 1271 1179 1326
f 1270 1176 1325
f 1269 1173 1324
f 1268 1170 1323
f 1267 1167 1322
f 1266 1164 1321
f 1265 1161 1320
f 1264 1158 1319
f 1263 1155 1318
f 1262 1152 1317
f 1261 1149 1316
f 1260 1146 1315
f 1259 1143 1314
f 1258 1140 1313
f 1257 1137 1312
f 1334 1232 1279
f 1333 1128 1334
f 1277 1332 1297
f 1334 1279 1294
f 1311 1257 1292
f 1257 1312 1291
f 1308 1309 1268
f 1258 1313 1290
f 1313 1259 1289
f 1259 1314 1289
f 1314 1260 1288
f 1260 1315 1288
f 1315 1261 1287
f 1261 1316 1286
f 1316 1262 1286
f 1262 1317 1285
f 1317 1263 1285
f 1263 1318 1284
f 1318 1264 1283
f 1264 1319 1283
f 1319 1265 1280
f 1265 1320 1280
f 1320 1266 1281
f 1266 1321 1282
f 1321 1267 1282
f 1268 1323 1308
f 1323 1269 1307
f 1269 1324 1307
f 1324 1270 1306
f 1325 1271 1305
f 1271 1326 1304
f 1326 1272 1304
f 1272 1327 1303
f 1327 1273 1303
f 1273 1328 1302
f 1328 1274 1301
f 1274 1329 1301
f 1329 1275 1300
f 1275 1330 1300
f 1330 1276 1299
f 1276 1331 1298
f 1331 1277 1298
f 1281 1280 1320
f 1333 1334 1295
f 1200 1201 1335
f 1332 1278 1297
f 1294 1279 1310
f 1309 1282 1267
f 1256 1311 1292
f 1302 1303 1273
f 1201 1333 1335
f 1277 1297 1298
f 1283 1284 1318
f 1284 1285 1263
f 1285 1286 1262
f 1286 1287 1261
f 1287 1288 1315
f 1288 1289 1314
f 1289 1290 1313
f 1290 1291 1258
f 1291 1292 1257
f 1292 1293 1256
f 1293 1294 1310
f 1294 1295 1334
f 1296 1335 1295
f 1296 1297 1278
f 1298 1299 1276
f 1299 1300 1330
f 1300 1301 1329
f 1301 1302 1328
f 1280 1283 1319
f 1303 1304 1272
f 1304 1305 1271
f 1306 1307 1324
f 1307 1308 1323
f 1312 1258 1291
f 1278 1200 1335
f 1282 1281 1266
f 1256 1293 1310
f 1296 1278 1335
f 1267 1322 1309
f 1322 1268 1309
f 1270 1325 1306
f 1305 1306 1325
f 1333 1295 1335
f 1336 1337 1338
f 1339 1336 1340
f 1341 1339 1342
f 1339 1340 1342
f 1343 1341 1344
f 1341 1342 1344
f 1345 1343 1346
f 1343 1344 1346
f 1347 1345 1348
f 1345 1346 1348
f 1349 1347 1350
f 1347 1348 1350
f 1351 1349 1352
f 1349 1350 1352
f 1353 1351 1354
f 1351 1352 1354
f 1355 1353 1356
f 1353 1354 1356
f 1357 1355 1358
f 1359 1360 1361
f 1360 1362 1363
f 1364 1365 1366
f 1367 1368 1369
f 1370 1371 1372
f 1373 1374 1375
f 1376 1358 1377
f 1361 1360 1378
f 1379 1361 1378
f 1360 1363 1378
f 1380 1381 1382
f 1381 1383 1384
f 1383 1379 1385
f 1384 1383 1385
f 1379 1378 1385
f 1382 1381 1384
f 1386 1387 1388
f 1389 1390 1391
f 366 1392 1393
f 1394 1386 1395
f 367 366 1396
f 369 367 1397
f 367 1396 1397
f 371 369 1398
f 369 1397 1398
f 372 371 1399
f 371 1398 1399
f 374 372 1400
f 372 1399 1400
f 375 374 1401
f 1402 1403 1404
f 1403 1405 1406
f 1407 1408 1409
f 1404 1403 1406
f 1410 1411 1412
f 1413 1410 1414
f 1410 1412 1414
f 1415 1413 1416
f 1413 1414 1416
f 1417 1415 1418
f 1415 1416 1418
f 1419 1417 1420
f 1417 1418 1420
f 1421 1419 1422
f 1419 1420 1422
f 1423 1421 1424
f 1421 1422 1424
f 1425 1423 1426
f 1423 1424 1426
f 1427 1425 1428
f 1425 1426 1428
f 1358 1355 1356
f 1362 1364 1429
f 1365 1367 1430
f 1368 1370 1431
f 1371 1373 1432
f 1374 1376 1433
f 1395 1386 1434
f 1391 1390 1435
f 1390 1436 1435
f 1387 1389 1437
f 366 1393 1438
f 1387 1437 1388
f 1386 1388 1434
f 1392 1394 1439
f 1401 374 1400
f 1405 1407 1440
f 1408 1401 1400
f 1427 1428 1340
f 1430 1367 1369
f 1338 1427 1340
f 1362 1429 1363
f 1336 1338 1340
f 1372 1371 1432
f 1375 1374 1433
f 1396 366 1438
f 1431 1370 1372
f 1432 1373 1375
f 1433 1376 1377
f 1392 1439 1393
f 1429 1364 1366
f 1365 1430 1366
f 1368 1431 1369
f 1437 1389 1391
f 1439 1394 1395
f 1405 1440 1406
f 1440 1407 1409
f 1408 1400 1409
f 1372 1432 1441
f 1344 1342 1442
f 1346 1344 1443
f 1344 1442 1443
f 1348 1346 1444
f 1346 1443 1444
f 1350 1348 1445
f 1348 1444 1445
f 1352 1350 1446
f 1350 1445 1446
f 1354 1352 1447
f 1352 1446 1447
f 1356 1354 1448
f 1354 1447 1448
f 1437 1391 1449
f 1369 1431 1450
f 1366 1430 1449
f 1396 1438 1451
f 1393 1439 1452
f 1395 1434 1453
f 1434 1388 1454
f 1439 1395 1455
f 1452 1439 1455
f 1395 1453 1455
f 1431 1372 1456
f 1450 1431 1456
f 1372 1441 1456
f 1388 1437 1457
f 1454 1388 1457
f 1437 1449 1457
f 1436 1382 1458
f 1406 1440 1459
f 1398 1397 1460
f 1399 1398 1461
f 1398 1460 1461
f 1414 1412 1462
f 1404 1406 1463
f 1430 1369 1457
f 1411 1404 1463
f 1416 1414 1464
f 1414 1462 1464
f 1418 1416 1465
f 1416 1464 1465
f 1420 1418 1466
f 1418 1465 1466
f 1422 1420 1467
f 1420 1466 1467
f 1424 1422 1468
f 1422 1467 1468
f 1426 1424 1469
f 1424 1468 1469
f 1428 1426 1470
f 1426 1469 1470
f 1378 1363 1471
f 1385 1378 1471
f 1363 1429 1471
f 1397 1396 1472
f 1460 1397 1472
f 1396 1451 1472
f 1463 1406 1459
f 1436 1458 1435
f 1438 1393 1473
f 1393 1452 1473
f 1453 1434 1474
f 1449 1391 1475
f 1391 1435 1475
f 1366 1449 1475
f 1451 1438 1476
f 1432 1375 1477
f 1375 1433 1478
f 1433 1377 1448
f 1382 1384 1458
f 1366 1475 1429
f 1449 1430 1457
f 1435 1458 1479
f 1435 1479 1475
f 1442 1342 1470
f 1400 1399 1480
f 1409 1400 1480
f 1399 1461 1480
f 1440 1409 1481
f 1481 1409 1480
f 1441 1432 1477
f 1340 1428 1342
f 1412 1411 1463
f 1412 1463 1459
f 1342 1428 1470
f 1477 1375 1478
f 1476 1438 1473
f 1440 1481 1459
f 1451 1476 1466
f 1473 1452 1482
f 1444 1443 1483
f 1445 1444 1484
f 1444 1483 1484
f 1446 1445 1485
f 1445 1484 1485
f 1447 1446 1486
f 1446 1485 1486
f 1369 1450 1454
f 1476 1473 1487
f 1473 1482 1487
f 1458 1384 1479
f 1434 1454 1474
f 1462 1481 1461
f 1384 1385 1479
f 1461 1460 1462
f 1451 1466 1465
f 1477 1478 1486
f 1385 1471 1479
f 1443 1442 1488
f 1483 1443 1488
f 1442 1470 1488
f 1441 1477 1489
f 1477 1486 1489
f 1466 1476 1467
f 1462 1412 1459
f 1454 1457 1369
f 1464 1462 1460
f 1358 1356 1377
f 1465 1464 1472
f 1467 1476 1490
f 1468 1467 1490
f 1476 1487 1490
f 1469 1468 1491
f 1468 1490 1491
f 1470 1469 1488
f 1471 1429 1475
f 1377 1356 1448
f 1464 1460 1472
f 1451 1465 1472
f 1479 1471 1475
f 1469 1491 1488
f 1482 1452 1492
f 1452 1455 1492
f 1489 1493 1441
f 1433 1448 1478
f 1453 1474 1493
f 1480 1461 1481
f 1462 1459 1481
f 1455 1453 1494
f 1492 1455 1494
f 1453 1493 1494
f 1485 1484 1495
f 1486 1485 1489
f 1487 1482 1496
f 1493 1474 1456
f 1483 1488 1491
f 1484 1483 1496
f 1490 1487 1497
f 1491 1490 1497
f 1487 1496 1497
f 1489 1485 1495
f 1447 1486 1478
f 1496 1482 1495
f 1454 1450 1474
f 1448 1447 1478
f 1489 1495 1494
f 1495 1484 1496
f 1456 1441 1493
f 1450 1456 1474
f 1493 1489 1494
f 1495 1482 1492
f 1483 1491 1497
f 1492 1494 1495
f 1496 1483 1497
f 1394 1498 1386
f 1115 1111 361
f 1499 1500 1501
f 1500 1498 1501
f 1502 1499 1503
f 1499 1501 1503
f 1504 1502 1505
f 1502 1503 1505
f 1506 1504 1507
f 1504 1505 1507
f 1508 1506 1509
f 1506 1507 1509
f 1510 1508 1511
f 1508 1509 1511
f 1512 1510 1513
f 1510 1511 1513
f 1514 1512 1515
f 1512 1513 1515
f 1516 1514 1517
f 1514 1515 1517
f 1518 1516 1519
f 1516 1517 1519
f 1520 1518 1521
f 400 1522 398
f 1522 1521 1519
f 398 1522 1519
f 366 368 1392
f 368 377 1523
f 377 379 1501
f 379 381 1503
f 381 383 1503
f 383 385 1505
f 385 387 1507
f 387 389 1509
f 389 391 1511
f 391 393 1513
f 393 394 1515
f 394 396 1517
f 396 398 1519
f 1392 368 1523
f 362 1524 365
f 1521 1518 1519
f 1507 387 1509
f 383 1505 1503
f 1501 379 1503
f 1505 385 1507
f 389 1511 1509
f 391 1513 1511
f 393 1515 1513
f 394 1517 1515
f 1394 1392 1523
f 1523 377 1501
f 1517 396 1519
f 1498 1394 1523
f 1525 1091 1109
f 1111 1526 1109
f 1498 1523 1501
f 1527 1528 1529
f 1529 1530 1527
f 1531 1532 1533
f 1534 403 402
f 402 405 1535
f 405 375 1401
f 1403 1402 1536
f 1405 1403 1537
f 1403 1536 1537
f 1407 1405 1538
f 1408 1407 1533
f 1536 1528 1537
f 1534 402 1535
f 405 1401 1535
f 1527 1530 1538
f 1531 1533 1538
f 1530 1531 1538
f 1532 1534 1535
f 1535 1401 1408
f 1532 1535 1533
f 1533 1407 1538
f 1537 1528 1527
f 1539 1529 1528
f 1526 1525 1109
f 1538 1405 1537
f 1408 1533 1535
f 1537 1527 1538
f 362 361 1092
f 1540 1541 1542
f 1543 1544 1545
f 1546 1547 1548
f 1549 1550 1551
f 1552 1553 1554
f 1553 1555 1556
f 1557 1558 1559
f 1560 1557 1561
f 1562 1560 1563
f 1560 1561 1563
f 1564 1562 1565
f 1562 1563 1565
f 1566 1564 1567
f 1564 1565 1567
f 1568 1566 1569
f 1566 1567 1569
f 1570 1568 1571
f 1568 1569 1571
f 1572 1570 1573
f 1570 1571 1573
f 1574 1572 1575
f 1572 1573 1575
f 1576 1574 1577
f 1574 1575 1577
f 1578 1576 1579
f 1576 1577 1579
f 1557 1559 1561
f 1580 1581 1582
f 1583 1580 1584
f 1585 1583 1586
f 1583 1584 1586
f 1559 1585 1587
f 1561 1559 1587
f 1585 1586 1587
f 1588 1520 1589
f 1590 1588 1591
f 1588 1589 1591
f 1592 1590 1593
f 1590 1591 1593
f 1582 1592 1594
f 1522 400 1595
f 1521 1522 1596
f 1522 1595 1596
f 1520 1521 1597
f 1521 1596 1597
f 400 401 1598
f 408 409 1599
f 411 426 1600
f 1601 1602 1603
f 1604 1601 1605
f 1606 1604 1607
f 1604 1605 1607
f 1608 1606 1609
f 1606 1607 1609
f 1600 1608 1610
f 1608 1609 1610
f 1603 1611 1612
f 1613 1614 1615
f 1616 1617 1618
f 1619 1620 1621
f 1622 1623 1624
f 1625 1626 1627
f 1553 1556 1554
f 1580 1582 1584
f 1628 1540 1626
f 1541 1543 1629
f 1544 1546 1630
f 1547 1549 1631
f 1550 1552 1632
f 1631 1549 1551
f 1630 1546 1548
f 1595 400 1633
f 1556 1578 1634
f 1629 1543 1545
f 1544 1630 1545
f 1547 1631 1548
f 1550 1632 1551
f 1634 1578 1579
f 1633 400 1598
f 1592 1593 1594
f 1589 1520 1635
f 1582 1594 1584
f 1520 1597 1635
f 401 408 1636
f 411 1600 1610
f 409 411 1610
f 409 1610 1599
f 1612 1611 1637
f 1611 1613 1637
f 1601 1603 1612
f 1613 1615 1637
f 1614 1616 1638
f 1617 1619 1639
f 1620 1622 1640
f 1623 1625 1641
f 1541 1629 1542
f 1540 1542 1627
f 1540 1627 1626
f 1615 1614 1638
f 1618 1617 1639
f 1621 1620 1640
f 1624 1623 1641
f 1632 1552 1554
f 401 1636 1598
f 1636 408 1599
f 1641 1625 1627
f 1640 1622 1624
f 1639 1619 1621
f 1638 1616 1618
f 1545 1630 1642
f 1595 1633 1643
f 1598 1636 1644
f 1631 1551 1645
f 1563 1561 1646
f 1561 1587 1646
f 1633 1598 1647
f 1598 1644 1647
f 1565 1563 1648
f 1563 1646 1648
f 1569 1567 1649
f 1571 1569 1650
f 1569 1649 1650
f 1573 1571 1651
f 1571 1650 1651
f 1575 1573 1652
f 1573 1651 1652
f 1577 1575 1653
f 1575 1652 1653
f 1579 1577 1654
f 1577 1653 1654
f 1556 1634 1554
f 1629 1545 1655
f 1545 1642 1655
f 1615 1638 1656
f 1591 1589 1657
f 1584 1594 1658
f 1586 1584 1658
f 1594 1593 1658
f 1593 1591 1659
f 1658 1593 1659
f 1591 1657 1659
f 1589 1635 1649
f 1597 1596 1660
f 1636 1599 1661
f 1641 1627 1662
f 1627 1542 1662
f 1605 1601 1612
f 1618 1639 1663
f 1609 1607 1664
f 1621 1640 1665
f 1638 1618 1666
f 1656 1638 1666
f 1618 1663 1666
f 1624 1641 1667
f 1641 1662 1667
f 1639 1621 1668
f 1663 1639 1668
f 1621 1665 1668
f 1632 1554 1669
f 1554 1634 1669
f 1542 1629 1662
f 1605 1612 1670
f 1607 1605 1670
f 1612 1637 1670
f 1548 1631 1671
f 1551 1632 1672
f 1645 1551 1672
f 1632 1669 1672
f 1634 1579 1669
f 1635 1597 1673
f 1596 1595 1674
f 1660 1596 1674
f 1595 1643 1674
f 1630 1548 1675
f 1631 1645 1671
f 1662 1629 1655
f 1649 1567 1657
f 1567 1565 1657
f 1579 1654 1669
f 1657 1589 1649
f 1587 1586 1676
f 1646 1587 1676
f 1586 1658 1676
f 1661 1599 1664
f 1675 1548 1671
f 1597 1660 1673
f 1633 1647 1677
f 1636 1661 1644
f 1664 1607 1670
f 1610 1609 1599
f 1635 1673 1650
f 1643 1633 1677
f 1637 1615 1678
f 1642 1630 1675
f 1615 1656 1678
f 1640 1624 1679
f 1670 1637 1678
f 1665 1640 1679
f 1649 1635 1650
f 1678 1656 1661
f 1671 1645 1680
f 1669 1654 1672
f 1647 1644 1663
f 1646 1676 1648
f 1651 1650 1673
f 1652 1651 1681
f 1651 1673 1681
f 1653 1652 1682
f 1652 1681 1682
f 1654 1653 1683
f 1672 1654 1683
f 1653 1682 1683
f 1655 1642 1684
f 1667 1662 1655
f 1678 1661 1664
f 1675 1671 1685
f 1677 1647 1668
f 1678 1664 1670
f 1643 1677 1686
f 1664 1599 1609
f 1642 1675 1687
f 1675 1685 1687
f 1624 1667 1679
f 1647 1663 1668
f 1665 1679 1688
f 1673 1660 1681
f 1663 1644 1666
f 1667 1655 1684
f 1671 1680 1685
f 1684 1642 1687
f 1666 1644 1661
f 1679 1667 1684
f 1677 1668 1689
f 1686 1677 1689
f 1668 1665 1689
f 1661 1656 1666
f 1679 1684 1688
f 1674 1643 1690
f 1643 1686 1690
f 1645 1672 1683
f 1660 1691 1681
f 1660 1674 1691
f 1692 1681 1691
f 1674 1690 1691
f 1680 1645 1683
f 1689 1665 1688
f 1565 1648 1657
f 1648 1659 1657
f 1685 1680 1692
f 1683 1682 1680
f 1676 1658 1659
f 1659 1648 1676
f 1689 1688 1686
f 1688 1684 1693
f 1686 1688 1693
f 1684 1687 1693
f 1680 1682 1692
f 1682 1681 1692
f 1685 1692 1694
f 1685 1694 1687
f 1690 1686 1693
f 1693 1687 1694
f 1690 1693 1694
f 1690 1694 1691
f 1694 1692 1691
f 1695 1696 1697
f 1696 1698 1699
f 1700 1701 1702
f 1703 1704 1705
f 1706 1707 1708
f 1709 1710 1711
f 1710 1712 1713
f 1714 1715 1716
f 1717 1714 1718
f 1719 1717 1720
f 1717 1718 1720
f 1721 1719 1722
f 1719 1720 1722
f 1723 1721 1724
f 1721 1722 1724
f 1725 1723 1726
f 1723 1724 1726
f 1727 1725 1728
f 1725 1726 1728
f 1729 1727 1730
f 1727 1728 1730
f 1731 1729 1732
f 1729 1730 1732
f 1733 1731 1734
f 1731 1732 1734
f 1735 1733 1736
f 1733 1734 1736
f 1737 1738 1739
f 1740 1737 1741
f 1742 1740 1743
f 1740 1741 1743
f 1737 1739 1741
f 1744 1745 1746
f 1747 1744 1748
f 1744 1746 1748
f 1749 1747 1750
f 1747 1748 1750
f 1751 1749 1752
f 1749 1750 1752
f 1753 414 1754
f 1755 1753 1756
f 1753 1754 1756
f 1745 1755 1757
f 1755 1756 1757
f 414 413 1758
f 416 418 1759
f 420 422 1760
f 422 403 1534
f 1529 1539 1761
f 1530 1529 1762
f 1531 1530 1763
f 1530 1762 1763
f 1532 1531 1764
f 1531 1763 1764
f 1529 1761 1762
f 1765 1766 1767
f 1768 1769 1770
f 1771 1772 1773
f 1774 1775 1776
f 1777 1778 1779
f 1780 1697 1781
f 422 1534 1760
f 1698 1700 1782
f 1701 1703 1783
f 1704 1706 1784
f 1707 1709 1785
f 1710 1713 1711
f 1714 1716 1718
f 1745 1757 1786
f 1716 1742 1718
f 1746 1745 1786
f 1754 414 1787
f 1739 1751 1788
f 414 1758 1787
f 1758 413 1789
f 413 416 1789
f 416 1759 1789
f 418 420 1790
f 1782 1700 1702
f 1534 1532 1791
f 1532 1764 1791
f 1766 1768 1792
f 1769 1771 1793
f 1772 1774 1794
f 1775 1777 1795
f 1778 1780 1796
f 1760 1534 1791
f 1696 1699 1781
f 1697 1696 1781
f 1702 1701 1783
f 1705 1704 1784
f 1708 1707 1785
f 1759 418 1790
f 1698 1782 1699
f 1773 1772 1794
f 1776 1775 1795
f 1779 1778 1796
f 1783 1703 1705
f 1784 1706 1708
f 1785 1709 1711
f 1795 1777 1779
f 1796 1780 1781
f 1794 1774 1776
f 1718 1742 1743
f 1788 1751 1752
f 1793 1771 1773
f 1790 420 1760
f 1766 1792 1767
f 1792 1768 1770
f 1769 1793 1770
f 1773 1794 1797
f 1705 1784 1798
f 1708 1785 1799
f 1759 1790 1800
f 1795 1779 1801
f 1754 1787 1802
f 1722 1720 1803
f 1724 1722 1804
f 1722 1803 1804
f 1726 1724 1805
f 1724 1804 1805
f 1728 1726 1806
f 1726 1805 1806
f 1730 1728 1807
f 1728 1806 1807
f 1732 1730 1808
f 1730 1807 1808
f 1734 1732 1809
f 1732 1808 1809
f 1736 1734 1810
f 1734 1809 1810
f 1713 1735 1811
f 1786 1757 1812
f 1746 1805 1748
f 1758 1789 1813
f 1793 1773 1814
f 1773 1797 1814
f 1750 1748 1804
f 1752 1750 1803
f 1739 1788 1741
f 1787 1758 1815
f 1699 1782 1816
f 1789 1759 1817
f 1813 1789 1817
f 1759 1800 1817
f 1767 1792 1818
f 1765 1767 1762
f 1762 1761 1765
f 1764 1763 1819
f 1791 1764 1820
f 1760 1791 1820
f 1764 1819 1820
f 1770 1793 1821
f 1793 1814 1821
f 1790 1760 1820
f 1776 1795 1822
f 1795 1801 1822
f 1783 1705 1823
f 1705 1798 1823
f 1794 1776 1824
f 1776 1822 1824
f 1781 1699 1825
f 1796 1781 1825
f 1699 1816 1825
f 1756 1754 1826
f 1754 1802 1826
f 1702 1783 1827
f 1783 1823 1827
f 1811 1735 1736
f 1741 1788 1828
f 1743 1741 1828
f 1788 1752 1828
f 1762 1767 1818
f 1794 1824 1797
f 1708 1799 1829
f 1784 1708 1829
f 1785 1711 1830
f 1811 1736 1830
f 1702 1827 1831
f 1711 1713 1811
f 1720 1718 1832
f 1720 1832 1803
f 1743 1828 1832
f 1828 1752 1803
f 1786 1812 1833
f 1743 1832 1718
f 1762 1818 1763
f 1758 1813 1815
f 1802 1787 1834
f 1790 1820 1800
f 1816 1782 1831
f 1803 1750 1804
f 1787 1815 1834
f 1757 1756 1835
f 1782 1702 1831
f 1799 1785 1830
f 1792 1770 1836
f 1798 1784 1829
f 1819 1763 1818
f 1792 1836 1818
f 1779 1796 1837
f 1746 1786 1806
f 1779 1837 1801
f 1812 1757 1835
f 1835 1756 1826
f 1836 1770 1821
f 1819 1818 1836
f 1797 1824 1834
f 1711 1811 1830
f 1834 1815 1797
f 1736 1810 1830
f 1808 1807 1838
f 1809 1808 1839
f 1808 1838 1839
f 1810 1809 1840
f 1809 1839 1840
f 1831 1827 1841
f 1786 1833 1806
f 1835 1826 1842
f 1800 1820 1819
f 1799 1830 1810
f 1802 1834 1843
f 1836 1821 1817
f 1812 1835 1844
f 1835 1842 1844
f 1816 1831 1837
f 1819 1836 1800
f 1813 1814 1815
f 1799 1810 1840
f 1822 1801 1845
f 1823 1798 1846
f 1746 1806 1805
f 1826 1802 1847
f 1842 1826 1847
f 1802 1843 1847
f 1801 1837 1831
f 1827 1823 1848
f 1841 1827 1848
f 1823 1846 1848
f 1804 1748 1805
f 1834 1824 1849
f 1843 1834 1849
f 1824 1822 1849
f 1806 1833 1807
f 1800 1836 1817
f 1807 1833 1838
f 1829 1799 1840
f 1803 1832 1828
f 1829 1840 1850
f 1798 1829 1850
f 1840 1839 1850
f 1833 1812 1838
f 1817 1821 1813
f 1812 1844 1838
f 1822 1845 1849
f 1846 1798 1850
f 1796 1825 1837
f 1816 1837 1825
f 1801 1831 1841
f 1821 1814 1813
f 1844 1842 1851
f 1839 1838 1851
f 1850 1839 1851
f 1843 1849 1852
f 1847 1843 1852
f 1849 1845 1852
f 1845 1801 1841
f 1846 1850 1851
f 1845 1841 1853
f 1852 1845 1853
f 1841 1848 1853
f 1842 1847 1854
f 1851 1842 1854
f 1847 1852 1854
f 1797 1815 1814
f 1838 1844 1851
f 1846 1851 1854
f 1848 1846 1854
f 1854 1852 1853
f 1848 1854 1853
f 1601 1855 1602
f 1601 1604 1856
f 1606 1608 1857
f 1600 426 425
f 425 428 1858
f 428 430 1859
f 1858 428 1859
f 430 1860 1859
f 1861 1862 1863
f 1864 1865 1866
f 1867 1864 1857
f 1861 1863 1855
f 1863 1868 1855
f 1600 425 1858
f 1856 1604 1866
f 1606 1857 1866
f 1604 1606 1866
f 1600 1858 1608
f 1857 1864 1866
f 1869 1608 1858
f 1866 1865 1856
f 1865 1861 1856
f 1867 1857 1869
f 1868 1602 1855
f 1857 1608 1869
f 1860 1867 1869
f 1858 1859 1869
f 1855 1601 1856
f 1856 1861 1855
f 1860 1869 1859
f 414 1753 415
f 1753 1755 1870
f 1755 1745 1871
f 433 432 1872
f 432 435 1873
f 437 439 1874
f 441 443 1875
f 445 447 1876
f 449 451 1877
f 452 454 1878
f 1879 1872 1873
f 1880 1879 1881
f 1882 1883 1884
f 1885 1882 1874
f 1886 1885 1887
f 1888 1889 1876
f 1890 1891 1877
f 1877 1892 1890
f 1893 1894 1878
f 415 1753 1870
f 1755 1871 1870
f 1881 1879 1873
f 1881 1873 1883
f 1873 435 1884
f 437 1874 1884
f 435 437 1884
f 441 1875 1887
f 439 441 1887
f 443 445 1895
f 449 1877 1896
f 447 449 1896
f 1877 1891 1896
f 451 452 1892
f 454 415 1897
f 1882 1884 1874
f 1885 1874 1887
f 1886 1887 1875
f 1889 1886 1875
f 1891 1888 1896
f 415 1870 1897
f 1871 1893 1898
f 1872 432 1873
f 1875 443 1895
f 1876 447 1896
f 1877 451 1892
f 1878 454 1897
f 439 1887 1874
f 1892 452 1878
f 1897 1870 1898
f 1895 445 1876
f 1871 1898 1870
f 1897 1898 1878
f 1899 1091 1525
f 1878 1898 1893
f 1894 1890 1892
f 1878 1894 1892
f 1896 1888 1876
f 1889 1875 1895
f 1900 1901 1091
f 1889 1895 1876
f 1899 1900 1091
f 362 1902 1524
f 1884 1883 1873
f 1903 1904 1905
f 1906 1903 1907
f 1908 1906 1909
f 1906 1907 1909
f 1910 1908 1911
f 1908 1909 1911
f 1912 1910 1913
f 1910 1911 1913
f 1914 1912 1915
f 1912 1913 1915
f 1916 1914 1917
f 1914 1915 1917
f 1918 1916 1919
f 1916 1917 1919
f 1920 1918 1921
f 1918 1919 1921
f 1922 1920 1923
f 1920 1921 1923
f 1924 1922 1925
f 1926 1927 1928
f 1927 1929 1930
f 1931 1932 1933
f 1934 1935 1936
f 1937 1938 1939
f 1940 1941 1942
f 1943 1925 1944
f 1928 1927 1930
f 1945 1946 1947
f 1946 1948 1949
f 1950 1928 1951
f 1928 1930 1951
f 1947 1946 1949
f 1952 1953 1954
f 1955 1956 1957
f 1947 1949 1958
f 1959 1958 1949
f 456 1960 1961
f 1962 1952 1963
f 457 456 1964
f 459 457 1965
f 457 1964 1965
f 461 459 1966
f 459 1965 1966
f 462 461 1967
f 461 1966 1967
f 430 462 1860
f 1862 1861 1968
f 1861 1865 1969
f 1864 1867 1970
f 1968 1861 1969
f 1971 1972 1973
f 1974 1971 1975
f 1971 1973 1975
f 1976 1974 1977
f 1974 1975 1977
f 1978 1976 1979
f 1976 1977 1979
f 1980 1978 1981
f 1978 1979 1981
f 1982 1980 1983
f 1980 1981 1983
f 1984 1982 1985
f 1982 1983 1985
f 1986 1984 1987
f 1984 1985 1987
f 1988 1986 1989
f 1986 1987 1989
f 1860 462 1967
f 1925 1922 1923
f 1930 1929 1990
f 1951 1930 1990
f 1929 1931 1990
f 1931 1933 1990
f 1932 1934 1991
f 1935 1937 1992
f 1938 1940 1993
f 1941 1943 1994
f 456 1961 1995
f 1992 1937 1939
f 1949 1948 1996
f 1959 1949 1996
f 1948 1950 1996
f 1950 1951 1996
f 1953 1955 1997
f 1958 1959 1956
f 1952 1954 1998
f 1960 1962 1999
f 1994 1943 1944
f 1865 1864 2000
f 1867 1860 1967
f 1988 1989 1907
f 1988 1907 1905
f 1903 1905 1907
f 1939 1938 1993
f 1942 1941 1994
f 1999 1962 1963
f 1963 1952 1998
f 1964 456 1995
f 1932 1991 1933
f 1993 1940 1942
f 1991 1934 1936
f 1935 1992 1936
f 1865 2000 1969
f 1953 1997 1954
f 1997 1955 1957
f 1956 1959 1957
f 1960 1999 1961
f 2000 1864 1970
f 1867 1967 1970
f 1939 1993 2001
f 1911 1909 2002
f 1913 1911 2003
f 1911 2002 2003
f 1915 1913 2004
f 1913 2003 2004
f 1917 1915 2005
f 1915 2004 2005
f 1919 1917 2006
f 1917 2005 2006
f 1921 1919 2007
f 1919 2006 2007
f 1923 1921 2008
f 1921 2007 2008
f 1969 2000 1973
f 1990 1933 2009
f 1936 1992 2010
f 1959 1996 2009
f 1991 1936 1954
f 1999 1963 2011
f 1992 1939 2012
f 1939 2001 2012
f 1961 1999 2013
f 1999 2011 2013
f 1957 1959 2009
f 1998 1954 2010
f 1964 1995 2014
f 2000 1970 2015
f 1963 1998 2016
f 1966 1965 2017
f 1975 1973 2018
f 1970 1967 2019
f 2015 1970 2019
f 1967 1966 2019
f 1973 1972 1969
f 1972 1968 1969
f 1977 1975 2020
f 1975 2018 2020
f 1979 1977 2021
f 1977 2020 2021
f 1981 1979 2022
f 1979 2021 2022
f 1983 1981 2023
f 1981 2022 2023
f 1985 1983 2024
f 1983 2023 2024
f 1987 1985 2025
f 1985 2024 2025
f 1989 1987 2026
f 1987 2025 2026
f 1995 1961 2027
f 1961 2013 2027
f 1965 1964 2028
f 2017 1965 2028
f 1964 2014 2028
f 1973 2000 2018
f 2016 1998 2012
f 1993 1942 2029
f 1936 2010 1954
f 2011 1963 2016
f 1991 1954 1997
f 1942 1994 2030
f 1933 1991 2031
f 2014 1995 2032
f 1997 1957 2031
f 2032 1995 2027
f 2009 1933 2031
f 2018 2000 2015
f 1993 2029 2001
f 2031 1957 2009
f 2030 1994 2008
f 1966 2017 2019
f 1994 1944 2008
f 2002 1909 2026
f 1989 2026 1909
f 1942 2030 2029
f 1907 1989 1909
f 1951 1990 2009
f 2004 2003 2033
f 2005 2004 2034
f 2004 2033 2034
f 2006 2005 2035
f 2005 2034 2035
f 2007 2006 2036
f 2006 2035 2036
f 2008 2007 2030
f 2012 1998 2010
f 2030 2007 2036
f 2019 2017 2015
f 2018 2015 2017
f 2002 2026 2037
f 2026 2025 2037
f 1992 2012 2010
f 2011 2016 2038
f 2014 2032 2039
f 2013 2011 2040
f 1996 1951 2009
f 2032 2027 2041
f 2001 2029 2042
f 1991 1997 2031
f 2003 2002 2037
f 2029 2030 2036
f 1925 1923 1944
f 2018 2017 2020
f 2021 2020 2028
f 2023 2022 2039
f 2024 2023 2043
f 2025 2024 2044
f 2024 2043 2044
f 2027 2013 2045
f 2041 2027 2045
f 2013 2040 2045
f 2020 2017 2028
f 2016 2012 2046
f 2038 2016 2046
f 2012 2001 2046
f 1944 1923 2008
f 2029 2036 2042
f 2003 2037 2033
f 2037 2025 2044
f 2039 2032 2043
f 2032 2041 2043
f 2011 2038 2040
f 2001 2042 2046
f 2043 2023 2039
f 2021 2028 2014
f 2022 2021 2014
f 2035 2034 2047
f 2036 2035 2042
f 2040 2038 2047
f 2043 2041 2044
f 2048 2044 2041
f 2022 2014 2039
f 2037 2044 2048
f 2042 2035 2047
f 2033 2037 2048
f 2034 2033 2049
f 2034 2049 2047
f 2038 2046 2042
f 2048 2041 2045
f 2038 2042 2047
f 2049 2033 2048
f 2045 2040 2049
f 2040 2047 2049
f 2049 2048 2045
f 2050 2051 2052
f 2053 2050 2054
f 2050 2052 2054
f 2055 2053 2056
f 2053 2054 2056
f 2057 2055 2058
f 2055 2056 2058
f 2059 2057 2060
f 2057 2058 2060
f 2061 2059 2062
f 2059 2060 2062
f 2063 2061 2064
f 2061 2062 2064
f 2065 2063 2066
f 2063 2064 2066
f 2067 2065 2068
f 2065 2066 2068
f 2069 2067 2070
f 2071 2072 2073
f 2072 2074 2075
f 2076 2077 2078
f 2079 2080 2081
f 2082 2083 2084
f 2085 2086 2087
f 2088 2070 2089
f 2073 2072 2075
f 2090 2091 2092
f 2091 2093 2094
f 2092 2091 2094
f 1880 2095 2096
f 2095 2097 2098
f 2099 2092 2100
f 2092 2094 2100
f 433 1872 2101
f 1879 1880 2102
f 434 433 2103
f 464 434 2104
f 434 2103 2104
f 465 464 2105
f 464 2104 2105
f 467 465 2106
f 465 2105 2106
f 468 467 2107
f 467 2106 2107
f 498 468 2108
f 2109 2110 2111
f 2110 2112 2113
f 2114 2115 2116
f 2111 2110 2113
f 2117 2111 2118
f 2111 2113 2118
f 2119 2117 2120
f 2117 2118 2120
f 2121 2119 2122
f 2119 2120 2122
f 2123 2121 2124
f 2121 2122 2124
f 2125 2123 2126
f 2123 2124 2126
f 2127 2125 2128
f 2125 2126 2128
f 2129 2127 2130
f 2127 2128 2130
f 2131 2129 2132
f 2129 2130 2132
f 2133 2131 2134
f 2131 2132 2134
f 2135 2133 2134
f 2136 2135 2137
f 2108 468 2107
f 2136 2138 2139
f 2070 2067 2068
f 2081 2080 2140
f 2080 2082 2140
f 2074 2076 2141
f 2077 2079 2142
f 2082 2084 2140
f 2074 2141 2075
f 2083 2085 2143
f 2086 2088 2144
f 2094 2093 2145
f 2093 2146 2145
f 433 2101 2147
f 433 2147 2103
f 2096 2095 2098
f 2097 2099 2148
f 1880 2096 2149
f 1872 1879 2150
f 2142 2079 2081
f 2141 2076 2078
f 2083 2143 2084
f 2077 2142 2078
f 2144 2088 2089
f 2143 2085 2087
f 2086 2144 2087
f 2148 2099 2100
f 2097 2148 2098
f 1880 2149 2102
f 1872 2150 2101
f 2051 2139 2138
f 2113 2112 2151
f 2118 2113 2151
f 2112 2114 2151
f 2114 2116 2151
f 2150 1879 2102
f 2075 2141 2152
f 2056 2054 2153
f 2058 2056 2154
f 2056 2153 2154
f 2060 2058 2155
f 2058 2154 2155
f 2062 2060 2156
f 2060 2155 2156
f 2064 2062 2157
f 2062 2156 2157
f 2066 2064 2158
f 2064 2157 2158
f 2068 2066 2159
f 2066 2158 2159
f 2084 2143 2160
f 2140 2084 2161
f 2084 2160 2161
f 2094 2145 2100
f 2102 2149 2162
f 2147 2101 2163
f 2103 2147 2164
f 2149 2096 2165
f 2146 2073 2166
f 2098 2148 2078
f 2150 2102 2167
f 2051 2138 2052
f 2142 2081 2165
f 2118 2151 2168
f 2145 2146 2166
f 2105 2104 2169
f 2106 2105 2170
f 2105 2169 2170
f 2107 2106 2171
f 2106 2170 2171
f 2116 2115 2172
f 2151 2116 2168
f 2135 2134 2137
f 2115 2108 2172
f 2120 2118 2168
f 2122 2120 2173
f 2124 2122 2174
f 2122 2173 2174
f 2126 2124 2175
f 2124 2174 2175
f 2128 2126 2176
f 2126 2175 2176
f 2130 2128 2177
f 2128 2176 2177
f 2132 2130 2178
f 2130 2177 2178
f 2134 2132 2179
f 2132 2178 2179
f 2078 2148 2141
f 2098 2078 2142
f 2070 2068 2089
f 2081 2140 2180
f 2165 2081 2180
f 2140 2161 2180
f 2101 2150 2181
f 2163 2101 2181
f 2150 2167 2181
f 2104 2103 2182
f 2169 2104 2182
f 2103 2164 2182
f 2100 2145 2152
f 2160 2143 2183
f 2143 2087 2183
f 2144 2089 2159
f 2137 2134 2184
f 2098 2142 2165
f 2167 2102 2162
f 2087 2144 2185
f 2166 2073 2075
f 2144 2159 2185
f 2147 2163 2186
f 2149 2165 2180
f 2164 2147 2186
f 2138 2136 2137
f 2153 2184 2179
f 2145 2166 2152
f 2120 2168 2173
f 2168 2116 2171
f 2141 2148 2152
f 2172 2108 2107
f 2054 2052 2184
f 2089 2068 2159
f 2087 2185 2183
f 2096 2098 2165
f 2166 2075 2152
f 2149 2180 2162
f 2160 2183 2187
f 2155 2154 2188
f 2156 2155 2189
f 2155 2188 2189
f 2157 2156 2190
f 2156 2189 2190
f 2159 2158 2185
f 2183 2185 2191
f 2187 2183 2191
f 2185 2158 2191
f 2170 2169 2173
f 2186 2163 2192
f 2173 2169 2182
f 2153 2179 2193
f 2154 2153 2193
f 2179 2178 2193
f 2162 2180 2161
f 2116 2172 2171
f 2171 2170 2168
f 2168 2170 2173
f 2161 2160 2194
f 2160 2187 2194
f 2153 2054 2184
f 2174 2173 2182
f 2134 2179 2184
f 2175 2174 2164
f 2176 2175 2164
f 2177 2176 2195
f 2178 2177 2196
f 2177 2195 2196
f 2162 2161 2194
f 2164 2174 2182
f 2167 2162 2194
f 2148 2100 2152
f 2158 2157 2191
f 2192 2163 2197
f 2163 2181 2197
f 2186 2192 2195
f 2167 2194 2198
f 2138 2137 2184
f 2193 2178 2196
f 2154 2193 2188
f 2052 2138 2184
f 2181 2167 2198
f 2191 2157 2190
f 2176 2164 2186
f 2172 2107 2171
f 2176 2186 2195
f 2194 2187 2198
f 2190 2189 2199
f 2195 2192 2196
f 2193 2196 2200
f 2188 2193 2200
f 2196 2192 2200
f 2191 2190 2187
f 2189 2188 2201
f 2199 2189 2201
f 2188 2200 2201
f 2181 2198 2197
f 2187 2190 2199
f 2187 2199 2198
f 2192 2197 2200
f 2198 2199 2201
f 2198 2201 2197
f 2201 2200 2197
f 2202 2203 1962
f 2204 2203 2202
f 2205 2204 2206
f 2204 2202 2206
f 2207 2205 2208
f 2205 2206 2208
f 2209 2207 2210
f 2207 2208 2210
f 2211 2209 2212
f 2209 2210 2212
f 2213 2211 2214
f 2211 2212 2214
f 2215 2213 2216
f 2213 2214 2216
f 2217 2215 2218
f 2215 2216 2218
f 2219 2217 2220
f 2217 2218 2220
f 2221 2219 2222
f 2219 2220 2222
f 2223 2221 2224
f 2221 2222 2224
f 2225 2223 2226
f 2223 2224 2226
f 2227 2225 2228
f 491 2229 488
f 2229 2228 2226
f 488 2229 2226
f 456 458 1960
f 458 470 2230
f 470 471 2206
f 471 473 2208
f 473 475 2210
f 475 477 2212
f 477 479 2214
f 479 480 2216
f 480 482 2218
f 482 484 2220
f 484 486 2222
f 486 489 2224
f 489 488 2226
f 1960 458 2230
f 1952 1962 2203
f 2231 360 365
f 2210 475 2212
f 2208 473 2210
f 2226 2228 2225
f 2206 471 2208
f 477 2214 2212
f 479 2216 2214
f 480 2218 2216
f 482 2220 2218
f 484 2222 2220
f 486 2224 2222
f 1962 1960 2230
f 2230 470 2206
f 2202 1962 2230
f 2206 2202 2230
f 2224 489 2226
f 2232 1902 1092
f 2233 2234 2235
f 2233 2236 2237
f 2238 2239 2240
f 2241 494 493
f 493 496 2242
f 2242 496 2108
f 2110 2109 2243
f 2112 2110 2237
f 2115 2114 2240
f 2241 493 2242
f 498 2108 496
f 2237 2236 2244
f 2112 2237 2244
f 2236 2238 2244
f 2238 2240 2244
f 2239 2241 2245
f 2112 2244 2114
f 2239 2245 2240
f 2240 2114 2244
f 2115 2240 2245
f 2241 2242 2245
f 2243 2246 2234
f 2243 2234 2110
f 2237 2110 2234
f 2246 2235 2234
f 2108 2115 2245
f 2237 2234 2233
f 2242 2108 2245
f 2247 2248 2249
f 2248 2250 2251
f 2252 2253 2254
f 2255 2256 2257
f 2258 2259 2260
f 2261 2262 2263
f 2262 2264 2265
f 2266 2267 2268
f 2269 2266 2270
f 2271 2269 2272
f 2269 2270 2272
f 2273 2271 2274
f 2271 2272 2274
f 2275 2273 2276
f 2273 2274 2276
f 2277 2275 2278
f 2275 2276 2278
f 2279 2277 2280
f 2277 2278 2280
f 2281 2279 2282
f 2279 2280 2282
f 2283 2281 2284
f 2281 2282 2284
f 2285 2283 2286
f 2283 2284 2286
f 2287 2285 2288
f 2285 2286 2288
f 2289 2290 2291
f 2292 2289 2293
f 2294 2292 2295
f 2292 2293 2295
f 2289 2291 2293
f 2296 2227 2297
f 2298 2296 2299
f 2296 2297 2299
f 2300 2298 2301
f 2298 2299 2301
f 2302 2300 2303
f 2300 2301 2303
f 2291 2302 2304
f 2293 2291 2304
f 2302 2303 2304
f 2229 491 2305
f 2228 2229 2306
f 2229 2305 2306
f 2227 2228 2307
f 2228 2306 2307
f 491 492 2308
f 492 500 2309
f 502 504 2310
f 504 506 2311
f 2312 2313 2314
f 2315 2312 2316
f 2317 2315 2318
f 2315 2316 2318
f 2319 2317 2320
f 2317 2318 2320
f 2314 2321 2322
f 2323 2324 2325
f 2326 2327 2328
f 2329 2330 2331
f 2332 2333 2334
f 2335 2249 2336
f 2250 2252 2337
f 2253 2255 2338
f 2256 2258 2339
f 2259 2261 2340
f 2262 2265 2263
f 2265 2287 2263
f 2266 2268 2270
f 2268 2294 2341
f 2270 2268 2341
f 2294 2295 2341
f 2297 2227 2342
f 2227 2307 2342
f 2305 491 2343
f 491 2308 2343
f 2308 492 2309
f 500 502 2344
f 504 2311 2345
f 2311 2319 2345
f 2319 2320 2345
f 2321 2323 2346
f 2324 2326 2347
f 2327 2329 2348
f 2330 2332 2349
f 2333 2335 2350
f 2250 2337 2251
f 2248 2251 2336
f 2249 2248 2336
f 2254 2253 2338
f 2257 2256 2339
f 2260 2259 2340
f 2263 2287 2288
f 2309 500 2344
f 2325 2324 2347
f 2328 2327 2348
f 2331 2330 2349
f 2334 2333 2350
f 2337 2252 2254
f 2338 2255 2257
f 2339 2258 2260
f 2340 2261 2263
f 2350 2335 2336
f 2349 2332 2334
f 2348 2329 2331
f 2344 502 2310
f 2321 2346 2322
f 2347 2326 2328
f 2346 2323 2325
f 2338 2257 2351
f 2339 2260 2352
f 2340 2263 2353
f 2263 2288 2353
f 2350 2336 2354
f 2336 2251 2354
f 2305 2343 2355
f 2272 2270 2356
f 2270 2341 2356
f 2309 2344 2357
f 2274 2272 2358
f 2272 2356 2358
f 2276 2274 2359
f 2274 2358 2359
f 2278 2276 2360
f 2276 2359 2360
f 2280 2278 2361
f 2278 2360 2361
f 2282 2280 2362
f 2280 2361 2362
f 2284 2282 2363
f 2282 2362 2363
f 2286 2284 2364
f 2284 2363 2364
f 2288 2286 2353
f 2297 2342 2365
f 2299 2297 2359
f 2342 2307 2366
f 2308 2309 2367
f 2309 2357 2367
f 2301 2299 2358
f 2306 2305 2368
f 2305 2355 2368
f 2343 2308 2369
f 2307 2306 2370
f 2306 2368 2370
f 2325 2347 2371
f 2322 2346 2316
f 504 2345 2310
f 2318 2316 2372
f 2316 2346 2372
f 2314 2322 2312
f 2347 2328 2373
f 2346 2325 2372
f 2331 2349 2374
f 2334 2350 2375
f 2350 2354 2375
f 2348 2331 2376
f 2331 2374 2376
f 2251 2337 2354
f 2254 2338 2377
f 2338 2351 2377
f 2312 2322 2316
f 2257 2339 2378
f 2260 2340 2379
f 2254 2377 2380
f 2355 2343 2381
f 2353 2286 2364
f 2357 2344 2382
f 2301 2358 2383
f 2303 2301 2383
f 2358 2356 2383
f 2365 2342 2384
f 2342 2366 2384
f 2295 2293 2385
f 2366 2307 2370
f 2293 2304 2385
f 2299 2359 2358
f 2308 2367 2369
f 2325 2371 2372
f 2304 2303 2385
f 2345 2320 2382
f 2371 2347 2373
f 2378 2339 2352
f 2354 2337 2380
f 2257 2378 2351
f 2320 2318 2386
f 2385 2303 2383
f 2352 2260 2379
f 2328 2348 2387
f 2374 2349 2388
f 2337 2254 2380
f 2349 2334 2388
f 2343 2369 2381
f 2318 2372 2386
f 2379 2340 2353
f 2328 2387 2373
f 2387 2348 2376
f 2354 2380 2375
f 2355 2381 2389
f 2367 2357 2371
f 2352 2379 2390
f 2362 2361 2391
f 2363 2362 2392
f 2362 2391 2392
f 2364 2363 2390
f 2359 2297 2365
f 2366 2370 2393
f 2341 2295 2383
f 2369 2367 2373
f 2382 2320 2386
f 2372 2371 2357
f 2371 2373 2367
f 2356 2341 2383
f 2351 2378 2394
f 2353 2364 2379
f 2378 2352 2395
f 2394 2378 2395
f 2352 2390 2395
f 2380 2377 2396
f 2374 2388 2397
f 2344 2310 2382
f 2377 2351 2398
f 2396 2377 2398
f 2351 2394 2398
f 2359 2365 2360
f 2369 2373 2387
f 2370 2368 2399
f 2368 2355 2400
f 2399 2368 2400
f 2355 2389 2400
f 2369 2387 2401
f 2381 2369 2401
f 2387 2376 2401
f 2370 2399 2393
f 2375 2380 2396
f 2390 2379 2364
f 2357 2382 2386
f 2361 2360 2384
f 2363 2392 2390
f 2361 2384 2391
f 2384 2366 2391
f 2388 2334 2375
f 2310 2345 2382
f 2388 2375 2396
f 2357 2386 2372
f 2366 2393 2391
f 2397 2388 2396
f 2376 2374 2402
f 2360 2365 2384
f 2402 2374 2397
f 2376 2402 2401
f 2389 2381 2402
f 2402 2397 2389
f 2295 2385 2383
f 2381 2401 2402
f 2393 2399 2403
f 2391 2393 2392
f 2397 2396 2404
f 2396 2398 2404
f 2389 2397 2404
f 2392 2393 2403
f 2394 2395 2403
f 2389 2404 2400
f 2403 2395 2392
f 2403 2399 2405
f 2394 2403 2405
f 2399 2400 2405
f 2398 2394 2405
f 2400 2404 2405
f 2390 2392 2395
f 2404 2398 2405
f 2406 2407 2408
f 2407 2409 2410
f 2411 2412 2413
f 2414 2415 2416
f 2417 2418 2419
f 2420 2421 2422
f 2421 2423 2424
f 2425 2426 2427
f 2428 2425 2429
f 2430 2428 2431
f 2428 2429 2431
f 2432 2430 2433
f 2430 2431 2433
f 2434 2432 2435
f 2432 2433 2435
f 2436 2434 2437
f 2434 2435 2437
f 2438 2436 2439
f 2436 2437 2439
f 2440 2438 2441
f 2438 2439 2441
f 2442 2440 2443
f 2440 2441 2443
f 2444 2442 2445
f 2442 2443 2445
f 2446 2444 2447
f 2444 2445 2447
f 2448 2449 2450
f 2451 2452 2453
f 2454 2451 2455
f 2451 2453 2455
f 2456 2454 2457
f 2454 2455 2457
f 2458 509 2459
f 2460 2458 2461
f 2458 2459 2461
f 2452 2460 2462
f 2460 2461 2462
f 509 508 2463
f 511 513 2464
f 515 494 2241
f 2233 2235 2465
f 2236 2233 2466
f 2238 2236 2467
f 2236 2466 2467
f 2239 2238 2468
f 2238 2467 2468
f 2241 2239 2469
f 2239 2468 2469
f 2465 2470 2471
f 2472 2473 2474
f 2475 2476 2477
f 2478 2479 2480
f 2481 2482 2483
f 2484 2408 2410
f 2409 2411 2485
f 2412 2414 2486
f 2415 2417 2487
f 2418 2420 2488
f 2421 2424 2422
f 2446 2447 2422
f 2424 2446 2422
f 2425 2427 2429
f 2449 2489 2490
f 2456 2457 2450
f 2427 2448 2491
f 2448 2450 2491
f 2452 2462 2492
f 2459 509 2493
f 2450 2490 2456
f 509 2463 2493
f 508 511 2494
f 515 2241 2469
f 513 515 2469
f 513 2469 2464
f 2233 2465 2471
f 2470 2472 2495
f 2473 2475 2496
f 2476 2478 2497
f 2479 2481 2498
f 2482 2484 2499
f 2409 2485 2410
f 2408 2407 2410
f 2413 2412 2486
f 2416 2415 2487
f 2419 2418 2488
f 2453 2452 2500
f 2452 2492 2500
f 2474 2473 2496
f 2477 2476 2497
f 2480 2479 2498
f 2483 2482 2499
f 2485 2411 2413
f 2486 2414 2416
f 2487 2417 2419
f 2488 2420 2422
f 2429 2427 2491
f 508 2494 2463
f 2499 2484 2410
f 2494 511 2464
f 2498 2481 2483
f 2497 2478 2480
f 2496 2475 2477
f 2495 2472 2474
f 2470 2495 2471
f 2486 2416 2501
f 2487 2419 2502
f 2488 2422 2503
f 2422 2447 2503
f 2429 2491 2504
f 2431 2429 2504
f 2491 2450 2504
f 2433 2431 2505
f 2431 2504 2505
f 2435 2433 2506
f 2433 2505 2506
f 2437 2435 2507
f 2435 2506 2507
f 2439 2437 2508
f 2437 2507 2508
f 2441 2439 2509
f 2439 2508 2509
f 2443 2441 2510
f 2441 2509 2510
f 2445 2443 2511
f 2443 2510 2511
f 2447 2445 2512
f 2503 2447 2512
f 2445 2511 2512
f 2474 2496 2513
f 2493 2463 2514
f 2463 2494 2515
f 2492 2462 2516
f 2459 2493 2517
f 2457 2455 2505
f 2498 2483 2518
f 2468 2467 2519
f 2477 2497 2520
f 2495 2474 2521
f 2474 2513 2521
f 2480 2498 2522
f 2496 2477 2523
f 2513 2496 2523
f 2477 2520 2523
f 2497 2480 2524
f 2480 2522 2524
f 2485 2413 2525
f 2413 2486 2526
f 2486 2501 2526
f 2450 2457 2504
f 2455 2453 2506
f 2461 2459 2527
f 2459 2517 2527
f 2231 1115 360
f 2487 2502 2528
f 2416 2487 2528
f 2419 2488 2529
f 2455 2506 2505
f 2515 2494 2530
f 2494 2464 2530
f 2520 2497 2524
f 2530 2464 2519
f 2514 2463 2515
f 2493 2514 2531
f 2493 2531 2517
f 2492 2516 2532
f 2485 2525 2499
f 2416 2528 2501
f 2529 2488 2503
f 2499 2525 2483
f 2457 2505 2504
f 2498 2518 2522
f 2518 2483 2525
f 1092 1091 1901
f 2462 2461 2533
f 2464 2469 2519
f 2492 2532 2500
f 2516 2462 2533
f 2467 2466 2534
f 2466 2233 2471
f 2502 2419 2529
f 2471 2495 2534
f 2495 2521 2534
f 2525 2413 2526
f 2461 2527 2533
f 2467 2534 2519
f 2466 2471 2534
f 2528 2502 2535
f 2453 2500 2507
f 2500 2532 2508
f 2508 2532 2509
f 2507 2506 2453
f 2508 2507 2500
f 2510 2509 2536
f 2509 2532 2536
f 2511 2510 2537
f 2510 2536 2537
f 2531 2514 2520
f 2517 2531 2538
f 2532 2516 2536
f 2485 2499 2410
f 2501 2528 2539
f 2519 2534 2521
f 2515 2530 2513
f 2531 2520 2524
f 2520 2514 2523
f 2519 2521 2530
f 2513 2530 2521
f 2531 2524 2540
f 2538 2531 2540
f 2524 2522 2540
f 2469 2468 2519
f 2522 2518 2541
f 2540 2522 2541
f 2518 2525 2541
f 2525 2526 2541
f 2529 2503 2512
f 2515 2513 2523
f 2526 2501 2542
f 2501 2539 2542
f 2533 2527 2543
f 2527 2517 2544
f 2543 2527 2544
f 2517 2538 2544
f 2516 2533 2545
f 2533 2543 2545
f 2502 2529 2546
f 2535 2502 2546
f 2529 2512 2546
f 2515 2523 2514
f 2449 2490 2450
f 2512 2511 2546
f 2516 2545 2536
f 2546 2511 2537
f 2539 2528 2535
f 2547 1899 1525
f 2541 2526 2542
f 2539 2535 2548
f 2537 2536 2549
f 2546 2537 2549
f 2536 2545 2549
f 2540 2541 2550
f 2538 2540 2550
f 2541 2542 2550
f 2542 2539 2551
f 2550 2542 2551
f 2539 2548 2551
f 2545 2543 2548
f 2535 2546 2549
f 2552 1111 1115
f 2548 2543 2551
f 2549 2545 2548
f 2544 2538 2550
f 2548 2535 2549
f 2543 2544 2551
f 2550 2551 2544
f 2553 2554 2312
f 2312 2315 2555
f 2317 2319 2556
f 2311 506 517
f 517 519 2557
f 2557 519 2558
f 2559 2560 2561
f 2562 2559 2555
f 2563 2564 2556
f 2311 517 2557
f 521 2558 519
f 2555 2315 2565
f 2562 2555 2565
f 2315 2317 2565
f 2317 2556 2565
f 2319 2311 2566
f 2562 2565 2564
f 2319 2566 2556
f 2556 2564 2565
f 2563 2556 2566
f 2311 2557 2566
f 2559 2561 2553
f 2561 2554 2553
f 2313 2312 2554
f 2558 2563 2566
f 2559 2553 2555
f 2557 2558 2566
f 2553 2312 2555
f 509 2458 510
f 2458 2460 2567
f 2460 2452 2568
f 523 2569 524
f 523 526 2570
f 528 530 2571
f 532 534 2572
f 536 538 2573
f 540 542 2574
f 544 545 2575
f 2576 2577 2569
f 2578 2576 2579
f 2580 2579 2581
f 2582 2580 2583
f 2580 2581 2583
f 2584 2582 2571
f 2585 2586 2572
f 2587 2588 2573
f 2589 2590 2574
f 2591 2592 2575
f 510 2458 2567
f 2460 2568 2567
f 2571 530 2593
f 2584 2571 2593
f 530 532 2593
f 526 528 2594
f 532 2572 2593
f 526 2594 2570
f 536 2573 2595
f 534 536 2595
f 2573 2588 2595
f 540 2574 2596
f 538 540 2596
f 2574 2590 2596
f 544 2575 2597
f 542 544 2597
f 2575 2592 2597
f 545 510 2567
f 2567 2568 2591
f 2579 2576 2581
f 2594 528 2571
f 2585 2572 2595
f 2586 2584 2593
f 2587 2573 2596
f 2588 2585 2595
f 2589 2574 2597
f 2590 2587 2596
f 2592 2589 2597
f 2577 524 2569
f 2572 534 2595
f 2573 538 2596
f 2574 542 2597
f 2575 545 2567
f 2572 2586 2593
f 2569 523 2570
f 2231 2598 1115
f 2576 2569 2581
f 2582 2583 2571
f 2591 2575 2567
f 2581 2569 2570
f 2581 2570 2583
f 2594 2583 2570
f 2583 2594 2571
f 2598 2552 1115
f 2599 2600 2601
f 2602 2599 2603
f 2604 2602 2605
f 2602 2603 2605
f 2606 2604 2607
f 2604 2605 2607
f 2608 2606 2609
f 2606 2607 2609
f 2610 2608 2611
f 2608 2609 2611
f 2612 2610 2613
f 2610 2611 2613
f 2614 2612 2615
f 2612 2613 2615
f 2616 2614 2617
f 2614 2615 2617
f 2618 2616 2619
f 2616 2617 2619
f 2620 2618 2621
f 2622 2623 2624
f 2623 2625 2626
f 2627 2628 2629
f 2630 2631 2632
f 2633 2634 2635
f 2636 2637 2638
f 2639 2640 2641
f 2640 2642 2643
f 2644 2624 2645
f 2646 2647 2648
f 2649 2650 2651
f 2652 2641 2653
f 547 2654 2655
f 2656 2646 2657
f 548 547 2658
f 550 548 2659
f 548 2658 2659
f 552 550 2660
f 550 2659 2660
f 553 552 2661
f 552 2660 2661
f 521 553 2558
f 2559 2562 2662
f 2564 2563 2663
f 2664 2665 2666
f 2667 2664 2668
f 2664 2666 2668
f 2669 2667 2670
f 2667 2668 2670
f 2671 2669 2672
f 2669 2670 2672
f 2673 2671 2674
f 2671 2672 2674
f 2675 2673 2676
f 2673 2674 2676
f 2677 2675 2678
f 2675 2676 2678
f 2679 2677 2680
f 2677 2678 2680
f 2681 2679 2682
f 2679 2680 2682
f 2683 2681 2684
f 2681 2682 2684
f 2599 2601 2603
f 2558 553 2685
f 2563 2558 2685
f 553 2661 2685
f 2563 2685 2663
f 2621 2618 2619
f 2632 2631 2686
f 2631 2633 2686
f 2625 2627 2687
f 2628 2630 2688
f 2633 2635 2686
f 2625 2687 2626
f 2634 2636 2689
f 2640 2643 2641
f 2637 2621 2619
f 2624 2623 2626
f 2642 2644 2690
f 2646 2648 2691
f 2642 2690 2643
f 2647 2649 2692
f 2650 2652 2693
f 547 2655 2694
f 2654 2656 2695
f 2662 2562 2696
f 2562 2564 2696
f 2560 2559 2665
f 2564 2663 2696
f 2688 2630 2632
f 2687 2627 2629
f 2634 2689 2635
f 2628 2688 2629
f 2689 2636 2638
f 2693 2652 2653
f 2690 2644 2645
f 2647 2692 2648
f 2646 2691 2657
f 2692 2649 2651
f 2650 2693 2651
f 547 2694 2658
f 2654 2695 2655
f 2665 2559 2666
f 2603 2601 2683
f 2695 2656 2657
f 2683 2684 2603
f 2638 2637 2619
f 2666 2559 2662
f 2607 2605 2697
f 2609 2607 2698
f 2607 2697 2698
f 2611 2609 2699
f 2609 2698 2699
f 2613 2611 2700
f 2611 2699 2700
f 2615 2613 2701
f 2613 2700 2701
f 2617 2615 2702
f 2615 2701 2702
f 2619 2617 2703
f 2638 2619 2703
f 2617 2702 2703
f 2689 2638 2704
f 2638 2703 2704
f 2635 2689 2705
f 2689 2704 2705
f 2687 2629 2706
f 2686 2635 2707
f 2635 2705 2707
f 2694 2655 2708
f 2691 2648 2709
f 2651 2693 2706
f 2688 2632 2709
f 2663 2685 2710
f 2685 2661 2710
f 2660 2659 2711
f 2661 2660 2710
f 2696 2663 2712
f 2663 2710 2712
f 2670 2668 2713
f 2672 2670 2714
f 2670 2713 2714
f 2674 2672 2715
f 2672 2714 2715
f 2676 2674 2716
f 2674 2715 2716
f 2678 2676 2717
f 2676 2716 2717
f 2680 2678 2718
f 2678 2717 2718
f 2682 2680 2719
f 2680 2718 2719
f 2684 2682 2720
f 2682 2719 2720
f 2695 2657 2721
f 2632 2686 2722
f 2709 2632 2722
f 2686 2707 2722
f 2629 2688 2723
f 2706 2629 2723
f 2688 2709 2723
f 2657 2691 2724
f 2658 2694 2725
f 2666 2662 2726
f 2668 2666 2726
f 2662 2696 2726
f 2692 2651 2723
f 2655 2695 2727
f 2708 2655 2727
f 2695 2721 2727
f 2659 2658 2728
f 2711 2659 2728
f 2658 2725 2728
f 2626 2687 2729
f 2687 2706 2729
f 2691 2709 2722
f 2693 2653 2729
f 2653 2641 2643
f 2651 2706 2723
f 2648 2692 2723
f 2657 2724 2721
f 2690 2645 2729
f 2603 2684 2730
f 2691 2722 2724
f 2710 2660 2711
f 2696 2712 2726
f 2706 2693 2729
f 2694 2708 2731
f 2713 2668 2726
f 2709 2648 2723
f 2684 2720 2730
f 2605 2603 2730
f 2725 2694 2731
f 2697 2605 2730
f 2697 2730 2720
f 2699 2698 2732
f 2700 2699 2733
f 2699 2732 2733
f 2701 2700 2734
f 2700 2733 2734
f 2702 2701 2735
f 2701 2734 2735
f 2703 2702 2736
f 2704 2703 2736
f 2702 2735 2736
f 2707 2705 2737
f 2705 2704 2738
f 2737 2705 2738
f 2704 2736 2738
f 2710 2711 2712
f 2729 2653 2690
f 2653 2643 2690
f 2697 2720 2739
f 2720 2719 2739
f 2729 2645 2626
f 2725 2731 2740
f 2722 2707 2724
f 2721 2724 2741
f 2624 2626 2645
f 2712 2711 2713
f 2713 2726 2712
f 2715 2714 2728
f 2717 2716 2740
f 2718 2717 2742
f 2719 2718 2743
f 2739 2719 2743
f 2718 2742 2743
f 2713 2711 2714
f 2731 2708 2744
f 2698 2697 2739
f 2714 2711 2728
f 2732 2698 2739
f 2728 2725 2715
f 2740 2731 2742
f 2724 2707 2737
f 2741 2724 2737
f 2731 2744 2742
f 2721 2741 2745
f 2742 2717 2740
f 2716 2715 2725
f 2744 2708 2746
f 2708 2727 2746
f 2721 2745 2727
f 2741 2737 2747
f 2737 2738 2747
f 2734 2733 2748
f 2735 2734 2747
f 2736 2735 2738
f 2742 2744 2743
f 2747 2748 2741
f 2732 2739 2743
f 2716 2725 2740
f 2727 2745 2746
f 2735 2747 2738
f 2744 2746 2749
f 2733 2732 2750
f 2733 2750 2748
f 2744 2749 2743
f 2734 2748 2747
f 2745 2741 2748
f 2746 2745 2750
f 2745 2748 2750
f 2750 2732 2749
f 2746 2750 2749
f 2732 2743 2749
f 2751 2752 2753
f 2754 2751 2755
f 2756 2754 2757
f 2754 2755 2757
f 2758 2756 2759
f 2756 2757 2759
f 2760 2758 2761
f 2758 2759 2761
f 2762 2760 2763
f 2760 2761 2763
f 2764 2762 2765
f 2762 2763 2765
f 2766 2764 2767
f 2764 2765 2767
f 2768 2766 2769
f 2766 2767 2769
f 2770 2768 2771
f 2768 2769 2771
f 2772 2770 2773
f 2774 2775 2776
f 2775 2777 2778
f 2779 2780 2781
f 2782 2783 2784
f 2785 2786 2787
f 2788 2789 2790
f 2791 2773 2792
f 2793 2794 2795
f 2794 2796 2797
f 2578 2798 2799
f 2800 2801 2802
f 524 2577 2803
f 2576 2578 2804
f 525 524 2805
f 555 525 2806
f 525 2805 2806
f 556 555 2807
f 555 2806 2807
f 558 556 2808
f 556 2807 2808
f 2809 2810 2811
f 2810 2812 2813
f 2814 2815 2816
f 2817 2811 2818
f 2819 2817 2820
f 2817 2818 2820
f 2821 2819 2822
f 2819 2820 2822
f 2823 2821 2824
f 2821 2822 2824
f 2825 2823 2826
f 2823 2824 2826
f 2827 2825 2828
f 2825 2826 2828
f 2829 2827 2830
f 2827 2828 2830
f 2831 2829 2832
f 2829 2830 2832
f 2833 2831 2834
f 2831 2832 2834
f 2835 2833 2836
f 2833 2834 2836
f 2773 2770 2792
f 2784 2783 2837
f 2783 2785 2837
f 2778 2777 2838
f 2777 2779 2838
f 2779 2781 2838
f 2780 2782 2839
f 2785 2787 2837
f 2786 2788 2840
f 2789 2791 2841
f 2795 2794 2797
f 2776 2775 2778
f 2797 2796 2842
f 2796 2843 2842
f 2578 2799 2844
f 2844 2845 2578
f 2798 2800 2846
f 524 2803 2847
f 2801 2795 2848
f 2577 2576 2849
f 2811 2810 2813
f 2815 2850 2816
f 559 558 2850
f 2812 2814 2851
f 2815 2852 2850
f 2852 559 2850
f 2835 2836 2755
f 2848 2795 2797
f 2753 2835 2755
f 2751 2753 2755
f 2787 2786 2840
f 2790 2789 2841
f 2799 2798 2846
f 2802 2801 2848
f 2803 2577 2849
f 2805 524 2853
f 524 2847 2853
f 2849 2576 2804
f 2851 2814 2816
f 2780 2839 2781
f 2841 2791 2792
f 2839 2782 2784
f 2840 2788 2790
f 2842 2843 2778
f 2846 2800 2802
f 2812 2851 2813
f 2778 2843 2776
f 2787 2840 2854
f 2790 2841 2855
f 2759 2757 2856
f 2761 2759 2857
f 2759 2856 2857
f 2763 2761 2858
f 2761 2857 2858
f 2765 2763 2859
f 2763 2858 2859
f 2767 2765 2860
f 2765 2859 2860
f 2769 2767 2861
f 2767 2860 2861
f 2838 2781 2862
f 2840 2790 2863
f 2854 2840 2863
f 2790 2855 2863
f 2837 2787 2864
f 2787 2854 2864
f 2778 2838 2865
f 2842 2778 2865
f 2838 2862 2865
f 2799 2846 2839
f 2839 2784 2799
f 2847 2803 2866
f 2846 2802 2862
f 2844 2799 2784
f 2804 2578 2845
f 2797 2842 2867
f 2848 2797 2867
f 2842 2865 2867
f 2813 2851 2868
f 2849 2804 2869
f 2803 2849 2870
f 2866 2803 2870
f 2849 2869 2870
f 558 2808 2850
f 2807 2806 2871
f 2808 2807 2872
f 2807 2871 2872
f 2755 2836 2873
f 2757 2755 2873
f 2836 2834 2873
f 2792 2770 2771
f 2816 2808 2872
f 2822 2820 2874
f 2824 2822 2875
f 2822 2874 2875
f 2826 2824 2876
f 2824 2875 2876
f 2828 2826 2877
f 2826 2876 2877
f 2830 2828 2878
f 2828 2877 2878
f 2832 2830 2879
f 2830 2878 2879
f 2834 2832 2880
f 2832 2879 2880
f 2792 2771 2881
f 2841 2792 2881
f 2771 2769 2881
f 2784 2837 2844
f 2802 2848 2867
f 2806 2805 2882
f 2871 2806 2882
f 2853 2883 2805
f 2847 2866 2884
f 2769 2861 2881
f 2844 2837 2864
f 2855 2841 2881
f 2862 2781 2846
f 2804 2845 2869
f 2845 2844 2864
f 2847 2884 2853
f 2851 2816 2885
f 2808 2816 2850
f 2834 2880 2873
f 2856 2757 2873
f 2874 2820 2868
f 2868 2851 2885
f 2816 2872 2885
f 2820 2818 2868
f 2855 2881 2861
f 2858 2857 2886
f 2859 2858 2887
f 2858 2886 2887
f 2860 2859 2888
f 2859 2887 2888
f 2861 2860 2889
f 2860 2888 2889
f 2862 2802 2867
f 2872 2871 2874
f 2869 2845 2890
f 2864 2854 2890
f 2845 2864 2890
f 2873 2880 2856
f 2868 2818 2813
f 2811 2813 2818
f 2884 2866 2891
f 2857 2856 2892
f 2886 2857 2892
f 2856 2880 2892
f 2855 2861 2889
f 2839 2846 2781
f 2875 2874 2871
f 2876 2875 2882
f 2878 2877 2893
f 2879 2878 2894
f 2878 2893 2894
f 2880 2879 2895
f 2892 2880 2895
f 2879 2894 2895
f 2853 2884 2896
f 2875 2871 2882
f 2862 2867 2865
f 2855 2889 2863
f 2870 2869 2897
f 2854 2863 2898
f 2890 2854 2898
f 2863 2889 2898
f 2869 2890 2897
f 2866 2870 2899
f 2870 2897 2899
f 2891 2866 2899
f 2877 2876 2883
f 2853 2896 2883
f 2882 2805 2883
f 2884 2891 2900
f 2883 2876 2882
f 2888 2887 2901
f 2889 2888 2898
f 2877 2883 2893
f 2897 2890 2901
f 2891 2899 2902
f 2896 2884 2900
f 2886 2892 2902
f 2868 2885 2874
f 2900 2891 2902
f 2887 2886 2903
f 2901 2887 2903
f 2886 2902 2903
f 2898 2888 2901
f 2902 2899 2903
f 2901 2890 2898
f 2899 2897 2903
f 2896 2900 2894
f 2902 2892 2895
f 2897 2901 2903
f 2894 2900 2895
f 2895 2900 2902
f 2893 2883 2896
f 2872 2874 2885
f 2893 2896 2894
f 2904 2646 2656
f 2905 2904 2906
f 2907 2905 2908
f 2905 2906 2908
f 2909 2907 2910
f 2907 2908 2910
f 2911 2909 2912
f 2909 2910 2912
f 2913 2911 2914
f 2911 2912 2914
f 2915 2913 2916
f 2913 2914 2916
f 2917 2915 2918
f 2915 2916 2918
f 2919 2917 2920
f 2917 2918 2920
f 2921 2919 2922
f 2919 2920 2922
f 2923 2921 2924
f 2921 2922 2924
f 2925 2923 2926
f 2923 2924 2926
f 2927 2925 2928
f 2925 2926 2928
f 2927 2928 2929
f 582 2930 580
f 580 2930 2931
f 547 549 2654
f 549 561 2906
f 561 563 2908
f 563 565 2910
f 565 567 2912
f 567 569 2914
f 569 571 2916
f 571 573 2918
f 573 575 2920
f 575 577 2922
f 2926 2924 578
f 578 580 2931
f 2932 2929 2928
f 2904 2656 2906
f 2910 565 2912
f 2908 563 2910
f 2930 2932 2931
f 2654 549 2906
f 2906 561 2908
f 567 2914 2912
f 569 2916 2914
f 571 2918 2916
f 573 2920 2918
f 575 2922 2920
f 2656 2654 2906
f 2931 2932 2928
f 577 578 2924
f 577 2924 2922
f 578 2931 2926
f 2928 2926 2931
f 2933 2934 2935
f 2933 2936 2937
f 2936 2938 2814
f 584 587 2939
f 587 559 2852
f 2810 2809 2940
f 2812 2810 2941
f 2810 2940 2941
f 2814 2812 2937
f 2940 2942 2941
f 587 2852 2939
f 2936 2814 2937
f 2938 2943 2944
f 2943 585 2945
f 585 584 2945
f 2937 2812 2941
f 2815 2814 2944
f 2944 2939 2815
f 2944 2943 2945
f 2814 2938 2944
f 584 2939 2945
f 2941 2942 2934
f 2937 2941 2934
f 2933 2937 2934
f 2942 2935 2934
f 2852 2815 2939
f 2945 2939 2944
f 2946 2947 2948
f 2947 2949 2950
f 2951 2952 2953
f 2954 2955 2956
f 2957 2958 2959
f 2960 2961 2962
f 2961 2963 2964
f 2965 2966 2967
f 2968 2965 2969
f 2970 2968 2971
f 2968 2969 2971
f 2972 2970 2973
f 2970 2971 2973
f 2974 2972 2975
f 2972 2973 2975
f 2976 2974 2977
f 2974 2975 2977
f 2978 2976 2979
f 2976 2977 2979
f 2980 2978 2981
f 2978 2979 2981
f 2982 2980 2983
f 2980 2981 2983
f 2984 2982 2985
f 2982 2983 2985
f 2986 2984 2987
f 2984 2985 2987
f 2988 2986 2989
f 2986 2987 2989
f 2990 2988 2991
f 2988 2989 2991
f 2965 2967 2969
f 2992 2993 2994
f 2995 2992 2996
f 2997 2995 2998
f 2995 2996 2998
f 2967 2997 2999
f 2969 2967 2999
f 2997 2998 2999
f 3000 2929 3001
f 3002 3000 3003
f 3000 3001 3003
f 3004 3002 3005
f 3002 3003 3005
f 3006 3004 3007
f 3004 3005 3007
f 2930 582 3008
f 2932 2930 3009
f 2930 3008 3009
f 2929 2932 3010
f 2932 3009 3010
f 582 583 3011
f 590 592 3012
f 594 596 3013
f 596 598 3014
f 3015 3016 3017
f 3018 3015 3019
f 3015 3017 3019
f 3020 3021 3022
f 3023 3024 3025
f 3026 3027 3028
f 3029 3030 3031
f 3032 3033 3034
f 3035 3036 3037
f 3038 2948 3039
f 2992 2994 2996
f 596 3014 3013
f 2949 2951 3040
f 2952 2954 3041
f 2955 2957 3042
f 2958 2960 3043
f 2961 2964 2962
f 3041 2954 2956
f 3013 3014 3018
f 2929 3010 3044
f 3001 2929 3044
f 3006 3007 3045
f 3008 582 3046
f 2994 3006 3045
f 582 3011 3046
f 583 590 3047
f 592 594 3048
f 3040 2951 2953
f 3017 3016 3022
f 3016 3049 3022
f 3018 3019 3013
f 3022 3021 3050
f 3017 3022 3050
f 3021 3023 3050
f 3023 3025 3050
f 3024 3026 3051
f 3027 3029 3052
f 3030 3032 3053
f 3033 3035 3054
f 3036 3038 3055
f 2996 2994 3045
f 2948 2947 3039
f 2953 2952 3041
f 2956 2955 3042
f 2959 2958 3043
f 3012 592 3048
f 2949 3040 2950
f 3025 3024 3051
f 3028 3027 3052
f 3031 3030 3053
f 3034 3033 3054
f 3037 3036 3055
f 3042 2957 2959
f 3043 2960 2962
f 3052 3029 3031
f 3055 3038 3039
f 583 3047 3011
f 3039 2947 2950
f 3048 594 3013
f 3047 590 3012
f 3054 3035 3037
f 3053 3032 3034
f 3051 3026 3028
f 3025 3051 3056
f 2956 3042 3057
f 3017 3050 3058
f 3019 3017 3058
f 3050 3025 3058
f 2959 3043 3059
f 3012 3048 3060
f 3052 3031 3061
f 2971 2969 3062
f 2969 2999 3062
f 2973 2971 3063
f 2971 3062 3063
f 2975 2973 3064
f 2973 3063 3064
f 2977 2975 3065
f 2975 3064 3065
f 2979 2977 3066
f 2977 3065 3066
f 2981 2979 3067
f 2979 3066 3067
f 2983 2981 3068
f 2981 3067 3068
f 2985 2983 3069
f 2983 3068 3069
f 2987 2985 3070
f 2985 3069 3070
f 2989 2987 3071
f 2987 3070 3071
f 2991 2989 3072
f 2989 3071 3072
f 3009 3008 3073
f 2964 2990 3074
f 2998 2996 3075
f 2996 3045 3075
f 3044 3010 3076
f 3001 3044 3077
f 3003 3001 3078
f 3045 3007 3075
f 3005 3003 3079
f 3003 3078 3079
f 3007 3005 3080
f 3005 3079 3080
f 3010 3009 3081
f 3076 3010 3081
f 3009 3073 3081
f 3054 3037 3082
f 2950 3040 3083
f 3047 3012 3084
f 3012 3060 3084
f 3028 3052 3085
f 3052 3061 3085
f 3046 3011 3086
f 3049 3020 3022
f 3034 3054 3087
f 3054 3082 3087
f 3051 3028 3088
f 3056 3051 3088
f 3028 3085 3088
f 3053 3034 3089
f 3034 3087 3089
f 3042 2959 3090
f 3057 3042 3090
f 2959 3059 3090
f 3011 3047 3091
f 3047 3084 3091
f 3041 2956 3092
f 2956 3057 3092
f 2953 3041 3093
f 3041 3092 3093
f 2953 3093 3094
f 3078 3001 3077
f 3019 3058 3060
f 3060 3048 3019
f 3043 2962 3095
f 3046 3086 3096
f 3077 3044 3097
f 2990 2991 3074
f 3073 3008 3098
f 3008 3046 3098
f 3082 3037 3083
f 3043 3095 3059
f 3007 3080 3075
f 2999 2998 3099
f 3062 2999 3099
f 2998 3075 3099
f 3083 3040 3094
f 3039 2950 3100
f 2953 3094 3040
f 3013 3019 3048
f 3058 3025 3056
f 3086 3011 3091
f 3031 3053 3101
f 3055 3039 3100
f 3044 3076 3097
f 3102 3097 3076
f 3046 3096 3098
f 3074 2991 3095
f 3101 3053 3089
f 3031 3101 3061
f 3078 3077 3066
f 3060 3058 3056
f 3095 2962 3074
f 3061 3101 3096
f 3077 3097 3066
f 2962 2964 3074
f 3063 3062 3080
f 3061 3096 3086
f 3064 3063 3079
f 3065 3064 3079
f 3066 3065 3078
f 3067 3066 3097
f 3069 3068 3103
f 3070 3069 3104
f 3069 3103 3104
f 3071 3070 3105
f 3070 3104 3105
f 3083 3094 3082
f 3100 2950 3083
f 3079 3078 3065
f 3080 3079 3063
f 3073 3098 3106
f 3085 3061 3086
f 3091 3084 3088
f 3087 3082 3107
f 3082 3094 3107
f 3089 3087 3108
f 3087 3107 3108
f 3086 3091 3085
f 3037 3055 3100
f 3092 3057 3109
f 3098 3096 3110
f 3093 3092 3111
f 3092 3109 3111
f 3094 3093 3107
f 3084 3060 3056
f 3096 3101 3112
f 3110 3096 3112
f 3101 3089 3112
f 3084 3056 3088
f 3085 3091 3088
f 3071 3105 3059
f 3095 2991 3072
f 3059 3105 3090
f 3076 3081 3113
f 3106 3098 3110
f 3103 3068 3102
f 3068 3067 3102
f 3089 3108 3112
f 3083 3037 3100
f 3080 3062 3099
f 3081 3073 3114
f 3113 3081 3114
f 3073 3106 3114
f 3067 3097 3102
f 3057 3090 3115
f 3107 3093 3111
f 3102 3076 3113
f 3057 3115 3109
f 3075 3080 3099
f 3110 3112 3116
f 3112 3108 3116
f 3090 3105 3115
f 3106 3110 3117
f 3110 3116 3117
f 3072 3071 3059
f 3107 3111 3108
f 3111 3109 3117
f 3103 3102 3118
f 3104 3103 3118
f 3102 3113 3118
f 3095 3072 3059
f 3105 3104 3119
f 3115 3105 3119
f 3104 3118 3119
f 3118 3113 3120
f 3119 3118 3120
f 3113 3114 3120
f 3114 3106 3121
f 3120 3114 3121
f 3106 3117 3121
f 3117 3109 3121
f 3108 3111 3116
f 3109 3115 3121
f 3116 3111 3117
f 3115 3119 3121
f 3121 3119 3120
f 3122 3123 3124
f 3123 3125 3126
f 3127 3128 3129
f 3130 3131 3132
f 3133 3134 3135
f 3136 3137 3138
f 3139 3140 3141
f 3142 3143 3144
f 3145 3142 3146
f 3147 3145 3148
f 3145 3146 3148
f 3149 3147 3150
f 3147 3148 3150
f 3151 3149 3152
f 3149 3150 3152
f 3153 3151 3154
f 3151 3152 3154
f 3155 3153 3156
f 3153 3154 3156
f 3157 3155 3158
f 3155 3156 3158
f 3159 3157 3160
f 3157 3158 3160
f 3161 3159 3162
f 3159 3160 3162
f 3163 3161 3164
f 3161 3162 3164
f 3141 3163 3165
f 3163 3164 3165
f 3166 3167 3168
f 3169 3166 3170
f 3171 3169 3172
f 3169 3170 3172
f 3173 3174 3175
f 3176 3173 3177
f 3173 3175 3177
f 3178 3176 3179
f 3176 3177 3179
f 3180 3178 3181
f 3178 3179 3181
f 3182 601 3183
f 3184 3182 3185
f 3182 3183 3185
f 3174 3184 3186
f 3184 3185 3186
f 601 600 3187
f 603 605 3188
f 607 609 3189
f 2936 2933 3190
f 2938 2936 3191
f 2936 3190 3191
f 3192 3193 3194
f 3195 3196 3197
f 3198 3199 3200
f 3201 3202 3203
f 3204 3205 3206
f 3124 3123 3126
f 3166 3168 3170
f 3125 3127 3207
f 3128 3130 3208
f 3131 3133 3209
f 3134 3136 3210
f 3139 3141 3165
f 3207 3127 3129
f 3142 3144 3146
f 3125 3207 3126
f 3175 3174 3211
f 3183 601 3212
f 3168 3180 3213
f 3170 3168 3213
f 3180 3181 3213
f 3174 3186 3211
f 601 3187 3212
f 600 603 3214
f 605 607 3215
f 609 585 2943
f 2938 3191 3189
f 2943 2938 3189
f 2935 3192 2933
f 3193 3195 3216
f 3196 3198 3217
f 3199 3201 3218
f 3202 3204 3219
f 3124 3126 3220
f 3205 3220 3221
f 3205 3221 3206
f 3218 3201 3203
f 3208 3130 3132
f 3129 3128 3208
f 3132 3131 3209
f 3135 3134 3210
f 3188 605 3215
f 3189 609 2943
f 3190 2933 3194
f 3197 3196 3217
f 3200 3199 3218
f 3203 3202 3219
f 3209 3133 3135
f 3210 3136 3138
f 2933 3192 3194
f 600 3214 3187
f 3219 3204 3206
f 3215 607 3189
f 3214 603 3188
f 3193 3216 3194
f 3217 3198 3200
f 3216 3195 3197
f 3220 3126 3221
f 3175 3211 3222
f 3132 3209 3223
f 3129 3208 3224
f 3135 3210 3225
f 3188 3215 3226
f 3137 3139 3227
f 3150 3148 3228
f 3152 3150 3229
f 3150 3228 3229
f 3154 3152 3222
f 3156 3154 3230
f 3154 3222 3230
f 3158 3156 3231
f 3156 3230 3231
f 3160 3158 3232
f 3158 3231 3232
f 3162 3160 3233
f 3160 3232 3233
f 3165 3164 3234
f 3172 3170 3235
f 3170 3213 3235
f 3212 3187 3236
f 3171 3172 3146
f 3183 3212 3237
f 3144 3171 3146
f 3207 3129 3238
f 3211 3186 3239
f 3179 3177 3228
f 3181 3179 3240
f 3213 3181 3240
f 3179 3228 3240
f 3137 3227 3138
f 3186 3185 3241
f 3219 3206 3242
f 3214 3188 3243
f 3187 3214 3244
f 3236 3187 3244
f 3214 3243 3244
f 3190 3194 3245
f 3194 3216 3245
f 3217 3200 3246
f 3216 3197 3245
f 3203 3219 3247
f 3208 3132 3248
f 3132 3223 3248
f 3209 3135 3249
f 3223 3209 3249
f 3135 3225 3249
f 3206 3221 3238
f 3177 3175 3229
f 3185 3183 3250
f 3241 3185 3250
f 3183 3237 3250
f 3197 3217 3243
f 3191 3190 3245
f 3218 3203 3251
f 3203 3247 3251
f 3129 3224 3238
f 3206 3238 3242
f 3188 3226 3243
f 3210 3138 3252
f 3146 3172 3235
f 3148 3146 3235
f 3126 3207 3221
f 3152 3229 3222
f 3164 3162 3253
f 3197 3243 3226
f 3228 3177 3229
f 3239 3186 3241
f 3138 3227 3234
f 3210 3252 3225
f 3212 3236 3254
f 3228 3148 3240
f 3219 3242 3247
f 3226 3215 3191
f 3212 3254 3237
f 3224 3208 3248
f 3238 3221 3207
f 3200 3218 3255
f 3229 3175 3222
f 3222 3211 3230
f 3138 3234 3252
f 3191 3245 3226
f 3200 3255 3246
f 3255 3218 3251
f 3253 3162 3233
f 3164 3253 3234
f 3197 3226 3245
f 3230 3211 3239
f 3243 3217 3246
f 3139 3165 3227
f 3234 3253 3252
f 3231 3230 3239
f 3232 3231 3256
f 3233 3232 3257
f 3232 3256 3257
f 3148 3235 3240
f 3238 3224 3242
f 3239 3241 3258
f 3243 3246 3244
f 3225 3252 3259
f 3252 3253 3259
f 3213 3240 3235
f 3254 3236 3255
f 3242 3224 3260
f 3246 3255 3236
f 3253 3233 3259
f 3227 3165 3234
f 3246 3236 3244
f 3248 3223 3261
f 3237 3254 3262
f 3255 3251 3254
f 3189 3191 3215
f 3247 3242 3260
f 3224 3248 3260
f 3254 3251 3263
f 3262 3254 3263
f 3251 3247 3263
f 3233 3257 3259
f 3258 3241 3264
f 3248 3261 3260
f 3247 3260 3263
f 3261 3223 3265
f 3223 3249 3265
f 3237 3262 3266
f 3231 3239 3256
f 3249 3225 3267
f 3265 3249 3267
f 3225 3259 3267
f 3241 3250 3264
f 3250 3237 3266
f 3250 3266 3264
f 3263 3260 3268
f 3262 3263 3268
f 3260 3261 3268
f 3266 3262 3268
f 3259 3257 3267
f 3264 3266 3269
f 3257 3256 3270
f 3268 3261 3269
f 3266 3268 3269
f 3239 3258 3256
f 3269 3261 3265
f 3270 3256 3258
f 3264 3269 3270
f 3258 3264 3270
f 3267 3257 3270
f 3265 3267 3270
f 3270 3269 3265
f 3016 3015 3271
f 3018 3014 3272
f 3014 598 612
f 612 614 3273
f 614 616 3274
f 3275 3276 3277
f 3278 3275 3271
f 3279 3278 3271
f 3280 3279 3281
f 3274 3280 3272
f 3277 3282 3275
f 3014 612 3273
f 3049 3016 3283
f 3018 3272 3281
f 3015 3018 3281
f 3015 3281 3271
f 614 3274 3273
f 3272 3280 3281
f 3014 3273 3272
f 3279 3271 3281
f 3274 3272 3273
f 3277 3283 3282
f 3271 3282 3016
f 3271 3275 3282
f 3283 3016 3282
f 601 3182 602
f 3182 3184 3284
f 3184 3174 3285
f 619 618 3286
f 618 621 3287
f 623 625 3288
f 627 629 3289
f 631 633 3290
f 635 636 3291
f 3292 3286 3287
f 3293 3292 3294
f 3294 3287 3295
f 3296 3297 3288
f 3298 3299 3289
f 3300 3301 3290
f 3302 3300 3290
f 3303 3302 3304
f 3305 3306 3307
f 602 3182 3284
f 3184 3285 3284
f 3288 625 3308
f 3296 3288 3308
f 625 627 3308
f 3287 621 3309
f 3295 3287 3309
f 621 623 3309
f 623 3288 3309
f 627 3289 3308
f 3295 3309 3297
f 631 3290 3310
f 629 631 3310
f 3290 3301 3310
f 635 3291 3304
f 633 635 3304
f 636 638 3311
f 638 602 3284
f 3284 3285 3305
f 3294 3292 3287
f 629 3310 3289
f 3298 3289 3310
f 3299 3296 3308
f 3303 3304 3291
f 3301 3298 3310
f 3302 3290 3304
f 3305 3307 3284
f 3306 3303 3291
f 3306 3291 3307
f 3286 618 3287
f 3290 633 3304
f 3288 3297 3309
f 3289 3299 3308
f 3311 638 3284
f 3291 636 3311
f 2552 3312 1111
f 3313 1526 1111
f 3311 3284 3307
f 3307 3291 3311
f 3314 3315 3316
f 3317 3314 3318
f 3319 3317 3320
f 3317 3318 3320
f 3321 3319 3322
f 3319 3320 3322
f 3323 3321 3324
f 3321 3322 3324
f 3325 3323 3326
f 3323 3324 3326
f 3327 3325 3328
f 3325 3326 3328
f 3329 3327 3330
f 3327 3328 3330
f 3331 3329 3332
f 3329 3330 3332
f 3333 3331 3334
f 3331 3332 3334
f 3335 3333 3336
f 3337 3338 3339
f 3338 3340 3341
f 3342 3343 3344
f 3345 3346 3347
f 3348 3349 3350
f 3351 3352 3353
f 3354 3336 3355
f 3339 3338 3341
f 3356 3357 3358
f 3357 3359 3360
f 3359 3339 3361
f 3360 3359 3361
f 3339 3341 3361
f 3358 3357 3360
f 3293 3362 3363
f 3364 3365 3366
f 3365 3358 3360
f 619 3286 3367
f 3292 3293 3368
f 620 619 3369
f 640 620 3370
f 620 3369 3370
f 641 640 3371
f 640 3370 3371
f 643 641 3372
f 641 3371 3372
f 644 643 3373
f 643 3372 3373
f 616 644 3274
f 3276 3275 3374
f 3275 3278 3375
f 3279 3280 3376
f 3374 3275 3375
f 3377 3374 3375
f 3378 3377 3379
f 3377 3375 3379
f 3380 3378 3381
f 3378 3379 3381
f 3382 3380 3383
f 3380 3381 3383
f 3384 3382 3385
f 3382 3383 3385
f 3386 3384 3387
f 3384 3385 3387
f 3388 3386 3389
f 3386 3387 3389
f 3390 3388 3391
f 3388 3389 3391
f 3392 3390 3393
f 3390 3391 3393
f 3394 3392 3395
f 3392 3393 3395
f 3274 644 3373
f 3347 3346 3396
f 3346 3348 3396
f 3341 3340 3397
f 3361 3341 3397
f 3340 3342 3397
f 3342 3344 3397
f 3343 3345 3398
f 3348 3350 3396
f 3349 3351 3399
f 3352 3354 3400
f 619 3367 3401
f 3400 3354 3355
f 3366 3365 3360
f 3368 3293 3402
f 3362 3364 3403
f 3367 3286 3404
f 3286 3292 3404
f 3293 3363 3402
f 3292 3368 3404
f 3349 3399 3350
f 3375 3278 3405
f 3379 3375 3405
f 3278 3279 3405
f 3279 3376 3405
f 3280 3274 3373
f 3316 3394 3318
f 3333 3334 3355
f 3312 3313 1111
f 3353 3352 3400
f 3355 3336 3333
f 3369 619 3401
f 3343 3398 3344
f 3398 3345 3347
f 3399 3351 3353
f 3403 3364 3366
f 3362 3403 3363
f 3280 3373 3376
f 3318 3394 3395
f 3314 3316 3318
f 3322 3320 3406
f 3324 3322 3407
f 3322 3406 3407
f 3326 3324 3408
f 3324 3407 3408
f 3328 3326 3409
f 3326 3408 3409
f 3330 3328 3410
f 3328 3409 3410
f 3332 3330 3411
f 3330 3410 3411
f 3334 3332 3412
f 3332 3411 3412
f 3398 3347 3363
f 3401 3367 3413
f 3397 3344 3414
f 3399 3353 3415
f 3396 3350 3416
f 3403 3366 3414
f 3366 3360 3414
f 3404 3368 3417
f 3376 3373 3418
f 3373 3372 3418
f 3363 3403 3398
f 3367 3404 3419
f 3413 3367 3419
f 3404 3417 3419
f 3371 3370 3420
f 3372 3371 3421
f 3418 3372 3421
f 3371 3420 3421
f 3405 3376 3418
f 3381 3379 3422
f 3385 3383 3423
f 3387 3385 3424
f 3385 3423 3424
f 3389 3387 3425
f 3387 3424 3425
f 3391 3389 3426
f 3389 3425 3426
f 3393 3391 3427
f 3391 3426 3427
f 3395 3393 3428
f 3393 3427 3428
f 3350 3399 3429
f 3416 3350 3429
f 3399 3415 3429
f 3369 3401 3430
f 3379 3405 3422
f 3370 3369 3431
f 3420 3370 3431
f 3369 3430 3431
f 3363 3347 3432
f 3402 3363 3432
f 3347 3396 3432
f 3401 3413 3433
f 3405 3418 3422
f 3396 3416 3432
f 3403 3414 3344
f 3430 3401 3433
f 3417 3368 3434
f 3368 3402 3434
f 3344 3398 3403
f 3400 3355 3412
f 3400 3412 3435
f 3353 3400 3435
f 3412 3411 3435
f 3318 3395 3406
f 3355 3334 3412
f 3406 3395 3428
f 3383 3381 3436
f 3383 3436 3423
f 3434 3402 3432
f 3353 3435 3415
f 3436 3381 3422
f 3408 3407 3437
f 3409 3408 3438
f 3408 3437 3438
f 3410 3409 3439
f 3409 3438 3439
f 3411 3410 3440
f 3435 3411 3440
f 3410 3439 3440
f 3434 3432 3416
f 3422 3418 3421
f 3397 3414 3361
f 3415 3435 3440
f 3414 3360 3361
f 3436 3422 3421
f 3434 3416 3441
f 3416 3429 3441
f 3430 3433 3424
f 3433 3413 3442
f 3417 3434 3443
f 3434 3441 3443
f 3424 3423 3430
f 3407 3406 3444
f 3437 3407 3444
f 3406 3428 3444
f 3423 3436 3431
f 3425 3424 3433
f 3427 3426 3445
f 3428 3427 3446
f 3444 3428 3446
f 3427 3445 3446
f 3430 3423 3431
f 3318 3406 3320
f 3415 3440 3447
f 3440 3439 3447
f 3442 3413 3448
f 3413 3419 3448
f 3419 3417 3443
f 3425 3433 3449
f 3445 3426 3449
f 3426 3425 3449
f 3429 3415 3447
f 3449 3433 3442
f 3419 3443 3448
f 3439 3438 3450
f 3447 3439 3450
f 3441 3429 3447
f 3421 3420 3436
f 3420 3431 3436
f 3437 3444 3451
f 3444 3446 3451
f 3445 3449 3452
f 3449 3442 3452
f 3441 3447 3450
f 3442 3448 3452
f 3443 3441 3450
f 3438 3437 3453
f 3448 3443 3453
f 3446 3445 3452
f 3450 3438 3453
f 3452 3448 3453
f 3453 3443 3450
f 3453 3437 3451
f 3453 3451 3452
f 3454 1525 1526
f 3452 3451 3446
f 1127 1126 3455
f 1129 1127 3456
f 1130 1129 3457
f 1129 3456 3457
f 1132 1130 3458
f 1130 3457 3458
f 1133 1132 3459
f 1132 3458 3459
f 1135 1133 3460
f 1133 3459 3460
f 1136 1135 3461
f 1135 3460 3461
f 1138 1136 3462
f 1136 3461 3462
f 1139 1138 3463
f 1138 3462 3463
f 1141 1139 3464
f 1139 3463 3464
f 1142 1141 3465
f 1141 3464 3465
f 1144 1142 3466
f 1142 3465 3466
f 1145 1144 3467
f 1144 3466 3467
f 1147 1145 3468
f 1145 3467 3468
f 1148 1147 3469
f 1147 3468 3469
f 1150 1148 3470
f 1148 3469 3470
f 1151 1150 3471
f 1150 3470 3471
f 1153 1151 3472
f 1151 3471 3472
f 1154 1153 3473
f 1153 3472 3473
f 1156 1154 3474
f 1154 3473 3474
f 1157 1156 3475
f 1156 3474 3475
f 1159 1157 3476
f 1157 3475 3476
f 1160 1159 3477
f 1159 3476 3477
f 1162 1160 3478
f 1160 3477 3478
f 1163 1162 3479
f 1162 3478 3479
f 1165 1163 3480
f 1163 3479 3480
f 1166 1165 3481
f 1165 3480 3481
f 1168 1166 3482
f 1166 3481 3482
f 1169 1168 3483
f 1168 3482 3483
f 1171 1169 3484
f 1169 3483 3484
f 1172 1171 3485
f 1171 3484 3485
f 1174 1172 3486
f 1172 3485 3486
f 1175 1174 3487
f 1174 3486 3487
f 1177 1175 3488
f 1175 3487 3488
f 1178 1177 3489
f 1177 3488 3489
f 1180 1178 3490
f 1178 3489 3490
f 1181 1180 3491
f 1180 3490 3491
f 1183 1181 3492
f 1181 3491 3492
f 1184 1183 3493
f 1183 3492 3493
f 1186 1184 3494
f 1184 3493 3494
f 1187 1186 3495
f 1186 3494 3495
f 1189 1187 3496
f 1187 3495 3496
f 1190 1189 3497
f 1189 3496 3497
f 1192 1190 3498
f 1190 3497 3498
f 1193 1192 3499
f 1192 3498 3499
f 1195 1193 3500
f 1193 3499 3500
f 1196 1195 3501
f 1195 3500 3501
f 1198 1196 3502
f 1196 3501 3502
f 1199 1198 3503
f 1198 3502 3503
f 1126 1199 3504
f 3455 1126 3504
f 1199 3503 3504
f 3505 3506 3507
f 3506 3508 3509
f 3510 3511 3512
f 3513 3514 3515
f 3455 3504 3516
f 3517 3516 3504
f 3505 3518 3506
f 3518 3519 3520
f 3521 3522 3523
f 3524 3525 3526
f 3527 3528 3529
f 3530 3531 3532
f 3533 3534 3535
f 3536 3537 3538
f 3539 3540 3541
f 3542 3543 3544
f 3545 3546 3547
f 3548 3549 3550
f 3551 3552 3553
f 3554 3555 3556
f 3557 3558 3559
f 3560 3561 3562
f 3563 3564 3565
f 3566 3567 3568
f 3569 3570 3571
f 3572 3573 3574
f 3575 3576 3577
f 3578 3579 3580
f 3581 3582 3583
f 3584 3585 3586
f 3587 3588 3589
f 3590 3591 3592
f 3593 3594 3595
f 3596 3597 3598
f 3599 3600 3601
f 3508 3506 3602
f 3510 3508 3603
f 3508 3602 3603
f 3511 3510 3604
f 3510 3603 3604
f 3513 3511 3605
f 3511 3604 3605
f 3514 3513 3606
f 3513 3605 3606
f 3516 3514 3607
f 3514 3606 3607
f 3506 3518 3602
f 1127 3455 3456
f 3507 3506 3509
f 3508 3510 3608
f 3511 3513 3609
f 3516 3517 3514
f 3512 3511 3609
f 3519 3521 3610
f 3522 3524 3611
f 3525 3527 3612
f 3528 3530 3613
f 3531 3533 3614
f 3534 3536 3615
f 3537 3539 3616
f 3540 3542 3617
f 3543 3545 3618
f 3546 3548 3619
f 3549 3551 3620
f 3552 3554 3621
f 3555 3557 3622
f 3558 3560 3623
f 3561 3563 3624
f 3564 3566 3625
f 3567 3569 3626
f 3570 3572 3627
f 3573 3575 3628
f 3576 3578 3629
f 3579 3581 3630
f 3582 3584 3631
f 3585 3587 3632
f 3588 3590 3633
f 3593 3595 3634
f 3591 3593 3634
f 3594 3596 3635
f 3597 3599 3636
f 3602 3518 3520
f 3600 3507 3637
f 3508 3608 3509
f 3600 3637 3601
f 3613 3530 3532
f 3455 3516 3638
f 3612 3527 3529
f 3609 3513 3515
f 3526 3525 3612
f 3529 3528 3613
f 3532 3531 3614
f 3535 3534 3615
f 3538 3537 3616
f 3541 3540 3617
f 3544 3543 3618
f 3547 3546 3619
f 3550 3549 3620
f 3553 3552 3621
f 3556 3555 3622
f 3559 3558 3623
f 3562 3561 3624
f 3565 3564 3625
f 3568 3567 3626
f 3571 3570 3627
f 3574 3573 3628
f 3577 3576 3629
f 3580 3579 3630
f 3583 3582 3631
f 3586 3585 3632
f 3589 3588 3633
f 3592 3591 3634
f 3595 3594 3635
f 3598 3597 3636
f 3614 3533 3535
f 3615 3536 3538
f 3616 3539 3541
f 3617 3542 3544
f 3618 3545 3547
f 3619 3548 3550
f 3620 3551 3553
f 3621 3554 3556
f 3622 3557 3559
f 3623 3560 3562
f 3624 3563 3565
f 3625 3566 3568
f 3626 3569 3571
f 3627 3572 3574
f 3628 3575 3577
f 3629 3578 3580
f 3630 3581 3583
f 3631 3584 3586
f 3632 3587 3589
f 3633 3590 3592
f 3636 3599 3601
f 3608 3510 3512
f 3519 3610 3520
f 3514 3517 3515
f 3611 3524 3526
f 3610 3521 3523
f 3522 3611 3523
f 3635 3596 3598
f 3637 3507 3509
f 3638 3516 3607
f 3638 3607 3639
f 3458 3457 3640
f 3459 3458 3641
f 3458 3640 3641
f 3460 3459 3642
f 3459 3641 3642
f 3461 3460 3643
f 3460 3642 3643
f 3462 3461 3644
f 3461 3643 3644
f 3463 3462 3645
f 3462 3644 3645
f 3464 3463 3646
f 3463 3645 3646
f 3465 3464 3647
f 3464 3646 3647
f 3466 3465 3648
f 3465 3647 3648
f 3467 3466 3649
f 3466 3648 3649
f 3468 3467 3650
f 3467 3649 3650
f 3469 3468 3651
f 3468 3650 3651
f 3470 3469 3652
f 3469 3651 3652
f 3471 3470 3653
f 3470 3652 3653
f 3472 3471 3654
f 3471 3653 3654
f 3473 3472 3655
f 3472 3654 3655
f 3474 3473 3656
f 3473 3655 3656
f 3475 3474 3657
f 3474 3656 3657
f 3476 3475 3658
f 3475 3657 3658
f 3477 3476 3659
f 3476 3658 3659
f 3478 3477 3660
f 3477 3659 3660
f 3479 3478 3661
f 3478 3660 3661
f 3480 3479 3662
f 3479 3661 3662
f 3481 3480 3663
f 3480 3662 3663
f 3482 3481 3664
f 3481 3663 3664
f 3483 3482 3665
f 3482 3664 3665
f 3484 3483 3666
f 3483 3665 3666
f 3485 3484 3667
f 3484 3666 3667
f 3486 3485 3668
f 3485 3667 3668
f 3487 3486 3669
f 3486 3668 3669
f 3488 3487 3670
f 3487 3669 3670
f 3489 3488 3671
f 3488 3670 3671
f 3490 3489 3672
f 3489 3671 3672
f 3491 3490 3673
f 3490 3672 3673
f 3492 3491 3674
f 3491 3673 3674
f 3493 3492 3675
f 3492 3674 3675
f 3494 3493 3676
f 3493 3675 3676
f 3495 3494 3677
f 3494 3676 3677
f 3496 3495 3678
f 3495 3677 3678
f 3497 3496 3679
f 3496 3678 3679
f 3498 3497 3680
f 3497 3679 3680
f 3499 3498 3681
f 3498 3680 3681
f 3500 3499 3682
f 3499 3681 3682
f 3501 3500 3683
f 3500 3682 3683
f 3502 3501 3684
f 3501 3683 3684
f 3503 3502 3685
f 3502 3684 3685
f 3504 3503 3686
f 3517 3504 3686
f 3503 3685 3686
f 3611 3526 3687
f 3601 3637 3688
f 3637 3509 3688
f 3526 3612 3689
f 3512 3609 3690
f 3635 3598 3691
f 3523 3611 3692
f 3611 3687 3692
f 3610 3523 3693
f 3529 3613 3694
f 3532 3614 3695
f 3455 3638 3456
f 3535 3615 3696
f 3615 3538 3697
f 3616 3541 3698
f 3541 3617 3699
f 3544 3618 3700
f 3547 3619 3701
f 3550 3620 3702
f 3620 3553 3703
f 3621 3556 3704
f 3622 3559 3705
f 3623 3562 3706
f 3562 3624 3706
f 3624 3565 3707
f 3625 3568 3708
f 3626 3571 3709
f 3627 3574 3710
f 3628 3577 3711
f 3629 3580 3712
f 3630 3583 3713
f 3631 3586 3714
f 3632 3589 3715
f 3633 3592 3716
f 3592 3634 3716
f 3636 3601 3717
f 3598 3636 3718
f 3691 3598 3718
f 3636 3717 3718
f 3595 3635 3719
f 3635 3691 3719
f 3614 3535 3720
f 3695 3614 3720
f 3535 3696 3720
f 3608 3512 3721
f 3512 3690 3721
f 3602 3520 3722
f 3603 3602 3722
f 3520 3610 3722
f 3509 3608 3688
f 3604 3603 3723
f 3603 3722 3723
f 3605 3604 3724
f 3606 3605 3725
f 3607 3606 3726
f 3639 3607 3726
f 3606 3725 3726
f 3612 3529 3727
f 3689 3612 3727
f 3529 3694 3727
f 3457 3456 3728
f 3640 3457 3728
f 3456 3638 3728
f 3613 3532 3729
f 3532 3695 3729
f 3634 3595 3730
f 3595 3719 3730
f 3610 3693 3722
f 3604 3723 3724
f 3601 3688 3717
f 3728 3638 3639
f 3688 3608 3721
f 3605 3724 3725
f 3694 3613 3729
f 3523 3692 3693
f 3515 3517 3731
f 3515 3731 3732
f 3634 3730 3716
f 3609 3515 3732
f 3696 3615 3697
f 3538 3616 3733
f 3541 3699 3698
f 3617 3544 3734
f 3547 3701 3735
f 3618 3547 3735
f 3619 3550 3736
f 3620 3703 3702
f 3553 3621 3737
f 3622 3705 3738
f 3556 3622 3738
f 3623 3706 3739
f 3559 3623 3739
f 3706 3624 3707
f 3707 3565 3740
f 3565 3625 3740
f 3625 3708 3740
f 3626 3709 3741
f 3568 3626 3741
f 3571 3627 3742
f 3628 3711 3743
f 3574 3628 3743
f 3577 3629 3744
f 3580 3630 3745
f 3631 3714 3746
f 3583 3631 3746
f 3586 3632 3747
f 3589 3633 3748
f 3715 3589 3748
f 3633 3716 3748
f 3609 3732 3690
f 3526 3689 3687
f 3714 3586 3747
f 3713 3583 3746
f 3712 3580 3745
f 3711 3577 3744
f 3710 3574 3743
f 3709 3571 3742
f 3708 3568 3741
f 3705 3559 3739
f 3704 3556 3738
f 3703 3553 3737
f 3701 3619 3736
f 3700 3618 3735
f 3699 3617 3734
f 3731 3517 3686
f 3733 3616 3698
f 3538 3733 3697
f 3734 3544 3700
f 3736 3550 3702
f 3737 3621 3704
f 3745 3630 3713
f 3742 3627 3710
f 3744 3629 3712
f 3747 3632 3715
f 3733 3698 3749
f 3734 3700 3750
f 3642 3641 3751
f 3643 3642 3752
f 3642 3751 3752
f 3644 3643 3753
f 3643 3752 3753
f 3645 3644 3754
f 3644 3753 3754
f 3646 3645 3755
f 3645 3754 3755
f 3647 3646 3756
f 3646 3755 3756
f 3648 3647 3757
f 3647 3756 3757
f 3649 3648 3758
f 3648 3757 3758
f 3650 3649 3759
f 3649 3758 3759
f 3651 3650 3760
f 3650 3759 3760
f 3652 3651 3761
f 3651 3760 3761
f 3653 3652 3762
f 3652 3761 3762
f 3654 3653 3763
f 3653 3762 3763
f 3655 3654 3764
f 3654 3763 3764
f 3656 3655 3765
f 3655 3764 3765
f 3657 3656 3766
f 3656 3765 3766
f 3658 3657 3767
f 3657 3766 3767
f 3659 3658 3768
f 3658 3767 3768
f 3660 3659 3769
f 3659 3768 3769
f 3661 3660 3770
f 3660 3769 3770
f 3662 3661 3771
f 3661 3770 3771
f 3663 3662 3772
f 3662 3771 3772
f 3664 3663 3773
f 3663 3772 3773
f 3665 3664 3774
f 3664 3773 3774
f 3666 3665 3775
f 3665 3774 3775
f 3667 3666 3776
f 3666 3775 3776
f 3668 3667 3777
f 3667 3776 3777
f 3669 3668 3778
f 3668 3777 3778
f 3670 3669 3779
f 3669 3778 3779
f 3671 3670 3780
f 3670 3779 3780
f 3672 3671 3781
f 3671 3780 3781
f 3673 3672 3782
f 3672 3781 3782
f 3674 3673 3783
f 3673 3782 3783
f 3675 3674 3784
f 3674 3783 3784
f 3676 3675 3785
f 3675 3784 3785
f 3677 3676 3786
f 3676 3785 3786
f 3678 3677 3787
f 3677 3786 3787
f 3679 3678 3788
f 3678 3787 3788
f 3680 3679 3789
f 3679 3788 3789
f 3681 3680 3790
f 3680 3789 3790
f 3682 3681 3791
f 3681 3790 3791
f 3683 3682 3792
f 3682 3791 3792
f 3684 3683 3793
f 3683 3792 3793
f 3685 3684 3794
f 3684 3793 3794
f 3686 3685 3731
f 3721 3690 3795
f 3746 3714 3796
f 3732 3731 3797
f 3692 3687 3798
f 3719 3691 3799
f 3696 3697 3800
f 3716 3730 3801
f 3687 3689 3802
f 3640 3728 3803
f 3728 3639 3803
f 3738 3705 3804
f 3735 3701 3805
f 3693 3692 3806
f 3697 3733 3807
f 3733 3749 3807
f 3698 3699 3808
f 3736 3702 3809
f 3700 3735 3810
f 3750 3700 3810
f 3735 3805 3810
f 3699 3734 3811
f 3808 3699 3811
f 3734 3750 3811
f 3737 3704 3812
f 3745 3713 3813
f 3706 3707 3814
f 3703 3737 3815
f 3737 3812 3815
f 3739 3706 3816
f 3706 3814 3816
f 3704 3738 3817
f 3812 3704 3817
f 3738 3804 3817
f 3708 3741 3818
f 3743 3711 3819
f 3741 3709 3820
f 3740 3708 3821
f 3708 3818 3821
f 3705 3739 3822
f 3739 3816 3822
f 3744 3712 3823
f 3710 3743 3824
f 3747 3715 3825
f 3711 3744 3826
f 3819 3711 3826
f 3744 3823 3826
f 3742 3710 3827
f 3710 3824 3827
f 3713 3746 3828
f 3813 3713 3828
f 3746 3796 3828
f 3712 3745 3829
f 3823 3712 3829
f 3745 3813 3829
f 3690 3732 3830
f 3795 3690 3830
f 3732 3797 3830
f 3641 3640 3831
f 3751 3641 3831
f 3640 3803 3831
f 3724 3723 3832
f 3729 3695 3833
f 3723 3722 3693
f 3688 3721 3717
f 3714 3747 3834
f 3747 3825 3834
f 3730 3719 3835
f 3719 3799 3835
f 3725 3724 3836
f 3724 3832 3836
f 3694 3729 3837
f 3729 3833 3837
f 3717 3721 3795
f 3707 3740 3838
f 3701 3736 3839
f 3805 3701 3839
f 3736 3809 3839
f 3723 3693 3832
f 3731 3685 3794
f 3796 3714 3834
f 3748 3716 3840
f 3716 3801 3840
f 3692 3798 3806
f 3802 3689 3841
f 3687 3802 3798
f 3694 3837 3841
f 3804 3705 3822
f 3693 3806 3832
f 3697 3807 3800
f 3801 3730 3835
f 3818 3741 3820
f 3799 3691 3842
f 3691 3718 3842
f 3814 3707 3838
f 3702 3703 3843
f 3703 3815 3843
f 3743 3819 3824
f 3740 3821 3838
f 3709 3742 3844
f 3749 3698 3808
f 3715 3748 3845
f 3825 3715 3845
f 3748 3840 3845
f 3720 3696 3846
f 3696 3800 3846
f 3717 3795 3847
f 3718 3717 3847
f 3795 3830 3847
f 3726 3725 3848
f 3725 3836 3848
f 3639 3726 3803
f 3709 3844 3820
f 3809 3702 3843
f 3844 3742 3827
f 3796 3834 3849
f 3753 3752 3850
f 3754 3753 3851
f 3753 3850 3851
f 3755 3754 3852
f 3754 3851 3852
f 3756 3755 3853
f 3755 3852 3853
f 3757 3756 3854
f 3756 3853 3854
f 3758 3757 3855
f 3757 3854 3855
f 3759 3758 3856
f 3758 3855 3856
f 3760 3759 3857
f 3759 3856 3857
f 3761 3760 3858
f 3760 3857 3858
f 3762 3761 3859
f 3761 3858 3859
f 3763 3762 3860
f 3762 3859 3860
f 3764 3763 3861
f 3763 3860 3861
f 3765 3764 3862
f 3764 3861 3862
f 3766 3765 3863
f 3765 3862 3863
f 3767 3766 3864
f 3766 3863 3864
f 3768 3767 3865
f 3767 3864 3865
f 3769 3768 3866
f 3768 3865 3866
f 3770 3769 3867
f 3769 3866 3867
f 3771 3770 3868
f 3770 3867 3868
f 3772 3771 3869
f 3771 3868 3869
f 3773 3772 3870
f 3772 3869 3870
f 3774 3773 3871
f 3773 3870 3871
f 3775 3774 3872
f 3774 3871 3872
f 3776 3775 3873
f 3775 3872 3873
f 3777 3776 3874
f 3776 3873 3874
f 3778 3777 3875
f 3777 3874 3875
f 3779 3778 3876
f 3778 3875 3876
f 3780 3779 3877
f 3779 3876 3877
f 3781 3780 3878
f 3780 3877 3878
f 3782 3781 3879
f 3781 3878 3879
f 3783 3782 3880
f 3782 3879 3880
f 3784 3783 3881
f 3783 3880 3881
f 3785 3784 3882
f 3784 3881 3882
f 3786 3785 3883
f 3785 3882 3883
f 3787 3786 3884
f 3786 3883 3884
f 3788 3787 3885
f 3787 3884 3885
f 3789 3788 3886
f 3788 3885 3886
f 3790 3789 3887
f 3789 3886 3887
f 3791 3790 3888
f 3790 3887 3888
f 3792 3791 3889
f 3791 3888 3889
f 3793 3792 3890
f 3792 3889 3890
f 3841 3689 3727
f 3803 3726 3848
f 3695 3720 3891
f 3798 3802 3892
f 3806 3798 3893
f 3841 3837 3894
f 3804 3822 3895
f 3801 3835 3896
f 3800 3807 3897
f 3824 3819 3898
f 3695 3891 3833
f 3891 3720 3846
f 3833 3891 3899
f 3843 3815 3864
f 3816 3814 3900
f 3827 3824 3901
f 3824 3898 3901
f 3752 3751 3892
f 3822 3816 3902
f 3895 3822 3902
f 3816 3900 3902
f 3818 3820 3874
f 3749 3808 3903
f 3832 3806 3836
f 3837 3833 3904
f 3894 3837 3904
f 3833 3899 3904
f 3838 3821 3905
f 3821 3818 3873
f 3815 3812 3865
f 3807 3749 3906
f 3897 3807 3906
f 3749 3903 3906
f 3802 3841 3907
f 3820 3844 3875
f 3836 3806 3893
f 3796 3849 3908
f 3893 3798 3892
f 3794 3793 3909
f 3823 3829 3910
f 3892 3802 3907
f 3899 3891 3911
f 3891 3846 3911
f 3796 3908 3828
f 3718 3847 3842
f 3841 3894 3907
f 3808 3811 3912
f 3865 3812 3866
f 3800 3897 3913
f 3750 3810 3914
f 3843 3864 3863
f 3694 3841 3727
f 3864 3815 3865
f 3818 3874 3873
f 3797 3731 3794
f 3812 3817 3866
f 3898 3819 3915
f 3799 3842 3890
f 3849 3834 3916
f 3834 3825 3916
f 3903 3808 3912
f 3813 3828 3917
f 3811 3750 3918
f 3912 3811 3918
f 3750 3914 3918
f 3819 3826 3915
f 3814 3838 3919
f 3896 3835 3920
f 3874 3820 3875
f 3838 3905 3919
f 3835 3799 3920
f 3800 3913 3846
f 3916 3825 3921
f 3825 3845 3921
f 3909 3793 3890
f 3843 3863 3809
f 3814 3919 3900
f 3826 3823 3922
f 3915 3826 3922
f 3823 3910 3922
f 3805 3839 3923
f 3810 3805 3924
f 3914 3810 3924
f 3805 3923 3924
f 3875 3844 3925
f 3876 3875 3925
f 3844 3827 3925
f 3809 3863 3926
f 3839 3809 3926
f 3863 3862 3926
f 3852 3851 3904
f 3853 3852 3899
f 3854 3853 3911
f 3854 3913 3855
f 3856 3855 3897
f 3857 3856 3906
f 3858 3857 3903
f 3859 3858 3912
f 3860 3859 3918
f 3861 3860 3924
f 3862 3861 3926
f 3817 3927 3866
f 3868 3867 3895
f 3895 3902 3868
f 3870 3869 3900
f 3872 3871 3905
f 3919 3905 3871
f 3877 3876 3898
f 3878 3877 3915
f 3878 3922 3879
f 3880 3879 3910
f 3882 3881 3917
f 3883 3882 3908
f 3884 3883 3849
f 3885 3884 3916
f 3886 3885 3928
f 3887 3886 3929
f 3889 3888 3920
f 3912 3858 3903
f 3840 3801 3930
f 3831 3803 3931
f 3751 3831 3932
f 3925 3827 3901
f 3846 3913 3911
f 3804 3895 3927
f 3801 3896 3930
f 3910 3829 3933
f 3880 3910 3933
f 3829 3813 3933
f 3898 3915 3877
f 3752 3892 3907
f 3903 3857 3906
f 3890 3842 3909
f 3817 3804 3927
f 3892 3751 3932
f 3799 3890 3889
f 3849 3916 3884
f 3917 3828 3908
f 3870 3900 3919
f 3908 3849 3883
f 3920 3799 3889
f 3842 3847 3909
f 3813 3917 3933
f 3896 3920 3888
f 3847 3830 3909
f 3870 3919 3871
f 3908 3882 3917
f 3803 3848 3931
f 3905 3821 3873
f 3797 3794 3909
f 3848 3836 3893
f 3851 3850 3894
f 3797 3909 3830
f 3899 3852 3904
f 3853 3899 3911
f 3856 3897 3906
f 3880 3933 3881
f 3859 3912 3918
f 3917 3881 3933
f 3932 3831 3931
f 3892 3932 3893
f 3896 3888 3887
f 3896 3887 3929
f 3929 3886 3928
f 3869 3868 3902
f 3900 3869 3902
f 3878 3915 3922
f 3885 3916 3921
f 3893 3932 3931
f 3930 3896 3929
f 3897 3855 3913
f 3923 3839 3926
f 3928 3885 3921
f 3911 3913 3854
f 3845 3840 3934
f 3840 3930 3934
f 3894 3904 3851
f 3845 3934 3921
f 3860 3918 3914
f 3861 3924 3923
f 3752 3907 3850
f 3850 3907 3894
f 3860 3914 3924
f 3895 3867 3927
f 3872 3905 3873
f 3898 3876 3901
f 3867 3866 3927
f 3931 3848 3893
f 3930 3929 3934
f 3861 3923 3926
f 3910 3879 3922
f 3901 3876 3925
f 3921 3934 3928
f 3929 3928 3934
f 3935 3936 1695
f 1698 1696 3937
f 1700 1698 3938
f 1698 3937 3938
f 1701 1700 3939
f 1700 3938 3939
f 1703 1701 3940
f 1701 3939 3940
f 1704 1703 3941
f 1703 3940 3941
f 1706 1704 3942
f 1704 3941 3942
f 1707 1706 3943
f 1706 3942 3943
f 1709 1707 3944
f 1707 3943 3944
f 1710 1709 3945
f 1709 3944 3945
f 1712 1710 3946
f 3947 3946 3948
f 3948 1355 3947
f 1337 1336 3949
f 1336 1339 3937
f 1339 1341 3938
f 1341 1343 3939
f 1343 1345 3940
f 1345 1347 3941
f 1347 1349 3942
f 1349 1351 3943
f 1351 1353 3944
f 1353 1355 3945
f 3946 1710 3948
f 3939 1343 3940
f 1357 3947 1355
f 3938 1341 3939
f 3937 1339 3938
f 1345 3941 3940
f 1347 3942 3941
f 1349 3943 3942
f 1351 3944 3943
f 1353 3945 3944
f 3949 1336 3936
f 3935 3949 3936
f 1696 1695 3936
f 3937 1696 3936
f 1355 3948 3945
f 3948 1710 3945
f 3936 1336 3937
f 3950 1715 1714
f 3951 3950 3952
f 1362 1360 3953
f 1364 1362 3954
f 1362 3953 3954
f 1365 1364 3955
f 1364 3954 3955
f 1367 1365 3956
f 1365 3955 3956
f 1368 1367 3957
f 1367 3956 3957
f 1370 1368 3958
f 1368 3957 3958
f 1371 1370 3959
f 1370 3958 3959
f 1373 1371 3960
f 1371 3959 3960
f 1374 1373 3961
f 1373 3960 3961
f 1376 1374 3962
f 1374 3961 3962
f 1358 1376 3963
f 1376 3962 3963
f 1357 1358 3947
f 1712 3946 1713
f 3946 3947 3964
f 1713 3946 3964
f 1714 1717 3965
f 1717 1719 3954
f 1719 1721 3955
f 1721 1723 3956
f 1723 1725 3957
f 1727 3958 1725
f 1727 1729 3958
f 1729 1731 3960
f 1731 1733 3961
f 1733 1735 3962
f 1358 3963 3964
f 3951 3952 1359
f 3947 1358 3964
f 3955 1721 3956
f 3954 1719 3955
f 1360 1359 3952
f 1723 3957 3956
f 3957 1725 3958
f 1731 3961 3960
f 1733 3962 3961
f 1735 1713 3966
f 3950 1714 3965
f 1360 3952 3953
f 3966 1713 3964
f 3958 1729 3959
f 1729 3960 3959
f 3966 3964 3963
f 3963 3962 3966
f 3965 1717 3954
f 3953 3952 3965
f 1735 3966 3962
f 3952 3950 3965
f 3965 3954 3953
f 1738 1737 3967
f 1737 1740 3968
f 1742 1716 3969
f 1716 1715 3950
f 3950 3951 3969
f 3951 1359 1361
f 1381 1380 3970
f 1383 1381 3971
f 1381 3970 3971
f 1379 1383 3972
f 3313 3973 1526
f 3970 3967 3971
f 3967 1737 3968
f 3968 1740 3972
f 1742 3969 3972
f 1740 1742 3972
f 1716 3950 3969
f 3951 1361 3969
f 3969 1379 3972
f 3967 3968 3971
f 3972 1383 3971
f 3972 3971 3968
f 3973 3454 1526
f 1361 1379 3969
f 1387 1386 1498
f 1389 1387 3974
f 1387 1498 3974
f 1390 1389 3975
f 1389 3974 3975
f 1436 1390 3976
f 1390 3975 3976
f 1380 1382 3977
f 1498 1500 3974
f 1500 1499 3978
f 1502 1504 3979
f 1506 1508 3980
f 1510 1512 3981
f 1514 1516 3982
f 1518 1520 1588
f 1738 3967 3983
f 3970 1380 3984
f 1588 1590 3985
f 1592 1582 3986
f 1582 1581 3987
f 1745 1744 1871
f 1744 1747 3988
f 1749 1751 3989
f 1739 1738 3990
f 1581 3991 3992
f 3993 1945 3994
f 1880 1881 2095
f 1883 1882 3995
f 1885 1886 3996
f 1889 1888 3997
f 1891 1890 3998
f 1894 1893 3999
f 1893 1871 3988
f 1953 1952 2203
f 1955 1953 4000
f 1956 1955 4001
f 1955 4000 4001
f 1958 1956 4002
f 1956 4001 4002
f 1947 1958 4003
f 1958 4002 4003
f 1945 1947 4004
f 1947 4003 4004
f 2097 2095 4005
f 2099 2097 4006
f 2097 4005 4006
f 2092 2099 4007
f 2090 2092 4008
f 2092 4007 4008
f 2203 2204 4009
f 2205 2207 4010
f 2209 2211 4011
f 2213 2215 4012
f 2217 2219 4013
f 2221 2223 4014
f 2225 2227 2296
f 2489 4015 4016
f 4017 2090 4018
f 2296 2298 4019
f 2300 2302 4020
f 2291 2290 4021
f 2452 2451 2568
f 2451 2454 4022
f 2456 2490 4023
f 2290 4024 4025
f 4026 2639 4027
f 2578 2579 2798
f 2580 2582 4028
f 2584 2586 4029
f 2585 2588 4030
f 2587 2590 4031
f 2589 2592 4032
f 2591 2568 4022
f 2647 2646 2904
f 2649 2647 4033
f 2650 2649 4034
f 2649 4033 4034
f 2652 2650 4035
f 2650 4034 4035
f 2641 2652 4036
f 2652 4035 4036
f 2639 2641 4037
f 2641 4036 4037
f 2800 2798 4038
f 2801 2800 4039
f 2800 4038 4039
f 2795 2801 4040
f 2801 4039 4040
f 2905 2907 4041
f 2909 2911 4042
f 2913 2915 4043
f 2917 2919 4044
f 2921 2923 4045
f 2925 2927 4046
f 2927 2929 3000
f 3167 4047 4048
f 4049 2793 4050
f 3000 3002 4051
f 3004 3006 4052
f 2994 2993 4053
f 3174 3173 3285
f 3173 3176 4054
f 3178 3180 4055
f 3168 3167 4056
f 2993 4057 4058
f 4059 3356 4060
f 3293 3294 3362
f 3295 3297 4061
f 3296 3299 4062
f 3298 3301 4063
f 3300 3302 4064
f 3303 3306 4065
f 3305 3285 4066
f 3364 3362 4067
f 3365 3364 4068
f 3364 4067 4068
f 3358 3365 4069
f 3365 4068 4069
f 3356 3358 4070
f 3358 4069 4070
f 4071 4072 4073
f 4074 4071 4075
f 4076 4074 4077
f 4078 4076 4079
f 4076 4077 4079
f 4080 4078 4081
f 4082 4080 4083
f 4084 4082 4085
f 4086 4084 4087
f 4088 4086 4089
f 4090 4088 3992
f 4091 4090 3994
f 4092 4093 4094
f 4095 4092 4096
f 4097 4095 4098
f 4099 4097 4100
f 4101 4099 4102
f 4099 4100 4102
f 4103 4101 4104
f 4105 4103 4106
f 4107 4105 4108
f 4109 4107 4027
f 4110 4111 4112
f 4113 4110 4114
f 4110 4112 4114
f 4115 4113 4116
f 4117 4115 4118
f 4119 4117 4120
f 4121 4119 4122
f 4119 4120 4122
f 4123 4121 4124
f 4125 4126 4127
f 4128 4125 4129
f 4130 4128 4131
f 4132 4130 4133
f 4134 4132 4135
f 4136 4134 4137
f 4138 4136 4139
f 4140 4138 4141
f 4050 4142 4140
f 4143 4144 4145
f 4146 4143 4147
f 4148 4146 4149
f 4150 4148 4151
f 4152 4150 4153
f 4154 4152 4155
f 4152 4153 4155
f 4156 4154 4157
f 4158 4156 4016
f 4159 4160 4161
f 4162 4159 4163
f 4164 4162 4165
f 4166 4164 4167
f 4168 4166 4169
f 4170 4168 4171
f 4172 4170 4173
f 4072 4172 4174
f 4073 4072 4174
f 4172 4173 4174
f 1518 1588 3985
f 1871 1744 3988
f 2095 1881 4005
f 2225 2296 4019
f 2568 2451 4022
f 2798 2579 4038
f 2647 2904 4033
f 3362 3294 4067
f 1500 3978 3974
f 1382 1436 4175
f 1382 4175 3977
f 1436 3976 4175
f 1499 1502 4176
f 1504 1506 4177
f 1508 1510 4178
f 1512 1514 4179
f 1516 1518 3985
f 3967 3970 4180
f 1592 3986 4181
f 1590 1592 4181
f 1582 3987 3986
f 3988 1747 4182
f 1747 1749 4182
f 1749 3989 4182
f 1751 1739 4183
f 1581 3992 4089
f 3991 3993 4184
f 3992 3991 4184
f 3993 3994 4184
f 1881 1883 4005
f 1882 1885 4185
f 1886 1889 4186
f 1888 1891 4187
f 1890 1894 4188
f 1893 3988 3999
f 1953 2203 4009
f 2225 4019 2223
f 1883 3995 4005
f 2099 4006 4007
f 2090 4008 4189
f 1945 4004 4190
f 2204 2205 4191
f 2207 2209 4192
f 2211 2213 4193
f 2215 2217 4194
f 2219 2221 4195
f 4016 4015 4196
f 4158 4016 4196
f 4015 4017 4196
f 4017 4018 4196
f 4195 2221 4014
f 2298 2300 4197
f 2302 2291 4198
f 4194 2217 4013
f 2454 2456 4199
f 2290 4025 4106
f 2490 2489 4200
f 4024 4026 4201
f 2579 2580 4038
f 2582 2584 4202
f 2586 2585 4203
f 2588 2587 4204
f 2590 2589 4205
f 2591 4022 4206
f 2592 2591 4206
f 4179 1514 3982
f 4188 1894 3999
f 4067 3294 3295
f 2795 4040 4207
f 4033 2904 2905
f 2580 4028 4038
f 2905 4041 4033
f 2793 2795 4207
f 2639 4037 4208
f 2907 2909 4209
f 2911 2913 4210
f 2915 2917 4211
f 2919 2921 4212
f 2923 2925 4213
f 2927 3000 4046
f 4048 4047 4141
f 4049 4050 4141
f 4047 4049 4141
f 3167 4048 4214
f 3002 3004 4215
f 3006 2994 4216
f 3285 3173 4066
f 4054 3176 4217
f 3176 3178 4217
f 3178 4055 4217
f 3180 3168 4218
f 2993 4058 4219
f 4057 4059 4220
f 4178 1510 3981
f 3297 3296 4221
f 3299 3298 4222
f 3301 3300 4223
f 3302 3303 4224
f 3306 3305 4225
f 4071 4073 4075
f 3295 4061 4067
f 3356 4070 4226
f 4220 4059 4060
f 4074 4075 4077
f 4080 4081 4083
f 4078 4079 4081
f 4082 4083 4085
f 4084 4085 4087
f 4086 4087 4089
f 4091 3994 4227
f 4092 4094 4096
f 4093 4091 4227
f 4095 4096 4098
f 4097 4098 4100
f 4103 4104 4106
f 4101 4102 4104
f 4107 4108 4027
f 4109 4027 4228
f 4115 4116 4118
f 4111 4109 4228
f 4113 4114 4116
f 4117 4118 4120
f 4121 4122 4124
f 4125 4127 4129
f 4229 4123 4230
f 4126 4231 4232
f 4128 4129 4131
f 4130 4131 4133
f 4132 4133 4135
f 4134 4135 4137
f 4136 4137 4139
f 4138 4139 4141
f 4140 4141 4050
f 4143 4145 4147
f 4146 4147 4149
f 4148 4149 4151
f 4150 4151 4153
f 4156 4157 4016
f 4154 4155 4157
f 4159 4161 4163
f 4233 4158 4196
f 4160 4233 4234
f 4162 4163 4165
f 4164 4165 4167
f 4166 4167 4169
f 4168 4169 4171
f 4170 4171 4173
f 3967 4180 3983
f 4222 3298 4063
f 1380 3977 4235
f 3979 1504 4177
f 3980 1508 4178
f 3981 1512 4179
f 3982 1516 3985
f 3984 1380 4235
f 3985 1590 4181
f 3987 1581 4236
f 1581 4089 4236
f 3989 1751 4183
f 3990 1738 4237
f 4186 1889 3997
f 3994 1945 4227
f 3996 1886 4186
f 3997 1888 4187
f 3998 1890 4188
f 1882 4185 3995
f 4010 2207 4192
f 4011 2211 4193
f 4012 2215 4194
f 4013 2219 4195
f 4014 2223 4019
f 4018 2090 4234
f 4019 2298 4197
f 4020 2302 4198
f 4023 2490 4200
f 4025 4024 4201
f 4029 2586 4203
f 4030 2588 4204
f 4031 2590 4205
f 4032 2592 4206
f 2582 4202 4028
f 4042 2911 4210
f 4043 2915 4211
f 4044 2919 4212
f 4045 2923 4213
f 4050 2793 4238
f 2793 4207 4238
f 4051 3002 4215
f 4052 3006 4216
f 4053 2993 4219
f 4055 3180 4218
f 4056 3167 4214
f 4058 4057 4220
f 4060 3356 4232
f 4062 3299 4222
f 4063 3301 4223
f 4064 3302 4224
f 4065 3306 4225
f 4094 4093 4227
f 4112 4111 4228
f 4127 4126 4232
f 4161 4160 4234
f 4223 3300 4064
f 4224 3303 4065
f 4225 3305 4066
f 1499 4176 3978
f 4177 1506 3980
f 4176 1502 3979
f 3297 4221 4061
f 4180 3970 3984
f 4205 2589 4032
f 4204 2587 4031
f 4183 1739 3990
f 4187 1891 3998
f 4185 1885 3996
f 3356 4226 4232
f 4193 2213 4012
f 4192 2209 4011
f 4203 2585 4030
f 4191 2205 4010
f 2090 4189 4234
f 2204 4191 4009
f 2454 4199 4022
f 4200 2489 4239
f 4198 2291 4021
f 4197 2300 4020
f 4199 2456 4023
f 2290 4106 4240
f 4021 2290 4240
f 4106 4104 4240
f 4202 2584 4029
f 4213 2925 4046
f 4212 2921 4045
f 4211 2917 4044
f 4210 2913 4043
f 4209 2909 4042
f 2907 4209 4041
f 4216 2994 4053
f 4215 3004 4052
f 4218 3168 4056
f 4221 3296 4062
f 4237 1738 3983
f 4239 2489 4016
f 3975 3974 3978
f 4175 3976 4241
f 3977 4175 4242
f 4177 3980 4243
f 4061 4221 4244
f 4176 3979 4245
f 3981 4179 4246
f 3982 3985 4247
f 3985 4181 4247
f 4188 3999 4248
f 4206 4022 4249
f 4022 4199 4249
f 4222 4063 4250
f 4205 4032 4251
f 3986 3987 4252
f 3990 4237 4253
f 4182 3989 4254
f 4187 3998 4255
f 4007 4006 4256
f 4010 4192 4257
f 3997 4187 4258
f 4187 4255 4258
f 4227 1945 4190
f 3998 4188 4259
f 4255 3998 4259
f 4188 4248 4259
f 4185 3996 4260
f 3995 4185 4261
f 4185 4260 4261
f 3999 3988 4262
f 4248 3999 4262
f 3988 4182 4262
f 4000 1953 4009
f 4002 4001 4263
f 4003 4002 4264
f 4002 4263 4264
f 4004 4003 4265
f 4003 4264 4265
f 4190 4004 4266
f 4004 4265 4266
f 4189 4008 4267
f 4011 4193 4268
f 4203 4030 4269
f 4012 4194 4270
f 4192 4011 4271
f 4257 4192 4271
f 4011 4268 4271
f 4013 4195 4272
f 4014 4019 4197
f 4020 4198 4273
f 4223 4064 4274
f 4195 4014 4275
f 4272 4195 4275
f 4014 4197 4275
f 4005 3995 4276
f 4006 4005 4276
f 3995 4261 4276
f 4198 4021 4277
f 4273 4198 4277
f 4021 4240 4277
f 3975 3978 4278
f 3976 3975 4278
f 3978 4176 4278
f 4023 4200 4279
f 4197 4020 4275
f 4194 4013 4280
f 4270 4194 4280
f 4013 4272 4280
f 4029 4203 4281
f 4203 4269 4281
f 4033 4041 4034
f 4181 3986 4282
f 4247 4181 4282
f 3986 4252 4282
f 4042 4210 4283
f 4191 4010 4263
f 4031 4205 4284
f 4205 4251 4284
f 4183 3990 4285
f 3990 4253 4285
f 4032 4206 4249
f 4204 4031 4286
f 4031 4284 4286
f 4179 3982 4247
f 4028 4202 4287
f 4207 4040 4288
f 4036 4035 4289
f 4037 4036 4290
f 4036 4289 4290
f 4040 4039 4291
f 4216 4053 4292
f 4208 4037 4293
f 4038 4028 4287
f 4041 4209 4294
f 4043 4211 4295
f 4209 4042 4296
f 4294 4209 4296
f 4042 4283 4296
f 4044 4212 4297
f 4210 4043 4298
f 4283 4210 4298
f 4043 4295 4298
f 4045 4213 4299
f 4211 4044 4300
f 4295 4211 4300
f 4044 4297 4300
f 4212 4045 4301
f 4297 4212 4301
f 4045 4299 4301
f 4058 4220 4230
f 4052 4216 4302
f 4216 4292 4302
f 4218 4056 4303
f 4066 3173 4054
f 4056 4214 4304
f 4219 4058 4230
f 4217 4055 4305
f 4055 4218 4306
f 4305 4055 4306
f 4218 4303 4306
f 4178 3981 4307
f 3981 4246 4307
f 4180 3984 4073
f 2639 4208 4228
f 4063 4223 4308
f 4250 4063 4308
f 4223 4274 4308
f 4224 4065 4309
f 4065 4225 4305
f 4226 4070 4310
f 4220 4060 4311
f 4069 4068 4312
f 4070 4069 4313
f 4310 4070 4313
f 4069 4312 4313
f 4085 4083 4314
f 4096 4094 4315
f 4105 4106 4108
f 4228 4027 2639
f 4118 4116 4316
f 4120 4118 4317
f 4123 4124 4230
f 4231 4229 4311
f 4131 4129 4318
f 4163 4161 4319
f 4165 4163 4320
f 4235 3977 4321
f 3977 4242 4321
f 3979 4177 4322
f 4245 3979 4322
f 4177 4243 4322
f 4186 3997 4323
f 3997 4258 4323
f 4008 4007 4324
f 4267 4008 4324
f 4007 4256 4324
f 4039 4038 4287
f 4193 4012 4325
f 4268 4193 4325
f 4012 4270 4325
f 4062 4222 4326
f 4222 4250 4326
f 4068 4067 4244
f 4067 4061 4244
f 4083 4081 4327
f 4079 4077 4328
f 4081 4079 4329
f 4079 4328 4329
f 4087 4085 4330
f 4098 4096 4331
f 4096 4315 4331
f 3992 4088 4089
f 3994 4090 4184
f 4100 4098 4332
f 4202 4029 4333
f 4287 4202 4333
f 4029 4281 4333
f 4102 4100 4334
f 4104 4102 4335
f 4116 4114 4336
f 4124 4122 4337
f 4122 4120 4338
f 4229 4230 4311
f 4133 4131 4339
f 4135 4133 4340
f 4139 4137 4214
f 4147 4145 4341
f 4149 4147 4342
f 4147 4341 4342
f 4151 4149 4343
f 4153 4151 4344
f 4155 4153 4345
f 4157 4155 4346
f 4167 4165 4347
f 4169 4167 4348
f 4171 4169 4349
f 3983 4180 4174
f 4184 4090 3992
f 4214 4137 4304
f 4034 4041 4294
f 4230 4220 4311
f 4228 4208 4350
f 4112 4228 4350
f 4208 4293 4350
f 4231 4311 4232
f 4139 4214 4048
f 4232 4311 4060
f 4349 4169 4348
f 4241 3976 4278
f 4279 4200 4346
f 4348 4167 4347
f 4347 4165 4320
f 4327 4081 4329
f 4176 4245 4278
f 3980 4178 4351
f 4180 4073 4174
f 4346 4155 4345
f 3984 4235 4075
f 4309 4065 4305
f 4345 4153 4344
f 4032 4249 4251
f 4344 4151 4343
f 4239 4016 4157
f 3987 4236 4252
f 4100 4332 4334
f 4182 4254 4262
f 4341 4145 4238
f 4039 4287 4291
f 3989 4183 4352
f 4010 4257 4263
f 4201 4026 4027
f 4320 4163 4319
f 4263 4001 4191
f 4018 4234 4233
f 4314 4083 4327
f 4337 4122 4338
f 4102 4334 4335
f 4234 4189 4161
f 4006 4276 4256
f 4242 4175 4241
f 3980 4351 4243
f 4293 4037 4290
f 4196 4018 4233
f 4292 4053 4337
f 4199 4023 4353
f 4240 4104 4335
f 4025 4201 4108
f 4161 4189 4319
f 4351 4178 4307
f 4075 4235 4077
f 4352 4183 4285
f 4353 4023 4279
f 4199 4353 4249
f 4030 4204 4354
f 4179 4247 4246
f 4288 4040 4291
f 4254 3989 4352
f 4051 4215 4299
f 4035 4034 4294
f 4077 4235 4321
f 4354 4204 4286
f 4030 4354 4269
f 4217 4305 4225
f 4046 3000 4051
f 4303 4056 4304
f 4053 4219 4337
f 4215 4052 4355
f 4077 4321 4328
f 4219 4230 4124
f 4221 4062 4356
f 4073 3984 4075
f 4244 4221 4356
f 4118 4316 4317
f 4237 3983 4173
f 4215 4355 4299
f 4355 4052 4302
f 4356 4062 4326
f 4173 3983 4174
f 4064 4224 4357
f 4094 4227 4358
f 4085 4314 4330
f 4315 4094 4358
f 3996 4186 4359
f 4237 4173 4360
f 4120 4317 4338
f 4133 4339 4340
f 4139 4048 4141
f 4129 4127 4361
f 4131 4318 4339
f 4316 4116 4336
f 4238 4207 4341
f 4361 4127 4310
f 4087 4330 4236
f 4098 4331 4332
f 4341 4207 4288
f 4318 4129 4361
f 4114 4112 4362
f 4112 4350 4362
f 4135 4340 4363
f 4137 4135 4363
f 4239 4157 4346
f 4114 4362 4336
f 4149 4342 4343
f 4357 4224 4309
f 4173 4171 4360
f 4064 4357 4274
f 4360 4171 4349
f 3996 4359 4260
f 4359 4186 4323
f 4237 4360 4253
f 4239 4346 4200
f 4137 4363 4304
f 4348 4347 4364
f 4349 4365 4360
f 4269 4354 4366
f 4353 4279 4367
f 4342 4341 4368
f 4341 4288 4368
f 4291 4287 4333
f 4227 4190 4358
f 4321 4242 4369
f 4328 4321 4369
f 4242 4241 4369
f 4232 4226 4127
f 4217 4225 4054
f 4261 4260 4370
f 4361 4310 4313
f 4326 4250 4371
f 4272 4275 4372
f 4281 4269 4373
f 4269 4366 4373
f 4240 4335 4277
f 4020 4273 4275
f 4290 4289 4374
f 4304 4363 4303
f 4279 4346 4367
f 4258 4255 4364
f 4284 4251 4375
f 4320 4319 4376
f 4127 4226 4310
f 4046 4051 4213
f 4246 4247 4377
f 4285 4253 4365
f 4253 4360 4365
f 4286 4284 4378
f 4284 4375 4378
f 4318 4361 4379
f 4359 4323 4380
f 4355 4302 4381
f 4334 4332 4382
f 4344 4343 4366
f 4050 4238 4142
f 4356 4326 4379
f 4288 4291 4368
f 4066 4054 4225
f 4307 4246 4383
f 4246 4377 4383
f 4352 4285 4384
f 4254 4352 4384
f 4285 4365 4384
f 4299 4355 4381
f 4248 4262 4385
f 4262 4254 4385
f 4345 4344 4378
f 4330 4314 4386
f 4249 4353 4367
f 4350 4293 4362
f 4274 4357 4387
f 4108 4106 4025
f 4351 4307 4388
f 4307 4383 4388
f 4338 4317 4389
f 4317 4316 4390
f 4339 4318 4391
f 4191 4001 4000
f 4144 4140 4142
f 4327 4329 4392
f 4314 4327 4388
f 4236 4089 4087
f 4000 4009 4191
f 4293 4290 4393
f 4362 4293 4393
f 4290 4374 4393
f 4144 4142 4145
f 4145 4142 4238
f 4340 4339 4387
f 4276 4261 4394
f 4256 4276 4394
f 4261 4370 4394
f 4331 4315 4395
f 4337 4338 4396
f 4292 4337 4396
f 4338 4389 4396
f 4329 4328 4397
f 4392 4329 4397
f 4328 4369 4397
f 4219 4124 4337
f 4332 4331 4398
f 4343 4342 4373
f 4335 4334 4399
f 4363 4340 4400
f 4303 4363 4400
f 4340 4387 4400
f 4316 4336 4401
f 4251 4249 4367
f 4336 4362 4393
f 4347 4320 4380
f 4241 4278 4402
f 4369 4241 4402
f 4278 4245 4402
f 4260 4359 4403
f 4370 4260 4403
f 4359 4380 4403
f 4346 4345 4367
f 4309 4305 4404
f 4297 4301 4405
f 4401 4406 4316
f 4379 4326 4371
f 4387 4339 4391
f 4263 4257 4407
f 4348 4364 4408
f 4366 4343 4373
f 4259 4248 4409
f 4248 4385 4409
f 4361 4313 4410
f 4379 4361 4410
f 4313 4312 4410
f 4371 4250 4391
f 4272 4372 4411
f 4312 4068 4244
f 4265 4264 4407
f 4266 4265 4412
f 4265 4407 4412
f 4270 4280 4382
f 4277 4335 4399
f 4296 4283 4413
f 4301 4299 4381
f 4271 4268 4414
f 4382 4332 4398
f 4401 4336 4393
f 4108 4201 4027
f 4375 4251 4367
f 4364 4255 4408
f 4318 4379 4371
f 4319 4189 4267
f 4282 4252 4415
f 4377 4247 4282
f 4289 4035 4294
f 4391 4250 4308
f 4334 4382 4399
f 4344 4366 4378
f 4398 4414 4325
f 4294 4296 4374
f 4298 4406 4283
f 4295 4300 4390
f 4356 4379 4410
f 4302 4292 4416
f 4381 4302 4416
f 4292 4396 4416
f 4368 4291 4333
f 4254 4384 4385
f 4323 4258 4417
f 4349 4348 4408
f 4323 4417 4380
f 4299 4213 4051
f 4330 4386 4415
f 4244 4356 4410
f 4387 4357 4400
f 4391 4318 4371
f 4418 2232 1092
f 4319 4267 4419
f 4376 4319 4419
f 4267 4324 4419
f 4289 4294 4374
f 4312 4244 4410
f 4407 4257 4420
f 4412 4407 4420
f 4257 4271 4420
f 4411 4372 4399
f 1901 4418 1092
f 4399 4372 4277
f 4417 4258 4364
f 4389 4317 4390
f 4395 4315 4412
f 4388 4327 4421
f 4351 4388 4421
f 4327 4392 4421
f 4354 4286 4366
f 4324 4256 4419
f 4256 4394 4419
f 4236 4330 4415
f 4331 4395 4398
f 4243 4351 4421
f 4243 4421 4422
f 4322 4243 4422
f 4421 4392 4422
f 4357 4309 4404
f 4366 4286 4378
f 4245 4322 4423
f 4264 4263 4407
f 4297 4405 4424
f 4342 4368 4373
f 4270 4382 4398
f 4394 4370 4419
f 4405 4301 4381
f 4272 4411 4280
f 4245 4423 4402
f 4297 4424 4300
f 4190 4266 4358
f 4266 4412 4315
f 4308 4274 4387
f 4255 4259 4409
f 4281 4373 4368
f 4268 4325 4414
f 4419 4370 4376
f 4402 4423 4397
f 4320 4376 4380
f 4377 4282 4415
f 4271 4414 4420
f 4345 4378 4375
f 4367 4345 4375
f 4374 4296 4413
f 4386 4314 4388
f 4391 4308 4387
f 4415 4386 4377
f 4298 4295 4406
f 4414 4398 4395
f 4414 4395 4420
f 4358 4266 4315
f 4306 4303 4400
f 4281 4368 4333
f 4305 4306 4404
f 4395 4412 4420
f 4424 4405 4389
f 4347 4380 4417
f 4396 4389 4405
f 4385 4384 4425
f 4409 4385 4425
f 4384 4365 4425
f 4255 4409 4408
f 4364 4347 4417
f 4252 4236 4415
f 4369 4402 4397
f 4408 4409 4425
f 4423 4322 4422
f 4396 4405 4416
f 4423 4422 4392
f 4413 4283 4401
f 4397 4423 4392
f 4390 4300 4424
f 4406 4295 4390
f 4349 4408 4425
f 4376 4370 4403
f 4390 4424 4389
f 4413 4401 4393
f 4413 4393 4374
f 4377 4386 4383
f 4405 4381 4416
f 4325 4270 4398
f 4390 4316 4406
f 4273 4277 4372
f 4382 4280 4411
f 4411 4399 4382
f 4401 4283 4406
f 4372 4275 4273
f 4380 4376 4403
f 4349 4425 4365
f 4400 4357 4404
f 4400 4404 4306
f 4383 4386 4388
f 1528 4426 1539
f 1528 1536 4426
f 1536 1402 1404
f 1404 1411 4427
f 1410 1413 4428
f 1413 1415 1769
f 1417 1419 4429
f 1421 1423 4430
f 1425 1427 4431
f 1338 1337 3949
f 3935 1695 1697
f 3949 3935 4432
f 3935 1697 4432
f 1765 1761 4433
f 1766 1765 4434
f 1765 4433 4434
f 1774 1772 4429
f 1775 1774 4435
f 1774 4429 4435
f 1777 1775 4430
f 1778 1777 4436
f 1777 4430 4436
f 1780 1778 4431
f 1697 1780 4432
f 1338 3949 4432
f 1536 1404 4427
f 1411 1410 4437
f 1413 1769 4428
f 1417 4429 4438
f 1415 1417 4438
f 4429 1772 4438
f 1421 4430 4435
f 1419 1421 4435
f 1425 4431 4436
f 1423 1425 4436
f 1427 1338 4432
f 3454 2547 1525
f 1427 4432 4431
f 1768 1766 4439
f 1769 1768 4428
f 1771 1769 1415
f 1772 1771 4438
f 1775 4435 4430
f 1778 4436 4431
f 1761 1539 4426
f 4429 1419 4435
f 4430 1423 4436
f 1768 4439 4428
f 4439 1766 4434
f 4427 1411 4437
f 1410 4428 4439
f 1771 1415 4438
f 1780 4431 4432
f 4433 1761 4426
f 4433 4426 4427
f 4427 4437 4433
f 362 1092 1902
f 4426 1536 4427
f 4437 1410 4439
f 4434 4433 4437
f 4434 4437 4439
f 1540 1628 4440
f 1541 1540 4441
f 1543 1541 4442
f 1541 4441 4442
f 1544 1543 4443
f 1543 4442 4443
f 1546 1544 4444
f 1544 4443 4444
f 1547 1546 4445
f 1546 4444 4445
f 1549 1547 4446
f 1547 4445 4446
f 1550 1549 4447
f 1549 4446 4447
f 1552 1550 4448
f 1550 4447 4448
f 1553 1552 4449
f 1552 4448 4449
f 1555 1553 4450
f 4451 4450 4452
f 4451 4452 1924
f 1903 4453 1904
f 1903 1906 4441
f 1906 1908 4442
f 1908 1910 4443
f 1910 1912 4444
f 1912 1914 4445
f 1914 1916 4446
f 1916 1918 4447
f 1918 1920 4448
f 1920 1922 4449
f 4450 1553 4452
f 4443 1910 4444
f 1922 1924 4452
f 4442 1908 4443
f 4441 1906 4442
f 1912 4445 4444
f 1914 4446 4445
f 1916 4447 4446
f 1918 4448 4447
f 1920 4449 4448
f 4440 4454 4453
f 1540 4440 4453
f 4441 1540 4453
f 1922 4452 4449
f 4454 1904 4453
f 4452 1553 4449
f 1903 4441 4453
f 4455 1558 1557
f 4456 4455 4457
f 4456 4457 1926
f 1929 1927 4458
f 1931 1929 4459
f 1929 4458 4459
f 1932 1931 4460
f 1931 4459 4460
f 1934 1932 4461
f 1932 4460 4461
f 1935 1934 4462
f 1934 4461 4462
f 1937 1935 4463
f 1935 4462 4463
f 1938 1937 4464
f 1937 4463 4464
f 1940 1938 4465
f 1938 4464 4465
f 1941 1940 4466
f 1940 4465 4466
f 1943 1941 4467
f 1941 4466 4467
f 1925 1943 4468
f 1943 4467 4468
f 1924 1925 4451
f 1555 4450 1556
f 4450 4451 4469
f 1556 4450 4469
f 1557 1560 4470
f 1560 1562 4459
f 1562 1564 4460
f 1564 1566 4461
f 1566 1568 4462
f 1568 1570 4463
f 1570 1572 4464
f 1572 1574 4465
f 1574 1576 4466
f 1576 1578 4467
f 1927 1926 4457
f 4451 1925 4469
f 4458 1927 4457
f 1925 4468 4469
f 4460 1564 4461
f 4459 1562 4460
f 1566 4462 4461
f 1568 4463 4462
f 1570 4464 4463
f 1572 4465 4464
f 1574 4466 4465
f 1576 4467 4466
f 1578 1556 4471
f 4455 1557 4470
f 4471 1556 4469
f 4470 1560 4459
f 4469 4468 4471
f 4459 4458 4470
f 1578 4471 4467
f 4467 4471 4468
f 4458 4457 4470
f 4457 4455 4470
f 1581 1580 3991
f 1580 1583 4472
f 1585 1559 4473
f 1559 1558 4455
f 4455 4456 4474
f 4456 1926 1928
f 1946 1945 3993
f 1948 1946 4475
f 1950 1948 4476
f 1948 4475 4476
f 1946 3993 4475
f 3991 1580 4472
f 4456 1928 4474
f 1583 1585 4477
f 1559 4455 4473
f 4477 1585 4473
f 1928 1950 4478
f 3993 3991 4475
f 4472 1583 4477
f 1928 4478 4474
f 4478 1950 4476
f 3991 4472 4475
f 4477 4476 4472
f 4477 4473 4478
f 4474 4478 4473
f 4478 4476 4477
f 4473 4455 4474
f 4475 4472 4476
f 1602 1868 1603
f 1868 1863 4479
f 1863 1862 4480
f 4479 1863 4480
f 1862 1968 4480
f 1972 1971 4481
f 1974 1976 4482
f 1976 1978 1617
f 1978 1980 1619
f 1980 1982 1620
f 1982 1984 1622
f 1986 1988 4483
f 1905 1904 4454
f 4440 1628 1626
f 4454 4440 4484
f 1905 4454 4484
f 4440 1626 4484
f 1611 1603 4485
f 1613 1611 4481
f 1616 1614 4482
f 1619 1617 1978
f 1620 1619 1980
f 1622 1620 1982
f 1984 4483 1622
f 1625 1623 4483
f 1626 1625 4484
f 4481 1971 4486
f 1613 4481 4486
f 1971 1974 4486
f 1968 1972 4487
f 1974 4482 4486
f 1976 1617 1616
f 1623 1622 4483
f 1613 4486 1614
f 4481 1611 4485
f 1614 4486 4482
f 4483 4488 1625
f 1603 1868 4485
f 1984 1986 4483
f 1988 1905 4488
f 4479 4480 4487
f 1972 4481 4487
f 1968 4487 4480
f 4479 4487 4485
f 1976 1616 4482
f 4487 4481 4485
f 1868 4479 4485
f 4488 1905 4484
f 1988 4488 4483
f 4484 1625 4488
f 2407 2406 4489
f 2409 2407 4490
f 2411 2409 4491
f 2409 4490 4491
f 2412 2411 4492
f 2411 4491 4492
f 2414 2412 4493
f 2412 4492 4493
f 2415 2414 4494
f 2414 4493 4494
f 2417 2415 4495
f 2415 4494 4495
f 2418 2417 4496
f 2417 4495 4496
f 2420 2418 4497
f 2418 4496 4497
f 2421 2420 4498
f 2420 4497 4498
f 2423 2421 4499
f 4500 4499 4501
f 2069 4500 2067
f 2139 2051 4502
f 3454 4503 2547
f 2050 2053 4491
f 2053 2055 4492
f 2055 2057 4493
f 2057 2059 4494
f 2059 2061 4495
f 2061 2063 4496
f 2063 2065 4497
f 4489 4502 4490
f 2067 4500 4501
f 4499 2421 4498
f 4492 2055 4493
f 4491 2053 4492
f 4490 2050 4491
f 2057 4494 4493
f 2059 4495 4494
f 2061 4496 4495
f 2063 4497 4496
f 2065 2067 4504
f 4502 2051 4490
f 2407 4489 4490
f 4504 2067 4501
f 2065 4504 4497
f 4504 4501 4498
f 4498 4497 4504
f 4501 4499 4498
f 4505 2231 365
f 2051 2050 4490
f 2425 4506 2426
f 4507 4508 4506
f 2071 4507 2072
f 2074 2072 4509
f 2076 2074 4510
f 2074 4509 4510
f 2077 2076 4511
f 2076 4510 4511
f 2079 2077 4512
f 2077 4511 4512
f 2080 2079 4513
f 2079 4512 4513
f 2082 2080 4514
f 2080 4513 4514
f 2083 2082 4515
f 2082 4514 4515
f 2085 2083 4516
f 2083 4515 4516
f 2086 2085 4517
f 2085 4516 4517
f 2088 2086 4518
f 2086 4517 4518
f 2070 2088 4519
f 2088 4518 4519
f 2070 4520 2069
f 2423 4499 2424
f 4499 4500 4520
f 2424 4499 4520
f 2428 2430 4510
f 2430 2432 4511
f 2432 2434 4512
f 2434 2436 4513
f 2436 2438 4514
f 2438 2440 4515
f 2440 2442 4516
f 2442 2444 4517
f 2444 2446 4518
f 4508 2426 4506
f 2072 4507 4509
f 2070 4519 4520
f 4500 2069 4520
f 4512 2434 4513
f 4511 2432 4512
f 4510 2430 4511
f 2425 2428 4521
f 2436 4514 4513
f 2438 4515 4514
f 2440 4516 4515
f 2442 4517 4516
f 2444 4518 4517
f 4518 2446 4519
f 2425 4521 4506
f 2446 2424 4519
f 4519 2424 4520
f 4506 4521 4509
f 4521 2428 4510
f 4509 4507 4506
f 4521 4510 4509
f 2489 2449 4015
f 4522 4523 2448
f 2427 2426 4508
f 4507 2071 2073
f 4017 4524 2090
f 2093 2091 4524
f 2073 2146 4525
f 2091 2090 4524
f 4507 2073 4525
f 4522 2448 4525
f 2427 4508 4525
f 2448 2427 4525
f 4508 4507 4525
f 4525 2146 4522
f 2146 2093 4522
f 4015 2449 4523
f 2449 2448 4523
f 4015 4523 4017
f 4524 4017 4523
f 4522 2093 4524
f 4522 4524 4523
f 2235 2246 2465
f 2246 2243 4526
f 2111 4526 2109
f 2111 2117 4527
f 2119 2121 4528
f 2121 2123 2475
f 2123 2125 2476
f 2125 2127 2478
f 2127 2129 2479
f 2131 2133 4529
f 2135 2136 4530
f 2136 2139 4502
f 4489 2406 2408
f 4502 4489 4531
f 4489 2408 4531
f 2470 2465 4527
f 2473 2472 4528
f 2476 2475 2123
f 2478 2476 2125
f 2479 2478 2127
f 2481 2479 2129
f 2482 2481 4529
f 4527 2117 4532
f 2470 4527 4532
f 2117 2119 4532
f 2119 4528 4532
f 2121 2475 4528
f 2129 2131 2481
f 2133 2135 4533
f 2136 4502 4531
f 4528 2472 4532
f 2472 2470 4532
f 2475 2473 4528
f 2133 4533 4529
f 2484 2482 4534
f 2408 2484 4535
f 2465 2246 4526
f 2484 4534 4535
f 4530 2136 4531
f 2243 2109 4526
f 2111 4527 4526
f 4533 2135 4530
f 4529 2481 2131
f 4531 2408 4535
f 4527 2465 4526
f 4530 4531 4535
f 4530 4535 4533
f 4535 4534 4533
f 4534 2482 4529
f 4533 4534 4529
f 2248 2247 4536
f 2250 2248 4537
f 2252 2250 4538
f 2250 4537 4538
f 2253 2252 4539
f 2252 4538 4539
f 2255 2253 4540
f 2253 4539 4540
f 2256 2255 4541
f 2255 4540 4541
f 2258 2256 4542
f 2256 4541 4542
f 2259 2258 4543
f 2258 4542 4543
f 2261 2259 4544
f 2259 4543 4544
f 2262 2261 4545
f 2261 4544 4545
f 2264 2262 4546
f 4547 4546 4548
f 4547 4548 2620
f 2599 4549 2600
f 2599 2602 4537
f 2602 2604 4538
f 2604 2606 4539
f 2606 2608 4540
f 2608 2610 4541
f 2610 2612 4542
f 2612 2614 4543
f 2614 2616 4544
f 2618 2620 4548
f 4546 2262 4545
f 4539 2606 4540
f 4538 2604 4539
f 4537 2602 4538
f 2608 4541 4540
f 2610 4542 4541
f 2612 4543 4542
f 2614 4544 4543
f 2616 2618 4550
f 4536 4551 4549
f 4536 4549 2248
f 2248 4549 4537
f 4551 2600 4549
f 2599 4537 4549
f 4550 2618 4548
f 2616 4550 4544
f 4550 4548 4545
f 4545 4544 4550
f 4548 4546 4545
f 4552 2267 2266
f 4553 4552 4554
f 4553 4554 2622
f 2627 2625 4555
f 2628 2627 4556
f 2627 4555 4556
f 2630 2628 4557
f 2628 4556 4557
f 2631 2630 4558
f 2630 4557 4558
f 2633 2631 4559
f 2631 4558 4559
f 2634 2633 4560
f 2633 4559 4560
f 2636 2634 4561
f 2634 4560 4561
f 2637 2636 4562
f 2636 4561 4562
f 2621 2637 4563
f 2637 4562 4563
f 2621 4564 2620
f 2264 4546 2265
f 4546 4547 4564
f 2265 4546 4564
f 2266 2269 4565
f 2269 2271 4555
f 2271 2273 4556
f 2273 2275 4557
f 2275 2277 4558
f 2277 2279 4559
f 2279 2281 4559
f 2281 2283 4560
f 2283 2285 4561
f 2285 2287 4562
f 4552 2266 4554
f 2623 2622 4554
f 4547 2620 4564
f 4555 2625 4565
f 2621 4563 4564
f 4556 2273 4557
f 4555 2271 4556
f 4565 2269 4555
f 2275 4558 4557
f 2277 4559 4558
f 4559 2281 4560
f 4560 2283 4561
f 2285 4562 4561
f 4554 2266 4565
f 4562 2287 4563
f 2625 2623 4565
f 2287 2265 4563
f 4563 2265 4564
f 2623 4554 4565
f 2290 2289 4024
f 2289 2292 4566
f 2294 2268 4567
f 4552 4568 2267
f 4552 4553 4568
f 4553 2622 2624
f 4026 4569 2639
f 2642 2640 4569
f 2644 2642 4570
f 2642 4569 4570
f 2640 2639 4569
f 4024 2289 4566
f 4553 2624 4568
f 2294 4567 4570
f 2292 2294 4570
f 2268 2267 4568
f 2268 4568 4567
f 2644 4570 4567
f 2624 2644 4567
f 4026 4024 4566
f 4026 4566 4569
f 2624 4567 4568
f 4566 2292 4570
f 4570 4569 4566
f 4571 2314 2554
f 2554 2561 4571
f 2561 2560 2665
f 2664 2667 4572
f 2669 2671 4573
f 2671 2673 2327
f 2673 2675 2329
f 2677 2679 4574
f 2681 2683 4575
f 4551 4576 2600
f 4536 2247 2249
f 4551 4536 4576
f 4536 2249 4576
f 2321 2314 4571
f 2323 2321 4572
f 2326 2324 4573
f 2329 2327 2673
f 2332 2330 4574
f 2333 2332 4577
f 2332 4574 4577
f 2335 2333 4575
f 2561 2665 4571
f 2601 2600 4576
f 2601 4576 4578
f 2683 2601 4578
f 4576 2249 4578
f 4572 2667 4579
f 2323 4572 4579
f 2667 2669 4579
f 2664 4572 4571
f 2669 4573 4579
f 2671 2327 2326
f 2335 4575 4578
f 2675 2677 4580
f 2681 4575 4577
f 2679 2681 4577
f 4578 2249 2335
f 4580 2677 4574
f 2679 4577 4574
f 4572 2321 4571
f 2323 4579 2324
f 1524 4581 365
f 2313 2554 2314
f 2324 4579 4573
f 2330 2329 4580
f 2333 4577 4575
f 2683 4578 4575
f 4574 2330 4580
f 2329 2675 4580
f 2665 2664 4571
f 4581 4505 365
f 2671 2326 4573
f 3123 3122 4582
f 3125 3123 4583
f 3127 3125 4584
f 3125 4583 4584
f 3128 3127 4585
f 3127 4584 4585
f 3130 3128 4586
f 3128 4585 4586
f 3131 3130 4587
f 3130 4586 4587
f 3133 3131 4588
f 3131 4587 4588
f 3134 3133 4589
f 3133 4588 4589
f 3136 3134 4590
f 3134 4589 4590
f 3137 3136 4591
f 3136 4590 4591
f 3139 3137 4592
f 3137 4591 4592
f 4593 4594 3139
f 4595 4594 4593
f 2772 4595 2770
f 2752 2751 4596
f 2754 2756 4584
f 2756 2758 4585
f 2758 2760 4587
f 2760 2762 4588
f 2762 2764 4589
f 2764 2766 4590
f 2766 2768 4591
f 4596 2751 4597
f 4582 4596 4597
f 2770 4595 4593
f 4587 2760 4588
f 4584 2756 4585
f 2751 2754 4597
f 2762 4589 4588
f 2764 4590 4589
f 2766 4591 4590
f 4593 4592 2770
f 3140 3139 4594
f 4597 4583 4582
f 3139 4592 4593
f 4585 2758 4586
f 2758 4587 4586
f 4583 4597 4584
f 4591 2768 4592
f 2754 4584 4597
f 2768 2770 4592
f 3123 4582 4583
f 4598 3143 3142
f 4599 4598 4600
f 2774 4599 2775
f 2779 2777 4601
f 2780 2779 4602
f 2779 4601 4602
f 2782 2780 4603
f 2780 4602 4603
f 2783 2782 4604
f 2782 4603 4604
f 2785 2783 4605
f 2783 4604 4605
f 2786 2785 4606
f 2785 4605 4606
f 2788 2786 4607
f 2786 4606 4607
f 2789 2788 4608
f 2788 4607 4608
f 2791 2789 4609
f 2789 4608 4609
f 2773 2791 4610
f 2791 4609 4610
f 2772 2773 4595
f 3140 4594 3141
f 4594 4595 4611
f 3141 4594 4611
f 3142 3145 4600
f 3145 3147 4601
f 3147 3149 4602
f 3149 3151 4603
f 3151 3153 4604
f 3153 3155 4605
f 3155 3157 4606
f 3157 3159 4607
f 3159 3161 4608
f 3161 3163 4609
f 2775 4599 4600
f 4601 2777 4600
f 4595 2773 4611
f 2775 4600 2777
f 2773 4610 4611
f 4602 3149 4603
f 4601 3147 4602
f 4600 3145 4601
f 3151 4604 4603
f 3153 4605 4604
f 3155 4606 4605
f 3157 4607 4606
f 3159 4608 4607
f 3161 4609 4608
f 3163 3141 4612
f 4598 3142 4600
f 4611 4610 4612
f 4612 3141 4611
f 3163 4612 4609
f 4610 4609 4612
f 3973 4613 3454
f 4613 4503 3454
f 3167 3166 4047
f 3166 3169 4614
f 3171 3144 4615
f 4598 4615 3143
f 4598 4599 4616
f 2776 4616 2774
f 4049 4617 2793
f 2796 2794 4618
f 2843 2796 4619
f 2796 4618 4619
f 4049 4047 4617
f 4599 2774 4616
f 4615 4620 3171
f 3169 3171 4619
f 3144 3143 4615
f 4618 2794 4617
f 2776 2843 4620
f 2794 2793 4617
f 4047 3166 4614
f 4614 3169 4619
f 4620 2843 4619
f 4619 4618 4614
f 2776 4620 4616
f 4619 3171 4620
f 4047 4614 4617
f 4615 4598 4616
f 4617 4614 4618
f 4615 4616 4620
f 2935 2942 3192
f 2942 2940 4621
f 2811 4621 2809
f 2811 2817 4622
f 2819 2821 4623
f 2821 2823 3196
f 2823 2825 3198
f 2825 2827 3199
f 2827 2829 3201
f 2829 2831 3202
f 2833 2835 4624
f 2753 2752 4596
f 4582 3122 3124
f 4596 4582 4625
f 4582 3124 4625
f 3193 3192 4626
f 3195 3193 4627
f 3193 4626 4627
f 3198 3196 2823
f 3199 3198 2825
f 3201 3199 2827
f 3202 3201 2829
f 3204 3202 2831
f 3220 3205 4624
f 3204 2831 2833
f 2753 4596 4625
f 2940 2809 4621
f 2811 4622 4621
f 2819 4623 4627
f 2817 2819 4627
f 2835 2753 4628
f 3195 4627 4623
f 3196 3195 4623
f 3205 3204 2833
f 3124 3220 4629
f 2835 4628 4624
f 3192 2942 4626
f 4628 2753 4625
f 4622 2817 4627
f 2821 3196 4623
f 4621 4622 4626
f 4626 4622 4627
f 3205 2833 4624
f 4625 3124 4629
f 4628 4625 4629
f 4629 3220 4624
f 2942 4621 4626
f 4629 4624 4628
f 2947 2946 4630
f 2949 2947 4631
f 2951 2949 4632
f 2949 4631 4632
f 2952 2951 4633
f 2951 4632 4633
f 2954 2952 4634
f 2952 4633 4634
f 2955 2954 4635
f 2954 4634 4635
f 2957 2955 4636
f 2955 4635 4636
f 2958 2957 4637
f 2957 4636 4637
f 2960 2958 4638
f 2958 4637 4638
f 2961 2960 4639
f 2960 4638 4639
f 2963 2961 4640
f 4641 4640 4642
f 3335 4641 4643
f 3333 3335 4643
f 4641 4642 4643
f 3315 3314 4644
f 4631 3314 3317
f 3317 3319 4632
f 3319 3321 4633
f 3321 3323 4634
f 3323 3325 4635
f 3325 3327 4636
f 3327 3329 4637
f 3329 3331 4638
f 4639 4642 2961
f 4633 3321 4634
f 4631 3317 4632
f 3319 4633 4632
f 3323 4635 4634
f 3325 4636 4635
f 3327 4637 4636
f 3329 4638 4637
f 3331 3333 4645
f 4630 4644 4646
f 2947 4630 4646
f 2947 4646 4631
f 4645 3333 4643
f 4647 1899 2547
f 4645 4643 4642
f 4645 4642 4639
f 3331 4645 4638
f 4639 4638 4645
f 4640 2961 4642
f 4644 3314 4646
f 4631 4646 3314
f 4418 4648 2232
f 4649 2966 2965
f 4650 4649 4651
f 3337 4650 4652
f 3338 3337 4652
f 4650 4651 4652
f 3340 3338 4653
f 3338 4652 4653
f 3343 3342 4654
f 3345 3343 4655
f 3343 4654 4655
f 3346 3345 4656
f 3345 4655 4656
f 3348 3346 4657
f 3346 4656 4657
f 3349 3348 4658
f 3348 4657 4658
f 3351 3349 4659
f 3349 4658 4659
f 3352 3351 4660
f 3351 4659 4660
f 3354 3352 4661
f 3352 4660 4661
f 3336 3354 4662
f 3354 4661 4662
f 3335 3336 4641
f 2963 4640 2964
f 4640 4641 4662
f 2964 4640 4662
f 2965 2968 4663
f 2970 2972 4664
f 2974 2976 4655
f 2976 2978 4656
f 2978 2980 4657
f 2980 2982 4658
f 2982 2984 4659
f 2984 2986 4660
f 2986 2988 4660
f 2988 2990 4661
f 3342 3340 4665
f 4641 3336 4662
f 4655 2976 4656
f 4664 2972 4654
f 2970 4664 4665
f 2968 2970 4665
f 2974 4655 4654
f 2972 2974 4654
f 2978 4657 4656
f 2980 4658 4657
f 2982 4659 4658
f 2984 4660 4659
f 4660 2988 4661
f 4661 2990 4662
f 2990 2964 4662
f 4649 2965 4663
f 1901 4666 4418
f 4665 4664 3342
f 4667 4581 1524
f 4663 2968 4665
f 4651 4649 4663
f 4653 4652 4651
f 4653 4651 4663
f 3340 4653 4665
f 4665 4653 4663
f 4654 3342 4664
f 2993 2992 4057
f 2992 2995 4668
f 2997 2967 4669
f 2967 2966 4649
f 4649 4650 4670
f 4650 3337 4671
f 4670 4650 4671
f 3337 3339 4671
f 3357 3356 4059
f 3357 4668 3359
f 4057 2992 4668
f 4668 2995 4672
f 3359 4668 4672
f 2995 2997 4672
f 2997 4669 4672
f 2967 4649 4670
f 4672 4669 3359
f 2967 4670 4669
f 3339 3359 4669
f 1902 4673 1524
f 3357 4059 4668
f 4059 4057 4668
f 4670 4671 4669
f 4673 4667 1524
f 3339 4669 4671
f 3049 3283 3020
f 3283 3277 4674
f 3277 3276 3374
f 3377 3378 4675
f 3380 3382 4676
f 3382 3384 3029
f 3384 3386 3030
f 3386 3388 3032
f 3390 4677 3388
f 3392 3394 4678
f 3316 3315 4644
f 4630 2946 2948
f 4644 4630 4679
f 4630 2948 4679
f 3021 3020 4680
f 3024 3023 4675
f 3027 3026 4676
f 3030 3029 3384
f 3032 3030 3386
f 3036 3035 4681
f 3038 3036 4678
f 3277 3374 4674
f 3316 4644 4679
f 4675 3378 4682
f 3024 4675 4682
f 3378 3380 4682
f 3377 4675 4683
f 4683 4674 3377
f 4675 3023 4683
f 3380 4676 4682
f 3374 3377 4674
f 3382 3029 4676
f 3036 4681 4678
f 3388 4677 3032
f 3390 3392 4677
f 3394 3316 4679
f 4683 3023 3021
f 3026 3024 4682
f 3035 3033 4677
f 2948 3038 4679
f 3035 4677 4681
f 4674 4680 3283
f 4678 3394 4679
f 4676 3026 4682
f 4684 2598 2231
f 3392 4678 4681
f 4681 4677 3392
f 3029 3027 4676
f 3038 4678 4679
f 3033 3032 4677
f 4683 3021 4680
f 3020 3283 4680
f 4680 4674 4683
f 4505 4684 2231
f 4685 4686 4687
f 4688 4685 4689
f 4690 4688 4691
f 4688 4689 4691
f 4692 4690 4693
f 4690 4691 4693
f 4694 4692 4695
f 4692 4693 4695
f 4687 4696 4697
f 4698 4699 4700
f 4701 4702 4703
f 4704 4705 4706
f 4707 4708 4709
f 4710 4711 4712
f 4711 4713 4714
f 4715 4716 4717
f 4718 4694 4719
f 4720 4721 4722
f 4723 4724 4725
f 4726 4727 4728
f 4727 4729 4730
f 4731 4732 4733
f 4724 4734 4735
f 4736 4737 4738
f 4739 4740 4741
f 4740 4742 4743
f 4744 4745 4746
f 4747 4748 4749
f 4750 4751 4752
f 4753 4754 4755
f 4756 4728 4730
f 4757 4758 4759
f 4760 4757 4761
f 4762 4760 4763
f 4760 4761 4763
f 4764 4762 4765
f 4762 4763 4765
f 4737 4764 4766
f 4764 4765 4766
f 4767 4768 4769
f 4770 4767 4771
f 4767 4769 4771
f 4759 4772 4761
f 4773 4774 4775
f 4776 4777 4778
f 4779 4780 4781
f 4782 4783 4784
f 4785 4786 4787
f 4788 4789 4790
f 4791 4792 4793
f 4794 4795 4796
f 4790 4797 4798
f 4799 4800 4801
f 4802 4803 4804
f 4805 4806 4807
f 4806 4808 4809
f 4810 4811 4812
f 4803 4813 4814
f 4815 4816 4817
f 4818 4819 4820
f 4819 4821 4822
f 4823 4824 4825
f 4826 4827 4828
f 4829 4830 4831
f 4832 4833 4834
f 4835 4807 4836
f 4837 4838 4839
f 4840 4837 4841
f 4842 4840 4843
f 4840 4841 4843
f 4844 4842 4845
f 4842 4843 4845
f 4846 4847 4848
f 4849 4846 4850
f 4846 4848 4850
f 4851 4849 4852
f 4849 4850 4852
f 4853 4851 4854
f 4851 4852 4854
f 4855 4856 4857
f 4858 4859 4860
f 4861 4862 4863
f 4864 4865 4866
f 4867 4868 4869
f 4870 4871 4872
f 4873 4874 4875
f 4876 4853 4877
f 4872 4878 4879
f 4880 4881 4882
f 4883 4884 4885
f 4886 4887 4888
f 4887 4889 4890
f 4891 4892 4893
f 4884 4894 4895
f 4896 4897 4898
f 4899 4900 4901
f 4900 4902 4903
f 4904 4905 4906
f 4907 4908 4909
f 4910 4911 4912
f 4913 4914 4915
f 4916 4888 4917
f 4918 4901 4903
f 4919 4918 4920
f 4918 4903 4920
f 4921 4919 4922
f 4919 4920 4922
f 4897 4923 4924
f 3519 3518 4925
f 3521 3519 4926
f 3522 3521 4927
f 3524 3522 4928
f 3525 3524 4929
f 3527 3525 4930
f 3528 3527 4931
f 3530 3528 4932
f 3531 3530 4933
f 3533 3531 4738
f 3534 3533 4934
f 3536 3534 4935
f 3537 3536 4936
f 3539 3537 4937
f 3540 3539 4938
f 3542 3540 4939
f 3543 3542 4940
f 3545 3543 4814
f 3546 3545 4817
f 3549 3548 4941
f 3551 3549 4942
f 3552 3551 4943
f 3554 3552 4944
f 3555 3554 4945
f 3557 3555 4946
f 3555 4945 4946
f 3558 3557 4947
f 3561 3560 4948
f 3563 3561 4949
f 3561 4948 4949
f 3564 3563 4950
f 3566 3564 4951
f 3567 3566 4952
f 3569 3567 4953
f 3570 3569 4954
f 3572 3570 4955
f 3573 3572 4956
f 3573 4957 3575
f 4877 4958 3575
f 3578 3576 4959
f 3579 3578 4960
f 3581 3579 4961
f 3582 3581 4962
f 3584 3582 4963
f 3585 3584 4964
f 3587 3585 4965
f 3585 4964 4965
f 3588 3587 4793
f 3590 3588 4796
f 3591 3590 4966
f 3590 4796 4966
f 3593 3591 4967
f 3591 4966 4967
f 3594 3593 4968
f 3593 4967 4968
f 3596 3594 4969
f 3594 4968 4969
f 3597 3596 4970
f 3599 3597 4971
f 3600 3599 4972
f 3507 3600 4973
f 4711 4714 4712
f 4728 4727 4730
f 4741 4740 4743
f 4757 4759 4761
f 4788 4790 4798
f 4820 4819 4822
f 4837 4839 4841
f 4870 4872 4879
f 4901 4900 4903
f 4694 4695 4974
f 4696 4698 4975
f 4699 4701 4976
f 4702 4704 4977
f 4705 4707 4978
f 4708 4710 4979
f 4716 4718 4980
f 4715 4717 4981
f 4714 4720 4712
f 4721 4723 4982
f 4730 4729 4983
f 4729 4731 4983
f 4731 4733 4983
f 4724 4735 4932
f 4732 4715 4984
f 4736 4738 4933
f 4734 4736 4933
f 4742 4744 4985
f 4745 4747 4986
f 4748 4750 4987
f 4751 4753 4988
f 4756 4730 4989
f 4754 4756 4989
f 4987 4750 4752
f 4788 4798 4786
f 4737 4766 4990
f 4768 4741 4743
f 4770 4771 4991
f 4761 4772 4992
f 4795 4770 4991
f 4773 4775 4992
f 4772 4773 4992
f 4774 4776 4993
f 4777 4779 4994
f 4780 4782 4995
f 4783 4785 4996
f 4980 4718 4719
f 4737 4990 4738
f 4792 4794 4997
f 4820 4822 4847
f 4791 4793 4998
f 4797 4799 4999
f 4800 4802 5000
f 4807 4806 4836
f 4809 4808 5001
f 4808 4810 5001
f 4810 4812 5001
f 4803 4814 5002
f 4811 4791 5003
f 4813 4815 5004
f 4979 4710 4712
f 4821 4823 5005
f 4824 4826 5006
f 4827 4829 5007
f 4830 4832 5008
f 4833 4835 5009
f 4978 4707 4709
f 4870 4879 4868
f 4855 4857 4841
f 4848 4847 4822
f 4816 4844 5010
f 4841 4839 4855
f 4791 4998 5003
f 4853 4854 5011
f 4856 4858 5012
f 4859 4861 5013
f 4862 4864 5014
f 4865 4867 5015
f 4977 4704 4706
f 4874 4876 4957
f 4976 4701 4703
f 4873 4875 4956
f 4878 4880 5016
f 4881 4883 5017
f 4888 4887 4917
f 4890 4889 5018
f 4889 4891 5018
f 4891 4893 5018
f 4892 4873 5019
f 4894 4896 5020
f 4895 4894 5020
f 4896 4898 5020
f 4975 4698 4700
f 4903 4902 5021
f 4920 4903 5021
f 4902 4904 5021
f 4904 4906 5021
f 4905 4907 5022
f 4908 4910 5023
f 4911 4913 5024
f 4914 4916 5025
f 4897 4924 5026
f 4923 4921 5027
f 3519 4925 4926
f 3521 4926 4927
f 3522 4927 4928
f 3524 4928 4929
f 3525 4929 4930
f 3527 4930 4931
f 3528 4931 4932
f 3531 4933 4738
f 3534 4934 4935
f 3536 4935 4936
f 3537 4936 4937
f 3539 4937 4938
f 3540 4938 4939
f 3542 4939 4940
f 3546 4817 5028
f 3549 4941 4942
f 3548 3546 5028
f 3551 4942 4943
f 3552 4943 4944
f 3554 4944 4945
f 3557 4946 4947
f 3564 4950 4951
f 3563 4949 4950
f 3566 4951 4952
f 3567 4952 4953
f 3569 4953 4954
f 3570 4954 4955
f 3572 4955 4956
f 3578 4959 4960
f 3579 4960 4961
f 3581 4961 4962
f 3582 4962 4963
f 3584 4963 4964
f 3596 4969 4970
f 3597 4970 4971
f 3599 4971 4972
f 3600 4972 4973
f 4721 4982 4722
f 3505 3507 5029
f 4685 4687 4689
f 4700 4699 4976
f 4703 4702 4977
f 4706 4705 4978
f 4709 4708 4979
f 4733 4732 4984
f 4735 4734 4933
f 4792 4997 4793
f 4746 4745 4986
f 4749 4748 4987
f 4752 4751 4988
f 4755 4754 4989
f 4993 4776 4778
f 4775 4774 4993
f 4778 4777 4994
f 4781 4780 4995
f 4784 4783 4996
f 4787 4786 4798
f 4796 4795 4966
f 4798 4797 4999
f 4801 4800 5000
f 4804 4803 5002
f 4812 4811 5003
f 4814 4813 5004
f 4825 4824 5006
f 4828 4827 5007
f 4831 4830 5008
f 4834 4833 5009
f 4860 4859 5013
f 4863 4862 5014
f 4866 4865 5015
f 4869 4868 4879
f 4877 4853 5011
f 4879 4878 5016
f 4882 4881 5017
f 4885 4884 5030
f 4893 4892 5019
f 5025 4916 4917
f 4898 4897 5026
f 4906 4905 5022
f 4909 4908 5023
f 4912 4911 5024
f 4915 4914 5025
f 5023 4910 4912
f 4933 3530 4735
f 4941 3548 5028
f 5004 4815 4817
f 5006 4826 4828
f 5007 4829 4831
f 5008 4832 4834
f 5009 4835 4836
f 5016 4880 4882
f 5017 4883 4885
f 4696 4975 4697
f 4873 4956 5031
f 5019 4873 5031
f 4956 4955 5031
f 4874 4957 4875
f 4821 5005 4822
f 4716 4980 4717
f 5000 4802 4804
f 4715 4981 4984
f 4712 4720 4722
f 4982 4723 4725
f 4988 4753 4755
f 4742 4985 4743
f 4985 4744 4746
f 4986 4747 4749
f 4996 4785 4787
f 4768 4743 4769
f 4995 4782 4784
f 4994 4779 4781
f 4999 4799 4801
f 4997 4794 4796
f 4816 5010 5032
f 5005 4823 4825
f 5015 4867 4869
f 5014 4864 4866
f 5013 4861 4863
f 4856 5012 4857
f 5012 4858 4860
f 4957 4876 4877
f 5024 4913 4915
f 5022 4907 4909
f 4735 3530 4932
f 4923 5027 4924
f 5030 4884 4895
f 4816 5032 4817
f 4700 4976 5033
f 4693 4691 5034
f 4695 4693 5035
f 4693 5034 5035
f 4920 5021 5036
f 5021 4906 5036
f 4703 4977 5037
f 4706 4978 5038
f 4709 4979 5039
f 4733 4984 5040
f 5000 4804 5041
f 4982 4725 5042
f 4988 4755 5043
f 4730 4983 4989
f 4712 4722 4979
f 4924 5027 5044
f 4983 4733 5045
f 4733 5040 5045
f 4985 4746 5046
f 4986 4749 5047
f 4996 4787 5048
f 4752 4988 5049
f 4988 5043 5049
f 4966 4795 5050
f 4743 4985 5051
f 4769 4743 5051
f 4985 5046 5051
f 4987 4752 5052
f 4752 5049 5052
f 4993 4778 5053
f 4724 4932 5054
f 4990 4766 5055
f 4765 4763 5056
f 4766 4765 5057
f 5055 4766 5057
f 4765 5056 5057
f 4995 4784 5058
f 4991 4771 5059
f 4761 4992 4763
f 4795 4991 5050
f 4992 4775 5060
f 4775 4993 5061
f 5060 4775 5061
f 4993 5053 5061
f 4781 4995 5062
f 4995 5058 5062
f 4999 4801 5063
f 4784 4996 5064
f 5058 4784 5064
f 4996 5048 5064
f 4994 4781 5065
f 4781 5062 5065
f 4787 4798 5048
f 5032 5010 5066
f 4746 4986 5067
f 5046 4746 5067
f 4986 5047 5067
f 5005 4825 5068
f 4801 5000 5069
f 5063 4801 5069
f 5000 5041 5069
f 4804 5002 5070
f 4984 4981 5071
f 4836 4806 4809
f 4812 5003 5072
f 4879 5016 5073
f 4869 4879 5073
f 5016 4882 5073
f 5001 4812 5074
f 5006 4828 5075
f 4717 4980 5029
f 5015 4869 5076
f 4869 5073 5076
f 5007 4831 5077
f 5008 4834 5078
f 5009 4836 5079
f 4836 4809 5079
f 4860 5013 5080
f 4978 4709 5081
f 5038 4978 5081
f 4709 5039 5081
f 4841 4857 5082
f 4843 4841 5082
f 4857 5012 5082
f 4848 4822 5083
f 4850 4848 5083
f 4822 5005 5083
f 4845 4843 5084
f 4843 5082 5084
f 5010 4844 4845
f 5011 4854 5085
f 4852 4850 5086
f 4854 4852 5087
f 5085 4854 5087
f 4852 5086 5087
f 5012 4860 5088
f 4860 5080 5088
f 4863 5014 5089
f 4866 5015 5090
f 5015 5076 5090
f 5013 4863 5091
f 5080 5013 5091
f 4863 5089 5091
f 5014 4866 5092
f 5089 5014 5092
f 4866 5090 5092
f 4977 4706 5093
f 5037 4977 5093
f 4706 5038 5093
f 5003 4998 5094
f 5024 4915 5095
f 4976 4703 5096
f 5033 4976 5096
f 4703 5037 5096
f 4882 5017 5097
f 4885 5030 5098
f 4697 4975 5034
f 4917 4887 4890
f 5025 4917 5099
f 4917 4890 5099
f 5018 4893 5100
f 4817 5032 5028
f 4975 4700 5101
f 5034 4975 5101
f 4700 5033 5101
f 5026 4924 5102
f 4924 5044 5102
f 4909 5023 5103
f 4912 5024 5104
f 5024 5095 5104
f 4915 5025 5105
f 5095 4915 5105
f 5025 5099 5105
f 5022 4909 5106
f 4909 5103 5106
f 5023 4912 5107
f 5103 5023 5107
f 4912 5104 5107
f 4898 5026 4948
f 4906 5022 5108
f 5036 4906 5108
f 5022 5106 5108
f 4921 4922 5027
f 5027 4922 5044
f 4974 4695 5109
f 4695 5035 5109
f 4922 4920 5036
f 5030 4895 4947
f 4926 4925 4974
f 3518 3505 4719
f 3533 4738 4990
f 3545 4814 5004
f 4942 4941 5110
f 3558 4947 5111
f 3560 3558 5111
f 4947 4895 5111
f 4951 4950 5112
f 4952 4951 5113
f 3573 4956 4875
f 3588 4793 4997
f 3587 4965 4998
f 4793 3587 4998
f 4968 4967 5114
f 4969 4968 5115
f 4971 4970 5116
f 3507 4973 5029
f 4979 4722 5039
f 4719 4694 5117
f 3505 5029 4980
f 4725 4724 5054
f 5050 4991 5118
f 4771 4769 5119
f 5059 4771 5119
f 4769 5051 5119
f 4809 5001 5079
f 4890 5018 5099
f 4694 4974 5117
f 4927 4926 5120
f 4928 4927 5121
f 4929 4928 5122
f 4930 4929 5123
f 4931 4930 5124
f 4930 5123 5124
f 4932 4931 5054
f 4936 4935 5125
f 4937 4936 5126
f 4938 4937 5127
f 4939 4938 5128
f 4943 4942 5129
f 4814 3543 5002
f 4817 3545 5004
f 4944 4943 5130
f 4945 4944 5131
f 4947 4946 5030
f 4946 4945 5132
f 5030 4946 5132
f 4945 5131 5132
f 4948 3560 5111
f 4949 4948 5026
f 4953 4952 5133
f 4954 4953 5134
f 4955 4954 5135
f 4954 5134 5135
f 4960 4959 5136
f 4961 4960 5137
f 4962 4961 5138
f 4963 4962 5139
f 4964 4963 5140
f 4970 4969 5141
f 4969 5115 5141
f 4796 3588 4997
f 4798 4999 5048
f 4972 4971 5142
f 4722 4982 5143
f 5039 4722 5143
f 4982 5042 5143
f 4719 3505 4980
f 5117 4974 4925
f 4898 4948 5111
f 4926 4974 5109
f 3518 4719 5117
f 4949 5026 5102
f 4998 4965 5094
f 5054 4931 5124
f 5031 4955 5135
f 4922 5036 5144
f 5044 4922 5144
f 5036 5108 5144
f 5129 4942 5110
f 5019 5031 5145
f 5031 5135 5145
f 4687 4697 4689
f 5003 5094 5072
f 5010 4845 5146
f 4804 5070 5041
f 5130 4943 5129
f 4966 5050 4967
f 4989 4983 5147
f 3518 5117 4925
f 4941 5028 5066
f 5005 5068 5083
f 4749 4987 5148
f 4972 5142 5071
f 5079 5001 5074
f 4755 4989 5147
f 4936 5125 5126
f 5050 5118 4967
f 5099 5018 5100
f 4778 4994 5149
f 5123 4929 5122
f 4991 5059 5118
f 5060 5056 4992
f 4725 5054 5042
f 5073 4882 5150
f 5076 5073 5150
f 4882 5097 5150
f 5066 5010 5146
f 5066 5028 5032
f 4968 5114 5115
f 4984 5071 5040
f 5138 4961 5137
f 4825 5006 5151
f 4828 5007 5152
f 4831 5008 5153
f 4834 5009 5154
f 4755 5147 5043
f 4812 5072 5074
f 5086 4850 5083
f 5012 5088 5082
f 5047 4749 5148
f 4845 5084 5146
f 5017 4885 5155
f 4778 5149 5053
f 4953 5133 5134
f 5156 2552 2598
f 4949 5102 4950
f 5140 4963 5139
f 4898 5111 5020
f 4951 5112 5113
f 5111 4895 5020
f 5110 4941 5066
f 4952 5113 5133
f 5112 4950 5102
f 3573 4875 4957
f 5128 4938 5127
f 5116 4970 5141
f 4971 5116 5142
f 5029 4973 4981
f 5127 4937 5126
f 4927 5120 5121
f 5094 4965 5157
f 5072 5094 5157
f 4965 4964 5157
f 5122 4928 5121
f 5120 4926 5109
f 4981 4973 5071
f 5017 5155 5097
f 5148 4987 5052
f 4972 5071 4973
f 5149 4994 5065
f 5153 5008 5078
f 5152 5007 5077
f 5151 5006 5075
f 4828 5152 5075
f 4831 5153 5077
f 4834 5154 5078
f 5155 4885 5098
f 5157 4964 5140
f 4967 5118 5114
f 5125 4935 5158
f 4935 4934 5055
f 4939 5128 5070
f 5139 4962 5138
f 5131 4944 5130
f 5137 4960 5136
f 4825 5151 5068
f 5145 5135 5159
f 5135 5134 5159
f 4877 5011 4958
f 5045 5040 5160
f 5071 5142 5040
f 5083 5068 5086
f 5125 5158 5161
f 5153 5078 5162
f 5134 5133 5163
f 4990 5055 4934
f 5123 5122 5164
f 4999 5063 5048
f 5062 5058 5165
f 4981 4717 5029
f 5002 4940 5070
f 5052 5049 5166
f 5154 5009 5079
f 5148 5052 5167
f 5052 5166 5167
f 5097 5155 5168
f 4684 5169 2598
f 5151 5075 5170
f 5077 5153 5171
f 5153 5162 5171
f 5152 5077 5172
f 5077 5171 5172
f 5065 5062 5173
f 5062 5165 5173
f 5088 5080 5174
f 5051 5046 5175
f 5119 5051 5175
f 5046 5067 5175
f 5049 5043 5176
f 5166 5049 5176
f 5147 5160 5043
f 5090 5076 5177
f 5076 5150 5177
f 5011 5085 4959
f 5082 5088 5084
f 5106 5103 5178
f 5074 5072 5179
f 5157 5140 5179
f 5053 5149 5180
f 4697 5034 4691
f 5100 4893 5145
f 5113 5112 5181
f 5115 5114 5182
f 5104 5095 5163
f 5130 5129 5183
f 5138 5137 5184
f 5141 5115 5185
f 5129 5110 5186
f 5035 5034 5187
f 5034 5101 5187
f 3533 4990 4934
f 5047 5148 5185
f 3576 4958 4959
f 5086 5068 5188
f 5126 5125 5180
f 5127 5126 5173
f 5124 5123 5189
f 5146 5084 5190
f 5100 5145 5159
f 4893 5019 5145
f 5072 5157 5179
f 5133 5113 5191
f 5118 5059 5114
f 5158 4935 5055
f 5121 5120 5192
f 5116 5141 5166
f 5139 5138 5172
f 5099 5100 5105
f 5137 5136 5188
f 5040 5142 5160
f 5048 5063 5193
f 5064 5048 5193
f 5063 5069 5193
f 5154 5079 5074
f 5154 5074 5194
f 5078 5154 5194
f 5074 5179 5194
f 4959 5085 5136
f 5084 5088 5190
f 5011 4959 4958
f 5114 5059 5195
f 5182 5114 5195
f 5059 5119 5195
f 5068 5151 5188
f 5128 5127 5196
f 4877 3575 4957
f 5131 5130 5197
f 5110 5066 5190
f 5158 5055 5057
f 5122 5121 5198
f 5149 5065 5199
f 5180 5149 5199
f 5065 5173 5199
f 5030 5132 5098
f 5054 5124 5042
f 5041 5070 5128
f 5147 4983 5045
f 5162 5078 5194
f 5161 5158 5057
f 5081 5039 5189
f 5134 5163 5159
f 5197 5130 5183
f 5185 5148 5167
f 5164 5122 5198
f 5155 5098 5168
f 5168 5098 5132
f 5150 5097 5168
f 5041 5128 5200
f 5069 5041 5200
f 5128 5196 5200
f 5147 5045 5160
f 5169 5156 2598
f 5042 5124 5189
f 5060 5061 5161
f 5086 5188 5087
f 5058 5064 5201
f 5165 5058 5201
f 5064 5193 5201
f 5067 5047 5202
f 5175 5067 5202
f 5047 5185 5202
f 5168 5132 5131
f 5186 5110 5190
f 5089 5092 5197
f 5184 5137 5188
f 5075 5152 5203
f 5183 5129 5186
f 5103 5107 5191
f 5183 5174 5091
f 5163 5095 5204
f 5159 5163 5204
f 5095 5105 5204
f 5092 5090 5197
f 5038 5081 5205
f 5093 5038 5205
f 5081 5189 5205
f 5179 5140 5206
f 5194 5179 5206
f 5140 5139 5206
f 5133 5191 5163
f 5037 5093 5198
f 5178 5103 5191
f 5091 5089 5183
f 5102 5044 5207
f 5125 5161 5180
f 5096 5037 5198
f 5191 5113 5178
f 5033 5096 5192
f 4697 4691 4689
f 5113 5181 5178
f 5101 5033 5192
f 5183 5089 5197
f 5035 5187 5109
f 3543 4940 5002
f 5176 5043 5160
f 5060 5161 5057
f 5106 5178 5208
f 5108 5106 5208
f 5178 5181 5208
f 5120 5109 5187
f 5121 5192 5198
f 5116 5166 5176
f 5139 5172 5171
f 5112 5207 5181
f 5142 5116 5176
f 5203 5152 5172
f 5061 5053 5161
f 5177 5150 5168
f 5139 5171 5206
f 5088 5174 5190
f 5185 5115 5182
f 5170 5075 5203
f 5080 5091 5174
f 4763 4992 5056
f 5090 5177 5197
f 5161 5053 5180
f 5177 5168 5131
f 5056 5060 5057
f 5131 5197 5177
f 5207 5044 5144
f 5192 5096 5198
f 5143 5042 5189
f 5104 5163 5191
f 5141 5185 5167
f 5189 5123 5164
f 5173 5126 5199
f 3576 3575 4958
f 5126 5180 5199
f 5127 5173 5165
f 5100 5159 5204
f 5172 5138 5203
f 5166 5141 5167
f 5105 5100 5204
f 5142 5176 5160
f 5185 5182 5202
f 5144 5108 5208
f 5182 5195 5202
f 5193 5069 5200
f 5162 5194 5206
f 5189 5039 5143
f 5200 5196 5201
f 5206 5171 5162
f 5181 5144 5208
f 5203 5138 5184
f 5119 5175 5195
f 5151 5170 5188
f 5190 5174 5186
f 5136 5085 5087
f 5170 5203 5184
f 5107 5104 5191
f 4939 5070 4940
f 5136 5087 5188
f 5127 5165 5196
f 5146 5190 5066
f 5120 5187 5192
f 5196 5165 5201
f 5112 5102 5207
f 5144 5181 5207
f 5202 5195 5175
f 5201 5193 5200
f 5209 3312 2552
f 5183 5186 5174
f 5164 5198 5093
f 5189 5164 5205
f 5187 5101 5192
f 5184 5188 5170
f 5164 5093 5205
f 5210 5211 5212
f 5213 5210 5214
f 5215 5213 5216
f 5213 5214 5216
f 5217 5215 5218
f 5215 5216 5218
f 5219 5217 5220
f 5217 5218 5220
f 5221 5219 5222
f 5219 5220 5222
f 5223 5221 5224
f 5221 5222 5224
f 5225 5223 5226
f 5223 5224 5226
f 5227 5225 5228
f 5225 5226 5228
f 5229 5227 5230
f 5227 5228 5230
f 5231 5229 5232
f 5229 5230 5232
f 5233 5231 5234
f 5231 5232 5234
f 5235 5233 5236
f 5233 5234 5236
f 5237 5235 5238
f 5235 5236 5238
f 5239 5237 5240
f 5237 5238 5240
f 5241 5239 5242
f 5239 5240 5242
f 5243 5241 5244
f 5241 5242 5244
f 5245 5243 5246
f 5243 5244 5246
f 5247 5245 5248
f 5245 5246 5248
f 5249 5247 5250
f 5247 5248 5250
f 5251 5249 5252
f 5249 5250 5252
f 5253 5251 5254
f 5251 5252 5254
f 5255 5253 5256
f 5253 5254 5256
f 5257 5255 5258
f 5255 5256 5258
f 5259 5257 5260
f 5257 5258 5260
f 5261 5259 5262
f 5259 5260 5262
f 5263 5261 5264
f 5261 5262 5264
f 5265 5263 5266
f 5263 5264 5266
f 5267 5265 5268
f 5265 5266 5268
f 5269 5267 5270
f 5267 5268 5270
f 5271 5269 5272
f 5269 5270 5272
f 5273 5271 5274
f 5271 5272 5274
f 5275 5273 5276
f 5273 5274 5276
f 5277 5275 5278
f 5275 5276 5278
f 5279 5277 5280
f 5277 5278 5280
f 5281 5279 5282
f 5279 5280 5282
f 5283 5281 5284
f 5281 5282 5284
f 5285 5283 5286
f 5283 5284 5286
f 5287 5285 5288
f 5285 5286 5288
f 5289 5287 5290
f 5287 5288 5290
f 5291 5289 5292
f 5289 5290 5292
f 5293 5291 5294
f 5291 5292 5294
f 5295 5293 5296
f 5293 5294 5296
f 5297 5295 5298
f 5295 5296 5298
f 5299 5297 5300
f 5297 5298 5300
f 5301 5299 5302
f 5299 5300 5302
f 5303 5301 5304
f 5301 5302 5304
f 5305 5303 5306
f 5303 5304 5306
f 5307 5305 5308
f 5305 5306 5308
f 5211 5307 5309
f 5212 5211 5309
f 5307 5308 5309
f 4072 5310 4172
f 5310 5311 5312
f 5313 5314 5315
f 5316 5317 5318
f 5319 5212 5320
f 5212 5309 5320
f 4072 4071 5310
f 4071 4074 5321
f 4076 4078 5322
f 4080 4082 5323
f 4084 4086 5324
f 4088 4090 5325
f 4091 4093 5326
f 4092 4095 5327
f 4097 4099 5328
f 4101 4103 5329
f 4105 4107 5330
f 4109 4111 5331
f 4110 4113 5332
f 4115 4117 5333
f 4119 4121 5334
f 4123 4229 5335
f 4231 4126 5336
f 4125 4128 5337
f 4130 4132 5338
f 4134 4136 5339
f 4138 4140 5340
f 4144 4143 5341
f 4146 4148 5342
f 4150 4152 5343
f 4154 4156 5344
f 4158 4233 5345
f 4160 4159 5346
f 4162 4164 5347
f 4166 4168 5348
f 4170 4172 5349
f 5311 5310 5350
f 5313 5311 5351
f 5311 5350 5351
f 5314 5313 5352
f 5313 5351 5352
f 5316 5314 5353
f 5314 5352 5353
f 5317 5316 5354
f 5316 5353 5354
f 5319 5317 5355
f 5317 5354 5355
f 5212 5319 5356
f 5319 5355 5356
f 5310 4071 5321
f 5210 5212 5356
f 4172 5310 5349
f 5214 5210 5356
f 5312 5311 5357
f 5311 5313 5357
f 5313 5315 5357
f 5314 5316 5358
f 5319 5320 5317
f 5315 5314 5358
f 4074 4076 5359
f 4078 4080 5360
f 4082 4084 5361
f 4086 4088 5362
f 4090 4091 5363
f 4093 4092 5364
f 4092 5327 5364
f 4095 4097 5365
f 4099 4101 5366
f 4103 4105 5367
f 4107 4109 5368
f 4111 4110 5369
f 4113 4115 5370
f 4117 4119 5371
f 4121 4123 5372
f 4229 4231 5373
f 4126 4125 5374
f 4128 4130 5375
f 4132 4134 5376
f 4136 4138 5377
f 4138 5340 5377
f 4140 4144 5378
f 4143 4146 5379
f 4148 4150 5380
f 4152 4154 5381
f 4156 4158 5382
f 4233 4160 5383
f 5345 4233 5383
f 4160 5346 5383
f 4159 4162 5384
f 4164 4166 5385
f 4168 4170 5386
f 5349 5310 5312
f 5310 5321 5350
f 5366 4101 5329
f 5363 4091 5326
f 5323 4082 5361
f 5324 4086 5362
f 5325 4090 5363
f 5326 4093 5364
f 5327 4095 5365
f 5328 4099 5366
f 5329 4103 5367
f 5330 4107 5368
f 5331 4111 5369
f 5332 4113 5370
f 5333 4117 5371
f 5334 4121 5372
f 5335 4229 5373
f 5336 4126 5374
f 5337 4128 5375
f 5338 4132 5376
f 5339 4136 5377
f 5340 4140 5378
f 5341 4143 5379
f 5342 4148 5380
f 5343 4152 5381
f 5344 4156 5382
f 5384 4162 5347
f 5346 4159 5384
f 5347 4164 5385
f 5348 4168 5386
f 5367 4105 5330
f 5368 4109 5331
f 5369 4110 5332
f 5370 4115 5333
f 5371 4119 5334
f 5372 4123 5335
f 5373 4231 5336
f 5374 4125 5337
f 5375 4130 5338
f 5376 4134 5339
f 5379 4146 5342
f 5380 4150 5343
f 5381 4154 5344
f 5382 4158 5345
f 5386 4170 5349
f 4074 5359 5321
f 5362 4088 5325
f 5361 4084 5324
f 5358 5316 5318
f 5317 5320 5318
f 5360 4080 5323
f 5359 4076 5322
f 4078 5360 5322
f 5365 4097 5328
f 5378 4144 5341
f 5385 4166 5348
f 5218 5216 5387
f 5220 5218 5388
f 5218 5387 5388
f 5222 5220 5389
f 5220 5388 5389
f 5224 5222 5390
f 5222 5389 5390
f 5226 5224 5391
f 5224 5390 5391
f 5228 5226 5392
f 5226 5391 5392
f 5230 5228 5393
f 5228 5392 5393
f 5232 5230 5394
f 5230 5393 5394
f 5234 5232 5395
f 5232 5394 5395
f 5236 5234 5396
f 5234 5395 5396
f 5238 5236 5397
f 5236 5396 5397
f 5240 5238 5398
f 5238 5397 5398
f 5242 5240 5399
f 5240 5398 5399
f 5244 5242 5400
f 5242 5399 5400
f 5246 5244 5401
f 5244 5400 5401
f 5248 5246 5402
f 5246 5401 5402
f 5250 5248 5403
f 5248 5402 5403
f 5252 5250 5404
f 5250 5403 5404
f 5254 5252 5405
f 5252 5404 5405
f 5256 5254 5406
f 5254 5405 5406
f 5258 5256 5407
f 5256 5406 5407
f 5260 5258 5408
f 5258 5407 5408
f 5262 5260 5409
f 5260 5408 5409
f 5264 5262 5410
f 5262 5409 5410
f 5266 5264 5411
f 5264 5410 5411
f 5268 5266 5412
f 5266 5411 5412
f 5270 5268 5413
f 5268 5412 5413
f 5272 5270 5414
f 5270 5413 5414
f 5274 5272 5415
f 5272 5414 5415
f 5276 5274 5416
f 5274 5415 5416
f 5278 5276 5417
f 5276 5416 5417
f 5280 5278 5418
f 5278 5417 5418
f 5282 5280 5419
f 5280 5418 5419
f 5284 5282 5420
f 5282 5419 5420
f 5286 5284 5421
f 5284 5420 5421
f 5288 5286 5422
f 5286 5421 5422
f 5290 5288 5423
f 5288 5422 5423
f 5292 5290 5424
f 5290 5423 5424
f 5294 5292 5425
f 5292 5424 5425
f 5296 5294 5426
f 5294 5425 5426
f 5298 5296 5427
f 5296 5426 5427
f 5300 5298 5428
f 5298 5427 5428
f 5302 5300 5429
f 5300 5428 5429
f 5304 5302 5430
f 5302 5429 5430
f 5306 5304 5431
f 5304 5430 5431
f 5308 5306 5432
f 5306 5431 5432
f 5309 5308 5433
f 5320 5309 5433
f 5308 5432 5433
f 5360 5323 5434
f 5357 5315 5435
f 5315 5358 5436
f 5365 5328 5437
f 5362 5325 5438
f 5322 5360 5439
f 5360 5434 5439
f 5359 5322 5440
f 5324 5362 5441
f 5362 5438 5441
f 5325 5363 5442
f 5361 5324 5443
f 5324 5441 5443
f 5326 5364 5444
f 5323 5361 5445
f 5434 5323 5445
f 5361 5443 5445
f 5327 5365 5446
f 5378 5341 5447
f 5329 5367 5448
f 5363 5326 5449
f 5442 5363 5449
f 5326 5444 5449
f 5330 5368 5450
f 5331 5369 5451
f 5332 5370 5452
f 5333 5371 5453
f 5334 5372 5454
f 5372 5335 5455
f 5335 5373 5455
f 5373 5336 5456
f 5336 5374 5457
f 5337 5375 5458
f 5338 5376 5459
f 5339 5377 5460
f 5379 5342 5461
f 5340 5378 5462
f 5378 5447 5462
f 5341 5379 5463
f 5447 5341 5463
f 5379 5461 5463
f 5385 5348 5464
f 5342 5380 5465
f 5343 5381 5466
f 5381 5344 5467
f 5382 5345 5468
f 5384 5347 5469
f 5386 5349 5470
f 5349 5312 5470
f 5347 5385 5471
f 5469 5347 5471
f 5385 5464 5471
f 5346 5384 5472
f 5348 5386 5473
f 5386 5470 5473
f 5367 5330 5474
f 5448 5367 5474
f 5330 5450 5474
f 5321 5359 5475
f 5350 5321 5475
f 5359 5440 5475
f 5312 5357 5470
f 5352 5351 5476
f 5353 5352 5477
f 5352 5476 5477
f 5354 5353 5478
f 5353 5477 5478
f 5355 5354 5479
f 5354 5478 5479
f 5356 5355 5480
f 5214 5356 5480
f 5355 5479 5480
f 5364 5327 5481
f 5444 5364 5481
f 5327 5446 5481
f 5216 5214 5482
f 5387 5216 5482
f 5214 5480 5482
f 5366 5329 5483
f 5329 5448 5483
f 5351 5350 5475
f 5377 5340 5484
f 5460 5377 5484
f 5340 5462 5484
f 5470 5357 5435
f 5435 5315 5436
f 5318 5320 5485
f 5365 5437 5446
f 5325 5442 5438
f 5322 5439 5440
f 5437 5328 5486
f 5450 5368 5487
f 5368 5331 5487
f 5358 5318 5488
f 5464 5348 5473
f 5328 5366 5486
f 5436 5358 5488
f 5351 5475 5476
f 5331 5451 5487
f 5369 5332 5489
f 5333 5453 5490
f 5370 5333 5490
f 5334 5454 5491
f 5371 5334 5491
f 5372 5455 5454
f 5455 5373 5456
f 5456 5336 5457
f 5374 5337 5492
f 5338 5459 5493
f 5375 5338 5493
f 5376 5339 5494
f 5342 5465 5461
f 5380 5343 5495
f 5381 5467 5466
f 5344 5382 5496
f 5384 5469 5472
f 5486 5366 5483
f 5468 5345 5497
f 5345 5383 5497
f 5467 5344 5496
f 5380 5495 5465
f 5459 5376 5494
f 5458 5375 5493
f 5457 5374 5492
f 5453 5371 5491
f 5383 5346 5498
f 5497 5383 5498
f 5346 5472 5498
f 5452 5370 5490
f 5318 5485 5488
f 5369 5489 5451
f 5489 5332 5452
f 5492 5337 5458
f 5494 5339 5460
f 5495 5343 5466
f 5496 5382 5468
f 5475 5440 5476
f 5389 5388 5499
f 5390 5389 5500
f 5389 5499 5500
f 5391 5390 5501
f 5390 5500 5501
f 5392 5391 5502
f 5391 5501 5502
f 5393 5392 5503
f 5392 5502 5503
f 5394 5393 5504
f 5393 5503 5504
f 5395 5394 5505
f 5394 5504 5505
f 5396 5395 5506
f 5395 5505 5506
f 5397 5396 5507
f 5396 5506 5507
f 5398 5397 5508
f 5397 5507 5508
f 5399 5398 5509
f 5398 5508 5509
f 5400 5399 5510
f 5399 5509 5510
f 5401 5400 5511
f 5400 5510 5511
f 5402 5401 5512
f 5401 5511 5512
f 5403 5402 5513
f 5402 5512 5513
f 5404 5403 5514
f 5403 5513 5514
f 5405 5404 5515
f 5404 5514 5515
f 5406 5405 5516
f 5405 5515 5516
f 5407 5406 5517
f 5406 5516 5517
f 5408 5407 5518
f 5407 5517 5518
f 5409 5408 5519
f 5408 5518 5519
f 5410 5409 5520
f 5409 5519 5520
f 5411 5410 5521
f 5410 5520 5521
f 5412 5411 5522
f 5411 5521 5522
f 5413 5412 5523
f 5412 5522 5523
f 5414 5413 5524
f 5413 5523 5524
f 5415 5414 5525
f 5414 5524 5525
f 5416 5415 5526
f 5415 5525 5526
f 5417 5416 5527
f 5416 5526 5527
f 5418 5417 5528
f 5417 5527 5528
f 5419 5418 5529
f 5418 5528 5529
f 5420 5419 5530
f 5419 5529 5530
f 5421 5420 5531
f 5420 5530 5531
f 5422 5421 5532
f 5421 5531 5532
f 5423 5422 5533
f 5422 5532 5533
f 5424 5423 5534
f 5423 5533 5534
f 5425 5424 5535
f 5424 5534 5535
f 5426 5425 5536
f 5425 5535 5536
f 5427 5426 5537
f 5426 5536 5537
f 5428 5427 5538
f 5427 5537 5538
f 5429 5428 5539
f 5428 5538 5539
f 5430 5429 5540
f 5429 5539 5540
f 5431 5430 5541
f 5430 5540 5541
f 5485 5320 5433
f 5435 5436 5542
f 5443 5441 5543
f 5446 5437 5544
f 5439 5434 5545
f 5440 5439 5546
f 5476 5440 5546
f 5439 5545 5546
f 5437 5486 5547
f 5450 5487 5548
f 5451 5489 5549
f 5464 5473 5550
f 5490 5453 5551
f 5492 5458 5552
f 5454 5455 5553
f 5488 5485 5554
f 5491 5454 5555
f 5493 5459 5556
f 5453 5491 5557
f 5551 5453 5557
f 5491 5555 5557
f 5494 5460 5558
f 5458 5493 5559
f 5552 5458 5559
f 5493 5556 5559
f 5457 5492 5560
f 5492 5552 5560
f 5495 5466 5561
f 5461 5465 5562
f 5452 5490 5563
f 5470 5435 5473
f 5459 5494 5564
f 5494 5558 5564
f 5496 5468 5565
f 5466 5467 5566
f 5472 5469 5567
f 5467 5496 5568
f 5496 5565 5568
f 5483 5448 5569
f 5477 5476 5546
f 5487 5451 5549
f 5479 5478 5570
f 5480 5479 5571
f 5482 5480 5571
f 5479 5570 5571
f 5438 5442 5572
f 5486 5483 5573
f 5483 5569 5573
f 5465 5495 5574
f 5495 5561 5574
f 5462 5447 5575
f 5456 5457 5576
f 5455 5456 5553
f 5485 5433 5432
f 5485 5432 5577
f 5554 5485 5577
f 5432 5431 5577
f 5449 5444 5578
f 5499 5388 5579
f 5388 5387 5579
f 5577 5431 5541
f 5445 5443 5580
f 5443 5543 5580
f 5558 5460 5581
f 5460 5484 5581
f 5437 5547 5544
f 5441 5438 5582
f 5487 5549 5548
f 5436 5488 5583
f 5438 5572 5582
f 5464 5550 5584
f 5490 5551 5563
f 5387 5482 5571
f 5572 5442 5585
f 5434 5445 5586
f 5545 5434 5586
f 5445 5580 5586
f 5442 5449 5585
f 5489 5452 5587
f 5549 5489 5587
f 5454 5553 5555
f 5488 5554 5583
f 5465 5574 5562
f 5457 5560 5576
f 5561 5466 5566
f 5452 5563 5587
f 5473 5435 5550
f 5463 5461 5588
f 5461 5562 5588
f 5565 5468 5589
f 5468 5497 5589
f 5441 5582 5543
f 5547 5486 5573
f 5467 5568 5566
f 5471 5464 5584
f 5569 5448 5590
f 5448 5474 5590
f 5459 5564 5556
f 5477 5546 5591
f 5478 5477 5591
f 5546 5545 5591
f 5579 5387 5571
f 5474 5450 5592
f 5590 5474 5592
f 5450 5548 5592
f 5469 5471 5593
f 5570 5478 5591
f 5481 5446 5594
f 5446 5544 5594
f 5484 5462 5595
f 5581 5484 5595
f 5462 5575 5595
f 5567 5469 5593
f 5575 5447 5596
f 5447 5463 5596
f 5456 5576 5553
f 5498 5472 5597
f 5472 5567 5597
f 5436 5583 5542
f 5499 5579 5598
f 5501 5500 5599
f 5502 5501 5600
f 5501 5599 5600
f 5503 5502 5601
f 5502 5600 5601
f 5504 5503 5602
f 5503 5601 5602
f 5505 5504 5603
f 5504 5602 5603
f 5506 5505 5604
f 5505 5603 5604
f 5507 5506 5605
f 5506 5604 5605
f 5508 5507 5606
f 5507 5605 5606
f 5509 5508 5607
f 5508 5606 5607
f 5510 5509 5608
f 5509 5607 5608
f 5511 5510 5609
f 5510 5608 5609
f 5512 5511 5610
f 5511 5609 5610
f 5513 5512 5611
f 5512 5610 5611
f 5514 5513 5612
f 5513 5611 5612
f 5515 5514 5613
f 5514 5612 5613
f 5516 5515 5614
f 5515 5613 5614
f 5517 5516 5615
f 5516 5614 5615
f 5518 5517 5616
f 5517 5615 5616
f 5519 5518 5617
f 5518 5616 5617
f 5520 5519 5618
f 5519 5617 5618
f 5521 5520 5619
f 5520 5618 5619
f 5522 5521 5620
f 5521 5619 5620
f 5523 5522 5621
f 5522 5620 5621
f 5524 5523 5622
f 5523 5621 5622
f 5525 5524 5623
f 5524 5622 5623
f 5526 5525 5624
f 5525 5623 5624
f 5527 5526 5625
f 5526 5624 5625
f 5528 5527 5626
f 5527 5625 5626
f 5529 5528 5627
f 5528 5626 5627
f 5530 5529 5628
f 5529 5627 5628
f 5531 5530 5629
f 5530 5628 5629
f 5532 5531 5630
f 5531 5629 5630
f 5533 5532 5631
f 5532 5630 5631
f 5534 5533 5632
f 5533 5631 5632
f 5535 5534 5633
f 5534 5632 5633
f 5536 5535 5634
f 5535 5633 5634
f 5537 5536 5635
f 5536 5634 5635
f 5538 5537 5636
f 5537 5635 5636
f 5539 5538 5637
f 5538 5636 5637
f 5540 5539 5638
f 5539 5637 5638
f 5541 5540 5639
f 5540 5638 5639
f 5547 5573 5640
f 5449 5578 5585
f 5554 5577 5641
f 5577 5541 5641
f 5548 5549 5642
f 5562 5574 5630
f 5582 5572 5643
f 5544 5547 5606
f 5555 5553 5644
f 5567 5593 5645
f 5550 5435 5542
f 5549 5587 5642
f 5497 5498 5646
f 5589 5497 5646
f 5498 5597 5646
f 5561 5566 5647
f 5576 5560 5648
f 5564 5558 5649
f 5587 5563 5650
f 5500 5499 5651
f 5499 5598 5651
f 5568 5565 5652
f 5556 5564 5653
f 5593 5471 5584
f 5591 5545 5598
f 5444 5481 5654
f 5572 5585 5655
f 5566 5568 5656
f 5568 5652 5656
f 5543 5582 5643
f 5574 5561 5631
f 5583 5554 5657
f 5554 5641 5657
f 5578 5444 5654
f 5578 5654 5658
f 5654 5481 5594
f 5593 5584 5639
f 5541 5639 5641
f 5580 5543 5659
f 5585 5578 5660
f 5630 5574 5631
f 5569 5590 5661
f 5562 5630 5629
f 5463 5588 5596
f 5544 5606 5605
f 5575 5596 5662
f 5584 5550 5657
f 5563 5551 5663
f 5545 5586 5598
f 5553 5576 5664
f 5550 5542 5657
f 5649 5558 5665
f 5558 5581 5665
f 5654 5594 5666
f 5576 5648 5664
f 5551 5557 5615
f 5579 5571 5570
f 5559 5556 5667
f 5556 5653 5667
f 5552 5559 5668
f 5559 5667 5668
f 5564 5649 5653
f 5587 5650 5642
f 5647 5566 5656
f 5655 5585 5660
f 5548 5642 5669
f 5500 5651 5599
f 5542 5583 5657
f 5652 5565 5670
f 5565 5589 5670
f 5553 5664 5644
f 5650 5563 5663
f 5578 5658 5660
f 5592 5548 5669
f 5570 5591 5598
f 5572 5655 5643
f 5573 5569 5671
f 5595 5575 5672
f 5575 5662 5672
f 5573 5671 5640
f 5557 5555 5616
f 5658 5654 5666
f 5560 5552 5673
f 5569 5661 5671
f 5560 5673 5648
f 5579 5570 5598
f 5616 5555 5644
f 5673 5552 5668
f 5659 5543 5674
f 5547 5640 5606
f 5601 5600 5675
f 5602 5601 5655
f 5603 5602 5660
f 5604 5603 5666
f 5607 5606 5640
f 5608 5607 5640
f 5609 5608 5661
f 5610 5609 5676
f 5611 5610 5677
f 5613 5612 5650
f 5614 5613 5663
f 5616 5615 5557
f 5617 5616 5644
f 5618 5617 5664
f 5619 5618 5664
f 5620 5619 5648
f 5621 5620 5673
f 5622 5621 5668
f 5623 5622 5667
f 5624 5623 5653
f 5625 5624 5649
f 5627 5626 5672
f 5663 5613 5650
f 5632 5631 5647
f 5633 5632 5656
f 5634 5633 5652
f 5635 5634 5670
f 5637 5636 5678
f 5638 5637 5645
f 5617 5644 5664
f 5543 5643 5674
f 5581 5595 5679
f 5665 5581 5679
f 5595 5672 5679
f 5562 5629 5680
f 5663 5551 5615
f 5620 5648 5673
f 5662 5596 5680
f 5657 5641 5584
f 5673 5668 5621
f 5598 5586 5651
f 5586 5580 5651
f 5567 5645 5678
f 5680 5629 5628
f 5666 5594 5681
f 5662 5680 5628
f 5656 5652 5633
f 5588 5562 5680
f 5669 5642 5677
f 5645 5637 5678
f 5659 5674 5599
f 5678 5636 5682
f 5645 5593 5639
f 5649 5624 5653
f 5647 5656 5632
f 5594 5544 5681
f 5680 5596 5588
f 5567 5678 5597
f 5660 5602 5655
f 5604 5666 5681
f 5609 5661 5676
f 5647 5631 5561
f 5674 5643 5675
f 5622 5668 5667
f 5625 5649 5665
f 5597 5678 5682
f 5634 5652 5670
f 5599 5674 5600
f 5659 5599 5651
f 5600 5674 5675
f 5653 5623 5667
f 5605 5604 5681
f 5661 5608 5671
f 5611 5677 5683
f 5612 5611 5683
f 5677 5642 5683
f 5625 5665 5626
f 5627 5672 5662
f 5627 5662 5628
f 5671 5608 5640
f 5635 5670 5682
f 5636 5635 5682
f 5580 5659 5651
f 5650 5612 5683
f 5661 5590 5669
f 5597 5682 5646
f 5639 5584 5641
f 5681 5544 5605
f 5669 5677 5676
f 5655 5601 5675
f 5670 5589 5682
f 5643 5655 5675
f 5603 5660 5658
f 5610 5676 5677
f 5619 5664 5648
f 5638 5645 5639
f 5589 5646 5682
f 5669 5590 5592
f 5666 5603 5658
f 5626 5665 5679
f 5672 5626 5679
f 5614 5663 5615
f 5642 5650 5683
f 5661 5669 5676
f 5684 5685 5686
f 5687 5684 5688
f 5689 5687 5690
f 5687 5688 5690
f 5691 5689 5692
f 5689 5690 5692
f 5693 5691 5694
f 5691 5692 5694
f 5695 5693 5696
f 5693 5694 5696
f 5697 5695 5698
f 5695 5696 5698
f 5699 5697 5700
f 5697 5698 5700
f 5701 5699 5702
f 5699 5700 5702
f 5703 5701 5704
f 5701 5702 5704
f 5705 5703 5706
f 5703 5704 5706
f 5707 5705 5708
f 5709 5710 5711
f 5710 5712 5713
f 5714 5715 5716
f 5717 5718 5719
f 5720 5721 5722
f 5723 5724 5725
f 5726 5727 5728
f 5711 5710 5713
f 4694 5729 4692
f 5730 5731 5732
f 5731 5711 5713
f 4692 5729 5733
f 4686 4685 5734
f 4688 4690 5735
f 4690 4692 5736
f 5735 4690 5736
f 4692 5733 5736
f 5737 5738 5739
f 5740 4686 5741
f 5742 5737 5743
f 5744 5742 5745
f 5742 5743 5745
f 5746 5744 5747
f 5744 5745 5747
f 5748 5746 5749
f 5746 5747 5749
f 5750 5748 5751
f 5748 5749 5751
f 5752 5750 5753
f 5754 5755 5756
f 5755 5757 5758
f 5759 5760 5761
f 5762 5756 5763
f 5764 5762 5765
f 5762 5763 5765
f 5766 5764 5767
f 5764 5765 5767
f 5768 5766 5769
f 5766 5767 5769
f 5770 5768 5771
f 5768 5769 5771
f 5772 5770 5773
f 5770 5771 5773
f 5774 5772 5775
f 5772 5773 5775
f 5776 5774 5777
f 5774 5775 5777
f 5778 5776 5779
f 5776 5777 5779
f 5780 5778 5781
f 5778 5779 5781
f 5708 5705 5706
f 5684 5686 5688
f 5688 5686 5780
f 5712 5714 5782
f 5715 5717 5783
f 5718 5720 5784
f 5721 5723 5785
f 5724 5726 5786
f 5737 5739 5787
f 5732 5731 5713
f 5729 5730 5733
f 5733 5730 5732
f 4686 5734 5788
f 4685 4688 5789
f 5741 4686 5788
f 5738 5740 5790
f 5753 5750 5751
f 5763 5756 5758
f 5757 5759 5791
f 5760 5753 5751
f 5756 5755 5758
f 5780 5781 5688
f 5785 5723 5725
f 5712 5782 5713
f 5784 5720 5722
f 5783 5717 5719
f 5722 5721 5785
f 5725 5724 5786
f 5739 5738 5790
f 5743 5737 5787
f 5786 5726 5728
f 5782 5714 5716
f 5715 5783 5716
f 5718 5784 5719
f 5791 5759 5761
f 5789 4688 5735
f 4685 5789 5734
f 5790 5740 5741
f 5757 5791 5758
f 5760 5751 5761
f 5785 5725 5792
f 5692 5690 5793
f 5694 5692 5794
f 5692 5793 5794
f 5696 5694 5795
f 5694 5794 5795
f 5698 5696 5796
f 5696 5795 5796
f 5700 5698 5797
f 5698 5796 5797
f 5702 5700 5798
f 5700 5797 5798
f 5704 5702 5799
f 5702 5798 5799
f 5706 5704 5800
f 5704 5799 5800
f 5791 5761 5801
f 5719 5784 5802
f 5716 5783 5803
f 5722 5785 5804
f 5785 5792 5804
f 5783 5719 5805
f 5803 5783 5805
f 5719 5802 5805
f 5739 5790 5806
f 5782 5716 5807
f 5716 5803 5807
f 5786 5728 5800
f 5727 5708 5808
f 5790 5741 5809
f 5788 5734 5802
f 5733 5732 5736
f 5734 5789 5805
f 5743 5787 5810
f 5758 5791 5811
f 5763 5758 5811
f 5791 5801 5811
f 5747 5745 5812
f 5749 5747 5813
f 5747 5812 5813
f 5807 5803 5735
f 5769 5767 5814
f 5771 5769 5815
f 5769 5814 5815
f 5773 5771 5816
f 5771 5815 5816
f 5775 5773 5817
f 5773 5816 5817
f 5777 5775 5818
f 5775 5817 5818
f 5779 5777 5819
f 5777 5818 5819
f 5781 5779 5820
f 5779 5819 5820
f 5728 5727 5808
f 5745 5743 5821
f 5812 5745 5821
f 5743 5810 5821
f 5765 5763 5811
f 5787 5739 5822
f 5739 5806 5822
f 5802 5734 5805
f 5786 5800 5823
f 5800 5799 5823
f 5784 5722 5824
f 5722 5804 5824
f 5786 5823 5725
f 5808 5708 5706
f 5784 5824 5802
f 5725 5823 5792
f 5808 5706 5800
f 5713 5782 5732
f 5782 5807 5732
f 5800 5728 5808
f 5790 5809 5806
f 5788 5802 5824
f 5788 5824 5825
f 5765 5811 5826
f 5811 5801 5826
f 5741 5788 5825
f 5735 5736 5807
f 5787 5822 5827
f 5688 5781 5828
f 5787 5827 5810
f 5751 5749 5829
f 5793 5690 5828
f 5761 5751 5829
f 5781 5820 5828
f 5767 5765 5826
f 5690 5688 5828
f 5814 5767 5826
f 5741 5825 5809
f 5829 5749 5813
f 5761 5829 5801
f 5795 5794 5830
f 5796 5795 5831
f 5795 5830 5831
f 5797 5796 5832
f 5796 5831 5832
f 5798 5797 5833
f 5797 5832 5833
f 5799 5798 5834
f 5823 5799 5834
f 5798 5833 5834
f 5824 5804 5825
f 5829 5813 5801
f 5732 5807 5736
f 5826 5801 5835
f 5814 5826 5835
f 5801 5813 5835
f 5804 5792 5836
f 5805 5789 5803
f 5792 5823 5834
f 5809 5825 5837
f 5827 5822 5838
f 5813 5812 5835
f 5810 5827 5839
f 5793 5828 5820
f 5806 5809 5840
f 5817 5816 5839
f 5818 5817 5841
f 5819 5818 5842
f 5818 5841 5842
f 5820 5819 5843
f 5793 5820 5843
f 5819 5842 5843
f 5815 5814 5844
f 5814 5835 5844
f 5822 5806 5845
f 5838 5822 5845
f 5806 5840 5845
f 5825 5804 5836
f 5809 5837 5840
f 5812 5821 5844
f 5841 5817 5839
f 5839 5816 5846
f 5810 5839 5846
f 5816 5815 5846
f 5835 5812 5844
f 5794 5793 5843
f 5839 5827 5841
f 5794 5843 5830
f 5792 5834 5847
f 5836 5792 5847
f 5834 5833 5847
f 5810 5846 5821
f 5815 5844 5846
f 5789 5735 5803
f 5832 5831 5848
f 5833 5832 5849
f 5847 5833 5849
f 5832 5848 5849
f 5821 5846 5844
f 5830 5843 5842
f 5837 5825 5836
f 5827 5838 5841
f 5842 5841 5850
f 5841 5838 5850
f 5837 5836 5851
f 5840 5837 5851
f 5836 5847 5851
f 5830 5842 5850
f 5845 5852 5838
f 5831 5830 5850
f 5845 5840 5852
f 5840 5851 5852
f 5831 5850 5848
f 5851 5847 5849
f 5849 5848 5851
f 5851 5848 5852
f 5850 5838 5852
f 5852 5848 5850
f 4687 4686 5740
f 4696 4687 5853
f 4698 4696 5854
f 4696 5853 5854
f 4699 4698 5855
f 4698 5854 5855
f 4701 4699 5856
f 4699 5855 5856
f 4702 4701 5857
f 4701 5856 5857
f 4704 4702 5858
f 4702 5857 5858
f 4705 4704 5859
f 4704 5858 5859
f 4707 4705 5860
f 4705 5859 5860
f 4708 4707 5861
f 4707 5860 5861
f 4710 4708 5862
f 4708 5861 5862
f 4711 4710 5863
f 4710 5862 5863
f 5864 5865 4711
f 5866 5867 5868
f 5867 5865 5864
f 5868 5867 5864
f 5737 5869 5738
f 5869 5870 5853
f 5870 5871 5854
f 5871 5872 5855
f 5872 5873 5856
f 5873 5874 5857
f 5874 5875 5858
f 5875 5876 5859
f 5876 5877 5860
f 5877 5878 5861
f 5878 5879 5862
f 5864 5863 5868
f 5738 5869 5853
f 4687 5740 5853
f 4713 4711 5865
f 5856 5873 5857
f 5855 5872 5856
f 5854 5871 5855
f 5853 5870 5854
f 5874 5858 5857
f 5875 5859 5858
f 5876 5860 5859
f 5877 5861 5860
f 5878 5862 5861
f 5740 5738 5853
f 4711 5863 5864
f 5862 5879 5863
f 5879 5868 5863
f 4715 5880 4716
f 5880 5881 5882
f 5883 5884 5885
f 5884 5886 5887
f 5887 5888 5889
f 5888 5709 5711
f 5729 4694 4718
f 5890 5885 5730
f 5729 4718 5891
f 4718 4716 5891
f 5888 5711 5889
f 5882 5881 5890
f 5883 5885 5890
f 5881 5883 5890
f 5887 5889 5884
f 5889 5711 5731
f 5730 5891 5890
f 5730 5729 5891
f 5880 5882 4716
f 5731 5730 5885
f 5882 5890 5891
f 5891 4716 5882
f 5885 5884 5889
f 5731 5885 5889
f 5892 5893 5894
f 5893 5895 5896
f 5897 5898 5899
f 5900 5901 5902
f 5903 5904 5905
f 5906 5907 5908
f 5907 5909 5910
f 5911 5912 5913
f 5914 5911 5915
f 5916 5914 5917
f 5914 5915 5917
f 5918 5916 5919
f 5916 5917 5919
f 5920 5918 5921
f 5918 5919 5921
f 5922 5920 5923
f 5920 5921 5923
f 5924 5922 5925
f 5922 5923 5925
f 5926 5924 5927
f 5924 5925 5927
f 5928 5926 5929
f 5926 5927 5929
f 5930 5928 5931
f 5928 5929 5931
f 5932 5930 5933
f 5930 5931 5933
f 5934 4724 4723
f 5935 5934 5936
f 5937 5935 5938
f 5935 5936 5938
f 4714 4713 5939
f 4720 4714 5940
f 4714 5939 5940
f 4721 4720 5941
f 4720 5940 5941
f 4723 4721 5942
f 5867 5866 5943
f 5865 5867 5944
f 5867 5943 5944
f 4713 5865 5945
f 5865 5944 5945
f 5866 5946 5947
f 5948 5949 5950
f 5951 5952 5953
f 5952 5954 5955
f 5956 5957 5958
f 5959 5956 5960
f 5961 5959 5962
f 5959 5960 5962
f 5963 5961 5964
f 5961 5962 5964
f 5956 5958 5960
f 5958 5965 5960
f 5966 5967 5968
f 5969 5970 5971
f 5972 5973 5974
f 5975 5976 5977
f 5978 5894 5979
f 5952 5955 5953
f 5895 5897 5980
f 5898 5900 5981
f 5901 5903 5982
f 5904 5906 5983
f 5907 5910 5908
f 5910 5932 5908
f 5911 5913 5915
f 5939 4713 5984
f 5934 4723 5936
f 4723 5942 5936
f 5942 4721 5941
f 4713 5945 5984
f 5866 5947 5985
f 5946 5948 5986
f 5949 5951 5987
f 5980 5897 5899
f 5960 5965 5988
f 5966 5968 5988
f 5955 5963 5953
f 5963 5964 5953
f 5965 5966 5988
f 5967 5969 5989
f 5970 5972 5990
f 5973 5975 5991
f 5976 5978 5992
f 5894 5893 5979
f 5899 5898 5981
f 5902 5901 5982
f 5905 5904 5983
f 5908 5932 5933
f 5943 5866 5985
f 5950 5949 5987
f 5895 5980 5896
f 5977 5976 5992
f 5981 5900 5902
f 5982 5903 5905
f 5983 5906 5908
f 5987 5951 5953
f 5986 5948 5950
f 5946 5986 5947
f 5967 5989 5968
f 5989 5969 5971
f 5991 5975 5977
f 5992 5978 5979
f 5990 5972 5974
f 5970 5990 5971
f 5973 5991 5974
f 5977 5992 5993
f 5960 5988 5962
f 5902 5982 5994
f 5905 5983 5995
f 5983 5908 5996
f 5995 5983 5996
f 5908 5933 5996
f 5917 5915 5997
f 5939 5984 5998
f 5943 5985 5999
f 5919 5917 6000
f 5917 5997 6000
f 5921 5919 6001
f 5919 6000 6001
f 5923 5921 5998
f 5925 5923 6002
f 5923 5998 6002
f 5927 5925 6003
f 5925 6002 6003
f 5929 5927 6004
f 5927 6003 6004
f 5931 5929 6005
f 5929 6004 6005
f 5933 5931 5996
f 5950 5987 6006
f 5936 5942 6007
f 5938 5936 6007
f 5942 5941 6007
f 5937 5938 6008
f 5962 5988 6009
f 5937 6008 5913
f 5988 5968 6009
f 5941 5940 6000
f 5985 5947 6010
f 5984 5945 6011
f 5945 5944 6012
f 5986 6013 5947
f 5986 5950 6014
f 5950 6006 6014
f 5980 5899 6015
f 5964 5962 6009
f 5974 5991 6016
f 5989 5971 6017
f 5991 5977 6018
f 6016 5991 6018
f 5977 5993 6018
f 5981 5902 6019
f 5902 5994 6019
f 5990 5974 6020
f 5974 6016 6020
f 5944 5943 6021
f 6012 5944 6021
f 5943 5999 6021
f 5899 5981 6022
f 5981 6019 6022
f 5913 6008 5915
f 5994 5982 6023
f 5982 5905 6023
f 5905 5995 6023
f 5998 5984 6002
f 5921 6001 5998
f 5987 5953 6024
f 5899 6022 6015
f 5931 6005 5996
f 5987 6024 6006
f 6008 5938 5997
f 5938 6007 5997
f 6009 5968 6025
f 6000 5940 6001
f 5985 6010 6026
f 6017 5971 6027
f 5971 5990 6027
f 5984 6011 6002
f 5945 6012 6011
f 5968 5989 6025
f 5896 5980 6028
f 6025 5989 6017
f 5990 6020 6027
f 5985 6026 5999
f 6028 5980 6015
f 5915 6008 5997
f 5992 5979 6028
f 5979 5893 5896
f 5953 5964 6024
f 5940 5939 6001
f 5979 5896 6028
f 6001 5939 5998
f 5992 6028 5993
f 6011 6012 6029
f 5995 5996 6005
f 5994 6023 6030
f 5999 6026 6031
f 6009 6025 6006
f 6003 6002 6011
f 6005 6004 6032
f 6007 5941 6000
f 5997 6007 6000
f 5986 6014 6013
f 6026 6010 6027
f 6022 6019 6033
f 6010 5947 6013
f 6014 6006 6025
f 6025 6017 6014
f 5964 6009 6024
f 5993 6028 6015
f 6024 6009 6006
f 6019 5994 6034
f 5994 6030 6034
f 6027 6020 6026
f 6020 6016 6031
f 5993 6015 6035
f 6018 5993 6035
f 6015 6022 6035
f 5995 6005 6036
f 6023 5995 6036
f 6005 6032 6036
f 6003 6011 6029
f 6026 6020 6031
f 6030 6023 6036
f 6014 6017 6013
f 6013 6017 6027
f 6013 6027 6010
f 5999 6031 6037
f 6019 6034 6033
f 6004 6003 6029
f 6004 6029 6032
f 6012 6021 6038
f 6022 6033 6035
f 5999 6037 6021
f 6031 6016 6039
f 6016 6018 6039
f 6029 6012 6038
f 6033 6034 6040
f 6030 6036 6041
f 6036 6032 6041
f 6034 6030 6042
f 6040 6034 6042
f 6030 6041 6042
f 6039 6040 6031
f 6038 6021 6037
f 6035 6033 6039
f 6035 6039 6018
f 6032 6029 6041
f 6038 6037 6042
f 6037 6031 6040
f 6033 6040 6039
f 6029 6038 6041
f 6038 6042 6041
f 6042 6037 6040
f 6043 6044 6045
f 6044 6046 6047
f 6048 6049 6050
f 6051 6052 6053
f 6054 6055 6056
f 6057 6058 6059
f 6060 6061 6062
f 6063 5886 5884
f 6064 6063 6065
f 6066 6064 6067
f 6064 6065 6067
f 6068 6066 6069
f 6066 6067 6069
f 6070 6068 6071
f 6068 6069 6071
f 6072 6070 6073
f 6070 6071 6073
f 6074 6072 6075
f 6072 6073 6075
f 6076 6074 6077
f 6074 6075 6077
f 6078 6076 6079
f 6076 6077 6079
f 6080 6078 6081
f 6078 6079 6081
f 6082 6080 6083
f 6080 6081 6083
f 6084 6082 6085
f 6082 6083 6085
f 6062 6084 6086
f 6084 6085 6086
f 6063 5884 6065
f 5880 4715 4732
f 5881 5880 6087
f 5883 5881 6088
f 5881 6087 6088
f 5884 5883 6065
f 4727 4726 6089
f 4729 4727 6090
f 4727 6089 6090
f 4731 4729 6091
f 4729 6090 6091
f 6092 6093 6094
f 6095 6092 6096
f 6092 6094 6096
f 4726 6095 6097
f 6095 6096 6097
f 6093 6098 6099
f 6100 6101 6102
f 6103 6104 6105
f 6104 6106 6107
f 6108 6109 6110
f 6111 6108 6112
f 6113 6111 6114
f 6111 6112 6114
f 6115 6113 6116
f 6113 6114 6116
f 6110 6117 6118
f 6119 6120 6121
f 6122 6123 6124
f 6125 6126 6127
f 6128 6129 6130
f 6131 6045 6132
f 6060 6062 6086
f 6104 6107 6105
f 6046 6048 6133
f 6049 6051 6134
f 6052 6054 6135
f 6055 6057 6136
f 6134 6051 6053
f 6058 6060 6137
f 6059 6058 6137
f 6060 6086 6137
f 5880 4732 6087
f 5883 6088 6065
f 6089 4726 6138
f 4726 6097 6138
f 6094 6093 6139
f 4732 4731 6140
f 6093 6099 6139
f 6098 6100 6141
f 6101 6103 6142
f 6133 6048 6050
f 6108 6110 6118
f 6117 6119 6143
f 6120 6122 6144
f 6123 6125 6145
f 6126 6128 6146
f 6129 6131 6147
f 6045 6044 6047
f 6050 6049 6134
f 6053 6052 6135
f 6056 6055 6136
f 6142 6103 6105
f 6102 6101 6142
f 6046 6133 6047
f 6121 6120 6144
f 6124 6123 6145
f 6127 6126 6146
f 6130 6129 6147
f 6135 6054 6056
f 6136 6057 6059
f 6146 6128 6130
f 6147 6131 6132
f 6145 6125 6127
f 6140 4731 6091
f 6098 6141 6099
f 6141 6100 6102
f 6144 6122 6124
f 6117 6143 6118
f 6143 6119 6121
f 6121 6144 6148
f 6108 6118 6112
f 6053 6135 6149
f 6056 6136 6150
f 6136 6059 6151
f 6142 6105 6152
f 6146 6130 6153
f 6134 6053 6154
f 6053 6149 6154
f 6105 6107 6155
f 6069 6067 6156
f 6071 6069 6157
f 6069 6156 6157
f 6073 6071 6158
f 6071 6157 6158
f 6075 6073 6159
f 6073 6158 6159
f 6077 6075 6160
f 6075 6159 6160
f 6079 6077 6161
f 6077 6160 6161
f 6081 6079 6162
f 6079 6161 6162
f 6083 6081 6163
f 6081 6162 6163
f 6085 6083 6164
f 6083 6163 6164
f 6086 6085 6165
f 6137 6086 6165
f 6085 6164 6165
f 6096 6094 6166
f 6090 6089 6158
f 6138 6097 6167
f 6099 6141 6168
f 6091 6090 6157
f 4732 6140 6087
f 6139 6099 6169
f 6089 6138 6159
f 6097 6096 6170
f 6096 6166 6170
f 6141 6102 6171
f 6102 6142 6172
f 6171 6102 6172
f 6142 6152 6172
f 6133 6050 6173
f 6105 6155 6152
f 6143 6121 6174
f 6121 6148 6174
f 6107 6115 6155
f 6115 6116 6155
f 6124 6145 6175
f 6118 6143 6176
f 6112 6118 6176
f 6143 6174 6176
f 6127 6146 6177
f 6146 6153 6177
f 6140 6091 6156
f 6135 6056 6178
f 6056 6150 6178
f 6145 6127 6179
f 6175 6145 6179
f 6127 6177 6179
f 6045 6047 6132
f 6050 6134 6180
f 6173 6050 6180
f 6134 6154 6180
f 6155 6116 6152
f 6132 6047 6181
f 6147 6132 6181
f 6047 6133 6181
f 6149 6135 6178
f 6059 6137 6165
f 6136 6151 6150
f 6133 6173 6181
f 6152 6116 6182
f 6172 6152 6182
f 6116 6114 6182
f 6166 6094 6183
f 6094 6139 6183
f 6067 6065 6184
f 6141 6171 6168
f 6158 6089 6159
f 6090 6158 6157
f 6156 6184 6087
f 6099 6168 6169
f 6091 6157 6156
f 6153 6130 6173
f 6097 6170 6167
f 6144 6124 6185
f 6151 6059 6165
f 6114 6112 6176
f 6148 6144 6185
f 6124 6175 6185
f 6114 6176 6182
f 6130 6147 6173
f 6139 6169 6186
f 6183 6139 6186
f 6159 6138 6160
f 6160 6138 6167
f 6177 6153 6187
f 6168 6171 6148
f 6154 6149 6188
f 6160 6167 6161
f 6162 6161 6189
f 6161 6167 6189
f 6165 6164 6151
f 6167 6170 6189
f 6182 6176 6174
f 6149 6178 6190
f 6174 6148 6171
f 6166 6183 6191
f 6148 6185 6168
f 6153 6173 6192
f 6187 6153 6192
f 6173 6180 6192
f 6186 6169 6175
f 6170 6166 6193
f 6166 6191 6193
f 6186 6175 6179
f 6185 6175 6169
f 6185 6169 6168
f 6151 6164 6194
f 6150 6151 6194
f 6164 6163 6194
f 6182 6174 6172
f 6174 6171 6172
f 6173 6147 6181
f 6154 6188 6195
f 6162 6189 6196
f 6163 6162 6196
f 6194 6163 6196
f 6065 6088 6184
f 6087 6140 6156
f 6190 6178 6196
f 6189 6170 6193
f 6191 6183 6197
f 6183 6186 6197
f 6149 6190 6188
f 6178 6150 6196
f 6180 6154 6192
f 6186 6179 6198
f 6197 6186 6198
f 6179 6177 6198
f 6198 6177 6187
f 6196 6189 6199
f 6190 6196 6199
f 6189 6193 6199
f 6156 6067 6184
f 6195 6188 6200
f 6150 6194 6196
f 6197 6198 6201
f 6191 6197 6201
f 6198 6187 6201
f 6188 6190 6199
f 6187 6192 6195
f 6192 6154 6195
f 6200 6188 6199
f 6088 6087 6184
f 6187 6195 6201
f 6191 6200 6193
f 6191 6201 6200
f 6199 6193 6200
f 6195 6200 6201
f 4724 5934 4734
f 5934 5935 6202
f 5937 5913 6203
f 5913 5912 6204
f 6204 6205 6206
f 6205 6207 6208
f 6209 4737 4736
f 6210 6209 6202
f 6208 6211 6212
f 4736 4734 6213
f 6202 5935 6214
f 5935 5937 6214
f 5937 6203 6214
f 6204 6206 5913
f 6205 6208 6212
f 6211 6210 6215
f 6209 4736 6213
f 6202 6213 5934
f 6211 6215 6212
f 6206 6205 6212
f 6203 5913 6206
f 6206 6212 6203
f 6212 6215 6203
f 6214 6203 6215
f 6215 6210 6202
f 6202 6209 6213
f 4734 5934 6213
f 6202 6214 6215
f 6093 6092 6216
f 6095 4726 4728
f 6217 6218 6219
f 6219 6220 6221
f 6222 6223 6224
f 6225 6226 6227
f 6228 6229 6230
f 6231 6232 6233
f 6234 6216 6235
f 6095 4728 6236
f 6237 6218 6217
f 4739 6237 4740
f 4744 4742 6238
f 4745 4744 6224
f 4748 4747 6227
f 4751 4750 6230
f 4754 4753 6233
f 4728 4756 6236
f 4740 6237 6217
f 6227 6226 6239
f 4748 6227 6239
f 6226 6228 6239
f 6092 6095 6236
f 6224 6223 6240
f 4745 6224 6240
f 6223 6225 6240
f 6221 6220 6238
f 6222 6224 6238
f 6220 6222 6238
f 6225 6227 6240
f 6228 6230 6239
f 6231 6233 6241
f 6229 6231 6241
f 6233 4753 6241
f 6232 6234 6242
f 4745 6240 4747
f 4748 6239 4750
f 6229 6241 6230
f 6238 4742 6221
f 4744 6238 6224
f 4742 4740 6221
f 4750 6239 6230
f 4751 6230 6241
f 4754 6233 6242
f 4753 4751 6241
f 4756 4754 6242
f 6243 6219 6218
f 6216 6092 6236
f 6233 6232 6242
f 6227 4747 6240
f 6242 6234 6235
f 6217 6219 6221
f 4756 6242 6235
f 4756 6235 6236
f 6236 6235 6216
f 4740 6217 6221
f 6244 6245 6246
f 6247 6244 6248
f 6249 6247 6250
f 6247 6248 6250
f 6251 6249 6252
f 6249 6250 6252
f 6253 6251 6254
f 6251 6252 6254
f 6255 6253 6256
f 6253 6254 6256
f 6257 6255 6258
f 6255 6256 6258
f 6259 6257 6260
f 6257 6258 6260
f 6261 6259 6262
f 6259 6260 6262
f 6263 6261 6264
f 6261 6262 6264
f 6265 6263 6266
f 6263 6264 6266
f 6267 6265 6268
f 6207 6269 6208
f 6269 6270 6271
f 6272 6273 6274
f 6275 6276 6277
f 6278 6279 6280
f 6281 6282 6283
f 6284 6268 6285
f 4737 6209 4764
f 6209 6210 6286
f 6211 6208 6287
f 4758 4757 6288
f 4760 4762 6289
f 6290 6291 6292
f 6293 4758 6294
f 6295 6290 6296
f 6297 6295 6298
f 6295 6296 6298
f 6299 6297 6300
f 6297 6298 6300
f 6301 6299 6302
f 6299 6300 6302
f 6303 6301 6304
f 6301 6302 6304
f 6305 6303 6306
f 6307 6308 6309
f 6308 6310 6311
f 6312 6313 6314
f 6315 6309 6316
f 6317 6315 6318
f 6315 6316 6318
f 6319 6317 6320
f 6317 6318 6320
f 6321 6319 6322
f 6319 6320 6322
f 6323 6321 6324
f 6321 6322 6324
f 6325 6323 6326
f 6323 6324 6326
f 6327 6325 6328
f 6325 6326 6328
f 6329 6327 6330
f 6327 6328 6330
f 6331 6329 6332
f 6329 6330 6332
f 6333 6331 6334
f 6331 6332 6334
f 6244 6246 6248
f 4764 6209 6286
f 4764 6286 4762
f 6270 6272 6335
f 6273 6275 6336
f 6276 6278 6337
f 6279 6281 6338
f 6282 6284 6339
f 6336 6275 6277
f 6208 6269 6287
f 6286 6210 6340
f 6210 6211 6340
f 6211 6287 6340
f 4758 6288 6341
f 6269 6271 6287
f 4757 4760 6342
f 6290 6292 6343
f 6270 6335 6271
f 4762 6286 6289
f 6291 6293 6344
f 6306 6303 6304
f 6310 6312 6345
f 6248 6246 6333
f 6313 6306 6304
f 6309 6308 6311
f 6333 6334 6248
f 6338 6281 6283
f 6313 6304 6314
f 6268 6265 6266
f 6337 6278 6280
f 6280 6279 6338
f 6283 6282 6339
f 6288 4757 6342
f 6291 6344 6292
f 6294 4758 6341
f 6296 6290 6343
f 6339 6284 6285
f 6335 6272 6274
f 6273 6336 6274
f 6276 6337 6277
f 6342 4760 6289
f 6344 6293 6294
f 6310 6345 6311
f 6345 6312 6314
f 6337 6280 6346
f 6252 6250 6347
f 6254 6252 6348
f 6252 6347 6348
f 6256 6254 6349
f 6254 6348 6349
f 6258 6256 6350
f 6256 6349 6350
f 6260 6258 6351
f 6258 6350 6351
f 6262 6260 6352
f 6260 6351 6352
f 6264 6262 6353
f 6262 6352 6353
f 6342 6289 6274
f 6277 6337 6341
f 6274 6336 6342
f 6292 6344 6354
f 6283 6339 6355
f 6314 6304 6356
f 6304 6302 6356
f 6288 6342 6336
f 6336 6277 6288
f 6296 6343 6357
f 6343 6292 6358
f 6292 6354 6358
f 6341 6288 6277
f 6340 6287 6359
f 6287 6271 6359
f 6341 6337 6346
f 6339 6285 6353
f 6271 6335 6359
f 6311 6345 6360
f 6300 6298 6361
f 6302 6300 6362
f 6356 6302 6362
f 6300 6361 6362
f 6345 6314 6363
f 6360 6345 6363
f 6314 6356 6363
f 6338 6283 6364
f 6283 6355 6364
f 6322 6320 6365
f 6324 6322 6366
f 6322 6365 6366
f 6326 6324 6367
f 6324 6366 6367
f 6328 6326 6368
f 6326 6367 6368
f 6330 6328 6369
f 6328 6368 6369
f 6332 6330 6370
f 6330 6369 6370
f 6334 6332 6371
f 6332 6370 6371
f 6341 6346 6294
f 6372 6294 6346
f 6298 6296 6373
f 6361 6298 6373
f 6296 6357 6373
f 6274 6289 6335
f 6355 6339 6353
f 6280 6338 6374
f 6338 6364 6374
f 6357 6343 6375
f 6343 6358 6375
f 6344 6294 6376
f 6309 6311 6316
f 6346 6280 6374
f 6316 6311 6360
f 6344 6376 6354
f 6376 6294 6372
f 6335 6289 6359
f 6268 6266 6285
f 6316 6360 6318
f 6248 6334 6377
f 6320 6318 6378
f 6250 6248 6377
f 6318 6360 6378
f 6377 6334 6371
f 6320 6378 6365
f 6250 6377 6347
f 6349 6348 6379
f 6350 6349 6380
f 6349 6379 6380
f 6351 6350 6381
f 6350 6380 6381
f 6352 6351 6382
f 6351 6381 6382
f 6353 6352 6383
f 6355 6353 6383
f 6352 6382 6383
f 6354 6376 6384
f 6289 6286 6359
f 6376 6372 6384
f 6365 6378 6361
f 6357 6375 6385
f 6374 6364 6386
f 6358 6354 6387
f 6354 6384 6387
f 6365 6361 6373
f 6375 6358 6388
f 6358 6387 6388
f 6364 6355 6383
f 6346 6374 6372
f 6377 6371 6347
f 6366 6365 6373
f 6367 6366 6385
f 6368 6367 6385
f 6369 6368 6389
f 6370 6369 6390
f 6369 6389 6390
f 6371 6370 6391
f 6347 6371 6391
f 6370 6390 6391
f 6286 6340 6359
f 6378 6360 6363
f 6372 6374 6386
f 6264 6353 6285
f 6347 6391 6348
f 6386 6364 6383
f 6385 6375 6389
f 6361 6378 6363
f 6389 6375 6388
f 6391 6392 6348
f 6368 6385 6389
f 6381 6380 6393
f 6382 6381 6394
f 6381 6393 6394
f 6383 6382 6386
f 6266 6264 6285
f 6389 6388 6395
f 6390 6389 6395
f 6388 6387 6395
f 6363 6356 6362
f 6357 6385 6366
f 6372 6386 6396
f 6357 6366 6373
f 6372 6396 6384
f 6387 6384 6397
f 6380 6379 6397
f 6384 6396 6397
f 6396 6386 6394
f 6395 6387 6397
f 6379 6348 6392
f 6390 6395 6392
f 6396 6394 6393
f 6386 6382 6394
f 6391 6390 6392
f 6393 6380 6397
f 6396 6393 6397
f 6397 6379 6395
f 6361 6363 6362
f 6395 6379 6392
f 6398 6399 6400
f 6401 6398 6402
f 6403 6401 6404
f 6401 6402 6404
f 6405 6403 6406
f 6403 6404 6406
f 6407 6405 6408
f 6405 6406 6408
f 6409 6407 6410
f 6407 6408 6410
f 6411 6409 6412
f 6409 6410 6412
f 6413 6411 6414
f 6411 6412 6414
f 6415 6413 6416
f 6413 6414 6416
f 6417 6415 6418
f 6415 6416 6418
f 6419 6417 6420
f 6417 6418 6420
f 6421 6419 6422
f 6423 6424 6425
f 6424 6426 6427
f 6428 6429 6430
f 6431 6432 6433
f 6434 6435 6436
f 6437 6438 6439
f 6440 6422 6441
f 4795 6442 4770
f 6442 6443 6444
f 6445 6425 6446
f 4739 4741 6447
f 4768 4767 6448
f 6243 6218 6449
f 6237 4739 6450
f 6451 6243 6452
f 6453 6451 6454
f 6451 6452 6454
f 6455 6453 6456
f 6453 6454 6456
f 6457 6455 6458
f 6455 6456 6458
f 6459 6457 6460
f 6461 6459 6460
f 6457 6458 6460
f 6462 6463 6464
f 6463 6465 6466
f 6467 6468 6469
f 6468 6461 6460
f 6470 6464 6471
f 6472 6470 6473
f 6470 6471 6473
f 6474 6472 6475
f 6472 6473 6475
f 6476 6474 6477
f 6474 6475 6477
f 6478 6476 6479
f 6476 6477 6479
f 6480 6478 6481
f 6478 6479 6481
f 6482 6480 6483
f 6480 6481 6483
f 6484 6482 6485
f 6482 6483 6485
f 6486 6484 6487
f 6484 6485 6487
f 6488 6486 6489
f 6486 6487 6489
f 6398 6400 6402
f 4770 6442 6444
f 4770 6444 4767
f 6426 6428 6490
f 6429 6431 6491
f 6432 6434 6492
f 6435 6437 6493
f 6438 6440 6494
f 6491 6431 6433
f 6425 6424 6446
f 6443 6445 6495
f 4739 6447 6496
f 4741 4768 6497
f 6243 6449 6498
f 6426 6490 6427
f 4767 6444 6448
f 6218 6237 6499
f 6402 6400 6488
f 6465 6467 6500
f 6468 6460 6501
f 6469 6468 6501
f 6460 6458 6501
f 6471 6464 6466
f 6466 6464 6463
f 6488 6489 6402
f 6493 6437 6439
f 6465 6500 6466
f 6422 6419 6420
f 6492 6434 6436
f 6436 6435 6493
f 6439 6438 6494
f 6443 6495 6444
f 6447 4741 6497
f 6218 6499 6449
f 6450 4739 6496
f 6452 6243 6498
f 6494 6440 6441
f 6497 4768 6448
f 6490 6428 6430
f 6429 6491 6430
f 6432 6492 6433
f 6495 6445 6446
f 6499 6237 6450
f 6500 6467 6469
f 6492 6436 6502
f 6406 6404 6503
f 6408 6406 6504
f 6406 6503 6504
f 6410 6408 6505
f 6408 6504 6505
f 6412 6410 6506
f 6410 6505 6506
f 6414 6412 6507
f 6412 6506 6507
f 6416 6414 6508
f 6414 6507 6508
f 6418 6416 6509
f 6416 6508 6509
f 6420 6418 6510
f 6418 6509 6510
f 6433 6492 6496
f 6430 6491 6497
f 6446 6424 6427
f 6497 6491 6447
f 6497 6448 6430
f 6491 6433 6447
f 6496 6447 6433
f 6430 6448 6490
f 6499 6450 6511
f 6452 6498 6512
f 6449 6499 6513
f 6499 6511 6513
f 6500 6469 6514
f 6493 6439 6515
f 6456 6454 6516
f 6458 6456 6517
f 6501 6458 6517
f 6456 6516 6517
f 6471 6466 6518
f 6473 6471 6518
f 6466 6500 6518
f 6475 6473 6519
f 6477 6475 6520
f 6475 6519 6520
f 6479 6477 6521
f 6477 6520 6521
f 6481 6479 6522
f 6479 6521 6522
f 6483 6481 6523
f 6481 6522 6523
f 6485 6483 6524
f 6483 6523 6524
f 6487 6485 6525
f 6485 6524 6525
f 6489 6487 6526
f 6487 6525 6526
f 6450 6496 6527
f 6454 6452 6528
f 6516 6454 6528
f 6452 6512 6528
f 6498 6449 6529
f 6449 6513 6529
f 6446 6427 6530
f 6495 6446 6530
f 6427 6490 6530
f 6490 6448 6530
f 6496 6492 6502
f 6512 6498 6531
f 6448 6444 6495
f 6436 6493 6532
f 6439 6494 6533
f 6450 6527 6511
f 6436 6532 6502
f 6498 6529 6531
f 6515 6439 6533
f 6500 6514 6518
f 6494 6441 6510
f 6494 6510 6533
f 6404 6534 6503
f 6493 6515 6532
f 6473 6518 6519
f 6422 6420 6441
f 6469 6501 6517
f 6402 6489 6534
f 6527 6496 6502
f 6469 6517 6514
f 6448 6495 6530
f 6441 6420 6510
f 6503 6526 6535
f 6505 6504 6536
f 6506 6505 6537
f 6505 6536 6537
f 6507 6506 6538
f 6506 6537 6538
f 6508 6507 6539
f 6507 6538 6539
f 6509 6508 6540
f 6508 6539 6540
f 6510 6509 6533
f 6519 6518 6514
f 6511 6527 6541
f 6517 6516 6514
f 6529 6513 6542
f 6513 6511 6543
f 6542 6513 6543
f 6511 6541 6543
f 6504 6503 6535
f 6519 6514 6516
f 6531 6529 6544
f 6520 6519 6516
f 6512 6531 6545
f 6527 6502 6546
f 6541 6527 6546
f 6502 6532 6546
f 6521 6520 6528
f 6522 6521 6545
f 6523 6522 6547
f 6522 6545 6547
f 6524 6523 6548
f 6523 6547 6548
f 6526 6525 6535
f 6404 6402 6534
f 6533 6509 6540
f 6520 6516 6528
f 6515 6533 6540
f 6515 6540 6549
f 6532 6515 6549
f 6540 6539 6549
f 6504 6535 6536
f 6546 6532 6549
f 6544 6529 6542
f 6545 6531 6547
f 6535 6525 6550
f 6536 6535 6550
f 6525 6524 6550
f 6547 6531 6544
f 6550 6524 6548
f 6538 6537 6551
f 6539 6538 6552
f 6549 6539 6552
f 6538 6551 6552
f 6536 6550 6553
f 6521 6528 6512
f 6512 6545 6521
f 6537 6536 6554
f 6551 6537 6554
f 6536 6553 6554
f 6544 6542 6553
f 6546 6549 6552
f 6541 6546 6552
f 6534 6489 6526
f 6548 6547 6544
f 6548 6544 6553
f 6526 6503 6534
f 6541 6552 6551
f 6543 6541 6551
f 6553 6550 6548
f 6551 6554 6543
f 6553 6542 6554
f 6542 6543 6554
f 6293 4759 4758
f 5156 5209 2552
f 4773 4772 6555
f 4772 4759 6555
f 4774 4773 6556
f 4773 6555 6556
f 4776 4774 6557
f 4774 6556 6557
f 4777 4776 6558
f 4776 6557 6558
f 4779 4777 6559
f 4777 6558 6559
f 4780 4779 6560
f 4779 6559 6560
f 4782 4780 6561
f 4780 6560 6561
f 4783 4782 6562
f 4782 6561 6562
f 4785 4783 6563
f 4783 6562 6563
f 4786 4785 6564
f 4785 6563 6564
f 4788 4786 6565
f 4786 6564 6565
f 4789 4788 6566
f 6567 6568 6569
f 6568 6566 6565
f 6569 6568 6565
f 6290 6570 6291
f 6570 6571 6572
f 6571 6573 6555
f 6573 6574 6556
f 6574 6575 6557
f 6575 6576 6558
f 6576 6577 6559
f 6577 6578 6560
f 6578 6579 6561
f 6579 6580 6562
f 6580 6581 6563
f 6581 6582 6564
f 6582 6569 6565
f 6291 6570 6572
f 6583 3313 3312
f 6557 6575 6558
f 6556 6574 6557
f 6555 6573 6556
f 6576 6559 6558
f 6577 6560 6559
f 6578 6561 6560
f 6579 6562 6561
f 6580 6563 6562
f 6581 6564 6563
f 6293 6291 6572
f 6566 4788 6565
f 5209 6583 3312
f 6572 6571 6555
f 4759 6293 6572
f 6564 6582 6565
f 6583 6584 3313
f 6572 6555 4759
f 4791 6585 4792
f 6585 6586 6587
f 6588 6589 6590
f 6589 6591 6592
f 6592 6593 6590
f 6593 6423 6425
f 6442 4795 4794
f 6443 6442 6594
f 6445 6443 6595
f 6443 6594 6595
f 6442 4794 6594
f 6593 6425 6590
f 6588 6590 6595
f 6586 6588 6595
f 6589 6592 6590
f 6590 6425 6445
f 4792 6585 6587
f 6595 6590 6445
f 4794 4792 6587
f 6587 6586 6595
f 3313 6584 3973
f 6595 6594 6587
f 4794 6587 6594
f 6596 3973 6584
f 6597 6598 6599
f 6598 6600 6601
f 6602 6603 6604
f 6605 6606 6607
f 6608 6609 6610
f 6611 6612 6613
f 6614 6615 6616
f 6617 6618 6619
f 6620 6617 6621
f 6622 6620 6623
f 6620 6621 6623
f 6624 6622 6625
f 6622 6623 6625
f 6626 6624 6627
f 6624 6625 6627
f 6628 6626 6629
f 6626 6627 6629
f 6630 6628 6631
f 6628 6629 6631
f 6632 6630 6633
f 6630 6631 6633
f 6634 6632 6635
f 6632 6633 6635
f 6636 6634 6637
f 6634 6635 6637
f 6638 6636 6639
f 6636 6637 6639
f 6616 6638 6640
f 6638 6639 6640
f 6617 6619 6621
f 6641 4803 4802
f 6642 6641 6643
f 6644 6642 6645
f 6642 6643 6645
f 6619 6644 6646
f 6621 6619 6646
f 6644 6645 6646
f 4790 4789 6647
f 4797 4790 6648
f 4790 6647 6648
f 4799 4797 6649
f 4797 6648 6649
f 4800 4799 6650
f 4799 6649 6650
f 6568 6567 6651
f 6566 6568 6652
f 6568 6651 6652
f 4789 6566 6653
f 6566 6652 6653
f 6567 6654 6655
f 6656 6657 6658
f 6659 6660 6661
f 6660 6662 6663
f 6664 6665 6666
f 6667 6664 6668
f 6669 6667 6670
f 6667 6668 6670
f 6671 6669 6672
f 6669 6670 6672
f 6666 6673 6674
f 6675 6676 6677
f 6678 6679 6680
f 6681 6682 6683
f 6684 6685 6686
f 6599 6598 6601
f 6614 6616 6640
f 6660 6663 6661
f 6600 6602 6687
f 6603 6605 6688
f 6606 6608 6689
f 6609 6611 6690
f 6688 6605 6607
f 6641 4802 6691
f 6647 4789 6692
f 4789 6653 6692
f 6661 6663 6671
f 6651 6567 6693
f 4802 4800 6691
f 6567 6655 6693
f 6654 6656 6694
f 6655 6654 6694
f 6656 6658 6694
f 6657 6659 6695
f 6687 6602 6604
f 6664 6666 6674
f 6671 6672 6661
f 6673 6675 6696
f 6676 6678 6697
f 6679 6681 6698
f 6682 6684 6699
f 6599 6601 6700
f 6685 6700 6701
f 6685 6701 6686
f 6689 6608 6610
f 6604 6603 6688
f 6607 6606 6689
f 6610 6609 6690
f 6658 6657 6695
f 6600 6687 6601
f 6677 6676 6697
f 6680 6679 6698
f 6683 6682 6699
f 6690 6611 6613
f 6673 6696 6674
f 6691 4800 6650
f 6695 6659 6661
f 6699 6684 6686
f 6698 6681 6683
f 6697 6678 6680
f 6696 6675 6677
f 6700 6601 6701
f 6677 6697 6702
f 6664 6674 6668
f 6607 6689 6703
f 6641 6691 6643
f 6610 6690 6704
f 6604 6688 6705
f 6658 6695 6706
f 6688 6607 6707
f 6607 6703 6707
f 6693 6655 6708
f 6612 6614 6709
f 6623 6621 6710
f 6621 6646 6710
f 6647 6692 6711
f 6692 6653 6712
f 6625 6623 6713
f 6623 6710 6713
f 6629 6627 6711
f 6633 6631 6714
f 6635 6633 6715
f 6633 6714 6715
f 6637 6635 6716
f 6635 6715 6716
f 6639 6637 6717
f 6637 6716 6717
f 6652 6651 6718
f 6695 6661 6719
f 6706 6695 6719
f 6661 6672 6719
f 6649 6648 6713
f 6653 6652 6720
f 6652 6718 6720
f 6601 6687 6721
f 6701 6601 6721
f 6687 6604 6721
f 6612 6709 6613
f 6668 6674 6722
f 6670 6668 6722
f 6674 6696 6722
f 6699 6686 6723
f 6672 6670 6724
f 6719 6672 6724
f 6670 6722 6724
f 6680 6698 6725
f 6696 6677 6726
f 6722 6696 6726
f 6677 6702 6726
f 6683 6699 6727
f 6699 6723 6727
f 6697 6680 6728
f 6702 6697 6728
f 6680 6725 6728
f 6698 6683 6729
f 6683 6727 6729
f 6686 6701 6730
f 6723 6686 6730
f 6701 6721 6730
f 6689 6610 6731
f 6703 6689 6731
f 6610 6704 6731
f 6704 6690 6717
f 6604 6705 6721
f 6688 6707 6705
f 6708 6655 6732
f 6629 6711 6733
f 6631 6629 6733
f 6711 6692 6733
f 6692 6712 6733
f 6711 6627 6734
f 6647 6711 6734
f 6627 6625 6734
f 6718 6651 6735
f 6651 6693 6735
f 6640 6639 6736
f 6645 6643 6737
f 6646 6645 6738
f 6710 6646 6738
f 6645 6737 6738
f 6648 6647 6734
f 6655 6694 6732
f 6653 6720 6712
f 6650 6649 6739
f 6650 6739 6737
f 6735 6693 6740
f 6694 6658 6741
f 6658 6706 6741
f 6709 6614 6640
f 6613 6709 6736
f 6693 6708 6740
f 6691 6650 6737
f 6640 6736 6709
f 6690 6613 6717
f 6698 6729 6725
f 6714 6631 6733
f 6725 6729 6740
f 6643 6691 6737
f 6721 6705 6730
f 6732 6694 6741
f 6712 6720 6742
f 6725 6740 6708
f 6727 6723 6743
f 6733 6712 6714
f 6734 6625 6713
f 6718 6735 6744
f 6716 6715 6745
f 6717 6716 6746
f 6716 6745 6746
f 6648 6734 6713
f 6704 6717 6746
f 6737 6739 6738
f 6720 6718 6747
f 6742 6720 6747
f 6718 6744 6747
f 6705 6707 6748
f 6729 6727 6749
f 6740 6729 6749
f 6727 6743 6749
f 6714 6712 6750
f 6715 6714 6750
f 6712 6742 6750
f 6724 6722 6726
f 6748 6707 6751
f 6707 6703 6751
f 6725 6708 6732
f 6743 6723 6748
f 6745 6715 6750
f 6705 6748 6723
f 6703 6731 6752
f 6639 6717 6736
f 6738 6739 6710
f 6751 6703 6752
f 6710 6739 6713
f 6706 6719 6724
f 6739 6649 6713
f 6735 6740 6753
f 6740 6749 6753
f 6705 6723 6730
f 6725 6732 6728
f 6731 6704 6754
f 6752 6731 6754
f 6704 6746 6754
f 6706 6724 6726
f 6735 6753 6744
f 6732 6741 6728
f 6706 6726 6702
f 6706 6702 6741
f 6702 6728 6741
f 6746 6745 6754
f 6745 6750 6755
f 6754 6745 6755
f 6750 6742 6755
f 6751 6752 6756
f 6749 6743 6757
f 6753 6749 6757
f 6743 6748 6757
f 6748 6751 6757
f 6755 6742 6747
f 6717 6613 6736
f 6753 6757 6756
f 6744 6753 6756
f 6757 6751 6756
f 6752 6754 6755
f 6752 6755 6756
f 6744 6756 6747
f 6755 6747 6756
f 6758 6759 6760
f 6758 6761 6762
f 6763 6764 6765
f 6766 6767 6768
f 6769 6770 6771
f 6772 6773 6774
f 6775 6776 6777
f 6778 6591 6589
f 6779 6778 6780
f 6781 6779 6782
f 6779 6780 6782
f 6783 6781 6784
f 6781 6782 6784
f 6785 6783 6786
f 6783 6784 6786
f 6787 6785 6788
f 6785 6786 6788
f 6789 6787 6790
f 6787 6788 6790
f 6791 6789 6792
f 6789 6790 6792
f 6793 6791 6794
f 6791 6792 6794
f 6795 6793 6796
f 6793 6794 6796
f 6797 6795 6798
f 6795 6796 6798
f 6777 6797 6799
f 6797 6798 6799
f 6585 4791 4811
f 6586 6585 6800
f 6588 6586 6801
f 6586 6800 6801
f 4806 4805 6802
f 4808 4806 6803
f 4806 6802 6803
f 4810 4808 6804
f 4808 6803 6804
f 6805 6806 6807
f 6808 6805 6809
f 6805 6807 6809
f 4805 6808 6810
f 6808 6809 6810
f 6806 6811 6812
f 6813 6814 6815
f 6816 6817 6818
f 6817 6819 6820
f 6821 6822 6823
f 6824 6821 6825
f 6826 6824 6827
f 6824 6825 6827
f 6828 6826 6829
f 6826 6827 6829
f 6823 6830 6831
f 6832 6833 6834
f 6835 6836 6837
f 6838 6839 6840
f 6841 6842 6843
f 6817 6820 6818
f 6762 6761 6844
f 6761 6763 6844
f 6763 6765 6844
f 6764 6766 6845
f 6767 6769 6846
f 6770 6772 6847
f 6775 6777 6799
f 6585 4811 6800
f 6778 6589 6780
f 6802 4805 6848
f 6800 4811 4810
f 4805 6810 6848
f 6807 6806 6849
f 4810 6804 6800
f 6806 6812 6849
f 6811 6813 6850
f 6814 6816 6851
f 6764 6845 6765
f 6823 6831 6825
f 6820 6828 6852
f 6821 6823 6825
f 6828 6829 6852
f 6830 6832 6853
f 6833 6835 6854
f 6836 6838 6855
f 6839 6841 6856
f 6842 6857 6858
f 6854 6835 6837
f 6768 6767 6846
f 6771 6770 6847
f 6815 6814 6851
f 6834 6833 6854
f 6837 6836 6855
f 6840 6839 6856
f 6843 6842 6858
f 6847 6772 6774
f 6846 6769 6771
f 6845 6766 6768
f 6830 6853 6831
f 6811 6850 6812
f 6851 6816 6818
f 6850 6813 6815
f 6856 6841 6843
f 6855 6838 6840
f 6853 6832 6834
f 6844 6765 6859
f 6771 6847 6860
f 6845 6768 6861
f 6815 6851 6862
f 6846 6771 6863
f 6771 6860 6863
f 6775 6799 6864
f 6773 6775 6864
f 6782 6780 6865
f 6802 6848 6866
f 6784 6782 6867
f 6782 6865 6867
f 6786 6784 6868
f 6784 6867 6868
f 6788 6786 6866
f 6790 6788 6869
f 6788 6866 6869
f 6792 6790 6870
f 6790 6869 6870
f 6794 6792 6871
f 6792 6870 6871
f 6796 6794 6872
f 6794 6871 6872
f 6798 6796 6872
f 6799 6798 6873
f 6807 6849 6874
f 6849 6812 6875
f 6589 6588 6876
f 6804 6803 6867
f 6848 6810 6877
f 6810 6809 6878
f 6856 6843 6879
f 6834 6854 6880
f 6850 6815 6881
f 6815 6862 6881
f 6765 6845 6882
f 6859 6765 6882
f 6845 6861 6882
f 6825 6831 6883
f 6827 6825 6883
f 6831 6853 6883
f 6852 6829 6884
f 6820 6852 6818
f 6829 6827 6885
f 6884 6829 6885
f 6827 6883 6885
f 6812 6850 6886
f 6850 6881 6886
f 6837 6855 6887
f 6768 6846 6888
f 6861 6768 6888
f 6846 6863 6888
f 6840 6856 6889
f 6853 6834 6890
f 6883 6853 6890
f 6834 6880 6890
f 6855 6840 6891
f 6887 6855 6891
f 6840 6889 6891
f 6854 6837 6892
f 6837 6887 6892
f 6857 6760 6759
f 6774 6773 6864
f 6803 6802 6868
f 6809 6807 6893
f 6807 6874 6893
f 6876 6588 6801
f 6864 6799 6873
f 6875 6812 6886
f 6786 6868 6866
f 6854 6892 6880
f 6803 6868 6867
f 6802 6866 6868
f 6858 6857 6759
f 6874 6849 6894
f 6876 6801 6865
f 6801 6800 6895
f 6849 6875 6894
f 6866 6848 6869
f 6848 6877 6869
f 6800 6804 6895
f 6810 6878 6877
f 6862 6851 6884
f 6856 6879 6889
f 6851 6818 6884
f 6818 6852 6884
f 6860 6847 6873
f 6843 6858 6896
f 6759 6758 6762
f 6774 6864 6873
f 6858 6759 6762
f 6865 6801 6895
f 6858 6762 6896
f 6843 6896 6879
f 6809 6893 6878
f 6762 6844 6896
f 6896 6844 6859
f 6869 6877 6870
f 6873 6847 6774
f 6877 6878 6897
f 6875 6886 6892
f 6895 6804 6867
f 6880 6892 6886
f 6798 6872 6873
f 6872 6871 6898
f 6896 6859 6879
f 6894 6875 6887
f 6780 6589 6876
f 6880 6886 6881
f 6867 6865 6895
f 6863 6860 6899
f 6889 6879 6900
f 6874 6894 6901
f 6894 6887 6902
f 6901 6894 6902
f 6887 6891 6902
f 6892 6887 6875
f 6860 6873 6872
f 6870 6877 6903
f 6871 6870 6903
f 6877 6897 6903
f 6893 6874 6904
f 6874 6901 6904
f 6881 6862 6890
f 6878 6893 6905
f 6893 6904 6905
f 6862 6884 6885
f 6780 6876 6865
f 6879 6859 6900
f 6880 6881 6890
f 6871 6903 6898
f 6859 6882 6900
f 6860 6872 6899
f 6872 6898 6899
f 6889 6900 6906
f 6885 6883 6890
f 6888 6863 6907
f 6863 6899 6907
f 6891 6889 6906
f 6861 6888 6908
f 6888 6907 6908
f 6890 6862 6885
f 6897 6878 6905
f 6861 6908 6909
f 6861 6909 6882
f 6882 6909 6900
f 6891 6906 6902
f 6904 6901 6910
f 6906 6900 6909
f 6897 6905 6911
f 6903 6897 6911
f 6905 6904 6912
f 6904 6910 6912
f 6898 6903 6911
f 6899 6898 6907
f 6909 6908 6910
f 6902 6906 6901
f 6906 6909 6910
f 6911 6905 6912
f 6898 6911 6907
f 6906 6910 6901
f 6908 6907 6911
f 6910 6908 6912
f 6908 6911 6912
f 4803 6641 4813
f 6641 6642 6913
f 6644 6619 6914
f 6619 6618 6915
f 6915 6916 6917
f 6916 6918 6919
f 6920 4816 4815
f 6921 6920 6922
f 6923 6921 6924
f 6921 6922 6924
f 4815 6925 6920
f 6916 6919 6917
f 6642 6644 6926
f 6619 6915 6917
f 6642 6926 6913
f 6926 6644 6914
f 6919 6923 6927
f 4813 6641 6925
f 6914 6619 6917
f 6927 6923 6924
f 4813 6925 4815
f 6922 6920 6925
f 6926 6914 6924
f 6919 6927 6917
f 6925 6641 6913
f 6924 6922 6926
f 6925 6913 6922
f 6926 6922 6913
f 6914 6917 6927
f 6914 6927 6924
f 6806 6805 6928
f 6805 6808 6929
f 6808 4805 6930
f 6929 6808 6930
f 4805 4807 6930
f 6931 6932 6933
f 6932 6934 6935
f 6936 6937 6938
f 6939 6940 6941
f 6942 6943 6944
f 6945 6946 6947
f 6948 6949 6950
f 6951 6933 6952
f 4818 6951 4819
f 4821 4819 6953
f 4821 6954 4823
f 4824 4823 6938
f 4826 4824 6955
f 4829 4827 6944
f 6944 6956 4829
f 4832 4830 6947
f 6947 6957 4832
f 4835 4833 6950
f 6928 6805 6929
f 6934 6936 6954
f 6939 6941 6955
f 6937 6939 6955
f 6942 6944 6958
f 6940 6942 6958
f 6944 4827 6958
f 6943 6945 6956
f 6946 6948 6957
f 6949 6928 6959
f 6934 6954 6935
f 4819 6951 6952
f 6953 4819 6952
f 4826 6955 6941
f 4824 6938 6955
f 4827 4826 6958
f 6928 6929 6959
f 4807 4835 6960
f 6933 6932 6952
f 6954 6936 6938
f 6944 6943 6956
f 6947 6946 6957
f 6950 6949 6959
f 4826 6941 6958
f 6940 6958 6941
f 6937 6955 6938
f 6957 6948 6950
f 6956 6945 6947
f 6959 6929 6960
f 6959 6960 6950
f 6935 6954 6953
f 6932 6935 6952
f 4821 6953 6954
f 4835 6950 6960
f 4830 4829 6956
f 6947 4830 6956
f 4833 4832 6957
f 6950 4833 6957
f 6935 6953 6952
f 6938 4823 6954
f 6930 4807 6960
f 6930 6960 6929
f 6961 6962 6963
f 6964 6961 6965
f 6966 6964 6967
f 6964 6965 6967
f 6968 6966 6969
f 6966 6967 6969
f 6970 6968 6971
f 6968 6969 6971
f 6972 6970 6973
f 6970 6971 6973
f 6974 6972 6975
f 6972 6973 6975
f 6976 6974 6977
f 6974 6975 6977
f 6978 6976 6979
f 6976 6977 6979
f 6980 6978 6981
f 6978 6979 6981
f 6982 6980 6983
f 6918 6984 6919
f 6984 6985 6986
f 6987 6988 6989
f 6990 6991 6992
f 6993 6994 6995
f 6996 6997 6998
f 6999 6983 7000
f 6919 6984 6986
f 4816 6920 4844
f 6920 6921 7001
f 4838 4837 7002
f 4840 4842 7003
f 7004 7005 7006
f 7007 4838 7008
f 7009 7004 7010
f 7011 7009 7012
f 7009 7010 7012
f 7013 7011 7014
f 7011 7012 7014
f 7015 7013 7016
f 7013 7014 7016
f 7017 7015 7018
f 7015 7016 7018
f 7019 7017 7020
f 7021 7022 7023
f 7022 7024 7025
f 7026 7027 7028
f 7029 7020 7030
f 7023 7022 7025
f 7031 7023 7032
f 7023 7025 7032
f 7033 7031 7034
f 7031 7032 7034
f 7035 7033 7036
f 7033 7034 7036
f 7037 7035 7038
f 7035 7036 7038
f 7039 7037 7040
f 7037 7038 7040
f 7041 7039 7042
f 7039 7040 7042
f 7043 7041 7044
f 7041 7042 7044
f 7045 7043 7046
f 7043 7044 7046
f 7047 7045 7046
f 6961 6963 6965
f 6983 6980 6981
f 6992 6991 7048
f 6991 6993 7048
f 6985 6987 7049
f 6988 6990 7050
f 6993 6995 7048
f 6985 7049 6986
f 6994 6996 7051
f 6997 6999 7052
f 7001 6921 7053
f 6921 6923 7053
f 4838 7002 7054
f 4838 7054 7008
f 6923 6919 7055
f 7053 6923 7055
f 6919 6986 7055
f 4844 6920 7001
f 4837 4840 7056
f 7004 7006 7057
f 4842 4844 7058
f 4837 7056 7002
f 7005 7007 7059
f 7017 7018 7030
f 7020 7017 7030
f 7028 7027 7060
f 7027 7029 7060
f 7025 7024 7061
f 7032 7025 7061
f 7024 7026 7061
f 7026 7028 7061
f 7029 7030 7060
f 6965 6963 7047
f 7050 6990 6992
f 6995 6994 7051
f 6998 6997 7052
f 7003 4842 7058
f 7006 7005 7059
f 7010 7004 7057
f 7049 6987 6989
f 6988 7050 6989
f 7052 6999 7000
f 7051 6996 6998
f 4844 7001 7058
f 7056 4840 7003
f 7059 7007 7008
f 6965 7047 7062
f 6967 6965 7062
f 7047 7046 7062
f 6983 6981 7000
f 6969 6967 7063
f 6967 7062 7063
f 6971 6969 7064
f 6969 7063 7064
f 6973 6971 7065
f 6971 7064 7065
f 6975 6973 7066
f 6973 7065 7066
f 6977 6975 7067
f 6975 7066 7067
f 6979 6977 7068
f 6977 7067 7068
f 6981 6979 7069
f 6979 7068 7069
f 6998 7052 7069
f 6989 7050 7056
f 6995 7051 7070
f 7048 6995 7071
f 6995 7070 7071
f 7058 7001 7072
f 7001 7053 7072
f 7003 7058 7072
f 7051 6998 7073
f 7070 7051 7073
f 6998 7069 7073
f 7010 7057 7074
f 7054 7002 7075
f 7008 7054 7076
f 7056 7003 6989
f 7059 7008 7077
f 7006 7059 7078
f 7059 7077 7078
f 7002 7056 7050
f 7014 7012 7079
f 7016 7014 7080
f 7014 7079 7080
f 7018 7016 7081
f 7016 7080 7081
f 7061 7028 7082
f 7032 7061 7082
f 7000 6981 7069
f 7034 7032 7082
f 7036 7034 7083
f 7038 7036 7084
f 7036 7083 7084
f 7040 7038 7085
f 7038 7084 7085
f 7042 7040 7086
f 7040 7085 7086
f 7044 7042 7087
f 7042 7086 7087
f 7046 7044 7088
f 7044 7087 7088
f 7057 7006 7089
f 7006 7078 7089
f 7012 7010 7090
f 7079 7012 7090
f 7010 7074 7090
f 6986 7049 7091
f 7069 7052 7000
f 7002 7050 7075
f 7048 7071 7075
f 7008 7076 7077
f 7072 7091 7003
f 7062 7046 7092
f 7063 7062 7092
f 7046 7088 7092
f 7074 7057 7093
f 7082 7028 7081
f 7028 7060 7081
f 7060 7030 7018
f 7057 7089 7093
f 7083 7034 7082
f 7050 6992 7075
f 6992 7048 7075
f 7018 7081 7060
f 7083 7082 7081
f 7064 7063 7094
f 7063 7092 7094
f 7065 7064 7095
f 7064 7094 7095
f 7066 7065 7096
f 7065 7095 7096
f 7067 7066 7097
f 7066 7096 7097
f 7069 7068 7073
f 7077 7076 7098
f 7072 7053 7055
f 7076 7054 7071
f 7078 7077 7099
f 7077 7098 7099
f 7054 7075 7071
f 7055 6986 7091
f 7049 6989 7091
f 7084 7083 7079
f 7085 7084 7074
f 7086 7085 7093
f 7087 7086 7100
f 7086 7093 7100
f 7088 7087 7101
f 7087 7100 7101
f 7089 7078 7102
f 7078 7099 7102
f 7093 7089 7100
f 7076 7071 7103
f 7098 7076 7103
f 7071 7070 7103
f 7093 7085 7074
f 7068 7067 7104
f 7100 7089 7102
f 7067 7097 7104
f 7074 7084 7090
f 7079 7090 7084
f 7079 7083 7080
f 7073 7068 7104
f 7095 7094 7101
f 7096 7095 7105
f 7097 7096 7106
f 7096 7105 7106
f 7100 7102 7101
f 7070 7073 7107
f 7098 7103 7106
f 7101 7094 7088
f 7073 7104 7107
f 7092 7088 7094
f 7095 7101 7105
f 7070 7107 7103
f 7101 7102 7105
f 7103 7107 7106
f 7099 7098 7106
f 7072 7055 7091
f 7080 7083 7081
f 7104 7097 7107
f 7106 7107 7097
f 7102 7099 7105
f 7099 7106 7105
f 6989 7003 7091
f 7108 7109 7110
f 7111 7108 7112
f 7113 7111 7114
f 7111 7112 7114
f 7115 7113 7116
f 7113 7114 7116
f 7117 7115 7118
f 7115 7116 7118
f 7119 7117 7120
f 7117 7118 7120
f 7121 7119 7122
f 7119 7120 7122
f 7123 7121 7124
f 7121 7122 7124
f 7125 7123 7126
f 7123 7124 7126
f 7127 7125 7128
f 7125 7126 7128
f 7129 7127 7130
f 7131 7132 7133
f 7134 7135 7136
f 7137 7138 7139
f 7140 7141 7142
f 7143 7144 7145
f 7146 7130 7147
f 4853 7148 4851
f 7148 7149 7150
f 7151 7152 7153
f 4818 4820 7154
f 4847 4846 7155
f 6931 6933 7156
f 6951 4818 7157
f 7158 6931 7159
f 7160 7158 7161
f 7158 7159 7161
f 7162 7160 7163
f 7160 7161 7163
f 7164 7162 7165
f 7162 7163 7165
f 7166 7167 7168
f 7167 7169 7170
f 7171 7172 7173
f 7174 7168 7175
f 7176 7174 7177
f 7174 7175 7177
f 7178 7176 7179
f 7176 7177 7179
f 7180 7178 7181
f 7178 7179 7181
f 7182 7180 7183
f 7180 7181 7183
f 7184 7182 7185
f 7182 7183 7185
f 7186 7184 7187
f 7184 7185 7187
f 7188 7186 7189
f 7186 7187 7189
f 7190 7188 7191
f 7188 7189 7191
f 7192 7190 7193
f 7190 7191 7193
f 4851 7148 7150
f 7130 7127 7147
f 7194 7131 7152
f 7132 7134 7195
f 7135 7137 7196
f 7138 7140 7197
f 7141 7143 7198
f 7144 7146 7199
f 7197 7140 7142
f 7131 7133 7153
f 7150 7149 7200
f 7149 7151 7200
f 7151 7153 7200
f 4818 7154 7201
f 7132 7195 7133
f 4820 4847 7202
f 6931 7156 7203
f 4846 4849 7204
f 6933 6951 7205
f 7168 7167 7170
f 7172 7206 7173
f 7207 7164 7206
f 7169 7171 7208
f 7209 7207 7206
f 7198 7143 7145
f 7110 7192 7210
f 7108 7110 7210
f 7139 7138 7197
f 7142 7141 7198
f 7145 7144 7199
f 7152 7131 7153
f 7196 7137 7139
f 4820 7202 7154
f 7195 7134 7136
f 7135 7196 7136
f 7202 4847 7155
f 6931 7203 7159
f 4846 7204 7155
f 6933 7205 7156
f 7169 7208 7170
f 7210 7192 7193
f 7157 4818 7201
f 7199 7146 7147
f 7205 6951 7157
f 7208 7171 7173
f 7112 7108 7210
f 7116 7114 7211
f 7118 7116 7212
f 7116 7211 7212
f 7120 7118 7213
f 7118 7212 7213
f 7122 7120 7214
f 7120 7213 7214
f 7124 7122 7215
f 7122 7214 7215
f 7126 7124 7216
f 7124 7215 7216
f 7202 7155 7217
f 7136 7196 7217
f 7154 7202 7218
f 7142 7198 7219
f 7145 7199 7220
f 7139 7197 7221
f 7205 7157 7222
f 7197 7142 7223
f 7142 7219 7223
f 7153 7133 7224
f 7200 7153 7224
f 7133 7195 7224
f 7150 7200 7225
f 7203 7156 7226
f 7159 7203 7227
f 4849 4851 7150
f 7173 7228 7208
f 7164 7165 7206
f 7163 7161 7229
f 7198 7145 7230
f 7219 7198 7230
f 7145 7220 7230
f 7112 7210 7231
f 7114 7112 7231
f 7210 7193 7231
f 7172 7209 7206
f 7173 7165 7228
f 7232 7208 7228
f 7165 7163 7228
f 7179 7177 7233
f 7181 7179 7234
f 7179 7233 7234
f 7183 7181 7235
f 7181 7234 7235
f 7185 7183 7236
f 7183 7235 7236
f 7187 7185 7237
f 7185 7236 7237
f 7189 7187 7238
f 7187 7237 7238
f 7191 7189 7239
f 7189 7238 7239
f 7193 7191 7240
f 7191 7239 7240
f 7196 7139 7218
f 7195 7136 7241
f 7224 7195 7241
f 7136 7217 7241
f 7156 7205 7242
f 7226 7156 7242
f 7205 7222 7242
f 7155 7204 7241
f 7161 7159 7243
f 7229 7161 7243
f 7159 7227 7243
f 7204 4849 7150
f 7165 7173 7206
f 7211 7114 7231
f 7217 7155 7241
f 7128 7126 7244
f 7154 7218 7221
f 7200 7224 7225
f 7139 7221 7218
f 7244 7126 7216
f 7197 7223 7221
f 7203 7226 7245
f 7204 7150 7225
f 7201 7154 7221
f 7201 7221 7246
f 7221 7223 7246
f 7227 7203 7245
f 7222 7157 7246
f 7147 7127 7128
f 7168 7170 7175
f 7196 7218 7217
f 7228 7163 7229
f 7157 7201 7246
f 7193 7240 7231
f 7202 7217 7218
f 7175 7170 7247
f 7177 7175 7247
f 7170 7208 7247
f 7147 7128 7244
f 7147 7244 7199
f 7247 7208 7232
f 7177 7247 7233
f 7199 7244 7220
f 7227 7245 7248
f 7213 7212 7249
f 7214 7213 7250
f 7213 7249 7250
f 7215 7214 7251
f 7214 7250 7251
f 7216 7215 7252
f 7215 7251 7252
f 7245 7226 7253
f 7241 7204 7225
f 7246 7223 7254
f 7223 7219 7254
f 7231 7240 7211
f 7211 7240 7255
f 7220 7244 7216
f 7222 7246 7254
f 7232 7228 7229
f 7233 7247 7232
f 7235 7234 7256
f 7237 7236 7248
f 7240 7239 7255
f 7224 7241 7225
f 7233 7232 7257
f 7234 7233 7257
f 7232 7229 7257
f 7212 7211 7258
f 7249 7212 7258
f 7211 7255 7258
f 7220 7216 7252
f 7253 7226 7259
f 7226 7242 7259
f 7234 7257 7256
f 7257 7229 7243
f 7254 7219 7260
f 7219 7230 7260
f 7230 7220 7252
f 7248 7236 7261
f 7227 7248 7261
f 7236 7235 7261
f 7237 7248 7262
f 7237 7262 7238
f 7255 7239 7263
f 7239 7238 7263
f 7222 7254 7264
f 7248 7245 7262
f 7243 7227 7261
f 7238 7262 7263
f 7262 7245 7253
f 7251 7250 7265
f 7242 7222 7266
f 7261 7235 7256
f 7263 7262 7267
f 7267 7258 7263
f 7262 7253 7267
f 7230 7252 7260
f 7266 7222 7264
f 7242 7266 7259
f 7266 7264 7265
f 7264 7254 7260
f 7252 7251 7260
f 7256 7257 7243
f 7261 7256 7243
f 7267 7253 7268
f 7266 7265 7268
f 7255 7263 7258
f 7265 7250 7268
f 7250 7249 7268
f 7268 7249 7267
f 7251 7265 7260
f 7253 7259 7268
f 7265 7264 7260
f 7249 7258 7267
f 7266 7268 7259
f 4839 4838 7007
f 4855 4839 7269
f 4856 4855 7270
f 4855 7269 7270
f 4858 4856 7271
f 4856 7270 7271
f 4859 4858 7272
f 4858 7271 7272
f 4861 4859 7273
f 4859 7272 7273
f 4862 4861 7274
f 4861 7273 7274
f 4864 4862 7275
f 4862 7274 7275
f 4865 4864 7276
f 4864 7275 7276
f 4867 4865 7277
f 4865 7276 7277
f 4868 4867 7278
f 4867 7277 7278
f 4870 4868 7279
f 4868 7278 7279
f 7279 7280 4870
f 7281 7282 7283
f 7282 7280 7279
f 7283 7282 7279
f 7284 7005 7285
f 7285 7286 7269
f 7286 7287 7270
f 7287 7288 7271
f 7288 7289 7272
f 7289 7290 7273
f 7290 7291 7273
f 7291 7292 7274
f 7292 7293 7275
f 7293 7294 7276
f 7294 7295 7277
f 7295 7296 7278
f 7296 7283 7279
f 7007 7005 7284
f 4839 7007 7284
f 4871 4870 7280
f 7272 7289 7273
f 7271 7288 7272
f 7270 7287 7271
f 7269 7286 7270
f 7273 7291 7274
f 7274 7292 7275
f 7293 7276 7275
f 7294 7277 7276
f 7295 7278 7277
f 7296 7279 7278
f 7004 7285 7005
f 7269 4839 7284
f 6596 4613 3973
f 4503 7297 2547
f 7285 7269 7284
f 7298 7299 4873
f 7298 7300 7299
f 7301 7302 7303
f 7302 7304 7305
f 7305 7306 7307
f 7306 7194 7152
f 7148 4853 4876
f 7149 7148 7308
f 7148 4876 7308
f 7309 7310 7149
f 4876 4874 7308
f 4874 4873 7299
f 7306 7152 7307
f 7299 7300 7309
f 7301 7303 7309
f 7300 7301 7309
f 7302 7305 7307
f 7302 7307 7303
f 4874 7299 7308
f 7309 7149 7308
f 7152 7151 7310
f 7299 7309 7308
f 7303 7307 7310
f 7151 7149 7310
f 7310 7307 7152
f 7309 7303 7310
f 7311 7312 7313
f 7312 7314 7315
f 7316 7317 7318
f 7319 7320 7321
f 7322 7323 7324
f 7325 7326 7327
f 7328 7329 7330
f 7331 7332 7333
f 7334 7331 7335
f 7336 7334 7337
f 7334 7335 7337
f 7338 7336 7339
f 7336 7337 7339
f 7340 7338 7341
f 7338 7339 7341
f 7342 7340 7343
f 7340 7341 7343
f 7344 7342 7345
f 7342 7343 7345
f 7346 7344 7347
f 7344 7345 7347
f 7348 7346 7349
f 7346 7347 7349
f 7350 7348 7351
f 7348 7349 7351
f 7352 7350 7353
f 7350 7351 7353
f 7354 7352 7355
f 7352 7353 7355
f 7356 7354 7357
f 7354 7355 7357
f 7330 7356 7358
f 7356 7357 7358
f 7331 7333 7335
f 7359 4884 4883
f 7360 7359 7361
f 7362 7360 7363
f 7360 7361 7363
f 7333 7362 7335
f 4872 4871 7364
f 4878 4872 7365
f 4872 7364 7365
f 4880 4878 7366
f 4878 7365 7366
f 4881 4880 7367
f 4880 7366 7367
f 7282 7281 7368
f 7280 7282 7369
f 7282 7368 7369
f 4871 7280 7370
f 7280 7369 7370
f 7281 7371 7372
f 7373 7374 7375
f 7376 7377 7378
f 7377 7379 7380
f 7381 7382 7383
f 7384 7381 7385
f 7386 7384 7387
f 7384 7385 7387
f 7388 7386 7389
f 7386 7387 7389
f 7383 7390 7391
f 7392 7393 7394
f 7395 7396 7397
f 7398 7399 7400
f 7401 7402 7403
f 7404 7405 7406
f 7407 7313 7408
f 7328 7330 7358
f 7359 4883 7361
f 7377 7380 7378
f 7314 7316 7409
f 7317 7319 7410
f 7320 7322 7411
f 7323 7325 7412
f 7411 7322 7324
f 7326 7328 7413
f 7410 7319 7321
f 4871 7370 7414
f 7378 7380 7388
f 7362 7363 7335
f 7414 7415 4871
f 7368 7281 7416
f 4883 4881 7361
f 7281 7372 7416
f 7371 7373 7417
f 7374 7376 7418
f 7409 7316 7318
f 7385 7381 7391
f 7383 7391 7381
f 7388 7389 7378
f 7390 7392 7419
f 7393 7395 7420
f 7396 7398 7421
f 7399 7401 7422
f 7402 7404 7423
f 7405 7407 7424
f 7313 7312 7408
f 7318 7317 7410
f 7321 7320 7411
f 7324 7323 7412
f 7327 7326 7413
f 7375 7374 7418
f 7314 7409 7315
f 7394 7393 7420
f 7397 7396 7421
f 7400 7399 7422
f 7403 7402 7423
f 7406 7405 7424
f 7412 7325 7327
f 7390 7419 7391
f 7424 7407 7408
f 7423 7404 7406
f 7371 7417 7372
f 7361 4881 7367
f 7418 7376 7378
f 7417 7373 7375
f 7420 7395 7397
f 7422 7401 7403
f 7421 7398 7400
f 7419 7392 7394
f 7394 7420 7425
f 7385 7391 7426
f 7391 7419 7426
f 7321 7411 7427
f 7368 7416 7428
f 7324 7412 7429
f 7375 7418 7430
f 7411 7324 7431
f 7427 7411 7431
f 7324 7429 7431
f 7413 7328 7358
f 7410 7321 7432
f 7321 7427 7432
f 7414 7370 7433
f 7339 7337 7434
f 7341 7339 7435
f 7339 7434 7435
f 7343 7341 7436
f 7341 7435 7436
f 7345 7343 7437
f 7343 7436 7437
f 7347 7345 7438
f 7345 7437 7438
f 7349 7347 7439
f 7347 7438 7439
f 7351 7349 7440
f 7349 7439 7440
f 7353 7351 7441
f 7351 7440 7441
f 7355 7353 7442
f 7353 7441 7442
f 7357 7355 7443
f 7355 7442 7443
f 7358 7357 7444
f 7357 7443 7444
f 7369 7368 7445
f 7368 7428 7445
f 7365 7364 7436
f 7416 7372 7446
f 7418 7378 7447
f 7430 7418 7447
f 7378 7389 7447
f 7366 7365 7435
f 7364 4871 7415
f 7370 7369 7448
f 7433 7370 7448
f 7369 7445 7448
f 7417 7375 7449
f 7375 7430 7449
f 7409 7318 7450
f 7387 7385 7426
f 7389 7387 7451
f 7447 7389 7451
f 7387 7426 7451
f 7397 7421 7452
f 7422 7403 7453
f 7400 7422 7454
f 7419 7394 7455
f 7426 7419 7455
f 7394 7425 7455
f 7421 7400 7456
f 7452 7421 7456
f 7400 7454 7456
f 7406 7424 7457
f 7372 7417 7458
f 7446 7372 7458
f 7417 7449 7458
f 7423 7406 7459
f 7406 7457 7459
f 7408 7312 7315
f 7318 7410 7460
f 7413 7358 7444
f 7408 7315 7461
f 7424 7408 7461
f 7315 7409 7461
f 7365 7436 7435
f 7461 7409 7450
f 7327 7413 7444
f 7414 7433 7462
f 7337 7335 7463
f 7424 7461 7457
f 7363 7361 7464
f 7416 7446 7465
f 7415 7414 7462
f 7367 7366 7466
f 7454 7422 7453
f 7361 7367 7464
f 7420 7397 7467
f 7450 7318 7460
f 7397 7452 7467
f 7428 7416 7465
f 7335 7363 7463
f 7425 7420 7467
f 7403 7423 7468
f 7412 7327 7469
f 7460 7410 7432
f 7327 7444 7469
f 7337 7463 7434
f 7403 7468 7453
f 7463 7363 7464
f 7468 7423 7459
f 7412 7469 7429
f 7453 7468 7470
f 7462 7433 7471
f 7432 7427 7472
f 7449 7430 7473
f 7457 7461 7450
f 7465 7446 7456
f 7439 7438 7462
f 7441 7440 7474
f 7442 7441 7475
f 7441 7474 7475
f 7443 7442 7476
f 7442 7475 7476
f 7444 7443 7469
f 7445 7428 7477
f 7436 7364 7437
f 7415 7462 7438
f 7430 7447 7478
f 7473 7430 7478
f 7447 7451 7478
f 7466 7366 7435
f 7459 7457 7479
f 7457 7450 7479
f 7450 7460 7479
f 7463 7464 7434
f 7464 7367 7466
f 7460 7432 7480
f 7439 7462 7471
f 7469 7443 7476
f 7466 7435 7434
f 7469 7476 7429
f 7425 7467 7473
f 7427 7431 7481
f 7432 7472 7480
f 7429 7476 7482
f 7431 7429 7482
f 7476 7475 7482
f 7449 7473 7483
f 7458 7449 7483
f 7473 7467 7483
f 7479 7460 7480
f 7456 7446 7452
f 7425 7473 7478
f 7415 7438 7437
f 7452 7446 7458
f 7427 7481 7472
f 7466 7434 7464
f 7440 7439 7471
f 7477 7428 7484
f 7428 7465 7484
f 7437 7364 7415
f 7455 7425 7478
f 7448 7445 7485
f 7445 7477 7485
f 7468 7459 7486
f 7470 7468 7486
f 7459 7479 7486
f 7454 7453 7487
f 7433 7448 7488
f 7448 7485 7488
f 7465 7456 7454
f 7453 7470 7487
f 7451 7426 7455
f 7471 7433 7488
f 7484 7465 7487
f 7487 7465 7454
f 7467 7452 7483
f 7481 7431 7482
f 7474 7440 7471
f 7480 7472 7489
f 7455 7478 7451
f 7484 7487 7490
f 7477 7484 7490
f 7487 7470 7490
f 7471 7488 7474
f 7491 7474 7488
f 7472 7481 7492
f 7475 7474 7491
f 7489 7472 7492
f 7482 7475 7491
f 7452 7458 7483
f 7477 7489 7485
f 7488 7485 7492
f 7481 7482 7491
f 7481 7491 7492
f 7491 7488 7492
f 7479 7480 7486
f 7480 7489 7470
f 7486 7480 7470
f 7492 7485 7489
f 7477 7490 7489
f 7470 7489 7490
f 7493 7494 7495
f 7494 7496 7497
f 7498 7499 7500
f 7501 7502 7503
f 7504 7505 7506
f 7507 7508 7509
f 7508 7510 7511
f 7512 7304 7302
f 7513 7512 7514
f 7515 7513 7516
f 7513 7514 7516
f 7517 7515 7518
f 7515 7516 7518
f 7519 7517 7520
f 7517 7518 7520
f 7521 7519 7522
f 7519 7520 7522
f 7523 7521 7524
f 7521 7522 7524
f 7525 7523 7526
f 7523 7524 7526
f 7527 7525 7528
f 7525 7526 7528
f 7529 7527 7530
f 7527 7528 7530
f 7531 7529 7532
f 7529 7530 7532
f 7298 4873 4892
f 7300 7298 7533
f 7301 7300 7534
f 7300 7533 7534
f 7298 4892 7533
f 4887 4886 7535
f 4889 4887 7536
f 4887 7535 7536
f 4891 4889 7537
f 4889 7536 7537
f 4892 4891 7538
f 7533 4892 7538
f 4891 7537 7538
f 7539 7540 7541
f 7542 7539 7543
f 7539 7541 7543
f 4886 7542 7544
f 7542 7543 7544
f 7540 7545 7546
f 7547 7548 7549
f 7550 7551 7552
f 7553 7550 7554
f 7555 7553 7556
f 7553 7554 7556
f 7557 7555 7558
f 7555 7556 7558
f 7559 7557 7560
f 7557 7558 7560
f 7561 7559 7562
f 7563 7561 7562
f 7559 7560 7562
f 7552 7564 7565
f 7566 7567 7568
f 7569 7570 7571
f 7572 7573 7574
f 7575 7576 7577
f 7496 7498 7578
f 7499 7501 7579
f 7502 7504 7580
f 7505 7507 7581
f 7508 7511 7509
f 7511 7531 7509
f 7512 7302 7582
f 4886 7544 7583
f 7302 7301 7582
f 7535 4886 7583
f 7541 7540 7584
f 7540 7546 7584
f 7545 7547 7585
f 7547 7549 7585
f 7550 7552 7554
f 7548 7563 7586
f 7548 7586 7549
f 7552 7565 7554
f 7564 7566 7587
f 7567 7569 7588
f 7570 7572 7589
f 7573 7575 7590
f 7496 7578 7497
f 7495 7591 7576
f 7495 7494 7591
f 7500 7499 7579
f 7503 7502 7580
f 7506 7505 7581
f 7509 7531 7532
f 7571 7570 7589
f 7574 7573 7590
f 7577 7576 7592
f 7578 7498 7500
f 7579 7501 7503
f 7580 7504 7506
f 7581 7507 7509
f 7582 7301 7534
f 7590 7575 7577
f 7545 7585 7546
f 7564 7587 7565
f 7589 7572 7574
f 7588 7569 7571
f 7587 7566 7568
f 7567 7588 7568
f 7578 7500 7593
f 7579 7503 7594
f 7580 7506 7595
f 7506 7581 7596
f 7581 7509 7597
f 7596 7581 7597
f 7509 7532 7597
f 7583 7544 7598
f 7571 7589 7599
f 7518 7516 7600
f 7520 7518 7601
f 7518 7600 7601
f 7522 7520 7602
f 7520 7601 7602
f 7524 7522 7603
f 7522 7602 7603
f 7526 7524 7604
f 7524 7603 7604
f 7528 7526 7605
f 7526 7604 7605
f 7530 7528 7606
f 7528 7605 7606
f 7532 7530 7597
f 7534 7533 7538
f 7535 7583 7602
f 7541 7584 7607
f 7590 7577 7608
f 7536 7535 7601
f 7537 7536 7600
f 7543 7541 7609
f 7541 7607 7609
f 7584 7546 7610
f 7585 7549 7611
f 7544 7543 7612
f 7598 7544 7612
f 7543 7609 7612
f 7549 7586 7613
f 7558 7556 7614
f 7568 7588 7615
f 7587 7568 7616
f 7574 7590 7617
f 7590 7608 7617
f 7588 7571 7618
f 7571 7599 7618
f 7577 7592 7593
f 7546 7585 7619
f 7592 7576 7591
f 7494 7497 7591
f 7500 7579 7620
f 7593 7500 7620
f 7579 7594 7620
f 7554 7565 7621
f 7556 7554 7621
f 7565 7587 7621
f 7556 7621 7614
f 7503 7580 7622
f 7506 7596 7595
f 7583 7598 7623
f 7582 7534 7624
f 7512 7582 7514
f 7577 7593 7608
f 7530 7606 7597
f 7607 7584 7625
f 7584 7610 7625
f 7588 7618 7615
f 7601 7535 7602
f 7536 7601 7600
f 7600 7516 7624
f 7549 7613 7611
f 7610 7546 7619
f 7585 7611 7619
f 7503 7622 7594
f 7534 7538 7624
f 7586 7563 7562
f 7558 7614 7613
f 7589 7574 7626
f 7568 7615 7616
f 7560 7558 7613
f 7562 7560 7586
f 7586 7560 7613
f 7622 7580 7595
f 7626 7574 7617
f 7589 7626 7599
f 7587 7616 7621
f 7626 7617 7627
f 7623 7598 7628
f 7621 7616 7614
f 7514 7582 7624
f 7516 7514 7624
f 7608 7593 7629
f 7593 7620 7629
f 7615 7618 7619
f 7607 7625 7630
f 7604 7603 7623
f 7606 7605 7631
f 7602 7583 7603
f 7537 7600 7624
f 7538 7537 7624
f 7622 7595 7632
f 7616 7615 7611
f 7583 7623 7603
f 7578 7593 7592
f 7599 7626 7633
f 7618 7599 7610
f 7619 7611 7615
f 7592 7591 7497
f 7594 7622 7634
f 7622 7632 7634
f 7617 7608 7629
f 7610 7619 7618
f 7609 7607 7635
f 7607 7630 7635
f 7614 7616 7611
f 7604 7623 7628
f 7595 7596 7636
f 7596 7597 7606
f 7610 7599 7625
f 7631 7605 7628
f 7625 7633 7630
f 7632 7595 7636
f 7606 7631 7636
f 7605 7604 7628
f 7578 7592 7497
f 7596 7606 7636
f 7628 7598 7637
f 7617 7629 7627
f 7609 7635 7637
f 7594 7634 7638
f 7620 7594 7638
f 7637 7598 7612
f 7638 7634 7639
f 7630 7627 7639
f 7635 7630 7639
f 7614 7611 7613
f 7631 7628 7640
f 7636 7631 7640
f 7628 7637 7640
f 7629 7620 7638
f 7627 7629 7638
f 7637 7635 7641
f 7640 7637 7641
f 7635 7639 7641
f 7634 7632 7641
f 7627 7638 7639
f 7639 7634 7641
f 7632 7636 7640
f 7625 7599 7633
f 7641 7632 7640
f 7633 7626 7627
f 7609 7637 7612
f 7627 7630 7633
f 4884 7359 4894
f 7359 7360 7642
f 7362 7333 7643
f 7333 7332 7644
f 7645 7646 7647
f 7648 4897 4896
f 7649 7648 7642
f 7647 7650 7643
f 4894 7359 7642
f 7333 7644 7643
f 7642 7360 7651
f 7649 7642 7651
f 7360 7362 7651
f 7362 7643 7651
f 7645 7647 7643
f 7644 7645 7643
f 7643 7650 7651
f 7650 7649 7651
f 7648 4896 7642
f 7642 4896 4894
f 7540 7539 7652
f 7539 7542 7653
f 7542 4886 4888
f 7654 7655 7656
f 7657 7658 7659
f 7660 7661 7662
f 7663 7664 7665
f 7666 7667 7668
f 7669 7670 7671
f 7672 7652 7673
f 7674 7656 7658
f 4899 7674 7675
f 4900 4899 7675
f 7674 7658 7675
f 4902 4900 7657
f 4905 4904 7662
f 4908 4907 7665
f 4911 4910 7668
f 4914 4913 7671
f 4888 4916 7676
f 7656 7655 7658
f 7676 7653 4888
f 7662 7661 7677
f 4905 7662 7677
f 7661 7663 7677
f 7657 7659 7678
f 4902 7657 7678
f 7659 7660 7678
f 7660 7662 7678
f 7663 7665 7677
f 4902 7678 4904
f 7666 7668 7679
f 7664 7666 7679
f 7668 4910 7679
f 7669 7671 7680
f 7667 7669 7680
f 7671 4913 7680
f 7670 7672 7681
f 7655 7659 7658
f 7662 4904 7678
f 7664 7679 7665
f 4908 7665 7679
f 4907 4905 7677
f 4911 7668 7680
f 4910 4908 7679
f 4913 4911 7680
f 4916 4914 7682
f 7652 7539 7653
f 7668 7667 7680
f 7671 7670 7681
f 7665 4907 7677
f 7676 4916 7682
f 7681 7672 7673
f 7652 7653 7673
f 7681 7673 7676
f 7673 7653 7676
f 7658 7657 7675
f 7676 7682 7681
f 4914 7671 7682
f 4900 7675 7657
f 7671 7681 7682
f 7542 4888 7653
f 7683 7684 7685
f 7686 7683 7687
f 7688 7686 7689
f 7686 7687 7689
f 7690 7688 7691
f 7688 7689 7691
f 7692 7690 7693
f 7690 7691 7693
f 7694 7692 7695
f 7692 7693 7695
f 7696 7694 7697
f 7694 7695 7697
f 7698 7696 7699
f 7696 7697 7699
f 7700 7698 7701
f 7698 7699 7701
f 7702 7700 7703
f 7700 7701 7703
f 7704 7702 7705
f 7646 7706 7647
f 7706 7707 7708
f 7709 7710 7711
f 7712 7713 7714
f 7715 7716 7717
f 7718 7719 7720
f 7721 7722 7723
f 7647 7706 7708
f 4897 7648 4923
f 7648 7649 7724
f 7650 7647 7708
f 4899 4901 7725
f 4918 4919 7726
f 4921 4923 7727
f 7654 7656 7728
f 7674 4899 7729
f 7730 7654 7731
f 7732 7730 7733
f 7730 7731 7733
f 7734 7732 7735
f 7732 7733 7735
f 7736 7734 7737
f 7734 7735 7737
f 7738 7736 7739
f 7740 7738 7739
f 7736 7737 7739
f 7741 7742 7743
f 7742 7744 7745
f 7746 7747 7748
f 7747 7740 7739
f 7749 7743 7750
f 7751 7749 7752
f 7749 7750 7752
f 7753 7751 7754
f 7751 7752 7754
f 7755 7753 7756
f 7753 7754 7756
f 7757 7755 7758
f 7755 7756 7758
f 7759 7757 7760
f 7757 7758 7760
f 7761 7759 7762
f 7759 7760 7762
f 7763 7761 7764
f 7761 7762 7764
f 7765 7763 7766
f 7763 7764 7766
f 7767 7765 7768
f 7765 7766 7768
f 7769 7767 7770
f 7767 7768 7770
f 7705 7702 7771
f 7707 7709 7772
f 7710 7712 7773
f 7713 7715 7774
f 7716 7718 7775
f 7719 7721 7776
f 4899 7725 7777
f 7722 7705 7771
f 7726 4919 7778
f 4919 4921 7778
f 7724 7649 7779
f 7649 7650 7779
f 7650 7708 7779
f 4923 7648 7727
f 4901 4918 7780
f 4921 7727 7778
f 7654 7728 7781
f 7656 7674 7782
f 7744 7746 7783
f 7747 7739 7748
f 7742 7745 7750
f 7685 7769 7784
f 7683 7685 7687
f 7717 7716 7775
f 7720 7719 7776
f 7723 7722 7771
f 4901 7780 7725
f 7728 7656 7782
f 7729 4899 7777
f 7731 7654 7785
f 7654 7781 7785
f 7772 7709 7711
f 7773 7712 7714
f 7774 7715 7717
f 7775 7718 7720
f 7776 7721 7723
f 7784 7769 7770
f 7707 7772 7708
f 7710 7773 7711
f 7713 7774 7714
f 7783 7746 7748
f 7782 7674 7729
f 7780 4918 7726
f 7744 7783 7745
f 7742 7750 7743
f 7717 7775 7786
f 7691 7689 7787
f 7693 7691 7788
f 7691 7787 7788
f 7695 7693 7789
f 7693 7788 7789
f 7697 7695 7790
f 7695 7789 7790
f 7699 7697 7791
f 7697 7790 7791
f 7701 7699 7792
f 7699 7791 7792
f 7703 7701 7793
f 7701 7792 7793
f 7783 7748 7794
f 7714 7774 7795
f 7711 7773 7796
f 7773 7714 7797
f 7796 7773 7797
f 7714 7795 7797
f 7774 7717 7798
f 7795 7774 7798
f 7717 7786 7798
f 7720 7776 7799
f 7780 7797 7725
f 7772 7711 7800
f 7711 7796 7800
f 7727 7648 7724
f 7728 7782 7801
f 7745 7783 7802
f 7783 7794 7802
f 7778 7727 7803
f 7727 7724 7803
f 7781 7728 7804
f 7728 7801 7804
f 7724 7779 7803
f 7729 7777 7805
f 7735 7733 7806
f 7737 7735 7807
f 7782 7729 7808
f 7801 7782 7808
f 7729 7805 7808
f 7750 7745 7809
f 7752 7750 7809
f 7745 7802 7809
f 7726 7778 7800
f 7754 7752 7810
f 7752 7809 7810
f 7756 7754 7811
f 7754 7810 7811
f 7760 7758 7812
f 7762 7760 7813
f 7760 7812 7813
f 7764 7762 7814
f 7762 7813 7814
f 7766 7764 7815
f 7764 7814 7815
f 7768 7766 7816
f 7766 7815 7816
f 7770 7768 7817
f 7768 7816 7817
f 7771 7702 7703
f 7689 7687 7818
f 7733 7731 7819
f 7777 7725 7795
f 7794 7748 7807
f 7781 7804 7820
f 7795 7725 7797
f 7775 7720 7821
f 7776 7723 7822
f 7784 7770 7823
f 7731 7785 7819
f 7807 7735 7806
f 7775 7821 7786
f 7779 7708 7824
f 7726 7800 7796
f 7806 7733 7819
f 7780 7726 7796
f 7799 7776 7822
f 7708 7772 7824
f 7720 7799 7821
f 7739 7737 7748
f 7787 7689 7818
f 7685 7784 7687
f 7758 7756 7825
f 7770 7817 7823
f 7758 7825 7812
f 7748 7737 7807
f 7822 7723 7793
f 7781 7820 7785
f 7797 7780 7796
f 7687 7784 7823
f 7777 7795 7798
f 7777 7798 7805
f 7703 7793 7723
f 7785 7820 7826
f 7789 7788 7827
f 7790 7789 7828
f 7789 7827 7828
f 7791 7790 7829
f 7790 7828 7829
f 7792 7791 7830
f 7791 7829 7830
f 7793 7792 7822
f 7805 7798 7786
f 7806 7819 7831
f 7820 7804 7832
f 7794 7807 7806
f 7819 7785 7833
f 7831 7819 7833
f 7785 7826 7833
f 7821 7799 7834
f 7799 7822 7830
f 7822 7792 7830
f 7794 7806 7835
f 7802 7794 7835
f 7806 7831 7835
f 7786 7821 7836
f 7805 7786 7836
f 7821 7834 7836
f 7803 7779 7824
f 7813 7812 7826
f 7811 7810 7835
f 7814 7813 7826
f 7815 7814 7837
f 7816 7815 7838
f 7815 7837 7838
f 7817 7816 7839
f 7816 7838 7839
f 7812 7825 7833
f 7826 7820 7837
f 7832 7804 7840
f 7804 7801 7840
f 7834 7799 7830
f 7687 7823 7818
f 7820 7832 7837
f 7808 7805 7836
f 7824 7772 7800
f 7827 7788 7839
f 7723 7771 7703
f 7809 7802 7810
f 7810 7802 7835
f 7840 7801 7841
f 7801 7808 7841
f 7839 7788 7787
f 7824 7800 7803
f 7756 7811 7825
f 7826 7812 7833
f 7825 7811 7831
f 7825 7831 7833
f 7839 7787 7817
f 7811 7835 7831
f 7814 7826 7837
f 7832 7840 7842
f 7829 7828 7843
f 7830 7829 7844
f 7834 7830 7844
f 7829 7843 7844
f 7808 7836 7841
f 7836 7834 7844
f 7818 7823 7817
f 7787 7818 7817
f 7837 7832 7845
f 7838 7837 7845
f 7832 7842 7845
f 7828 7827 7842
f 7841 7836 7844
f 7778 7803 7800
f 7827 7839 7845
f 7842 7827 7845
f 7845 7839 7838
f 7843 7828 7842
f 7840 7841 7843
f 7842 7840 7843
f 7843 7841 7844
f 5211 5210 7846
f 5213 5215 7847
f 5217 5219 7848
f 5221 5223 7849
f 5225 5227 7850
f 5229 5231 7851
f 5233 5235 7852
f 5237 5239 7853
f 5241 5243 7854
f 5245 5247 7855
f 5249 5251 7856
f 5253 5255 7857
f 5257 5259 7858
f 5261 5263 7859
f 5265 5267 7860
f 5269 5271 7861
f 5273 5275 7862
f 5277 5279 7863
f 5281 5283 7864
f 5285 5287 7865
f 5289 5291 7866
f 5293 5295 7867
f 5297 5299 7868
f 5301 5303 7869
f 5305 5307 7870
f 5307 5211 7871
f 7870 5307 7871
f 5211 7846 7871
f 7872 7873 7874
f 7873 7875 7876
f 7875 7877 7878
f 7877 7879 7880
f 7879 7881 7882
f 7881 7883 7884
f 7883 7885 7886
f 7885 7887 7888
f 7887 7889 7890
f 7889 7891 7892
f 7891 7893 7894
f 7893 7895 7896
f 7895 7897 7898
f 7897 7899 7900
f 7899 7901 7902
f 7901 7903 7904
f 7903 7905 7906
f 7905 7907 7908
f 7907 7909 7910
f 7909 7911 7912
f 7911 7913 7914
f 7913 7915 7916
f 7915 7917 7918
f 7917 7919 7920
f 7919 7921 7922
f 7921 7923 7924
f 7923 7925 7926
f 7925 7927 7928
f 7927 7929 7930
f 7929 7872 7931
f 5210 5213 7932
f 5215 5217 7933
f 5219 5221 7934
f 5223 5225 7935
f 5227 5229 7936
f 5231 5233 7937
f 5235 5237 7938
f 5239 5241 7939
f 5243 5245 7940
f 5247 5249 7941
f 5251 5253 7942
f 5255 5257 7943
f 5259 5261 7944
f 5263 5265 7945
f 5267 5269 7946
f 5271 5273 7947
f 5275 5277 7948
f 5279 5281 7949
f 5283 5285 7950
f 5287 5289 7951
f 5291 5293 7952
f 5295 5297 7953
f 5299 5301 7954
f 5303 5305 7955
f 7876 7875 7878
f 7873 7876 7874
f 7877 7880 7878
f 7879 7882 7880
f 7881 7884 7882
f 7883 7886 7884
f 7885 7888 7886
f 7887 7890 7888
f 7889 7892 7890
f 7891 7894 7892
f 7893 7896 7894
f 7895 7898 7896
f 7897 7900 7898
f 7899 7902 7900
f 7901 7904 7902
f 7903 7906 7904
f 7905 7908 7906
f 7907 7910 7908
f 7909 7912 7910
f 7911 7914 7912
f 7913 7916 7914
f 7915 7918 7916
f 7917 7920 7918
f 7919 7922 7920
f 7921 7924 7922
f 7923 7926 7924
f 7925 7928 7926
f 7927 7930 7928
f 7929 7931 7930
f 5210 7932 7846
f 7872 7874 7931
f 7847 5215 7933
f 7848 5219 7934
f 7849 5223 7935
f 7850 5227 7936
f 7851 5231 7937
f 7852 5235 7938
f 7853 5239 7939
f 7854 5243 7940
f 7855 5247 7941
f 7856 5251 7942
f 7857 5255 7943
f 7858 5259 7944
f 7859 5263 7945
f 7860 5267 7946
f 7861 5271 7947
f 7862 5275 7948
f 7863 5279 7949
f 7864 5283 7950
f 7865 5287 7951
f 7866 5291 7952
f 7867 5295 7953
f 7868 5299 7954
f 7869 5303 7955
f 7932 5213 7847
f 7933 5217 7848
f 7934 5221 7849
f 7935 5225 7850
f 7936 5229 7851
f 7937 5233 7852
f 7938 5237 7853
f 7939 5241 7854
f 7940 5245 7855
f 7941 5249 7856
f 7942 5253 7857
f 7943 5257 7858
f 7944 5261 7859
f 7945 5265 7860
f 7946 5269 7861
f 7947 5273 7862
f 7948 5277 7863
f 7949 5281 7864
f 7950 5285 7865
f 7951 5289 7866
f 7952 5293 7867
f 7953 5297 7868
f 7954 5301 7869
f 7955 5305 7870
f 7933 7848 7956
f 7934 7849 7957
f 7935 7850 7958
f 7936 7851 7959
f 7937 7852 7960
f 7938 7853 7961
f 7939 7854 7962
f 7940 7855 7963
f 7941 7856 7964
f 7942 7857 7965
f 7943 7858 7966
f 7944 7859 7967
f 7945 7860 7968
f 7946 7861 7969
f 7947 7862 7970
f 7948 7863 7971
f 7949 7864 7972
f 7950 7865 7973
f 7951 7866 7974
f 7952 7867 7975
f 7953 7868 7976
f 7954 7869 7977
f 7955 7870 7978
f 7932 7847 7979
f 7876 7878 7980
f 7874 7876 7981
f 7931 7874 7982
f 7878 7880 7983
f 7880 7882 7984
f 7882 7884 7985
f 7884 7886 7986
f 7886 7888 7987
f 7888 7890 7988
f 7890 7892 7989
f 7892 7894 7990
f 7894 7896 7991
f 7896 7898 7992
f 7898 7900 7993
f 7900 7902 7994
f 7902 7904 7995
f 7904 7906 7996
f 7906 7908 7997
f 7908 7910 7998
f 7910 7912 7999
f 7912 7914 8000
f 7914 7916 8001
f 7916 7918 8002
f 7918 7920 8003
f 7920 7922 8004
f 7922 7924 8005
f 7924 7926 8006
f 7926 7928 8007
f 7928 7930 8008
f 7930 7931 8009
f 7847 7933 8010
f 7979 7847 8010
f 7933 7956 8010
f 7848 7934 8011
f 7849 7935 8012
f 7850 7936 8013
f 7851 7937 8014
f 7852 7938 8015
f 7853 7939 8016
f 7854 7940 8017
f 7855 7941 8018
f 7856 7942 8019
f 7857 7943 8020
f 7858 7944 8021
f 7859 7945 8022
f 7860 7946 8023
f 7861 7947 8024
f 7862 7948 8025
f 7863 7949 8026
f 7864 7950 8027
f 7865 7951 8028
f 7866 7952 8029
f 7867 7953 8030
f 7868 7954 8031
f 7869 7955 8032
f 7876 7980 7981
f 7848 8011 7956
f 7874 7981 7982
f 7931 7982 8009
f 8032 7955 7978
f 8031 7954 7977
f 8030 7953 7976
f 8029 7952 7975
f 8028 7951 7974
f 8027 7950 7973
f 8026 7949 7972
f 8025 7948 7971
f 8024 7947 7970
f 8023 7946 7969
f 8022 7945 7968
f 8021 7944 7967
f 8020 7943 7966
f 8019 7942 7965
f 8018 7941 7964
f 8017 7940 7963
f 8016 7939 7962
f 8015 7938 7961
f 8014 7937 7960
f 8013 7936 7959
f 8008 7930 8009
f 8007 7928 8008
f 8006 7926 8007
f 8005 7924 8006
f 8004 7922 8005
f 8003 7920 8004
f 7878 7983 7980
f 8002 7918 8003
f 8001 7916 8002
f 8000 7914 8001
f 7999 7912 8000
f 7998 7910 7999
f 7997 7908 7998
f 7996 7906 7997
f 7995 7904 7996
f 7994 7902 7995
f 7993 7900 7994
f 7992 7898 7993
f 7991 7896 7992
f 7990 7894 7991
f 7989 7892 7990
f 7988 7890 7989
f 7987 7888 7988
f 7986 7886 7987
f 7985 7884 7986
f 7984 7882 7985
f 7983 7880 7984
f 7871 7846 8033
f 7846 7932 8034
f 8012 7935 7958
f 8011 7934 7957
f 7977 7869 8032
f 7976 7868 8031
f 7975 7867 8030
f 7974 7866 8029
f 7972 7864 8027
f 7971 7863 8026
f 7970 7862 8025
f 7969 7861 8024
f 7968 7860 8023
f 7967 7859 8022
f 7966 7858 8021
f 7965 7857 8020
f 7964 7856 8019
f 7963 7855 8018
f 7962 7854 8017
f 7961 7853 8016
f 7960 7852 8015
f 7959 7851 8014
f 7958 7850 8013
f 7957 7849 8012
f 7865 8028 7973
f 8034 7932 7979
f 8033 7846 8034
f 7977 8032 7997
f 7973 8028 8002
f 8011 7957 7992
f 7957 8012 7991
f 8008 8009 7968
f 7958 8013 7990
f 8013 7959 7989
f 7959 8014 7989
f 8014 7960 7988
f 7960 8015 7988
f 8015 7961 7987
f 7961 8016 7986
f 8016 7962 7986
f 7962 8017 7985
f 8017 7963 7985
f 7963 8018 7984
f 8018 7964 7983
f 7964 8019 7983
f 8019 7965 7980
f 8020 7981 7965
f 8020 7966 7981
f 7966 8021 7982
f 8021 7967 7982
f 8022 7968 8009
f 7968 8023 8008
f 8023 7969 8007
f 7969 8024 8007
f 8024 7970 8006
f 7970 8025 8005
f 8025 7971 8005
f 7971 8026 8004
f 8026 7972 8004
f 7992 7957 7991
f 7972 8027 8003
f 8028 7974 8001
f 7974 8029 8001
f 8029 7975 8000
f 7975 8030 7999
f 8030 7976 7999
f 7976 8031 7998
f 8031 7977 7998
f 7980 7965 7981
f 8033 8034 7995
f 7870 7871 8035
f 8032 7978 7997
f 8002 8028 8001
f 7956 8011 7992
f 7871 8033 8035
f 7977 7997 7998
f 7983 7984 8018
f 7984 7985 7963
f 7985 7986 7962
f 7986 7987 7961
f 7987 7988 8015
f 7988 7989 8014
f 7989 7990 8013
f 7990 7991 7958
f 7972 8003 8004
f 7992 7993 7956
f 7993 7994 8010
f 7994 7995 8034
f 7995 7996 8035
f 7996 7997 7978
f 7998 7999 7976
f 7999 8000 7975
f 8000 8001 8029
f 7980 7983 8019
f 8004 8005 7971
f 8005 8006 7970
f 8006 8007 8024
f 8007 8008 8023
f 8012 7958 7991
f 7978 7870 8035
f 8022 8009 7967
f 7978 8035 7996
f 7982 7981 7966
f 8035 8033 7995
f 7982 7967 8009
f 7956 7993 8010
f 8003 8027 8002
f 7994 8034 7979
f 7979 8010 7994
f 7973 8002 8027
f 6044 6043 8036
f 6046 6044 8037
f 6048 6046 8038
f 6046 8037 8038
f 6049 6048 8039
f 6048 8038 8039
f 6051 6049 8040
f 6049 8039 8040
f 6052 6051 8041
f 6051 8040 8041
f 6054 6052 8042
f 6052 8041 8042
f 6055 6054 8043
f 6054 8042 8043
f 6057 6055 8044
f 6055 8043 8044
f 6058 6057 8045
f 6057 8044 8045
f 6060 6058 8046
f 6058 8045 8046
f 8046 8047 6060
f 8048 8047 8046
f 5707 8048 5705
f 8049 8050 5684
f 5684 5687 8037
f 5687 5689 8038
f 5689 5691 8039
f 5691 5693 8040
f 5693 5695 8041
f 5695 5697 8042
f 5697 5699 8043
f 5699 5701 8044
f 5701 5703 8045
f 5705 8048 8046
f 8039 5691 8040
f 8038 5689 8039
f 8037 5687 8038
f 5693 8041 8040
f 5695 8042 8041
f 5697 8043 8042
f 5699 8044 8043
f 5701 8045 8044
f 6061 6060 8047
f 8036 8050 8049
f 6044 8036 8049
f 8045 5703 8046
f 8037 6044 8049
f 4666 8051 4418
f 5703 5705 8046
f 5685 5684 8050
f 8049 5684 8037
f 7297 4647 2547
f 5887 5886 6063
f 5888 5887 8052
f 5709 5888 5710
f 5712 5710 8053
f 5714 5712 8054
f 5712 8053 8054
f 5715 5714 8055
f 5714 8054 8055
f 5717 5715 8056
f 5715 8055 8056
f 5718 5717 8057
f 5717 8056 8057
f 5720 5718 8058
f 5718 8057 8058
f 5721 5720 8059
f 5720 8058 8059
f 5723 5721 8060
f 5721 8059 8060
f 5724 5723 8061
f 5723 8060 8061
f 5726 5724 8062
f 5724 8061 8062
f 5727 5726 8063
f 5726 8062 8063
f 5708 5727 8064
f 5727 8063 8064
f 5707 5708 8048
f 6061 8047 6062
f 8047 8048 8064
f 6062 8047 8064
f 6063 6064 8065
f 8054 8065 6066
f 6066 6068 8055
f 6068 6070 8056
f 6070 6072 8057
f 6072 6074 8058
f 6074 6076 8059
f 6076 6078 8060
f 6078 6080 8061
f 6080 6082 8062
f 6082 6084 8063
f 6084 6062 8064
f 5710 5888 8052
f 8048 5708 8064
f 8055 6068 8056
f 8054 6066 8055
f 6070 8057 8056
f 6072 8058 8057
f 6074 8059 8058
f 6076 8060 8059
f 6078 8061 8060
f 6080 8062 8061
f 6082 8063 8062
f 5887 6063 8052
f 8053 5710 8052
f 8066 1900 1899
f 6064 6066 8065
f 6063 8065 8052
f 8063 6084 8064
f 8053 8052 8065
f 8053 8065 8054
f 4647 8066 1899
f 5737 5742 5869
f 5744 5746 8067
f 5748 5750 8068
f 8069 6106 8070
f 8071 8069 8072
f 8069 8070 8072
f 5752 8071 8073
f 8071 8072 8073
f 6098 6093 6216
f 6100 6098 8074
f 6101 6100 8075
f 6100 8074 8075
f 6103 6101 8076
f 6101 8075 8076
f 6106 6104 8077
f 6219 6243 6451
f 6220 6219 8078
f 6219 6451 8078
f 6222 6220 8079
f 6220 8078 8079
f 6223 6222 8080
f 6222 8079 8080
f 6225 6223 8081
f 6223 8080 8081
f 6226 6225 8082
f 6225 8081 8082
f 6228 6226 8083
f 6226 8082 8083
f 6229 6228 8084
f 6228 8083 8084
f 6231 6229 8085
f 6229 8084 8085
f 6232 6231 8086
f 6231 8085 8086
f 6234 6232 8086
f 6216 6234 8074
f 6451 6453 8078
f 6453 6455 8087
f 6457 6459 8088
f 8089 6819 8090
f 8091 8089 8092
f 8089 8090 8092
f 6459 8091 8093
f 8091 8092 8093
f 6811 6806 6928
f 6813 6811 8094
f 6814 6813 8095
f 6813 8094 8095
f 6816 6814 8096
f 6814 8095 8096
f 6817 6816 8097
f 6816 8096 8097
f 6819 6817 8098
f 6817 8097 8098
f 6932 6931 7158
f 6934 6932 8099
f 6936 6934 8100
f 6934 8099 8100
f 6937 6936 8101
f 6936 8100 8101
f 6939 6937 8102
f 6937 8101 8102
f 6940 6939 8103
f 6939 8102 8103
f 6942 6940 8104
f 6940 8103 8104
f 6943 6942 8105
f 6942 8104 8105
f 6943 8105 6945
f 8106 6945 8105
f 6946 6945 8106
f 6948 6946 8107
f 6949 6948 8108
f 6948 8107 8108
f 6928 6949 8094
f 7160 7162 8109
f 7164 7207 8110
f 8111 7561 8112
f 8113 8111 8114
f 8111 8112 8114
f 7207 8113 8115
f 8113 8114 8115
f 7545 7540 7652
f 7547 7545 8116
f 7548 7547 8117
f 7547 8116 8117
f 7563 7548 8118
f 7548 8117 8118
f 7655 7654 7730
f 7659 7655 8119
f 7660 7659 8120
f 7659 8119 8120
f 7661 7660 8121
f 7660 8120 8121
f 7663 7661 8122
f 7661 8121 8122
f 7664 7663 8123
f 7663 8122 8123
f 7666 7664 8124
f 7664 8123 8124
f 7667 7666 8125
f 7666 8124 8125
f 7667 8125 7669
f 8126 7669 8125
f 7670 7669 8126
f 7672 7670 8127
f 7652 7672 8116
f 7730 7732 8128
f 7734 7736 8129
f 8130 7379 8131
f 8132 8130 8133
f 8130 8131 8133
f 7738 8132 8134
f 8132 8133 8134
f 7371 7281 7283
f 7373 7371 8135
f 7374 7373 8136
f 7373 8135 8136
f 7376 7374 8137
f 7374 8136 8137
f 7377 7376 8138
f 7376 8137 8138
f 7379 7377 8139
f 7377 8138 8139
f 7285 7004 7009
f 7286 7285 8140
f 7287 7286 8141
f 7286 8140 8141
f 7288 7287 8142
f 7287 8141 8142
f 7289 7288 8143
f 7288 8142 8143
f 7290 7289 8144
f 7289 8143 8144
f 7291 7290 8145
f 7290 8144 8145
f 7292 7291 8146
f 7291 8145 8146
f 7292 8146 7293
f 8147 7293 8146
f 7294 7293 8147
f 7295 7294 8148
f 7296 7295 8149
f 7295 8148 8149
f 7283 7296 8135
f 7011 7013 8150
f 7015 7017 8151
f 8152 6662 8153
f 8154 8152 8155
f 8152 8153 8155
f 7019 8154 8156
f 8154 8155 8156
f 6654 6567 6569
f 6656 6654 8157
f 6657 6656 8158
f 6656 8157 8158
f 6659 6657 8159
f 6657 8158 8159
f 6662 6660 8160
f 6570 6290 6295
f 6571 6570 8161
f 6573 6571 8162
f 6571 8161 8162
f 6574 6573 8163
f 6573 8162 8163
f 6575 6574 8164
f 6574 8163 8164
f 6576 6575 8165
f 6575 8164 8165
f 6577 6576 8166
f 6576 8165 8166
f 6578 6577 8167
f 6577 8166 8167
f 6579 6578 8168
f 6578 8167 8168
f 6580 6579 8168
f 6581 6580 8169
f 6569 6582 8170
f 6295 6297 8171
f 6299 6301 8172
f 6303 6305 8173
f 8174 5954 8175
f 8176 8174 8177
f 8174 8175 8177
f 6305 8176 8178
f 8176 8177 8178
f 5946 5866 5868
f 5948 5946 8179
f 5949 5948 8180
f 5948 8179 8180
f 5951 5949 8181
f 5949 8180 8181
f 5952 5951 8182
f 5951 8181 8182
f 5870 5869 8183
f 5871 5870 8184
f 5870 8183 8184
f 5872 5871 8185
f 5871 8184 8185
f 5873 5872 8186
f 5872 8185 8186
f 5874 5873 8187
f 5873 8186 8187
f 5875 5874 8188
f 5874 8187 8188
f 5876 5875 8189
f 5875 8188 8189
f 5876 8189 5877
f 8190 5877 8189
f 5878 5877 8190
f 5879 5878 8191
f 5868 5879 8179
f 5869 5742 8183
f 6098 6216 8074
f 6811 6928 8094
f 6932 7158 8099
f 7545 7652 8116
f 7371 7283 8135
f 7285 7009 8140
f 5946 5868 8179
f 8067 5746 8192
f 5746 5748 8192
f 5742 5744 8183
f 5748 8068 8192
f 8183 5744 8067
f 5752 8073 8193
f 5750 5752 8194
f 6106 8077 8195
f 6104 6103 8196
f 6453 8087 8078
f 8088 6459 8197
f 8074 6234 8198
f 8075 8074 8198
f 6234 8086 8198
f 6103 8076 8196
f 8087 6455 8199
f 6455 6457 8199
f 6457 8088 8199
f 6459 8093 8197
f 8099 7158 7160
f 8107 6946 8106
f 6949 8108 8094
f 7160 8109 8099
f 6819 8098 8200
f 7162 7164 8201
f 7207 8115 8202
f 7655 7730 8128
f 7561 7563 8203
f 7672 8127 8116
f 8127 7670 8126
f 7561 8203 8204
f 7563 8118 8203
f 7561 8204 8112
f 7732 7734 8205
f 7738 8134 8206
f 7736 7738 8207
f 8140 7009 7011
f 8148 7294 8147
f 7296 8149 8135
f 7011 8150 8140
f 7379 8139 8208
f 7013 7015 8209
f 7019 8156 8210
f 7017 7019 8211
f 6654 6569 8170
f 6662 8160 8212
f 6660 6659 8213
f 6570 6295 8161
f 8169 6580 8168
f 6662 8212 8153
f 6582 6581 8214
f 6659 8159 8213
f 6297 6299 8215
f 6301 6303 8216
f 6305 8178 8217
f 5952 8182 8218
f 5954 5952 8218
f 5752 8193 8194
f 5879 8191 8179
f 8191 5878 8190
f 8068 5750 8194
f 8070 6106 8195
f 8090 6819 8219
f 6819 8200 8219
f 8109 7162 8201
f 8110 7207 8202
f 7732 8205 8128
f 8129 7736 8207
f 8131 7379 8220
f 7379 8208 8220
f 8150 7013 8209
f 8151 7017 8211
f 6582 8214 8170
f 8171 6297 8215
f 8172 6301 8216
f 8173 6305 8217
f 8175 5954 8221
f 6104 8196 8077
f 8201 7164 8110
f 8207 7738 8206
f 8205 7734 8129
f 8211 7019 8210
f 8209 7015 8151
f 6660 8213 8160
f 8216 6303 8173
f 8214 6581 8169
f 8215 6299 8172
f 5954 8218 8221
f 8087 8199 8222
f 8195 8077 8223
f 8179 8191 8180
f 8193 8073 8224
f 8070 8195 8225
f 8076 8075 8226
f 8075 8198 8226
f 8201 8110 8227
f 8078 8087 8079
f 8196 8076 8228
f 8109 8201 8229
f 8201 8227 8229
f 8081 8080 8230
f 8082 8081 8231
f 8081 8230 8231
f 8083 8082 8232
f 8082 8231 8232
f 8084 8083 8233
f 8083 8232 8233
f 8085 8084 8234
f 8084 8233 8234
f 8086 8085 8235
f 8198 8086 8235
f 8085 8234 8235
f 8088 8197 8236
f 8197 8093 8237
f 8199 8088 8238
f 8222 8199 8238
f 8088 8236 8238
f 8218 8182 8239
f 8093 8092 8240
f 8095 8094 8241
f 8094 8108 8241
f 8172 8216 8242
f 8097 8096 8243
f 8098 8097 8244
f 8097 8243 8244
f 8101 8100 8245
f 8102 8101 8246
f 8101 8245 8246
f 8103 8102 8247
f 8102 8246 8247
f 8104 8103 8248
f 8103 8247 8248
f 8105 8104 8249
f 8104 8248 8249
f 8106 8105 8250
f 8105 8249 8250
f 8108 8107 8241
f 8202 8115 8251
f 8200 8098 8252
f 8110 8202 8253
f 8107 8106 8254
f 8241 8107 8254
f 8106 8250 8254
f 8207 8206 8255
f 7655 8128 8119
f 8117 8116 8256
f 8116 8127 8256
f 8112 8204 8257
f 8118 8117 8258
f 8117 8256 8258
f 8121 8120 8259
f 8122 8121 8260
f 8121 8259 8260
f 8123 8122 8261
f 8122 8260 8261
f 8124 8123 8262
f 8123 8261 8262
f 8125 8124 8263
f 8124 8262 8263
f 8126 8125 8264
f 8125 8263 8264
f 8127 8126 8256
f 8204 8203 8265
f 8203 8118 8266
f 8265 8203 8266
f 8118 8258 8266
f 8206 8134 8267
f 8211 8210 8268
f 8205 8129 8269
f 8150 8209 8270
f 8136 8135 8271
f 8135 8149 8271
f 8137 8136 8272
f 8136 8271 8272
f 8139 8138 8273
f 8141 8140 8150
f 8142 8141 8274
f 8143 8142 8275
f 8142 8274 8275
f 8144 8143 8276
f 8143 8275 8276
f 8145 8144 8277
f 8144 8276 8277
f 8146 8145 8278
f 8145 8277 8278
f 8147 8146 8279
f 8146 8278 8279
f 8149 8148 8271
f 8210 8156 8280
f 8208 8139 8281
f 8151 8211 8282
f 8148 8147 8283
f 8271 8148 8283
f 8147 8279 8283
f 8160 8213 8284
f 8209 8151 8285
f 8270 8209 8285
f 8151 8282 8285
f 8170 8214 8157
f 6654 8170 8157
f 8212 8160 8286
f 8160 8284 8286
f 8158 8157 8287
f 8157 8214 8287
f 8159 8158 8288
f 8158 8287 8288
f 8161 6295 8171
f 8217 8178 8289
f 8169 8168 8290
f 8215 8172 8291
f 8172 8242 8291
f 8163 8162 8292
f 8164 8163 8293
f 8163 8292 8293
f 8165 8164 8294
f 8164 8293 8294
f 8166 8165 8295
f 8165 8294 8295
f 8167 8166 8296
f 8166 8295 8296
f 8168 8167 8297
f 8290 8168 8297
f 8167 8296 8297
f 8213 8159 8298
f 8284 8213 8298
f 8159 8288 8298
f 8153 8212 8299
f 8221 8218 8300
f 8173 8217 8301
f 8214 8169 8287
f 8175 8221 8302
f 8194 8193 8303
f 8067 8192 8304
f 8182 8181 8305
f 8185 8184 8306
f 8186 8185 8307
f 8185 8306 8307
f 8187 8186 8308
f 8186 8307 8308
f 8188 8187 8309
f 8187 8308 8309
f 8189 8188 8310
f 8188 8309 8310
f 8190 8189 8311
f 8189 8310 8311
f 8191 8190 8312
f 8180 8191 8312
f 8190 8311 8312
f 8183 8067 8304
f 8068 8194 8313
f 8072 8070 8314
f 8114 8112 8315
f 8129 8207 8316
f 8133 8131 8317
f 8155 8153 8318
f 8162 8161 8319
f 8292 8162 8319
f 8161 8171 8319
f 8077 8196 8320
f 8223 8077 8320
f 8196 8228 8320
f 8177 8175 8321
f 8175 8302 8321
f 8184 8183 8304
f 8079 8087 8222
f 8119 8128 8322
f 8120 8119 8322
f 8128 8205 8322
f 8141 8150 8270
f 8195 8223 8323
f 8314 8070 8225
f 8224 8073 8324
f 8073 8072 8324
f 8076 8226 8228
f 8090 8219 8325
f 8227 8110 8253
f 8322 8205 8269
f 8245 8326 8229
f 8080 8079 8222
f 8237 8093 8240
f 8197 8237 8327
f 8319 8171 8215
f 8318 8153 8299
f 8197 8327 8236
f 8242 8216 8328
f 8216 8173 8328
f 8255 8206 8329
f 8096 8095 8330
f 8243 8096 8330
f 8095 8241 8330
f 8098 8244 8252
f 8100 8099 8326
f 8207 8255 8316
f 8251 8115 8331
f 8115 8114 8331
f 8200 8252 8332
f 8204 8265 8333
f 8200 8332 8219
f 8257 8204 8333
f 8206 8267 8329
f 8259 8120 8322
f 8112 8257 8315
f 8256 8126 8264
f 8267 8134 8334
f 8134 8133 8334
f 8268 8210 8335
f 8211 8268 8282
f 8202 8251 8336
f 8195 8323 8225
f 8139 8273 8281
f 8138 8137 8337
f 8273 8138 8337
f 8137 8272 8337
f 8280 8156 8338
f 8156 8155 8338
f 8208 8281 8339
f 8299 8212 8340
f 8212 8286 8340
f 8303 8193 8341
f 8184 8304 8306
f 8208 8339 8220
f 8289 8178 8342
f 8178 8177 8342
f 8169 8290 8287
f 8215 8291 8319
f 8301 8217 8343
f 8300 8218 8344
f 8218 8239 8344
f 8217 8289 8343
f 8173 8301 8328
f 8302 8221 8345
f 8194 8303 8313
f 8193 8224 8341
f 8182 8305 8239
f 8181 8180 8312
f 8317 8131 8346
f 8131 8220 8346
f 8192 8068 8347
f 8072 8314 8324
f 8305 8181 8312
f 8114 8315 8331
f 8304 8192 8347
f 8092 8090 8348
f 8202 8336 8253
f 8129 8316 8269
f 8133 8317 8334
f 8210 8280 8335
f 8155 8318 8338
f 8080 8222 8230
f 8092 8348 8240
f 8342 8177 8321
f 8345 8221 8300
f 8347 8068 8313
f 8348 8090 8325
f 8314 8225 8349
f 8305 8312 8350
f 8239 8305 8350
f 8312 8311 8350
f 8224 8324 8351
f 8325 8219 8352
f 8227 8253 8353
f 8228 8226 8354
f 8245 8229 8355
f 8246 8245 8355
f 8229 8227 8355
f 8240 8348 8356
f 8345 8300 8357
f 8232 8231 8358
f 8233 8232 8359
f 8232 8358 8359
f 8234 8233 8360
f 8233 8359 8360
f 8327 8237 8361
f 8343 8289 8362
f 8301 8343 8363
f 8342 8321 8364
f 8302 8345 8365
f 8252 8244 8366
f 8259 8322 8269
f 8245 8100 8326
f 8316 8255 8367
f 8247 8246 8368
f 8246 8355 8368
f 8248 8247 8369
f 8247 8368 8369
f 8249 8248 8370
f 8248 8369 8370
f 8250 8249 8371
f 8249 8370 8371
f 8332 8252 8372
f 8252 8366 8372
f 8329 8267 8373
f 8099 8109 8326
f 8258 8256 8264
f 8141 8270 8274
f 8219 8332 8352
f 8335 8280 8374
f 8333 8265 8375
f 8261 8260 8376
f 8262 8261 8377
f 8261 8376 8377
f 8263 8262 8378
f 8262 8377 8378
f 8264 8263 8379
f 8263 8378 8379
f 8338 8318 8380
f 8282 8268 8381
f 8336 8251 8382
f 8225 8323 8383
f 8109 8229 8326
f 8272 8271 8283
f 8230 8222 8384
f 8323 8223 8385
f 8276 8275 8386
f 8277 8276 8387
f 8276 8386 8387
f 8278 8277 8388
f 8277 8387 8388
f 8279 8278 8389
f 8278 8388 8389
f 8339 8281 8390
f 8231 8230 8391
f 8358 8231 8391
f 8230 8384 8391
f 8286 8284 8392
f 8280 8338 8393
f 8374 8280 8393
f 8338 8380 8393
f 8306 8304 8394
f 8304 8347 8394
f 8293 8292 8395
f 8291 8242 8396
f 8303 8341 8397
f 8328 8301 8398
f 8301 8363 8398
f 8294 8293 8399
f 8293 8395 8399
f 8295 8294 8400
f 8294 8399 8400
f 8296 8295 8401
f 8295 8400 8401
f 8226 8198 8235
f 8281 8273 8402
f 8321 8302 8403
f 8364 8321 8403
f 8302 8365 8403
f 8319 8291 8292
f 8313 8303 8404
f 8303 8397 8404
f 8242 8328 8405
f 8396 8242 8405
f 8328 8398 8405
f 8287 8290 8288
f 8331 8315 8406
f 8251 8331 8407
f 8331 8406 8407
f 8307 8306 8394
f 8237 8240 8408
f 8361 8237 8408
f 8240 8356 8408
f 8308 8307 8409
f 8309 8308 8410
f 8308 8409 8410
f 8310 8309 8411
f 8309 8410 8411
f 8311 8310 8412
f 8350 8311 8412
f 8310 8411 8412
f 8274 8270 8413
f 8275 8274 8413
f 8270 8285 8413
f 8341 8224 8414
f 8324 8314 8415
f 8351 8324 8415
f 8314 8349 8415
f 8257 8333 8416
f 8253 8336 8417
f 8289 8342 8418
f 8342 8364 8418
f 8236 8327 8419
f 8334 8317 8420
f 8260 8259 8421
f 8376 8260 8421
f 8259 8269 8421
f 8269 8316 8421
f 8315 8257 8422
f 8258 8264 8379
f 8288 8290 8423
f 8239 8350 8424
f 8344 8239 8424
f 8350 8412 8424
f 8335 8374 8425
f 8325 8352 8426
f 8227 8353 8355
f 8371 8427 8250
f 8357 8300 8344
f 8257 8416 8422
f 8392 8284 8298
f 8234 8360 8354
f 8281 8402 8390
f 8327 8361 8428
f 8409 8307 8394
f 8222 8238 8384
f 8292 8291 8396
f 8329 8373 8429
f 8423 8290 8430
f 8290 8297 8430
f 8367 8255 8431
f 8255 8329 8431
f 8332 8372 8432
f 8226 8235 8354
f 8373 8267 8433
f 8267 8334 8433
f 8272 8283 8434
f 8244 8243 8435
f 8385 8223 8436
f 8223 8320 8436
f 8234 8354 8235
f 8375 8265 8266
f 8394 8347 8437
f 8347 8313 8437
f 8272 8434 8337
f 8288 8423 8298
f 8380 8318 8438
f 8318 8299 8438
f 8282 8381 8439
f 8225 8383 8349
f 8386 8275 8413
f 8268 8335 8440
f 8292 8396 8395
f 8238 8236 8441
f 8384 8238 8441
f 8236 8419 8441
f 8323 8385 8442
f 8340 8286 8443
f 8339 8390 8444
f 8352 8332 8445
f 8332 8432 8445
f 8279 8389 8434
f 8327 8428 8419
f 8273 8337 8402
f 8416 8333 8446
f 8286 8392 8443
f 8285 8282 8439
f 8329 8429 8431
f 8268 8440 8381
f 8279 8434 8283
f 8320 8228 8447
f 8436 8320 8447
f 8228 8354 8447
f 8297 8296 8430
f 8353 8253 8417
f 8397 8341 8448
f 8348 8325 8356
f 8315 8422 8406
f 8383 8323 8442
f 8251 8407 8382
f 8346 8220 8449
f 8220 8339 8449
f 8317 8346 8420
f 8335 8425 8440
f 8224 8351 8414
f 8417 8336 8450
f 8336 8382 8450
f 8366 8244 8435
f 8289 8418 8362
f 8365 8345 8451
f 8345 8357 8451
f 8363 8343 8452
f 8343 8362 8452
f 8334 8420 8433
f 8313 8404 8437
f 8325 8426 8356
f 8430 8296 8401
f 8435 8243 8330
f 8438 8299 8453
f 8299 8340 8453
f 8339 8444 8449
f 8446 8333 8375
f 8448 8341 8414
f 8426 8352 8454
f 8352 8445 8454
f 8355 8353 8368
f 8406 8422 8455
f 8390 8402 8456
f 8428 8361 8457
f 8360 8359 8458
f 8375 8266 8459
f 8433 8420 8460
f 8435 8330 8461
f 8330 8241 8461
f 8382 8407 8462
f 8353 8417 8463
f 8429 8373 8464
f 8423 8430 8465
f 8421 8316 8466
f 8381 8440 8467
f 8432 8372 8468
f 8437 8404 8469
f 8370 8369 8470
f 8371 8370 8471
f 8370 8470 8471
f 8362 8418 8472
f 8377 8376 8473
f 8241 8254 8461
f 8356 8426 8474
f 8448 8414 8475
f 8378 8377 8476
f 8377 8473 8476
f 8379 8378 8477
f 8378 8476 8477
f 8439 8381 8478
f 8381 8467 8478
f 8266 8258 8459
f 8349 8383 8479
f 8366 8435 8480
f 8444 8390 8481
f 8390 8456 8481
f 8387 8386 8482
f 8298 8423 8392
f 8395 8396 8483
f 8396 8405 8483
f 8285 8439 8413
f 8368 8353 8484
f 8369 8368 8484
f 8353 8463 8484
f 8419 8428 8485
f 8388 8387 8486
f 8387 8482 8486
f 8389 8388 8487
f 8388 8486 8487
f 8449 8444 8488
f 8443 8392 8489
f 8407 8406 8490
f 8462 8407 8490
f 8406 8455 8490
f 8413 8439 8386
f 8373 8433 8491
f 8464 8373 8491
f 8433 8460 8491
f 8442 8385 8492
f 8380 8438 8493
f 8425 8374 8494
f 8399 8395 8483
f 8400 8399 8495
f 8401 8400 8496
f 8400 8495 8496
f 8422 8416 8497
f 8431 8429 8498
f 8416 8446 8499
f 8398 8363 8500
f 8337 8434 8402
f 8404 8397 8469
f 8430 8401 8501
f 8465 8430 8501
f 8401 8496 8501
f 8383 8442 8502
f 8446 8375 8503
f 8410 8409 8504
f 8411 8410 8505
f 8410 8504 8505
f 8420 8346 8506
f 8346 8449 8507
f 8506 8346 8507
f 8449 8488 8507
f 8397 8448 8508
f 8459 8258 8379
f 8375 8459 8503
f 8435 8461 8427
f 8480 8435 8427
f 8461 8254 8427
f 8421 8466 8376
f 8376 8466 8473
f 8402 8434 8456
f 8459 8379 8477
f 8357 8344 8509
f 8459 8477 8503
f 8455 8422 8497
f 8420 8506 8460
f 8510 8460 8506
f 8389 8487 8456
f 8492 8447 8360
f 8363 8452 8511
f 8360 8458 8492
f 8409 8394 8512
f 8504 8409 8512
f 8394 8437 8512
f 8453 8340 8513
f 8340 8443 8513
f 8442 8492 8514
f 8494 8374 8515
f 8374 8393 8515
f 8419 8485 8441
f 8429 8464 8516
f 8386 8439 8478
f 8432 8468 8517
f 8362 8472 8518
f 8485 8428 8519
f 8371 8471 8480
f 8472 8418 8520
f 8418 8364 8520
f 8372 8366 8521
f 8316 8367 8466
f 8357 8509 8522
f 8519 8428 8457
f 8474 8426 8523
f 8426 8454 8523
f 8361 8408 8524
f 8445 8432 8525
f 8432 8517 8525
f 8349 8479 8526
f 8520 8364 8527
f 8479 8383 8502
f 8366 8480 8521
f 8444 8481 8528
f 8482 8386 8478
f 8392 8423 8465
f 8414 8351 8529
f 8429 8516 8498
f 8442 8514 8502
f 8458 8359 8530
f 8359 8358 8530
f 8434 8389 8456
f 8397 8508 8469
f 8488 8444 8528
f 8457 8361 8524
f 8443 8489 8531
f 8393 8380 8532
f 8515 8393 8532
f 8380 8493 8532
f 8443 8531 8513
f 8384 8441 8533
f 8391 8384 8533
f 8441 8485 8533
f 8493 8438 8534
f 8344 8424 8509
f 8500 8363 8511
f 8425 8494 8535
f 8399 8483 8495
f 8367 8431 8536
f 8466 8367 8536
f 8431 8498 8536
f 8497 8416 8499
f 8364 8403 8527
f 8405 8398 8537
f 8483 8405 8537
f 8398 8500 8537
f 8475 8414 8529
f 8534 8438 8453
f 8470 8369 8484
f 8440 8425 8538
f 8408 8356 8539
f 8524 8408 8539
f 8356 8474 8539
f 8468 8372 8521
f 8508 8448 8540
f 8448 8475 8540
f 8412 8411 8541
f 8424 8412 8541
f 8411 8505 8541
f 8450 8382 8542
f 8382 8462 8542
f 8415 8349 8526
f 8351 8415 8543
f 8529 8351 8543
f 8415 8526 8543
f 8467 8440 8538
f 8499 8446 8544
f 8446 8503 8544
f 8357 8522 8451
f 8452 8362 8518
f 8365 8451 8545
f 8463 8417 8546
f 8417 8450 8546
f 8425 8535 8538
f 8456 8487 8481
f 8492 8458 8514
f 8512 8437 8469
f 8518 8472 8547
f 8516 8464 8548
f 8392 8465 8489
f 8467 8538 8549
f 8534 8453 8550
f 8453 8513 8550
f 8517 8468 8551
f 8470 8484 8552
f 8484 8463 8552
f 8365 8545 8553
f 8485 8519 8554
f 8371 8480 8427
f 8457 8524 8555
f 8522 8509 8556
f 8519 8457 8557
f 8457 8555 8557
f 8385 8436 8492
f 8526 8479 8558
f 8520 8527 8559
f 8477 8476 8560
f 8478 8467 8561
f 8482 8478 8561
f 8467 8549 8561
f 8479 8502 8562
f 8528 8481 8563
f 8481 8487 8563
f 8498 8516 8564
f 8254 8250 8427
f 8365 8553 8403
f 8514 8458 8565
f 8489 8465 8566
f 8531 8489 8566
f 8465 8501 8566
f 8553 8545 8567
f 8530 8358 8533
f 8487 8486 8563
f 8358 8391 8533
f 8493 8534 8568
f 8496 8495 8569
f 8533 8485 8530
f 8505 8504 8570
f 8509 8424 8541
f 8513 8531 8550
f 8535 8494 8571
f 8502 8514 8572
f 8466 8536 8473
f 8476 8473 8573
f 8560 8476 8573
f 8473 8536 8573
f 8497 8499 8574
f 8475 8529 8575
f 8511 8452 8576
f 8452 8518 8576
f 8454 8445 8577
f 8445 8525 8577
f 8500 8511 8578
f 8545 8451 8579
f 8451 8522 8579
f 8538 8535 8580
f 8458 8530 8565
f 8488 8528 8581
f 8503 8477 8560
f 8455 8497 8582
f 8504 8512 8583
f 8570 8504 8583
f 8512 8469 8583
f 8468 8521 8551
f 8510 8506 8584
f 8506 8507 8584
f 8531 8566 8585
f 8552 8463 8586
f 8463 8546 8586
f 8548 8464 8587
f 8464 8491 8587
f 8474 8523 8588
f 8547 8472 8589
f 8472 8520 8589
f 8403 8553 8527
f 8525 8517 8590
f 8549 8538 8580
f 8480 8471 8521
f 8470 8552 8551
f 8505 8570 8591
f 8518 8547 8592
f 8555 8524 8593
f 8524 8539 8593
f 8589 8520 8559
f 8590 8517 8551
f 8505 8591 8541
f 8518 8592 8576
f 8527 8553 8594
f 8519 8557 8595
f 8559 8527 8594
f 8558 8479 8562
f 8523 8454 8596
f 8454 8577 8596
f 8542 8462 8597
f 8550 8531 8598
f 8531 8585 8598
f 8564 8516 8599
f 8516 8548 8599
f 8562 8502 8572
f 8583 8469 8508
f 8486 8482 8600
f 8579 8522 8601
f 8532 8493 8602
f 8493 8568 8602
f 8567 8545 8603
f 8545 8579 8603
f 8569 8495 8578
f 8530 8485 8554
f 8507 8488 8604
f 8584 8507 8604
f 8488 8581 8604
f 8491 8460 8605
f 8587 8491 8605
f 8460 8510 8605
f 8572 8514 8565
f 8571 8494 8606
f 8494 8515 8606
f 8583 8508 8607
f 8570 8583 8607
f 8508 8540 8607
f 8495 8483 8578
f 8497 8574 8582
f 8536 8498 8573
f 8490 8455 8608
f 8455 8582 8608
f 8575 8529 8609
f 8529 8543 8609
f 8568 8534 8610
f 8534 8550 8610
f 8578 8511 8611
f 8511 8576 8611
f 8501 8496 8612
f 8566 8501 8612
f 8496 8569 8612
f 8486 8600 8563
f 8521 8471 8551
f 8539 8474 8588
f 8471 8470 8551
f 8498 8564 8573
f 8553 8567 8594
f 8499 8544 8613
f 8540 8475 8614
f 8475 8575 8614
f 8543 8526 8615
f 8609 8543 8615
f 8526 8558 8615
f 8574 8499 8613
f 8544 8503 8560
f 8546 8450 8616
f 8450 8542 8616
f 8580 8535 8617
f 8535 8571 8617
f 8565 8530 8554
f 8581 8528 8618
f 8528 8563 8618
f 8554 8519 8595
f 8597 8462 8619
f 8462 8490 8619
f 8601 8522 8556
f 8585 8566 8612
f 8565 8554 8595
f 8588 8523 8620
f 8523 8596 8620
f 8547 8589 8621
f 8592 8547 8622
f 8547 8621 8622
f 8539 8588 8593
f 8549 8580 8618
f 8562 8572 8623
f 8595 8557 8624
f 8544 8560 8625
f 8613 8544 8625
f 8560 8573 8625
f 8559 8594 8626
f 8558 8562 8627
f 8573 8564 8625
f 8582 8574 8628
f 8515 8532 8629
f 8532 8602 8629
f 8509 8541 8556
f 8565 8595 8572
f 8577 8525 8630
f 8525 8590 8630
f 8589 8559 8631
f 8621 8589 8631
f 8559 8626 8631
f 8572 8595 8623
f 8569 8578 8611
f 8556 8541 8591
f 8556 8591 8601
f 8601 8591 8632
f 8591 8570 8632
f 8605 8510 8633
f 8592 8622 8634
f 8569 8611 8635
f 8618 8580 8636
f 8581 8618 8636
f 8580 8617 8636
f 8570 8607 8632
f 8562 8623 8627
f 8567 8603 8637
f 8551 8552 8638
f 8613 8625 8639
f 8555 8593 8640
f 8597 8619 8641
f 8585 8612 8635
f 8558 8627 8642
f 8596 8577 8643
f 8577 8630 8643
f 8582 8628 8644
f 8550 8598 8610
f 8599 8548 8645
f 8568 8610 8646
f 8500 8578 8537
f 8590 8551 8638
f 8575 8609 8647
f 8625 8564 8639
f 8588 8620 8648
f 8602 8568 8649
f 8568 8646 8649
f 8633 8510 8650
f 8510 8584 8650
f 8557 8555 8651
f 8593 8588 8652
f 8640 8593 8652
f 8588 8648 8652
f 8579 8601 8653
f 8603 8579 8653
f 8515 8629 8606
f 8601 8632 8653
f 8563 8600 8618
f 8604 8581 8654
f 8586 8546 8655
f 8546 8616 8655
f 8607 8540 8656
f 8632 8607 8656
f 8540 8614 8656
f 8608 8582 8644
f 8490 8608 8619
f 8571 8606 8657
f 8630 8590 8658
f 8590 8638 8658
f 8611 8576 8659
f 8635 8611 8659
f 8576 8592 8659
f 8612 8569 8635
f 8492 8436 8447
f 8614 8575 8660
f 8575 8647 8660
f 8592 8634 8659
f 8581 8636 8654
f 8557 8651 8624
f 8555 8640 8651
f 8597 8641 8661
f 8585 8635 8662
f 8598 8585 8662
f 8635 8659 8662
f 8558 8642 8615
f 8645 8548 8663
f 8548 8587 8663
f 8639 8564 8599
f 8561 8549 8600
f 8616 8542 8664
f 8542 8597 8664
f 8617 8571 8665
f 8571 8657 8665
f 8574 8613 8666
f 8574 8666 8628
f 8594 8567 8667
f 8626 8594 8667
f 8567 8637 8667
f 8664 8597 8661
f 8666 8613 8639
f 8622 8621 8668
f 8620 8596 8669
f 8637 8603 8670
f 8603 8653 8670
f 8595 8624 8623
f 8659 8634 8662
f 8627 8623 8671
f 8661 8641 8672
f 8664 8661 8673
f 8584 8604 8674
f 8650 8584 8674
f 8604 8654 8674
f 8644 8628 8675
f 8610 8598 8676
f 8646 8610 8676
f 8598 8662 8676
f 8647 8609 8677
f 8609 8615 8677
f 8482 8561 8600
f 8648 8620 8678
f 8620 8669 8678
f 8651 8640 8679
f 8587 8605 8680
f 8605 8633 8680
f 8623 8624 8681
f 8671 8623 8681
f 8624 8651 8681
f 8634 8622 8682
f 8622 8668 8682
f 8606 8629 8657
f 8642 8627 8683
f 8627 8671 8683
f 8653 8632 8684
f 8670 8653 8684
f 8632 8656 8684
f 8615 8642 8677
f 8658 8638 8655
f 8654 8636 8685
f 8616 8664 8655
f 8629 8602 8686
f 8639 8599 8687
f 8666 8639 8687
f 8599 8645 8687
f 8628 8666 8688
f 8675 8628 8688
f 8666 8687 8688
f 8619 8608 8689
f 8641 8619 8689
f 8608 8644 8689
f 8657 8629 8686
f 8651 8679 8681
f 8637 8670 8690
f 8354 8360 8447
f 8552 8586 8638
f 8673 8661 8691
f 8661 8672 8691
f 8672 8641 8692
f 8641 8689 8692
f 8673 8658 8664
f 8647 8677 8693
f 8663 8587 8680
f 8596 8643 8669
f 8638 8586 8655
f 8646 8676 8694
f 8633 8650 8695
f 8649 8646 8696
f 8680 8633 8697
f 8633 8695 8697
f 8679 8640 8698
f 8640 8652 8698
f 8602 8649 8686
f 8689 8644 8699
f 8692 8689 8699
f 8644 8675 8699
f 8648 8678 8700
f 8626 8667 8701
f 8643 8630 8673
f 8634 8682 8694
f 8656 8614 8702
f 8684 8656 8702
f 8614 8660 8702
f 8687 8645 8688
f 8646 8694 8696
f 8642 8683 8703
f 8654 8685 8704
f 8631 8626 8705
f 8626 8701 8705
f 8660 8647 8706
f 8685 8636 8665
f 8657 8686 8707
f 8645 8663 8708
f 8652 8648 8698
f 8066 8709 1900
f 8648 8700 8698
f 8665 8657 8710
f 8657 8707 8710
f 8636 8617 8665
f 8668 8621 8711
f 8621 8631 8711
f 8688 8645 8708
f 8677 8642 8703
f 8662 8634 8676
f 8667 8637 8712
f 8701 8667 8712
f 8637 8690 8712
f 8674 8654 8704
f 8676 8634 8694
f 8706 8647 8693
f 8700 8678 8713
f 8682 8668 8714
f 8671 8681 8715
f 8681 8679 8715
f 8483 8537 8578
f 8693 8677 8703
f 8650 8674 8716
f 8695 8650 8716
f 8674 8704 8716
f 8663 8680 8717
f 8708 8663 8717
f 8680 8697 8717
f 8694 8682 8714
f 8600 8549 8618
f 8696 8694 8714
f 8686 8649 8718
f 8649 8696 8718
f 8643 8673 8719
f 8669 8643 8719
f 8673 8691 8719
f 8683 8671 8720
f 8671 8715 8720
f 8706 8693 8721
f 8703 8683 8722
f 8683 8720 8722
f 8630 8658 8673
f 8675 8688 8723
f 8688 8708 8723
f 8685 8665 8710
f 8707 8686 8718
f 8693 8703 8724
f 8721 8693 8724
f 8703 8722 8724
f 8678 8669 8725
f 8669 8719 8725
f 8655 8664 8658
f 8690 8670 8726
f 8698 8700 8727
f 8691 8672 8728
f 8696 8714 8729
f 8690 8726 8730
f 8702 8660 8726
f 8706 8721 8730
f 8670 8684 8726
f 8716 8704 8731
f 8701 8712 8732
f 8697 8695 8733
f 8715 8679 8734
f 8679 8698 8734
f 8728 8672 8735
f 8672 8692 8735
f 8710 8707 8736
f 8699 8675 8737
f 8675 8723 8737
f 8718 8696 8738
f 8696 8729 8738
f 8660 8706 8726
f 8714 8668 8739
f 8668 8711 8739
f 8678 8725 8713
f 8705 8701 8740
f 8701 8732 8740
f 8704 8685 8710
f 8723 8708 8741
f 8708 8717 8741
f 8631 8705 8711
f 8700 8713 8727
f 8695 8716 8742
f 8733 8695 8742
f 8716 8731 8742
f 8707 8718 8743
f 8736 8707 8743
f 8718 8738 8743
f 8712 8690 8744
f 8732 8712 8744
f 8690 8730 8744
f 8726 8706 8730
f 8731 8704 8710
f 8691 8728 8719
f 8702 8726 8684
f 8710 8736 8731
f 8719 8728 8725
f 8697 8733 8745
f 8717 8697 8745
f 8720 8715 8734
f 8711 8705 8746
f 8705 8740 8746
f 8722 8720 8747
f 8731 8736 8748
f 8713 8725 8749
f 8725 8728 8749
f 8692 8699 8750
f 8735 8692 8750
f 8699 8737 8750
f 8729 8714 8751
f 8714 8739 8751
f 8727 8713 8752
f 8698 8727 8734
f 8737 8723 8753
f 8723 8741 8753
f 8728 8735 8749
f 8754 8749 8735
f 8745 8733 8755
f 8717 8745 8741
f 8711 8746 8739
f 8748 8736 8743
f 8744 8730 8756
f 8730 8721 8756
f 8732 8744 8757
f 8744 8756 8757
f 8738 8729 8758
f 8729 8751 8758
f 8747 8720 8734
f 8731 8748 8742
f 8713 8749 8759
f 8752 8713 8759
f 8749 8754 8759
f 8740 8732 8760
f 8732 8757 8760
f 8722 8747 8761
f 8727 8752 8762
f 8724 8722 8761
f 8763 1901 1900
f 8734 8727 8747
f 8733 8742 8764
f 8755 8733 8764
f 8742 8748 8764
f 8741 8745 8765
f 8753 8741 8765
f 8745 8755 8765
f 8756 8721 8766
f 8751 8739 8767
f 8739 8746 8767
f 8757 8756 8768
f 8756 8766 8768
f 8721 8724 8766
f 8747 8727 8762
f 8746 8740 8769
f 8767 8746 8769
f 8740 8760 8769
f 8743 8738 8770
f 8748 8743 8770
f 8762 8752 8771
f 8761 8747 8772
f 8747 8762 8772
f 8724 8761 8766
f 8766 8761 8773
f 8768 8766 8773
f 8761 8772 8773
f 8737 8753 8774
f 8754 8735 8750
f 8765 8755 8775
f 8770 8738 8758
f 8758 8751 8776
f 8751 8767 8776
f 8772 8762 8771
f 8771 8752 8777
f 8752 8759 8777
f 8737 8774 8750
f 8764 8748 8778
f 8748 8770 8778
f 8760 8757 8779
f 8757 8768 8779
f 8754 8750 8774
f 8775 8755 8780
f 8770 8758 8781
f 8778 8770 8781
f 8758 8776 8781
f 8772 8771 8782
f 8774 8753 8783
f 8753 8765 8783
f 8755 8764 8780
f 8759 8754 8784
f 8777 8759 8784
f 8754 8774 8784
f 8780 8764 8778
f 8775 8780 8785
f 8765 8775 8783
f 8776 8767 8786
f 8767 8769 8786
f 8774 8783 8784
f 8769 8760 8787
f 8760 8779 8787
f 8785 8780 8778
f 8782 8771 8788
f 8771 8777 8788
f 8783 8775 8789
f 8775 8785 8789
f 8773 8772 8782
f 8768 8773 8790
f 8785 8778 8791
f 8778 8781 8791
f 8773 8782 8790
f 8784 8783 8789
f 8779 8768 8790
f 8790 8782 8792
f 8779 8790 8787
f 8777 8784 8793
f 8787 8790 8792
f 8777 8793 8788
f 8785 8791 8793
f 8769 8787 8786
f 8785 8793 8789
f 8782 8788 8792
f 8793 8784 8789
f 8781 8776 8794
f 8791 8781 8794
f 8776 8786 8794
f 8787 8792 8786
f 8793 8791 8788
f 8788 8791 8792
f 8786 8792 8794
f 8794 8792 8791
f 8795 8796 6108
f 6108 6111 8797
f 6113 6115 8798
f 6107 6106 8069
f 8069 8071 8799
f 5753 8799 5752
f 5755 5754 8800
f 5759 5757 8801
f 5760 5759 8798
f 5755 8800 8795
f 8800 8796 8795
f 6107 8069 8799
f 8071 5752 8799
f 8797 6111 8801
f 6113 8798 8801
f 6111 6113 8801
f 6115 6107 8802
f 6115 8802 8798
f 8798 5759 8801
f 8801 5757 8797
f 5757 5755 8797
f 5760 8798 8802
f 5753 5760 8802
f 6109 6108 8796
f 8802 6107 8799
f 8795 6108 8797
f 5753 8802 8799
f 8797 5755 8795
f 8803 6110 8796
f 8796 8800 8803
f 8800 5754 5756
f 5756 5762 8804
f 5764 5766 8805
f 5766 5768 6122
f 5768 5770 6123
f 5770 5772 6125
f 5772 5774 6126
f 5774 5776 6128
f 5778 5780 8806
f 8807 5686 8050
f 8036 6043 6045
f 8050 8036 8807
f 8036 6045 8807
f 6119 6117 8808
f 6123 6122 5768
f 6125 6123 5770
f 6126 6125 5772
f 6128 6126 5774
f 6131 6129 8806
f 6131 8809 6045
f 6109 8796 6110
f 5776 8806 6128
f 5685 8050 5686
f 8804 8803 5756
f 8804 5762 8808
f 5764 8805 8808
f 5762 5764 8808
f 6120 8805 6122
f 5778 8806 5776
f 5780 5686 8809
f 6119 8808 8805
f 8803 8804 6110
f 5780 8809 8806
f 6120 6119 8805
f 8809 5686 8807
f 6131 8806 8809
f 8808 6117 8804
f 6129 6128 8806
f 5766 6122 8805
f 8807 6045 8809
f 8800 5756 8803
f 6117 6110 8804
f 5893 5892 8810
f 5895 5893 8811
f 5897 5895 8812
f 5895 8811 8812
f 5898 5897 8813
f 5897 8812 8813
f 5900 5898 8814
f 5898 8813 8814
f 5901 5900 8815
f 5900 8814 8815
f 5903 5901 8816
f 5901 8815 8816
f 5904 5903 6259
f 6261 8817 5904
f 5909 5907 8818
f 8819 8818 8820
f 6267 8819 6265
f 6245 6244 8821
f 6247 6249 8812
f 6249 6251 8813
f 6251 6253 8814
f 6253 6255 8815
f 8821 6244 8811
f 8810 8821 8811
f 8818 5907 8820
f 6265 8819 8820
f 6259 5903 6257
f 5907 5906 8817
f 8813 6251 8814
f 8812 6249 8813
f 6244 6247 8811
f 6253 8815 8814
f 8820 5907 8817
f 6257 8816 6255
f 6259 6261 5904
f 6261 6263 8817
f 6263 6265 8817
f 8709 8763 1900
f 5893 8810 8811
f 5906 5904 8817
f 6265 8820 8817
f 6247 8812 8811
f 8763 4666 1901
f 6257 5903 8816
f 8815 6255 8816
f 6204 5912 5911
f 6205 6204 8822
f 6207 6205 8823
f 6269 6207 8823
f 6205 8822 8823
f 6270 6269 8824
f 6269 8823 8824
f 6273 6272 8825
f 6275 6273 5920
f 6276 6275 5922
f 6279 6278 8826
f 6282 6281 8827
f 6268 6284 8828
f 6267 6268 8819
f 5909 8818 5910
f 8818 8819 8829
f 5910 8818 8829
f 5911 5914 8830
f 5916 5918 8825
f 5920 5922 6275
f 5924 5926 8826
f 5928 5930 8827
f 5920 6273 5918
f 6272 6270 8831
f 6276 5922 8832
f 6279 8826 8833
f 6281 6279 8833
f 8826 5926 8833
f 6278 6276 8832
f 6282 8827 8834
f 6284 6282 8834
f 8827 5930 8834
f 6268 8828 8829
f 8819 6268 8829
f 5910 8829 8835
f 5932 5910 8835
f 8829 8828 8835
f 8830 5914 8831
f 5914 5916 8831
f 8832 5922 5924
f 6272 8831 8825
f 5928 8827 8833
f 5926 5928 8833
f 6284 8834 8828
f 6281 8833 8827
f 8834 5930 5932
f 8831 5916 8825
f 8830 8822 5911
f 5924 8826 8832
f 5932 8835 8834
f 8835 8828 8834
f 8832 8826 6278
f 8831 6270 8824
f 8823 8822 8824
f 8830 8831 8824
f 5918 6273 8825
f 6204 5911 8822
f 8830 8824 8822
f 5957 5956 8836
f 5956 5959 8837
f 5961 5963 8838
f 5955 5954 8174
f 8174 8176 8839
f 8176 6305 6306
f 6308 6307 8840
f 6312 6310 8841
f 6313 6312 8838
f 8840 8836 8842
f 5955 8174 8839
f 8176 6306 8839
f 8837 5959 8841
f 5961 8838 8841
f 5959 5961 8841
f 5963 5955 8843
f 5963 8843 8838
f 8838 6312 8841
f 8841 6310 8837
f 6313 8838 8843
f 8840 8842 6308
f 6306 6313 8843
f 8837 8842 5956
f 8843 5955 8839
f 8839 6306 8843
f 6310 6308 8837
f 6308 8842 8837
f 8836 5956 8842
f 5957 8836 5958
f 8836 8840 8844
f 8840 6307 6309
f 6309 6315 8845
f 6317 6319 8846
f 6321 6323 8847
f 6325 6327 8848
f 6329 6331 8849
f 6333 6246 8850
f 6246 6245 8821
f 5894 8851 5892
f 8821 8810 8851
f 8810 5892 8851
f 5965 5958 8852
f 5966 5965 8853
f 5965 8852 8853
f 5967 5966 8846
f 5970 5969 8847
f 5973 5972 8848
f 5975 5973 8854
f 5973 8848 8854
f 5976 5975 8849
f 8840 6309 8844
f 6309 8845 8844
f 6315 6317 8855
f 6321 8847 8856
f 6319 6321 8856
f 8847 5969 8856
f 6325 8848 8857
f 6323 6325 8857
f 8848 5972 8857
f 6329 8849 8854
f 6327 6329 8854
f 6331 6333 8858
f 6246 8821 8850
f 5967 8846 8856
f 5966 8853 8846
f 5970 8847 8857
f 5969 5967 8856
f 5976 8849 8858
f 5972 5970 8857
f 5975 8854 8849
f 5978 5976 8858
f 5894 5978 8859
f 8836 8844 5958
f 8846 6319 8856
f 8847 6323 8857
f 8848 6327 8854
f 8849 6331 8858
f 8858 6333 8850
f 5894 8859 8851
f 8845 6315 8855
f 8855 6317 8846
f 8845 8855 8852
f 5978 8858 8859
f 8844 8845 8852
f 8852 8855 8853
f 8853 8855 8846
f 8851 8859 8850
f 8850 8859 8858
f 8850 8821 8851
f 8852 5958 8844
f 6758 6760 8860
f 6761 6758 8861
f 6763 6761 8862
f 6761 8861 8862
f 6764 6763 8863
f 6763 8862 8863
f 6766 6764 8864
f 6764 8863 8864
f 6767 6766 8865
f 6766 8864 8865
f 6769 6767 8866
f 6767 8865 8866
f 6770 6769 8867
f 6769 8866 8867
f 6772 6770 8868
f 6770 8867 8868
f 6773 6772 8869
f 6772 8868 8869
f 6775 6773 8870
f 6773 8869 8870
f 6776 6775 8871
f 8872 8871 8873
f 6421 8872 6419
f 6399 6398 8874
f 6401 6403 8862
f 6403 6405 8863
f 6405 6407 8864
f 6407 6409 8865
f 6409 6411 8866
f 6411 6413 8867
f 6413 6415 8868
f 6415 6417 8869
f 8874 6398 8875
f 8860 8874 8875
f 6419 8872 8873
f 8864 6407 8865
f 8863 6405 8864
f 8862 6403 8863
f 6398 6401 8875
f 6409 8866 8865
f 6411 8867 8866
f 6413 8868 8867
f 6415 8869 8868
f 6417 6419 8876
f 8871 6775 8873
f 6758 8860 8875
f 8861 6758 8875
f 6775 8870 8873
f 8875 6401 8861
f 8861 6401 8862
f 8876 6419 8873
f 8873 8870 8876
f 6417 8876 8869
f 8870 8869 8876
f 6592 6591 6778
f 6593 6592 8877
f 6423 6593 6424
f 6426 6424 8878
f 6428 6426 8879
f 6426 8878 8879
f 6429 6428 8880
f 6428 8879 8880
f 6431 6429 8881
f 6429 8880 8881
f 6432 6431 8882
f 6431 8881 8882
f 6434 6432 8883
f 6432 8882 8883
f 6435 6434 8884
f 6434 8883 8884
f 6437 6435 8885
f 6435 8884 8885
f 6438 6437 8886
f 6437 8885 8886
f 6440 6438 8887
f 6438 8886 8887
f 6422 6440 8888
f 6440 8887 8888
f 8889 8872 6422
f 6776 8871 6777
f 8871 8872 8889
f 6777 8871 8889
f 8879 8890 6781
f 8880 8879 6783
f 6783 6785 8880
f 6785 6787 8881
f 6787 6789 8882
f 6789 6791 8883
f 6791 6793 8884
f 6793 6795 8886
f 6795 6797 8887
f 8889 8888 6777
f 6592 6778 8877
f 6424 6593 8877
f 8878 6424 8877
f 6421 6422 8872
f 8882 6789 8883
f 6785 8881 8880
f 8877 6778 8890
f 8878 8877 8890
f 6778 6779 8890
f 6781 6783 8879
f 8881 6787 8882
f 6791 8884 8883
f 6795 8887 8886
f 8889 6422 8888
f 6793 8886 8885
f 8884 6793 8885
f 8887 6797 8888
f 6779 6781 8890
f 6797 6777 8888
f 8890 8879 8878
f 6822 6821 8891
f 6821 6824 8892
f 6826 6828 8893
f 6820 6819 8089
f 8089 8091 8894
f 6461 8894 6459
f 6463 6462 8895
f 6465 6463 8896
f 6467 6465 8897
f 6465 8896 8897
f 6468 6467 8893
f 8895 8891 8898
f 6820 8089 8894
f 8091 6459 8894
f 6826 8893 8897
f 6824 6826 8897
f 6828 6820 8899
f 6828 8899 8893
f 6468 8899 6461
f 8896 6463 8898
f 6467 8897 8893
f 8895 8898 6463
f 8891 6821 8898
f 8892 6824 8897
f 8899 6820 8894
f 8896 8898 8892
f 8898 6821 8892
f 6468 8893 8899
f 8894 6461 8899
f 8897 8896 8892
f 6822 8891 6823
f 8891 8895 8900
f 8895 6462 6464
f 6464 6470 8901
f 6472 6474 8902
f 6474 6476 6833
f 6476 6478 6835
f 6478 6480 6836
f 6480 6482 6838
f 6482 6484 6839
f 6484 6486 6841
f 6488 6400 8903
f 6400 6399 8874
f 8860 6760 6857
f 8874 8860 8903
f 8860 6857 8903
f 6835 6833 6476
f 6836 6835 6478
f 6838 6836 6480
f 6839 6838 6482
f 6841 6839 6484
f 6842 6841 6486
f 6842 8903 6857
f 6823 8891 8900
f 6470 6472 8904
f 6842 6486 6488
f 6400 8874 8903
f 6470 8904 8901
f 6830 6823 8901
f 6832 6830 8904
f 6833 6832 8902
f 8904 6472 8902
f 8051 4648 4418
f 6830 8901 8904
f 8902 6832 8904
f 8900 8895 6464
f 6464 8901 8900
f 6474 6833 8902
f 6823 8900 8901
f 6842 6488 8903
f 4648 8905 2232
f 6598 6597 8906
f 6600 6598 8907
f 6602 6600 8908
f 6600 8907 8908
f 6603 6602 8909
f 6602 8908 8909
f 6605 6603 8910
f 6603 8909 8910
f 6606 6605 8911
f 6605 8910 8911
f 6608 6606 8912
f 6606 8911 8912
f 6609 6608 8913
f 6608 8912 8913
f 6611 6609 8914
f 6609 8913 8914
f 6612 6611 8915
f 6611 8914 8915
f 6614 6612 8916
f 6612 8915 8916
f 6615 6614 8917
f 8918 8917 8919
f 6982 8918 6980
f 6962 6961 8920
f 6964 6966 8908
f 6966 6968 8909
f 6968 6970 8910
f 6970 6972 8911
f 6972 6974 8912
f 6974 6976 8913
f 6976 6978 8914
f 6978 6980 8915
f 8906 8920 8921
f 6980 8918 8919
f 8907 6598 8921
f 8910 6970 8911
f 8921 6598 8906
f 8909 6968 8910
f 8908 6966 8909
f 6961 6964 8922
f 6972 8912 8911
f 6974 8913 8912
f 6976 8914 8913
f 6978 8915 8914
f 8920 6961 8922
f 8917 6614 8916
f 6980 8919 8915
f 8907 8921 8922
f 8922 6964 8908
f 8907 8922 8908
f 8920 8922 8921
f 8916 8915 8919
f 8917 8916 8919
f 6617 8923 6618
f 6916 6915 8923
f 6918 6916 6984
f 6985 6984 8924
f 6987 6985 8925
f 6985 8924 8925
f 6988 6987 8926
f 6987 8925 8926
f 6990 6988 8927
f 6988 8926 8927
f 6991 6990 8928
f 6990 8927 8928
f 6993 6991 8929
f 6991 8928 8929
f 6994 6993 8930
f 6993 8929 8930
f 6996 6994 8931
f 6994 8930 8931
f 6997 6996 8932
f 6996 8931 8932
f 6999 6997 8933
f 6997 8932 8933
f 6983 6999 8934
f 6999 8933 8934
f 6982 6983 8918
f 6615 8917 6616
f 8917 8918 8935
f 6616 8917 8935
f 6617 6620 8936
f 6620 6622 8925
f 6622 6624 8926
f 6624 6626 8927
f 6626 6628 8928
f 6628 6630 8929
f 6630 6632 8930
f 6632 6634 8931
f 6634 6636 8932
f 6636 6638 8933
f 6984 6916 8924
f 6983 8934 8935
f 8918 6983 8935
f 8926 6624 8927
f 8925 6622 8926
f 6626 8928 8927
f 6628 8929 8928
f 6630 8930 8929
f 6632 8931 8930
f 6634 8932 8931
f 6636 8933 8932
f 6638 6616 8937
f 6915 6618 8923
f 8923 6617 8936
f 8935 8934 8937
f 8937 6616 8935
f 8936 6620 8925
f 6638 8937 8933
f 8923 8936 8924
f 8934 8933 8937
f 6916 8923 8924
f 8936 8925 8924
f 8938 8939 6664
f 6664 6667 8938
f 6669 6671 8940
f 8152 8941 6662
f 8152 8154 8941
f 8154 7019 7020
f 7022 7021 8942
f 7024 7022 8943
f 7026 7024 8944
f 7024 8943 8944
f 7027 7026 8940
f 7020 7029 8945
f 7022 8942 8943
f 6663 6662 8941
f 6669 8940 8944
f 6667 6669 8944
f 6671 6663 8946
f 6671 8946 8940
f 8154 7020 8945
f 6663 8941 8946
f 7026 8944 8940
f 7029 7027 8947
f 8942 8939 8943
f 8945 7029 8947
f 8938 6667 8944
f 8944 8943 8938
f 6665 6664 8939
f 8939 8938 8943
f 8947 7027 8940
f 8940 8946 8947
f 8941 8154 8945
f 8946 8941 8945
f 8945 8947 8946
f 6665 8939 6666
f 8939 8942 8948
f 8942 7021 7023
f 7023 7031 8949
f 7033 7035 8950
f 7035 7037 6678
f 7037 7039 6679
f 7039 7041 6681
f 7041 7043 6682
f 7043 7045 6684
f 7047 8951 7045
f 6963 6962 8920
f 8906 6597 6599
f 8920 8906 8952
f 8906 6599 8952
f 6673 6666 8953
f 6675 6673 8954
f 6673 8953 8954
f 6676 6675 8950
f 6679 6678 7037
f 6681 6679 7039
f 6682 6681 7041
f 6684 6682 7043
f 6685 6684 7045
f 6963 8920 8952
f 8942 7023 8948
f 7023 8949 8948
f 7031 7033 8955
f 6678 6676 7035
f 7047 6963 8951
f 6675 8954 8950
f 8950 7035 6676
f 6700 6685 8951
f 8951 8952 6700
f 6666 8939 8948
f 6685 7045 8951
f 8948 8949 8953
f 8949 7031 8955
f 6666 8948 8953
f 8951 6963 8952
f 6599 6700 8952
f 8949 8955 8953
f 8955 7033 8950
f 8954 8953 8955
f 8954 8955 8950
f 7494 7493 8956
f 7496 7494 8957
f 7498 7496 8958
f 7496 8957 8958
f 7499 7498 8959
f 7498 8958 8959
f 7501 7499 8960
f 7499 8959 8960
f 7502 7501 8961
f 7501 8960 8961
f 7504 7502 8962
f 7502 8961 8962
f 7505 7504 8963
f 7504 8962 8963
f 7507 7505 8964
f 7505 8963 8964
f 7508 7507 8965
f 7507 8964 8965
f 7510 7508 8966
f 8967 8966 8968
f 7129 8967 7127
f 7109 7108 8969
f 7111 7113 8958
f 7113 7115 8959
f 7115 7117 8960
f 7117 7119 8961
f 7119 7121 8962
f 7121 7123 8963
f 7123 7125 8964
f 8969 7108 8970
f 8956 8969 8970
f 8966 7508 8968
f 7127 8967 8968
f 8960 7117 8961
f 8959 7115 8960
f 8958 7113 8959
f 7108 7111 8971
f 7119 8962 8961
f 7121 8963 8962
f 7123 8964 8963
f 8968 7508 8965
f 7125 7127 8972
f 7494 8956 8970
f 8970 7108 8971
f 8957 7494 8970
f 8957 8970 8971
f 7127 8968 8972
f 8971 7111 8958
f 8972 8968 8965
f 8965 8964 8972
f 8971 8958 8957
f 7125 8972 8964
f 7512 8973 7304
f 7306 7305 8973
f 7194 7306 7131
f 7132 7131 8974
f 7134 7132 8975
f 7132 8974 8975
f 7135 7134 8976
f 7134 8975 8976
f 7137 7135 8977
f 7135 8976 8977
f 7138 7137 8978
f 7137 8977 8978
f 7140 7138 8979
f 7138 8978 8979
f 7141 7140 8980
f 7140 8979 8980
f 7143 7141 8981
f 7141 8980 8981
f 7144 7143 8982
f 7143 8981 8982
f 7146 7144 8983
f 7144 8982 8983
f 7130 7146 8984
f 7146 8983 8984
f 7129 7130 8967
f 8966 8985 7510
f 8966 8967 8985
f 7511 7510 8985
f 7513 7515 8975
f 7515 7517 8976
f 7517 7519 8977
f 7519 7521 8978
f 7521 7523 8979
f 7523 7525 8980
f 7525 7527 8981
f 7527 7529 8982
f 7529 7531 8983
f 7305 7304 8973
f 8967 7130 8984
f 8977 7519 8978
f 8976 7517 8977
f 8975 7515 8976
f 7512 7513 8986
f 7521 8979 8978
f 7523 8980 8979
f 7525 8981 8980
f 7527 8982 8981
f 7529 8983 8982
f 8973 7512 8986
f 7531 7511 8987
f 7131 7306 8974
f 7531 8987 8983
f 7511 8985 8987
f 8986 7513 8975
f 8973 8986 8974
f 8987 8985 8984
f 8983 8987 8984
f 8967 8984 8985
f 7306 8973 8974
f 8974 8986 8975
f 7550 8988 7551
f 7550 7553 8989
f 7555 7557 8990
f 7559 7561 8111
f 8111 8113 8991
f 8113 7207 7209
f 7167 7166 8992
f 7169 7167 8993
f 7167 8992 8993
f 7171 7169 8994
f 7172 7171 8990
f 8992 8995 8993
f 7559 8111 8991
f 8113 7209 8991
f 8989 7553 8994
f 7555 8990 8994
f 7553 7555 8994
f 7557 7559 8991
f 8991 7209 7172
f 7557 8991 8990
f 8990 7171 8994
f 8996 1902 2232
f 8995 7551 8988
f 8995 8988 8993
f 8989 8994 7169
f 8988 7550 8989
f 7172 8990 8991
f 8989 7169 8993
f 8905 8996 2232
f 8988 8989 8993
f 7551 8995 7552
f 8995 8992 8997
f 8992 7166 7168
f 7168 7174 8998
f 7176 7178 8999
f 7178 7180 7567
f 7180 7182 7569
f 7182 7184 7570
f 7184 7186 7572
f 7186 7188 7573
f 7190 7192 9000
f 9001 7110 8969
f 8956 7493 7495
f 8969 8956 9001
f 8956 7495 9001
f 7564 7552 9002
f 7569 7567 7180
f 7570 7569 7182
f 7572 7570 7184
f 7573 7572 7186
f 7575 7573 7188
f 7576 7575 9000
f 7495 7576 9003
f 9001 7495 9003
f 7576 9000 9003
f 7109 8969 7110
f 8992 7168 8997
f 7168 8998 8997
f 7174 7176 9004
f 7567 7566 7178
f 7575 7188 9000
f 7192 7110 9003
f 7564 9002 8999
f 7566 7564 8999
f 8999 7178 7566
f 7192 9003 9000
f 7552 8995 8997
f 7110 9001 9003
f 8997 8998 9002
f 8998 7174 9004
f 8997 9002 7552
f 7188 7190 9000
f 9002 8998 9004
f 9004 7176 8999
f 9004 8999 9002
f 7312 7311 9005
f 7314 7312 9006
f 7316 7314 9007
f 7314 9006 9007
f 7317 7316 9008
f 7316 9007 9008
f 7319 7317 7690
f 7320 7319 7692
f 7322 7320 7694
f 7323 7322 7696
f 7326 7325 9009
f 7328 7326 9010
f 7326 9009 9010
f 7329 7328 9011
f 9012 9011 9013
f 7704 9012 9014
f 7702 7704 9014
f 9012 9013 9014
f 7684 7683 9015
f 7683 7686 9016
f 7686 7688 9007
f 7690 7692 7319
f 7692 7694 7320
f 7694 7696 7322
f 7698 7700 9009
f 9005 9015 9017
f 9015 7683 9017
f 9006 7312 9017
f 7323 7696 7698
f 9011 7328 9010
f 9017 7312 9005
f 7700 7702 9018
f 9007 7688 9008
f 7325 7323 9009
f 7698 9009 7323
f 7702 9014 9018
f 9016 7686 9007
f 7688 7690 9008
f 9006 9017 9016
f 9006 9016 9007
f 9017 7683 9016
f 9018 9014 9013
f 7690 7317 9008
f 9018 9013 9010
f 7700 9018 9009
f 9018 9010 9009
f 9013 9011 9010
f 7644 7332 7331
f 7645 7644 9019
f 7646 7645 7706
f 7707 7706 9020
f 7709 7707 9021
f 7707 9020 9021
f 7710 7709 9022
f 7709 9021 9022
f 7712 7710 9023
f 7710 9022 9023
f 7713 7712 9024
f 7712 9023 9024
f 7715 7713 9025
f 7713 9024 9025
f 7716 7715 9026
f 7715 9025 9026
f 7718 7716 9027
f 7716 9026 9027
f 7719 7718 9028
f 7718 9027 9028
f 7721 7719 9029
f 7719 9028 9029
f 7722 7721 9030
f 7721 9029 9030
f 7705 7722 9031
f 7722 9030 9031
f 7704 7705 9012
f 7329 9011 7330
f 9011 9012 9032
f 7330 9011 9032
f 7331 7334 9033
f 9021 9033 7336
f 7336 7338 9022
f 7338 7340 9023
f 7340 7342 9024
f 7342 7344 9025
f 7344 7346 9026
f 7346 7348 9027
f 7348 7350 9028
f 7350 7352 9028
f 7352 7354 9029
f 7356 9034 7354
f 7706 7645 9019
f 9012 7705 9032
f 7705 9031 9032
f 9022 7338 9023
f 9021 7336 9022
f 7340 9024 9023
f 7342 9025 9024
f 7344 9026 9025
f 7346 9027 9026
f 7348 9028 9027
f 9028 7352 9029
f 9029 7354 9030
f 7356 7330 9034
f 7644 7331 9019
f 9020 7706 9019
f 9030 7354 9034
f 9032 9031 9034
f 7330 9032 9034
f 7334 7336 9033
f 9030 9034 9031
f 9019 7331 9033
f 9020 9019 9033
f 9020 9033 9021
f 7382 7381 9035
f 7381 7384 9036
f 7386 7388 9037
f 7380 7379 8130
f 8130 8132 9038
f 8132 7738 7740
f 9039 9040 7741
f 7744 7742 9036
f 7747 7746 9037
f 7380 8130 9038
f 8132 7740 9038
f 9036 7384 9041
f 7744 9036 9041
f 7384 7386 9041
f 7386 9037 9041
f 7388 7380 9038
f 7744 9041 7746
f 9038 7740 7747
f 7388 9038 9037
f 9037 7746 9041
f 9039 9035 9040
f 9035 7381 9040
f 8996 4673 1902
f 7742 7741 9040
f 7747 9037 9038
f 7381 9036 9040
f 9036 7742 9040
f 4666 9042 8051
f 7382 9035 7383
f 9035 9039 9043
f 9039 7741 7743
f 7743 7749 9044
f 7751 7753 9045
f 7755 7757 9046
f 7757 7759 7398
f 7759 7761 7399
f 7761 7763 7401
f 7763 7765 7402
f 7767 7769 9047
f 7685 7684 9015
f 9005 7311 7313
f 9015 9005 9048
f 9005 7313 9048
f 7390 7383 9049
f 7392 7390 9050
f 7390 9049 9050
f 7393 7392 9045
f 7399 7398 7759
f 7401 7399 7761
f 7407 7405 9051
f 7313 7407 9052
f 9048 7313 9052
f 7407 9051 9052
f 7685 9015 9048
f 9039 7743 9043
f 7743 9044 9043
f 7751 9045 9050
f 7749 7751 9050
f 7753 7755 9053
f 7757 7398 7396
f 7763 7402 7401
f 7765 7767 9054
f 7769 7685 9055
f 7392 9050 9045
f 7395 7393 9056
f 9054 7767 9047
f 7404 7402 9054
f 7405 7404 9054
f 7753 9053 9045
f 7383 9035 9043
f 7402 7765 9054
f 9053 7755 9046
f 9043 9044 9049
f 9044 7749 9050
f 9049 9044 9050
f 7685 9048 9055
f 7769 9055 9047
f 9055 9048 9052
f 9049 7383 9043
f 7396 7395 9046
f 7757 7396 9046
f 9052 9051 9055
f 7405 9054 9047
f 9056 7393 9045
f 7395 9056 9046
f 9051 7405 9047
f 9047 9055 9051
f 9045 9053 9056
f 9046 9056 9053
f 9057 9058 9059
f 9058 9060 9061
f 9060 7872 7929
f 9057 9062 9058
f 9062 9063 9064
f 9065 9066 9067
f 9068 9069 9070
f 9071 9042 9072
f 9073 9074 9075
f 9076 9077 9078
f 9079 9080 9081
f 9082 9083 9084
f 9085 9086 9087
f 9088 9089 9090
f 9091 9092 9093
f 9094 9095 9096
f 9097 9098 9099
f 9100 9101 9102
f 9060 9058 9103
f 7872 9060 7873
f 7875 7873 9104
f 7877 7875 9105
f 7875 9104 9105
f 7879 7877 9106
f 7877 9105 9106
f 7881 7879 9107
f 7879 9106 9107
f 7883 7881 9108
f 7881 9107 9108
f 7885 7883 9109
f 7883 9108 9109
f 7887 7885 9110
f 7885 9109 9110
f 7889 7887 9111
f 7887 9110 9111
f 7891 7889 9112
f 7889 9111 9112
f 7893 7891 9113
f 7891 9112 9113
f 7895 7893 9114
f 7893 9113 9114
f 7897 7895 9115
f 7895 9114 9115
f 7899 7897 9116
f 7897 9115 9116
f 7901 7899 9117
f 7899 9116 9117
f 7903 7901 9118
f 7901 9117 9118
f 7905 7903 9119
f 7903 9118 9119
f 7907 7905 9120
f 7905 9119 9120
f 7909 7907 9121
f 7907 9120 9121
f 7911 7909 9122
f 7909 9121 9122
f 7913 7911 9123
f 7911 9122 9123
f 7915 7913 9124
f 7913 9123 9124
f 7917 7915 9125
f 7915 9124 9125
f 7919 7917 9126
f 7917 9125 9126
f 7921 7919 9127
f 7919 9126 9127
f 7923 7921 9128
f 7921 9127 9128
f 7925 7923 9129
f 7923 9128 9129
f 7927 7925 9130
f 7925 9129 9130
f 7929 7927 9131
f 7927 9130 9131
f 9059 9058 9061
f 9060 7929 9061
f 9063 9065 9132
f 9066 9068 9133
f 9069 9071 9134
f 9042 9073 9135
f 9074 9076 9136
f 9077 9079 9137
f 9080 9082 9138
f 9083 9085 9139
f 9084 9083 9139
f 9085 9087 9139
f 9086 9088 9140
f 9089 9091 9141
f 9092 9094 9142
f 9095 9097 9143
f 9098 9100 9144
f 9101 9059 9145
f 7873 9060 9103
f 9134 9071 9072
f 9058 9062 9103
f 9133 9068 9070
f 9070 9069 9134
f 9072 9042 9135
f 9075 9074 9136
f 9078 9077 9137
f 9081 9080 9138
f 9140 9088 9090
f 9087 9086 9140
f 9090 9089 9141
f 9093 9092 9142
f 9096 9095 9143
f 9099 9098 9144
f 9102 9101 9145
f 9135 9073 9075
f 9136 9076 9078
f 9137 9079 9081
f 9138 9082 9084
f 9142 9094 9096
f 9143 9097 9099
f 9144 9100 9102
f 9063 9132 9064
f 9132 9065 9067
f 9066 9133 9067
f 9141 9091 9093
f 9141 9093 9123
f 9132 9067 9106
f 9067 9133 9107
f 9106 9067 9107
f 9070 9134 9109
f 9072 9135 9111
f 9103 9062 9064
f 9113 9112 9136
f 9136 9078 9113
f 9078 9137 9114
f 9137 9081 9115
f 9081 9138 9116
f 9138 9084 9117
f 9140 9090 9122
f 9142 9096 9126
f 9090 9141 9123
f 9123 9093 9124
f 9087 9140 9121
f 9093 9142 9124
f 9096 9143 9127
f 9143 9099 9128
f 9099 9144 9129
f 9144 9102 9130
f 9102 9145 9130
f 9064 9132 9105
f 9135 9075 9111
f 9134 9072 9110
f 7873 9103 9104
f 9061 7929 9131
f 9106 9105 9132
f 9070 9109 9108
f 9107 9133 9108
f 9070 9108 9133
f 9110 9109 9134
f 9111 9110 9072
f 9114 9113 9078
f 9115 9114 9137
f 9116 9115 9081
f 9117 9116 9138
f 9118 9117 9084
f 9119 9118 9139
f 9120 9119 9139
f 9121 9120 9087
f 9122 9121 9140
f 9123 9122 9090
f 9127 9126 9096
f 9128 9127 9143
f 9129 9128 9099
f 9130 9129 9144
f 9131 9130 9145
f 9087 9120 9139
f 9103 9064 9104
f 9118 9084 9139
f 9104 9064 9105
f 9142 9126 9125
f 9124 9142 9125
f 9131 9145 9061
f 9111 9075 9112
f 9075 9136 9112
f 9059 9061 9145
f 9062 9057 4667
f 9063 9062 4673
f 9062 4667 4673
f 9065 9063 8996
f 9063 4673 8996
f 9066 9065 8996
f 9068 9066 8905
f 9066 8996 8905
f 9069 9068 4648
f 9068 8905 4648
f 9071 9069 8051
f 9042 9071 8051
f 9069 4648 8051
f 9073 9042 4666
f 9074 9073 8763
f 9073 4666 8763
f 9076 9074 8709
f 9074 8763 8709
f 9077 9076 8709
f 9079 9077 8066
f 9077 8709 8066
f 9080 9079 4647
f 9079 8066 4647
f 9082 9080 7297
f 9083 9082 7297
f 9080 4647 7297
f 9085 9083 4503
f 9086 9085 4613
f 9085 4503 4613
f 9088 9086 6596
f 9086 4613 6596
f 9089 9088 6596
f 9091 9089 6584
f 9089 6596 6584
f 9092 9091 6583
f 9091 6584 6583
f 9094 9092 5209
f 9092 6583 5209
f 9095 9094 5209
f 9097 9095 5156
f 9095 5209 5156
f 9098 9097 5169
f 9100 9098 5169
f 9097 5156 5169
f 9101 9100 4684
f 9100 5169 4684
f 9059 9101 4505
f 9101 4684 4505
f 9057 9059 4581
f 4667 9057 4581
f 9059 4505 4581
f 9083 7297 4503
