# Combined OBJ with one region per STL
o walls
g walls
v 0.042 0.0 0.012
v 0.042 -1.028703e-17 0.01401613
v 0.04195243 -0.00199844 0.012
v 0.042 -1.028703e-17 0.01603226
v 0.0419634 -0.001753097 0.01476004
v 0.042 -1.028703e-17 0.01804839
v 0.042 -1.028703e-17 0.02006452
v 0.04196089 -0.00181199 0.0189977
v 0.042 -1.028703e-17 0.02208065
v 0.042 -1.028703e-17 0.02409677
v 0.04196234 -0.001778261 0.02307898
v 0.042 -1.028703e-17 0.0261129
v 0.042 -1.028703e-17 0.02812903
v 0.04196325 -0.001756555 0.02711816
v 0.042 -1.028703e-17 0.03014516
v 0.042 -1.028703e-17 0.03216129
v 0.04196391 -0.001740744 0.03115106
v 0.042 -1.028703e-17 0.03417742
v 0.042 -1.028703e-17 0.03619355
v 0.04196419 -0.001733968 0.03518447
v 0.042 -1.028703e-17 0.03820968
v 0.042 -1.028703e-17 0.04022581
v 0.04196427 -0.001732124 0.03921736
v 0.042 -1.028703e-17 0.04224194
v 0.042 -1.028703e-17 0.04425806
v 0.04196428 -0.001731723 0.04324986
v 0.042 -1.028703e-17 0.04627419
v 0.042 -1.028703e-17 0.04829032
v 0.04196429 -0.001731611 0.0472822
v 0.042 -1.028703e-17 0.05030645
v 0.042 -1.028703e-17 0.05232258
v 0.04196429 -0.001731558 0.05131449
v 0.042 -1.028703e-17 0.05433871
v 0.042 -1.028703e-17 0.05635484
v 0.04196429 -0.001731531 0.05534676
v 0.042 -1.028703e-17 0.05837097
v 0.042 -1.028703e-17 0.0603871
v 0.04196429 -0.001731519 0.05937903
v 0.042 -1.028703e-17 0.06240323
v 0.042 -1.028703e-17 0.06441935
v 0.04196429 -0.001731513 0.06341129
v 0.042 -1.028703e-17 0.06643548
v 0.042 -1.028703e-17 0.06845161
v 0.04196429 -0.001731511 0.06744355
v 0.042 -1.028703e-17 0.07046774
v 0.042 -1.028703e-17 0.07248387
v 0.04196429 -0.00173151 0.07147581
v 0.042 -1.028703e-17 0.0745
v 0.042 -1.028703e-17 0.07651613
v 0.04196429 -0.001731509 0.07550806
v 0.042 -1.028703e-17 0.07853226
v 0.042 -1.028703e-17 0.08054839
v 0.04196429 -0.001731509 0.07954032
v 0.042 -1.028703e-17 0.08256452
v 0.042 -1.028703e-17 0.08458065
v 0.04196429 -0.00173151 0.08357258
v 0.042 -1.028703e-17 0.08659677
v 0.042 -1.028703e-17 0.0886129
v 0.04196429 -0.001731511 0.08760484
v 0.042 -1.028703e-17 0.09062903
v 0.042 -1.028703e-17 0.09264516
v 0.04196429 -0.001731513 0.0916371
v 0.042 -1.028703e-17 0.09466129
v 0.042 -1.028703e-17 0.09667742
v 0.04196429 -0.001731522 0.09566936
v 0.042 -1.028703e-17 0.09869355
v 0.042 -1.028703e-17 0.1007097
v 0.04196429 -0.001731551 0.09970164
v 0.042 -1.028703e-17 0.1027258
v 0.042 -1.028703e-17 0.1047419
v 0.04196429 -0.001731629 0.1037339
v 0.042 -1.028703e-17 0.1067581
v 0.042 -1.028703e-17 0.1087742
v 0.04196428 -0.001731791 0.1077663
v 0.042 -1.028703e-17 0.1107903
v 0.042 -1.028703e-17 0.1128065
v 0.04196427 -0.001732066 0.1117986
v 0.042 -1.028703e-17 0.1148226
v 0.042 -1.028703e-17 0.1168387
v 0.04196426 -0.001732384 0.1158303
v 0.042 -1.028703e-17 0.1188548
v 0.042 -1.028703e-17 0.120871
v 0.04196422 -0.001733159 0.1198603
v 0.042 -1.028703e-17 0.1228871
v 0.042 -1.028703e-17 0.1249032
v 0.04196421 -0.001733405 0.1238823
v 0.042 -1.028703e-17 0.1269194
v 0.042 -1.028703e-17 0.1289355
v 0.04196501 -0.001714144 0.1278886
v 0.042 -1.028703e-17 0.1309516
v 0.042 -1.028703e-17 0.1329677
v 0.0419625 -0.001774478 0.1318887
v 0.042 -1.028703e-17 0.1349839
v 0.042 -1.028703e-17 0.137
v 0.04195243 -0.00199844 0.137
v 0.04195243 0.00199844 0.012
v 0.04180982 0.003992354 0.012
v 0.04189519 0.002965365 0.01381225
v 0.0415725 0.005977223 0.012
v 0.04124101 0.007948552 0.012
v 0.0413972 0.007090256 0.01361321
v 0.04081609 0.009901875 0.012
v 0.0402987 0.01183277 0.012
v 0.0405544 0.01092433 0.01370666
v 0.03969003 0.01373685 0.012
v 0.03899145 0.01560982 0.012
v 0.03934823 0.0146873 0.01373631
v 0.03820454 0.01744743 0.012
v 0.03733109 0.01924551 0.012
v 0.03777593 0.01835698 0.01373023
v 0.03637307 0.021 0.012
v 0.03533265 0.02270691 0.012
v 0.03586193 0.02186142 0.01373099
v 0.03421219 0.02436239 0.012
v 0.03301423 0.02596268 0.012
v 0.03362244 0.02517006 0.01373146
v 0.03174148 0.02750415 0.012
v 0.03039683 0.02898332 0.012
v 0.03107781 0.02825189 0.01373152
v 0.02898332 0.03039683 0.012
v 0.02750415 0.03174148 0.012
v 0.02825163 0.03107806 0.01373176
v 0.02596268 0.03301423 0.012
v 0.02436239 0.03421219 0.012
v 0.02516961 0.03362277 0.01373192
v 0.02270691 0.03533265 0.012
v 0.021 0.03637307 0.012
v 0.02185964 0.03586302 0.01373199
v 0.01924551 0.03733109 0.012
v 0.01744743 0.03820454 0.012
v 0.01835167 0.03777852 0.013732
v 0.01560982 0.03899145 0.012
v 0.01373685 0.03969003 0.012
v 0.0146775 0.03935189 0.013732
v 0.01183277 0.0402987 0.012
v 0.009901875 0.04081609 0.012
v 0.0108704 0.04056888 0.013732
v 0.007948552 0.04124101 0.012
v 0.005977223 0.0415725 0.012
v 0.00696486 0.04141848 0.013732
v 0.003992354 0.04180982 0.012
v 0.00199844 0.04195243 0.012
v 0.002996245 0.04189299 0.013732
v 1.611116e-16 0.042 0.012
v -0.00199844 0.04195243 0.012
v -0.0009995052 0.04198811 0.013732
v -0.003992354 0.04180982 0.012
v -0.005977223 0.0415725 0.012
v -0.004986203 0.04170297 0.013732
v -0.007948552 0.04124101 0.012
v -0.009901875 0.04081609 0.012
v -0.008927745 0.04104017 0.013732
v -0.01183277 0.0402987 0.012
v -0.01373685 0.03969003 0.012
v -0.01278844 0.0400057 0.013732
v -0.01560982 0.03899145 0.012
v -0.01744743 0.03820454 0.012
v -0.01653331 0.03860893 0.013732
v -0.01924551 0.03733109 0.012
v -0.021 0.03637307 0.012
v -0.02012846 0.03686252 0.013732
v -0.02270691 0.03533265 0.012
v -0.02436239 0.03421219 0.012
v -0.02354132 0.03478227 0.013732
v -0.02596268 0.03301423 0.012
v -0.02750415 0.03174148 0.012
v -0.02674099 0.03238703 0.013732
v -0.02898332 0.03039683 0.012
v -0.03039683 0.02898332 0.012
v -0.02969849 0.02969848 0.013732
v -0.03174148 0.02750415 0.012
v -0.03301423 0.02596268 0.012
v -0.03238703 0.02674099 0.013732
v -0.03421219 0.02436239 0.012
v -0.03533265 0.02270691 0.012
v -0.03478227 0.02354132 0.013732
v -0.03637307 0.021 0.012
v -0.03733109 0.01924551 0.012
v -0.03686252 0.02012846 0.013732
v -0.03820454 0.01744743 0.012
v -0.03899145 0.01560982 0.012
v -0.03860893 0.01653331 0.013732
v -0.03969003 0.01373685 0.012
v -0.0402987 0.01183277 0.012
v -0.0400057 0.01278843 0.013732
v -0.04081609 0.009901875 0.012
v -0.04124101 0.007948552 0.012
v -0.04104017 0.008927741 0.013732
v -0.0415725 0.005977223 0.012
v -0.04180982 0.003992354 0.012
v -0.04170297 0.004986199 0.013732
v -0.04195243 0.00199844 0.012
v -0.042 -2.373292e-16 0.012
v -0.04198811 0.0009995021 0.013732
v -0.04195243 -0.00199844 0.012
v -0.04180982 -0.003992354 0.012
v -0.04189299 -0.002996247 0.013732
v -0.0415725 -0.005977223 0.012
v -0.04124101 -0.007948552 0.012
v -0.04141848 -0.006964861 0.013732
v -0.04081609 -0.009901875 0.012
v -0.0402987 -0.01183277 0.012
v -0.04056888 -0.0108704 0.013732
v -0.03969003 -0.01373685 0.012
v -0.03899145 -0.01560982 0.012
v -0.03935189 -0.0146775 0.013732
v -0.03820454 -0.01744743 0.012
v -0.03733109 -0.01924551 0.012
v -0.03777852 -0.01835167 0.013732
v -0.03637307 -0.021 0.012
v -0.03533265 -0.02270691 0.012
v -0.03586301 -0.02185965 0.013732
v -0.03421219 -0.02436239 0.012
v -0.03301423 -0.02596268 0.012
v -0.03362273 -0.02516966 0.013732
v -0.03174148 -0.02750415 0.012
v -0.03039683 -0.02898332 0.012
v -0.03107796 -0.02825174 0.013732
v -0.02898332 -0.03039683 0.012
v -0.02750415 -0.03174148 0.012
v -0.02825174 -0.03107796 0.013732
v -0.02596268 -0.03301423 0.012
v -0.02436239 -0.03421219 0.012
v -0.02516966 -0.03362273 0.013732
v -0.02270691 -0.03533265 0.012
v -0.021 -0.03637307 0.012
v -0.02185965 -0.03586301 0.013732
v -0.01924551 -0.03733109 0.012
v -0.01744743 -0.03820454 0.012
v -0.01835167 -0.03777852 0.013732
v -0.01560982 -0.03899145 0.012
v -0.01373685 -0.03969003 0.012
v -0.01467749 -0.03935189 0.013732
v -0.01183277 -0.0402987 0.012
v -0.009901875 -0.04081609 0.012
v -0.0108704 -0.04056888 0.013732
v -0.007948552 -0.04124101 0.012
v -0.005977223 -0.0415725 0.012
v -0.006964859 -0.04141848 0.013732
v -0.003992354 -0.04180982 0.012
v -0.00199844 -0.04195243 0.012
v -0.002996244 -0.04189299 0.013732
v -4.926607e-16 -0.042 0.012
v 0.00199844 -0.04195243 0.012
v 0.0009995048 -0.04198811 0.013732
v 0.003992354 -0.04180982 0.012
v 0.005977223 -0.0415725 0.012
v 0.004986202 -0.04170297 0.013732
v 0.007948552 -0.04124101 0.012
v 0.009901875 -0.04081609 0.012
v 0.008927744 -0.04104017 0.013732
v 0.01183277 -0.0402987 0.012
v 0.01373685 -0.03969003 0.012
v 0.01278844 -0.0400057 0.013732
v 0.01560982 -0.03899145 0.012
v 0.01744743 -0.03820454 0.012
v 0.01653332 -0.03860893 0.01373202
v 0.01924551 -0.03733109 0.012
v 0.021 -0.03637307 0.012
v 0.02012849 -0.0368625 0.01373206
v 0.02270691 -0.03533265 0.012
v 0.02436239 -0.03421219 0.012
v 0.02354138 -0.03478223 0.01373214
v 0.02596268 -0.03301423 0.012
v 0.02750415 -0.03174148 0.012
v 0.02674109 -0.03238695 0.01373227
v 0.02898332 -0.03039683 0.012
v 0.03039683 -0.02898332 0.012
v 0.02969872 -0.02969825 0.01373246
v 0.03174148 -0.02750415 0.012
v 0.03301423 -0.02596268 0.012
v 0.03238783 -0.02674001 0.01373316
v 0.03421219 -0.02436239 0.012
v 0.03533265 -0.02270691 0.012
v 0.03478439 -0.02353819 0.01373521
v 0.03637307 -0.021 0.012
v 0.03733109 -0.01924551 0.012
v 0.0368662 -0.02012172 0.01373732
v 0.03820454 -0.01744743 0.012
v 0.03899145 -0.01560982 0.012
v 0.03861289 -0.01652407 0.01373073
v 0.03969003 -0.01373685 0.012
v 0.0402987 -0.01183277 0.012
v 0.04000897 -0.01277821 0.01371364
v 0.04081609 -0.009901875 0.012
v 0.04124101 -0.007948552 0.012
v 0.04104162 -0.008921082 0.01371153
v 0.0415725 -0.005977223 0.012
v 0.04180982 -0.003992354 0.012
v 0.04169752 -0.005031598 0.01374856
v 0.04195243 0.00199844 0.137
v 0.04180982 0.003992354 0.137
v 0.04193929 0.002257418 0.1348013
v 0.0415725 0.005977223 0.137
v 0.04175235 0.004554243 0.1348555
v 0.04124101 0.007948552 0.137
v 0.04145075 0.006770183 0.1350198
v 0.04081609 0.009901875 0.137
v 0.04105025 0.008881257 0.1351561
v 0.0402987 0.01183277 0.137
v 0.04055899 0.01090726 0.1352369
v 0.03969003 0.01373685 0.137
v 0.03998023 0.01286784 0.1352762
v 0.03899145 0.01560982 0.137
v 0.03931528 0.01477528 0.1352924
v 0.03820454 0.01744743 0.137
v 0.03856447 0.01663675 0.1352991
v 0.03733109 0.01924551 0.137
v 0.03772789 0.01845552 0.135303
v 0.03637307 0.021 0.137
v 0.03680621 0.02023124 0.1353056
v 0.03533265 0.02270691 0.137
v 0.03580129 0.02196059 0.1353072
v 0.03421219 0.02436239 0.137
v 0.03471548 0.02363971 0.1353079
v 0.03301423 0.02596268 0.137
v 0.0335512 0.02526494 0.135308
v 0.03174148 0.02750415 0.137
v 0.03231101 0.02683279 0.135308
v 0.03039683 0.02898332 0.137
v 0.03099766 0.02833981 0.135308
v 0.02898332 0.03039683 0.137
v 0.02961409 0.02978264 0.135308
v 0.02750415 0.03174148 0.137
v 0.02816344 0.031158 0.135308
v 0.02596268 0.03301423 0.137
v 0.02664897 0.03246278 0.1353081
v 0.02436239 0.03421219 0.137
v 0.02507414 0.03369402 0.1353081
v 0.02270691 0.03533265 0.137
v 0.02344251 0.03484894 0.1353081
v 0.021 0.03637307 0.137
v 0.02175778 0.03592491 0.1353081
v 0.01924551 0.03733109 0.137
v 0.02002376 0.03691949 0.1353081
v 0.01744743 0.03820454 0.137
v 0.01824438 0.03783045 0.1353081
v 0.01560982 0.03899145 0.137
v 0.01642367 0.0386557 0.1353081
v 0.01373685 0.03969003 0.137
v 0.01456576 0.03939338 0.1353081
v 0.01183277 0.0402987 0.137
v 0.01267485 0.04004183 0.1353081
v 0.009901875 0.04081609 0.137
v 0.01075522 0.04059957 0.1353081
v 0.007948552 0.04124101 0.137
v 0.008811234 0.04106534 0.1353081
v 0.005977223 0.0415725 0.137
v 0.006847287 0.04143808 0.1353081
v 0.003992354 0.04180982 0.137
v 0.004867828 0.04171695 0.1353081
v 0.00199844 0.04195243 0.137
v 0.002877341 0.04190132 0.1353081
v 1.611116e-16 0.042 0.137
v 0.0008803372 0.04199077 0.1353081
v -0.00199844 0.04195243 0.137
v -0.001118661 0.0419851 0.1353081
v -0.003992354 0.04180982 0.137
v -0.003115126 0.04188432 0.1353081
v -0.005977223 0.0415725 0.137
v -0.005104533 0.04168865 0.1353081
v -0.007948552 0.04124101 0.137
v -0.007082378 0.04139855 0.1353081
v -0.009901875 0.04081609 0.137
v -0.009044178 0.04101467 0.1353081
v -0.01183277 0.0402987 0.137
v -0.01098549 0.04053787 0.1353081
v -0.01373685 0.03969003 0.137
v -0.01290192 0.03996924 0.1353081
v -0.01560982 0.03899145 0.137
v -0.01478912 0.03931008 0.1353081
v -0.01744743 0.03820454 0.137
v -0.01664281 0.03856186 0.1353081
v -0.01924551 0.03733109 0.137
v -0.01845881 0.03772628 0.1353081
v -0.021 0.03637307 0.137
v -0.02023299 0.03680524 0.1353081
v -0.02270691 0.03533265 0.137
v -0.02196134 0.03580083 0.1353081
v -0.02436239 0.03421219 0.137
v -0.02363994 0.03471532 0.1353081
v -0.02596268 0.03301423 0.137
v -0.02526498 0.03355117 0.1353081
v -0.02750415 0.03174148 0.137
v -0.02683279 0.03231101 0.1353081
v -0.02898332 0.03039683 0.137
v -0.02833982 0.03099765 0.1353081
v -0.03039683 0.02898332 0.137
v -0.02978265 0.02961408 0.1353081
v -0.03174148 0.02750415 0.137
v -0.03115801 0.02816342 0.1353081
v -0.03301423 0.02596268 0.137
v -0.03246279 0.02664897 0.1353081
v -0.03421219 0.02436239 0.137
v -0.03369403 0.02507414 0.1353081
v -0.03533265 0.02270691 0.137
v -0.03484894 0.02344251 0.1353081
v -0.03637307 0.021 0.137
v -0.03592491 0.02175778 0.1353081
v -0.03733109 0.01924551 0.137
v -0.03691949 0.02002376 0.1353081
v -0.03820454 0.01744743 0.137
v -0.03783045 0.01824438 0.1353081
v -0.03899145 0.01560982 0.137
v -0.0386557 0.01642367 0.1353081
v -0.03969003 0.01373685 0.137
v -0.03939338 0.01456576 0.1353081
v -0.0402987 0.01183277 0.137
v -0.04004183 0.01267485 0.1353081
v -0.04081609 0.009901875 0.137
v -0.04059957 0.01075522 0.1353081
v -0.04124101 0.007948552 0.137
v -0.04106534 0.008811234 0.1353081
v -0.0415725 0.005977223 0.137
v -0.04143808 0.006847287 0.1353081
v -0.04180982 0.003992354 0.137
v -0.04171695 0.004867828 0.1353081
v -0.04195243 0.00199844 0.137
v -0.04190132 0.002877341 0.1353081
v -0.042 -2.373292e-16 0.137
v -0.04199077 0.0008803372 0.1353081
v -0.04195243 -0.00199844 0.137
v -0.0419851 -0.001118661 0.1353081
v -0.04180982 -0.003992354 0.137
v -0.04188432 -0.003115126 0.1353081
v -0.0415725 -0.005977223 0.137
v -0.04168865 -0.005104533 0.1353081
v -0.04124101 -0.007948552 0.137
v -0.04139855 -0.007082378 0.1353081
v -0.04081609 -0.009901875 0.137
v -0.04101467 -0.009044178 0.1353081
v -0.0402987 -0.01183277 0.137
v -0.04053787 -0.01098549 0.1353081
v -0.03969003 -0.01373685 0.137
v -0.03996924 -0.01290192 0.1353081
v -0.03899145 -0.01560982 0.137
v -0.03931008 -0.01478912 0.1353081
v -0.03820454 -0.01744743 0.137
v -0.03856186 -0.01664281 0.1353081
v -0.03733109 -0.01924551 0.137
v -0.03772628 -0.01845881 0.1353081
v -0.03637307 -0.021 0.137
v -0.03680524 -0.02023299 0.1353081
v -0.03533265 -0.02270691 0.137
v -0.03580083 -0.02196134 0.1353081
v -0.03421219 -0.02436239 0.137
v -0.03471532 -0.02363994 0.1353081
v -0.03301423 -0.02596268 0.137
v -0.03355117 -0.02526498 0.1353081
v -0.03174148 -0.02750415 0.137
v -0.03231101 -0.02683279 0.1353081
v -0.03039683 -0.02898332 0.137
v -0.03099765 -0.02833982 0.1353081
v -0.02898332 -0.03039683 0.137
v -0.02961408 -0.02978265 0.1353081
v -0.02750415 -0.03174148 0.137
v -0.02816342 -0.03115801 0.1353081
v -0.02596268 -0.03301423 0.137
v -0.02664897 -0.03246279 0.1353081
v -0.02436239 -0.03421219 0.137
v -0.02507414 -0.03369403 0.1353081
v -0.02270691 -0.03533265 0.137
v -0.02344251 -0.03484894 0.1353081
v -0.021 -0.03637307 0.137
v -0.02175778 -0.03592491 0.1353081
v -0.01924551 -0.03733109 0.137
v -0.02002376 -0.03691949 0.1353081
v -0.01744743 -0.03820454 0.137
v -0.01824438 -0.03783045 0.1353081
v -0.01560982 -0.03899145 0.137
v -0.01642367 -0.0386557 0.1353081
v -0.01373685 -0.03969003 0.137
v -0.01456576 -0.03939338 0.1353081
v -0.01183277 -0.0402987 0.137
v -0.01267485 -0.04004183 0.1353081
v -0.009901875 -0.04081609 0.137
v -0.01075522 -0.04059957 0.1353081
v -0.007948552 -0.04124101 0.137
v -0.008811234 -0.04106534 0.1353081
v -0.005977223 -0.0415725 0.137
v -0.006847287 -0.04143808 0.1353081
v -0.003992354 -0.04180982 0.137
v -0.004867828 -0.04171695 0.1353081
v -0.00199844 -0.04195243 0.137
v -0.002877341 -0.04190132 0.1353081
v -4.926607e-16 -0.042 0.137
v -0.0008803371 -0.04199077 0.1353081
v 0.00199844 -0.04195243 0.137
v 0.001118661 -0.0419851 0.1353081
v 0.003992354 -0.04180982 0.137
v 0.003115126 -0.04188432 0.1353081
v 0.005977223 -0.0415725 0.137
v 0.005104533 -0.04168865 0.1353081
v 0.007948552 -0.04124101 0.137
v 0.007082377 -0.04139855 0.1353081
v 0.009901875 -0.04081609 0.137
v 0.009044177 -0.04101467 0.1353081
v 0.01183277 -0.0402987 0.137
v 0.01098549 -0.04053787 0.1353081
v 0.01373685 -0.03969003 0.137
v 0.01290191 -0.03996925 0.1353081
v 0.01560982 -0.03899145 0.137
v 0.01478911 -0.03931008 0.1353081
v 0.01744743 -0.03820454 0.137
v 0.0166428 -0.03856186 0.1353081
v 0.01924551 -0.03733109 0.137
v 0.01845878 -0.0377263 0.1353081
v 0.021 -0.03637307 0.137
v 0.02023293 -0.03680528 0.1353081
v 0.02270691 -0.03533265 0.137
v 0.02196124 -0.03580089 0.1353082
v 0.02436239 -0.03421219 0.137
v 0.02363978 -0.03471543 0.1353082
v 0.02596268 -0.03301423 0.137
v 0.02526473 -0.03355136 0.1353083
v 0.02750415 -0.03174148 0.137
v 0.0268324 -0.03231133 0.1353084
v 0.02898332 -0.03039683 0.137
v 0.02833922 -0.0309982 0.1353086
v 0.03039683 -0.02898332 0.137
v 0.02978174 -0.029615 0.1353088
v 0.03174148 -0.02750415 0.137
v 0.03115663 -0.02816494 0.1353091
v 0.03301423 -0.02596268 0.137
v 0.03246073 -0.02665147 0.1353094
v 0.03421219 -0.02436239 0.137
v 0.033691 -0.02507821 0.1353099
v 0.03533265 -0.02270691 0.137
v 0.03484455 -0.02344904 0.1353104
v 0.03637307 -0.021 0.137
v 0.03591861 -0.02176818 0.1353112
v 0.03733109 -0.01924551 0.137
v 0.0369106 -0.02004016 0.1353125
v 0.03820454 -0.01744743 0.137
v 0.03781827 -0.01826961 0.1353145
v 0.03899145 -0.01560982 0.137
v 0.03863975 -0.01646115 0.1353172
v 0.03969003 -0.01373685 0.137
v 0.03937354 -0.01461932 0.1353197
v 0.0402987 -0.01183277 0.137
v 0.04001858 -0.01274808 0.1353203
v 0.04081609 -0.009901875 0.137
v 0.04057441 -0.01084974 0.1353173
v 0.04124101 -0.007948552 0.137
v 0.04104188 -0.00891985 0.1353073
v 0.0415725 -0.005977223 0.137
v 0.04142334 -0.00693589 0.1352665
v 0.04180982 -0.003992354 0.137
v 0.04171629 -0.004873514 0.1351758
v 0.0419092 -0.002760233 0.1352255
v 0.04193836 0.002274555 0.01569603
v 0.04195033 0.002041964 0.01767004
v 0.04195375 0.001970459 0.01966084
v 0.04195484 0.001947254 0.02165806
v 0.0419553 0.001937235 0.02366345
v 0.04195545 0.001933919 0.02567527
v 0.04195538 0.001935464 0.02768989
v 0.04195522 0.001939006 0.02970476
v 0.04195508 0.00194194 0.03171941
v 0.04195501 0.001943417 0.03373422
v 0.041955 0.001943774 0.03574956
v 0.041955 0.001943616 0.03776541
v 0.04195502 0.001943369 0.03978153
v 0.04195502 0.001943208 0.04179772
v 0.04195503 0.001943145 0.04381389
v 0.04195503 0.001943133 0.04583003
v 0.04195503 0.001943136 0.04784616
v 0.04195503 0.001943138 0.04986229
v 0.04195503 0.001943138 0.05187842
v 0.04195503 0.001943138 0.05389455
v 0.04195503 0.001943137 0.05591068
v 0.04195503 0.001943136 0.05792681
v 0.04195503 0.001943136 0.05994294
v 0.04195503 0.001943136 0.06195907
v 0.04195503 0.001943136 0.0639752
v 0.04195503 0.001943136 0.06599132
v 0.04195503 0.001943136 0.06800745
v 0.04195503 0.001943136 0.07002358
v 0.04195503 0.001943136 0.07203971
v 0.04195503 0.001943136 0.07405584
v 0.04195503 0.001943136 0.07607197
v 0.04195503 0.001943136 0.0780881
v 0.04195503 0.001943135 0.08010423
v 0.04195503 0.001943135 0.08212036
v 0.04195503 0.001943134 0.08413648
v 0.04195503 0.001943133 0.08615261
v 0.04195503 0.001943131 0.08816874
v 0.04195503 0.001943126 0.09018486
v 0.04195503 0.001943119 0.09220098
v 0.04195503 0.001943104 0.09421708
v 0.04195503 0.001943077 0.09623317
v 0.04195503 0.001943029 0.09824922
v 0.04195504 0.001942943 0.1002652
v 0.04195504 0.001942796 0.1022811
v 0.04195505 0.001942553 0.1042968
v 0.04195507 0.001942173 0.1063123
v 0.0419551 0.00194161 0.1083274
v 0.04195513 0.001940821 0.1103419
v 0.04195518 0.001939764 0.1123554
v 0.04195524 0.001938413 0.1143675
v 0.04195532 0.001936824 0.1163777
v 0.04195538 0.00193546 0.1183857
v 0.04195535 0.001936024 0.1203923
v 0.04195504 0.001942817 0.1224003
v 0.04195411 0.001962849 0.1244148
v 0.04195241 0.001998804 0.1264377
v 0.04195159 0.002016004 0.1284448
v 0.04196136 0.001801239 0.1302864
v 0.04191844 0.002616153 0.1324651
v 0.0419597 -0.001839368 0.01689552
v 0.04196134 -0.001801556 0.02104448
v 0.04196285 -0.001766051 0.02510089
v 0.04196365 -0.001747123 0.02913459
v 0.0419641 -0.001736075 0.03316791
v 0.04196425 -0.001732653 0.03720103
v 0.04196428 -0.001731836 0.04123366
v 0.04196429 -0.001731643 0.04526606
v 0.04196429 -0.001731576 0.04929836
v 0.04196429 -0.001731543 0.05333063
v 0.04196429 -0.001731526 0.05736289
v 0.04196429 -0.001731516 0.06139516
v 0.04196429 -0.001731512 0.06542742
v 0.04196429 -0.00173151 0.06945968
v 0.04196429 -0.001731509 0.07349193
v 0.04196429 -0.001731509 0.07752419
v 0.04196429 -0.00173151 0.08155645
v 0.04196429 -0.00173151 0.08558871
v 0.04196429 -0.001731512 0.08962097
v 0.04196429 -0.001731516 0.09365323
v 0.04196429 -0.001731529 0.09768549
v 0.04196429 -0.001731574 0.1017178
v 0.04196429 -0.001731684 0.1057501
v 0.04196428 -0.001731885 0.1097824
v 0.04196426 -0.001732206 0.1138146
v 0.04196425 -0.001732444 0.1178457
v 0.0419642 -0.001733873 0.1218734
v 0.04196451 -0.001726149 0.1258866
v 0.04196451 -0.001726213 0.1299007
v 0.04196639 -0.001679853 0.1336838
v 0.04101763 0.009030707 0.01363709
v 0.0416893 0.005099226 0.01368674
v 0.03999848 0.01281099 0.0137351
v 0.03860602 0.01654011 0.01373234
v 0.0368605 0.02013215 0.01373016
v 0.0347816 0.02354231 0.01373133
v 0.03238687 0.02674118 0.01373149
v 0.02969833 0.02969864 0.0137316
v 0.0267409 0.0323871 0.01373184
v 0.02354129 0.03478229 0.01373196
v 0.02012845 0.03686252 0.013732
v 0.01653331 0.03860893 0.013732
v 0.01278843 0.0400057 0.013732
v 0.008927742 0.04104017 0.013732
v 0.0049862 0.04170297 0.013732
v 0.000999502 0.04198811 0.013732
v -0.002996248 0.04189299 0.013732
v -0.006964863 0.04141848 0.013732
v -0.0108704 0.04056888 0.013732
v -0.0146775 0.03935189 0.013732
v -0.01835167 0.03777851 0.013732
v -0.02185965 0.03586301 0.013732
v -0.02516966 0.03362273 0.013732
v -0.02825174 0.03107796 0.013732
v -0.03107796 0.02825173 0.013732
v -0.03362273 0.02516966 0.013732
v -0.03586302 0.02185965 0.013732
v -0.03777852 0.01835167 0.013732
v -0.03935189 0.01467749 0.013732
v -0.04056889 0.0108704 0.013732
v -0.04141848 0.006964859 0.013732
v -0.04189299 0.002996244 0.013732
v -0.04198811 -0.0009995045 0.013732
v -0.04170297 -0.004986202 0.013732
v -0.04104017 -0.008927743 0.013732
v -0.0400057 -0.01278843 0.013732
v -0.03860893 -0.01653331 0.013732
v -0.03686252 -0.02012846 0.013732
v -0.03478227 -0.02354132 0.013732
v -0.03238703 -0.02674099 0.013732
v -0.02969848 -0.02969849 0.013732
v -0.02674099 -0.03238703 0.013732
v -0.02354132 -0.03478227 0.013732
v -0.02012846 -0.03686252 0.013732
v -0.01653331 -0.03860893 0.013732
v -0.01278843 -0.0400057 0.013732
v -0.008927741 -0.04104017 0.013732
v -0.004986199 -0.04170297 0.013732
v -0.0009995018 -0.04198811 0.013732
v 0.002996247 -0.04189299 0.013732
v 0.006964862 -0.04141848 0.013732
v 0.0108704 -0.04056888 0.013732
v 0.0146775 -0.03935189 0.01373201
v 0.01835169 -0.0377785 0.01373204
v 0.0218597 -0.03586298 0.0137321
v 0.02516975 -0.03362266 0.01373222
v 0.02825191 -0.0310778 0.01373238
v 0.03107848 -0.02825116 0.01373277
v 0.0336243 -0.02516757 0.01373417
v 0.0358663 -0.02185425 0.01373691
v 0.0377828 -0.01834286 0.01373584
v 0.03935575 -0.01466713 0.01372162
v 0.04057181 -0.01085949 0.01370954
v 0.04141737 -0.006971465 0.01371543
v 0.04187246 -0.003270616 0.01365973
v 0.04184603 -0.003592983 0.01794666
v 0.03637023 0.02100491 0.01546173
v 0.04185385 -0.003500731 0.0281273
v 0.04184852 -0.003563892 0.02207202
v 0.04185623 -0.003472231 0.03215909
v 0.04028619 0.01187532 0.0154773
v 0.04185698 -0.003463181 0.03619237
v 0.04182991 -0.003776114 0.01564182
v 0.04185716 -0.003460905 0.0402253
v 0.04185721 -0.003460395 0.04425788
v 0.04185711 -0.003461515 0.03820895
v 0.04185722 -0.003460227 0.04829025
v 0.04185723 -0.003460158 0.05232254
v 0.04185723 -0.003460117 0.05635482
v 0.04185723 -0.003460091 0.06038709
v 0.04185723 -0.00346008 0.06441935
v 0.04185723 -0.003460076 0.06845161
v 0.04185723 -0.003460074 0.07248387
v 0.04185723 -0.003460074 0.07651613
v 0.04185723 -0.003460075 0.08054839
v 0.04185723 -0.003460076 0.08458065
v 0.04185723 -0.003460077 0.08861291
v 0.04185723 -0.003460084 0.09264517
v 0.04185723 -0.003460107 0.09667744
v 0.04185722 -0.003460179 0.1007097
v 0.04185721 -0.003460366 0.1047421
v 0.04185718 -0.003460733 0.1087745
v 0.04185712 -0.00346138 0.1128069
v 0.04185707 -0.003462036 0.1168378
v 0.04185685 -0.003464703 0.120865
v 0.0418567 -0.003466532 0.1248742
v 0.0418617 -0.003405613 0.1288408
v 0.04183691 -0.003697695 0.1331548
v 0.03421135 0.02436357 0.015463
v 0.04185526 -0.003483825 0.03014267
v 0.04119347 0.008191328 0.01519837
v 0.04078926 0.01001182 0.01539008
v 0.04152342 0.006309159 0.01523083
v 0.04176866 0.004402122 0.01547022
v 0.03732598 0.01925543 0.01545997
v 0.03533106 0.02270938 0.01546286
v 0.03819823 0.01746124 0.0154608
v 0.03174111 0.02750458 0.01546286
v 0.02898305 0.03039709 0.01546336
v 0.02596253 0.03301435 0.01546377
v 0.02270688 0.03533267 0.01546396
v 0.01924551 0.03733109 0.015464
v 0.01560982 0.03899145 0.015464
v 0.01183277 0.0402987 0.015464
v 0.007948552 0.04124101 0.015464
v 0.003992352 0.04180982 0.015464
v -3.351528e-09 0.042 0.015464
v -0.003992359 0.04180982 0.015464
v -0.007948558 0.041241 0.015464
v -0.01183277 0.0402987 0.015464
v -0.01560983 0.03899145 0.015464
v -0.01924552 0.03733109 0.015464
v -0.02270692 0.03533265 0.015464
v -0.02596268 0.03301423 0.015464
v -0.02898332 0.03039683 0.015464
v -0.03174148 0.02750415 0.015464
v -0.03421219 0.02436239 0.015464
v -0.03637307 0.021 0.015464
v -0.03820455 0.01744743 0.015464
v -0.03969004 0.01373685 0.015464
v -0.04081609 0.009901872 0.015464
v -0.0415725 0.00597722 0.015464
v -0.04195243 0.001998438 0.015464
v -0.04195243 -0.001998442 0.015464
v -0.0415725 -0.005977225 0.015464
v -0.04081609 -0.009901877 0.015464
v -0.03969003 -0.01373686 0.015464
v -0.03820454 -0.01744743 0.015464
v -0.03637307 -0.021 0.015464
v -0.03421219 -0.02436239 0.015464
v -0.03174148 -0.02750415 0.015464
v -0.02898332 -0.03039683 0.015464
v -0.02596268 -0.03301423 0.015464
v -0.02270691 -0.03533265 0.015464
v -0.01924551 -0.03733109 0.015464
v -0.01560982 -0.03899145 0.015464
v -0.01183277 -0.04029871 0.015464
v -0.00794855 -0.04124101 0.015464
v -0.003992352 -0.04180982 0.015464
v 2.710683e-09 -0.042 0.015464
v 0.003992357 -0.04180982 0.015464
v 0.007948556 -0.041241 0.015464
v 0.01183277 -0.0402987 0.01546401
v 0.01560984 -0.03899145 0.01546403
v 0.01924557 -0.03733106 0.01546409
v 0.02270704 -0.03533257 0.01546426
v 0.02596288 -0.03301407 0.01546452
v 0.02898372 -0.03039644 0.01546483
v 0.03174276 -0.02750267 0.01546568
v 0.03421602 -0.02435701 0.01546896
v 0.03638119 -0.02098593 0.01547496
v 0.0382148 -0.01742495 0.01546905
v 0.03969893 -0.01371113 0.01543217
v 0.04082222 -0.009876546 0.01541797
v 0.04157288 -0.005974593 0.01542162
v 0.04185721 -0.003460312 0.04627406
v 0.04185226 -0.003519694 0.02611231
v 0.04184274 -0.003631123 0.02000533
v 0.04185719 -0.003460556 0.04224164
v 0.04164331 0.005462124 0.1328843
v 0.04126312 0.007832949 0.1332454
v 0.04079676 0.009981215 0.13345
v 0.04024751 0.01200574 0.1335473
v 0.03961597 0.01394902 0.1335848
v 0.03890103 0.01583383 0.1335985
v 0.03810088 0.01767266 0.133607
v 0.037215 0.01946904 0.1336136
v 0.03624508 0.02122013 0.1336177
v 0.03519351 0.02292198 0.1336195
v 0.03406262 0.02457108 0.13362
v 0.03285481 0.02616412 0.1336199
v 0.03157266 0.02769778 0.1336199
v 0.030219 0.02916869 0.1336199
v 0.02879687 0.03057352 0.1336199
v 0.0273095 0.03190911 0.13362
v 0.02576026 0.03317242 0.13362
v 0.02415266 0.03436057 0.13362
v 0.02249036 0.03547088 0.13362
v 0.02077711 0.03650084 0.13362
v 0.0190168 0.03744812 0.13362
v 0.01721341 0.03831055 0.13362
v 0.01537102 0.03908621 0.13362
v 0.01349381 0.03977332 0.13362
v 0.01158604 0.04037033 0.13362
v 0.009652018 0.04087589 0.13362
v 0.007696132 0.04128885 0.13362
v 0.005722812 0.04160829 0.13362
v 0.003736528 0.04183346 0.13362
v 0.00174178 0.04196387 0.13362
v -0.000256914 0.04199921 0.13362
v -0.002255026 0.04193942 0.13362
v -0.00424803 0.04178462 0.13362
v -0.00623141 0.04153516 0.13362
v -0.008200675 0.04119161 0.13362
v -0.01015136 0.04075475 0.13362
v -0.01207905 0.04022557 0.13362
v -0.01397938 0.03960526 0.13362
v -0.01584804 0.03889524 0.13362
v -0.0176808 0.0380971 0.13362
v -0.01947351 0.03721267 0.13362
v -0.0212221 0.03624393 0.13362
v -0.02292262 0.03519309 0.13362
v -0.02457121 0.03406253 0.13362
v -0.02616414 0.0328548 0.13362
v -0.0276978 0.03157265 0.13362
v -0.02916871 0.03021897 0.13362
v -0.03057355 0.02879684 0.13362
v -0.03190913 0.02730947 0.13362
v -0.03317243 0.02576024 0.13362
v -0.03436057 0.02415266 0.13362
v -0.03547089 0.02249036 0.13362
v -0.03650084 0.02077711 0.13362
v -0.03744812 0.0190168 0.13362
v -0.03831055 0.01721341 0.13362
v -0.03908621 0.01537102 0.13362
v -0.03977332 0.01349381 0.13362
v -0.04037033 0.01158604 0.13362
v -0.04087589 0.009652018 0.13362
v -0.04128885 0.007696132 0.13362
v -0.04160829 0.005722812 0.13362
v -0.04183346 0.003736528 0.13362
v -0.04196387 0.00174178 0.13362
v -0.04199921 -0.000256914 0.13362
v -0.04193942 -0.002255026 0.13362
v -0.04178462 -0.00424803 0.13362
v -0.04153516 -0.00623141 0.13362
v -0.04119161 -0.008200675 0.13362
v -0.04075475 -0.01015136 0.13362
v -0.04022557 -0.01207905 0.13362
v -0.03960526 -0.01397938 0.13362
v -0.03889524 -0.01584804 0.13362
v -0.0380971 -0.0176808 0.13362
v -0.03721267 -0.01947351 0.13362
v -0.03624393 -0.0212221 0.13362
v -0.03519309 -0.02292262 0.13362
v -0.03406253 -0.02457121 0.13362
v -0.0328548 -0.02616414 0.13362
v -0.03157265 -0.0276978 0.13362
v -0.03021897 -0.02916871 0.13362
v -0.02879684 -0.03057355 0.13362
v -0.02730947 -0.03190913 0.13362
v -0.02576024 -0.03317243 0.13362
v -0.02415266 -0.03436057 0.13362
v -0.02249036 -0.03547089 0.13362
v -0.02077711 -0.03650084 0.13362
v -0.0190168 -0.03744812 0.13362
v -0.01721341 -0.03831055 0.13362
v -0.01537102 -0.03908621 0.13362
v -0.01349381 -0.03977332 0.13362
v -0.01158604 -0.04037033 0.13362
v -0.009652018 -0.04087589 0.13362
v -0.007696132 -0.04128885 0.13362
v -0.005722812 -0.04160829 0.13362
v -0.003736528 -0.04183346 0.13362
v -0.00174178 -0.04196387 0.13362
v 0.0002569141 -0.04199921 0.13362
v 0.002255026 -0.04193942 0.13362
v 0.00424803 -0.04178462 0.13362
v 0.00623141 -0.04153516 0.13362
v 0.008200674 -0.04119161 0.13362
v 0.01015136 -0.04075475 0.13362
v 0.01207905 -0.04022557 0.13362
v 0.01397937 -0.03960527 0.13362
v 0.01584802 -0.03889525 0.13362
v 0.01768076 -0.03809712 0.1336201
v 0.01947343 -0.03721271 0.1336201
v 0.02122196 -0.03624401 0.1336201
v 0.02292238 -0.03519324 0.1336202
v 0.02457083 -0.0340628 0.1336204
v 0.02616354 -0.03285528 0.1336205
v 0.02769687 -0.03157346 0.1336208
v 0.02916729 -0.03022035 0.1336212
v 0.03057137 -0.02879916 0.1336216
v 0.03190582 -0.02731334 0.1336221
v 0.03316749 -0.0257666 0.1336228
v 0.03435336 -0.02416293 0.1336235
v 0.03546049 -0.02250674 0.1336243
v 0.03648603 -0.02080312 0.1336255
v 0.03742734 -0.01905765 0.133628
v 0.03828244 -0.01727584 0.1336322
v 0.03904994 -0.01546294 0.133637
v 0.03972866 -0.01362473 0.1336404
v 0.0403185 -0.01176515 0.1336375
v 0.04081968 -0.009887043 0.1336277
v 0.04123535 -0.00797785 0.1336108
v 0.04157554 -0.005956072 0.1334966
v 0.04180555 0.004036854 0.01734586
v 0.04181609 0.003926191 0.01927021
v 0.04181988 0.003885569 0.02122684
v 0.04182226 0.003859822 0.02321399
v 0.04182336 0.003847913 0.02521972
v 0.04182316 0.003850086 0.02723243
v 0.04182236 0.003858833 0.02924532
v 0.04182167 0.003866229 0.03125768
v 0.04182134 0.003869808 0.03327058
v 0.04182127 0.003870543 0.0352848
v 0.04182132 0.003870055 0.03730026
v 0.04182138 0.003869408 0.03931639
v 0.04182142 0.003869006 0.04133268
v 0.04182143 0.003868852 0.04334891
v 0.04182143 0.003868825 0.04536507
v 0.04182143 0.003868834 0.0473812
v 0.04182143 0.003868841 0.04939733
v 0.04182143 0.003868841 0.05141345
v 0.04182143 0.003868839 0.05342958
v 0.04182143 0.003868837 0.05544571
v 0.04182143 0.003868836 0.05746184
v 0.04182143 0.003868835 0.05947797
v 0.04182143 0.003868835 0.0614941
v 0.04182143 0.003868835 0.06351023
v 0.04182143 0.003868835 0.06552636
v 0.04182143 0.003868835 0.06754249
v 0.04182143 0.003868835 0.06955862
v 0.04182143 0.003868835 0.07157474
v 0.04182143 0.003868835 0.07359087
v 0.04182143 0.003868835 0.075607
v 0.04182143 0.003868835 0.07762313
v 0.04182143 0.003868834 0.07963926
v 0.04182143 0.003868834 0.08165539
v 0.04182143 0.003868833 0.08367152
v 0.04182143 0.003868831 0.08568764
v 0.04182143 0.003868828 0.08770377
v 0.04182143 0.003868822 0.08971989
v 0.04182143 0.003868811 0.091736
v 0.04182144 0.003868792 0.0937521
v 0.04182144 0.003868757 0.09576816
v 0.04182144 0.003868691 0.09778418
v 0.04182146 0.003868573 0.0998001
v 0.04182148 0.003868361 0.1018159
v 0.04182151 0.003868 0.1038314
v 0.04182156 0.003867415 0.1058464
v 0.04182164 0.003866527 0.1078608
v 0.04182176 0.00386527 0.1098742
v 0.04182191 0.003863611 0.1118859
v 0.04182211 0.003861532 0.1138951
v 0.04182234 0.003859019 0.1159003
v 0.04182259 0.003856244 0.1179
v 0.04182275 0.003854501 0.1198934
v 0.04182236 0.003858821 0.1218829
v 0.04182019 0.003882253 0.1238781
v 0.04181432 0.003944979 0.125901
v 0.04180354 0.004057556 0.1280056
v 0.04179365 0.004158232 0.1304019
v 0.0418506 -0.003539365 0.02409695
v 0.03898491 0.01562616 0.01546801
v 0.04185672 -0.003466244 0.03417576
v 0.04185722 -0.003460196 0.05030639
v 0.04185723 -0.003460129 0.05433869
v 0.04185723 -0.0034601 0.05837095
v 0.04185723 -0.003460083 0.06240322
v 0.04185723 -0.003460078 0.06643548
v 0.04185723 -0.003460075 0.07046774
v 0.04185723 -0.003460074 0.0745
v 0.04185723 -0.003460074 0.07853226
v 0.04185723 -0.003460075 0.08256452
v 0.04185723 -0.003460076 0.08659678
v 0.04185723 -0.003460079 0.09062904
v 0.04185723 -0.003460092 0.0946613
v 0.04185723 -0.003460126 0.09869357
v 0.04185722 -0.003460245 0.1027259
v 0.0418572 -0.003460519 0.1067583
v 0.04185715 -0.003461008 0.1107907
v 0.04185708 -0.003461924 0.1148226
v 0.041857 -0.003462853 0.1188519
v 0.04185649 -0.003469011 0.1228737
v 0.04185854 -0.003444235 0.1268588
v 0.04185696 -0.003463413 0.1308866
v 0.03968167 0.013761 0.01548006
v 0.03301388 0.02596313 0.015463
v 0.03039649 0.02898368 0.01546305
v 0.02750396 0.03174164 0.01546363
v 0.02436231 0.03421224 0.0154639
v 0.02099999 0.03637307 0.01546399
v 0.01744743 0.03820454 0.015464
v 0.01373685 0.03969003 0.015464
v 0.009901876 0.04081609 0.015464
v 0.005977223 0.0415725 0.015464
v 0.001998438 0.04195243 0.015464
v -0.001998444 0.04195243 0.015464
v -0.005977229 0.0415725 0.015464
v -0.009901881 0.04081608 0.015464
v -0.01373686 0.03969003 0.015464
v -0.01744743 0.03820454 0.015464
v -0.021 0.03637307 0.015464
v -0.02436239 0.03421219 0.015464
v -0.02750415 0.03174148 0.015464
v -0.03039683 0.02898332 0.015464
v -0.03301423 0.02596267 0.015464
v -0.03533265 0.02270691 0.015464
v -0.03733109 0.01924551 0.015464
v -0.03899145 0.01560982 0.01546399
v -0.04029871 0.01183276 0.015464
v -0.04124101 0.007948549 0.015464
v -0.04180982 0.003992351 0.015464
v -0.042 -1.939999e-09 0.015464
v -0.04180982 -0.003992355 0.015464
v -0.041241 -0.007948554 0.015464
v -0.0402987 -0.01183277 0.015464
v -0.03899145 -0.01560982 0.015464
v -0.03733109 -0.01924552 0.015464
v -0.03533265 -0.02270692 0.015464
v -0.03301423 -0.02596268 0.015464
v -0.03039683 -0.02898332 0.015464
v -0.02750415 -0.03174148 0.015464
v -0.02436239 -0.03421219 0.015464
v -0.021 -0.03637307 0.015464
v -0.01744743 -0.03820454 0.015464
v -0.01373685 -0.03969003 0.015464
v -0.009901874 -0.04081609 0.015464
v -0.005977221 -0.0415725 0.015464
v -0.001998438 -0.04195243 0.015464
v 0.001998443 -0.04195243 0.015464
v 0.005977226 -0.0415725 0.015464
v 0.009901879 -0.04081608 0.015464
v 0.01373686 -0.03969003 0.01546401
v 0.01744746 -0.03820453 0.01546404
v 0.02100007 -0.03637303 0.01546414
v 0.02436253 -0.03421209 0.01546435
v 0.02750439 -0.03174128 0.01546463
v 0.03039743 -0.02898269 0.01546505
v 0.03301628 -0.02596007 0.01546679
v 0.0353379 -0.02269875 0.01547158
v 0.03734024 -0.01922776 0.01547487
v 0.03900185 -0.01558382 0.01545377
v 0.0403064 -0.01180653 0.01541752
v 0.04124402 -0.007932873 0.01542744
v 0.03933814 0.0147143 0.01720709
v 0.03107721 0.02825255 0.01719399
v 0.04167861 -0.005185869 0.03720043
v 0.03999595 0.01281888 0.01723993
v 0.04167898 -0.00518294 0.05131443
v 0.03238636 0.0267418 0.0171939
v 0.04167899 -0.005182844 0.05534673
v 0.041679 -0.005182789 0.05937901
v 0.041679 -0.005182759 0.08760484
v 0.041679 -0.005182762 0.06542741
v 0.041679 -0.005182757 0.06945967
v 0.041679 -0.005182755 0.07349193
v 0.041679 -0.005182755 0.07752419
v 0.041679 -0.005182768 0.06341128
v 0.041679 -0.005182756 0.08155645
v 0.041679 -0.005182758 0.08558871
v 0.041679 -0.005182756 0.07954032
v 0.04142147 -0.006947071 0.01715792
v 0.041679 -0.005182775 0.09365324
v 0.04167899 -0.005182829 0.09768552
v 0.04143646 0.006857126 0.1312541
v 0.04167897 -0.00518298 0.1017178
v 0.0410492 -0.008886112 0.01713181
v 0.04167893 -0.005183325 0.1057502
v 0.04167884 -0.005184078 0.1097829
v 0.04167864 -0.005185669 0.1138154
v 0.04167844 -0.005187246 0.1178449
v 0.04167728 -0.005196592 0.1218696
v 0.04167596 -0.00520716 0.1258678
v 0.04167269 -0.005233252 0.02913789
v 0.04166098 -0.005325669 0.02311445
v 0.04134147 0.007408301 0.01656936
v 0.04162087 -0.005630573 0.01893969
v 0.04158797 0.005868654 0.01700964
v 0.02516949 0.03362286 0.01719577
v 0.041679 -0.005182765 0.0916371
v 0.03478064 0.02354373 0.01719477
v 0.04169866 -0.005022145 0.129717
v 0.03776776 0.0183738 0.01718821
v 0.02825133 0.03107833 0.01719518
v 0.04167293 -0.005231313 0.1316773
v 0.02969789 0.02969908 0.01719462
v 0.02674065 0.0323873 0.0171955
v 0.03362206 0.02517056 0.01719436
v 0.02185962 0.03586303 0.01719598
v 0.01835167 0.03777852 0.017196
v 0.0146775 0.03935189 0.017196
v 0.0108704 0.04056888 0.017196
v 0.00696486 0.04141848 0.017196
v 0.002996243 0.04189299 0.017196
v -0.0009995083 0.04198811 0.017196
v -0.004986208 0.04170297 0.017196
v -0.008927751 0.04104017 0.017196
v -0.01278844 0.0400057 0.017196
v -0.01653331 0.03860893 0.017196
v -0.02012846 0.03686252 0.017196
v -0.02354132 0.03478227 0.017196
v -0.02674099 0.03238703 0.017196
v -0.02969849 0.02969848 0.017196
v -0.03238703 0.02674098 0.017196
v -0.03478227 0.02354131 0.017196
v -0.03686252 0.02012845 0.01719599
v -0.03860893 0.0165333 0.01719599
v -0.0400057 0.01278843 0.01719599
v -0.04104017 0.008927738 0.01719599
v -0.04170297 0.004986197 0.01719599
v -0.04198811 0.0009995002 0.01719599
v -0.04189299 -0.002996248 0.017196
v -0.04141848 -0.006964862 0.017196
v -0.04056888 -0.0108704 0.017196
v -0.03935189 -0.0146775 0.017196
v -0.03777851 -0.01835167 0.017196
v -0.03586301 -0.02185965 0.017196
v -0.03362273 -0.02516966 0.017196
v -0.03107796 -0.02825174 0.017196
v -0.02825173 -0.03107796 0.017196
v -0.02516966 -0.03362273 0.017196
v -0.02185965 -0.03586302 0.017196
v -0.01835167 -0.03777852 0.017196
v -0.01467749 -0.03935189 0.017196
v -0.0108704 -0.04056889 0.017196
v -0.006964857 -0.04141848 0.017196
v -0.002996242 -0.04189299 0.017196
v 0.0009995071 -0.04198811 0.017196
v 0.004986205 -0.04170297 0.017196
v 0.008927747 -0.04104017 0.017196
v 0.01278845 -0.0400057 0.01719601
v 0.01653335 -0.03860891 0.01719606
v 0.02012858 -0.03686245 0.0171962
v 0.0235416 -0.03478208 0.01719656
v 0.02674138 -0.0323867 0.01719701
v 0.0296992 -0.02969777 0.01719745
v 0.0323894 -0.02673812 0.01719887
v 0.0347896 -0.02353048 0.01720515
v 0.03687952 -0.02009728 0.01721555
v 0.04167888 -0.005183699 0.04123329
v 0.0393724 -0.0146224 0.01716431
v 0.04058294 -0.01081782 0.01710927
v 0.04167895 -0.005183161 0.1037341
v 0.04167896 -0.005183077 0.0472821
v 0.04166915 -0.005261372 0.02712531
v 0.0416601 -0.005332524 0.02111334
v 0.04167894 -0.005183222 0.04526586
v 0.03585995 0.02186467 0.01719463
v 0.04099818 0.009118603 0.1316486
v 0.04047987 0.01119732 0.1318294
v 0.03988206 0.01316896 0.1318936
v 0.0392023 0.01507249 0.1319136
v 0.03843646 0.0169304 0.1319286
v 0.03758374 0.01874732 0.131942
v 0.03664628 0.02051951 0.1319507
v 0.03562667 0.02224276 0.1319546
v 0.03452719 0.02391388 0.1319556
v 0.03334998 0.02552996 0.1319555
v 0.03209742 0.02708792 0.1319554
v 0.03077219 0.02858447 0.1319553
v 0.02937724 0.03001629 0.1319554
v 0.02791572 0.03138013 0.1319555
v 0.02639095 0.03267289 0.1319556
v 0.0248064 0.03389163 0.1319556
v 0.02316567 0.03503358 0.1319556
v 0.02147246 0.03609617 0.1319556
v 0.01973061 0.03707699 0.1319556
v 0.01794407 0.03797381 0.1319556
v 0.01611688 0.03878461 0.1319556
v 0.01425318 0.03950755 0.1319556
v 0.01235719 0.040141 0.1319556
v 0.01043321 0.04068351 0.1319556
v 0.008485592 0.04113386 0.1319556
v 0.006518752 0.04149103 0.1319556
v 0.004537146 0.04175421 0.1319556
v 0.002545262 0.04192281 0.1319556
v 0.0005476112 0.04199643 0.1319556
v -0.00145128 0.04197492 0.1319556
v -0.003446883 0.04185832 0.1319556
v -0.005434678 0.0416469 0.1319556
v -0.007410161 0.04134114 0.1319556
v -0.009368859 0.04094172 0.1319556
v -0.01130633 0.04044956 0.1319556
v -0.01321819 0.03986577 0.1319556
v -0.01510011 0.03919167 0.1319556
v -0.01694782 0.03842878 0.1319556
v -0.01875714 0.03757885 0.1319556
v -0.02052397 0.03664378 0.1319556
v -0.0222443 0.03562571 0.1319556
v -0.02391425 0.03452693 0.1319556
v -0.02553002 0.03334993 0.1319556
v -0.02708796 0.03209739 0.1319556
v -0.02858453 0.03077214 0.1319556
v -0.03001635 0.02937718 0.1319556
v -0.03138017 0.02791567 0.1319556
v -0.03267291 0.02639092 0.1319556
v -0.03389164 0.02480639 0.1319556
v -0.03503358 0.02316566 0.1319556
v -0.03609617 0.02147246 0.1319556
v -0.03707699 0.01973061 0.1319556
v -0.03797381 0.01794407 0.1319556
v -0.03878461 0.01611688 0.1319556
v -0.03950755 0.01425318 0.1319556
v -0.040141 0.01235719 0.1319556
v -0.04068351 0.01043321 0.1319556
v -0.04113386 0.008485592 0.1319556
v -0.04149103 0.006518752 0.1319556
v -0.04175421 0.004537146 0.1319556
v -0.04192281 0.002545262 0.1319556
v -0.04199643 0.0005476112 0.1319556
v -0.04197492 -0.00145128 0.1319556
v -0.04185832 -0.003446883 0.1319556
v -0.0416469 -0.005434678 0.1319556
v -0.04134114 -0.007410161 0.1319556
v -0.04094172 -0.009368859 0.1319556
v -0.04044956 -0.01130633 0.1319556
v -0.03986577 -0.01321819 0.1319556
v -0.03919167 -0.01510011 0.1319556
v -0.03842878 -0.01694782 0.1319556
v -0.03757885 -0.01875714 0.1319556
v -0.03664378 -0.02052397 0.1319556
v -0.03562571 -0.0222443 0.1319556
v -0.03452693 -0.02391425 0.1319556
v -0.03334993 -0.02553002 0.1319556
v -0.03209739 -0.02708796 0.1319556
v -0.03077214 -0.02858453 0.1319556
v -0.02937718 -0.03001635 0.1319556
v -0.02791567 -0.03138017 0.1319556
v -0.02639092 -0.03267291 0.1319556
v -0.02480639 -0.03389164 0.1319556
v -0.02316566 -0.03503358 0.1319556
v -0.02147246 -0.03609617 0.1319556
v -0.01973061 -0.03707699 0.1319556
v -0.01794407 -0.03797381 0.1319556
v -0.01611688 -0.03878461 0.1319556
v -0.01425318 -0.03950755 0.1319556
v -0.01235719 -0.040141 0.1319556
v -0.01043321 -0.04068351 0.1319556
v -0.008485592 -0.04113386 0.1319556
v -0.006518752 -0.04149103 0.1319556
v -0.004537146 -0.04175421 0.1319556
v -0.002545261 -0.04192281 0.1319556
v -0.0005476109 -0.04199643 0.1319556
v 0.00145128 -0.04197492 0.1319556
v 0.003446883 -0.04185832 0.1319556
v 0.005434678 -0.0416469 0.1319556
v 0.007410162 -0.04134114 0.1319556
v 0.009368858 -0.04094172 0.1319556
v 0.01130633 -0.04044956 0.1319556
v 0.01321818 -0.03986577 0.1319556
v 0.01510009 -0.03919167 0.1319556
v 0.01694777 -0.0384288 0.1319556
v 0.01875705 -0.03757889 0.1319557
v 0.0205238 -0.03664388 0.1319557
v 0.02224401 -0.03562589 0.1319558
v 0.02391376 -0.03452727 0.131956
v 0.02552923 -0.03335054 0.1319563
v 0.02708673 -0.03209843 0.1319566
v 0.02858264 -0.03077389 0.1319571
v 0.03001347 -0.02938012 0.1319577
v 0.03137578 -0.02792061 0.1319584
v 0.03266627 -0.02639914 0.1319592
v 0.03388181 -0.02481981 0.1319601
v 0.03501945 -0.02318703 0.1319608
v 0.03607618 -0.02150603 0.1319613
v 0.03704886 -0.01978338 0.1319623
v 0.03793477 -0.01802646 0.1319662
v 0.03873277 -0.01624107 0.1319729
v 0.03944222 -0.014433 0.1319781
v 0.04006128 -0.01261325 0.1319794
v 0.04059221 -0.01078296 0.1319604
v 0.04103248 -0.008963012 0.1319369
v 0.04138825 -0.007142346 0.13196
v 0.03685593 0.02014051 0.01719184
v 0.04159494 0.005819048 0.01883877
v 0.04160015 0.005781653 0.02073267
v 0.04160773 0.005726842 0.0227046
v 0.0416123 0.00569355 0.02470572
v 0.04161202 0.005695564 0.02671667
v 0.04160938 0.005714834 0.02872503
v 0.04160722 0.005730581 0.03073247
v 0.04160625 0.005737612 0.03274175
v 0.0416061 0.005738691 0.03475401
v 0.04160627 0.005737434 0.03676885
v 0.04160647 0.005736002 0.03878506
v 0.04160659 0.005735147 0.04080158
v 0.04160663 0.005734826 0.04281795
v 0.04160664 0.005734776 0.04483416
v 0.04160663 0.005734799 0.04685029
v 0.04160663 0.005734818 0.04886641
v 0.04160663 0.005734821 0.05088253
v 0.04160663 0.005734816 0.05289866
v 0.04160663 0.005734811 0.05491479
v 0.04160663 0.005734808 0.05693092
v 0.04160663 0.005734807 0.05894705
v 0.04160663 0.005734806 0.06096318
v 0.04160663 0.005734806 0.06297931
v 0.04160663 0.005734806 0.06499544
v 0.04160663 0.005734807 0.06701157
v 0.04160663 0.005734807 0.0690277
v 0.04160663 0.005734807 0.07104383
v 0.04160663 0.005734807 0.07305995
v 0.04160663 0.005734806 0.07507608
v 0.04160663 0.005734806 0.07709221
v 0.04160663 0.005734806 0.07910834
v 0.04160663 0.005734805 0.08112447
v 0.04160663 0.005734804 0.0831406
v 0.04160663 0.005734802 0.08515672
v 0.04160664 0.005734798 0.08717285
v 0.04160664 0.005734791 0.08918896
v 0.04160664 0.005734779 0.09120507
v 0.04160664 0.005734757 0.09322116
v 0.04160665 0.005734719 0.09523722
v 0.04160666 0.005734649 0.09725321
v 0.04160667 0.005734519 0.09926909
v 0.04160671 0.005734283 0.1012848
v 0.04160676 0.005733864 0.1033001
v 0.04160686 0.005733151 0.1053148
v 0.04160702 0.005732022 0.1073286
v 0.04160724 0.005730381 0.1093409
v 0.04160754 0.005728233 0.1113511
v 0.04160789 0.005725706 0.1133578
v 0.04160826 0.005722965 0.1153588
v 0.04160867 0.005720017 0.1173511
v 0.04160911 0.005716847 0.1193305
v 0.04160932 0.005715299 0.1212938
v 0.04160791 0.005725562 0.123244
v 0.04160031 0.005780484 0.125198
v 0.0415795 0.005928307 0.1271813
v 0.04166454 -0.005297754 0.02511628
v 0.0385953 0.0165651 0.01719037
v 0.04167823 -0.005188906 0.03518404
v 0.04167743 -0.00519537 0.03316766
v 0.0416788 -0.00518435 0.03921687
v 0.03862989 -0.01648428 0.01719678
v 0.04167899 -0.005182874 0.09970167
v 0.04167897 -0.005182992 0.04929827
v 0.041679 -0.005182796 0.09566938
v 0.041679 -0.005182755 0.07550806
v 0.041679 -0.005182756 0.0714758
v 0.041679 -0.005182759 0.06744354
v 0.04167898 -0.005182878 0.05333059
v 0.041679 -0.00518276 0.08962097
v 0.041679 -0.005182777 0.06139515
v 0.04167899 -0.005182817 0.05736287
v 0.041679 -0.005182757 0.08357258
v 0.04167888 -0.005183686 0.1077666
v 0.04167877 -0.005184601 0.1117992
v 0.04167852 -0.00518661 0.1158308
v 0.04167828 -0.005188517 0.1198578
v 0.04167588 -0.00520775 0.1238773
v 0.04168409 -0.00514165 0.1278151
v 0.04056536 0.01088355 0.01725243
v 0.04101756 0.009031044 0.01702256
v 0.04168153 -0.00516236 0.01703497
v 0.008927743 0.04104017 0.017196
v 0.01278843 0.0400057 0.017196
v 0.01653331 0.03860893 0.017196
v 0.02354122 0.03478233 0.0171959
v 0.02012845 0.03686252 0.017196
v 0.004986199 0.04170297 0.017196
v 0.0009994994 0.04198811 0.017196
v -0.002996252 0.04189299 0.017196
v -0.006964869 0.04141848 0.017196
v -0.01087041 0.04056888 0.017196
v -0.0146775 0.03935189 0.017196
v -0.01835167 0.03777851 0.017196
v -0.02185965 0.03586301 0.017196
v -0.02516966 0.03362273 0.017196
v -0.02825174 0.03107795 0.017196
v -0.03107796 0.02825173 0.017196
v -0.03362274 0.02516966 0.017196
v -0.03586302 0.02185964 0.017196
v -0.03777852 0.01835166 0.01719599
v -0.03935189 0.01467749 0.01719599
v -0.04056889 0.01087039 0.01719599
v -0.04141848 0.006964856 0.01719599
v -0.04189299 0.002996243 0.01719599
v -0.04198811 -0.0009995058 0.017196
v -0.04170297 -0.004986203 0.017196
v -0.04104017 -0.008927744 0.017196
v -0.0400057 -0.01278843 0.017196
v -0.03860893 -0.01653331 0.017196
v -0.03686252 -0.02012846 0.017196
v -0.03478227 -0.02354132 0.017196
v -0.03238703 -0.02674099 0.017196
v -0.02969848 -0.02969849 0.017196
v -0.02674099 -0.03238703 0.017196
v -0.02354132 -0.03478227 0.017196
v -0.02012846 -0.03686252 0.017196
v -0.01653331 -0.03860893 0.017196
v -0.01278843 -0.0400057 0.017196
v -0.00892774 -0.04104017 0.017196
v -0.004986198 -0.04170297 0.017196
v -0.0009995 -0.04198811 0.017196
v 0.002996249 -0.04189299 0.017196
v 0.006964864 -0.04141848 0.017196
v 0.01087041 -0.04056888 0.01719601
v 0.01467751 -0.03935188 0.01719602
v 0.01835173 -0.03777849 0.0171961
v 0.02185981 -0.03586292 0.01719631
v 0.02516997 -0.0336225 0.01719676
v 0.02825231 -0.03107743 0.01719731
v 0.03107947 -0.02825007 0.01719807
v 0.03362774 -0.02516297 0.01720162
v 0.03587463 -0.02184059 0.01721043
v 0.03779863 -0.01831021 0.01721285
v 0.0400226 -0.01273543 0.01711881
v 0.04167892 -0.005183433 0.04324956
v 0.04153978 0.006200524 0.1292013
v 0.04167564 -0.00520973 0.03115191
v 0.0414299 -0.006896628 0.08659678
v 0.0414299 -0.006896638 0.06441934
v 0.0414299 -0.006896649 0.06240321
v 0.0414299 -0.006896624 0.07651613
v 0.0414299 -0.006896624 0.07248387
v -0.03820455 0.01744742 0.01892799
v 0.04142063 -0.006952103 0.03014909
v 0.04144848 -0.006784093 0.1288072
v 0.0414299 -0.006896626 0.08256452
v 0.0414299 -0.006896627 0.06845161
v 0.02099997 0.03637308 0.01892799
v 0.04142989 -0.0068967 0.05837093
v 0.0414299 -0.006896624 0.0745
v 0.04142988 -0.006896753 0.05635477
v 0.04142985 -0.006896895 0.05232245
v 0.0414299 -0.006896631 0.06643548
v 0.0414299 -0.006896626 0.07046774
v 0.04142989 -0.006896704 0.09667746
v 0.0414299 -0.006896627 0.08458065
v 0.0414299 -0.006896625 0.08054839
v 0.04032345 -0.01174815 0.01875565
v 0.04142989 -0.006896672 0.06038707
v 0.0414299 -0.006896624 0.07853226
v 0.0414296 -0.006898407 0.108775
v 0.04142929 -0.006900286 0.1128083
v 0.04142854 -0.006904777 0.1168394
v 0.04142764 -0.006910173 0.1208617
v 0.04141425 -0.006989968 0.02037446
v 0.04142938 -0.006899741 0.03820825
v -0.02898332 -0.03039683 0.018928
v 0.03174006 0.02750579 0.01892409
v -0.02270692 0.03533265 0.018928
v 0.04142989 -0.006896669 0.09466132
v 0.04139489 -0.007103709 0.02412637
v 0.0414299 -0.006896646 0.09264518
v 0.03966036 0.01382229 0.01894755
v -0.007948565 0.041241 0.018928
v 0.04141725 -0.006972164 0.1269082
v 0.04150081 -0.006456226 0.1304715
v 0.02750348 0.03174207 0.01892698
v 0.007948552 0.04124101 0.018928
v 0.0243622 0.03421233 0.01892781
v 0.02270685 0.03533269 0.01892795
v 0.01560983 0.03899145 0.01892801
v 0.003992351 0.04180982 0.018928
v -5.776221e-09 0.042 0.018928
v -0.003992363 0.04180982 0.018928
v -0.005977234 0.0415725 0.018928
v -0.01183278 0.0402987 0.018928
v -0.01560983 0.03899145 0.018928
v -0.01924552 0.03733109 0.01892801
v -0.021 0.03637307 0.018928
v 0.04141849 -0.00696484 0.1249006
v -0.02596268 0.03301423 0.018928
v -0.02898332 0.03039683 0.018928
v -0.03174149 0.02750415 0.018928
v -0.03421219 0.02436238 0.018928
v -0.03637307 0.02099999 0.01892799
v -0.03733109 0.01924551 0.01892799
v 0.04142987 -0.006896803 0.05433863
v -0.03969004 0.01373685 0.01892799
v -0.04081609 0.009901868 0.01892799
v 0.03736391 -0.01918173 0.01896018
v -0.04180982 0.00399235 0.01892799
v 0.03972921 -0.01362312 0.01884833
v -0.042 -3.128182e-09 0.01892799
v -0.04180982 -0.003992357 0.01892799
v -0.041241 -0.007948555 0.018928
v -0.0402987 -0.01183277 0.018928
v -0.03899145 -0.01560983 0.018928
v -0.03733109 -0.01924552 0.018928
v -0.03533265 -0.02270692 0.018928
v -0.03301423 -0.02596268 0.018928
v -0.03039683 -0.02898332 0.018928
v -0.02596268 -0.03301423 0.018928
v -0.02270691 -0.03533265 0.018928
v -0.01924551 -0.03733109 0.018928
v -0.01560982 -0.03899145 0.018928
v -0.01183276 -0.04029871 0.018928
v -0.007948549 -0.04124101 0.018928
v -0.00399235 -0.04180982 0.018928
v 4.404765e-09 -0.042 0.018928
v 0.003992358 -0.04180982 0.018928
v 0.007948557 -0.041241 0.018928
v 0.01183278 -0.0402987 0.01892801
v 0.01560986 -0.03899144 0.01892805
v 0.01924566 -0.03733102 0.01892822
v 0.02270727 -0.03533242 0.01892868
v 0.0259634 -0.03301366 0.01892962
v 0.02898444 -0.03039576 0.01893038
v 0.03174455 -0.02750061 0.01893145
v 0.03422248 -0.02434793 0.01893792
v 0.03639574 -0.02096068 0.01895326
v 0.04142975 -0.006897527 0.04425748
v -0.04195243 0.001998437 0.01892799
v 0.04142976 -0.006897462 0.1047423
v 0.04142981 -0.006897136 0.102726
v 0.01744743 0.03820454 0.01892801
v 0.04139135 -0.007124331 0.02215889
v -0.0415725 0.005977218 0.01892799
v 0.03532963 0.0227116 0.01892748
v 0.04115003 0.00840683 0.1298422
v 0.04066967 0.01048704 0.13014
v 0.040107 0.01246711 0.1302353
v 0.03946161 0.0143799 0.1302553
v 0.03872631 0.01625648 0.1302804
v 0.03790207 0.0180951 0.130306
v 0.0369926 0.01988838 0.1303231
v 0.03600096 0.02163172 0.1303308
v 0.03492932 0.02332258 0.1303329
v 0.03377951 0.02495887 0.1303328
v 0.03255357 0.026538 0.1303323
v 0.03125399 0.02805687 0.1303321
v 0.0298836 0.02951221 0.1303322
v 0.02844548 0.03090072 0.1303324
v 0.0269429 0.03221925 0.1303326
v 0.02537929 0.03346478 0.1303327
v 0.02375821 0.03463449 0.1303327
v 0.02208331 0.03572572 0.1303327
v 0.0203584 0.03673603 0.1303327
v 0.01858737 0.03766311 0.1303327
v 0.01677423 0.03850487 0.1303327
v 0.0149231 0.03925941 0.1303327
v 0.01303816 0.03992501 0.1303327
v 0.01112368 0.04050017 0.1303327
v 0.009184007 0.04098358 0.1303327
v 0.007223528 0.04137415 0.1303327
v 0.005246684 0.041671 0.1303327
v 0.003257956 0.04187345 0.1303327
v 0.001261846 0.04198104 0.1303327
v -0.0007371211 0.04199353 0.1303327
v -0.002734419 0.04191089 0.1303327
v -0.004725522 0.04173331 0.1303327
v -0.006705921 0.04146119 0.1303327
v -0.008671128 0.04109515 0.1303327
v -0.01061669 0.04063602 0.1303327
v -0.01253821 0.04008483 0.1303327
v -0.01443132 0.03944283 0.1303327
v -0.01629174 0.03871149 0.1303327
v -0.01811525 0.03789245 0.1303327
v -0.01989773 0.03698757 0.1303327
v -0.02163513 0.0359989 0.1303327
v -0.02332352 0.03492869 0.1303327
v -0.02495908 0.03377935 0.1303327
v -0.02653809 0.03255349 0.1303327
v -0.02805699 0.03125388 0.1303327
v -0.02951233 0.02988348 0.1303327
v -0.03090082 0.02844537 0.1303327
v -0.0322193 0.02694284 0.1303327
v -0.0334648 0.02537926 0.1303327
v -0.03463449 0.0237582 0.1303327
v -0.03572572 0.02208331 0.1303327
v -0.03673603 0.0203584 0.1303327
v -0.03766311 0.01858737 0.1303327
v -0.03850487 0.01677423 0.1303327
v -0.03925941 0.0149231 0.1303327
v -0.03992501 0.01303816 0.1303327
v -0.04050017 0.01112368 0.1303327
v -0.04098358 0.009184007 0.1303327
v -0.04137415 0.007223528 0.1303327
v -0.041671 0.005246684 0.1303327
v -0.04187345 0.003257956 0.1303327
v -0.04198104 0.001261846 0.1303327
v -0.04199353 -0.0007371211 0.1303327
v -0.04191089 -0.002734419 0.1303327
v -0.04173331 -0.004725522 0.1303327
v -0.04146119 -0.006705921 0.1303327
v -0.04109515 -0.008671128 0.1303327
v -0.04063602 -0.01061669 0.1303327
v -0.04008483 -0.01253821 0.1303327
v -0.03944283 -0.01443132 0.1303327
v -0.03871149 -0.01629174 0.1303327
v -0.03789245 -0.01811525 0.1303327
v -0.03698757 -0.01989773 0.1303327
v -0.0359989 -0.02163513 0.1303327
v -0.03492869 -0.02332352 0.1303327
v -0.03377935 -0.02495908 0.1303327
v -0.03255349 -0.02653809 0.1303327
v -0.03125388 -0.02805699 0.1303327
v -0.02988348 -0.02951233 0.1303327
v -0.02844537 -0.03090082 0.1303327
v -0.02694284 -0.0322193 0.1303327
v -0.02537926 -0.0334648 0.1303327
v -0.0237582 -0.03463449 0.1303327
v -0.02208331 -0.03572572 0.1303327
v -0.0203584 -0.03673603 0.1303327
v -0.01858737 -0.03766311 0.1303327
v -0.01677423 -0.03850487 0.1303327
v -0.0149231 -0.03925941 0.1303327
v -0.01303816 -0.03992501 0.1303327
v -0.01112368 -0.04050017 0.1303327
v -0.009184007 -0.04098358 0.1303327
v -0.007223528 -0.04137415 0.1303327
v -0.005246684 -0.041671 0.1303327
v -0.003257955 -0.04187345 0.1303327
v -0.001261846 -0.04198104 0.1303327
v 0.0007371217 -0.04199353 0.1303327
v 0.00273442 -0.04191089 0.1303327
v 0.004725524 -0.04173331 0.1303327
v 0.006705922 -0.04146119 0.1303327
v 0.008671129 -0.04109515 0.1303327
v 0.01061669 -0.04063602 0.1303327
v 0.0125382 -0.04008483 0.1303327
v 0.0144313 -0.03944284 0.1303327
v 0.01629169 -0.03871151 0.1303327
v 0.01811516 -0.03789249 0.1303328
v 0.01989754 -0.03698767 0.1303328
v 0.02163478 -0.03599911 0.1303329
v 0.02332292 -0.03492909 0.1303332
v 0.02495808 -0.03378009 0.1303335
v 0.02653651 -0.03255478 0.130334
v 0.02805456 -0.03125607 0.1303347
v 0.02950864 -0.02988712 0.1303356
v 0.03089521 -0.02845147 0.1303364
v 0.03221077 -0.02695304 0.1303373
v 0.03345195 -0.0253962 0.1303383
v 0.03461576 -0.02378549 0.1303392
v 0.03569947 -0.02212572 0.1303392
v 0.03669992 -0.02042341 0.1303375
v 0.03761303 -0.01868849 0.130337
v 0.03843616 -0.01693109 0.1303444
v 0.03917142 -0.01515254 0.1303551
v 0.03981837 -0.0133603 0.130352
v 0.04036924 -0.01158984 0.1303534
v 0.04084236 -0.009792932 0.1302663
v 0.01183277 0.0402987 0.018928
v 0.04129519 0.007662083 0.02013023
v 0.04131962 0.007529227 0.02210425
v 0.04133622 0.00743753 0.02409868
v 0.04133633 0.007436945 0.02611032
v 0.04132881 0.007478612 0.02810586
v 0.04132294 0.007510955 0.0301031
v 0.04132055 0.007524119 0.0321062
v 0.0413203 0.007525457 0.03411558
v 0.04132084 0.007522511 0.03612971
v 0.04132139 0.007519482 0.03814628
v 0.04132171 0.007517725 0.04016335
v 0.04132183 0.007517076 0.04218004
v 0.04132185 0.007516981 0.04419634
v 0.04132184 0.007517042 0.04621247
v 0.04132183 0.00751709 0.04822857
v 0.04132182 0.007517099 0.05024468
v 0.04132183 0.007517091 0.05226081
v 0.04132183 0.00751708 0.05427694
v 0.04132183 0.007517073 0.05629307
v 0.04132183 0.00751707 0.05830921
v 0.04132183 0.007517069 0.06032534
v 0.04132183 0.007517069 0.06234146
v 0.04132183 0.007517069 0.06435759
v 0.04132183 0.007517069 0.06637372
v 0.04132183 0.007517069 0.06838985
v 0.04132183 0.007517069 0.07040598
v 0.04132183 0.007517069 0.07242211
v 0.04132183 0.007517069 0.07443824
v 0.04132183 0.007517069 0.07645437
v 0.04132183 0.007517069 0.0784705
v 0.04132183 0.007517068 0.08048662
v 0.04132183 0.007517066 0.08250275
v 0.04132183 0.007517063 0.08451888
v 0.04132183 0.007517058 0.086535
v 0.04132183 0.00751705 0.08855112
v 0.04132184 0.007517037 0.09056722
v 0.04132184 0.007517013 0.09258331
v 0.04132185 0.007516973 0.09459936
v 0.04132186 0.007516901 0.09661534
v 0.04132188 0.007516773 0.09863118
v 0.04132193 0.007516538 0.1006468
v 0.04132201 0.007516107 0.1026619
v 0.04132215 0.007515337 0.1046763
v 0.04132238 0.007514039 0.1066894
v 0.04132275 0.007512033 0.1087007
v 0.04132324 0.007509295 0.1107092
v 0.04132382 0.007506132 0.1127133
v 0.04132435 0.00750322 0.1147108
v 0.04132471 0.007501245 0.1166973
v 0.04132492 0.007500078 0.1186662
v 0.04132525 0.007498269 0.1206081
v 0.04132572 0.007495667 0.1225138
v 0.04132361 0.007507259 0.1243823
v 0.04130283 0.007620752 0.1262378
v 0.03818139 0.01749803 0.01891286
v 0.04142896 -0.006902266 0.03619218
v 0.04141416 -0.00699049 0.02813939
v 0.04142798 -0.006908174 0.03417643
v -0.009901888 0.04081608 0.018928
v 0.009901876 0.04081609 0.018928
v 0.04130702 0.007598053 0.01823986
v 0.0414299 -0.006896633 0.09062904
v 0.04125227 -0.007889907 0.01885258
v 0.0414297 -0.00689781 0.1067585
v 0.03903326 -0.015505 0.01891157
v 0.04142986 -0.006896887 0.1007098
v 0.04142984 -0.006896974 0.05030629
v 0.04142982 -0.006897077 0.04829011
v 0.04142969 -0.006897864 0.04224112
v 0.04124897 0.007907099 0.1280413
v -0.001998448 0.04195243 0.018928
v 0.01373686 0.03969003 0.018928
v 0.0414299 -0.00689663 0.08861291
v 0.04142987 -0.00689679 0.09869364
v -0.02436239 0.03421219 0.018928
v 0.04028926 0.01186488 0.01903352
v 0.04083675 -0.009816323 0.01881714
v 0.03039559 0.02898462 0.01892513
v 0.04142948 -0.006899154 0.1107916
v 0.04142547 -0.006923205 0.03216171
v -0.02750415 -0.03174148 0.018928
v 0.04142959 -0.006898482 0.04022463
v 0.04142894 -0.006902386 0.1148248
v 0.04142846 -0.00690529 0.1188513
v 0.04087491 0.009656163 0.01916343
v 0.04142458 -0.006928511 0.1228771
v 0.04140496 -0.00704482 0.02613304
v 0.005977222 0.0415725 0.018928
v 0.02596223 0.03301458 0.01892748
v 0.03301311 0.0259641 0.01892428
v 0.01924551 0.03733109 0.01892801
v 0.03896146 0.01568453 0.01891638
v 0.001998437 0.04195243 0.018928
v -0.01373686 0.03969003 0.018928
v -0.01744743 0.03820454 0.018928
v -0.02750415 0.03174148 0.018928
v -0.03039683 0.02898331 0.018928
v -0.03301423 0.02596267 0.018928
v -0.03533265 0.02270691 0.01892799
v -0.03899146 0.01560982 0.01892799
v -0.04029871 0.01183276 0.01892799
v -0.04124101 0.007948547 0.01892799
v -0.04195243 -0.001998443 0.01892799
v -0.0415725 -0.005977226 0.01892799
v -0.04081609 -0.009901878 0.018928
v -0.03969003 -0.01373686 0.018928
v -0.03820454 -0.01744743 0.018928
v -0.03637307 -0.021 0.018928
v -0.03421219 -0.02436239 0.018928
v -0.03174148 -0.02750415 0.018928
v -0.02436239 -0.03421219 0.018928
v -0.021 -0.03637307 0.018928
v -0.01744743 -0.03820455 0.018928
v -0.01373685 -0.03969004 0.018928
v -0.009901872 -0.04081609 0.018928
v -0.00597722 -0.0415725 0.018928
v -0.001998437 -0.04195243 0.018928
v 0.001998445 -0.04195243 0.018928
v 0.005977228 -0.0415725 0.018928
v 0.009901884 -0.04081608 0.01892801
v 0.01373688 -0.03969003 0.01892803
v 0.01744753 -0.0382045 0.01892813
v 0.02100027 -0.03637291 0.01892843
v 0.02436298 -0.03421177 0.01892917
v 0.02750493 -0.03174081 0.01892995
v 0.03039833 -0.02898174 0.01893061
v 0.03301914 -0.02595644 0.01893287
v 0.03534868 -0.02268194 0.01894462
v 0.04142979 -0.006897304 0.04627379
v 0.03421089 0.02436421 0.01892566
v 0.0412176 -0.008069038 0.1302274
v 0.03731695 0.01927292 0.01892094
v 0.0382457 -0.01735703 0.01894959
v 0.03636659 0.02101122 0.01892717
v 0.02898244 0.03039767 0.01892628
v -0.03586302 0.02185963 0.02065999
v 0.04111027 -0.008599157 0.05333044
v -0.04056889 0.01087039 0.02065999
v -0.008927739 -0.04104017 0.02066
v 0.0411097 -0.008601905 0.1097836
v -0.03777851 -0.01835167 0.02066
v -0.03478228 0.02354131 0.02065999
v 0.04111035 -0.008598766 0.07349193
v 0.04111032 -0.00859894 0.0573628
v 0.04111035 -0.008598772 0.06744354
v 0.008927742 0.04104017 0.02066
v -0.04198811 -0.0009995066 0.02065999
v 0.04111034 -0.008598811 0.09365326
v 0.04111035 -0.008598767 0.0714758
v 0.02186019 -0.03586268 0.02066089
v 0.04111035 -0.008598768 0.08155645
v 0.04110686 -0.008615461 0.1178486
v 0.04111035 -0.008598767 0.07954032
v 0.04111035 -0.008598775 0.08962097
v 0.03928826 0.01484697 0.02063575
v -0.02825173 -0.03107796 0.02066
v 0.0146775 0.03935189 0.02066001
v 0.0108704 0.04056888 0.02066
v -0.03238703 -0.02674099 0.02066
v 0.04109929 -0.008651513 0.03116068
v 0.04109738 -0.008660569 0.1238802
v 0.02012845 0.03686252 0.02066001
v 0.01278843 0.0400057 0.02066001
v 0.04107347 -0.008773263 0.02715702
v 0.04058663 -0.01080395 0.02026741
v 0.04111034 -0.008598822 0.06139512
v 0.02674012 0.03238774 0.02065899
v 0.04111035 -0.00859877 0.08558871
v 0.04103696 -0.008942465 0.02085759
v -0.02354132 0.03478227 0.02066
v 0.04111016 -0.008599676 0.04728177
v 0.04110785 -0.008610753 0.1158354
v 0.04111035 -0.008598772 0.08760484
v -0.0400057 0.01278842 0.02065998
v -0.03935189 0.01467748 0.02065998
v -0.002996255 0.04189299 0.02066
v 0.04111035 -0.008598766 0.07752419
v 0.01467755 -0.03935187 0.02066006
v 0.004986199 0.04170297 0.02066
v 0.04105762 -0.008847118 0.02515145
v -0.0146775 0.03935189 0.02066001
v -0.03362274 0.02516965 0.02066
v -0.02012846 0.03686252 0.02066001
v 0.04110451 -0.008626676 0.1218592
v -0.02825174 0.03107795 0.02066
v -0.03860894 0.01653329 0.02065998
v -0.03107796 0.02825173 0.02066
v -0.03238704 0.02674098 0.02066
v -0.01835167 0.03777851 0.02066001
v -0.04056888 -0.0108704 0.02065999
v 0.0009994988 0.04198811 0.02066
v 0.04111028 -0.008599122 0.09970179
v 0.02517082 -0.03362187 0.02066232
v -0.01653331 -0.03860893 0.02066
v -0.04170297 -0.004986205 0.02065999
v -0.04104017 -0.008927745 0.02065999
v -0.04141848 0.006964852 0.02065999
v -0.03935189 -0.0146775 0.02066
v -0.03860893 -0.01653331 0.02066
v 0.002996243 0.04189299 0.02066
v -0.03586301 -0.02185965 0.02066
v -0.03362273 -0.02516966 0.02066
v -0.02516966 -0.03362273 0.02066
v 0.04111035 -0.008598779 0.06542741
v 0.04110963 -0.008602234 0.03921561
v 0.03868688 -0.01635008 0.02067832
v -0.02185965 -0.03586302 0.02066
v -0.01835167 -0.03777852 0.02066
v 0.0411065 -0.008617188 0.1198549
v -0.01278843 -0.0400057 0.02066
v -0.0108704 -0.04056889 0.02066
v -0.004986196 -0.04170297 0.02066
v 0.01835188 -0.03777841 0.02066026
v 0.0009995083 -0.04198811 0.02066
v 0.004986206 -0.04170297 0.02066
v 0.008927751 -0.04104017 0.02066001
v 0.01278846 -0.04000569 0.02066003
v -0.0009994985 -0.04198811 0.02066
v 0.0165334 -0.03860889 0.02066012
v 0.02012879 -0.03686233 0.02066048
v 0.03784273 -0.01821889 0.02070935
v 0.02354209 -0.03478175 0.02066146
v 0.03480189 -0.02351231 0.02067631
v 0.02825337 -0.03107647 0.02066376
v 0.03108141 -0.02824793 0.02066449
v 0.03363233 -0.02515684 0.02066777
v 0.04111009 -0.008600024 0.04526532
v 0.04111035 -0.008598769 0.08357258
v 0.04111035 -0.008598796 0.06341126
v 0.01653331 0.03860893 0.02066001
v 0.04103182 -0.008966039 0.02307706
v 0.04111032 -0.008598949 0.09768558
v -0.04189299 0.002996241 0.02065999
v 0.04081761 0.009895587 0.1284971
v 0.04029233 0.01185447 0.128631
v 0.03968003 0.01376572 0.1286257
v 0.03896888 0.01566609 0.1286684
v 0.03816638 0.01753077 0.1287159
v 0.03727892 0.01934637 0.1287476
v 0.03631004 0.02110879 0.128762
v 0.0352616 0.02281709 0.1287659
v 0.03413493 0.02447052 0.1287656
v 0.03293166 0.02606733 0.1287646
v 0.03165402 0.02760476 0.128764
v 0.03030469 0.02907965 0.128764
v 0.02888665 0.03048871 0.1287643
v 0.02740313 0.03182874 0.1287647
v 0.02585753 0.03309665 0.1287649
v 0.02425339 0.03428955 0.128765
v 0.02259434 0.03540474 0.128765
v 0.02088412 0.03643973 0.128765
v 0.01912659 0.03739216 0.128765
v 0.01732574 0.03825989 0.128765
v 0.01548564 0.03904094 0.128765
v 0.01361045 0.03973356 0.128765
v 0.01170444 0.04033616 0.128765
v 0.009771908 0.0408474 0.128765
v 0.007817243 0.0412661 0.128765
v 0.005844868 0.04159132 0.128765
v 0.003859254 0.04182232 0.128765
v 0.001864897 0.04195858 0.128765
v -0.0001336852 0.04199979 0.128765
v -0.002131964 0.04194585 0.128765
v -0.004125413 0.0417969 0.128765
v -0.006109517 0.04155326 0.128765
v -0.008079781 0.0412155 0.128765
v -0.01003174 0.04078436 0.128765
v -0.01196098 0.04026084 0.128765
v -0.01386312 0.03964611 0.128765
v -0.01573385 0.03894157 0.128765
v -0.01756895 0.03814882 0.128765
v -0.01936424 0.03726964 0.128765
v -0.02111567 0.03630604 0.128765
v -0.02281926 0.03526019 0.128765
v -0.02447116 0.03413447 0.128765
v -0.02606763 0.03293142 0.128765
v -0.02760504 0.03165378 0.128765
v -0.02907992 0.03030442 0.128765
v -0.03048893 0.02888642 0.128765
v -0.03182887 0.02740298 0.128765
v -0.0330967 0.02585746 0.128765
v -0.03428956 0.02425337 0.128765
v -0.03540475 0.02259434 0.128765
v -0.03643973 0.02088412 0.128765
v -0.03739216 0.01912659 0.128765
v -0.03825989 0.01732574 0.128765
v -0.03904094 0.01548564 0.128765
v -0.03973356 0.01361045 0.128765
v -0.04033616 0.01170444 0.128765
v -0.0408474 0.009771908 0.128765
v -0.0412661 0.007817243 0.128765
v -0.04159132 0.005844868 0.128765
v -0.04182232 0.003859254 0.128765
v -0.04195858 0.001864897 0.128765
v -0.04199979 -0.0001336852 0.128765
v -0.04194585 -0.002131964 0.128765
v -0.0417969 -0.004125413 0.128765
v -0.04155326 -0.006109517 0.128765
v -0.0412155 -0.008079781 0.128765
v -0.04078436 -0.01003174 0.128765
v -0.04026084 -0.01196098 0.128765
v -0.03964611 -0.01386312 0.128765
v -0.03894157 -0.01573385 0.128765
v -0.03814882 -0.01756895 0.128765
v -0.03726964 -0.01936424 0.128765
v -0.03630604 -0.02111567 0.128765
v -0.03526019 -0.02281926 0.128765
v -0.03413447 -0.02447116 0.128765
v -0.03293142 -0.02606763 0.128765
v -0.03165378 -0.02760504 0.128765
v -0.03030442 -0.02907992 0.128765
v -0.02888642 -0.03048893 0.128765
v -0.02740298 -0.03182887 0.128765
v -0.02585746 -0.0330967 0.128765
v -0.02425337 -0.03428956 0.128765
v -0.02259434 -0.03540475 0.128765
v -0.02088412 -0.03643973 0.128765
v -0.01912659 -0.03739216 0.128765
v -0.01732574 -0.03825989 0.128765
v -0.01548564 -0.03904094 0.128765
v -0.01361045 -0.03973356 0.128765
v -0.01170444 -0.04033616 0.128765
v -0.009771908 -0.0408474 0.128765
v -0.007817243 -0.0412661 0.128765
v -0.005844868 -0.04159132 0.128765
v -0.003859254 -0.04182232 0.128765
v -0.001864896 -0.04195858 0.128765
v 0.000133686 -0.04199979 0.128765
v 0.002131966 -0.04194585 0.128765
v 0.004125416 -0.0417969 0.128765
v 0.00610952 -0.04155326 0.128765
v 0.008079785 -0.0412155 0.128765
v 0.01003174 -0.04078436 0.128765
v 0.01196098 -0.04026084 0.128765
v 0.0138631 -0.03964611 0.128765
v 0.01573381 -0.03894159 0.128765
v 0.01756885 -0.03814886 0.1287651
v 0.01936404 -0.03726974 0.1287651
v 0.02111528 -0.03630627 0.1287653
v 0.02281855 -0.03526066 0.1287655
v 0.02446992 -0.03413536 0.128766
v 0.0260656 -0.03293303 0.1287667
v 0.02760188 -0.03165654 0.1287677
v 0.02907514 -0.03030902 0.128769
v 0.03048175 -0.02889399 0.1287702
v 0.03181803 -0.02741556 0.1287712
v 0.0330802 -0.02587858 0.1287721
v 0.0342648 -0.02428834 0.1287731
v 0.03536942 -0.0226496 0.1287736
v 0.03639228 -0.02096669 0.1287701
v 0.03732923 -0.01924911 0.1287608
v 0.03817332 -0.01751563 0.1287575
v 0.03892351 -0.01577848 0.128782
v 0.03959406 -0.01401108 0.1287936
v 0.04017782 -0.01223696 0.1287363
v 0.04063627 -0.01061571 0.12883
v -0.0009995101 0.04198811 0.02066
v 0.04100491 0.009088292 0.02343847
v 0.04101089 0.0090613 0.02541838
v 0.04099224 0.009145299 0.02736365
v 0.0409773 0.009211992 0.02934414
v 0.04097176 0.009236601 0.03133947
v 0.04097141 0.00923815 0.03334633
v 0.04097285 0.009231757 0.03536062
v 0.04097426 0.009225492 0.0373784
v 0.04097507 0.0092219 0.03939663
v 0.04097537 0.009220573 0.04141397
v 0.04097541 0.009220391 0.04343045
v 0.04097538 0.009220536 0.04544656
v 0.04097535 0.009220655 0.0474626
v 0.04097535 0.009220687 0.04947868
v 0.04097535 0.009220673 0.05149481
v 0.04097535 0.00922065 0.05351094
v 0.04097536 0.009220635 0.05552708
v 0.04097536 0.009220627 0.05754321
v 0.04097536 0.009220623 0.05955934
v 0.04097536 0.009220623 0.06157547
v 0.04097536 0.009220623 0.0635916
v 0.04097536 0.009220623 0.06560773
v 0.04097536 0.009220624 0.06762386
v 0.04097536 0.009220624 0.06963999
v 0.04097536 0.009220624 0.07165612
v 0.04097536 0.009220624 0.07367225
v 0.04097536 0.009220624 0.07568838
v 0.04097536 0.009220623 0.0777045
v 0.04097536 0.009220622 0.07972063
v 0.04097536 0.009220621 0.08173676
v 0.04097536 0.009220617 0.08375288
v 0.04097536 0.009220611 0.08576901
v 0.04097536 0.009220602 0.08778512
v 0.04097537 0.009220586 0.08980123
v 0.04097537 0.009220559 0.09181731
v 0.04097538 0.009220516 0.09383336
v 0.0409754 0.009220443 0.09584933
v 0.04097543 0.009220319 0.09786515
v 0.04097548 0.009220101 0.09988069
v 0.04097557 0.009219705 0.1018957
v 0.04097573 0.009218972 0.1039098
v 0.04097603 0.009217649 0.1059224
v 0.04097653 0.009215416 0.1079325
v 0.04097729 0.009212061 0.109939
v 0.04097823 0.009207845 0.1119402
v 0.04097912 0.009203907 0.1139336
v 0.04097949 0.009202257 0.1159152
v 0.04097894 0.009204695 0.1178778
v 0.04097764 0.009210494 0.1198099
v 0.04097691 0.009213722 0.1216946
v 0.0409792 0.009203548 0.1235112
v 0.04098474 0.00917883 0.1252416
v 0.04108839 -0.008703137 0.02915426
v 0.04110823 -0.008608897 0.03518465
v 0.04111033 -0.008598864 0.05937897
v 0.04110925 -0.008604054 0.03719951
v 0.04095743 0.009299947 0.02139837
v 0.04111035 -0.008598782 0.09163711
v 0.04111014 -0.008599807 0.1037343
v -0.04198811 0.0009994999 0.02065999
v 0.03690702 -0.02004673 0.02070324
v -0.02969848 -0.02969849 0.02066
v 0.04008089 -0.01255079 0.02049799
v 0.0411103 -0.008599019 0.05534664
v 0.04110984 -0.008601232 0.1077671
v 0.04110888 -0.008605788 0.1138184
v -0.02185965 0.03586301 0.02066001
v -0.02674099 0.03238702 0.02066
v -0.006964875 0.04141848 0.02066
v 0.03943129 -0.01446283 0.02059187
v 0.04111023 -0.008599342 0.101718
v 0.04111025 -0.008599281 0.05131427
v 0.04111021 -0.008599436 0.04929808
v 0.04111001 -0.008600415 0.04324886
v -0.01278845 0.0400057 0.02066001
v 0.0218596 0.03586304 0.02065999
v 0.04111035 -0.008598766 0.07550806
v 0.04106587 -0.008808752 0.1282264
v 0.04111035 -0.008598768 0.06945967
v 0.04111033 -0.008598861 0.09566941
v 0.006964859 0.04141848 0.02066
v 0.03993175 0.01301749 0.02068661
v 0.03478022 0.02354434 0.0206578
v 0.03856302 0.01664013 0.02063064
v -0.02516967 0.03362273 0.02066
v -0.02674099 -0.03238703 0.02066
v -0.03107796 -0.02825174 0.02066
v 0.04049774 0.01113253 0.02088242
v 0.0251692 0.03362307 0.0206596
v 0.04107336 -0.008773765 0.1259772
v 0.04110547 -0.008622061 0.03317191
v 0.03238443 0.02674414 0.02065261
v 0.01835167 0.03777851 0.02066002
v 0.02354118 0.03478236 0.02065991
v -0.004986213 0.04170297 0.02066
v -0.01653331 0.03860893 0.02066001
v -0.02969849 0.02969848 0.02066
v -0.04104017 0.008927732 0.02065999
v -0.03686252 -0.02012846 0.02066
v 0.04110935 -0.008603579 0.111801
v -0.006964856 -0.04141848 0.02066
v -0.04189299 -0.002996249 0.02065999
v -0.04141848 -0.006964864 0.02065999
v -0.04170297 0.004986195 0.02065999
v -0.0400057 -0.01278844 0.02065999
v -0.03478227 -0.02354132 0.02066
v -0.02354132 -0.03478227 0.02066
v 0.04110984 -0.008601222 0.04123209
v -0.02012845 -0.03686252 0.02066
v -0.01467749 -0.03935189 0.02066
v -0.002996241 -0.04189299 0.02066
v 0.002996251 -0.04189299 0.02066
v 0.006964866 -0.04141848 0.02066
v 0.01087042 -0.04056888 0.02066002
v 0.02674252 -0.03238576 0.02066326
v 0.02970041 -0.02969656 0.02066405
v 0.03239265 -0.02673417 0.02066514
v -0.03686253 0.02012844 0.02065999
v 0.03589355 -0.02180947 0.02068831
v 0.04110998 -0.008600541 0.1057507
v -0.01087042 0.04056888 0.02066001
v 0.03585845 0.02186714 0.0206632
v -0.03777852 0.01835166 0.02065998
v 0.02825037 0.0310792 0.02065795
v 0.04093237 0.009409632 0.1269074
v 0.03775137 0.01840745 0.02064745
v 0.03107538 0.02825457 0.02065415
v -0.03301424 0.02596266 0.022392
v -0.03899146 0.01560979 0.02239197
v -0.03637307 -0.021 0.022392
v -0.041241 -0.007948556 0.02239199
v 0.04070948 -0.01033142 0.1228247
v -0.005977218 -0.0415725 0.022392
v 0.01560993 -0.03899141 0.02239212
v 0.03536743 -0.02265271 0.02241739
v 0.04072091 -0.01028629 0.0745
v 0.04064389 -0.0105865 0.02621231
v -0.03174149 0.02750414 0.022392
v 0.02270806 -0.03533191 0.02239385
v 0.04062197 0.01067032 0.02275996
v -0.03174148 -0.02750415 0.022392
v 0.04072091 -0.01028629 0.07046774
v -0.01373685 -0.03969004 0.022392
v 0.04072088 -0.01028638 0.09466135
v -0.01560983 0.03899145 0.02239201
v 0.04072091 -0.01028629 0.06845161
v 0.04072091 -0.01028629 0.07853226
v 0.01373686 0.03969003 0.02239201
v 0.04072001 -0.01028985 0.1067593
v 0.04071485 -0.01031022 0.1168494
v 0.03362051 0.02517262 0.02065341
v 0.04072091 -0.01028629 0.08256452
v -0.02750415 -0.03174148 0.022392
v 0.03891253 0.01580554 0.02233667
v 0.01924552 0.03733108 0.02239203
v 0.0407209 -0.0102863 0.09062904
v 0.04071631 -0.01030447 0.03417978
v 0.03684977 0.02015179 0.0206622
v 0.04072091 -0.01028629 0.08659678
v 0.04059355 -0.01077791 0.1269802
v -0.0415725 -0.005977228 0.02239199
v 0.04052017 -0.0110506 0.02213424
v 0.04072073 -0.010287 0.10071
v -0.04081609 0.009901854 0.02239198
v 0.009901876 0.04081609 0.022392
v -0.005977238 0.0415725 0.022392
v 0.04072077 -0.01028684 0.0543384
v 0.04072091 -0.01028629 0.08861291
v -0.04029871 0.01183274 0.02239198
v -0.03969004 0.01373683 0.02239197
v 0.04072091 -0.01028629 0.08054839
v 0.04072091 -0.01028629 0.07248387
v -0.02750416 0.03174148 0.022392
v -0.01924551 -0.03733109 0.022392
v 0.04071082 -0.01032614 0.03217236
v 0.04072085 -0.01028651 0.05837081
v -0.01924551 0.03733109 0.02239201
v -0.03733109 -0.01924552 0.022392
v -0.03533266 0.02270689 0.02239199
v 0.04071876 -0.0102948 0.1128112
v 0.03174728 -0.02749746 0.02239847
v -0.02436239 0.03421219 0.022392
v -0.003992366 0.04180982 0.022392
v -0.01560982 -0.03899145 0.022392
v -0.04180982 -0.003992359 0.02239199
v -0.03969003 -0.01373686 0.02239199
v -0.0415725 0.005977212 0.02239199
v 0.02750697 -0.03173904 0.02239813
v -0.02436239 -0.03421219 0.022392
v 0.001998437 0.04195243 0.022392
v 0.03912843 -0.01526322 0.02238557
v -0.03421219 -0.02436239 0.022392
v 0.02596182 0.0330149 0.02239129
v 0.003992362 -0.04180982 0.022392
v 0.02596509 -0.03301233 0.02239671
v 0.04071113 -0.01032492 0.1208507
v 0.0192459 -0.03733089 0.02239251
v -0.04195243 -0.001998446 0.02239199
v -0.021 -0.03637307 0.022392
v 0.005977222 0.0415725 0.022392
v -0.001998435 -0.04195243 0.022392
v 0.001998447 -0.04195243 0.022392
v 0.04072011 -0.01028945 0.04223942
v 0.007948563 -0.041241 0.02239201
v 5.09931e-09 -0.042 0.022392
v 0.01744767 -0.03820444 0.02239227
v 0.02100061 -0.03637271 0.02239296
v 0.0296966 0.02970037 0.02065645
v 0.03832422 -0.01718297 0.02246483
v 0.02436424 -0.03421087 0.02239515
v 0.0118328 -0.0402987 0.02239203
v 0.009901893 -0.04081608 0.02239202
v -0.03039684 0.02898331 0.022392
v 0.0304009 -0.02897905 0.02239911
v -0.0402987 -0.01183277 0.02239199
v 0.04072048 -0.01028798 0.04627318
v 0.04072091 -0.01028629 0.08458065
v 0.0407209 -0.01028632 0.06441932
v 0.01560983 0.03899145 0.02239202
v 0.04062836 -0.01064594 0.02424957
v 0.0407208 -0.01028672 0.09869377
v 0.03741664 -0.01907865 0.02246275
v 0.04045148 0.01129945 0.1271227
v 0.03987118 0.01320184 0.1270083
v 0.03917005 0.01515609 0.1270875
v 0.03838031 0.0170573 0.1271742
v 0.03750863 0.01889715 0.1272301
v 0.0365573 0.02067761 0.1272556
v 0.0355273 0.02240114 0.1272625
v 0.03441933 0.02406885 0.1272617
v 0.03323452 0.02568008 0.1272596
v 0.03197485 0.0272325 0.1272583
v 0.03064282 0.02872312 0.1272581
v 0.02924128 0.03014875 0.1272587
v 0.02777343 0.03150613 0.1272593
v 0.02624267 0.03279211 0.1272598
v 0.02465252 0.03400372 0.12726
v 0.02300659 0.03513825 0.12726
v 0.02130858 0.03619315 0.12726
v 0.01956231 0.03716606 0.12726
v 0.01777172 0.03805478 0.12726
v 0.01594087 0.03885729 0.12726
v 0.01407391 0.03957177 0.12726
v 0.01217507 0.04019661 0.12726
v 0.01024864 0.0407304 0.12726
v 0.008299005 0.04117191 0.12726
v 0.006330566 0.04152016 0.12726
v 0.004347787 0.04177436 0.12726
v 0.002355159 0.04193392 0.12726
v 0.0003571949 0.04199848 0.12726
v -0.001641578 0.04196791 0.12726
v -0.003636632 0.04184226 0.12726
v -0.005623448 0.04162183 0.12726
v -0.007597525 0.04130711 0.12726
v -0.009554391 0.04089882 0.12726
v -0.01148961 0.04039788 0.12726
v -0.01339881 0.03980543 0.12726
v -0.01527765 0.0391228 0.12726
v -0.01712188 0.03835155 0.12726
v -0.01892733 0.03749341 0.12726
v -0.0206899 0.03655035 0.12726
v -0.0224056 0.03552448 0.12726
v -0.02407055 0.03441815 0.12726
v -0.02568096 0.03323384 0.12726
v -0.02723321 0.03197425 0.12726
v -0.02872376 0.03064222 0.12726
v -0.03014924 0.02924078 0.12726
v -0.03150642 0.02777311 0.12726
v -0.03279223 0.02624251 0.12726
v -0.03400376 0.02465247 0.12726
v -0.03513826 0.02300658 0.12726
v -0.03619315 0.02130858 0.12726
v -0.03716606 0.01956231 0.12726
v -0.03805478 0.01777172 0.12726
v -0.03885729 0.01594087 0.12726
v -0.03957177 0.01407391 0.12726
v -0.04019661 0.01217507 0.12726
v -0.0407304 0.01024864 0.12726
v -0.04117191 0.008299005 0.12726
v -0.04152016 0.006330566 0.12726
v -0.04177436 0.004347787 0.12726
v -0.04193392 0.002355159 0.12726
v -0.04199848 0.0003571949 0.12726
v -0.04196791 -0.001641578 0.12726
v -0.04184226 -0.003636632 0.12726
v -0.04162183 -0.005623448 0.12726
v -0.04130711 -0.007597525 0.12726
v -0.04089882 -0.009554391 0.12726
v -0.04039788 -0.01148961 0.12726
v -0.03980543 -0.01339881 0.12726
v -0.0391228 -0.01527765 0.12726
v -0.03835155 -0.01712188 0.12726
v -0.03749341 -0.01892733 0.12726
v -0.03655035 -0.0206899 0.12726
v -0.03552448 -0.0224056 0.12726
v -0.03441815 -0.02407055 0.12726
v -0.03323384 -0.02568096 0.12726
v -0.03197425 -0.02723321 0.12726
v -0.03064222 -0.02872376 0.12726
v -0.02924078 -0.03014924 0.12726
v -0.02777311 -0.03150642 0.12726
v -0.02624251 -0.03279223 0.12726
v -0.02465247 -0.03400376 0.12726
v -0.02300658 -0.03513826 0.12726
v -0.02130858 -0.03619315 0.12726
v -0.01956231 -0.03716606 0.12726
v -0.01777172 -0.03805478 0.12726
v -0.01594087 -0.03885729 0.12726
v -0.01407391 -0.03957177 0.12726
v -0.01217507 -0.04019661 0.12726
v -0.01024864 -0.0407304 0.12726
v -0.008299005 -0.04117191 0.12726
v -0.006330566 -0.04152016 0.12726
v -0.004347787 -0.04177436 0.12726
v -0.002355158 -0.04193392 0.12726
v -0.0003571939 -0.04199848 0.12726
v 0.00164158 -0.04196791 0.12726
v 0.003636635 -0.04184226 0.12726
v 0.005623453 -0.04162183 0.12726
v 0.007597532 -0.04130711 0.12726
v 0.009554399 -0.04089882 0.12726
v 0.01148962 -0.04039788 0.12726
v 0.01339881 -0.03980543 0.12726
v 0.01527762 -0.03912281 0.12726
v 0.0171218 -0.03835158 0.12726
v 0.01892714 -0.03749351 0.1272601
v 0.02068949 -0.03655058 0.1272602
v 0.02240479 -0.035525 0.1272605
v 0.02406906 -0.03441919 0.1272611
v 0.0256784 -0.03323582 0.1272621
v 0.02722908 -0.03197776 0.1272635
v 0.02871744 -0.03064814 0.1272655
v 0.03013987 -0.02925044 0.1272674
v 0.03149254 -0.02778884 0.1272689
v 0.03277127 -0.02626868 0.1272693
v 0.03397167 -0.02469667 0.1272692
v 0.03509024 -0.02307975 0.1272704
v 0.03612705 -0.02142046 0.1272694
v 0.03708296 -0.01971938 0.1272526
v 0.03794868 -0.01799716 0.1272201
v 0.03871067 -0.01629369 0.1272247
v 0.03937462 -0.01461642 0.1273268
v 0.03999457 -0.01282318 0.1272695
v -0.001998448 0.04195243 0.022392
v -0.02596268 0.03301423 0.022392
v -0.03301423 -0.02596268 0.022392
v 0.0407209 -0.01028632 0.09264518
v 0.04060548 0.0107329 0.02653222
v 0.04057145 0.01086082 0.02845304
v 0.04055923 0.01090636 0.03044403
v 0.04055868 0.01090841 0.03245342
v 0.04056217 0.01089542 0.03447148
v 0.04056558 0.01088273 0.03649266
v 0.04056755 0.01087539 0.03851324
v 0.04056828 0.01087264 0.04053174
v 0.04056839 0.01087226 0.04254853
v 0.0405683 0.0108726 0.04456454
v 0.04056822 0.01087289 0.04658043
v 0.04056819 0.01087298 0.04859644
v 0.0405682 0.01087297 0.05061255
v 0.04056821 0.01087292 0.05262869
v 0.04056822 0.01087288 0.05464484
v 0.04056822 0.01087286 0.05666098
v 0.04056823 0.01087286 0.05867711
v 0.04056823 0.01087285 0.06069324
v 0.04056823 0.01087285 0.06270937
v 0.04056823 0.01087286 0.0647255
v 0.04056823 0.01087286 0.06674163
v 0.04056823 0.01087286 0.06875776
v 0.04056823 0.01087286 0.07077389
v 0.04056823 0.01087286 0.07279002
v 0.04056823 0.01087286 0.07480614
v 0.04056823 0.01087286 0.07682227
v 0.04056823 0.01087286 0.0788384
v 0.04056823 0.01087285 0.08085453
v 0.04056823 0.01087285 0.08287065
v 0.04056823 0.01087284 0.08488677
v 0.04056823 0.01087283 0.08690288
v 0.04056824 0.01087281 0.08891899
v 0.04056825 0.01087278 0.09093507
v 0.04056826 0.01087273 0.09295111
v 0.04056828 0.01087266 0.09496708
v 0.04056831 0.01087253 0.0969829
v 0.04056837 0.01087233 0.09899844
v 0.04056846 0.01087199 0.1010134
v 0.04056862 0.01087138 0.1030274
v 0.04056893 0.01087023 0.1050396
v 0.0405695 0.0108681 0.1070488
v 0.04057047 0.01086447 0.1090533
v 0.0405719 0.01085914 0.111051
v 0.04057351 0.01085311 0.1130394
v 0.04057451 0.01084937 0.1150149
v 0.04057365 0.01085262 0.1169716
v 0.04056992 0.01086655 0.1189001
v 0.04056391 0.01088896 0.120786
v 0.04055965 0.01090479 0.1226083
v 0.04056827 0.01087268 0.1243443
v 0.04069567 -0.0103857 0.03017036
v 0.04072035 -0.0102885 0.1047427
v -0.008927759 0.04104016 0.02066
v 0.04072089 -0.01028635 0.06240317
v 0.04071982 -0.01029059 0.04022244
v 0.04071938 -0.01029234 0.03820575
v -0.02596267 -0.03301423 0.022392
v 0.04072091 -0.01028629 0.07651613
v -0.02898332 -0.03039683 0.022392
v 0.04072088 -0.0102864 0.06038701
v 0.04065351 0.0105495 0.02466873
v 0.03423015 -0.02433716 0.0224036
v 0.0137369 -0.03969002 0.02239205
v -0.01744743 -0.03820455 0.022392
v -0.007948548 -0.04124101 0.022392
v 0.04072082 -0.01028663 0.05635464
v 0.003992352 0.04180982 0.022392
v 0.0407209 -0.0102863 0.06643547
v -0.03820454 -0.01744743 0.022392
v -0.03533265 -0.02270692 0.022392
v 0.04071763 -0.01029926 0.1148306
v 0.03982952 -0.01332701 0.02217823
v 0.04071945 -0.01029207 0.1107926
v -0.02270691 -0.03533265 0.022392
v 0.04072058 -0.01028758 0.1027263
v 0.04072072 -0.01028703 0.05232221
v 0.04072066 -0.01028727 0.05030598
v 0.04072035 -0.01028848 0.04425658
v -0.01373686 0.03969003 0.02239201
v 0.02099999 0.03637307 0.02239203
v 0.03957226 0.01407253 0.02235244
v -0.00794857 0.041241 0.02239201
v -0.03421221 0.02436237 0.02239199
v 0.03642675 -0.02090675 0.02243884
v -0.03039683 -0.02898332 0.022392
v -0.04081609 -0.009901879 0.02239199
v 0.04066884 -0.01049027 0.02817848
v 0.03420927 0.02436649 0.02238119
v 0.04069345 -0.01039436 0.1248292
v 0.03173623 0.02751021 0.0223801
v -0.003992348 -0.04180982 0.022392
v 0.04071838 -0.01029629 0.03619121
v 0.01183277 0.0402987 0.02239201
v 0.01744744 0.03820454 0.02239203
v 0.0381582 0.01754856 0.02236336
v 0.04071189 -0.01032191 0.1188598
v -0.02898333 0.03039682 0.022392
v 0.02436211 0.03421239 0.02239184
v 0.007948552 0.04124101 0.022392
v -0.01744743 0.03820454 0.02239201
v 0.0407197 -0.01029108 0.1087758
v 0.0275025 0.03174291 0.02239007
v -0.04124101 0.007948537 0.02239198
v -0.03637308 0.02099997 0.02239198
v 0.04072086 -0.01028649 0.09667753
v -0.01183276 -0.04029871 0.022392
v -0.03899145 -0.01560983 0.02239199
v -5.196151e-09 0.042 0.022392
v 0.03302427 -0.0259499 0.02239896
v 0.03300951 0.02596868 0.02237814
v 0.005977232 -0.0415725 0.022392
v -0.04180982 0.003992345 0.02239199
v 0.02898626 -0.03039402 0.02239876
v 0.04072056 -0.01028766 0.04828957
v -0.042 -4.970931e-09 0.02239199
v -0.01183278 0.0402987 0.02239201
v -0.04195243 0.001998434 0.02239199
v -0.009901871 -0.04081609 0.022392
v -0.021 0.03637307 0.02239201
v 0.03533158 0.02270857 0.02239242
v -0.03820456 0.0174474 0.02239197
v 0.04061978 0.01067866 0.1258264
v -0.02270692 0.03533265 0.02239201
v 0.0297043 -0.02969267 0.02413634
v -0.009901894 0.04081608 0.02239201
v 0.04026018 -0.01196318 0.1077681
v 0.03239617 -0.02672991 0.02413212
v 0.02354388 -0.03478053 0.02412792
v -0.03860893 -0.01653331 0.02412399
v 0.04020616 -0.01214349 0.02919693
v -0.03107796 -0.02825174 0.024124
v -0.04056888 -0.0108704 0.02412399
v 0.04026162 -0.01195833 0.04929728
v 0.004986212 -0.04170297 0.024124
v -0.0009995081 0.04198811 0.024124
v 0.04026216 -0.01195651 0.09566946
v 0.04013603 0.01237333 0.02238848
v 0.04026222 -0.01195633 0.08760484
v 0.04026222 -0.01195632 0.08357258
v -0.0296985 0.02969847 0.024124
v -0.03586301 -0.02185965 0.024124
v -0.006964876 0.04141848 0.02412401
v -0.04104018 0.008927711 0.02412397
v 0.040262 -0.01195708 0.05534629
v 0.0303928 0.02898754 0.02238488
v 0.04025886 -0.01196763 0.03719452
v 0.04025736 -0.01197268 0.03518237
v 0.008927743 0.04104017 0.024124
v 0.04026222 -0.01195632 0.07147581
v 0.01835169 0.0377785 0.02412406
v 0.03881643 -0.01604011 0.02424415
v -0.04141848 -0.006964867 0.02412399
v 0.04026195 -0.01195723 0.09970203
v 0.04026222 -0.01195632 0.07954032
v -0.0373311 0.01924549 0.02239198
v 0.02270686 0.03533268 0.02239201
v 0.04026221 -0.01195635 0.09163711
v 0.002996256 -0.04189299 0.024124
v 0.0183521 -0.03777831 0.02412451
v -0.04056889 0.01087036 0.02412397
v -0.04000571 0.01278838 0.02412396
v 0.04026222 -0.01195632 0.08155645
v 0.04026222 -0.01195632 0.07550807
v -0.02825175 0.03107795 0.024124
v 0.0267459 -0.03238298 0.02413338
v 0.04026101 -0.01196041 0.04324677
v 0.0402622 -0.01195639 0.09365326
v -0.02674098 -0.03238703 0.024124
v 0.01653356 -0.03860882 0.02412427
v 0.04024795 -0.01200428 0.1178715
v 0.04024722 -0.01200672 0.1237138
v 0.04026222 -0.01195632 0.06945967
v -0.0347823 0.02354128 0.02412398
v -0.01467749 -0.03935189 0.024124
v 0.04014173 -0.01235483 0.02721919
v -0.04170297 -0.00498621 0.02412399
v 0.0009995005 0.04198811 0.024124
v -0.03238705 0.02674096 0.024124
v 0.04026222 -0.01195634 0.06542739
v 0.00892776 -0.04104016 0.02412402
v 0.04025807 -0.0119703 0.1138223
v -0.01653331 0.03860893 0.02412402
v -0.03935191 0.01467744 0.02412396
v 0.04023713 -0.01204048 0.1218311
v -0.002996238 -0.04189299 0.024124
v -0.04189299 -0.002996255 0.02412399
v -0.02012845 -0.03686252 0.024124
v 0.04026222 -0.01195632 0.06744354
v -0.004986193 -0.04170297 0.024124
v 0.01467751 0.03935188 0.02412403
v 0.04026222 -0.01195632 0.08558871
v 0.02517298 -0.03362025 0.02412997
v -0.03362276 0.02516963 0.02412399
v -0.03107797 0.02825172 0.024124
v 0.03108415 -0.02824492 0.02413495
v 0.0402615 -0.01195876 0.04728087
v 0.04026214 -0.01195659 0.05937882
v 0.03591821 -0.02176883 0.0241634
v 0.03792665 -0.01804354 0.02423658
v -0.04170297 0.004986184 0.02412398
v 0.0108704 0.04056888 0.02412401
v 0.04007816 0.01255951 0.1253384
v 0.03933679 0.01471792 0.1255164
v 0.03855203 0.01666556 0.1256715
v 0.03769323 0.0185262 0.125766
v 0.03675663 0.02032118 0.1258095
v 0.03574178 0.02205732 0.1258214
v 0.03464904 0.02373697 0.1258198
v 0.03347923 0.02536022 0.1258158
v 0.03223421 0.026925 0.1258129
v 0.03091634 0.02842851 0.1258122
v 0.02952832 0.02986768 0.1258131
v 0.02807327 0.03123926 0.1258143
v 0.02655464 0.03253999 0.1258152
v 0.024976 0.03376684 0.1258156
v 0.02334092 0.03491707 0.1258157
v 0.02165304 0.03598813 0.1258157
v 0.01991613 0.03697767 0.1258157
v 0.01813411 0.03788343 0.1258157
v 0.016311 0.03870338 0.1258157
v 0.01445094 0.03943565 0.1258157
v 0.01255815 0.04007858 0.1258157
v 0.01063691 0.04063073 0.1258157
v 0.008691577 0.04109083 0.1258157
v 0.006726552 0.04145785 0.1258157
v 0.004746289 0.04173096 0.1258157
v 0.002755274 0.04190953 0.1258157
v 0.0007580174 0.04199316 0.1258157
v -0.001240956 0.04198166 0.1258157
v -0.003237119 0.04187506 0.1258157
v -0.005225948 0.04167361 0.1258157
v -0.007202939 0.04137774 0.1258157
v -0.009163612 0.04098815 0.1258157
v -0.01110353 0.0405057 0.1258157
v -0.01301829 0.03993149 0.1258157
v -0.01490356 0.03926683 0.1258157
v -0.01675507 0.03851321 0.1258157
v -0.01856863 0.03767235 0.1258157
v -0.02034012 0.03674615 0.1258157
v -0.02206553 0.03573671 0.1258157
v -0.02374096 0.03464631 0.1258157
v -0.02536261 0.03347743 0.1258157
v -0.0269268 0.03223271 0.1258157
v -0.02842999 0.03091497 0.1258157
v -0.02986879 0.0295272 0.1258157
v -0.03123992 0.02807254 0.1258157
v -0.03254028 0.02655429 0.1258157
v -0.03376692 0.02497588 0.1258157
v -0.03491708 0.0233409 0.1258157
v -0.03598813 0.02165304 0.1258157
v -0.03697766 0.01991613 0.1258157
v -0.03788343 0.01813411 0.1258157
v -0.03870338 0.016311 0.1258157
v -0.03943565 0.01445094 0.1258157
v -0.04007858 0.01255815 0.1258157
v -0.04063073 0.01063691 0.1258157
v -0.04109083 0.008691577 0.1258157
v -0.04145785 0.006726551 0.1258157
v -0.04173096 0.004746289 0.1258157
v -0.04190953 0.002755274 0.1258157
v -0.04199316 0.0007580174 0.1258157
v -0.04198166 -0.001240956 0.1258157
v -0.04187506 -0.003237119 0.1258157
v -0.04167361 -0.005225948 0.1258157
v -0.04137774 -0.007202939 0.1258157
v -0.04098815 -0.009163612 0.1258157
v -0.0405057 -0.01110353 0.1258157
v -0.03993149 -0.01301829 0.1258157
v -0.03926683 -0.01490356 0.1258157
v -0.03851321 -0.01675507 0.1258157
v -0.03767235 -0.01856863 0.1258157
v -0.03674615 -0.02034012 0.1258157
v -0.03573671 -0.02206553 0.1258157
v -0.03464631 -0.02374096 0.1258157
v -0.03347743 -0.02536261 0.1258157
v -0.03223271 -0.0269268 0.1258157
v -0.03091497 -0.02842999 0.1258157
v -0.0295272 -0.02986879 0.1258157
v -0.02807254 -0.03123992 0.1258157
v -0.02655429 -0.03254028 0.1258157
v -0.02497588 -0.03376692 0.1258157
v -0.0233409 -0.03491708 0.1258157
v -0.02165304 -0.03598813 0.1258157
v -0.01991613 -0.03697766 0.1258157
v -0.01813411 -0.03788343 0.1258157
v -0.016311 -0.03870338 0.1258157
v -0.01445094 -0.03943565 0.1258157
v -0.01255815 -0.04007858 0.1258157
v -0.01063691 -0.04063073 0.1258157
v -0.008691577 -0.04109083 0.1258157
v -0.006726551 -0.04145785 0.1258157
v -0.004746288 -0.04173096 0.1258157
v -0.002755273 -0.04190953 0.1258157
v -0.0007580162 -0.04199316 0.1258157
v 0.001240959 -0.04198166 0.1258157
v 0.003237123 -0.04187506 0.1258157
v 0.005225955 -0.04167361 0.1258157
v 0.00720295 -0.04137774 0.1258157
v 0.009163627 -0.04098814 0.1258157
v 0.01110354 -0.04050569 0.1258156
v 0.0130183 -0.03993149 0.1258156
v 0.01490356 -0.03926683 0.1258156
v 0.01675502 -0.03851324 0.1258156
v 0.01856846 -0.03767244 0.1258157
v 0.02033971 -0.03674638 0.1258158
v 0.02206466 -0.03573725 0.1258161
v 0.02373925 -0.03464748 0.1258168
v 0.02535948 -0.03347979 0.125818
v 0.02692151 -0.03223713 0.1258201
v 0.02842164 -0.03092265 0.1258231
v 0.0298563 -0.02953983 0.1258264
v 0.03122172 -0.02809277 0.1258288
v 0.03251349 -0.02658708 0.1258288
v 0.0337263 -0.02503071 0.125826
v 0.03485447 -0.02343429 0.1258238
v 0.03589442 -0.02180804 0.125829
v 0.03685661 -0.02013927 0.1258209
v 0.03774466 -0.01842119 0.1257509
v 0.03853113 -0.01671384 0.1256651
v 0.03920561 -0.01506387 0.1257668
v 0.03973709 -0.01360014 0.1260667
v 0.0402622 -0.01195638 0.06341123
v 0.04009926 0.01249197 0.02742869
v 0.03481585 -0.02349162 0.02413995
v 0.03695734 -0.01995382 0.02420071
v 0.04007477 0.01257031 0.02943449
v 0.04007348 0.01257443 0.03146514
v 0.04008126 0.01254961 0.03349705
v 0.04008906 0.01252467 0.03552677
v 0.04009365 0.01250997 0.03755182
v 0.04009542 0.01250429 0.03957219
v 0.04009568 0.01250346 0.04158928
v 0.04009546 0.01250417 0.04360495
v 0.04009524 0.01250486 0.04562046
v 0.04009516 0.01250513 0.04763626
v 0.04009516 0.01250512 0.04965232
v 0.04009519 0.01250503 0.05166847
v 0.04009521 0.01250495 0.05368464
v 0.04009523 0.01250491 0.0557008
v 0.04009523 0.01250489 0.05771694
v 0.04009524 0.01250488 0.05973308
v 0.04009524 0.01250488 0.06174921
v 0.04009524 0.01250488 0.06376534
v 0.04009523 0.01250488 0.06578146
v 0.04009523 0.01250489 0.06779759
v 0.04009523 0.01250489 0.06981372
v 0.04009523 0.01250489 0.07182985
v 0.04009523 0.01250489 0.07384598
v 0.04009523 0.01250489 0.07586211
v 0.04009523 0.01250489 0.07787823
v 0.04009523 0.01250488 0.07989436
v 0.04009524 0.01250488 0.08191048
v 0.04009524 0.01250487 0.0839266
v 0.04009524 0.01250486 0.08594272
v 0.04009525 0.01250484 0.08795882
v 0.04009526 0.0125048 0.0899749
v 0.04009528 0.01250474 0.09199094
v 0.04009531 0.01250465 0.09400691
v 0.04009535 0.01250452 0.09602274
v 0.04009541 0.01250432 0.0980383
v 0.04009551 0.01250401 0.1000533
v 0.04009566 0.01250353 0.1020674
v 0.04009592 0.0125027 0.1040796
v 0.04009642 0.01250107 0.1060884
v 0.04009742 0.01249787 0.1080916
v 0.04009918 0.01249221 0.1100863
v 0.04010173 0.01248404 0.112069
v 0.04010428 0.01247585 0.114036
v 0.04010474 0.01247436 0.1159828
v 0.04010022 0.0124889 0.1179028
v 0.04008882 0.01252544 0.1197872
v 0.0400722 0.01257852 0.1216304
v 0.0400552 0.01263253 0.1234027
v 0.04026084 -0.01196096 0.1057515
v 0.01653333 0.03860893 0.02412404
v 0.04026063 -0.01196168 0.04122919
v 0.04026001 -0.01196376 0.03921113
v 0.04026222 -0.01195632 0.07752419
v -0.02825173 -0.03107796 0.024124
v 0.04026218 -0.01195644 0.06139506
v 0.02825715 -0.03107304 0.02413543
v -0.004986212 0.04170297 0.02412401
v -0.03935189 -0.0146775 0.02412399
v -0.03686252 -0.02012846 0.024124
v 0.04026209 -0.01195677 0.0573626
v 0.04025389 -0.01198433 0.03317804
v 0.01278844 0.0400057 0.02412402
v -0.03777851 -0.01835167 0.02412399
v -0.006964854 -0.04141848 0.024124
v 0.04025547 -0.01197904 0.1158465
v 0.04026222 -0.01195633 0.08962097
v 0.04025919 -0.01196652 0.1118019
v -0.02185964 -0.03586302 0.024124
v -0.02354132 -0.03478227 0.024124
v 0.04026138 -0.01195914 0.1037349
v 0.04026191 -0.01195737 0.05333007
v 0.0402618 -0.01195772 0.05131382
v 0.04026133 -0.01195932 0.04526425
v -0.01467749 0.03935189 0.02412402
v 0.04026176 -0.01195788 0.1017184
v -0.04104017 -0.008927747 0.02412399
v 0.006964875 -0.04141848 0.02412401
v -0.008927756 0.04104017 0.02412401
v 0.01278849 -0.04000568 0.02412406
v 0.03924317 0.01496575 0.02404239
v -0.03362273 -0.02516966 0.024124
v 0.04026208 -0.0119568 0.09768575
v -0.02969848 -0.02969849 0.024124
v 0.03106922 0.02826135 0.02410822
v 0.03636912 0.02100683 0.02240684
v 0.0049862 0.04170297 0.024124
v 0.006964859 0.04141848 0.024124
v 0.03731257 0.01928139 0.02240321
v 0.03363972 -0.02514696 0.02413134
v 0.04022693 -0.01207451 0.1255446
v -0.02012845 0.03686252 0.02412401
v 0.0009995119 -0.04198811 0.024124
v 0.02012917 -0.03686213 0.024125
v 0.04026222 -0.01195632 0.07349194
v 0.04025946 -0.01196563 0.1097851
v -0.02516966 -0.03362273 0.024124
v 0.04023912 -0.01203383 0.1198821
v 0.01087044 -0.04056888 0.02412404
v -0.01278843 -0.0400057 0.024124
v 0.04024263 -0.0120221 0.0311903
v 0.02516909 0.03362316 0.02412376
v 0.02673964 0.03238814 0.02412284
v -0.03586304 0.0218596 0.02412397
v -0.02516967 0.03362273 0.024124
v 0.03957824 -0.01405572 0.024037
v 0.0323774 0.02675265 0.02410162
v -0.01835167 0.03777852 0.02412401
v 0.02898064 0.03039938 0.02238798
v 0.03361437 0.02518082 0.02409806
v -0.04141849 0.006964835 0.02412398
v -0.01835167 -0.03777852 0.024124
v -0.0009994962 -0.04198811 0.024124
v 0.0218611 -0.03586213 0.0241261
v -0.0165333 -0.03860893 0.024124
v -0.0400057 -0.01278844 0.02412399
v 0.04011693 -0.0124351 0.02532318
v -0.04189299 0.002996233 0.02412398
v -0.002996253 0.04189299 0.024124
v -0.02674099 0.03238702 0.024124
v 0.0401822 0.01222254 0.02554782
v -0.01087041 0.04056888 0.02412402
v -0.04198811 -0.0009995129 0.02412399
v 0.02012848 0.0368625 0.02412407
v -0.01278844 0.0400057 0.02412402
v 0.04029743 0.01183709 0.0239085
v -0.03238703 -0.02674099 0.024124
v 0.01467759 -0.03935185 0.02412411
v -0.008927737 -0.04104017 0.024124
v -0.03478227 -0.02354132 0.024124
v 0.03477897 0.0235462 0.02410543
v -0.03860896 0.01653326 0.02412396
v 0.002996244 0.04189299 0.024124
v -0.02354132 0.03478227 0.02412401
v 0.0385426 0.01668736 0.02403068
v 0.03973507 -0.01360602 0.08054839
v 0.01744747 0.03820453 0.02585608
v -0.01744742 0.03820455 0.02585602
v -0.02185965 0.03586301 0.02412401
v -0.03533265 -0.02270692 0.02585599
v 0.03973508 -0.01360602 0.0745
v 0.01183283 -0.04029869 0.02585607
v -0.04157251 0.005977188 0.02585597
v 0.03538226 -0.02262953 0.02587715
v -0.03969003 -0.01373686 0.02585599
v -0.02898332 -0.03039683 0.025856
v 0.04015986 -0.01229577 0.02358183
v 0.03973507 -0.01360603 0.08458065
v 0.03972915 -0.01362332 0.1107945
v -0.003992354 0.04180982 0.02585601
v 0.03972094 -0.01364724 0.03218514
v 0.007948575 -0.041241 0.02585603
v 0.03973046 -0.01361948 0.0381965
v 0.007948553 0.04124101 0.025856
v 0.03973473 -0.01360702 0.09869401
v -0.001998439 0.04195243 0.025856
v 0.03973508 -0.01360602 0.06845161
v -0.04180982 -0.003992371 0.02585598
v -0.03969006 0.01373677 0.02585594
v 0.03973505 -0.01360608 0.09264519
v 0.003992372 -0.04180982 0.02585601
v -0.01087039 -0.04056889 0.024124
v 0.03973507 -0.01360602 0.08256452
v 0.03303009 -0.0259425 0.02586237
v -0.02596267 -0.03301423 0.025856
v -0.03039683 -0.02898332 0.025856
v -0.007948554 0.04124101 0.02585602
v -0.04124101 0.007948506 0.02585597
v 0.009901915 -0.04081608 0.02585604
v 0.03961039 -0.01396484 0.0282583
v 0.005977246 -0.0415725 0.02585602
v 0.02354121 0.03478234 0.02412405
v 0.02185966 0.035863 0.02412408
v 0.03972807 -0.01362647 0.1148327
v -0.03820454 -0.01744743 0.02585599
v 0.01744793 -0.03820431 0.02585653
v 0.03973507 -0.01360603 0.0886129
v 0.03973319 -0.01361154 0.04425402
v 4.451702e-10 0.042 0.025856
v 0.03973474 -0.01360701 0.0563541
v 0.03973411 -0.01360883 0.05030491
v -0.02898334 0.03039681 0.025856
v -0.03421224 0.02436232 0.02585598
v 0.03973498 -0.01360631 0.06038682
v -0.0408161 0.009901813 0.02585596
v 0.03970882 -0.01368247 0.03024829
v 0.03968261 -0.01375827 0.1228434
v 0.03973508 -0.01360602 0.07248387
v -0.003992342 -0.04180982 0.025856
v 0.03973383 -0.01360965 0.0482882
v 0.03973507 -0.01360603 0.06643547
v 0.009901877 0.04081609 0.02585601
v 0.0384263 -0.01695346 0.02603118
v 0.03973492 -0.01360646 0.09667765
v 0.03973043 -0.01361958 0.1087776
v 0.03972869 -0.01362465 0.03617876
v -0.0402987 -0.01183277 0.02585599
v 0.03982479 0.01334115 0.02408605
v 0.03943348 0.01445686 0.1239136
v 0.0386842 0.01635641 0.1241809
v 0.03784725 0.01820949 0.1243353
v 0.03692794 0.02000818 0.1244081
v 0.03592793 0.0217528 0.1244289
v 0.03484905 0.02344235 0.1244258
v 0.03369231 0.02507645 0.1244186
v 0.03245994 0.02665243 0.1244128
v 0.03115432 0.02816751 0.124411
v 0.02977793 0.02961882 0.1244123
v 0.02833388 0.03100308 0.1244145
v 0.02682572 0.03231688 0.124416
v 0.02525709 0.0335571 0.1244168
v 0.02363155 0.03472103 0.1244169
v 0.02195265 0.03580616 0.1244169
v 0.02022406 0.03681016 0.1244169
v 0.01844965 0.03773076 0.1244169
v 0.01663346 0.03856589 0.1244169
v 0.01477958 0.03931366 0.1244169
v 0.01289222 0.03997237 0.1244169
v 0.01097565 0.04054054 0.1244169
v 0.009034223 0.04101686 0.1244169
v 0.007072329 0.04140027 0.1244169
v 0.005094415 0.04168989 0.1244169
v 0.00310496 0.04188507 0.1244169
v 0.001108471 0.04198537 0.1244169
v -0.0008905291 0.04199056 0.1244169
v -0.002887512 0.04190062 0.1244169
v -0.004877953 0.04171577 0.1244169
v -0.006857344 0.04143642 0.1244169
v -0.008821201 0.0410632 0.1244169
v -0.01076508 0.04059696 0.1244169
v -0.01268456 0.04003875 0.1244169
v -0.01457532 0.03938985 0.1244169
v -0.01643305 0.03865171 0.1244169
v -0.01825356 0.03782602 0.1244169
v -0.02003272 0.03691463 0.1244169
v -0.0217665 0.03591963 0.1244169
v -0.02345097 0.03484325 0.1244169
v -0.02508232 0.03368794 0.1244169
v -0.02665684 0.03245632 0.1244169
v -0.02817098 0.03115117 0.1244169
v -0.02962131 0.02977546 0.1244169
v -0.03100453 0.0283323 0.1244169
v -0.03231752 0.02682495 0.1244169
v -0.0335573 0.02525684 0.1244169
v -0.03472106 0.02363151 0.1244169
v -0.03580616 0.02195265 0.1244169
v -0.03681015 0.02022406 0.1244169
v -0.03773076 0.01844965 0.1244169
v -0.03856589 0.01663345 0.1244169
v -0.03931366 0.01477958 0.1244169
v -0.03997238 0.01289222 0.1244169
v -0.04054054 0.01097565 0.1244169
v -0.04101686 0.009034223 0.1244169
v -0.04140027 0.007072329 0.1244169
v -0.04168989 0.005094415 0.1244169
v -0.04188507 0.00310496 0.1244169
v -0.04198537 0.001108471 0.1244169
v -0.04199056 -0.0008905291 0.1244169
v -0.04190062 -0.002887512 0.1244169
v -0.04171577 -0.004877953 0.1244169
v -0.04143642 -0.006857344 0.1244169
v -0.0410632 -0.008821201 0.1244169
v -0.04059696 -0.01076508 0.1244169
v -0.04003875 -0.01268456 0.1244169
v -0.03938985 -0.01457532 0.1244169
v -0.03865171 -0.01643305 0.1244169
v -0.03782602 -0.01825356 0.1244169
v -0.03691463 -0.02003272 0.1244169
v -0.03591963 -0.0217665 0.1244169
v -0.03484325 -0.02345097 0.1244169
v -0.03368794 -0.02508232 0.1244169
v -0.03245632 -0.02665684 0.1244169
v -0.03115117 -0.02817098 0.1244169
v -0.02977546 -0.02962131 0.1244169
v -0.0283323 -0.03100453 0.1244169
v -0.02682495 -0.03231752 0.1244169
v -0.02525684 -0.0335573 0.1244169
v -0.02363151 -0.03472106 0.1244169
v -0.02195265 -0.03580616 0.1244169
v -0.02022406 -0.03681015 0.1244169
v -0.01844965 -0.03773076 0.1244169
v -0.01663345 -0.03856589 0.1244169
v -0.01477958 -0.03931366 0.1244169
v -0.01289222 -0.03997238 0.1244169
v -0.01097565 -0.04054054 0.1244169
v -0.009034223 -0.04101686 0.1244169
v -0.007072329 -0.04140027 0.1244169
v -0.005094415 -0.04168989 0.1244169
v -0.003104959 -0.04188507 0.1244169
v -0.00110847 -0.04198537 0.1244169
v 0.0008905318 -0.04199056 0.1244169
v 0.002887517 -0.04190062 0.1244169
v 0.004877963 -0.04171577 0.1244169
v 0.00685736 -0.04143642 0.1244169
v 0.008821225 -0.0410632 0.1244169
v 0.01076511 -0.04059695 0.1244169
v 0.0126846 -0.04003874 0.1244169
v 0.01457534 -0.03938984 0.1244169
v 0.01643303 -0.03865172 0.1244169
v 0.01825343 -0.03782608 0.1244169
v 0.02003235 -0.03691483 0.124417
v 0.02176563 -0.03592015 0.1244174
v 0.02344913 -0.03484449 0.1244181
v 0.02507872 -0.03369062 0.1244196
v 0.02665035 -0.03246165 0.1244224
v 0.02816017 -0.03116095 0.1244267
v 0.02960466 -0.02979201 0.1244322
v 0.03098024 -0.02835886 0.1244369
v 0.03228256 -0.02686701 0.1244375
v 0.03350595 -0.02532491 0.124431
v 0.03464321 -0.02374548 0.1244192
v 0.03568644 -0.02214673 0.1244149
v 0.03662673 -0.02055438 0.1244494
v 0.03751889 -0.01887678 0.1243852
v 0.03833463 -0.01715973 0.1241152
v 0.03973506 -0.01360606 0.06441931
v 0.03747578 -0.01896223 0.02598414
v -0.03301427 0.02596262 0.02585599
v 0.03950997 0.0142465 0.02833057
v 0.03950381 0.01426356 0.03041178
v 0.03952038 0.01421758 0.03247517
v 0.03953746 0.01417 0.03452329
v 0.03954757 0.01414177 0.03655593
v 0.03955161 0.01413047 0.03857846
v 0.03955227 0.01412862 0.04059523
v 0.03955175 0.01413007 0.04260974
v 0.03955121 0.01413159 0.04462423
v 0.03955096 0.01413228 0.04663949
v 0.03955094 0.01413234 0.04865539
v 0.039551 0.01413218 0.05067156
v 0.03955106 0.01413201 0.05268777
v 0.0395511 0.0141319 0.05470396
v 0.03955112 0.01413185 0.05672013
v 0.03955112 0.01413183 0.05873627
v 0.03955112 0.01413183 0.06075241
v 0.03955112 0.01413183 0.06276854
v 0.03955112 0.01413184 0.06478467
v 0.03955112 0.01413184 0.06680079
v 0.03955112 0.01413184 0.06881692
v 0.03955112 0.01413184 0.07083305
v 0.03955112 0.01413184 0.07284918
v 0.03955112 0.01413184 0.07486531
v 0.03955112 0.01413184 0.07688143
v 0.03955112 0.01413184 0.07889756
v 0.03955112 0.01413184 0.08091368
v 0.03955112 0.01413183 0.0829298
v 0.03955113 0.01413181 0.08494591
v 0.03955114 0.01413179 0.08696201
v 0.03955116 0.01413174 0.08897808
v 0.03955118 0.01413167 0.09099412
v 0.03955122 0.01413157 0.09301009
v 0.03955127 0.01413141 0.09502593
v 0.03955136 0.01413118 0.09704153
v 0.03955147 0.01413085 0.09905667
v 0.03955163 0.01413042 0.1010709
v 0.03955183 0.01412984 0.1030834
v 0.03955217 0.01412891 0.1050926
v 0.03955288 0.0141269 0.1070958
v 0.03955448 0.01412242 0.109089
v 0.03955755 0.01411383 0.111067
v 0.03956202 0.0141013 0.1130245
v 0.03956596 0.01409023 0.1149565
v 0.03956441 0.01409458 0.1168582
v 0.03955146 0.01413088 0.1187218
v 0.03952432 0.01420662 0.120538
v 0.03948271 0.01432185 0.1222482
v 0.0397318 -0.01361557 0.1067608
v 0.03973276 -0.01361279 0.04223626
v 0.03424143 -0.02432128 0.02585916
v 0.03973202 -0.01361494 0.0402171
v 0.03973508 -0.01360602 0.07853226
v 0.0397016 -0.0137034 0.1189123
v -0.02750415 -0.03174149 0.025856
v -0.04198811 0.0009994938 0.02412399
v 0.03973504 -0.01360614 0.0624031
v -0.03899145 -0.01560983 0.02585599
v -0.03637307 -0.021 0.02585599
v 0.03973489 -0.01360655 0.05837054
v 0.03972655 -0.01363088 0.03417097
v 0.03967079 -0.01379232 0.1209494
v -0.005977212 -0.0415725 0.025856
v 0.03972236 -0.0136431 0.1168662
v 0.03973507 -0.01360604 0.09062904
v 0.03972922 -0.01362312 0.1128106
v -0.021 -0.03637307 0.025856
v -0.02270691 -0.03533265 0.025856
v 0.03973302 -0.01361203 0.1047439
v 0.03973457 -0.01360749 0.05433778
v 0.03973439 -0.01360803 0.05232148
v 0.03973361 -0.01361029 0.04627167
v -0.01560981 0.03899146 0.02585603
v 0.03973389 -0.01360948 0.1027271
v -0.04029873 0.01183269 0.02585595
v -0.0415725 -0.005977238 0.02585598
v 0.01561004 -0.03899137 0.02585624
v -0.021 0.03637307 0.02585601
v 0.03973508 -0.01360602 0.07651613
v 0.02751359 -0.0317333 0.02587389
v -0.03301423 -0.02596268 0.02585599
v -0.0353327 0.02270683 0.02585597
v 0.03891073 0.01580996 0.02551035
v 0.03973443 -0.0136079 0.1007104
v 0.02969261 0.02970436 0.02411573
v 0.02436218 0.03421234 0.0258562
v 0.003992353 0.04180982 0.02585599
v 0.035868 0.02185147 0.02413343
v 0.005977223 0.0415725 0.025856
v 0.01373687 0.03969003 0.02585604
v 0.03686889 0.02011679 0.0241714
v 0.03973507 -0.01360603 0.08659677
v 0.03973508 -0.01360602 0.07046774
v -0.03421219 -0.02436239 0.02585599
v -0.03039686 0.02898329 0.025856
v 0.001998456 -0.04195243 0.025856
v 0.03776264 0.01838432 0.02415429
v -0.005977225 0.0415725 0.02585601
v -0.009901875 0.04081609 0.02585603
v 0.01924629 -0.03733069 0.02585696
v -0.03733109 -0.01924552 0.02585599
v 0.039733 -0.01361209 0.1245622
v 0.02596188 0.03301485 0.0258558
v -0.03686255 0.02012841 0.02412397
v -0.02596269 0.03301422 0.025856
v 0.03973503 -0.01360616 0.09466136
v 0.03646064 -0.02084758 0.02592087
v -0.02750416 0.03174147 0.025856
v 0.0303855 0.0289952 0.02583959
v -0.03777854 0.01835162 0.02412396
v 0.03939348 -0.01456551 0.02613424
v 0.0317262 0.02752178 0.02582732
v -0.02436239 -0.03421219 0.025856
v 0.02271015 -0.03533057 0.02586043
v 0.03299671 0.02598494 0.02581486
v 0.03040757 -0.02897205 0.02587748
v -0.001998428 -0.04195243 0.02585599
v -0.01560982 -0.03899146 0.025856
v 0.0259694 -0.03300894 0.02586796
v -0.03174151 0.02750411 0.025856
v -0.04180982 0.003992328 0.02585597
v 0.01373697 -0.03968999 0.02585612
v -0.04195243 -0.001998458 0.02585598
v 0.03955407 0.01412357 0.02608348
v 0.03909921 -0.01533791 0.1241157
v -0.03174148 -0.02750415 0.025856
v 0.01560985 0.03899144 0.02585606
v 0.01924557 0.03733106 0.0258561
v -0.01373684 0.03969004 0.02585603
v -0.01924551 0.03733109 0.02585602
v 0.02899313 -0.03038747 0.02587662
v -0.007948544 -0.04124101 0.025856
v 0.03419627 0.02438473 0.02580698
v -0.03899149 0.01560973 0.02585594
v 0.001998441 0.04195243 0.025856
v -0.0243624 0.03421219 0.025856
v 0.01183277 0.0402987 0.02585602
v 0.02436721 -0.03420876 0.02586357
v 0.03175309 -0.02749075 0.02587212
v -0.01924551 -0.03733109 0.025856
v -0.04081608 -0.009901883 0.02585599
v -0.041241 -0.007948562 0.02585599
v -0.01373685 -0.03969004 0.025856
v 0.0049862 0.04170297 0.02758799
v 0.01467754 0.03935187 0.02758808
v -0.02270692 0.03533265 0.02585601
v 0.03914037 -0.01523259 0.07550807
v -0.01744743 -0.03820455 0.025856
v 0.03914002 -0.01523348 0.0976858
v 0.03913832 -0.01523786 0.04929514
v -0.04104019 0.008927656 0.02758795
v 0.03914026 -0.01523285 0.06139485
v 0.03906274 -0.01543056 0.1199826
v 0.03823041 0.01739068 0.02589866
v -0.002996231 0.04189299 0.02758801
v 0.03913447 -0.01524772 0.03920139
v 0.02270697 0.03533261 0.02585621
v 0.03913123 -0.01525603 0.1158337
v -0.006964837 0.04141849 0.02758802
v -0.01183276 0.04029871 0.02585603
v -0.03362273 -0.02516967 0.02758799
v 0.02824855 0.03108085 0.02412042
v 0.03914037 -0.01523259 0.08155645
v -0.03686252 -0.02012846 0.02758799
v 0.02100168 -0.0363721 0.02585819
v 0.03914037 -0.01523258 0.06945968
v 0.03913737 -0.01524028 0.04526074
v -0.0009994919 0.04198811 0.027588
v -0.04170297 -0.004986229 0.02758797
v -0.02012845 0.03686252 0.02758802
v 0.03914036 -0.01523259 0.08558871
v 0.03914032 -0.01523271 0.09365325
v 0.01087046 -0.04056887 0.02758808
v 0.006964901 -0.04141848 0.02758804
v 0.008927788 -0.04104016 0.02758806
v -0.02969848 -0.02969849 0.02758799
v 0.02100007 0.03637303 0.02585614
v 0.03913991 -0.01523376 0.05736184
v 0.03914799 -0.01521298 0.02944492
v -0.004986183 0.04170297 0.02758801
v -0.03777851 -0.01835167 0.02758799
v -0.04000574 0.0127883 0.02758792
v 0.0369752 -0.0199207 0.02770456
v -0.03935189 -0.0146775 0.02758799
v 0.03364676 -0.02513753 0.02758196
v -0.04056892 0.01087028 0.02758794
v 0.03914037 -0.01523258 0.07349194
v 0.03913874 -0.01523677 0.1017193
v 0.03914036 -0.01523261 0.08962096
v 0.03914024 -0.0152329 0.09566944
v 0.03914037 -0.01523258 0.07147581
v 0.03912746 -0.0152657 0.03314549
v -0.03478227 -0.02354132 0.02758799
v 0.01653338 0.0386089 0.02758813
v 1.374588e-08 -0.042 0.025856
v 0.03883837 -0.0159869 0.02783032
v -0.02516966 -0.03362274 0.027588
v 0.004986236 -0.04170297 0.02758802
v 0.03914037 -0.01523258 0.06744354
v -0.01835165 0.03777852 0.02758802
v -0.009901869 -0.04081609 0.025856
v 0.008927746 0.04104017 0.02758801
v 0.03912806 -0.01526417 0.1118044
v 0.03913018 -0.01525873 0.1097883
v 0.03913185 -0.01525445 0.03717535
v 0.03891913 -0.01578927 0.1222173
v -0.0400057 -0.01278844 0.02758799
v 0.03885733 0.01594076 0.02729815
v 0.0391329 -0.01525177 0.1077713
v 0.02897707 0.03040279 0.02584929
v 0.03878434 0.01611754 0.1226598
v 0.03798247 0.01792573 0.1229036
v 0.03708733 0.01971116 0.1230247
v 0.03610479 0.02145796 0.123061
v 0.03504078 0.02315477 0.123055
v 0.03389664 0.02479955 0.1230429
v 0.03267606 0.02638703 0.1230316
v 0.03138176 0.02791389 0.1230273
v 0.03001602 0.02937752 0.123029
v 0.02858195 0.03077453 0.1230328
v 0.02708338 0.03210125 0.1230357
v 0.02552412 0.03335445 0.123037
v 0.02390767 0.03453148 0.1230373
v 0.02223741 0.03563001 0.1230373
v 0.02051688 0.03664775 0.1230373
v 0.01874987 0.03758247 0.1230373
v 0.01694039 0.03843206 0.1230373
v 0.01509253 0.03919459 0.1230373
v 0.01321048 0.03986832 0.1230373
v 0.01129851 0.04045175 0.1230373
v 0.009360937 0.04094353 0.1230373
v 0.007402163 0.04134257 0.1230373
v 0.00542662 0.04164795 0.1230373
v 0.003438784 0.04185899 0.1230373
v 0.001443158 0.0419752 0.1230373
v -0.000555737 0.04199632 0.1230373
v -0.002553373 0.04192231 0.1230373
v -0.004545225 0.04175333 0.1230373
v -0.00652678 0.04148977 0.1230373
v -0.008493551 0.04113222 0.1230373
v -0.01044108 0.04068149 0.1230373
v -0.01236496 0.04013861 0.1230373
v -0.01426082 0.0395048 0.1230373
v -0.01612439 0.03878149 0.1230373
v -0.01795142 0.03797034 0.1230373
v -0.01973779 0.03707317 0.1230373
v -0.02147944 0.03609201 0.1230373
v -0.02317244 0.0350291 0.1230373
v -0.02481295 0.03388684 0.1230373
v -0.02639724 0.03266781 0.1230373
v -0.02792174 0.03137477 0.1230373
v -0.02938299 0.03001067 0.1230373
v -0.03077767 0.02857858 0.1230373
v -0.03210263 0.02708174 0.1230373
v -0.03335487 0.02552357 0.1230373
v -0.03453155 0.02390757 0.1230373
v -0.03563001 0.02223741 0.1230373
v -0.03664775 0.02051688 0.1230373
v -0.03758247 0.01874987 0.1230373
v -0.03843206 0.01694039 0.1230373
v -0.03919459 0.01509253 0.1230373
v -0.03986832 0.01321048 0.1230373
v -0.04045175 0.01129851 0.1230373
v -0.04094353 0.009360937 0.1230373
v -0.04134257 0.007402162 0.1230373
v -0.04164795 0.005426619 0.1230373
v -0.04185899 0.003438784 0.1230373
v -0.0419752 0.001443158 0.1230373
v -0.04199632 -0.000555737 0.1230373
v -0.04192231 -0.002553373 0.1230373
v -0.04175333 -0.004545225 0.1230373
v -0.04148977 -0.00652678 0.1230373
v -0.04113222 -0.008493551 0.1230373
v -0.04068149 -0.01044108 0.1230373
v -0.04013861 -0.01236496 0.1230373
v -0.0395048 -0.01426082 0.1230373
v -0.03878149 -0.01612439 0.1230373
v -0.03797034 -0.01795142 0.1230373
v -0.03707317 -0.01973779 0.1230373
v -0.03609201 -0.02147944 0.1230373
v -0.0350291 -0.02317244 0.1230373
v -0.03388684 -0.02481295 0.1230373
v -0.03266781 -0.02639724 0.1230373
v -0.03137477 -0.02792174 0.1230373
v -0.03001067 -0.02938299 0.1230373
v -0.02857858 -0.03077767 0.1230373
v -0.02708174 -0.03210263 0.1230373
v -0.02552357 -0.03335487 0.1230373
v -0.02390757 -0.03453155 0.1230373
v -0.02223741 -0.03563001 0.1230373
v -0.02051688 -0.03664775 0.1230373
v -0.01874987 -0.03758247 0.1230373
v -0.01694039 -0.03843206 0.1230373
v -0.01509253 -0.03919459 0.1230373
v -0.01321048 -0.03986832 0.1230373
v -0.01129851 -0.04045175 0.1230373
v -0.009360937 -0.04094353 0.1230373
v -0.007402163 -0.04134257 0.1230373
v -0.00542662 -0.04164795 0.1230373
v -0.003438784 -0.04185899 0.1230373
v -0.001443157 -0.0419752 0.1230373
v 0.0005557398 -0.04199632 0.1230373
v 0.002553379 -0.04192231 0.1230373
v 0.004545237 -0.04175333 0.1230373
v 0.006526802 -0.04148977 0.1230373
v 0.008493585 -0.04113221 0.1230373
v 0.01044113 -0.04068148 0.1230372
v 0.01236502 -0.04013859 0.1230372
v 0.01426089 -0.03950477 0.1230372
v 0.01612442 -0.03878148 0.1230372
v 0.01795136 -0.03797036 0.1230372
v 0.01973751 -0.03707332 0.1230373
v 0.02147867 -0.03609248 0.1230376
v 0.02317065 -0.03503029 0.1230384
v 0.02480916 -0.03388961 0.1230401
v 0.02638986 -0.03267377 0.1230435
v 0.02790852 -0.03138653 0.1230496
v 0.02936142 -0.03003177 0.1230583
v 0.03074537 -0.02861332 0.1230673
v 0.03205627 -0.02713661 0.1230709
v 0.03328855 -0.02561001 0.1230618
v 0.03443527 -0.02404604 0.1230366
v 0.03548844 -0.02246264 0.1230068
v 0.03643949 -0.02088452 0.1230025
v 0.03721664 -0.01946592 0.1231825
v 0.0379902 -0.01790935 0.1226892
v 0.03914036 -0.0152326 0.06542739
v 0.03914036 -0.0152326 0.08760484
v 0.03795458 -0.01798471 0.02781382
v -0.03362281 0.02516955 0.02758798
v 0.03887193 0.01590512 0.03144361
v 0.03890753 0.01581784 0.03351752
v 0.0389284 0.01576642 0.03555903
v 0.03893698 0.01574522 0.03758157
v 0.03893858 0.01574125 0.03959524
v 0.03893751 0.0157439 0.04160623
v 0.03893624 0.01574703 0.04361807
v 0.0389356 0.01574862 0.04563196
v 0.03893549 0.0157489 0.04764743
v 0.0389356 0.01574863 0.04966359
v 0.03893573 0.01574829 0.0516799
v 0.03893583 0.01574805 0.05369617
v 0.03893588 0.01574793 0.05571239
v 0.0389359 0.01574787 0.05772856
v 0.03893591 0.01574786 0.0597447
v 0.0389359 0.01574787 0.06176084
v 0.0389359 0.01574788 0.06377696
v 0.0389359 0.01574788 0.06579309
v 0.0389359 0.01574789 0.06780922
v 0.0389359 0.01574789 0.06982534
v 0.03893589 0.01574789 0.07184147
v 0.03893589 0.01574789 0.0738576
v 0.03893589 0.01574789 0.07587373
v 0.03893589 0.01574789 0.07788985
v 0.0389359 0.01574789 0.07990598
v 0.0389359 0.01574788 0.08192209
v 0.03893591 0.01574787 0.0839382
v 0.03893592 0.01574783 0.08595429
v 0.03893594 0.01574778 0.08797036
v 0.03893597 0.01574769 0.08998639
v 0.03893603 0.01574756 0.09200235
v 0.03893611 0.01574737 0.09401819
v 0.03893622 0.01574709 0.09603381
v 0.03893638 0.01574669 0.09804903
v 0.03893659 0.01574617 0.1000635
v 0.03893682 0.0157456 0.1020765
v 0.03893703 0.01574508 0.1040866
v 0.03893728 0.01574448 0.1060912
v 0.03893802 0.01574263 0.1080855
v 0.03894039 0.01573677 0.1100623
v 0.03894567 0.01572371 0.1120132
v 0.03895365 0.01570391 0.1139298
v 0.03896019 0.0156877 0.1158059
v 0.03895338 0.01570458 0.117638
v 0.03892265 0.01578059 0.1194142
v -0.02674098 -0.03238703 0.027588
v 0.0391368 -0.01524175 0.04324314
v 0.0391361 -0.01524355 0.04122445
v 0.03914037 -0.01523259 0.07954032
v 0.03882893 0.01600982 0.02933388
v -0.03860893 -0.01653331 0.02758799
v -0.03586301 -0.02185965 0.02758799
v 0.03914014 -0.01523316 0.05937848
v 0.03912892 -0.01526196 0.03514974
v -0.004986179 -0.04170297 0.02758799
v 0.03911894 -0.01528752 0.117878
v 0.006964862 0.04141848 0.027588
v 0.03914035 -0.01523263 0.0916371
v 0.03912959 -0.01526026 0.1138163
v -0.02185964 -0.03586302 0.027588
v 0.02750151 0.03174377 0.02585406
v 0.03593429 -0.02174228 0.02762549
v 0.0391355 -0.01524507 0.1057538
v 0.03913962 -0.01523451 0.05534533
v 0.03913926 -0.01523544 0.05332882
v 0.03913797 -0.01523875 0.04727856
v -0.01653328 0.03860894 0.02758803
v 0.03913755 -0.01523981 0.1037362
v 0.01653385 -0.0386087 0.02758851
v 0.03914037 -0.01523259 0.0775242
v 0.03913954 -0.0152347 0.09970242
v 0.03532798 0.02271417 0.02582164
v 0.0391388 -0.01523661 0.05131204
v -0.04141849 0.006964788 0.02758795
v -0.01467749 -0.03935189 0.027588
v 0.0373756 0.01915893 0.02599643
v -0.03637312 0.02099991 0.02585595
v 0.0235415 0.03478215 0.02758849
v 0.03914034 -0.01523266 0.06341118
v 0.03639222 0.02096678 0.0258915
v -0.03238703 -0.02674099 0.02758799
v 0.02186336 -0.03586075 0.02759269
v 0.002996276 -0.04189299 0.02758801
v 0.03914036 -0.01523259 0.08357258
v -0.04141848 -0.006964881 0.02758798
v -0.01183276 -0.04029871 0.025856
v -0.02969853 0.02969844 0.027588
v -0.02825173 -0.03107796 0.027588
v 0.0251695 0.03362285 0.02758863
v -0.02674101 0.03238701 0.027588
v -0.02825176 0.03107793 0.027588
v 0.03911679 -0.01529302 0.03118793
v -0.02354131 -0.03478227 0.027588
v -0.03820459 0.01744733 0.02585594
v -0.03478236 0.02354119 0.02758796
v 0.03482292 -0.02348114 0.02757748
v 0.0323603 0.02677332 0.0275346
v 0.03240703 -0.02671674 0.02760665
v 0.03109816 -0.0282295 0.02762339
v 0.02675523 -0.03237526 0.02761226
v -0.0165333 -0.03860894 0.027588
v -0.03238709 0.02674091 0.02758799
v 0.01278854 -0.04000566 0.02758813
v 0.02968756 0.02970941 0.02757597
v -0.04195243 0.001998421 0.02585598
v -0.03107795 -0.02825174 0.02758799
v 0.01835175 0.03777848 0.02758815
v 0.01278845 0.04000569 0.02758804
v 0.03886361 0.01592544 0.1210753
v -0.01467746 0.0393519 0.02758804
v 0.02971741 -0.02967955 0.02762534
v 0.002996248 0.04189299 0.02758799
v -0.042 -1.849478e-08 0.02585598
v -0.04189299 -0.002996278 0.02758797
v 0.02826924 -0.03106204 0.02762089
v -0.02185965 0.03586301 0.02758801
v -0.006964845 -0.04141849 0.027588
v 0.03359293 0.02520943 0.0275183
v -0.002996222 -0.04189299 0.02758799
v -0.03935195 0.01467734 0.02758791
v 0.0009995096 0.04198811 0.027588
v -0.02516967 0.03362272 0.027588
v 0.01087041 0.04056888 0.02758802
v -0.02012845 -0.03686252 0.027588
v -0.008927716 0.04104017 0.02758803
v -0.04056888 -0.01087041 0.02758799
v 0.01835264 -0.03777805 0.02758901
v -0.04170298 0.004986148 0.02758796
v 0.02354694 -0.03477847 0.02759634
v 0.03847731 -0.01683735 0.1007107
v -0.01835166 -0.03777852 0.027588
v -0.001998409 0.04195243 0.02932001
v -0.01278842 -0.0400057 0.027588
v 0.03797023 0.01795166 0.02805439
v 0.02185984 0.0358629 0.02758829
v -0.03733109 -0.01924552 0.02931999
v 0.03847662 -0.01683892 0.1168024
v 0.03847911 -0.01683324 0.07046775
v 0.03847856 -0.01683449 0.0583696
v 0.03847582 -0.01684076 0.05030145
v 0.0251788 -0.03361589 0.02760252
v 0.03847823 -0.01683526 0.09869398
v 0.03847909 -0.01683329 0.09062901
v -0.02270691 -0.03533265 0.02932
v 0.03847903 -0.01683342 0.06240298
v 0.03537598 -0.02263935 0.02928046
v 0.03845383 -0.01689092 0.1128173
v -0.03969003 -0.01373686 0.02931999
v -0.03107801 0.02825168 0.027588
v 0.03847449 -0.0168438 0.03207295
v 0.0384791 -0.01683326 0.08458065
v 0.03845768 -0.01688214 0.1108024
v 0.038479 -0.0168335 0.09466126
v -0.02750415 -0.03174149 0.02931999
v 0.03847118 -0.01685137 0.04021092
v -0.02898331 -0.03039683 0.02931999
v 0.005977292 -0.04157249 0.02932006
v 0.03841491 -0.01697924 0.02981784
v 0.03847911 -0.01683325 0.07853226
v -0.04029876 0.01183257 0.0293199
v 0.0384788 -0.01683396 0.09667748
v -0.02354133 0.03478227 0.02758801
v 0.03105848 0.02827315 0.02755782
v 0.0384791 -0.01683326 0.08256452
v 0.02012857 0.03686246 0.02758819
v 0.03847911 -0.01683325 0.0745
v 0.02013011 -0.03686162 0.02758996
v 0.03847888 -0.01683378 0.06038645
v 0.03847911 -0.01683325 0.07248388
v 0.009901953 -0.04081607 0.02932012
v -0.02436238 -0.03421219 0.02932
v -0.04104017 -0.008927756 0.02758798
v 0.007948558 0.041241 0.02932
v -0.03421219 -0.02436239 0.02931999
v 0.01560993 0.03899141 0.02932019
v 0.03847438 -0.01684405 0.04626631
v 0.0009995304 -0.0419881 0.027588
v 0.03847911 -0.01683325 0.07651613
v 0.03038015 0.0290008 0.0292994
v 0.03847911 -0.01683324 0.06845161
v -0.0192455 0.0373311 0.02932002
v -0.00892773 -0.04104017 0.027588
v 0.02824709 0.03108218 0.02758506
v 0.0146777 -0.03935181 0.02758823
v 0.007948613 -0.04124099 0.02932009
v -0.01087039 -0.04056889 0.027588
v 0.03846935 -0.01685553 0.03818369
v 0.03847911 -0.01683324 0.06643547
v 0.03810344 0.01766714 0.1214356
v 0.03724069 0.01941986 0.1216328
v 0.03628033 0.02115982 0.1216955
v 0.03523486 0.02285836 0.1216822
v 0.03410377 0.02451393 0.121664
v 0.03289452 0.02611418 0.1216424
v 0.03161082 0.02765422 0.1216326
v 0.03025467 0.02913168 0.121635
v 0.02882946 0.03054279 0.1216415
v 0.02733958 0.03188334 0.1216466
v 0.02578917 0.03314994 0.1216488
v 0.02418165 0.03434018 0.1216493
v 0.02252005 0.03545204 0.1216492
v 0.02080766 0.03648344 0.1216492
v 0.01904815 0.03743218 0.1216492
v 0.01724548 0.03829613 0.1216492
v 0.01540374 0.03907333 0.1216492
v 0.0135271 0.03976201 0.1216492
v 0.01161983 0.04036062 0.1216492
v 0.009686232 0.0408678 0.1216492
v 0.007730692 0.0412824 0.1216492
v 0.00575764 0.04160348 0.1216492
v 0.003771545 0.04183032 0.1216492
v 0.001776906 0.0419624 0.1216492
v -0.0002217579 0.04199941 0.1216492
v -0.002219919 0.04194129 0.1216492
v -0.004213052 0.04178816 0.1216492
v -0.006196641 0.04154036 0.1216492
v -0.008166192 0.04119846 0.1216492
v -0.01011724 0.04076324 0.1216492
v -0.01204538 0.04023567 0.1216492
v -0.01394622 0.03961695 0.1216492
v -0.01581548 0.03890849 0.1216492
v -0.01764891 0.03811189 0.1216492
v -0.01944235 0.03722895 0.1216492
v -0.02119176 0.03626168 0.1216492
v -0.02289315 0.03521226 0.1216492
v -0.02454269 0.03408308 0.1216492
v -0.02613663 0.03287669 0.1216492
v -0.02767136 0.03159582 0.1216492
v -0.02914341 0.03024338 0.1216492
v -0.03054944 0.02882242 0.1216492
v -0.03188626 0.02733617 0.1216492
v -0.03315085 0.025788 0.1216492
v -0.03434035 0.02418141 0.1216492
v -0.03545205 0.02252004 0.1216492
v -0.03648344 0.02080766 0.1216492
v -0.03743218 0.01904814 0.1216492
v -0.03829613 0.01724547 0.1216492
v -0.03907333 0.01540373 0.1216492
v -0.03976201 0.0135271 0.1216492
v -0.04036062 0.01161983 0.1216492
v -0.0408678 0.00968623 0.1216492
v -0.0412824 0.007730691 0.1216492
v -0.04160348 0.005757639 0.1216492
v -0.04183032 0.003771544 0.1216492
v -0.0419624 0.001776906 0.1216492
v -0.04199941 -0.0002217579 0.1216492
v -0.04194129 -0.002219919 0.1216492
v -0.04178816 -0.004213052 0.1216492
v -0.04154036 -0.006196641 0.1216492
v -0.04119846 -0.008166192 0.1216492
v -0.04076324 -0.01011724 0.1216492
v -0.04023567 -0.01204538 0.1216492
v -0.03961695 -0.01394622 0.1216492
v -0.03890849 -0.01581548 0.1216492
v -0.03811189 -0.01764891 0.1216492
v -0.03722895 -0.01944235 0.1216492
v -0.03626168 -0.02119176 0.1216492
v -0.03521226 -0.02289315 0.1216492
v -0.03408308 -0.02454269 0.1216492
v -0.03287669 -0.02613663 0.1216492
v -0.03159582 -0.02767136 0.1216492
v -0.03024338 -0.02914341 0.1216492
v -0.02882242 -0.03054944 0.1216492
v -0.02733617 -0.03188626 0.1216492
v -0.025788 -0.03315085 0.1216492
v -0.02418141 -0.03434035 0.1216492
v -0.02252004 -0.03545205 0.1216492
v -0.02080766 -0.03648344 0.1216492
v -0.01904814 -0.03743218 0.1216492
v -0.01724547 -0.03829613 0.1216492
v -0.01540373 -0.03907333 0.1216492
v -0.0135271 -0.03976201 0.1216492
v -0.01161983 -0.04036062 0.1216492
v -0.009686231 -0.0408678 0.1216492
v -0.007730692 -0.0412824 0.1216492
v -0.00575764 -0.04160348 0.1216492
v -0.003771545 -0.04183032 0.1216492
v -0.001776906 -0.0419624 0.1216492
v 0.00022176 -0.04199941 0.1216492
v 0.002219926 -0.04194129 0.1216492
v 0.004213066 -0.04178816 0.1216492
v 0.006196668 -0.04154036 0.1216492
v 0.008166238 -0.04119845 0.1216492
v 0.01011732 -0.04076322 0.1216492
v 0.01204548 -0.04023564 0.1216491
v 0.01394634 -0.03961691 0.1216491
v 0.01581559 -0.03890844 0.121649
v 0.01764896 -0.03811186 0.121649
v 0.01944223 -0.03722902 0.1216491
v 0.02119119 -0.03626201 0.1216494
v 0.02289163 -0.03521325 0.1216501
v 0.02453917 -0.03408561 0.121652
v 0.02612916 -0.03288263 0.1216559
v 0.02765669 -0.03160866 0.1216636
v 0.02911722 -0.03026859 0.1216766
v 0.03050774 -0.02886655 0.1216927
v 0.03182562 -0.02740675 0.121703
v 0.03306319 -0.02590029 0.1216963
v 0.03421643 -0.02435643 0.1216581
v 0.03527846 -0.02279102 0.1215944
v 0.03626633 -0.0211838 0.1215586
v 0.03730231 -0.01930124 0.1215549
v 0.0384791 -0.01683327 0.08861289
v 0.03819947 0.01745853 0.0325457
v -0.03820454 -0.01744744 0.02931999
v -0.04124103 0.007948422 0.02931993
v 0.03823837 0.01737318 0.03458886
v 0.03825503 0.01733645 0.03660222
v 0.0382587 0.01732836 0.03860527
v 0.03825672 0.01733272 0.04060713
v 0.03825401 0.01733871 0.0426126
v 0.0382525 0.01734203 0.04462318
v 0.03825215 0.01734282 0.04663755
v 0.03825233 0.01734241 0.04865365
v 0.03825262 0.01734176 0.05067017
v 0.03825285 0.01734127 0.05268662
v 0.03825298 0.01734098 0.05470295
v 0.03825304 0.01734084 0.05671919
v 0.03825306 0.01734081 0.05873536
v 0.03825306 0.01734081 0.0607515
v 0.03825305 0.01734083 0.06276763
v 0.03825304 0.01734085 0.06478375
v 0.03825303 0.01734086 0.06679987
v 0.03825303 0.01734086 0.068816
v 0.03825303 0.01734087 0.07083213
v 0.03825303 0.01734087 0.07284826
v 0.03825303 0.01734087 0.07486438
v 0.03825303 0.01734087 0.07688051
v 0.03825303 0.01734087 0.07889663
v 0.03825303 0.01734087 0.08091275
v 0.03825304 0.01734085 0.08292885
v 0.03825305 0.01734082 0.08494494
v 0.03825308 0.01734075 0.086961
v 0.03825313 0.01734065 0.08897702
v 0.0382532 0.01734049 0.09099296
v 0.03825331 0.01734024 0.09300878
v 0.03825347 0.01733989 0.09502439
v 0.0382537 0.01733939 0.09703962
v 0.03825401 0.0173387 0.09905417
v 0.0382544 0.01733786 0.1010675
v 0.03825473 0.01733712 0.1030785
v 0.03825473 0.01733711 0.1050852
v 0.03825432 0.01733802 0.1070831
v 0.03825443 0.01733778 0.109064
v 0.03825767 0.01733063 0.111016
v 0.03826698 0.01731005 0.1129254
v 0.03828188 0.01727708 0.11478
v 0.03829504 0.01724789 0.1165703
v 0.03827505 0.01729222 0.1183007
v -0.02596267 -0.03301423 0.02932
v 0.03847361 -0.01684582 0.04424874
v 0.03847237 -0.01684864 0.04223056
v 0.03846288 -0.01687029 0.1087841
v 0.0384791 -0.01683326 0.08054839
v 0.03424125 -0.02432153 0.0292766
v -0.03533265 -0.02270692 0.02931999
v 0.03846337 -0.01686918 0.03614286
v -0.03733114 0.01924542 0.02585594
v 0.03847906 -0.01683336 0.09264512
v 0.03845917 -0.01687874 0.1148169
v -0.0127884 0.04000571 0.02758805
v 0.03846804 -0.01685854 0.1067653
v 0.03847811 -0.01683554 0.05635278
v 0.03847746 -0.01683701 0.05433585
v 0.03847517 -0.01684225 0.04828453
v -0.0174474 0.03820456 0.02932004
v 0.03847259 -0.01684814 0.1047461
v 0.03171061 0.02753974 0.02926539
v -0.04189299 0.002996204 0.02758796
v -0.0009994791 -0.04198811 0.02758799
v 0.02753058 -0.03171856 0.02936566
v 0.03474824 0.02359153 0.02749253
v -0.01373684 -0.03969004 0.02932
v 0.01744756 0.03820449 0.02932024
v 0.03690051 0.02005872 0.02770251
v 0.02270744 0.03533231 0.02932058
v -0.007948492 0.04124102 0.02932004
v -0.03421233 0.02436219 0.02931995
v -0.02099999 -0.03637307 0.02932
v 0.03845025 -0.01689905 0.1188322
v 0.03847528 -0.016842 0.1027284
v 0.01373691 0.03969002 0.02932011
v 0.003992413 -0.04180982 0.02932003
v -0.04157249 -0.005977267 0.02931996
v -0.03039691 0.02898324 0.02932
v 0.0384791 -0.01683327 0.08659677
v 0.02271406 -0.03532806 0.02932922
v -0.03301423 -0.02596268 0.02931999
v 0.03845807 -0.01688126 0.0341029
v 0.02436301 0.03421175 0.02932108
v -0.02750419 0.03174145 0.02932
v 0.03743753 -0.01903763 0.02951449
v -0.00597717 0.04157251 0.02932003
v 0.01183287 -0.04029867 0.02932016
v -0.04081613 0.009901709 0.02931992
v 0.02100323 -0.0363712 0.02932388
v -0.02898337 0.03039678 0.02932
v -0.038609 0.01653314 0.0275879
v -0.03899145 -0.01560983 0.02931999
v -0.03586311 0.0218595 0.02758794
v 0.005977224 0.0415725 0.02931999
v 0.03304563 -0.0259227 0.02933025
v 0.03177863 -0.02746123 0.02937454
v 0.03847909 -0.01683328 0.06441928
v 0.02897661 0.03040322 0.02931625
v -0.021 0.03637307 0.02932001
v -0.03301435 0.02596253 0.02931997
v 0.03830045 -0.01723587 0.1208693
v 0.02673972 0.03238808 0.02758814
v -0.03637306 -0.02100001 0.02931999
v 0.01561031 -0.03899126 0.02932048
v -0.03039683 -0.02898332 0.02931999
v -0.01087037 0.04056889 0.02758804
v 0.03645528 -0.02085696 0.02942474
v -0.04157252 0.005977121 0.02931994
v 0.03847656 -0.01683908 0.05231828
v 0.03820691 0.01744225 0.1199096
v -0.01560978 0.03899147 0.02932005
v 0.03043322 -0.02894511 0.02938603
v -0.003992312 -0.04180982 0.02931999
v -0.0259627 0.03301421 0.02932
v -0.0419881 -0.0009995376 0.02758796
v -0.04180982 -0.003992406 0.02931995
v 0.02597947 -0.03300102 0.02934766
v -0.005977192 -0.04157251 0.02931999
v 0.03296996 0.02601888 0.02922181
v -0.03969011 0.01373662 0.02931988
v 2.010123e-08 0.042 0.02932
v 0.009901887 0.04081608 0.02932002
v -0.01560981 -0.03899146 0.02932
v -0.0402987 -0.01183278 0.02931998
v 0.003992357 0.04180982 0.02931999
v 0.0174484 -0.0382041 0.02932093
v 0.03773777 -0.0184353 0.03919834
v -0.009901809 0.0408161 0.02932006
v -0.01183275 -0.04029871 0.02932
v 0.03812093 0.01762937 0.03042425
v 0.02100029 0.0363729 0.02932035
v 0.03775188 -0.0184064 0.05937748
v 0.0377523 -0.01840553 0.09365305
v 0.03774868 -0.01841297 0.05332401
v -0.03586301 -0.02185966 0.03105199
v -0.007948529 -0.04124101 0.02931999
v 0.02437384 -0.03420404 0.02933688
v 0.03775243 -0.01840527 0.06945969
v 0.03775041 -0.01840942 0.09970176
v 0.03584736 0.02188531 0.02751943
v 0.001998491 -0.04195243 0.02932
v 0.03774398 -0.0184226 0.1037376
v -0.04104022 0.008927506 0.0310519
v 0.001998451 0.04195243 0.02931999
v 0.03774484 -0.01842083 0.04726987
v -0.041241 -0.007948582 0.02931997
v 0.0369424 -0.01998148 0.0314919
v 0.03781202 -0.01828253 0.0311575
v 0.03775242 -0.01840529 0.07550807
v -0.03174157 0.02750404 0.02931999
v 0.03775241 -0.01840531 0.08558871
v -0.04056896 0.01087012 0.03105188
v 0.03775242 -0.0184053 0.07954032
v -0.03174148 -0.02750415 0.02931999
v -0.02354131 -0.03478227 0.031052
v 0.03771367 -0.01848456 0.03302173
v 0.0377001 -0.01851222 0.1138456
v -0.03686251 -0.02012846 0.03105199
v -0.02674098 -0.03238703 0.03105199
v 0.01183279 0.0402987 0.02932005
v -0.003992311 0.04180982 0.02932002
v 0.03775241 -0.01840531 0.08357258
v 0.01924567 0.03733101 0.02932028
v 0.01924732 -0.03733016 0.0293219
v 0.03775165 -0.01840688 0.09768522
v 0.03775242 -0.01840529 0.07349194
v 0.03741398 0.01908388 0.03168556
v 0.03725866 0.01938536 0.02964622
v 0.03779443 -0.01831886 0.1177116
v -0.04081608 -0.009901894 0.02931998
v -0.02825173 -0.03107796 0.03105199
v 0.03775239 -0.01840535 0.06341111
v 0.03772478 -0.01846189 0.1196874
v 0.03775242 -0.0184053 0.07752419
v 0.03770895 -0.0184942 0.1118261
v 0.03774723 -0.01841594 0.05130643
v 0.03775238 -0.01840537 0.09163701
v 0.03775242 -0.01840529 0.07147582
v -0.0353328 0.02270667 0.02931992
v 0.03747836 0.01895712 0.0336828
v 0.03775243 -0.01840527 0.06744355
v -0.03777851 -0.01835168 0.03105199
v -0.03860893 -0.01653332 0.03105199
v 0.03587656 -0.02183741 0.03096613
v 0.03738833 0.01913406 0.1202228
v 0.03645802 0.02085217 0.1203294
v 0.03543978 0.02253934 0.1202945
v 0.03432269 0.02420646 0.1202738
v 0.03312476 0.0258215 0.1202325
v 0.03185089 0.02737738 0.1202118
v 0.03050252 0.02887207 0.1202148
v 0.02908411 0.0303004 0.120226
v 0.02760138 0.03165697 0.1202346
v 0.02605905 0.03293821 0.1202383
v 0.0244603 0.03414226 0.1202391
v 0.02280756 0.03526777 0.1202389
v 0.02110359 0.03631306 0.1202387
v 0.01935185 0.03727608 0.1202386
v 0.01755626 0.03815466 0.1202387
v 0.01572089 0.03894681 0.1202387
v 0.01384992 0.03965072 0.1202387
v 0.01194757 0.04026482 0.1202388
v 0.01001816 0.0407877 0.1202388
v 0.008066051 0.04121819 0.1202388
v 0.006095673 0.0415553 0.1202388
v 0.004111488 0.04179827 0.1202388
v 0.002117989 0.04194656 0.1202388
v 0.0001196919 0.04199983 0.1202388
v -0.001878876 0.04195795 0.1202388
v -0.003873188 0.04182103 0.1202388
v -0.005858725 0.04158937 0.1202388
v -0.007830991 0.04126349 0.1202388
v -0.009785517 0.04084414 0.1202388
v -0.01171788 0.04033226 0.1202388
v -0.01362369 0.03972902 0.1202388
v -0.01549864 0.03903578 0.1202388
v -0.01733848 0.03825411 0.1202388
v -0.01913905 0.03738578 0.1202388
v -0.02089626 0.03643277 0.1202388
v -0.02260613 0.03539722 0.1202388
v -0.02426479 0.03428148 0.1202388
v -0.02586849 0.03308808 0.1202388
v -0.02741358 0.03181973 0.1202388
v -0.02889658 0.0304793 0.1202388
v -0.03031411 0.02906983 0.1202388
v -0.03166297 0.0275945 0.1202388
v -0.03294011 0.02605666 0.1202388
v -0.03414262 0.02445979 0.1202388
v -0.03526779 0.02280751 0.1202388
v -0.03631307 0.02110357 0.1202388
v -0.03727609 0.01935182 0.1202388
v -0.03815467 0.01755624 0.1202388
v -0.03894681 0.01572088 0.1202388
v -0.03965073 0.01384991 0.1202388
v -0.04026482 0.01194756 0.1202388
v -0.0407877 0.01001815 0.1202388
v -0.04121819 0.008066049 0.1202388
v -0.0415553 0.006095673 0.1202388
v -0.04179827 0.004111488 0.1202388
v -0.04194656 0.002117989 0.1202388
v -0.04199983 0.0001196919 0.1202388
v -0.04195795 -0.001878876 0.1202388
v -0.04182103 -0.003873188 0.1202388
v -0.04158937 -0.005858725 0.1202388
v -0.04126349 -0.007830991 0.1202388
v -0.04084414 -0.009785517 0.1202388
v -0.04033226 -0.01171788 0.1202388
v -0.03972902 -0.01362369 0.1202388
v -0.03903578 -0.01549864 0.1202388
v -0.03825411 -0.01733848 0.1202388
v -0.03738578 -0.01913905 0.1202388
v -0.03643277 -0.02089626 0.1202388
v -0.03539722 -0.02260613 0.1202388
v -0.03428148 -0.02426479 0.1202388
v -0.03308808 -0.02586849 0.1202388
v -0.03181973 -0.02741358 0.1202388
v -0.0304793 -0.02889658 0.1202388
v -0.02906983 -0.03031411 0.1202388
v -0.0275945 -0.03166297 0.1202388
v -0.02605666 -0.03294011 0.1202388
v -0.02445979 -0.03414262 0.1202388
v -0.02280751 -0.03526779 0.1202388
v -0.02110357 -0.03631307 0.1202388
v -0.01935182 -0.03727609 0.1202388
v -0.01755624 -0.03815467 0.1202388
v -0.01572088 -0.03894681 0.1202388
v -0.01384991 -0.03965073 0.1202388
v -0.01194756 -0.04026482 0.1202388
v -0.01001815 -0.0407877 0.1202388
v -0.00806605 -0.04121819 0.1202388
v -0.006095674 -0.0415553 0.1202388
v -0.004111489 -0.04179827 0.1202388
v -0.00211799 -0.04194656 0.1202388
v -0.0001196916 -0.04199983 0.1202388
v 0.001878881 -0.04195795 0.1202388
v 0.003873201 -0.04182103 0.1202388
v 0.005858756 -0.04158936 0.1202388
v 0.007831048 -0.04126348 0.1202387
v 0.009785612 -0.04084412 0.1202387
v 0.01171802 -0.04033222 0.1202386
v 0.01362388 -0.03972895 0.1202385
v 0.01549887 -0.03903569 0.1202384
v 0.0173387 -0.03825401 0.1202383
v 0.01913915 -0.03738573 0.1202384
v 0.02089603 -0.0364329 0.1202386
v 0.02260513 -0.03539785 0.1202394
v 0.02426209 -0.03428339 0.1202413
v 0.02586211 -0.03309307 0.1202454
v 0.02739964 -0.03183174 0.1202542
v 0.0288685 -0.0305059 0.1202711
v 0.03026371 -0.02912229 0.120298
v 0.03158568 -0.02768293 0.1203231
v 0.03283067 -0.02619441 0.1203192
v 0.03397113 -0.02469742 0.1202891
v 0.03503824 -0.02315863 0.12016
v 0.0359606 -0.02169875 0.1200667
v 0.0368738 -0.02010778 0.1201316
v 0.0377524 -0.01840534 0.08962093
v -0.002996182 0.04189299 0.03105202
v 0.03774831 -0.01841372 0.1017188
v 0.03750786 0.01889868 0.0356609
v 0.03751579 0.01888294 0.03763784
v 0.03751256 0.01888936 0.03962012
v 0.03750709 0.01890022 0.04161201
v 0.03750388 0.01890659 0.04361542
v 0.03750298 0.01890837 0.04562731
v 0.03750325 0.01890783 0.04764319
v 0.03750383 0.01890668 0.04966013
v 0.03750433 0.0189057 0.05167699
v 0.03750465 0.01890507 0.05369358
v 0.03750481 0.01890475 0.05570995
v 0.03750486 0.01890464 0.0577262
v 0.03750486 0.01890464 0.05974236
v 0.03750484 0.01890467 0.06175849
v 0.03750483 0.01890471 0.0637746
v 0.03750481 0.01890474 0.06579072
v 0.03750481 0.01890475 0.06780684
v 0.0375048 0.01890476 0.06982297
v 0.0375048 0.01890476 0.0718391
v 0.0375048 0.01890476 0.07385523
v 0.0375048 0.01890476 0.07587136
v 0.0375048 0.01890477 0.07788748
v 0.0375048 0.01890477 0.0799036
v 0.0375048 0.01890476 0.0819197
v 0.03750482 0.01890473 0.08393579
v 0.03750485 0.01890466 0.08595184
v 0.03750491 0.01890454 0.08796784
v 0.03750501 0.01890434 0.08998375
v 0.03750517 0.01890403 0.09199953
v 0.03750539 0.01890359 0.09401511
v 0.0375057 0.01890297 0.09603031
v 0.03750614 0.0189021 0.09804486
v 0.03750675 0.01890089 0.1000583
v 0.03750749 0.01889942 0.1020697
v 0.03750797 0.01889846 0.1040778
v 0.03750723 0.01889994 0.1060798
v 0.03750461 0.01890514 0.1080689
v 0.03750227 0.01890978 0.110032
v 0.03750671 0.01890097 0.1119502
v 0.03752454 0.01886554 0.1138037
v 0.03755306 0.01880872 0.115574
v 0.03758912 0.01873654 0.1172346
v -0.02516966 -0.03362274 0.031052
v 0.03774422 -0.0184221 0.04525212
v 0.03774239 -0.01842585 0.04323373
v 0.03771956 -0.01847254 0.1098013
v 0.03775242 -0.0184053 0.08155645
v -0.001998394 -0.04195243 0.02931999
v 0.03480315 -0.02351044 0.0309207
v 0.02901619 -0.03036545 0.02938019
v 0.0377398 -0.01843116 0.0371748
v 4.913401e-08 -0.042 0.02931999
v -0.04198811 0.0009994686 0.02758796
v 0.006964867 0.04141848 0.031052
v -0.03935188 -0.01467751 0.03105199
v 0.03773941 -0.01843195 0.04121634
v 0.03770989 -0.01849228 0.1158316
v -0.01373679 0.03969006 0.02932006
v 0.01373703 -0.03968997 0.02932022
v 0.03772807 -0.01845515 0.10778
v 0.03775126 -0.01840768 0.05736027
v 0.03775025 -0.01840974 0.05534272
v 0.03774595 -0.01841855 0.04928893
v -0.01835165 0.03777853 0.03105203
v 0.03773787 -0.0184351 0.1057573
v 0.03105787 0.02827381 0.03101775
v -0.008927638 0.04104019 0.03105207
v 0.01653353 0.03860884 0.03105238
v 0.02186038 0.03586257 0.03105254
v 0.03775224 -0.01840565 0.06139455
v 0.01653413 -0.03860858 0.03105285
v -0.0347825 0.02354098 0.0310519
v -0.01278841 -0.04000571 0.03105199
v -0.04141851 0.006964672 0.03105191
v 0.004986311 -0.04170296 0.03105209
v -0.04141847 -0.006964923 0.03105195
v 0.03775214 -0.01840587 0.09566912
v -0.03107809 0.02825159 0.03105199
v -0.03478226 -0.02354133 0.03105199
v 0.03775241 -0.01840532 0.08760483
v 0.02355399 -0.03477369 0.03106965
v -0.02185964 -0.03586302 0.031052
v 0.037717 -0.01847778 0.03509724
v -0.006964761 0.0414185 0.03105205
v 0.02354249 0.03478148 0.03105298
v -0.009901856 -0.04081609 0.02932
v -0.002996168 -0.04189299 0.03105198
v -0.02436241 0.03421218 0.02932001
v 0.02186548 -0.03585946 0.03105946
v -0.02969859 0.02969838 0.031052
v -0.01744742 -0.03820455 0.02932
v -0.03899156 0.01560956 0.02931987
v -0.03686261 0.02012829 0.02758792
v 0.03366763 -0.02510957 0.03102176
v 0.03245531 -0.02665807 0.0311294
v 0.03775243 -0.01840527 0.06542737
v -0.004986119 0.04170298 0.03105203
v 0.02750267 0.03174277 0.02932151
v 0.02596304 0.03301394 0.0293218
v -0.03362293 0.0251694 0.03105194
v -0.01924551 -0.03733109 0.02932
v 0.00892785 -0.04104014 0.03105219
v -0.02969848 -0.02969849 0.03105199
v 0.03416893 0.02442303 0.02922154
v -0.0118327 0.04029872 0.02932006
v -0.01653326 0.03860895 0.03105205
v -0.02825181 0.03107789 0.031052
v -0.04180983 0.003992271 0.02931994
v 0.03752963 0.01885542 0.1187945
v -0.02674104 0.03238698 0.031052
v 0.02829906 -0.03103487 0.03113571
v 0.03114757 -0.02817497 0.03116551
v -0.04195243 -0.001998501 0.02931995
v -0.04170296 -0.004986281 0.03105193
v 0.02677121 -0.03236205 0.03110433
v -0.004986139 -0.04170298 0.03105198
v 0.03234199 0.02679544 0.030955
v -0.0400058 0.01278811 0.03105186
v -0.0009994587 0.04198811 0.031052
v -0.0377786 0.0183515 0.02758791
v 0.008927754 0.04104017 0.03105202
v 0.004986205 0.04170297 0.03105199
v 0.0146778 -0.03935178 0.03105242
v -0.01467748 -0.03935189 0.031052
v -0.04000569 -0.01278845 0.03105198
v -0.02012846 0.03686252 0.03105202
v 0.02969247 0.0297045 0.03104878
v 0.01467763 0.03935184 0.03105225
v 0.00696498 -0.04141846 0.03105215
v -0.03362273 -0.02516967 0.03105199
v 0.01087052 -0.04056885 0.03105223
v -0.02270692 0.03533264 0.02932001
v -0.01087029 0.04056891 0.03105208
v 0.03696154 -0.01994604 0.07651613
v 0.02012885 0.0368623 0.03105249
v 0.03696114 -0.01994678 0.06038561
v 0.002996343 -0.04189298 0.03105203
v -0.01087037 -0.04056889 0.03105199
v 0.01835329 -0.03777773 0.03105365
v 0.03695666 -0.01995509 0.05432934
v -0.03586326 0.02185925 0.03105186
v 0.02519002 -0.03360748 0.03108423
v 0.0368481 -0.02015485 0.03401115
v 0.03695704 -0.01995438 0.1007083
v -0.006964812 -0.04141849 0.03105199
v -0.04104016 -0.008927783 0.03105196
v -0.03238719 0.02674079 0.03105197
v 0.03696149 -0.01994613 0.09062892
v -0.03533264 -0.02270693 0.03278399
v -0.04081618 0.009901488 0.03278385
v 0.01087043 0.04056888 0.03105206
v 0.03696154 -0.01994605 0.08054838
v -0.0009994178 -0.04198811 0.03105199
v 0.03696153 -0.01994607 0.08458065
v 0.03696154 -0.01994604 0.07853226
v 0.03691263 -0.02003641 0.1087979
v 0.03694894 -0.01996937 0.04827007
v 0.01835192 0.03777839 0.03105246
v 0.03694415 -0.01997824 0.1047457
v 0.03696154 -0.01994604 0.07450001
v 0.03696155 -0.01994602 0.07046777
v -0.03637306 -0.02100001 0.03278399
v 0.03685233 -0.0201471 0.1149255
v -0.02750414 -0.03174149 0.03278399
v 0.03719888 -0.01949984 0.1186112
v 0.036934 -0.01999699 0.04019588
v 0.0368768 -0.02010227 0.112871
v 0.03695385 -0.01996028 0.05230995
v 0.03696158 -0.01994597 0.06643549
v 0.03696126 -0.01994656 0.09466076
v 0.03696143 -0.01994625 0.09264484
v 0.03696154 -0.01994603 0.07248389
v 0.03695976 -0.01994934 0.09869219
v -0.03637322 0.02099973 0.02931989
v 0.03664967 0.02051346 0.03287088
v 0.03696157 -0.01994599 0.06845165
v -0.03733108 -0.01924553 0.03278399
v -0.03820454 -0.01744744 0.03278399
v -0.04056888 -0.01087042 0.03105197
v 0.03664982 0.02051318 0.1189913
v 0.03567653 0.0221627 0.1188842
v 0.03457194 0.02384912 0.1188867
v 0.03338779 0.0254805 0.118806
v 0.03212374 0.0270567 0.1187629
v 0.03078011 0.02857594 0.1187667
v 0.02936503 0.03002824 0.118786
v 0.02788721 0.03140547 0.1188005
v 0.02635216 0.03270418 0.1188064
v 0.02476242 0.03392378 0.1188073
v 0.02311927 0.03506422 0.1188067
v 0.02142459 0.0361246 0.1188063
v 0.01968145 0.03710311 0.1188062
v 0.01789369 0.03799758 0.1188063
v 0.0160654 0.03880596 0.1188063
v 0.01420073 0.03952644 0.1188064
v 0.0123039 0.04015737 0.1188064
v 0.01037919 0.04069733 0.1188064
v 0.008430976 0.04114509 0.1188065
v 0.006463661 0.04149965 0.1188065
v 0.004481706 0.0417602 0.1188065
v 0.002489599 0.04192615 0.1188065
v 0.0004918524 0.04199712 0.1188065
v -0.001507008 0.04197295 0.1188065
v -0.003502455 0.04185371 0.1188065
v -0.005489967 0.04163965 0.1188065
v -0.007465043 0.04133126 0.1188065
v -0.009423209 0.04092925 0.1188065
v -0.01136003 0.04043451 0.1188065
v -0.01327111 0.03984818 0.1188065
v -0.01515213 0.03917158 0.1188065
v -0.01699883 0.03840625 0.1188065
v -0.01880702 0.03755391 0.1188065
v -0.0205726 0.0366165 0.1188065
v -0.02229158 0.03559614 0.1188065
v -0.02396007 0.03449515 0.1188065
v -0.02557428 0.03331601 0.1188065
v -0.02713055 0.0320614 0.1188065
v -0.02862536 0.03073416 0.1188065
v -0.03005533 0.0293373 0.1188065
v -0.03141721 0.02787398 0.1188065
v -0.03270792 0.02634752 0.1188065
v -0.03392454 0.02476137 0.1188065
v -0.03506431 0.02311913 0.1188065
v -0.03612465 0.02142452 0.1188065
v -0.03710315 0.01968137 0.1188065
v -0.0379976 0.01789364 0.1188065
v -0.03880598 0.01606537 0.1188065
v -0.03952644 0.01420071 0.1188065
v -0.04015737 0.01230388 0.1188065
v -0.04069733 0.01037918 0.1188065
v -0.04114509 0.008430971 0.1188065
v -0.04149965 0.006463659 0.1188065
v -0.0417602 0.004481705 0.1188065
v -0.04192615 0.002489599 0.1188065
v -0.04199712 0.0004918523 0.1188065
v -0.04197295 -0.001507008 0.1188065
v -0.04185371 -0.003502455 0.1188065
v -0.04163965 -0.005489967 0.1188065
v -0.04133126 -0.007465043 0.1188065
v -0.04092925 -0.009423209 0.1188065
v -0.04043451 -0.01136003 0.1188065
v -0.03984818 -0.01327111 0.1188065
v -0.03917158 -0.01515213 0.1188065
v -0.03840625 -0.01699883 0.1188065
v -0.03755391 -0.01880702 0.1188065
v -0.0366165 -0.0205726 0.1188065
v -0.03559614 -0.02229158 0.1188065
v -0.03449515 -0.02396007 0.1188065
v -0.03331601 -0.02557428 0.1188065
v -0.0320614 -0.02713055 0.1188065
v -0.03073416 -0.02862536 0.1188065
v -0.0293373 -0.03005533 0.1188065
v -0.02787398 -0.03141721 0.1188065
v -0.02634752 -0.03270792 0.1188065
v -0.02476137 -0.03392454 0.1188065
v -0.02311913 -0.03506431 0.1188065
v -0.02142452 -0.03612465 0.1188065
v -0.01968137 -0.03710315 0.1188065
v -0.01789364 -0.0379976 0.1188065
v -0.01606537 -0.03880598 0.1188065
v -0.01420071 -0.03952644 0.1188065
v -0.01230389 -0.04015737 0.1188065
v -0.01037919 -0.04069733 0.1188065
v -0.008430973 -0.04114509 0.1188065
v -0.006463662 -0.04149965 0.1188065
v -0.004481708 -0.0417602 0.1188065
v -0.002489602 -0.04192615 0.1188065
v -0.0004918555 -0.04199712 0.1188065
v 0.001507009 -0.04197295 0.1188065
v 0.003502464 -0.04185371 0.1188065
v 0.005489996 -0.04163964 0.1188065
v 0.007465106 -0.04133125 0.1188064
v 0.009423324 -0.04092922 0.1188064
v 0.01136022 -0.04043446 0.1188063
v 0.01327139 -0.03984809 0.1188061
v 0.01515249 -0.03917144 0.1188059
v 0.01699924 -0.03840606 0.1188058
v 0.01880741 -0.03755371 0.1188057
v 0.02057282 -0.03661638 0.1188059
v 0.02229131 -0.03559631 0.1188066
v 0.02395863 -0.03449614 0.1188086
v 0.02557019 -0.03331915 0.1188128
v 0.02712033 -0.03207005 0.1188219
v 0.02860139 -0.03075647 0.1188407
v 0.03000399 -0.0293898 0.1188771
v 0.03132272 -0.02798012 0.1189323
v 0.03257457 -0.02651222 0.1189516
v 0.033743 -0.0250082 0.1188724
v 0.0346776 -0.02369524 0.1188775
v 0.03695234 -0.01996309 0.1027257
v 0.03669587 0.02043069 0.03477527
v 0.0127886 -0.04000565 0.0310523
v 0.02975915 -0.02963769 0.03115969
v 0.03671269 0.02040045 0.03670382
v 0.03670822 0.0204085 0.03865262
v 0.03669708 0.02042852 0.04061967
v 0.03669062 0.02044012 0.04260957
v 0.03668878 0.02044342 0.04461672
v 0.03668913 0.02044279 0.04663217
v 0.03669018 0.02044091 0.04865
v 0.03669119 0.0204391 0.05066773
v 0.0366919 0.02043781 0.05268489
v 0.03669231 0.02043709 0.0547016
v 0.03669247 0.0204368 0.05671801
v 0.03669249 0.02043676 0.05873424
v 0.03669246 0.02043682 0.06075038
v 0.03669241 0.0204369 0.06276648
v 0.03669238 0.02043696 0.06478258
v 0.03669236 0.02043699 0.06679868
v 0.03669235 0.02043701 0.0688148
v 0.03669235 0.02043701 0.07083093
v 0.03669235 0.02043702 0.07284706
v 0.03669234 0.02043702 0.07486319
v 0.03669234 0.02043703 0.07687932
v 0.03669234 0.02043704 0.07889545
v 0.03669234 0.02043704 0.08091156
v 0.03669235 0.02043702 0.08292764
v 0.03669238 0.02043695 0.08494369
v 0.03669246 0.02043682 0.08695967
v 0.03669259 0.02043659 0.08897556
v 0.0366928 0.02043621 0.09099129
v 0.03669312 0.02043564 0.09300679
v 0.03669356 0.02043485 0.09502193
v 0.03669415 0.02043378 0.09703643
v 0.03669498 0.0204323 0.09904978
v 0.03669617 0.02043015 0.1010611
v 0.0366977 0.0204274 0.1030693
v 0.03669861 0.02042578 0.1050728
v 0.03669581 0.0204308 0.1070691
v 0.03668702 0.02044658 0.1090489
v 0.03667811 0.02046257 0.1109926
v 0.0366866 0.02044734 0.1128735
v 0.0367263 0.02037595 0.1146682
v 0.03677442 0.02028896 0.1163618
v -0.02436238 -0.0342122 0.032784
v 0.03694894 -0.01996938 0.04625176
v 0.03694823 -0.01997069 0.0442327
v 0.03689796 -0.02006341 0.1108274
v 0.03696153 -0.01994605 0.08256452
v 0.03696151 -0.0199461 0.08861287
v 0.03531006 -0.02274202 0.03248913
v 0.03696152 -0.01994608 0.08659676
v -0.03899145 -0.01560984 0.03278398
v 0.0009995906 -0.0419881 0.031052
v -0.042 -6.546821e-08 0.02931994
v 0.03693533 -0.01999453 0.0382025
v 0.03696157 -0.01994598 0.06441928
v 0.03694303 -0.0199803 0.04221291
v 0.03683384 -0.02018089 0.116992
v -0.01467742 0.03935192 0.03105206
v 0.03692989 -0.02000459 0.10677
v 0.03696043 -0.0199481 0.05836805
v 0.0009995292 0.0419881 0.03105199
v 0.03695909 -0.01995058 0.05634975
v 0.03695127 -0.01996506 0.05029121
v 0.0127885 0.04000568 0.03105213
v -0.02596267 -0.03301424 0.03278399
v 0.03696076 -0.01994748 0.09667641
v 0.01561017 0.03899131 0.03278453
v 0.007948743 -0.04124097 0.03278433
v -0.009901737 0.04081612 0.03278408
v -0.01278834 0.04000573 0.03105207
v 0.02100092 0.03637254 0.0327847
v 0.03696148 -0.01994615 0.06240278
v -0.04170299 0.004986044 0.03105191
v 0.0363035 0.02112004 0.02919499
v -0.035333 0.02270637 0.03278383
v 0.02438317 -0.03419738 0.03281713
v 0.01744865 -0.03820399 0.03278544
v -0.03238702 -0.02674099 0.03105199
v 0.005977427 -0.04157247 0.03278423
v 0.002996258 0.04189299 0.03105199
v -0.04124107 0.007948227 0.03278387
v -0.02012845 -0.03686252 0.031052
v -0.03174171 0.02750389 0.03278396
v -0.03421218 -0.0243624 0.03278399
v 0.0369579 -0.01995279 0.03621847
v -0.01183272 -0.04029872 0.03278399
v -0.00794841 0.04124103 0.03278407
v 0.005977234 0.0415725 0.03278398
v -0.04124099 -0.007948635 0.03278393
v 0.02270832 0.03533175 0.03278457
v -0.008927706 -0.04104018 0.03105199
v -0.04195243 0.001998372 0.02931994
v -0.001998303 -0.04195243 0.03278398
v -0.0251697 0.0336227 0.031052
v 0.01744786 0.03820435 0.03278472
v 0.02906462 -0.0303191 0.03293359
v 0.02271658 -0.03532643 0.03279815
v -0.03039701 0.02898313 0.03278398
v -0.0165333 -0.03860894 0.031052
v 0.02013158 -0.03686081 0.03105548
v -0.03935203 0.01467711 0.03105183
v 0.034273 -0.02427676 0.03262655
v 0.03314736 -0.02579249 0.03288116
v -0.03107795 -0.02825174 0.03105199
v -0.003992249 0.04180983 0.03278403
v 0.02517136 0.03362146 0.0310543
v -0.0342125 0.02436195 0.03278389
v -0.0174474 0.03820456 0.03278404
v -0.02898331 -0.03039684 0.03278399
v 0.003992528 -0.0418098 0.03278411
v 0.03354609 0.02527172 0.03086029
v -0.02354135 0.03478225 0.03105201
v 0.03620433 -0.02128959 0.03260167
v -0.02898345 0.0303967 0.03278399
v -0.02750425 0.0317414 0.032784
v 0.03568488 -0.02214925 0.1181963
v 0.03650439 -0.02077089 0.1187502
v 0.03690208 0.02005584 0.1177824
v 0.03656823 0.02065827 0.03101242
v 0.03187718 -0.02734676 0.03297436
v -0.0227069 -0.03533266 0.032784
v -0.04189298 -0.002996343 0.03105192
v -0.04157248 -0.005977336 0.03278391
v 0.03040227 0.02897761 0.03278455
v 0.02755554 -0.03169688 0.03288114
v -0.003992242 -0.04180983 0.03278397
v 0.0317312 0.02751602 0.0327311
v -0.04029883 0.01183233 0.03278383
v -0.00199836 0.04195243 0.03278402
v -0.02185966 0.035863 0.03105201
v -0.03820467 0.01744715 0.02931986
v 0.007948565 0.041241 0.03278401
v 0.01561032 -0.03899126 0.03278477
v -0.01373682 -0.03969005 0.03278399
v -0.03969003 -0.01373687 0.03278398
v 0.02825188 0.03107782 0.03105724
v 0.03525666 0.02282473 0.02911463
v 0.009902043 -0.04081605 0.03278438
v -0.01924551 0.03733109 0.03278403
v 0.03610242 -0.02146195 0.05533519
v 0.03610771 -0.02145304 0.06139413
v -0.02270696 0.03533262 0.03278401
v 0.02599646 -0.03298763 0.03284428
v -0.02100002 0.03637306 0.03278402
v -0.03637343 0.02099938 0.03278378
v 0.03609828 -0.02146892 0.1017114
v 0.01924793 -0.03732984 0.03278682
v -0.01835166 -0.03777852 0.031052
v 0.03610752 -0.02145338 0.09365233
v 0.03610781 -0.02145288 0.07752419
v 0.006965209 -0.04141842 0.03451652
v 0.03617327 -0.02134232 0.0355039
v -0.0330145 0.02596233 0.03278393
v 0.03595863 -0.021702 0.1139283
v -0.009901818 -0.0408161 0.03278398
v 0.003992367 0.04180982 0.03278398
v 0.03610607 -0.02145581 0.09768267
v 0.03050691 -0.02886743 0.03297119
v -0.01373675 0.03969007 0.03278408
v -0.04081607 -0.009901928 0.03278395
v -0.035863 -0.02185967 0.03451598
v 1.506969e-07 -0.042 0.032784
v 0.03610781 -0.02145288 0.07550807
v 0.03610781 -0.02145288 0.08155645
v 0.03610788 -0.02145276 0.06744363
v 0.03610705 -0.02145415 0.0956677
v -0.03733124 0.01924523 0.02931987
v 0.03610781 -0.02145287 0.07954031
v -0.01560976 0.03899148 0.03278406
v 0.02674303 0.03238534 0.03105674
v -0.0419881 -0.0009996155 0.03105191
v -0.005977096 0.04157252 0.03278406
v 0.03467451 -0.02369975 0.117131
v 0.009901898 0.04081608 0.03278405
v 0.03609783 -0.02146966 0.05331278
v 0.03608761 -0.02148685 0.04926765
v 0.03601623 -0.02160628 0.1098181
v 0.03610782 -0.02145287 0.07349195
v 0.03610362 -0.02145992 0.0996967
v 0.0361077 -0.02145307 0.09163675
v 0.03610776 -0.02145297 0.08760479
v 0.03610783 -0.02145285 0.07147585
v -0.04198811 0.0009993834 0.03105191
v 0.03610785 -0.02145282 0.06945974
v -0.0368625 -0.02012848 0.03451598
v -0.03777851 -0.01835169 0.03451598
v -0.0402987 -0.0118328 0.03278397
v -0.041893 0.00299611 0.03105191
v 0.03598842 0.02165257 0.1173815
v 0.03487157 0.02340884 0.1175339
v 0.03371532 0.0250455 0.1173691
v 0.03246285 0.02664889 0.1172772
v 0.03111759 0.02820807 0.1172835
v 0.02969941 0.02969756 0.1173174
v 0.02822359 0.03110352 0.1173413
v 0.02669539 0.03242462 0.1173503
v 0.02511568 0.03366308 0.1173509
v 0.02348379 0.03482114 0.1173495
v 0.02180017 0.0358992 0.1173485
v 0.02006729 0.03689585 0.1173482
v 0.0182889 0.03780894 0.1173483
v 0.0164691 0.03863636 0.1173484
v 0.01461203 0.03937624 0.1173485
v 0.01272187 0.04002692 0.1173486
v 0.01080289 0.04058691 0.1173486
v 0.008859441 0.04105497 0.1173486
v 0.006895926 0.04143002 0.1173487
v 0.004916792 0.04171121 0.1173487
v 0.002926523 0.04189792 0.1173487
v 0.0009296243 0.04198971 0.1173487
v -0.00106938 0.04198638 0.1173487
v -0.003065961 0.04188794 0.1173487
v -0.005055597 0.04169462 0.1173487
v -0.00703378 0.04140683 0.1173487
v -0.00899603 0.04102525 0.1173487
v -0.0109379 0.04055074 0.1173487
v -0.01285499 0.03998436 0.1173487
v -0.01474297 0.03932741 0.1173487
v -0.01659754 0.03858136 0.1173487
v -0.01841452 0.03774792 0.1173487
v -0.02018978 0.03682897 0.1173487
v -0.0219193 0.03582659 0.1173487
v -0.02359917 0.03474304 0.1173487
v -0.02522558 0.0335808 0.1173487
v -0.02679485 0.03234248 0.1173487
v -0.02830342 0.0310309 0.1173487
v -0.02974787 0.02964902 0.1173487
v -0.03112493 0.02819998 0.1173487
v -0.03243149 0.02668705 0.1173487
v -0.03366457 0.02511367 0.1173487
v -0.0348214 0.0234834 0.1173487
v -0.03589934 0.02179993 0.1173487
v -0.03689596 0.02006708 0.1173487
v -0.037809 0.01828877 0.1173487
v -0.03863639 0.01646903 0.1173487
v -0.03937626 0.01461198 0.1173487
v -0.04002693 0.01272184 0.1173487
v -0.04058692 0.01080287 0.1173487
v -0.04105497 0.00885943 0.1173487
v -0.04143002 0.006895921 0.1173487
v -0.04171121 0.00491679 0.1173487
v -0.04189792 0.002926522 0.1173487
v -0.04198971 0.000929624 0.1173487
v -0.04198638 -0.00106938 0.1173487
v -0.04188794 -0.003065961 0.1173487
v -0.04169462 -0.005055597 0.1173487
v -0.04140683 -0.00703378 0.1173487
v -0.04102525 -0.00899603 0.1173487
v -0.04055074 -0.0109379 0.1173487
v -0.03998436 -0.01285499 0.1173487
v -0.03932741 -0.01474297 0.1173487
v -0.03858136 -0.01659754 0.1173487
v -0.03774792 -0.01841452 0.1173487
v -0.03682897 -0.02018978 0.1173487
v -0.03582659 -0.0219193 0.1173487
v -0.03474304 -0.02359917 0.1173487
v -0.0335808 -0.02522558 0.1173487
v -0.03234248 -0.02679485 0.1173487
v -0.0310309 -0.02830342 0.1173487
v -0.02964902 -0.02974787 0.1173487
v -0.02819998 -0.03112493 0.1173487
v -0.02668705 -0.03243149 0.1173487
v -0.02511367 -0.03366457 0.1173487
v -0.0234834 -0.0348214 0.1173487
v -0.02179993 -0.03589934 0.1173487
v -0.02006708 -0.03689596 0.1173487
v -0.01828877 -0.037809 0.1173487
v -0.01646903 -0.03863639 0.1173487
v -0.01461199 -0.03937626 0.1173487
v -0.01272184 -0.04002693 0.1173487
v -0.01080287 -0.04058692 0.1173487
v -0.008859432 -0.04105497 0.1173487
v -0.006895925 -0.04143002 0.1173487
v -0.004916796 -0.04171121 0.1173487
v -0.00292653 -0.04189792 0.1173487
v -0.0009296332 -0.04198971 0.1173487
v 0.001069372 -0.04198638 0.1173487
v 0.00306596 -0.04188794 0.1173487
v 0.005055615 -0.04169461 0.1173487
v 0.007033836 -0.04140682 0.1173486
v 0.008996152 -0.04102523 0.1173486
v 0.01093812 -0.04055068 0.1173484
v 0.01285535 -0.03998425 0.1173482
v 0.01474347 -0.03932722 0.1173479
v 0.01659819 -0.03858109 0.1173476
v 0.01841526 -0.03774756 0.1173473
v 0.02019054 -0.03682855 0.1173474
v 0.02191991 -0.03582621 0.1173481
v 0.02359928 -0.03474297 0.1173502
v 0.02522449 -0.03358162 0.1173549
v 0.02679071 -0.03234591 0.1173641
v 0.02829077 -0.03104243 0.1173823
v 0.02971205 -0.02968491 0.1174206
v 0.03103636 -0.02829743 0.1174968
v 0.03225391 -0.0269014 0.1176167
v 0.0334605 -0.02538494 0.1175275
v 0.03581873 0.02193213 0.03393413
v 0.03607096 -0.02151477 0.1057523
v -0.005977133 -0.04157251 0.03278397
v 0.03608607 -0.02148943 0.0472435
v 0.03585406 0.02187432 0.03580162
v 0.03585181 0.02187802 0.03770825
v 0.03582624 0.02191987 0.0396356
v 0.03581323 0.02194111 0.04160419
v 0.03581022 0.02194603 0.04360484
v 0.03581063 0.02194535 0.0456202
v 0.03581231 0.02194262 0.04763989
v 0.03581418 0.02193957 0.04965945
v 0.03581569 0.0219371 0.05167785
v 0.03581664 0.02193555 0.05369529
v 0.03581708 0.02193484 0.05571209
v 0.03581717 0.02193468 0.05772847
v 0.03581711 0.02193478 0.05974464
v 0.03581701 0.02193494 0.06176072
v 0.03581693 0.02193507 0.06377678
v 0.03581688 0.02193515 0.06579286
v 0.03581686 0.02193519 0.06780896
v 0.03581685 0.0219352 0.06982508
v 0.03581685 0.0219352 0.07184121
v 0.03581685 0.02193521 0.07385735
v 0.03581684 0.02193522 0.07587349
v 0.03581683 0.02193524 0.07788962
v 0.03581682 0.02193526 0.07990574
v 0.03581682 0.02193525 0.08192184
v 0.03581685 0.02193521 0.0839379
v 0.03581692 0.02193509 0.08595388
v 0.03581708 0.02193483 0.08796975
v 0.03581736 0.02193438 0.08998543
v 0.0358178 0.02193366 0.09200084
v 0.03581843 0.02193262 0.09401585
v 0.03581928 0.02193124 0.09603024
v 0.03582035 0.02192949 0.09804356
v 0.03582184 0.02192705 0.1000549
v 0.03582418 0.02192324 0.1020626
v 0.03582759 0.02191765 0.1040648
v 0.03583017 0.02191344 0.1060601
v 0.03582209 0.02192665 0.1080497
v 0.03579689 0.02196777 0.1100227
v 0.03577276 0.02200704 0.1119538
v 0.0358018 0.02195976 0.1138129
v 0.03590786 0.02178591 0.1155565
v 0.0360894 -0.02148384 0.04522545
v 0.03599226 -0.02164618 0.1118614
v 0.03610774 -0.021453 0.08962085
v 0.02899201 0.03038854 0.03279924
v -0.03860892 -0.01653333 0.03451598
v 0.03604437 -0.0215593 0.03916281
v 0.03610792 -0.0214527 0.06542744
v 0.03608842 -0.02148549 0.04320446
v 0.01924611 0.03733078 0.03278485
v 0.03604241 -0.02156257 0.1077849
v 0.03610705 -0.02145416 0.05937639
v 5.235969e-08 0.042 0.032784
v 0.03610558 -0.02145664 0.05735745
v 0.03609224 -0.02147906 0.05128982
v 0.03610778 -0.02145293 0.08558871
v -0.01183264 0.04029874 0.03278409
v 0.01373705 0.03968997 0.03278431
v -0.02436245 0.03421215 0.032784
v 0.014678 0.0393517 0.03451668
v -0.0358635 0.02185885 0.03451575
v 0.02520057 -0.03359957 0.03457721
v 0.0361079 -0.02145272 0.06341111
v -0.03969021 0.01373634 0.0327838
v 0.01183294 -0.04029866 0.03278443
v 0.03608929 -0.02148403 0.1037286
v 0.02972832 0.02966862 0.0345506
v 0.01835321 -0.03777777 0.03451839
v -0.03686276 0.02012801 0.03105183
v -0.04157254 0.005976949 0.03278388
v -0.03238738 0.02674056 0.03451592
v -0.04104028 0.00892721 0.03451581
v 0.02186131 0.035862 0.03451657
v -0.03301422 -0.02596269 0.03278399
v -0.01087031 -0.04056891 0.03451597
v 0.035869 -0.02184983 0.1160426
v -0.008927574 0.04104021 0.03451609
v 0.03578194 -0.02199211 0.03408885
v -0.02674097 -0.03238704 0.03451599
v -0.03860912 0.01653288 0.03105181
v 0.02983048 -0.0295659 0.034775
v -0.04104015 -0.008927845 0.03451592
v -0.03478225 -0.02354134 0.03451598
v -0.0009992748 -0.04198811 0.03451599
v -0.02596275 0.03301417 0.032784
v -0.007948482 -0.04124102 0.03278398
v 0.0361078 -0.0214529 0.08357258
v -0.00498605 0.04170299 0.03451605
v 0.00199847 0.04195243 0.03278399
v 0.016534 0.03860864 0.03451701
v 0.02355614 -0.03477223 0.03454292
v -0.03107824 0.02825142 0.03451595
v -0.0156098 -0.03899146 0.03278399
v 0.02100484 -0.03637027 0.03279015
v -0.02825172 -0.03107797 0.03451598
v -0.01653326 0.03860895 0.03451606
v 0.03487913 -0.02339756 0.03398434
v 0.02436489 0.03421041 0.03278557
v 0.03392617 -0.02475913 0.03459923
v -0.03039682 -0.02898333 0.03278399
v 0.004986221 0.04170297 0.03451596
v -0.03478273 0.02354064 0.03451581
v 0.004986495 -0.04170294 0.03451628
v -0.02969871 0.02969826 0.03451597
v 0.0329607 0.0260306 0.03261839
v -0.02825191 0.0310778 0.03451599
v 0.03605298 -0.02154489 0.03722152
v 0.03575028 0.02204353 0.03213075
v 0.0137371 -0.03968995 0.03278455
v 0.00892806 -0.0410401 0.03451668
v 0.03266752 -0.0263976 0.03483274
v -0.02099999 -0.03637307 0.032784
v 0.02833252 -0.03100433 0.03469268
v -0.04180981 -0.003992499 0.03278389
v -0.04141846 -0.006965006 0.03451589
v 0.03607167 -0.02151359 0.04117484
v -0.002996059 -0.041893 0.03451595
v 0.03111814 0.02820747 0.03452813
v 0.001998597 -0.04195242 0.03278404
v -0.04056904 0.01086981 0.0345158
v -0.002996121 0.041893 0.03451603
v 0.006964877 0.04141848 0.03451598
v 0.01653401 -0.03860863 0.03451733
v -0.01278837 -0.04000572 0.03451598
v -0.03935188 -0.01467752 0.03451597
v 0.01183285 0.04029868 0.03278415
v 0.03477007 0.02355933 0.03103445
v -0.0235413 -0.03478228 0.03451599
v -0.02516964 -0.03362275 0.03451599
v -0.01087024 0.04056893 0.03451609
v 0.02012975 0.03686181 0.03451739
v -0.01835166 0.03777852 0.03451604
v 0.03519197 -0.02292434 0.09465921
v -0.036863 0.02012757 0.0345157
v 0.03506425 -0.02311921 0.1088019
v 0.03517345 -0.02295274 0.1027068
v -0.03174147 -0.02750416 0.03278399
v 0.02679233 -0.03234457 0.03462712
v 0.03519293 -0.02292286 0.0624029
v 0.02827147 0.03106001 0.03454334
v -0.01744741 -0.03820455 0.03278399
v -0.0192455 -0.0373311 0.032784
v 0.03519278 -0.0229231 0.06845176
v -0.0146774 0.03935192 0.03451607
v 0.03519255 -0.02292345 0.08861277
v -0.03362314 0.02516912 0.03451587
v -0.008927638 -0.04104019 0.03451597
v 0.03496768 -0.02326502 0.1149555
v 0.03518799 -0.02293044 0.05634287
v 0.0009995583 0.0419881 0.03451598
v 0.03516993 -0.02295813 0.04216294
v -0.04056887 -0.01087046 0.03451594
v 0.03519269 -0.02292324 0.07651612
v -0.006964697 0.04141851 0.03451607
v 0.002996275 0.04189299 0.03451597
v 0.02013149 -0.03686086 0.0345207
v 0.03519286 -0.02292298 0.06643569
v 0.0351927 -0.02292322 0.07248392
v -0.04141856 0.006964385 0.03451581
v 0.03519269 -0.02292323 0.07450002
v 0.03519265 -0.02292329 0.08458064
v -0.04195242 -0.001998618 0.03278388
v 0.008927781 0.04104016 0.03451604
v 0.03518197 -0.02293969 0.05431728
v 0.03518359 -0.0229372 0.1006965
v 0.03519239 -0.02292369 0.09264422
v 0.0351927 -0.02292322 0.08054836
v -0.042 -2.043407e-07 0.03278387
v 0.03519273 -0.02292317 0.07046784
v -0.03637304 -0.02100004 0.03624798
v -0.03733107 -0.01924555 0.03624798
v -0.04000569 -0.01278847 0.03451596
v -0.004986046 -0.04170299 0.03451595
v 0.03511914 -0.02303575 0.1067537
v 0.03516433 0.02296671 0.1162536
v 0.03414815 0.02445207 0.1159332
v 0.03290285 0.02610368 0.115718
v 0.03153912 0.02773597 0.1157364
v 0.03010295 0.02928843 0.1157989
v 0.02862584 0.03073371 0.115838
v 0.02710485 0.03208313 0.1158511
v 0.02553705 0.03334455 0.1158502
v 0.0239188 0.03452378 0.1158466
v 0.02224863 0.03562301 0.1158444
v 0.02052824 0.03664139 0.1158437
v 0.01876127 0.03757678 0.1158437
v 0.0169519 0.03842698 0.1158438
v 0.01510421 0.03919009 0.115844
v 0.01322233 0.0398644 0.1158442
v 0.0113105 0.0404484 0.1158443
v 0.009373048 0.04094076 0.1158444
v 0.007414377 0.04134038 0.1158444
v 0.005438917 0.04164635 0.1158444
v 0.00345114 0.04185797 0.1158444
v 0.001455548 0.04197477 0.1158444
v -0.0005433411 0.04199649 0.1158445
v -0.002540999 0.04192306 0.1158445
v -0.004532901 0.04175467 0.1158445
v -0.006514534 0.0414917 0.1158445
v -0.00848141 0.04113473 0.1158445
v -0.01042907 0.04068457 0.1158445
v -0.01235311 0.04014226 0.1158445
v -0.01424916 0.039509 0.1158445
v -0.01611294 0.03878625 0.1158445
v -0.01794021 0.03797563 0.1158445
v -0.01972684 0.03707899 0.1158445
v -0.02146879 0.03609835 0.1158445
v -0.0231621 0.03503594 0.1158445
v -0.02480294 0.03389416 0.1158445
v -0.0263876 0.0326756 0.1158445
v -0.02791248 0.03138301 0.1158445
v -0.02937413 0.03001934 0.1158445
v -0.03076923 0.02858766 0.1158445
v -0.03209464 0.02709122 0.1158445
v -0.03334734 0.02553341 0.1158445
v -0.0345245 0.02391776 0.1158445
v -0.03562344 0.02224793 0.1158445
v -0.03664169 0.0205277 0.1158445
v -0.03757694 0.01876096 0.1158445
v -0.03842706 0.01695173 0.1158445
v -0.03919013 0.0151041 0.1158445
v -0.03986442 0.01322225 0.1158445
v -0.04044841 0.01131044 0.1158445
v -0.04094077 0.009373021 0.1158445
v -0.04134038 0.007414365 0.1158445
v -0.04164635 0.005438912 0.1158445
v -0.04185797 0.003451139 0.1158445
v -0.04197477 0.001455547 0.1158445
v -0.04199649 -0.0005433414 0.1158445
v -0.04192306 -0.002540999 0.1158445
v -0.04175467 -0.004532901 0.1158445
v -0.0414917 -0.006514534 0.1158445
v -0.04113473 -0.00848141 0.1158445
v -0.04068457 -0.01042907 0.1158445
v -0.04014226 -0.01235311 0.1158445
v -0.039509 -0.01424916 0.1158445
v -0.03878625 -0.01611294 0.1158445
v -0.03797563 -0.01794021 0.1158445
v -0.03707899 -0.01972684 0.1158445
v -0.03609835 -0.02146879 0.1158445
v -0.03503594 -0.0231621 0.1158445
v -0.03389416 -0.02480294 0.1158445
v -0.0326756 -0.0263876 0.1158445
v -0.03138301 -0.02791248 0.1158445
v -0.03001934 -0.02937413 0.1158445
v -0.02858766 -0.03076923 0.1158445
v -0.02709122 -0.03209464 0.1158445
v -0.02553341 -0.03334734 0.1158445
v -0.02391776 -0.0345245 0.1158445
v -0.02224793 -0.03562344 0.1158445
v -0.0205277 -0.03664169 0.1158445
v -0.01876096 -0.03757694 0.1158445
v -0.01695173 -0.03842706 0.1158445
v -0.0151041 -0.03919013 0.1158445
v -0.01322225 -0.03986442 0.1158445
v -0.01131045 -0.04044841 0.1158445
v -0.009373025 -0.04094077 0.1158445
v -0.00741437 -0.04134038 0.1158445
v -0.005438921 -0.04164635 0.1158445
v -0.003451152 -0.04185797 0.1158445
v -0.001455565 -0.04197477 0.1158445
v 0.0005433195 -0.04199649 0.1158445
v 0.002540978 -0.04192307 0.1158445
v 0.004532892 -0.04175468 0.1158445
v 0.00651456 -0.04149169 0.1158444
v 0.008481508 -0.04113471 0.1158443
v 0.01042929 -0.04068452 0.1158442
v 0.01235351 -0.04014213 0.1158439
v 0.0142498 -0.03950878 0.1158434
v 0.01611383 -0.03878588 0.1158429
v 0.01794136 -0.03797509 0.1158424
v 0.01972824 -0.03707825 0.1158422
v 0.02147042 -0.03609738 0.1158427
v 0.02316393 -0.03503473 0.1158449
v 0.02480492 -0.03389271 0.1158503
v 0.02638981 -0.03267381 0.1158609
v 0.02791453 -0.03138119 0.1158795
v 0.02936999 -0.03002338 0.1159131
v 0.03073261 -0.02862702 0.115985
v 0.03195743 -0.02725294 0.1161371
v 0.03297178 -0.02601656 0.1164053
v 0.03127377 -0.02803482 0.03482891
v 0.03519295 -0.02292284 0.06441947
v 0.03519269 -0.02292324 0.0825645
v 0.0351546 -0.0229816 0.04822615
v 0.03493622 0.02331224 0.03490731
v 0.03496975 0.02326192 0.03678471
v 0.03489895 0.023368 0.03864609
v 0.03487065 0.0234102 0.0405881
v 0.03486821 0.02341384 0.0425874
v 0.03486855 0.02341334 0.04460571
v 0.03487065 0.0234102 0.04662939
v 0.03487371 0.02340565 0.04865253
v 0.03487666 0.02340125 0.05067351
v 0.03487875 0.02339814 0.05269252
v 0.03487983 0.02339652 0.05471016
v 0.03488016 0.02339604 0.05672691
v 0.03488008 0.02339616 0.05874316
v 0.03487987 0.02339647 0.06075919
v 0.03487967 0.02339676 0.06277518
v 0.03487955 0.02339694 0.06479119
v 0.03487949 0.02339703 0.06680725
v 0.03487947 0.02339706 0.06882336
v 0.03487947 0.02339707 0.07083948
v 0.03487946 0.02339707 0.07285562
v 0.03487945 0.02339709 0.07487177
v 0.03487943 0.02339712 0.07688792
v 0.03487941 0.02339715 0.07890406
v 0.03487939 0.02339718 0.08092019
v 0.03487939 0.02339718 0.08293627
v 0.03487945 0.02339709 0.08495228
v 0.03487962 0.02339684 0.08696816
v 0.03487995 0.02339635 0.08898384
v 0.03488053 0.02339549 0.09099918
v 0.03488143 0.02339414 0.09301403
v 0.03488269 0.02339226 0.09502818
v 0.03488425 0.02338994 0.09704136
v 0.03488607 0.02338722 0.09905287
v 0.0348886 0.02338345 0.101061
v 0.03489306 0.02337679 0.1030627
v 0.03490101 0.02336492 0.1050534
v 0.03491051 0.02335072 0.1070299
v 0.03488705 0.02338576 0.1090099
v 0.03481739 0.02348934 0.1109783
v 0.03475796 0.02357719 0.1129229
v 0.03515988 -0.02297353 0.04620244
v 0.0350061 -0.02320717 0.1128878
v 0.03519252 -0.0229235 0.09062868
v 0.03519269 -0.02292323 0.07853224
v 0.02751114 0.03173542 0.03279528
v 0.03518825 -0.02293004 0.09868541
v -0.03820453 -0.01744746 0.03624797
v 0.03502636 -0.02317658 0.03801366
v 0.03517223 -0.02295461 0.04418829
v 0.01835269 0.03777802 0.03451744
v 0.03515574 -0.02297986 0.1047228
v 0.03519262 -0.02292334 0.06038574
v -0.0009994146 0.04198811 0.03451601
v 0.03519131 -0.02292535 0.05836628
v 0.03517262 -0.02295401 0.05228851
v 0.03519261 -0.02292336 0.08659676
v 0.03516176 -0.02297064 0.05025863
v -0.02185963 -0.03586303 0.03451599
v 0.03511742 -0.02303838 0.0401127
v -0.01744741 0.03820455 0.03624805
v 0.01278868 0.04000562 0.03451636
v -0.0363737 0.02099891 0.03624765
v -0.0127883 0.04000574 0.03451609
v 0.029023 0.03035895 0.03630778
v -0.04000591 0.01278776 0.03451577
v -0.0218597 0.03586298 0.03451602
v 0.01087067 -0.04056881 0.03451668
v 0.03508564 -0.02308675 0.03584707
v 0.007949138 -0.04124089 0.03624911
v -0.009901729 -0.04081612 0.03624795
v -0.01560976 0.03899148 0.03624807
v -0.04180984 0.003992106 0.03278387
v -0.0389917 0.01560922 0.03278376
v -0.03301473 0.02596204 0.03624785
v 0.03394401 -0.02473468 0.1157947
v 0.01373751 0.03968981 0.03624882
v -0.0235414 0.03478222 0.03451601
v 0.02354372 0.03478064 0.034516
v -0.02012848 0.0368625 0.03451603
v 0.01924694 -0.03733035 0.03625193
v -0.009901697 0.04081613 0.03624809
v 0.03502304 -0.02318161 0.1108453
v -0.04081606 -0.009901994 0.03624791
v -0.03362271 -0.02516969 0.03451598
v 0.000999759 -0.0419881 0.03451605
v -0.006964733 -0.0414185 0.03451596
v -0.005977039 0.04157253 0.03624807
v 3.538968e-07 -0.042 0.03624803
v 0.02438159 -0.03419851 0.03629859
v 0.02596699 0.03301084 0.03278905
v 0.03519085 -0.02292606 0.09667329
v -0.0317419 0.02750366 0.03624791
v -0.01467745 -0.03935191 0.03451598
v -0.03777874 0.01835121 0.03105181
v 0.02186577 -0.03585928 0.03452636
v -0.03533328 0.02270594 0.03624771
v 0.03573565 0.02206724 0.03050041
v -0.007948367 0.04124104 0.03624808
v -0.04124115 0.007947817 0.03624774
v 0.01561086 0.03899104 0.0362493
v -0.02674112 0.03238692 0.03451599
v -0.02969847 -0.0296985 0.03451598
v 0.003992386 0.04180982 0.03624793
v 0.005977751 -0.04157242 0.03624869
v 0.03488289 0.02339196 0.1147204
v -0.03039718 0.02898295 0.03624794
v 0.03244105 0.02667542 0.0344264
v -0.03533262 -0.02270696 0.03624797
v -0.02898359 0.03039657 0.03624796
v -0.04195244 0.001998219 0.03278387
v 0.03058935 -0.02878006 0.03667816
v 0.03487751 0.02339998 0.03310753
v 0.01467788 -0.03935175 0.034517
v 0.02100271 0.0363715 0.03624988
v 0.03367299 -0.02510239 0.03682249
v 0.02909586 -0.03028913 0.03656236
v -0.04170295 -0.004986399 0.03451586
v -0.04124097 -0.007948727 0.03624788
v -0.001998154 -0.04195244 0.03624795
v 0.03045701 0.02892007 0.03631883
v -0.04081627 0.009901099 0.03624774
v -0.003992188 0.04180984 0.03624805
v -0.02436236 -0.03421221 0.03624799
v 0.005977248 0.0415725 0.03624795
v 0.01744822 -0.03820418 0.03625027
v -0.02596265 -0.03301425 0.03624799
v -0.01183265 -0.04029874 0.03624796
v -0.03899144 -0.01560985 0.03624797
v 0.01087049 0.04056886 0.03451615
v -0.02750412 -0.03174151 0.03624798
v 0.02600164 -0.03298356 0.036359
v 0.02270947 0.03533101 0.03624736
v -0.02270688 -0.03533267 0.03624799
v 0.0275726 -0.03168204 0.03645119
v -0.01924554 0.03733107 0.03624804
v 0.03420785 -0.02436849 0.09968341
v 0.02752389 0.03172437 0.03627145
v 0.03355323 0.02526224 0.1139701
v 0.0342133 -0.02436084 0.09767623
v -0.03733144 0.01924484 0.03278375
v -0.01653328 -0.03860895 0.03451599
v -0.03421277 0.02436158 0.03624778
v 0.03421512 -0.02435828 0.05735352
v 0.03391932 -0.02476852 0.1118964
v 0.03400326 0.02465315 0.03237583
v -0.01183261 0.04029875 0.03624809
v 0.02100286 -0.03637142 0.03625568
v 0.03403524 -0.02460899 0.03909666
v 0.03421126 -0.0243637 0.0431365
v -0.04029868 -0.01183284 0.03624794
v 0.03421811 -0.02435407 0.0654279
v 0.03421833 -0.02435377 0.06341172
v -0.02516977 0.03362265 0.034516
v -0.0415726 0.005976536 0.03624773
v 0.03418161 -0.02440527 0.1036862
v -0.04189297 -0.002996503 0.03451584
v 0.001998849 -0.04195241 0.03624817
v -0.04170302 0.004985777 0.03451582
v 0.03421578 -0.02435734 0.09566378
v 0.03421739 -0.02435509 0.08962063
v 0.03421762 -0.02435477 0.08558869
v 0.03421772 -0.02435463 0.07550807
v 0.001998492 0.04195243 0.03624795
v 0.007948578 0.041241 0.036248
v 0.03420894 -0.02436695 0.055326
v 0.03419826 -0.02438194 0.1016851
v 0.03421773 -0.02435461 0.07349198
v 0.002996522 -0.04189297 0.03451614
v -0.01373674 0.03969007 0.03624808
v 0.03421696 -0.02435569 0.09365059
v 0.03413976 0.02446378 0.03589501
v 0.03421775 -0.02435457 0.0714759
v 0.01183306 0.04029862 0.0362484
v -0.03969002 -0.01373689 0.03624796
v -0.003992109 -0.04180984 0.03624792
v 0.0340782 -0.02454946 0.1077443
v 0.03201136 0.02718957 0.1140956
v 0.03055867 0.02881263 0.1141988
v 0.02908467 0.03029987 0.1142636
v 0.02757437 0.0316805 0.1142826
v 0.02602168 0.03296775 0.114277
v 0.02441983 0.03417122 0.1142683
v 0.02276542 0.03529498 0.1142634
v 0.02105959 0.0363386 0.1142616
v 0.01930601 0.03729984 0.1142614
v 0.01750895 0.03817639 0.1142616
v 0.01567246 0.03896632 0.1142619
v 0.01380054 0.03966794 0.1142622
v 0.01189737 0.04027968 0.1142625
v 0.009967253 0.04080017 0.1142627
v 0.00801458 0.04122822 0.1142627
v 0.006043767 0.04156288 0.1142628
v 0.004059272 0.04180338 0.1142628
v 0.002065587 0.04194918 0.1142628
v 6.722443e-05 0.04199995 0.1142628
v -0.00193129 0.04195557 0.1142628
v -0.003925429 0.04181616 0.1142628
v -0.005910676 0.04158201 0.1142628
v -0.007882533 0.04125367 0.1142628
v -0.009836534 0.04083188 0.1142628
v -0.01176825 0.04031759 0.1142628
v -0.01367331 0.03971197 0.1142628
v -0.01554739 0.03901639 0.1142628
v -0.01738626 0.03823242 0.1142628
v -0.01918574 0.03736184 0.1142628
v -0.02094176 0.03640663 0.1142628
v -0.02265033 0.03536895 0.1142628
v -0.0243076 0.03425114 0.1142628
v -0.0259098 0.03305574 0.1142628
v -0.02745331 0.03178546 0.1142628
v -0.02893463 0.03044318 0.1142628
v -0.0303504 0.02903193 0.1142628
v -0.03169742 0.02755492 0.1142628
v -0.03297263 0.02601549 0.1142628
v -0.03417315 0.02441712 0.1142628
v -0.03529626 0.02276344 0.1142628
v -0.03633941 0.02105819 0.1142628
v -0.03730024 0.01930524 0.1142628
v -0.03817657 0.01750856 0.1142628
v -0.03896642 0.01567221 0.1142628
v -0.039668 0.01380036 0.1142628
v -0.04027971 0.01189725 0.1142628
v -0.04080018 0.009967191 0.1142628
v -0.04122823 0.008014551 0.1142628
v -0.04156288 0.006043755 0.1142628
v -0.04180338 0.004059268 0.1142628
v -0.04194918 0.002065585 0.1142628
v -0.04199995 6.722368e-05 0.1142628
v -0.04195557 -0.00193129 0.1142628
v -0.04181616 -0.003925429 0.1142628
v -0.04158201 -0.005910676 0.1142628
v -0.04125367 -0.007882533 0.1142628
v -0.04083188 -0.009836534 0.1142628
v -0.04031759 -0.01176825 0.1142628
v -0.03971197 -0.01367331 0.1142628
v -0.03901639 -0.01554739 0.1142628
v -0.03823242 -0.01738626 0.1142628
v -0.03736184 -0.01918574 0.1142628
v -0.03640663 -0.02094176 0.1142628
v -0.03536895 -0.02265033 0.1142628
v -0.03425114 -0.0243076 0.1142628
v -0.03305574 -0.0259098 0.1142628
v -0.03178546 -0.02745331 0.1142628
v -0.03044318 -0.02893463 0.1142628
v -0.02903193 -0.0303504 0.1142628
v -0.02755492 -0.03169742 0.1142628
v -0.02601549 -0.03297263 0.1142628
v -0.02441712 -0.03417315 0.1142628
v -0.02276344 -0.03529626 0.1142628
v -0.02105819 -0.03633941 0.1142628
v -0.01930524 -0.03730024 0.1142628
v -0.01750856 -0.03817657 0.1142628
v -0.01567221 -0.03896642 0.1142628
v -0.01380036 -0.039668 0.1142628
v -0.01189726 -0.04027971 0.1142628
v -0.009967196 -0.04080018 0.1142628
v -0.008014559 -0.04122823 0.1142628
v -0.006043768 -0.04156288 0.1142628
v -0.004059289 -0.04180338 0.1142628
v -0.002065616 -0.04194917 0.1142628
v -6.726668e-05 -0.04199995 0.1142628
v 0.001931237 -0.04195558 0.1142629
v 0.003925373 -0.04181616 0.1142629
v 0.005910637 -0.04158202 0.1142628
v 0.007882552 -0.04125367 0.1142628
v 0.009836678 -0.04083185 0.1142626
v 0.01176861 -0.04031749 0.1142622
v 0.01367399 -0.03971174 0.1142616
v 0.01554847 -0.03901596 0.1142608
v 0.01738779 -0.03823173 0.1142599
v 0.01918779 -0.03736079 0.1142592
v 0.02094449 -0.03640506 0.1142594
v 0.02265405 -0.03536657 0.1142614
v 0.02431265 -0.03424756 0.1142671
v 0.02591701 -0.03305009 0.1142803
v 0.02746593 -0.03177456 0.114304
v 0.02896048 -0.03041859 0.1143389
v 0.03039514 -0.02898509 0.1143935
v 0.0317382 -0.02750794 0.1145338
v 0.03294751 -0.02604729 0.1148994
v 0.03206415 -0.02712729 0.0367384
v -0.03686248 -0.02012853 0.03797997
v -0.0419881 -0.0009998157 0.03451581
v 0.0342177 -0.02435464 0.08357254
v 0.01924785 0.03732989 0.03625068
v 0.01278871 -0.04000561 0.03451687
v 0.03392864 0.02475576 0.03758711
v 0.03385275 0.02485942 0.03952033
v 0.03386615 0.02484118 0.04155483
v 0.0338647 0.02484315 0.04358556
v 0.03386554 0.02484201 0.04561711
v 0.03386955 0.02483654 0.04764667
v 0.03387488 0.02482926 0.04967273
v 0.03387919 0.02482339 0.05169498
v 0.03388169 0.02481997 0.05371435
v 0.03388262 0.0248187 0.05573186
v 0.03388259 0.02481875 0.05774831
v 0.03388217 0.02481932 0.05976428
v 0.03388173 0.02481992 0.06178011
v 0.03388143 0.02482033 0.06379597
v 0.03388128 0.02482054 0.06581193
v 0.03388122 0.02482061 0.06782799
v 0.03388121 0.02482063 0.0698441
v 0.03388121 0.02482063 0.07186024
v 0.0338812 0.02482065 0.0738764
v 0.03388117 0.02482068 0.07589256
v 0.03388113 0.02482074 0.07790874
v 0.03388108 0.02482081 0.07992491
v 0.03388103 0.02482087 0.08194105
v 0.03388105 0.02482085 0.08395713
v 0.03388119 0.02482066 0.08597309
v 0.03388154 0.02482017 0.08798883
v 0.03388223 0.02481923 0.09000422
v 0.03388341 0.02481762 0.09201899
v 0.03388523 0.02481514 0.09403284
v 0.03388769 0.02481178 0.09604553
v 0.03389048 0.02480797 0.09805686
v 0.03389331 0.02480411 0.100066
v 0.03389719 0.0247988 0.1020702
v 0.03390537 0.02478762 0.1040639
v 0.03392331 0.02476306 0.1060345
v 0.03396111 0.02471119 0.1079568
v 0.0338801 0.02482215 0.1099082
v 0.0336932 0.02507525 0.1118367
v 0.03415125 -0.02444774 0.04715215
v 0.03421774 -0.02435459 0.0815564
v 0.03398387 -0.02467988 0.1138955
v 0.03421782 -0.02435448 0.0694599
v 0.03421728 -0.02435524 0.09163601
v 0.03421774 -0.0243546 0.07954027
v -0.03777897 0.01835074 0.03451567
v -0.007948378 -0.04124104 0.03624794
v -0.03777849 -0.01835173 0.03797997
v 0.03417965 -0.02440802 0.04514164
v 0.03396161 -0.0247105 0.1098332
v -0.02516961 -0.03362277 0.03797998
v 0.03414987 -0.02444967 0.1056983
v 0.009902389 -0.04081596 0.03624939
v 0.03421834 -0.02435375 0.0613949
v 0.03419697 -0.02438375 0.05329174
v 0.0342175 -0.02435493 0.08760477
v 0.03417807 -0.02441023 0.05125002
v -0.02012844 -0.03686253 0.03451599
v -0.03733169 0.01924434 0.03624761
v 0.03420523 -0.02437217 0.04115469
v 0.003992793 -0.04180978 0.03624835
v 0.02012853 -0.03686248 0.03798643
v -0.04141865 0.006963854 0.03797964
v -0.04029895 0.01183192 0.03624773
v 0.02827643 0.03105549 0.0380266
v 0.0313084 -0.02799615 0.03867158
v 0.02186481 0.03585986 0.03798187
v -0.01835164 -0.03777853 0.03451599
v -0.03586297 -0.02185972 0.03797996
v -0.03935218 0.01467671 0.03451572
v 0.03421777 -0.02435455 0.05937669
v 0.03377616 0.02496339 0.03419463
v -0.03238701 -0.02674101 0.03451598
v -0.03686328 0.02012706 0.03797955
v -0.01087023 0.04056893 0.03798009
v -0.006964659 0.04141852 0.03798008
v -0.04056885 -0.01087053 0.0379799
v 0.03421795 -0.02435431 0.06744391
v -0.03362341 0.02516876 0.03797977
v -0.02099996 -0.03637309 0.03624799
v -0.005977016 -0.04157253 0.03624793
v 0.0127892 0.04000545 0.03798097
v -0.03107794 -0.02825176 0.03451598
v 8.85894e-08 0.042 0.03624799
v 0.0227138 -0.03532822 0.03626623
v 0.02517428 0.03361927 0.03451822
v 0.02675119 0.0323786 0.0345267
v 0.03421772 -0.02435462 0.07752416
v -0.01373677 -0.03969007 0.03624797
v -0.03820485 0.01744676 0.03278374
v -0.008927553 0.04104021 0.03798009
v -0.02354127 -0.03478231 0.03797999
v 0.002996288 0.04189299 0.03797989
v 0.01467877 0.03935141 0.03798157
v -0.02750437 0.03174129 0.03624798
v -0.02898329 -0.03039686 0.03624797
v -0.0358638 0.02185835 0.03797961
v 0.006965813 -0.04141832 0.03798158
v -0.01653329 0.03860894 0.03798006
v 0.02013364 0.03685969 0.03798469
v -0.03107845 0.02825119 0.03797989
v 0.001000037 -0.04198809 0.03798016
v 0.03183817 0.02739217 0.03629992
v -0.03421216 -0.02436244 0.03624797
v -0.02969889 0.02969808 0.03797993
v -0.04198811 0.0009991486 0.0345158
v 0.004986235 0.04170297 0.03797988
v 0.03271321 -0.02634096 0.03865096
v 0.02982755 -0.02956886 0.03852542
v 0.02518361 -0.03361229 0.03806862
v 0.01561035 -0.03899124 0.0362497
v -0.04157246 -0.005977473 0.03624784
v 0.0341564 -0.02444055 0.04919635
v -0.04104013 -0.008927935 0.03797986
v 0.02354312 -0.03478105 0.03801073
v 0.02436581 0.03420976 0.03624562
v -0.0183517 0.0377785 0.03798005
v 0.008928673 -0.04103997 0.03798217
v -0.00892751 -0.04104022 0.03797992
v -0.03238762 0.02674028 0.03797984
v -0.0009990966 -0.04198812 0.03797997
v 0.02976101 0.02963583 0.03812063
v -0.04104039 0.008926708 0.03797966
v -0.004986006 0.04170299 0.03798006
v 0.01835213 -0.03777829 0.03798383
v 0.017449 0.03820383 0.03625002
v -0.01087021 -0.04056894 0.03797993
v -0.03860891 -0.01653336 0.03797996
v 0.009901979 0.04081606 0.03624814
v -0.001998308 0.04195243 0.03624802
v -0.02270702 0.03533258 0.03624801
v -0.02674094 -0.03238707 0.03797998
v 0.03240671 0.02671713 0.1123065
v 0.03318028 -0.02575013 0.09666603
v -0.04170309 0.004985234 0.03797963
v 0.02675097 0.03237878 0.03798429
v 0.03318513 -0.02574387 0.05836768
v -0.02100007 0.03637303 0.03624802
v 0.03318267 -0.02574705 0.09465456
v -0.03478302 0.02354021 0.03797968
v -0.04180979 -0.003992694 0.0362478
v -0.03777923 0.0183502 0.03797953
v 0.03318465 -0.02574449 0.07046799
v 0.03318545 -0.02574346 0.06442056
v -0.002995896 -0.04189301 0.0379799
v 0.03318458 -0.02574458 0.07853217
v 0.03318478 -0.02574433 0.06845202
v 0.03318507 -0.02574395 0.06643634
v -0.02436253 0.03421209 0.036248
v 0.03312398 -0.0258225 0.1046336
v 0.03318456 -0.02574461 0.07651611
v -0.03860931 0.01653242 0.03451569
v 0.03306662 -0.02589592 0.04807764
v 0.000999579 0.0419881 0.03797994
v 0.006964909 0.04141847 0.03797993
v 0.03318044 -0.02574992 0.05634036
v 0.03314633 -0.02579381 0.1026577
v 0.03318456 -0.02574462 0.07450003
v 0.03317923 -0.02575148 0.04403395
v 0.002996902 -0.04189294 0.03798046
v 0.03309519 0.02585939 0.03610986
v -0.01560975 -0.03899148 0.03624798
v 0.03318458 -0.02574458 0.07248396
v 0.0310149 0.02832094 0.1124858
v -0.04189302 0.002995852 0.03451581
v 0.02185953 -0.03586309 0.03799179
v -0.02185977 0.03586294 0.03798001
v 0.03316206 -0.02577359 0.1006715
v 0.02956961 0.0298268 0.1126027
v 0.02808105 0.03123227 0.112634
v 0.02654985 0.0325439 0.1126169
v 0.02496792 0.03377281 0.112597
v 0.02333089 0.03492377 0.1125865
v 0.0216407 0.03599556 0.1125825
v 0.01990168 0.03698545 0.1125814
v 0.0181183 0.03789099 0.1125815
v 0.01629445 0.03871035 0.112582
v 0.01443391 0.03944189 0.1125826
v 0.01254069 0.04008405 0.1125832
v 0.01061909 0.04063539 0.1125835
v 0.008673478 0.04109466 0.1125837
v 0.00670825 0.04146082 0.1125838
v 0.004727848 0.04173305 0.1125838
v 0.002736747 0.04191074 0.1125839
v 0.0007394519 0.04199349 0.1125839
v -0.001259517 0.04198111 0.1125839
v -0.003255632 0.04187363 0.1125839
v -0.005244373 0.04167129 0.1125839
v -0.007221233 0.04137455 0.1125839
v -0.009181734 0.04098409 0.1125839
v -0.01112144 0.04050079 0.1125839
v -0.01303594 0.03992573 0.1125839
v -0.01492092 0.03926024 0.1125839
v -0.0167721 0.0385058 0.1125839
v -0.01858528 0.03766414 0.1125839
v -0.02035636 0.03673715 0.1125839
v -0.02208133 0.03572695 0.1125839
v -0.02375628 0.03463581 0.1125839
v -0.02537741 0.03346621 0.1125839
v -0.02694105 0.0322208 0.1125839
v -0.02844366 0.0309024 0.1125839
v -0.02988184 0.02951399 0.1125839
v -0.03125233 0.02805873 0.1125839
v -0.03255202 0.0265399 0.1125839
v -0.03377796 0.02496095 0.1125839
v -0.03492739 0.02332546 0.1125839
v -0.0359977 0.02163713 0.1125839
v -0.03698647 0.01989978 0.1125839
v -0.03789144 0.01811735 0.1125839
v -0.03871058 0.01629389 0.1125839
v -0.03944203 0.01443351 0.1125839
v -0.04008413 0.01254043 0.1125839
v -0.04063543 0.01061895 0.1125839
v -0.04109467 0.008673408 0.1125839
v -0.04146082 0.00670822 0.1125839
v -0.04173305 0.004727837 0.1125839
v -0.04191074 0.002736743 0.1125839
v -0.04199349 0.0007394502 0.1125839
v -0.04198111 -0.001259518 0.1125839
v -0.04187363 -0.003255633 0.1125839
v -0.04167129 -0.005244373 0.1125839
v -0.04137455 -0.007221233 0.1125839
v -0.04098409 -0.009181734 0.1125839
v -0.04050079 -0.01112144 0.1125839
v -0.03992573 -0.01303594 0.1125839
v -0.03926024 -0.01492092 0.1125839
v -0.0385058 -0.0167721 0.1125839
v -0.03766414 -0.01858528 0.1125839
v -0.03673715 -0.02035636 0.1125839
v -0.03572695 -0.02208133 0.1125839
v -0.03463581 -0.02375628 0.1125839
v -0.03346621 -0.02537741 0.1125839
v -0.0322208 -0.02694105 0.1125839
v -0.0309024 -0.02844366 0.1125839
v -0.02951399 -0.02988184 0.1125839
v -0.02805873 -0.03125233 0.1125839
v -0.0265399 -0.03255202 0.1125839
v -0.02496095 -0.03377796 0.1125839
v -0.02332546 -0.03492739 0.1125839
v -0.02163713 -0.0359977 0.1125839
v -0.01989978 -0.03698647 0.1125839
v -0.01811735 -0.03789144 0.1125839
v -0.01629389 -0.03871058 0.1125839
v -0.01443351 -0.03944203 0.1125839
v -0.01254043 -0.04008413 0.1125839
v -0.01061895 -0.04063543 0.1125839
v -0.008673418 -0.04109467 0.1125839
v -0.006708238 -0.04146082 0.1125839
v -0.004727867 -0.04173305 0.1125839
v -0.002736791 -0.04191074 0.1125839
v -0.0007395224 -0.04199349 0.1125839
v 0.001259416 -0.04198111 0.112584
v 0.003255499 -0.04187364 0.112584
v 0.005244219 -0.04167131 0.112584
v 0.007221091 -0.04137458 0.1125839
v 0.009181676 -0.0409841 0.1125838
v 0.01112158 -0.04050075 0.1125834
v 0.01303645 -0.03992557 0.1125826
v 0.01492197 -0.03925984 0.1125815
v 0.01677384 -0.03850504 0.11258
v 0.01858785 -0.03766287 0.1125786
v 0.02036006 -0.0367351 0.1125782
v 0.0220869 -0.03572351 0.1125796
v 0.02376475 -0.03463 0.1125847
v 0.02538943 -0.03345709 0.1125984
v 0.02695814 -0.0322065 0.1126295
v 0.02847576 -0.03087282 0.1126822
v 0.02996119 -0.02943344 0.1127399
v 0.03143132 -0.02785807 0.1128041
v 0.03279988 -0.02623295 0.1131043
v -0.04195241 -0.001998878 0.03624776
v 0.03318451 -0.02574467 0.08458056
v 0.026778 -0.03235643 0.03818311
v -0.02012854 0.03686247 0.03798003
v 0.03318461 -0.02574455 0.08256438
v 0.01373728 -0.03968989 0.0362496
v 0.03266872 0.02639612 0.03822795
v 0.03282002 0.02620775 0.04051287
v 0.0328039 0.02622793 0.04255847
v 0.03279781 0.02623554 0.04460073
v 0.03280036 0.02623235 0.04664031
v 0.03280946 0.02622097 0.04867604
v 0.03281779 0.02621054 0.05070464
v 0.03282314 0.02620384 0.05272733
v 0.03282552 0.02620087 0.05474626
v 0.03282579 0.02620053 0.0567631
v 0.03282503 0.02620147 0.05877895
v 0.03282408 0.02620266 0.06079446
v 0.03282337 0.02620356 0.06280999
v 0.03282298 0.02620405 0.06482572
v 0.03282283 0.02620423 0.06684166
v 0.0328228 0.02620427 0.06885773
v 0.0328228 0.02620427 0.07087386
v 0.0328228 0.02620427 0.07289002
v 0.03282278 0.0262043 0.0749062
v 0.03282272 0.02620437 0.07692241
v 0.03282262 0.02620449 0.07893864
v 0.0328225 0.02620464 0.08095489
v 0.03282242 0.02620475 0.08297109
v 0.03282246 0.02620469 0.0849872
v 0.03282279 0.02620428 0.08700314
v 0.03282356 0.02620332 0.08901875
v 0.03282497 0.02620155 0.09103375
v 0.03282733 0.0261986 0.09304759
v 0.03283095 0.02619405 0.09505966
v 0.03283575 0.02618804 0.09706976
v 0.03284052 0.02618206 0.09907836
v 0.0328442 0.02617745 0.1010851
v 0.03284968 0.02617057 0.1030871
v 0.03286443 0.02615205 0.1050805
v 0.03289816 0.02610959 0.1070416
v 0.03304556 0.02592279 0.108783
v 0.03269747 0.02636049 0.1104339
v 0.01087071 0.0405688 0.0379804
v 0.03318348 -0.025746 0.09264222
v 0.03318462 -0.02574454 0.08054826
v -0.006964593 -0.04141853 0.03797991
v -0.03733103 -0.01924562 0.03971195
v 0.03307794 -0.02588146 0.04601925
v 0.03318372 -0.0257457 0.09062802
v 0.03318588 -0.02574291 0.06240452
v -0.0127883 0.04000574 0.03798009
v 0.0331743 -0.02575783 0.09867418
v 0.0331689 -0.02576478 0.05430461
v 0.03318398 -0.02574536 0.08861267
v 0.03314561 -0.02579474 0.05225456
v -0.03820509 0.01744624 0.0362476
v 0.03321845 -0.02570087 0.04207766
v -0.04000568 -0.01278851 0.03797993
v 0.03051092 -0.02886319 0.04062031
v -0.04157269 0.005975885 0.03971151
v -0.04056917 0.01086932 0.03797966
v 0.02750043 0.03174471 0.03972107
v 0.004986951 -0.04170288 0.03798086
v 0.0235448 0.03477991 0.03797503
v -0.007948213 -0.04124107 0.03971188
v -0.04180988 0.003991712 0.03624773
v 0.03318607 -0.02574266 0.06038766
v -0.03969037 0.01373588 0.03624769
v -0.03478221 -0.0235414 0.03797996
v 0.02434361 -0.03422556 0.03975661
v -0.01467741 0.03935192 0.03798008
v -0.02436231 -0.03421225 0.03971198
v 0.03322922 -0.02568695 0.04032822
v -0.02185959 -0.03586305 0.03797999
v -0.03421305 0.02436119 0.03971167
v -0.02354149 0.03478215 0.03798
v -0.02596285 0.03301409 0.03624799
v -0.004985894 -0.04170301 0.0379799
v -0.0303968 -0.02898335 0.03624797
v 0.03307918 -0.02587988 0.1066226
v -0.04029866 -0.01183291 0.03971189
v -0.01278827 -0.04000575 0.03797994
v 0.0108712 -0.04056867 0.0379826
v 0.0118332 -0.04029858 0.03624951
v -0.0099017 0.04081613 0.03971209
v 0.001998479 0.04195243 0.03971183
v 0.01373834 0.03968952 0.039714
v -0.01744746 0.03820453 0.03971206
v -0.02825207 0.03107766 0.03797995
v -0.02825169 -0.031078 0.03797997
v -0.03637398 0.02099841 0.03971151
v 0.001999247 -0.04195239 0.03971245
v 0.01835538 0.03777671 0.03798394
v 5.500964e-07 -0.042 0.03971206
v -0.007948353 0.04124104 0.03971208
v -0.0330142 -0.02596272 0.03624797
v -0.03039739 0.02898273 0.03971188
v -0.042 -5.249127e-07 0.03624773
v 0.003992374 0.04180982 0.03971178
v -0.03935187 -0.01467755 0.03797995
v 0.03116947 0.02815073 0.03808975
v 0.01653388 -0.03860869 0.03798297
v 0.03318426 -0.025745 0.08659668
v 0.03201461 -0.02718575 0.04082382
v -0.009901576 -0.04081616 0.03971189
v -0.04141843 -0.006965148 0.03797982
v 0.02271687 0.03532625 0.03971205
v 0.03310576 -0.02584587 0.05017429
v 0.007950178 -0.04124069 0.03971522
v -0.033015 0.0259617 0.03971176
v -0.04081604 -0.009902075 0.03971185
v -0.03637299 -0.02100012 0.03971195
v -0.03174214 0.02750339 0.03971183
v 0.02897652 0.03040331 0.03978967
v 0.03256384 -0.02652539 0.1109816
v -0.01924547 -0.03733111 0.03624799
v -0.04124127 0.007947189 0.03971153
v -0.005977018 0.04157253 0.03971207
v -0.01560979 0.03899147 0.03971207
v 0.02594932 -0.03302473 0.03986271
v 0.01183349 0.04029849 0.03971305
v -0.01183262 0.04029875 0.03971209
v -0.03733197 0.01924381 0.03971146
v 0.02101143 0.03636646 0.03971982
v 0.01924452 -0.0373316 0.03971854
v 0.0283237 -0.03101239 0.03834973
v 0.01653536 0.03860805 0.03798242
v -0.03820451 -0.01744751 0.03971195
v 0.008927843 0.04104015 0.03798007
v -0.002996075 0.041893 0.03798003
v 0.02597111 0.0330076 0.03625097
v -0.0259626 -0.03301429 0.03971197
v 0.03292982 -0.02606965 0.1086921
v 0.005978549 -0.04157231 0.03971393
v -0.01744738 -0.03820457 0.03624798
v 0.02099691 -0.03637485 0.03972256
v 0.03209129 -0.02709519 0.09565598
v 0.02596179 0.03301492 0.03968631
v 0.03209502 -0.02709076 0.0795401
v 0.02269809 -0.03533832 0.03973064
v -0.005976851 -0.04157255 0.03971187
v 0.02517368 0.03361973 0.03797063
v -0.03533355 0.02270551 0.03971158
v 0.03209503 -0.02709076 0.07147605
v -0.01373676 0.03969007 0.03971208
v -0.04170292 -0.004986612 0.03797976
v 0.03227372 -0.02687764 0.04287854
v -0.02270682 -0.03533271 0.03971198
v 0.0320478 -0.02714662 0.101653
v -0.001997993 -0.04195245 0.03971191
v 0.03209543 -0.02709028 0.06744442
v 0.03209496 -0.02709084 0.0775241
v 0.03200849 -0.02719295 0.1055277
v -0.03174145 -0.02750419 0.03624797
v -0.0009993783 0.04198811 0.03797999
v 0.03209504 -0.02709075 0.08357225
v -0.0389919 0.01560871 0.03624764
v 0.005977258 0.0415725 0.03971179
v 0.03209694 -0.02708849 0.05735986
v 0.03202333 -0.02717547 0.1036112
v 0.03209411 -0.02709185 0.08760458
v 0.03209494 -0.02709087 0.07550807
v 0.003993446 -0.04180972 0.03971309
v 0.03209603 -0.02708957 0.0654293
v -0.008927567 0.04104021 0.04144409
v -0.0192456 0.03733104 0.03971204
v 0.01278907 -0.0400055 0.03798276
v -0.01467737 -0.03935194 0.03797995
v 0.03209496 -0.02709084 0.07349201
v 0.03142966 0.02785994 0.110627
v 1.003131e-07 0.042 0.03971192
v 0.03004514 0.02934774 0.1108628
v 0.02860093 0.0307569 0.110932
v 0.02710308 0.03208463 0.1108864
v 0.02554682 0.03333706 0.1108432
v 0.02392735 0.03451785 0.1108231
v 0.02225196 0.03562092 0.1108144
v 0.02052731 0.03664191 0.1108108
v 0.0187581 0.03757836 0.11081
v 0.01694777 0.03842881 0.1108107
v 0.01509962 0.03919186 0.1108119
v 0.01321736 0.03986604 0.110813
v 0.01130521 0.04044987 0.1108137
v 0.009367552 0.04094202 0.1108142
v 0.007408745 0.04134139 0.1108144
v 0.005433203 0.04164709 0.1108145
v 0.003445382 0.04185844 0.1108145
v 0.001449769 0.04197497 0.1108145
v -0.0005491241 0.04199641 0.1108146
v -0.002546773 0.04192271 0.1108146
v -0.004538652 0.04175405 0.1108146
v -0.006520249 0.0414908 0.1108146
v -0.008487076 0.04113356 0.1108146
v -0.01043468 0.04068314 0.1108146
v -0.01235864 0.04014055 0.1108146
v -0.01425461 0.03950704 0.1108146
v -0.01611828 0.03878403 0.1108146
v -0.01794544 0.03797316 0.1108146
v -0.01973195 0.03707627 0.1108146
v -0.02147376 0.03609539 0.1108146
v -0.02316693 0.03503275 0.1108146
v -0.02480761 0.03389074 0.1108146
v -0.0263921 0.03267196 0.1108146
v -0.0279168 0.03137917 0.1108146
v -0.02937826 0.03001529 0.1108146
v -0.03077317 0.02858342 0.1108146
v -0.03209837 0.0270868 0.1108146
v -0.03335086 0.02552882 0.1108146
v -0.03452779 0.023913 0.1108146
v -0.03562651 0.02224302 0.1108146
v -0.03664452 0.02052265 0.1108146
v -0.03757952 0.01875579 0.1108146
v -0.03842939 0.01694644 0.1108146
v -0.03919221 0.0150987 0.1108146
v -0.03986624 0.01321676 0.1108146
v -0.04044997 0.01130487 0.1108146
v -0.04094206 0.009367381 0.1108146
v -0.0413414 0.00740867 0.1108146
v -0.0416471 0.005433175 0.1108146
v -0.04185844 0.003445372 0.1108146
v -0.04197497 0.001449765 0.1108146
v -0.04199641 -0.0005491267 0.1108146
v -0.04192271 -0.002546774 0.1108146
v -0.04175405 -0.004538653 0.1108146
v -0.0414908 -0.00652025 0.1108146
v -0.04113356 -0.008487076 0.1108146
v -0.04068314 -0.01043468 0.1108146
v -0.04014055 -0.01235864 0.1108146
v -0.03950704 -0.01425461 0.1108146
v -0.03878403 -0.01611828 0.1108146
v -0.03797316 -0.01794544 0.1108146
v -0.03707627 -0.01973195 0.1108146
v -0.03609539 -0.02147376 0.1108146
v -0.03503275 -0.02316693 0.1108146
v -0.03389074 -0.02480761 0.1108146
v -0.03267196 -0.0263921 0.1108146
v -0.03137917 -0.0279168 0.1108146
v -0.03001529 -0.02937826 0.1108146
v -0.02858342 -0.03077317 0.1108146
v -0.0270868 -0.03209837 0.1108146
v -0.02552882 -0.03335086 0.1108146
v -0.023913 -0.03452779 0.1108146
v -0.02224302 -0.03562651 0.1108146
v -0.02052265 -0.03664452 0.1108146
v -0.01875579 -0.03757952 0.1108146
v -0.01694644 -0.03842939 0.1108146
v -0.0150987 -0.03919221 0.1108146
v -0.01321676 -0.03986624 0.1108146
v -0.01130488 -0.04044997 0.1108146
v -0.009367394 -0.04094206 0.1108146
v -0.007408693 -0.0413414 0.1108146
v -0.005433216 -0.04164709 0.1108146
v -0.003445441 -0.04185844 0.1108146
v -0.001449875 -0.04197497 0.1108146
v 0.0005489587 -0.04199641 0.1108147
v 0.002546531 -0.04192273 0.1108147
v 0.004538322 -0.04175409 0.1108148
v 0.006519838 -0.04149086 0.1108148
v 0.008486632 -0.04113365 0.1108147
v 0.01043432 -0.04068323 0.1108144
v 0.01235857 -0.04014057 0.1108136
v 0.01425513 -0.03950685 0.1108122
v 0.01611973 -0.03878343 0.11081
v 0.01794809 -0.03797191 0.1108075
v 0.01973612 -0.03707406 0.110806
v 0.02148043 -0.03609143 0.110807
v 0.02317853 -0.03502507 0.1108115
v 0.02482682 -0.03387667 0.1108217
v 0.02641761 -0.03265134 0.1108507
v 0.02794494 -0.03135412 0.1109226
v 0.0294234 -0.02997104 0.1110371
v 0.03091685 -0.02842795 0.1110947
v -0.04189295 -0.002996805 0.03797971
v 0.03194189 -0.02727115 0.04904217
v 0.01467807 -0.03935167 0.03798271
v 0.03177966 0.02746003 0.03968078
v 0.009903381 -0.04081572 0.03971621
v 0.03169029 0.02756312 0.04152856
v 0.03167182 0.02758434 0.0435745
v 0.03166226 0.02759532 0.04562819
v 0.03167811 0.02757712 0.04768382
v 0.03169331 0.02755964 0.04972439
v 0.03170387 0.0275475 0.05175265
v 0.03170939 0.02754114 0.05377378
v 0.03171072 0.02753961 0.05579115
v 0.03170954 0.02754097 0.05780671
v 0.03170758 0.02754322 0.05982157
v 0.03170595 0.02754511 0.0618364
v 0.031705 0.0275462 0.06385161
v 0.03170462 0.02754664 0.06586727
v 0.03170453 0.02754674 0.06788324
v 0.03170454 0.02754672 0.06989934
v 0.03170456 0.0275467 0.07191548
v 0.03170455 0.02754671 0.07393166
v 0.03170449 0.02754678 0.07594789
v 0.03170436 0.02754693 0.0779642
v 0.03170414 0.02754718 0.07998057
v 0.03170389 0.02754747 0.08199698
v 0.03170373 0.02754766 0.08401336
v 0.03170389 0.02754747 0.08602964
v 0.03170466 0.02754658 0.08804571
v 0.0317063 0.0275447 0.09006137
v 0.0317091 0.02754147 0.09207604
v 0.03171368 0.02753621 0.09408845
v 0.03172088 0.02752791 0.09609715
v 0.03173029 0.02751706 0.09810223
v 0.03173773 0.02750849 0.1001064
v 0.0317402 0.02750563 0.1021107
v 0.03174857 0.02749597 0.104115
v 0.03178294 0.02745623 0.1061546
v 0.03183987 0.02739019 0.1084724
v 0.03186591 -0.02735989 0.04684375
v 0.03209476 -0.02709107 0.08558849
v 0.03209259 -0.02709364 0.09364651
v 0.03209516 -0.0270906 0.06946015
v 0.03209509 -0.02709068 0.08155615
v 0.03209291 -0.02709327 0.09163448
v 0.03209682 -0.02708863 0.06341406
v 0.03209775 -0.02708753 0.06139853
v 0.03207247 -0.02711746 0.09966714
v 0.03208937 -0.02709746 0.05532878
v 0.03209346 -0.02709262 0.08962028
v 0.03206855 -0.02712209 0.05327923
v -0.04180994 0.003991063 0.03971151
v 0.02672459 0.03240056 0.04138826
v -0.01653333 0.03860892 0.04144407
v -0.03860955 0.01653187 0.03797955
v -0.003992162 0.04180984 0.03971204
v -0.02516988 0.03362257 0.03797998
v -0.04000608 0.01278726 0.03797964
v -0.03362267 -0.02516974 0.03797995
v 0.02750777 -0.03173834 0.0400909
v 0.009902176 0.04081601 0.03971231
v 0.02188512 0.03584748 0.04145707
v 0.03195405 -0.02725691 0.0446995
v -0.02012839 -0.03686256 0.03797998
v -0.02354118 -0.03478236 0.04144397
v 0.03208622 -0.02710119 0.09766442
v -0.02270712 0.03533252 0.039712
v 0.00299747 -0.0418929 0.04144501
v 0.03197333 -0.02723428 0.1074178
v -0.003991947 -0.04180986 0.03971186
v -0.02674126 0.03238681 0.03797997
v -0.03820533 0.0174457 0.03971146
v -0.03969 -0.01373695 0.03971192
v 0.006967299 -0.04141807 0.04144817
v -0.03686241 -0.02012865 0.04144392
v -0.01183251 -0.04029878 0.0397119
v -0.04170317 0.004984512 0.04144338
v 0.01561228 0.03899047 0.03971486
v 0.02012551 -0.03686413 0.0414546
v 0.0250946 -0.03367879 0.04147741
v 0.03209838 -0.02708678 0.05938172
v -0.02750407 -0.03174155 0.03971196
v 0.02901865 -0.03036311 0.04037766
v -0.01087025 0.04056892 0.0414441
v -0.04198809 -0.001000212 0.03797966
v 0.00100026 -0.04198809 0.04144429
v -0.02898378 0.03039639 0.03971192
v -0.04000565 -0.01278858 0.04144387
v 0.0282014 0.03112364 0.04148769
v -0.03107868 0.02825094 0.04144383
v 0.002996197 0.04189299 0.04144362
v 0.02436584 0.03420974 0.03969366
v 0.03050107 0.02887359 0.04015143
v 0.01744755 -0.03820449 0.03971681
v -0.04195246 0.001997844 0.03624772
v 0.01835039 -0.03777914 0.04145113
v 0.03202219 -0.02717682 0.0511942
v -0.03362366 0.02516842 0.04144367
v 0.01925386 0.03732679 0.03971909
v 0.01278998 0.0400052 0.04144657
v -0.008927314 -0.04104026 0.04144384
v -0.04124095 -0.007948856 0.0397118
v -0.02100014 0.03637298 0.03971202
v -0.03586405 0.02185795 0.04144349
v 0.03107999 -0.0282495 0.04280087
v 0.01183395 -0.04029836 0.03971683
v -0.04056883 -0.0108706 0.04144383
v -0.03533256 -0.02270705 0.03971194
v -0.02969843 -0.02969854 0.03797996
v -0.04141878 0.006963122 0.04144338
v -0.006964663 0.04141852 0.04144407
v -0.03777845 -0.01835181 0.04144393
v -0.02516954 -0.03362282 0.04144397
v 0.007948644 0.04124099 0.03971192
v -0.03478327 0.02353984 0.04144358
v -0.01653321 -0.03860898 0.03797996
v 0.02351608 -0.03479934 0.04147168
v -0.04081642 0.009900493 0.03971155
v -0.01835176 0.03777847 0.04144405
v 0.01467997 0.03935097 0.04144777
v 0.008930408 -0.04103959 0.04145025
v -0.03686354 0.02012659 0.04144343
v 0.0296483 -0.02974858 0.04260444
v 0.02356142 0.03476866 0.0414381
v -0.0296991 0.02969787 0.04144387
v 0.0009995406 0.0419881 0.04144377
v -0.006964408 -0.04141856 0.04144384
v 0.03094853 -0.02839346 0.08861241
v 0.02185231 -0.03586749 0.04146231
v -0.04189305 0.002995327 0.03797962
v -0.0009989595 -0.04198812 0.04144397
v 0.02014686 0.03685246 0.0414559
v -0.02099989 -0.03637313 0.03971197
v -0.02185949 -0.03586311 0.04144396
v 0.03085538 -0.02849466 0.1026458
v 0.03095078 -0.028391 0.07248405
v -0.02436265 0.034212 0.03971198
v -0.04195249 0.001997228 0.03971152
v -0.04157244 -0.005977678 0.03971174
v 0.03095084 -0.02839094 0.08457987
v -0.001998281 0.04195244 0.039712
v -0.03586288 -0.02185987 0.04144391
v -0.0418931 0.002994622 0.04144339
v 0.03094516 -0.02839713 0.09665332
v 0.03081897 -0.02853403 0.05012301
v 0.01745188 0.03820251 0.03971642
v -0.03899142 -0.0156099 0.03971194
v 0.00498816 -0.04170274 0.0414464
v 0.03095091 -0.02839086 0.08054785
v 0.03095069 -0.0283911 0.07651607
v 0.03095172 -0.02838998 0.06643742
v -0.03421326 0.02436089 0.04317559
v -0.03935185 -0.01467761 0.0414439
v -0.01373664 -0.03969011 0.03971192
v 0.03095071 -0.02839108 0.07450008
v 0.02516836 0.0336237 0.0413866
v 0.02664648 -0.03246483 0.04171383
v 0.02910676 0.03027865 0.1092575
v 0.02768164 0.03158682 0.1091291
v 0.02616294 0.03285575 0.1090376
v 0.02455646 0.03407316 0.1090054
v 0.02289127 0.03521349 0.108988
v 0.02117895 0.03626916 0.108978
v 0.01942351 0.03723879 0.1089744
v 0.01762709 0.03812199 0.1089748
v 0.01579208 0.03891799 0.1089769
v 0.01392161 0.03962561 0.108979
v 0.01201974 0.04024333 0.1089807
v 0.01009086 0.04076978 0.1089816
v 0.008139289 0.04120379 0.1089822
v 0.006169394 0.04154442 0.1089824
v 0.004185595 0.04179092 0.1089825
v 0.002192347 0.04194274 0.1089825
v 0.0001941442 0.04199955 0.1089825
v -0.001804497 0.04196122 0.1089825
v -0.00379905 0.04182783 0.1089826
v -0.005784997 0.04159969 0.1089826
v -0.007757838 0.04127731 0.1089826
v -0.009713104 0.04086142 0.1089826
v -0.01164637 0.04035297 0.1089826
v -0.01355325 0.03975311 0.1089826
v -0.01542943 0.03906319 0.1089826
v -0.01727065 0.03828478 0.1089826
v -0.01907275 0.03741965 0.1089826
v -0.02083165 0.03646975 0.1089826
v -0.02254335 0.03543723 0.1089826
v -0.02420399 0.03432444 0.1089826
v -0.0258098 0.03313389 0.1089826
v -0.02735714 0.03186828 0.1089826
v -0.0288425 0.03053048 0.1089826
v -0.03026253 0.02912351 0.1089826
v -0.03161401 0.02765058 0.1089826
v -0.03289387 0.026115 0.1089826
v -0.03409921 0.02452027 0.1089826
v -0.03522731 0.02286999 0.1089826
v -0.03627561 0.0211679 0.1089826
v -0.03724173 0.01941786 0.1089826
v -0.03812349 0.01762384 0.1089826
v -0.03891888 0.01578989 0.1089826
v -0.03962611 0.01392017 0.1089826
v -0.04024358 0.01201891 0.1089826
v -0.04076988 0.01009043 0.1089826
v -0.04120382 0.008139097 0.1089826
v -0.04154443 0.006169321 0.1089826
v -0.04179092 0.00418557 0.1089826
v -0.04194274 0.002192337 0.1089826
v -0.04199955 0.0001941374 0.1089826
v -0.04196122 -0.001804502 0.1089826
v -0.04182783 -0.003799053 0.1089826
v -0.04159969 -0.005784998 0.1089826
v -0.04127731 -0.007757838 0.1089826
v -0.04086142 -0.009713104 0.1089826
v -0.04035297 -0.01164637 0.1089826
v -0.03975311 -0.01355325 0.1089826
v -0.03906319 -0.01542943 0.1089826
v -0.03828478 -0.01727065 0.1089826
v -0.03741965 -0.01907275 0.1089826
v -0.03646975 -0.02083165 0.1089826
v -0.03543723 -0.02254335 0.1089826
v -0.03432444 -0.02420399 0.1089826
v -0.03313389 -0.0258098 0.1089826
v -0.03186828 -0.02735714 0.1089826
v -0.03053048 -0.0288425 0.1089826
v -0.02912351 -0.03026253 0.1089826
v -0.02765058 -0.03161401 0.1089826
v -0.026115 -0.03289387 0.1089826
v -0.02452027 -0.03409921 0.1089826
v -0.02286999 -0.03522731 0.1089826
v -0.0211679 -0.03627561 0.1089826
v -0.01941787 -0.03724173 0.1089826
v -0.01762384 -0.03812349 0.1089826
v -0.01578989 -0.03891888 0.1089826
v -0.01392017 -0.03962611 0.1089826
v -0.01201892 -0.04024358 0.1089826
v -0.01009045 -0.04076988 0.1089826
v -0.008139125 -0.04120382 0.1089826
v -0.006169373 -0.04154442 0.1089826
v -0.004185661 -0.04179091 0.1089826
v -0.002192491 -0.04194273 0.1089827
v -0.0001943873 -0.04199955 0.1089827
v 0.001804115 -0.04196123 0.1089828
v 0.00379848 -0.04182788 0.1089829
v 0.005784195 -0.0415998 0.108983
v 0.007756785 -0.0412775 0.1089831
v 0.009711849 -0.04086172 0.108983
v 0.01164509 -0.04035334 0.1089824
v 0.01355232 -0.03975342 0.1089809
v 0.01542941 -0.0390632 0.1089781
v 0.01727218 -0.03828409 0.1089741
v 0.01907631 -0.03741784 0.1089704
v 0.02083782 -0.03646622 0.1089705
v 0.02255494 -0.03542986 0.1089773
v 0.02422887 -0.03430688 0.1089871
v 0.02585575 -0.03309804 0.1089989
v 0.02741244 -0.03182072 0.1090551
v 0.02887638 -0.03049844 0.1092205
v 0.03026112 -0.02912498 0.1094526
v -0.04180976 -0.003993004 0.03971167
v -0.03860888 -0.01653343 0.04144392
v 0.03044049 -0.02893745 0.04517953
v 0.0108711 0.0405687 0.04144501
v 0.03052385 0.02884952 0.04249844
v 0.03044193 0.02893595 0.04458924
v 0.03047736 0.02889863 0.04669825
v 0.0305033 0.02887125 0.04876008
v 0.03052209 0.02885137 0.0507953
v 0.03053404 0.02883873 0.05281856
v 0.03053837 0.02883415 0.05483612
v 0.03053701 0.02883559 0.05685086
v 0.0305332 0.02883962 0.05886432
v 0.03052961 0.02884343 0.06087767
v 0.03052738 0.02884578 0.06289173
v 0.03052643 0.02884678 0.06490677
v 0.0305262 0.02884703 0.0669225
v 0.03052622 0.02884701 0.06893853
v 0.03052628 0.02884695 0.07095465
v 0.03052631 0.02884691 0.07297079
v 0.03052628 0.02884694 0.07498701
v 0.03052615 0.02884709 0.07700335
v 0.03052585 0.0288474 0.07901984
v 0.03052538 0.0288479 0.08103651
v 0.03052485 0.02884846 0.08305331
v 0.03052459 0.02884874 0.08507014
v 0.03052511 0.02884818 0.08708693
v 0.03052696 0.02884623 0.08910364
v 0.03053039 0.0288426 0.09112009
v 0.03053566 0.02883701 0.09313506
v 0.03054421 0.02882796 0.09514538
v 0.03055857 0.02881274 0.09714734
v 0.03057754 0.0287926 0.09914157
v 0.03058596 0.02878366 0.1011374
v 0.03057629 0.02879394 0.1031321
v 0.03059096 0.02877835 0.1051027
v 0.03067203 0.02869193 0.1070709
v 0.03065318 -0.02871206 0.0478527
v 0.03095004 -0.02839181 0.08659623
v 0.03094641 -0.02839577 0.09464765
v 0.03095091 -0.02839087 0.07046821
v 0.03095105 -0.02839071 0.08256379
v 0.03094612 -0.02839608 0.09263929
v -0.03238786 0.02673998 0.04144376
v 0.03095285 -0.02838875 0.06442322
v 0.03095813 -0.028383 0.05838021
v 0.0309545 -0.02838696 0.06240924
v -0.01835159 -0.03777856 0.03797997
v 0.03095636 -0.02838492 0.06039519
v -0.0310779 -0.0282518 0.03797995
v 0.03090508 -0.02844075 0.1006605
v 0.03095639 -0.02838489 0.05635946
v 0.03094698 -0.02839514 0.09062736
v 0.03094497 -0.02839734 0.05432628
v 0.03095077 -0.02839101 0.07853201
v 0.004986157 0.04170298 0.04144357
v 0.03095117 -0.02839058 0.06845248
v 0.0309097 -0.02843573 0.05226373
v -0.04198813 0.0009986684 0.03797963
v 0.0209969 -0.03637486 0.04319254
v -0.03935238 0.01467617 0.03797959
v -0.004986002 0.04170299 0.04144405
v -0.02750454 0.03174115 0.03971194
v -0.03174236 0.02750314 0.04317576
v -0.03899212 0.01560817 0.03971149
v 0.02948487 0.02991057 0.04148546
v -0.01467745 0.03935191 0.04144408
v -0.04029912 0.01183134 0.03971155
v -0.01278833 0.04000573 0.04144409
v -0.03238696 -0.02674107 0.03797995
v 0.01373945 0.03968914 0.04318153
v 0.03082439 -0.02852818 0.1045755
v -0.03637419 0.02099805 0.04317541
v -0.02354162 0.03478206 0.04144397
v -0.01744753 0.0382045 0.04317606
v -0.04181001 0.003990355 0.04317526
v -0.002995764 -0.04189302 0.04144386
v 0.01087275 -0.04056825 0.04145203
v 0.03166402 -0.02759329 0.1093656
v -0.01087001 -0.04056899 0.04144385
v -0.03777947 0.01834971 0.04144339
v -0.03637288 -0.02100032 0.04317588
v 0.0309355 -0.02840766 0.09865976
v 0.005980666 -0.04157201 0.04318091
v -0.009901736 0.04081612 0.0431761
v -0.02674087 -0.03238712 0.04144396
v 0.003994498 -0.04180962 0.04317824
v 0.0227658 0.03529473 0.04320292
v 0.02594324 0.03302951 0.04300505
v -0.02270668 -0.0353328 0.04317595
v -0.03533378 0.02270516 0.04317549
v -0.04195239 -0.001999316 0.0397116
v 0.001999622 -0.04195237 0.04317677
v -0.03039759 0.02898252 0.04317582
v -0.0009993832 0.04198811 0.04144391
v -0.03968998 -0.01373702 0.04317586
v 0.02747671 0.03176524 0.04309367
v 0.01653273 -0.03860918 0.04145114
v 0.03049817 0.02887666 0.1090512
v -0.0410401 -0.008928038 0.04144378
v 0.01924114 -0.03733335 0.04318513
v -0.02185988 0.03586287 0.041444
v 0.02575489 -0.03317659 0.04307634
v 0.01373765 -0.03968976 0.03971675
v -0.04029865 -0.01183296 0.04317582
v 0.0156103 -0.03899126 0.03971662
v -0.03421209 -0.02436254 0.03971193
v -0.02898323 -0.03039691 0.03971195
v -0.03301521 0.02596143 0.04317568
v -0.007947984 -0.04124111 0.04317581
v -0.0415728 0.005975123 0.04317524
v -0.007948382 0.04124104 0.04317609
v -0.03733096 -0.01924577 0.0431759
v 0.01653753 0.03860712 0.04144876
v -0.0243622 -0.03421233 0.04317596
v 0.006964883 0.04141848 0.04144365
v -0.009901331 -0.04081622 0.04317579
v -0.01560964 -0.03899153 0.03971193
v 0.003992098 0.04180985 0.04317523
v 0.02433793 -0.03422959 0.04321974
v -0.04104055 0.008925995 0.0414434
v -0.02012862 0.03686243 0.04144402
v 0.02813386 -0.0311847 0.04218084
v -0.02825226 0.03107748 0.04144391
v -0.01560984 0.03899145 0.04317608
v 0.01183411 0.04029831 0.0431789
v 0.03085463 -0.02849547 0.1063948
v 0.007952807 -0.04124019 0.04318429
v 0.02103923 0.03635039 0.04319485
v 0.001998315 0.04195243 0.04317547
v -0.042 -1.082048e-06 0.03971154
v 0.02975386 -0.02964301 0.08558705
v -0.04141841 -0.006965318 0.04144372
v -0.03969056 0.01373533 0.03971154
v -0.04195252 0.001996567 0.0431753
v -0.01924569 0.037331 0.04317604
v -0.01924538 -0.03733116 0.03971196
v -0.02012827 -0.03686262 0.04144395
v 0.02975423 -0.02964263 0.08155522
v -0.02517003 0.03362245 0.04144395
v -0.03733217 0.01924342 0.04317536
v 0.02955826 -0.02983805 0.1037156
v -0.025963 0.03301398 0.03971196
v -0.004985728 -0.04170303 0.04144384
v -0.002996067 0.041893 0.041444
v 0.02976485 -0.02963197 0.05939756
v 6.999782e-07 -0.042 0.04317614
v 0.02969616 -0.02970081 0.0512908
v -0.03533241 -0.02270728 0.04317587
v 0.02974934 -0.02964754 0.09764446
v 0.02959565 0.02980097 0.1077592
v -0.01183266 0.04029874 0.04317611
v 0.01836131 0.03777383 0.04145137
v 0.004990154 -0.0417025 0.04491275
v 0.02975372 -0.02964314 0.077524
v -0.03174137 -0.02750428 0.03971192
v -0.02099973 -0.03637322 0.04317593
v -0.03478346 0.02353956 0.04490752
v 0.02270535 -0.03533366 0.04320815
v -0.03899139 -0.01560998 0.04317589
v -0.01278808 -0.04000581 0.04144386
v 0.01744328 -0.03820644 0.04318541
v 0.02975576 -0.0296411 0.06543138
v 0.02975372 -0.02964315 0.07550814
v 0.02440784 0.03417978 0.04315134
v 0.02833945 0.030998 0.1074086
v -0.03478211 -0.02354156 0.0414439
v 0.02867817 -0.03068489 0.04448872
v 0.02686991 0.03228015 0.1072068
v 0.02524251 0.03356807 0.1071759
v 0.02357389 0.0347602 0.107143
v 0.02187012 0.03585663 0.1071163
v 0.02012753 0.03686302 0.1071044
v 0.01834499 0.03778176 0.1071033
v 0.01652359 0.03861309 0.1071068
v 0.01466564 0.03935631 0.107111
v 0.01277488 0.04001003 0.1071143
v 0.01085567 0.04057283 0.1071164
v 0.008912267 0.04104353 0.1071176
v 0.006948939 0.04142116 0.1071182
v 0.004970042 0.0417049 0.1071184
v 0.002979974 0.04189415 0.1071185
v 0.0009831834 0.04198849 0.1071185
v -0.001015829 0.04198771 0.1071185
v -0.003012539 0.04189182 0.1071185
v -0.005002423 0.04170103 0.1071186
v -0.006980974 0.04141577 0.1071186
v -0.008943709 0.04103669 0.1071186
v -0.01088618 0.04056465 0.1071186
v -0.012804 0.04000072 0.1071186
v -0.01469281 0.03934617 0.1071186
v -0.01654833 0.0386025 0.1071186
v -0.01836637 0.03777137 0.1071186
v -0.0201428 0.03685468 0.1071186
v -0.0218736 0.03585451 0.1071186
v -0.02355485 0.03477311 0.1071186
v -0.02518274 0.03361294 0.1071186
v -0.02675359 0.03237662 0.1071186
v -0.02826382 0.03106696 0.1071186
v -0.02971004 0.02968693 0.1071186
v -0.03108895 0.02823964 0.1071186
v -0.03239743 0.02672838 0.1071186
v -0.03363252 0.02515658 0.1071186
v -0.03479143 0.02352778 0.1071186
v -0.03587152 0.02184569 0.1071186
v -0.03687035 0.02011411 0.1071186
v -0.03778565 0.01833697 0.1071186
v -0.03861536 0.01651829 0.1071186
v -0.0393576 0.01466218 0.1071186
v -0.04001067 0.01277287 0.1071186
v -0.04057311 0.01085462 0.1071186
v -0.04104364 0.008911774 0.1071186
v -0.04142119 0.006948745 0.1071186
v -0.04170491 0.004969975 0.1071186
v -0.04189415 0.002979946 0.1071186
v -0.04198849 0.0009831661 0.1071186
v -0.04198771 -0.00101584 0.1071186
v -0.04189182 -0.003012545 0.1071186
v -0.04170103 -0.005002426 0.1071186
v -0.04141577 -0.006980974 0.1071186
v -0.04103669 -0.008943709 0.1071186
v -0.04056465 -0.01088618 0.1071186
v -0.04000072 -0.012804 0.1071186
v -0.03934617 -0.01469281 0.1071186
v -0.0386025 -0.01654833 0.1071186
v -0.03777137 -0.01836637 0.1071186
v -0.03685468 -0.0201428 0.1071186
v -0.03585451 -0.0218736 0.1071186
v -0.03477311 -0.02355485 0.1071186
v -0.03361294 -0.02518274 0.1071186
v -0.03237662 -0.02675359 0.1071186
v -0.03106696 -0.02826383 0.1071186
v -0.02968693 -0.02971004 0.1071186
v -0.02823964 -0.03108895 0.1071186
v -0.02672838 -0.03239743 0.1071186
v -0.02515658 -0.03363252 0.1071186
v -0.02352779 -0.03479143 0.1071186
v -0.02184569 -0.03587152 0.1071186
v -0.02011411 -0.03687035 0.1071186
v -0.01833697 -0.03778565 0.1071186
v -0.01651829 -0.03861536 0.1071186
v -0.01466219 -0.03935759 0.1071186
v -0.01277287 -0.04001067 0.1071186
v -0.01085463 -0.04057311 0.1071186
v -0.008911806 -0.04104363 0.1071186
v -0.006948806 -0.04142118 0.1071186
v -0.004970089 -0.04170489 0.1071186
v -0.002980148 -0.04189414 0.1071187
v -0.0009835094 -0.04198848 0.1071187
v 0.001015282 -0.04198773 0.1071189
v 0.003011672 -0.04189188 0.107119
v 0.005001115 -0.04170119 0.1071193
v 0.006979088 -0.04141609 0.1071195
v 0.008941133 -0.04103725 0.1071196
v 0.01088291 -0.04056553 0.1071194
v 0.01280027 -0.04000191 0.1071184
v 0.01468927 -0.03934749 0.1071158
v 0.01654611 -0.03860345 0.1071108
v 0.01836674 -0.03777119 0.1071036
v 0.02014656 -0.03685263 0.1070988
v 0.02188098 -0.03585 0.107107
v 0.02357261 -0.03476107 0.1071328
v 0.02523644 -0.03357264 0.1071466
v 0.02687521 -0.03227574 0.107125
v 0.02841003 -0.03093332 0.1072505
v -0.04170289 -0.004986886 0.04144364
v 0.008927965 0.04104012 0.04144402
v 0.02906201 0.03032161 0.0434458
v 0.02708248 -0.03210201 0.04384218
v 0.03092495 -0.02841914 0.1080453
v 0.02920638 0.03018256 0.04574308
v 0.02924458 0.03014555 0.04782796
v 0.02927311 0.03011785 0.04986255
v 0.02929758 0.03009405 0.05188419
v 0.02930965 0.03008229 0.05390006
v 0.02930949 0.03008245 0.05591254
v 0.02930257 0.03008919 0.05792302
v 0.02929496 0.0300966 0.0599332
v 0.02928995 0.03010148 0.06194481
v 0.0292877 0.03010366 0.06395848
v 0.0292871 0.03010425 0.0659737
v 0.02928712 0.03010423 0.06798962
v 0.02928725 0.0301041 0.07000568
v 0.02928737 0.03010398 0.07202175
v 0.02928743 0.03010393 0.07403787
v 0.02928736 0.03010399 0.07605414
v 0.02928705 0.03010429 0.07807067
v 0.02928639 0.03010493 0.08008756
v 0.02928538 0.03010592 0.08210486
v 0.02928432 0.03010695 0.08412253
v 0.02928398 0.03010728 0.08614045
v 0.02928558 0.03010573 0.08815859
v 0.02929004 0.03010138 0.09017725
v 0.02929701 0.0300946 0.0921967
v 0.02930607 0.03008578 0.09421445
v 0.0293212 0.03007104 0.09622238
v 0.02935059 0.03004235 0.09821036
v 0.02939181 0.03000202 0.100179
v 0.02938595 0.03000776 0.1021635
v 0.02931882 0.03007336 0.1041498
v 0.02937246 0.03002097 0.1060442
v 0.02952536 -0.0298706 0.04913824
v -0.03301412 -0.02596282 0.03971192
v 0.02974779 -0.02964909 0.09564411
v 0.02975395 -0.02964292 0.07147623
v 0.02975446 -0.0296424 0.08357084
v 0.02974434 -0.02965256 0.09364183
v -0.005976655 -0.04157258 0.04317583
v 0.02975777 -0.02963908 0.06341837
v 0.02975383 -0.02964303 0.07349212
v 0.02974808 -0.0296488 0.08962032
v -0.01744728 -0.03820461 0.03971195
v 0.02976104 -0.0296358 0.0614081
v -0.03039673 -0.02898342 0.03971193
v 0.029669 -0.02972794 0.1016728
v 0.02976835 -0.02962845 0.05738733
v 0.02974492 -0.02965198 0.0916339
v 0.0297674 -0.02962941 0.05537442
v 0.0297539 -0.02964296 0.07953972
v 0.02975418 -0.02964268 0.06946048
v 0.0297516 -0.02964528 0.0533512
v 0.02917156 -0.03021622 0.04683521
v 0.02975197 -0.02964491 0.0876039
v -0.005977039 0.04157253 0.04317606
v -0.01653341 0.03860889 0.04490809
v 0.006970683 -0.0414175 0.04491753
v 0.00990228 0.04081599 0.04317643
v -0.04056935 0.01086865 0.04144342
v -0.0137368 0.03969005 0.0431761
v -0.001997895 -0.04195245 0.04317591
v -0.02436281 0.03421189 0.04317595
v -0.03686371 0.02012627 0.04490735
v 0.02955823 -0.02983808 0.1057173
v 0.01279098 0.04000488 0.04491531
v 0.01467797 -0.03935171 0.04145205
v -0.03238805 0.02673975 0.0449077
v 0.01278994 -0.04000522 0.04145274
v -0.03860977 0.01653136 0.0414434
v -0.02674143 0.03238666 0.04144393
v 0.02664585 0.03246534 0.04443014
v -0.03586271 -0.02186015 0.04490782
v 0.009906335 -0.040815 0.04318816
v -0.04198814 0.0009980172 0.04144342
v 0.01561379 0.03898986 0.04318282
v -0.0259625 -0.03301437 0.04317595
v 0.0192645 0.03732129 0.04318578
v -0.006964141 -0.0414186 0.04490782
v -0.02185927 -0.03586325 0.04490791
v 0.02186028 -0.03586263 0.04493111
v -0.04189292 -0.002997219 0.04144356
v 0.002998288 -0.04189284 0.04490972
v 0.02193864 0.03581475 0.04493702
v -0.03107887 0.02825074 0.04490777
v -0.01183225 -0.04029886 0.0431758
v 0.0297547 -0.02964216 0.06744563
v 0.02529948 0.03352516 0.04482748
v 0.02368688 0.03468331 0.04497986
v 0.00597702 0.04157253 0.0431752
v -0.01087031 0.04056891 0.04490813
v 0.02011608 -0.03686928 0.044917
v 0.02977935 -0.0296174 0.1076356
v 0.02973237 -0.02966456 0.09964988
v -0.03820446 -0.01744762 0.0431759
v -0.04189315 0.002993996 0.04490717
v -0.02270725 0.03533243 0.04317597
v 0.002995669 0.04189303 0.04490686
v -0.04000563 -0.01278865 0.0449078
v 2.71114e-08 0.042 0.04317573
v -0.04170326 0.004983804 0.04490711
v -0.02825161 -0.03107807 0.04144394
v -0.03362385 0.02516817 0.04490761
v -0.003991795 -0.04180987 0.04317586
v 0.02548143 -0.03338708 0.04498031
v -0.03586423 0.02185766 0.04490743
v -0.04081602 -0.009902148 0.04317577
v -0.008927615 0.0410402 0.04490811
v -0.03686228 -0.02012888 0.04490784
v -0.02354101 -0.03478248 0.04490793
v -0.008927028 -0.04104032 0.04490775
v -0.01467719 -0.039352 0.04144388
v -0.02898398 0.0303962 0.04317587
v -0.04124142 0.007946422 0.04317523
v -0.01835185 0.03777843 0.04490806
v 0.01560809 -0.03899215 0.04318907
v -0.03935181 -0.0146777 0.04490784
v 0.01468134 0.03935045 0.04491913
v 0.004985504 0.04170305 0.04490657
v 0.02851281 -0.03083861 0.05242661
v -0.03637436 0.02099777 0.04663936
v -0.042 -1.664356e-06 0.04317536
v 0.02851364 -0.03083784 0.06241813
v -0.03777964 0.01834935 0.04490728
v -0.01835145 -0.03777862 0.04144393
v -0.02596317 0.03301384 0.04317592
v -0.003992171 0.04180984 0.04317601
v 0.01087126 0.04056865 0.04491055
v 0.02851927 -0.03083263 0.06041136
v 0.02850588 -0.03084502 0.08659342
v 0.001000538 -0.04198808 0.04490848
v 0.0235912 -0.03474846 0.04495671
v -0.01924519 -0.03733126 0.0431759
v -0.0347819 -0.02354186 0.04490781
v -0.03107778 -0.02825193 0.0414439
v 0.02850688 -0.03084409 0.06845337
v -0.02012801 -0.03686276 0.04490787
v 0.01745502 0.03820108 0.04318322
v -0.004985514 -0.04170305 0.04490787
v 0.02850631 -0.03084461 0.07248424
v -0.03820553 0.01744527 0.04317532
v 0.007948536 0.04124101 0.04317548
v -0.04124092 -0.007948977 0.0431757
v 0.02016087 0.0368448 0.04491455
v 0.02850591 -0.03084498 0.07651628
v 0.02788695 0.0314057 0.04499598
v 0.02850777 -0.03084326 0.06643906
v 0.01833784 -0.03778523 0.04491699
v -0.01278838 0.04000571 0.04490813
v -0.02100026 0.03637292 0.04317601
v 0.02780109 0.03148173 0.1052834
v 0.02734331 -0.03188014 0.04621291
v 0.02851436 -0.03083717 0.09862403
v 0.0259926 0.03299068 0.1053766
v 0.02430391 0.03425376 0.1053131
v 0.02261038 0.0353945 0.1052452
v 0.02088097 0.03644153 0.1052126
v 0.01911092 0.03740017 0.1052074
v 0.01730233 0.03827048 0.1052131
v 0.01545691 0.03905232 0.105221
v 0.01357776 0.03974474 0.1052275
v 0.01166898 0.04034644 0.1052319
v 0.009734647 0.04085629 0.1052345
v 0.007778859 0.04127335 0.1052358
v 0.005805852 0.04159678 0.1052363
v 0.003819915 0.04182593 0.1052365
v 0.001825402 0.04196031 0.1052366
v -0.000173233 0.04199964 0.1052366
v -0.002171473 0.04194383 0.1052366
v -0.004164789 0.041793 0.1052367
v -0.006148667 0.04154749 0.1052367
v -0.008118613 0.04120786 0.1052367
v -0.01007017 0.04077489 0.1052367
v -0.01199891 0.04024955 0.1052367
v -0.01390047 0.03963303 0.1052367
v -0.01577054 0.03892673 0.1052367
v -0.01760489 0.03813224 0.1052367
v -0.01939935 0.03725138 0.1052367
v -0.02114987 0.03628613 0.1052367
v -0.02285248 0.03523868 0.1052367
v -0.02450332 0.0341114 0.1052367
v -0.02609865 0.03290685 0.1052367
v -0.02763486 0.03162775 0.1052367
v -0.02910846 0.03027701 0.1052367
v -0.03051613 0.02885768 0.1052367
v -0.03185467 0.02737298 0.1052367
v -0.03312105 0.02582627 0.1052367
v -0.0343124 0.02422105 0.1052367
v -0.03542602 0.02256096 0.1052367
v -0.03645939 0.02084977 0.1052367
v -0.03741016 0.01909135 0.1052367
v -0.03827619 0.01728968 0.1052367
v -0.03905552 0.01544884 0.1052367
v -0.03974636 0.01357301 0.1052367
v -0.04034718 0.01166642 0.1052367
v -0.04085659 0.009733415 0.1052367
v -0.04127344 0.007778356 0.1052367
v -0.0415968 0.005805675 0.1052367
v -0.04182593 0.003819843 0.1052367
v -0.04196032 0.001825358 0.1052367
v -0.04199964 -0.0001732621 0.1052367
v -0.04194383 -0.002171489 0.1052367
v -0.041793 -0.004164796 0.1052367
v -0.04154749 -0.006148669 0.1052367
v -0.04120786 -0.008118613 0.1052367
v -0.04077489 -0.01007017 0.1052367
v -0.04024955 -0.01199891 0.1052367
v -0.03963303 -0.01390047 0.1052367
v -0.03892673 -0.01577054 0.1052367
v -0.03813224 -0.01760489 0.1052367
v -0.03725138 -0.01939935 0.1052367
v -0.03628613 -0.02114987 0.1052367
v -0.03523868 -0.02285248 0.1052367
v -0.0341114 -0.02450332 0.1052367
v -0.03290685 -0.02609865 0.1052367
v -0.03162775 -0.02763486 0.1052367
v -0.03027701 -0.02910847 0.1052367
v -0.02885768 -0.03051614 0.1052367
v -0.02737298 -0.03185467 0.1052367
v -0.02582626 -0.03312105 0.1052367
v -0.02422105 -0.0343124 0.1052367
v -0.02256097 -0.03542602 0.1052367
v -0.02084977 -0.03645939 0.1052367
v -0.01909135 -0.03741016 0.1052367
v -0.01728968 -0.03827619 0.1052367
v -0.01544884 -0.03905551 0.1052367
v -0.01357301 -0.03974636 0.1052367
v -0.01166644 -0.04034717 0.1052367
v -0.009733448 -0.04085658 0.1052367
v -0.007778422 -0.04127343 0.1052367
v -0.005805806 -0.04159679 0.1052367
v -0.003820088 -0.04182591 0.1052368
v -0.001825795 -0.0419603 0.1052369
v 0.0001725179 -0.04199965 0.105237
v 0.002170273 -0.04194389 0.1052372
v 0.004162885 -0.04179319 0.1052376
v 0.006145767 -0.04154792 0.105238
v 0.008114359 -0.0412087 0.1052384
v 0.01006418 -0.04077637 0.1052387
v 0.01199095 -0.04025192 0.1052386
v 0.01389076 -0.03963643 0.1052371
v 0.01576022 -0.03893091 0.1052328
v 0.01759628 -0.03813621 0.1052237
v 0.0193956 -0.03725333 0.1052107
v 0.02115268 -0.03628449 0.1052044
v 0.02285632 -0.03523618 0.105242
v 0.02451778 -0.03410101 0.1053266
v 0.02619373 -0.03283121 0.1053173
v 0.02801059 -0.03129548 0.1050422
v -0.04157241 -0.005977884 0.04317562
v -0.04198815 0.0009974438 0.04490724
v -0.04198808 -0.001000764 0.04144348
v 0.02849229 -0.03085757 0.09062984
v -0.00199831 0.04195243 0.04317591
v 0.0009992831 0.04198811 0.04490734
v -0.03533393 0.02270491 0.04663946
v 0.02845199 -0.03089473 0.05044543
v 0.02791475 0.031381 0.04696914
v 0.02794466 0.03135436 0.04896163
v 0.02799428 0.03131007 0.0509715
v 0.0280251 0.03128248 0.05298142
v 0.02803069 0.03127748 0.05498865
v 0.02801915 0.03128781 0.05699286
v 0.0280035 0.03130182 0.05899628
v 0.02799259 0.03131158 0.06100273
v 0.02798755 0.03131608 0.06301357
v 0.02798614 0.03131734 0.06502776
v 0.02798612 0.03131736 0.06704349
v 0.02798639 0.03131712 0.06905951
v 0.02798665 0.03131689 0.07107546
v 0.02798686 0.0313167 0.07309138
v 0.02798698 0.0313166 0.07510742
v 0.02798681 0.03131674 0.07712375
v 0.02798613 0.03131735 0.07914061
v 0.02798469 0.03131864 0.08115826
v 0.02798255 0.03132055 0.08317688
v 0.02798045 0.03132242 0.08519649
v 0.0279803 0.03132256 0.08721691
v 0.02798495 0.03131841 0.08923822
v 0.02799583 0.03130868 0.09126179
v 0.02800922 0.03129671 0.09329011
v 0.02802185 0.03128539 0.09531856
v 0.02804701 0.03126284 0.09732656
v 0.02811046 0.0312058 0.09928674
v 0.02821119 0.03111477 0.1011822
v 0.0285075 -0.03084351 0.08457682
v -0.03238684 -0.02674121 0.04144389
v 0.02850108 -0.03084945 0.08861159
v 0.02850298 -0.03084769 0.09663622
v 0.02848902 -0.03086058 0.09464383
v 0.02850967 -0.03084151 0.06442634
v 0.0285061 -0.03084481 0.07450033
v -0.03362255 -0.02516991 0.04144389
v 0.028507 -0.03084398 0.08256158
v -0.02969834 -0.02969863 0.04144392
v 0.02835374 -0.03098493 0.1026947
v 0.02852639 -0.03082605 0.05840764
v 0.02848634 -0.03086306 0.09264174
v 0.0285333 -0.03081965 0.0564082
v 0.02850633 -0.0308446 0.08054693
v 0.02850648 -0.03084446 0.07046844
v 0.02853477 -0.03081829 0.05441459
v 0.02266873 -0.03535716 0.04667604
v 0.008935044 -0.04103858 0.04492423
v -0.04000627 0.01278665 0.04144343
v -0.00696471 0.04141851 0.04490808
v 0.005983852 -0.04157155 0.04664913
v -0.0408166 0.009899753 0.04317523
v -0.01467751 0.03935188 0.04490811
v -0.03174253 0.02750295 0.04663971
v -0.0353322 -0.02270761 0.04663977
v 0.0165247 -0.03861262 0.04492612
v -0.03777836 -0.018352 0.04490786
v 0.01183408 0.04029832 0.04664728
v 0.02578687 -0.03315173 0.04690315
v -0.03860883 -0.01653355 0.04490786
v 0.01374107 0.03968857 0.0466561
v 0.02432085 -0.03424173 0.0467232
v -0.03935259 0.01467562 0.04144342
v -0.02516939 -0.03362293 0.04490794
v 0.01183628 -0.04029767 0.04319104
v -0.02750472 0.03174099 0.04317589
v -0.005976325 -0.04157263 0.04663991
v -0.0209994 -0.03637341 0.04663984
v -0.03421192 -0.02436277 0.04317585
v -0.0009988454 -0.04198812 0.04490804
v -0.04180973 -0.003993334 0.04317553
v 0.01653854 0.03860669 0.04491973
v 0.0039908 0.04180997 0.0466378
v 0.006964218 0.04141859 0.04490655
v 0.02652383 0.03256511 0.04613533
v 0.003995803 -0.04180949 0.04664344
v 0.02850588 -0.03084501 0.07853179
v -0.01086969 -0.04056907 0.04490773
v 0.02849144 -0.03085835 0.1006207
v -0.03301538 0.02596122 0.04663964
v 0.02284002 0.03524675 0.04669144
v 0.02096035 -0.03639593 0.0466472
v -0.03968994 -0.01373712 0.04663978
v -0.02354177 0.03478196 0.04490795
v -0.01653304 -0.03860905 0.0414439
v -0.04056882 -0.01087066 0.04490775
v 0.0137383 -0.03968953 0.04319125
v -0.04181007 0.003989769 0.04663904
v -0.02750397 -0.03174164 0.04317594
v 0.02811373 0.03120285 0.1031548
v -0.03421342 0.02436066 0.04663955
v -0.01744762 0.03820446 0.04664011
v -0.03733234 0.01924309 0.04663926
v -0.009901803 0.0408161 0.04664018
v -0.0363727 -0.02100064 0.04663978
v -0.02270642 -0.03533297 0.04663989
v -0.007947646 -0.04124118 0.04663977
v -0.01373637 -0.0396902 0.04317581
v -0.02969929 0.02969768 0.04490782
v -0.0414189 0.006962394 0.04490707
v 0.02811544 -0.03120132 0.04839034
v -0.02012873 0.03686237 0.04490802
v -0.01560992 0.03899141 0.04664013
v 0.001997587 0.04195247 0.04663855
v -0.04029862 -0.01183304 0.04663974
v 0.02103662 0.0363519 0.04662322
v -0.0251702 0.03362233 0.04490791
v -0.04195254 0.001996024 0.04663913
v -0.01183273 0.04029872 0.04664018
v 0.02721047 -0.0319936 0.06946089
v 0.007958405 -0.04123911 0.04665834
v -0.01373687 0.03969003 0.04664016
v -0.01835115 -0.03777877 0.04490782
v -0.04104009 -0.008928123 0.04490768
v -0.03421167 -0.02436312 0.04663977
v 0.0272159 -0.03198898 0.0634246
v -0.003991517 -0.0418099 0.04664002
v -0.004986046 0.04170299 0.04490802
v 0.02658678 -0.03251374 0.04834302
v -0.002995592 -0.04189304 0.04490794
v 0.009900693 0.04081637 0.04664029
v 0.008927467 0.04104023 0.04490749
v 0.02722301 -0.03198292 0.06142156
v 0.002000085 -0.04195235 0.04664108
v -0.01924482 -0.03733144 0.04663978
v 0.02662842 0.03247964 0.1036347
v 0.02693963 -0.03222199 0.1034789
v 0.02717814 -0.03202107 0.09164627
v 0.02720904 -0.03199481 0.07953926
v -0.01744705 -0.03820472 0.04317587
v 0.02481075 0.03388845 0.04692396
v 0.02725649 -0.0319544 0.09957823
v 0.01836376 0.03777264 0.04491637
v 0.01920868 -0.03735006 0.04664116
v -0.02186001 0.03586279 0.04490798
v 0.02726561 -0.03194662 0.05348262
v -0.04195236 -0.001999791 0.04317544
v 0.02721152 -0.03199271 0.08356616
v -0.03899134 -0.01561011 0.04663981
v 0.02504155 0.03371826 0.1035257
v 0.0233953 0.03488065 0.103366
v 0.02168353 0.03596977 0.1032867
v 0.01991882 0.03697622 0.1032759
v 0.0181178 0.03789123 0.1032851
v 0.01628269 0.03871529 0.1032988
v 0.01441442 0.03944901 0.103311
v 0.012516 0.04009177 0.1033198
v 0.0105911 0.0406427 0.1033253
v 0.008643495 0.04110097 0.1033282
v 0.006677232 0.04146582 0.1033294
v 0.004696373 0.0417366 0.1033298
v 0.002705072 0.0419128 0.10333
v 0.0007076794 0.04199404 0.1033301
v -0.001291311 0.04198014 0.1033302
v -0.003287366 0.04187115 0.1033303
v -0.005275962 0.0416673 0.1033303
v -0.007252601 0.04136907 0.1033303
v -0.009212807 0.04097712 0.1033303
v -0.01115214 0.04049234 0.1033303
v -0.01306622 0.03991584 0.1033303
v -0.01495069 0.03924891 0.1033303
v -0.0168013 0.03849307 0.1033303
v -0.01861384 0.03765003 0.1033303
v -0.02038421 0.03672171 0.1033303
v -0.02210841 0.0357102 0.1033303
v -0.02378253 0.03461779 0.1033303
v -0.02540277 0.03344696 0.1033303
v -0.02696547 0.03220036 0.1033303
v -0.02846708 0.03088082 0.1033303
v -0.02990421 0.02949133 0.1033303
v -0.03127359 0.02803502 0.1033303
v -0.03257213 0.02651521 0.1033303
v -0.03379688 0.02493533 0.1033303
v -0.03494507 0.02329897 0.1033303
v -0.0360141 0.02160983 0.1033303
v -0.03700155 0.01987173 0.1033303
v -0.03790517 0.01808862 0.1033303
v -0.03872293 0.01626453 0.1033303
v -0.03945297 0.01440359 0.1033303
v -0.04009363 0.01251003 0.1033303
v -0.04064347 0.01058813 0.1033303
v -0.04110124 0.008642247 0.1033303
v -0.0414659 0.006676783 0.1033303
v -0.04173662 0.004696192 0.1033303
v -0.0419128 0.002704962 0.1033303
v -0.04199404 0.0007076058 0.1033303
v -0.04198014 -0.001291352 0.1033303
v -0.04187115 -0.003287384 0.1033303
v -0.0416673 -0.005275968 0.1033303
v -0.04136907 -0.007252601 0.1033303
v -0.04097712 -0.009212806 0.1033303
v -0.04049234 -0.01115214 0.1033303
v -0.03991584 -0.01306621 0.1033303
v -0.03924891 -0.01495069 0.1033303
v -0.03849307 -0.01680129 0.1033303
v -0.03765003 -0.01861384 0.1033303
v -0.03672171 -0.02038421 0.1033303
v -0.0357102 -0.02210841 0.1033303
v -0.03461779 -0.02378253 0.1033303
v -0.03344696 -0.02540277 0.1033303
v -0.03220036 -0.02696547 0.1033303
v -0.03088082 -0.02846709 0.1033303
v -0.02949132 -0.02990421 0.1033303
v -0.02803502 -0.03127359 0.1033303
v -0.02651521 -0.03257213 0.1033303
v -0.02493533 -0.03379688 0.1033303
v -0.02329897 -0.03494507 0.1033303
v -0.02160983 -0.0360141 0.1033303
v -0.01987173 -0.03700154 0.1033303
v -0.01808862 -0.03790517 0.1033303
v -0.01626453 -0.03872293 0.1033303
v -0.0144036 -0.03945296 0.1033303
v -0.01251005 -0.04009362 0.1033303
v -0.01058816 -0.04064346 0.1033303
v -0.008642312 -0.04110122 0.1033303
v -0.006676917 -0.04146587 0.1033303
v -0.004696461 -0.04173659 0.1033304
v -0.002705472 -0.04191277 0.1033304
v -0.0007085208 -0.04199402 0.1033306
v 0.001289788 -0.04198019 0.1033309
v 0.003284823 -0.04187135 0.1033313
v 0.005271929 -0.04166781 0.1033319
v 0.007246433 -0.04137015 0.1033325
v 0.009203652 -0.04097918 0.1033333
v 0.01113897 -0.04049597 0.103334
v 0.01304809 -0.03992176 0.1033342
v 0.01492748 -0.03925774 0.1033327
v 0.01677483 -0.03850461 0.1033261
v 0.01858908 -0.03766226 0.1033102
v 0.02037033 -0.03672941 0.1032839
v 0.02211668 -0.03570508 0.1032651
v 0.02377661 -0.03462186 0.1034065
v 0.02535889 -0.03348025 0.1036462
v -0.04141838 -0.00696546 0.04490761
v -0.04198806 -0.001001258 0.04490733
v 0.02720857 -0.03199521 0.08759827
v -0.0009994895 0.04198811 0.0449077
v 0.02720906 -0.0319948 0.07752448
v -0.03586439 0.0218574 0.0483714
v 0.02712028 0.03207008 0.1020613
v 0.02722921 -0.03197765 0.05155082
v 0.02721104 -0.03199311 0.06744622
v 0.02650327 0.03258184 0.0480585
v 0.02661024 0.03249454 0.05007431
v 0.02668399 0.03243401 0.05207476
v 0.02670728 0.03241483 0.0540719
v 0.02669067 0.03242851 0.05606361
v 0.02665895 0.03245459 0.05805258
v 0.02663583 0.03247357 0.06004844
v 0.02662508 0.03248238 0.06205383
v 0.02662203 0.03248488 0.06406622
v 0.02662195 0.03248495 0.06608177
v 0.02662245 0.03248453 0.06809788
v 0.02662293 0.03248414 0.07011371
v 0.02662339 0.03248377 0.07212931
v 0.02662381 0.03248342 0.07414488
v 0.02662402 0.03248325 0.07616064
v 0.02662364 0.03248356 0.07817695
v 0.02662216 0.03248478 0.08019432
v 0.02661911 0.03248727 0.08221338
v 0.02661465 0.03249093 0.08423471
v 0.02661055 0.03249428 0.08625857
v 0.02661144 0.03249356 0.0882846
v 0.02662437 0.03248296 0.09031256
v 0.02665129 0.03246088 0.09234628
v 0.026674 0.03244222 0.09439732
v 0.0266809 0.03243655 0.09645978
v 0.02672332 0.03240161 0.09848484
v 0.02687402 0.03227673 0.1003967
v 0.02721246 -0.03199191 0.08558038
v -0.0317412 -0.02750447 0.04317586
v 0.02719685 -0.03200518 0.08962094
v 0.0272259 -0.03198047 0.09763379
v 0.02718542 -0.03201488 0.09565609
v -0.0192458 0.03733094 0.04664007
v 0.02721246 -0.0319919 0.06543323
v 0.02720948 -0.03199444 0.07550874
v 0.02724316 -0.03196577 0.1014961
v 0.02723298 -0.03197444 0.05942126
v -0.02898311 -0.03039703 0.04317591
v 0.02716858 -0.03202918 0.09365935
v 0.0272455 -0.03196377 0.0574269
v 0.02721006 -0.03199395 0.08155315
v 0.02725822 -0.03195293 0.05544266
v 0.02720994 -0.03199405 0.07349254
v 0.006975256 -0.04141673 0.04838881
v -0.04104071 0.008925267 0.04490704
v -0.04029932 0.01183066 0.04317526
v -0.007948453 0.04124102 0.04664013
v -0.040816 -0.009902237 0.04663967
v -0.03362232 -0.02517021 0.0449078
v -3.022037e-07 0.042 0.04663926
v 0.02183297 0.03587926 0.04827764
v -0.004985057 -0.04170311 0.04837217
v -0.03733082 -0.01924604 0.0466398
v 0.01279002 0.04000519 0.04838935
v 0.02502991 -0.0337269 0.04853588
v -0.02436198 -0.03421248 0.04663992
v 8.911983e-07 -0.042 0.04664029
v -0.02674073 -0.03238724 0.04490794
v -0.02825244 0.03107732 0.04490786
v -0.03039658 -0.02898358 0.04317589
v -0.04170286 -0.004987126 0.04490752
v 0.01561565 0.03898912 0.04666228
v 0.00597546 0.04157275 0.04663737
v -0.03899232 0.01560766 0.0431753
v -0.04157289 0.005974521 0.04663894
v -0.03860996 0.01653092 0.04490721
v 0.004991614 -0.04170232 0.04837844
v -0.009900952 -0.04081631 0.04663968
v -0.04000558 -0.01278879 0.04837174
v 0.01925779 0.03732476 0.0466422
v -0.01087038 0.04056889 0.0483723
v -0.03820572 0.01744486 0.04663915
v -0.02270739 0.03533234 0.04663997
v -0.01560939 -0.03899163 0.04317584
v -0.02674161 0.03238652 0.04490789
v -0.042 -2.145086e-06 0.04663922
v 0.01087768 -0.04056693 0.04493141
v 0.02176442 -0.03592089 0.04838769
v -0.01835197 0.03777837 0.04837214
v -0.02012758 -0.036863 0.04837175
v -0.00299611 0.041893 0.04490792
v -0.0323882 0.02673957 0.04837165
v -0.006963717 -0.04141868 0.0483719
v 0.01467648 -0.03935227 0.04493443
v -0.03686388 0.02012596 0.04837128
v -0.03478361 0.02353934 0.0483715
v 0.02354617 0.03477899 0.04849602
v -0.03478166 -0.02354222 0.04837172
v -0.03586249 -0.0218605 0.04837171
v -0.03301394 -0.02596305 0.04317585
v 0.02721018 -0.03199385 0.07147658
v 0.02342093 -0.03486345 0.0484461
v -0.02185889 -0.03586347 0.04837182
v -0.04189318 0.002993536 0.04837103
v -0.01278774 -0.04000592 0.04490773
v 0.002993694 0.04189317 0.04836906
v -0.03039776 0.02898234 0.04663977
v 0.01742217 -0.03821607 0.04665941
v -0.0165335 0.03860885 0.04837218
v -0.0089277 0.04104018 0.04837225
v 0.01086669 0.04056988 0.04837506
v 0.004982622 0.0417034 0.04836807
v -0.04170331 0.004983356 0.04837087
v -0.03935176 -0.01467785 0.04837176
v -0.02436296 0.03421179 0.04663992
v -0.03107902 0.02825057 0.04837171
v 0.02586493 -0.03309086 0.0805463
v -0.00299519 -0.04189306 0.04837233
v 0.0258703 -0.03308667 0.0845671
v 0.02013028 0.03686152 0.04835355
v -0.001997637 -0.04195247 0.04664012
v 0.007946533 0.04124139 0.04663753
v 0.02586737 -0.03308896 0.07248488
v -0.0412409 -0.0079491 0.04663959
v 0.002998777 -0.04189281 0.0483741
v -0.01744664 -0.0382049 0.04663972
v 0.02595205 -0.03302259 0.05448524
v 0.01745488 0.03820114 0.04665995
v 0.02580721 0.0331359 0.1018335
v 0.02598814 -0.03299419 0.0525348
v 0.02587696 -0.03308146 0.06242585
v 0.02588934 -0.03307177 0.06043026
v 0.0200485 -0.03690606 0.04835151
v 0.02579727 -0.03314364 0.09268475
v -0.01278846 0.04000569 0.04837228
v -0.04189289 -0.002997599 0.04490743
v -0.03820437 -0.01744782 0.04663981
v -0.03969077 0.01373473 0.04317528
v -0.02012885 0.0368623 0.04837209
v 0.02425736 0.03428674 0.1014848
v 0.02255081 0.03543248 0.1012864
v 0.02075637 0.03651264 0.1012869
v 0.01894655 0.03748371 0.1013033
v 0.01711521 0.03835452 0.1013242
v 0.01525479 0.03913172 0.1013455
v 0.01336496 0.0398168 0.1013626
v 0.01144851 0.04040955 0.1013739
v 0.009508828 0.04090944 0.1013801
v 0.007549625 0.04131589 0.1013827
v 0.005574527 0.04162841 0.1013836
v 0.00358727 0.04184652 0.101384
v 0.001591979 0.04196982 0.1013842
v -0.0004069083 0.04199803 0.1013845
v -0.002404849 0.04193109 0.1013846
v -0.004397315 0.04176917 0.1013847
v -0.006379801 0.04151263 0.1013847
v -0.008347827 0.04116204 0.1013847
v -0.01029694 0.04071821 0.1013847
v -0.01222273 0.04018215 0.1013847
v -0.01412084 0.03955505 0.1013847
v -0.01598695 0.03883835 0.1013847
v -0.01781685 0.03803367 0.1013847
v -0.01960638 0.03714283 0.1013847
v -0.02135149 0.03616785 0.1013847
v -0.02304824 0.03511095 0.1013847
v -0.02469278 0.0339745 0.1013847
v -0.02628138 0.03276109 0.1013847
v -0.02781045 0.03147346 0.1013847
v -0.02927652 0.03011454 0.1013847
v -0.03067626 0.0286874 0.1013847
v -0.03200652 0.02719527 0.1013847
v -0.03326427 0.02564153 0.1013847
v -0.03444667 0.02402971 0.1013847
v -0.03555103 0.02236345 0.1013847
v -0.03657486 0.02064654 0.1013847
v -0.03751584 0.01888285 0.1013847
v -0.03837183 0.01707638 0.1013847
v -0.03914089 0.01523124 0.1013847
v -0.03982129 0.01335159 0.1013847
v -0.04041148 0.0114417 0.1013847
v -0.04091012 0.009505883 0.1013847
v -0.04131609 0.007548534 0.1013847
v -0.04162847 0.005574083 0.1013847
v -0.04184655 0.003587003 0.1013847
v -0.04196982 0.001591798 0.1013847
v -0.04199803 -0.0004070117 0.1013847
v -0.04193109 -0.002404896 0.1013847
v -0.04176917 -0.004397331 0.1013847
v -0.04151263 -0.006379804 0.1013847
v -0.04116204 -0.008347826 0.1013847
v -0.04071822 -0.01029694 0.1013847
v -0.04018215 -0.01222273 0.1013847
v -0.03955505 -0.01412083 0.1013847
v -0.03883835 -0.01598694 0.1013847
v -0.03803367 -0.01781684 0.1013847
v -0.03714283 -0.01960637 0.1013847
v -0.03616786 -0.02135149 0.1013847
v -0.03511095 -0.02304824 0.1013847
v -0.0339745 -0.02469278 0.1013847
v -0.03276108 -0.02628139 0.1013847
v -0.03147346 -0.02781046 0.1013847
v -0.03011453 -0.02927653 0.1013847
v -0.02868739 -0.03067627 0.1013847
v -0.02719526 -0.03200652 0.1013847
v -0.02564153 -0.03326427 0.1013847
v -0.02402971 -0.03444667 0.1013847
v -0.02236346 -0.03555103 0.1013847
v -0.02064654 -0.03657486 0.1013847
v -0.01888285 -0.03751583 0.1013847
v -0.01707639 -0.03837182 0.1013847
v -0.01523125 -0.03914089 0.1013847
v -0.0133516 -0.03982128 0.1013847
v -0.01144172 -0.04041147 0.1013847
v -0.009505938 -0.04091011 0.1013847
v -0.007548655 -0.04131607 0.1013847
v -0.005574345 -0.04162844 0.1013847
v -0.003587539 -0.0418465 0.1013848
v -0.001592826 -0.04196979 0.1013849
v 0.0004051509 -0.04199805 0.1013852
v 0.002401702 -0.04193128 0.1013857
v 0.004392098 -0.04176972 0.1013865
v 0.006371565 -0.04151389 0.1013874
v 0.008335255 -0.04116459 0.1013884
v 0.0102782 -0.04072295 0.1013896
v 0.01219535 -0.04019047 0.101391
v 0.01408206 -0.03956887 0.1013926
v 0.01593517 -0.03885963 0.1013928
v 0.01775396 -0.03806306 0.1013846
v 0.01954016 -0.03717771 0.1013572
v 0.02130596 -0.0361947 0.1012991
v 0.02313968 -0.03505075 0.1011554
v -0.033624 0.02516797 0.04837158
v 0.02586246 -0.0330928 0.08860248
v -0.01835068 -0.037779 0.04837167
v 0.02586468 -0.03309106 0.07853289
v -0.02969815 -0.02969882 0.04490789
v 0.02586768 -0.03308872 0.07046874
v 0.009914188 -0.0408131 0.04667146
v -0.03107757 -0.02825216 0.04490785
v 0.0272518 -0.0319584 0.04981617
v 0.02586795 -0.03308851 0.06845295
v -0.03362205 -0.02517057 0.04837175
v 0.02528318 0.03353745 0.05120175
v 0.0253483 0.03348826 0.05315986
v 0.02533482 0.03349846 0.0551262
v 0.02527005 0.03354735 0.05708347
v 0.02522187 0.03358359 0.05905843
v 0.02519992 0.03360006 0.06105469
v 0.02519396 0.03360453 0.06306497
v 0.0251938 0.03360465 0.06508097
v 0.02519474 0.03360395 0.06709765
v 0.02519558 0.03360332 0.06911352
v 0.02519638 0.03360272 0.07112871
v 0.02519725 0.03360206 0.07314356
v 0.02519809 0.03360143 0.07515828
v 0.02519847 0.03360115 0.07717323
v 0.02519764 0.03360177 0.07918911
v 0.02519453 0.0336041 0.08120705
v 0.02518823 0.03360882 0.08322853
v 0.02517908 0.03361568 0.08525529
v 0.02517093 0.03362179 0.08728853
v 0.02517463 0.03361901 0.08932734
v 0.02520928 0.03359304 0.09136762
v 0.0252773 0.03354189 0.09341514
v 0.02530179 0.03352341 0.09551511
v 0.0252574 0.03355688 0.09768164
v 0.02583752 -0.03311227 0.0906358
v 0.02593847 -0.03303325 0.09866482
v 0.02585593 -0.0330979 0.09671349
v -0.02100038 0.03637285 0.04664002
v 0.02586846 -0.03308811 0.06643957
v 0.02586568 -0.03309028 0.07651761
v -0.02825145 -0.03107821 0.04490791
v -0.04198816 0.0009970204 0.04837116
v 0.02578822 -0.03315068 0.09471375
v 0.0009983627 0.04198813 0.04837035
v -0.00597711 0.04157252 0.04664006
v 0.02590721 -0.03305778 0.05843823
v 0.02586692 -0.03308931 0.08255754
v 0.02592868 -0.03304094 0.05645286
v 0.02586666 -0.03308951 0.07450136
v 0.00894389 -0.04103665 0.04840676
v 0.01279323 -0.04000416 0.0449355
v 0.0251235 0.03365724 0.04917558
v -0.01924429 -0.03733172 0.05010365
v -0.003990832 -0.04180997 0.05010474
v -0.04124153 0.007945808 0.04663887
v -0.04056954 0.01086794 0.04490704
v 0.008922273 0.04104136 0.04836832
v -0.04056878 -0.0108708 0.04837167
v -0.01467759 0.03935185 0.04837224
v 0.02100355 0.03637102 0.05003408
v -0.001998443 0.04195243 0.04663971
v -0.04195256 0.001995616 0.05010311
v -0.03637454 0.02099745 0.05010333
v -0.03686211 -0.02012921 0.04837173
v -0.03968986 -0.01373735 0.05010376
v -0.02354069 -0.0347827 0.04837188
v 0.001000768 -0.04198808 0.0483727
v -0.02596232 -0.03301451 0.04663993
v -0.02898415 0.03039604 0.04663981
v -0.01467684 -0.03935213 0.04490775
v 0.003986433 0.04181039 0.05009871
v -0.03899251 0.01560717 0.04663904
v -0.04157238 -0.005978073 0.04663951
v -0.01653271 -0.03860919 0.04490778
v 0.02587086 -0.03308623 0.06443053
v 0.0146858 0.03934879 0.04840645
v -0.03935279 0.01467507 0.04490714
v -0.0418101 0.003989401 0.05010289
v -0.03860875 -0.01653375 0.04837177
v -0.01924592 0.03733088 0.05010423
v 0.02085155 -0.03645837 0.05004435
v 0.01182302 0.04030157 0.05011454
v 0.005984709 -0.04157142 0.05011554
v 0.02587209 -0.03308527 0.08657945
v -0.00892658 -0.04104042 0.04837169
v -0.0118328 0.0402987 0.05010451
v -0.02596333 0.03301372 0.04663988
v -0.03174268 0.02750277 0.05010365
v -0.003992242 0.04180983 0.04663994
v -0.04195234 -0.002000192 0.04663933
v -0.04141897 0.006961953 0.04837074
v -0.0235419 0.03478188 0.04837196
v -0.02099892 -0.03637369 0.05010374
v 0.006960307 0.04141925 0.04836723
v 0.02475602 -0.03392845 0.1017782
v -0.005975734 -0.04157271 0.05010429
v 0.0156016 -0.03899474 0.04668107
v -0.03777983 0.01834897 0.04837114
v -0.03533409 0.02270467 0.05010344
v -0.03533198 -0.02270795 0.05010368
v 0.02249033 0.0354709 0.04979316
v 0.02585186 -0.03310108 0.05037046
v -0.03301366 -0.0259634 0.04663977
v 0.02537482 0.03346817 0.09982068
v 0.02598978 -0.0329929 0.1005216
v -0.03238661 -0.02674149 0.04490782
v 0.02413034 -0.03437625 0.05020614
v -0.02186014 0.03586271 0.04837202
v -0.01183183 -0.04029898 0.04663964
v -0.006964812 0.04141849 0.04837216
v 0.02252896 -0.03544638 0.05017878
v 0.0182944 -0.03780628 0.04837698
v -0.01744773 0.03820441 0.05010426
v -0.009901879 0.04081609 0.05010447
v -0.04029855 -0.01183328 0.05010371
v -0.02969943 0.02969754 0.04837176
v 0.001995238 0.04195258 0.0501005
v 0.01373872 0.03968939 0.05014166
v 0.007963143 -0.04123819 0.0501334
v -0.03301553 0.02596103 0.0501036
v -0.03421142 -0.02436347 0.05010371
v 0.02457339 -0.03406095 0.09786697
v -0.03733253 0.01924271 0.05010319
v 0.01928516 0.03731063 0.05014802
v 0.02448085 -0.03412752 0.06543341
v -0.042 -2.567395e-06 0.05010325
v -0.0009984662 -0.04198813 0.04837244
v -0.03899125 -0.01561034 0.05010375
v 0.0239414 0.0345081 0.05228307
v -0.04104005 -0.0089283 0.0483716
v 0.003995775 -0.04180949 0.0501077
v 0.0244704 -0.03413502 0.08960295
v 0.02606303 -0.03293506 0.1021901
v 0.0238212 0.03459119 0.05045235
v -0.03421357 0.02436045 0.05010354
v 0.02449527 -0.03411718 0.06143236
v 0.009888111 0.04081942 0.05009943
v -0.02100051 0.03637277 0.05010414
v 0.02432368 -0.03423972 0.09378165
v -0.01373695 0.03969 0.05010445
v -0.0418097 -0.003993621 0.04663943
v 0.02448437 -0.034125 0.06342831
v 0.0244811 -0.03412735 0.06946041
v -0.02517033 0.03362223 0.0483719
v 0.02461819 -0.03402859 0.05352272
v 0.02448724 -0.03412294 0.08556104
v 0.02359307 0.03474719 0.09905773
v 0.02159708 0.03602174 0.09923318
v 0.01975401 0.03706453 0.09926146
v 0.01792036 0.037985 0.09928428
v 0.01606263 0.03880711 0.09931829
v 0.01417696 0.03953497 0.09934979
v 0.01226562 0.04016907 0.09937216
v 0.0103319 0.04070936 0.09938471
v 0.008379057 0.0411557 0.09939002
v 0.006409824 0.041508 0.09939175
v 0.004427107 0.04176602 0.09939247
v 0.00243457 0.04192938 0.09939309
v 0.0004365367 0.04199773 0.09939361
v -0.00156243 0.04197093 0.09939395
v -0.00355779 0.04184904 0.09939412
v -0.005545041 0.04163235 0.09939419
v -0.007519709 0.04132135 0.09939422
v -0.009477339 0.04091675 0.09939424
v -0.0114135 0.04041945 0.09939424
v -0.01332382 0.03983059 0.09939424
v -0.01520395 0.0391515 0.09939421
v -0.01704964 0.03838372 0.09939418
v -0.0188567 0.03752899 0.09939414
v -0.02062104 0.03658925 0.09939411
v -0.02233866 0.03556662 0.09939409
v -0.02400568 0.03446342 0.0993941
v -0.02561832 0.03328215 0.09939411
v -0.02717293 0.03202549 0.09939414
v -0.02866598 0.03069628 0.09939418
v -0.0300941 0.02929752 0.09939421
v -0.03145405 0.0278324 0.09939423
v -0.03274274 0.02630423 0.09939425
v -0.03395726 0.02471648 0.09939426
v -0.03509486 0.02307273 0.09939426
v -0.03615296 0.02137671 0.09939425
v -0.03712915 0.01963227 0.09939424
v -0.03802124 0.01784335 0.09939422
v -0.0388272 0.01601402 0.0993942
v -0.0395452 0.01414841 0.09939418
v -0.04017361 0.01225075 0.09939417
v -0.04071102 0.01032535 0.09939417
v -0.04115621 0.008376546 0.09939417
v -0.04150816 0.006408766 0.09939419
v -0.04176609 0.004426462 0.09939419
v -0.04192941 0.002434129 0.09939419
v -0.04199773 0.0004362831 0.09939417
v -0.04197092 -0.001562545 0.09939415
v -0.04184904 -0.003557829 0.09939413
v -0.04163235 -0.005545049 0.09939412
v -0.04132135 -0.007519709 0.09939413
v -0.04091675 -0.009477337 0.09939415
v -0.04041945 -0.0114135 0.09939417
v -0.03983059 -0.01332381 0.09939418
v -0.0391515 -0.01520394 0.09939418
v -0.03838372 -0.01704963 0.09939418
v -0.03752899 -0.01885669 0.09939416
v -0.03658925 -0.02062102 0.09939415
v -0.03556662 -0.02233865 0.09939415
v -0.03446342 -0.02400568 0.09939415
v -0.03328215 -0.02561832 0.09939416
v -0.03202548 -0.02717294 0.09939415
v -0.03069626 -0.028666 0.09939414
v -0.02929751 -0.03009412 0.09939413
v -0.02783239 -0.03145406 0.09939411
v -0.02630423 -0.03274275 0.09939411
v -0.02471647 -0.03395727 0.09939412
v -0.02307273 -0.03509486 0.09939415
v -0.02137672 -0.03615295 0.09939417
v -0.01963228 -0.03712915 0.09939419
v -0.01784336 -0.03802124 0.0993942
v -0.01601403 -0.03882719 0.0993942
v -0.01414843 -0.03954519 0.09939421
v -0.01225078 -0.0401736 0.09939421
v -0.01032539 -0.04071101 0.09939422
v -0.008376638 -0.04115619 0.09939421
v -0.00640898 -0.04150813 0.09939419
v -0.004426949 -0.04176604 0.0993942
v -0.002435158 -0.04192935 0.09939428
v -0.000438298 -0.04199771 0.09939451
v 0.001558856 -0.04197106 0.09939502
v 0.003551459 -0.04184958 0.0993959
v 0.00553462 -0.04163374 0.09939717
v 0.007503409 -0.04132431 0.09939863
v 0.00945274 -0.04092244 0.09939998
v 0.01137708 -0.04042972 0.09940126
v 0.01327027 -0.03984846 0.0994038
v 0.0151264 -0.03918153 0.09940996
v 0.0169421 -0.03843131 0.09941804
v 0.0187175 -0.03759861 0.09941012
v 0.02043982 -0.03669079 0.09936118
v 0.02205423 -0.03574368 0.09926364
v -0.01653221 -0.0386094 0.0483716
v 0.02447418 -0.03413231 0.07954231
v -0.001997065 -0.04195249 0.0501049
v 0.01184413 -0.04029537 0.04668467
v -0.03039633 -0.02898384 0.04663985
v -0.0174461 -0.03820515 0.05010355
v 0.0244901 -0.03412089 0.08757008
v 0.02399316 0.03447214 0.05418772
v 0.02385572 0.03456739 0.05607055
v 0.02375572 0.03463619 0.05800771
v 0.02371268 0.03466567 0.05999337
v 0.02370247 0.03467265 0.06200515
v 0.02370255 0.0346726 0.06402464
v 0.02370416 0.0346715 0.06604345
v 0.02370554 0.03467055 0.06805987
v 0.02370683 0.03466967 0.0700747
v 0.02370831 0.03466866 0.07208868
v 0.02370998 0.03466752 0.07410194
v 0.02371156 0.03466644 0.07611462
v 0.02371224 0.03466597 0.07812736
v 0.02371049 0.03466717 0.08014153
v 0.02370425 0.03467144 0.08215936
v 0.02369171 0.03468001 0.08418431
v 0.02367327 0.03469259 0.08622136
v 0.02365617 0.03470426 0.08827573
v 0.02366441 0.03469864 0.09034646
v 0.02375444 0.03463707 0.09240846
v 0.0239272 0.03451795 0.09444434
v 0.02387684 0.03455281 0.0965993
v 0.02441711 -0.03417316 0.09166552
v 0.02476384 -0.03392274 0.05175372
v 0.02447601 -0.034131 0.07752754
v -0.02750377 -0.03174181 0.04663992
v 0.0244796 -0.03412842 0.07349434
v -0.04198805 -0.001001656 0.04837126
v 0.02435731 -0.03421581 0.09588482
v -0.03777823 -0.01835225 0.04837175
v -0.0009998568 0.0419881 0.04837127
v -0.02750489 0.03174084 0.04663985
v 0.02451721 -0.03410141 0.0594444
v 0.01836396 0.03777254 0.04840365
v 0.02447828 -0.03412937 0.08355893
v 0.02454954 -0.03407814 0.05746281
v 0.02447817 -0.03412945 0.07551097
v 0.01089098 -0.04056336 0.04843265
v -0.04081675 0.009899128 0.04663882
v -0.0368641 0.02012555 0.05183526
v -0.0303979 0.0289822 0.05010369
v -0.01561001 0.03899138 0.05010435
v -0.04141834 -0.006965691 0.04837152
v -0.04198818 0.0009964629 0.05183533
v -0.04081593 -0.009902529 0.05010365
v -0.03637251 -0.02100096 0.05010367
v 0.00498934 -0.0417026 0.05184195
v -0.02270598 -0.03533325 0.05010382
v -0.03935163 -0.01467819 0.0518358
v 0.01654593 0.03860353 0.04841692
v 0.002000121 -0.04195235 0.05010532
v -0.02516913 -0.03362313 0.04837191
v -1.176233e-06 0.042 0.05010245
v 0.02028836 0.03677475 0.05186146
v -0.01373593 -0.03969035 0.04663965
v -0.04189321 0.002993116 0.05183501
v 0.01276411 0.04001347 0.05186145
v -0.02012899 0.03686223 0.05183638
v -0.03861015 0.01653046 0.04837098
v 0.009927308 -0.04080991 0.05016915
v 0.02448053 -0.03412775 0.06744554
v 0.01913614 -0.03738727 0.05005054
v -0.03969097 0.01373415 0.04663892
v 0.02158625 -0.03602824 0.0517495
v -0.01278849 0.04000568 0.05183686
v -0.007947095 -0.04124129 0.05010386
v 0.02448072 -0.03412762 0.07147734
v -0.02436306 0.03421171 0.05010396
v -0.04157293 0.005974214 0.05010268
v 0.005969351 0.04157363 0.05009712
v -0.04000648 0.01278599 0.04490708
v 0.02458746 -0.0340508 0.05548602
v 0.02447434 -0.03413219 0.08155314
v 0.02220716 0.03564887 0.05160503
v -0.002994086 -0.04189314 0.05183784
v -0.004984099 -0.04170322 0.0518372
v 0.01650904 -0.03861931 0.04842973
v -0.03301341 -0.02596373 0.05010376
v -0.02898288 -0.03039724 0.0466399
v -0.03586459 0.02185707 0.05183539
v 0.02466077 -0.03399774 0.09984269
v -0.01835007 -0.03777929 0.05183553
v -0.03238836 0.02673937 0.05183559
v -0.03174093 -0.02750479 0.04663981
v -0.03478146 -0.02354251 0.0518357
v -0.01086921 -0.0405692 0.04837157
v 0.002987889 0.04189359 0.05182942
v -0.007948561 0.041241 0.05010437
v -0.02825258 0.03107719 0.0483718
v -0.03238633 -0.02674184 0.04837178
v -0.03107916 0.02825041 0.0518356
v 0.02324083 -0.03498377 0.05222093
v -0.01835208 0.03777831 0.05183645
v -0.04104081 0.00892481 0.04837064
v -0.02012699 -0.03686332 0.05183566
v 0.0137413 -0.0396885 0.04669033
v -0.01087041 0.04056888 0.05183686
v -0.004986148 0.04170298 0.04837201
v -0.04000548 -0.01278913 0.0518358
v -0.03586232 -0.02186078 0.05183564
v 0.006971696 -0.04141733 0.05185368
v 0.01562846 0.03898399 0.0501756
v 0.01083811 0.04057752 0.05183194
v -0.03935298 0.01467456 0.0483708
v 0.01993263 -0.03696878 0.05162627
v 0.004973928 0.04170444 0.05182719
v -0.03778006 0.01834849 0.05183508
v 1.324533e-06 -0.042 0.05010496
v 0.02304665 -0.03511199 0.08455797
v -0.04198804 -0.001002282 0.05183546
v 0.0230514 -0.03510887 0.07248704
v -0.02674174 0.03238641 0.04837184
v 0.007936781 0.04124327 0.05009576
v -0.002996296 0.04189299 0.04837175
v -0.03820425 -0.01744806 0.05010372
v -0.0227075 0.03533227 0.05010405
v -0.01560895 -0.0389918 0.04663967
v -0.03860862 -0.01653403 0.05183574
v 0.01845688 0.03772723 0.05199452
v 0.02305369 -0.03510737 0.06242644
v -0.01467765 0.03935183 0.05183671
v 0.02303717 -0.03511821 0.08256076
v -0.0282512 -0.03107845 0.04837192
v 0.02305186 -0.03510857 0.06845192
v 0.02307253 -0.03509499 0.06043891
v -0.03820592 0.01744441 0.05010299
v -0.02596343 0.03301364 0.05010386
v -0.03362416 0.02516775 0.05183556
v 0.02303384 -0.03512039 0.09058544
v -0.0156084 -0.03899202 0.05010345
v 0.02303702 -0.03511831 0.08055394
v 0.02345452 -0.03484086 0.09907225
v 0.02222992 0.03563469 0.09717787
v 0.020477 0.03667005 0.09718349
v 0.01866728 0.03762356 0.09717902
v 0.01680718 0.0384905 0.09723186
v 0.01491689 0.03926177 0.09728897
v 0.01300367 0.03993626 0.09733136
v 0.01107152 0.04051446 0.09735521
v 0.009122922 0.04099722 0.09736485
v 0.007158851 0.04138539 0.0973676
v 0.005180616 0.04167927 0.09736876
v 0.00319105 0.0418786 0.09737002
v 0.001194291 0.04198302 0.09737119
v -0.000805046 0.04199228 0.09737198
v -0.002802396 0.0419064 0.09737238
v -0.004793273 0.04172559 0.09737254
v -0.006773228 0.04145025 0.09737261
v -0.008737826 0.04108102 0.09737264
v -0.01068264 0.04061873 0.09737267
v -0.01260326 0.04006442 0.09737268
v -0.01449535 0.03941935 0.09737264
v -0.01635459 0.03868498 0.09737258
v -0.01817678 0.03786297 0.0973725
v -0.01995778 0.0369552 0.09737242
v -0.02169357 0.03596372 0.09737237
v -0.02338021 0.03489077 0.09737236
v -0.02501388 0.03373878 0.09737238
v -0.0265909 0.03251037 0.09737243
v -0.02810768 0.0312083 0.0973725
v -0.0295608 0.02983554 0.09737256
v -0.03094695 0.02839518 0.09737262
v -0.03226299 0.02689051 0.09737266
v -0.03350595 0.02532491 0.09737269
v -0.03467301 0.02370195 0.0973727
v -0.03576152 0.02202529 0.09737269
v -0.03676903 0.02029874 0.09737267
v -0.03769324 0.0185262 0.09737264
v -0.03853206 0.01671169 0.0973726
v -0.03928359 0.01485933 0.09737256
v -0.03994613 0.01297332 0.09737252
v -0.04051817 0.01105792 0.09737251
v -0.04099843 0.009117481 0.09737251
v -0.04138582 0.007156377 0.09737254
v -0.04167946 0.005179047 0.09737257
v -0.04187868 0.003189974 0.09737258
v -0.04198303 0.001193673 0.09737255
v -0.04199228 -0.0008053245 0.0973725
v -0.0419064 -0.002802485 0.09737245
v -0.04172558 -0.004793287 0.09737242
v -0.04145025 -0.006773227 0.09737242
v -0.04108102 -0.008737825 0.09737245
v -0.04061873 -0.01068264 0.0973725
v -0.04006442 -0.01260326 0.09737254
v -0.03941935 -0.01449533 0.09737256
v -0.03868498 -0.01635457 0.09737255
v -0.03786298 -0.01817676 0.09737252
v -0.03695522 -0.01995776 0.09737249
v -0.03596374 -0.02169354 0.09737248
v -0.03489079 -0.02338018 0.09737248
v -0.03373879 -0.02501388 0.0973725
v -0.03251036 -0.02659091 0.09737251
v -0.03120828 -0.02810771 0.09737249
v -0.0298355 -0.02956083 0.09737246
v -0.02839515 -0.03094698 0.09737242
v -0.02689048 -0.03226302 0.0973724
v -0.02532489 -0.03350597 0.09737241
v -0.02370194 -0.03467301 0.09737245
v -0.02202529 -0.03576152 0.0973725
v -0.02029874 -0.03676902 0.09737254
v -0.01852621 -0.03769323 0.09737257
v -0.01671171 -0.03853205 0.09737258
v -0.01485936 -0.03928358 0.09737259
v -0.01297336 -0.03994611 0.0973726
v -0.01105797 -0.04051816 0.09737262
v -0.009117546 -0.04099842 0.09737261
v -0.007156512 -0.0413858 0.09737257
v -0.005179399 -0.04167942 0.0973725
v -0.003190841 -0.04187862 0.09737244
v -0.001195592 -0.04198298 0.09737252
v 0.000801459 -0.04199235 0.09737291
v 0.002795278 -0.04190688 0.09737382
v 0.004780726 -0.04172703 0.09737542
v 0.006752682 -0.0414536 0.09737765
v 0.008706187 -0.04108774 0.09737984
v 0.01063616 -0.04063093 0.09738081
v 0.01253623 -0.04008544 0.09738076
v 0.01439775 -0.0394551 0.09738508
v 0.01621147 -0.03874517 0.09740536
v 0.01797578 -0.03795881 0.09744364
v 0.01971169 -0.03708705 0.09743688
v 0.02143167 -0.03612041 0.09734877
v -0.0009976674 -0.04198815 0.0518379
v -0.02186026 0.03586264 0.05183626
v 0.02305282 -0.03510794 0.07046897
v -0.02969788 -0.02969909 0.04837188
v -0.01653163 -0.03860965 0.05183539
v 0.02304989 -0.03510986 0.06643637
v 0.02317427 -0.03502789 0.0564976
v 0.02307331 -0.03509448 0.08854561
v 0.02276143 0.03529755 0.05329346
v 0.02245764 0.03549161 0.05497113
v 0.02224752 0.0356237 0.05685718
v 0.02216342 0.03567608 0.05884829
v 0.02215057 0.03568406 0.06088091
v 0.02215236 0.03568295 0.06291431
v 0.0221546 0.03568156 0.06493922
v 0.02215652 0.03568037 0.06695745
v 0.02215858 0.03567909 0.06897225
v 0.02216093 0.03567763 0.07098546
v 0.02216359 0.03567598 0.07299715
v 0.02216656 0.03567413 0.07500692
v 0.02216943 0.03567235 0.07701489
v 0.02217062 0.03567161 0.07902221
v 0.02216707 0.03567381 0.08103116
v 0.02215497 0.03568133 0.08304572
v 0.02213096 0.03569623 0.08507327
v 0.02209485 0.03571859 0.08712713
v 0.02205695 0.035742 0.08922849
v 0.02206261 0.03573851 0.09139658
v 0.02230392 0.03558841 0.09351753
v 0.02270596 0.03533326 0.0953796
v -0.03362183 -0.02517087 0.05183577
v -0.02674048 -0.03238745 0.04837193
v 0.0009951166 0.04198821 0.0518317
v 0.02304093 -0.03511575 0.07853979
v 0.02306701 -0.03509862 0.08654507
v -0.03733067 -0.01924633 0.05010368
v 0.02263115 -0.03538122 0.09513532
v 0.02311288 -0.03506843 0.05846504
v 0.02304536 -0.03511284 0.07652242
v 0.02324085 -0.03498375 0.05448807
v 0.0128065 -0.03999992 0.04845627
v -0.01467633 -0.03935232 0.04837155
v -0.04029951 0.01183003 0.04663883
v -0.02100068 0.03637267 0.05356868
v -0.02898427 0.03039592 0.05010373
v -0.0165336 0.03860881 0.05183654
v -0.04056866 -0.01087123 0.05183577
v -0.042 -3.472328e-06 0.05356777
v -0.03301572 0.02596078 0.05356755
v 0.02304862 -0.0351107 0.06442669
v 0.008944504 -0.04103652 0.05188527
v -0.04170335 0.004983052 0.05183472
v 0.001987463 0.04195295 0.05355976
v -0.00696294 -0.04141881 0.05183638
v -0.02185835 -0.03586381 0.05183576
v 0.01467806 0.03935168 0.05191412
v 0.008900033 0.04104619 0.05182307
v -0.03899107 -0.01561077 0.05356788
v 0.00299807 -0.04189286 0.05183817
v 0.01748326 0.03818816 0.05019217
v -0.01278723 -0.04000608 0.04837154
v -0.0243616 -0.03421275 0.05010388
v -0.001998914 0.04195241 0.0501033
v -0.0419526 0.001994935 0.05356732
v 0.02062854 -0.03658501 0.05302048
v -0.01373692 0.03969001 0.05356941
v -0.01924608 0.0373308 0.05356873
v 0.0118676 -0.04028846 0.05022072
v 0.02304827 -0.03511093 0.07450545
v 0.01739991 -0.03822621 0.05016192
v -0.04124083 -0.007949471 0.05010356
v 0.01948189 0.03720828 0.05382327
v -0.03899271 0.01560667 0.05010277
v 0.003975943 0.04181138 0.05355716
v -0.04170283 -0.004987416 0.04837144
v 0.006946726 0.04142153 0.05182436
v -0.04195232 -0.002000651 0.05010334
v 0.02293029 -0.03518809 0.09268908
v -0.02354199 0.03478181 0.05183611
v -0.003988921 -0.04181015 0.05357114
v -0.04056968 0.01086744 0.0483706
v -0.03733282 0.01924216 0.05356724
v 0.005976237 -0.04157264 0.0535754
v -0.03174284 0.02750258 0.05356752
v -0.03637479 0.02099702 0.05356735
v -0.03478378 0.02353909 0.05183549
v -0.03107729 -0.02825247 0.04837183
v -0.03174066 -0.0275051 0.05010383
v -0.03238609 -0.02674212 0.05183586
v 0.01176201 0.04031941 0.05356796
v -0.009900426 -0.04081644 0.05010356
v -0.008927759 0.04104016 0.05183679
v -0.03421126 -0.0243637 0.05356781
v -0.04189287 -0.002997959 0.04837137
v -0.03686196 -0.02012947 0.05183564
v -0.01744543 -0.03820546 0.0535674
v -0.02969956 0.02969741 0.05183563
v 0.02304206 -0.035115 0.09732759
v -0.04124159 0.007945518 0.05010252
v -0.01924362 -0.03733207 0.05356758
v 0.01468164 -0.03935034 0.04845912
v -0.01183272 0.04029872 0.05356951
v 0.02190385 -0.03583603 0.05364454
v -0.005977279 0.04157249 0.05010418
v -0.03968971 -0.01373779 0.05356795
v -0.03533185 -0.02270816 0.05356769
v 0.01367866 0.03971013 0.05362133
v 0.003993242 -0.04180974 0.05357087
v -0.04000665 0.01278546 0.04837066
v 0.01828935 -0.03780872 0.05183555
v -0.001995211 -0.04195258 0.05357175
v -0.02517041 0.03362217 0.05183594
v 0.02157473 -0.03603514 0.08556007
v -0.04195228 -0.002001636 0.05356797
v 0.02157114 -0.03603728 0.06341391
v 0.02157403 -0.03603555 0.07551917
v 0.001001055 -0.04198807 0.05183768
v -5.433825e-06 0.042 0.05356321
v -0.0377781 -0.01835252 0.05183567
v 0.0165818 0.03858813 0.05198493
v -0.03820411 -0.01744838 0.05356775
v 0.0216103 -0.03601382 0.05943693
v -0.01561007 0.03899135 0.05356913
v -0.0039925 0.04180981 0.05010385
v -0.03861038 0.01652993 0.05183482
v 0.02155149 -0.03604904 0.08357615
v 0.02126081 0.03622124 0.05350656
v -0.02750499 0.03174075 0.05010379
v -0.001001116 0.04198807 0.05183434
v 0.02157789 -0.03603324 0.06141665
v 0.01756465 0.03815079 0.05387803
v 0.02155119 -0.03604922 0.08157257
v 0.02158525 -0.03602884 0.06946061
v 0.02074306 0.03652021 0.05548747
v 0.02158035 -0.03603177 0.07349911
v -0.02270764 0.03533218 0.05356846
v 0.02117791 0.03626977 0.09514769
v 0.01939158 0.03725543 0.0950014
v 0.01748676 0.03818656 0.0951036
v 0.01557014 0.03900731 0.09520751
v 0.01364326 0.03972231 0.0952845
v 0.01170646 0.04033558 0.09532662
v 0.00975908 0.04085046 0.09534187
v 0.007798974 0.04126955 0.09534487
v 0.005824602 0.04159416 0.09534638
v 0.003837599 0.04182431 0.09534881
v 0.001841972 0.04195959 0.0953513
v -0.0001575249 0.0419997 0.09535301
v -0.002156267 0.04194461 0.09535389
v -0.004149809 0.04179449 0.09535422
v -0.006133778 0.04154969 0.09535435
v -0.008103801 0.04121078 0.09535443
v -0.01005548 0.04077852 0.09535451
v -0.01198441 0.04025387 0.09535456
v -0.01388621 0.03963803 0.09535454
v -0.01575657 0.03893239 0.09535444
v -0.01759122 0.03813855 0.09535428
v -0.01938601 0.03725832 0.0953541
v -0.02113687 0.0362937 0.09535397
v -0.02283984 0.03524687 0.09535391
v -0.02449106 0.0341202 0.09535393
v -0.02608681 0.03291623 0.09535401
v -0.02762347 0.03163769 0.09535412
v -0.02909756 0.03028749 0.09535425
v -0.03050574 0.02886867 0.09535437
v -0.03184481 0.02738445 0.09535447
v -0.03311174 0.0258382 0.09535453
v -0.03430367 0.02423341 0.09535457
v -0.03541789 0.02257373 0.09535457
v -0.03645188 0.0208629 0.09535455
v -0.03740329 0.01910481 0.0953545
v -0.03826998 0.01730344 0.09535443
v -0.03904997 0.01546287 0.09535435
v -0.03974149 0.01358728 0.09535426
v -0.04034298 0.01168093 0.0953542
v -0.04085308 0.009748139 0.09535419
v -0.04127063 0.00779326 0.09535424
v -0.0415947 0.005820701 0.09535432
v -0.04182455 0.003834924 0.09535437
v -0.04195966 0.001840443 0.09535434
v -0.0419997 -0.0001582019 0.09535426
v -0.0419446 -0.002156466 0.09535414
v -0.04179449 -0.004149819 0.09535405
v -0.04154969 -0.006133756 0.09535402
v -0.04121078 -0.008103794 0.09535406
v -0.04077851 -0.01005548 0.09535414
v -0.04025387 -0.01198441 0.09535424
v -0.03963803 -0.0138862 0.09535431
v -0.03893239 -0.01575655 0.09535432
v -0.03813856 -0.0175912 0.09535428
v -0.03725834 -0.01938597 0.09535421
v -0.03629373 -0.02113682 0.09535416
v -0.03524691 -0.02283977 0.09535415
v -0.03412023 -0.02449101 0.09535419
v -0.03291625 -0.02608679 0.09535423
v -0.03163768 -0.02762349 0.09535422
v -0.03028743 -0.02909762 0.09535416
v -0.0288686 -0.03050581 0.09535406
v -0.02738438 -0.03184487 0.09535399
v -0.02583815 -0.03311178 0.09535398
v -0.02423338 -0.03430369 0.09535404
v -0.02257371 -0.0354179 0.09535414
v -0.02086289 -0.03645188 0.09535424
v -0.01910481 -0.03740329 0.09535431
v -0.01730344 -0.03826997 0.09535435
v -0.0154629 -0.03904995 0.09535436
v -0.01358735 -0.03974146 0.09535438
v -0.01168102 -0.04034295 0.09535442
v -0.009748215 -0.04085306 0.09535445
v -0.007793325 -0.04127062 0.09535442
v -0.005820858 -0.04159468 0.09535427
v -0.00383546 -0.04182451 0.09535402
v -0.001841942 -0.04195959 0.0953538
v 0.00015467 -0.04199972 0.09535385
v 0.002149084 -0.04194498 0.0953545
v 0.004135712 -0.04179588 0.09535619
v 0.006108789 -0.04155337 0.09535926
v 0.008062905 -0.0412188 0.09536348
v 0.009993954 -0.04079364 0.09536659
v 0.01189844 -0.04027936 0.09536424
v 0.0137692 -0.03967882 0.09535697
v 0.0155919 -0.03899862 0.09536351
v 0.01734562 -0.03825087 0.09542916
v 0.01902341 -0.03744476 0.09557771
v 0.02075967 -0.03651077 0.09553814
v -0.0382062 0.01744379 0.05356706
v 0.02158472 -0.03602915 0.07147952
v 0.007946627 -0.04124138 0.05359167
v 0.02162787 -0.03600327 0.08949452
v -0.02898261 -0.0303975 0.05010394
v -0.01467576 -0.03935254 0.05183528
v 0.02158226 -0.03603062 0.06744114
v 0.02139739 -0.03614072 0.09350235
v 0.02053822 0.03663579 0.05757247
v 0.02054397 0.03663257 0.05969639
v 0.02055356 0.03662719 0.06177046
v 0.02055439 0.03662673 0.06380823
v 0.02055579 0.03662594 0.06582996
v 0.02055904 0.03662412 0.06784544
v 0.02056304 0.03662187 0.06985844
v 0.02056711 0.03661959 0.07186909
v 0.02057142 0.03661716 0.07387616
v 0.02057646 0.03661433 0.07587859
v 0.02058159 0.03661145 0.07787653
v 0.02058348 0.03661039 0.07987169
v 0.02057613 0.03661452 0.08186721
v 0.02055312 0.03662744 0.08386881
v 0.02050898 0.03665217 0.08588944
v 0.02044086 0.03669021 0.0879575
v 0.0203551 0.03673785 0.09014147
v 0.02029162 0.03677296 0.09269091
v 0.0216826 -0.03597033 0.05749124
v 0.00984077 0.04083086 0.05354906
v 0.02154835 -0.03605092 0.09149793
v -0.03301321 -0.02596397 0.05356794
v 0.02155929 -0.03604438 0.07955725
v 0.02162252 -0.03600648 0.08752149
v -0.0156078 -0.03899226 0.05356721
v 0.02156826 -0.03603901 0.07753735
v 0.02179909 -0.03589985 0.05556791
v -0.03421377 0.02436017 0.05356755
v -0.041988 -0.001003719 0.05530056
v -0.01744786 0.03820435 0.0535689
v -0.04029839 -0.01183383 0.053568
v -0.02186056 0.03586246 0.05530119
v -0.01653087 -0.03860998 0.05529923
v -0.04181015 0.003988904 0.0535669
v 0.01074504 0.04060227 0.05527147
v -0.02099827 -0.03637407 0.05356772
v 0.0186939 0.03761035 0.05604688
v 0.004984973 -0.04170312 0.05530285
v 0.01560352 0.03899398 0.0537285
v -0.0363724 -0.02100115 0.05356764
v -0.0146776 0.03935185 0.05530224
v 0.002000353 -0.04195234 0.05357073
v -0.02012926 0.03686208 0.05530128
v 0.01922484 -0.03734174 0.05338416
v -0.04198821 0.0009952794 0.05529999
v -0.02825268 0.0310771 0.05183569
v -0.01373538 -0.03969054 0.05010341
v -0.006964918 0.04141847 0.0518366
v -0.03362439 0.02516745 0.05529958
v 0.02044004 -0.03669066 0.05464391
v -0.03778043 0.01834772 0.05529934
v 0.01376821 -0.03967917 0.0502603
v -0.02674182 0.03238634 0.05183579
v -0.0235402 -0.03478303 0.05183585
v 2.683391e-06 -0.042 0.05357155
v 0.02157551 -0.03603467 0.06542408
v -0.03969114 0.01373366 0.05010256
v -0.002990257 -0.04189342 0.05530664
v -0.03362164 -0.02517112 0.05530009
v 0.002973911 0.04189458 0.05528573
v -0.04157232 -0.005978513 0.05010347
v -0.04081683 0.009898805 0.05010241
v 0.005952833 0.041576 0.05355408
v -0.01183129 -0.04029914 0.05010343
v -0.03039606 -0.02898412 0.05010389
v 0.000987096 0.0419884 0.05529055
v -0.04189282 -0.002998664 0.05183551
v -0.005974367 -0.04157291 0.05356965
v -0.03238857 0.02673912 0.05529947
v -0.02436315 0.03421165 0.05356817
v -0.02750349 -0.03174206 0.05010395
v -0.03860838 -0.0165346 0.0553
v 0.01561374 -0.03898988 0.05024792
v -0.03686442 0.02012497 0.05529937
v -0.008925971 -0.04104055 0.05183573
v -0.03533431 0.02270433 0.05356747
v -0.03107704 -0.02825274 0.05183593
v -0.02596199 -0.03301477 0.05010392
v -0.009901814 0.0408161 0.05356955
v -0.04141901 0.006961714 0.05183448
v -0.04103993 -0.008928849 0.0518357
v -0.03039805 0.02898204 0.0535675
v 0.01090814 -0.04055875 0.0519576
v -0.01278826 0.04000575 0.05530251
v -0.01834928 -0.03777968 0.05529951
v -0.0393514 -0.0146788 0.05530016
v -0.03478135 -0.02354268 0.05529985
v 0.01264172 0.0400523 0.05530838
v 0.006953798 -0.04142034 0.05530672
v -0.004981267 -0.04170356 0.0553044
v 0.01655817 -0.03859828 0.05204058
v 0.02005336 -0.03690343 0.06037465
v -0.02354221 0.03478167 0.05530072
v -0.03733056 -0.01924655 0.05356767
v 0.00884337 0.04105843 0.05527706
v 0.02007189 -0.03689335 0.06642634
v 0.0200699 -0.03689443 0.08657959
v -0.01653373 0.03860875 0.05530178
v -0.04029963 0.01182961 0.05010242
v -0.03935318 0.01467404 0.05183458
v 0.0200114 -0.0369262 0.08462244
v -0.01278669 -0.04000625 0.05183525
v -0.03861074 0.01652908 0.05529915
v 0.02005682 -0.03690155 0.06440316
v 0.02008209 -0.0368878 0.07047269
v -0.0009939434 -0.04198824 0.05530709
v 0.02001162 -0.03692607 0.08261109
v 0.02005674 -0.03690159 0.07653679
v 0.0200671 -0.03689595 0.07451517
v 0.02008174 -0.03688799 0.06845068
v -0.04180965 -0.003994119 0.05010343
v 0.0181251 0.03788774 0.09294289
v 0.01613998 0.038775 0.0931422
v 0.01419119 0.03952986 0.09327735
v 0.01224761 0.04017457 0.09334807
v 0.01030059 0.04071729 0.09336903
v 0.008344416 0.04116273 0.09336908
v 0.006373084 0.04151366 0.09337061
v 0.00438742 0.04177021 0.09337517
v 0.002391942 0.04193183 0.09338017
v 0.0003917786 0.04199817 0.09338367
v -0.001608301 0.0419692 0.09338542
v -0.003603944 0.04184509 0.09338605
v -0.005590977 0.04162621 0.09338625
v -0.007565191 0.04131305 0.09338641
v -0.009522272 0.04090631 0.09338659
v -0.01145783 0.04040691 0.09338674
v -0.0133675 0.03981595 0.09338678
v -0.01524693 0.03913478 0.09338666
v -0.01709183 0.03836495 0.09338638
v -0.01889799 0.03750821 0.09338602
v -0.0206613 0.03656653 0.0933857
v -0.02237778 0.03554202 0.09338552
v -0.02404356 0.034437 0.09338549
v -0.02565488 0.03325398 0.09338561
v -0.0272081 0.03199561 0.09338581
v -0.02869969 0.03066477 0.09338605
v -0.03012626 0.02926445 0.09338629
v -0.03148459 0.02779785 0.09338649
v -0.0327716 0.02626827 0.09338665
v -0.03398437 0.02467919 0.09338674
v -0.03512016 0.02303421 0.09338677
v -0.03617638 0.02133704 0.09338675
v -0.03715067 0.01959153 0.09338669
v -0.0380408 0.01780161 0.09338658
v -0.03884477 0.01597135 0.09338643
v -0.03956073 0.01410492 0.09338624
v -0.04018705 0.01220658 0.09338607
v -0.04072233 0.01028065 0.09338599
v -0.04116536 0.00833144 0.09338607
v -0.04151516 0.006363322 0.09338624
v -0.04177091 0.004380719 0.0933864
v -0.04193205 0.002388133 0.09338642
v -0.04199819 0.0003901243 0.09338629
v -0.04196918 -0.001608734 0.09338605
v -0.04184509 -0.003603897 0.09338582
v -0.04162622 -0.005590853 0.0933857
v -0.04131306 -0.007565125 0.09338572
v -0.04090631 -0.00952226 0.09338587
v -0.0404069 -0.01145784 0.09338607
v -0.03981595 -0.0133675 0.09338625
v -0.03913479 -0.01524692 0.09338634
v -0.03836496 -0.01709181 0.09338629
v -0.03750824 -0.01889794 0.09338614
v -0.03656657 -0.02066121 0.093386
v -0.0355421 -0.02237765 0.09338595
v -0.0344371 -0.02404342 0.09338603
v -0.03325406 -0.02565478 0.09338614
v -0.03199564 -0.02720807 0.09338619
v -0.03066472 -0.02869974 0.09338609
v -0.02926435 -0.03012637 0.09338589
v -0.02779772 -0.03148471 0.0933857
v -0.02626816 -0.03277169 0.09338562
v -0.02467912 -0.03398442 0.09338568
v -0.02303417 -0.03512018 0.09338586
v -0.021337 -0.0361764 0.09338608
v -0.01959148 -0.03715069 0.09338625
v -0.01780157 -0.03804082 0.09338633
v -0.01597136 -0.03884476 0.09338634
v -0.01410503 -0.03956069 0.09338635
v -0.01220677 -0.040187 0.09338642
v -0.01028083 -0.04072229 0.09338655
v -0.00833152 -0.04116535 0.09338661
v -0.006363305 -0.04151516 0.09338645
v -0.004380816 -0.0417709 0.09338599
v -0.002388902 -0.04193201 0.09338532
v -0.0003927091 -0.04199816 0.09338475
v 0.001602196 -0.04196943 0.09338474
v 0.003589675 -0.04184632 0.09338592
v 0.005562875 -0.04162997 0.09338905
v 0.007514416 -0.04132231 0.09339518
v 0.009438397 -0.04092575 0.09340425
v 0.01133554 -0.04044138 0.09340822
v 0.01320964 -0.0398686 0.09339103
v 0.01505345 -0.03920961 0.09335638
v 0.01684899 -0.03847222 0.09336307
v 0.01852748 -0.0376926 0.0935676
v 0.01995838 -0.03695488 0.09405129
v -0.03899298 0.01560602 0.05356675
v 0.0200454 -0.03690775 0.06238531
v 0.02007713 -0.0368905 0.07249262
v 0.009908045 -0.04081459 0.05364301
v -0.03174044 -0.02750535 0.05356806
v 0.00790712 0.04124897 0.0535502
v -0.03238585 -0.02674241 0.05530029
v 0.01882974 -0.03754252 0.05525635
v 0.01887588 0.03751934 0.05848973
v 0.01892762 0.03749327 0.06064152
v 0.01891754 0.03749836 0.06268875
v 0.0189143 0.03749999 0.06471212
v 0.01891953 0.03749735 0.06672912
v 0.01892717 0.0374935 0.06874336
v 0.01893406 0.03749002 0.07075441
v 0.01893997 0.03748703 0.07276019
v 0.01894636 0.0374838 0.07475817
v 0.01895472 0.03747958 0.07674632
v 0.01896394 0.03747491 0.07872436
v 0.01896634 0.0374737 0.08069488
v 0.0189502 0.03748186 0.08266072
v 0.01890689 0.03750373 0.08462664
v 0.018829 0.03754289 0.08660849
v 0.01870552 0.03760457 0.08863544
v 0.01851743 0.03769755 0.09076596
v 0.02010787 -0.03687375 0.05839956
v -0.01467515 -0.03935276 0.05529895
v 0.02002767 -0.03691737 0.08058673
v 0.01758926 -0.03813945 0.05375965
v -0.01373486 -0.03969072 0.05356709
v 0.02004491 -0.03690801 0.07855947
v -0.04189271 -0.003000098 0.05530082
v -0.02270824 0.0353318 0.05703394
v -0.01561018 0.03899131 0.05703541
v -0.04000525 -0.01278984 0.05530032
v 0.02013959 -0.03685644 0.09044649
v 0.002999161 -0.04189278 0.05530378
v 0.008896677 -0.04104691 0.05532411
v -0.007946211 -0.04124146 0.05356832
v -0.03820672 0.01744267 0.05703177
v -0.04189328 0.002992194 0.05529934
v 0.01648578 0.03862925 0.05561325
v 0.01452767 0.03940745 0.05540372
v -0.01560685 -0.03899264 0.05703097
v -0.03586225 -0.0218609 0.05529973
v 0.009750309 0.04085256 0.05701104
v -0.02825091 -0.03107871 0.05183602
v -0.0210013 0.03637232 0.05703435
v -0.003982556 -0.04181076 0.05704197
v -0.042 -5.542064e-06 0.05703339
v -0.004986453 0.04170294 0.05183621
v -0.02898439 0.03039581 0.05356754
v -0.02969762 -0.02969935 0.051836
v -0.007948558 0.041241 0.05356937
v 0.02023868 -0.03680212 0.05647047
v -0.03478401 0.02353875 0.05529958
v -0.04141823 -0.006966362 0.0518356
v -0.002000753 0.04195232 0.05356621
v 0.004955264 0.04170666 0.05528318
v -0.04104086 0.008924565 0.0518343
v -0.01086868 -0.04056934 0.05183536
v -0.03733325 0.01924132 0.05703156
v -0.0227054 -0.03533362 0.05356784
v -0.03301596 0.02596047 0.05703155
v 0.005977426 -0.04157247 0.05703199
v -0.02596351 0.03301358 0.05356785
v -0.002996977 0.04189294 0.05183541
v -0.01087011 0.04056896 0.05530278
v 0.003999661 -0.04180912 0.05703562
v -0.03777793 -0.01835287 0.05529984
v 0.01473939 -0.03932875 0.05212313
v 0.001970015 0.04195377 0.05701419
v -0.03586485 0.02185664 0.05529948
v -0.02012621 -0.03686374 0.05529971
v -0.0251687 -0.03362345 0.05183592
v 0.01997636 -0.03694516 0.09228488
v -0.04157299 0.005973844 0.05356655
v 0.02019343 -0.03682697 0.08848865
v -0.04081576 -0.009903234 0.053568
v -0.04180955 -0.003995165 0.05356792
v -0.001005319 0.04198797 0.05529557
v -0.03107937 0.02825019 0.05529935
v -0.01373659 0.03969013 0.05703595
v -0.01835233 0.0377782 0.05530146
v -0.01744437 -0.03820594 0.05703145
v -0.03301282 -0.02596447 0.05703263
v -0.04195217 -0.002003757 0.057034
v -0.03899066 -0.0156118 0.05703245
v -0.03421106 -0.02436398 0.0570322
v 0.01159708 0.04036716 0.05696938
v -0.006961221 -0.04141909 0.05530182
v -0.001987676 -0.04195294 0.05704461
v 0.003949389 0.0418139 0.05700877
v -0.03421399 0.02435986 0.05703171
v -0.03820375 -0.01744916 0.05703222
v 0.01846623 -0.03772265 0.06131605
v 0.01854411 -0.03768443 0.06743978
v 0.01851121 -0.0377006 0.07553531
v -0.03686187 -0.02012965 0.05529975
v -0.02517056 0.03362206 0.05530017
v -0.01373418 -0.03969096 0.05703054
v 0.007851602 0.04125957 0.05701215
v 0.001004109 -0.041988 0.05530597
v -0.02674015 -0.03238772 0.05183598
v 0.01852014 -0.03769621 0.06540516
v 0.01840323 -0.03775342 0.08575774
v 0.01854171 -0.03768561 0.0714867
v 0.01848936 -0.03771132 0.06336742
v 0.01284923 -0.03998621 0.05206377
v -0.02750509 0.03174067 0.05356765
v -0.04000679 0.01278502 0.05183433
v 0.01840956 -0.03775034 0.08369812
v -0.02898233 -0.03039777 0.05356819
v 0.00792736 -0.04124508 0.05703463
v 0.01854875 -0.03768214 0.06946616
v -0.04170273 -0.004988187 0.05183552
v 0.01658815 0.0385854 0.09111811
v 0.01465888 0.03935883 0.09134545
v 0.01272528 0.04002583 0.09146326
v 0.01078441 0.04059183 0.09148919
v 0.008835458 0.04106013 0.09147706
v 0.006865874 0.04143501 0.09147859
v 0.004878973 0.04171565 0.09148693
v 0.002881314 0.04190105 0.0914965
v 0.0008788774 0.0419908 0.09150322
v -0.001123251 0.04198498 0.09150644
v -0.003120944 0.04188388 0.0915075
v -0.005110491 0.04168792 0.09150778
v -0.007088074 0.04139757 0.09150803
v -0.00904956 0.04101348 0.09150838
v -0.01099062 0.04053648 0.09150875
v -0.01290689 0.03996764 0.09150896
v -0.01479405 0.03930822 0.09150888
v -0.01664776 0.03855972 0.09150845
v -0.01846374 0.03772387 0.09150778
v -0.02023782 0.03680259 0.0915071
v -0.02196601 0.03579797 0.09150664
v -0.02364443 0.03471226 0.09150649
v -0.02526931 0.03354791 0.09150662
v -0.02683695 0.03230756 0.09150695
v -0.02834381 0.03099401 0.09150738
v -0.02978646 0.02961025 0.09150782
v -0.03116163 0.02815941 0.09150822
v -0.0324662 0.02664481 0.09150854
v -0.03369722 0.02506985 0.09150875
v -0.03485191 0.0234381 0.09150885
v -0.03592764 0.02175327 0.09150885
v -0.03692199 0.02001916 0.09150877
v -0.03783272 0.01823966 0.09150863
v -0.03865778 0.01641877 0.0915084
v -0.03939527 0.01456067 0.09150805
v -0.04004348 0.01266964 0.09150765
v -0.04060094 0.01075004 0.09150739
v -0.04106643 0.008806171 0.09150743
v -0.0414389 0.00684233 0.09150776
v -0.04171753 0.004862859 0.09150816
v -0.04190167 0.002872225 0.09150836
v -0.04199088 0.0008750141 0.0915082
v -0.04198495 -0.001124143 0.09150775
v -0.0418839 -0.00312066 0.09150725
v -0.04168798 -0.005110023 0.0915069
v -0.04139763 -0.007087762 0.09150684
v -0.04101351 -0.009049423 0.09150705
v -0.04053649 -0.01099059 0.09150743
v -0.03996763 -0.0129069 0.09150784
v -0.03930821 -0.01479406 0.09150812
v -0.03855972 -0.01664776 0.09150813
v -0.03772388 -0.01846372 0.09150787
v -0.03680263 -0.02023775 0.09150752
v -0.03579808 -0.02196583 0.09150733
v -0.03471245 -0.02364415 0.09150743
v -0.03354813 -0.02526901 0.09150772
v -0.03230771 -0.02683676 0.09150792
v -0.03099403 -0.02834378 0.09150783
v -0.02961015 -0.02978656 0.09150746
v -0.02815925 -0.03116178 0.09150701
v -0.02664464 -0.03246634 0.09150673
v -0.02506973 -0.03369731 0.09150674
v -0.02343804 -0.03485195 0.09150703
v -0.02175322 -0.03592767 0.09150747
v -0.02001905 -0.03692205 0.09150787
v -0.01823949 -0.03783281 0.09150808
v -0.01641864 -0.03865783 0.09150808
v -0.01456073 -0.03939524 0.09150802
v -0.01266995 -0.04004338 0.0915081
v -0.01075046 -0.04060083 0.09150839
v -0.008806454 -0.04106637 0.09150871
v -0.006842293 -0.04143891 0.0915087
v -0.004862553 -0.04171757 0.09150808
v -0.002872082 -0.04190168 0.09150685
v -0.0008760855 -0.04199086 0.09150532
v 0.001119664 -0.04198507 0.09150415
v 0.003108543 -0.04188481 0.09150415
v 0.00508275 -0.04169131 0.09150617
v 0.007032493 -0.04140705 0.09151148
v 0.008945329 -0.04103634 0.09152406
v 0.010813 -0.04058422 0.0915479
v 0.01265857 -0.04004698 0.09154827
v 0.01450035 -0.03941751 0.0914715
v 0.01633521 -0.03869317 0.09136272
v 0.01829468 -0.03780615 0.09137895
v 0.01852895 -0.03769188 0.07350846
v -0.03039582 -0.02898438 0.05356811
v 0.00691307 0.04142716 0.05528058
v -1.372245e-05 0.042 0.05702245
v 0.01731425 0.03826509 0.05962154
v 0.01726187 0.03828874 0.06162786
v 0.01724418 0.03829671 0.06363933
v 0.01725426 0.03829217 0.06566009
v 0.01727012 0.03828502 0.06767957
v 0.01728307 0.03827918 0.06969377
v 0.01729219 0.03827506 0.07170061
v 0.01729955 0.03827173 0.07369726
v 0.01730842 0.03826772 0.07567902
v 0.01732245 0.03826137 0.07764097
v 0.01733983 0.0382535 0.0795821
v 0.01734075 0.03825308 0.08150798
v 0.01730313 0.03827012 0.08341712
v 0.01722444 0.0383056 0.08530854
v 0.01709666 0.0383628 0.08720292
v 0.01689951 0.03845005 0.08913878
v 0.01847559 -0.03771807 0.05926382
v 0.01844012 -0.03773542 0.08163993
v -0.03107677 -0.02825305 0.05530048
v 0.01846965 -0.03772098 0.07959673
v -0.01744827 0.03820416 0.05703476
v 0.01890389 -0.03750524 0.08946803
v -0.03174 -0.02750586 0.05703295
v 0.01712206 0.03835147 0.05755545
v -0.02436356 0.03421136 0.05703297
v -0.03899347 0.01560478 0.05703169
v -0.04170343 0.004982353 0.0552988
v 1.051795e-05 -0.042 0.05704442
v 0.002939861 0.04189698 0.05873333
v -0.04195267 0.001993274 0.05703229
v -0.02186197 0.0358616 0.05876812
v -0.03533175 -0.02270831 0.05703197
v -0.03174312 0.02750226 0.05703124
v 0.01343919 0.03979181 0.05708328
v -0.0127862 -0.04000641 0.05529883
v -0.003993193 0.04180974 0.05356804
v 0.00877217 0.0410737 0.05876038
v -0.01652913 -0.03861072 0.05876338
v -0.03861149 0.01652733 0.05876473
v -0.04056976 0.01086713 0.05183424
v -0.03362459 0.02516717 0.05876388
v -0.008925057 -0.04104075 0.05529994
v 0.002007604 -0.04195199 0.05704084
v 0.01849421 -0.03770894 0.07756148
v -0.02969973 0.02969724 0.05529929
v -0.03778106 0.01834644 0.05876415
v -0.002977239 -0.04189434 0.05878388
v -0.04124066 -0.007950351 0.05356791
v -0.04170257 -0.00498958 0.05530083
v -0.005970494 -0.04157347 0.05703719
v -0.03533456 0.02270394 0.05703167
v -0.02750315 -0.03174235 0.05356816
v 0.006984847 -0.04141512 0.05875432
v -0.009899849 -0.04081658 0.05356746
v -0.04124165 0.007945181 0.0535663
v -0.02185765 -0.03586423 0.05529987
v -0.01183083 -0.04029927 0.05356709
v -0.01653449 0.03860843 0.05876908
v -0.03637512 0.02099645 0.05703154
v -0.01183207 0.04029891 0.05703664
v 0.01081474 -0.04058376 0.05538701
v 0.005006051 -0.04170059 0.05876162
v 0.01188058 -0.04028463 0.05379931
v -0.03860761 -0.0165364 0.05876489
v 0.01577119 -0.03892647 0.05406178
v 0.005915784 0.04158129 0.05700783
v -0.03969135 0.01373305 0.05356647
v 0.01857528 -0.03766907 0.05722678
v 0.01855631 -0.03767842 0.08772246
v -0.01924255 -0.03733262 0.05703174
v -0.02436109 -0.03421311 0.05356795
v -0.04056843 -0.01087209 0.05530046
v -0.008927501 0.04104022 0.05530283
v -0.03968934 -0.01373885 0.0570327
v -0.03733033 -0.01924699 0.05703206
v 0.01704784 -0.03838452 0.05582023
v -0.005977435 0.04157247 0.05356901
v -0.002998479 0.04189283 0.05529931
v -0.03362102 -0.02517195 0.0587649
v -0.01467754 0.03935187 0.05876988
v 0.01385087 -0.03965039 0.05403541
v -0.01924661 0.03733053 0.05703438
v -0.04180936 -0.003997219 0.05703426
v -0.01467384 -0.03935325 0.05876244
v -0.04198792 -0.001007148 0.05876792
v 0.01066511 0.04062334 0.05876653
v 0.000969609 0.04198881 0.05874511
v -0.04198828 0.000992328 0.05876629
v -0.02354333 0.03478091 0.05876681
v -0.03238888 0.02673875 0.05876335
v -0.004972712 -0.04170458 0.05877623
v -0.03935072 -0.01468063 0.0587651
v -0.03238498 -0.02674346 0.0587657
v 0.01682488 -0.03848277 0.05799698
v 0.01690888 -0.03844593 0.07656411
v -0.04157217 -0.005979554 0.05356784
v -0.002003896 0.04195217 0.05702928
v 0.01522198 0.03914449 0.05720606
v -0.01835347 0.03777764 0.05876835
v 0.0068464 0.04143823 0.0587337
v 0.01686682 -0.0384644 0.06231199
v -0.03478419 0.02353848 0.05876399
v 0.01697428 -0.0384171 0.06643032
v -0.02596157 -0.0330151 0.05356804
v -0.007944219 -0.04124184 0.05703333
v -0.0009787005 -0.0419886 0.05878691
v 0.01559799 0.03899619 0.06058944
v 0.009813991 -0.04083731 0.05704122
v -0.03637231 -0.02100132 0.05703193
v 0.01674144 -0.03851914 0.08484843
v 0.008948313 -0.04103569 0.05875334
v -0.03777731 -0.01835415 0.05876475
v 0.01697923 -0.03841492 0.07048282
v 0.01505138 0.03921041 0.08949234
v 0.0168337 -0.03847891 0.06018892
v 0.0169913 -0.03840958 0.06846365
v -0.0393535 0.01467317 0.05529895
v 0.01316686 0.03988275 0.08969374
v 0.01124404 0.04046692 0.08972714
v 0.009310043 0.04095514 0.08967504
v 0.007337728 0.04135405 0.08967986
v 0.005344376 0.04165858 0.0896944
v 0.003340068 0.04186698 0.08971197
v 0.001332103 0.04197887 0.08972429
v -0.0006738204 0.04199459 0.08972983
v -0.002674052 0.04191479 0.08973139
v -0.004665876 0.04174002 0.08973168
v -0.006646277 0.0414708 0.08973202
v -0.008611469 0.0411077 0.08973263
v -0.01055719 0.04065152 0.08973337
v -0.01247917 0.04010325 0.08973399
v -0.01437313 0.03946407 0.08973413
v -0.01623474 0.03873542 0.08973357
v -0.01805961 0.037919 0.0897324
v -0.01984346 0.03701671 0.08973106
v -0.02158229 0.03603061 0.08973004
v -0.02327222 0.03496289 0.08972958
v -0.02490947 0.03381595 0.08972966
v -0.02649032 0.03259238 0.08973015
v -0.02801117 0.03129496 0.08973088
v -0.02946856 0.02992664 0.08973168
v -0.03085918 0.02849055 0.08973243
v -0.03217984 0.02698996 0.08973305
v -0.03342759 0.02542826 0.0897335
v -0.0345996 0.02380898 0.08973375
v -0.03569323 0.0221358 0.08973379
v -0.03670599 0.0204125 0.0897337
v -0.03763564 0.01864293 0.08973354
v -0.0384801 0.01683098 0.08973325
v -0.03923745 0.01498075 0.08973269
v -0.03990587 0.01309662 0.08973187
v -0.04048381 0.01118306 0.08973116
v -0.04097 0.009244411 0.089731
v -0.0413634 0.007284874 0.08973153
v -0.04166315 0.005308647 0.08973241
v -0.04186857 0.003320094 0.08973304
v -0.04197913 0.001323812 0.08973299
v -0.04199457 -0.0006754648 0.08973225
v -0.04191485 -0.002673063 0.08973122
v -0.04174018 -0.004664462 0.08973041
v -0.04147097 -0.006645215 0.0897301
v -0.04110782 -0.008610859 0.08973031
v -0.04065158 -0.01055694 0.08973093
v -0.04010326 -0.01247913 0.08973176
v -0.03946406 -0.01437317 0.08973248
v -0.03873539 -0.01623481 0.08973273
v -0.03791895 -0.01805972 0.08973236
v -0.03701667 -0.01984354 0.08973161
v -0.03603069 -0.02158216 0.08973104
v -0.03496319 -0.02327178 0.08973109
v -0.03381641 -0.02490884 0.08973169
v -0.03259284 -0.02648975 0.08973228
v -0.03129523 -0.02801086 0.08973232
v -0.0299267 -0.02946851 0.08973171
v -0.02849046 -0.03085926 0.08973078
v -0.02698981 -0.03217996 0.08973005
v -0.02542814 -0.03342768 0.08972986
v -0.02380893 -0.03459964 0.08973026
v -0.02213576 -0.03569325 0.08973105
v -0.02041234 -0.03670608 0.08973191
v -0.01864253 -0.03763583 0.08973245
v -0.01683049 -0.03848032 0.08973248
v -0.01498053 -0.03923753 0.08973223
v -0.01309695 -0.03990576 0.08973219
v -0.01118384 -0.0404836 0.08973268
v -0.009245191 -0.04096982 0.08973351
v -0.007285164 -0.04136335 0.08973399
v -0.005308219 -0.04166321 0.08973344
v -0.003319147 -0.04186864 0.08973159
v -0.001323098 -0.04197915 0.08972875
v 0.0006741313 -0.04199459 0.08972576
v 0.002665599 -0.04191533 0.08972384
v 0.004642782 -0.0417426 0.0897243
v 0.006595565 -0.04147889 0.0897269
v 0.008507635 -0.04112931 0.08973287
v 0.01034899 -0.04070502 0.08975972
v 0.0120958 -0.04022054 0.08984117
v 0.01386936 -0.03964392 0.08978411
v 0.01561133 -0.03899085 0.08949517
v 0.01734758 -0.03824998 0.08939289
v 0.01693914 -0.03843261 0.0745266
v 0.01696019 -0.03842333 0.07250166
v -0.0259638 0.03301335 0.05703198
v -0.03935419 0.01467134 0.05876489
v 0.0155511 0.03901491 0.06261862
v 0.01557657 0.03900475 0.064663
v 0.01561037 0.03899123 0.06669959
v 0.01563471 0.03898148 0.06872203
v 0.01565041 0.03897518 0.07073224
v 0.01566079 0.03897101 0.072731
v 0.01566845 0.03896793 0.07471288
v 0.01567989 0.03896333 0.07666748
v 0.01570485 0.03895328 0.07858378
v 0.01574169 0.0389384 0.08045942
v 0.01573024 0.03894303 0.08231321
v 0.01563882 0.03897983 0.08412467
v 0.0155154 0.03902912 0.08589111
v -0.03039533 -0.02898489 0.05703316
v 0.01678815 -0.0384988 0.08272231
v -0.0296973 -0.02969967 0.05530054
v 0.0168345 -0.03847856 0.08065376
v 0.01687772 -0.03845962 0.07860216
v 0.0169177 -0.03844205 0.06437877
v -0.02674194 0.03238624 0.05529967
v 0.01493813 -0.03925369 0.05642474
v -0.04189248 -0.003003411 0.05876863
v 0.01279898 -0.04000233 0.05578293
v -0.04000706 0.01278416 0.05529852
v -0.04181027 0.003987629 0.05703138
v -0.03478108 -0.02354307 0.05876432
v -0.01086817 -0.04056948 0.055299
v -0.042 -1.093851e-05 0.06050237
v 0.01664859 -0.03855936 0.08722754
v -0.02517134 0.03362147 0.05876501
v -0.03301616 0.02596022 0.06049602
v -0.003964095 -0.04181251 0.06052266
v 0.0123698 0.04013712 0.05856088
v -0.00498678 0.0417029 0.05530149
v -0.01834748 -0.03778055 0.05876387
v 0.004904663 0.04171264 0.05872693
v 0.007735002 0.04128159 0.06046472
v -0.006956609 -0.04141987 0.05876863
v -0.04000464 -0.01279173 0.05876577
v -0.01278734 0.04000605 0.05877118
v -0.0201305 0.0368614 0.05876818
v -0.03039832 0.02898175 0.05703097
v -0.03820773 0.01744045 0.06049765
v -0.0410397 -0.008929889 0.0553005
v -0.03969178 0.0137318 0.05703135
v 0.00301555 -0.0418916 0.05877451
v 0.008006317 -0.04122983 0.06046661
v -0.02099733 -0.03637461 0.05703194
v -0.03820226 -0.01745243 0.06049784
v -0.03686487 0.02012415 0.05876376
v -0.02271118 0.03532991 0.06050262
v 0.006018559 -0.04156654 0.06047295
v 0.01583299 0.03890137 0.05881172
v -0.04141911 0.006961122 0.05529844
v -0.03301128 -0.02596642 0.0604982
v -0.04081693 0.00989841 0.05356616
v -0.03107978 0.02824973 0.05876264
v -0.04029978 0.01182909 0.0535662
v 0.01153579 -0.04038472 0.05703286
v 0.001934921 0.04195541 0.06046137
v -0.03898933 -0.01561512 0.06049757
v -0.0235396 -0.03478343 0.05530003
v -0.02825282 0.03107697 0.05529939
v 0.01534321 0.03909713 0.08767999
v -0.02825053 -0.03107905 0.05530054
v -0.04029805 -0.01183499 0.05703309
v -0.009901057 0.04081628 0.05703713
v -0.03107584 -0.02825406 0.05876619
v -0.04157189 -0.005981447 0.05703424
v -0.01560403 -0.03899377 0.06049526
v -0.006964832 0.04141849 0.05530242
v -0.01561149 0.03899079 0.06050454
v -0.001962663 -0.04195412 0.06053267
v 0.009707439 0.04086277 0.06054341
v -0.01278507 -0.04000678 0.05876162
v -0.04189344 0.002989872 0.05876458
v -0.001012014 0.04198781 0.05875664
v -0.03421029 -0.02436505 0.06049678
v -0.04195191 -0.002009279 0.06050432
v -0.009898925 -0.0408168 0.05703108
v -0.03421404 0.0243598 0.06049657
v -0.01745056 0.03820312 0.06050345
v 0.003886991 0.04181975 0.06044617
v -0.01744106 -0.03820745 0.06049629
v -0.02100416 0.03637066 0.06050358
v -0.03899458 0.01560201 0.06049885
v -0.04141801 -0.00696765 0.05530051
v 0.01500947 -0.03922647 0.08584009
v -0.02516821 -0.03362382 0.05530018
v -0.02898178 -0.0303983 0.05703325
v -0.03586513 0.02185617 0.05876383
v 0.01542138 -0.03906637 0.06747633
v -0.03968813 -0.01374235 0.06049827
v 0.001020277 -0.04198761 0.05878419
v 0.01525214 -0.03913275 0.07760759
v 0.01505625 -0.03920854 0.08379853
v -0.003993805 0.04180968 0.05703386
v 0.01381318 0.03966354 0.06155978
v 0.009996671 -0.04079297 0.06046472
v 0.01091613 -0.0405566 0.05870564
v -0.03686152 -0.02013028 0.05876451
v -0.01183013 -0.04029948 0.05703045
v 0.01536755 -0.03908757 0.07148964
v -0.03732917 -0.01924924 0.06049792
v -0.02436578 0.03420977 0.06049973
v 0.01521402 -0.03914759 0.06126313
v 0.005810955 0.04159607 0.06043785
v 0.01539773 -0.03907569 0.06948189
v 0.01358362 0.03974274 0.08803497
v -0.04170219 -0.004992713 0.05876879
v 0.01171038 0.04033444 0.08811074
v 0.009803477 0.04083983 0.08792806
v 0.007808869 0.04126768 0.08795796
v 0.005799951 0.0415976 0.08798014
v 0.003781576 0.04182941 0.08801165
v 0.00176239 0.04196301 0.08803351
v -0.0002504183 0.04199925 0.08804235
v -0.002254221 0.04193946 0.08804424
v -0.004248281 0.04178459 0.08804434
v -0.006231086 0.04153521 0.08804474
v -0.008199408 0.04119186 0.08804568
v -0.01014904 0.04075533 0.088047
v -0.01207578 0.04022655 0.08804839
v -0.01397563 0.03960659 0.08804919
v -0.0158443 0.03889676 0.08804868
v -0.01767728 0.03809874 0.0880468
v -0.01947012 0.03721444 0.08804429
v -0.02121876 0.03624589 0.08804217
v -0.02291937 0.0351952 0.08804105
v -0.02456817 0.03406472 0.08804095
v -0.02616138 0.032857 0.08804162
v -0.02769533 0.03157481 0.08804279
v -0.02916654 0.03022106 0.08804417
v -0.03057162 0.02879889 0.08804549
v -0.03190731 0.0273116 0.08804664
v -0.03317063 0.02576255 0.08804754
v -0.03435879 0.0241552 0.08804811
v -0.0354691 0.02249317 0.08804826
v -0.03649901 0.02078033 0.08804813
v -0.03744625 0.01902047 0.08804795
v -0.03830882 0.01721728 0.08804772
v -0.03908478 0.01537466 0.08804698
v -0.03977221 0.01349708 0.0880455
v -0.04036941 0.01158925 0.08804384
v -0.04087503 0.009655687 0.08804306
v -0.04128803 0.007700534 0.08804373
v -0.0416076 0.005727775 0.08804543
v -0.04183301 0.003741532 0.08804704
v -0.04196368 0.001746333 0.08804744
v -0.04199924 -0.0002529381 0.08804634
v -0.04193961 -0.002251429 0.08804442
v -0.04178497 -0.004244602 0.0880427
v -0.04153566 -0.006228087 0.08804182
v -0.04119226 -0.008197404 0.08804188
v -0.04075559 -0.01014799 0.08804275
v -0.04022666 -0.01207544 0.08804421
v -0.03960659 -0.01397561 0.0880458
v -0.0388967 -0.01584447 0.08804674
v -0.03809856 -0.01767767 0.08804641
v -0.03721416 -0.01947065 0.08804497
v -0.03624574 -0.02121901 0.08804353
v -0.03519548 -0.02291895 0.08804324
v -0.03406549 -0.0245671 0.08804431
v -0.032858 -0.02616012 0.08804575
v -0.03157567 -0.02769436 0.0880463
v -0.03022163 -0.02916596 0.08804541
v -0.02879923 -0.0305713 0.08804364
v -0.0273118 -0.03190714 0.08804201
v -0.02576266 -0.03317055 0.08804128
v -0.02415529 -0.03435873 0.08804165
v -0.02249328 -0.03546903 0.08804297
v -0.02078022 -0.03649908 0.08804468
v -0.01901978 -0.0374466 0.088046
v -0.01721607 -0.03830936 0.08804627
v -0.01537361 -0.03908519 0.08804563
v -0.01349699 -0.03977224 0.08804509
v -0.01159031 -0.04036911 0.08804568
v -0.009657283 -0.04087465 0.08804737
v -0.007701715 -0.04128781 0.08804898
v -0.005727849 -0.04160759 0.08804901
v -0.003740378 -0.04183312 0.08804665
v -0.001744254 -0.04196377 0.08804214
v 0.0002550448 -0.04199923 0.0880365
v 0.002250648 -0.04193965 0.08803145
v 0.004233392 -0.0417861 0.08802941
v 0.006191489 -0.04154113 0.08803272
v 0.008118351 -0.04120792 0.08803068
v 0.009983398 -0.04079622 0.08802241
v 0.01170457 -0.04033613 0.08808565
v 0.01316863 -0.03988217 0.08840425
v -0.03173795 -0.02750823 0.06050011
v 0.0151372 -0.03917735 0.05900334
v -0.0267397 -0.03238809 0.0553004
v -0.04000762 0.01278242 0.05876459
v -2.732334e-05 0.04199999 0.06047935
v 0.01389067 0.03963647 0.06374236
v 0.01396232 0.03961128 0.065821
v 0.01400519 0.03959615 0.06785886
v 0.01403099 0.03958701 0.0698732
v 0.01404972 0.03958036 0.07187513
v 0.01405935 0.03957695 0.07386217
v 0.0140631 0.03957561 0.07582209
v 0.01407672 0.03957077 0.07773513
v 0.01412613 0.03955316 0.07957708
v 0.01421809 0.0395202 0.081335
v 0.01413581 0.0395497 0.08308206
v 0.01391187 0.03962903 0.08472016
v 0.01511924 -0.03918429 0.08173261
v -0.01373231 -0.03969161 0.0604933
v -0.0192491 0.03732924 0.06050317
v 0.01519293 -0.03915578 0.07966576
v -0.04056789 -0.01087413 0.05876665
v 0.01536981 -0.03908668 0.06543732
v 0.015305 -0.03911211 0.07555108
v 0.01308096 -0.03991101 0.05821423
v -0.04157313 0.00597284 0.05703077
v -0.04180883 -0.004002689 0.06050512
v -0.01373611 0.03969029 0.06050624
v -0.008922936 -0.04104121 0.05876381
v -0.04081544 -0.009904529 0.0570334
v -0.03533469 0.02270374 0.06049636
v -0.04195288 0.00198893 0.06049916
v -0.02674252 0.03238576 0.05876333
v 0.0140331 0.03958626 0.05920719
v -0.005960695 -0.04157487 0.06050765
v 0.002878834 0.04190122 0.06217155
v -0.01652298 -0.03861335 0.06222944
v -0.0218682 0.0358578 0.06224099
v -0.01653889 0.03860654 0.06224016
v -0.01086674 -0.04056987 0.05876173
v -0.01923929 -0.0373343 0.06049638
v -0.03969274 0.01372903 0.06049893
v -0.02898464 0.03039557 0.05703093
v 0.004030716 -0.04180614 0.06050099
v -0.03586207 -0.02186119 0.05876428
v 0.009007834 -0.04102266 0.06219147
v -0.03362441 0.02516741 0.06222952
v -0.02750534 0.03174045 0.05703124
v -0.03777467 -0.01835959 0.06223212
v -0.0201246 -0.03686463 0.05876409
v -0.0317436 0.0275017 0.06049468
v 0.007021919 -0.04140885 0.06215911
v -0.03238152 -0.02674766 0.06223302
v -0.03733391 0.01924003 0.0604964
v 0.01522228 -0.03914438 0.06335082
v 0.006637086 0.04147227 0.06213666
v -0.004948651 -0.04170744 0.06225934
v -0.04141754 -0.006970467 0.05876836
v 0.01470685 -0.03934093 0.08785981
v 0.01533716 -0.03909951 0.0735127
v -0.04104099 0.00892395 0.05529826
v -0.04030013 0.01182791 0.05703094
v -0.04124034 -0.007951984 0.0570338
v -0.03860505 -0.01654237 0.06223065
v -0.002942806 -0.04189678 0.06227893
v -0.02270463 -0.03533412 0.05703219
v -0.01182842 -0.04029998 0.06049175
v -0.007947889 0.04124113 0.05703711
v 0.01189807 0.04027947 0.06060581
v -0.01086861 0.04056936 0.05877262
v -0.02969635 -0.02970062 0.05876638
v -0.04029698 -0.01183863 0.06049991
v 4.066073e-05 -0.04199998 0.0605357
v -0.03861315 0.01652346 0.06223287
v 0.01383295 0.03965664 0.08635328
v -0.0419877 -0.001016404 0.06224163
v 0.008511036 0.04112861 0.06220784
v -0.002999686 0.04189274 0.05876535
v -0.03361917 -0.02517442 0.06222945
v -0.04170364 0.004980613 0.05876342
v -0.01467941 0.03935118 0.06224154
v -0.04198846 0.0009843614 0.06223662
v -0.02354898 0.03477708 0.06223762
v 0.0009451121 0.04198936 0.06219469
v -0.01466971 -0.03935479 0.06222686
v -0.02970016 0.02969681 0.05876221
v -0.03533132 -0.02270897 0.06049666
v -0.03238907 0.02673852 0.06222786
v -0.03778215 0.01834418 0.06222981
v -0.03685959 -0.02013382 0.06223205
v -0.02750255 -0.03174287 0.05703316
v -0.03637546 0.02099586 0.06049603
v -0.03934826 -0.01468722 0.06223041
v 0.0138066 -0.03966583 0.06848763
v -0.01835866 0.03777512 0.06224008
v 0.0136951 -0.03970446 0.06451267
v -0.018341 -0.03778369 0.06222932
v 0.002038348 -0.04195051 0.06052622
v -0.005977086 0.04157252 0.05703614
v 0.01102219 -0.04052791 0.06223742
v 0.01352514 -0.03976268 0.07867176
v -0.03478405 0.02353869 0.06222951
v -0.03637157 -0.02100259 0.0604974
v -0.02099449 -0.03637625 0.06049663
v 0.01387095 -0.03964337 0.06653699
v -0.04056997 0.01086634 0.05529825
v -0.0020062 0.04195206 0.06049437
v 0.004775146 0.04172766 0.06215033
v -0.02596535 0.03301213 0.06049638
v -0.03107156 -0.02825877 0.06223711
v -0.006944645 -0.04142188 0.0622373
v -0.0418918 -0.003012848 0.06224386
v 0.01230298 0.04015765 0.08676231
v 0.01040788 0.04069 0.08611415
v 0.008295755 0.04117257 0.08629267
v 0.006267908 0.04152967 0.08631089
v 0.004224719 0.04178698 0.08636824
v 0.002185245 0.04194311 0.08640641
v 0.0001613308 0.04199969 0.0864192
v -0.001847189 0.04195936 0.08642064
v -0.003843448 0.04182377 0.08642017
v -0.005828403 0.04159363 0.08642059
v -0.007799543 0.04126945 0.08642188
v -0.009752485 0.04085204 0.08642394
v -0.01168305 0.04034236 0.08642665
v -0.0135877 0.03974134 0.08642892
v -0.01546255 0.03905009 0.08642906
v -0.01730297 0.03827019 0.08642631
v -0.01910419 0.03740361 0.08642181
v -0.02086208 0.03645235 0.08641767
v -0.02257295 0.03541839 0.08641525
v -0.024233 0.03430396 0.08641462
v -0.02583832 0.03311165 0.08641542
v -0.02738512 0.03184423 0.08641723
v -0.02886987 0.0305046 0.08641954
v -0.0302891 0.02909588 0.08642183
v -0.03163943 0.02762148 0.08642381
v -0.03291777 0.02608487 0.0864255
v -0.03412143 0.02448935 0.08642675
v -0.03524782 0.02283837 0.0864272
v -0.03629423 0.02113595 0.08642691
v -0.0372583 0.01938606 0.0864266
v -0.03813819 0.01759201 0.08642666
v -0.03893213 0.01575719 0.08642607
v -0.03963809 0.01388604 0.08642371
v -0.04025407 0.01198372 0.08642026
v -0.04077861 0.01005511 0.0864179
v -0.04121066 0.008104427 0.08641832
v -0.04154944 0.00613549 0.0864213
v -0.04179427 0.004151999 0.08642487
v -0.04194451 0.002158186 0.08642658
v -0.0419997 0.0001590956 0.08642523
v -0.04195967 -0.001840085 0.0864218
v -0.04182457 -0.003834804 0.0864184
v -0.04159468 -0.005820906 0.08641639
v -0.04127051 -0.007793932 0.08641595
v -0.04085286 -0.009749053 0.0864169
v -0.0403428 -0.01168155 0.08641917
v -0.03974147 -0.01358733 0.08642226
v -0.03905001 -0.01546274 0.08642482
v -0.03826981 -0.0173038 0.08642512
v -0.03740284 -0.0191057 0.08642273
v -0.03645153 -0.02086351 0.08641943
v -0.03541822 -0.0225732 0.08641803
v -0.03430489 -0.02423168 0.08641966
v -0.03311341 -0.02583606 0.0864228
v -0.03184617 -0.02738287 0.08642468
v -0.03050634 -0.02886803 0.08642369
v -0.02909749 -0.03028756 0.08642051
v -0.02762297 -0.03163813 0.08641718
v -0.026086 -0.03291688 0.08641526
v -0.02449008 -0.0341209 0.08641524
v -0.02283897 -0.03524743 0.08641711
v -0.02113622 -0.03629408 0.08642028
v -0.01938518 -0.03725876 0.08642329
v -0.01758963 -0.03813928 0.0864244
v -0.01575434 -0.03893328 0.08642319
v -0.01388446 -0.03963864 0.08642137
v -0.01198437 -0.04025388 0.08642154
v -0.01005752 -0.04077801 0.08642448
v -0.008107115 -0.04121013 0.0864283
v -0.006137018 -0.04154921 0.08642997
v -0.004151848 -0.04179428 0.08642754
v -0.002156303 -0.04194461 0.08642104
v -0.000155025 -0.04199971 0.08641184
v 0.001846032 -0.04195941 0.08640198
v 0.003837768 -0.04182429 0.08639492
v 0.00580666 -0.04159667 0.08639564
v 0.007727682 -0.04128296 0.08641824
v 0.009667499 -0.04087223 0.08636387
v 0.01151668 -0.04039017 0.08628433
v -0.03039327 -0.02898706 0.06050109
v -0.04057039 0.01086477 0.05876392
v -0.02185646 -0.03586496 0.0587643
v 0.01324368 -0.03985731 0.08486208
v 0.0137112 -0.0396989 0.07247966
v 0.0121708 0.04019791 0.06293537
v -0.02436045 -0.03421357 0.05703247
v 0.01232929 0.04014958 0.06505919
v 0.0124007 0.04012758 0.06711097
v 0.01243564 0.04011677 0.06912537
v 0.01247082 0.04010584 0.07112814
v 0.01249213 0.04009921 0.07311943
v 0.01249214 0.04009921 0.07509019
v 0.01248217 0.04010231 0.07702284
v 0.01249999 0.04009676 0.07888848
v 0.01260758 0.04006306 0.0806329
v 0.01286765 0.03998029 0.08215141
v 0.01234325 0.04014529 0.08359092
v 0.01328132 -0.03984478 0.08285679
v 0.01326518 -0.03985016 0.08673807
v 0.01340734 -0.03980255 0.08076971
v 0.01362104 -0.03972993 0.07658587
v -0.03935591 0.01466671 0.06223562
v 0.01325076 -0.03985495 0.06231259
v -0.01561938 0.03898763 0.06397797
v -0.04199999 -2.504198e-05 0.06397981
v -0.04081719 0.009897325 0.05703069
v -0.04181059 0.003984335 0.06049667
v -0.02517572 0.0336182 0.06223204
v -0.03039911 0.02898093 0.06049323
v -0.03686538 0.02012322 0.06222853
v 0.005600232 0.04162496 0.06384869
v -0.001015798 0.04198771 0.06221809
v -0.01278236 -0.04000764 0.06222227
v 0.01375292 -0.03968447 0.07047
v -0.0201358 0.03685851 0.06224066
v -0.04124183 0.007944262 0.05703051
v -0.007938905 -0.04124286 0.06049826
v -0.01182994 0.04029953 0.06050928
v -0.04103921 -0.008932164 0.05876743
v -0.04030087 0.0118254 0.06049855
v -0.03478006 -0.02354458 0.06222869
v 0.005047913 -0.04169555 0.0622044
v -0.03173123 -0.02751597 0.06397157
v -0.03301533 0.02596128 0.0639629
v 0.01198615 -0.04025335 0.060379
v -0.03732496 -0.01925739 0.06396922
v -0.0282533 0.03107653 0.05876233
v 0.007971951 -0.04123649 0.06382471
v -0.03899731 0.01559518 0.06397181
v -0.003924657 -0.04181623 0.06402161
v -0.03820967 0.01743621 0.06396499
v -0.01742848 -0.03821319 0.06396449
v -0.005939878 -0.04157785 0.06398634
v -0.02750643 0.0317395 0.0604937
v -0.04157114 -0.005986713 0.06050485
v -0.02011877 -0.0368678 0.06222851
v 0.01367609 -0.03971101 0.07451971
v 0.01374147 -0.03968844 0.06023333
v -0.02596095 -0.03301558 0.05703285
v -0.03819778 -0.01746222 0.06396608
v -0.0174599 0.03819885 0.06397842
v -0.0009298085 -0.04198971 0.06229304
v -0.04000242 -0.01279869 0.06223259
v -0.009896525 -0.04081738 0.06049273
v 0.001895625 0.0419572 0.06389845
v -0.008925848 0.04104058 0.05877326
v 0.01037468 0.04069848 0.06242956
v -0.02824949 -0.03108 0.05876662
v -0.0418939 0.002983436 0.06223139
v 0.01210533 0.04021767 0.08520775
v 0.007354304 0.04135111 0.06380123
v -0.004985789 0.04170302 0.05877068
v -0.02272379 0.0353218 0.06398046
v -0.03300706 -0.02597179 0.06396312
v -0.04195118 -0.002024489 0.06398564
v -0.03108077 0.02824864 0.06222482
v -0.04141934 0.006959773 0.05876293
v -0.02101493 0.03636444 0.06398206
v -0.01278584 0.04000653 0.06224622
v -0.0408145 -0.009908404 0.06050168
v -0.03421341 0.02436067 0.06396361
v 0.009879949 -0.0408214 0.06401674
v -0.01559409 -0.03899775 0.06396421
v -0.04123942 -0.007956748 0.06050361
v -0.03586079 -0.0218633 0.06223038
v 0.00378115 0.04182945 0.06387607
v 0.01202377 -0.04024213 0.07345073
v 0.01242192 -0.04012102 0.06572816
v -0.006963168 0.04141877 0.05877309
v -0.0389847 -0.01562669 0.06396266
v -0.03586523 0.02185602 0.0622287
v -0.03038535 -0.02899535 0.06397908
v -0.03636865 -0.02100766 0.06396723
v 0.01171027 -0.04033447 0.07975687
v -0.001897167 -0.04195713 0.06405135
v -0.0289855 0.03039475 0.06049273
v -0.03969543 0.01372125 0.06397663
v -0.003991408 0.04180991 0.0605052
v 0.01113314 -0.04049757 0.08428583
v -0.01925936 0.03732395 0.06398095
v -0.04104131 0.008922496 0.05876324
v -0.006606387 0.0359856 0.1386402
v -0.006337999 0.03551209 0.1403367
v -0.005936199 0.03437853 0.1386642
v 0.008689136 0.04109135 0.08468967
v -0.005843897 0.03381822 0.1403578
v -0.005851069 0.03269243 0.1386755
v 0.006803357 0.04144532 0.08463597
v 0.004711987 0.04173484 0.08475197
v 0.002638111 0.04191707 0.08481854
v 0.0006003369 0.04199571 0.08483426
v -0.001412218 0.04197625 0.08483321
v -0.003410046 0.04186134 0.08483159
v -0.005397165 0.04165178 0.08483215
v -0.007371485 0.04134805 0.08483374
v -0.009327853 0.04095108 0.0848364
v -0.01126165 0.04046202 0.08484097
v -0.01317002 0.03988171 0.08484626
v -0.01505015 0.03921088 0.0848486
v -0.01689757 0.0384509 0.08484523
v -0.01870696 0.03760385 0.08483747
v -0.02047411 0.03667166 0.08482963
v -0.02219572 0.03565599 0.08482472
v -0.02386801 0.03455891 0.08482293
v -0.02548669 0.03338306 0.0848236
v -0.02704764 0.03213137 0.0848262
v -0.02854725 0.03080673 0.08483002
v -0.02998206 0.02941217 0.08483393
v -0.03134842 0.02795132 0.08483719
v -0.03264288 0.02642806 0.08484008
v -0.03386292 0.02484558 0.08484273
v -0.03500638 0.02320675 0.08484409
v -0.03607043 0.02151567 0.08484341
v -0.03705223 0.01977706 0.08484241
v -0.03795021 0.01799393 0.08484306
v -0.03876318 0.01616837 0.08484365
v -0.039489 0.01430449 0.08484061
v -0.04012528 0.01240814 0.08483405
v -0.04067027 0.0104847 0.08482818
v -0.04112289 0.008538625 0.08482709
v -0.04148232 0.006573979 0.08483158
v -0.04174799 0.004594079 0.08483885
v -0.0419193 0.002602391 0.08484385
v -0.04199566 0.0006039398 0.08484293
v -0.04197681 -0.001395494 0.0848371
v -0.04186285 -0.003391375 0.08483059
v -0.04165398 -0.005380133 0.08482645
v -0.04135054 -0.007357478 0.08482491
v -0.0409533 -0.009318133 0.08482547
v -0.04046343 -0.01125658 0.08482833
v -0.0398823 -0.01316823 0.08483364
v -0.03921094 -0.01504999 0.08483956
v -0.03845033 -0.01689889 0.0848422
v -0.03760224 -0.01871021 0.08483896
v -0.03666936 -0.02047823 0.08483212
v -0.03565438 -0.02219832 0.08482761
v -0.03455925 -0.02386752 0.08482939
v -0.03338548 -0.02548352 0.08483565
v -0.03213489 -0.02704346 0.0848408
v -0.03081062 -0.02854305 0.08484045
v -0.02941664 -0.02997768 0.08483505
v -0.0279563 -0.03134398 0.08482862
v -0.02643243 -0.03263935 0.08482435
v -0.02484847 -0.03386079 0.08482309
v -0.02320868 -0.0350051 0.08482512
v -0.02151705 -0.03606961 0.08483034
v -0.01977654 -0.03705251 0.08483674
v -0.01799009 -0.03795203 0.08484039
v -0.01616237 -0.03876568 0.08483876
v -0.01429944 -0.03949083 0.08483414
v -0.01240646 -0.0401258 0.08483229
v -0.01048677 -0.04066974 0.08483656
v -0.0085429 -0.041122 0.08484443
v -0.006577997 -0.04148168 0.08484995
v -0.004596685 -0.0417477 0.08484854
v -0.002603679 -0.04191922 0.08483989
v -0.0006021998 -0.04199568 0.08482627
v 0.001404164 -0.04197652 0.08480984
v 0.003408127 -0.04186149 0.08479429
v 0.005397031 -0.0416518 0.0847878
v 0.007351129 -0.04135167 0.08478874
v 0.009097726 -0.04100282 0.08494079
v 0.004662474 0.0417404 0.06558159
v -0.02353853 -0.03478416 0.05876498
v -3.299792e-05 0.04199999 0.06393163
v 0.01070358 0.04061322 0.06444886
v 0.01082227 0.04058175 0.0664791
v 0.01084874 0.04057468 0.06848047
v 0.0109113 0.0405579 0.07048271
v 0.01095982 0.04054482 0.07247219
v 0.01097037 0.04054197 0.07444416
v 0.01093967 0.04055026 0.07639325
v 0.01090488 0.04055963 0.07831149
v 0.01095415 0.04054635 0.08020044
v 0.01126547 0.04046096 0.08203812
v 0.01205465 -0.04023289 0.07141818
v 0.01186714 -0.0402886 0.07762806
v -0.04170103 -0.00500241 0.06224423
v -0.04000903 0.01277799 0.06223551
v 0.01212546 -0.04021161 0.06942696
v 0.01147737 -0.04040136 0.0819521
v -0.02437698 0.0342018 0.06397308
v -0.0317439 0.02750136 0.06395875
v -0.008917664 -0.04104236 0.0622241
v -0.02185135 -0.03586807 0.06222939
v -0.002876295 -0.0419014 0.06580307
v -0.04157347 0.005970447 0.06049555
v -0.01373901 0.03968929 0.06398173
v 0.01221614 -0.04018415 0.06747175
v -0.01922783 -0.0373402 0.0639609
v 0.01198192 -0.04025461 0.0755247
v -0.01086378 -0.04057066 0.06221982
v -0.02189158 0.03584353 0.06572859
v -0.04056597 -0.01088127 0.06223623
v 0.003073749 -0.04188737 0.06226881
v -0.03533455 0.02270395 0.06396247
v -0.03733482 0.01923827 0.06396124
v -0.03861669 0.01651518 0.06570499
v -0.03420785 -0.02436848 0.06395967
v 0.006051769 -0.04156171 0.06384535
v -0.02969214 -0.02970483 0.06223869
v -0.03685326 -0.0201454 0.06571052
v 0.008675116 -0.04109431 0.06561611
v -0.009897903 0.04081705 0.06051198
v 0.002816873 0.04190543 0.06558285
v -0.02970188 0.02969509 0.06222215
v 0.01179935 -0.0403085 0.064079
v -0.01372552 -0.03969395 0.0639566
v -0.01655596 0.03859922 0.06571881
v -0.002993741 0.04189317 0.0622379
v -0.004923896 -0.04171037 0.06575319
v -0.04198715 -0.001038977 0.06573122
v -0.02673869 -0.03238892 0.05876629
v 0.006413107 0.04150749 0.06555553
v -0.02897983 -0.03040015 0.06050107
v -0.02270235 -0.03533558 0.06049749
v -0.03106012 -0.02827134 0.06571836
v -0.02516729 -0.03362451 0.05876555
v -0.03776767 -0.01837398 0.0657079
v -0.03968369 -0.01375517 0.0639637
v -0.04195345 0.001976974 0.06396989
v 0.009079489 0.04100686 0.06399014
v -0.02674552 0.03238329 0.06222599
v -0.03362237 0.02517015 0.06569828
v -0.04141593 -0.006980001 0.0622429
v -0.04170421 0.004975835 0.06222827
v -0.01650156 -0.03862251 0.06570541
v -0.03237321 -0.02675772 0.06570102
v 0.001080164 -0.04198611 0.06229428
v -0.04180723 -0.004019413 0.06398757
v -0.04081772 0.009895128 0.06049722
v -0.03238628 0.02674189 0.06569742
v -0.007929077 -0.04124475 0.06395828
v -0.01469339 0.03934596 0.0657156
v -0.01832013 -0.03779382 0.06569664
v -0.02357325 0.03476064 0.06572181
v -0.01086405 0.04057059 0.06225284
v -0.03936005 0.01465559 0.06571812
v 0.007009287 -0.04141099 0.06530952
v 0.0009361066 0.04198957 0.0656257
v -0.04198892 0.0009648182 0.06571705
v -0.0410373 -0.008940928 0.06224006
v -0.03532905 -0.02271252 0.06396233
v 0.01064074 -0.04062973 0.06606722
v 0.01032996 -0.04070985 0.07440743
v 0.01023868 0.0407329 0.08376055
v -0.0282553 0.03107472 0.06222227
v -0.03859724 -0.01656059 0.06569778
v -0.0358561 -0.02187099 0.06570154
v -0.02597376 0.03300551 0.06396215
v 0.0001360284 -0.04199978 0.06406993
v -0.01837419 0.03776757 0.06572348
v 0.01035656 -0.04070309 0.0703002
v -0.00597355 0.04157303 0.06051092
v 0.003721709 0.04183478 0.06723928
v -0.0418899 -0.003039098 0.06573605
v -0.04124221 0.00794232 0.06049582
v -0.03637563 0.02099556 0.06396116
v 0.007675789 0.04129264 0.08285294
v 0.005283783 0.04166631 0.08312995
v 0.003155227 0.04188131 0.08324563
v 0.001111778 0.04198528 0.08325793
v -0.0008983148 0.04199039 0.08324967
v -0.002895633 0.04190006 0.0832463
v -0.00488526 0.04171492 0.0832478
v -0.006864077 0.0414353 0.08324986
v -0.008825311 0.04106232 0.0832522
v -0.01076282 0.04059756 0.08325827
v -0.01267381 0.04004216 0.08326878
v -0.01455771 0.03939636 0.08327717
v -0.01641141 0.0386609 0.08327507
v -0.01822872 0.03783799 0.08326232
v -0.02000529 0.0369295 0.08324759
v -0.02173896 0.0359363 0.08323806
v -0.02342591 0.0348601 0.08323392
v -0.02506114 0.0337037 0.08323371
v -0.02663967 0.03247042 0.08323691
v -0.0281575 0.03116337 0.08324301
v -0.02961141 0.02978531 0.08324993
v -0.03099766 0.02833981 0.08325523
v -0.03231179 0.02683186 0.08325936
v -0.03355089 0.02526535 0.08326445
v -0.03471412 0.02364169 0.0832687
v -0.03579916 0.02196406 0.08326782
v -0.03680189 0.02023909 0.08326403
v -0.03772057 0.01847048 0.08326488
v -0.03855542 0.01665773 0.08326934
v -0.03930461 0.01480363 0.08326748
v -0.03996499 0.01291509 0.0832562
v -0.04053449 0.01099797 0.08324318
v -0.04101196 0.009056426 0.08323737
v -0.04139623 0.007095929 0.08324219
v -0.04168667 0.005120684 0.08325553
v -0.04188301 0.003132706 0.0832683
v -0.04198463 0.001136064 0.08327043
v -0.04199114 -0.0008624774 0.08326103
v -0.04190262 -0.002858414 0.08324872
v -0.04171907 -0.004849697 0.08324069
v -0.04144053 -0.006832428 0.08323711
v -0.04106758 -0.008800793 0.0832364
v -0.04060149 -0.01074796 0.08323869
v -0.04004414 -0.01266756 0.08324603
v -0.03939692 -0.01455618 0.08325794
v -0.03866025 -0.01641295 0.08326721
v -0.03783518 -0.01823456 0.08326517
v -0.03692457 -0.02001439 0.08325237
v -0.0359314 -0.02174706 0.0832402
v -0.03485782 -0.02342931 0.08323966
v -0.03370553 -0.02505867 0.0832508
v -0.03247555 -0.02663341 0.08326358
v -0.03117049 -0.02814961 0.08326654
v -0.02979503 -0.02960163 0.08325793
v -0.02835254 -0.03098602 0.08324581
v -0.02684465 -0.03230116 0.08323725
v -0.02527448 -0.03354401 0.08323321
v -0.02364697 -0.03471053 0.0832339
v -0.02196768 -0.03579694 0.08324081
v -0.02024013 -0.03680132 0.08325315
v -0.01846549 -0.03772301 0.0832636
v -0.01664719 -0.03855997 0.08326351
v -0.01479234 -0.03930886 0.0832537
v -0.01290721 -0.03996754 0.08324569
v -0.01099558 -0.04053514 0.08324967
v -0.009060199 -0.04101113 0.08326416
v -0.007102959 -0.04139502 0.08327824
v -0.005128119 -0.04168576 0.08328075
v -0.003141398 -0.04188235 0.0832699
v -0.001144428 -0.04198441 0.08325112
v 0.0008636894 -0.04199112 0.08322718
v 0.002879509 -0.04190117 0.08319926
v 0.004895697 -0.04171369 0.08317898
v 0.006909626 -0.04142773 0.08319938
v 0.009224394 -0.04097451 0.08309101
v -0.02967835 -0.0297186 0.06572891
v -0.00794425 0.04124183 0.06051303
v -0.001992512 0.04195271 0.06396509
v 0.009294603 0.04095864 0.06593423
v 0.009238106 0.04097142 0.06790661
v 0.009349487 0.04094615 0.06992913
v 0.009443751 0.04092451 0.07191435
v 0.009487844 0.04091431 0.07386378
v 0.009453574 0.04092224 0.07579272
v 0.009357121 0.0409444 0.07770535
v 0.009308683 0.04095544 0.07963334
v 0.009425903 0.04092863 0.08164114
v 0.0103218 -0.04071192 0.07234229
v 0.01000922 -0.04078989 0.07866053
v -0.03478375 0.02353913 0.06569809
v -0.01465196 -0.0393614 0.06570069
v 0.0102461 -0.04073104 0.0765151
v -0.0008075746 -0.04199224 0.06584773
v -0.02098459 -0.03638196 0.06395984
v -0.00693349 -0.04142375 0.06570394
v -0.01565042 0.03897518 0.06745681
v -0.01739398 -0.03822891 0.06744437
v -0.02276822 0.03529317 0.06747873
v -0.001791852 -0.04196176 0.06760531
v -0.02519736 0.03360198 0.0657078
v 0.009099138 -0.04100251 0.06730165
v -0.01182624 0.04030062 0.06399349
v -0.0174867 0.03818658 0.06747242
v -0.01555843 -0.03901199 0.0674571
v -0.02105124 0.03634343 0.06748174
v -0.04001329 0.01276466 0.0657237
v -0.04029279 -0.01185289 0.06396982
v -0.03171776 -0.02753151 0.06745247
v -0.03361334 -0.0251822 0.06568917
v 0.004146805 -0.04179478 0.06400624
v 0.01053733 -0.04065667 0.06831121
v -0.03778402 0.01834034 0.06569399
v 0.007074111 -0.04139996 0.0673007
v -0.0009874898 0.04198839 0.06568104
v -0.02353399 -0.03478723 0.06223222
v -0.04199997 -5.320248e-05 0.06748017
v -0.03108186 0.02824744 0.06568674
v -0.004977159 0.04170405 0.06225133
v -0.04189517 0.002965629 0.06569952
v 0.001884854 0.04195768 0.0672785
v -0.003892845 -0.0418192 0.06754238
v -0.04141991 0.006956342 0.06222813
v -0.04181152 0.003974561 0.06396192
v -0.03731474 -0.01927719 0.0674621
v -0.02015503 0.036848 0.06572812
v 0.005575573 0.04162827 0.067315
v -0.03040142 0.0289785 0.06395203
v -0.02435868 -0.03421483 0.06049856
v -0.008919656 0.04104193 0.06225687
v -0.02897153 -0.03040807 0.06398059
v -0.02750053 -0.03174462 0.06050116
v -0.01182385 -0.04030132 0.06394635
v 0.007945337 0.04124162 0.06533447
v -0.04156856 -0.006004539 0.06398668
v -0.03934035 -0.0147084 0.06569243
v 0.005322066 -0.04166144 0.06572586
v -0.03421258 0.02436185 0.0674309
v -0.01279084 0.04000493 0.06572795
v -0.04057142 0.01086092 0.06223355
v -0.03300851 0.02596995 0.0674344
v -0.009891629 -0.04081857 0.06394445
v -0.02010016 -0.03687795 0.06568857
v -0.03900248 0.01558225 0.06745725
v -0.03821317 0.01742854 0.06742857
v -0.03036873 -0.02901276 0.06747948
v -0.04194943 -0.002060465 0.06749134
v -0.02269316 -0.03534148 0.06396373
v -0.03635882 -0.02102466 0.067454
v 0.008668959 -0.04109561 0.07533489
v -0.04169735 -0.005032978 0.06573619
v -0.02442351 0.03416859 0.06746592
v -0.0219585 0.03580257 0.06924109
v -0.02824566 -0.03108348 0.06223799
v -0.04030315 0.01181762 0.06397601
v -0.003971139 0.04181184 0.06399106
v -0.02751198 0.0317347 0.06395158
v 0.008518454 -0.04112707 0.07115967
v 0.007634442 0.04130031 0.08080099
v -0.04195467 0.001950905 0.06745043
v 0.005764532 0.04160253 0.08145862
v 0.008614359 -0.04110709 0.06908944
v -0.03533578 0.02270204 0.06743627
v -0.04170611 0.004959895 0.06568944
v 0.003710214 0.0418358 0.08166546
v 0.001711339 0.04196512 0.08165432
v -0.000277985 0.04199908 0.08162859
v -0.002271453 0.04193853 0.08162369
v -0.004264754 0.04178291 0.081629
v -0.006250191 0.04153234 0.08163306
v -0.008219164 0.04118793 0.08163354
v -0.01016348 0.04075173 0.08163749
v -0.012077 0.04022619 0.08165375
v -0.013961 0.03961175 0.08167622
v -0.01581796 0.03890748 0.08168287
v -0.01764121 0.03811545 0.08166382
v -0.01942544 0.03723778 0.08163573
v -0.02117193 0.03627326 0.08161767
v -0.02287652 0.03522307 0.08160934
v -0.02453277 0.03409022 0.08160691
v -0.02613417 0.03287864 0.08160931
v -0.0276753 0.03159237 0.08161779
v -0.02915295 0.03023417 0.08163053
v -0.0305645 0.02880645 0.08164056
v -0.03190449 0.0273149 0.08164479
v -0.03316694 0.02576731 0.0816514
v -0.03435244 0.02416422 0.0816636
v -0.03546245 0.02250365 0.08166677
v -0.03649116 0.02079411 0.08165494
v -0.03743409 0.01904439 0.08165041
v -0.03829395 0.01725032 0.08166421
v -0.0390706 0.01541064 0.08167096
v -0.03975972 0.01353384 0.08165428
v -0.0403587 0.01162651 0.08162773
v -0.04086708 0.009689245 0.08161113
v -0.04128256 0.007729809 0.08161076
v -0.04160338 0.005758344 0.08163048
v -0.04182984 0.003776815 0.08166
v -0.04196206 0.001784716 0.08167384
v -0.04199947 -0.0002102284 0.0816605
v -0.04194219 -0.002202972 0.0816367
v -0.04178991 -0.004195664 0.08162144
v -0.04154214 -0.006184718 0.0816146
v -0.04119899 -0.008163525 0.0816118
v -0.04076152 -0.01012416 0.08161133
v -0.04023205 -0.01205746 0.08161708
v -0.03961368 -0.01395552 0.08163596
v -0.03890703 -0.01581907 0.08166093
v -0.03811123 -0.01765032 0.08166856
v -0.03722886 -0.01944254 0.0816484
v -0.03626283 -0.02118978 0.0816197
v -0.03521418 -0.02289021 0.08160868
v -0.03408724 -0.02453691 0.08162384
v -0.03288351 -0.02612805 0.08165301
v -0.03160321 -0.02766292 0.08166797
v -0.03025191 -0.02913455 0.0816559
v -0.0288335 -0.03053898 0.08163276
v -0.02734639 -0.0318775 0.08161669
v -0.02579294 -0.03314701 0.08160796
v -0.02417854 -0.03434237 0.08160456
v -0.02251092 -0.03545784 0.08160928
v -0.02079782 -0.03648905 0.0816284
v -0.01903966 -0.0374365 0.08165466
v -0.01723485 -0.03830091 0.08166445
v -0.01539072 -0.03907846 0.08164759
v -0.01351483 -0.03976618 0.08162447
v -0.01160987 -0.04036348 0.08162124
v -0.009683375 -0.04086848 0.08164329
v -0.007737443 -0.04128113 0.08167555
v -0.005772979 -0.04160135 0.08169032
v -0.003797916 -0.04182793 0.0816772
v -0.001814249 -0.0419608 0.08165114
v 0.0001867008 -0.04199959 0.08162149
v 0.002206978 -0.04194197 0.08157971
v 0.004240075 -0.04178543 0.08153145
v 0.006272191 -0.04152902 0.08150907
v 0.008085485 -0.04121438 0.0816636
v -0.006955181 0.04142011 0.06225757
v -0.01928598 0.0373102 0.0674787
v -0.03586527 0.02185595 0.06569643
v -0.02595916 -0.03301699 0.06050005
v -0.04057545 0.01084588 0.0657183
v -0.03818656 -0.01748675 0.06744455
v 0.007522194 0.0413209 0.06728147
v 0.007771774 0.04127468 0.0694478
v 0.007916542 0.04124716 0.07145589
v 0.008027247 0.04122576 0.07333718
v 0.008023418 0.04122651 0.07520439
v 0.007864904 0.04125704 0.076993
v 0.00860152 -0.04110978 0.07328057
v -0.04104207 0.008918989 0.0622307
v 0.009812695 -0.04083762 0.08080116
v -0.03477596 -0.02355064 0.06569044
v 0.007823423 -0.04126493 0.07966505
v -0.04157449 0.005963362 0.06395918
v -0.01277043 -0.04001145 0.06567913
v 0.008443946 -0.04114243 0.07744026
v 0.001270845 -0.04198077 0.06587795
v -0.02970794 0.02968903 0.06567093
v -0.03970156 0.0137035 0.06747786
v 0.002159737 -0.04194443 0.06406872
v 0.0003458112 -0.04199858 0.06767412
v -0.03173597 0.02751052 0.06743813
v -0.03686572 0.02012259 0.06569299
v -0.01369069 -0.03970598 0.06743463
v -0.005939682 -0.04157788 0.06747922
v -0.02365317 0.0347063 0.06923296
v -0.02894688 -0.03043153 0.06748722
v -0.03478732 0.02353386 0.06917032
v -0.009888199 0.0408194 0.06400679
v -0.03999452 -0.01282334 0.0656993
v -0.04180269 -0.004066389 0.06749246
v -0.02183417 -0.03587853 0.06569142
v -0.0191964 -0.03735637 0.06741821
v -0.002948599 0.04189637 0.06572594
v 0.003337797 -0.04186716 0.06586624
v -0.03299625 -0.02598552 0.0674198
v -0.01659559 0.0385822 0.06922771
v 0.004509885 0.04175717 0.06887593
v -0.03532019 -0.02272628 0.0674289
v -0.02434919 -0.03422158 0.06397024
v -0.002835079 -0.0419042 0.06934873
v -0.0310464 -0.02828641 0.06923415
v -0.02898921 0.03039121 0.06394786
v -0.03683673 -0.02017562 0.06922668
v 0.007746371 0.04127946 0.07885751
v -0.04198953 0.0009378999 0.06923367
v -0.0251633 -0.03362749 0.06223453
v -0.01376667 0.0396797 0.06745088
v -0.04081942 0.009888129 0.06396973
v -0.02020372 0.03682132 0.06924148
v -0.008800689 0.03786302 0.1402357
v -0.00923734 0.03803136 0.1385544
v -0.01068595 0.0382853 0.1400386
v -0.03775585 -0.01839826 0.06922107
v -0.04123604 -0.00797425 0.06398331
v -0.03897233 -0.01565751 0.06742112
v -0.04181399 0.003948415 0.06741954
v 2.078083e-05 0.04199999 0.06737561
v -0.04198615 -0.001078483 0.06925695
v -0.04081071 -0.009923997 0.06397739
v -0.01645305 -0.0386432 0.06922102
v -0.02676067 0.03237077 0.06568604
v -0.04031057 0.01179229 0.0674771
v -0.03361827 0.02517563 0.06915098
v -0.03040525 0.02897448 0.06740432
v -0.008910522 -0.04104391 0.06566682
v -0.03862062 0.01650598 0.06917982
v -0.01085598 0.04057275 0.06575615
v -0.03733565 0.01923667 0.06741955
v -0.02822928 -0.03109835 0.0657273
v -0.0006638063 -0.04199475 0.06942766
v -0.0182771 -0.03781465 0.06916455
v -0.03235972 -0.02677403 0.06916767
v 0.002775536 0.04190819 0.06884226
v -0.01474999 0.03932478 0.06917968
v -0.03936511 0.014642 0.06923803
v -0.02601495 0.03297306 0.06743936
v -0.00595492 0.0415757 0.06400725
v -0.02965104 -0.02974585 0.0692543
v 0.004267049 0.04178268 0.08008813
v 0.006409503 -0.04150805 0.06971622
v -0.02826449 0.03106636 0.06566911
v -0.01841374 0.0377483 0.06924264
v -0.007930841 0.04124441 0.06401157
v -0.01085605 -0.04057273 0.06565966
v 0.004760626 -0.04172932 0.06768951
v 0.002516247 -0.04192456 0.06772065
v -0.03637576 0.02099534 0.06743114
v -0.02351646 -0.03479908 0.06570279
v 0.006092765 0.04155572 0.07973954
v -0.0414104 -0.00701277 0.06573316
v 0.006801782 -0.04144558 0.0721638
v 0.002404944 0.04193109 0.07999502
v 0.0004580215 0.0419975 0.07992943
v -0.001535561 0.04197192 0.07992728
v -0.003537984 0.04185072 0.07994375
v -0.005532696 0.04163399 0.07995545
v -0.007512305 0.0413227 0.07995434
v -0.009469488 0.04091856 0.07994911
v -0.01139388 0.04042499 0.07996002
v -0.01327322 0.03984748 0.08000532
v -0.01512311 0.0391828 0.08004478
v -0.01694558 0.03842977 0.08002471
v -0.01872885 0.03759295 0.07996832
v -0.02048658 0.0366647 0.07993455
v -0.02221123 0.03564634 0.07991964
v -0.02389307 0.03454159 0.07991372
v -0.02552392 0.03335461 0.07991261
v -0.02709598 0.03209062 0.07991971
v -0.02860294 0.03075503 0.07994053
v -0.03004423 0.02934867 0.07996457
v -0.03141767 0.02787346 0.07997136
v -0.03271275 0.02634153 0.07996735
v -0.03392172 0.02476524 0.07999078
v -0.03505688 0.0231304 0.08001927
v -0.03611631 0.02143856 0.07999762
v -0.03708892 0.01970818 0.07996054
v -0.03797655 0.01793828 0.07998683
v -0.03878275 0.01612137 0.08002667
v -0.03950384 0.01426349 0.08001093
v -0.04013517 0.0123761 0.07995779
v -0.04068046 0.0104451 0.07992255
v -0.04113504 0.008479863 0.07990713
v -0.04149397 0.00650004 0.07991975
v -0.04175544 0.004525825 0.07997606
v -0.0419228 0.002545358 0.08002813
v -0.04199627 0.0005600416 0.08001729
v -0.04197599 -0.001420002 0.07996835
v -0.04186126 -0.003410975 0.07993935
v -0.04165053 -0.00540681 0.0799276
v -0.04134326 -0.007398295 0.07992285
v -0.04093979 -0.009377272 0.07991874
v -0.04044179 -0.0113341 0.07991605
v -0.03985374 -0.01325442 0.07992997
v -0.03918238 -0.0151242 0.07998096
v -0.03842386 -0.01695899 0.08002513
v -0.03757768 -0.01875947 0.08000453
v -0.03664786 -0.02051668 0.07994397
v -0.03562707 -0.02224212 0.07990738
v -0.03452329 -0.0239195 0.07991087
v -0.03335007 -0.02552984 0.07996621
v -0.03210258 -0.0270818 0.08001993
v -0.03078291 -0.02857293 0.0800106
v -0.02939906 -0.02999492 0.07996324
v -0.0279394 -0.03135905 0.079934
v -0.02640664 -0.03266021 0.07991891
v -0.02480662 -0.03389147 0.07990976
v -0.02314717 -0.03504581 0.07990508
v -0.02144108 -0.03611482 0.07991883
v -0.01970299 -0.03709167 0.07997116
v -0.01792071 -0.03798484 0.08001788
v -0.01609384 -0.03879418 0.08000014
v -0.0142337 -0.03951458 0.07994467
v -0.01233078 -0.04014912 0.07991954
v -0.01040251 -0.04069137 0.07993724
v -0.008469918 -0.04113709 0.08000051
v -0.00652363 -0.04149027 0.08005341
v -0.004567235 -0.04175093 0.08004179
v -0.002610543 -0.04191879 0.07999605
v -0.000631796 -0.04199525 0.07996571
v 0.001377802 -0.04197739 0.07992065
v 0.003422213 -0.04186034 0.07983999
v 0.00548718 -0.04164002 0.07975076
v -0.0145814 -0.0393876 0.06921712
v 0.00617205 0.04154402 0.06913991
v -0.01257967 0.03796544 0.1402817
v -0.01365282 0.03740403 0.1386951
v -0.01404303 0.03710584 0.1403564
v 0.006392139 0.04151073 0.07107965
v 0.006462431 0.04149984 0.07298458
v 0.006718231 0.0414592 0.07454285
v -0.03419954 -0.02438014 0.06741008
v -0.03583495 -0.02190562 0.06919196
v -0.03236779 0.02676428 0.06918661
v -0.0358677 0.02185196 0.06919052
v -0.004948863 -0.04170742 0.06928497
v -0.02528542 0.03353576 0.0692131
v 0.001584136 -0.04197011 0.06957074
v -0.02818187 -0.03114132 0.06925002
v -0.03778612 0.01833601 0.06913317
v -0.02900341 0.03037766 0.06737174
v -0.04156048 -0.006060233 0.06749031
v -0.01737125 -0.03823924 0.07098607
v -0.02095504 -0.03639899 0.06741111
v -0.04142221 0.006942656 0.06569215
v -0.02288209 0.03521945 0.07100497
v -0.03172733 -0.02752047 0.07099198
v -0.004933464 0.04170924 0.06575859
v -0.008898584 0.0410465 0.06577892
v 0.001029284 0.04198739 0.06902848
v -0.04199993 -7.875006e-05 0.0710423
v -0.03899388 0.01560376 0.07100305
v -0.01568974 0.03895937 0.0709906
v -0.01183722 0.0402974 0.06748874
v 0.003562422 0.04184865 0.07022002
v 0.006898301 -0.04142962 0.0742794
v -0.04189737 0.002934303 0.06916693
v -0.04002395 0.01273118 0.06924987
v -0.04104522 0.008904493 0.06570478
v -0.03533384 0.02270506 0.07097324
v -0.02114187 0.03629079 0.07100892
v -0.01752467 0.03816917 0.07102784
v -0.03858214 -0.01659573 0.06916589
v -0.003929188 -0.0418158 0.07111083
v -0.03729938 -0.01930689 0.07102271
v -0.03359982 -0.02520025 0.06911674
v 0.006358286 0.04151593 0.0761821
v -0.02595035 -0.03302392 0.06397486
v -0.04124345 0.007935858 0.06396319
v -0.001901225 0.04195695 0.06745169
v -0.04188523 -0.003102785 0.06925709
v -0.04055804 -0.01091078 0.06571385
v -0.04082676 0.009857769 0.06745962
v -0.03421712 0.02435546 0.07085238
v 0.006428262 -0.04150515 0.07786852
v -0.03105828 0.02827337 0.06919918
v -0.007928608 -0.04124484 0.0674006
v -0.0251452 -0.03364103 0.06571384
v -0.03967071 -0.01379256 0.06741978
v -0.0118026 -0.04030755 0.06738017
v -0.03821245 0.01743012 0.07084444
v 0.006280875 0.04152771 0.07792062
v -0.02745941 -0.0317802 0.06747984
v -0.03035194 -0.02903033 0.07103924
v -0.02005657 -0.03690168 0.06911792
v -0.01547719 -0.03904429 0.07101803
v -0.04157825 0.005937084 0.06741277
v 0.004917713 0.0417111 0.07069993
v -0.03631907 -0.02109324 0.0709859
v -0.01285086 0.03998569 0.0691779
v -0.04195439 0.001956869 0.07099091
v -0.001751229 -0.04196347 0.0711479
v -0.02753634 0.03171356 0.06739329
v -0.009880941 -0.04082116 0.06735442
v -0.02749174 -0.03175223 0.06397892
v 0.005023455 -0.0416985 0.07127574
v 0.003853088 -0.04182289 0.06959301
v -0.0245621 0.03406909 0.07099317
v -0.03970943 0.01368068 0.07104236
v -0.04194564 -0.002136263 0.07103377
v -0.02673449 -0.03239239 0.06223739
v -0.03686627 0.02012158 0.06915396
v -0.03475837 -0.0235766 0.06913615
v -0.02266138 -0.03536187 0.0674291
v 0.003230702 0.04187556 0.0783237
v -0.03638906 0.02097227 0.07095188
v 0.0071225 -0.04139167 0.07614577
v -0.006072849 -0.04155864 0.07105458
v 0.001349269 0.04197832 0.07812158
v -0.0006895815 0.04199434 0.07814537
v -0.002723142 0.04191163 0.07818579
v -0.004729218 0.04173289 0.07821815
v -0.006718014 0.04145924 0.07822291
v -0.008691068 0.04109094 0.07820393
v -0.01064383 0.04062892 0.07819016
v -0.0125504 0.04008101 0.07822072
v -0.01436089 0.03946853 0.0783515
v -0.01616374 0.03876511 0.07837897
v -0.01791547 0.03798731 0.07825208
v -0.0196811 0.03710329 0.07818977
v -0.02142916 0.03612189 0.07816573
v -0.02314058 0.03505016 0.07815633
v -0.02480647 0.03389158 0.07815074
v -0.02641984 0.03264954 0.07814859
v -0.02796906 0.0313326 0.07816584
v -0.0294425 0.02995228 0.07821843
v -0.03085108 0.02849932 0.07825512
v -0.03219124 0.02697636 0.07822729
v -0.0334437 0.02540707 0.07820723
v -0.03459142 0.02382087 0.07832037
v -0.03567731 0.02216145 0.07833639
v -0.03667817 0.02046246 0.0782034
v -0.03761519 0.01868415 0.078187
v -0.03844648 0.01690763 0.07832508
v -0.03919831 0.01508287 0.07835874
v -0.03985602 0.01324756 0.07824114
v -0.04044312 0.01132934 0.07817818
v -0.04094522 0.009353552 0.07814427
v -0.04135328 0.007342093 0.07812597
v -0.04166011 0.005332463 0.07816519
v -0.04186328 0.003386138 0.07832309
v -0.0419758 0.001425495 0.07836367
v -0.0419969 -0.0005100307 0.07825009
v -0.0419258 -0.002495453 0.07819495
v -0.04175818 -0.004500451 0.07817624
v -0.04149301 -0.006506136 0.07817029
v -0.04112974 -0.00850557 0.07816567
v -0.04066833 -0.01049224 0.07815424
v -0.04010983 -0.01245799 0.07814162
v -0.03946432 -0.01437245 0.07817624
v -0.03875508 -0.01618776 0.07832463
v -0.03795616 -0.01798138 0.07835439
v -0.03708322 -0.01971889 0.07822527
v -0.03609734 -0.02147049 0.07815059
v -0.03500829 -0.02320388 0.0781148
v -0.03384329 -0.0248723 0.07815161
v -0.03264465 -0.02642587 0.07831265
v -0.03136926 -0.02792794 0.07835546
v -0.03004353 -0.02934939 0.07824242
v -0.02861904 -0.03074004 0.07819038
v -0.02711093 -0.03207799 0.0781675
v -0.02552844 -0.03335114 0.07815462
v -0.02387736 -0.03455245 0.07813985
v -0.02216301 -0.03567634 0.07812645
v -0.02041209 -0.03670622 0.07816222
v -0.01867527 -0.0376196 0.07831361
v -0.01688371 -0.03845699 0.07834725
v -0.01506876 -0.03920373 0.07821859
v -0.01316398 -0.0398837 0.07815362
v -0.01120838 -0.04047681 0.07814316
v -0.009248702 -0.04096903 0.07820429
v -0.007345571 -0.04135266 0.0783648
v -0.005422729 -0.04164846 0.07839701
v -0.003521605 -0.0418521 0.07828471
v -0.001573291 -0.04197052 0.07824438
v 0.0003990449 -0.0419981 0.07823135
v 0.002410815 -0.04193075 0.07813977
v 0.004425247 -0.04176622 0.07794259
v 0.002067919 0.04194906 0.07059909
v -0.01268921 -0.04003728 0.06915492
v 0.004917452 0.04171113 0.07480642
v 0.005214839 -0.041675 0.07570392
v -0.01935095 0.03727655 0.07101543
v 0.004882038 0.04171529 0.07263577
v 0.004856695 0.04171825 0.07864461
v -0.006923745 0.04142538 0.06577764
v 0.005081782 -0.04169143 0.07325379
v -0.04103048 -0.008972169 0.06572623
v -0.03300365 0.02597612 0.07085906
v -0.02671648 -0.03240724 0.0657217
v -0.02684101 0.03230418 0.06916335
v -0.02889024 -0.03048531 0.07102812
v -0.003873244 0.04182102 0.06750384
v -0.01915294 -0.03737867 0.07082477
v -0.02971672 0.02968024 0.06907064
v -0.01352071 -0.03976419 0.07096769
v -0.04122473 -0.008032538 0.06748452
v -0.0417106 0.004921945 0.06911963
v -0.02665403 -0.03245863 0.06923671
v 0.003378319 0.04186391 0.07186639
v -0.03733927 0.01922964 0.07082091
v -0.03298466 -0.02600023 0.07082422
v -0.0008209005 0.04199198 0.06916446
v -0.01388073 0.03963995 0.07085177
v -0.03107845 -0.02825119 0.07286642
v -0.01658462 0.03858692 0.07286624
v -0.03246721 -0.02664357 0.07274702
v -0.04198844 0.0009852424 0.07286878
v -0.03678571 -0.02026848 0.07280088
v -0.0221023 0.03571398 0.07278091
v -0.03588336 0.02182623 0.07282068
v -0.03934847 0.01468666 0.072874
v 0.0004867946 -0.04199718 0.07128786
v -0.005078852 -0.04169179 0.07292424
v -0.04058998 0.01079136 0.06923156
v -0.006984899 -0.04141511 0.06919986
v -0.03818528 -0.01748954 0.07098682
v -0.03526869 -0.02280613 0.07091442
v -0.009872139 0.04082329 0.06755221
v -0.04168708 -0.005117329 0.06925412
v -0.04027871 -0.01190064 0.06744384
v -0.04124877 0.007908164 0.06743255
v -0.03776974 -0.01836972 0.07285912
v -0.0347137 0.02364232 0.07275831
v -0.0217828 -0.03590974 0.06913769
v -0.03169939 0.02755266 0.07102493
v -0.02431454 -0.03424621 0.06745246
v -0.01644834 -0.03864521 0.07285352
v -0.03932229 -0.01475661 0.06912537
v -0.03854854 0.01667363 0.07276544
v 0.0046336 0.04174362 0.07694904
v -0.02737081 -0.03185654 0.07101316
v -0.01840301 -0.03775354 0.07274674
v -0.04181718 0.00391449 0.07082674
v -0.01469603 0.03934497 0.07276112
v -0.04198403 -0.001158073 0.07282936
v -0.02382311 0.03458987 0.07277353
v -0.002845035 -0.04190353 0.07288954
v -0.01089055 0.04056348 0.0692952
v -0.03694939 0.01996853 0.07267383
v 0.002971503 -0.04189475 0.07173674
v -0.03363179 0.02515756 0.07235538
v -0.03573094 -0.02207487 0.07273083
v -0.01848922 0.03771139 0.07280808
v -0.04033397 0.01171201 0.0710186
v -0.04179137 -0.004181069 0.07102407
v -0.02958845 -0.02980812 0.07282002
v -0.02591322 -0.03305306 0.06746934
v 0.002633794 0.04191734 0.07611912
v 0.003101924 0.0418853 0.0738104
v 0.0002594534 0.0419992 0.07629116
v -0.001857613 0.0419589 0.07637545
v -0.003880209 0.04182038 0.0764339
v -0.005851003 0.04159045 0.07647898
v -0.007832332 0.04126324 0.07644466
v -0.009811076 0.04083801 0.07640115
v -0.01180901 0.04030567 0.07637819
v -0.01372108 0.03969549 0.07642645
v -0.01534263 0.03909736 0.07686132
v -0.01695282 0.03842658 0.0765183
v -0.01874228 0.03758626 0.0764134
v -0.02053387 0.03663823 0.07637521
v -0.02227828 0.03560447 0.07636451
v -0.02398156 0.03448021 0.07635679
v -0.02563865 0.03326649 0.07634614
v -0.02725284 0.03195751 0.07633674
v -0.02878904 0.03058089 0.07637608
v -0.03021368 0.02917419 0.07652111
v -0.03158736 0.02768102 0.07652783
v -0.03290176 0.02610507 0.0763616
v -0.03416471 0.02442893 0.07639276
v -0.03518639 0.0229329 0.07681249
v -0.03615257 0.02137737 0.0764501
v -0.03718496 0.01952635 0.07631278
v -0.03813519 0.0175985 0.07638456
v -0.03885655 0.01594266 0.07683262
v -0.03950225 0.01426789 0.07650441
v -0.04013972 0.01236135 0.07641006
v -0.04070211 0.01036042 0.07636144
v -0.04116658 0.008325449 0.07632167
v -0.0415382 0.006211131 0.07627402
v -0.04179814 0.004112801 0.07637735
v -0.04193501 0.002335493 0.07683489
v -0.04199631 0.0005565734 0.07650908
v -0.04197562 -0.001430922 0.07642031
v -0.04185603 -0.003474546 0.07638669
v -0.04163947 -0.00549128 0.07638129
v -0.04132251 -0.007513331 0.0763798
v -0.04090618 -0.009522851 0.07636978
v -0.04038603 -0.01153118 0.07634003
v -0.03975324 -0.01355285 0.0762904
v -0.03902903 -0.01551563 0.07638475
v -0.03833788 -0.01715245 0.07683177
v -0.03757618 -0.01876248 0.07649006
v -0.03663439 -0.02054073 0.07638305
v -0.03556192 -0.02234614 0.07631072
v -0.0343676 -0.02414266 0.07625535
v -0.03310688 -0.02584443 0.07636483
v -0.03197288 -0.02723481 0.07682573
v -0.03078671 -0.02856884 0.07650309
v -0.02938255 -0.0300111 0.07641071
v -0.02790088 -0.03139333 0.07638278
v -0.02633555 -0.03271756 0.0763678
v -0.02470343 -0.03396676 0.0763521
v -0.0229913 -0.03514826 0.07632095
v -0.02117794 -0.03626975 0.07627275
v -0.01932598 -0.03728949 0.07637003
v -0.01771449 -0.03808145 0.07682133
v -0.01606302 -0.03880695 0.07648338
v -0.01413912 -0.03954852 0.07636909
v -0.01213134 -0.04020983 0.07631456
v -0.01007189 -0.04077447 0.07632721
v -0.008042676 -0.04122275 0.07646219
v -0.006319815 -0.0415218 0.07688448
v -0.004576273 -0.04174994 0.07654604
v -0.00262604 -0.04191782 0.07646918
v -0.000659547 -0.04199482 0.07647748
v 0.001264292 -0.04198097 0.07651493
v -0.01082615 -0.04058071 0.06902396
v -0.04005288 0.01263989 0.07282605
v -0.02829728 0.0310365 0.06905061
v -0.02618381 0.03283912 0.07096359
v 0.0003185085 0.04199879 0.07085289
v -0.01439087 -0.03945761 0.07278129
v -0.04079659 -0.009981882 0.06747057
v -0.04143023 0.006894622 0.06914188
v -0.008129143 -0.04120579 0.07090225
v -0.03417366 -0.02441641 0.07079177
v 0.003420458 -0.04186049 0.07411197
v -0.008916525 -0.04104261 0.0690386
v -0.01762497 -0.03812296 0.07481492
v -0.005875185 0.04158704 0.06754804
v 0.001601507 0.04196946 0.07243729
v -0.01200383 0.04024808 0.07091272
v -0.04188605 0.003091671 0.07275065
v -0.03029245 0.0290924 0.07097849
v -0.0115797 -0.04037215 0.07085257
v -0.01544018 0.03905894 0.07485007
v 0.003220547 -0.04187634 0.07625251
v -0.007883659 0.04125346 0.06757507
v -0.03975052 0.01356084 0.07464615
v -0.0208883 -0.03643733 0.07079599
v -0.002759088 0.04190928 0.069242
v -0.04187407 -0.003250006 0.07280068
v -0.02806758 -0.03124438 0.0727963
v -0.04199958 -0.0001874001 0.07464781
v -0.0319154 -0.02730215 0.07481885
v -0.0255039 0.03336991 0.07275583
v -0.03618596 -0.02132079 0.07454775
v -0.01306825 0.03991517 0.07234984
v -0.0006933517 -0.04199428 0.07294296
v -0.02032587 0.03675403 0.07278698
v -0.04105854 0.008842849 0.06919572
v -0.03863921 -0.01646243 0.0727567
v -0.0230651 0.03509987 0.07456048
v -0.03358827 -0.02521563 0.07229622
v -0.01532313 -0.03910501 0.07461586
v -0.03656166 0.0206699 0.07455414
v -0.008857059 0.04105548 0.06941311
v -0.03895454 -0.0157017 0.07083089
v -0.02580224 -0.03313977 0.07099757
v -0.003858735 -0.04182236 0.0746943
v -0.03778248 0.0183435 0.07232902
v -0.04139368 -0.007110814 0.0692511
v -0.03997238 -0.01289219 0.06915476
v -0.03723962 -0.01942191 0.0746319
v -0.03522827 0.02286852 0.07480119
v -0.03248948 0.02661641 0.07273149
v -0.02345213 -0.03484247 0.06918761
v -0.04158767 0.005870785 0.07079955
v -0.03888776 0.01586639 0.07482675
v -0.007368406 -0.0413486 0.07282733
v -0.03026894 -0.02911686 0.07464379
v -0.04194002 0.002243737 0.07482469
v -0.01762638 0.03812231 0.07464603
v -0.02001709 -0.03692311 0.07230133
v -0.02132422 0.03618394 0.07456752
v -0.006277901 -0.04152816 0.07488674
v -0.02507498 -0.0336934 0.06921897
v 0.001948741 -0.04195477 0.07493916
v -0.0346234 -0.02377436 0.07262028
v -0.04085498 0.009740167 0.07098289
v -0.04039637 0.01149491 0.0745859
v -0.04153959 -0.006201817 0.07102223
v -0.04193553 -0.002326136 0.07459779
v -0.03503005 -0.02317101 0.07446484
v -0.0393034 -0.01480686 0.07231363
v 0.001058093 0.04198667 0.07437687
v 0.001428696 -0.04197569 0.07317729
v -0.03830281 -0.01723063 0.07482415
v -0.0412719 0.007786553 0.07092208
v -0.001035211 0.04198724 0.07454097
v -0.003056693 0.04188862 0.07461899
v -0.004995679 0.04170184 0.07469128
v -0.006860188 0.04143595 0.07478731
v -0.008874683 0.04105167 0.07455811
v -0.01093682 0.04055103 0.07467699
v -0.01306246 0.03991706 0.07435384
v -0.01952313 0.03718666 0.07458401
v -0.02476439 0.03392234 0.07454987
v -0.02642993 0.03264137 0.07452697
v -0.02807709 0.03123583 0.07448568
v -0.02963781 0.02975904 0.07458295
v -0.03092122 0.02842319 0.07500511
v -0.0321492 0.02702644 0.07462876
v -0.03364331 0.02514215 0.07434218
v -0.03775897 0.01839185 0.07431614
v -0.04092375 0.009447038 0.07454455
v -0.04135376 0.00733938 0.0744803
v -0.04170947 0.004931556 0.07429292
v -0.04176941 -0.004395049 0.07458169
v -0.04150444 -0.006432831 0.07458398
v -0.04114229 -0.008444662 0.07458432
v -0.04067739 -0.01045705 0.0745642
v -0.04009988 -0.01248997 0.07449958
v -0.0393201 -0.01476245 0.07430317
v -0.0336151 -0.02517985 0.07428098
v -0.02874146 -0.03062562 0.07458811
v -0.02719985 -0.03200263 0.07457773
v -0.02559844 -0.03329745 0.07456311
v -0.0239318 -0.03451477 0.07454061
v -0.02215521 -0.03568118 0.07447898
v -0.02005634 -0.03690181 0.07428936
v -0.01321493 -0.03986685 0.07452415
v -0.01104213 -0.04052248 0.07444421
v -0.008781908 -0.04107162 0.07452284
v -0.001740441 -0.04196392 0.07467359
v 0.0002314252 -0.04199936 0.07474663
v -0.04063655 0.01061465 0.07278053
v -0.02901987 0.03036194 0.0705515
v -0.02771575 0.03155689 0.070879
v -0.02419004 -0.03433427 0.07097166
v -0.009873208 -0.04082303 0.07050796
v -0.001583003 0.04197016 0.07097953
v -0.01227523 -0.04016614 0.07268863
v -0.04053258 -0.01100499 0.06921192
v -0.03964209 -0.0138746 0.07081183
v -0.02717506 0.03202368 0.07270679
v -0.0003248978 0.04199874 0.0726985
v -0.04171499 0.004884654 0.07230447
v -0.03091507 0.02842988 0.07301187
v -0.004751686 0.04173034 0.0692997
v -0.04166421 -0.005300375 0.07279554
v -0.02650486 -0.03258055 0.07278152
v -0.04100788 -0.009074877 0.06924148
v -0.0225461 -0.03543548 0.07091421
v -0.009872288 -0.04082325 0.07246819
v -0.01001905 0.04078748 0.07124937
v -0.01156587 0.04037612 0.07279168
v -0.006788992 0.04144767 0.06937671
v -0.02155001 -0.03604992 0.07262828
v -0.0248945 -0.03382697 0.07276548
v -0.003549822 0.04184972 0.07104326
v -0.04110854 0.008607458 0.07273543
v -0.04119295 -0.008193942 0.07101966
v -0.04147326 0.006630918 0.07263304
v -0.03988352 -0.01316453 0.07265006
v -0.002304924 0.04193671 0.07279812
v -0.004248102 0.04178461 0.07286099
v -0.006069282 0.04155916 0.07296239
v -0.02899448 0.03038619 0.07252902
v -0.0413568 -0.007322216 0.07279891
v -0.04095398 -0.009315115 0.07279395
v -0.04045842 -0.0112746 0.07275729
v -0.02323674 -0.03498648 0.07272856
v -0.04023387 -0.01205137 0.07094294
v -0.007638532 0.04129955 0.07130163
v -0.008844797 0.04105812 0.07261662
v -0.04075533 -0.01014906 0.07100428
v -0.007597459 0.04130713 0.07326332
v -0.01010984 0.04076507 0.07320677
v -0.005540836 0.04163291 0.07111626
v 0.04181769 0.0 0.009916222
v 0.04127631 0.0 0.007895758
v 0.04151563 0.0015293 0.008722647
v 0.0403923 0.0 0.006
v 0.03919253 0.0 0.004286549
v 0.03990342 0.001862086 0.005287309
v 0.03771345 0.0 0.002807467
v 0.036 0.0 0.001607695
v 0.03693721 0.001911517 0.002243622
v 0.03410424 0.0 0.0007236886
v 0.03208378 0.0 0.000182307
v 0.03323073 0.001960952 0.0004593967
v 0.03 0.0 0.0
v 0.03143213 0.002014287 9.369149e-05
v 0.02993301 0.002003779 0.0
v 0.04179005 0.002609276 0.01024808
v 0.04159352 0.004642996 0.01012029
v 0.04130971 0.006629023 0.01003615
v 0.04094325 0.008611273 0.01004103
v 0.04048406 0.01058764 0.01008141
v 0.03992835 0.01252882 0.01009528
v 0.0392824 0.01442054 0.01008155
v 0.03855038 0.01627131 0.01006896
v 0.03773313 0.018086 0.01006931
v 0.03683046 0.01986281 0.01007825
v 0.03584352 0.02159577 0.01008721
v 0.03477552 0.02327819 0.01009278
v 0.03362919 0.02490624 0.01009517
v 0.03240667 0.02647732 0.01009499
v 0.03111087 0.0279881 0.01009345
v 0.02974409 0.02943591 0.01009076
v 0.02830882 0.03081772 0.01008615
v 0.02680951 0.03212948 0.01008111
v 0.02525042 0.03336837 0.01007957
v 0.02363351 0.03453279 0.01008138
v 0.02196201 0.03561938 0.01008238
v 0.02024199 0.03662418 0.0100823
v 0.01847856 0.03754547 0.01008606
v 0.01667334 0.03838275 0.01009463
v 0.01482835 0.03913381 0.01010201
v 0.01294806 0.03979531 0.01010083
v 0.01103844 0.04036488 0.0100898
v 0.009105505 0.040842 0.01007567
v 0.007153785 0.04122749 0.01006859
v 0.005186141 0.04152184 0.01007421
v 0.003205043 0.04172376 0.01008788
v 0.001215132 0.04183091 0.01009954
v -0.0007774916 0.04184168 0.0101017
v -0.002766681 0.04175617 0.01009441
v -0.00474742 0.04157604 0.01008498
v -0.00671686 0.04130306 0.01008157
v -0.008673366 0.0409374 0.01008444
v -0.01061229 0.0404787 0.01008796
v -0.01252686 0.03992789 0.01008895
v -0.01441273 0.03928618 0.01008683
v -0.01626616 0.03855481 0.01008172
v -0.01808216 0.03773622 0.01007626
v -0.01985703 0.03683297 0.01007494
v -0.02158868 0.03584591 0.01007726
v -0.02327256 0.03477649 0.01007842
v -0.02490238 0.03362852 0.01007764
v -0.02647429 0.03240588 0.01007936
v -0.02798676 0.03111016 0.01008463
v -0.02943633 0.02974344 0.01008975
v -0.03081827 0.02830984 0.01009295
v -0.03212974 0.02681259 0.01009457
v -0.03336846 0.0252543 0.01009453
v -0.03453141 0.02363887 0.01009308
v -0.03561619 0.02196952 0.01008997
v -0.03662046 0.02024957 0.01008481
v -0.03754155 0.01848428 0.01007992
v -0.03837799 0.0166783 0.01007983
v -0.03912873 0.01483376 0.01008443
v -0.03979129 0.01295426 0.01008902
v -0.04036313 0.0110456 0.01009107
v -0.04084295 0.009111871 0.01008999
v -0.04122975 0.007156908 0.01008559
v -0.0415228 0.005186374 0.01008028
v -0.04172225 0.003204968 0.01007853
v -0.0418278 0.001215068 0.01008026
v -0.04183836 -0.0007787186 0.01008127
v -0.04175391 -0.002769062 0.01008137
v -0.04157573 -0.004750667 0.01008535
v -0.0413043 -0.006721705 0.01009398
v -0.04093899 -0.008679038 0.01010143
v -0.04047961 -0.01061714 0.01010111
v -0.03992748 -0.01253008 0.01009247
v -0.03928518 -0.01441316 0.01008194
v -0.03855493 -0.01626387 0.01007694
v -0.03773716 -0.01808062 0.01007735
v -0.03683264 -0.01985857 0.01007765
v -0.03584446 -0.02159077 0.01007623
v -0.03477596 -0.02327284 0.01007664
v -0.03362843 -0.02490292 0.01007916
v -0.03240365 -0.02647717 0.01007995
v -0.03110589 -0.02799006 0.01007865
v -0.02973929 -0.02943825 0.01007985
v -0.02830561 -0.03082036 0.01008474
v -0.02680718 -0.03213321 0.01008962
v -0.02524854 -0.03337244 0.01009262
v -0.0236332 -0.0345355 0.01009412
v -0.021964 -0.03562038 0.01009414
v -0.02024507 -0.03662446 0.01009305
v -0.01847983 -0.03754568 0.01009068
v -0.01667178 -0.03838198 0.01008639
v -0.01482648 -0.03913106 0.01008197
v -0.01294894 -0.03979178 0.01008172
v -0.01104142 -0.04036339 0.01008578
v -0.009107579 -0.04084386 0.01008968
v -0.007153379 -0.04123123 0.0100909
v -0.005183078 -0.04152466 0.01008915
v -0.003200459 -0.04172356 0.01008449
v -0.001211128 -0.04182776 0.01007928
v 0.0007801881 -0.04183777 0.0100778
v 0.002771048 -0.04175354 0.0100799
v 0.004756771 -0.04157437 0.01008126
v 0.006730022 -0.04130091 0.01008149
v 0.008685601 -0.04093496 0.01008538
v 0.01062176 -0.0404772 0.01009388
v 0.01253541 -0.03992729 0.01010128
v 0.01442103 -0.03928556 0.010101
v 0.01627282 -0.03855387 0.01009242
v 0.01808623 -0.0377353 0.01008196
v 0.01985888 -0.03683237 0.01007709
v 0.0215891 -0.0358458 0.010078
v 0.02327208 -0.03477702 0.01007946
v 0.02490107 -0.03363003 0.0100803
v 0.02647198 -0.03240892 0.01008489
v 0.02798351 -0.03111509 0.01009392
v 0.02943272 -0.02974969 0.0101016
v 0.03081488 -0.02831555 0.01010142
v 0.03212574 -0.02681696 0.0100929
v 0.03336273 -0.02525866 0.0100825
v 0.03452496 -0.02364388 0.01007765
v 0.03561126 -0.02197391 0.01007828
v 0.03661798 -0.0202522 0.0100793
v 0.03754103 -0.01848534 0.01007994
v 0.03837866 -0.01667878 0.01008484
v 0.03913015 -0.01483477 0.0100949
v 0.03979326 -0.01295684 0.01010566
v 0.04036519 -0.01105224 0.01011445
v 0.04084489 -0.009132328 0.01012977
v 0.04123395 -0.00721213 0.01017183
v 0.04153319 -0.005308333 0.01024549
v 0.04174337 -0.003459231 0.0103531
v 0.041837 -0.001651796 0.01023569
v 0.02973232 0.003998609 0.0
v 0.02939885 0.00597558 0.0
v 0.03107354 0.00546141 0.0001005032
v 0.02893408 0.007925862 0.0
v 0.02834007 0.009840746 0.0
v 0.03031584 0.009381016 0.0001259585
v 0.0276195 0.01171168 0.0
v 0.02677557 0.0135303 0.0
v 0.02878876 0.01334637 0.0001256468
v 0.02581205 0.0152885 0.0
v 0.02473325 0.01697841 0.0
v 0.02678772 0.01707876 0.0001310984
v 0.02354398 0.0185925 0.0
v 0.02224956 0.02012354 0.0
v 0.02427356 0.02050953 0.0001324632
v 0.02085577 0.02156471 0.0
v 0.01936884 0.02290957 0.0
v 0.02130906 0.02355414 0.0001301802
v 0.01779539 0.0241521 0.0
v 0.01614247 0.02528677 0.0
v 0.01798164 0.02617174 0.0001288398
v 0.01441745 0.0263085 0.0
v 0.01262804 0.02721273 0.0
v 0.01434263 0.02833668 0.0001297239
v 0.01078223 0.02799542 0.0
v 0.008888267 0.02865307 0.0
v 0.01043543 0.03001885 0.0001328954
v 0.006954605 0.02918276 0.0
v 0.004989881 0.02958211 0.0
v 0.006328721 0.0311108 0.0001279927
v 0.003002871 0.02984933 0.0
v 0.001002449 0.02998325 0.0
v 0.002121602 0.03169511 0.0001306655
v -0.001002449 0.02998325 0.0
v -0.003002871 0.02984933 0.0
v -0.002129539 0.03170075 0.0001315833
v -0.004989881 0.02958211 0.0
v -0.006954605 0.02918276 0.0
v -0.006349761 0.03112131 0.0001301363
v -0.008888267 0.02865307 0.0
v -0.01078223 0.02799542 0.0
v -0.01044428 0.0300011 0.0001308242
v -0.01262804 0.02721273 0.0
v -0.01441745 0.0263085 0.0
v -0.01433556 0.02833077 0.0001284726
v -0.01614247 0.02528677 0.0
v -0.01779539 0.0241521 0.0
v -0.0179672 0.02617639 0.0001282003
v -0.01936884 0.02290957 0.0
v -0.02085577 0.02156471 0.0
v -0.02129633 0.02356137 0.000129708
v -0.02224956 0.02012354 0.0
v -0.02354398 0.0185925 0.0
v -0.02426453 0.02051754 0.0001322046
v -0.02473325 0.01697841 0.0
v -0.02581205 0.0152885 0.0
v -0.02678745 0.01708524 0.0001315845
v -0.02677557 0.0135303 0.0
v -0.0276195 0.01171168 0.0
v -0.02881465 0.01335282 0.0001294986
v -0.02834007 0.009840746 0.0
v -0.02893408 0.007925862 0.0
v -0.03034667 0.009397969 0.0001310429
v -0.02939885 0.00597558 0.0
v -0.02973232 0.003998609 0.0
v -0.03132175 0.005272864 0.000130136
v -0.02993301 0.002003779 0.0
v -0.03 -8.356547e-16 0.0
v -0.03173705 0.001060129 0.000128991
v -0.02993301 -0.002003779 0.0
v -0.02973232 -0.003998609 0.0
v -0.03160174 -0.003173876 0.0001298759
v -0.02939885 -0.00597558 0.0
v -0.02893408 -0.007925862 0.0
v -0.03091509 -0.00737697 0.0001332093
v -0.02834007 -0.009840746 0.0
v -0.0276195 -0.01171168 0.0
v -0.02962782 -0.01143623 0.0001295288
v -0.02677557 -0.0135303 0.0
v -0.02581205 -0.0152885 0.0
v -0.02783731 -0.01527236 0.0001285173
v -0.02473325 -0.01697841 0.0
v -0.02354398 -0.0185925 0.0
v -0.02556652 -0.01882755 0.000128431
v -0.02224956 -0.02012354 0.0
v -0.02085577 -0.02156471 0.0
v -0.02284487 -0.02205351 0.0001287146
v -0.01936884 -0.02290957 0.0
v -0.01779539 -0.0241521 0.0
v -0.01971427 -0.02491598 0.0001315495
v -0.01614247 -0.02528677 0.0
v -0.01441745 -0.0263085 0.0
v -0.0162072 -0.0273344 0.0001324553
v -0.01262804 -0.02721273 0.0
v -0.01078223 -0.02799542 0.0
v -0.01240495 -0.02924181 0.0001303962
v -0.008888267 -0.02865307 0.0
v -0.006954605 -0.02918276 0.0
v -0.008394793 -0.03063302 0.0001301346
v -0.004989881 -0.02958211 0.0
v -0.003002871 -0.02984933 0.0
v -0.004241416 -0.03148415 0.0001310399
v -0.001002449 -0.02998325 0.0
v 0.001002449 -0.02998325 0.0
v -1.404838e-05 -0.03175431 0.000128926
v 0.003002871 -0.02984933 0.0
v 0.004989881 -0.02958211 0.0
v 0.004205592 -0.03147521 0.0001290181
v 0.006954605 -0.02918276 0.0
v 0.008888267 -0.02865307 0.0
v 0.008375558 -0.03065109 0.0001319755
v 0.01078223 -0.02799542 0.0
v 0.01262804 -0.02721273 0.0
v 0.01240013 -0.02925312 0.0001316677
v 0.01441745 -0.0263085 0.0
v 0.01614247 -0.02528677 0.0
v 0.01618883 -0.02731726 0.0001288674
v 0.01779539 -0.0241521 0.0
v 0.01936884 -0.02290957 0.0
v 0.01968929 -0.02491999 0.0001297131
v 0.02085577 -0.02156471 0.0
v 0.02224956 -0.02012354 0.0
v 0.02286311 -0.02207847 0.000133252
v 0.02354398 -0.0185925 0.0
v 0.02473325 -0.01697841 0.0
v 0.02559326 -0.01880699 0.0001298158
v 0.02581205 -0.0152885 0.0
v 0.02677557 -0.0135303 0.0
v 0.02787111 -0.01522252 0.0001293626
v 0.0276195 -0.01171168 0.0
v 0.02834007 -0.009840746 0.0
v 0.02966758 -0.01136419 0.0001312017
v 0.02893408 -0.007925862 0.0
v 0.02939885 -0.00597558 0.0
v 0.03085966 -0.007316253 0.0001231949
v 0.02973232 -0.003998609 0.0
v 0.02993301 -0.002003779 0.0
v 0.0312078 -0.003402463 8.10949e-05
v 0.03148201 -0.001558831 9.67294e-05
v 0.04139522 -0.001535019 0.008325792
v 0.04062553 -0.001619982 0.006485382
v 0.03953562 -0.001532232 0.004753963
v 0.03818261 -0.001500293 0.003250039
v 0.03661819 -0.001498367 0.002010355
v 0.03495098 -0.001507572 0.001083729
v 0.03324588 -0.001436384 0.0004560857
v 0.040894 0.001737993 0.007048726
v 0.03856463 0.001903292 0.003642914
v 0.03511479 0.001935517 0.001169909
v 0.03214404 0.003890271 0.0002381005
v 0.02785152 0.01524519 0.0001284301
v 0.03087402 0.007342202 0.0001260945
v 0.02961228 0.01139141 0.0001250337
v 0.02559086 0.01883478 0.0001319799
v 0.0228417 0.02208334 0.0001314531
v 0.01968508 0.02491642 0.0001289124
v 0.01619956 0.02730958 0.0001286999
v 0.0124183 0.02924437 0.0001315237
v 0.00840088 0.03063445 0.0001305787
v 0.004233585 0.03146383 0.000127904
v -2.22053e-06 0.03177898 0.0001325987
v -0.004251265 0.03147795 0.0001303228
v -0.00841965 0.03063379 0.0001312244
v -0.01242039 0.0292309 0.0001298013
v -0.0161899 0.02731335 0.0001284516
v -0.01967283 0.02492375 0.0001286406
v -0.02283331 0.02209346 0.0001316028
v -0.02558811 0.01884472 0.0001325306
v -0.02786438 0.01525106 0.0001305187
v -0.02964763 0.01139914 0.0001302943
v -0.03090905 0.007350798 0.0001314214
v -0.03159682 0.003172266 0.0001291265
v -0.03173661 -0.001054335 0.0001288983
v -0.03133007 -0.005285481 0.0001316704
v -0.03034027 -0.009428178 0.0001314652
v -0.02879186 -0.01338587 0.0001285001
v -0.02675884 -0.01708622 0.000128085
v -0.02425993 -0.02048188 0.0001282645
v -0.02132763 -0.02353345 0.0001297531
v -0.01800297 -0.02618372 0.0001321038
v -0.01433666 -0.02835315 0.0001315084
v -0.01042104 -0.02999859 0.0001293392
v -0.006333348 -0.03112976 0.000130881
v -0.002131927 -0.03168761 0.0001296565
v 0.002100234 -0.03168267 0.0001286151
v 0.006299266 -0.03112807 0.0001296275
v 0.01041306 -0.03002686 0.0001329291
v 0.01432625 -0.02834176 0.0001292995
v 0.01797422 -0.02617571 0.0001287035
v 0.02132293 -0.02355412 0.0001315627
v 0.02428285 -0.02049017 0.000131657
v 0.02678872 -0.01705015 0.0001289424
v 0.02882844 -0.01332623 0.0001296973
v 0.03035538 -0.009354283 0.0001303621
v 0.03113139 -0.005314896 0.0001047132
v 0.03290432 0.006210481 0.0005172843
v 0.03600959 0.003796593 0.001731308
v 0.03781129 0.003783787 0.003055853
v 0.02768809 0.018952 0.000538076
v 0.03410226 0.003940019 0.0008080922
v 0.04132468 0.003293554 0.008426964
v 0.02489355 0.02250545 0.0005398135
v 0.04104274 0.005214543 0.008170863
v 0.04070246 0.007205579 0.008061716
v 0.04033326 0.009235618 0.008184191
v 0.03985342 0.01123789 0.008276037
v 0.03925799 0.01313546 0.00824457
v 0.03857579 0.0149788 0.00819817
v 0.03781521 0.01679321 0.008181788
v 0.03697667 0.01857851 0.008197411
v 0.03605434 0.02032717 0.008221876
v 0.0350475 0.02202669 0.008236219
v 0.03396281 0.02366889 0.008243057
v 0.03280114 0.02525577 0.008245984
v 0.03156343 0.02678517 0.008243276
v 0.03025558 0.02825238 0.008239695
v 0.02887653 0.02965819 0.008234758
v 0.02742778 0.03099767 0.008222959
v 0.02591868 0.03226518 0.008211343
v 0.02435468 0.03346246 0.008213787
v 0.02273245 0.03458804 0.008221427
v 0.0210561 0.03563269 0.008219655
v 0.01933701 0.03659279 0.008216166
v 0.01758073 0.03747306 0.008229289
v 0.01578311 0.03827332 0.008252777
v 0.01394629 0.03898477 0.008265944
v 0.01207467 0.03960051 0.008254411
v 0.01017432 0.04011995 0.008222535
v 0.008252616 0.04054843 0.008191844
v 0.006314173 0.04089308 0.008185791
v 0.004362108 0.04115543 0.008210539
v 0.002398381 0.04132758 0.008244246
v 0.0004298492 0.04140127 0.00826368
v -0.001537554 0.04137295 0.008257604
v -0.003499049 0.04124551 0.008233781
v -0.005450485 0.04102671 0.008214207
v -0.007391697 0.04072244 0.008216244
v -0.00932315 0.04032831 0.008228611
v -0.01123406 0.03984001 0.008233611
v -0.013115 0.03926076 0.008232862
v -0.01496741 0.03859055 0.008227144
v -0.01678721 0.03782951 0.008213624
v -0.01856697 0.03698406 0.00820168
v -0.02030696 0.03605947 0.008205501
v -0.02200681 0.03505147 0.008214455
v -0.02365567 0.03395978 0.008212704
v -0.02524544 0.0327929 0.008207246
v -0.02677795 0.03155732 0.008215102
v -0.02825381 0.03024985 0.008229981
v -0.02966378 0.02887214 0.008237628
v -0.03100213 0.02743207 0.008241643
v -0.03227067 0.0259295 0.00824476
v -0.03346612 0.02436608 0.008242982
v -0.03458399 0.02274926 0.008239107
v -0.03562446 0.02107837 0.008232488
v -0.03658386 0.01935619 0.008219401
v -0.03745986 0.01759285 0.008208796
v -0.03825575 0.01579317 0.008215219
v -0.03896911 0.01395447 0.008229508
v -0.03959189 0.01208263 0.008236409
v -0.04012208 0.01018664 0.008237938
v -0.04056022 0.008265287 0.008234176
v -0.04090395 0.006322257 0.008221682
v -0.04115449 0.004367544 0.008209468
v -0.04131648 0.002404253 0.008211784
v -0.04138663 0.0004305325 0.00821932
v -0.04135947 -0.001544935 0.008217629
v -0.04123816 -0.003510574 0.008214621
v -0.04102956 -0.005463988 0.008228107
v -0.04073121 -0.007407973 0.008251159
v -0.04033743 -0.009335671 0.008264167
v -0.03984561 -0.01124029 0.008255081
v -0.03925893 -0.01311712 0.008229658
v -0.03858534 -0.01496332 0.008208081
v -0.03783008 -0.01678027 0.008206745
v -0.03698816 -0.01856771 0.008213686
v -0.03605783 -0.02031373 0.008211179
v -0.03504644 -0.02200873 0.008204716
v -0.03395997 -0.02365356 0.00820956
v -0.03279461 -0.025249 0.008217836
v -0.0315509 -0.02678554 0.008215159
v -0.03023789 -0.02825627 0.008208702
v -0.02886195 -0.02966351 0.008215587
v -0.02741991 -0.03100772 0.008229934
v -0.02591408 -0.03227989 0.008237271
v -0.02435284 -0.03347489 0.008240864
v -0.02273605 -0.03459452 0.008243782
v -0.02106553 -0.03563583 0.008242316
v -0.01934913 -0.0365951 0.008239451
v -0.01758613 -0.03747252 0.008234749
v -0.01577953 -0.03826434 0.008223474
v -0.01394014 -0.03896848 0.008213172
v -0.01207288 -0.03958867 0.008218545
v -0.010175 -0.04012288 0.008231608
v -0.008252691 -0.04056374 0.008237014
v -0.006315293 -0.04091006 0.008236712
v -0.004361585 -0.04116261 0.00823189
v -0.002394958 -0.04131955 0.008219408
v -0.0004253988 -0.04138279 0.008207606
v 0.001544262 -0.04135713 0.00821054
v 0.003515593 -0.04123917 0.00821895
v 0.005479423 -0.04102408 0.008217884
v 0.007424405 -0.04071603 0.008214888
v 0.009348762 -0.04032218 0.008228004
v 0.01125525 -0.03983995 0.008250883
v 0.01313668 -0.03926428 0.008263889
v 0.01498592 -0.03859319 0.008254905
v 0.01679854 -0.03783028 0.008229593
v 0.01857225 -0.03698379 0.008208055
v 0.02030866 -0.03605907 0.008206935
v 0.02200698 -0.03505158 0.008214998
v 0.02365507 -0.03396109 0.008214927
v 0.02524377 -0.03279671 0.008213261
v 0.02677465 -0.03156558 0.008227664
v 0.02824895 -0.030264 0.008251264
v 0.02965792 -0.02889089 0.008264622
v 0.0309945 -0.02744771 0.008255785
v 0.03225649 -0.02593969 0.008230601
v 0.03344577 -0.02437505 0.008209277
v 0.03456628 -0.0227575 0.008208145
v 0.03561504 -0.02108314 0.008215339
v 0.0365814 -0.01935728 0.008214366
v 0.03746183 -0.01759182 0.008212849
v 0.03826079 -0.01579227 0.008228242
v 0.03897722 -0.01395559 0.008253819
v 0.03960345 -0.01208631 0.00827336
v 0.04013588 -0.01019259 0.008283178
v 0.0405808 -0.008290068 0.008311039
v 0.04095417 -0.006404572 0.008414845
v 0.0412462 -0.004552907 0.008561211
v 0.04147727 -0.002925409 0.008854121
v 0.0263532 0.02077465 0.0005393189
v 0.02887444 0.01704667 0.0005312322
v 0.02164173 0.0255929 0.000526827
v 0.03080377 0.01304333 0.0005070741
v 0.01806474 0.02822731 0.0005257088
v 0.02331487 0.02410952 0.000533669
v 0.01415728 0.03039275 0.0005304309
v 0.01988906 0.02697006 0.0005249896
v 0.009954041 0.03205586 0.0005420213
v 0.03161419 0.01095721 0.0005093949
v 0.005574283 0.0330124 0.0005155938
v 0.001126699 0.03354448 0.0005412816
v -0.00339109 0.03335969 0.0005314446
v -0.007829814 0.03261198 0.000533646
v -0.01211096 0.03127212 0.0005326041
v -0.01613442 0.02936304 0.0005229332
v -0.01986142 0.02698005 0.0005224396
v -0.02329518 0.02412783 0.0005335079
v -0.02634153 0.02079336 0.0005400713
v -0.02888202 0.01705705 0.0005348746
v -0.03087503 0.01304864 0.0005276227
v -0.03236491 0.008831492 0.0005365716
v -0.03322396 0.004442504 0.0005277712
v -0.03351641 7.754629e-06 0.0005267767
v -0.03323267 -0.004455055 0.0005309363
v -0.0323676 -0.008902317 0.0005431896
v -0.03082266 -0.0131395 0.0005237308
v -0.0288155 -0.01709398 0.0005230667
v -0.02631973 -0.02074356 0.000525285
v -0.02334816 -0.02403973 0.0005253834
v -0.01995423 -0.02697578 0.0005383343
v -0.01614068 -0.0294195 0.0005390944
v -0.01205084 -0.03127737 0.0005274486
v -0.00778606 -0.03262133 0.0005333081
v -0.003367381 -0.03336625 0.0005327196
v 0.001088794 -0.03349036 0.0005242192
v 0.005506473 -0.03305523 0.0005250404
v 0.009909815 -0.03207568 0.0005438447
v 0.01412342 -0.03040471 0.0005293756
v 0.01804567 -0.02823969 0.0005257543
v 0.02165829 -0.02559385 0.0005303338
v 0.02494181 -0.02247075 0.0005437251
v 0.02768368 -0.01888208 0.0005248101
v 0.02995461 -0.01503445 0.0005266099
v 0.0317454 -0.01087525 0.0005391533
v 0.03273981 -0.006486256 0.0004847208
v 0.007769996 0.03259584 0.000524546
v 0.01615172 0.02936045 0.0005247866
v 0.01209315 0.0313153 0.0005430938
v 0.03253888 -0.002798661 0.0002983058
v 0.04078202 -0.003387589 0.00703014
v 0.03977885 -0.003082597 0.005215653
v 0.03854476 -0.003026844 0.003696686
v 0.03712439 -0.002992684 0.002433779
v 0.03934838 0.003795295 0.004708889
v 0.02990062 0.01507094 0.0005169013
v 0.04053074 0.003628228 0.00655356
v 0.03230968 0.008762351 0.0005147032
v 0.003366296 0.03334095 0.0005249528
v -0.00113364 0.03354766 0.0005423448
v -0.005625546 0.03304439 0.000527824
v -0.009998412 0.03202296 0.0005363668
v -0.01415263 0.03037654 0.0005253209
v -0.0180409 0.02823943 0.0005249012
v -0.021617 0.02560612 0.0005250325
v -0.02487607 0.02252033 0.0005388892
v -0.02768257 0.01896703 0.0005392972
v -0.02993643 0.01508121 0.0005280704
v -0.03169536 0.01096996 0.0005340539
v -0.03287898 0.006644851 0.0005351844
v -0.03343615 0.00222532 0.0005248518
v -0.03343858 -0.002215947 0.0005254035
v -0.03289682 -0.006694571 0.0005436784
v -0.03165216 -0.01105016 0.000529594
v -0.02988821 -0.01515746 0.0005254221
v -0.02762221 -0.01896117 0.0005229556
v -0.0248879 -0.02242899 0.0005227479
v -0.02171102 -0.02556252 0.0005334773
v -0.01809059 -0.0282645 0.0005396607
v -0.01412153 -0.0304243 0.0005346036
v -0.009935815 -0.03201034 0.0005269257
v -0.005590679 -0.03307747 0.0005360749
v -0.001139755 -0.03349412 0.0005258883
v 0.003301822 -0.033352 0.0005263582
v 0.007714214 -0.03263102 0.0005310955
v 0.01205455 -0.03132948 0.0005428905
v 0.01612418 -0.02937255 0.0005239748
v 0.01988134 -0.02697426 0.0005246229
v 0.02336512 -0.02410491 0.0005434804
v 0.02636751 -0.02071028 0.000530492
v 0.02888765 -0.01699866 0.0005272385
v 0.03090917 -0.01299033 0.0005303298
v 0.03237851 -0.008686501 0.0005289431
v 0.03273684 -0.004468034 0.0003915395
v 0.0355474 -0.003076296 0.001429543
v 0.03398552 -0.003097475 0.0007317724
v 0.03190521 0.01475538 0.001162252
v 0.02535636 0.0245682 0.001236998
v 0.02363959 0.02617685 0.001219723
v 0.04010923 0.005606588 0.006189059
v 0.03971696 0.007697665 0.00611177
v 0.03950208 0.00995011 0.006639127
v 0.03895182 0.01181363 0.006575352
v 0.03829907 0.01360181 0.006456238
v 0.03757928 0.01539231 0.00639285
v 0.03679919 0.01717826 0.0063963
v 0.03595832 0.01893543 0.006449714
v 0.03502635 0.0206496 0.006489977
v 0.03400456 0.02229599 0.006494038
v 0.03291821 0.02387883 0.00650322
v 0.03174996 0.02541682 0.006509607
v 0.0305034 0.02688851 0.006494697
v 0.02919962 0.02829905 0.006494816
v 0.02781527 0.02965783 0.006490579
v 0.02635637 0.03093931 0.006457934
v 0.02484695 0.03215097 0.006438037
v 0.02329442 0.03330968 0.006464203
v 0.0216761 0.03439369 0.006478762
v 0.02000266 0.03538011 0.006456971
v 0.01829767 0.03628518 0.006446587
v 0.01656665 0.03713293 0.006491334
v 0.01479202 0.03790009 0.006537075
v 0.01298535 0.03856269 0.006548623
v 0.01113916 0.03911573 0.006510729
v 0.009257676 0.03956714 0.006442929
v 0.007353973 0.03993899 0.006394683
v 0.005431418 0.04025245 0.006407657
v 0.003508404 0.04049996 0.006473465
v 0.001578538 0.04065005 0.00652981
v -0.0003422101 0.04068789 0.006546712
v -0.002262161 0.0406109 0.006516496
v -0.004180676 0.04043082 0.006463368
v -0.006091028 0.04017361 0.006437198
v -0.007998347 0.03985438 0.006468472
v -0.009896758 0.03943885 0.006492769
v -0.01175983 0.03892002 0.006485476
v -0.01358624 0.03832113 0.006486255
v -0.01539604 0.03762615 0.006478433
v -0.01716591 0.03683205 0.006443054
v -0.01889617 0.03596411 0.006424581
v -0.02059884 0.03503485 0.006454471
v -0.02226072 0.03401311 0.006470517
v -0.02385587 0.03289946 0.006447962
v -0.02539047 0.03172078 0.006433998
v -0.02688314 0.03048983 0.006468186
v -0.02831832 0.02918113 0.006495072
v -0.02967153 0.02780141 0.006491572
v -0.0309535 0.02637349 0.006500195
v -0.03217572 0.02487541 0.006509341
v -0.03331406 0.02331679 0.006495897
v -0.03437652 0.02171769 0.006493597
v -0.03536807 0.0200537 0.006485224
v -0.03626842 0.0183362 0.006451209
v -0.03709187 0.01658633 0.006434692
v -0.03785579 0.01480822 0.00646845
v -0.03853298 0.01298655 0.006494497
v -0.03910525 0.01113833 0.006490731
v -0.03959046 0.009277031 0.006495132
v -0.03998507 0.007377837 0.006489673
v -0.04027404 0.005458309 0.00645539
v -0.04047797 0.003533004 0.006435507
v -0.04061408 0.001599503 0.006461775
v -0.04065138 -0.0003489287 0.006475851
v -0.04057707 -0.00229095 0.006454326
v -0.04041761 -0.00421564 0.006445084
v -0.04019542 -0.006130017 0.006489935
v -0.03988116 -0.008034994 0.006533413
v -0.03946324 -0.009908739 0.00654453
v -0.03893536 -0.01175749 0.006512626
v -0.03830739 -0.01358079 0.006457813
v -0.03760535 -0.01537782 0.006428268
v -0.03684158 -0.01715936 0.0064543
v -0.03598205 -0.01891233 0.0064694
v -0.03502448 -0.02060835 0.006446569
v -0.03399552 -0.02225023 0.006431286
v -0.03290785 -0.02385481 0.006459804
v -0.03173248 -0.02540954 0.006474398
v -0.03047169 -0.02689002 0.0064508
v -0.02915172 -0.02830402 0.00643533
v -0.02778383 -0.02967145 0.006468261
v -0.0263443 -0.03097475 0.006494881
v -0.02484147 -0.03218999 0.006490998
v -0.02329731 -0.03332944 0.006498683
v -0.02168915 -0.03440324 0.006507883
v -0.0200283 -0.03538834 0.006495135
v -0.01833418 -0.03629484 0.006494905
v -0.0165817 -0.03712584 0.006490693
v -0.01478436 -0.0378598 0.006458935
v -0.01296371 -0.03851123 0.006440793
v -0.0111216 -0.0391 0.006472144
v -0.009244422 -0.03959899 0.006496848
v -0.007350522 -0.0399905 0.006490438
v -0.005452612 -0.04029374 0.006491539
v -0.003525027 -0.04050492 0.006485785
v -0.001586672 -0.04060952 0.006452065
v 0.0003489847 -0.04062889 0.006432703
v 0.002286604 -0.04058041 0.006460273
v 0.004229532 -0.04043228 0.006475886
v 0.006155444 -0.04017321 0.006455025
v 0.008055525 -0.03983053 0.00644527
v 0.0099393 -0.0394264 0.006489503
v 0.01180527 -0.03893185 0.006533061
v 0.01363079 -0.03833686 0.006544126
v 0.01542109 -0.03763484 0.006512387
v 0.01717686 -0.03683542 0.006457777
v 0.01889894 -0.03596469 0.006428014
v 0.02059922 -0.03503453 0.006454315
v 0.02226148 -0.03401317 0.006471408
v 0.02385696 -0.03290129 0.006452033
v 0.02539051 -0.03172742 0.00644396
v 0.02688118 -0.03050646 0.006489763
v 0.02831414 -0.02921285 0.006533731
v 0.02966483 -0.02784892 0.006545346
v 0.03093522 -0.02640574 0.006513822
v 0.03213019 -0.02489198 0.006459359
v 0.03326323 -0.02332974 0.006430128
v 0.03434944 -0.02172403 0.006456001
v 0.03535969 -0.02005336 0.006470832
v 0.0362706 -0.01833125 0.006450652
v 0.0371004 -0.01657963 0.006444347
v 0.03787021 -0.01480383 0.006491298
v 0.03855567 -0.01298827 0.006537412
v 0.03913873 -0.01114583 0.00655753
v 0.0396219 -0.009267219 0.006550444
v 0.04003513 -0.007364242 0.006581115
v 0.0404586 -0.005487443 0.006829715
v 0.03683134 0.005490002 0.002428809
v 0.004723142 0.03486505 0.001177285
v 0.03423114 0.00812715 0.00117689
v 0.02981069 0.01890936 0.001234903
v 0.02846276 0.0208986 0.001239365
v 0.01386825 0.03246161 0.001233812
v 0.01803584 0.03028836 0.001210167
v 0.02182168 0.02764279 0.001193882
v -0.03480517 0.005789458 0.001225691
v 0.002407488 0.03521289 0.001231433
v -3.675577e-06 0.03537399 0.001270588
v -0.00242812 0.03521232 0.001231853
v -0.004784114 0.03489532 0.001195676
v -0.007114201 0.03454557 0.001219376
v -0.009422546 0.03402304 0.001235676
v -0.01170551 0.03330025 0.001232706
v -0.01388011 0.03242234 0.001218388
v -0.01596337 0.03138169 0.001189293
v -0.01801188 0.03030206 0.001209932
v -0.01994912 0.02905889 0.001208164
v -0.02178783 0.02765102 0.001186894
v -0.02361198 0.02619707 0.00121802
v -0.02533617 0.02458357 0.001235128
v -0.02696782 0.02280009 0.001240955
v -0.0284516 0.02091857 0.001240764
v -0.02981108 0.01891645 0.001236938
v -0.03098292 0.01687022 0.001223105
v -0.03198184 0.01475526 0.001195573
v -0.03293911 0.01262372 0.001221701
v -0.03373433 0.01041145 0.001236036
v -0.03435876 0.008102328 0.001234423
v 0.03453009 -0.005148311 0.001051283
v -0.0350473 0.003475345 0.001194444
v -0.03523581 0.001167643 0.001211885
v -0.03523731 -0.001149242 0.001212323
v -0.03504604 -0.003474694 0.001193805
v -0.03481759 -0.005836851 0.001235547
v -0.03440472 -0.008245008 0.001273041
v -0.0336771 -0.01057417 0.001232945
v -0.0328101 -0.01277908 0.001190443
v -0.03192543 -0.01494152 0.001208822
v -0.03088091 -0.01700696 0.001211483
v -0.02966038 -0.01897162 0.001189438
v -0.02839215 -0.02089834 0.001211398
v -0.02696629 -0.02270026 0.00120883
v -0.02538629 -0.02439147 0.001187709
v -0.02376153 -0.02606345 0.001218721
v -0.02198515 -0.02761851 0.001234122
v -0.02005033 -0.02906506 0.001238759
v -0.0180313 -0.03036334 0.001240622
v -0.01590639 -0.03151993 0.001236846
v -0.013753 -0.0324855 0.00122246
v -0.01155096 -0.03326989 0.001193889
v -0.009337596 -0.03401251 0.001219606
v -0.007056466 -0.03458776 0.001233966
v -0.004696473 -0.03498313 0.001232361
v -0.002356449 -0.03519036 0.001218727
v -2.432413e-05 -0.03521357 0.001191736
v 0.002293603 -0.03518243 0.001212844
v 0.004591792 -0.03495189 0.001210463
v 0.006889095 -0.03453713 0.00119363
v 0.009217052 -0.0340805 0.001236254
v 0.01157285 -0.03343208 0.001272827
v 0.01382076 -0.03247768 0.001231921
v 0.01593466 -0.03139891 0.001190425
v 0.01800596 -0.03030528 0.001209805
v 0.0199626 -0.0290546 0.001210157
v 0.02182277 -0.02763818 0.001192463
v 0.0236901 -0.02617196 0.001234563
v 0.02549752 -0.02452754 0.001273458
v 0.02706976 -0.02265992 0.001234923
v 0.02845984 -0.02073992 0.001192491
v 0.02980828 -0.01882151 0.001210898
v 0.03099755 -0.01681058 0.00121547
v 0.03201336 -0.01469464 0.001197165
v 0.03300094 -0.0125209 0.001232072
v 0.0338504 -0.01019167 0.001259291
v 0.03359481 0.01046741 0.001179315
v 0.0343738 -0.007707206 0.00119834
v 0.01597597 0.03138549 0.001193684
v 0.01162125 0.03341404 0.001272237
v 0.0398681 -0.004599377 0.005571008
v 0.038824 -0.004579843 0.004169684
v 0.03751976 -0.004533209 0.002874482
v 0.03864732 0.005759571 0.004147602
v 0.009278192 0.03404741 0.001228422
v 0.03615842 -0.004482344 0.001871409
v 0.03095626 0.01685528 0.00120819
v 0.006980592 0.03447535 0.001173196
v 0.02698361 0.02278376 0.001241705
v 0.03277716 0.01265421 0.001154201
v 0.01998188 0.02904547 0.001211812
v 0.03499961 0.005823415 0.00132474
v 0.03891677 0.008999033 0.005282611
v 0.03844263 0.01055249 0.005167101
v 0.03777471 0.01216471 0.00491492
v 0.03705585 0.01389031 0.004765054
v 0.03630217 0.01568606 0.004728784
v 0.03551729 0.01747176 0.004776153
v 0.03472363 0.01920049 0.00490597
v 0.03377344 0.02085779 0.004928435
v 0.03272589 0.02240026 0.004877966
v 0.03168076 0.02393813 0.004945936
v 0.03049876 0.02541393 0.004934467
v 0.02923995 0.02678459 0.004871703
v 0.02797971 0.02816409 0.004935134
v 0.02658264 0.02945847 0.004906822
v 0.02510566 0.03063493 0.00481067
v 0.02359445 0.03181592 0.004813329
v 0.02209416 0.03296192 0.004910298
v 0.02047973 0.03397968 0.004899944
v 0.01881205 0.03485394 0.004808934
v 0.01711372 0.03573144 0.00482456
v 0.01544381 0.03658703 0.004953173
v 0.01370587 0.0373082 0.004999036
v 0.01198464 0.03789191 0.004993365
v 0.01016364 0.03835856 0.004910946
v 0.008311134 0.03869644 0.00477195
v 0.006392815 0.03903368 0.00473869
v 0.004471926 0.03934298 0.00479509
v 0.002610411 0.0396185 0.00494135
v 0.0007386564 0.03973409 0.00499187
v -0.001070735 0.03972501 0.004989773
v -0.002939461 0.03957984 0.004920003
v -0.004793234 0.03931236 0.004804663
v -0.006693718 0.03903893 0.004811525
v -0.008561936 0.03875417 0.004919803
v -0.01040738 0.03830199 0.00492262
v -0.01217935 0.03773061 0.004863963
v -0.01395571 0.0371575 0.004924105
v -0.01570748 0.036423 0.004888305
v -0.01738794 0.03557042 0.004790508
v -0.01909796 0.03469023 0.004799735
v -0.02077114 0.03380436 0.004902292
v -0.02236987 0.03275833 0.004891032
v -0.02386019 0.03160405 0.00479941
v -0.02536738 0.03041782 0.004809909
v -0.02683855 0.02923752 0.004918908
v -0.02820977 0.02792421 0.004926015
v -0.02945713 0.02654383 0.004870136
v -0.03071375 0.02516489 0.004944228
v -0.03187739 0.02366688 0.004938743
v -0.03291309 0.02212091 0.00487542
v -0.03394891 0.02057335 0.004930133
v -0.0348729 0.01891326 0.004896374
v -0.03566925 0.01720271 0.004801149
v -0.03646803 0.01545697 0.004811381
v -0.03723639 0.01373337 0.004919145
v -0.03785507 0.0119368 0.004924997
v -0.03833804 0.0101348 0.004873927
v -0.03881703 0.008330364 0.004936461
v -0.03914773 0.006457845 0.004903549
v -0.03934016 0.004578813 0.00480764
v -0.03951894 0.00266639 0.00481174
v -0.03967207 0.0007835363 0.004907662
v -0.03965536 -0.001126366 0.004896133
v -0.03949082 -0.003004401 0.004806593
v -0.03931291 -0.004911004 0.00482469
v -0.03912932 -0.006775773 0.004951319
v -0.03879343 -0.008619128 0.004989716
v -0.03835805 -0.01037822 0.004986708
v -0.03777668 -0.01216432 0.004917314
v -0.03707849 -0.01390053 0.004797966
v -0.03636245 -0.01568151 0.004799618
v -0.03563925 -0.0174359 0.00490215
v -0.03474909 -0.01913184 0.004891163
v -0.03374125 -0.0207288 0.004799921
v -0.03270222 -0.02234315 0.004808287
v -0.03166034 -0.02391729 0.004906394
v -0.03046683 -0.02540713 0.004894994
v -0.02917457 -0.02677898 0.004801839
v -0.02784911 -0.02816424 0.004810739
v -0.02653348 -0.02951422 0.004918458
v -0.02509537 -0.03075352 0.004926079
v -0.02360129 -0.03186222 0.004868849
v -0.02210803 -0.03298031 0.004941804
v -0.02050532 -0.03399602 0.004937157
v -0.01886617 -0.0348797 0.004874033
v -0.01722412 -0.03576812 0.004934243
v -0.01547872 -0.036537 0.004908616
v -0.01369841 -0.03716433 0.004811361
v -0.01188632 -0.03778722 0.004816839
v -0.01009849 -0.03838431 0.004922261
v -0.008251222 -0.03882775 0.004928164
v -0.006414393 -0.03912947 0.004869503
v -0.004573378 -0.03943179 0.004929968
v -0.002676626 -0.03958329 0.004899308
v -0.0007892904 -0.03959358 0.004801927
v 0.00113222 -0.03959032 0.00480869
v 0.003020859 -0.0395638 0.004906504
v 0.004920177 -0.03936579 0.004897122
v 0.006773196 -0.03902191 0.004807166
v 0.008652781 -0.03866195 0.004824582
v 0.01049005 -0.03830056 0.004950608
v 0.01229267 -0.03779036 0.00498974
v 0.0140021 -0.03718774 0.004985648
v 0.01572603 -0.03643818 0.004917331
v 0.01738892 -0.03557587 0.004797595
v 0.01909418 -0.03469183 0.004799167
v 0.02077141 -0.03380396 0.004902019
v 0.02237513 -0.03275763 0.004894288
v 0.02386622 -0.03160477 0.004805015
v 0.02537403 -0.03042578 0.004823788
v 0.02684419 -0.02926453 0.004951463
v 0.02821368 -0.02798619 0.004990047
v 0.02945921 -0.02667004 0.004988254
v 0.03064808 -0.02521591 0.004919016
v 0.03173312 -0.02368988 0.004800694
v 0.03284583 -0.0221231 0.004802028
v 0.03392959 -0.02056669 0.004902818
v 0.03487462 -0.01890083 0.004890379
v 0.03568061 -0.01718602 0.004805144
v 0.03648842 -0.01543752 0.004826357
v 0.03726647 -0.01372089 0.004951975
v 0.03790571 -0.01194171 0.004993699
v 0.03842104 -0.01018174 0.005000642
v 0.0388274 -0.008306667 0.004943562
v 0.03917446 -0.006342727 0.004914216
v -0.03655139 0.004715056 0.002150166
v 0.01574223 0.03331398 0.002144531
v 0.03594114 0.007479651 0.002052135
v 0.02568164 0.02673334 0.002304191
v 0.02189719 0.02963409 0.002144794
v 0.00141583 0.03709756 0.002343886
v -0.001449725 0.03708607 0.002336389
v 0.003873862 0.03663855 0.002142192
v 0.01778011 0.03224991 0.002130893
v -0.03637772 0.007190604 0.00231231
v -0.00392929 0.03663313 0.002142522
v 0.01352726 0.03457762 0.002347516
v 0.03791389 -0.005927454 0.003405307
v 0.0373992 0.0069662 0.00309388
v 0.02369184 0.02821463 0.002141987
v 0.03380894 0.01435752 0.002065685
v 0.03051653 -0.02064204 0.002141838
v 0.03051015 0.02080169 0.002200959
v 0.02000059 0.03118912 0.002290116
v 0.03199935 0.01870862 0.002301755
v -0.006224095 0.03631615 0.00214419
v 0.01079633 0.03551469 0.002340118
v 0.03627668 -0.006417771 0.002140262
v 0.008323905 0.03586404 0.002124587
v 0.02913869 0.02294265 0.002316109
v -0.03676334 0.002446522 0.002143498
v 0.03594191 -0.009135655 0.002314661
v 0.03512616 -0.01197512 0.002334132
v 0.03398818 -0.01427217 0.002156355
v 0.03300197 -0.01637749 0.002141835
v 0.03200537 -0.01865208 0.002284819
v 0.03293498 0.01641256 0.002111187
v 0.03466012 0.01229874 0.002097181
v 0.02915973 -0.02252028 0.002142779
v 0.02778429 -0.02462113 0.002343226
v 0.02578859 -0.02670851 0.002345498
v 0.02371362 -0.02820429 0.002146219
v 0.0218889 -0.02961274 0.002129478
v 0.02000514 -0.03118868 0.002291635
v 0.01774564 -0.0322715 0.002132471
v 0.01569515 -0.0333257 0.002137956
v 0.01350385 -0.0345758 0.002339979
v 0.01077638 -0.0355292 0.002346082
v 0.008261087 -0.03591306 0.00214788
v 0.00599699 -0.03633494 0.002130921
v 0.003595737 -0.0368768 0.002290535
v 0.001137971 -0.03682681 0.002143309
v -0.001151514 -0.0368233 0.002141166
v -0.003638286 -0.03688448 0.002299118
v -0.006124289 -0.03640681 0.002195061
v -0.008658156 -0.03604429 0.002303563
v -0.01098222 -0.03516587 0.002140846
v -0.01313455 -0.03442999 0.002147382
v -0.01551175 -0.03367426 0.002307652
v -0.01772093 -0.03238665 0.002194717
v 0.03554762 0.009978956 0.002197452
v -0.02002263 -0.03122171 0.002318797
v -0.02202704 -0.02962778 0.00219538
v -0.02413166 -0.02813756 0.002302628
v -0.02579273 -0.02629604 0.002136136
v -0.02736193 -0.02464196 0.002128193
v -0.02910598 -0.02292616 0.002289938
v -0.03038653 -0.02083377 0.002142158
v -0.03161159 -0.01891169 0.002137994
v -0.0329851 -0.01687069 0.002288665
v -0.03384279 -0.01452501 0.00213203
v -0.0346927 -0.01238663 0.002138628
v -0.03572193 -0.01009543 0.002341306
v -0.03640444 -0.007289533 0.002345743
v -0.03654445 -0.004740019 0.002147603
v -0.03674594 -0.002444113 0.002131351
v -0.03705149 -4.501205e-06 0.002290394
v 0.006106188 0.03625077 0.002086228
v -0.03564113 0.009631934 0.002196036
v -0.03504646 0.0121068 0.002310202
v -0.0339442 0.01434093 0.002146726
v -0.03298841 0.0164209 0.002146822
v -0.03201083 0.01870326 0.002307012
v -0.03051967 0.02077757 0.002196925
v -0.02914053 0.02295135 0.002321115
v -0.02735577 0.02479557 0.002196936
v -0.02567049 0.02674133 0.002302762
v -0.0236702 0.02821985 0.002135111
v -0.0218701 0.02962122 0.002126474
v -0.0199962 0.03118759 0.002287465
v -0.01778063 0.0322662 0.002140951
v -0.01573202 0.0333013 0.00213356
v -0.01358397 0.03449467 0.002306039
v -0.01113193 0.03519933 0.002194587
v -0.008709605 0.03602981 0.002302091
v 0.02735018 0.02480774 0.002199786
v 0.03837898 0.007720997 0.004233696
v 0.0371513 0.01054603 0.003650722
v 0.03632782 0.01220508 0.003355762
v 0.03554967 0.0140835 0.003274185
v 0.03475398 0.01595768 0.003278672
v 0.03396931 0.01779511 0.003379762
v 0.03339299 0.0194676 0.003686157
v 0.03227231 0.02082597 0.003438759
v 0.03118594 0.02242373 0.003440847
v 0.0303512 0.02396031 0.003702506
v 0.02905085 0.02511146 0.003429997
v 0.02773725 0.02656645 0.003437583
v 0.0266811 0.0279685 0.003686684
v 0.02521552 0.02892747 0.003405598
v 0.02365212 0.03013324 0.003340214
v 0.02210426 0.03136092 0.003399066
v 0.02081947 0.03255341 0.003673993
v 0.01920831 0.03320757 0.003393945
v 0.01745007 0.03409351 0.003333173
v 0.01569775 0.03503035 0.003417348
v 0.0142326 0.03599583 0.00374286
v 0.01255377 0.03640707 0.003540188
v 0.01097874 0.03709957 0.003724427
v 0.009272516 0.03720826 0.003377924
v 0.007306606 0.03754624 0.003286334
v 0.005289564 0.03789384 0.003296443
v 0.00331689 0.03823386 0.003408253
v 0.001648189 0.03866309 0.003733121
v -5.211552e-05 0.03849444 0.003523924
v -0.001769364 0.03864684 0.003721688
v -0.003425288 0.03820545 0.003389991
v -0.00539761 0.03791542 0.003331188
v -0.007388734 0.03765969 0.003408454
v -0.009139736 0.03755899 0.003687949
v -0.01072482 0.03686445 0.003423268
v -0.01258948 0.03627783 0.003430492
v -0.01429975 0.03589644 0.003672145
v -0.01574645 0.03496032 0.003374645
v -0.01751353 0.03404922 0.003323193
v -0.01929834 0.0331546 0.003393339
v -0.02091861 0.03248233 0.00366749
v -0.02217684 0.03129094 0.003384248
v -0.02371789 0.03006351 0.003326686
v -0.02530405 0.02884954 0.003405224
v -0.02676099 0.02789401 0.003688138
v -0.02778598 0.02649498 0.003423714
v -0.02910182 0.02505508 0.003431732
v -0.03042666 0.02387282 0.00370793
v -0.03125856 0.02233286 0.003446832
v -0.03232895 0.02072721 0.003433075
v -0.03343689 0.01937047 0.003674877
v -0.03401797 0.01772855 0.003391689
v -0.03482922 0.01592161 0.003329427
v -0.03568712 0.01411756 0.003408843
v -0.03653821 0.01260003 0.003682422
v -0.03683173 0.01087553 0.00343403
v -0.03734725 0.008995777 0.003445388
v -0.03794419 0.007356665 0.003683501
v -0.03795617 0.00561248 0.003399892
v -0.03813796 0.003630291 0.003343326
v -0.03832967 0.001666432 0.003396977
v -0.03863866 -6.198378e-05 0.003670975
v -0.03831641 -0.001770881 0.003388646
v -0.03811847 -0.003738698 0.003334721
v -0.0379636 -0.005735431 0.003424802
v -0.03797358 -0.007462615 0.003734928
v -0.0374004 -0.009066491 0.003513085
v -0.03715266 -0.01080293 0.003725953
v -0.03633069 -0.01229775 0.003387011
v -0.03558317 -0.01413453 0.003321618
v -0.03486414 -0.01599603 0.003389891
v -0.03434524 -0.01770362 0.003671824
v -0.03328064 -0.01906316 0.003385132
v -0.03220382 -0.02073786 0.003336583
v -0.03114615 -0.02239994 0.0033957
v -0.0303235 -0.023946 0.003670649
v -0.02901471 -0.02508626 0.003387267
v -0.02764322 -0.02650168 0.003328357
v -0.02628293 -0.02796119 0.0034056
v -0.02519448 -0.02931636 0.003687928
v -0.02370114 -0.03020323 0.003422876
v -0.02214067 -0.03137365 0.003429711
v -0.02083917 -0.03257669 0.003705476
v -0.01922459 -0.03325726 0.003443966
v -0.01752637 -0.03416325 0.003426989
v -0.01605419 -0.03516714 0.003691346
v -0.01435517 -0.03559068 0.003407464
v -0.01248321 -0.03621282 0.003337257
v -0.01061647 -0.03687891 0.003407414
v -0.009016981 -0.03759123 0.003690562
v -0.007280018 -0.03770391 0.003430587
v -0.005367192 -0.0380236 0.00343081
v -0.003667647 -0.03847448 0.003681548
v -0.001941395 -0.03830725 0.003387776
v 5.729698e-05 -0.03830455 0.003337801
v 0.002031511 -0.0383109 0.00339585
v 0.00377731 -0.0384537 0.003671042
v 0.005449626 -0.03796874 0.003389161
v 0.007388927 -0.03758201 0.003334815
v 0.009358492 -0.03723625 0.003424669
v 0.01107412 -0.03708154 0.003734836
v 0.01261659 -0.03635603 0.003512412
v 0.01432123 -0.03594223 0.003724844
v 0.01573539 -0.03497859 0.003386385
v 0.01749599 -0.03405613 0.00332141
v 0.01928104 -0.03316052 0.003389857
v 0.02093043 -0.032481 0.003672962
v 0.02218826 -0.03128703 0.003387564
v 0.0237347 -0.03005876 0.003333085
v 0.02533212 -0.02885063 0.003424103
v 0.02679281 -0.02792553 0.003735017
v 0.02783272 -0.02657827 0.003514047
v 0.02916139 -0.02543189 0.003727914
v 0.02997562 -0.0239348 0.003390283
v 0.03112258 -0.02231087 0.003327149
v 0.03230425 -0.02068982 0.003393083
v 0.03344432 -0.01934086 0.003666161
v 0.03402257 -0.01770489 0.003385049
v 0.03486711 -0.0158773 0.003344842
v 0.03571452 -0.01407383 0.003418044
v 0.03660277 -0.01255886 0.003732267
v 0.03692969 -0.01086073 0.00352305
v 0.0375715 -0.009243137 0.003726363
v 0.0376092 -0.007578627 0.0033963
v 0.03699558 0.008657963 0.003051418
v 0.03797687 0.0092873 0.004172939
v 0.04017812 0.0009389086 0.137
v 0.03990528 0.004755974 0.137
v 0.03927598 0.008536677 0.137
v 0.03830075 0.01223955 0.137
v 0.03698812 0.01583321 0.137
v 0.03531547 0.01927786 0.137
v 0.03330583 0.02253075 0.137
v 0.03100638 0.02558555 0.137
v 0.02843554 0.02841891 0.137
v 0.02560713 0.03099909 0.137
v 0.0225416 0.03329497 0.137
v 0.0192695 0.03528383 0.137
v 0.01582134 0.03695117 0.137
v 0.01222892 0.03828435 0.137
v 0.008533701 0.0392848 0.137
v 0.004768511 0.03995389 0.137
v 0.0009478344 0.04021163 0.137
v -0.002773244 0.04020608 0.137
v -0.006404095 0.03974513 0.137
v -0.009829099 0.03818869 0.137
v -0.01317283 0.03769645 0.137
v -0.01152278 0.03823671 0.137
v -0.01578209 0.03732922 0.137
v -0.01912269 0.03523061 0.137
v -0.0224109 0.03319785 0.137
v -0.02559758 0.03101266 0.137
v -0.02844905 0.02844382 0.137
v -0.03099296 0.02559665 0.137
v -0.03328797 0.02254263 0.137
v -0.03530371 0.01928209 0.137
v -0.03697109 0.01583074 0.137
v -0.03829617 0.01224612 0.137
v -0.03930028 0.008561106 0.137
v -0.03995394 0.004788716 0.137
v -0.04021454 0.0009655407 0.137
v -0.04010425 -0.002864782 0.137
v -0.03965444 -0.006665195 0.137
v -0.03888134 -0.01040658 0.137
v -0.03770093 -0.01404533 0.137
v -0.03617026 -0.01754407 0.137
v -0.03433543 -0.0209074 0.137
v -0.03219025 -0.02408686 0.137
v -0.02974953 -0.02704023 0.137
v -0.0270426 -0.02974708 0.137
v -0.02409579 -0.03218792 0.137
v -0.02093045 -0.03433984 0.137
v -0.01757126 -0.03617588 0.137
v -0.01405349 -0.03767868 0.137
v -0.01041092 -0.0388435 0.137
v -0.006673773 -0.03966182 0.137
v -0.002874583 -0.04012478 0.137
v 0.0009549594 -0.04021657 0.137
v 0.004772181 -0.03993272 0.137
v 0.008542812 -0.03929122 0.137
v 0.01223781 -0.03830017 0.137
v 0.01582294 -0.03696361 0.137
v 0.01926471 -0.03529217 0.137
v 0.02253245 -0.03330265 0.137
v 0.02559912 -0.03101358 0.137
v 0.02843545 -0.02843996 0.137
v 0.03100871 -0.02560388 0.137
v 0.03329688 -0.02253708 0.137
v 0.03528679 -0.01927057 0.137
v 0.03696453 -0.01583351 0.137
v 0.03831154 -0.01225273 0.137
v 0.03930264 -0.008557365 0.137
v 0.03992382 -0.004784845 0.137
v 0.04018167 -0.0009728306 0.137
v -0.01581559 0.03328698 0.137
v -0.01549264 0.03505481 0.137
v -0.01733978 0.03419123 0.137
v -0.01455744 0.03660339 0.137
v -0.008248698 0.03757779 0.137
v -0.006945648 0.03645297 0.137
v -0.00666999 0.03798183 0.137
v -0.006086881 0.03491156 0.137
v -0.005285125 0.03635279 0.137
v -0.005815825 0.03323902 0.137
v -0.004526425 0.03438842 0.137
v -0.006120028 0.03156894 0.137
v -0.00455688 0.03214833 0.137
v -0.006963415 0.03009939 0.137
v -0.005262305 0.03015059 0.137
v -0.008249168 0.02899589 0.137
v -0.006579194 0.02843892 0.137
v -0.009906752 0.02837027 0.137
v -0.008438107 0.02723564 0.137
v -0.01179311 0.02838346 0.137
v -0.0108897 0.02654627 0.137
v -0.01342583 0.02902239 0.137
v -0.01320404 0.02731972 0.137
v -0.01470021 0.030139 0.137
v -0.01494999 0.02855162 0.137
v -0.01552851 0.03161711 0.137
v -0.0163261 0.03017706 0.137
v -0.01712397 0.03211059 0.137
v -0.008217373 0.0392671 0.137
v 0.04008615 0.002849782 0.137
v 0.03963473 0.006653448 0.137
v 0.03883073 0.01040003 0.137
v 0.03768734 0.01405154 0.137
v 0.0361975 0.01757774 0.137
v 0.03434936 0.02092898 0.137
v 0.03219098 0.02408423 0.137
v 0.02975431 0.02703269 0.137
v 0.02705249 0.02974299 0.137
v 0.02410221 0.03218486 0.137
v 0.02092954 0.03432924 0.137
v 0.01756661 0.03615971 0.137
v 0.01404247 0.03766089 0.137
v 0.01039296 0.03882595 0.137
v 0.00666229 0.03966414 0.137
v 0.002860806 0.04013818 0.137
v -0.0009398134 0.04020665 0.137
v -0.004614325 0.04004767 0.137
v -0.01740044 0.03621549 0.137
v -0.02077332 0.03420879 0.137
v -0.02403529 0.03215162 0.137
v -0.02706748 0.02977237 0.137
v -0.02975402 0.0270481 0.137
v -0.03217124 0.02409437 0.137
v -0.03433593 0.02093924 0.137
v -0.0361826 0.01757691 0.137
v -0.03767382 0.01405259 0.137
v -0.03883867 0.01041504 0.137
v -0.03967486 0.006684999 0.137
v -0.04013312 0.002879962 0.137
v -0.04020374 -0.0009507547 0.137
v -0.03991956 -0.004771701 0.137
v -0.0393127 -0.008544191 0.137
v -0.03834241 -0.01224542 0.137
v -0.03697274 -0.01581076 0.137
v -0.03529164 -0.01924648 0.137
v -0.0333011 -0.02252235 0.137
v -0.03100446 -0.02559245 0.137
v -0.02842701 -0.02842517 0.137
v -0.02559713 -0.03100153 0.137
v -0.02253889 -0.03330148 0.137
v -0.01927288 -0.03529869 0.137
v -0.01582961 -0.03696915 0.137
v -0.01224585 -0.03830345 0.137
v -0.008552072 -0.0392964 0.137
v -0.004780247 -0.03993855 0.137
v -0.0009612884 -0.04021851 0.137
v 0.002867468 -0.04012073 0.137
v 0.006664493 -0.03965551 0.137
v 0.01040111 -0.03883864 0.137
v 0.01404539 -0.03767395 0.137
v 0.01756291 -0.03616828 0.137
v 0.02092134 -0.0343356 0.137
v 0.02409184 -0.03219442 0.137
v 0.02704779 -0.02976132 0.137
v 0.02975635 -0.02705281 0.137
v 0.03218882 -0.02409709 0.137
v 0.03432918 -0.02092672 0.137
v 0.03616491 -0.01757146 0.137
v 0.03768058 -0.01405959 0.137
v 0.03885293 -0.01041735 0.137
v 0.03965945 -0.006678368 0.137
v 0.0400973 -0.002881845 0.137
v 0.03835814 0.001791463 0.137
v 0.03733621 0.009051137 0.137
v 0.03633807 0.01257674 0.137
v 0.03503148 0.01598836 0.137
v 0.03333678 0.01922973 0.137
v 0.03132307 0.02227462 0.137
v 0.0290543 0.02514343 0.137
v 0.02653805 0.02779903 0.137
v 0.0237778 0.03020978 0.137
v 0.0207915 0.03233301 0.137
v 0.01761349 0.03415489 0.137
v 0.01427081 0.03566374 0.137
v 0.01079448 0.03685538 0.137
v 0.007239124 0.03775001 0.137
v 0.003637701 0.03834998 0.137
v -3.515109e-05 0.03843178 0.137
v -0.003460292 0.03860019 0.137
v -0.01890728 0.03305442 0.137
v -0.03499592 0.01598251 0.137
v 0.0377171 0.007254154 0.137
v -0.02213799 0.03115359 0.137
v -0.02522877 0.02909574 0.137
v -0.02783565 0.02654697 0.137
v -0.0204733 0.03202722 0.137
v -0.0301766 0.02375508 0.137
v -0.02657596 0.02786507 0.137
v -0.03233303 0.02079957 0.137
v -0.02903007 0.0251723 0.137
v -0.03420785 0.01763892 0.137
v -0.03127993 0.02229739 0.137
v -0.03631975 0.01257578 0.137
v -0.03736419 0.009081113 0.137
v -0.03811187 0.005504451 0.137
v -0.038446 0.001853413 0.137
v -0.03840296 -0.00181495 0.137
v -0.03803842 -0.005471942 0.137
v -0.03742967 -0.009065572 0.137
v -0.03640704 -0.01256779 0.137
v -0.03497884 -0.01591489 0.137
v -0.03329709 -0.01917461 0.137
v -0.03132057 -0.02227765 0.137
v -0.02904851 -0.02516002 0.137
v -0.02651737 -0.02780944 0.137
v -0.02375726 -0.03021239 0.137
v -0.02078797 -0.03235068 0.137
v -0.01762078 -0.03418848 0.137
v -0.01429054 -0.03570025 0.137
v -0.01083729 -0.03689326 0.137
v -0.007285149 -0.03776386 0.137
v -0.003666622 -0.0383023 0.137
v -6.859689e-06 -0.03848721 0.137
v 0.003650212 -0.03829119 0.137
v 0.007265561 -0.03775159 0.137
v 0.01081874 -0.03688616 0.137
v 0.01427589 -0.03569118 0.137
v 0.0176038 -0.03417225 0.137
v 0.02077266 -0.03234555 0.137
v 0.0237579 -0.03023194 0.137
v 0.02653471 -0.02784116 0.137
v 0.02906096 -0.02518517 0.137
v 0.03131165 -0.02229981 0.137
v 0.03328322 -0.01922051 0.137
v 0.03496795 -0.01597533 0.137
v 0.03634948 -0.01258995 0.137
v 0.03738914 -0.009084815 0.137
v 0.03805891 -0.005495118 0.137
v 0.03837185 -0.00186084 0.137
v 0.03687373 0.01082799 0.137
v -0.03331674 0.01924981 0.137
v -0.02374903 0.03019941 0.137
v 0.03840648 -3.648799e-05 0.137
v -0.003150964 0.03626653 0.137
v -0.002902633 0.03313536 0.137
v -0.003288187 0.03061004 0.137
v -0.004493553 0.02833346 0.137
v -0.006363482 0.02630515 0.137
v -0.008893112 0.02532568 0.137
v -0.0130134 0.02536348 0.137
v -0.01501896 0.02666673 0.137
v -0.01674872 0.02832935 0.137
v -0.0183881 0.03052329 0.137
v 0.03801403 0.005441779 0.137
v -0.004977517 0.03817985 0.137
v 0.03822937 0.003617919 0.137
v 0.0357287 0.01429858 0.137
v 0.03423264 0.01763573 0.137
v 0.03236344 0.02077292 0.137
v 0.03021986 0.02373315 0.137
v 0.02782711 0.02650119 0.137
v 0.02518811 0.02903795 0.137
v 0.02231076 0.03130782 0.137
v 0.01922399 0.03328114 0.137
v 0.01596274 0.03495077 0.137
v 0.01255062 0.03630119 0.137
v 0.009025515 0.03733769 0.137
v 0.005455522 0.03809918 0.137
v 0.00180785 0.03845977 0.137
v -0.001838632 0.03837224 0.137
v -0.0356942 0.01429177 0.137
v -0.03687536 0.0108382 0.137
v -0.03778268 0.007305044 0.137
v -0.03833319 0.003682941 0.137
v -0.03846594 2.097098e-05 0.137
v -0.03825817 -0.003649521 0.137
v -0.03776025 -0.007278428 0.137
v -0.03699017 -0.01083692 0.137
v -0.03572345 -0.0142467 0.137
v -0.0341732 -0.01755801 0.137
v -0.03234631 -0.0207499 0.137
v -0.03021985 -0.02374763 0.137
v -0.0278142 -0.02651572 0.137
v -0.02516532 -0.02904365 0.137
v -0.02229918 -0.03131748 0.137
v -0.01922706 -0.03330914 0.137
v -0.01597231 -0.03498478 0.137
v -0.01257732 -0.03633558 0.137
v -0.009071511 -0.03736964 0.137
v -0.00548259 -0.03807511 0.137
v -0.001840833 -0.0384431 0.137
v 0.001824753 -0.03843614 0.137
v 0.005462969 -0.03806168 0.137
v 0.009050605 -0.0373589 0.137
v 0.01256011 -0.03632858 0.137
v 0.01595675 -0.03497046 0.137
v 0.0192086 -0.03329538 0.137
v 0.022288 -0.0313232 0.137
v 0.02517424 -0.02907141 0.137
v 0.02783091 -0.02654452 0.137
v 0.03022024 -0.02376814 0.137
v 0.03233119 -0.0207817 0.137
v 0.03416094 -0.01761617 0.137
v 0.035698 -0.01429922 0.137
v 0.03691469 -0.01085069 0.137
v 0.03777057 -0.007298164 0.137
v 0.03825744 -0.003681022 0.137
v -0.01094657 0.02425854 0.137
v -0.03436729 0.01283244 0.137
v 0.03041604 0.02052829 0.137
v 0.02829686 0.0233099 0.137
v 0.03440873 0.01285131 0.137
v 0.03312899 0.01607802 0.137
v 0.03653972 0.002561243 0.137
v -0.03221676 -0.01749557 0.137
v 0.0313911 0.01908502 0.137
v 0.02938468 0.021941 0.137
v 0.03643575 -0.004400405 0.137
v -0.01859975 0.02816123 0.137
v 0.02470449 0.02712423 0.137
v 0.02201565 0.02936959 0.137
v 0.01910982 0.03131997 0.137
v 0.01602823 0.03298042 0.137
v 0.012788 0.03433862 0.137
v 0.009413587 0.03540244 0.137
v 0.005997731 0.03621217 0.137
v 0.002586921 0.03676248 0.137
v 0.03382303 0.01448128 0.137
v 0.0259581 0.02590621 0.137
v -0.0330762 0.01607299 0.137
v -0.03655876 0.00440756 0.137
v -0.001018428 0.03654909 0.137
v -0.03588086 0.007824933 0.137
v -0.03542909 0.009506414 0.137
v -0.03627434 0.006133522 0.137
v -0.03375277 0.01446481 0.137
v -0.03673837 0.000924704 0.137
v -0.03659941 -0.00259721 0.137
v -0.03615927 -0.00610494 0.137
v -0.035625 -0.009518686 0.137
v -0.03446345 -0.0127408 0.137
v -0.03301683 -0.01592524 0.137
v -0.03040472 -0.02052574 0.137
v -0.02829658 -0.02334156 0.137
v -0.02592938 -0.02592677 0.137
v -0.02334511 -0.02828322 0.137
v -0.02056955 -0.03040275 0.137
v -0.01759493 -0.03224202 0.137
v -0.01444632 -0.03375434 0.137
v -0.01118046 -0.03496194 0.137
v -0.007812245 -0.03587884 0.137
v -0.004373185 -0.03648373 0.137
v -0.0008911868 -0.03677012 0.137
v 0.002605691 -0.0366543 0.137
v 0.006062027 -0.03619504 0.137
v 0.009471817 -0.03544283 0.137
v 0.01279874 -0.03438186 0.137
v 0.01601053 -0.03300988 0.137
v 0.01907839 -0.03133923 0.137
v 0.02197462 -0.0293946 0.137
v 0.02469051 -0.02718874 0.137
v 0.02716904 -0.024709 0.137
v 0.02937223 -0.02199475 0.137
v 0.03131296 -0.01909377 0.137
v 0.03299579 -0.01603321 0.137
v 0.03440895 -0.01284272 0.137
v 0.03550035 -0.009530421 0.137
v 0.03621749 -0.006126172 0.137
v -0.003838243 0.02628241 0.137
v 0.03613584 0.006055 0.137
v -0.002158199 0.02860462 0.137
v -0.001340117 0.03427683 0.137
v -0.001133227 0.0315816 0.137
v -0.01697076 0.02629433 0.137
v 0.03637817 0.004309782 0.137
v -0.01510337 0.02455801 0.137
v -0.007267837 0.02434406 0.137
v 0.03230902 0.0176144 0.137
v -0.03136227 0.01913997 0.137
v -0.03492475 0.01117781 0.137
v 0.02715511 0.02463529 0.137
v 0.02338986 0.02828267 0.137
v 0.0205873 0.0303811 0.137
v 0.01758894 0.03218659 0.137
v 0.01442705 0.03369649 0.137
v 0.01112176 0.03490824 0.137
v 0.00770105 0.03583428 0.137
v 0.004317013 0.03657892 0.137
v 0.0008579 0.03675966 0.137
v -0.02930103 0.02197524 0.137
v 0.03662397 0.000813613 0.137
v -0.03228515 0.0176413 0.137
v -0.02598835 0.02602194 0.137
v -0.02478646 0.02725353 0.137
v -0.02822197 0.02335666 0.137
v -0.02711823 0.02470878 0.137
v -0.0303524 0.02056721 0.137
v 0.03656916 -0.002667331 0.137
v -0.03670249 0.002664629 0.137
v -0.03670925 -0.0008308458 0.137
v -0.0364076 -0.004358479 0.137
v -0.03588977 -0.007829629 0.137
v -0.03514235 -0.01118099 0.137
v -0.03376113 -0.01432983 0.137
v -0.03134824 -0.01903136 0.137
v -0.02938681 -0.02196466 0.137
v -0.02714153 -0.02466195 0.137
v -0.02466361 -0.02713482 0.137
v -0.02198119 -0.02937481 0.137
v -0.01910707 -0.03136048 0.137
v -0.01603947 -0.03303994 0.137
v -0.01282714 -0.03439322 0.137
v -0.009507656 -0.0354589 0.137
v -0.006098758 -0.03621819 0.137
v -0.002637604 -0.03667043 0.137
v 0.0008621934 -0.03676137 0.137
v 0.004340357 -0.03645986 0.137
v 0.007776699 -0.03585732 0.137
v 0.01115012 -0.03495303 0.137
v 0.01442314 -0.03373612 0.137
v 0.01756445 -0.03221083 0.137
v 0.02054738 -0.03039844 0.137
v 0.02335891 -0.02832532 0.137
v 0.02596365 -0.02598106 0.137
v 0.02830559 -0.02337767 0.137
v 0.03037608 -0.02056666 0.137
v 0.03218958 -0.01758328 0.137
v 0.03373792 -0.01445336 0.137
v 0.03500008 -0.01120021 0.137
v 0.03590647 -0.007838409 0.137
v -0.005218278 0.02427115 0.137
v -0.02026341 0.02987467 0.137
v 0.03541263 0.009503214 0.137
v -0.02349811 0.02836643 0.137
v 0.03663164 -0.0009290789 0.137
v -0.02196658 0.02925217 0.137
v 0.03494011 0.01119194 0.137
v -0.008966683 0.02320427 0.137
v -0.01300369 0.02313452 0.137
v 0.03581584 0.007786484 0.137
v -0.001794662 0.0263496 0.137
v 0.0347773 -0.003400247 0.137
v 0.01893114 0.0293989 0.137
v -0.03030302 -0.01736625 0.137
v -0.01896938 0.02606939 0.137
v 0.03472106 0.003256657 0.137
v -0.02850785 -0.02023614 0.137
v 0.00012934 0.03515764 0.137
v 0.02641706 0.02281659 0.137
v -0.03252558 -0.0127513 0.137
v 0.02032135 0.02847593 0.137
v 0.01602173 0.03103797 0.137
v 0.01295153 0.03239593 0.137
v -0.01730347 0.02421397 0.137
v 0.008056552 0.03393629 0.137
v 0.004717445 0.03467409 0.137
v 0.02293687 0.02640109 0.137
v 0.02948174 0.01883381 0.137
v -0.02026396 -0.02848933 0.137
v -0.02422322 0.02551047 0.137
v 0.02414985 0.02525371 0.137
v 0.0340671 -0.008295486 0.137
v -0.03478805 -0.003301999 0.137
v -0.03501601 0.003396203 0.137
v -0.03501877 0.0001045358 0.137
v -0.02944443 -0.01882488 0.137
v -0.03426904 -0.006702905 0.137
v -0.03501265 0.001766327 0.137
v -0.03495877 -0.001594901 0.137
v -0.02527881 -0.02409517 0.137
v -0.03453688 -0.005000413 0.137
v -0.0340038 -0.009930006 0.137
v -0.03321594 -0.01123287 0.137
v 0.03426962 0.006605089 0.137
v 0.0216578 0.02747782 0.137
v -0.03403234 -0.008384 0.137
v -0.02285662 -0.02639685 0.137
v -0.02158013 -0.02747052 0.137
v 0.001716316 0.03501219 0.137
v -0.01603074 -0.03113936 0.137
v -0.01299115 -0.03247504 0.137
v -0.009860666 -0.03355964 0.137
v -0.0001299952 0.02960245 0.137
v -0.006627477 -0.03437092 0.137
v -0.003342794 -0.0348941 0.137
v -2.727282e-05 -0.03511357 0.137
v 0.003283134 -0.03485688 0.137
v 0.006563217 -0.03433075 0.137
v 0.009804518 -0.03354011 0.137
v 0.0129525 -0.03245791 0.137
v 0.01598307 -0.03107903 0.137
v 0.01886574 -0.02941704 0.137
v 0.02159461 -0.02751907 0.137
v 0.0241516 -0.0253683 0.137
v 0.0264449 -0.02293045 0.137
v 0.02845681 -0.02028132 0.137
v 0.03024053 -0.01746954 0.137
v 0.03179217 -0.01451502 0.137
v 0.0331087 -0.01146378 0.137
v 0.03363671 -0.009885847 0.137
v 0.01749639 0.03025285 0.137
v -0.01749597 -0.03033667 0.137
v -0.03298837 0.01144807 0.137
v 0.009731786 0.03348398 0.137
v -0.02038033 0.02782806 0.137
v 0.03453455 0.004932557 0.137
v -0.008254253 -0.03400673 0.137
v 0.003265261 0.03521328 0.137
v 0.03464209 -0.005046298 0.137
v -0.02641457 -0.0228656 0.137
v -0.03109417 -0.0158543 0.137
v -0.03396177 0.008236667 0.137
v 0.02748673 0.02152879 0.137
v 0.03350079 0.009899556 0.137
v 0.025305 0.02405637 0.137
v 0.01450194 0.03174907 0.137
v 0.01136788 0.0329748 0.137
v 0.006368898 0.03431856 0.137
v 0.03250947 0.01307886 0.137
v -0.0252454 0.02424732 0.137
v 0.03483408 0.001582288 0.137
v -0.03124145 0.01611912 0.137
v -0.02941266 0.01889198 0.137
v -0.02734218 0.02159748 0.137
v -0.01947616 0.02411016 0.137
v -0.03481173 0.005050044 0.137
v -0.0001097292 0.02754369 0.137
v -0.03183075 -0.01430625 0.137
v -0.02749487 -0.02157981 0.137
v 0.03485424 -0.001746559 0.137
v -0.02408965 -0.02527074 0.137
v 0.0005879376 0.0333051 0.137
v -0.01890493 -0.02944829 0.137
v -0.01452448 -0.03184701 0.137
v -0.01143653 -0.03304473 0.137
v -0.004986117 -0.03466262 0.137
v -0.001694857 -0.03505875 0.137
v 0.001636793 -0.03503558 0.137
v 0.004928765 -0.03462336 0.137
v 0.008195484 -0.03397091 0.137
v 0.01138967 -0.03303513 0.137
v 0.01448413 -0.03180564 0.137
v 0.01744525 -0.03028181 0.137
v 0.02024785 -0.02849493 0.137
v 0.02289988 -0.02647892 0.137
v 0.02533552 -0.02418127 0.137
v 0.02748084 -0.02162766 0.137
v 0.02937454 -0.01889402 0.137
v 0.0310476 -0.01600939 0.137
v 0.03248184 -0.0129994 0.137
v -0.02306493 0.0266234 0.137
v 0.03440301 -0.006685057 0.137
v 0.03392457 0.008262367 0.137
v -0.006833342 0.02251249 0.137
v -0.03349269 0.00984791 0.137
v -0.03041359 0.01757861 0.137
v 0.03301767 0.01150511 0.137
v 0.03128816 0.01610074 0.137
v -0.01081913 0.02200872 0.137
v 0.03040653 0.01745892 0.137
v -0.01537124 0.02209808 0.137
v -0.02838654 0.0202433 0.137
v 0.001277737 0.03121921 0.137
v -0.002567078 0.02409704 0.137
v -0.0324379 0.01303635 0.137
v 0.03200295 0.01461276 0.137
v 0.02851213 0.02019838 0.137
v -0.02993198 -0.01423442 0.137
v 0.02762561 0.0184977 0.137
v 0.011526 0.0310519 0.137
v 0.02464806 -0.02244217 0.137
v 0.0007442043 -0.03347596 0.137
v 0.0145153 0.02982452 0.137
v 0.006694415 0.03249712 0.137
v 0.02240906 0.02455996 0.137
v -0.03155817 0.01013586 0.137
v 0.03259855 -0.007180419 0.137
v 0.01154299 -0.03113476 0.137
v 0.0144607 -0.02990175 0.137
v 0.01303452 0.03046474 0.137
v 0.01987995 -0.02663421 0.137
v -0.01453079 -0.02999454 0.137
v -0.03184973 0.01460159 0.137
v 0.03300675 -0.004078262 0.137
v 0.002866618 0.03320581 0.137
v -0.02996554 0.01475466 0.137
v 0.02350313 0.02341829 0.137
v -0.02564044 -0.02112557 0.137
v -0.0266547 -0.01987759 0.137
v 0.03241776 0.007098982 0.137
v -0.02628863 0.02293251 0.137
v 0.01869732 0.02752136 0.137
v -0.03439896 0.006629607 0.137
v -0.02196511 0.02759286 0.137
v -0.0186016 -0.02756429 0.137
v -0.02229091 -0.02454865 0.137
v 0.03121665 -0.01160362 0.137
v 0.03270309 0.005496767 0.137
v 0.03290448 -0.005625783 0.137
v 0.00383697 -0.03304412 0.137
v -0.01595555 -0.0292914 0.137
v -0.002382537 -0.03331821 0.137
v -0.01160399 -0.03113917 0.137
v -0.01731268 -0.02846836 0.137
v -0.01307581 -0.03058854 0.137
v -0.02345257 -0.02345243 0.137
v 0.03056156 -0.01304495 0.137
v -0.003937659 -0.03310054 0.137
v -0.0008394988 -0.03350221 0.137
v 0.002271189 -0.03327125 0.137
v 0.006962984 -0.03246958 0.137
v 0.01004698 -0.03164741 0.137
v 0.01301451 -0.03055342 0.137
v 0.02457198 0.02224651 0.137
v -0.005499557 -0.03285101 0.137
v 0.01857725 -0.02752773 0.137
v 0.02239394 -0.02470515 0.137
v 0.02356443 -0.0236128 0.137
v 0.02657218 -0.01993361 0.137
v 0.02831127 -0.01728233 0.137
v -0.03061713 -0.01269481 0.137
v 0.01724415 -0.02837898 0.137
v 0.03487584 -8.492785e-05 0.137
v 0.008356386 0.03205019 0.137
v 0.03290686 0.003887751 0.137
v 0.02986274 -0.01448714 0.137
v -0.0245689 -0.02231169 0.137
v -0.0324949 0.006982983 0.137
v 0.02664304 0.01979595 0.137
v -0.03052899 0.01324333 0.137
v -0.01277998 0.02085987 0.137
v -0.008609686 -0.03214488 0.137
v -0.0323669 -0.007353924 0.137
v 0.03307622 -0.002505115 0.137
v -0.0210421 0.025898 0.137
v -0.02337824 0.02387299 0.137
v 0.03304187 0.002279863 0.137
v -0.03203603 0.008566165 0.137
v 0.0320423 0.008692809 0.137
v 0.001703529 0.02894317 0.137
v -0.03334307 -0.0006218198 0.137
v -0.01804761 0.02225454 0.137
v -0.03293894 0.005431093 0.137
v -0.0284366 -0.01717479 0.137
v -0.02109291 -0.02560229 0.137
v 0.01587113 -0.02917336 0.137
v -0.0001225478 0.02528448 0.137
v -0.03327253 0.0009940246 0.137
v -0.03328632 0.002598635 0.137
v -0.0326445 -0.005588246 0.137
v -0.03293096 -0.003901779 0.137
v -0.03131287 -0.01108439 0.137
v -0.03215326 -0.00933363 0.137
v 0.01999488 0.02662201 0.137
v 0.02124039 0.02563849 0.137
v -0.01986117 -0.02660788 0.137
v 0.004875581 0.03279425 0.137
v -0.01011164 -0.03166199 0.137
v 0.0306219 0.01330878 0.137
v 0.005402328 -0.0327864 0.137
v 0.008518311 -0.03209201 0.137
v -0.02643213 0.01987349 0.137
v 0.02115641 -0.02570421 0.137
v -0.02851198 0.01722053 0.137
v 0.02564229 -0.02120984 0.137
v 0.02746167 -0.01862563 0.137
v 0.0291136 -0.01590114 0.137
v 0.009973724 0.03157442 0.137
v -0.004550516 0.02214355 0.137
v -0.008627038 0.02111913 0.137
v -0.02958369 0.01616637 0.137
v 0.03108811 0.01180285 0.137
v 0.02943219 0.01584695 0.137
v 0.02854668 0.01716012 0.137
v -0.02747701 0.01851712 0.137
v -0.007070605 -0.03254567 0.137
v 0.02562025 0.02104326 0.137
v 0.01734523 0.02835687 0.137
v 0.03224966 -0.008631856 0.137
v 0.01595105 0.02912507 0.137
v -0.02921024 -0.01573127 0.137
v -0.03106793 0.01168959 0.137
v 0.03037198 0.01474406 0.137
v -0.0275875 -0.01856162 0.137
v -0.03322561 -0.002279968 0.137
v -0.02537959 0.02121612 0.137
v 0.005764949 -0.03095438 0.137
v 0.02387258 -0.02076022 0.137
v 0.02068584 -0.02396839 0.137
v -0.002220879 0.02160007 0.137
v -0.01462243 0.01959886 0.137
v -0.02484244 -0.01945198 0.137
v 0.01945696 -0.02481867 0.137
v 0.003519377 0.03068545 0.137
v 0.01568779 -0.02729256 0.137
v -0.02166214 -0.02273702 0.137
v 0.005447323 0.03116805 0.137
v 0.0315854 0.01026277 0.137
v 0.008744469 -0.03022112 0.137
v 0.03059224 0.007551375 0.137
v 0.02174119 0.02274631 0.137
v 0.001792261 0.02665359 0.137
v -0.033506 0.004060077 0.137
v -0.01050331 0.01987719 0.137
v -0.02434148 0.02255077 0.137
v 0.03133112 -0.006159811 0.137
v -0.02258142 0.02514498 0.137
v 0.01435741 -0.02802467 0.137
v 0.01013333 0.02968022 0.137
v 0.007279088 -0.03061516 0.137
v 0.02274787 0.02161767 0.137
v -0.02142829 0.02389674 0.137
v -0.03009569 0.008873303 0.137
v 0.02718994 -0.01572931 0.137
v 0.0293255 -0.01158982 0.137
v -0.002928858 -0.03155277 0.137
v 0.02556536 -0.01830288 0.137
v -0.02870623 -0.01267681 0.137
v -0.0273656 -0.01556622 0.137
v 0.004254474 -0.0312402 0.137
v -0.008834456 -0.03026427 0.137
v -0.01026644 -0.02975991 0.137
v -0.004412109 -0.03128295 0.137
v 0.01822296 -0.0256624 0.137
v -0.02805392 -0.01414106 0.137
v -0.000175016 0.02304483 0.137
v 0.03182815 -0.01016529 0.137
v 0.01697136 -0.02649548 0.137
v -0.006387477 0.02047391 0.137
v 0.006981554 0.03061993 0.137
v 0.0311042 0.004465873 0.137
v 0.02865772 -0.01299197 0.137
v -0.02025536 0.02229627 0.137
v 0.03089643 0.006000579 0.137
v 0.02472618 -0.0195463 0.137
v 0.02639028 -0.01703388 0.137
v -0.01448762 -0.02823325 0.137
v -0.03161982 0.003826535 0.137
v -0.0304487 -0.007824214 0.137
v 0.02377033 0.02047818 0.137
v -0.01237359 0.01872078 0.137
v -0.01310119 -0.02874413 0.137
v 0.03130028 -0.003244417 0.137
v -0.02862115 0.01356014 0.137
v 0.01160572 -0.02925044 0.137
v 0.01715593 0.026507 0.137
v 0.01306159 0.0285457 0.137
v 0.03016347 0.009089846 0.137
v -0.02446097 0.01953986 0.137
v 0.02075944 0.02385766 0.137
v -0.004125254 0.01996059 0.137
v 0.003584507 0.02810523 0.137
v 0.0331178 -0.0009174535 0.137
v -0.03184068 -0.001301132 0.137
v -0.008260975 0.0190389 0.137
v -0.03108155 0.005651757 0.137
v 0.01161437 0.02913652 0.137
v -0.02232538 0.02233944 0.137
v 0.001895096 0.02439697 0.137
v 0.02912621 0.01216958 0.137
v -0.03075836 -0.006073581 0.137
v -0.03104265 -0.004363396 0.137
v 0.03126943 -0.004752671 0.137
v -0.02935151 -0.01113695 0.137
v -0.001433804 -0.03178967 0.137
v -0.02998574 -0.009519276 0.137
v 0.01841172 0.02568153 0.137
v -0.005925821 -0.03109714 0.137
v 0.001245789 -0.03170832 0.137
v 0.002732695 -0.03147617 0.137
v 0.02997938 -0.01021916 0.137
v -0.01817882 -0.0257075 0.137
v 0.02794662 -0.01437622 0.137
v 0.02580697 0.01812097 0.137
v -0.02578841 -0.01824124 0.137
v -0.01917113 0.0205408 0.137
v -0.02662881 -0.01693772 0.137
v -7.848394e-05 -0.03209479 0.137
v -0.02052873 -0.02376851 0.137
v 0.01019007 -0.02976405 0.137
v 0.01299453 -0.02867501 0.137
v 0.02293581 -0.02193399 0.137
v -0.00742654 -0.03075846 0.137
v 0.0218653 -0.02302275 0.137
v -0.03060045 0.007303139 0.137
v -0.02381749 -0.02057872 0.137
v 0.008552423 0.03016345 0.137
v 0.0331105 0.0006770634 0.137
v -0.02791733 0.01526433 0.137
v -0.02664919 0.01673007 0.137
v -0.01169368 -0.0292509 0.137
v -0.0169079 0.02023013 0.137
v -0.02275726 -0.02167218 0.137
v 0.0267558 0.01682924 0.137
v 0.03125536 0.002920785 0.137
v 0.03044386 -0.007430994 0.137
v 0.01446578 0.02792418 0.137
v 0.02766051 0.01543048 0.137
v -0.02962316 0.01041481 0.137
v -0.03154809 0.0002039162 0.137
v -0.01581134 -0.02750242 0.137
v 0.02867415 0.01392913 0.137
v -0.03149689 0.00191778 0.137
v -0.03135694 -0.002726658 0.137
v -0.008925792 -0.02837417 0.137
v -0.02920483 0.01196656 0.137
v -0.01412185 0.01745679 0.137
v -0.0285017 -0.008100027 0.137
v 0.03135438 -0.001706437 0.137
v 0.01583034 0.02725696 0.137
v 0.02964652 0.01060515 0.137
v 0.02953817 -0.004073056 0.137
v -0.01017425 0.01779976 0.137
v -0.02554837 0.01815297 0.137
v 0.003777724 0.02582451 0.137
v -0.005979183 0.01829848 0.137
v 0.02880865 0.007959003 0.137
v -0.02130726 0.0207183 0.137
v -0.02962628 0.004443728 0.137
v 0.02479408 0.01931743 0.137
v -0.02989814 -0.00108515 0.137
v 0.02677523 -0.01288412 0.137
v 0.0271807 0.01236039 0.137
v -0.02358243 0.01787491 0.137
v 0.01420274 -0.0261823 0.137
v 0.008878727 -0.02835209 0.137
v -0.001878715 0.01937719 0.137
v 0.007059201 0.02872755 0.137
v 0.01961823 0.02484889 0.137
v 0.03066698 -0.008977259 0.137
v -0.01698887 -0.02661725 0.137
v 0.02603663 -0.01422588 0.137
v -0.01936342 -0.02475914 0.137
v 0.005319342 0.02936196 0.137
v -0.02572838 0.01499893 0.137
v 0.02815136 -0.01004908 0.137
v -0.003284141 -0.02967979 0.137
v 0.01783593 -0.02379784 0.137
v 4.357711e-05 0.02080982 0.137
v -0.02864111 0.007652446 0.137
v 0.02746715 -0.01149233 0.137
v 0.008715433 0.02832317 0.137
v -0.02922322 0.006114593 0.137
v 0.02091117 0.02097728 0.137
v 0.004559454 -0.02944883 0.137
v -0.02337278 0.02091507 0.137
v 0.02962277 -0.005721875 0.137
v -0.01650836 -0.02480245 0.137
v -0.0246755 0.01645473 0.137
v -0.02753831 0.0122663 0.137
v -0.02799836 -0.009677209 0.137
v 0.02023013 -0.02234699 0.137
v -0.01313837 -0.02693576 0.137
v -0.01620453 0.01805933 0.137
v -0.02681461 -0.01262263 0.137
v 0.02825153 0.009375301 0.137
v 0.02769662 0.01083968 0.137
v -0.01201588 0.01668954 0.137
v 0.0295945 -0.002495227 0.137
v -0.007948036 0.01686274 0.137
v 0.02658112 0.01383719 0.137
v 0.01570651 0.02547112 0.137
v 0.01158586 -0.02738955 0.137
v -0.02970816 0.002725789 0.137
v 0.02398743 0.01764552 0.137
v -0.003704986 0.01786093 0.137
v 0.007498787 -0.028769 0.137
v 0.0116356 0.02720612 0.137
v -0.02888457 -0.006448226 0.137
v 0.00204855 0.02217977 0.137
v -0.0075419 -0.02887694 0.137
v -0.02918162 -0.004738447 0.137
v 0.006051063 -0.02913989 0.137
v 0.02895993 -0.008592952 0.137
v 0.005478254 0.02728228 0.137
v 0.01694512 0.02468402 0.137
v 0.003086475 -0.0297281 0.137
v -0.02039965 0.01904047 0.137
v -0.004857526 -0.02946126 0.137
v 0.001493343 -0.02995013 0.137
v -0.02947037 -0.002977551 0.137
v -0.0176555 -0.02388689 0.137
v 0.02446431 -0.01674429 0.137
v 0.01023942 -0.0278923 0.137
v -0.02405895 -0.01787342 0.137
v -0.02665192 0.01354721 0.137
v 0.01544052 -0.02542753 0.137
v -0.02557107 -0.01537038 0.137
v 0.02290755 -0.01914763 0.137
v -0.0002074006 -0.03023109 0.137
v 0.01663949 -0.02460905 0.137
v -0.001869604 -0.03019966 0.137
v -0.01991174 -0.02196321 0.137
v 0.01290446 -0.0268357 0.137
v 0.01903106 -0.02304134 0.137
v -0.0262022 -0.01401781 0.137
v 0.02916109 0.006460688 0.137
v 0.02500741 0.01655254 0.137
v -0.02098608 -0.02095122 0.137
v 0.01997319 0.02210459 0.137
v 0.02526103 -0.01550405 0.137
v 0.02192136 0.01985348 0.137
v 0.03134835 0.001375169 0.137
v -0.01035067 -0.02787163 0.137
v -0.02244874 0.01927448 0.137
v -0.02305421 -0.01889463 0.137
v 0.02947506 0.003524636 0.137
v -0.02741438 -0.01118547 0.137
v 0.01023013 0.02781351 0.137
v 0.02931109 0.004993761 0.137
v 0.01302463 0.02664345 0.137
v -0.02811366 0.009199575 0.137
v 0.02366761 -0.0179602 0.137
v -0.01830513 0.01867569 0.137
v 0.0222098 -0.02032728 0.137
v -0.01445731 -0.02665452 0.137
v 0.02588768 0.01524974 0.137
v 0.03138036 -0.0001639404 0.137
v 0.01438247 0.02607516 0.137
v 0.02489536 -0.01277131 0.137
v 0.004020376 0.02359141 0.137
v -0.01361071 0.01566723 0.137
v -0.02769343 0.01076172 0.137
v -0.02757966 -0.003453305 0.137
v -0.02203045 -0.0199208 0.137
v -0.01001197 0.0156945 0.137
v 0.02522095 0.01241785 0.137
v -0.01538614 -0.02569551 0.137
v -0.02971309 0.0009040763 0.137
v 0.01749226 -0.02189003 0.137
v 0.02294995 0.01874109 0.137
v -0.005453377 0.01588745 0.137
v -0.01879747 -0.02294387 0.137
v 0.01023043 -0.02603664 0.137
v 0.008917878 -0.02648552 0.137
v -0.02779758 -0.001708086 0.137
v -0.02570942 0.01157024 0.137
v -0.01479679 -0.02398309 0.137
v -0.01175542 -0.02738687 0.137
v -0.02470519 0.01325208 0.137
v -0.02491477 -0.01667405 0.137
v 0.02471976 0.01383354 0.137
v 0.02135237 -0.02146701 0.137
v 0.02699281 -0.008466938 0.137
v -0.006316103 -0.02953805 0.137
v -0.001516226 0.01728281 0.137
v 0.0002821048 0.01864903 0.137
v -0.0196559 0.01735131 0.137
v 0.02776446 -0.004893256 0.137
v -0.01493141 0.03044795 0.1401361
v -0.01509055 0.03069377 0.1384147
v -0.01417305 0.02958192 0.1385703
v -0.02660462 -0.008300873 0.137
v 0.02787768 -0.006797374 0.137
v -0.01198688 0.0146636 0.137
v 0.02762404 0.006906512 0.137
v 0.02574186 0.01095394 0.137
v -0.01568587 0.01567486 0.137
v -0.007902716 0.01464891 0.137
v 0.02965816 -0.0009607075 0.137
v 0.01806398 0.02383493 0.137
v 0.02562186 -0.01143458 0.137
v -0.02788104 5.217977e-05 0.137
v 0.02218867 0.01698791 0.137
v 0.0143658 0.02429699 0.137
v -0.02789379 0.003534982 0.137
v -0.01820444 -0.02114966 0.137
v 0.007302523 0.02676601 0.137
v 0.004796901 -0.0277079 0.137
v 0.002234213 0.01999165 0.137
v -0.027354 -0.00514155 0.137
v -0.003739192 -0.0277924 0.137
v -0.003108717 0.01604799 0.137
v 0.02692487 0.008112415 0.137
v -0.02380821 -0.01520854 0.137
v 0.02172243 -0.01766347 0.137
v -0.02724492 0.006406248 0.137
v 0.02330989 -0.01525934 0.137
v 0.005858416 0.0251172 0.137
v 0.01926651 0.02326019 0.137
v 0.01562099 0.0238359 0.137
v 0.003333816 -0.02790083 0.137
v 0.001979854 -0.02837325 0.137
v -0.02273173 0.01624047 0.137
v 0.01872301 -0.0212458 0.137
v -0.02160611 0.0176275 0.137
v 0.0200562 0.01923691 0.137
v -0.01770484 0.01672624 0.137
v 0.01402779 -0.02437991 0.137
v 0.0278117 -0.003224813 0.137
v 0.01627698 -0.02268541 0.137
v 0.01278758 -0.0250722 0.137
v 0.0115225 -0.02556158 0.137
v -0.02438724 -0.01390213 0.137
v 0.01016488 0.02582674 0.137
v -0.02494813 -0.01254849 0.137
v 0.0232537 0.01599909 0.137
v -0.01927183 -0.0201727 0.137
v 0.02960291 0.002030689 0.137
v 0.02411369 -0.01402882 0.137
v 0.00892653 0.02664811 0.137
v -0.008989515 -0.02652842 0.137
v 0.02629169 -0.01000611 0.137
v -0.02550406 -0.01117291 0.137
v -0.02798875 0.005044687 0.137
v -0.02234243 -0.01722879 0.137
v 0.01156766 0.02526066 0.137
v -0.01595957 -0.02302299 0.137
v -0.02703758 -0.006772096 0.137
v -0.02662631 0.007972452 0.137
v -0.0119183 -0.02554218 0.137
v 0.02250236 -0.0164686 0.137
v 0.02105955 -0.01885171 0.137
v 0.0003568121 -0.0281951 0.137
v 0.02765677 0.004096399 0.137
v -0.01353907 -0.02506145 0.137
v 0.007602942 -0.02691303 0.137
v -0.02376504 0.01479581 0.137
v -0.001666063 -0.02823978 0.137
v 0.01994053 -0.02090909 0.137
v 0.01898291 0.02044396 0.137
v 0.02787354 0.002663691 0.137
v -0.007466012 -0.02705692 0.137
v 0.02559854 -0.007064712 0.137
v 0.02966644 0.0005392701 0.137
v -0.02610075 0.009654507 0.137
v 0.01299411 0.02482082 0.137
v 0.004250377 0.02134321 0.137
v 0.02331712 0.01265275 0.137
v -0.01010344 0.01360023 0.137
v 0.02112727 0.01808502 0.137
v 0.01513382 -0.02353138 0.137
v -0.02338558 -0.0164581 0.137
v -0.005840779 0.0134208 0.137
v -0.01709658 -0.02209466 0.137
v 0.02753452 0.005535661 0.137
v -0.02588496 -0.002275927 0.137
v 0.008921037 -0.02464821 0.137
v 0.006257559 -0.02736354 0.137
v -0.02082462 0.01597772 0.137
v -0.02348441 0.01166192 0.137
v -0.01405701 0.01390711 0.137
v 0.02074906 -0.02008401 0.137
v 0.0004682972 0.01649788 0.137
v -0.0219569 -0.01539306 0.137
v 0.01742701 -0.01987643 0.137
v -0.0260694 -0.009761724 0.137
v -0.01044445 -0.02601755 0.137
v 0.02631677 0.009511227 0.137
v -0.01194007 -0.02377125 0.137
v -0.02131814 -0.01816968 0.137
v -0.02789266 0.001833495 0.137
v -0.01324044 -0.02305977 0.137
v -0.003525596 0.01416422 0.137
v 0.01819948 0.01862134 0.137
v -0.01654226 -0.02030357 0.137
v 0.02582765 0.004740246 0.137
v -0.01225503 0.01268311 0.137
v -0.008135703 0.01246926 0.137
v 0.002316432 0.01787727 0.137
v 0.02045752 0.01622969 0.137
v -0.0203005 -0.01916859 0.137
v 0.0165501 0.02275334 0.137
v -0.02361704 -0.01113258 0.137
v -0.02615781 0.002859543 0.137
v -0.02596444 -0.000594309 0.137
v 0.02380024 -0.01139298 0.137
v 0.008126482 0.02470533 0.137
v -0.002500855 -0.02607481 0.137
v -0.02185949 0.01468617 0.137
v 0.01319277 0.02319748 0.137
v 0.01933322 0.01741841 0.137
v -0.007683767 -0.02523561 0.137
v -0.02523756 0.006567107 0.137
v -0.001304159 0.01511798 0.137
v -0.01052888 -0.02418903 0.137
v 0.01022939 -0.02419936 0.137
v 0.005056712 -0.02615275 0.137
v -0.005771553 -0.0277023 0.137
v 0.01795199 0.02182479 0.137
v 0.02583509 0.006487793 0.137
v 0.003551956 -0.02608189 0.137
v 0.02434499 0.01516349 0.137
v 0.001655749 -0.0264331 0.137
v 0.0279842 0.001205529 0.137
v 0.02600322 0.003168179 0.137
v -0.0240753 0.01000948 0.137
v 0.02795911 -0.001698142 0.137
v -0.01912613 0.01576226 0.137
v 0.01364812 -0.02252368 0.137
v 0.02598806 -0.003765368 0.137
v 0.01599608 -0.02070368 0.137
v 0.01274039 -0.02349359 0.137
v -0.02070907 -0.01635922 0.137
v -0.009113999 -0.02467326 0.137
v 0.02161561 0.01510113 0.137
v -0.01761053 -0.01936994 0.137
v 0.02217383 -0.01379373 0.137
v 0.01454621 0.0223002 0.137
v 0.02588755 -0.00543291 0.137
v 0.02298723 -0.01258328 0.137
v 0.02503455 -0.008614662 0.137
v 0.01916014 -0.01935543 0.137
v -0.02611592 0.004795015 0.137
v 0.00997551 0.02381766 0.137
v -0.0247069 -0.008397768 0.137
v -0.01434014 -0.02212536 0.137
v -0.02524537 -0.00703062 0.137
v 0.00619386 0.0228802 0.137
v 0.0213388 -0.0150276 0.137
v 0.02048283 -0.0162952 0.137
v -0.025755 -0.003934393 0.137
v 0.007595767 -0.0250602 0.137
v 0.0196668 -0.01768046 0.137
v -0.02279194 0.01322426 0.137
v 0.02382312 0.01108985 0.137
v -0.02311197 -0.0125015 0.137
v -0.004394941 -0.02588586 0.137
v 0.02299227 0.01424365 0.137
v 0.01702973 0.01984001 0.137
v -0.006102562 -0.02568763 0.137
v 0.02802153 -0.0002019656 0.137
v -0.01609347 0.01333552 0.137
v 0.01166291 0.02335671 0.137
v -0.01769906 0.01467919 0.137
v -0.01440369 0.01190664 0.137
v -0.02459874 0.008277917 0.137
v 0.02448641 -0.01004699 0.137
v 0.004378729 0.01906283 0.137
v -0.01187923 -0.02215531 0.137
v 0.01475953 -0.02160381 0.137
v -0.02561473 -0.005515214 0.137
v 0.02129285 0.01296975 0.137
v -0.01544531 -0.02121624 0.137
v -0.01036335 0.01153825 0.137
v 0.006261214 -0.02551209 0.137
v -0.006191281 0.0112 0.137
v -0.0004994199 -0.02623929 0.137
v 0.02508208 0.008125991 0.137
v 0.0023039 0.01595555 0.137
v -0.02415747 -0.009763693 0.137
v 0.01149019 -0.02375419 0.137
v -0.02263984 -0.01390195 0.137
v 0.02614117 -0.002187799 0.137
v 0.02402847 0.005346021 0.137
v -0.02383889 0.005206884 0.137
v 0.008292334 0.0222242 0.137
v -0.02604456 0.001123941 0.137
v -0.02110628 -0.01387017 0.137
v 0.0174363 -0.01774793 0.137
v 0.01034543 0.02166016 0.137
v 0.01239142 0.02159511 0.137
v -0.02198651 0.01028328 0.137
v -0.02308248 0.00687034 0.137
v 0.01634319 0.01798664 0.137
v -0.01254829 0.01065364 0.137
v -0.003323098 -0.02410283 0.137
v 0.01576432 -0.01870587 0.137
v -0.01057194 -0.02239019 0.137
v 0.01314514 -0.02070444 0.137
v -0.02224931 -0.009725784 0.137
v -0.003869785 0.01201016 0.137
v -0.008463283 0.01037625 0.137
v 0.0187167 0.01555095 0.137
v 0.004177433 0.01682169 0.137
v 0.004468723 -0.02430356 0.137
v -0.01864045 -0.01838698 0.137
v 0.02429895 -0.002466626 0.137
v 0.0004848692 -0.02437854 0.137
v 0.008994108 -0.02287559 0.137
v -0.01492083 -0.01942735 0.137
v -0.006539848 -0.02403794 0.137
v -0.01486584 0.03621878 0.1388717
v -0.01502997 0.03597753 0.140521
v 0.0009700463 0.01412524 0.137
v 0.02646355 0.00183459 0.137
v -0.02280501 -0.008361334 0.137
v -0.02410517 -0.001176111 0.137
v 0.0241239 0.003599357 0.137
v 0.02402554 0.0068766 0.137
v -0.01976393 0.0142305 0.137
v 0.02108733 -0.01227932 0.137
v 0.01189592 -0.02185637 0.137
v -0.01965431 -0.01736373 0.137
v -0.00780119 -0.02334097 0.137
v 0.002435552 -0.02434221 0.137
v 0.01990325 0.01427686 0.137
v -0.02135625 -0.01250883 0.137
v -0.02175214 -0.01111513 0.137
v -0.01598799 -0.01852609 0.137
v 0.02367973 -0.007374237 0.137
v 0.02415781 -0.00420283 0.137
v -0.02462699 0.003743221 0.137
v -0.01276489 -0.02118402 0.137
v 0.02286293 -0.01012563 0.137
v -0.02339219 -0.007036103 0.137
v 0.01756058 0.01678634 0.137
v 0.02211295 0.01138681 0.137
v 0.006433414 0.02051351 0.137
v 0.02026686 -0.01352601 0.137
v 0.01939481 -0.01480577 0.137
v 0.02435312 0.009578153 0.137
v 0.007588662 -0.02328994 0.137
v 0.01843999 -0.01615409 0.137
v -0.02147746 0.01181444 0.137
v 0.0240419 -0.005830722 0.137
v -0.02000027 -0.0146384 0.137
v 0.02191326 -0.0111069 0.137
v -0.02407575 -0.002853877 0.137
v -0.0242986 0.002186617 0.137
v -0.005054908 -0.02396648 0.137
v -0.01066754 0.00948628 0.137
v -0.001517484 0.01293487 0.137
v 0.0150184 0.01912352 0.137
v 0.01437345 -0.01967642 0.137
v -0.001457367 -0.02425766 0.137
v -0.0138267 -0.02030758 0.137
v -0.0227757 0.003557211 0.137
v 0.006124249 -0.02369418 0.137
v 0.02462638 -0.0005580397 0.137
v -0.01659696 0.01120586 0.137
v -0.006630455 0.009094657 0.137
v -0.02114273 0.01329922 0.137
v -0.02090398 -0.008271682 0.137
v 0.02314633 -0.008781401 0.137
v 0.01037474 -0.02238026 0.137
v 0.01577055 0.02098004 0.137
v 0.003547243 0.01458766 0.137
v 0.006544014 0.01793677 0.137
v -0.01472192 0.00984422 0.137
v -0.02412406 0.000505837 0.137
v -0.02257816 0.008612985 0.137
v -0.009196689 -0.02281264 0.137
v 0.02654529 -0.0008489822 0.137
v 0.001284544 -0.02250886 0.137
v 0.00310128 -0.0224406 0.137
v -0.0005635637 -0.02246584 0.137
v -0.002415357 -0.02232137 0.137
v 0.01522747 -0.01675302 0.137
v 0.02010988 -0.01062898 0.137
v 0.01449583 0.01730221 0.137
v -0.02142255 0.005279188 0.137
v 0.02242776 -0.0062846 0.137
v 0.0136313 0.02027046 0.137
v 0.01810024 0.01370074 0.137
v 0.01391812 -0.01774614 0.137
v -0.004313385 0.009741175 0.137
v -0.0207053 0.0090291 0.137
v -0.008856302 0.008367552 0.137
v 0.01929248 0.01232158 0.137
v -0.01811566 0.01270295 0.137
v 0.02032582 0.01049723 0.137
v 0.007754991 -0.02161255 0.137
v -0.01281577 0.008575859 0.137
v 0.0217143 -0.00760524 0.137
v 0.01924166 -0.01193993 0.137
v 0.01162493 -0.01980658 0.137
v 0.02222975 0.004510897 0.137
v 0.02454049 0.001640092 0.137
v 0.02119074 -0.009255556 0.137
v 0.005646438 0.01542141 0.137
v 0.02303544 0.008152838 0.137
v -0.02034371 -0.009735435 0.137
v -0.02399785 -0.004449944 0.137
v -0.01094313 -0.02050038 0.137
v -0.01560356 0.03184636 0.1394373
v -0.006142589 -0.0221248 0.137
v -0.0170309 -0.01764311 0.137
v -0.01967527 -0.0128798 0.137
v -0.01443668 -0.0176544 0.137
v -0.01893334 -0.01555082 0.137
v 0.02247915 -0.003082465 0.137
v -0.004237217 -0.02216769 0.137
v -0.02158848 -0.006873132 0.137
v 0.01270939 -0.01875788 0.137
v 0.01582669 0.01619269 0.137
v 0.01694958 0.01497671 0.137
v 0.0184677 -0.0132332 0.137
v 0.0223126 0.009725364 0.137
v -0.02239088 -0.001819655 0.137
v -0.02407217 -0.005872244 0.137
v -0.0127788 0.02868852 0.1386335
v -0.0137737 0.02925589 0.1402873
v 0.0175254 -0.01449063 0.137
v -0.01929388 0.01057837 0.137
v -0.0221864 -8.597817e-05 0.137
v 0.02228566 0.006403284 0.137
v 0.009121887 -0.02117514 0.137
v -0.01332728 -0.01856517 0.137
v 0.02257403 -0.001261561 0.137
v 0.01644439 -0.01566204 0.137
v 0.02238298 -0.004777801 0.137
v -0.01807422 -0.01350613 0.137
v -0.001935872 0.0106686 0.137
v 0.002790353 0.01246836 0.137
v -0.01802274 -0.01663483 0.137
v -0.001505469 -0.02059153 0.137
v -0.0109214 0.007406199 0.137
v -0.01991165 -0.01126116 0.137
v -0.00726982 0.007295514 0.137
v 0.006325349 -0.0218745 0.137
v 0.004787946 -0.02220467 0.137
v 0.002016764 -0.02069799 0.137
v 0.005067718 0.01319828 0.137
v 0.02625276 0.0004990812 0.137
v -0.02228981 0.001720564 0.137
v 0.007557876 0.01604324 0.137
v 0.008666735 0.01987809 0.137
v -0.009372504 -0.02101137 0.137
v 0.01740314 0.0119245 0.137
v -0.01692821 0.00911262 0.137
v -0.02098069 0.007308402 0.137
v 0.0002677952 -0.02071314 0.137
v 0.0004398045 0.01164633 0.137
v 0.01113726 0.01945957 0.137
v -0.007821748 -0.02151592 0.137
v -0.02239092 -0.003547255 0.137
v 0.01294206 0.01826802 0.137
v 0.009045299 0.0176069 0.137
v 0.01909538 -0.009024053 0.137
v 0.01040069 -0.02062427 0.137
v -0.0206829 0.003118932 0.137
v 0.005247152 -0.02030765 0.137
v 0.01838949 0.01065265 0.137
v -0.01985577 0.01244646 0.137
v -0.004997872 0.00723375 0.137
v -0.009045116 0.006321606 0.137
v 0.01022618 -0.0190123 0.137
v -0.0110451 0.02829225 0.1387271
v -0.0122538 0.02849829 0.1403438
v -0.01215405 -0.01941923 0.137
v 0.003683436 -0.02054942 0.137
v -0.005019166 -0.0201953 0.137
v 0.007156494 0.01401072 0.137
v 0.02237854 0.002574995 0.137
v -0.01497387 0.007733541 0.137
v 0.01984587 -0.007523475 0.137
v 0.01684366 -0.01297895 0.137
v -0.01303427 -0.01692946 0.137
v 0.01819211 -0.01039188 0.137
v 0.01425801 0.01564196 0.137
v -0.02234399 -0.005316365 0.137
v 0.01630764 0.01324292 0.137
v 0.0207604 -0.003876102 0.137
v -0.009343943 -0.01917734 0.137
v -0.01896855 -0.008225937 0.137
v -0.02098202 -0.002575748 0.137
v -0.01543037 -0.01672729 0.137
v 0.02255896 0.0006372827 0.137
v 0.02060056 -0.005797761 0.137
v 0.02038821 0.005678418 0.137
v -0.003272026 -0.02040734 0.137
v -0.01961516 -0.006715947 0.137
v 0.01328602 -0.01585722 0.137
v 0.01738328 -0.01168096 0.137
v 0.0204106 0.003605377 0.137
v -0.006647292 -0.01993751 0.137
v -0.01814863 -0.01159022 0.137
v -0.01895819 0.008243047 0.137
v -0.02042575 -0.0009959477 0.137
v -0.01384506 -0.01570799 0.137
v 0.01100598 -0.01791623 0.137
v -0.01061442 -0.01840619 0.137
v 0.01277555 0.01623418 0.137
v 0.02080046 -0.00206883 0.137
v 0.01450394 -0.01482359 0.137
v -0.008123034 -0.01987206 0.137
v -0.01989886 0.00104564 0.137
v 0.006700168 -0.02014123 0.137
v -0.01107148 0.005283938 0.137
v -0.01846919 -0.009858174 0.137
v 0.008005568 -0.02014966 0.137
v 0.00592114 -0.01849421 0.137
v -0.01940578 0.004516535 0.137
v -0.01918145 0.006290365 0.137
v 0.009263112 0.01511884 0.137
v 0.006679309 0.01181103 0.137
v 0.02052965 0.001626632 0.137
v -0.01179981 -0.01753081 0.137
v 0.009036508 -0.01943503 0.137
v -0.009086081 0.02859563 0.1389483
v -0.01054172 0.02829448 0.1404017
v 0.02070249 0.008017738 0.137
v 0.002724163 -0.01895168 0.137
v -0.01638782 -0.01189098 0.137
v -0.0171979 -0.01489213 0.137
v 0.01898992 -0.004397069 0.137
v -0.01304313 0.006444894 0.137
v 0.00451463 0.01102229 0.137
v -0.01709753 0.006979481 0.137
v -0.002413625 0.008351399 0.137
v 0.01567359 -0.0138 0.137
v 0.01207878 -0.01686916 0.137
v -0.02061735 -0.004031255 0.137
v 0.004315437 -0.01869136 0.137
v 0.01102411 0.01697723 0.137
v 0.01517386 0.01442283 0.137
v 0.01575513 0.01163811 0.137
v -0.007014506 0.005460212 0.137
v -0.01654235 -0.01607978 0.137
v 0.00755446 -0.01861171 0.137
v -0.0151775 -0.01471426 0.137
v 0.01718332 -0.008926361 0.137
v 0.00897057 -0.01757248 0.137
v 0.01642233 0.009931148 0.137
v -0.01662963 -0.01009968 0.137
v 0.01848561 0.008848957 0.137
v -0.004041947 -0.01844247 0.137
v 0.01798195 -0.007516836 0.137
v -0.009173155 -0.01746461 0.137
v -0.01706485 -0.008283627 0.137
v -0.01833762 0.002938936 0.137
v 0.01320832 0.01411647 0.137
v -0.0005961312 -0.01891463 0.137
v 0.01532673 -0.01175527 0.137
v -0.01770537 -0.006474695 0.137
v 0.008635278 0.01266185 0.137
v -0.0152275 0.00555 0.137
v -0.01187747 -0.01546392 0.137
v 0.01261856 -0.01399582 0.137
v -0.0192391 -0.002616788 0.137
v -0.007593112 -0.01796925 0.137
v -0.01866668 -0.004654077 0.137
v 0.01930308 -0.002879449 0.137
v 0.01856817 -0.006021131 0.137
v 0.002264525 0.01022182 0.137
v 0.01850438 0.004644731 0.137
v 0.001060363 -0.01903425 0.137
v -0.002306557 -0.01873248 0.137
v -3.610381e-05 0.009334031 0.137
v 0.0206674 -0.0002673065 0.137
v 0.01134322 -0.01506818 0.137
v 0.01448606 0.01268745 0.137
v -0.005768903 -0.01810339 0.137
v 0.01858085 0.002582236 0.137
v -0.02052925 -0.005520118 0.137
v -0.009048846 0.004262931 0.137
v -0.004943792 0.004741818 0.137
v -0.01514739 -0.008578983 0.137
v -0.01621702 -0.01347904 0.137
v -0.007425628 0.02961164 0.1387001
v -0.007776161 0.02931686 0.1404663
v 0.0162266 -0.01021788 0.137
v -0.01033785 -0.01647593 0.137
v -0.01478598 -0.01055874 0.137
v 0.01870934 0.0005956624 0.137
v -0.01322836 0.004246258 0.137
v 0.01389974 -0.01288866 0.137
v -0.01741792 0.004911563 0.137
v 0.01850562 0.006773279 0.137
v 0.01009433 -0.01620631 0.137
v 0.006245316 0.009633421 0.137
v -0.01297006 -0.01355388 0.137
v 0.01890208 -0.001275475 0.137
v -0.002775842 0.00602214 0.137
v 0.01134523 0.01491216 0.137
v -0.0172235 0.001150397 0.137
v -0.01828296 -0.0007367669 0.137
v 0.01430924 -0.009764867 0.137
v -0.0156816 -0.006590325 0.137
v 0.008017098 -0.01558637 0.137
v 0.01637084 -0.007535849 0.137
v -0.001284912 -0.01715613 0.137
v 0.004036613 0.008830885 0.137
v -0.01462939 -0.01257073 0.137
v 0.01322407 -0.01101726 0.137
v -0.008387649 -0.01556532 0.137
v 0.008416068 0.01044541 0.137
v 0.01533087 -0.008522663 0.137
v -0.01566073 0.003179669 0.137
v 0.006867991 -0.01691193 0.137
v -0.01721364 -0.002668634 0.137
v -0.0004695655 0.007063713 0.137
v 0.01657437 0.00563672 0.137
v -0.01107471 -0.01365045 0.137
v -0.002991794 -0.01687776 0.137
v 0.01731551 -0.004680397 0.137
v 0.001833154 -0.01754303 0.137
v 0.01068069 -0.01327036 0.137
v 0.01168191 0.01313066 0.137
v 0.01277553 0.01187202 0.137
v -0.01112535 0.0031177 0.137
v 0.005007105 -0.01687161 0.137
v 0.003291468 -0.01714627 0.137
v -0.004669179 -0.0163817 0.137
v -0.01005591 -0.01480586 0.137
v 0.01667262 0.003523704 0.137
v 0.01198756 -0.01217227 0.137
v 0.0142795 0.0106696 0.137
v 0.0003504235 -0.01723161 0.137
v -0.007006727 0.003369318 0.137
v 0.01021167 0.0134575 0.137
v 0.01732711 -0.002834918 0.137
v -0.009062187 0.002113022 0.137
v 0.005767422 0.007455736 0.137
v 0.00796758 0.008233549 0.137
v -0.01641094 -0.004622686 0.137
v -0.01323892 -0.009087905 0.137
v -0.0129578 -0.01121279 0.137
v -0.006467367 -0.01595695 0.137
v -0.00190335 -0.01559859 0.137
v 0.007241687 -0.01364582 0.137
v 0.005638934 -0.0148619 0.137
v 0.0167777 0.001432143 0.137
v 0.01646063 0.00776011 0.137
v 0.0037341 -0.01546941 0.137
v 0.009337772 -0.01437402 0.137
v 0.001810001 0.007988744 0.137
v 0.01668056 -0.006094964 0.137
v 0.001759057 -0.01559219 0.137
v -0.01507554 0.001040683 0.137
v -0.01320805 0.002013267 0.137
v -0.002957769 0.003724275 0.137
v -0.01600646 -0.0007492557 0.137
v -0.005012848 0.002488982 0.137
v -0.0111452 0.0008461255 0.137
v -0.01368085 -0.006967029 0.137
v 0.003594561 0.00663949 0.137
v 0.01020057 0.008982995 0.137
v -0.01497097 -0.002713569 0.137
v -0.009106122 -0.01298333 0.137
v -0.006361119 0.03101593 0.1386776
v -0.006630628 0.03055091 0.140397
v 0.01011545 -0.01147733 0.137
v 0.01356439 -0.007736297 0.137
v -0.007007253 -0.0136639 0.137
v -0.0008169444 0.00482464 0.137
v -0.0002668431 -0.01543439 0.137
v 0.0145656 0.006563497 0.137
v 0.008737836 -0.01255004 0.137
v -0.01110452 -0.01183792 0.137
v 0.01495548 -0.006591562 0.137
v 0.01058258 0.01140259 0.137
v 0.01479857 0.004447732 0.137
v -0.007027177 0.001201544 0.137
v 0.01694271 -0.0006646716 0.137
v -0.003362553 -0.0148817 0.137
v 0.01250672 -0.009108538 0.137
v 0.01532111 -0.004411138 0.137
v 0.01433203 0.008647051 0.137
v 0.003004316 -0.01345645 0.137
v -0.01425943 -0.0048431 0.137
v 0.00138592 0.005779838 0.137
v 0.009668126 0.006746854 0.137
v 0.01516213 -0.002059944 0.137
v -0.01132925 -0.009735631 0.137
v -0.005090856 -0.0142483 0.137
v -0.001088383 0.00262406 0.137
v 0.01233803 0.009762688 0.137
v -0.005069353 0.0002918923 0.137
v 0.01487413 0.002342309 0.137
v -0.003103375 0.00151081 0.137
v 0.0113901 -0.01039355 0.137
v -0.01340961 -0.0005744 0.137
v -0.009018076 -9.77767e-05 0.137
v -0.007410454 -0.01136581 0.137
v -0.01272636 -0.003066937 0.137
v 0.007414461 0.006082233 0.137
v 0.01327191 -0.003359866 0.137
v 0.00100038 0.0036073 0.137
v -0.01170725 -0.007559893 0.137
v 0.01326018 -0.005588746 0.137
v -0.009380008 -0.01054382 0.137
v 0.00834132 -0.01072386 0.137
v 0.00684846 -0.01171962 0.137
v 0.0004978175 -0.0135401 0.137
v -0.006985596 -0.0009927836 0.137
v 0.01304205 0.00529685 0.137
v 0.01212342 0.007287238 0.137
v 0.005317195 0.00523338 0.137
v 0.009614799 -0.009678316 0.137
v -0.001612601 -0.0138473 0.137
v 0.0149939 0.0001782375 0.137
v 0.005129811 -0.01259693 0.137
v 0.01150844 -0.006972589 0.137
v -0.01097757 -0.001473756 0.137
v -0.005405556 -0.01207983 0.137
v -0.009741373 -0.00829266 0.137
v 0.01319253 -0.001105496 0.137
v 0.003145734 0.004463246 0.137
v -0.01218034 -0.005342478 0.137
v -0.007772136 -0.009087531 0.137
v 0.008914073 0.004873525 0.137
v -0.008843418 -0.002334207 0.137
v 0.0113664 -0.004592507 0.137
v 0.01298396 0.003321022 0.137
v 0.006776753 -0.00996548 0.137
v 0.01102709 0.004682751 0.137
v -0.005042325 -0.001887571 0.137
v -0.003426114 -0.01282206 0.137
v -0.01058118 -0.003780515 0.137
v 0.01087942 -0.0087428 0.137
v 0.00066 0.001481712 0.137
v 0.003304083 -0.01115216 0.137
v -0.01015645 -0.006047974 0.137
v 0.007929038 -0.008802168 0.137
v -0.005785493 -0.00987578 0.137
v 0.01133863 -0.002347549 0.137
v 0.009503486 -0.005708222 0.137
v -0.006836217 -0.003197661 0.137
v 0.0011524 -0.01155614 0.137
v -0.003189411 -0.0006562181 0.137
v 0.007077967 0.003680317 0.137
v -0.001382592 -0.01161987 0.137
v 0.01309296 0.001132145 0.137
v -0.001286398 0.0004726112 0.137
v 0.005156373 -0.01046267 0.137
v 0.002692019 0.002334474 0.137
v 0.009457326 -0.007737909 0.137
v -0.003170832 -0.002792784 0.137
v 0.00935227 0.003037642 0.137
v 0.009460217 -0.003517771 0.137
v -0.004902747 -0.004062326 0.137
v -0.003736303 -0.01066767 0.137
v -0.008168158 -0.006837338 0.137
v 0.01123078 0.002171924 0.137
v 0.007635547 -0.006824208 0.137
v 0.004792644 0.00303509 0.137
v -0.001377338 -0.001641508 0.137
v -0.008540558 -0.00458771 0.137
v -0.00619883 -0.007645687 0.137
v 0.01132001 -0.0001058332 0.137
v 0.0004393823 -0.0006072902 0.137
v 0.003740187 -0.008988787 0.137
v -0.0002239729 -0.00977763 0.137
v -0.002250747 -0.009236241 0.137
v 0.002265604 0.0003049658 0.137
v 0.00184455 -0.009626403 0.137
v 0.005820079 -0.008209063 0.137
v 0.007602712 -0.004660724 0.137
v -0.00134748 -0.003710368 0.137
v 0.007950525 0.001797141 0.137
v -0.006564684 -0.005419286 0.137
v 0.0003861849 -0.002652801 0.137
v 0.003994668 -0.006853947 0.137
v -0.004635978 -0.006244761 0.137
v -0.004234022 -0.008448993 0.137
v 0.005796046 -0.005820636 0.137
v 0.009479331 -0.001296776 0.137
v 0.006163577 0.001375864 0.137
v 0.000676296 -0.008280227 0.137
v -0.003028452 -0.004917911 0.137
v 0.009547969 0.0008896732 0.137
v 0.004236619 0.0009205357 0.137
v -0.0009584094 -0.007756183 0.137
v 0.002098452 -0.001711531 0.137
v 0.002226779 -0.007640825 0.137
v 0.00757751 -0.002397538 0.137
v 0.0004485689 -0.004636359 0.137
v 0.007690089 -0.000162185 0.137
v -0.001210395 -0.005740502 0.137
v -0.002753637 -0.007044469 0.137
v 0.003981201 -0.004725385 0.137
v 0.005755227 -0.003574426 0.137
v 0.003667283 -0.0008489375 0.137
v 0.002232292 -0.00566593 0.137
v 0.0005509146 -0.006551968 0.137
v 0.005632001 -0.001071363 0.137
v 0.002172944 -0.003677438 0.137
v 0.003915555 -0.002673563 0.137
v 0.02821804 0.0009172142 0.0
v 0.02796643 0.002782118 0.0
v 0.02765153 0.004682957 0.0
v 0.02723244 0.006600041 0.0
v 0.02668653 0.008505088 0.0
v 0.02600833 0.01040018 0.0
v 0.02519004 0.01232395 0.0
v 0.02418167 0.01450892 0.0
v 0.02278017 0.01651044 0.0
v 0.02149766 0.01814714 0.0
v 0.02013804 0.01960975 0.0
v 0.01868918 0.0209421 0.0
v 0.01715231 0.02217708 0.0
v 0.01551834 0.02332982 0.0
v 0.01375131 0.02443024 0.0
v 0.01168467 0.02563717 0.0
v 0.009398816 0.02646496 0.0
v 0.007419457 0.02710022 0.0
v 0.005464728 0.02756286 0.0
v 0.003490137 0.02785322 0.0
v 0.001479162 0.02799339 0.0
v -0.0006186526 0.02802336 0.0
v -0.003029826 0.0280122 0.0
v -0.005434676 0.02760026 0.0
v -0.007430222 0.02725778 0.0
v -0.009298309 0.02667545 0.0
v -0.01102717 0.02584504 0.0
v -0.01276675 0.02493931 0.0
v -0.01448944 0.02394083 0.0
v -0.01618113 0.02283855 0.0
v -0.01787028 0.02161596 0.0
v -0.01976057 0.02017136 0.0
v -0.02139257 0.01835762 0.0
v -0.02263596 0.01670123 0.0
v -0.02367942 0.01500799 0.0
v -0.02462355 0.01326422 0.0
v -0.02548238 0.01146161 0.0
v -0.02625972 0.009594044 0.0
v -0.02698033 0.007637776 0.0
v -0.02776851 0.005443233 0.0
v -0.02807668 0.003056344 0.0
v -0.02807243 0.001025179 0.0
v -0.02798892 -0.0009808332 0.0
v -0.02779373 -0.002974435 0.0
v -0.02748625 -0.004960099 0.0
v -0.02707149 -0.006946526 0.0
v -0.02656069 -0.00897043 0.0
v -0.02597331 -0.01122737 0.0
v -0.02488077 -0.01337253 0.0
v -0.02373143 -0.01504718 0.0
v -0.02252968 -0.01665463 0.0
v -0.02124148 -0.01818673 0.0
v -0.01986408 -0.0196475 0.0
v -0.01839631 -0.02104767 0.0
v -0.01682602 -0.02242432 0.0
v -0.01505823 -0.02394942 0.0
v -0.0129364 -0.02509233 0.0
v -0.0110338 -0.02581652 0.0
v -0.009126243 -0.02645982 0.0
v -0.00719066 -0.02699786 0.0
v -0.005223387 -0.02743304 0.0
v -0.003220554 -0.02777419 0.0
v -0.001157894 -0.02804746 0.0
v 0.001146898 -0.02832904 0.0
v 0.003536577 -0.02808434 0.0
v 0.00549157 -0.02757012 0.0
v 0.007417506 -0.02699086 0.0
v 0.009324716 -0.02632283 0.0
v 0.01120234 -0.02555031 0.0
v 0.0130545 -0.02467217 0.0
v 0.01491635 -0.02370762 0.0
v 0.01697825 -0.02266196 0.0
v 0.01883416 -0.02113272 0.0
v 0.02017038 -0.01962062 0.0
v 0.02142947 -0.0180684 0.0
v 0.02261481 -0.01645331 0.0
v 0.02371907 -0.01477197 0.0
v 0.02474719 -0.01302201 0.0
v 0.02573001 -0.01118263 0.0
v 0.02681176 -0.009117084 0.0
v 0.02745294 -0.006804318 0.0
v 0.02775014 -0.004816207 0.0
v 0.02800521 -0.002874465 0.0
v 0.02823119 -0.0009892923 0.0
v 0.02595608 0.003393372 0.0
v 0.02558802 0.005279438 0.0
v 0.02510228 0.007156245 0.0
v 0.02448205 0.009027666 0.0
v 0.02373633 0.01089089 0.0
v 0.02288753 0.0127806 0.0
v 0.02073336 0.01627991 0.0
v 0.01944694 0.01774969 0.0
v 0.01805237 0.01904201 0.0
v 0.01656927 0.0202462 0.0
v 0.0150026 0.02137792 0.0
v 0.01333736 0.02245089 0.0
v 0.01155772 0.02348 0.0
v 0.00780022 0.02506768 0.0
v 0.02190195 0.01459869 0.0
v 0.005922207 0.02562508 0.0
v 0.004003384 0.02595694 0.0
v 0.002051929 0.02608428 0.0
v 3.908391e-05 0.02610906 0.0
v -0.00206548 0.02607519 0.0
v -0.00419 0.02590695 0.0
v -0.007959258 0.02552974 0.0
v -0.01941198 0.01799536 0.0
v -0.009425331 0.024591 0.0
v -0.0111116 0.02366346 0.0
v -0.01283239 0.02267342 0.0
v -0.01452808 0.02160577 0.0
v -0.0161928 0.02045931 0.0
v -0.0178469 0.0192672 0.0
v -0.02070289 0.01645844 0.0
v -0.02644343 0.003921503 0.0
v -0.02164513 0.0147868 0.0
v -0.02253782 0.0130617 0.0
v -0.02338989 0.01127845 0.0
v -0.02418774 0.009434924 0.0
v -0.02494054 0.007534899 0.0
v -0.02568861 0.005613186 0.0
v -0.02626271 0.002074316 0.0
v -0.02402227 -0.0117363 0.0
v -0.02615776 6.451013e-05 0.0
v -0.02595079 -0.001928002 0.0
v -0.02565181 -0.003912758 0.0
v -0.02526511 -0.005898953 0.0
v -0.02481191 -0.007898101 0.0
v -0.02434846 -0.009910572 0.0
v -0.02283675 -0.01316238 0.0
v -0.01315747 -0.02325052 0.0
v -0.02161957 -0.01476326 0.0
v -0.02032498 -0.01628697 0.0
v -0.01895687 -0.01774863 0.0
v -0.01751366 -0.01916093 0.0
v -0.01600345 -0.02054596 0.0
v -0.01447138 -0.02193635 0.0
v -0.01135712 -0.02373949 0.0
v 0.002314562 -0.02678384 0.0
v -0.009430637 -0.02436224 0.0
v -0.007482538 -0.02488866 0.0
v -0.005508584 -0.0253373 0.0
v -0.003502716 -0.02571463 0.0
v -0.001470907 -0.02604703 0.0
v 0.0005364824 -0.02640494 0.0
v 0.004019029 -0.02613051 0.0
v 0.0171057 -0.02070178 0.0
v 0.005912817 -0.02546691 0.0
v 0.007843986 -0.02477006 0.0
v 0.009750026 -0.02399068 0.0
v 0.01163128 -0.02312509 0.0
v 0.01350754 -0.02216725 0.0
v 0.01538155 -0.02129978 0.0
v 0.01818491 -0.01923381 0.0
v 0.02573451 -0.007454323 0.0
v 0.009685571 0.0243556 0.0
v 0.01937695 -0.01765248 0.0
v 0.02054788 -0.01601702 0.0
v 0.02165994 -0.01433038 0.0
v 0.02271182 -0.01259555 0.0
v 0.02372757 -0.010816 0.0
v 0.02474469 -0.009020458 0.0
v 0.02583763 -0.005616404 0.0
v 0.02606625 -0.003644408 0.0
v -0.00621246 0.02563697 0.0
v 0.02626456 0.00155507 0.0
v 0.02629471 -0.001737065 0.0
v 0.02357084 0.005803562 0.0
v 0.02301371 0.007632161 0.0
v 0.0223253 0.009421176 0.0
v 0.02153204 0.01119585 0.0
v 0.006291682 0.02374675 0.0
v 0.02429524 0.001971561 0.0
v 0.01744197 0.01721418 0.0
v 0.01603462 0.01834603 0.0
v 0.01455578 0.0194334 0.0
v 0.01298671 0.02047277 0.0
v 0.01134211 0.02143179 0.0
v 0.01733451 -0.01740041 0.0
v -0.01902555 0.01621739 0.0
v 0.004508112 0.02418987 0.0
v 0.002672644 0.02426106 0.0
v 0.0007602665 0.02424635 0.0
v -0.001221363 0.02418441 0.0
v -0.003237922 0.02407267 0.0
v 0.02670381 -8.068206e-05 0.0
v -0.009379893 0.02250027 0.0
v -0.01113978 0.02148725 0.0
v -0.01285466 0.02043287 0.0
v -0.01450545 0.01931586 0.0
v -0.01969122 0.01465786 0.0
v -0.02448429 0.003455044 0.0
v -0.0204857 0.01295656 0.0
v -0.02132165 0.01119351 0.0
v -0.02212519 0.00936352 0.0
v -0.02288774 0.007482624 0.0
v -0.02445095 0.001160571 0.0
v -0.0221478 -0.01101934 0.0
v -0.02419939 -0.0008326514 0.0
v -0.02389945 -0.002802347 0.0
v -0.02351726 -0.004784697 0.0
v -0.02307541 -0.006775739 0.0
v -0.02083976 -0.0129035 0.0
v -0.01201432 -0.02157171 0.0
v -0.0195129 -0.01440273 0.0
v -0.01815624 -0.01584496 0.0
v -0.01672293 -0.01725004 0.0
v -0.01523204 -0.01862929 0.0
v -0.009834486 -0.02235975 0.0
v 0.002300309 -0.02497572 0.0
v 0.02398806 0.003923892 0.0
v -0.007857294 -0.02283762 0.0
v -0.005878362 -0.02328272 0.0
v -0.003857455 -0.02367744 0.0
v -0.00179654 -0.02402769 0.0
v 0.004259854 -0.02409491 0.0
v 0.01615126 -0.01915662 0.0
v 0.006292627 -0.02335316 0.0
v 0.008236329 -0.02254253 0.0
v 0.01013778 -0.02167089 0.0
v 0.0120241 -0.02074761 0.0
v 0.02390754 -0.006752208 0.0
v 0.01850522 -0.01571049 0.0
v 0.01961961 -0.01399125 0.0
v 0.02067154 -0.01225112 0.0
v 0.02169704 -0.01048578 0.0
v 0.02422451 -0.004471873 0.0
v 0.00794671 0.02303838 0.0
v -0.007465113 0.02364147 0.0
v 0.01988378 0.01454144 0.0
v -0.01761996 0.01710285 0.0
v 0.02465356 -0.0002008957 0.0
v -0.01609675 0.01817019 0.0
v -0.02363789 0.005539016 0.0
v 0.02070221 0.01291125 0.0
v -0.02260556 -0.008810403 0.0
v 0.01878506 0.0160156 0.0
v -0.01367664 -0.02002777 0.0
v 0.0003040083 -0.02438936 0.0
v 0.02433036 -0.002430041 0.0
v 0.01401677 -0.01944537 0.0
v 0.009640059 0.02228181 0.0
v 0.0227398 -0.008685316 0.0
v -0.005248327 0.02395153 0.0
v -0.00944254 0.02033497 0.0
v 0.02096596 0.007963129 0.0
v 0.02019737 0.009671075 0.0
v 0.004976846 0.02262911 0.0
v 0.02252898 0.0006130529 0.0
v 0.01414699 0.01750144 0.0
v 0.01266854 0.01851568 0.0
v 0.01113389 0.01944741 0.0
v 0.004701818 -0.0220685 0.0
v 0.01817855 0.01448429 0.0
v 0.003363438 0.0225392 0.0
v 0.001549175 0.02245891 0.0
v -0.0003705311 0.02235456 0.0
v -0.002342745 0.02223464 0.0
v -0.01117058 0.01931533 0.0
v -0.01282994 0.01821812 0.0
v -0.01773349 0.01496667 0.0
v -0.01926831 0.01121131 0.0
v -0.02007103 0.009391442 0.0
v -0.02083497 0.007540393 0.0
v -0.02289063 0.002101608 0.0
v 0.01693025 0.01540733 0.0
v -0.02222188 -0.001645706 0.0
v -0.02184242 -0.003594266 0.0
v -0.02139417 -0.005561236 0.0
v -0.02009369 -0.01125607 0.0
v -0.01744671 -0.0139505 0.0
v -0.01603598 -0.01531479 0.0
v -0.01457206 -0.01665935 0.0
v -0.01015024 -0.02054981 0.0
v -0.00632679 -0.02125884 0.0
v -0.004310618 -0.02166524 0.0
v -0.002243688 -0.02202745 0.0
v 0.002324041 -0.02276745 0.0
v 0.01649198 -0.01551401 0.0
v 0.006651493 -0.02121527 0.0
v 0.008575381 -0.02030918 0.0
v 0.01043481 -0.0193704 0.0
v 0.01760449 -0.01376357 0.0
v 0.01862674 -0.01200817 0.0
v 0.01963632 -0.01024617 0.0
v 0.02260492 -0.005245212 0.0
v -0.008298601 -0.02082275 0.0
v -0.0225132 0.0003016114 0.0
v -0.01839805 0.01304294 0.0
v -0.0187809 -0.01253172 0.0
v -0.006122004 0.02221722 0.0
v 0.02159681 0.006244913 0.0
v 0.02246004 -0.001406657 0.0
v 0.006290245 0.02175958 0.0
v -0.02091785 -0.007538341 0.0
v 0.01528362 -0.01728695 0.0
v -0.01442773 0.01703571 0.0
v 0.01556535 0.01644893 0.0
v -0.02155195 0.005646728 0.0
v -0.02046894 -0.009496981 0.0
v 0.0193316 0.0113361 0.0
v -0.01306011 -0.01800075 0.0
v 0.01863392 0.01295458 0.0
v -0.02224172 0.003772904 0.0
v -8.827718e-05 -0.02236606 0.0
v 0.0224054 -0.003419485 0.0
v 0.01217559 -0.01864722 0.0
v 0.009505329 0.020273 0.0
v -0.007700127 0.02130783 0.0
v 0.02065541 -0.008484835 0.0
v -0.004324552 0.02212495 0.0
v 0.02208036 0.004452636 0.0
v 0.02237375 0.002581771 0.0
v 0.01962912 0.006520374 0.0
v 0.007840634 0.02099621 0.0
v -0.01601941 0.01585794 0.0
v -0.007718186 0.01917855 0.0
v 0.01094868 0.01751099 0.0
v 0.01451851 -0.015339 0.0
v -0.01152932 -0.01932908 0.0
v 0.002497019 0.02077311 0.0
v 0.0005637936 0.02060486 0.0
v -0.001401677 0.02044715 0.0
v -0.02024168 -0.002356632 0.0
v 0.01675873 0.01348702 0.0
v -0.01804234 0.009471481 0.0
v -0.009469437 0.01822015 0.0
v -0.01113961 0.01720571 0.0
v -0.01878744 0.007650574 0.0
v -0.0197824 -0.004285555 0.0
v 0.02169716 -0.006785171 0.0
v -0.01400296 -0.01466801 0.0
v -0.004832696 -0.01967497 0.0
v -0.002791348 -0.02004767 0.0
v 0.005026196 -0.01996753 0.0
v 0.006954324 -0.01907784 0.0
v 0.008882827 -0.01804005 0.0
v 0.01564964 -0.0136301 0.0
v 0.004428582 0.02098859 0.0
v 0.01657881 -0.01187934 0.0
v 0.01756074 -0.01009814 0.0
v 0.01524552 0.01449584 0.0
v 0.01898611 0.00813817 0.0
v 0.01381179 0.01554297 0.0
v 0.01327004 -0.01700444 0.0
v -0.009145759 -0.01868901 0.0
v 0.01095017 -0.01681375 0.0
v -0.0168767 -0.01205925 0.0
v -0.005692631 0.02016837 0.0
v -0.01928077 -0.006236809 0.0
v -0.01095998 -0.0172975 0.0
v -0.0195337 0.00583666 0.0
v -0.01273411 0.01603975 0.0
v 0.02080406 -0.004842118 0.0
v -0.02064342 -0.0004114422 0.0
v -0.02082796 0.00184127 0.0
v -0.01828969 -0.01036093 0.0
v -0.000714571 -0.0203839 0.0
v -0.01610456 0.01336475 0.0
v -0.01251805 -0.01597672 0.0
v 0.01807555 0.009767676 0.0
v -0.00688117 -0.01924876 0.0
v 0.003314947 -0.02084761 0.0
v -0.01545544 -0.01336641 0.0
v 0.01857566 -0.00831686 0.0
v 0.009418696 0.01835209 0.0
v 0.0202436 0.004911039 0.0
v -0.003428255 0.0203074 0.0
v 0.01239788 0.01655566 0.0
v 0.02060572 -0.0005401768 0.0
v 0.02060826 0.001363314 0.0
v -0.00614058 0.01791565 0.0
v 0.01691611 0.01141241 0.0
v 0.01209178 0.01461232 0.0
v -0.01352673 -0.01264785 0.0
v -0.0003437461 0.01872487 0.0
v 0.02024638 -0.002748282 0.0
v -0.01430043 0.01469409 0.0
v 0.001412494 -0.02066204 0.0
v -0.009452165 0.01616949 0.0
v 0.005237943 -0.01793646 0.0
v -0.01675346 0.007767305 0.0
v -0.01725726 0.01132355 0.0
v -0.01824518 -0.002969075 0.0
v -0.01879557 -0.008216548 0.0
v -0.007832398 0.01704768 0.0
v 0.01073268 0.01557877 0.0
v 0.0196463 -0.006562693 0.0
v -0.003347497 -0.01808878 0.0
v -0.01633168 -0.01038747 0.0
v 0.02058424 0.003157482 0.0
v 0.003067657 -0.01885638 0.0
v 0.007150203 -0.01702061 0.0
v 0.01385542 -0.01358993 0.0
v 0.01545321 -0.01007047 0.0
v 0.01505871 0.01249412 0.0
v -0.01494764 -0.01143889 0.0
v 0.0176615 0.00660583 0.0
v 0.01451573 -0.01186474 0.0
v -0.02015383 0.00389565 0.0
v 0.01352447 0.01358073 0.0
v -0.01543021 0.01131063 0.0
v 0.005812869 0.01960486 0.0
v -0.004264885 0.01841163 0.0
v -0.01771709 -0.004881026 0.0
v 0.01874545 -0.004658027 0.0
v 0.007755407 0.01904054 0.0
v 0.01721895 0.008166949 0.0
v 0.008932647 -0.01575112 0.0
v -0.01747223 0.005961132 0.0
v -0.01102961 0.01523072 0.0
v -0.00535216 -0.01771121 0.0
v 0.01887626 -0.001387343 0.0
v -0.01916642 0.0006611455 0.0
v -0.01872525 -0.00109572 0.0
v -0.01206621 -0.01392251 0.0
v -0.001323755 -0.01842944 0.0
v -0.01674873 -0.008700722 0.0
v 0.01869061 0.0003334226 0.0
v 0.003577168 0.01921824 0.0
v 0.001604518 0.01895153 0.0
v 0.01833014 0.005069378 0.0
v 0.01647226 -0.00824973 0.0
v 0.00939125 0.01649219 0.0
v 0.01247572 -0.01491669 0.0
v -0.002304189 0.01854511 0.0
v -0.0137274 0.01221806 0.0
v -0.01606777 0.009591077 0.0
v -0.009086132 -0.01641855 0.0
v -0.01826141 0.002406112 0.0
v 0.01468428 0.01049897 0.0
v 0.01755418 -0.006451059 0.0
v -0.01718803 -0.006803494 0.0
v 0.01781266 -0.002905008 0.0
v -0.01410928 0.00992333 0.0
v 0.0007270067 -0.01876207 0.0
v -0.0147356 0.007995252 0.0
v -0.007295191 -0.01728362 0.0
v -0.0105951 -0.01518559 0.0
v -0.01247411 0.01393261 0.0
v 0.01600784 0.009279566 0.0
v 0.01038832 0.01368343 0.0
v 0.002648621 0.0173706 0.0
v 0.005514717 -0.01594622 0.0
v -0.01830236 0.004362814 0.0
v 0.0007548931 0.01706693 0.0
v -0.007508347 -0.0154758 0.0
v 0.004498837 0.01770136 0.0
v -0.004801167 0.01665785 0.0
v 0.007900143 0.01719178 0.0
v -0.01623919 -0.0034984 0.0
v 0.007162998 -0.01513758 0.0
v -0.01541661 0.006074413 0.0
v -0.009393016 0.0142257 0.0
v 0.0132032 0.01163971 0.0
v -0.006232709 0.01578922 0.0
v -0.01167376 -0.01186642 0.0
v -0.005819679 -0.01575413 0.0
v -0.00188495 -0.0164914 0.0
v -0.01734613 0.0003454079 0.0
v -0.003897322 -0.01615444 0.0
v 0.0165898 -0.004622974 0.0
v 0.01904262 0.003711457 0.0
v 0.01701806 -0.001020135 0.0
v -0.007823237 0.01499187 0.0
v 0.01048703 -0.01423265 0.0
v 0.01878546 0.002106604 0.0
v 0.003656093 -0.0166899 0.0
v 0.01640061 0.00496402 0.0
v 0.01433784 -0.008279501 0.0
v 0.0122347 -0.01241044 0.0
v -0.0147806 -0.00939383 0.0
v 0.009099499 0.01462049 0.0
v -0.001177247 0.01681239 0.0
v -0.01316191 -0.01055266 0.0
v 0.01327895 -0.01020436 0.0
v 0.01556455 0.006926572 0.0
v -0.00875165 -0.01431662 0.0
v -0.01680448 -0.00158434 0.0
v 0.01542686 -0.006428105 0.0
v -0.00309644 0.01663113 0.0
v -0.0148912 -0.002088089 0.0
v 0.01177433 0.0126954 0.0
v -0.01274064 0.008318884 0.0
v 0.00630558 0.01764699 0.0
v 0.0001046944 -0.01679647 0.0
v -0.01507104 -0.007383769 0.0
v 0.003689352 0.01583032 0.0
v 0.001902097 -0.01724392 0.0
v 0.01569132 -0.002766672 0.0
v -0.01019045 -0.0131162 0.0
v -0.0121975 0.01025694 0.0
v 0.01733756 0.003301084 0.0
v 0.01280109 0.009686813 0.0
v -0.01599654 0.001769061 0.0
v 0.001887287 0.01547316 0.0
v 0.01141931 0.01082773 0.0
v -0.01539923 -0.0001897819 0.0
v 0.0100003 0.01184271 0.0
v -0.01562639 -0.005417256 0.0
v 0.005791285 -0.01387931 0.0
v -0.013336 0.006404561 0.0
v 0.01009319 -0.0121464 0.0
v -0.006601411 -0.01366259 0.0
v -0.01133141 -0.009852383 0.0
v 0.01444888 -0.004578453 0.0
v -0.004226319 0.01467131 0.0
v -0.0108323 0.01353219 0.0
v 0.01413061 0.008394927 0.0
v -0.009801828 -0.01109526 0.0
v 0.01659157 0.001128803 0.0
v -0.002440037 -0.01461743 0.0
v -0.01625106 0.003994131 0.0
v 0.01539777 0.002959027 0.0
v 0.008622761 0.01282262 0.0
v 0.008181845 -0.01330209 0.0
v 0.0144384 0.004735864 0.0
v -0.01289847 -0.008187626 0.0
v 0.01218839 -0.008345192 0.0
v -1.090264e-05 0.01514277 0.0
v -0.01418053 -0.003981263 0.0
v 0.004068701 -0.01485202 0.0
v -0.007922794 0.01297651 0.0
v 0.008037282 0.01557534 0.0
v -0.009640277 0.01231513 0.0
v -0.0003517012 -0.01484684 0.0
v 0.01107431 -0.01030556 0.0
v 0.01329412 -0.006437955 0.0
v -0.008272487 -0.01231919 0.0
v 0.009672158 0.01006225 0.0
v -0.006171836 0.01375594 0.0
v 0.005238135 0.01625166 0.0
v -0.01075645 0.008669396 0.0
v -0.01157691 0.01204192 0.0
v -0.0145047 0.002842405 0.0
v 0.01492889 -0.0008415095 0.0
v 0.006623744 0.015773 0.0
v -0.004469349 -0.01424031 0.0
v -0.01345066 -0.005899309 0.0
v -0.01090274 -0.008085805 0.0
v -0.002010999 0.01486257 0.0
v -0.01394728 0.004529215 0.0
v 0.001955594 -0.01514323 0.0
v 0.01339845 0.00634306 0.0
v 0.003648284 -0.01285433 0.0
v 0.003118764 0.01396411 0.0
v 0.01103789 0.009007855 0.0
v 0.006201299 -0.01181453 0.0
v -0.006433231 0.01167337 0.0
v -0.002663463 0.01287141 0.0
v 0.005113508 0.0144463 0.0
v 0.001257454 0.0135389 0.0
v -0.01019186 0.01052485 0.0
v 0.01354599 -0.002683904 0.0
v -0.01345038 -0.0007772707 0.0
v -0.01392648 0.001111733 0.0
v -0.01130494 0.006750824 0.0
v 0.01001801 -0.00839321 0.0
v -0.006463624 -0.01137639 0.0
v 0.01419097 0.001030275 0.0
v -0.004591915 0.01242819 0.0
v 0.008229118 0.01088988 0.0
v 0.01221509 0.007738441 0.0
v -0.01310833 -0.002528861 0.0
v -0.01134127 -0.006290635 0.0
v -0.009456244 -0.009110221 0.0
v 0.008539607 -0.01053847 0.0
v 0.0124561 0.004449418 0.0
v 0.00719971 0.01396949 0.0
v -0.002987986 -0.01285435 0.0
v -0.008222187 0.01095947 0.0
v -0.004865528 -0.01234023 0.0
v -0.001015168 -0.01297022 0.0
v 0.01117279 -0.006447221 0.0
v 0.01339444 0.002807123 0.0
v 0.01273456 -0.0007749557 0.0
v -0.007967758 -0.01022983 0.0
v 0.001139181 -0.01303766 0.0
v 0.01230813 -0.004540127 0.0
v 0.004237124 0.0125386 0.0
v -0.01175663 -0.004050073 0.0
v -0.0006745253 0.01319272 0.0
v 0.007941561 -0.008200947 0.0
v 0.006329944 -0.009651067 0.0
v 0.009465256 0.008476129 0.0
v 0.007944964 0.009002751 0.0
v -0.003469064 -0.01128797 0.0
v 0.01201681 0.001086861 0.0
v 0.01135314 -0.00257516 0.0
v 0.002558145 0.01197728 0.0
v -0.009313666 0.007154374 0.0
v -0.001241981 0.01121618 0.0
v 0.005810051 0.01289662 0.0
v -0.009364488 -0.007067906 0.0
v 0.01138366 0.005862952 0.0
v -0.01243967 0.0026831 0.0
v 0.002214187 -0.01105569 0.0
v -0.01195255 0.000404475 0.0
v -0.003182617 0.01081919 0.0
v -0.006186065 -0.009268289 0.0
v 0.01042015 0.00404018 0.0
v -0.004972313 0.01054104 0.0
v -0.006542904 0.009374799 0.0
v -0.008767113 0.009081685 0.0
v -0.01186461 0.004806753 0.0
v 0.0043761 -0.01061072 0.0
v -0.001794023 -0.0112223 0.0
v -0.004765103 -0.01034443 0.0
v -0.01147178 -0.001652038 0.0
v 0.009098122 -0.006409449 0.0
v 0.006137489 -0.0077595 0.0
v 0.007005535 0.01190634 0.0
v 0.000706772 0.01156535 0.0
v 0.006163672 0.009774358 0.0
v 0.01158474 0.002804031 0.0
v -0.01064693 0.001574525 0.0
v -0.007720459 -0.008139347 0.0
v 0.0001542753 -0.01110416 0.0
v 0.009354161 0.005552535 0.0
v 0.002982936 -0.009316737 0.0
v 0.01035283 0.007221789 0.0
v -0.009532778 -0.004986263 0.0
v 0.0105268 -0.0005065896 0.0
v 0.004557534 -0.008502155 0.0
v 0.01018478 -0.004490991 0.0
v 0.009763498 0.001809983 0.0
v -0.009629496 -0.000329322 0.0
v 0.0002064686 0.009605904 0.0
v -0.009777327 0.005252757 0.0
v -0.002933456 -0.00967395 0.0
v 0.009073416 -0.002405995 0.0
v -0.007595036 -0.006040552 0.0
v -0.001826256 0.00925518 0.0
v -0.005873555 -0.007193779 0.0
v 0.001065534 -0.008915839 0.0
v -0.004062221 0.008664721 0.0
v 0.004030081 0.01047228 0.0
v -0.007551918 0.007679765 0.0
v 0.008408915 0.007151772 0.0
v 0.008375445 0.003716895 0.0
v -0.004339445 -0.008405448 0.0
v 0.007044131 -0.006234465 0.0
v -0.007515311 0.005705836 0.0
v 0.005433889 0.01139641 0.0
v 0.002193256 0.009910598 0.0
v -0.01033099 0.003354487 0.0
v 0.008421165 -5.352917e-05 0.0
v -0.009577485 -0.002769955 0.0
v -0.007570723 -0.0039076 0.0
v -0.005669591 -0.005080815 0.0
v 0.006419068 0.007564368 0.0
v -0.005751028 0.007152823 0.0
v 0.007274669 0.005547932 0.0
v -0.001034914 -0.009406669 0.0
v 0.008148436 -0.00456537 0.0
v -0.00837565 0.003737943 0.0
v 0.004066524 0.008156694 0.0
v -0.008858655 0.001812216 0.0
v 0.007162047 -0.003078688 0.0
v 0.004726324 -0.006236471 0.0
v -0.00240502 -0.007810254 0.0
v -0.0038884 0.006380054 0.0
v -0.0003223564 0.007756726 0.0
v -0.002250725 0.007377703 0.0
v 0.001695397 0.007866283 0.0
v 0.007341745 0.001848842 0.0
v -0.003884741 -0.006351358 0.0
v 0.002794564 -0.007427256 0.0
v 0.006028253 -0.004453008 0.0
v -0.007565494 -0.001741084 0.0
v 0.005101297 0.005782506 0.0
v -0.00656704 0.003937426 0.0
v -0.00526244 0.005084039 0.0
v -0.0005714903 -0.007620302 0.0
v -0.005562059 -0.00290271 0.0
v 0.007248748 -0.001471436 0.0
v 0.006165876 0.003752911 0.0
v 0.005371084 -0.002147398 0.0
v 0.006205797 3.891769e-05 0.0
v -0.00742901 0.0003314304 0.0
v -0.006981534 0.002268083 0.0
v 0.0008075527 0.005897787 0.0
v -0.000902623 0.00614752 0.0
v 0.004100201 -0.003981328 0.0
v -0.001562052 -0.005688245 0.0
v -0.003673235 -0.004190217 0.0
v -0.003305842 0.004252197 0.0
v 0.0008586424 -0.006478664 0.0
v 0.002894485 0.005890696 0.0
v -0.002293703 0.005597147 0.0
v -0.004810016 0.002805205 0.0
v -0.005570924 -0.0007874379 0.0
v 0.003246512 -0.001976095 0.0
v 0.002562335 -0.005388035 0.0
v 0.003919523 0.003823125 0.0
v 0.005071319 0.001869775 0.0
v 0.002315562 -0.003572265 0.0
v -0.001790971 -0.003437843 0.0
v 0.001602575 0.00383702 0.0
v -0.003517318 -0.001711264 0.0
v -0.0008543895 0.004120596 0.0
v -0.005696775 0.001056525 0.0
v 0.00410109 -9.253061e-05 0.0
v -0.00241643 0.002300535 0.0
v 0.0004380184 -0.004254118 0.0
v 0.0001643525 0.001679208 0.0
v 0.001309715 -0.002129086 0.0
v 0.002779912 0.001828175 0.0
v -0.0003180275 -0.002459714 0.0
v -0.001919797 0.0002310223 0.0
v -0.00389768 0.0006461184 0.0
v -4.142215e-05 -0.0006366562 0.0
v 0.001944842 -0.0001782424 0.0
v -0.001617767 -0.001563575 0.0
v -0.01581559 0.03328698 0.142
v -0.0154784 0.03509204 0.142
v -0.01581559 0.03328698 0.1403864
v -0.01460241 0.03655194 0.142
v -0.01322359 0.03766893 0.142
v -0.01163526 0.03821934 0.142
v -0.009832731 0.03818942 0.142
v -0.008251664 0.03757956 0.142
v -0.006943521 0.03645037 0.142
v -0.006119092 0.03500246 0.142
v -0.005816511 0.03319127 0.142
v -0.006121903 0.03156383 0.142
v -0.005955792 0.03211126 0.1403637
v -0.006952018 0.03011321 0.142
v -0.008305088 0.02896293 0.142
v -0.009927439 0.02836649 0.142
v -0.01167097 0.02836069 0.142
v -0.01330041 0.02894812 0.142
v -0.01469005 0.03012651 0.142
v -0.01554141 0.03165399 0.142
v -0.01581559 0.03328698 0.1386016
v -0.01558066 0.03480162 0.1395504
v -0.01214309 0.03810753 0.1385588
v -0.01067012 0.03828486 0.1382503
v -0.0077763 0.0372572 0.1386247
v -0.00736597 0.03690638 0.140336
v -0.009098364 0.02859112 0.1407433
f 1 2 3
f 2 4 5
f 6 7 8
f 9 10 11
f 12 13 14
f 15 16 17
f 18 19 20
f 21 22 23
f 24 25 26
f 27 28 29
f 30 31 32
f 33 34 35
f 36 37 38
f 39 40 41
f 42 43 44
f 45 46 47
f 48 49 50
f 51 52 53
f 54 55 56
f 57 58 59
f 60 61 62
f 63 64 65
f 66 67 68
f 69 70 71
f 72 73 74
f 75 76 77
f 78 79 80
f 81 82 83
f 84 85 86
f 87 88 89
f 90 91 92
f 93 94 95
f 1 96 2
f 96 97 98
f 99 100 101
f 102 103 104
f 105 106 107
f 108 109 110
f 111 112 113
f 114 115 116
f 117 118 119
f 120 121 122
f 123 124 125
f 126 127 128
f 129 130 131
f 132 133 134
f 135 136 137
f 138 139 140
f 141 142 143
f 144 145 146
f 147 148 149
f 150 151 152
f 153 154 155
f 156 157 158
f 159 160 161
f 162 163 164
f 165 166 167
f 168 169 170
f 171 172 173
f 174 175 176
f 177 178 179
f 180 181 182
f 183 184 185
f 186 187 188
f 189 190 191
f 192 193 194
f 195 196 197
f 198 199 200
f 201 202 203
f 204 205 206
f 207 208 209
f 210 211 212
f 213 214 215
f 216 217 218
f 219 220 221
f 222 223 224
f 225 226 227
f 228 229 230
f 231 232 233
f 234 235 236
f 237 238 239
f 240 241 242
f 243 244 245
f 246 247 248
f 249 250 251
f 252 253 254
f 255 256 257
f 258 259 260
f 261 262 263
f 264 265 266
f 267 268 269
f 270 271 272
f 273 274 275
f 276 277 278
f 279 280 281
f 282 283 284
f 285 286 287
f 288 289 290
f 291 94 93
f 292 291 293
f 294 292 295
f 292 293 295
f 296 294 297
f 294 295 297
f 298 296 299
f 296 297 299
f 300 298 301
f 298 299 301
f 302 300 303
f 300 301 303
f 304 302 305
f 302 303 305
f 306 304 307
f 304 305 307
f 308 306 309
f 306 307 309
f 310 308 311
f 308 309 311
f 312 310 313
f 310 311 313
f 314 312 315
f 312 313 315
f 316 314 317
f 314 315 317
f 318 316 319
f 316 317 319
f 320 318 321
f 318 319 321
f 322 320 323
f 320 321 323
f 324 322 325
f 322 323 325
f 326 324 327
f 324 325 327
f 328 326 329
f 326 327 329
f 330 328 331
f 328 329 331
f 332 330 333
f 330 331 333
f 334 332 335
f 332 333 335
f 336 334 337
f 334 335 337
f 338 336 339
f 336 337 339
f 340 338 341
f 338 339 341
f 342 340 343
f 340 341 343
f 344 342 345
f 342 343 345
f 346 344 347
f 344 345 347
f 348 346 349
f 346 347 349
f 350 348 351
f 348 349 351
f 352 350 353
f 350 351 353
f 354 352 355
f 352 353 355
f 356 354 357
f 354 355 357
f 358 356 359
f 356 357 359
f 360 358 361
f 358 359 361
f 362 360 363
f 360 361 363
f 364 362 365
f 362 363 365
f 366 364 367
f 364 365 367
f 368 366 369
f 366 367 369
f 370 368 371
f 368 369 371
f 372 370 373
f 370 371 373
f 374 372 375
f 372 373 375
f 376 374 377
f 374 375 377
f 378 376 379
f 376 377 379
f 380 378 381
f 378 379 381
f 382 380 383
f 380 381 383
f 384 382 385
f 382 383 385
f 386 384 387
f 384 385 387
f 388 386 389
f 386 387 389
f 390 388 391
f 388 389 391
f 392 390 393
f 390 391 393
f 394 392 395
f 392 393 395
f 396 394 397
f 394 395 397
f 398 396 399
f 396 397 399
f 400 398 401
f 398 399 401
f 402 400 403
f 400 401 403
f 404 402 405
f 402 403 405
f 406 404 407
f 404 405 407
f 408 406 409
f 406 407 409
f 410 408 411
f 408 409 411
f 412 410 413
f 410 411 413
f 414 412 415
f 412 413 415
f 416 414 417
f 414 415 417
f 418 416 419
f 416 417 419
f 420 418 421
f 418 419 421
f 422 420 423
f 420 421 423
f 424 422 425
f 422 423 425
f 426 424 427
f 424 425 427
f 428 426 429
f 426 427 429
f 430 428 431
f 428 429 431
f 432 430 433
f 430 431 433
f 434 432 435
f 432 433 435
f 436 434 437
f 434 435 437
f 438 436 439
f 436 437 439
f 440 438 441
f 438 439 441
f 442 440 443
f 440 441 443
f 444 442 445
f 442 443 445
f 446 444 447
f 444 445 447
f 448 446 449
f 446 447 449
f 450 448 451
f 448 449 451
f 452 450 453
f 450 451 453
f 454 452 455
f 452 453 455
f 456 454 457
f 454 455 457
f 458 456 459
f 456 457 459
f 460 458 461
f 458 459 461
f 462 460 463
f 460 461 463
f 464 462 465
f 462 463 465
f 466 464 467
f 464 465 467
f 468 466 469
f 466 467 469
f 470 468 471
f 468 469 471
f 472 470 473
f 470 471 473
f 474 472 475
f 472 473 475
f 476 474 477
f 474 475 477
f 478 476 479
f 476 477 479
f 480 478 481
f 478 479 481
f 482 480 483
f 480 481 483
f 484 482 485
f 482 483 485
f 486 484 487
f 484 485 487
f 488 486 489
f 486 487 489
f 490 488 491
f 488 489 491
f 492 490 493
f 490 491 493
f 494 492 495
f 492 493 495
f 496 494 497
f 494 495 497
f 498 496 499
f 496 497 499
f 500 498 501
f 498 499 501
f 502 500 503
f 500 501 503
f 504 502 505
f 502 503 505
f 506 504 507
f 504 505 507
f 508 506 509
f 506 507 509
f 510 508 511
f 508 509 511
f 512 510 513
f 510 511 513
f 514 512 515
f 512 513 515
f 516 514 517
f 514 515 517
f 518 516 519
f 516 517 519
f 520 518 521
f 518 519 521
f 522 520 523
f 520 521 523
f 524 522 525
f 522 523 525
f 526 524 527
f 524 525 527
f 528 526 529
f 526 527 529
f 530 528 531
f 528 529 531
f 532 530 533
f 530 531 533
f 534 532 535
f 532 533 535
f 536 534 537
f 534 535 537
f 538 536 539
f 536 537 539
f 540 538 541
f 538 539 541
f 542 540 543
f 540 541 543
f 544 542 545
f 542 543 545
f 546 544 547
f 544 545 547
f 548 546 549
f 546 547 549
f 95 548 550
f 548 549 550
f 2 96 98
f 4 2 551
f 2 98 551
f 6 4 552
f 4 551 552
f 7 6 553
f 6 552 553
f 9 7 554
f 7 553 554
f 10 9 555
f 9 554 555
f 12 10 556
f 10 555 556
f 13 12 557
f 12 556 557
f 15 13 558
f 13 557 558
f 16 15 559
f 15 558 559
f 18 16 560
f 16 559 560
f 19 18 561
f 18 560 561
f 21 19 562
f 19 561 562
f 22 21 563
f 21 562 563
f 24 22 564
f 22 563 564
f 25 24 565
f 24 564 565
f 27 25 566
f 25 565 566
f 28 27 567
f 27 566 567
f 30 28 568
f 28 567 568
f 31 30 569
f 30 568 569
f 33 31 570
f 31 569 570
f 34 33 571
f 33 570 571
f 36 34 572
f 34 571 572
f 37 36 573
f 36 572 573
f 39 37 574
f 37 573 574
f 40 39 575
f 39 574 575
f 42 40 576
f 40 575 576
f 43 42 577
f 42 576 577
f 45 43 578
f 43 577 578
f 46 45 579
f 45 578 579
f 48 46 580
f 46 579 580
f 49 48 581
f 48 580 581
f 51 49 582
f 49 581 582
f 52 51 583
f 51 582 583
f 54 52 584
f 52 583 584
f 55 54 585
f 54 584 585
f 57 55 586
f 55 585 586
f 58 57 587
f 57 586 587
f 60 58 588
f 58 587 588
f 61 60 589
f 60 588 589
f 63 61 590
f 61 589 590
f 64 63 591
f 63 590 591
f 66 64 592
f 64 591 592
f 67 66 593
f 66 592 593
f 69 67 594
f 67 593 594
f 70 69 595
f 69 594 595
f 72 70 596
f 70 595 596
f 73 72 597
f 72 596 597
f 75 73 598
f 73 597 598
f 76 75 599
f 75 598 599
f 78 76 600
f 76 599 600
f 79 78 601
f 78 600 601
f 81 79 602
f 79 601 602
f 82 81 603
f 81 602 603
f 84 82 604
f 82 603 604
f 85 84 605
f 84 604 605
f 87 85 606
f 85 605 606
f 88 87 607
f 87 606 607
f 90 88 608
f 88 607 608
f 91 90 609
f 90 608 609
f 3 2 5
f 93 95 550
f 291 93 293
f 5 4 610
f 4 6 610
f 6 8 610
f 7 9 611
f 10 12 612
f 13 15 613
f 16 18 614
f 19 21 615
f 22 24 616
f 25 27 617
f 28 30 618
f 31 33 619
f 34 36 620
f 37 39 621
f 40 42 622
f 43 45 623
f 46 48 624
f 49 51 625
f 52 54 626
f 55 57 627
f 58 60 628
f 61 63 629
f 64 66 630
f 67 69 631
f 70 72 632
f 73 75 633
f 76 78 634
f 79 81 635
f 82 84 636
f 85 87 637
f 88 90 638
f 613 15 17
f 91 93 639
f 101 100 640
f 100 102 640
f 98 97 641
f 97 99 641
f 99 101 641
f 102 104 640
f 103 105 642
f 106 108 643
f 109 111 644
f 112 114 645
f 115 117 646
f 118 120 647
f 121 123 648
f 124 126 649
f 127 129 650
f 130 132 651
f 133 135 652
f 136 138 653
f 139 141 654
f 142 144 655
f 145 147 656
f 148 150 657
f 151 153 658
f 154 156 659
f 157 159 660
f 160 162 661
f 163 165 662
f 166 168 663
f 169 171 664
f 172 174 665
f 175 177 666
f 178 180 667
f 181 183 668
f 184 186 669
f 187 189 670
f 190 192 671
f 193 195 672
f 196 198 673
f 199 201 674
f 202 204 675
f 205 207 676
f 208 210 677
f 211 213 678
f 214 216 679
f 217 219 680
f 220 222 681
f 223 225 682
f 226 228 683
f 229 231 684
f 232 234 685
f 235 237 686
f 238 240 687
f 241 243 688
f 244 246 689
f 247 249 690
f 250 252 691
f 253 255 692
f 256 258 693
f 259 261 694
f 262 264 695
f 265 267 696
f 268 270 697
f 271 273 698
f 274 276 699
f 277 279 700
f 280 282 701
f 283 285 702
f 286 288 703
f 7 611 8
f 289 3 704
f 93 91 293
f 616 24 26
f 615 21 23
f 609 293 91
f 614 18 20
f 289 704 290
f 11 10 612
f 14 13 613
f 17 16 614
f 20 19 615
f 23 22 616
f 26 25 617
f 29 28 618
f 32 31 619
f 35 34 620
f 38 37 621
f 41 40 622
f 44 43 623
f 47 46 624
f 50 49 625
f 53 52 626
f 56 55 627
f 59 58 628
f 62 61 629
f 65 64 630
f 68 67 631
f 71 70 632
f 74 73 633
f 77 76 634
f 80 79 635
f 83 82 636
f 86 85 637
f 89 88 638
f 92 91 639
f 104 103 642
f 107 106 643
f 110 109 644
f 113 112 645
f 116 115 646
f 119 118 647
f 122 121 648
f 125 124 649
f 128 127 650
f 131 130 651
f 134 133 652
f 137 136 653
f 140 139 654
f 143 142 655
f 146 145 656
f 149 148 657
f 152 151 658
f 155 154 659
f 158 157 660
f 161 160 661
f 164 163 662
f 167 166 663
f 170 169 664
f 173 172 665
f 176 175 666
f 179 178 667
f 182 181 668
f 185 184 669
f 188 187 670
f 191 190 671
f 194 193 672
f 197 196 673
f 200 199 674
f 203 202 675
f 206 205 676
f 209 208 677
f 212 211 678
f 215 214 679
f 218 217 680
f 221 220 681
f 224 223 682
f 227 226 683
f 230 229 684
f 233 232 685
f 236 235 686
f 239 238 687
f 242 241 688
f 245 244 689
f 248 247 690
f 251 250 691
f 254 253 692
f 257 256 693
f 260 259 694
f 263 262 695
f 266 265 696
f 269 268 697
f 272 271 698
f 275 274 699
f 278 277 700
f 281 280 701
f 284 283 702
f 287 286 703
f 617 27 29
f 618 30 32
f 619 33 35
f 620 36 38
f 621 39 41
f 622 42 44
f 623 45 47
f 624 48 50
f 625 51 53
f 626 54 56
f 627 57 59
f 628 60 62
f 629 63 65
f 630 66 68
f 631 69 71
f 632 72 74
f 633 75 77
f 634 78 80
f 635 81 83
f 636 84 86
f 637 87 89
f 638 90 92
f 645 114 116
f 646 117 119
f 647 120 122
f 648 123 125
f 649 126 128
f 650 129 131
f 651 132 134
f 652 135 137
f 653 138 140
f 654 141 143
f 655 144 146
f 656 147 149
f 657 150 152
f 658 153 155
f 659 156 158
f 660 159 161
f 661 162 164
f 662 165 167
f 663 168 170
f 664 171 173
f 665 174 176
f 666 177 179
f 667 180 182
f 668 183 185
f 669 186 188
f 670 189 191
f 671 192 194
f 672 195 197
f 673 198 200
f 674 201 203
f 675 204 206
f 676 207 209
f 677 210 212
f 678 213 215
f 679 216 218
f 680 219 221
f 681 222 224
f 682 225 227
f 683 228 230
f 684 231 233
f 685 234 236
f 686 237 239
f 687 240 242
f 688 243 245
f 689 246 248
f 690 249 251
f 691 252 254
f 692 255 257
f 693 258 260
f 694 261 263
f 695 264 266
f 696 267 269
f 697 270 272
f 698 273 275
f 699 276 278
f 700 279 281
f 701 282 284
f 702 285 287
f 703 288 290
f 612 12 14
f 611 9 11
f 644 111 113
f 643 108 110
f 642 105 107
f 610 8 705
f 644 113 706
f 14 613 707
f 611 11 708
f 17 614 709
f 104 642 710
f 20 615 711
f 290 704 712
f 23 616 713
f 26 617 714
f 615 23 715
f 23 713 715
f 29 618 716
f 32 619 717
f 35 620 718
f 38 621 719
f 41 622 720
f 44 623 721
f 47 624 722
f 50 625 723
f 53 626 724
f 56 627 725
f 59 628 726
f 62 629 727
f 65 630 728
f 68 631 729
f 71 632 730
f 74 633 731
f 77 634 732
f 80 635 733
f 83 636 734
f 86 637 735
f 89 638 736
f 92 639 737
f 645 116 738
f 613 17 739
f 17 709 739
f 639 93 550
f 101 640 740
f 640 104 741
f 740 640 741
f 104 710 741
f 641 101 742
f 101 740 742
f 98 641 743
f 551 98 743
f 641 742 743
f 110 644 744
f 644 706 744
f 113 645 745
f 645 738 745
f 643 110 746
f 110 744 746
f 646 119 747
f 647 122 748
f 648 125 749
f 649 128 750
f 650 131 751
f 651 134 752
f 652 137 753
f 653 140 754
f 654 143 755
f 655 146 756
f 656 149 757
f 657 152 758
f 658 155 759
f 659 158 760
f 660 161 761
f 661 164 762
f 662 167 763
f 663 170 764
f 664 173 765
f 665 176 766
f 666 179 767
f 667 182 768
f 668 185 769
f 669 188 770
f 670 191 771
f 671 194 772
f 672 197 773
f 673 200 774
f 674 203 775
f 675 206 776
f 676 209 777
f 677 212 778
f 678 215 779
f 679 218 780
f 680 221 781
f 681 224 782
f 682 227 783
f 683 230 784
f 684 233 785
f 685 236 786
f 686 239 787
f 687 242 788
f 688 245 789
f 689 248 790
f 690 251 791
f 691 254 792
f 692 257 793
f 693 260 794
f 694 263 795
f 695 266 796
f 696 269 797
f 697 272 798
f 698 275 799
f 699 278 800
f 700 281 801
f 701 284 802
f 702 287 803
f 703 290 804
f 290 712 804
f 617 29 805
f 29 716 805
f 612 14 806
f 14 707 806
f 8 611 807
f 611 708 807
f 704 3 5
f 293 609 295
f 616 26 808
f 26 714 808
f 297 295 809
f 299 297 810
f 297 809 810
f 301 299 811
f 299 810 811
f 303 301 812
f 301 811 812
f 305 303 813
f 303 812 813
f 307 305 814
f 305 813 814
f 309 307 815
f 307 814 815
f 311 309 816
f 309 815 816
f 313 311 817
f 311 816 817
f 315 313 818
f 313 817 818
f 317 315 819
f 315 818 819
f 319 317 820
f 317 819 820
f 321 319 821
f 319 820 821
f 323 321 822
f 321 821 822
f 325 323 823
f 323 822 823
f 327 325 824
f 325 823 824
f 329 327 825
f 327 824 825
f 331 329 826
f 329 825 826
f 333 331 827
f 331 826 827
f 335 333 828
f 333 827 828
f 337 335 829
f 335 828 829
f 339 337 830
f 337 829 830
f 341 339 831
f 339 830 831
f 343 341 832
f 341 831 832
f 345 343 833
f 343 832 833
f 347 345 834
f 345 833 834
f 349 347 835
f 347 834 835
f 351 349 836
f 349 835 836
f 353 351 837
f 351 836 837
f 355 353 838
f 353 837 838
f 357 355 839
f 355 838 839
f 359 357 840
f 357 839 840
f 361 359 841
f 359 840 841
f 363 361 842
f 361 841 842
f 365 363 843
f 363 842 843
f 367 365 844
f 365 843 844
f 369 367 845
f 367 844 845
f 371 369 846
f 369 845 846
f 373 371 847
f 371 846 847
f 375 373 848
f 373 847 848
f 377 375 849
f 375 848 849
f 379 377 850
f 377 849 850
f 381 379 851
f 379 850 851
f 383 381 852
f 381 851 852
f 385 383 853
f 383 852 853
f 387 385 854
f 385 853 854
f 389 387 855
f 387 854 855
f 391 389 856
f 389 855 856
f 393 391 857
f 391 856 857
f 395 393 858
f 393 857 858
f 397 395 859
f 395 858 859
f 399 397 860
f 397 859 860
f 401 399 861
f 399 860 861
f 403 401 862
f 401 861 862
f 405 403 863
f 403 862 863
f 407 405 864
f 405 863 864
f 409 407 865
f 407 864 865
f 411 409 866
f 409 865 866
f 413 411 867
f 411 866 867
f 415 413 868
f 413 867 868
f 417 415 869
f 415 868 869
f 419 417 870
f 417 869 870
f 421 419 871
f 419 870 871
f 423 421 872
f 421 871 872
f 425 423 873
f 423 872 873
f 427 425 874
f 425 873 874
f 429 427 875
f 427 874 875
f 431 429 876
f 429 875 876
f 433 431 877
f 431 876 877
f 435 433 878
f 433 877 878
f 437 435 879
f 435 878 879
f 439 437 880
f 437 879 880
f 441 439 881
f 439 880 881
f 443 441 882
f 441 881 882
f 445 443 883
f 443 882 883
f 447 445 884
f 445 883 884
f 449 447 885
f 447 884 885
f 451 449 886
f 449 885 886
f 453 451 887
f 451 886 887
f 455 453 888
f 453 887 888
f 457 455 889
f 455 888 889
f 459 457 890
f 457 889 890
f 461 459 891
f 459 890 891
f 463 461 892
f 461 891 892
f 465 463 893
f 463 892 893
f 467 465 894
f 465 893 894
f 469 467 895
f 467 894 895
f 471 469 896
f 469 895 896
f 473 471 897
f 471 896 897
f 475 473 898
f 473 897 898
f 477 475 899
f 475 898 899
f 479 477 900
f 477 899 900
f 481 479 901
f 479 900 901
f 483 481 902
f 481 901 902
f 485 483 903
f 483 902 903
f 487 485 904
f 485 903 904
f 489 487 905
f 487 904 905
f 491 489 906
f 489 905 906
f 493 491 907
f 491 906 907
f 495 493 908
f 493 907 908
f 497 495 909
f 495 908 909
f 499 497 910
f 497 909 910
f 501 499 911
f 499 910 911
f 503 501 912
f 501 911 912
f 505 503 913
f 503 912 913
f 507 505 914
f 505 913 914
f 509 507 915
f 507 914 915
f 511 509 916
f 509 915 916
f 513 511 917
f 511 916 917
f 515 513 918
f 513 917 918
f 517 515 919
f 515 918 919
f 519 517 920
f 517 919 920
f 521 519 921
f 519 920 921
f 523 521 922
f 521 921 922
f 525 523 923
f 523 922 923
f 527 525 924
f 525 923 924
f 529 527 925
f 527 924 925
f 531 529 926
f 529 925 926
f 533 531 927
f 531 926 927
f 535 533 928
f 533 927 928
f 537 535 929
f 535 928 929
f 539 537 930
f 537 929 930
f 541 539 931
f 539 930 931
f 543 541 932
f 541 931 932
f 545 543 933
f 543 932 933
f 547 545 934
f 545 933 934
f 549 547 935
f 547 934 935
f 552 551 936
f 551 743 936
f 553 552 937
f 552 936 937
f 554 553 938
f 553 937 938
f 555 554 939
f 554 938 939
f 556 555 940
f 555 939 940
f 557 556 941
f 556 940 941
f 558 557 942
f 557 941 942
f 559 558 943
f 558 942 943
f 560 559 944
f 559 943 944
f 561 560 945
f 560 944 945
f 562 561 946
f 561 945 946
f 563 562 947
f 562 946 947
f 564 563 948
f 563 947 948
f 565 564 949
f 564 948 949
f 566 565 950
f 565 949 950
f 567 566 951
f 566 950 951
f 568 567 952
f 567 951 952
f 569 568 953
f 568 952 953
f 570 569 954
f 569 953 954
f 571 570 955
f 570 954 955
f 572 571 956
f 571 955 956
f 573 572 957
f 572 956 957
f 574 573 958
f 573 957 958
f 575 574 959
f 574 958 959
f 576 575 960
f 575 959 960
f 577 576 961
f 576 960 961
f 578 577 962
f 577 961 962
f 579 578 963
f 578 962 963
f 580 579 964
f 579 963 964
f 581 580 965
f 580 964 965
f 582 581 966
f 581 965 966
f 583 582 967
f 582 966 967
f 584 583 968
f 583 967 968
f 585 584 969
f 584 968 969
f 586 585 970
f 585 969 970
f 587 586 971
f 586 970 971
f 588 587 972
f 587 971 972
f 589 588 973
f 588 972 973
f 590 589 974
f 589 973 974
f 591 590 975
f 590 974 975
f 592 591 976
f 591 975 976
f 593 592 977
f 592 976 977
f 594 593 978
f 593 977 978
f 595 594 979
f 594 978 979
f 596 595 980
f 595 979 980
f 597 596 981
f 596 980 981
f 598 597 982
f 597 981 982
f 599 598 983
f 598 982 983
f 600 599 984
f 599 983 984
f 601 600 985
f 600 984 985
f 602 601 986
f 601 985 986
f 603 602 987
f 602 986 987
f 604 603 988
f 603 987 988
f 605 604 989
f 604 988 989
f 606 605 990
f 605 989 990
f 607 606 991
f 606 990 991
f 608 607 992
f 607 991 992
f 809 609 992
f 295 609 809
f 11 612 993
f 612 806 993
f 107 643 994
f 643 746 994
f 614 20 995
f 20 711 995
f 704 5 712
f 639 550 737
f 709 614 995
f 708 11 993
f 113 745 706
f 8 807 705
f 712 5 610
f 617 805 714
f 549 935 737
f 615 715 711
f 716 618 996
f 618 32 996
f 32 717 996
f 619 35 997
f 620 38 998
f 621 41 999
f 622 44 1000
f 623 47 1001
f 624 50 1002
f 625 53 1003
f 626 56 1004
f 627 59 1005
f 628 62 1006
f 629 65 1007
f 630 68 1008
f 631 71 1009
f 632 74 1010
f 633 77 1011
f 634 80 1012
f 635 83 1013
f 636 86 1014
f 637 89 1015
f 638 92 1016
f 613 739 707
f 712 610 705
f 642 107 1017
f 116 646 1018
f 119 647 1019
f 122 648 1020
f 125 649 1021
f 128 650 1022
f 131 651 1023
f 134 652 1024
f 137 653 1025
f 140 654 1026
f 143 655 1027
f 146 656 1028
f 149 657 1029
f 152 658 1030
f 155 659 1031
f 158 660 1032
f 161 661 1033
f 164 662 1034
f 167 663 1035
f 170 664 1036
f 173 665 1037
f 176 666 1038
f 179 667 1039
f 182 668 1040
f 185 669 1041
f 188 670 1042
f 191 671 1043
f 194 672 1044
f 197 673 1045
f 200 674 1046
f 203 675 1047
f 206 676 1048
f 209 677 1049
f 212 678 1050
f 215 679 1051
f 218 680 1052
f 221 681 1053
f 224 682 1054
f 227 683 1055
f 230 684 1056
f 233 685 1057
f 236 686 1058
f 239 687 1059
f 242 688 1060
f 245 689 1061
f 248 690 1062
f 251 691 1063
f 254 692 1064
f 257 693 1065
f 260 694 1066
f 263 695 1067
f 266 696 1068
f 269 697 1069
f 272 698 1070
f 275 699 1071
f 278 700 1072
f 281 701 1073
f 284 702 1074
f 287 703 1075
f 1009 71 730
f 608 992 609
f 550 549 737
f 1008 68 729
f 1007 65 728
f 1075 703 804
f 1074 702 803
f 1073 701 802
f 1072 700 801
f 1071 699 800
f 1070 698 799
f 1069 697 798
f 1068 696 797
f 1067 695 796
f 1066 694 795
f 1065 693 794
f 1064 692 793
f 1063 691 792
f 1062 690 791
f 1061 689 790
f 1060 688 789
f 1059 687 788
f 1058 686 787
f 1057 685 786
f 1056 684 785
f 1055 683 784
f 1054 682 783
f 1053 681 782
f 1052 680 781
f 1051 679 780
f 1050 678 779
f 1049 677 778
f 1048 676 777
f 1047 675 776
f 1046 674 775
f 1045 673 774
f 1044 672 773
f 1043 671 772
f 1042 670 771
f 1041 669 770
f 1040 668 769
f 1039 667 768
f 1038 666 767
f 1037 665 766
f 1036 664 765
f 1035 663 764
f 1034 662 763
f 1033 661 762
f 1032 660 761
f 1031 659 760
f 1030 658 759
f 1029 657 758
f 1028 656 757
f 1027 655 756
f 1026 654 755
f 1025 653 754
f 1024 652 753
f 1023 651 752
f 1022 650 751
f 1021 649 750
f 1020 648 749
f 1019 647 748
f 1016 92 737
f 1015 89 736
f 1014 86 735
f 1013 83 734
f 1012 80 733
f 1011 77 732
f 1010 74 731
f 803 287 1075
f 802 284 1074
f 616 808 713
f 801 281 1073
f 800 278 1072
f 799 275 1071
f 798 272 1070
f 797 269 1069
f 796 266 1068
f 795 263 1067
f 794 260 1066
f 793 257 1065
f 792 254 1064
f 791 251 1063
f 790 248 1062
f 789 245 1061
f 788 242 1060
f 787 239 1059
f 786 236 1058
f 785 233 1057
f 784 230 1056
f 783 227 1055
f 782 224 1054
f 781 221 1053
f 780 218 1052
f 779 215 1051
f 778 212 1050
f 777 209 1049
f 776 206 1048
f 775 203 1047
f 774 200 1046
f 773 197 1045
f 772 194 1044
f 771 191 1043
f 770 188 1042
f 769 185 1041
f 768 182 1040
f 767 179 1039
f 766 176 1038
f 765 173 1037
f 764 170 1036
f 763 167 1035
f 762 164 1034
f 761 161 1033
f 760 158 1032
f 759 155 1031
f 758 152 1030
f 757 149 1029
f 756 146 1028
f 755 143 1027
f 754 140 1026
f 753 137 1025
f 752 134 1024
f 751 131 1023
f 750 128 1022
f 738 116 1018
f 736 638 1016
f 735 637 1015
f 734 636 1014
f 733 635 1013
f 732 634 1012
f 731 633 1011
f 730 632 1010
f 729 631 1009
f 728 630 1008
f 727 629 1007
f 726 628 1006
f 725 627 1005
f 724 626 1004
f 723 625 1003
f 722 624 1002
f 721 623 1001
f 720 622 1000
f 719 621 999
f 718 620 998
f 717 619 997
f 710 642 1017
f 1006 62 727
f 1003 53 724
f 1002 50 723
f 1001 47 722
f 1000 44 721
f 1005 59 726
f 1004 56 725
f 999 41 720
f 998 38 719
f 997 35 718
f 1018 646 747
f 1017 107 994
f 119 1019 747
f 122 1020 748
f 125 1021 749
f 1017 994 1076
f 747 1019 1077
f 711 715 1078
f 710 1017 1079
f 1017 1076 1079
f 996 717 1080
f 1018 747 1081
f 747 1077 1081
f 997 718 1082
f 998 719 1083
f 1005 726 1084
f 720 1000 1085
f 721 1001 1086
f 722 1002 1087
f 723 1003 1088
f 999 720 1089
f 720 1085 1089
f 724 1004 1090
f 725 1005 1091
f 1005 1084 1091
f 1003 724 1092
f 724 1090 1092
f 1075 804 1093
f 727 1007 1094
f 728 1008 1095
f 809 992 1096
f 729 1009 1097
f 803 1075 1098
f 1075 1093 1098
f 730 1010 1099
f 731 1011 1100
f 732 1012 1101
f 733 1013 1102
f 734 1014 1103
f 735 1015 1104
f 707 739 1105
f 708 993 1106
f 742 740 1107
f 705 807 1108
f 743 742 1109
f 936 743 1109
f 742 1107 1109
f 749 1021 1110
f 1006 727 1111
f 727 1094 1111
f 745 738 1112
f 736 1016 1113
f 746 744 1114
f 748 1020 1115
f 1016 737 1116
f 1113 1016 1116
f 737 935 1116
f 1019 748 1117
f 1077 1019 1117
f 748 1115 1117
f 1020 749 1118
f 749 1110 1118
f 738 1018 1119
f 1112 738 1119
f 1018 1081 1119
f 750 1022 1120
f 751 1023 1121
f 752 1024 1122
f 753 1025 1123
f 754 1026 1124
f 755 1027 1125
f 756 1028 1126
f 757 1029 1127
f 758 1030 1128
f 759 1031 1129
f 760 1032 1130
f 761 1033 1131
f 762 1034 1132
f 763 1035 1133
f 764 1036 1134
f 765 1037 1135
f 766 1038 1136
f 767 1039 1137
f 768 1040 1138
f 769 1041 1139
f 770 1042 1140
f 771 1043 1141
f 772 1044 1142
f 773 1045 1143
f 774 1046 1144
f 775 1047 1145
f 776 1048 1146
f 777 1049 1147
f 778 1050 1148
f 779 1051 1149
f 780 1052 1150
f 781 1053 1151
f 782 1054 1152
f 783 1055 1153
f 784 1056 1154
f 785 1057 1155
f 786 1058 1156
f 787 1059 1157
f 788 1060 1158
f 789 1061 1159
f 790 1062 1160
f 791 1063 1161
f 792 1064 1162
f 793 1065 1163
f 794 1066 1164
f 795 1067 1165
f 796 1068 1166
f 797 1069 1167
f 798 1070 1168
f 799 1071 1169
f 800 1072 1170
f 713 808 1171
f 1073 802 1172
f 1074 803 1173
f 803 1098 1173
f 1009 730 1174
f 730 1099 1174
f 805 716 1175
f 806 707 1176
f 707 1105 1176
f 807 708 1177
f 708 1106 1177
f 810 809 1096
f 714 805 1178
f 805 1175 1178
f 706 745 1179
f 745 1112 1179
f 811 810 1180
f 810 1096 1180
f 812 811 1181
f 811 1180 1181
f 813 812 1182
f 812 1181 1182
f 814 813 1183
f 813 1182 1183
f 815 814 1184
f 814 1183 1184
f 816 815 1185
f 815 1184 1185
f 817 816 1186
f 816 1185 1186
f 818 817 1187
f 817 1186 1187
f 819 818 1188
f 818 1187 1188
f 820 819 1189
f 819 1188 1189
f 821 820 1190
f 820 1189 1190
f 822 821 1191
f 821 1190 1191
f 823 822 1192
f 822 1191 1192
f 824 823 1193
f 823 1192 1193
f 825 824 1194
f 824 1193 1194
f 826 825 1195
f 825 1194 1195
f 827 826 1196
f 826 1195 1196
f 828 827 1197
f 827 1196 1197
f 829 828 1198
f 828 1197 1198
f 830 829 1199
f 829 1198 1199
f 831 830 1200
f 830 1199 1200
f 832 831 1201
f 831 1200 1201
f 833 832 1202
f 832 1201 1202
f 834 833 1203
f 833 1202 1203
f 835 834 1204
f 834 1203 1204
f 836 835 1205
f 835 1204 1205
f 837 836 1206
f 836 1205 1206
f 838 837 1207
f 837 1206 1207
f 839 838 1208
f 838 1207 1208
f 840 839 1209
f 839 1208 1209
f 841 840 1210
f 840 1209 1210
f 842 841 1211
f 841 1210 1211
f 843 842 1212
f 842 1211 1212
f 844 843 1213
f 843 1212 1213
f 845 844 1214
f 844 1213 1214
f 846 845 1215
f 845 1214 1215
f 847 846 1216
f 846 1215 1216
f 848 847 1217
f 847 1216 1217
f 849 848 1218
f 848 1217 1218
f 850 849 1219
f 849 1218 1219
f 851 850 1220
f 850 1219 1220
f 852 851 1221
f 851 1220 1221
f 853 852 1222
f 852 1221 1222
f 854 853 1223
f 853 1222 1223
f 855 854 1224
f 854 1223 1224
f 856 855 1225
f 855 1224 1225
f 857 856 1226
f 856 1225 1226
f 858 857 1227
f 857 1226 1227
f 859 858 1228
f 858 1227 1228
f 860 859 1229
f 859 1228 1229
f 861 860 1230
f 860 1229 1230
f 862 861 1231
f 861 1230 1231
f 863 862 1232
f 862 1231 1232
f 864 863 1233
f 863 1232 1233
f 865 864 1234
f 864 1233 1234
f 866 865 1235
f 865 1234 1235
f 867 866 1236
f 866 1235 1236
f 868 867 1237
f 867 1236 1237
f 869 868 1238
f 868 1237 1238
f 870 869 1239
f 869 1238 1239
f 871 870 1240
f 870 1239 1240
f 872 871 1241
f 871 1240 1241
f 873 872 1242
f 872 1241 1242
f 874 873 1243
f 873 1242 1243
f 875 874 1244
f 874 1243 1244
f 876 875 1245
f 875 1244 1245
f 877 876 1246
f 876 1245 1246
f 878 877 1247
f 877 1246 1247
f 879 878 1248
f 878 1247 1248
f 880 879 1249
f 879 1248 1249
f 881 880 1250
f 880 1249 1250
f 882 881 1251
f 881 1250 1251
f 883 882 1252
f 882 1251 1252
f 884 883 1253
f 883 1252 1253
f 885 884 1254
f 884 1253 1254
f 886 885 1255
f 885 1254 1255
f 887 886 1256
f 886 1255 1256
f 888 887 1257
f 887 1256 1257
f 889 888 1258
f 888 1257 1258
f 890 889 1259
f 889 1258 1259
f 891 890 1260
f 890 1259 1260
f 892 891 1261
f 891 1260 1261
f 893 892 1262
f 892 1261 1262
f 894 893 1263
f 893 1262 1263
f 895 894 1264
f 894 1263 1264
f 896 895 1265
f 895 1264 1265
f 897 896 1266
f 896 1265 1266
f 898 897 1267
f 897 1266 1267
f 899 898 1268
f 898 1267 1268
f 900 899 1269
f 899 1268 1269
f 901 900 1270
f 900 1269 1270
f 902 901 1271
f 901 1270 1271
f 903 902 1272
f 902 1271 1272
f 904 903 1273
f 903 1272 1273
f 905 904 1274
f 904 1273 1274
f 906 905 1275
f 905 1274 1275
f 907 906 1276
f 906 1275 1276
f 908 907 1277
f 907 1276 1277
f 909 908 1278
f 908 1277 1278
f 910 909 1279
f 909 1278 1279
f 911 910 1280
f 910 1279 1280
f 912 911 1281
f 911 1280 1281
f 913 912 1282
f 912 1281 1282
f 914 913 1283
f 913 1282 1283
f 915 914 1284
f 914 1283 1284
f 916 915 1285
f 915 1284 1285
f 917 916 1286
f 916 1285 1286
f 918 917 1287
f 917 1286 1287
f 919 918 1288
f 918 1287 1288
f 920 919 1289
f 919 1288 1289
f 921 920 1290
f 920 1289 1290
f 922 921 1291
f 921 1290 1291
f 923 922 1292
f 922 1291 1292
f 924 923 1293
f 923 1292 1293
f 925 924 1294
f 924 1293 1294
f 926 925 1295
f 925 1294 1295
f 927 926 1296
f 926 1295 1296
f 928 927 1297
f 927 1296 1297
f 929 928 1298
f 928 1297 1298
f 930 929 1299
f 929 1298 1299
f 931 930 1300
f 930 1299 1300
f 932 931 1301
f 931 1300 1301
f 933 932 1302
f 932 1301 1302
f 934 933 1303
f 933 1302 1303
f 935 934 1304
f 1116 935 1304
f 934 1303 1304
f 744 706 1305
f 1114 744 1305
f 706 1179 1305
f 937 936 1306
f 936 1109 1306
f 938 937 1307
f 937 1306 1307
f 939 938 1308
f 938 1307 1308
f 940 939 1309
f 939 1308 1309
f 941 940 1310
f 940 1309 1310
f 942 941 1311
f 941 1310 1311
f 943 942 1312
f 942 1311 1312
f 944 943 1313
f 943 1312 1313
f 945 944 1314
f 944 1313 1314
f 946 945 1315
f 945 1314 1315
f 947 946 1316
f 946 1315 1316
f 948 947 1317
f 947 1316 1317
f 949 948 1318
f 948 1317 1318
f 950 949 1319
f 949 1318 1319
f 951 950 1320
f 950 1319 1320
f 952 951 1321
f 951 1320 1321
f 953 952 1322
f 952 1321 1322
f 954 953 1323
f 953 1322 1323
f 955 954 1324
f 954 1323 1324
f 956 955 1325
f 955 1324 1325
f 957 956 1326
f 956 1325 1326
f 958 957 1327
f 957 1326 1327
f 959 958 1328
f 958 1327 1328
f 960 959 1329
f 959 1328 1329
f 961 960 1330
f 960 1329 1330
f 962 961 1331
f 961 1330 1331
f 963 962 1332
f 962 1331 1332
f 964 963 1333
f 963 1332 1333
f 965 964 1334
f 964 1333 1334
f 966 965 1335
f 965 1334 1335
f 967 966 1336
f 966 1335 1336
f 968 967 1337
f 967 1336 1337
f 969 968 1338
f 968 1337 1338
f 970 969 1339
f 969 1338 1339
f 971 970 1340
f 970 1339 1340
f 972 971 1341
f 971 1340 1341
f 973 972 1342
f 972 1341 1342
f 974 973 1343
f 973 1342 1343
f 975 974 1344
f 974 1343 1344
f 976 975 1345
f 975 1344 1345
f 977 976 1346
f 976 1345 1346
f 978 977 1347
f 977 1346 1347
f 979 978 1348
f 978 1347 1348
f 980 979 1349
f 979 1348 1349
f 981 980 1350
f 980 1349 1350
f 982 981 1351
f 981 1350 1351
f 983 982 1352
f 982 1351 1352
f 984 983 1353
f 983 1352 1353
f 985 984 1354
f 984 1353 1354
f 986 985 1355
f 985 1354 1355
f 987 986 1356
f 986 1355 1356
f 988 987 1357
f 987 1356 1357
f 989 988 1358
f 988 1357 1358
f 990 989 1359
f 989 1358 1359
f 991 990 1360
f 990 1359 1360
f 993 806 1361
f 806 1176 1361
f 994 746 1362
f 746 1114 1362
f 995 711 1363
f 711 1078 1363
f 709 995 1364
f 995 1363 1364
f 715 713 1365
f 713 1171 1365
f 801 1073 1366
f 1073 1172 1366
f 1008 729 1367
f 729 1097 1367
f 716 996 1368
f 996 1080 1368
f 1094 1007 1369
f 1007 728 1369
f 1088 1003 1092
f 1087 1002 1370
f 1002 723 1370
f 1086 1001 1371
f 1001 722 1371
f 1085 1000 1372
f 1000 721 1372
f 1080 717 1373
f 717 997 1373
f 1084 726 1374
f 726 1006 1374
f 1083 719 1375
f 719 999 1375
f 1082 718 1376
f 718 998 1376
f 998 1083 1376
f 721 1086 1372
f 722 1087 1371
f 723 1088 1370
f 999 1089 1375
f 1090 1004 1377
f 1004 725 1377
f 725 1091 1377
f 728 1095 1369
f 716 1368 1175
f 1009 1174 1097
f 1099 1010 1378
f 1010 731 1378
f 731 1100 1378
f 1011 732 1379
f 1012 733 1380
f 1013 734 1381
f 1014 735 1382
f 807 1177 1108
f 1015 736 1383
f 741 710 1384
f 710 1079 1384
f 740 741 1385
f 741 1384 1385
f 712 705 1386
f 993 1361 1106
f 1006 1111 1374
f 736 1113 1383
f 715 1365 1078
f 1020 1118 1115
f 1123 1025 1387
f 1025 754 1387
f 1122 1024 1388
f 1024 753 1388
f 1076 994 1362
f 1121 1023 1389
f 1023 752 1389
f 1021 750 1390
f 1022 751 1391
f 752 1122 1389
f 1021 1390 1110
f 753 1123 1388
f 754 1124 1387
f 1026 755 1392
f 1027 756 1393
f 1028 757 1394
f 1029 758 1395
f 1030 759 1396
f 1031 760 1397
f 1032 761 1398
f 1033 762 1399
f 1034 763 1400
f 1035 764 1401
f 1036 765 1402
f 1037 766 1403
f 1038 767 1404
f 1039 768 1405
f 1040 769 1406
f 1041 770 1407
f 1042 771 1408
f 1043 772 1409
f 1044 773 1410
f 1045 774 1411
f 1046 775 1412
f 1047 776 1413
f 1048 777 1414
f 1049 778 1415
f 1050 779 1416
f 1051 780 1417
f 1052 781 1418
f 1053 782 1419
f 1054 783 1420
f 1055 784 1421
f 1056 785 1422
f 1057 786 1423
f 1058 787 1424
f 1059 788 1425
f 1060 789 1426
f 1061 790 1427
f 1062 791 1428
f 1063 792 1429
f 1064 793 1430
f 1065 794 1431
f 1066 795 1432
f 1067 796 1433
f 1068 797 1434
f 1069 798 1435
f 1070 799 1436
f 1071 800 1437
f 1072 801 1438
f 1008 1367 1095
f 802 1074 1439
f 1409 772 1142
f 808 714 1440
f 1408 771 1141
f 1407 770 1140
f 992 991 1441
f 1438 801 1366
f 1437 800 1170
f 1436 799 1169
f 1435 798 1168
f 1434 797 1167
f 1433 796 1166
f 1432 795 1165
f 1431 794 1164
f 1430 793 1163
f 1429 792 1162
f 1428 791 1161
f 1427 790 1160
f 1426 789 1159
f 1425 788 1158
f 1424 787 1157
f 1423 786 1156
f 1422 785 1155
f 1421 784 1154
f 1420 783 1153
f 1419 782 1152
f 804 712 1386
f 1418 781 1151
f 1417 780 1150
f 1416 779 1149
f 1415 778 1148
f 1414 777 1147
f 1413 776 1146
f 1412 775 1145
f 1411 774 1144
f 1410 773 1143
f 1172 802 1439
f 1171 808 1440
f 1170 1072 1438
f 1169 1071 1437
f 1168 1070 1436
f 1167 1069 1435
f 1166 1068 1434
f 1165 1067 1433
f 1164 1066 1432
f 1163 1065 1431
f 1162 1064 1430
f 1161 1063 1429
f 1160 1062 1428
f 1159 1061 1427
f 1158 1060 1426
f 1157 1059 1425
f 1156 1058 1424
f 1155 1057 1423
f 1154 1056 1422
f 1153 1055 1421
f 1152 1054 1420
f 1151 1053 1419
f 1150 1052 1418
f 1149 1051 1417
f 1148 1050 1416
f 1147 1049 1415
f 1146 1048 1414
f 1145 1047 1413
f 1144 1046 1412
f 1143 1045 1411
f 1142 1044 1410
f 1141 1043 1409
f 1140 1042 1408
f 1139 1041 1407
f 1138 1040 1406
f 1137 1039 1405
f 1136 1038 1404
f 1135 1037 1403
f 1134 1036 1402
f 1133 1035 1401
f 1132 1034 1400
f 1131 1033 1399
f 1130 1032 1398
f 1129 1031 1397
f 739 709 1442
f 1128 1030 1396
f 1127 1029 1395
f 1126 1028 1394
f 1125 1027 1393
f 1124 1026 1392
f 1015 1383 1104
f 1107 740 1385
f 1105 739 1442
f 1103 1014 1382
f 1102 1013 1381
f 1101 1012 1380
f 1100 1011 1379
f 1096 992 1441
f 1406 769 1139
f 1373 997 1082
f 1405 768 1138
f 1404 767 1137
f 1403 766 1136
f 1402 765 1135
f 1401 764 1134
f 1400 763 1133
f 1382 735 1104
f 1381 734 1103
f 1380 733 1102
f 1379 732 1101
f 1386 705 1108
f 1399 762 1132
f 1398 761 1131
f 1397 760 1130
f 1396 759 1129
f 1391 751 1121
f 1390 750 1120
f 1022 1391 1120
f 1395 758 1128
f 1394 757 1127
f 1393 756 1126
f 1392 755 1125
f 804 1386 1093
f 1439 1074 1173
f 1440 714 1178
f 1442 709 1364
f 1091 1084 1443
f 1089 1085 1444
f 1375 1089 1445
f 1089 1444 1445
f 1370 1088 1446
f 1371 1087 1447
f 1405 1138 1448
f 1105 1442 1449
f 1383 1113 1450
f 1090 1377 1451
f 1372 1086 1452
f 1120 1391 1453
f 1376 1083 1454
f 1087 1370 1455
f 1370 1446 1455
f 1082 1376 1456
f 1376 1454 1456
f 991 1360 1441
f 1080 1373 1457
f 1085 1372 1458
f 1372 1452 1458
f 1086 1371 1459
f 1371 1447 1459
f 1369 1095 1460
f 1377 1091 1461
f 1091 1443 1461
f 1092 1090 1462
f 1090 1451 1462
f 1439 1173 1463
f 1083 1375 1464
f 1375 1445 1464
f 1088 1092 1465
f 1092 1462 1465
f 1378 1100 1466
f 1386 1108 1093
f 1379 1101 1467
f 1380 1102 1468
f 1381 1103 1469
f 1108 1177 1470
f 1078 1365 1471
f 1418 1151 1472
f 1081 1077 1473
f 1399 1132 1474
f 1094 1369 1475
f 1369 1460 1475
f 1106 1361 1476
f 1111 1094 1477
f 1094 1475 1477
f 1079 1076 1478
f 1395 1128 1479
f 1104 1383 1480
f 1383 1450 1480
f 1113 1116 1481
f 1450 1113 1481
f 1116 1304 1481
f 1115 1118 1482
f 1387 1124 1483
f 1110 1390 1484
f 1390 1120 1485
f 1484 1390 1485
f 1120 1453 1485
f 1389 1122 1486
f 1392 1125 1487
f 1393 1126 1488
f 1394 1127 1489
f 1127 1395 1490
f 1395 1479 1490
f 1396 1129 1491
f 1397 1130 1492
f 1398 1131 1493
f 1131 1399 1494
f 1399 1474 1494
f 1382 1104 1495
f 1104 1480 1495
f 1400 1133 1496
f 1401 1134 1497
f 1402 1135 1498
f 1403 1136 1499
f 1404 1137 1500
f 1137 1405 1501
f 1500 1137 1501
f 1405 1448 1501
f 1373 1082 1502
f 1082 1456 1502
f 1406 1139 1503
f 1407 1140 1504
f 1170 1438 1505
f 1141 1409 1506
f 1172 1439 1507
f 1439 1463 1507
f 1142 1410 1508
f 1143 1411 1509
f 1144 1412 1510
f 1145 1413 1511
f 1146 1414 1512
f 1147 1415 1513
f 1148 1416 1514
f 1149 1417 1515
f 1150 1418 1516
f 1418 1472 1516
f 1419 1152 1517
f 1420 1153 1518
f 1421 1154 1519
f 1422 1155 1520
f 1423 1156 1521
f 1424 1157 1522
f 1425 1158 1523
f 1426 1159 1524
f 1427 1160 1525
f 1428 1161 1526
f 1429 1162 1527
f 1430 1163 1528
f 1431 1164 1529
f 1432 1165 1530
f 1433 1166 1531
f 1434 1167 1532
f 1435 1168 1533
f 1436 1169 1534
f 1437 1170 1535
f 1170 1505 1535
f 1440 1178 1536
f 1409 1142 1537
f 1142 1508 1537
f 1174 1099 1538
f 1097 1174 1539
f 1174 1538 1539
f 1121 1389 1540
f 1389 1486 1540
f 1177 1106 1541
f 1106 1476 1541
f 1408 1141 1542
f 1141 1506 1542
f 1179 1112 1543
f 1180 1096 1544
f 1096 1441 1544
f 1181 1180 1545
f 1180 1544 1545
f 1182 1181 1546
f 1181 1545 1546
f 1183 1182 1547
f 1182 1546 1547
f 1184 1183 1548
f 1183 1547 1548
f 1185 1184 1549
f 1184 1548 1549
f 1186 1185 1550
f 1185 1549 1550
f 1187 1186 1551
f 1186 1550 1551
f 1188 1187 1552
f 1187 1551 1552
f 1189 1188 1553
f 1188 1552 1553
f 1190 1189 1554
f 1189 1553 1554
f 1191 1190 1555
f 1190 1554 1555
f 1192 1191 1556
f 1191 1555 1556
f 1193 1192 1557
f 1192 1556 1557
f 1194 1193 1558
f 1193 1557 1558
f 1195 1194 1559
f 1194 1558 1559
f 1196 1195 1560
f 1195 1559 1560
f 1197 1196 1561
f 1196 1560 1561
f 1198 1197 1562
f 1197 1561 1562
f 1199 1198 1563
f 1198 1562 1563
f 1200 1199 1564
f 1199 1563 1564
f 1201 1200 1565
f 1200 1564 1565
f 1202 1201 1566
f 1201 1565 1566
f 1203 1202 1567
f 1202 1566 1567
f 1204 1203 1568
f 1203 1567 1568
f 1205 1204 1569
f 1204 1568 1569
f 1206 1205 1570
f 1205 1569 1570
f 1207 1206 1571
f 1206 1570 1571
f 1208 1207 1572
f 1207 1571 1572
f 1209 1208 1573
f 1208 1572 1573
f 1210 1209 1574
f 1209 1573 1574
f 1211 1210 1575
f 1210 1574 1575
f 1212 1211 1576
f 1211 1575 1576
f 1213 1212 1577
f 1212 1576 1577
f 1214 1213 1578
f 1213 1577 1578
f 1215 1214 1579
f 1214 1578 1579
f 1216 1215 1580
f 1215 1579 1580
f 1217 1216 1581
f 1216 1580 1581
f 1218 1217 1582
f 1217 1581 1582
f 1219 1218 1583
f 1218 1582 1583
f 1220 1219 1584
f 1219 1583 1584
f 1221 1220 1585
f 1220 1584 1585
f 1222 1221 1586
f 1221 1585 1586
f 1223 1222 1587
f 1222 1586 1587
f 1224 1223 1588
f 1223 1587 1588
f 1225 1224 1589
f 1224 1588 1589
f 1226 1225 1590
f 1225 1589 1590
f 1227 1226 1591
f 1226 1590 1591
f 1228 1227 1592
f 1227 1591 1592
f 1229 1228 1593
f 1228 1592 1593
f 1230 1229 1594
f 1229 1593 1594
f 1231 1230 1595
f 1230 1594 1595
f 1232 1231 1596
f 1231 1595 1596
f 1233 1232 1597
f 1232 1596 1597
f 1234 1233 1598
f 1233 1597 1598
f 1235 1234 1599
f 1234 1598 1599
f 1236 1235 1600
f 1235 1599 1600
f 1237 1236 1601
f 1236 1600 1601
f 1238 1237 1602
f 1237 1601 1602
f 1239 1238 1603
f 1238 1602 1603
f 1240 1239 1604
f 1239 1603 1604
f 1241 1240 1605
f 1240 1604 1605
f 1242 1241 1606
f 1241 1605 1606
f 1243 1242 1607
f 1242 1606 1607
f 1244 1243 1608
f 1243 1607 1608
f 1245 1244 1609
f 1244 1608 1609
f 1246 1245 1610
f 1245 1609 1610
f 1247 1246 1611
f 1246 1610 1611
f 1248 1247 1612
f 1247 1611 1612
f 1249 1248 1613
f 1248 1612 1613
f 1250 1249 1614
f 1249 1613 1614
f 1251 1250 1615
f 1250 1614 1615
f 1252 1251 1616
f 1251 1615 1616
f 1253 1252 1617
f 1252 1616 1617
f 1254 1253 1618
f 1253 1617 1618
f 1255 1254 1619
f 1254 1618 1619
f 1256 1255 1620
f 1255 1619 1620
f 1257 1256 1621
f 1256 1620 1621
f 1258 1257 1622
f 1257 1621 1622
f 1259 1258 1623
f 1258 1622 1623
f 1260 1259 1624
f 1259 1623 1624
f 1261 1260 1625
f 1260 1624 1625
f 1262 1261 1626
f 1261 1625 1626
f 1263 1262 1627
f 1262 1626 1627
f 1264 1263 1628
f 1263 1627 1628
f 1265 1264 1629
f 1264 1628 1629
f 1266 1265 1630
f 1265 1629 1630
f 1267 1266 1631
f 1266 1630 1631
f 1268 1267 1632
f 1267 1631 1632
f 1269 1268 1633
f 1268 1632 1633
f 1270 1269 1634
f 1269 1633 1634
f 1271 1270 1635
f 1270 1634 1635
f 1272 1271 1636
f 1271 1635 1636
f 1273 1272 1637
f 1272 1636 1637
f 1274 1273 1638
f 1273 1637 1638
f 1275 1274 1639
f 1274 1638 1639
f 1276 1275 1640
f 1275 1639 1640
f 1277 1276 1641
f 1276 1640 1641
f 1278 1277 1642
f 1277 1641 1642
f 1279 1278 1643
f 1278 1642 1643
f 1280 1279 1644
f 1279 1643 1644
f 1281 1280 1645
f 1280 1644 1645
f 1282 1281 1646
f 1281 1645 1646
f 1283 1282 1647
f 1282 1646 1647
f 1284 1283 1648
f 1283 1647 1648
f 1285 1284 1649
f 1284 1648 1649
f 1286 1285 1650
f 1285 1649 1650
f 1287 1286 1651
f 1286 1650 1651
f 1288 1287 1652
f 1287 1651 1652
f 1289 1288 1653
f 1288 1652 1653
f 1290 1289 1654
f 1289 1653 1654
f 1291 1290 1655
f 1290 1654 1655
f 1292 1291 1656
f 1291 1655 1656
f 1293 1292 1657
f 1292 1656 1657
f 1294 1293 1658
f 1293 1657 1658
f 1295 1294 1659
f 1294 1658 1659
f 1296 1295 1660
f 1295 1659 1660
f 1297 1296 1661
f 1296 1660 1661
f 1298 1297 1662
f 1297 1661 1662
f 1299 1298 1663
f 1298 1662 1663
f 1300 1299 1664
f 1299 1663 1664
f 1301 1300 1665
f 1300 1664 1665
f 1302 1301 1666
f 1301 1665 1666
f 1303 1302 1667
f 1302 1666 1667
f 1388 1123 1668
f 1307 1306 1669
f 1308 1307 1670
f 1307 1669 1670
f 1309 1308 1671
f 1308 1670 1671
f 1310 1309 1672
f 1309 1671 1672
f 1311 1310 1673
f 1310 1672 1673
f 1312 1311 1674
f 1311 1673 1674
f 1313 1312 1675
f 1312 1674 1675
f 1314 1313 1676
f 1313 1675 1676
f 1315 1314 1677
f 1314 1676 1677
f 1316 1315 1678
f 1315 1677 1678
f 1317 1316 1679
f 1316 1678 1679
f 1318 1317 1680
f 1317 1679 1680
f 1319 1318 1681
f 1318 1680 1681
f 1320 1319 1682
f 1319 1681 1682
f 1321 1320 1683
f 1320 1682 1683
f 1322 1321 1684
f 1321 1683 1684
f 1323 1322 1685
f 1322 1684 1685
f 1324 1323 1686
f 1323 1685 1686
f 1325 1324 1687
f 1324 1686 1687
f 1326 1325 1688
f 1325 1687 1688
f 1327 1326 1689
f 1326 1688 1689
f 1328 1327 1690
f 1327 1689 1690
f 1329 1328 1691
f 1328 1690 1691
f 1330 1329 1692
f 1329 1691 1692
f 1331 1330 1693
f 1330 1692 1693
f 1332 1331 1694
f 1331 1693 1694
f 1333 1332 1695
f 1332 1694 1695
f 1334 1333 1696
f 1333 1695 1696
f 1335 1334 1697
f 1334 1696 1697
f 1336 1335 1698
f 1335 1697 1698
f 1337 1336 1699
f 1336 1698 1699
f 1338 1337 1700
f 1337 1699 1700
f 1339 1338 1701
f 1338 1700 1701
f 1340 1339 1702
f 1339 1701 1702
f 1341 1340 1703
f 1340 1702 1703
f 1342 1341 1704
f 1341 1703 1704
f 1343 1342 1705
f 1342 1704 1705
f 1344 1343 1706
f 1343 1705 1706
f 1345 1344 1707
f 1344 1706 1707
f 1346 1345 1708
f 1345 1707 1708
f 1347 1346 1709
f 1346 1708 1709
f 1348 1347 1710
f 1347 1709 1710
f 1349 1348 1711
f 1348 1710 1711
f 1350 1349 1712
f 1349 1711 1712
f 1351 1350 1713
f 1350 1712 1713
f 1352 1351 1714
f 1351 1713 1714
f 1353 1352 1715
f 1352 1714 1715
f 1354 1353 1716
f 1353 1715 1716
f 1355 1354 1717
f 1354 1716 1717
f 1356 1355 1718
f 1355 1717 1718
f 1357 1356 1719
f 1356 1718 1719
f 1358 1357 1720
f 1357 1719 1720
f 1359 1358 1721
f 1358 1720 1721
f 1360 1359 1722
f 1359 1721 1722
f 1362 1114 1723
f 1363 1078 1724
f 1078 1471 1724
f 1176 1105 1725
f 1105 1449 1725
f 1364 1363 1726
f 1363 1724 1726
f 1128 1396 1727
f 1479 1128 1727
f 1396 1491 1727
f 1123 1387 1728
f 1387 1483 1728
f 1306 1109 1729
f 1669 1306 1729
f 1109 1107 1729
f 1374 1111 1730
f 1111 1477 1730
f 1107 1385 1729
f 1098 1093 1731
f 1099 1378 1732
f 1378 1466 1732
f 1366 1172 1733
f 1172 1507 1733
f 1367 1097 1734
f 1097 1539 1734
f 1368 1080 1735
f 1080 1457 1735
f 1175 1368 1736
f 1368 1735 1736
f 1171 1440 1737
f 1440 1536 1737
f 1441 1360 1738
f 1544 1441 1738
f 1360 1722 1738
f 1488 1126 1739
f 1126 1394 1739
f 1088 1465 1446
f 1373 1502 1457
f 1086 1459 1452
f 1177 1541 1470
f 1486 1122 1740
f 1122 1388 1740
f 1084 1374 1741
f 1087 1455 1447
f 1085 1458 1444
f 1460 1095 1742
f 1095 1367 1742
f 1377 1461 1451
f 1474 1132 1743
f 1132 1400 1743
f 1384 1079 1744
f 1079 1478 1744
f 1463 1173 1745
f 1173 1098 1745
f 1083 1464 1454
f 1473 1077 1746
f 1077 1117 1746
f 1466 1100 1747
f 1100 1379 1747
f 1442 1364 1748
f 1472 1151 1749
f 1151 1419 1749
f 1471 1365 1750
f 1365 1171 1750
f 1093 1108 1731
f 1467 1101 1751
f 1101 1380 1751
f 1442 1748 1449
f 1380 1468 1751
f 1102 1381 1752
f 1419 1517 1749
f 1385 1384 1753
f 1384 1744 1753
f 1469 1103 1754
f 1103 1382 1754
f 1476 1361 1755
f 1361 1176 1755
f 1729 1385 1753
f 1468 1102 1752
f 1123 1728 1668
f 1400 1496 1743
f 1483 1124 1756
f 1124 1392 1756
f 1118 1110 1757
f 1119 1081 1758
f 1081 1473 1758
f 1453 1391 1759
f 1391 1121 1759
f 1392 1487 1756
f 1482 1118 1757
f 1076 1362 1760
f 1084 1741 1443
f 1379 1467 1747
f 1076 1760 1478
f 1125 1393 1761
f 1394 1489 1739
f 1127 1490 1489
f 1491 1129 1762
f 1129 1397 1762
f 1397 1492 1762
f 1130 1398 1763
f 1131 1494 1493
f 1496 1133 1764
f 1133 1401 1764
f 1401 1497 1764
f 1134 1402 1765
f 1135 1403 1766
f 1136 1404 1767
f 1138 1406 1768
f 1139 1407 1769
f 1140 1408 1770
f 1367 1734 1742
f 1508 1410 1771
f 1410 1143 1771
f 1143 1509 1771
f 1411 1144 1772
f 1412 1145 1773
f 1413 1146 1774
f 1414 1147 1775
f 1415 1148 1776
f 1416 1149 1777
f 1417 1150 1778
f 1517 1152 1779
f 1152 1420 1779
f 1420 1518 1779
f 1153 1421 1780
f 1154 1422 1781
f 1155 1423 1782
f 1156 1424 1783
f 1157 1425 1784
f 1158 1426 1785
f 1159 1427 1786
f 1160 1428 1787
f 1161 1429 1788
f 1162 1430 1789
f 1163 1431 1790
f 1164 1432 1791
f 1165 1433 1792
f 1166 1434 1793
f 1167 1435 1794
f 1168 1436 1795
f 1169 1437 1796
f 1536 1178 1797
f 1178 1175 1797
f 1409 1537 1506
f 1538 1099 1732
f 1171 1737 1750
f 1543 1112 1798
f 1112 1119 1798
f 1388 1668 1740
f 1304 1303 1799
f 1481 1304 1799
f 1303 1667 1799
f 1362 1723 1760
f 1175 1736 1797
f 1723 1114 1800
f 1114 1305 1800
f 1438 1366 1801
f 1796 1437 1535
f 1795 1436 1534
f 1794 1435 1533
f 1793 1434 1532
f 1534 1169 1796
f 1533 1168 1795
f 1532 1167 1794
f 1531 1166 1793
f 1530 1165 1792
f 1529 1164 1791
f 1528 1163 1790
f 1527 1162 1789
f 1526 1161 1788
f 1525 1160 1787
f 1524 1159 1786
f 1523 1158 1785
f 1522 1157 1784
f 1521 1156 1783
f 1520 1155 1782
f 1519 1154 1781
f 1518 1153 1780
f 1515 1417 1778
f 1514 1416 1777
f 1513 1415 1776
f 1512 1414 1775
f 1511 1413 1774
f 1510 1412 1773
f 1509 1411 1772
f 1792 1433 1531
f 1505 1438 1801
f 1305 1179 1802
f 1800 1305 1802
f 1179 1543 1802
f 1098 1731 1745
f 1791 1432 1530
f 1117 1115 1803
f 1746 1117 1803
f 1115 1482 1803
f 1374 1730 1741
f 1499 1136 1767
f 1498 1135 1766
f 1497 1134 1765
f 1492 1130 1763
f 1789 1430 1528
f 1788 1429 1527
f 1787 1428 1526
f 1786 1427 1525
f 1790 1431 1529
f 1785 1426 1524
f 1784 1425 1523
f 1748 1364 1726
f 1783 1424 1522
f 1782 1423 1521
f 1752 1381 1469
f 1754 1382 1495
f 1755 1176 1725
f 1778 1150 1516
f 1777 1149 1515
f 1776 1148 1514
f 1125 1761 1487
f 1757 1110 1484
f 1759 1121 1540
f 1775 1147 1513
f 1774 1146 1512
f 1770 1408 1542
f 1769 1407 1504
f 1761 1393 1488
f 1768 1406 1503
f 1767 1404 1500
f 1763 1398 1493
f 1766 1403 1499
f 1765 1402 1498
f 1138 1768 1448
f 1139 1769 1503
f 1140 1770 1504
f 1773 1145 1511
f 1772 1144 1510
f 1781 1422 1520
f 1780 1421 1519
f 1801 1366 1733
f 1767 1500 1804
f 1457 1502 1805
f 1769 1504 1806
f 1783 1522 1807
f 1466 1747 1808
f 1775 1513 1809
f 1499 1767 1810
f 1767 1804 1810
f 1447 1455 1811
f 1456 1454 1812
f 1458 1452 1813
f 1728 1483 1814
f 1508 1771 1815
f 1477 1475 1816
f 1459 1447 1817
f 1447 1811 1817
f 1791 1530 1818
f 1462 1451 1819
f 1468 1752 1820
f 1465 1462 1821
f 1462 1819 1821
f 1741 1730 1822
f 1478 1760 1823
f 1472 1749 1824
f 1486 1740 1825
f 1668 1728 1826
f 1728 1814 1826
f 1515 1778 1827
f 1449 1748 1828
f 1754 1495 1829
f 1108 1470 1731
f 1453 1759 1830
f 1740 1668 1831
f 1668 1826 1831
f 1755 1725 1832
f 1463 1745 1833
f 1464 1445 1834
f 1482 1757 1835
f 1461 1443 1836
f 1669 1729 1753
f 1470 1541 1837
f 1474 1743 1838
f 1797 1736 1839
f 1751 1468 1840
f 1468 1820 1840
f 1443 1741 1841
f 1741 1822 1841
f 1503 1769 1842
f 1769 1806 1842
f 1768 1503 1843
f 1503 1842 1843
f 1739 1489 1844
f 1446 1465 1845
f 1465 1821 1845
f 1789 1528 1846
f 1756 1487 1847
f 1476 1755 1848
f 1755 1832 1848
f 1762 1492 1849
f 1766 1499 1850
f 1499 1810 1850
f 1493 1494 1851
f 1469 1754 1852
f 1754 1829 1852
f 1764 1497 1853
f 1448 1768 1854
f 1768 1843 1854
f 1765 1498 1855
f 1498 1766 1856
f 1766 1850 1856
f 1763 1493 1857
f 1493 1851 1857
f 1773 1511 1858
f 1761 1488 1859
f 1742 1734 1860
f 1792 1531 1861
f 1781 1520 1862
f 1509 1772 1863
f 1510 1773 1864
f 1773 1858 1864
f 1770 1542 1865
f 1774 1512 1866
f 1512 1775 1867
f 1775 1809 1867
f 1487 1761 1868
f 1761 1859 1868
f 1776 1514 1869
f 1777 1515 1870
f 1515 1827 1870
f 1517 1779 1871
f 1444 1458 1872
f 1458 1813 1872
f 1471 1750 1873
f 1801 1733 1874
f 1518 1780 1875
f 1519 1781 1876
f 1781 1862 1876
f 1752 1469 1877
f 1469 1852 1877
f 1782 1521 1878
f 1521 1783 1879
f 1878 1521 1879
f 1783 1807 1879
f 1784 1523 1880
f 1790 1529 1881
f 1524 1786 1882
f 1525 1787 1883
f 1526 1788 1884
f 1527 1789 1885
f 1789 1846 1885
f 1785 1524 1886
f 1524 1882 1886
f 1528 1790 1887
f 1790 1881 1887
f 1529 1791 1888
f 1791 1818 1888
f 1505 1801 1889
f 1801 1874 1889
f 1530 1792 1890
f 1792 1861 1890
f 1534 1796 1891
f 1793 1532 1892
f 1794 1533 1893
f 1795 1534 1894
f 1534 1891 1894
f 1536 1797 1895
f 1797 1839 1895
f 1451 1461 1896
f 1461 1836 1896
f 1445 1444 1897
f 1444 1872 1897
f 1540 1486 1898
f 1486 1825 1898
f 1541 1476 1899
f 1476 1848 1899
f 1460 1742 1900
f 1742 1860 1900
f 1506 1537 1901
f 1545 1544 1902
f 1544 1738 1902
f 1546 1545 1903
f 1545 1902 1903
f 1547 1546 1904
f 1546 1903 1904
f 1548 1547 1905
f 1547 1904 1905
f 1549 1548 1906
f 1548 1905 1906
f 1550 1549 1907
f 1549 1906 1907
f 1551 1550 1908
f 1550 1907 1908
f 1552 1551 1909
f 1551 1908 1909
f 1553 1552 1910
f 1552 1909 1910
f 1554 1553 1911
f 1553 1910 1911
f 1555 1554 1912
f 1554 1911 1912
f 1556 1555 1913
f 1555 1912 1913
f 1557 1556 1914
f 1556 1913 1914
f 1558 1557 1915
f 1557 1914 1915
f 1559 1558 1916
f 1558 1915 1916
f 1560 1559 1917
f 1559 1916 1917
f 1561 1560 1918
f 1560 1917 1918
f 1562 1561 1919
f 1561 1918 1919
f 1563 1562 1920
f 1562 1919 1920
f 1564 1563 1921
f 1563 1920 1921
f 1565 1564 1922
f 1564 1921 1922
f 1566 1565 1923
f 1565 1922 1923
f 1567 1566 1924
f 1566 1923 1924
f 1568 1567 1925
f 1567 1924 1925
f 1569 1568 1926
f 1568 1925 1926
f 1570 1569 1927
f 1569 1926 1927
f 1571 1570 1928
f 1570 1927 1928
f 1572 1571 1929
f 1571 1928 1929
f 1573 1572 1930
f 1572 1929 1930
f 1574 1573 1931
f 1573 1930 1931
f 1575 1574 1932
f 1574 1931 1932
f 1576 1575 1933
f 1575 1932 1933
f 1577 1576 1934
f 1576 1933 1934
f 1578 1577 1935
f 1577 1934 1935
f 1579 1578 1936
f 1578 1935 1936
f 1580 1579 1937
f 1579 1936 1937
f 1581 1580 1938
f 1580 1937 1938
f 1582 1581 1939
f 1581 1938 1939
f 1583 1582 1940
f 1582 1939 1940
f 1584 1583 1941
f 1583 1940 1941
f 1585 1584 1942
f 1584 1941 1942
f 1586 1585 1943
f 1585 1942 1943
f 1587 1586 1944
f 1586 1943 1944
f 1588 1587 1945
f 1587 1944 1945
f 1589 1588 1946
f 1588 1945 1946
f 1590 1589 1947
f 1589 1946 1947
f 1591 1590 1948
f 1590 1947 1948
f 1592 1591 1949
f 1591 1948 1949
f 1593 1592 1950
f 1592 1949 1950
f 1594 1593 1951
f 1593 1950 1951
f 1595 1594 1952
f 1594 1951 1952
f 1596 1595 1953
f 1595 1952 1953
f 1597 1596 1954
f 1596 1953 1954
f 1598 1597 1955
f 1597 1954 1955
f 1599 1598 1956
f 1598 1955 1956
f 1600 1599 1957
f 1599 1956 1957
f 1601 1600 1958
f 1600 1957 1958
f 1602 1601 1959
f 1601 1958 1959
f 1603 1602 1960
f 1602 1959 1960
f 1604 1603 1961
f 1603 1960 1961
f 1605 1604 1962
f 1604 1961 1962
f 1606 1605 1963
f 1605 1962 1963
f 1607 1606 1964
f 1606 1963 1964
f 1608 1607 1965
f 1607 1964 1965
f 1609 1608 1966
f 1608 1965 1966
f 1610 1609 1967
f 1609 1966 1967
f 1611 1610 1968
f 1610 1967 1968
f 1612 1611 1969
f 1611 1968 1969
f 1613 1612 1970
f 1612 1969 1970
f 1614 1613 1971
f 1613 1970 1971
f 1615 1614 1972
f 1614 1971 1972
f 1616 1615 1973
f 1615 1972 1973
f 1617 1616 1974
f 1616 1973 1974
f 1618 1617 1975
f 1617 1974 1975
f 1619 1618 1976
f 1618 1975 1976
f 1620 1619 1977
f 1619 1976 1977
f 1621 1620 1978
f 1620 1977 1978
f 1622 1621 1979
f 1621 1978 1979
f 1623 1622 1980
f 1622 1979 1980
f 1624 1623 1981
f 1623 1980 1981
f 1625 1624 1982
f 1624 1981 1982
f 1626 1625 1983
f 1625 1982 1983
f 1627 1626 1984
f 1626 1983 1984
f 1628 1627 1985
f 1627 1984 1985
f 1629 1628 1986
f 1628 1985 1986
f 1630 1629 1987
f 1629 1986 1987
f 1631 1630 1988
f 1630 1987 1988
f 1632 1631 1989
f 1631 1988 1989
f 1633 1632 1990
f 1632 1989 1990
f 1634 1633 1991
f 1633 1990 1991
f 1635 1634 1992
f 1634 1991 1992
f 1636 1635 1993
f 1635 1992 1993
f 1637 1636 1994
f 1636 1993 1994
f 1638 1637 1995
f 1637 1994 1995
f 1639 1638 1996
f 1638 1995 1996
f 1640 1639 1997
f 1639 1996 1997
f 1641 1640 1998
f 1640 1997 1998
f 1642 1641 1999
f 1641 1998 1999
f 1643 1642 2000
f 1642 1999 2000
f 1644 1643 2001
f 1643 2000 2001
f 1645 1644 2002
f 1644 2001 2002
f 1646 1645 2003
f 1645 2002 2003
f 1647 1646 2004
f 1646 2003 2004
f 1648 1647 2005
f 1647 2004 2005
f 1649 1648 2006
f 1648 2005 2006
f 1650 1649 2007
f 1649 2006 2007
f 1651 1650 2008
f 1650 2007 2008
f 1652 1651 2009
f 1651 2008 2009
f 1653 1652 2010
f 1652 2009 2010
f 1654 1653 2011
f 1653 2010 2011
f 1655 1654 2012
f 1654 2011 2012
f 1656 1655 2013
f 1655 2012 2013
f 1657 1656 2014
f 1656 2013 2014
f 1658 1657 2015
f 1657 2014 2015
f 1659 1658 2016
f 1658 2015 2016
f 1660 1659 2017
f 1659 2016 2017
f 1661 1660 2018
f 1660 2017 2018
f 1662 1661 2019
f 1661 2018 2019
f 1663 1662 2020
f 1662 2019 2020
f 1664 1663 2021
f 1663 2020 2021
f 1665 1664 2022
f 1664 2021 2022
f 1666 1665 2023
f 1665 2022 2023
f 1667 1666 2024
f 1666 2023 2024
f 1488 1739 2025
f 1739 1844 2025
f 1671 1670 2026
f 1672 1671 2027
f 1671 2026 2027
f 1673 1672 2028
f 1672 2027 2028
f 1674 1673 2029
f 1673 2028 2029
f 1675 1674 2030
f 1674 2029 2030
f 1676 1675 2031
f 1675 2030 2031
f 1677 1676 2032
f 1676 2031 2032
f 1678 1677 2033
f 1677 2032 2033
f 1679 1678 2034
f 1678 2033 2034
f 1680 1679 2035
f 1679 2034 2035
f 1681 1680 2036
f 1680 2035 2036
f 1682 1681 2037
f 1681 2036 2037
f 1683 1682 2038
f 1682 2037 2038
f 1684 1683 2039
f 1683 2038 2039
f 1685 1684 2040
f 1684 2039 2040
f 1686 1685 2041
f 1685 2040 2041
f 1687 1686 2042
f 1686 2041 2042
f 1688 1687 2043
f 1687 2042 2043
f 1689 1688 2044
f 1688 2043 2044
f 1690 1689 2045
f 1689 2044 2045
f 1691 1690 2046
f 1690 2045 2046
f 1692 1691 2047
f 1691 2046 2047
f 1693 1692 2048
f 1692 2047 2048
f 1694 1693 2049
f 1693 2048 2049
f 1695 1694 2050
f 1694 2049 2050
f 1696 1695 2051
f 1695 2050 2051
f 1697 1696 2052
f 1696 2051 2052
f 1698 1697 2053
f 1697 2052 2053
f 1699 1698 2054
f 1698 2053 2054
f 1700 1699 2055
f 1699 2054 2055
f 1701 1700 2056
f 1700 2055 2056
f 1702 1701 2057
f 1701 2056 2057
f 1703 1702 2058
f 1702 2057 2058
f 1704 1703 2059
f 1703 2058 2059
f 1705 1704 2060
f 1704 2059 2060
f 1706 1705 2061
f 1705 2060 2061
f 1707 1706 2062
f 1706 2061 2062
f 1708 1707 2063
f 1707 2062 2063
f 1709 1708 2064
f 1708 2063 2064
f 1710 1709 2065
f 1709 2064 2065
f 1711 1710 2066
f 1710 2065 2066
f 1712 1711 2067
f 1711 2066 2067
f 1713 1712 2068
f 1712 2067 2068
f 1714 1713 2069
f 1713 2068 2069
f 1715 1714 2070
f 1714 2069 2070
f 1716 1715 2071
f 1715 2070 2071
f 1717 1716 2072
f 1716 2071 2072
f 1718 1717 2073
f 1717 2072 2073
f 1719 1718 2074
f 1718 2073 2074
f 1720 1719 2075
f 1719 2074 2075
f 1721 1720 2076
f 1720 2075 2076
f 1722 1721 2077
f 1721 2076 2077
f 1725 1449 2078
f 1449 1828 2078
f 1726 1724 2079
f 1454 1464 2080
f 1464 1834 2080
f 1724 1471 2081
f 1471 1873 2081
f 1670 1669 2082
f 2026 1670 2082
f 1669 1753 2082
f 1730 1477 2083
f 1477 1816 2083
f 1539 1538 2084
f 1537 1508 2085
f 1901 1537 2085
f 1508 1815 2085
f 1535 1505 2086
f 1505 1889 2086
f 1516 1472 2087
f 1472 1824 2087
f 1507 1463 2088
f 1463 1833 2088
f 1502 1456 2089
f 1456 1812 2089
f 1732 1466 2090
f 1466 1808 2090
f 1467 1751 2091
f 1751 1840 2091
f 1494 1474 2092
f 1851 1494 2092
f 1474 1838 2092
f 1496 1764 2093
f 1764 1853 2093
f 1490 1479 2094
f 1733 1507 2095
f 1507 2088 2095
f 1734 1539 2096
f 1539 2084 2096
f 1735 1457 2097
f 1457 1805 2097
f 1736 1735 2098
f 1735 2097 2098
f 1737 1536 2099
f 1536 1895 2099
f 1491 1762 2100
f 1762 1849 2100
f 1731 1470 1837
f 1736 2098 1839
f 1485 1453 2101
f 1453 1830 2101
f 1487 1868 1847
f 1450 1481 1799
f 1811 1455 2102
f 1455 1446 2102
f 1480 1450 2103
f 1450 1799 2103
f 1452 1459 2104
f 1459 1817 2104
f 1818 1530 1890
f 1475 1460 2105
f 1483 1756 2106
f 1744 1478 2107
f 1478 1823 2107
f 1725 2078 1832
f 1443 1841 1836
f 1822 1730 2083
f 1734 2096 1860
f 1541 1899 1837
f 1543 1798 2108
f 1760 1723 2109
f 1731 1837 1745
f 1838 1743 2110
f 1743 1496 2110
f 1749 1517 2111
f 1778 1516 2112
f 1753 1744 2113
f 2082 1753 2113
f 1744 2107 2113
f 1740 1831 1825
f 1502 2089 1805
f 1835 1757 2114
f 1757 1484 2114
f 1724 2081 2079
f 1834 1445 1897
f 1833 1745 1837
f 1829 1495 2115
f 1495 1480 2115
f 1828 1748 2116
f 1748 1726 2116
f 1758 1473 2117
f 1480 2103 2115
f 1759 1540 2118
f 1119 1758 1798
f 1484 1485 2119
f 2114 1484 2119
f 1485 2101 2119
f 1824 1749 2111
f 1496 2093 2110
f 1823 1760 2109
f 1451 1896 1819
f 1820 1752 1877
f 1844 1489 2120
f 1489 1490 2120
f 1446 1845 2102
f 1846 1528 1887
f 1756 1847 2106
f 1816 1475 2105
f 1460 1900 2105
f 1849 1492 2121
f 1492 1763 2121
f 1763 1857 2121
f 1814 1483 2106
f 1813 1452 2104
f 1855 1498 1856
f 1497 1765 2122
f 1497 2122 1853
f 1812 1454 2080
f 1504 1770 2123
f 1809 1513 2124
f 1513 1776 2124
f 1488 2025 1859
f 1808 1747 2125
f 1747 1467 2125
f 1807 1522 2126
f 1522 1784 2126
f 1771 1509 2127
f 1509 1863 2127
f 1772 1510 2128
f 1865 1542 2129
f 1542 1506 2129
f 1511 1774 2130
f 1512 1867 1866
f 1869 1514 2131
f 1514 1777 2131
f 1777 1870 2131
f 1871 1779 2132
f 1779 1518 2132
f 1540 1898 2118
f 1806 1504 2123
f 1873 1750 2133
f 1750 1737 2133
f 1518 1875 2132
f 1780 1519 2134
f 1520 1782 2135
f 1881 1529 1888
f 1771 2127 1815
f 1523 1785 2136
f 1786 1525 2137
f 1787 1526 2138
f 1788 1527 2139
f 1531 1793 2140
f 1532 1794 2141
f 1533 1795 2142
f 1511 2130 1858
f 1667 2024 2103
f 1799 1667 2103
f 1804 1500 2143
f 1500 1501 2143
f 1796 1535 2144
f 2084 1538 2145
f 1538 1732 2145
f 1727 1491 2146
f 1491 2100 2146
f 1893 1533 2142
f 1892 1532 2141
f 1884 1788 2139
f 1883 1787 2138
f 1882 1786 2137
f 1875 1780 2134
f 1874 1733 2095
f 1802 1543 2147
f 1543 2108 2147
f 1501 1448 2148
f 2143 1501 2148
f 1448 1854 2148
f 1803 1482 2149
f 1482 1835 2149
f 1863 1772 2128
f 1862 1520 2135
f 1861 1531 2140
f 1738 1722 2150
f 1902 1738 2150
f 1722 2077 2150
f 2112 1516 2087
f 2109 1723 2151
f 1723 1800 2151
f 2111 1517 1871
f 1778 2112 1827
f 1759 2118 1830
f 2116 1726 2079
f 2117 1473 2152
f 1473 1746 2152
f 2120 1490 2094
f 1523 2136 1880
f 2142 1795 1894
f 2141 1794 1893
f 2122 1765 1855
f 2124 1776 1869
f 2123 1770 1865
f 1796 2144 1891
f 2129 1506 1901
f 2125 1467 2091
f 2126 1784 1880
f 2128 1510 1864
f 2130 1774 1866
f 2140 1793 1892
f 2139 1527 1885
f 2138 1526 1884
f 2133 1737 2099
f 2135 1782 1878
f 2134 1519 1876
f 2137 1525 1883
f 2136 1785 1886
f 2145 1732 2090
f 2144 1535 2086
f 1856 1850 2153
f 1854 1843 2154
f 2124 1869 2155
f 2128 1864 2156
f 1852 1829 2157
f 2126 1880 2158
f 1846 1887 2159
f 1891 2144 2160
f 1811 2102 2161
f 1848 1832 2162
f 1855 1856 2163
f 1856 2153 2163
f 1818 1890 2164
f 2026 2082 2165
f 2082 2113 2165
f 1827 2112 2166
f 2104 1817 2167
f 2135 1878 2168
f 1816 2105 2169
f 1849 2121 2170
f 1813 2104 2171
f 2104 2167 2171
f 1845 1821 2172
f 1825 1831 2173
f 2145 2090 2174
f 1840 1820 2175
f 2108 1798 2176
f 1798 1758 2176
f 1819 1896 2177
f 1824 2111 2178
f 1823 2109 2179
f 1830 2118 2180
f 1822 2083 2181
f 2116 2079 2182
f 1800 1802 2183
f 2151 1800 2183
f 1802 2147 2183
f 1836 1841 2184
f 2115 2103 2185
f 2103 2024 2185
f 1863 2128 2186
f 2128 2156 2186
f 1833 1837 2187
f 1837 1899 2187
f 1860 2096 2188
f 1806 2123 2189
f 1826 1814 2190
f 2120 2094 2191
f 1805 2089 2192
f 1841 1822 2193
f 1822 2181 2193
f 1842 1806 2194
f 1806 2189 2194
f 1843 1842 2195
f 1842 2194 2195
f 1821 1819 2196
f 1819 2177 2196
f 1817 1811 2197
f 1811 2161 2197
f 2093 1853 2198
f 2134 1876 2199
f 1828 2116 2200
f 2116 2182 2200
f 1812 2080 2201
f 1857 1851 2202
f 1809 2124 2203
f 2124 2155 2203
f 1810 1804 2204
f 2125 2091 2205
f 1893 2142 2206
f 1838 2110 2207
f 1844 2120 2208
f 2120 2191 2208
f 1862 2135 2209
f 2135 2168 2209
f 2127 1863 2210
f 1863 2186 2210
f 2130 1866 2211
f 1865 2129 2212
f 2140 1892 2213
f 1871 2132 2214
f 1868 1859 2215
f 1874 2095 2216
f 2131 1870 2217
f 1835 2114 2218
f 2137 1883 2219
f 1861 2140 2220
f 2140 2213 2220
f 1877 1852 2221
f 1852 2157 2221
f 1881 1888 2222
f 1758 2117 2176
f 1815 2127 2223
f 2127 2210 2223
f 1875 2134 2224
f 2134 2199 2224
f 2106 1847 2225
f 2136 1886 2226
f 1882 2137 2227
f 2137 2219 2227
f 2133 2099 2228
f 2138 1884 2229
f 1886 1882 2230
f 2226 1886 2230
f 1882 2227 2230
f 1887 1881 2231
f 1881 2222 2231
f 1888 1818 2232
f 2222 1888 2232
f 1818 2164 2232
f 1746 1803 2233
f 2152 1746 2233
f 1803 2149 2233
f 1889 1874 2234
f 1874 2216 2234
f 1890 1861 2235
f 1861 2220 2235
f 2139 1885 2236
f 1884 2139 2237
f 2139 2236 2237
f 2122 1855 2238
f 1855 2163 2238
f 2141 1893 2239
f 1893 2206 2239
f 1858 2130 2240
f 2130 2211 2240
f 1895 1839 2241
f 1896 1836 2242
f 1836 2184 2242
f 1897 1872 2243
f 1898 1825 2244
f 1825 2173 2244
f 1899 1848 2245
f 2187 1899 2245
f 1848 2162 2245
f 1900 1860 2246
f 1860 2188 2246
f 2086 1889 2247
f 1889 2234 2247
f 1903 1902 2248
f 1902 2150 2248
f 1904 1903 2249
f 1903 2248 2249
f 1905 1904 2250
f 1904 2249 2250
f 1906 1905 2251
f 1905 2250 2251
f 1907 1906 2252
f 1906 2251 2252
f 1908 1907 2253
f 1907 2252 2253
f 1909 1908 2254
f 1908 2253 2254
f 1910 1909 2255
f 1909 2254 2255
f 1911 1910 2256
f 1910 2255 2256
f 1912 1911 2257
f 1911 2256 2257
f 1913 1912 2258
f 1912 2257 2258
f 1914 1913 2259
f 1913 2258 2259
f 1915 1914 2260
f 1914 2259 2260
f 1916 1915 2261
f 1915 2260 2261
f 1917 1916 2262
f 1916 2261 2262
f 1918 1917 2263
f 1917 2262 2263
f 1919 1918 2264
f 1918 2263 2264
f 1920 1919 2265
f 1919 2264 2265
f 1921 1920 2266
f 1920 2265 2266
f 1922 1921 2267
f 1921 2266 2267
f 1923 1922 2268
f 1922 2267 2268
f 1924 1923 2269
f 1923 2268 2269
f 1925 1924 2270
f 1924 2269 2270
f 1926 1925 2271
f 1925 2270 2271
f 1927 1926 2272
f 1926 2271 2272
f 1928 1927 2273
f 1927 2272 2273
f 1929 1928 2274
f 1928 2273 2274
f 1930 1929 2275
f 1929 2274 2275
f 1931 1930 2276
f 1930 2275 2276
f 1932 1931 2277
f 1931 2276 2277
f 1933 1932 2278
f 1932 2277 2278
f 1934 1933 2279
f 1933 2278 2279
f 1935 1934 2280
f 1934 2279 2280
f 1936 1935 2281
f 1935 2280 2281
f 1937 1936 2282
f 1936 2281 2282
f 1938 1937 2283
f 1937 2282 2283
f 1939 1938 2284
f 1938 2283 2284
f 1940 1939 2285
f 1939 2284 2285
f 1941 1940 2286
f 1940 2285 2286
f 1942 1941 2287
f 1941 2286 2287
f 1943 1942 2288
f 1942 2287 2288
f 1944 1943 2289
f 1943 2288 2289
f 1945 1944 2290
f 1944 2289 2290
f 1946 1945 2291
f 1945 2290 2291
f 1947 1946 2292
f 1946 2291 2292
f 1948 1947 2293
f 1947 2292 2293
f 1949 1948 2294
f 1948 2293 2294
f 1950 1949 2295
f 1949 2294 2295
f 1951 1950 2296
f 1950 2295 2296
f 1952 1951 2297
f 1951 2296 2297
f 1953 1952 2298
f 1952 2297 2298
f 1954 1953 2299
f 1953 2298 2299
f 1955 1954 2300
f 1954 2299 2300
f 1956 1955 2301
f 1955 2300 2301
f 1957 1956 2302
f 1956 2301 2302
f 1958 1957 2303
f 1957 2302 2303
f 1959 1958 2304
f 1958 2303 2304
f 1960 1959 2305
f 1959 2304 2305
f 1961 1960 2306
f 1960 2305 2306
f 1962 1961 2307
f 1961 2306 2307
f 1963 1962 2308
f 1962 2307 2308
f 1964 1963 2309
f 1963 2308 2309
f 1965 1964 2310
f 1964 2309 2310
f 1966 1965 2311
f 1965 2310 2311
f 1967 1966 2312
f 1966 2311 2312
f 1968 1967 2313
f 1967 2312 2313
f 1969 1968 2314
f 1968 2313 2314
f 1970 1969 2315
f 1969 2314 2315
f 1971 1970 2316
f 1970 2315 2316
f 1972 1971 2317
f 1971 2316 2317
f 1973 1972 2318
f 1972 2317 2318
f 1974 1973 2319
f 1973 2318 2319
f 1975 1974 2320
f 1974 2319 2320
f 1976 1975 2321
f 1975 2320 2321
f 1977 1976 2322
f 1976 2321 2322
f 1978 1977 2323
f 1977 2322 2323
f 1979 1978 2324
f 1978 2323 2324
f 1980 1979 2325
f 1979 2324 2325
f 1981 1980 2326
f 1980 2325 2326
f 1982 1981 2327
f 1981 2326 2327
f 1983 1982 2328
f 1982 2327 2328
f 1984 1983 2329
f 1983 2328 2329
f 1985 1984 2330
f 1984 2329 2330
f 1986 1985 2331
f 1985 2330 2331
f 1987 1986 2332
f 1986 2331 2332
f 1988 1987 2333
f 1987 2332 2333
f 1989 1988 2334
f 1988 2333 2334
f 1990 1989 2335
f 1989 2334 2335
f 1991 1990 2336
f 1990 2335 2336
f 1992 1991 2337
f 1991 2336 2337
f 1993 1992 2338
f 1992 2337 2338
f 1994 1993 2339
f 1993 2338 2339
f 1995 1994 2340
f 1994 2339 2340
f 1996 1995 2341
f 1995 2340 2341
f 1997 1996 2342
f 1996 2341 2342
f 1998 1997 2343
f 1997 2342 2343
f 1999 1998 2344
f 1998 2343 2344
f 2000 1999 2345
f 1999 2344 2345
f 2001 2000 2346
f 2000 2345 2346
f 2002 2001 2347
f 2001 2346 2347
f 2003 2002 2348
f 2002 2347 2348
f 2004 2003 2349
f 2003 2348 2349
f 2005 2004 2350
f 2004 2349 2350
f 2006 2005 2351
f 2005 2350 2351
f 2007 2006 2352
f 2006 2351 2352
f 2008 2007 2353
f 2007 2352 2353
f 2009 2008 2354
f 2008 2353 2354
f 2010 2009 2355
f 2009 2354 2355
f 2011 2010 2356
f 2010 2355 2356
f 2012 2011 2357
f 2011 2356 2357
f 2013 2012 2358
f 2012 2357 2358
f 2014 2013 2359
f 2013 2358 2359
f 2015 2014 2360
f 2014 2359 2360
f 2016 2015 2361
f 2015 2360 2361
f 2017 2016 2362
f 2016 2361 2362
f 2018 2017 2363
f 2017 2362 2363
f 2019 2018 2364
f 2018 2363 2364
f 2020 2019 2365
f 2019 2364 2365
f 2021 2020 2366
f 2020 2365 2366
f 2022 2021 2367
f 2021 2366 2367
f 2023 2022 2368
f 2022 2367 2368
f 2024 2023 2185
f 2025 1844 2369
f 1844 2208 2369
f 2110 2093 2370
f 2207 2110 2370
f 2093 2198 2370
f 1870 1827 2371
f 2217 1870 2371
f 1827 2166 2371
f 2083 1816 2372
f 1816 2169 2372
f 2028 2027 2373
f 2029 2028 2374
f 2028 2373 2374
f 2030 2029 2375
f 2029 2374 2375
f 2031 2030 2376
f 2030 2375 2376
f 2032 2031 2377
f 2031 2376 2377
f 2033 2032 2378
f 2032 2377 2378
f 2034 2033 2379
f 2033 2378 2379
f 2035 2034 2380
f 2034 2379 2380
f 2036 2035 2381
f 2035 2380 2381
f 2037 2036 2382
f 2036 2381 2382
f 2038 2037 2383
f 2037 2382 2383
f 2039 2038 2384
f 2038 2383 2384
f 2040 2039 2385
f 2039 2384 2385
f 2041 2040 2386
f 2040 2385 2386
f 2042 2041 2387
f 2041 2386 2387
f 2043 2042 2388
f 2042 2387 2388
f 2044 2043 2389
f 2043 2388 2389
f 2045 2044 2390
f 2044 2389 2390
f 2046 2045 2391
f 2045 2390 2391
f 2047 2046 2392
f 2046 2391 2392
f 2048 2047 2393
f 2047 2392 2393
f 2049 2048 2394
f 2048 2393 2394
f 2050 2049 2395
f 2049 2394 2395
f 2051 2050 2396
f 2050 2395 2396
f 2052 2051 2397
f 2051 2396 2397
f 2053 2052 2398
f 2052 2397 2398
f 2054 2053 2399
f 2053 2398 2399
f 2055 2054 2400
f 2054 2399 2400
f 2056 2055 2401
f 2055 2400 2401
f 2057 2056 2402
f 2056 2401 2402
f 2058 2057 2403
f 2057 2402 2403
f 2059 2058 2404
f 2058 2403 2404
f 2060 2059 2405
f 2059 2404 2405
f 2061 2060 2406
f 2060 2405 2406
f 2062 2061 2407
f 2061 2406 2407
f 2063 2062 2408
f 2062 2407 2408
f 2064 2063 2409
f 2063 2408 2409
f 2065 2064 2410
f 2064 2409 2410
f 2066 2065 2411
f 2065 2410 2411
f 2067 2066 2412
f 2066 2411 2412
f 2068 2067 2413
f 2067 2412 2413
f 2069 2068 2414
f 2068 2413 2414
f 2070 2069 2415
f 2069 2414 2415
f 2071 2070 2416
f 2070 2415 2416
f 2072 2071 2417
f 2071 2416 2417
f 2073 2072 2418
f 2072 2417 2418
f 2074 2073 2419
f 2073 2418 2419
f 2075 2074 2420
f 2074 2419 2420
f 2076 2075 2421
f 2075 2420 2421
f 2077 2076 2422
f 2076 2421 2422
f 2078 1828 2423
f 1828 2200 2423
f 2084 2145 2424
f 2145 2174 2424
f 1479 1727 2425
f 1834 1897 2426
f 1897 2243 2426
f 1873 2133 2427
f 2133 2228 2427
f 2081 1873 2428
f 1873 2427 2428
f 2111 1871 2429
f 1871 2214 2429
f 2102 1845 2430
f 1845 2172 2430
f 2087 1824 2431
f 1824 2178 2431
f 2080 1834 2432
f 1834 2426 2432
f 2027 2026 2433
f 2373 2027 2433
f 2026 2165 2433
f 1894 1891 2434
f 1891 2160 2434
f 2088 1833 2187
f 1885 1846 2435
f 2236 1885 2435
f 1846 2159 2435
f 1876 1862 2436
f 2199 1876 2436
f 1862 2209 2436
f 1807 2126 2437
f 2126 2158 2437
f 2089 1812 2438
f 1812 2201 2438
f 1847 1868 2439
f 2225 1847 2439
f 1868 2215 2439
f 1872 1813 2440
f 1813 2171 2440
f 1867 1809 2441
f 1809 2203 2441
f 1869 2131 2442
f 2131 2217 2442
f 2091 1840 2443
f 1840 2175 2443
f 2095 2088 2444
f 2216 2095 2444
f 2088 2187 2444
f 2094 1479 2425
f 1808 2125 2445
f 2125 2205 2445
f 2132 1875 2446
f 1875 2224 2446
f 2096 2084 2447
f 2084 2424 2447
f 2097 1805 2448
f 1805 2192 2448
f 2098 2097 2449
f 2097 2448 2449
f 2099 1895 2450
f 1895 2241 2450
f 2100 1849 2451
f 1849 2170 2451
f 2425 1727 2146
f 2101 1830 2452
f 1830 2180 2452
f 2089 2438 2192
f 2107 1823 2453
f 1823 2179 2453
f 2094 2425 2454
f 1850 1810 2455
f 2164 1890 2235
f 2144 2086 2456
f 2166 2112 2457
f 2112 2087 2457
f 2087 2431 2457
f 2096 2447 2188
f 2172 1821 2196
f 1864 1858 2458
f 2184 1841 2193
f 1832 2078 2459
f 2108 2176 2460
f 2177 1896 2242
f 2080 2432 2201
f 1829 2115 2461
f 2094 2454 2191
f 1864 2458 2156
f 2117 2152 2462
f 1880 2136 2463
f 2182 2079 2464
f 2079 2081 2464
f 2083 2372 2181
f 2115 2185 2461
f 1831 1826 2465
f 2180 2118 2466
f 2118 1898 2466
f 1843 2195 2154
f 1826 2190 2465
f 1817 2197 2167
f 1832 2459 2162
f 2229 1884 2237
f 2179 2109 2467
f 2109 2151 2467
f 1820 1877 2468
f 2198 1853 2469
f 1853 2122 2469
f 2218 2114 2470
f 2114 2119 2470
f 1814 2106 2471
f 2178 2111 2429
f 2214 2132 2446
f 2106 2225 2471
f 2099 2450 2228
f 2121 1857 2472
f 1829 2461 2157
f 1857 2202 2472
f 2175 1820 2468
f 2174 2090 2473
f 2090 1808 2473
f 2173 1831 2465
f 1869 2442 2155
f 2149 1835 2474
f 1835 2218 2474
f 2170 2121 2472
f 2123 1865 2475
f 2204 1804 2476
f 1804 2143 2476
f 1858 2240 2458
f 2169 2105 2477
f 2105 1900 2477
f 2168 1878 2478
f 1878 1879 2478
f 1865 2212 2475
f 1877 2221 2468
f 2102 2430 2161
f 1866 1867 2479
f 1872 2440 2243
f 2144 2456 2160
f 1859 2025 2480
f 2091 2443 2205
f 1866 2479 2211
f 1859 2480 2215
f 2159 1887 2231
f 2158 1880 2463
f 2081 2428 2464
f 2122 2238 2469
f 2142 1894 2481
f 2176 2117 2482
f 2460 2176 2482
f 2117 2462 2482
f 2136 2226 2463
f 2123 2475 2189
f 1883 2138 2483
f 2129 1901 2484
f 1892 2141 2485
f 2241 1839 2486
f 1839 2098 2486
f 1898 2244 2466
f 1814 2471 2190
f 2213 1892 2485
f 2153 1850 2455
f 2085 1815 2487
f 1815 2223 2487
f 2146 2100 2488
f 2100 2451 2488
f 2212 2129 2484
f 1901 2085 2489
f 2484 1901 2489
f 2085 2487 2489
f 2206 2142 2481
f 1879 1807 2490
f 2478 1879 2490
f 1807 2437 2490
f 2202 1851 2491
f 1851 2092 2491
f 2147 2108 2492
f 2108 2460 2492
f 2148 1854 2493
f 1854 2154 2493
f 2150 2077 2494
f 2248 2150 2494
f 2077 2422 2494
f 2086 2247 2456
f 2092 1838 2495
f 1838 2207 2495
f 2455 1810 2204
f 2485 2141 2239
f 2459 2078 2423
f 1883 2483 2219
f 2473 1808 2445
f 2477 1900 2246
f 2479 1867 2441
f 2480 2025 2369
f 2481 1894 2434
f 2486 2098 2449
f 2483 2138 2229
f 2485 2239 2496
f 2454 2425 2497
f 2174 2473 2498
f 2206 2481 2499
f 2164 2235 2500
f 2479 2441 2501
f 2459 2423 2502
f 2166 2457 2503
f 2458 2240 2504
f 2486 2449 2505
f 2219 2483 2506
f 2425 2146 2497
f 2480 2369 2507
f 2169 2477 2508
f 2113 2107 2509
f 2165 2113 2509
f 2107 2453 2509
f 2184 2193 2510
f 2177 2242 2511
f 2469 2238 2512
f 2155 2442 2513
f 2191 2454 2514
f 2189 2475 2515
f 2192 2438 2516
f 2462 2152 2517
f 2152 2233 2517
f 2464 2428 2518
f 2182 2464 2519
f 2464 2518 2519
f 2190 2471 2520
f 2167 2197 2521
f 2180 2466 2522
f 2234 2216 2523
f 2186 2156 2524
f 2246 2188 2525
f 2172 2196 2526
f 2143 2148 2527
f 2476 2143 2527
f 2148 2493 2527
f 2119 2101 2528
f 2101 2452 2528
f 2181 2372 2529
f 2227 2219 2530
f 2219 2506 2530
f 2231 2222 2531
f 2194 2189 2532
f 2189 2515 2532
f 2195 2194 2533
f 2194 2532 2533
f 2196 2177 2534
f 2177 2511 2534
f 2161 2430 2535
f 2198 2469 2536
f 2469 2512 2536
f 2220 2213 2537
f 2228 2450 2538
f 2372 2169 2539
f 2169 2508 2539
f 2178 2429 2540
f 2159 2231 2541
f 2231 2531 2541
f 2175 2468 2542
f 2157 2461 2543
f 2171 2167 2544
f 2167 2521 2544
f 2455 2204 2545
f 2209 2168 2546
f 2162 2459 2547
f 2459 2502 2547
f 2210 2186 2548
f 2186 2524 2548
f 2215 2480 2549
f 2480 2507 2549
f 2163 2153 2550
f 2243 2440 2551
f 2229 2237 2552
f 2205 2443 2553
f 2170 2472 2554
f 2154 2195 2555
f 2195 2533 2555
f 2221 2157 2556
f 2157 2543 2556
f 2463 2226 2557
f 2223 2210 2558
f 2210 2548 2558
f 2224 2199 2559
f 2440 2171 2560
f 2171 2544 2560
f 2158 2463 2561
f 2463 2557 2561
f 2244 2173 2562
f 2242 2184 2563
f 2184 2510 2563
f 2235 2220 2564
f 2500 2235 2564
f 2220 2537 2564
f 2153 2455 2565
f 2455 2545 2565
f 2238 2163 2566
f 2512 2238 2566
f 2163 2550 2566
f 2239 2206 2567
f 2496 2239 2567
f 2206 2499 2567
f 2241 2486 2568
f 2486 2505 2568
f 2201 2432 2569
f 2160 2456 2570
f 2247 2234 2571
f 2234 2523 2571
f 2212 2484 2572
f 2465 2190 2573
f 2190 2520 2573
f 2249 2248 2574
f 2248 2494 2574
f 2250 2249 2575
f 2249 2574 2575
f 2251 2250 2576
f 2250 2575 2576
f 2252 2251 2577
f 2251 2576 2577
f 2253 2252 2578
f 2252 2577 2578
f 2254 2253 2579
f 2253 2578 2579
f 2255 2254 2580
f 2254 2579 2580
f 2256 2255 2581
f 2255 2580 2581
f 2257 2256 2582
f 2256 2581 2582
f 2258 2257 2583
f 2257 2582 2583
f 2259 2258 2584
f 2258 2583 2584
f 2260 2259 2585
f 2259 2584 2585
f 2261 2260 2586
f 2260 2585 2586
f 2262 2261 2587
f 2261 2586 2587
f 2263 2262 2588
f 2262 2587 2588
f 2264 2263 2589
f 2263 2588 2589
f 2265 2264 2590
f 2264 2589 2590
f 2266 2265 2591
f 2265 2590 2591
f 2267 2266 2592
f 2266 2591 2592
f 2268 2267 2593
f 2267 2592 2593
f 2269 2268 2594
f 2268 2593 2594
f 2270 2269 2595
f 2269 2594 2595
f 2271 2270 2596
f 2270 2595 2596
f 2272 2271 2597
f 2271 2596 2597
f 2273 2272 2598
f 2272 2597 2598
f 2274 2273 2599
f 2273 2598 2599
f 2275 2274 2600
f 2274 2599 2600
f 2276 2275 2601
f 2275 2600 2601
f 2277 2276 2602
f 2276 2601 2602
f 2278 2277 2603
f 2277 2602 2603
f 2279 2278 2604
f 2278 2603 2604
f 2280 2279 2605
f 2279 2604 2605
f 2281 2280 2606
f 2280 2605 2606
f 2282 2281 2607
f 2281 2606 2607
f 2283 2282 2608
f 2282 2607 2608
f 2284 2283 2609
f 2283 2608 2609
f 2285 2284 2610
f 2284 2609 2610
f 2286 2285 2611
f 2285 2610 2611
f 2287 2286 2612
f 2286 2611 2612
f 2288 2287 2613
f 2287 2612 2613
f 2289 2288 2614
f 2288 2613 2614
f 2290 2289 2615
f 2289 2614 2615
f 2291 2290 2616
f 2290 2615 2616
f 2292 2291 2617
f 2291 2616 2617
f 2293 2292 2618
f 2292 2617 2618
f 2294 2293 2619
f 2293 2618 2619
f 2295 2294 2620
f 2294 2619 2620
f 2296 2295 2621
f 2295 2620 2621
f 2297 2296 2622
f 2296 2621 2622
f 2298 2297 2623
f 2297 2622 2623
f 2299 2298 2624
f 2298 2623 2624
f 2300 2299 2625
f 2299 2624 2625
f 2301 2300 2626
f 2300 2625 2626
f 2302 2301 2627
f 2301 2626 2627
f 2303 2302 2628
f 2302 2627 2628
f 2304 2303 2629
f 2303 2628 2629
f 2305 2304 2630
f 2304 2629 2630
f 2306 2305 2631
f 2305 2630 2631
f 2307 2306 2632
f 2306 2631 2632
f 2308 2307 2633
f 2307 2632 2633
f 2309 2308 2634
f 2308 2633 2634
f 2310 2309 2635
f 2309 2634 2635
f 2311 2310 2636
f 2310 2635 2636
f 2312 2311 2637
f 2311 2636 2637
f 2313 2312 2638
f 2312 2637 2638
f 2314 2313 2639
f 2313 2638 2639
f 2315 2314 2640
f 2314 2639 2640
f 2316 2315 2641
f 2315 2640 2641
f 2317 2316 2642
f 2316 2641 2642
f 2318 2317 2643
f 2317 2642 2643
f 2319 2318 2644
f 2318 2643 2644
f 2320 2319 2645
f 2319 2644 2645
f 2321 2320 2646
f 2320 2645 2646
f 2322 2321 2647
f 2321 2646 2647
f 2323 2322 2648
f 2322 2647 2648
f 2324 2323 2649
f 2323 2648 2649
f 2325 2324 2650
f 2324 2649 2650
f 2326 2325 2651
f 2325 2650 2651
f 2327 2326 2652
f 2326 2651 2652
f 2328 2327 2653
f 2327 2652 2653
f 2329 2328 2654
f 2328 2653 2654
f 2330 2329 2655
f 2329 2654 2655
f 2331 2330 2656
f 2330 2655 2656
f 2332 2331 2657
f 2331 2656 2657
f 2333 2332 2658
f 2332 2657 2658
f 2334 2333 2659
f 2333 2658 2659
f 2335 2334 2660
f 2334 2659 2660
f 2336 2335 2661
f 2335 2660 2661
f 2337 2336 2662
f 2336 2661 2662
f 2338 2337 2663
f 2337 2662 2663
f 2339 2338 2664
f 2338 2663 2664
f 2340 2339 2665
f 2339 2664 2665
f 2341 2340 2666
f 2340 2665 2666
f 2342 2341 2667
f 2341 2666 2667
f 2343 2342 2668
f 2342 2667 2668
f 2344 2343 2669
f 2343 2668 2669
f 2345 2344 2670
f 2344 2669 2670
f 2346 2345 2671
f 2345 2670 2671
f 2347 2346 2672
f 2346 2671 2672
f 2348 2347 2673
f 2347 2672 2673
f 2349 2348 2674
f 2348 2673 2674
f 2350 2349 2675
f 2349 2674 2675
f 2351 2350 2676
f 2350 2675 2676
f 2352 2351 2677
f 2351 2676 2677
f 2353 2352 2678
f 2352 2677 2678
f 2354 2353 2679
f 2353 2678 2679
f 2355 2354 2680
f 2354 2679 2680
f 2356 2355 2681
f 2355 2680 2681
f 2357 2356 2682
f 2356 2681 2682
f 2358 2357 2683
f 2357 2682 2683
f 2359 2358 2684
f 2358 2683 2684
f 2360 2359 2685
f 2359 2684 2685
f 2361 2360 2686
f 2360 2685 2686
f 2362 2361 2687
f 2361 2686 2687
f 2363 2362 2688
f 2362 2687 2688
f 2364 2363 2689
f 2363 2688 2689
f 2365 2364 2690
f 2364 2689 2690
f 2366 2365 2691
f 2365 2690 2691
f 2367 2366 2692
f 2366 2691 2692
f 2368 2367 2693
f 2367 2692 2693
f 2426 2243 2694
f 2243 2551 2694
f 2374 2373 2695
f 2434 2160 2696
f 2160 2570 2696
f 2456 2247 2697
f 2247 2571 2697
f 2375 2374 2698
f 2374 2695 2698
f 2376 2375 2699
f 2375 2698 2699
f 2377 2376 2700
f 2376 2699 2700
f 2378 2377 2701
f 2377 2700 2701
f 2379 2378 2702
f 2378 2701 2702
f 2380 2379 2703
f 2379 2702 2703
f 2381 2380 2704
f 2380 2703 2704
f 2382 2381 2705
f 2381 2704 2705
f 2383 2382 2706
f 2382 2705 2706
f 2384 2383 2707
f 2383 2706 2707
f 2385 2384 2708
f 2384 2707 2708
f 2386 2385 2709
f 2385 2708 2709
f 2387 2386 2710
f 2386 2709 2710
f 2388 2387 2711
f 2387 2710 2711
f 2389 2388 2712
f 2388 2711 2712
f 2390 2389 2713
f 2389 2712 2713
f 2391 2390 2714
f 2390 2713 2714
f 2392 2391 2715
f 2391 2714 2715
f 2393 2392 2716
f 2392 2715 2716
f 2394 2393 2717
f 2393 2716 2717
f 2395 2394 2718
f 2394 2717 2718
f 2396 2395 2719
f 2395 2718 2719
f 2397 2396 2720
f 2396 2719 2720
f 2398 2397 2721
f 2397 2720 2721
f 2399 2398 2722
f 2398 2721 2722
f 2400 2399 2723
f 2399 2722 2723
f 2401 2400 2724
f 2400 2723 2724
f 2402 2401 2725
f 2401 2724 2725
f 2403 2402 2726
f 2402 2725 2726
f 2404 2403 2727
f 2403 2726 2727
f 2405 2404 2728
f 2404 2727 2728
f 2406 2405 2729
f 2405 2728 2729
f 2407 2406 2730
f 2406 2729 2730
f 2408 2407 2731
f 2407 2730 2731
f 2409 2408 2732
f 2408 2731 2732
f 2410 2409 2733
f 2409 2732 2733
f 2411 2410 2734
f 2410 2733 2734
f 2412 2411 2735
f 2411 2734 2735
f 2413 2412 2736
f 2412 2735 2736
f 2414 2413 2737
f 2413 2736 2737
f 2415 2414 2738
f 2414 2737 2738
f 2416 2415 2739
f 2415 2738 2739
f 2417 2416 2740
f 2416 2739 2740
f 2418 2417 2741
f 2417 2740 2741
f 2419 2418 2742
f 2418 2741 2742
f 2420 2419 2743
f 2419 2742 2743
f 2421 2420 2744
f 2420 2743 2744
f 2422 2421 2745
f 2421 2744 2745
f 2424 2174 2746
f 2174 2498 2746
f 2466 2244 2747
f 2244 2562 2747
f 2427 2228 2748
f 2228 2538 2748
f 2428 2427 2749
f 2427 2748 2749
f 2430 2172 2750
f 2172 2526 2750
f 2431 2178 2751
f 2178 2540 2751
f 2432 2426 2752
f 2426 2694 2752
f 2213 2485 2753
f 2537 2213 2753
f 2485 2496 2753
f 2208 2191 2754
f 2191 2514 2754
f 2211 2479 2755
f 2479 2501 2755
f 2203 2155 2756
f 2155 2513 2756
f 2438 2201 2757
f 2201 2569 2757
f 2200 2182 2758
f 2182 2519 2758
f 2173 2465 2759
f 2562 2173 2759
f 2465 2573 2759
f 2441 2203 2760
f 2203 2756 2760
f 2437 2158 2761
f 2158 2561 2761
f 2443 2175 2762
f 2175 2542 2762
f 2193 2181 2763
f 2181 2529 2763
f 2445 2205 2764
f 2205 2553 2764
f 2446 2224 2765
f 2224 2559 2765
f 2214 2446 2766
f 2446 2765 2766
f 2447 2424 2767
f 2424 2746 2767
f 2448 2192 2768
f 2192 2516 2768
f 2449 2448 2769
f 2448 2768 2769
f 2450 2241 2770
f 2241 2568 2770
f 2451 2170 2771
f 2170 2554 2771
f 2188 2447 2772
f 2447 2767 2772
f 2156 2458 2773
f 2524 2156 2773
f 2458 2504 2773
f 2497 2146 2488
f 2506 2483 2774
f 2483 2229 2774
f 2454 2497 2775
f 2236 2435 2776
f 2453 2179 2777
f 2466 2747 2522
f 2217 2371 2778
f 2092 2495 2491
f 2193 2763 2510
f 2505 2449 2769
f 2774 2229 2552
f 2432 2752 2569
f 2477 2246 2779
f 2511 2242 2563
f 2119 2528 2470
f 2503 2457 2780
f 2457 2431 2780
f 2153 2565 2550
f 2438 2757 2516
f 2462 2517 2781
f 2518 2428 2749
f 2183 2147 2782
f 2147 2492 2782
f 2225 2439 2783
f 2520 2471 2784
f 2471 2225 2784
f 2151 2183 2785
f 2183 2782 2785
f 2481 2434 2786
f 2461 2185 2787
f 2246 2525 2779
f 2431 2751 2780
f 2202 2491 2788
f 2529 2372 2539
f 2454 2775 2514
f 2230 2227 2789
f 2227 2530 2789
f 2467 2151 2785
f 2531 2222 2790
f 2222 2232 2790
f 2196 2534 2526
f 2225 2783 2784
f 2535 2430 2750
f 2197 2161 2791
f 2481 2786 2499
f 2473 2445 2792
f 2540 2429 2793
f 2429 2214 2793
f 2542 2468 2794
f 2468 2221 2794
f 2553 2443 2762
f 2552 2237 2795
f 2237 2236 2795
f 2551 2440 2560
f 2197 2791 2521
f 2546 2168 2796
f 2168 2478 2796
f 2502 2423 2797
f 2423 2200 2797
f 2023 2368 2185
f 2218 2470 2798
f 2543 2461 2787
f 2474 2218 2799
f 2218 2798 2799
f 2545 2204 2800
f 2204 2476 2800
f 2501 2441 2760
f 2207 2370 2801
f 2538 2450 2770
f 2473 2792 2498
f 2188 2772 2525
f 2523 2216 2802
f 2216 2444 2802
f 2482 2462 2803
f 2462 2781 2803
f 2472 2202 2804
f 2233 2149 2805
f 2149 2474 2805
f 2460 2482 2806
f 2482 2803 2806
f 2475 2212 2807
f 2559 2199 2808
f 2199 2436 2808
f 2226 2230 2809
f 2557 2226 2809
f 2230 2789 2809
f 2232 2164 2810
f 2164 2500 2810
f 2436 2209 2811
f 2808 2436 2811
f 2209 2546 2811
f 2570 2456 2697
f 2477 2779 2508
f 2240 2211 2812
f 2245 2162 2813
f 2162 2547 2813
f 2572 2484 2814
f 2484 2489 2814
f 2369 2208 2815
f 2370 2198 2816
f 2198 2536 2816
f 2695 2373 2817
f 2373 2433 2817
f 2434 2696 2786
f 2775 2497 2818
f 2497 2488 2818
f 2236 2776 2795
f 2475 2807 2515
f 2202 2788 2804
f 2793 2214 2766
f 2791 2161 2535
f 2792 2445 2764
f 2794 2221 2556
f 2797 2200 2758
f 2807 2212 2572
f 2369 2815 2507
f 2812 2211 2755
f 2815 2208 2754
f 2487 2223 2819
f 2223 2558 2819
f 2452 2180 2820
f 2180 2522 2820
f 2488 2451 2821
f 2451 2771 2821
f 2472 2804 2554
f 2433 2165 2822
f 2817 2433 2822
f 2165 2509 2822
f 2371 2166 2823
f 2778 2371 2823
f 2166 2503 2823
f 2435 2159 2824
f 2159 2541 2824
f 2490 2437 2825
f 2437 2761 2825
f 2513 2442 2826
f 2442 2217 2826
f 2492 2460 2827
f 2460 2806 2827
f 2493 2154 2828
f 2154 2555 2828
f 2439 2215 2829
f 2215 2549 2829
f 2495 2207 2830
f 2207 2801 2830
f 2240 2812 2504
f 2777 2179 2831
f 2179 2467 2831
f 2826 2217 2778
f 2368 2693 2787
f 2526 2534 2832
f 2522 2747 2833
f 2554 2804 2834
f 2491 2495 2835
f 2788 2491 2835
f 2495 2830 2835
f 2513 2826 2836
f 2791 2535 2837
f 2795 2776 2838
f 2807 2572 2839
f 2696 2570 2840
f 2812 2755 2841
f 2780 2751 2842
f 2187 2245 2843
f 2511 2563 2844
f 2792 2764 2845
f 2787 2185 2368
f 2815 2754 2846
f 2797 2758 2847
f 2774 2552 2848
f 2518 2749 2849
f 2783 2439 2829
f 2520 2784 2850
f 2779 2525 2851
f 2507 2815 2852
f 2815 2846 2852
f 2560 2544 2853
f 2558 2548 2854
f 2555 2533 2855
f 2529 2539 2856
f 2530 2506 2857
f 2478 2490 2858
f 2490 2825 2858
f 2534 2511 2859
f 2511 2844 2859
f 2499 2786 2860
f 2540 2793 2861
f 2503 2780 2862
f 2780 2842 2862
f 2514 2775 2863
f 2843 2245 2813
f 2515 2807 2864
f 2807 2839 2864
f 2552 2795 2865
f 2795 2838 2865
f 2547 2502 2866
f 2506 2774 2867
f 2774 2848 2867
f 2798 2470 2868
f 2470 2528 2868
f 2528 2452 2869
f 2452 2820 2869
f 2553 2762 2870
f 2501 2760 2871
f 2541 2531 2872
f 2801 2370 2816
f 2510 2763 2873
f 2538 2770 2874
f 2549 2507 2875
f 2507 2852 2875
f 2516 2757 2876
f 2505 2769 2877
f 2536 2512 2878
f 2422 2745 2574
f 2565 2545 2879
f 2569 2752 2880
f 2532 2515 2881
f 2515 2864 2881
f 2776 2435 2824
f 2502 2797 2882
f 2797 2847 2882
f 2556 2543 2883
f 2521 2791 2884
f 2791 2837 2884
f 2561 2557 2885
f 2568 2505 2886
f 2505 2877 2886
f 2551 2560 2887
f 2560 2853 2887
f 2573 2520 2888
f 2520 2850 2888
f 2571 2523 2889
f 2508 2779 2890
f 2779 2851 2890
f 2498 2792 2891
f 2792 2845 2891
f 2519 2518 2892
f 2518 2849 2892
f 2504 2812 2893
f 2812 2841 2893
f 2509 2453 2894
f 2822 2509 2894
f 2453 2777 2894
f 2517 2233 2805
f 2575 2574 2895
f 2574 2745 2895
f 2576 2575 2896
f 2575 2895 2896
f 2577 2576 2897
f 2576 2896 2897
f 2578 2577 2898
f 2577 2897 2898
f 2579 2578 2899
f 2578 2898 2899
f 2580 2579 2900
f 2579 2899 2900
f 2581 2580 2901
f 2580 2900 2901
f 2582 2581 2902
f 2581 2901 2902
f 2583 2582 2903
f 2582 2902 2903
f 2584 2583 2904
f 2583 2903 2904
f 2585 2584 2905
f 2584 2904 2905
f 2586 2585 2906
f 2585 2905 2906
f 2587 2586 2907
f 2586 2906 2907
f 2588 2587 2908
f 2587 2907 2908
f 2589 2588 2909
f 2588 2908 2909
f 2590 2589 2910
f 2589 2909 2910
f 2591 2590 2911
f 2590 2910 2911
f 2592 2591 2912
f 2591 2911 2912
f 2593 2592 2913
f 2592 2912 2913
f 2594 2593 2914
f 2593 2913 2914
f 2595 2594 2915
f 2594 2914 2915
f 2596 2595 2916
f 2595 2915 2916
f 2597 2596 2917
f 2596 2916 2917
f 2598 2597 2918
f 2597 2917 2918
f 2599 2598 2919
f 2598 2918 2919
f 2600 2599 2920
f 2599 2919 2920
f 2601 2600 2921
f 2600 2920 2921
f 2602 2601 2922
f 2601 2921 2922
f 2603 2602 2923
f 2602 2922 2923
f 2604 2603 2924
f 2603 2923 2924
f 2605 2604 2925
f 2604 2924 2925
f 2606 2605 2926
f 2605 2925 2926
f 2607 2606 2927
f 2606 2926 2927
f 2608 2607 2928
f 2607 2927 2928
f 2609 2608 2929
f 2608 2928 2929
f 2610 2609 2930
f 2609 2929 2930
f 2611 2610 2931
f 2610 2930 2931
f 2612 2611 2932
f 2611 2931 2932
f 2613 2612 2933
f 2612 2932 2933
f 2614 2613 2934
f 2613 2933 2934
f 2615 2614 2935
f 2614 2934 2935
f 2616 2615 2936
f 2615 2935 2936
f 2617 2616 2937
f 2616 2936 2937
f 2618 2617 2938
f 2617 2937 2938
f 2619 2618 2939
f 2618 2938 2939
f 2620 2619 2940
f 2619 2939 2940
f 2621 2620 2941
f 2620 2940 2941
f 2622 2621 2942
f 2621 2941 2942
f 2623 2622 2943
f 2622 2942 2943
f 2624 2623 2944
f 2623 2943 2944
f 2625 2624 2945
f 2624 2944 2945
f 2626 2625 2946
f 2625 2945 2946
f 2627 2626 2947
f 2626 2946 2947
f 2628 2627 2948
f 2627 2947 2948
f 2629 2628 2949
f 2628 2948 2949
f 2630 2629 2950
f 2629 2949 2950
f 2631 2630 2951
f 2630 2950 2951
f 2632 2631 2952
f 2631 2951 2952
f 2633 2632 2953
f 2632 2952 2953
f 2634 2633 2954
f 2633 2953 2954
f 2635 2634 2955
f 2634 2954 2955
f 2636 2635 2956
f 2635 2955 2956
f 2637 2636 2957
f 2636 2956 2957
f 2638 2637 2958
f 2637 2957 2958
f 2639 2638 2959
f 2638 2958 2959
f 2640 2639 2960
f 2639 2959 2960
f 2641 2640 2961
f 2640 2960 2961
f 2642 2641 2962
f 2641 2961 2962
f 2643 2642 2963
f 2642 2962 2963
f 2644 2643 2964
f 2643 2963 2964
f 2645 2644 2965
f 2644 2964 2965
f 2646 2645 2966
f 2645 2965 2966
f 2647 2646 2967
f 2646 2966 2967
f 2648 2647 2968
f 2647 2967 2968
f 2649 2648 2969
f 2648 2968 2969
f 2650 2649 2970
f 2649 2969 2970
f 2651 2650 2971
f 2650 2970 2971
f 2652 2651 2972
f 2651 2971 2972
f 2653 2652 2973
f 2652 2972 2973
f 2654 2653 2974
f 2653 2973 2974
f 2655 2654 2975
f 2654 2974 2975
f 2656 2655 2976
f 2655 2975 2976
f 2657 2656 2977
f 2656 2976 2977
f 2658 2657 2978
f 2657 2977 2978
f 2659 2658 2979
f 2658 2978 2979
f 2660 2659 2980
f 2659 2979 2980
f 2661 2660 2981
f 2660 2980 2981
f 2662 2661 2982
f 2661 2981 2982
f 2663 2662 2983
f 2662 2982 2983
f 2664 2663 2984
f 2663 2983 2984
f 2665 2664 2985
f 2664 2984 2985
f 2666 2665 2986
f 2665 2985 2986
f 2667 2666 2987
f 2666 2986 2987
f 2668 2667 2988
f 2667 2987 2988
f 2669 2668 2989
f 2668 2988 2989
f 2670 2669 2990
f 2669 2989 2990
f 2671 2670 2991
f 2670 2990 2991
f 2672 2671 2992
f 2671 2991 2992
f 2673 2672 2993
f 2672 2992 2993
f 2674 2673 2994
f 2673 2993 2994
f 2675 2674 2995
f 2674 2994 2995
f 2676 2675 2996
f 2675 2995 2996
f 2677 2676 2997
f 2676 2996 2997
f 2678 2677 2998
f 2677 2997 2998
f 2679 2678 2999
f 2678 2998 2999
f 2680 2679 3000
f 2679 2999 3000
f 2681 2680 3001
f 2680 3000 3001
f 2682 2681 3002
f 2681 3001 3002
f 2683 2682 3003
f 2682 3002 3003
f 2684 2683 3004
f 2683 3003 3004
f 2685 2684 3005
f 2684 3004 3005
f 2686 2685 3006
f 2685 3005 3006
f 2687 2686 3007
f 2686 3006 3007
f 2688 2687 3008
f 2687 3007 3008
f 2689 2688 3009
f 2688 3008 3009
f 2690 2689 3010
f 2689 3009 3010
f 2691 2690 3011
f 2690 3010 3011
f 2694 2551 3012
f 2551 2887 3012
f 2697 2571 3013
f 2571 2889 3013
f 2550 2565 3014
f 2565 2879 3014
f 2698 2695 3015
f 2699 2698 3016
f 2698 3015 3016
f 2700 2699 3017
f 2699 3016 3017
f 2701 2700 3018
f 2700 3017 3018
f 2702 2701 3019
f 2701 3018 3019
f 2703 2702 3020
f 2702 3019 3020
f 2704 2703 3021
f 2703 3020 3021
f 2705 2704 3022
f 2704 3021 3022
f 2706 2705 3023
f 2705 3022 3023
f 2707 2706 3024
f 2706 3023 3024
f 2708 2707 3025
f 2707 3024 3025
f 2709 2708 3026
f 2708 3025 3026
f 2710 2709 3027
f 2709 3026 3027
f 2711 2710 3028
f 2710 3027 3028
f 2712 2711 3029
f 2711 3028 3029
f 2713 2712 3030
f 2712 3029 3030
f 2714 2713 3031
f 2713 3030 3031
f 2715 2714 3032
f 2714 3031 3032
f 2716 2715 3033
f 2715 3032 3033
f 2717 2716 3034
f 2716 3033 3034
f 2718 2717 3035
f 2717 3034 3035
f 2719 2718 3036
f 2718 3035 3036
f 2720 2719 3037
f 2719 3036 3037
f 2721 2720 3038
f 2720 3037 3038
f 2722 2721 3039
f 2721 3038 3039
f 2723 2722 3040
f 2722 3039 3040
f 2724 2723 3041
f 2723 3040 3041
f 2725 2724 3042
f 2724 3041 3042
f 2726 2725 3043
f 2725 3042 3043
f 2727 2726 3044
f 2726 3043 3044
f 2728 2727 3045
f 2727 3044 3045
f 2729 2728 3046
f 2728 3045 3046
f 2730 2729 3047
f 2729 3046 3047
f 2731 2730 3048
f 2730 3047 3048
f 2732 2731 3049
f 2731 3048 3049
f 2733 2732 3050
f 2732 3049 3050
f 2734 2733 3051
f 2733 3050 3051
f 2735 2734 3052
f 2734 3051 3052
f 2736 2735 3053
f 2735 3052 3053
f 2737 2736 3054
f 2736 3053 3054
f 2738 2737 3055
f 2737 3054 3055
f 2739 2738 3056
f 2738 3055 3056
f 2740 2739 3057
f 2739 3056 3057
f 2741 2740 3058
f 2740 3057 3058
f 2742 2741 3059
f 2741 3058 3059
f 2743 2742 3060
f 2742 3059 3060
f 2744 2743 3061
f 2743 3060 3061
f 2745 2744 3062
f 2895 2745 3062
f 2744 3061 3062
f 2746 2498 3063
f 2498 2891 3063
f 2748 2538 3064
f 2538 2874 3064
f 2786 2696 3065
f 2696 2840 3065
f 2749 2748 3066
f 2748 3064 3066
f 2750 2526 3067
f 2526 2832 3067
f 2542 2794 3068
f 2751 2540 3069
f 2540 2861 3069
f 2489 2487 3070
f 2814 2489 3070
f 2487 2819 3070
f 2752 2694 3071
f 2694 3012 3071
f 2755 2501 3072
f 2501 2871 3072
f 2756 2513 3073
f 2513 2836 3073
f 2757 2569 3074
f 2569 2880 3074
f 2758 2519 3075
f 2519 2892 3075
f 2794 2556 3076
f 2556 2883 3076
f 2761 2561 3077
f 2561 2885 3077
f 2762 2542 3078
f 2542 3068 3078
f 2763 2529 3079
f 2529 2856 3079
f 2764 2553 3080
f 2553 2870 3080
f 2444 2187 2843
f 2765 2559 3081
f 2766 2765 3082
f 2765 3081 3082
f 2767 2746 3083
f 2746 3063 3083
f 2768 2516 3084
f 2516 2876 3084
f 2769 2768 3085
f 2768 3084 3085
f 2770 2568 3086
f 2568 2886 3086
f 2771 2554 3087
f 2554 2834 3087
f 2772 2767 3088
f 2767 3083 3088
f 2444 2843 2802
f 2763 3079 2873
f 2855 2533 3089
f 2533 2532 3089
f 2854 2548 3090
f 2548 2524 3090
f 2824 2541 3091
f 2541 2872 3091
f 2788 2835 3092
f 2837 2535 3093
f 2535 2750 3093
f 2762 3078 2870
f 2502 2882 2866
f 2552 2865 2848
f 2749 3066 2849
f 2537 2753 3094
f 2880 2752 3071
f 2802 2843 2813
f 2778 2823 3095
f 2794 3076 3068
f 2879 2545 3096
f 2545 2800 3096
f 2777 2831 3097
f 2851 2525 3098
f 2525 2772 3098
f 2847 2758 3075
f 2781 2517 3099
f 2798 2868 3100
f 2783 2829 3101
f 2782 2492 3102
f 2492 2827 3102
f 2850 2784 3103
f 2784 2783 3103
f 2562 2759 3104
f 2750 3067 3093
f 2785 2782 3105
f 2782 3102 3105
f 2563 2510 3106
f 2488 2821 2818
f 2769 3085 2877
f 2853 2544 3107
f 2544 2521 3107
f 2757 3074 2876
f 2755 3072 2841
f 2836 2826 3108
f 2826 2778 3108
f 2764 3080 2845
f 2478 2858 2796
f 2878 2512 3109
f 2512 2566 3109
f 2789 2530 3110
f 2530 2857 3110
f 2790 2232 2810
f 2467 2785 3111
f 2874 2770 3086
f 2860 2786 3065
f 2754 2514 3112
f 2844 2563 3106
f 2863 2775 3113
f 2775 2818 3113
f 2778 3095 3108
f 2534 2859 2832
f 2872 2531 3114
f 2531 2790 3114
f 2871 2760 3115
f 2760 2756 3115
f 2506 2867 2857
f 2868 2528 2869
f 2842 2751 3069
f 2543 2787 3116
f 2799 2798 3117
f 2798 3100 3117
f 2800 2476 3118
f 2476 2527 3118
f 2756 3073 3115
f 2801 2816 3119
f 2754 3112 2846
f 2539 2508 3120
f 2570 2697 3121
f 2697 3013 3121
f 2816 2536 3122
f 2536 2878 3122
f 2422 2574 2494
f 2781 3099 3123
f 2532 2881 3089
f 2527 2493 3124
f 2493 2828 3124
f 2523 2802 3125
f 2889 2523 3125
f 2802 2813 3125
f 2803 2781 3126
f 2781 3123 3126
f 2883 2543 3116
f 2793 2766 3127
f 2521 2884 3107
f 2810 2500 3128
f 2806 2803 3129
f 2803 3126 3129
f 2496 2567 3130
f 2785 3105 3111
f 2885 2557 3131
f 2557 2809 3131
f 2467 3111 2831
f 2840 2570 3121
f 2811 2546 3132
f 2564 2537 3133
f 2537 3094 3133
f 2566 2550 3134
f 3109 2566 3134
f 2550 3014 3134
f 2508 2890 3120
f 2839 2572 3135
f 2572 2814 3135
f 2776 2824 3136
f 2838 2776 3136
f 2824 3091 3136
f 2819 2558 3137
f 2558 2854 3137
f 2894 2777 3138
f 2777 3097 3138
f 2692 2691 3139
f 2510 2873 3106
f 2823 2503 3140
f 3095 2823 3140
f 2503 2862 3140
f 2856 2539 3120
f 3015 2695 3138
f 2747 2562 3141
f 2820 2522 3142
f 2522 2833 3142
f 2821 2771 3143
f 2771 3087 3143
f 2793 3127 2861
f 2804 2788 3144
f 2753 2496 3145
f 3094 2753 3145
f 2496 3130 3145
f 2834 2804 3144
f 2825 2761 3146
f 2761 3077 3146
f 2827 2806 3147
f 2806 3129 3147
f 2828 2555 3148
f 2555 2855 3148
f 2829 2549 3149
f 2549 2875 3149
f 2830 2801 3150
f 2801 3119 3150
f 2759 2573 3151
f 3104 2759 3151
f 2573 2888 3151
f 2500 2564 3152
f 3128 2500 3152
f 2564 3133 3152
f 2567 2499 3153
f 2499 2860 3153
f 3081 2559 3154
f 2559 2808 3154
f 2833 2747 3141
f 2766 3082 3127
f 2773 2504 3155
f 2504 2893 3155
f 3090 2524 3156
f 2524 2773 3156
f 3098 2772 3088
f 3141 2562 3104
f 3099 2517 2805
f 2783 3101 3103
f 3112 2514 2863
f 3132 2546 3157
f 2546 2796 3157
f 3139 2691 3011
f 3138 2695 2817
f 3144 2788 3092
f 3103 3101 3158
f 3141 3104 3159
f 3092 2835 3160
f 2835 2830 3160
f 2837 3093 3161
f 2808 2811 3162
f 3154 2808 3162
f 2811 3132 3162
f 2547 2866 3125
f 2890 2851 3163
f 3101 2829 3149
f 2886 2877 3164
f 2822 2894 2817
f 2881 2864 3165
f 2880 3071 3166
f 3068 3076 3167
f 3097 2831 3168
f 2831 3111 3168
f 2852 2846 3169
f 2849 3066 3170
f 3100 2868 3171
f 2868 2869 3171
f 2870 3078 3172
f 3112 2863 3173
f 2818 2821 3174
f 2821 3143 3174
f 3108 3095 3175
f 2474 2799 3176
f 2894 3138 2817
f 2832 2859 3177
f 3115 3073 3178
f 2790 2810 3179
f 2810 3128 3179
f 2853 3107 3180
f 2874 3086 3181
f 2875 2852 3182
f 2852 3169 3182
f 2854 3090 3183
f 3144 3092 3184
f 2844 3106 3185
f 2856 3120 3186
f 2865 2838 3187
f 2867 2848 3188
f 2848 2865 3189
f 2865 3187 3189
f 2862 2842 3190
f 2869 2820 3191
f 2820 3142 3191
f 2876 3074 3192
f 2866 2882 3193
f 3119 2816 3122
f 2846 3112 3194
f 3169 2846 3194
f 3112 3173 3194
f 2871 3115 3195
f 3115 3178 3195
f 2855 3089 3196
f 2474 3176 2805
f 2805 3176 3099
f 2547 3125 2813
f 3121 3013 3197
f 2841 3072 3198
f 2860 3065 3199
f 3089 2881 3200
f 2881 3165 3200
f 2884 2837 3201
f 2837 3161 3201
f 3098 3088 3202
f 2873 3079 3203
f 3120 2890 3204
f 2890 3163 3204
f 3107 2884 3205
f 2884 3201 3205
f 2847 3075 3206
f 3130 2567 3153
f 2836 3108 3207
f 3108 3175 3207
f 2833 3141 3208
f 3141 3159 3208
f 2809 2789 3209
f 2789 3110 3209
f 2889 3125 3210
f 2861 3127 3211
f 2857 2867 3212
f 2867 3188 3212
f 2887 2853 3213
f 2853 3180 3213
f 2834 3144 3214
f 3144 3184 3214
f 2858 2825 3215
f 2825 3146 3215
f 2692 3139 3116
f 2888 2850 3216
f 2845 3080 3217
f 2891 2845 3218
f 2845 3217 3218
f 2892 2849 3219
f 2849 3170 3219
f 3139 3011 3220
f 2893 2841 3221
f 2841 3198 3221
f 3138 3097 3222
f 3015 3138 3222
f 3097 3168 3222
f 3063 2891 3223
f 2891 3218 3223
f 3123 3099 3224
f 3099 3176 3224
f 2896 2895 3225
f 2895 3062 3225
f 2897 2896 3226
f 2896 3225 3226
f 2898 2897 3227
f 2897 3226 3227
f 2899 2898 3228
f 2898 3227 3228
f 2900 2899 3229
f 2899 3228 3229
f 2901 2900 3230
f 2900 3229 3230
f 2902 2901 3231
f 2901 3230 3231
f 2903 2902 3232
f 2902 3231 3232
f 2904 2903 3233
f 2903 3232 3233
f 2905 2904 3234
f 2904 3233 3234
f 2906 2905 3235
f 2905 3234 3235
f 2907 2906 3236
f 2906 3235 3236
f 2908 2907 3237
f 2907 3236 3237
f 2909 2908 3238
f 2908 3237 3238
f 2910 2909 3239
f 2909 3238 3239
f 2911 2910 3240
f 2910 3239 3240
f 2912 2911 3241
f 2911 3240 3241
f 2913 2912 3242
f 2912 3241 3242
f 2914 2913 3243
f 2913 3242 3243
f 2915 2914 3244
f 2914 3243 3244
f 2916 2915 3245
f 2915 3244 3245
f 2917 2916 3246
f 2916 3245 3246
f 2918 2917 3247
f 2917 3246 3247
f 2919 2918 3248
f 2918 3247 3248
f 2920 2919 3249
f 2919 3248 3249
f 2921 2920 3250
f 2920 3249 3250
f 2922 2921 3251
f 2921 3250 3251
f 2923 2922 3252
f 2922 3251 3252
f 2924 2923 3253
f 2923 3252 3253
f 2925 2924 3254
f 2924 3253 3254
f 2926 2925 3255
f 2925 3254 3255
f 2927 2926 3256
f 2926 3255 3256
f 2928 2927 3257
f 2927 3256 3257
f 2929 2928 3258
f 2928 3257 3258
f 2930 2929 3259
f 2929 3258 3259
f 2931 2930 3260
f 2930 3259 3260
f 2932 2931 3261
f 2931 3260 3261
f 2933 2932 3262
f 2932 3261 3262
f 2934 2933 3263
f 2933 3262 3263
f 2935 2934 3264
f 2934 3263 3264
f 2936 2935 3265
f 2935 3264 3265
f 2937 2936 3266
f 2936 3265 3266
f 2938 2937 3267
f 2937 3266 3267
f 2939 2938 3268
f 2938 3267 3268
f 2940 2939 3269
f 2939 3268 3269
f 2941 2940 3270
f 2940 3269 3270
f 2942 2941 3271
f 2941 3270 3271
f 2943 2942 3272
f 2942 3271 3272
f 2944 2943 3273
f 2943 3272 3273
f 2945 2944 3274
f 2944 3273 3274
f 2946 2945 3275
f 2945 3274 3275
f 2947 2946 3276
f 2946 3275 3276
f 2948 2947 3277
f 2947 3276 3277
f 2949 2948 3278
f 2948 3277 3278
f 2950 2949 3279
f 2949 3278 3279
f 2951 2950 3280
f 2950 3279 3280
f 2952 2951 3281
f 2951 3280 3281
f 2953 2952 3282
f 2952 3281 3282
f 2954 2953 3283
f 2953 3282 3283
f 2955 2954 3284
f 2954 3283 3284
f 2956 2955 3285
f 2955 3284 3285
f 2957 2956 3286
f 2956 3285 3286
f 2958 2957 3287
f 2957 3286 3287
f 2959 2958 3288
f 2958 3287 3288
f 2960 2959 3289
f 2959 3288 3289
f 2961 2960 3290
f 2960 3289 3290
f 2962 2961 3291
f 2961 3290 3291
f 2963 2962 3292
f 2962 3291 3292
f 2964 2963 3293
f 2963 3292 3293
f 2965 2964 3294
f 2964 3293 3294
f 2966 2965 3295
f 2965 3294 3295
f 2967 2966 3296
f 2966 3295 3296
f 2968 2967 3297
f 2967 3296 3297
f 2969 2968 3298
f 2968 3297 3298
f 2970 2969 3299
f 2969 3298 3299
f 2971 2970 3300
f 2970 3299 3300
f 2972 2971 3301
f 2971 3300 3301
f 2973 2972 3302
f 2972 3301 3302
f 2974 2973 3303
f 2973 3302 3303
f 2975 2974 3304
f 2974 3303 3304
f 2976 2975 3305
f 2975 3304 3305
f 2977 2976 3306
f 2976 3305 3306
f 2978 2977 3307
f 2977 3306 3307
f 2979 2978 3308
f 2978 3307 3308
f 2980 2979 3309
f 2979 3308 3309
f 2981 2980 3310
f 2980 3309 3310
f 2982 2981 3311
f 2981 3310 3311
f 2983 2982 3312
f 2982 3311 3312
f 2984 2983 3313
f 2983 3312 3313
f 2985 2984 3314
f 2984 3313 3314
f 2986 2985 3315
f 2985 3314 3315
f 2987 2986 3316
f 2986 3315 3316
f 2988 2987 3317
f 2987 3316 3317
f 2989 2988 3318
f 2988 3317 3318
f 2990 2989 3319
f 2989 3318 3319
f 2991 2990 3320
f 2990 3319 3320
f 2992 2991 3321
f 2991 3320 3321
f 2993 2992 3322
f 2992 3321 3322
f 2994 2993 3323
f 2993 3322 3323
f 2995 2994 3324
f 2994 3323 3324
f 2996 2995 3325
f 2995 3324 3325
f 2997 2996 3326
f 2996 3325 3326
f 2998 2997 3327
f 2997 3326 3327
f 2999 2998 3328
f 2998 3327 3328
f 3000 2999 3329
f 2999 3328 3329
f 3001 3000 3330
f 3000 3329 3330
f 3002 3001 3331
f 3001 3330 3331
f 3003 3002 3332
f 3002 3331 3332
f 3004 3003 3333
f 3003 3332 3333
f 3005 3004 3334
f 3004 3333 3334
f 3006 3005 3335
f 3005 3334 3335
f 3007 3006 3336
f 3006 3335 3336
f 3008 3007 3337
f 3007 3336 3337
f 3009 3008 3338
f 3008 3337 3338
f 3010 3009 3339
f 3009 3338 3339
f 3011 3010 3340
f 3220 3011 3340
f 3010 3339 3340
f 3012 2887 3341
f 2887 3213 3341
f 3106 2873 3342
f 2873 3203 3342
f 2693 2692 3116
f 3013 2889 3343
f 3197 3013 3343
f 2889 3210 3343
f 3014 2879 3344
f 3017 3016 3345
f 3018 3017 3346
f 3017 3345 3346
f 3019 3018 3347
f 3018 3346 3347
f 3020 3019 3348
f 3019 3347 3348
f 3021 3020 3349
f 3020 3348 3349
f 3022 3021 3350
f 3021 3349 3350
f 3023 3022 3351
f 3022 3350 3351
f 3024 3023 3352
f 3023 3351 3352
f 3025 3024 3353
f 3024 3352 3353
f 3026 3025 3354
f 3025 3353 3354
f 3027 3026 3355
f 3026 3354 3355
f 3028 3027 3356
f 3027 3355 3356
f 3029 3028 3357
f 3028 3356 3357
f 3030 3029 3358
f 3029 3357 3358
f 3031 3030 3359
f 3030 3358 3359
f 3032 3031 3360
f 3031 3359 3360
f 3033 3032 3361
f 3032 3360 3361
f 3034 3033 3362
f 3033 3361 3362
f 3035 3034 3363
f 3034 3362 3363
f 3036 3035 3364
f 3035 3363 3364
f 3037 3036 3365
f 3036 3364 3365
f 3038 3037 3366
f 3037 3365 3366
f 3039 3038 3367
f 3038 3366 3367
f 3040 3039 3368
f 3039 3367 3368
f 3041 3040 3369
f 3040 3368 3369
f 3042 3041 3370
f 3041 3369 3370
f 3043 3042 3371
f 3042 3370 3371
f 3044 3043 3372
f 3043 3371 3372
f 3045 3044 3373
f 3044 3372 3373
f 3046 3045 3374
f 3045 3373 3374
f 3047 3046 3375
f 3046 3374 3375
f 3048 3047 3376
f 3047 3375 3376
f 3049 3048 3377
f 3048 3376 3377
f 3050 3049 3378
f 3049 3377 3378
f 3051 3050 3379
f 3050 3378 3379
f 3052 3051 3380
f 3051 3379 3380
f 3053 3052 3381
f 3052 3380 3381
f 3054 3053 3382
f 3053 3381 3382
f 3055 3054 3383
f 3054 3382 3383
f 3056 3055 3384
f 3055 3383 3384
f 3057 3056 3385
f 3056 3384 3385
f 3058 3057 3386
f 3057 3385 3386
f 3059 3058 3387
f 3058 3386 3387
f 3060 3059 3388
f 3059 3387 3388
f 3061 3060 3389
f 3060 3388 3389
f 3069 2861 3390
f 2861 3211 3390
f 3064 2874 3391
f 2874 3181 3391
f 3066 3064 3392
f 3064 3391 3392
f 3067 2832 3393
f 2832 3177 3393
f 3016 3015 3394
f 3345 3016 3394
f 3015 3222 3394
f 3072 2871 3395
f 2871 3195 3395
f 3073 2836 3396
f 2836 3207 3396
f 2787 2693 3116
f 3074 2880 3397
f 2880 3166 3397
f 3075 2892 3398
f 2892 3219 3398
f 3076 2883 3220
f 3077 2885 3399
f 2883 3116 3139
f 3078 3068 3400
f 3068 3167 3400
f 2850 3103 3401
f 3103 3158 3401
f 3079 2856 3402
f 2856 3186 3402
f 3080 2870 3403
f 2870 3172 3403
f 3082 3081 3404
f 3176 2799 3405
f 3224 3176 3405
f 2799 3117 3405
f 2840 3121 3406
f 3121 3197 3406
f 3083 3063 3407
f 3063 3223 3407
f 3084 2876 3408
f 2876 3192 3408
f 3085 3084 3409
f 3084 3408 3409
f 3086 2886 3410
f 2886 3164 3410
f 3087 2834 3411
f 2834 3214 3411
f 3088 3083 3412
f 3083 3407 3412
f 2883 3139 3220
f 2527 3124 3118
f 3171 2869 3191
f 3091 2872 3413
f 2809 3209 3131
f 3161 3093 3414
f 3093 3067 3414
f 3163 2851 3415
f 2851 3098 3415
f 3107 3205 3180
f 3102 2827 3416
f 2827 3147 3416
f 3164 2877 3417
f 2877 3085 3417
f 3165 2864 3418
f 2864 2839 3418
f 3075 3398 3206
f 2850 3401 3216
f 3170 3066 3392
f 3132 3157 3419
f 3168 3111 3420
f 3111 3105 3420
f 3086 3410 3181
f 3096 2800 3421
f 2800 3118 3421
f 3100 3171 3422
f 3172 3078 3400
f 3167 3076 3220
f 3073 3396 3178
f 3166 3071 3423
f 3071 3012 3423
f 2818 3174 3113
f 3105 3102 3424
f 3420 3105 3424
f 3102 3416 3424
f 3175 3095 3425
f 3095 3140 3425
f 3203 3079 3402
f 3179 3128 3426
f 3088 3412 3202
f 2790 3179 3114
f 3186 3120 3204
f 3110 2857 3427
f 2857 3212 3427
f 2859 2844 3428
f 3183 3090 3429
f 3090 3156 3429
f 2796 2858 3430
f 2844 3185 3428
f 3080 3403 3217
f 3106 3342 3185
f 2848 3189 3188
f 2878 3109 3431
f 3190 2842 3432
f 2842 3069 3432
f 3117 3100 3433
f 3100 3422 3433
f 3074 3397 3192
f 2866 3193 3210
f 3119 3122 3434
f 3196 3089 3200
f 3198 3072 3395
f 2830 3150 3160
f 3122 2878 3435
f 2878 3431 3435
f 3193 2882 3436
f 2882 2847 3436
f 3211 3127 3437
f 3127 3082 3437
f 3124 2828 3438
f 2828 3148 3438
f 3012 3341 3423
f 3344 2879 3439
f 2879 3096 3439
f 3199 3065 3440
f 3065 2840 3440
f 3129 3126 3441
f 2773 3155 3156
f 3153 2860 3442
f 2860 3199 3442
f 3177 2859 3428
f 3130 3153 3443
f 3153 3442 3443
f 3210 3125 2866
f 3067 3393 3414
f 3133 3094 3444
f 3162 3132 3445
f 3132 3419 3445
f 3134 3014 3446
f 3014 3344 3446
f 3082 3404 3437
f 3187 2838 3447
f 2838 3136 3447
f 3123 3224 3448
f 3135 2814 3449
f 2814 3070 3449
f 3140 2862 3450
f 3425 3140 3450
f 2862 3190 3450
f 3142 2833 3451
f 2833 3208 3451
f 3159 3104 3452
f 3104 3151 3452
f 3069 3390 3432
f 3062 3061 3453
f 3225 3062 3453
f 3061 3389 3453
f 3085 3409 3417
f 3143 3087 3454
f 3087 3411 3454
f 3145 3130 3455
f 3130 3443 3455
f 3158 3101 3456
f 3101 3149 3456
f 3070 2819 3457
f 2819 3137 3457
f 3137 2854 3458
f 2854 3183 3458
f 3094 3145 3459
f 3444 3094 3459
f 3145 3455 3459
f 3184 3092 3460
f 3092 3160 3460
f 3098 3202 3415
f 3146 3077 3461
f 3077 3399 3461
f 3147 3129 3462
f 3129 3441 3462
f 3399 2885 3463
f 2885 3131 3463
f 3148 2855 3464
f 2855 3196 3464
f 3149 2875 3465
f 3456 3149 3465
f 2875 3182 3465
f 3150 3119 3466
f 3119 3434 3466
f 3151 2888 3467
f 3452 3151 3467
f 2888 3216 3467
f 3404 3081 3468
f 3081 3154 3468
f 3173 2863 3469
f 2863 3113 3469
f 3155 2893 3470
f 2893 3221 3470
f 3413 2872 3471
f 2872 3114 3471
f 3418 2839 3472
f 2839 3135 3472
f 2796 3430 3157
f 3426 3128 3473
f 3128 3152 3473
f 3430 2858 3215
f 3436 2847 3206
f 3440 2840 3406
f 3415 3202 3474
f 3154 3162 3475
f 3468 3154 3475
f 3162 3445 3475
f 3182 3169 3476
f 3419 3157 3477
f 3157 3430 3477
f 3168 3420 3478
f 3422 3171 3479
f 3171 3191 3479
f 3195 3178 3480
f 3172 3400 3481
f 3180 3205 3482
f 3192 3397 3483
f 3164 3417 3484
f 3152 3133 3485
f 3473 3152 3485
f 3133 3444 3485
f 3163 3415 3486
f 3415 3474 3486
f 3203 3402 3487
f 3437 3404 3488
f 3166 3423 3489
f 3440 3406 3490
f 3217 3403 3491
f 3221 3198 3492
f 3109 3134 3493
f 3431 3109 3493
f 3134 3446 3493
f 3436 3206 3494
f 3428 3185 3495
f 3218 3217 3496
f 3217 3491 3496
f 3186 3204 3497
f 3432 3390 3498
f 3170 3392 3499
f 3190 3432 3500
f 3432 3498 3500
f 3212 3188 3501
f 3434 3122 3435
f 3210 3193 3502
f 3343 3210 3502
f 3193 3436 3502
f 3414 3393 3503
f 3196 3200 3504
f 3204 3163 3505
f 3163 3486 3505
f 3160 3150 3506
f 3460 3160 3506
f 3150 3466 3506
f 3123 3448 3507
f 3177 3428 3508
f 3428 3495 3508
f 3191 3142 3509
f 3142 3451 3509
f 3201 3161 3510
f 3114 3179 3511
f 3179 3426 3511
f 3397 3166 3512
f 3166 3489 3512
f 3205 3201 3513
f 3201 3510 3513
f 3441 3126 3507
f 3189 3187 3514
f 3211 3437 3515
f 3437 3488 3515
f 3156 3155 3516
f 3155 3470 3516
f 3216 3401 3517
f 3207 3175 3518
f 3208 3159 3519
f 3181 3410 3520
f 3209 3110 3521
f 3110 3427 3521
f 3161 3414 3522
f 3414 3503 3522
f 3507 3448 3523
f 3213 3180 3524
f 3180 3482 3524
f 3214 3184 3525
f 3215 3146 3526
f 3146 3461 3526
f 3126 3123 3507
f 3448 3224 3527
f 3224 3405 3527
f 3136 3091 3528
f 3447 3136 3528
f 3091 3413 3528
f 3188 3189 3529
f 3501 3188 3529
f 3189 3514 3529
f 3430 3215 3530
f 3477 3430 3530
f 3215 3526 3530
f 3219 3170 3531
f 3170 3499 3531
f 3341 3213 3532
f 3213 3524 3532
f 3222 3168 3478
f 3226 3225 3533
f 3225 3453 3533
f 3227 3226 3534
f 3226 3533 3534
f 3228 3227 3535
f 3227 3534 3535
f 3229 3228 3536
f 3228 3535 3536
f 3230 3229 3537
f 3229 3536 3537
f 3231 3230 3538
f 3230 3537 3538
f 3232 3231 3539
f 3231 3538 3539
f 3233 3232 3540
f 3232 3539 3540
f 3234 3233 3541
f 3233 3540 3541
f 3235 3234 3542
f 3234 3541 3542
f 3236 3235 3543
f 3235 3542 3543
f 3237 3236 3544
f 3236 3543 3544
f 3238 3237 3545
f 3237 3544 3545
f 3239 3238 3546
f 3238 3545 3546
f 3240 3239 3547
f 3239 3546 3547
f 3241 3240 3548
f 3240 3547 3548
f 3242 3241 3549
f 3241 3548 3549
f 3243 3242 3550
f 3242 3549 3550
f 3244 3243 3551
f 3243 3550 3551
f 3245 3244 3552
f 3244 3551 3552
f 3246 3245 3553
f 3245 3552 3553
f 3247 3246 3554
f 3246 3553 3554
f 3248 3247 3555
f 3247 3554 3555
f 3249 3248 3556
f 3248 3555 3556
f 3250 3249 3557
f 3249 3556 3557
f 3251 3250 3558
f 3250 3557 3558
f 3252 3251 3559
f 3251 3558 3559
f 3253 3252 3560
f 3252 3559 3560
f 3254 3253 3561
f 3253 3560 3561
f 3255 3254 3562
f 3254 3561 3562
f 3256 3255 3563
f 3255 3562 3563
f 3257 3256 3564
f 3256 3563 3564
f 3258 3257 3565
f 3257 3564 3565
f 3259 3258 3566
f 3258 3565 3566
f 3260 3259 3567
f 3259 3566 3567
f 3261 3260 3568
f 3260 3567 3568
f 3262 3261 3569
f 3261 3568 3569
f 3263 3262 3570
f 3262 3569 3570
f 3264 3263 3571
f 3263 3570 3571
f 3265 3264 3572
f 3264 3571 3572
f 3266 3265 3573
f 3265 3572 3573
f 3267 3266 3574
f 3266 3573 3574
f 3268 3267 3575
f 3267 3574 3575
f 3269 3268 3576
f 3268 3575 3576
f 3270 3269 3577
f 3269 3576 3577
f 3271 3270 3578
f 3270 3577 3578
f 3272 3271 3579
f 3271 3578 3579
f 3273 3272 3580
f 3272 3579 3580
f 3274 3273 3581
f 3273 3580 3581
f 3275 3274 3582
f 3274 3581 3582
f 3276 3275 3583
f 3275 3582 3583
f 3277 3276 3584
f 3276 3583 3584
f 3278 3277 3585
f 3277 3584 3585
f 3279 3278 3586
f 3278 3585 3586
f 3280 3279 3587
f 3279 3586 3587
f 3281 3280 3588
f 3280 3587 3588
f 3282 3281 3589
f 3281 3588 3589
f 3283 3282 3590
f 3282 3589 3590
f 3284 3283 3591
f 3283 3590 3591
f 3285 3284 3592
f 3284 3591 3592
f 3286 3285 3593
f 3285 3592 3593
f 3287 3286 3594
f 3286 3593 3594
f 3288 3287 3595
f 3287 3594 3595
f 3289 3288 3596
f 3288 3595 3596
f 3290 3289 3597
f 3289 3596 3597
f 3291 3290 3598
f 3290 3597 3598
f 3292 3291 3599
f 3291 3598 3599
f 3293 3292 3600
f 3292 3599 3600
f 3294 3293 3601
f 3293 3600 3601
f 3295 3294 3602
f 3294 3601 3602
f 3296 3295 3603
f 3295 3602 3603
f 3297 3296 3604
f 3296 3603 3604
f 3298 3297 3605
f 3297 3604 3605
f 3299 3298 3606
f 3298 3605 3606
f 3300 3299 3607
f 3299 3606 3607
f 3301 3300 3608
f 3300 3607 3608
f 3302 3301 3609
f 3301 3608 3609
f 3303 3302 3610
f 3302 3609 3610
f 3304 3303 3611
f 3303 3610 3611
f 3305 3304 3612
f 3304 3611 3612
f 3306 3305 3613
f 3305 3612 3613
f 3307 3306 3614
f 3306 3613 3614
f 3308 3307 3615
f 3307 3614 3615
f 3309 3308 3616
f 3308 3615 3616
f 3310 3309 3617
f 3309 3616 3617
f 3311 3310 3618
f 3310 3617 3618
f 3312 3311 3619
f 3311 3618 3619
f 3313 3312 3620
f 3312 3619 3620
f 3314 3313 3621
f 3313 3620 3621
f 3315 3314 3622
f 3314 3621 3622
f 3316 3315 3623
f 3315 3622 3623
f 3317 3316 3624
f 3316 3623 3624
f 3318 3317 3625
f 3317 3624 3625
f 3319 3318 3626
f 3318 3625 3626
f 3320 3319 3627
f 3319 3626 3627
f 3321 3320 3628
f 3320 3627 3628
f 3322 3321 3629
f 3321 3628 3629
f 3323 3322 3630
f 3322 3629 3630
f 3324 3323 3631
f 3323 3630 3631
f 3325 3324 3632
f 3324 3631 3632
f 3326 3325 3633
f 3325 3632 3633
f 3327 3326 3634
f 3326 3633 3634
f 3328 3327 3635
f 3327 3634 3635
f 3329 3328 3636
f 3328 3635 3636
f 3330 3329 3637
f 3329 3636 3637
f 3331 3330 3638
f 3330 3637 3638
f 3332 3331 3639
f 3331 3638 3639
f 3333 3332 3640
f 3332 3639 3640
f 3334 3333 3641
f 3333 3640 3641
f 3335 3334 3642
f 3334 3641 3642
f 3336 3335 3643
f 3335 3642 3643
f 3337 3336 3644
f 3336 3643 3644
f 3338 3337 3645
f 3337 3644 3645
f 3339 3338 3646
f 3338 3645 3646
f 3342 3203 3647
f 3203 3487 3647
f 3346 3345 3648
f 3395 3195 3649
f 3195 3480 3649
f 3165 3418 3650
f 3347 3346 3651
f 3346 3648 3651
f 3348 3347 3652
f 3347 3651 3652
f 3349 3348 3653
f 3348 3652 3653
f 3350 3349 3654
f 3349 3653 3654
f 3351 3350 3655
f 3350 3654 3655
f 3352 3351 3656
f 3351 3655 3656
f 3353 3352 3657
f 3352 3656 3657
f 3354 3353 3658
f 3353 3657 3658
f 3355 3354 3659
f 3354 3658 3659
f 3356 3355 3660
f 3355 3659 3660
f 3357 3356 3661
f 3356 3660 3661
f 3358 3357 3662
f 3357 3661 3662
f 3359 3358 3663
f 3358 3662 3663
f 3360 3359 3664
f 3359 3663 3664
f 3361 3360 3665
f 3360 3664 3665
f 3362 3361 3666
f 3361 3665 3666
f 3363 3362 3667
f 3362 3666 3667
f 3364 3363 3668
f 3363 3667 3668
f 3365 3364 3669
f 3364 3668 3669
f 3366 3365 3670
f 3365 3669 3670
f 3367 3366 3671
f 3366 3670 3671
f 3368 3367 3672
f 3367 3671 3672
f 3369 3368 3673
f 3368 3672 3673
f 3370 3369 3674
f 3369 3673 3674
f 3371 3370 3675
f 3370 3674 3675
f 3372 3371 3676
f 3371 3675 3676
f 3373 3372 3677
f 3372 3676 3677
f 3374 3373 3678
f 3373 3677 3678
f 3375 3374 3679
f 3374 3678 3679
f 3376 3375 3680
f 3375 3679 3680
f 3377 3376 3681
f 3376 3680 3681
f 3378 3377 3682
f 3377 3681 3682
f 3379 3378 3683
f 3378 3682 3683
f 3380 3379 3684
f 3379 3683 3684
f 3381 3380 3685
f 3380 3684 3685
f 3382 3381 3686
f 3381 3685 3686
f 3383 3382 3687
f 3382 3686 3687
f 3384 3383 3688
f 3383 3687 3688
f 3385 3384 3689
f 3384 3688 3689
f 3386 3385 3690
f 3385 3689 3690
f 3387 3386 3691
f 3386 3690 3691
f 3388 3387 3692
f 3387 3691 3692
f 3389 3388 3693
f 3388 3692 3693
f 3390 3211 3694
f 3211 3515 3694
f 3391 3181 3695
f 3181 3520 3695
f 3392 3391 3696
f 3391 3695 3696
f 3223 3218 3697
f 3218 3496 3697
f 3393 3177 3698
f 3177 3508 3698
f 3199 3440 3699
f 3440 3490 3699
f 3396 3207 3700
f 3207 3518 3700
f 3398 3219 3701
f 3219 3531 3701
f 3118 3124 3702
f 3421 3118 3702
f 3124 3438 3702
f 3402 3186 3703
f 3186 3497 3703
f 3403 3172 3704
f 3172 3481 3704
f 3174 3143 3705
f 3143 3454 3705
f 3407 3223 3706
f 3223 3697 3706
f 3408 3192 3707
f 3192 3483 3707
f 3409 3408 3708
f 3408 3707 3708
f 3410 3164 3709
f 3164 3484 3709
f 3411 3214 3710
f 3214 3525 3710
f 3412 3407 3711
f 3407 3706 3711
f 3441 3507 3712
f 3507 3523 3712
f 3472 3135 3713
f 3135 3449 3713
f 3131 3209 3714
f 3444 3459 3715
f 3416 3147 3716
f 3147 3462 3716
f 3070 3457 3449
f 3482 3205 3513
f 3419 3477 3717
f 3451 3208 3718
f 3208 3519 3718
f 3478 3420 3719
f 3420 3424 3719
f 3422 3479 3720
f 3173 3469 3721
f 3344 3439 3722
f 3488 3404 3723
f 3404 3468 3723
f 3487 3402 3703
f 3156 3516 3429
f 3520 3410 3709
f 3481 3400 3724
f 3400 3167 3724
f 3202 3412 3725
f 3519 3159 3726
f 3159 3452 3726
f 3427 3212 3727
f 3212 3501 3727
f 3403 3704 3491
f 3183 3429 3728
f 3436 3494 3502
f 3479 3191 3509
f 3431 3493 3729
f 3495 3185 3730
f 3185 3342 3730
f 3426 3473 3731
f 3393 3698 3503
f 3518 3175 3732
f 3175 3425 3732
f 3497 3204 3505
f 3206 3398 3733
f 3494 3206 3733
f 3433 3422 3734
f 3422 3720 3734
f 3434 3435 3735
f 3390 3694 3498
f 3197 3343 3736
f 3194 3173 3737
f 3173 3721 3737
f 3397 3512 3483
f 3514 3187 3738
f 3187 3447 3738
f 3200 3165 3739
f 3342 3647 3730
f 3511 3426 3740
f 3426 3731 3740
f 3435 3431 3741
f 3431 3729 3741
f 3200 3739 3504
f 3438 3148 3742
f 3148 3464 3742
f 3510 3161 3522
f 3198 3395 3743
f 3114 3511 3471
f 3439 3096 3744
f 3096 3421 3744
f 3198 3743 3492
f 3474 3202 3725
f 3517 3401 3745
f 3401 3158 3745
f 3442 3199 3746
f 3199 3699 3746
f 3398 3701 3733
f 3443 3442 3747
f 3442 3746 3747
f 3499 3392 3696
f 3423 3341 3748
f 3423 3748 3489
f 3209 3521 3714
f 3523 3448 3749
f 3448 3527 3749
f 3222 3478 3394
f 3525 3184 3750
f 3184 3460 3750
f 3446 3344 3751
f 3344 3722 3751
f 3167 3220 3752
f 3405 3117 3753
f 3527 3405 3753
f 3117 3433 3753
f 3178 3396 3754
f 3528 3413 3755
f 3131 3714 3463
f 3450 3190 3756
f 3190 3500 3756
f 3113 3174 3757
f 3406 3197 3758
f 3490 3406 3758
f 3395 3649 3743
f 3650 3418 3759
f 3418 3472 3759
f 3417 3409 3760
f 3220 3340 3752
f 3453 3389 3761
f 3533 3453 3761
f 3389 3693 3761
f 3454 3411 3762
f 3411 3710 3762
f 3455 3443 3763
f 3443 3747 3763
f 3399 3463 3764
f 3466 3434 3765
f 3434 3735 3765
f 3457 3137 3766
f 3137 3458 3766
f 3458 3183 3767
f 3183 3728 3767
f 3485 3444 3768
f 3444 3715 3768
f 3461 3399 3769
f 3399 3764 3769
f 3462 3441 3770
f 3441 3712 3770
f 3464 3196 3771
f 3196 3504 3771
f 3465 3182 3772
f 3182 3476 3772
f 3484 3417 3760
f 3467 3216 3773
f 3216 3517 3773
f 3469 3113 3757
f 3445 3419 3774
f 3419 3717 3774
f 3470 3221 3775
f 3221 3492 3775
f 3197 3736 3758
f 3167 3752 3724
f 3725 3412 3711
f 3754 3396 3700
f 3739 3165 3650
f 3745 3158 3776
f 3158 3456 3776
f 3748 3341 3532
f 3178 3754 3480
f 3755 3413 3777
f 3413 3471 3777
f 3757 3174 3705
f 3760 3409 3708
f 3531 3499 3778
f 3721 3469 3779
f 3469 3757 3779
f 3717 3477 3780
f 3477 3530 3780
f 3345 3394 3781
f 3720 3479 3782
f 3479 3509 3782
f 3483 3512 3783
f 3703 3497 3784
f 3760 3708 3785
f 3754 3700 3786
f 3526 3461 3787
f 3461 3769 3787
f 3473 3485 3788
f 3485 3768 3788
f 3524 3482 3789
f 3486 3474 3790
f 3424 3416 3791
f 3719 3424 3791
f 3416 3716 3791
f 3521 3427 3792
f 3427 3727 3792
f 3725 3711 3793
f 3739 3650 3794
f 3456 3465 3795
f 3465 3772 3795
f 3520 3709 3796
f 3728 3429 3797
f 3429 3516 3797
f 3758 3736 3798
f 3502 3494 3799
f 3510 3522 3800
f 3729 3493 3801
f 3493 3446 3801
f 3495 3730 3802
f 3731 3473 3788
f 3504 3739 3803
f 3739 3794 3803
f 3503 3698 3804
f 3425 3450 3805
f 3732 3425 3805
f 3450 3756 3805
f 3515 3488 3806
f 3494 3733 3807
f 3491 3704 3808
f 3480 3754 3809
f 3754 3786 3809
f 3339 3646 3340
f 3735 3435 3741
f 3498 3694 3810
f 3452 3467 3811
f 3467 3773 3811
f 3736 3343 3502
f 3169 3194 3812
f 3508 3495 3813
f 3495 3802 3813
f 3509 3451 3814
f 3451 3718 3814
f 3471 3511 3815
f 3777 3471 3815
f 3511 3740 3815
f 3505 3486 3816
f 3486 3790 3816
f 3513 3510 3817
f 3510 3800 3817
f 3394 3478 3781
f 3345 3781 3648
f 3169 3812 3476
f 3648 3781 3818
f 3340 3646 3752
f 3781 3478 3819
f 3818 3781 3819
f 3478 3719 3819
f 3812 3194 3737
f 3481 3724 3820
f 3516 3470 3821
f 3470 3775 3821
f 3500 3498 3822
f 3498 3810 3822
f 3489 3748 3823
f 3724 3752 3824
f 3820 3724 3824
f 3752 3646 3824
f 3522 3503 3825
f 3503 3804 3825
f 3496 3491 3826
f 3491 3808 3826
f 3484 3760 3827
f 3760 3785 3827
f 3487 3703 3828
f 3703 3784 3828
f 3482 3513 3829
f 3513 3817 3829
f 3722 3439 3830
f 3439 3744 3830
f 3651 3648 3831
f 3648 3818 3831
f 3532 3524 3832
f 3524 3789 3832
f 3649 3480 3833
f 3480 3809 3833
f 3743 3649 3834
f 3649 3833 3834
f 3490 3758 3835
f 3758 3798 3835
f 3534 3533 3836
f 3533 3761 3836
f 3535 3534 3837
f 3534 3836 3837
f 3536 3535 3838
f 3535 3837 3838
f 3537 3536 3839
f 3536 3838 3839
f 3538 3537 3840
f 3537 3839 3840
f 3539 3538 3841
f 3538 3840 3841
f 3540 3539 3842
f 3539 3841 3842
f 3541 3540 3843
f 3540 3842 3843
f 3542 3541 3844
f 3541 3843 3844
f 3543 3542 3845
f 3542 3844 3845
f 3544 3543 3846
f 3543 3845 3846
f 3545 3544 3847
f 3544 3846 3847
f 3546 3545 3848
f 3545 3847 3848
f 3547 3546 3849
f 3546 3848 3849
f 3548 3547 3850
f 3547 3849 3850
f 3549 3548 3851
f 3548 3850 3851
f 3550 3549 3852
f 3549 3851 3852
f 3551 3550 3853
f 3550 3852 3853
f 3552 3551 3854
f 3551 3853 3854
f 3553 3552 3855
f 3552 3854 3855
f 3554 3553 3856
f 3553 3855 3856
f 3555 3554 3857
f 3554 3856 3857
f 3556 3555 3858
f 3555 3857 3858
f 3557 3556 3859
f 3556 3858 3859
f 3558 3557 3860
f 3557 3859 3860
f 3559 3558 3861
f 3558 3860 3861
f 3560 3559 3862
f 3559 3861 3862
f 3561 3560 3863
f 3560 3862 3863
f 3562 3561 3864
f 3561 3863 3864
f 3563 3562 3865
f 3562 3864 3865
f 3564 3563 3866
f 3563 3865 3866
f 3565 3564 3867
f 3564 3866 3867
f 3566 3565 3868
f 3565 3867 3868
f 3567 3566 3869
f 3566 3868 3869
f 3568 3567 3870
f 3567 3869 3870
f 3569 3568 3871
f 3568 3870 3871
f 3570 3569 3872
f 3569 3871 3872
f 3571 3570 3873
f 3570 3872 3873
f 3572 3571 3874
f 3571 3873 3874
f 3573 3572 3875
f 3572 3874 3875
f 3574 3573 3876
f 3573 3875 3876
f 3575 3574 3877
f 3574 3876 3877
f 3576 3575 3878
f 3575 3877 3878
f 3577 3576 3879
f 3576 3878 3879
f 3578 3577 3880
f 3577 3879 3880
f 3579 3578 3881
f 3578 3880 3881
f 3580 3579 3882
f 3579 3881 3882
f 3581 3580 3883
f 3580 3882 3883
f 3582 3581 3884
f 3581 3883 3884
f 3583 3582 3885
f 3582 3884 3885
f 3584 3583 3886
f 3583 3885 3886
f 3585 3584 3887
f 3584 3886 3887
f 3586 3585 3888
f 3585 3887 3888
f 3587 3586 3889
f 3586 3888 3889
f 3588 3587 3890
f 3587 3889 3890
f 3589 3588 3891
f 3588 3890 3891
f 3590 3589 3892
f 3589 3891 3892
f 3591 3590 3893
f 3590 3892 3893
f 3592 3591 3894
f 3591 3893 3894
f 3593 3592 3895
f 3592 3894 3895
f 3594 3593 3896
f 3593 3895 3896
f 3595 3594 3897
f 3594 3896 3897
f 3596 3595 3898
f 3595 3897 3898
f 3597 3596 3899
f 3596 3898 3899
f 3598 3597 3900
f 3597 3899 3900
f 3599 3598 3901
f 3598 3900 3901
f 3600 3599 3902
f 3599 3901 3902
f 3601 3600 3903
f 3600 3902 3903
f 3602 3601 3904
f 3601 3903 3904
f 3603 3602 3905
f 3602 3904 3905
f 3604 3603 3906
f 3603 3905 3906
f 3605 3604 3907
f 3604 3906 3907
f 3606 3605 3908
f 3605 3907 3908
f 3607 3606 3909
f 3606 3908 3909
f 3608 3607 3910
f 3607 3909 3910
f 3609 3608 3911
f 3608 3910 3911
f 3610 3609 3912
f 3609 3911 3912
f 3611 3610 3913
f 3610 3912 3913
f 3612 3611 3914
f 3611 3913 3914
f 3613 3612 3915
f 3612 3914 3915
f 3614 3613 3916
f 3613 3915 3916
f 3615 3614 3917
f 3614 3916 3917
f 3616 3615 3918
f 3615 3917 3918
f 3617 3616 3919
f 3616 3918 3919
f 3618 3617 3920
f 3617 3919 3920
f 3619 3618 3921
f 3618 3920 3921
f 3620 3619 3922
f 3619 3921 3922
f 3621 3620 3923
f 3620 3922 3923
f 3622 3621 3924
f 3621 3923 3924
f 3623 3622 3925
f 3622 3924 3925
f 3624 3623 3926
f 3623 3925 3926
f 3625 3624 3927
f 3624 3926 3927
f 3626 3625 3928
f 3625 3927 3928
f 3627 3626 3929
f 3626 3928 3929
f 3628 3627 3930
f 3627 3929 3930
f 3629 3628 3931
f 3628 3930 3931
f 3630 3629 3932
f 3629 3931 3932
f 3631 3630 3933
f 3630 3932 3933
f 3632 3631 3934
f 3631 3933 3934
f 3633 3632 3935
f 3632 3934 3935
f 3634 3633 3936
f 3633 3935 3936
f 3635 3634 3937
f 3634 3936 3937
f 3636 3635 3938
f 3635 3937 3938
f 3637 3636 3939
f 3636 3938 3939
f 3638 3637 3940
f 3637 3939 3940
f 3639 3638 3941
f 3638 3940 3941
f 3640 3639 3942
f 3639 3941 3942
f 3641 3640 3943
f 3640 3942 3943
f 3642 3641 3944
f 3641 3943 3944
f 3643 3642 3945
f 3642 3944 3945
f 3644 3643 3946
f 3643 3945 3946
f 3645 3644 3947
f 3644 3946 3947
f 3646 3645 3948
f 3824 3646 3948
f 3645 3947 3948
f 3647 3487 3949
f 3487 3828 3949
f 3476 3812 3950
f 3474 3725 3951
f 3725 3793 3951
f 3652 3651 3952
f 3651 3831 3952
f 3653 3652 3953
f 3652 3952 3953
f 3654 3653 3954
f 3653 3953 3954
f 3655 3654 3955
f 3654 3954 3955
f 3656 3655 3956
f 3655 3955 3956
f 3657 3656 3957
f 3656 3956 3957
f 3658 3657 3958
f 3657 3957 3958
f 3659 3658 3959
f 3658 3958 3959
f 3660 3659 3960
f 3659 3959 3960
f 3661 3660 3961
f 3660 3960 3961
f 3662 3661 3962
f 3661 3961 3962
f 3663 3662 3963
f 3662 3962 3963
f 3664 3663 3964
f 3663 3963 3964
f 3665 3664 3965
f 3664 3964 3965
f 3666 3665 3966
f 3665 3965 3966
f 3667 3666 3967
f 3666 3966 3967
f 3668 3667 3968
f 3667 3967 3968
f 3669 3668 3969
f 3668 3968 3969
f 3670 3669 3970
f 3669 3969 3970
f 3671 3670 3971
f 3670 3970 3971
f 3672 3671 3972
f 3671 3971 3972
f 3673 3672 3973
f 3672 3972 3973
f 3674 3673 3974
f 3673 3973 3974
f 3675 3674 3975
f 3674 3974 3975
f 3676 3675 3976
f 3675 3975 3976
f 3677 3676 3977
f 3676 3976 3977
f 3678 3677 3978
f 3677 3977 3978
f 3679 3678 3979
f 3678 3978 3979
f 3680 3679 3980
f 3679 3979 3980
f 3681 3680 3981
f 3680 3980 3981
f 3682 3681 3982
f 3681 3981 3982
f 3683 3682 3983
f 3682 3982 3983
f 3684 3683 3984
f 3683 3983 3984
f 3685 3684 3985
f 3684 3984 3985
f 3686 3685 3986
f 3685 3985 3986
f 3687 3686 3987
f 3686 3986 3987
f 3688 3687 3988
f 3687 3987 3988
f 3689 3688 3989
f 3688 3988 3989
f 3690 3689 3990
f 3689 3989 3990
f 3691 3690 3991
f 3690 3990 3991
f 3692 3691 3992
f 3691 3991 3992
f 3693 3692 3993
f 3692 3992 3993
f 3694 3515 3994
f 3515 3806 3994
f 3695 3520 3995
f 3520 3796 3995
f 3696 3695 3996
f 3695 3995 3996
f 3697 3496 3997
f 3496 3826 3997
f 3698 3508 3998
f 3508 3813 3998
f 3764 3463 3999
f 3463 3714 3999
f 3699 3490 4000
f 3490 3835 4000
f 3459 3455 4001
f 3715 3459 4001
f 3455 3763 4001
f 3701 3531 4002
f 3531 3778 4002
f 3714 3521 4003
f 3521 3792 4003
f 3449 3457 4004
f 3457 3766 4004
f 3517 3745 4005
f 3492 3743 4006
f 3743 3834 4006
f 3499 3696 4007
f 3696 3996 4007
f 3704 3481 4008
f 3481 3820 4008
f 3705 3454 4009
f 3454 3762 4009
f 3447 3528 4010
f 3738 3447 4010
f 3528 3755 4010
f 3706 3697 4011
f 3697 3997 4011
f 3707 3483 4012
f 3483 3783 4012
f 3708 3707 4013
f 3707 4012 4013
f 3709 3484 4014
f 3484 3827 4014
f 3710 3525 4015
f 3711 3706 4016
f 3706 4011 4016
f 3712 3523 4017
f 3694 3994 3810
f 3449 4004 3713
f 3721 3779 4018
f 3718 3519 4019
f 3522 3825 3800
f 3720 3782 4020
f 3783 3512 4021
f 3512 3489 4021
f 3482 3829 3789
f 3790 3474 3951
f 3755 3777 4022
f 3714 4003 3999
f 3722 3830 4023
f 3717 3780 4024
f 3794 3650 4025
f 3650 3759 4025
f 3793 3711 4016
f 3726 3452 3811
f 3698 3998 3804
f 3727 3501 4026
f 3456 3795 3776
f 3796 3709 4014
f 3728 3797 4027
f 3446 3751 3801
f 3497 3505 4028
f 3798 3736 3799
f 3502 3799 3736
f 3505 3816 4028
f 3729 3801 4029
f 3786 3700 4030
f 3700 3518 4030
f 3802 3730 4031
f 3730 3647 4031
f 3731 3788 4032
f 3806 3488 4033
f 3488 3723 4033
f 3807 3733 4034
f 3733 3701 4034
f 3737 3721 4035
f 3721 4018 4035
f 3494 3807 3799
f 3489 3823 4021
f 3499 4007 3778
f 3734 3720 4036
f 3720 4020 4036
f 3530 3526 4037
f 3526 3787 4037
f 3708 4013 3785
f 3704 4008 3808
f 3764 3999 4038
f 3506 3466 4039
f 3466 3765 4039
f 3740 3731 4040
f 3731 4032 4040
f 3741 3729 4041
f 3729 4029 4041
f 3475 3445 4042
f 3445 3774 4042
f 3742 3464 4043
f 3464 3771 4043
f 3744 3421 4044
f 3421 3702 4044
f 3516 3821 3797
f 3746 3699 4045
f 3699 4000 4045
f 3747 3746 4046
f 3746 4045 4046
f 3823 3748 4047
f 3748 3532 4047
f 3497 4028 3784
f 3812 3737 4048
f 3950 3812 4048
f 3737 4035 4048
f 3749 3527 4049
f 3527 3753 4049
f 3753 3433 4050
f 3433 3734 4050
f 3751 3722 4051
f 3722 4023 4051
f 3647 3949 4031
f 3782 3509 3814
f 3723 3468 4052
f 3468 3475 4052
f 3529 3514 4053
f 3756 3500 4054
f 3500 3822 4054
f 3716 3462 4055
f 3462 3770 4055
f 3757 3705 4056
f 3762 3710 4057
f 3710 4015 4057
f 3735 3741 4058
f 3741 4041 4058
f 3759 3472 4059
f 3472 3713 4059
f 3532 3832 4047
f 3761 3693 4060
f 3836 3761 4060
f 3693 3993 4060
f 3765 3735 4061
f 3735 4058 4061
f 3715 4001 4062
f 3763 3747 4063
f 3747 4046 4063
f 3766 3458 4064
f 3458 3767 4064
f 3767 3728 4065
f 3728 4027 4065
f 3768 3715 4066
f 3715 4062 4066
f 3769 3764 4067
f 3764 4038 4067
f 3770 3712 4068
f 3712 4017 4068
f 3771 3504 4069
f 3504 3803 4069
f 3772 3476 4070
f 3476 3950 4070
f 3702 3438 4071
f 3438 3742 4071
f 3773 3517 4072
f 3517 4005 4072
f 4005 3745 4073
f 3745 3776 4073
f 4010 3755 4074
f 3755 4022 4074
f 3774 3717 4075
f 3717 4024 4075
f 3775 3492 4076
f 3492 4006 4076
f 4015 3525 4077
f 3525 3750 4077
f 4017 3523 4078
f 3523 3749 4078
f 4019 3519 4079
f 3519 3726 4079
f 4026 3501 4080
f 3501 3529 4080
f 4030 3518 4081
f 3518 3732 4081
f 4034 3701 4002
f 3757 4056 3779
f 4053 3514 4082
f 3514 3738 4082
f 4056 3705 4009
f 3460 3506 4083
f 3529 4053 4080
f 4018 3779 4084
f 3779 4056 4084
f 3780 3530 4037
f 3800 3825 4085
f 4020 3782 4086
f 3782 3814 4086
f 3783 4021 4087
f 3792 3727 4088
f 3727 4026 4088
f 4024 3780 4089
f 3780 4037 4089
f 4022 3777 4090
f 3777 3815 4090
f 3785 4013 4091
f 4023 3830 4092
f 3788 3768 4093
f 4032 3788 4093
f 3768 4066 4093
f 3807 4034 4094
f 3790 3951 4095
f 3787 3769 4096
f 3769 4067 4096
f 4027 3797 4097
f 3797 3821 4097
f 3801 3751 4098
f 3751 4051 4098
f 3798 3799 3807
f 3949 3828 4099
f 4029 3801 4098
f 3786 4030 4100
f 3803 3794 4101
f 3811 3773 4102
f 3773 4072 4102
f 3804 3998 4103
f 4038 3999 4104
f 3999 4003 4104
f 3813 3802 4105
f 3825 3804 4106
f 3804 4103 4106
f 3798 3807 4094
f 3460 4083 3750
f 4011 3997 4107
f 3796 4014 4108
f 3814 3718 4109
f 3718 4019 4109
f 3793 4016 4110
f 3817 3800 4111
f 3800 4085 4111
f 3789 3829 4112
f 3809 3786 4113
f 3786 4100 4113
f 3808 4008 4114
f 3822 3810 4115
f 3820 3824 4116
f 3824 3948 4116
f 3778 4007 4117
f 3826 3808 4118
f 3808 4114 4118
f 3827 3785 4119
f 3785 4091 4119
f 4047 3832 4120
f 3784 4028 4121
f 3828 3784 4122
f 3784 4121 4122
f 3829 3817 4123
f 3817 4111 4123
f 3816 3790 4124
f 3790 4095 4124
f 3830 3744 4125
f 4092 3830 4125
f 3744 4044 4125
f 3831 3818 4126
f 4083 3506 4039
f 3832 3789 4127
f 3789 4112 4127
f 3833 3809 4128
f 3809 4113 4128
f 3834 3833 4129
f 3833 4128 4129
f 3821 3775 4130
f 3775 4076 4130
f 3837 3836 4131
f 3836 4060 4131
f 3838 3837 4132
f 3837 4131 4132
f 3839 3838 4133
f 3838 4132 4133
f 3840 3839 4134
f 3839 4133 4134
f 3841 3840 4135
f 3840 4134 4135
f 3842 3841 4136
f 3841 4135 4136
f 3843 3842 4137
f 3842 4136 4137
f 3844 3843 4138
f 3843 4137 4138
f 3845 3844 4139
f 3844 4138 4139
f 3846 3845 4140
f 3845 4139 4140
f 3847 3846 4141
f 3846 4140 4141
f 3848 3847 4142
f 3847 4141 4142
f 3849 3848 4143
f 3848 4142 4143
f 3850 3849 4144
f 3849 4143 4144
f 3851 3850 4145
f 3850 4144 4145
f 3852 3851 4146
f 3851 4145 4146
f 3853 3852 4147
f 3852 4146 4147
f 3854 3853 4148
f 3853 4147 4148
f 3855 3854 4149
f 3854 4148 4149
f 3856 3855 4150
f 3855 4149 4150
f 3857 3856 4151
f 3856 4150 4151
f 3858 3857 4152
f 3857 4151 4152
f 3859 3858 4153
f 3858 4152 4153
f 3860 3859 4154
f 3859 4153 4154
f 3861 3860 4155
f 3860 4154 4155
f 3862 3861 4156
f 3861 4155 4156
f 3863 3862 4157
f 3862 4156 4157
f 3864 3863 4158
f 3863 4157 4158
f 3865 3864 4159
f 3864 4158 4159
f 3866 3865 4160
f 3865 4159 4160
f 3867 3866 4161
f 3866 4160 4161
f 3868 3867 4162
f 3867 4161 4162
f 3869 3868 4163
f 3868 4162 4163
f 3870 3869 4164
f 3869 4163 4164
f 3871 3870 4165
f 3870 4164 4165
f 3872 3871 4166
f 3871 4165 4166
f 3873 3872 4167
f 3872 4166 4167
f 3874 3873 4168
f 3873 4167 4168
f 3875 3874 4169
f 3874 4168 4169
f 3876 3875 4170
f 3875 4169 4170
f 3877 3876 4171
f 3876 4170 4171
f 3878 3877 4172
f 3877 4171 4172
f 3879 3878 4173
f 3878 4172 4173
f 3880 3879 4174
f 3879 4173 4174
f 3881 3880 4175
f 3880 4174 4175
f 3882 3881 4176
f 3881 4175 4176
f 3883 3882 4177
f 3882 4176 4177
f 3884 3883 4178
f 3883 4177 4178
f 3885 3884 4179
f 3884 4178 4179
f 3886 3885 4180
f 3885 4179 4180
f 3887 3886 4181
f 3886 4180 4181
f 3888 3887 4182
f 3887 4181 4182
f 3889 3888 4183
f 3888 4182 4183
f 3890 3889 4184
f 3889 4183 4184
f 3891 3890 4185
f 3890 4184 4185
f 3892 3891 4186
f 3891 4185 4186
f 3893 3892 4187
f 3892 4186 4187
f 3894 3893 4188
f 3893 4187 4188
f 3895 3894 4189
f 3894 4188 4189
f 3896 3895 4190
f 3895 4189 4190
f 3897 3896 4191
f 3896 4190 4191
f 3898 3897 4192
f 3897 4191 4192
f 3899 3898 4193
f 3898 4192 4193
f 3900 3899 4194
f 3899 4193 4194
f 3901 3900 4195
f 3900 4194 4195
f 3902 3901 4196
f 3901 4195 4196
f 3903 3902 4197
f 3902 4196 4197
f 3904 3903 4198
f 3903 4197 4198
f 3905 3904 4199
f 3904 4198 4199
f 3906 3905 4200
f 3905 4199 4200
f 3907 3906 4201
f 3906 4200 4201
f 3908 3907 4202
f 3907 4201 4202
f 3909 3908 4203
f 3908 4202 4203
f 3910 3909 4204
f 3909 4203 4204
f 3911 3910 4205
f 3910 4204 4205
f 3912 3911 4206
f 3911 4205 4206
f 3913 3912 4207
f 3912 4206 4207
f 3914 3913 4208
f 3913 4207 4208
f 3915 3914 4209
f 3914 4208 4209
f 3916 3915 4210
f 3915 4209 4210
f 3917 3916 4211
f 3916 4210 4211
f 3918 3917 4212
f 3917 4211 4212
f 3919 3918 4213
f 3918 4212 4213
f 3920 3919 4214
f 3919 4213 4214
f 3921 3920 4215
f 3920 4214 4215
f 3922 3921 4216
f 3921 4215 4216
f 3923 3922 4217
f 3922 4216 4217
f 3924 3923 4218
f 3923 4217 4218
f 3925 3924 4219
f 3924 4218 4219
f 3926 3925 4220
f 3925 4219 4220
f 3927 3926 4221
f 3926 4220 4221
f 3928 3927 4222
f 3927 4221 4222
f 3929 3928 4223
f 3928 4222 4223
f 3930 3929 4224
f 3929 4223 4224
f 3931 3930 4225
f 3930 4224 4225
f 3932 3931 4226
f 3931 4225 4226
f 3933 3932 4227
f 3932 4226 4227
f 3934 3933 4228
f 3933 4227 4228
f 3935 3934 4229
f 3934 4228 4229
f 3936 3935 4230
f 3935 4229 4230
f 3937 3936 4231
f 3936 4230 4231
f 3938 3937 4232
f 3937 4231 4232
f 3939 3938 4233
f 3938 4232 4233
f 3940 3939 4234
f 3939 4233 4234
f 3941 3940 4235
f 3940 4234 4235
f 3942 3941 4236
f 3941 4235 4236
f 3943 3942 4237
f 3942 4236 4237
f 3944 3943 4238
f 3943 4237 4238
f 3945 3944 4239
f 3944 4238 4239
f 3946 3945 4240
f 3945 4239 4240
f 3951 3793 4241
f 3793 4110 4241
f 3952 3831 4242
f 3831 4126 4242
f 3738 4010 4243
f 4082 3738 4243
f 4010 4074 4243
f 4062 4001 4244
f 4001 3763 4244
f 3953 3952 4245
f 3952 4242 4245
f 3954 3953 4246
f 3953 4245 4246
f 3955 3954 4247
f 3954 4246 4247
f 3956 3955 4248
f 3955 4247 4248
f 3957 3956 4249
f 3956 4248 4249
f 3958 3957 4250
f 3957 4249 4250
f 3959 3958 4251
f 3958 4250 4251
f 3960 3959 4252
f 3959 4251 4252
f 3961 3960 4253
f 3960 4252 4253
f 3962 3961 4254
f 3961 4253 4254
f 3963 3962 4255
f 3962 4254 4255
f 3964 3963 4256
f 3963 4255 4256
f 3965 3964 4257
f 3964 4256 4257
f 3966 3965 4258
f 3965 4257 4258
f 3967 3966 4259
f 3966 4258 4259
f 3968 3967 4260
f 3967 4259 4260
f 3969 3968 4261
f 3968 4260 4261
f 3970 3969 4262
f 3969 4261 4262
f 3971 3970 4263
f 3970 4262 4263
f 3972 3971 4264
f 3971 4263 4264
f 3973 3972 4265
f 3972 4264 4265
f 3974 3973 4266
f 3973 4265 4266
f 3975 3974 4267
f 3974 4266 4267
f 3976 3975 4268
f 3975 4267 4268
f 3977 3976 4269
f 3976 4268 4269
f 3978 3977 4270
f 3977 4269 4270
f 3979 3978 4271
f 3978 4270 4271
f 3980 3979 4272
f 3979 4271 4272
f 3981 3980 4273
f 3980 4272 4273
f 3982 3981 4274
f 3981 4273 4274
f 3983 3982 4275
f 3982 4274 4275
f 3984 3983 4276
f 3983 4275 4276
f 3985 3984 4277
f 3984 4276 4277
f 3986 3985 4278
f 3985 4277 4278
f 3987 3986 4279
f 3986 4278 4279
f 3988 3987 4280
f 3987 4279 4280
f 3989 3988 4281
f 3988 4280 4281
f 3990 3989 4282
f 3989 4281 4282
f 3991 3990 4283
f 3990 4282 4283
f 3992 3991 4284
f 3991 4283 4284
f 3993 3992 4285
f 3992 4284 4285
f 3994 3806 4286
f 3995 3796 4287
f 3796 4108 4287
f 3996 3995 4288
f 3995 4287 4288
f 3997 3826 4289
f 3826 4118 4289
f 3998 3813 4290
f 3813 4105 4290
f 4031 3949 4291
f 3949 4099 4291
f 4000 3835 4292
f 3802 4031 4293
f 4031 4291 4293
f 4006 3834 4294
f 3834 4129 4294
f 4003 3792 4295
f 4104 4003 4295
f 3792 4088 4295
f 4004 3766 4296
f 3766 4064 4296
f 4002 3778 4297
f 3778 4117 4297
f 3823 4047 4298
f 4047 4120 4298
f 4007 3996 4299
f 3996 4288 4299
f 4008 3820 4300
f 4114 4008 4300
f 3820 4116 4300
f 4009 3762 4301
f 3762 4057 4301
f 4016 4011 4302
f 4011 4107 4302
f 4012 3783 4303
f 3783 4087 4303
f 3795 3772 4304
f 3772 4070 4304
f 4013 4012 4305
f 4012 4303 4305
f 4014 3827 4306
f 3827 4119 4306
f 3726 3811 4307
f 4079 3726 4307
f 3811 4102 4307
f 3810 3994 4308
f 4115 3810 4308
f 3994 4286 4308
f 4028 3816 4309
f 3816 4124 4309
f 4019 4079 4310
f 4013 4305 4091
f 4080 4053 4311
f 4018 4084 4312
f 4084 4056 4313
f 4056 4009 4313
f 4086 3814 4109
f 4028 4309 4121
f 4085 3825 4106
f 4020 4086 4314
f 4087 4021 4315
f 4021 3823 4315
f 4007 4299 4117
f 4025 3759 4316
f 3759 4059 4316
f 3702 4071 4044
f 3819 3719 4317
f 3719 3791 4317
f 4023 4092 4318
f 4032 4093 4319
f 4095 3951 4241
f 4022 4090 4320
f 4081 3732 4321
f 3732 3805 4321
f 4097 3821 4130
f 4026 4080 4322
f 4080 4311 4322
f 3776 3795 4323
f 4101 3794 4324
f 3794 4025 4324
f 3475 4042 4052
f 4099 3828 4122
f 4033 3723 4325
f 3723 4052 4325
f 4029 4098 4326
f 4100 4030 4327
f 4030 4081 4327
f 3795 4304 4323
f 4094 4034 4328
f 4034 4002 4328
f 4024 4089 4329
f 4035 4018 4330
f 4018 4312 4330
f 4005 4073 4331
f 4244 3763 4063
f 4027 4097 4332
f 4036 4020 4333
f 4020 4314 4333
f 4103 3998 4290
f 4037 3787 4334
f 4089 4037 4334
f 3787 4096 4334
f 3713 4004 4335
f 4038 4104 4336
f 4039 3765 4337
f 3765 4061 4337
f 4105 3802 4293
f 4109 4019 4338
f 4019 4310 4338
f 4062 4244 4339
f 3832 4127 4120
f 4108 4014 4306
f 4107 3997 4289
f 4040 4032 4340
f 4032 4319 4340
f 4041 4029 4341
f 4029 4326 4341
f 4042 3774 4342
f 3774 4075 4342
f 4110 4016 4302
f 3815 3740 4343
f 4090 3815 4343
f 3740 4040 4343
f 4043 3771 4344
f 3771 4069 4344
f 4112 3829 4123
f 4045 4000 4345
f 4000 4292 4345
f 4009 4301 4313
f 4046 4045 4346
f 4045 4345 4346
f 3805 3756 4347
f 3756 4054 4347
f 3950 4048 4348
f 4050 3734 4349
f 3734 4036 4349
f 4051 4023 4350
f 4023 4318 4350
f 4057 4015 4351
f 4054 3822 4352
f 3822 4115 4352
f 3753 4050 4049
f 4088 4026 4353
f 4026 4322 4353
f 4002 4297 4328
f 4055 3770 4354
f 3770 4068 4354
f 4083 4039 4355
f 4039 4337 4355
f 3835 3798 4356
f 4058 4041 4357
f 4041 4341 4357
f 4061 4058 4358
f 4058 4357 4358
f 3947 3946 4359
f 3948 3947 4360
f 4116 3948 4360
f 3947 4359 4360
f 4059 3713 4335
f 4060 3993 4361
f 4131 4060 4361
f 3993 4285 4361
f 3818 3819 4362
f 4126 3818 4362
f 3819 4317 4362
f 3823 4298 4315
f 4063 4046 4363
f 4046 4346 4363
f 4286 3806 4364
f 3806 4033 4364
f 4292 3835 4356
f 4064 3767 4365
f 3767 4065 4365
f 4065 4027 4366
f 4027 4332 4366
f 4017 4078 4367
f 4066 4062 4368
f 4062 4339 4368
f 4067 4038 4369
f 4038 4336 4369
f 4068 4017 4370
f 4017 4367 4370
f 4069 3803 4371
f 3803 4101 4371
f 4070 3950 4372
f 3950 4348 4372
f 3750 4083 4373
f 4071 3742 4374
f 3742 4043 4374
f 4072 4005 4375
f 4005 4331 4375
f 4073 3776 4323
f 4074 4022 4376
f 4022 4320 4376
f 4075 4024 4377
f 4024 4329 4377
f 4076 4006 4378
f 4006 4294 4378
f 4077 3750 4373
f 4078 3749 4379
f 3749 4049 4379
f 3791 3716 4380
f 4317 3791 4380
f 3716 4055 4380
f 4311 4053 4381
f 4053 4082 4381
f 4335 4004 4296
f 4083 4355 4373
f 4351 4015 4382
f 4015 4077 4382
f 4091 4305 4383
f 4087 4315 4384
f 4373 4355 4385
f 4319 4093 4386
f 4093 4066 4386
f 4077 4373 4387
f 4382 4077 4387
f 4373 4385 4387
f 4318 4092 4388
f 4095 4241 4389
f 4320 4090 4390
f 4090 4343 4390
f 4052 4042 4391
f 4042 4342 4391
f 4122 4121 4392
f 4085 4106 4393
f 4322 4311 4394
f 4094 4328 4395
f 4098 4051 4396
f 4326 4098 4396
f 4051 4350 4396
f 4118 4114 4397
f 4329 4089 4398
f 4089 4334 4398
f 4331 4073 4399
f 4073 4323 4399
f 4309 4124 4400
f 4244 4063 4401
f 4339 4244 4401
f 4063 4363 4401
f 4313 4301 4402
f 4332 4097 4403
f 4097 4130 4403
f 4113 4100 4404
f 4336 4104 4405
f 4104 4295 4405
f 4111 4085 4406
f 4085 4393 4406
f 4103 4290 4407
f 4120 4127 4408
f 4121 4309 4409
f 4309 4400 4409
f 4044 4071 4410
f 4125 4044 4410
f 4071 4374 4410
f 4106 4103 4411
f 4103 4407 4411
f 4301 4057 4412
f 4402 4301 4412
f 4057 4351 4412
f 4049 4050 4413
f 4379 4049 4413
f 4050 4349 4413
f 3946 4240 4359
f 4296 4064 4414
f 4064 4365 4414
f 4048 4035 4415
f 4348 4048 4415
f 4035 4330 4415
f 4359 4240 4416
f 4102 4072 4417
f 4072 4375 4417
f 4119 4091 4418
f 4091 4383 4418
f 4108 4306 4419
f 4107 4289 4420
f 4123 4111 4421
f 4111 4406 4421
f 4124 4095 4422
f 4095 4389 4422
f 4099 4122 4423
f 4122 4392 4423
f 4293 4291 4424
f 4112 4123 4425
f 4123 4421 4425
f 4335 4296 4426
f 4296 4414 4426
f 4127 4112 4427
f 4112 4425 4427
f 4128 4113 4428
f 4113 4404 4428
f 4129 4128 4429
f 4128 4428 4429
f 4130 4076 4430
f 4076 4378 4430
f 4059 4335 4431
f 4316 4059 4431
f 4335 4426 4431
f 4132 4131 4432
f 4131 4361 4432
f 4133 4132 4433
f 4132 4432 4433
f 4134 4133 4434
f 4133 4433 4434
f 4135 4134 4435
f 4134 4434 4435
f 4136 4135 4436
f 4135 4435 4436
f 4137 4136 4437
f 4136 4436 4437
f 4138 4137 4438
f 4137 4437 4438
f 4139 4138 4439
f 4138 4438 4439
f 4140 4139 4440
f 4139 4439 4440
f 4141 4140 4441
f 4140 4440 4441
f 4142 4141 4442
f 4141 4441 4442
f 4143 4142 4443
f 4142 4442 4443
f 4144 4143 4444
f 4143 4443 4444
f 4145 4144 4445
f 4144 4444 4445
f 4146 4145 4446
f 4145 4445 4446
f 4147 4146 4447
f 4146 4446 4447
f 4148 4147 4448
f 4147 4447 4448
f 4149 4148 4449
f 4148 4448 4449
f 4150 4149 4450
f 4149 4449 4450
f 4151 4150 4451
f 4150 4450 4451
f 4152 4151 4452
f 4151 4451 4452
f 4153 4152 4453
f 4152 4452 4453
f 4154 4153 4454
f 4153 4453 4454
f 4155 4154 4455
f 4154 4454 4455
f 4156 4155 4456
f 4155 4455 4456
f 4157 4156 4457
f 4156 4456 4457
f 4158 4157 4458
f 4157 4457 4458
f 4159 4158 4459
f 4158 4458 4459
f 4160 4159 4460
f 4159 4459 4460
f 4161 4160 4461
f 4160 4460 4461
f 4162 4161 4462
f 4161 4461 4462
f 4163 4162 4463
f 4162 4462 4463
f 4164 4163 4464
f 4163 4463 4464
f 4165 4164 4465
f 4164 4464 4465
f 4166 4165 4466
f 4165 4465 4466
f 4167 4166 4467
f 4166 4466 4467
f 4168 4167 4468
f 4167 4467 4468
f 4169 4168 4469
f 4168 4468 4469
f 4170 4169 4470
f 4169 4469 4470
f 4171 4170 4471
f 4170 4470 4471
f 4172 4171 4472
f 4171 4471 4472
f 4173 4172 4473
f 4172 4472 4473
f 4174 4173 4474
f 4173 4473 4474
f 4175 4174 4475
f 4174 4474 4475
f 4176 4175 4476
f 4175 4475 4476
f 4177 4176 4477
f 4176 4476 4477
f 4178 4177 4478
f 4177 4477 4478
f 4179 4178 4479
f 4178 4478 4479
f 4180 4179 4480
f 4179 4479 4480
f 4181 4180 4481
f 4180 4480 4481
f 4182 4181 4482
f 4181 4481 4482
f 4183 4182 4483
f 4182 4482 4483
f 4184 4183 4484
f 4183 4483 4484
f 4185 4184 4485
f 4184 4484 4485
f 4186 4185 4486
f 4185 4485 4486
f 4187 4186 4487
f 4186 4486 4487
f 4188 4187 4488
f 4187 4487 4488
f 4189 4188 4489
f 4188 4488 4489
f 4190 4189 4490
f 4189 4489 4490
f 4191 4190 4491
f 4190 4490 4491
f 4192 4191 4492
f 4191 4491 4492
f 4193 4192 4493
f 4192 4492 4493
f 4194 4193 4494
f 4193 4493 4494
f 4195 4194 4495
f 4194 4494 4495
f 4196 4195 4496
f 4195 4495 4496
f 4197 4196 4497
f 4196 4496 4497
f 4198 4197 4498
f 4197 4497 4498
f 4199 4198 4499
f 4198 4498 4499
f 4200 4199 4500
f 4199 4499 4500
f 4201 4200 4501
f 4200 4500 4501
f 4202 4201 4502
f 4201 4501 4502
f 4203 4202 4503
f 4202 4502 4503
f 4204 4203 4504
f 4203 4503 4504
f 4205 4204 4505
f 4204 4504 4505
f 4206 4205 4506
f 4205 4505 4506
f 4207 4206 4507
f 4206 4506 4507
f 4208 4207 4508
f 4207 4507 4508
f 4209 4208 4509
f 4208 4508 4509
f 4210 4209 4510
f 4209 4509 4510
f 4211 4210 4511
f 4210 4510 4511
f 4212 4211 4512
f 4211 4511 4512
f 4213 4212 4513
f 4212 4512 4513
f 4214 4213 4514
f 4213 4513 4514
f 4215 4214 4515
f 4214 4514 4515
f 4216 4215 4516
f 4215 4515 4516
f 4217 4216 4517
f 4216 4516 4517
f 4218 4217 4518
f 4217 4517 4518
f 4219 4218 4519
f 4218 4518 4519
f 4220 4219 4520
f 4219 4519 4520
f 4221 4220 4521
f 4220 4520 4521
f 4222 4221 4522
f 4221 4521 4522
f 4223 4222 4523
f 4222 4522 4523
f 4224 4223 4524
f 4223 4523 4524
f 4225 4224 4525
f 4224 4524 4525
f 4226 4225 4526
f 4225 4525 4526
f 4227 4226 4527
f 4226 4526 4527
f 4228 4227 4528
f 4227 4527 4528
f 4229 4228 4529
f 4228 4528 4529
f 4230 4229 4530
f 4229 4529 4530
f 4231 4230 4531
f 4230 4530 4531
f 4232 4231 4532
f 4231 4531 4532
f 4233 4232 4533
f 4232 4532 4533
f 4234 4233 4534
f 4233 4533 4534
f 4235 4234 4535
f 4234 4534 4535
f 4236 4235 4536
f 4235 4535 4536
f 4237 4236 4537
f 4236 4536 4537
f 4238 4237 4538
f 4237 4537 4538
f 4239 4238 4539
f 4238 4538 4539
f 4240 4239 4416
f 4242 4126 4540
f 4110 4302 4541
f 4096 4067 4542
f 4067 4369 4542
f 4287 4108 4543
f 4108 4419 4543
f 4245 4242 4544
f 4242 4540 4544
f 4246 4245 4545
f 4245 4544 4545
f 4247 4246 4546
f 4246 4545 4546
f 4248 4247 4547
f 4247 4546 4547
f 4249 4248 4548
f 4248 4547 4548
f 4250 4249 4549
f 4249 4548 4549
f 4251 4250 4550
f 4250 4549 4550
f 4252 4251 4551
f 4251 4550 4551
f 4253 4252 4552
f 4252 4551 4552
f 4254 4253 4553
f 4253 4552 4553
f 4255 4254 4554
f 4254 4553 4554
f 4256 4255 4555
f 4255 4554 4555
f 4257 4256 4556
f 4256 4555 4556
f 4258 4257 4557
f 4257 4556 4557
f 4259 4258 4558
f 4258 4557 4558
f 4260 4259 4559
f 4259 4558 4559
f 4261 4260 4560
f 4260 4559 4560
f 4262 4261 4561
f 4261 4560 4561
f 4263 4262 4562
f 4262 4561 4562
f 4264 4263 4563
f 4263 4562 4563
f 4265 4264 4564
f 4264 4563 4564
f 4266 4265 4565
f 4265 4564 4565
f 4267 4266 4566
f 4266 4565 4566
f 4268 4267 4567
f 4267 4566 4567
f 4269 4268 4568
f 4268 4567 4568
f 4270 4269 4569
f 4269 4568 4569
f 4271 4270 4570
f 4270 4569 4570
f 4272 4271 4571
f 4271 4570 4571
f 4273 4272 4572
f 4272 4571 4572
f 4274 4273 4573
f 4273 4572 4573
f 4275 4274 4574
f 4274 4573 4574
f 4276 4275 4575
f 4275 4574 4575
f 4277 4276 4576
f 4276 4575 4576
f 4278 4277 4577
f 4277 4576 4577
f 4279 4278 4578
f 4278 4577 4578
f 4280 4279 4579
f 4279 4578 4579
f 4281 4280 4580
f 4280 4579 4580
f 4282 4281 4581
f 4281 4580 4581
f 4283 4282 4582
f 4282 4581 4582
f 4284 4283 4583
f 4283 4582 4583
f 4285 4284 4584
f 4284 4583 4584
f 4288 4287 4585
f 4287 4543 4585
f 4289 4118 4586
f 4118 4397 4586
f 4291 4099 4587
f 4099 4423 4587
f 4367 4078 4588
f 4078 4379 4588
f 4294 4129 4589
f 4129 4429 4589
f 4297 4117 4590
f 4298 4120 4591
f 4120 4408 4591
f 4299 4288 4592
f 4288 4585 4592
f 4086 4109 4593
f 4314 4086 4593
f 4109 4338 4593
f 4302 4107 4594
f 4107 4420 4594
f 4303 4087 4595
f 4087 4384 4595
f 4304 4070 4596
f 4070 4372 4596
f 4305 4303 4597
f 4303 4595 4597
f 4306 4119 4598
f 4119 4418 4598
f 4105 4293 4599
f 4293 4424 4599
f 4312 4084 4600
f 4084 4313 4600
f 4310 4079 4601
f 4079 4307 4601
f 4385 4355 4602
f 4355 4337 4602
f 4310 4601 4603
f 4313 4402 4600
f 4318 4388 4604
f 4321 3805 4347
f 4319 4386 4605
f 4384 4315 4606
f 4315 4298 4606
f 4344 4069 4607
f 4069 4371 4607
f 4381 4082 4608
f 4082 4243 4608
f 4389 4241 4609
f 4241 4110 4609
f 4367 4588 4610
f 4320 4390 4611
f 4092 4125 4612
f 4388 4092 4612
f 4125 4410 4612
f 4392 4121 4409
f 4324 4025 4613
f 4025 4316 4613
f 4326 4396 4614
f 4101 4324 4615
f 4333 4314 4616
f 4327 4081 4617
f 4081 4321 4617
f 4325 4052 4391
f 4329 4398 4618
f 4397 4114 4619
f 4330 4312 4620
f 4305 4597 4383
f 4292 4356 4621
f 4115 4308 4622
f 4359 4416 4619
f 4374 4043 4623
f 4043 4344 4623
f 4400 4124 4422
f 4339 4401 4624
f 4403 4130 4430
f 4332 4403 4625
f 4404 4100 4626
f 4100 4327 4626
f 4336 4405 4627
f 4337 4061 4628
f 4061 4358 4628
f 4334 4096 4629
f 4096 4542 4629
f 4407 4290 4630
f 4290 4105 4630
f 4348 4415 4631
f 3798 4094 4356
f 4323 4304 4632
f 4338 4310 4633
f 4310 4603 4633
f 4340 4319 4634
f 4319 4605 4634
f 4114 4300 4619
f 4341 4326 4635
f 4326 4614 4635
f 4342 4075 4636
f 4075 4377 4636
f 4408 4127 4427
f 4343 4040 4637
f 4390 4343 4637
f 4040 4340 4637
f 4352 4115 4638
f 4115 4622 4638
f 4289 4586 4420
f 4412 4351 4639
f 4345 4292 4640
f 4292 4621 4640
f 4349 4036 4641
f 4036 4333 4641
f 4346 4345 4642
f 4345 4640 4642
f 4347 4054 4643
f 4054 4352 4643
f 4331 4399 4644
f 4350 4318 4645
f 4318 4604 4645
f 4419 4306 4598
f 4353 4322 4646
f 4322 4394 4646
f 4424 4291 4587
f 4357 4341 4647
f 4341 4635 4647
f 4354 4068 4648
f 4068 4370 4648
f 4323 4632 4399
f 4358 4357 4649
f 4357 4647 4649
f 4328 4297 4650
f 4541 4302 4594
f 4540 4126 4651
f 4126 4362 4651
f 4116 4360 4300
f 4110 4541 4609
f 4328 4650 4395
f 4243 4074 4652
f 4608 4243 4652
f 4074 4376 4652
f 4394 4311 4653
f 4311 4381 4653
f 4363 4346 4654
f 4346 4642 4654
f 4364 4033 4655
f 4033 4325 4655
f 4368 4339 4656
f 4339 4624 4656
f 4365 4065 4657
f 4065 4366 4657
f 4366 4332 4658
f 4332 4625 4658
f 4066 4368 4386
f 4590 4117 4659
f 4117 4299 4659
f 4369 4336 4660
f 4336 4627 4660
f 4370 4367 4661
f 4367 4610 4661
f 4295 4088 4662
f 4088 4353 4662
f 4298 4591 4606
f 4371 4101 4663
f 4101 4615 4663
f 4372 4348 4664
f 4348 4631 4664
f 4106 4411 4393
f 4375 4331 4665
f 4331 4644 4665
f 4376 4320 4666
f 4320 4611 4666
f 4377 4329 4667
f 4329 4618 4667
f 4378 4294 4668
f 4294 4589 4668
f 4307 4102 4669
f 4102 4417 4669
f 4380 4055 4670
f 4055 4354 4670
f 4286 4364 4671
f 4308 4286 4672
f 4286 4671 4672
f 4620 4312 4673
f 4312 4600 4673
f 4616 4314 4674
f 4314 4593 4674
f 4630 4105 4599
f 4356 4094 4621
f 4632 4304 4596
f 4639 4351 4675
f 4351 4382 4675
f 4650 4297 4590
f 4659 4299 4592
f 4392 4409 4676
f 4604 4388 4677
f 4594 4420 4678
f 4389 4609 4679
f 4321 4347 4680
f 4617 4321 4680
f 4347 4643 4680
f 4605 4386 4681
f 4386 4368 4681
f 4384 4606 4682
f 4610 4588 4683
f 4391 4342 4684
f 4342 4636 4684
f 4325 4391 4685
f 4655 4325 4685
f 4391 4684 4685
f 4408 4427 4686
f 4402 4412 4687
f 4412 4639 4687
f 4424 4587 4688
f 4614 4396 4689
f 4396 4350 4689
f 4398 4334 4629
f 4618 4398 4690
f 4398 4629 4690
f 4397 4619 4691
f 4383 4597 4692
f 4632 4596 4693
f 4359 4619 4300
f 4659 4592 4694
f 4625 4403 4695
f 4403 4430 4695
f 4406 4393 4696
f 4631 4415 4697
f 4415 4330 4697
f 4399 4632 4698
f 4644 4399 4698
f 4632 4693 4698
f 4611 4390 4699
f 4390 4637 4699
f 4591 4408 4700
f 4408 4686 4700
f 4405 4295 4662
f 4425 4421 4701
f 4615 4324 4702
f 4324 4613 4702
f 4421 4406 4703
f 4406 4696 4703
f 4630 4599 4704
f 4414 4365 4705
f 4365 4657 4705
f 4417 4375 4706
f 4375 4665 4706
f 4418 4383 4707
f 4383 4692 4707
f 4422 4389 4708
f 4389 4679 4708
f 4423 4392 4709
f 4392 4676 4709
f 4411 4407 4710
f 4426 4414 4711
f 4414 4705 4711
f 4427 4425 4712
f 4425 4701 4712
f 4428 4404 4713
f 4429 4428 4714
f 4428 4713 4714
f 4430 4378 4715
f 4378 4668 4715
f 4542 4369 4716
f 4369 4660 4716
f 4541 4594 4717
f 4594 4678 4717
f 4433 4432 4718
f 4434 4433 4719
f 4433 4718 4719
f 4435 4434 4720
f 4434 4719 4720
f 4436 4435 4721
f 4435 4720 4721
f 4437 4436 4722
f 4436 4721 4722
f 4438 4437 4723
f 4437 4722 4723
f 4439 4438 4724
f 4438 4723 4724
f 4440 4439 4725
f 4439 4724 4725
f 4441 4440 4726
f 4440 4725 4726
f 4442 4441 4727
f 4441 4726 4727
f 4443 4442 4728
f 4442 4727 4728
f 4444 4443 4729
f 4443 4728 4729
f 4445 4444 4730
f 4444 4729 4730
f 4446 4445 4731
f 4445 4730 4731
f 4447 4446 4732
f 4446 4731 4732
f 4448 4447 4733
f 4447 4732 4733
f 4449 4448 4734
f 4448 4733 4734
f 4450 4449 4735
f 4449 4734 4735
f 4451 4450 4736
f 4450 4735 4736
f 4452 4451 4737
f 4451 4736 4737
f 4453 4452 4738
f 4452 4737 4738
f 4454 4453 4739
f 4453 4738 4739
f 4455 4454 4740
f 4454 4739 4740
f 4456 4455 4741
f 4455 4740 4741
f 4457 4456 4742
f 4456 4741 4742
f 4458 4457 4743
f 4457 4742 4743
f 4459 4458 4744
f 4458 4743 4744
f 4460 4459 4745
f 4459 4744 4745
f 4461 4460 4746
f 4460 4745 4746
f 4462 4461 4747
f 4461 4746 4747
f 4463 4462 4748
f 4462 4747 4748
f 4464 4463 4749
f 4463 4748 4749
f 4465 4464 4750
f 4464 4749 4750
f 4466 4465 4751
f 4465 4750 4751
f 4467 4466 4752
f 4466 4751 4752
f 4468 4467 4753
f 4467 4752 4753
f 4469 4468 4754
f 4468 4753 4754
f 4470 4469 4755
f 4469 4754 4755
f 4471 4470 4756
f 4470 4755 4756
f 4472 4471 4757
f 4471 4756 4757
f 4473 4472 4758
f 4472 4757 4758
f 4474 4473 4759
f 4473 4758 4759
f 4475 4474 4760
f 4474 4759 4760
f 4476 4475 4761
f 4475 4760 4761
f 4477 4476 4762
f 4476 4761 4762
f 4478 4477 4763
f 4477 4762 4763
f 4479 4478 4764
f 4478 4763 4764
f 4480 4479 4765
f 4479 4764 4765
f 4481 4480 4766
f 4480 4765 4766
f 4482 4481 4767
f 4481 4766 4767
f 4483 4482 4768
f 4482 4767 4768
f 4484 4483 4769
f 4483 4768 4769
f 4485 4484 4770
f 4484 4769 4770
f 4486 4485 4771
f 4485 4770 4771
f 4487 4486 4772
f 4486 4771 4772
f 4488 4487 4773
f 4487 4772 4773
f 4489 4488 4774
f 4488 4773 4774
f 4490 4489 4775
f 4489 4774 4775
f 4491 4490 4776
f 4490 4775 4776
f 4492 4491 4777
f 4491 4776 4777
f 4493 4492 4778
f 4492 4777 4778
f 4494 4493 4779
f 4493 4778 4779
f 4495 4494 4780
f 4494 4779 4780
f 4496 4495 4781
f 4495 4780 4781
f 4497 4496 4782
f 4496 4781 4782
f 4498 4497 4783
f 4497 4782 4783
f 4499 4498 4784
f 4498 4783 4784
f 4500 4499 4785
f 4499 4784 4785
f 4501 4500 4786
f 4500 4785 4786
f 4502 4501 4787
f 4501 4786 4787
f 4503 4502 4788
f 4502 4787 4788
f 4504 4503 4789
f 4503 4788 4789
f 4505 4504 4790
f 4504 4789 4790
f 4506 4505 4791
f 4505 4790 4791
f 4507 4506 4792
f 4506 4791 4792
f 4508 4507 4793
f 4507 4792 4793
f 4509 4508 4794
f 4508 4793 4794
f 4510 4509 4795
f 4509 4794 4795
f 4511 4510 4796
f 4510 4795 4796
f 4512 4511 4797
f 4511 4796 4797
f 4513 4512 4798
f 4512 4797 4798
f 4514 4513 4799
f 4513 4798 4799
f 4515 4514 4800
f 4514 4799 4800
f 4516 4515 4801
f 4515 4800 4801
f 4517 4516 4802
f 4516 4801 4802
f 4518 4517 4803
f 4517 4802 4803
f 4519 4518 4804
f 4518 4803 4804
f 4520 4519 4805
f 4519 4804 4805
f 4521 4520 4806
f 4520 4805 4806
f 4522 4521 4807
f 4521 4806 4807
f 4523 4522 4808
f 4522 4807 4808
f 4524 4523 4809
f 4523 4808 4809
f 4525 4524 4810
f 4524 4809 4810
f 4526 4525 4811
f 4525 4810 4811
f 4527 4526 4812
f 4526 4811 4812
f 4528 4527 4813
f 4527 4812 4813
f 4529 4528 4814
f 4528 4813 4814
f 4530 4529 4815
f 4529 4814 4815
f 4531 4530 4816
f 4530 4815 4816
f 4532 4531 4817
f 4531 4816 4817
f 4533 4532 4818
f 4532 4817 4818
f 4534 4533 4819
f 4533 4818 4819
f 4535 4534 4820
f 4534 4819 4820
f 4536 4535 4821
f 4535 4820 4821
f 4537 4536 4822
f 4536 4821 4822
f 4538 4537 4823
f 4537 4822 4823
f 4539 4538 4824
f 4538 4823 4824
f 4401 4363 4825
f 4624 4401 4825
f 4363 4654 4825
f 4606 4591 4826
f 4591 4700 4826
f 4407 4630 4827
f 4630 4704 4827
f 4543 4419 4828
f 4544 4540 4829
f 4545 4544 4830
f 4544 4829 4830
f 4546 4545 4831
f 4545 4830 4831
f 4547 4546 4832
f 4546 4831 4832
f 4548 4547 4833
f 4547 4832 4833
f 4549 4548 4834
f 4548 4833 4834
f 4550 4549 4835
f 4549 4834 4835
f 4551 4550 4836
f 4550 4835 4836
f 4552 4551 4837
f 4551 4836 4837
f 4553 4552 4838
f 4552 4837 4838
f 4554 4553 4839
f 4553 4838 4839
f 4555 4554 4840
f 4554 4839 4840
f 4556 4555 4841
f 4555 4840 4841
f 4557 4556 4842
f 4556 4841 4842
f 4558 4557 4843
f 4557 4842 4843
f 4559 4558 4844
f 4558 4843 4844
f 4560 4559 4845
f 4559 4844 4845
f 4561 4560 4846
f 4560 4845 4846
f 4562 4561 4847
f 4561 4846 4847
f 4563 4562 4848
f 4562 4847 4848
f 4564 4563 4849
f 4563 4848 4849
f 4565 4564 4850
f 4564 4849 4850
f 4566 4565 4851
f 4565 4850 4851
f 4567 4566 4852
f 4566 4851 4852
f 4568 4567 4853
f 4567 4852 4853
f 4569 4568 4854
f 4568 4853 4854
f 4570 4569 4855
f 4569 4854 4855
f 4571 4570 4856
f 4570 4855 4856
f 4572 4571 4857
f 4571 4856 4857
f 4573 4572 4858
f 4572 4857 4858
f 4574 4573 4859
f 4573 4858 4859
f 4575 4574 4860
f 4574 4859 4860
f 4576 4575 4861
f 4575 4860 4861
f 4577 4576 4862
f 4576 4861 4862
f 4578 4577 4863
f 4577 4862 4863
f 4579 4578 4864
f 4578 4863 4864
f 4580 4579 4865
f 4579 4864 4865
f 4581 4580 4866
f 4580 4865 4866
f 4582 4581 4867
f 4581 4866 4867
f 4583 4582 4868
f 4582 4867 4868
f 4585 4543 4869
f 4543 4828 4869
f 4586 4397 4870
f 4397 4691 4870
f 4587 4423 4871
f 4423 4709 4871
f 4393 4411 4872
f 4411 4710 4872
f 4588 4379 4873
f 4683 4588 4873
f 4379 4413 4873
f 4400 4422 4874
f 4422 4708 4874
f 4589 4429 4875
f 4429 4714 4875
f 4619 4416 4691
f 4650 4590 4876
f 4592 4585 4877
f 4585 4869 4877
f 4593 4338 4878
f 4674 4593 4878
f 4338 4633 4878
f 4285 4584 4432
f 4609 4541 4879
f 4541 4717 4879
f 4622 4308 4672
f 4595 4384 4880
f 4384 4682 4880
f 4596 4372 4881
f 4693 4596 4881
f 4372 4664 4881
f 4597 4595 4882
f 4595 4880 4882
f 4598 4418 4883
f 4418 4707 4883
f 4599 4424 4884
f 4424 4688 4884
f 4419 4598 4885
f 4598 4883 4885
f 4671 4364 4886
f 4364 4655 4886
f 4601 4307 4669
f 4590 4659 4887
f 4659 4694 4887
f 4432 4584 4718
f 4639 4675 4888
f 4603 4601 4889
f 4604 4677 4890
f 4600 4402 4891
f 4681 4368 4656
f 4393 4872 4696
f 4682 4606 4826
f 4610 4683 4892
f 4607 4371 4893
f 4371 4663 4893
f 4387 4385 4894
f 4653 4381 4895
f 4381 4608 4895
f 4395 4650 4896
f 4394 4653 4897
f 4618 4690 4898
f 4687 4639 4899
f 4639 4888 4899
f 4239 4539 4416
f 4402 4687 4891
f 4613 4316 4900
f 4316 4431 4900
f 4623 4344 4901
f 4344 4607 4901
f 4688 4587 4871
f 4614 4689 4902
f 4692 4597 4882
f 4094 4395 4621
f 4416 4539 4903
f 4691 4416 4903
f 4539 4824 4903
f 4603 4889 4904
f 4600 4891 4673
f 4894 4385 4905
f 4385 4602 4905
f 4896 4650 4876
f 4333 4616 4906
f 4382 4387 4907
f 4675 4382 4907
f 4387 4894 4907
f 4333 4906 4641
f 4330 4620 4697
f 4611 4699 4908
f 4620 4673 4909
f 4420 4586 4910
f 4694 4592 4877
f 4625 4695 4911
f 4626 4327 4912
f 4327 4617 4912
f 4586 4870 4910
f 4627 4405 4913
f 4337 4628 4602
f 4601 4669 4889
f 4629 4542 4914
f 4542 4716 4914
f 4631 4697 4915
f 4679 4609 4879
f 4627 4913 4916
f 4285 4432 4361
f 4634 4605 4917
f 4413 4349 4918
f 4873 4413 4918
f 4349 4641 4918
f 4421 4703 4701
f 4409 4400 4919
f 4635 4614 4920
f 4614 4902 4920
f 4636 4377 4921
f 4377 4667 4921
f 4410 4374 4922
f 4612 4410 4922
f 4374 4623 4922
f 4637 4340 4923
f 4699 4637 4923
f 4340 4634 4923
f 4645 4604 4924
f 4604 4890 4924
f 4317 4380 4925
f 4409 4919 4676
f 4678 4420 4910
f 4697 4620 4926
f 4915 4697 4926
f 4620 4909 4926
f 4615 4702 4927
f 4704 4599 4884
f 4633 4603 4928
f 4603 4904 4928
f 4628 4358 4929
f 4358 4649 4929
f 4643 4352 4930
f 4352 4638 4930
f 4427 4712 4686
f 4644 4698 4931
f 4380 4670 4925
f 4350 4645 4689
f 4646 4394 4932
f 4394 4897 4932
f 4718 4584 4933
f 4719 4718 4933
f 4584 4583 4933
f 4710 4407 4827
f 4647 4635 4934
f 4635 4920 4934
f 4648 4370 4935
f 4370 4661 4935
f 4590 4887 4876
f 4713 4404 4936
f 4404 4626 4936
f 4649 4647 4937
f 4647 4934 4937
f 4431 4426 4938
f 4900 4431 4938
f 4426 4711 4938
f 4624 4825 4939
f 4430 4715 4695
f 4829 4540 4940
f 4540 4651 4940
f 4828 4419 4885
f 4652 4376 4941
f 4376 4666 4941
f 4616 4674 4942
f 4583 4868 4933
f 4654 4642 4943
f 4656 4624 4944
f 4624 4939 4944
f 4657 4366 4945
f 4366 4658 4945
f 4658 4625 4946
f 4625 4911 4946
f 4660 4627 4947
f 4627 4916 4947
f 4661 4610 4948
f 4610 4892 4948
f 4663 4615 4949
f 4615 4927 4949
f 4664 4631 4950
f 4631 4915 4950
f 4672 4671 4951
f 4665 4644 4952
f 4644 4931 4952
f 4666 4611 4953
f 4611 4908 4953
f 4622 4672 4954
f 4672 4951 4954
f 4667 4618 4955
f 4618 4898 4955
f 4668 4589 4956
f 4589 4875 4956
f 4669 4417 4957
f 4889 4669 4957
f 4417 4706 4957
f 4638 4622 4958
f 4622 4954 4958
f 4917 4605 4959
f 4605 4681 4959
f 4906 4616 4960
f 4616 4942 4960
f 4913 4405 4662
f 4919 4400 4874
f 4943 4642 4896
f 4951 4671 4961
f 4671 4886 4961
f 4681 4656 4962
f 4959 4681 4962
f 4656 4944 4962
f 4888 4675 4963
f 4675 4907 4963
f 4874 4708 4964
f 4892 4683 4965
f 4719 4933 4966
f 4919 4874 4967
f 4874 4964 4967
f 4388 4612 4968
f 4684 4636 4969
f 4636 4921 4969
f 4902 4689 4970
f 4689 4645 4970
f 4692 4882 4971
f 4621 4395 4896
f 4388 4968 4677
f 4968 4612 4922
f 4621 4896 4640
f 4690 4629 4914
f 4910 4870 4972
f 4354 4648 4973
f 4909 4673 4974
f 4673 4891 4974
f 4908 4699 4975
f 4699 4923 4975
f 4876 4887 4976
f 4359 4300 4360
f 4694 4877 4977
f 4911 4695 4978
f 4695 4715 4978
f 4826 4700 4979
f 4682 4826 4980
f 4826 4979 4980
f 4602 4628 4981
f 4905 4602 4981
f 4628 4929 4981
f 4927 4702 4982
f 4679 4879 4983
f 4705 4657 4984
f 4657 4945 4984
f 4916 4913 4985
f 4896 4642 4640
f 4702 4613 4986
f 4982 4702 4986
f 4613 4900 4986
f 4676 4919 4987
f 4919 4967 4987
f 4688 4871 4988
f 4704 4884 4989
f 4703 4696 4990
f 4931 4698 4991
f 4698 4693 4991
f 4706 4665 4992
f 4665 4952 4992
f 4707 4692 4993
f 4692 4971 4993
f 4708 4679 4994
f 4679 4983 4994
f 4701 4703 4995
f 4703 4990 4995
f 4353 4646 4996
f 4891 4687 4997
f 4974 4891 4997
f 4687 4899 4997
f 4709 4676 4998
f 4676 4987 4998
f 4913 4662 4996
f 4830 4829 4999
f 4712 4701 5000
f 4701 4995 5000
f 4904 4889 5001
f 4889 4957 5001
f 4715 4668 5002
f 4978 4715 5002
f 4668 4956 5002
f 4716 4660 5003
f 4660 4947 5003
f 4717 4678 5004
f 4362 4317 4925
f 4720 4719 4966
f 4721 4720 5005
f 4722 4721 5006
f 4721 5005 5006
f 4723 4722 5007
f 4722 5006 5007
f 4724 4723 5008
f 4723 5007 5008
f 4725 4724 5009
f 4724 5008 5009
f 4726 4725 5010
f 4725 5009 5010
f 4727 4726 5011
f 4726 5010 5011
f 4728 4727 5012
f 4727 5011 5012
f 4729 4728 5013
f 4728 5012 5013
f 4730 4729 5014
f 4729 5013 5014
f 4731 4730 5015
f 4730 5014 5015
f 4732 4731 5016
f 4731 5015 5016
f 4733 4732 5017
f 4732 5016 5017
f 4734 4733 5018
f 4733 5017 5018
f 4735 4734 5019
f 4734 5018 5019
f 4736 4735 5020
f 4735 5019 5020
f 4737 4736 5021
f 4736 5020 5021
f 4738 4737 5022
f 4737 5021 5022
f 4739 4738 5023
f 4738 5022 5023
f 4740 4739 5024
f 4739 5023 5024
f 4741 4740 5025
f 4740 5024 5025
f 4742 4741 5026
f 4741 5025 5026
f 4743 4742 5027
f 4742 5026 5027
f 4744 4743 5028
f 4743 5027 5028
f 4745 4744 5029
f 4744 5028 5029
f 4746 4745 5030
f 4745 5029 5030
f 4747 4746 5031
f 4746 5030 5031
f 4748 4747 5032
f 4747 5031 5032
f 4749 4748 5033
f 4748 5032 5033
f 4750 4749 5034
f 4749 5033 5034
f 4751 4750 5035
f 4750 5034 5035
f 4752 4751 5036
f 4751 5035 5036
f 4753 4752 5037
f 4752 5036 5037
f 4754 4753 5038
f 4753 5037 5038
f 4755 4754 5039
f 4754 5038 5039
f 4756 4755 5040
f 4755 5039 5040
f 4757 4756 5041
f 4756 5040 5041
f 4758 4757 5042
f 4757 5041 5042
f 4759 4758 5043
f 4758 5042 5043
f 4760 4759 5044
f 4759 5043 5044
f 4761 4760 5045
f 4760 5044 5045
f 4762 4761 5046
f 4761 5045 5046
f 4763 4762 5047
f 4762 5046 5047
f 4764 4763 5048
f 4763 5047 5048
f 4765 4764 5049
f 4764 5048 5049
f 4766 4765 5050
f 4765 5049 5050
f 4767 4766 5051
f 4766 5050 5051
f 4768 4767 5052
f 4767 5051 5052
f 4769 4768 5053
f 4768 5052 5053
f 4770 4769 5054
f 4769 5053 5054
f 4771 4770 5055
f 4770 5054 5055
f 4772 4771 5056
f 4771 5055 5056
f 4773 4772 5057
f 4772 5056 5057
f 4774 4773 5058
f 4773 5057 5058
f 4775 4774 5059
f 4774 5058 5059
f 4776 4775 5060
f 4775 5059 5060
f 4777 4776 5061
f 4776 5060 5061
f 4778 4777 5062
f 4777 5061 5062
f 4779 4778 5063
f 4778 5062 5063
f 4780 4779 5064
f 4779 5063 5064
f 4781 4780 5065
f 4780 5064 5065
f 4782 4781 5066
f 4781 5065 5066
f 4783 4782 5067
f 4782 5066 5067
f 4784 4783 5068
f 4783 5067 5068
f 4785 4784 5069
f 4784 5068 5069
f 4786 4785 5070
f 4785 5069 5070
f 4787 4786 5071
f 4786 5070 5071
f 4788 4787 5072
f 4787 5071 5072
f 4789 4788 5073
f 4788 5072 5073
f 4790 4789 5074
f 4789 5073 5074
f 4791 4790 5075
f 4790 5074 5075
f 4792 4791 5076
f 4791 5075 5076
f 4793 4792 5077
f 4792 5076 5077
f 4794 4793 5078
f 4793 5077 5078
f 4795 4794 5079
f 4794 5078 5079
f 4796 4795 5080
f 4795 5079 5080
f 4797 4796 5081
f 4796 5080 5081
f 4798 4797 5082
f 4797 5081 5082
f 4799 4798 5083
f 4798 5082 5083
f 4800 4799 5084
f 4799 5083 5084
f 4801 4800 5085
f 4800 5084 5085
f 4802 4801 5086
f 4801 5085 5086
f 4803 4802 5087
f 4802 5086 5087
f 4804 4803 5088
f 4803 5087 5088
f 4805 4804 5089
f 4804 5088 5089
f 4806 4805 5090
f 4805 5089 5090
f 4807 4806 5091
f 4806 5090 5091
f 4808 4807 5092
f 4807 5091 5092
f 4809 4808 5093
f 4808 5092 5093
f 4810 4809 5094
f 4809 5093 5094
f 4811 4810 5095
f 4810 5094 5095
f 4812 4811 5096
f 4811 5095 5096
f 4813 4812 5097
f 4812 5096 5097
f 4814 4813 5098
f 4813 5097 5098
f 4815 4814 5099
f 4814 5098 5099
f 4816 4815 5100
f 4815 5099 5100
f 4817 4816 5101
f 4816 5100 5101
f 4818 4817 5102
f 4817 5101 5102
f 4819 4818 5103
f 4818 5102 5103
f 4820 4819 5104
f 4819 5103 5104
f 4821 4820 5105
f 4820 5104 5105
f 4822 4821 5106
f 4821 5105 5106
f 4823 4822 5107
f 4822 5106 5107
f 4824 4823 5108
f 4823 5107 5108
f 4825 4654 5109
f 4939 4825 5109
f 4654 4943 5109
f 4714 4713 5110
f 4711 4705 5111
f 4705 4984 5111
f 4827 4704 5112
f 4704 4989 5112
f 4942 4674 5113
f 4674 4878 5113
f 4933 4868 4966
f 4608 4652 5114
f 4652 4941 5114
f 4831 4830 5115
f 4830 4999 5115
f 4832 4831 5116
f 4831 5115 5116
f 4833 4832 5117
f 4832 5116 5117
f 4834 4833 5118
f 4833 5117 5118
f 4835 4834 5119
f 4834 5118 5119
f 4836 4835 5120
f 4835 5119 5120
f 4837 4836 5121
f 4836 5120 5121
f 4838 4837 5122
f 4837 5121 5122
f 4839 4838 5123
f 4838 5122 5123
f 4840 4839 5124
f 4839 5123 5124
f 4841 4840 5125
f 4840 5124 5125
f 4842 4841 5126
f 4841 5125 5126
f 4843 4842 5127
f 4842 5126 5127
f 4844 4843 5128
f 4843 5127 5128
f 4845 4844 5129
f 4844 5128 5129
f 4846 4845 5130
f 4845 5129 5130
f 4847 4846 5131
f 4846 5130 5131
f 4848 4847 5132
f 4847 5131 5132
f 4849 4848 5133
f 4848 5132 5133
f 4850 4849 5134
f 4849 5133 5134
f 4851 4850 5135
f 4850 5134 5135
f 4852 4851 5136
f 4851 5135 5136
f 4853 4852 5137
f 4852 5136 5137
f 4854 4853 5138
f 4853 5137 5138
f 4855 4854 5139
f 4854 5138 5139
f 4856 4855 5140
f 4855 5139 5140
f 4857 4856 5141
f 4856 5140 5141
f 4858 4857 5142
f 4857 5141 5142
f 4859 4858 5143
f 4858 5142 5143
f 4860 4859 5144
f 4859 5143 5144
f 4861 4860 5145
f 4860 5144 5145
f 4862 4861 5146
f 4861 5145 5146
f 4863 4862 5147
f 4862 5146 5147
f 4864 4863 5148
f 4863 5147 5148
f 4865 4864 5149
f 4864 5148 5149
f 4866 4865 5150
f 4865 5149 5150
f 4867 4866 5151
f 4866 5150 5151
f 4868 4867 5152
f 4867 5151 5152
f 4869 4828 5153
f 4710 4827 5154
f 4827 5112 5154
f 4870 4691 5155
f 4972 4870 5155
f 4691 4903 5155
f 4686 4712 5156
f 4712 5000 5156
f 4871 4709 5157
f 4709 4998 5157
f 4872 4710 5158
f 4710 5154 5158
f 4677 4968 5159
f 4898 4690 5160
f 4690 4914 5160
f 4875 4714 5161
f 4714 5110 5161
f 4877 4869 5162
f 4869 5153 5162
f 4678 4910 5163
f 5004 4678 5163
f 4910 4972 5163
f 4662 4353 4996
f 4954 4951 5164
f 4879 4717 5165
f 4717 5004 5165
f 4897 4653 5166
f 4653 4895 5166
f 4880 4682 5167
f 4682 4980 5167
f 4913 4996 4985
f 4883 4707 5168
f 4707 4993 5168
f 4884 4688 5169
f 4688 4988 5169
f 4885 4883 5170
f 4883 5168 5170
f 4886 4655 5171
f 4655 4685 5171
f 4670 4354 4973
f 4890 4677 5172
f 4677 5159 5172
f 4887 4694 5173
f 4694 4977 5173
f 4996 4646 5174
f 4985 4996 5174
f 4646 4932 5174
f 4908 4975 5175
f 4720 4966 5005
f 4964 4708 4994
f 4895 4608 5114
f 4927 4982 5176
f 4893 4663 5177
f 4663 4949 5177
f 4892 4965 5178
f 4939 5109 5179
f 4960 4942 5180
f 4685 4684 5181
f 4684 4969 5181
f 4970 4645 4924
f 5110 4713 5182
f 4713 4936 5182
f 4896 4876 4943
f 4901 4607 5183
f 4607 4893 5183
f 4971 4882 5184
f 4882 4880 5184
f 4973 4648 5185
f 4903 4824 5108
f 4912 4617 5186
f 4617 4680 5186
f 4890 5172 5187
f 4909 4974 5188
f 4976 4887 5173
f 4915 4926 5189
f 4911 4978 5190
f 4979 4700 5191
f 4700 4686 5191
f 4902 4970 5192
f 4961 4886 5193
f 4886 5171 5193
f 4983 4879 5165
f 4914 4716 5194
f 5160 4914 5194
f 4716 5003 5194
f 4904 5001 5195
f 4680 4643 5196
f 5186 4680 5196
f 4643 4930 5196
f 4686 5156 5191
f 4991 4693 5197
f 4693 4881 5197
f 4923 4634 5198
f 4634 4917 5198
f 4918 4641 5199
f 4641 4906 5199
f 4683 4873 5200
f 4965 4683 5200
f 4873 4918 5200
f 4990 4696 5201
f 4696 4872 5201
f 4648 4935 5185
f 4921 4667 5202
f 4667 4955 5202
f 4922 4623 5203
f 4968 4922 5203
f 4623 4901 5203
f 4989 4884 5169
f 4988 4871 5157
f 4926 4909 5204
f 5189 4926 5204
f 4909 5188 5204
f 5164 4951 5205
f 4951 4961 5205
f 4931 4991 5206
f 4928 4904 5207
f 4904 5195 5207
f 4929 4649 5208
f 4649 4937 5208
f 4930 4638 5209
f 4638 4958 5209
f 4924 4890 5210
f 4890 5187 5210
f 4932 4897 5211
f 4899 4888 5212
f 4877 5162 4977
f 5180 4942 5213
f 4942 5113 5213
f 4868 5152 4966
f 4934 4920 5214
f 4916 4985 5215
f 4935 4661 5216
f 4661 4948 5216
f 4936 4626 5217
f 4626 4912 5217
f 4937 4934 5218
f 4934 5214 5218
f 4938 4711 5219
f 4711 5111 5219
f 4952 4931 5220
f 4931 5206 5220
f 4968 5203 5159
f 4362 4925 4651
f 5109 4943 5221
f 5179 5109 5221
f 4943 4976 5221
f 4944 4939 5222
f 4939 5179 5222
f 4917 4959 5223
f 4941 4666 5224
f 4666 4953 5224
f 4945 4658 5225
f 4658 4946 5225
f 5153 4828 5226
f 4828 4885 5226
f 4946 4911 5227
f 4911 5190 5227
f 5201 4872 5158
f 5184 4880 5167
f 5198 4917 5228
f 4917 5223 5228
f 5199 4906 5229
f 4906 4960 5229
f 5212 4888 5230
f 4888 4963 5230
f 5211 4897 5231
f 4897 5166 5231
f 5226 4885 5170
f 4651 4925 4670
f 4898 5160 5232
f 4920 4902 5233
f 5214 4920 5233
f 4902 5192 5233
f 4947 4916 5234
f 4916 5215 5234
f 4948 4892 5235
f 4892 5178 5235
f 4949 4927 5236
f 4927 5176 5236
f 4950 4915 5237
f 4915 5189 5237
f 4953 4908 5238
f 4908 5175 5238
f 4878 4633 5239
f 5113 4878 5239
f 4633 4928 5239
f 4955 4898 5240
f 4898 5232 5240
f 4956 4875 5241
f 4875 5161 5241
f 4957 4706 5242
f 4706 4992 5242
f 4881 4664 5243
f 5197 4881 5243
f 4664 4950 5243
f 4894 4905 5244
f 4958 4954 5245
f 4954 5164 5245
f 4651 4670 4940
f 5005 4966 5246
f 4966 5152 5246
f 4987 4967 5247
f 5176 4982 5248
f 5178 4965 5249
f 4971 5184 5250
f 4907 4894 5251
f 4998 4987 5252
f 4987 5247 5252
f 4970 4924 5253
f 4924 5210 5253
f 4903 5108 5155
f 4984 4945 5254
f 4945 5225 5254
f 5187 5172 5255
f 5156 5000 5256
f 4975 4923 5198
f 4980 4979 5257
f 4894 5244 5251
f 5003 4947 5258
f 4947 5234 5258
f 5201 5158 5259
f 5191 5156 5260
f 5156 5256 5260
f 4979 5191 5261
f 5191 5260 5261
f 5192 4970 5253
f 5244 4905 5262
f 4905 4981 5262
f 4983 5165 5263
f 4990 5201 5264
f 5201 5259 5264
f 5203 4901 5265
f 5159 5203 5265
f 4901 5183 5265
f 5153 5226 5266
f 5206 4991 5267
f 4991 5197 5267
f 4992 4952 5268
f 4952 5220 5268
f 4993 4971 5269
f 4971 5250 5269
f 4994 4983 5270
f 4983 5263 5270
f 4670 4973 4940
f 4995 4990 5271
f 4990 5264 5271
f 4977 5162 5272
f 5215 4985 5273
f 4985 5174 5273
f 4999 4829 5185
f 5185 4935 5274
f 4999 5185 5274
f 4935 5216 5274
f 4976 4943 4876
f 5001 4957 5242
f 4969 4921 5275
f 4921 5202 5275
f 5000 4995 5276
f 4995 5271 5276
f 5006 5005 5277
f 5005 5246 5277
f 4900 4938 5278
f 4986 4900 5278
f 4938 5219 5278
f 4907 5251 4963
f 4975 5198 5279
f 5175 4975 5279
f 5198 5228 5279
f 5251 5244 5280
f 4964 4994 5281
f 4994 5270 5281
f 5007 5006 5282
f 5006 5277 5282
f 5008 5007 5283
f 5007 5282 5283
f 5009 5008 5284
f 5008 5283 5284
f 5010 5009 5285
f 5009 5284 5285
f 5011 5010 5286
f 5010 5285 5286
f 5012 5011 5287
f 5011 5286 5287
f 5013 5012 5288
f 5012 5287 5288
f 5014 5013 5289
f 5013 5288 5289
f 5015 5014 5290
f 5014 5289 5290
f 5016 5015 5291
f 5015 5290 5291
f 5017 5016 5292
f 5016 5291 5292
f 5018 5017 5293
f 5017 5292 5293
f 5019 5018 5294
f 5018 5293 5294
f 5020 5019 5295
f 5019 5294 5295
f 5021 5020 5296
f 5020 5295 5296
f 5022 5021 5297
f 5021 5296 5297
f 5023 5022 5298
f 5022 5297 5298
f 5024 5023 5299
f 5023 5298 5299
f 5025 5024 5300
f 5024 5299 5300
f 5026 5025 5301
f 5025 5300 5301
f 5027 5026 5302
f 5026 5301 5302
f 5028 5027 5303
f 5027 5302 5303
f 5029 5028 5304
f 5028 5303 5304
f 5030 5029 5305
f 5029 5304 5305
f 5031 5030 5306
f 5030 5305 5306
f 5032 5031 5307
f 5031 5306 5307
f 5033 5032 5308
f 5032 5307 5308
f 5034 5033 5309
f 5033 5308 5309
f 5035 5034 5310
f 5034 5309 5310
f 5036 5035 5311
f 5035 5310 5311
f 5037 5036 5312
f 5036 5311 5312
f 5038 5037 5313
f 5037 5312 5313
f 5039 5038 5314
f 5038 5313 5314
f 5040 5039 5315
f 5039 5314 5315
f 5041 5040 5316
f 5040 5315 5316
f 5042 5041 5317
f 5041 5316 5317
f 5043 5042 5318
f 5042 5317 5318
f 5044 5043 5319
f 5043 5318 5319
f 5045 5044 5320
f 5044 5319 5320
f 5046 5045 5321
f 5045 5320 5321
f 5047 5046 5322
f 5046 5321 5322
f 5048 5047 5323
f 5047 5322 5323
f 5049 5048 5324
f 5048 5323 5324
f 5050 5049 5325
f 5049 5324 5325
f 5051 5050 5326
f 5050 5325 5326
f 5052 5051 5327
f 5051 5326 5327
f 5053 5052 5328
f 5052 5327 5328
f 5054 5053 5329
f 5053 5328 5329
f 5055 5054 5330
f 5054 5329 5330
f 5056 5055 5331
f 5055 5330 5331
f 5057 5056 5332
f 5056 5331 5332
f 5058 5057 5333
f 5057 5332 5333
f 5059 5058 5334
f 5058 5333 5334
f 5060 5059 5335
f 5059 5334 5335
f 5061 5060 5336
f 5060 5335 5336
f 5062 5061 5337
f 5061 5336 5337
f 5063 5062 5338
f 5062 5337 5338
f 5064 5063 5339
f 5063 5338 5339
f 5065 5064 5340
f 5064 5339 5340
f 5066 5065 5341
f 5065 5340 5341
f 5067 5066 5342
f 5066 5341 5342
f 5068 5067 5343
f 5067 5342 5343
f 5069 5068 5344
f 5068 5343 5344
f 5070 5069 5345
f 5069 5344 5345
f 5071 5070 5346
f 5070 5345 5346
f 5072 5071 5347
f 5071 5346 5347
f 5073 5072 5348
f 5072 5347 5348
f 5074 5073 5349
f 5073 5348 5349
f 5075 5074 5350
f 5074 5349 5350
f 5076 5075 5351
f 5075 5350 5351
f 5077 5076 5352
f 5076 5351 5352
f 5078 5077 5353
f 5077 5352 5353
f 5079 5078 5354
f 5078 5353 5354
f 5080 5079 5355
f 5079 5354 5355
f 5081 5080 5356
f 5080 5355 5356
f 5082 5081 5357
f 5081 5356 5357
f 5083 5082 5358
f 5082 5357 5358
f 5084 5083 5359
f 5083 5358 5359
f 5085 5084 5360
f 5084 5359 5360
f 5086 5085 5361
f 5085 5360 5361
f 5087 5086 5362
f 5086 5361 5362
f 5088 5087 5363
f 5087 5362 5363
f 5089 5088 5364
f 5088 5363 5364
f 5090 5089 5365
f 5089 5364 5365
f 5091 5090 5366
f 5090 5365 5366
f 5092 5091 5367
f 5091 5366 5367
f 5093 5092 5368
f 5092 5367 5368
f 5094 5093 5369
f 5093 5368 5369
f 5095 5094 5370
f 5094 5369 5370
f 5096 5095 5371
f 5095 5370 5371
f 5097 5096 5372
f 5096 5371 5372
f 5098 5097 5373
f 5097 5372 5373
f 5099 5098 5374
f 5098 5373 5374
f 5100 5099 5375
f 5099 5374 5375
f 5101 5100 5376
f 5100 5375 5376
f 5102 5101 5377
f 5101 5376 5377
f 5103 5102 5378
f 5102 5377 5378
f 5104 5103 5379
f 5103 5378 5379
f 5105 5104 5380
f 5104 5379 5380
f 5106 5105 5381
f 5105 5380 5381
f 5107 5106 5382
f 5106 5381 5382
f 5108 5107 5383
f 5107 5382 5383
f 5111 4984 5384
f 4984 5254 5384
f 5112 4989 5385
f 5223 4959 5386
f 4959 4962 5386
f 4918 5199 5200
f 4963 5251 5387
f 5230 4963 5387
f 5251 5280 5387
f 5154 5112 5388
f 5112 5385 5388
f 5114 4941 5389
f 4941 5224 5389
f 5115 4999 5274
f 5116 5115 5390
f 5117 5116 5391
f 5116 5390 5391
f 5118 5117 5392
f 5117 5391 5392
f 5119 5118 5393
f 5118 5392 5393
f 5120 5119 5394
f 5119 5393 5394
f 5121 5120 5395
f 5120 5394 5395
f 5122 5121 5396
f 5121 5395 5396
f 5123 5122 5397
f 5122 5396 5397
f 5124 5123 5398
f 5123 5397 5398
f 5125 5124 5399
f 5124 5398 5399
f 5126 5125 5400
f 5125 5399 5400
f 5127 5126 5401
f 5126 5400 5401
f 5128 5127 5402
f 5127 5401 5402
f 5129 5128 5403
f 5128 5402 5403
f 5130 5129 5404
f 5129 5403 5404
f 5131 5130 5405
f 5130 5404 5405
f 5132 5131 5406
f 5131 5405 5406
f 5133 5132 5407
f 5132 5406 5407
f 5134 5133 5408
f 5133 5407 5408
f 5135 5134 5409
f 5134 5408 5409
f 5136 5135 5410
f 5135 5409 5410
f 5137 5136 5411
f 5136 5410 5411
f 5138 5137 5412
f 5137 5411 5412
f 5139 5138 5413
f 5138 5412 5413
f 5140 5139 5414
f 5139 5413 5414
f 5141 5140 5415
f 5140 5414 5415
f 5142 5141 5416
f 5141 5415 5416
f 5143 5142 5417
f 5142 5416 5417
f 5144 5143 5418
f 5143 5417 5418
f 5145 5144 5419
f 5144 5418 5419
f 5146 5145 5420
f 5145 5419 5420
f 5147 5146 5421
f 5146 5420 5421
f 5148 5147 5422
f 5147 5421 5422
f 5149 5148 5423
f 5148 5422 5423
f 5150 5149 5424
f 5149 5423 5424
f 5151 5150 5425
f 5150 5424 5425
f 5152 5151 5426
f 5246 5152 5426
f 5151 5425 5426
f 5195 5001 5427
f 5001 5242 5427
f 5157 4998 5428
f 4998 5252 5428
f 5158 5154 5429
f 5154 5388 5429
f 5232 5160 5430
f 5160 5194 5430
f 5161 5110 5431
f 5162 5153 5432
f 5153 5266 5432
f 4988 5157 5433
f 5157 5428 5433
f 5167 4980 5434
f 4980 5257 5434
f 5188 4974 5435
f 4974 4997 5435
f 4967 4964 5436
f 4964 5281 5436
f 5168 4993 5437
f 4993 5269 5437
f 5169 4988 5438
f 4988 5433 5438
f 5170 5168 5439
f 5168 5437 5439
f 5171 4685 5181
f 5172 5159 5440
f 5255 5172 5440
f 5159 5265 5440
f 5173 4977 5441
f 4977 5272 5441
f 5190 4978 5442
f 4978 5002 5442
f 5247 4967 5436
f 5222 5179 5443
f 5176 5248 5444
f 5177 4949 5445
f 4949 5236 5445
f 5178 5249 5446
f 4932 5211 5447
f 4960 5180 5448
f 5158 5429 5259
f 5232 5430 5449
f 4982 4986 5450
f 5248 4982 5450
f 4986 5278 5450
f 5184 5167 5451
f 5256 5000 5276
f 5183 4893 5452
f 4893 5177 5452
f 5182 4936 5453
f 4936 5217 5453
f 5167 5434 5451
f 5228 5223 5454
f 4997 4899 5455
f 5435 4997 5455
f 4899 5212 5455
f 4979 5261 5257
f 5164 5205 5456
f 4976 5173 5457
f 5205 4961 5458
f 4961 5193 5458
f 5192 5253 5459
f 5280 5244 5460
f 5244 5262 5460
f 4981 4929 5461
f 5262 4981 5461
f 4929 5208 5461
f 5194 5003 5462
f 5430 5194 5462
f 5003 5258 5462
f 5196 4930 5463
f 4930 5209 5463
f 5263 5165 5464
f 5165 5004 5464
f 4972 5155 5383
f 5190 5442 5465
f 5229 4960 5448
f 5173 5441 5457
f 5202 4955 5466
f 4955 5240 5466
f 5231 5166 5467
f 4895 5114 5468
f 5204 5188 5469
f 5206 5267 5470
f 5207 5195 5471
f 5212 5230 5472
f 5155 5108 5383
f 5208 4937 5473
f 4937 5218 5473
f 5209 4958 5474
f 4958 5245 5474
f 5210 5187 5475
f 5272 5162 5432
f 5215 5273 5476
f 5213 5113 5477
f 5113 5239 5477
f 5185 4829 4940
f 5234 5215 5478
f 5215 5476 5478
f 5189 5204 5479
f 5204 5469 5479
f 5217 4912 5480
f 4912 5186 5480
f 5218 5214 5481
f 5219 5111 5482
f 5111 5384 5482
f 5220 5206 5483
f 5206 5470 5483
f 5002 4956 5484
f 4956 5241 5484
f 5221 4976 5457
f 5216 4948 5485
f 4948 5235 5485
f 5224 4953 5486
f 4953 5238 5486
f 5385 4989 5487
f 4989 5169 5487
f 5179 5221 5488
f 5443 5179 5488
f 5221 5457 5488
f 5169 5438 5487
f 5184 5451 5250
f 5115 5274 5390
f 5240 5232 5489
f 5232 5449 5489
f 5225 4946 5490
f 4946 5227 5490
f 5448 5180 5491
f 5266 5226 5492
f 5226 5170 5492
f 5211 5231 5493
f 5233 5192 5494
f 5192 5459 5494
f 5227 5190 5495
f 5190 5465 5495
f 5114 5389 5468
f 5431 5110 5496
f 5110 5182 5496
f 5214 5233 5497
f 5481 5214 5497
f 5233 5494 5497
f 5235 5178 5498
f 5178 5446 5498
f 5163 4972 5499
f 4972 5383 5499
f 5193 5171 5500
f 5171 5181 5500
f 5236 5176 5501
f 5176 5444 5501
f 5237 5189 5502
f 5189 5479 5502
f 4932 5447 5174
f 5455 5212 5503
f 5212 5472 5503
f 5454 5223 5504
f 5223 5386 5504
f 5471 5195 5505
f 5195 5427 5505
f 5469 5188 5506
f 5188 5435 5506
f 5467 5166 5468
f 4895 5468 5166
f 5475 5187 5507
f 5187 5255 5507
f 5492 5170 5439
f 5491 5180 5508
f 5180 5213 5508
f 5238 5175 5509
f 4962 4944 5510
f 5386 4962 5510
f 4944 5222 5510
f 5239 4928 5511
f 4928 5207 5511
f 5241 5161 5512
f 5161 5431 5512
f 5242 4992 5513
f 5427 5242 5513
f 4992 5268 5513
f 5243 4950 5514
f 4950 5237 5514
f 4965 5200 5515
f 5249 4965 5515
f 5200 5199 5515
f 5245 5164 5516
f 5164 5456 5516
f 5004 5163 5517
f 5464 5004 5517
f 5163 5499 5517
f 5447 5211 5518
f 5211 5493 5518
f 5181 4969 5519
f 5500 5181 5519
f 4969 5275 5519
f 5509 5175 5520
f 5175 5279 5520
f 5515 5199 5229
f 5252 5247 5521
f 5446 5249 5522
f 5457 5441 5488
f 5259 5429 5523
f 5279 5228 5524
f 5228 5454 5524
f 5449 5430 5525
f 5430 5462 5525
f 5249 5515 5526
f 5522 5249 5526
f 5515 5229 5526
f 5253 5210 5527
f 5459 5253 5527
f 5210 5475 5527
f 5256 5276 5528
f 5435 5455 5529
f 5506 5435 5529
f 5455 5503 5529
f 5254 5225 5530
f 5225 5490 5530
f 5441 5272 5531
f 5456 5205 5532
f 5205 5458 5532
f 5281 5270 5533
f 5258 5234 5534
f 5234 5478 5534
f 5261 5260 5535
f 5264 5259 5536
f 5259 5523 5536
f 5263 5464 5537
f 5186 5196 5538
f 5196 5463 5538
f 5197 5243 5539
f 5267 5197 5539
f 5243 5514 5539
f 5229 5448 5526
f 5388 5385 5540
f 5265 5183 5541
f 5440 5265 5541
f 5183 5452 5541
f 5268 5220 5542
f 5220 5483 5542
f 5269 5250 5543
f 5270 5263 5544
f 5263 5537 5544
f 5487 5438 5545
f 5273 5174 5447
f 5271 5264 5546
f 5264 5536 5546
f 5476 5273 5547
f 5273 5447 5547
f 5257 5261 5548
f 5261 5535 5548
f 5479 5469 5549
f 5472 5230 5550
f 5230 5387 5550
f 5467 5468 5551
f 5468 5389 5551
f 5275 5202 5552
f 5202 5466 5552
f 5276 5271 5553
f 5271 5546 5553
f 5277 5246 5554
f 5246 5426 5554
f 5274 5216 5390
f 5470 5267 5555
f 5267 5539 5555
f 4940 4973 5185
f 5282 5277 5556
f 5277 5554 5556
f 5283 5282 5557
f 5282 5556 5557
f 5284 5283 5558
f 5283 5557 5558
f 5285 5284 5559
f 5284 5558 5559
f 5286 5285 5560
f 5285 5559 5560
f 5287 5286 5561
f 5286 5560 5561
f 5288 5287 5562
f 5287 5561 5562
f 5289 5288 5563
f 5288 5562 5563
f 5290 5289 5564
f 5289 5563 5564
f 5291 5290 5565
f 5290 5564 5565
f 5292 5291 5566
f 5291 5565 5566
f 5293 5292 5567
f 5292 5566 5567
f 5294 5293 5568
f 5293 5567 5568
f 5295 5294 5569
f 5294 5568 5569
f 5296 5295 5570
f 5295 5569 5570
f 5297 5296 5571
f 5296 5570 5571
f 5298 5297 5572
f 5297 5571 5572
f 5299 5298 5573
f 5298 5572 5573
f 5300 5299 5574
f 5299 5573 5574
f 5301 5300 5575
f 5300 5574 5575
f 5302 5301 5576
f 5301 5575 5576
f 5303 5302 5577
f 5302 5576 5577
f 5304 5303 5578
f 5303 5577 5578
f 5305 5304 5579
f 5304 5578 5579
f 5306 5305 5580
f 5305 5579 5580
f 5307 5306 5581
f 5306 5580 5581
f 5308 5307 5582
f 5307 5581 5582
f 5309 5308 5583
f 5308 5582 5583
f 5310 5309 5584
f 5309 5583 5584
f 5311 5310 5585
f 5310 5584 5585
f 5312 5311 5586
f 5311 5585 5586
f 5313 5312 5587
f 5312 5586 5587
f 5314 5313 5588
f 5313 5587 5588
f 5315 5314 5589
f 5314 5588 5589
f 5316 5315 5590
f 5315 5589 5590
f 5317 5316 5591
f 5316 5590 5591
f 5318 5317 5592
f 5317 5591 5592
f 5319 5318 5593
f 5318 5592 5593
f 5320 5319 5594
f 5319 5593 5594
f 5321 5320 5595
f 5320 5594 5595
f 5322 5321 5596
f 5321 5595 5596
f 5323 5322 5597
f 5322 5596 5597
f 5324 5323 5598
f 5323 5597 5598
f 5325 5324 5599
f 5324 5598 5599
f 5326 5325 5600
f 5325 5599 5600
f 5327 5326 5601
f 5326 5600 5601
f 5328 5327 5602
f 5327 5601 5602
f 5329 5328 5603
f 5328 5602 5603
f 5330 5329 5604
f 5329 5603 5604
f 5331 5330 5605
f 5330 5604 5605
f 5332 5331 5606
f 5331 5605 5606
f 5333 5332 5607
f 5332 5606 5607
f 5334 5333 5608
f 5333 5607 5608
f 5335 5334 5609
f 5334 5608 5609
f 5336 5335 5610
f 5335 5609 5610
f 5337 5336 5611
f 5336 5610 5611
f 5338 5337 5612
f 5337 5611 5612
f 5339 5338 5613
f 5338 5612 5613
f 5340 5339 5614
f 5339 5613 5614
f 5341 5340 5615
f 5340 5614 5615
f 5342 5341 5616
f 5341 5615 5616
f 5343 5342 5617
f 5342 5616 5617
f 5344 5343 5618
f 5343 5617 5618
f 5345 5344 5619
f 5344 5618 5619
f 5346 5345 5620
f 5345 5619 5620
f 5347 5346 5621
f 5346 5620 5621
f 5348 5347 5622
f 5347 5621 5622
f 5349 5348 5623
f 5348 5622 5623
f 5350 5349 5624
f 5349 5623 5624
f 5351 5350 5625
f 5350 5624 5625
f 5352 5351 5626
f 5351 5625 5626
f 5353 5352 5627
f 5352 5626 5627
f 5354 5353 5628
f 5353 5627 5628
f 5355 5354 5629
f 5354 5628 5629
f 5356 5355 5630
f 5355 5629 5630
f 5357 5356 5631
f 5356 5630 5631
f 5358 5357 5632
f 5357 5631 5632
f 5359 5358 5633
f 5358 5632 5633
f 5360 5359 5634
f 5359 5633 5634
f 5361 5360 5635
f 5360 5634 5635
f 5362 5361 5636
f 5361 5635 5636
f 5363 5362 5637
f 5362 5636 5637
f 5364 5363 5638
f 5363 5637 5638
f 5365 5364 5639
f 5364 5638 5639
f 5366 5365 5640
f 5365 5639 5640
f 5367 5366 5641
f 5366 5640 5641
f 5368 5367 5642
f 5367 5641 5642
f 5369 5368 5643
f 5368 5642 5643
f 5370 5369 5644
f 5369 5643 5644
f 5371 5370 5645
f 5370 5644 5645
f 5372 5371 5646
f 5371 5645 5646
f 5373 5372 5647
f 5372 5646 5647
f 5374 5373 5648
f 5373 5647 5648
f 5375 5374 5649
f 5374 5648 5649
f 5376 5375 5650
f 5375 5649 5650
f 5377 5376 5651
f 5376 5650 5651
f 5378 5377 5652
f 5377 5651 5652
f 5379 5378 5653
f 5378 5652 5653
f 5380 5379 5654
f 5379 5653 5654
f 5381 5380 5655
f 5380 5654 5655
f 5382 5381 5656
f 5381 5655 5656
f 5383 5382 5499
f 5384 5254 5657
f 5254 5530 5657
f 5266 5492 5658
f 5389 5224 5659
f 5551 5389 5659
f 5224 5486 5659
f 5391 5390 5660
f 5493 5231 5661
f 5231 5467 5661
f 5392 5391 5662
f 5391 5660 5662
f 5393 5392 5663
f 5392 5662 5663
f 5394 5393 5664
f 5393 5663 5664
f 5395 5394 5665
f 5394 5664 5665
f 5396 5395 5666
f 5395 5665 5666
f 5397 5396 5667
f 5396 5666 5667
f 5398 5397 5668
f 5397 5667 5668
f 5399 5398 5669
f 5398 5668 5669
f 5400 5399 5670
f 5399 5669 5670
f 5401 5400 5671
f 5400 5670 5671
f 5402 5401 5672
f 5401 5671 5672
f 5403 5402 5673
f 5402 5672 5673
f 5404 5403 5674
f 5403 5673 5674
f 5405 5404 5675
f 5404 5674 5675
f 5406 5405 5676
f 5405 5675 5676
f 5407 5406 5677
f 5406 5676 5677
f 5408 5407 5678
f 5407 5677 5678
f 5409 5408 5679
f 5408 5678 5679
f 5410 5409 5680
f 5409 5679 5680
f 5411 5410 5681
f 5410 5680 5681
f 5412 5411 5682
f 5411 5681 5682
f 5413 5412 5683
f 5412 5682 5683
f 5414 5413 5684
f 5413 5683 5684
f 5415 5414 5685
f 5414 5684 5685
f 5416 5415 5686
f 5415 5685 5686
f 5417 5416 5687
f 5416 5686 5687
f 5418 5417 5688
f 5417 5687 5688
f 5419 5418 5689
f 5418 5688 5689
f 5420 5419 5690
f 5419 5689 5690
f 5421 5420 5691
f 5420 5690 5691
f 5422 5421 5692
f 5421 5691 5692
f 5423 5422 5693
f 5422 5692 5693
f 5424 5423 5694
f 5423 5693 5694
f 5425 5424 5695
f 5424 5694 5695
f 5432 5266 5696
f 5266 5658 5696
f 5385 5487 5697
f 5487 5545 5697
f 5428 5252 5698
f 5252 5521 5698
f 5260 5256 5699
f 5256 5528 5699
f 5429 5388 5700
f 5388 5540 5700
f 5433 5428 5701
f 5428 5698 5701
f 5434 5257 5702
f 5257 5548 5702
f 5451 5434 5703
f 5434 5702 5703
f 5436 5281 5704
f 5281 5533 5704
f 5437 5269 5705
f 5269 5543 5705
f 5438 5433 5706
f 5433 5701 5706
f 5439 5437 5707
f 5437 5705 5707
f 5442 5002 5484
f 5444 5248 5708
f 5446 5522 5709
f 5488 5441 5531
f 5503 5472 5710
f 5438 5706 5545
f 5523 5429 5700
f 5260 5699 5535
f 5279 5524 5520
f 5255 5440 5711
f 5440 5541 5711
f 5514 5237 5712
f 5237 5502 5712
f 5460 5262 5713
f 5262 5461 5713
f 5452 5177 5714
f 5177 5445 5714
f 5453 5217 5715
f 5217 5480 5715
f 5504 5386 5716
f 5386 5510 5716
f 5505 5427 5717
f 5427 5513 5717
f 5491 5508 5718
f 5531 5272 5719
f 5272 5432 5719
f 5447 5518 5547
f 5458 5193 5720
f 5193 5500 5720
f 5456 5532 5721
f 5533 5270 5544
f 5247 5436 5722
f 5528 5276 5553
f 5280 5460 5723
f 5476 5547 5724
f 5537 5464 5725
f 5464 5517 5725
f 5462 5258 5726
f 5525 5462 5726
f 5258 5534 5726
f 5461 5208 5727
f 5713 5461 5727
f 5208 5473 5727
f 5507 5255 5728
f 5255 5711 5728
f 5186 5538 5480
f 5465 5442 5729
f 5518 5493 5730
f 5540 5385 5697
f 5431 5496 5731
f 5466 5240 5732
f 5240 5489 5732
f 5444 5708 5733
f 5207 5471 5734
f 5509 5520 5735
f 5454 5504 5736
f 5477 5239 5511
f 5543 5250 5737
f 5250 5451 5737
f 5474 5245 5738
f 5245 5516 5738
f 5510 5222 5739
f 5716 5510 5739
f 5222 5443 5739
f 5511 5207 5734
f 5247 5722 5521
f 5451 5703 5737
f 5549 5469 5740
f 5469 5506 5740
f 5482 5384 5741
f 5384 5657 5741
f 5478 5476 5742
f 5476 5724 5742
f 5390 5216 5485
f 5473 5218 5743
f 5218 5481 5743
f 5660 5390 5485
f 5465 5729 5744
f 5425 5695 5426
f 5498 5446 5745
f 5446 5709 5745
f 5481 5497 5746
f 5483 5470 5747
f 5526 5448 5748
f 5522 5526 5748
f 5448 5491 5748
f 5485 5235 5749
f 5660 5485 5749
f 5235 5498 5749
f 5486 5238 5750
f 5238 5509 5750
f 5278 5219 5751
f 5450 5278 5751
f 5219 5482 5751
f 5750 5509 5752
f 5509 5735 5752
f 5658 5492 5753
f 5492 5439 5753
f 5436 5704 5722
f 5494 5459 5754
f 5508 5213 5755
f 5213 5477 5755
f 5471 5505 5756
f 5489 5449 5757
f 5490 5227 5758
f 5227 5495 5758
f 5387 5280 5759
f 5550 5387 5759
f 5280 5723 5759
f 5527 5475 5760
f 5443 5488 5761
f 5488 5531 5761
f 5661 5467 5762
f 5467 5551 5762
f 5495 5465 5763
f 5465 5744 5763
f 5496 5182 5764
f 5182 5453 5764
f 5463 5209 5765
f 5209 5474 5765
f 5499 5382 5656
f 5501 5444 5766
f 5444 5733 5766
f 5502 5479 5767
f 5479 5549 5767
f 5512 5431 5768
f 5431 5731 5768
f 5432 5696 5719
f 5516 5456 5769
f 5456 5721 5769
f 5513 5268 5770
f 5268 5542 5770
f 5459 5527 5771
f 5527 5760 5771
f 5519 5275 5772
f 5275 5552 5772
f 5524 5454 5773
f 5454 5736 5773
f 5445 5236 5774
f 5236 5501 5774
f 5710 5472 5775
f 5472 5550 5775
f 5459 5771 5754
f 5734 5471 5776
f 5471 5756 5776
f 5730 5493 5777
f 5493 5661 5777
f 5729 5442 5484
f 5760 5475 5778
f 5475 5507 5778
f 5739 5443 5779
f 5443 5761 5779
f 5748 5491 5780
f 5491 5718 5780
f 5743 5481 5781
f 5481 5746 5781
f 5747 5470 5782
f 5470 5555 5782
f 5757 5449 5783
f 5449 5525 5783
f 5753 5439 5707
f 5545 5706 5784
f 5735 5520 5785
f 5520 5524 5785
f 5248 5450 5786
f 5534 5478 5787
f 5478 5742 5787
f 5718 5508 5788
f 5508 5755 5788
f 5531 5719 5761
f 5532 5458 5789
f 5458 5720 5789
f 5721 5532 5790
f 5532 5789 5790
f 5533 5544 5791
f 5528 5553 5792
f 5723 5460 5793
f 5460 5713 5793
f 5248 5786 5708
f 5708 5786 5794
f 5786 5450 5751
f 5530 5490 5795
f 5490 5758 5795
f 5540 5697 5796
f 5539 5514 5797
f 5555 5539 5797
f 5514 5712 5797
f 5731 5496 5798
f 5496 5764 5798
f 5733 5708 5799
f 5708 5794 5799
f 5521 5722 5800
f 5658 5753 5801
f 5477 5511 5802
f 5755 5477 5802
f 5511 5734 5802
f 5241 5512 5803
f 5547 5518 5804
f 5724 5547 5804
f 5518 5730 5804
f 5523 5700 5805
f 5546 5536 5806
f 5548 5535 5807
f 5241 5803 5484
f 5484 5803 5729
f 5754 5771 5808
f 5744 5729 5809
f 5729 5803 5809
f 5426 5695 5554
f 5552 5466 5810
f 5466 5732 5810
f 5553 5546 5811
f 5546 5806 5811
f 5522 5748 5812
f 5709 5522 5812
f 5748 5780 5812
f 5736 5504 5813
f 5504 5716 5813
f 5557 5556 5814
f 5558 5557 5815
f 5557 5814 5815
f 5559 5558 5816
f 5558 5815 5816
f 5560 5559 5817
f 5559 5816 5817
f 5561 5560 5818
f 5560 5817 5818
f 5562 5561 5819
f 5561 5818 5819
f 5563 5562 5820
f 5562 5819 5820
f 5564 5563 5821
f 5563 5820 5821
f 5565 5564 5822
f 5564 5821 5822
f 5566 5565 5823
f 5565 5822 5823
f 5567 5566 5824
f 5566 5823 5824
f 5568 5567 5825
f 5567 5824 5825
f 5569 5568 5826
f 5568 5825 5826
f 5570 5569 5827
f 5569 5826 5827
f 5571 5570 5828
f 5570 5827 5828
f 5572 5571 5829
f 5571 5828 5829
f 5573 5572 5830
f 5572 5829 5830
f 5574 5573 5831
f 5573 5830 5831
f 5575 5574 5832
f 5574 5831 5832
f 5576 5575 5833
f 5575 5832 5833
f 5577 5576 5834
f 5576 5833 5834
f 5578 5577 5835
f 5577 5834 5835
f 5579 5578 5836
f 5578 5835 5836
f 5580 5579 5837
f 5579 5836 5837
f 5581 5580 5838
f 5580 5837 5838
f 5582 5581 5839
f 5581 5838 5839
f 5583 5582 5840
f 5582 5839 5840
f 5584 5583 5841
f 5583 5840 5841
f 5585 5584 5842
f 5584 5841 5842
f 5586 5585 5843
f 5585 5842 5843
f 5587 5586 5844
f 5586 5843 5844
f 5588 5587 5845
f 5587 5844 5845
f 5589 5588 5846
f 5588 5845 5846
f 5590 5589 5847
f 5589 5846 5847
f 5591 5590 5848
f 5590 5847 5848
f 5592 5591 5849
f 5591 5848 5849
f 5593 5592 5850
f 5592 5849 5850
f 5594 5593 5851
f 5593 5850 5851
f 5595 5594 5852
f 5594 5851 5852
f 5596 5595 5853
f 5595 5852 5853
f 5597 5596 5854
f 5596 5853 5854
f 5598 5597 5855
f 5597 5854 5855
f 5599 5598 5856
f 5598 5855 5856
f 5600 5599 5857
f 5599 5856 5857
f 5601 5600 5858
f 5600 5857 5858
f 5602 5601 5859
f 5601 5858 5859
f 5603 5602 5860
f 5602 5859 5860
f 5604 5603 5861
f 5603 5860 5861
f 5605 5604 5862
f 5604 5861 5862
f 5606 5605 5863
f 5605 5862 5863
f 5607 5606 5864
f 5606 5863 5864
f 5608 5607 5865
f 5607 5864 5865
f 5609 5608 5866
f 5608 5865 5866
f 5610 5609 5867
f 5609 5866 5867
f 5611 5610 5868
f 5610 5867 5868
f 5612 5611 5869
f 5611 5868 5869
f 5613 5612 5870
f 5612 5869 5870
f 5614 5613 5871
f 5613 5870 5871
f 5615 5614 5872
f 5614 5871 5872
f 5616 5615 5873
f 5615 5872 5873
f 5617 5616 5874
f 5616 5873 5874
f 5618 5617 5875
f 5617 5874 5875
f 5619 5618 5876
f 5618 5875 5876
f 5620 5619 5877
f 5619 5876 5877
f 5621 5620 5878
f 5620 5877 5878
f 5622 5621 5879
f 5621 5878 5879
f 5623 5622 5880
f 5622 5879 5880
f 5624 5623 5881
f 5623 5880 5881
f 5625 5624 5882
f 5624 5881 5882
f 5626 5625 5883
f 5625 5882 5883
f 5627 5626 5884
f 5626 5883 5884
f 5628 5627 5885
f 5627 5884 5885
f 5629 5628 5886
f 5628 5885 5886
f 5630 5629 5887
f 5629 5886 5887
f 5631 5630 5888
f 5630 5887 5888
f 5632 5631 5889
f 5631 5888 5889
f 5633 5632 5890
f 5632 5889 5890
f 5634 5633 5891
f 5633 5890 5891
f 5635 5634 5892
f 5634 5891 5892
f 5636 5635 5893
f 5635 5892 5893
f 5637 5636 5894
f 5636 5893 5894
f 5638 5637 5895
f 5637 5894 5895
f 5639 5638 5896
f 5638 5895 5896
f 5640 5639 5897
f 5639 5896 5897
f 5641 5640 5898
f 5640 5897 5898
f 5642 5641 5899
f 5641 5898 5899
f 5643 5642 5900
f 5642 5899 5900
f 5644 5643 5901
f 5643 5900 5901
f 5645 5644 5902
f 5644 5901 5902
f 5646 5645 5903
f 5645 5902 5903
f 5647 5646 5904
f 5646 5903 5904
f 5648 5647 5905
f 5647 5904 5905
f 5649 5648 5906
f 5648 5905 5906
f 5650 5649 5907
f 5649 5906 5907
f 5651 5650 5908
f 5650 5907 5908
f 5652 5651 5909
f 5651 5908 5909
f 5653 5652 5910
f 5652 5909 5910
f 5654 5653 5911
f 5653 5910 5911
f 5655 5654 5912
f 5654 5911 5912
f 5656 5655 5913
f 5655 5912 5913
f 5657 5530 5914
f 5530 5795 5914
f 5803 5512 5915
f 5809 5803 5915
f 5512 5768 5915
f 5761 5719 5916
f 5756 5505 5917
f 5505 5717 5917
f 5662 5660 5749
f 5663 5662 5918
f 5664 5663 5919
f 5663 5918 5919
f 5665 5664 5920
f 5664 5919 5920
f 5666 5665 5921
f 5665 5920 5921
f 5667 5666 5922
f 5666 5921 5922
f 5668 5667 5923
f 5667 5922 5923
f 5669 5668 5924
f 5668 5923 5924
f 5670 5669 5925
f 5669 5924 5925
f 5671 5670 5926
f 5670 5925 5926
f 5672 5671 5927
f 5671 5926 5927
f 5673 5672 5928
f 5672 5927 5928
f 5674 5673 5929
f 5673 5928 5929
f 5675 5674 5930
f 5674 5929 5930
f 5676 5675 5931
f 5675 5930 5931
f 5677 5676 5932
f 5676 5931 5932
f 5678 5677 5933
f 5677 5932 5933
f 5679 5678 5934
f 5678 5933 5934
f 5680 5679 5935
f 5679 5934 5935
f 5681 5680 5936
f 5680 5935 5936
f 5682 5681 5937
f 5681 5936 5937
f 5683 5682 5938
f 5682 5937 5938
f 5684 5683 5939
f 5683 5938 5939
f 5685 5684 5940
f 5684 5939 5940
f 5686 5685 5941
f 5685 5940 5941
f 5687 5686 5942
f 5686 5941 5942
f 5688 5687 5943
f 5687 5942 5943
f 5689 5688 5944
f 5688 5943 5944
f 5690 5689 5945
f 5689 5944 5945
f 5691 5690 5946
f 5690 5945 5946
f 5692 5691 5947
f 5691 5946 5947
f 5693 5692 5948
f 5692 5947 5948
f 5694 5693 5949
f 5693 5948 5949
f 5695 5694 5950
f 5694 5949 5950
f 5696 5658 5951
f 5658 5801 5951
f 5697 5545 5952
f 5545 5784 5952
f 5698 5521 5953
f 5521 5800 5953
f 5699 5528 5954
f 5528 5792 5954
f 5700 5540 5955
f 5540 5796 5955
f 5701 5698 5956
f 5698 5953 5956
f 5497 5494 5957
f 5746 5497 5957
f 5494 5754 5957
f 5702 5548 5958
f 5548 5807 5958
f 5543 5737 5959
f 5703 5702 5960
f 5702 5958 5960
f 5500 5519 5961
f 5519 5772 5961
f 5737 5703 5962
f 5703 5960 5962
f 5538 5463 5963
f 5463 5765 5963
f 5704 5533 5964
f 5533 5791 5964
f 5705 5543 5965
f 5543 5959 5965
f 5706 5701 5966
f 5701 5956 5966
f 5707 5705 5967
f 5705 5965 5967
f 5536 5523 5968
f 5523 5805 5968
f 5542 5483 5969
f 5483 5747 5969
f 5535 5699 5970
f 5699 5954 5970
f 5719 5696 5916
f 5753 5707 5971
f 5707 5967 5971
f 5786 5751 5972
f 5794 5786 5972
f 5751 5482 5972
f 5735 5785 5973
f 5711 5541 5974
f 5541 5452 5974
f 5712 5502 5975
f 5502 5767 5975
f 5727 5473 5976
f 5473 5743 5976
f 5746 5957 5977
f 5728 5711 5978
f 5711 5974 5978
f 5749 5498 5979
f 5498 5745 5979
f 5529 5503 5980
f 5503 5710 5980
f 5714 5445 5981
f 5445 5774 5981
f 5506 5529 5982
f 5740 5506 5982
f 5529 5980 5982
f 5715 5480 5983
f 5480 5538 5983
f 5717 5513 5770
f 5792 5553 5811
f 5776 5756 5984
f 5805 5700 5955
f 5720 5500 5961
f 5791 5544 5985
f 5544 5537 5985
f 5760 5778 5986
f 5723 5793 5987
f 5710 5775 5988
f 5733 5799 5989
f 5726 5534 5990
f 5534 5787 5990
f 5777 5661 5991
f 5661 5762 5991
f 5796 5697 5952
f 5499 5656 5992
f 5517 5499 5992
f 5656 5913 5992
f 5732 5489 5993
f 5489 5757 5993
f 5778 5507 5994
f 5507 5728 5994
f 5801 5753 5971
f 5524 5773 5785
f 5779 5761 5916
f 5731 5798 5995
f 5800 5722 5996
f 5722 5704 5996
f 5517 5992 5725
f 5452 5714 5974
f 5804 5730 5997
f 5549 5740 5998
f 5738 5516 5999
f 5516 5769 5999
f 5724 5804 6000
f 5804 5997 6000
f 5780 5718 6001
f 5806 5536 5968
f 5709 5812 6002
f 5983 5538 5963
f 5706 5966 5784
f 5721 5790 6003
f 5808 5771 6004
f 5771 5760 6004
f 5741 5657 6005
f 5657 5914 6005
f 5742 5724 6006
f 5724 6000 6006
f 5781 5746 6007
f 5746 5977 6007
f 5782 5555 6008
f 5555 5797 6008
f 5744 5809 6009
f 5745 5709 6010
f 5709 6002 6010
f 5750 5752 6011
f 5535 5970 5807
f 5554 5695 6012
f 5556 5554 6012
f 5695 5950 6012
f 5758 5495 6013
f 5495 5763 6013
f 5814 5556 6012
f 5752 5735 6014
f 5735 5973 6014
f 5759 5723 6015
f 5723 5987 6015
f 5736 5813 6016
f 5762 5551 6017
f 5551 5659 6017
f 5763 5744 6018
f 5744 6009 6018
f 5486 5750 6019
f 5764 5453 6020
f 5453 5715 6020
f 5482 5741 5972
f 5696 5951 5916
f 5765 5474 6021
f 5474 5738 6021
f 5957 5754 6022
f 5754 5808 6022
f 5757 5783 6023
f 5766 5733 6024
f 5733 5989 6024
f 5959 5737 5962
f 5767 5549 6025
f 5549 5998 6025
f 5768 5731 6026
f 5731 5995 6026
f 5802 5734 6027
f 5734 5776 6027
f 5769 5721 6028
f 5721 6003 6028
f 5770 5542 6029
f 5542 5969 6029
f 5993 5757 6030
f 5757 6023 6030
f 5772 5552 6031
f 5552 5810 6031
f 5969 5747 6032
f 5773 5736 6033
f 5736 6016 6033
f 5774 5501 6034
f 5501 5766 6034
f 5775 5550 6035
f 5550 5759 6035
f 5716 5739 6036
f 5813 5716 6036
f 5739 5779 6036
f 5976 5743 6037
f 5743 5781 6037
f 5980 5710 6038
f 5710 5988 6038
f 5984 5756 6039
f 5756 5917 6039
f 5985 5537 6040
f 5537 5725 6040
f 5486 6019 5659
f 5996 5704 5964
f 5997 5730 6041
f 5730 5777 6041
f 6001 5718 6042
f 5718 5788 6042
f 6004 5760 5986
f 6019 5750 6011
f 6032 5747 6043
f 5747 5782 6043
f 5972 5741 6044
f 5741 6005 6044
f 5796 5952 6045
f 5795 5758 6046
f 5758 6013 6046
f 5974 5714 6047
f 5978 5974 6047
f 5714 5981 6047
f 5977 5957 6022
f 5989 5799 6048
f 5988 5775 6049
f 5775 6035 6049
f 5789 5720 6050
f 5720 5961 6050
f 5790 5789 6051
f 5789 6050 6051
f 5805 5955 6052
f 5987 5793 6053
f 5986 5778 6054
f 5778 5994 6054
f 5791 5985 6055
f 5713 5727 6056
f 5793 5713 6056
f 5727 5976 6056
f 5525 5726 6057
f 5797 5712 6058
f 5712 5975 6058
f 5959 5962 6059
f 5659 6019 6017
f 5787 5742 6060
f 5742 6006 6060
f 5801 5971 6061
f 5995 5798 6062
f 5800 5996 6063
f 5814 6012 6064
f 6012 5950 6064
f 5998 5740 6065
f 5740 5982 6065
f 5755 5802 6066
f 5788 5755 6066
f 5802 6027 6066
f 6000 5997 6067
f 5806 5968 6068
f 5983 5963 6069
f 6003 5790 6070
f 5790 6051 6070
f 5808 6004 6071
f 5785 5773 6072
f 5973 5785 6072
f 5773 6033 6072
f 6009 5809 6073
f 5809 5915 6073
f 5783 5525 6057
f 5810 5732 6074
f 5732 5993 6074
f 6011 5752 6075
f 5752 6014 6075
f 5958 5807 6076
f 5811 5806 6077
f 5806 6068 6077
f 5812 5780 6078
f 6002 5812 6078
f 5780 6001 6078
f 5815 5814 6079
f 5814 6064 6079
f 5798 5764 6080
f 6062 5798 6080
f 5764 6020 6080
f 5779 5916 6081
f 5816 5815 6082
f 5815 6079 6082
f 5817 5816 6083
f 5816 6082 6083
f 5818 5817 6084
f 5817 6083 6084
f 5819 5818 6085
f 5818 6084 6085
f 5820 5819 6086
f 5819 6085 6086
f 5821 5820 6087
f 5820 6086 6087
f 5822 5821 6088
f 5821 6087 6088
f 5823 5822 6089
f 5822 6088 6089
f 5824 5823 6090
f 5823 6089 6090
f 5825 5824 6091
f 5824 6090 6091
f 5826 5825 6092
f 5825 6091 6092
f 5827 5826 6093
f 5826 6092 6093
f 5828 5827 6094
f 5827 6093 6094
f 5829 5828 6095
f 5828 6094 6095
f 5830 5829 6096
f 5829 6095 6096
f 5831 5830 6097
f 5830 6096 6097
f 5832 5831 6098
f 5831 6097 6098
f 5833 5832 6099
f 5832 6098 6099
f 5834 5833 6100
f 5833 6099 6100
f 5835 5834 6101
f 5834 6100 6101
f 5836 5835 6102
f 5835 6101 6102
f 5837 5836 6103
f 5836 6102 6103
f 5838 5837 6104
f 5837 6103 6104
f 5839 5838 6105
f 5838 6104 6105
f 5840 5839 6106
f 5839 6105 6106
f 5841 5840 6107
f 5840 6106 6107
f 5842 5841 6108
f 5841 6107 6108
f 5843 5842 6109
f 5842 6108 6109
f 5844 5843 6110
f 5843 6109 6110
f 5845 5844 6111
f 5844 6110 6111
f 5846 5845 6112
f 5845 6111 6112
f 5847 5846 6113
f 5846 6112 6113
f 5848 5847 6114
f 5847 6113 6114
f 5849 5848 6115
f 5848 6114 6115
f 5850 5849 6116
f 5849 6115 6116
f 5851 5850 6117
f 5850 6116 6117
f 5852 5851 6118
f 5851 6117 6118
f 5853 5852 6119
f 5852 6118 6119
f 5854 5853 6120
f 5853 6119 6120
f 5855 5854 6121
f 5854 6120 6121
f 5856 5855 6122
f 5855 6121 6122
f 5857 5856 6123
f 5856 6122 6123
f 5858 5857 6124
f 5857 6123 6124
f 5859 5858 6125
f 5858 6124 6125
f 5860 5859 6126
f 5859 6125 6126
f 5861 5860 6127
f 5860 6126 6127
f 5862 5861 6128
f 5861 6127 6128
f 5863 5862 6129
f 5862 6128 6129
f 5864 5863 6130
f 5863 6129 6130
f 5865 5864 6131
f 5864 6130 6131
f 5866 5865 6132
f 5865 6131 6132
f 5867 5866 6133
f 5866 6132 6133
f 5868 5867 6134
f 5867 6133 6134
f 5869 5868 6135
f 5868 6134 6135
f 5870 5869 6136
f 5869 6135 6136
f 5871 5870 6137
f 5870 6136 6137
f 5872 5871 6138
f 5871 6137 6138
f 5873 5872 6139
f 5872 6138 6139
f 5874 5873 6140
f 5873 6139 6140
f 5875 5874 6141
f 5874 6140 6141
f 5876 5875 6142
f 5875 6141 6142
f 5877 5876 6143
f 5876 6142 6143
f 5878 5877 6144
f 5877 6143 6144
f 5879 5878 6145
f 5878 6144 6145
f 5880 5879 6146
f 5879 6145 6146
f 5881 5880 6147
f 5880 6146 6147
f 5882 5881 6148
f 5881 6147 6148
f 5883 5882 6149
f 5882 6148 6149
f 5884 5883 6150
f 5883 6149 6150
f 5885 5884 6151
f 5884 6150 6151
f 5886 5885 6152
f 5885 6151 6152
f 5887 5886 6153
f 5886 6152 6153
f 5888 5887 6154
f 5887 6153 6154
f 5889 5888 6155
f 5888 6154 6155
f 5890 5889 6156
f 5889 6155 6156
f 5891 5890 6157
f 5890 6156 6157
f 5892 5891 6158
f 5891 6157 6158
f 5893 5892 6159
f 5892 6158 6159
f 5894 5893 6160
f 5893 6159 6160
f 5895 5894 6161
f 5894 6160 6161
f 5896 5895 6162
f 5895 6161 6162
f 5897 5896 6163
f 5896 6162 6163
f 5898 5897 6164
f 5897 6163 6164
f 5899 5898 6165
f 5898 6164 6165
f 5900 5899 6166
f 5899 6165 6166
f 5901 5900 6167
f 5900 6166 6167
f 5902 5901 6168
f 5901 6167 6168
f 5903 5902 6169
f 5902 6168 6169
f 5904 5903 6170
f 5903 6169 6170
f 5905 5904 6171
f 5904 6170 6171
f 5906 5905 6172
f 5905 6171 6172
f 5907 5906 6173
f 5906 6172 6173
f 5908 5907 6174
f 5907 6173 6174
f 5909 5908 6175
f 5908 6174 6175
f 5910 5909 6176
f 5909 6175 6176
f 5911 5910 6177
f 5910 6176 6177
f 5912 5911 6178
f 5911 6177 6178
f 5914 5795 6179
f 5795 6046 6179
f 5917 5717 6180
f 5717 5770 6180
f 5919 5918 6181
f 5794 5972 6044
f 6016 5813 6182
f 5813 6036 6182
f 5918 5662 5749
f 5725 5992 6183
f 5992 5913 6183
f 5920 5919 6184
f 5919 6181 6184
f 5921 5920 6185
f 5920 6184 6185
f 5922 5921 6186
f 5921 6185 6186
f 5923 5922 6187
f 5922 6186 6187
f 5924 5923 6188
f 5923 6187 6188
f 5925 5924 6189
f 5924 6188 6189
f 5926 5925 6190
f 5925 6189 6190
f 5927 5926 6191
f 5926 6190 6191
f 5928 5927 6192
f 5927 6191 6192
f 5929 5928 6193
f 5928 6192 6193
f 5930 5929 6194
f 5929 6193 6194
f 5931 5930 6195
f 5930 6194 6195
f 5932 5931 6196
f 5931 6195 6196
f 5933 5932 6197
f 5932 6196 6197
f 5934 5933 6198
f 5933 6197 6198
f 5935 5934 6199
f 5934 6198 6199
f 5936 5935 6200
f 5935 6199 6200
f 5937 5936 6201
f 5936 6200 6201
f 5938 5937 6202
f 5937 6201 6202
f 5939 5938 6203
f 5938 6202 6203
f 5940 5939 6204
f 5939 6203 6204
f 5941 5940 6205
f 5940 6204 6205
f 5942 5941 6206
f 5941 6205 6206
f 5943 5942 6207
f 5942 6206 6207
f 5944 5943 6208
f 5943 6207 6208
f 5945 5944 6209
f 5944 6208 6209
f 5946 5945 6210
f 5945 6209 6210
f 5947 5946 6211
f 5946 6210 6211
f 5948 5947 6212
f 5947 6211 6212
f 5949 5948 6213
f 5948 6212 6213
f 5950 5949 6214
f 6064 5950 6214
f 5949 6213 6214
f 5951 5801 6215
f 5801 6061 6215
f 5715 5983 6216
f 5983 6069 6216
f 5953 5800 6217
f 5800 6063 6217
f 5954 5792 6218
f 5955 5796 6219
f 5796 6045 6219
f 5956 5953 6220
f 5953 6217 6220
f 6023 5783 6221
f 5783 6057 6221
f 5960 5958 6222
f 5958 6076 6222
f 5792 5811 6223
f 5811 6077 6223
f 5784 5966 6224
f 5961 5772 6225
f 6050 5961 6225
f 5772 6031 6225
f 5962 5960 6226
f 5960 6222 6226
f 5963 5765 6227
f 5765 6021 6227
f 5964 5791 6228
f 5791 6055 6228
f 5965 5959 6229
f 5959 6059 6229
f 5966 5956 6230
f 5956 6220 6230
f 5967 5965 6231
f 5965 6229 6231
f 5968 5805 6232
f 5805 6052 6232
f 5970 5954 6233
f 5954 6218 6233
f 5971 5967 6234
f 5967 6231 6234
f 5916 5951 6235
f 6081 5916 6235
f 5951 6215 6235
f 6057 5726 5990
f 6045 5952 6236
f 5952 5784 6236
f 6236 5784 6224
f 6053 5793 6056
f 5975 5767 6237
f 5767 6025 6237
f 6038 5988 6238
f 6067 5997 6239
f 5997 6041 6239
f 6039 5917 6240
f 5917 6180 6240
f 5981 5774 6241
f 5774 6034 6241
f 5982 5980 6242
f 6065 5982 6242
f 5980 6038 6242
f 5990 5787 6243
f 5787 6060 6243
f 6040 5725 6183
f 6052 5955 6219
f 5987 6053 6244
f 5986 6054 6245
f 6055 5985 6246
f 5985 6040 6246
f 5797 6058 6008
f 5984 6039 6247
f 6059 5962 6226
f 6017 6019 6248
f 6019 6011 6248
f 5977 6022 6249
f 5991 5762 6250
f 5762 6017 6250
f 5994 5728 6251
f 5728 5978 6251
f 5918 5749 5979
f 6061 5971 6234
f 6069 5963 6227
f 6056 5976 6252
f 6053 6056 6252
f 5976 6037 6252
f 6010 6002 6253
f 5995 6062 6254
f 6041 5777 6255
f 5777 5991 6255
f 5799 5794 6256
f 5776 5984 6257
f 5999 5769 6258
f 5769 6028 6258
f 5966 6230 6224
f 5715 6216 6020
f 6068 5968 6232
f 6042 5788 6259
f 5788 6066 6259
f 6023 6221 6260
f 6003 6070 6261
f 5973 6072 6262
f 6005 5914 6263
f 5914 6179 6263
f 6006 6000 6264
f 6000 6067 6264
f 6001 6042 6265
f 6007 5977 6266
f 5977 6249 6266
f 6074 5993 6267
f 5993 6030 6267
f 5745 6010 6181
f 6076 5807 6268
f 5807 5970 6268
f 6253 6002 6269
f 6002 6078 6269
f 6078 6001 6270
f 6269 6078 6270
f 6001 6265 6270
f 5969 6032 6271
f 5998 6065 6272
f 5759 6015 6035
f 6014 5973 6273
f 5973 6262 6273
f 5770 6029 6180
f 5913 5912 6274
f 5996 5964 6275
f 5915 5768 6276
f 6073 5915 6276
f 5768 6026 6276
f 6181 5918 5979
f 5989 6048 6277
f 5794 6044 6256
f 6015 5987 6278
f 5987 6244 6278
f 6032 6043 6279
f 6018 6009 6280
f 6043 5782 6281
f 5782 6008 6281
f 5969 6271 6029
f 6024 5989 6282
f 5989 6277 6282
f 6021 5738 6283
f 5738 5999 6283
f 6218 5792 6223
f 6022 5808 6284
f 5808 6071 6284
f 6221 6057 6285
f 6057 5990 6285
f 6033 6016 6286
f 6004 5986 6287
f 6013 5763 6288
f 5763 6018 6288
f 6025 5998 6289
f 5998 6272 6289
f 6026 5995 6290
f 5995 6254 6290
f 6027 5776 6257
f 5970 6233 6268
f 6028 6003 6291
f 6003 6261 6291
f 6030 6023 6292
f 6023 6260 6292
f 6031 5810 6293
f 5810 6074 6293
f 6037 5781 6294
f 5781 6007 6294
f 6034 5766 6295
f 5766 6024 6295
f 5779 6081 6036
f 5964 6228 6275
f 6063 5996 6275
f 6016 6182 6286
f 6238 5988 6296
f 5988 6049 6296
f 5799 6256 6048
f 5986 6245 6287
f 6248 6011 6297
f 6011 6075 6297
f 6280 6009 6298
f 6009 6073 6298
f 6257 5984 6299
f 5984 6247 6299
f 5745 6181 5979
f 6271 6032 6300
f 6032 6279 6300
f 6274 5912 6178
f 6182 6036 6081
f 6004 6287 6071
f 6061 6234 6301
f 6287 6245 6302
f 6048 6256 6303
f 6226 6222 6304
f 6245 6054 6305
f 6051 6050 6306
f 6050 6225 6306
f 6244 6053 6307
f 6053 6252 6307
f 6058 5975 6308
f 5975 6237 6308
f 6247 6039 6309
f 6039 6240 6309
f 6059 6226 6310
f 6226 6304 6310
f 6249 6022 6284
f 6045 6236 6311
f 6060 6006 6312
f 6006 6264 6312
f 6072 6033 6313
f 6262 6072 6313
f 6033 6286 6313
f 6070 6051 6314
f 6051 6306 6314
f 6254 6062 6315
f 6069 6227 6316
f 6268 6233 6317
f 6261 6070 6318
f 6070 6314 6318
f 6066 6027 6319
f 6259 6066 6319
f 6027 6257 6319
f 6260 6221 6320
f 6221 6285 6320
f 6218 6223 6321
f 6054 5994 6322
f 6305 6054 6322
f 5994 6251 6322
f 6079 6064 6214
f 6180 6029 6323
f 6240 6180 6323
f 6029 6271 6323
f 6046 6013 6324
f 6013 6288 6324
f 6265 6042 6325
f 6042 6259 6325
f 6077 6068 6326
f 6181 6010 6327
f 6184 6181 6327
f 6010 6253 6327
f 6076 6268 6328
f 6268 6317 6328
f 6075 6014 6329
f 6014 6273 6329
f 6272 6065 6330
f 6065 6242 6330
f 6035 6015 6331
f 6049 6035 6331
f 6015 6278 6331
f 6082 6079 6332
f 6182 6081 6333
f 6063 6275 6334
f 6083 6082 6335
f 6082 6332 6335
f 6084 6083 6336
f 6083 6335 6336
f 6085 6084 6337
f 6084 6336 6337
f 6086 6085 6338
f 6085 6337 6338
f 6087 6086 6339
f 6086 6338 6339
f 6088 6087 6340
f 6087 6339 6340
f 6089 6088 6341
f 6088 6340 6341
f 6090 6089 6342
f 6089 6341 6342
f 6091 6090 6343
f 6090 6342 6343
f 6092 6091 6344
f 6091 6343 6344
f 6093 6092 6345
f 6092 6344 6345
f 6094 6093 6346
f 6093 6345 6346
f 6095 6094 6347
f 6094 6346 6347
f 6096 6095 6348
f 6095 6347 6348
f 6097 6096 6349
f 6096 6348 6349
f 6098 6097 6350
f 6097 6349 6350
f 6099 6098 6351
f 6098 6350 6351
f 6100 6099 6352
f 6099 6351 6352
f 6101 6100 6353
f 6100 6352 6353
f 6102 6101 6354
f 6101 6353 6354
f 6103 6102 6355
f 6102 6354 6355
f 6104 6103 6356
f 6103 6355 6356
f 6105 6104 6357
f 6104 6356 6357
f 6106 6105 6358
f 6105 6357 6358
f 6107 6106 6359
f 6106 6358 6359
f 6108 6107 6360
f 6107 6359 6360
f 6109 6108 6361
f 6108 6360 6361
f 6110 6109 6362
f 6109 6361 6362
f 6111 6110 6363
f 6110 6362 6363
f 6112 6111 6364
f 6111 6363 6364
f 6113 6112 6365
f 6112 6364 6365
f 6114 6113 6366
f 6113 6365 6366
f 6115 6114 6367
f 6114 6366 6367
f 6116 6115 6368
f 6115 6367 6368
f 6117 6116 6369
f 6116 6368 6369
f 6118 6117 6370
f 6117 6369 6370
f 6119 6118 6371
f 6118 6370 6371
f 6120 6119 6372
f 6119 6371 6372
f 6121 6120 6373
f 6120 6372 6373
f 6122 6121 6374
f 6121 6373 6374
f 6123 6122 6375
f 6122 6374 6375
f 6124 6123 6376
f 6123 6375 6376
f 6125 6124 6377
f 6124 6376 6377
f 6126 6125 6378
f 6125 6377 6378
f 6127 6126 6379
f 6126 6378 6379
f 6128 6127 6380
f 6127 6379 6380
f 6129 6128 6381
f 6128 6380 6381
f 6130 6129 6382
f 6129 6381 6382
f 6131 6130 6383
f 6130 6382 6383
f 6132 6131 6384
f 6131 6383 6384
f 6133 6132 6385
f 6132 6384 6385
f 6134 6133 6386
f 6133 6385 6386
f 6135 6134 6387
f 6134 6386 6387
f 6136 6135 6388
f 6135 6387 6388
f 6137 6136 6389
f 6136 6388 6389
f 6138 6137 6390
f 6137 6389 6390
f 6139 6138 6391
f 6138 6390 6391
f 6140 6139 6392
f 6139 6391 6392
f 6141 6140 6393
f 6140 6392 6393
f 6142 6141 6394
f 6141 6393 6394
f 6143 6142 6395
f 6142 6394 6395
f 6144 6143 6396
f 6143 6395 6396
f 6145 6144 6397
f 6144 6396 6397
f 6146 6145 6398
f 6145 6397 6398
f 6147 6146 6399
f 6146 6398 6399
f 6148 6147 6400
f 6147 6399 6400
f 6149 6148 6401
f 6148 6400 6401
f 6150 6149 6402
f 6149 6401 6402
f 6151 6150 6403
f 6150 6402 6403
f 6152 6151 6404
f 6151 6403 6404
f 6153 6152 6405
f 6152 6404 6405
f 6154 6153 6406
f 6153 6405 6406
f 6155 6154 6407
f 6154 6406 6407
f 6156 6155 6408
f 6155 6407 6408
f 6157 6156 6409
f 6156 6408 6409
f 6158 6157 6410
f 6157 6409 6410
f 6159 6158 6411
f 6158 6410 6411
f 6160 6159 6412
f 6159 6411 6412
f 6161 6160 6413
f 6160 6412 6413
f 6162 6161 6414
f 6161 6413 6414
f 6163 6162 6415
f 6162 6414 6415
f 6164 6163 6416
f 6163 6415 6416
f 6165 6164 6417
f 6164 6416 6417
f 6166 6165 6418
f 6165 6417 6418
f 6167 6166 6419
f 6166 6418 6419
f 6168 6167 6420
f 6167 6419 6420
f 6169 6168 6421
f 6168 6420 6421
f 6170 6169 6422
f 6169 6421 6422
f 6171 6170 6423
f 6170 6422 6423
f 6172 6171 6424
f 6171 6423 6424
f 6173 6172 6425
f 6172 6424 6425
f 6174 6173 6426
f 6173 6425 6426
f 6175 6174 6427
f 6174 6426 6427
f 6176 6175 6428
f 6175 6427 6428
f 6177 6176 6429
f 6176 6428 6429
f 6178 6177 6430
f 6177 6429 6430
f 6179 6046 6431
f 6046 6324 6431
f 6286 6182 6333
f 5913 6274 6183
f 6277 6048 6432
f 6048 6303 6432
f 6256 6044 6433
f 6303 6256 6433
f 6044 6005 6433
f 6224 6230 6434
f 6008 6058 6435
f 6281 6008 6435
f 6058 6308 6435
f 6279 6043 6436
f 6043 6281 6436
f 6017 6248 6250
f 6071 6287 6437
f 6287 6302 6437
f 6215 6061 6438
f 6061 6301 6438
f 6185 6184 6439
f 6184 6327 6439
f 6186 6185 6440
f 6185 6439 6440
f 6187 6186 6441
f 6186 6440 6441
f 6188 6187 6442
f 6187 6441 6442
f 6189 6188 6443
f 6188 6442 6443
f 6190 6189 6444
f 6189 6443 6444
f 6191 6190 6445
f 6190 6444 6445
f 6192 6191 6446
f 6191 6445 6446
f 6193 6192 6447
f 6192 6446 6447
f 6194 6193 6448
f 6193 6447 6448
f 6195 6194 6449
f 6194 6448 6449
f 6196 6195 6450
f 6195 6449 6450
f 6197 6196 6451
f 6196 6450 6451
f 6198 6197 6452
f 6197 6451 6452
f 6199 6198 6453
f 6198 6452 6453
f 6200 6199 6454
f 6199 6453 6454
f 6201 6200 6455
f 6200 6454 6455
f 6202 6201 6456
f 6201 6455 6456
f 6203 6202 6457
f 6202 6456 6457
f 6204 6203 6458
f 6203 6457 6458
f 6205 6204 6459
f 6204 6458 6459
f 6206 6205 6460
f 6205 6459 6460
f 6207 6206 6461
f 6206 6460 6461
f 6208 6207 6462
f 6207 6461 6462
f 6209 6208 6463
f 6208 6462 6463
f 6210 6209 6464
f 6209 6463 6464
f 6211 6210 6465
f 6210 6464 6465
f 6212 6211 6466
f 6211 6465 6466
f 6219 6045 6467
f 6045 6311 6467
f 6216 6069 6468
f 6069 6316 6468
f 6236 6224 6469
f 6224 6434 6469
f 6217 6063 6470
f 6063 6334 6470
f 6220 6217 6471
f 6217 6470 6471
f 6222 6076 6472
f 6076 6328 6472
f 6223 6077 6473
f 6077 6326 6473
f 6020 6216 6474
f 6080 6020 6474
f 6216 6468 6474
f 6052 6219 6475
f 6219 6467 6475
f 6227 6021 6476
f 6021 6283 6476
f 6228 6055 6477
f 6229 6059 6478
f 6059 6310 6478
f 6230 6220 6479
f 6220 6471 6479
f 6231 6229 6480
f 6229 6478 6480
f 6232 6052 6481
f 6052 6475 6481
f 6233 6218 6482
f 6218 6321 6482
f 6234 6231 6483
f 6231 6480 6483
f 6183 6274 6040
f 6040 6274 6246
f 6262 6313 6484
f 6239 6041 6485
f 6041 6255 6485
f 6230 6479 6434
f 6047 5981 6486
f 5981 6241 6486
f 6237 6025 6487
f 6025 6289 6487
f 6067 6239 6488
f 6241 6034 6489
f 6034 6295 6489
f 6242 6038 6490
f 6330 6242 6490
f 6038 6238 6490
f 6266 6249 6491
f 6254 6315 6492
f 6297 6075 6493
f 6075 6329 6493
f 6276 6026 6494
f 6026 6290 6494
f 6234 6483 6301
f 6247 6309 6495
f 6286 6333 6496
f 6298 6073 6497
f 6073 6276 6497
f 6311 6236 6469
f 6299 6247 6498
f 6247 6495 6498
f 6313 6286 6499
f 6484 6313 6499
f 6286 6496 6499
f 6251 5978 6500
f 5978 6047 6500
f 6316 6227 6476
f 6258 6028 6501
f 6028 6291 6501
f 6317 6233 6482
f 6255 5991 6502
f 5991 6250 6502
f 6252 6037 6503
f 6307 6252 6503
f 6037 6294 6503
f 6260 6320 6504
f 6261 6318 6505
f 6062 6080 6506
f 6315 6062 6506
f 6080 6474 6506
f 6243 6060 6507
f 6060 6312 6507
f 6263 6179 6508
f 6179 6431 6508
f 6319 6257 6509
f 6257 6299 6509
f 6321 6223 6473
f 6300 6279 6510
f 6323 6271 6511
f 6271 6300 6511
f 6327 6253 6512
f 6439 6327 6512
f 6253 6269 6512
f 6005 6263 6433
f 6264 6067 6513
f 6067 6488 6513
f 6326 6068 6514
f 6068 6232 6514
f 6267 6030 6515
f 6030 6292 6515
f 6334 6275 6516
f 6275 6228 6516
f 6491 6249 6517
f 6249 6284 6517
f 6304 6222 6472
f 6270 6265 6518
f 6333 6081 6235
f 6246 6274 6178
f 6273 6262 6519
f 6262 6484 6519
f 6280 6298 6520
f 6278 6244 6521
f 6225 6031 6522
f 6306 6225 6522
f 6031 6293 6522
f 6018 6280 6523
f 6079 6214 6332
f 6250 6248 6524
f 6502 6250 6524
f 6248 6297 6524
f 6288 6018 6523
f 6282 6277 6525
f 6283 5999 6526
f 5999 6258 6526
f 6213 6212 6527
f 6284 6071 6528
f 6517 6284 6528
f 6071 6437 6528
f 6285 5990 6243
f 6238 6296 6529
f 6302 6245 6530
f 6245 6305 6530
f 6289 6272 6531
f 6290 6254 6532
f 6254 6492 6532
f 6291 6261 6533
f 6261 6505 6533
f 6477 6055 6430
f 6292 6260 6534
f 6260 6504 6534
f 6293 6074 6535
f 6074 6267 6535
f 6246 6178 6430
f 6232 6481 6514
f 6294 6007 6536
f 6007 6266 6536
f 6295 6024 6537
f 6024 6282 6537
f 6235 6215 6538
f 6215 6438 6538
f 6296 6049 6539
f 6049 6331 6539
f 6490 6238 6540
f 6238 6529 6540
f 6510 6279 6541
f 6279 6436 6541
f 6516 6228 6477
f 6523 6280 6542
f 6280 6520 6542
f 6518 6265 6543
f 6265 6325 6543
f 6521 6244 6544
f 6244 6307 6544
f 6525 6277 6545
f 6277 6432 6545
f 6527 6212 6466
f 6531 6272 6546
f 6272 6330 6546
f 6317 6482 6547
f 6488 6239 6548
f 6239 6485 6548
f 6330 6490 6549
f 6546 6330 6549
f 6490 6540 6549
f 6318 6314 6550
f 6324 6288 6551
f 6288 6523 6551
f 6492 6315 6552
f 6304 6472 6553
f 6504 6320 6554
f 6308 6237 6555
f 6237 6487 6555
f 6055 6246 6430
f 6496 6333 6556
f 6285 6243 6557
f 6320 6285 6557
f 6243 6507 6557
f 6495 6309 6558
f 6309 6240 6559
f 6558 6309 6559
f 6240 6323 6559
f 6310 6304 6560
f 6304 6553 6560
f 6312 6264 6561
f 6264 6513 6561
f 6505 6318 6562
f 6318 6550 6562
f 6335 6332 6563
f 6477 6430 6564
f 6430 6429 6564
f 6434 6479 6565
f 6514 6481 6566
f 6213 6527 6332
f 6314 6306 6567
f 6550 6314 6567
f 6306 6522 6567
f 6269 6270 6568
f 6270 6518 6568
f 6334 6516 6569
f 6325 6259 6570
f 6259 6319 6570
f 6329 6273 6571
f 6273 6519 6571
f 6331 6278 6572
f 6539 6331 6572
f 6278 6521 6572
f 6301 6483 6573
f 6433 6263 6574
f 6303 6433 6574
f 6263 6508 6574
f 6475 6467 6575
f 6520 6298 6576
f 6298 6497 6576
f 6336 6335 6577
f 6335 6563 6577
f 6337 6336 6578
f 6336 6577 6578
f 6338 6337 6579
f 6337 6578 6579
f 6339 6338 6580
f 6338 6579 6580
f 6340 6339 6581
f 6339 6580 6581
f 6341 6340 6582
f 6340 6581 6582
f 6342 6341 6583
f 6341 6582 6583
f 6343 6342 6584
f 6342 6583 6584
f 6344 6343 6585
f 6343 6584 6585
f 6345 6344 6586
f 6344 6585 6586
f 6346 6345 6587
f 6345 6586 6587
f 6347 6346 6588
f 6346 6587 6588
f 6348 6347 6589
f 6347 6588 6589
f 6349 6348 6590
f 6348 6589 6590
f 6350 6349 6591
f 6349 6590 6591
f 6351 6350 6592
f 6350 6591 6592
f 6352 6351 6593
f 6351 6592 6593
f 6353 6352 6594
f 6352 6593 6594
f 6354 6353 6595
f 6353 6594 6595
f 6355 6354 6596
f 6354 6595 6596
f 6356 6355 6597
f 6355 6596 6597
f 6357 6356 6598
f 6356 6597 6598
f 6358 6357 6599
f 6357 6598 6599
f 6359 6358 6600
f 6358 6599 6600
f 6360 6359 6601
f 6359 6600 6601
f 6361 6360 6602
f 6360 6601 6602
f 6362 6361 6603
f 6361 6602 6603
f 6363 6362 6604
f 6362 6603 6604
f 6364 6363 6605
f 6363 6604 6605
f 6365 6364 6606
f 6364 6605 6606
f 6366 6365 6607
f 6365 6606 6607
f 6367 6366 6608
f 6366 6607 6608
f 6368 6367 6609
f 6367 6608 6609
f 6369 6368 6610
f 6368 6609 6610
f 6370 6369 6611
f 6369 6610 6611
f 6371 6370 6612
f 6370 6611 6612
f 6372 6371 6613
f 6371 6612 6613
f 6373 6372 6614
f 6372 6613 6614
f 6374 6373 6615
f 6373 6614 6615
f 6375 6374 6616
f 6374 6615 6616
f 6376 6375 6617
f 6375 6616 6617
f 6377 6376 6618
f 6376 6617 6618
f 6378 6377 6619
f 6377 6618 6619
f 6379 6378 6620
f 6378 6619 6620
f 6380 6379 6621
f 6379 6620 6621
f 6381 6380 6622
f 6380 6621 6622
f 6382 6381 6623
f 6381 6622 6623
f 6383 6382 6624
f 6382 6623 6624
f 6384 6383 6625
f 6383 6624 6625
f 6385 6384 6626
f 6384 6625 6626
f 6386 6385 6627
f 6385 6626 6627
f 6387 6386 6628
f 6386 6627 6628
f 6388 6387 6629
f 6387 6628 6629
f 6389 6388 6630
f 6388 6629 6630
f 6390 6389 6631
f 6389 6630 6631
f 6391 6390 6632
f 6390 6631 6632
f 6392 6391 6633
f 6391 6632 6633
f 6393 6392 6634
f 6392 6633 6634
f 6394 6393 6635
f 6393 6634 6635
f 6395 6394 6636
f 6394 6635 6636
f 6396 6395 6637
f 6395 6636 6637
f 6397 6396 6638
f 6396 6637 6638
f 6398 6397 6639
f 6397 6638 6639
f 6399 6398 6640
f 6398 6639 6640
f 6400 6399 6641
f 6399 6640 6641
f 6401 6400 6642
f 6400 6641 6642
f 6402 6401 6643
f 6401 6642 6643
f 6403 6402 6644
f 6402 6643 6644
f 6404 6403 6645
f 6403 6644 6645
f 6405 6404 6646
f 6404 6645 6646
f 6406 6405 6647
f 6405 6646 6647
f 6407 6406 6648
f 6406 6647 6648
f 6408 6407 6649
f 6407 6648 6649
f 6409 6408 6650
f 6408 6649 6650
f 6410 6409 6651
f 6409 6650 6651
f 6411 6410 6652
f 6410 6651 6652
f 6412 6411 6653
f 6411 6652 6653
f 6413 6412 6654
f 6412 6653 6654
f 6414 6413 6655
f 6413 6654 6655
f 6415 6414 6656
f 6414 6655 6656
f 6416 6415 6657
f 6415 6656 6657
f 6417 6416 6658
f 6416 6657 6658
f 6418 6417 6659
f 6417 6658 6659
f 6419 6418 6660
f 6418 6659 6660
f 6420 6419 6661
f 6419 6660 6661
f 6421 6420 6662
f 6420 6661 6662
f 6422 6421 6663
f 6421 6662 6663
f 6423 6422 6664
f 6422 6663 6664
f 6424 6423 6665
f 6423 6664 6665
f 6425 6424 6666
f 6424 6665 6666
f 6426 6425 6667
f 6425 6666 6667
f 6427 6426 6668
f 6426 6667 6668
f 6428 6427 6669
f 6427 6668 6669
f 6429 6428 6670
f 6564 6429 6670
f 6428 6669 6670
f 6431 6324 6671
f 6324 6551 6671
f 6432 6303 6672
f 6303 6574 6672
f 6311 6469 6673
f 6436 6281 6674
f 6281 6435 6674
f 6326 6514 6675
f 6514 6566 6675
f 6437 6302 6676
f 6527 6466 6677
f 6438 6301 6678
f 6301 6573 6678
f 6328 6317 6679
f 6317 6547 6679
f 6440 6439 6680
f 6439 6512 6680
f 6441 6440 6681
f 6440 6680 6681
f 6442 6441 6682
f 6441 6681 6682
f 6443 6442 6683
f 6442 6682 6683
f 6444 6443 6684
f 6443 6683 6684
f 6445 6444 6685
f 6444 6684 6685
f 6446 6445 6686
f 6445 6685 6686
f 6447 6446 6687
f 6446 6686 6687
f 6448 6447 6688
f 6447 6687 6688
f 6449 6448 6689
f 6448 6688 6689
f 6450 6449 6690
f 6449 6689 6690
f 6451 6450 6691
f 6450 6690 6691
f 6452 6451 6692
f 6451 6691 6692
f 6453 6452 6693
f 6452 6692 6693
f 6454 6453 6694
f 6453 6693 6694
f 6455 6454 6695
f 6454 6694 6695
f 6456 6455 6696
f 6455 6695 6696
f 6457 6456 6697
f 6456 6696 6697
f 6458 6457 6698
f 6457 6697 6698
f 6459 6458 6699
f 6458 6698 6699
f 6460 6459 6700
f 6459 6699 6700
f 6461 6460 6701
f 6460 6700 6701
f 6462 6461 6702
f 6461 6701 6702
f 6463 6462 6703
f 6462 6702 6703
f 6464 6463 6704
f 6463 6703 6704
f 6465 6464 6705
f 6464 6704 6705
f 6466 6465 6706
f 6677 6466 6706
f 6465 6705 6706
f 6467 6311 6707
f 6311 6673 6707
f 6214 6213 6332
f 6468 6316 6708
f 6469 6434 6709
f 6434 6565 6709
f 6470 6334 6710
f 6334 6569 6710
f 6471 6470 6711
f 6470 6710 6711
f 6529 6296 6712
f 6296 6539 6712
f 6472 6328 6713
f 6328 6679 6713
f 6473 6326 6714
f 6326 6675 6714
f 6516 6477 6715
f 6569 6516 6715
f 6477 6564 6715
f 6478 6310 6716
f 6310 6560 6716
f 6476 6283 6717
f 6283 6526 6717
f 6479 6471 6718
f 6471 6711 6718
f 6480 6478 6719
f 6478 6716 6719
f 6481 6475 6720
f 6475 6575 6720
f 6483 6480 6721
f 6480 6719 6721
f 6321 6473 6722
f 6473 6714 6722
f 6488 6548 6723
f 6566 6481 6720
f 6489 6295 6724
f 6295 6537 6724
f 6472 6713 6553
f 6486 6241 6725
f 6241 6489 6725
f 6487 6289 6726
f 6289 6531 6726
f 6551 6523 6727
f 6523 6542 6727
f 6575 6467 6707
f 6552 6315 6728
f 6315 6506 6728
f 6541 6436 6729
f 6436 6674 6729
f 6518 6543 6730
f 6504 6554 6731
f 6332 6527 6563
f 6494 6290 6732
f 6290 6532 6732
f 6320 6557 6554
f 6559 6323 6511
f 6498 6495 6733
f 6499 6496 6734
f 6483 6721 6573
f 6501 6291 6735
f 6291 6533 6735
f 6507 6312 6736
f 6312 6561 6736
f 6526 6258 6737
f 6258 6501 6737
f 6503 6294 6738
f 6294 6536 6738
f 6565 6479 6718
f 6708 6316 6739
f 6316 6476 6739
f 6276 6494 6497
f 6508 6431 6740
f 6431 6671 6740
f 6509 6299 6741
f 6299 6498 6741
f 6570 6319 6509
f 6511 6300 6742
f 6300 6510 6742
f 6322 6251 6743
f 6251 6500 6743
f 6282 6525 6744
f 6305 6322 6745
f 6322 6743 6745
f 6512 6269 6568
f 6513 6488 6746
f 6488 6723 6746
f 6515 6292 6747
f 6292 6534 6747
f 6542 6520 6748
f 6543 6325 6749
f 6325 6570 6749
f 6531 6546 6750
f 6530 6305 6751
f 6305 6745 6751
f 6572 6521 6752
f 6522 6293 6753
f 6567 6522 6753
f 6293 6535 6753
f 6544 6307 6754
f 6307 6503 6754
f 6333 6235 6538
f 6545 6432 6755
f 6432 6672 6755
f 6485 6255 6756
f 6255 6502 6756
f 6519 6484 6757
f 6500 6047 6486
f 6529 6712 6758
f 6673 6469 6709
f 6505 6562 6759
f 6435 6308 6760
f 6674 6435 6760
f 6308 6555 6760
f 6491 6517 6761
f 6534 6504 6762
f 6504 6731 6762
f 6524 6297 6763
f 6297 6493 6763
f 6676 6302 6764
f 6302 6530 6764
f 6528 6437 6765
f 6437 6676 6765
f 6527 6677 6563
f 6568 6518 6766
f 6518 6730 6766
f 6492 6552 6767
f 6532 6492 6768
f 6492 6767 6768
f 6474 6468 6769
f 6506 6474 6769
f 6468 6708 6769
f 6547 6482 6770
f 6482 6321 6770
f 6484 6499 6771
f 6757 6484 6771
f 6499 6734 6771
f 6533 6505 6772
f 6505 6759 6772
f 6496 6556 6734
f 6525 6545 6773
f 6535 6267 6774
f 6267 6515 6774
f 6510 6541 6775
f 6536 6266 6776
f 6266 6491 6776
f 6537 6282 6744
f 6321 6722 6770
f 6493 6329 6777
f 6329 6571 6777
f 6540 6529 6778
f 6529 6758 6778
f 6726 6531 6779
f 6531 6750 6779
f 6733 6495 6780
f 6495 6558 6780
f 6739 6476 6717
f 6742 6510 6781
f 6510 6775 6781
f 6744 6525 6782
f 6525 6773 6782
f 6748 6520 6783
f 6520 6576 6783
f 6752 6521 6784
f 6521 6544 6784
f 6776 6491 6785
f 6491 6761 6785
f 6566 6720 6786
f 6731 6554 6787
f 6575 6707 6788
f 6730 6543 6789
f 6543 6749 6789
f 6557 6507 6790
f 6554 6557 6790
f 6507 6736 6790
f 6558 6559 6791
f 6559 6511 6791
f 6770 6722 6792
f 6671 6551 6793
f 6551 6727 6793
f 6561 6513 6794
f 6513 6746 6794
f 6562 6550 6795
f 6573 6721 6796
f 6333 6538 6556
f 6570 6509 6797
f 6749 6570 6797
f 6509 6741 6797
f 6563 6677 6798
f 6577 6563 6798
f 6677 6706 6798
f 6678 6573 6799
f 6573 6796 6799
f 6560 6553 6800
f 6716 6560 6801
f 6560 6800 6801
f 6571 6519 6802
f 6519 6757 6802
f 6565 6718 6803
f 6750 6546 6804
f 6546 6549 6804
f 6574 6508 6805
f 6508 6740 6805
f 6576 6497 6806
f 6497 6494 6806
f 6500 6486 6807
f 6743 6500 6807
f 6486 6725 6807
f 6758 6712 6808
f 6511 6742 6791
f 6578 6577 6809
f 6577 6798 6809
f 6579 6578 6810
f 6578 6809 6810
f 6580 6579 6811
f 6579 6810 6811
f 6581 6580 6812
f 6580 6811 6812
f 6582 6581 6813
f 6581 6812 6813
f 6583 6582 6814
f 6582 6813 6814
f 6584 6583 6815
f 6583 6814 6815
f 6585 6584 6816
f 6584 6815 6816
f 6586 6585 6817
f 6585 6816 6817
f 6587 6586 6818
f 6586 6817 6818
f 6588 6587 6819
f 6587 6818 6819
f 6589 6588 6820
f 6588 6819 6820
f 6590 6589 6821
f 6589 6820 6821
f 6591 6590 6822
f 6590 6821 6822
f 6592 6591 6823
f 6591 6822 6823
f 6593 6592 6824
f 6592 6823 6824
f 6594 6593 6825
f 6593 6824 6825
f 6595 6594 6826
f 6594 6825 6826
f 6596 6595 6827
f 6595 6826 6827
f 6597 6596 6828
f 6596 6827 6828
f 6598 6597 6829
f 6597 6828 6829
f 6599 6598 6830
f 6598 6829 6830
f 6600 6599 6831
f 6599 6830 6831
f 6601 6600 6832
f 6600 6831 6832
f 6602 6601 6833
f 6601 6832 6833
f 6603 6602 6834
f 6602 6833 6834
f 6604 6603 6835
f 6603 6834 6835
f 6605 6604 6836
f 6604 6835 6836
f 6606 6605 6837
f 6605 6836 6837
f 6607 6606 6838
f 6606 6837 6838
f 6608 6607 6839
f 6607 6838 6839
f 6609 6608 6840
f 6608 6839 6840
f 6610 6609 6841
f 6609 6840 6841
f 6611 6610 6842
f 6610 6841 6842
f 6612 6611 6843
f 6611 6842 6843
f 6613 6612 6844
f 6612 6843 6844
f 6614 6613 6845
f 6613 6844 6845
f 6615 6614 6846
f 6614 6845 6846
f 6616 6615 6847
f 6615 6846 6847
f 6617 6616 6848
f 6616 6847 6848
f 6618 6617 6849
f 6617 6848 6849
f 6619 6618 6850
f 6618 6849 6850
f 6620 6619 6851
f 6619 6850 6851
f 6621 6620 6852
f 6620 6851 6852
f 6622 6621 6853
f 6621 6852 6853
f 6623 6622 6854
f 6622 6853 6854
f 6624 6623 6855
f 6623 6854 6855
f 6625 6624 6856
f 6624 6855 6856
f 6626 6625 6857
f 6625 6856 6857
f 6627 6626 6858
f 6626 6857 6858
f 6628 6627 6859
f 6627 6858 6859
f 6629 6628 6860
f 6628 6859 6860
f 6630 6629 6861
f 6629 6860 6861
f 6631 6630 6862
f 6630 6861 6862
f 6632 6631 6863
f 6631 6862 6863
f 6633 6632 6864
f 6632 6863 6864
f 6634 6633 6865
f 6633 6864 6865
f 6635 6634 6866
f 6634 6865 6866
f 6636 6635 6867
f 6635 6866 6867
f 6637 6636 6868
f 6636 6867 6868
f 6638 6637 6869
f 6637 6868 6869
f 6639 6638 6870
f 6638 6869 6870
f 6640 6639 6871
f 6639 6870 6871
f 6641 6640 6872
f 6640 6871 6872
f 6642 6641 6873
f 6641 6872 6873
f 6643 6642 6874
f 6642 6873 6874
f 6644 6643 6875
f 6643 6874 6875
f 6645 6644 6876
f 6644 6875 6876
f 6646 6645 6877
f 6645 6876 6877
f 6647 6646 6878
f 6646 6877 6878
f 6648 6647 6879
f 6647 6878 6879
f 6649 6648 6880
f 6648 6879 6880
f 6650 6649 6881
f 6649 6880 6881
f 6651 6650 6882
f 6650 6881 6882
f 6652 6651 6883
f 6651 6882 6883
f 6653 6652 6884
f 6652 6883 6884
f 6654 6653 6885
f 6653 6884 6885
f 6655 6654 6886
f 6654 6885 6886
f 6656 6655 6887
f 6655 6886 6887
f 6657 6656 6888
f 6656 6887 6888
f 6658 6657 6889
f 6657 6888 6889
f 6659 6658 6890
f 6658 6889 6890
f 6660 6659 6891
f 6659 6890 6891
f 6661 6660 6892
f 6660 6891 6892
f 6662 6661 6893
f 6661 6892 6893
f 6663 6662 6894
f 6662 6893 6894
f 6664 6663 6895
f 6663 6894 6895
f 6665 6664 6896
f 6664 6895 6896
f 6666 6665 6897
f 6665 6896 6897
f 6667 6666 6898
f 6666 6897 6898
f 6668 6667 6899
f 6667 6898 6899
f 6669 6668 6900
f 6668 6899 6900
f 6761 6517 6901
f 6517 6528 6901
f 6673 6709 6902
f 6672 6574 6805
f 6759 6562 6903
f 6562 6795 6903
f 6675 6566 6904
f 6566 6786 6904
f 6739 6717 6905
f 6547 6770 6906
f 6770 6792 6906
f 6548 6485 6907
f 6485 6756 6907
f 6708 6739 6908
f 6739 6905 6908
f 6438 6678 6909
f 6679 6547 6910
f 6547 6906 6910
f 6680 6512 6568
f 6767 6552 6911
f 6682 6681 6912
f 6683 6682 6913
f 6682 6912 6913
f 6684 6683 6914
f 6683 6913 6914
f 6685 6684 6915
f 6684 6914 6915
f 6686 6685 6916
f 6685 6915 6916
f 6687 6686 6917
f 6686 6916 6917
f 6688 6687 6918
f 6687 6917 6918
f 6689 6688 6919
f 6688 6918 6919
f 6690 6689 6920
f 6689 6919 6920
f 6691 6690 6921
f 6690 6920 6921
f 6692 6691 6922
f 6691 6921 6922
f 6693 6692 6923
f 6692 6922 6923
f 6694 6693 6924
f 6693 6923 6924
f 6695 6694 6925
f 6694 6924 6925
f 6696 6695 6926
f 6695 6925 6926
f 6697 6696 6927
f 6696 6926 6927
f 6698 6697 6928
f 6697 6927 6928
f 6699 6698 6929
f 6698 6928 6929
f 6700 6699 6930
f 6699 6929 6930
f 6701 6700 6931
f 6700 6930 6931
f 6702 6701 6932
f 6701 6931 6932
f 6703 6702 6933
f 6702 6932 6933
f 6704 6703 6934
f 6703 6933 6934
f 6705 6704 6935
f 6704 6934 6935
f 6709 6565 6936
f 6565 6803 6936
f 6710 6569 6937
f 6711 6710 6938
f 6710 6937 6938
f 6712 6539 6939
f 6808 6712 6939
f 6539 6572 6939
f 6713 6679 6940
f 6679 6910 6940
f 6714 6675 6941
f 6675 6904 6941
f 6717 6526 6942
f 6526 6737 6942
f 6773 6545 6943
f 6545 6755 6943
f 6718 6711 6944
f 6711 6938 6944
f 6775 6541 6945
f 6541 6729 6945
f 6555 6487 6946
f 6487 6726 6946
f 6719 6716 6947
f 6716 6801 6947
f 6720 6575 6948
f 6575 6788 6948
f 6721 6719 6949
f 6719 6947 6949
f 6722 6714 6950
f 6714 6941 6950
f 6723 6548 6951
f 6548 6907 6951
f 6538 6438 6909
f 6502 6524 6952
f 6756 6502 6952
f 6524 6763 6952
f 6556 6538 6909
f 6680 6568 6953
f 6681 6680 6953
f 6568 6766 6953
f 6759 6903 6954
f 6731 6787 6955
f 6724 6537 6956
f 6537 6744 6956
f 6725 6489 6957
f 6489 6724 6957
f 6780 6558 6958
f 6558 6791 6958
f 6727 6542 6959
f 6542 6748 6959
f 6549 6540 6960
f 6804 6549 6960
f 6540 6778 6960
f 6721 6949 6796
f 6722 6950 6792
f 6728 6506 6769
f 6730 6789 6961
f 6729 6674 6962
f 6674 6760 6962
f 6773 6943 6963
f 6676 6764 6964
f 6732 6532 6965
f 6532 6768 6965
f 6748 6783 6966
f 6787 6554 6790
f 6735 6533 6967
f 6533 6772 6967
f 6736 6561 6968
f 6561 6794 6968
f 6737 6501 6969
f 6501 6735 6969
f 6738 6536 6970
f 6536 6776 6970
f 6753 6535 6971
f 6535 6774 6971
f 6494 6732 6806
f 6781 6775 6972
f 6751 6745 6973
f 6740 6671 6974
f 6671 6793 6974
f 6550 6567 6975
f 6795 6550 6975
f 6567 6753 6975
f 6800 6553 6976
f 6553 6713 6976
f 6741 6498 6977
f 6498 6733 6977
f 6745 6743 6978
f 6973 6745 6978
f 6743 6807 6978
f 6782 6773 6979
f 6773 6963 6979
f 6783 6576 6980
f 6576 6806 6980
f 6720 6948 6786
f 6572 6752 6939
f 6758 6808 6981
f 6802 6757 6982
f 6733 6780 6983
f 6746 6723 6984
f 6707 6673 6985
f 6803 6718 6944
f 6503 6738 6754
f 6747 6534 6986
f 6534 6762 6986
f 6750 6804 6987
f 6784 6544 6988
f 6544 6754 6988
f 6785 6761 6989
f 6760 6555 6990
f 6555 6946 6990
f 6755 6672 6991
f 6672 6805 6991
f 6956 6744 6992
f 6744 6782 6992
f 6752 6784 6993
f 6772 6759 6994
f 6759 6954 6994
f 6791 6742 6995
f 6958 6791 6995
f 6742 6781 6995
f 6901 6528 6765
f 6670 6669 6996
f 6669 6900 6996
f 6902 6709 6936
f 6905 6717 6942
f 6762 6731 6997
f 6731 6955 6997
f 6763 6493 6998
f 6493 6777 6998
f 6764 6530 6999
f 6530 6751 6999
f 6765 6676 7000
f 6676 6964 7000
f 6768 6767 7001
f 6766 6730 7002
f 6730 6961 7002
f 6909 6678 7003
f 6912 6681 6953
f 6911 6552 7004
f 6552 6728 7004
f 6706 6705 7005
f 6705 6935 7005
f 6673 6902 6985
f 6937 6569 7006
f 6569 6715 7006
f 6734 6556 7003
f 6769 6708 7007
f 6728 6769 7007
f 6708 6908 7007
f 6713 6940 6976
f 6771 6734 7008
f 6939 6752 7009
f 6808 6939 7009
f 6752 6993 7009
f 6774 6515 7010
f 6515 6747 7010
f 6946 6726 7011
f 6726 6779 7011
f 6788 6707 6985
f 6757 6771 7012
f 6982 6757 7012
f 6771 7008 7012
f 6777 6571 7013
f 6571 6802 7013
f 6778 6758 7014
f 6758 6981 7014
f 6678 6799 7003
f 6779 6750 7015
f 6750 6987 7015
f 6959 6748 7016
f 6748 6966 7016
f 6970 6776 7017
f 6776 6785 7017
f 6972 6775 7018
f 6775 6945 7018
f 6977 6733 7019
f 6733 6983 7019
f 6984 6723 7020
f 6723 6951 7020
f 6989 6761 7021
f 6761 6901 7021
f 6734 7003 7008
f 7001 6767 7022
f 6767 6911 7022
f 6938 6937 7023
f 6964 6764 7024
f 6764 6999 7024
f 6961 6789 7025
f 6976 6940 7026
f 6963 6943 7027
f 6790 6736 7028
f 6787 6790 7028
f 6736 6968 7028
f 6966 6783 7029
f 6783 6980 7029
f 6913 6912 7030
f 6793 6727 7031
f 6727 6959 7031
f 6794 6746 7032
f 6746 6984 7032
f 6902 6936 7033
f 6564 6670 7034
f 6953 6766 7035
f 6912 6953 7035
f 6766 7002 7035
f 6901 6765 7036
f 7021 6901 7036
f 6765 7000 7036
f 6801 6800 7037
f 6983 6780 7038
f 6780 6958 7038
f 6981 6808 7039
f 6808 7009 7039
f 6798 6706 7005
f 6803 6944 7040
f 6987 6804 7041
f 6804 6960 7041
f 6805 6740 7042
f 6991 6805 7042
f 6740 6974 7042
f 6800 6976 7043
f 6976 7026 7043
f 6910 6906 7044
f 6993 6784 7045
f 6784 6988 7045
f 6799 6796 7046
f 6809 6798 7005
f 6788 6985 7047
f 6810 6809 7048
f 6809 7005 7048
f 6811 6810 7049
f 6810 7048 7049
f 6812 6811 7050
f 6811 7049 7050
f 6813 6812 7051
f 6812 7050 7051
f 6814 6813 7052
f 6813 7051 7052
f 6815 6814 7053
f 6814 7052 7053
f 6816 6815 7054
f 6815 7053 7054
f 6817 6816 7055
f 6816 7054 7055
f 6818 6817 7056
f 6817 7055 7056
f 6819 6818 7057
f 6818 7056 7057
f 6820 6819 7058
f 6819 7057 7058
f 6821 6820 7059
f 6820 7058 7059
f 6822 6821 7060
f 6821 7059 7060
f 6823 6822 7061
f 6822 7060 7061
f 6824 6823 7062
f 6823 7061 7062
f 6825 6824 7063
f 6824 7062 7063
f 6826 6825 7064
f 6825 7063 7064
f 6827 6826 7065
f 6826 7064 7065
f 6828 6827 7066
f 6827 7065 7066
f 6829 6828 7067
f 6828 7066 7067
f 6830 6829 7068
f 6829 7067 7068
f 6831 6830 7069
f 6830 7068 7069
f 6832 6831 7070
f 6831 7069 7070
f 6833 6832 7071
f 6832 7070 7071
f 6834 6833 7072
f 6833 7071 7072
f 6835 6834 7073
f 6834 7072 7073
f 6836 6835 7074
f 6835 7073 7074
f 6837 6836 7075
f 6836 7074 7075
f 6838 6837 7076
f 6837 7075 7076
f 6839 6838 7077
f 6838 7076 7077
f 6840 6839 7078
f 6839 7077 7078
f 6841 6840 7079
f 6840 7078 7079
f 6842 6841 7080
f 6841 7079 7080
f 6843 6842 7081
f 6842 7080 7081
f 6844 6843 7082
f 6843 7081 7082
f 6845 6844 7083
f 6844 7082 7083
f 6846 6845 7084
f 6845 7083 7084
f 6847 6846 7085
f 6846 7084 7085
f 6848 6847 7086
f 6847 7085 7086
f 6849 6848 7087
f 6848 7086 7087
f 6850 6849 7088
f 6849 7087 7088
f 6851 6850 7089
f 6850 7088 7089
f 6852 6851 7090
f 6851 7089 7090
f 6853 6852 7091
f 6852 7090 7091
f 6854 6853 7092
f 6853 7091 7092
f 6855 6854 7093
f 6854 7092 7093
f 6856 6855 7094
f 6855 7093 7094
f 6857 6856 7095
f 6856 7094 7095
f 6858 6857 7096
f 6857 7095 7096
f 6859 6858 7097
f 6858 7096 7097
f 6860 6859 7098
f 6859 7097 7098
f 6861 6860 7099
f 6860 7098 7099
f 6862 6861 7100
f 6861 7099 7100
f 6863 6862 7101
f 6862 7100 7101
f 6864 6863 7102
f 6863 7101 7102
f 6865 6864 7103
f 6864 7102 7103
f 6866 6865 7104
f 6865 7103 7104
f 6867 6866 7105
f 6866 7104 7105
f 6868 6867 7106
f 6867 7105 7106
f 6869 6868 7107
f 6868 7106 7107
f 6870 6869 7108
f 6869 7107 7108
f 6871 6870 7109
f 6870 7108 7109
f 6872 6871 7110
f 6871 7109 7110
f 6873 6872 7111
f 6872 7110 7111
f 6874 6873 7112
f 6873 7111 7112
f 6875 6874 7113
f 6874 7112 7113
f 6876 6875 7114
f 6875 7113 7114
f 6877 6876 7115
f 6876 7114 7115
f 6878 6877 7116
f 6877 7115 7116
f 6879 6878 7117
f 6878 7116 7117
f 6880 6879 7118
f 6879 7117 7118
f 6881 6880 7119
f 6880 7118 7119
f 6882 6881 7120
f 6881 7119 7120
f 6883 6882 7121
f 6882 7120 7121
f 6884 6883 7122
f 6883 7121 7122
f 6885 6884 7123
f 6884 7122 7123
f 6886 6885 7124
f 6885 7123 7124
f 6887 6886 7125
f 6886 7124 7125
f 6888 6887 7126
f 6887 7125 7126
f 6889 6888 7127
f 6888 7126 7127
f 6890 6889 7128
f 6889 7127 7128
f 6891 6890 7129
f 6890 7128 7129
f 6892 6891 7130
f 6891 7129 7130
f 6893 6892 7131
f 6892 7130 7131
f 6894 6893 7132
f 6893 7131 7132
f 6895 6894 7133
f 6894 7132 7133
f 6896 6895 7134
f 6895 7133 7134
f 6897 6896 7135
f 6896 7134 7135
f 6898 6897 7136
f 6897 7135 7136
f 6899 6898 7137
f 6898 7136 7137
f 6900 6899 7138
f 6899 7137 7138
f 6903 6795 7139
f 6904 6786 7140
f 6955 6787 7141
f 6787 7028 7141
f 6907 6756 7142
f 6756 6952 7142
f 6908 6905 7143
f 6954 6903 7144
f 6903 7139 7144
f 6985 6902 7145
f 6902 7033 7145
f 6914 6913 7146
f 6913 7030 7146
f 6915 6914 7147
f 6914 7146 7147
f 6916 6915 7148
f 6915 7147 7148
f 6917 6916 7149
f 6916 7148 7149
f 6918 6917 7150
f 6917 7149 7150
f 6919 6918 7151
f 6918 7150 7151
f 6920 6919 7152
f 6919 7151 7152
f 6921 6920 7153
f 6920 7152 7153
f 6922 6921 7154
f 6921 7153 7154
f 6923 6922 7155
f 6922 7154 7155
f 6924 6923 7156
f 6923 7155 7156
f 6925 6924 7157
f 6924 7156 7157
f 6926 6925 7158
f 6925 7157 7158
f 6927 6926 7159
f 6926 7158 7159
f 6928 6927 7160
f 6927 7159 7160
f 6929 6928 7161
f 6928 7160 7161
f 6930 6929 7162
f 6929 7161 7162
f 6931 6930 7163
f 6930 7162 7163
f 6932 6931 7164
f 6931 7163 7164
f 6933 6932 7165
f 6932 7164 7165
f 6934 6933 7166
f 6933 7165 7166
f 6935 6934 7167
f 6934 7166 7167
f 6936 6803 7168
f 6803 7040 7168
f 7003 6799 7169
f 7008 7003 7169
f 6799 7046 7169
f 6941 6904 7170
f 6904 7140 7170
f 6942 6737 7171
f 6737 6969 7171
f 6715 6564 7034
f 6792 6950 7172
f 7034 6670 6996
f 6943 6755 7173
f 7027 6943 7173
f 6755 6991 7173
f 6944 6938 7174
f 6938 7023 7174
f 6806 6732 7175
f 6732 6965 7175
f 6945 6729 7176
f 6729 6962 7176
f 6754 6738 7177
f 6988 6754 7177
f 6738 6970 7177
f 6947 6801 7178
f 6801 7037 7178
f 6789 6749 7179
f 7025 6789 7179
f 6749 6797 7179
f 6948 6788 7180
f 6788 7047 7180
f 6949 6947 7181
f 6947 7178 7181
f 6950 6941 7182
f 6941 7170 7182
f 6951 6907 7183
f 6907 7142 7183
f 6724 6956 7184
f 6957 6724 7184
f 6964 7024 7185
f 7017 6785 7186
f 6785 6989 7186
f 6960 6778 7187
f 7041 6960 7187
f 6778 7014 7187
f 6974 6793 7188
f 6793 7031 7188
f 6962 6760 6990
f 6963 7027 7189
f 7031 6959 7190
f 6959 7016 7190
f 6768 7001 7191
f 6556 6909 7003
f 6715 7034 7006
f 7030 6912 7035
f 7032 6984 7192
f 6967 6772 7193
f 6772 6994 7193
f 7033 6936 7168
f 6966 7029 7194
f 6797 6741 7195
f 7179 6797 7195
f 6741 6977 7195
f 6968 6794 7196
f 6794 7032 7196
f 6969 6735 7197
f 6735 6967 7197
f 7018 6945 7198
f 6945 7176 7198
f 6961 7025 7199
f 6971 6774 7200
f 6774 7010 7200
f 6979 6963 7201
f 6963 7189 7201
f 7019 6983 7202
f 6981 7039 7203
f 6965 6768 7191
f 6751 6973 7204
f 6800 7043 7037
f 6975 6753 6971
f 6944 7174 7040
f 7020 6951 7205
f 6951 7183 7205
f 6980 6806 7175
f 6940 6910 7206
f 7013 6802 7207
f 6802 6982 7207
f 6973 6978 7208
f 6982 7012 7209
f 6987 7041 7210
f 6986 6762 7211
f 6762 6997 7211
f 7044 6906 7212
f 6906 6792 7212
f 6993 7045 7213
f 6992 6782 7214
f 6782 6979 7214
f 6781 6972 7215
f 6807 6725 7216
f 6978 6807 7216
f 6725 6957 7216
f 7046 6796 7217
f 6796 6949 7217
f 6995 6781 7215
f 6985 7145 7047
f 7140 6786 7218
f 6786 6948 7218
f 7002 6961 7219
f 6961 7199 7219
f 6955 7141 7220
f 6997 6955 7221
f 6955 7220 7221
f 6998 6777 7222
f 6777 7013 7222
f 7022 6911 7223
f 6751 7204 6999
f 7143 6905 7224
f 6905 6942 7224
f 7000 6964 7225
f 6964 7185 7225
f 7023 6937 7226
f 6937 7006 7226
f 6954 7144 7227
f 6989 7021 7228
f 7004 6728 7007
f 7005 6935 7048
f 7007 6908 7229
f 7004 7007 7229
f 6908 7143 7229
f 7048 6935 7167
f 7001 7022 7230
f 7172 6950 7182
f 7010 6747 7231
f 6747 6986 7231
f 6949 7181 7217
f 6972 7018 7232
f 7011 6779 7233
f 6779 7015 7233
f 7177 6970 7234
f 6970 7017 7234
f 6911 7004 7235
f 7223 6911 7235
f 7004 7229 7235
f 7186 6989 7236
f 6989 7228 7236
f 6940 7206 7026
f 7012 7008 7237
f 7209 7012 7237
f 7008 7169 7237
f 7014 6981 7238
f 6981 7203 7238
f 7184 6956 7239
f 6956 6992 7239
f 6994 6954 7240
f 6954 7227 7240
f 6952 6763 7241
f 6763 6998 7241
f 7015 6987 7242
f 6987 7210 7242
f 6990 6946 7243
f 6946 7011 7243
f 7016 6966 7244
f 6966 7194 7244
f 7191 7001 7245
f 7001 7230 7245
f 7192 6984 7246
f 6984 7020 7246
f 7195 6977 7247
f 6977 7019 7247
f 7202 6983 7248
f 6983 7038 7248
f 7204 6973 7249
f 6973 7208 7249
f 7207 6982 7250
f 6982 7209 7250
f 7206 6910 7044
f 7212 6792 7172
f 7215 6972 7251
f 6972 7232 7251
f 7218 6948 7180
f 7224 6942 7171
f 7185 7024 7252
f 7141 7028 7253
f 7028 6968 7253
f 7180 7047 7254
f 7189 7027 7255
f 7212 7172 7256
f 6988 7177 7257
f 7045 6988 7257
f 7177 7234 7257
f 6958 6995 7258
f 7038 6958 7258
f 6995 7215 7258
f 6962 6990 7259
f 7176 6962 7259
f 6990 7243 7259
f 7029 6980 7260
f 6980 7175 7260
f 7009 6993 7261
f 6795 6975 7262
f 7194 7029 7263
f 7029 7260 7263
f 7199 7025 7264
f 7037 7043 7265
f 7210 7041 7266
f 7041 7187 7266
f 7218 7180 7267
f 7180 7254 7267
f 7224 7171 7268
f 6975 6971 7262
f 7039 7009 7261
f 7208 6978 7216
f 7206 7044 7269
f 7178 7037 7270
f 7037 7265 7270
f 7024 6999 7271
f 7252 7024 7271
f 6999 7204 7271
f 7213 7045 7272
f 7045 7257 7272
f 7228 7021 7273
f 7021 7036 7273
f 7033 7168 7274
f 6993 7213 7261
f 7144 7139 7275
f 7140 7218 7276
f 7218 7267 7276
f 7138 7277 6900
f 7049 7048 7278
f 7048 7167 7278
f 7050 7049 7279
f 7049 7278 7279
f 7051 7050 7280
f 7050 7279 7280
f 7052 7051 7281
f 7051 7280 7281
f 7053 7052 7282
f 7052 7281 7282
f 7054 7053 7283
f 7053 7282 7283
f 7055 7054 7284
f 7054 7283 7284
f 7056 7055 7285
f 7055 7284 7285
f 7057 7056 7286
f 7056 7285 7286
f 7058 7057 7287
f 7057 7286 7287
f 7059 7058 7288
f 7058 7287 7288
f 7060 7059 7289
f 7059 7288 7289
f 7061 7060 7290
f 7060 7289 7290
f 7062 7061 7291
f 7061 7290 7291
f 7063 7062 7292
f 7062 7291 7292
f 7064 7063 7293
f 7063 7292 7293
f 7065 7064 7294
f 7064 7293 7294
f 7066 7065 7295
f 7065 7294 7295
f 7067 7066 7296
f 7066 7295 7296
f 7068 7067 7297
f 7067 7296 7297
f 7069 7068 7298
f 7068 7297 7298
f 7070 7069 7299
f 7069 7298 7299
f 7071 7070 7300
f 7070 7299 7300
f 7072 7071 7301
f 7071 7300 7301
f 7073 7072 7302
f 7072 7301 7302
f 7074 7073 7303
f 7073 7302 7303
f 7075 7074 7304
f 7074 7303 7304
f 7076 7075 7305
f 7075 7304 7305
f 7077 7076 7306
f 7076 7305 7306
f 7078 7077 7307
f 7077 7306 7307
f 7079 7078 7308
f 7078 7307 7308
f 7080 7079 7309
f 7079 7308 7309
f 7081 7080 7310
f 7080 7309 7310
f 7082 7081 7311
f 7081 7310 7311
f 7083 7082 7312
f 7082 7311 7312
f 7084 7083 7313
f 7083 7312 7313
f 7085 7084 7314
f 7084 7313 7314
f 7086 7085 7315
f 7085 7314 7315
f 7087 7086 7316
f 7086 7315 7316
f 7088 7087 7317
f 7087 7316 7317
f 7089 7088 7318
f 7088 7317 7318
f 7090 7089 7319
f 7089 7318 7319
f 7091 7090 7320
f 7090 7319 7320
f 7092 7091 7321
f 7091 7320 7321
f 7093 7092 7322
f 7092 7321 7322
f 7094 7093 7323
f 7093 7322 7323
f 7095 7094 7324
f 7094 7323 7324
f 7096 7095 7325
f 7095 7324 7325
f 7097 7096 7326
f 7096 7325 7326
f 7098 7097 7327
f 7097 7326 7327
f 7099 7098 7328
f 7098 7327 7328
f 7100 7099 7329
f 7099 7328 7329
f 7101 7100 7330
f 7100 7329 7330
f 7102 7101 7331
f 7101 7330 7331
f 7103 7102 7332
f 7102 7331 7332
f 7104 7103 7333
f 7103 7332 7333
f 7105 7104 7334
f 7104 7333 7334
f 7106 7105 7335
f 7105 7334 7335
f 7107 7106 7336
f 7106 7335 7336
f 7108 7107 7337
f 7107 7336 7337
f 7109 7108 7338
f 7108 7337 7338
f 7110 7109 7339
f 7109 7338 7339
f 7111 7110 7340
f 7110 7339 7340
f 7112 7111 7341
f 7111 7340 7341
f 7113 7112 7342
f 7112 7341 7342
f 7114 7113 7343
f 7113 7342 7343
f 7115 7114 7344
f 7114 7343 7344
f 7116 7115 7345
f 7115 7344 7345
f 7117 7116 7346
f 7116 7345 7346
f 7118 7117 7347
f 7117 7346 7347
f 7119 7118 7348
f 7118 7347 7348
f 7120 7119 7349
f 7119 7348 7349
f 7121 7120 7350
f 7120 7349 7350
f 7122 7121 7351
f 7121 7350 7351
f 7123 7122 7352
f 7122 7351 7352
f 7124 7123 7353
f 7123 7352 7353
f 7125 7124 7354
f 7124 7353 7354
f 7126 7125 7355
f 7125 7354 7355
f 7127 7126 7356
f 7126 7355 7356
f 7128 7127 7357
f 7127 7356 7357
f 7129 7128 7358
f 7128 7357 7358
f 7130 7129 7359
f 7129 7358 7359
f 7131 7130 7360
f 7130 7359 7360
f 7132 7131 7361
f 7131 7360 7361
f 7133 7132 7362
f 7132 7361 7362
f 7134 7133 7363
f 7133 7362 7363
f 7135 7134 7364
f 7134 7363 7364
f 7136 7135 7365
f 7135 7364 7365
f 7137 7136 7366
f 7136 7365 7366
f 7138 7137 7367
f 7137 7366 7367
f 7139 6795 7262
f 6996 6900 7226
f 7220 7141 7368
f 7141 7253 7368
f 7203 7039 7369
f 7039 7261 7369
f 7044 7212 7370
f 7212 7256 7370
f 7142 6952 7241
f 7143 7224 7371
f 7224 7268 7371
f 7227 7144 7372
f 7144 7275 7372
f 7026 7206 7373
f 7206 7269 7373
f 7217 7181 7374
f 7145 7033 7375
f 7033 7274 7375
f 7146 7030 7376
f 7147 7146 7377
f 7146 7376 7377
f 7148 7147 7378
f 7147 7377 7378
f 7149 7148 7379
f 7148 7378 7379
f 7150 7149 7380
f 7149 7379 7380
f 7151 7150 7381
f 7150 7380 7381
f 7152 7151 7382
f 7151 7381 7382
f 7153 7152 7383
f 7152 7382 7383
f 7154 7153 7384
f 7153 7383 7384
f 7155 7154 7385
f 7154 7384 7385
f 7156 7155 7386
f 7155 7385 7386
f 7157 7156 7387
f 7156 7386 7387
f 7158 7157 7388
f 7157 7387 7388
f 7159 7158 7389
f 7158 7388 7389
f 7160 7159 7390
f 7159 7389 7390
f 7161 7160 7391
f 7160 7390 7391
f 7162 7161 7392
f 7161 7391 7392
f 7163 7162 7393
f 7162 7392 7393
f 7164 7163 7394
f 7163 7393 7394
f 7165 7164 7395
f 7164 7394 7395
f 7166 7165 7396
f 7165 7395 7396
f 7167 7166 7397
f 7278 7167 7397
f 7166 7396 7397
f 7169 7046 7237
f 7006 7034 6996
f 7230 7022 7398
f 7022 7223 7398
f 7171 6969 7399
f 7268 7171 7399
f 6969 7197 7399
f 7232 7018 7400
f 7018 7198 7400
f 7170 7140 7401
f 7140 7276 7401
f 7047 7145 7402
f 7145 7375 7402
f 7175 6965 7403
f 7260 7175 7403
f 6965 7191 7403
f 7040 7174 7404
f 7006 6996 7226
f 7181 7178 7405
f 7178 7270 7405
f 7182 7170 7406
f 7170 7401 7406
f 7046 7217 7407
f 7217 7374 7407
f 7183 7142 7408
f 7142 7241 7408
f 7262 6971 7200
f 7139 7262 7409
f 7275 7139 7409
f 7262 7200 7409
f 6957 7184 7410
f 7203 7369 7411
f 7017 7186 7412
f 7254 7047 7402
f 7187 7014 7413
f 7266 7187 7413
f 7014 7238 7413
f 7216 6957 7410
f 7190 7016 7414
f 7016 7244 7414
f 7189 7255 7415
f 7228 7273 7416
f 7265 7043 7417
f 7043 7026 7417
f 7023 7226 7277
f 7246 7020 7418
f 7020 7205 7418
f 7214 6979 7419
f 6979 7201 7419
f 7232 7400 7420
f 7211 6997 7421
f 6997 7221 7421
f 7193 6994 7422
f 6994 7240 7422
f 7247 7019 7423
f 7019 7202 7423
f 7044 7370 7269
f 7026 7373 7417
f 7248 7038 7424
f 7038 7258 7424
f 7194 7263 7425
f 7032 7192 7426
f 7179 7195 7427
f 7025 7179 7427
f 7195 7247 7427
f 7200 7010 7428
f 7409 7200 7428
f 7010 7231 7428
f 7197 6967 7429
f 6967 7193 7429
f 7198 7176 7430
f 7176 7259 7430
f 7201 7189 7431
f 7189 7415 7431
f 7250 7209 7432
f 7210 7266 7433
f 7238 7203 7434
f 7203 7411 7434
f 7205 7183 7435
f 7183 7408 7435
f 7256 7172 7436
f 7172 7182 7436
f 7013 7207 7437
f 7188 7031 7438
f 7031 7190 7438
f 7182 7406 7436
f 7199 7264 7439
f 7271 7204 7440
f 7204 7249 7440
f 7251 7232 7441
f 7232 7420 7441
f 7042 6974 7442
f 6974 7188 7442
f 7208 7216 7410
f 6968 7196 7253
f 7046 7407 7237
f 7258 7215 7443
f 7424 7258 7443
f 7215 7251 7443
f 7255 7027 7444
f 7027 7173 7444
f 7274 7168 7445
f 7168 7040 7445
f 7261 7213 7446
f 7221 7220 7447
f 7410 7184 7448
f 7184 7239 7448
f 7369 7261 7446
f 7185 7252 7449
f 7222 7013 7437
f 7192 7246 7450
f 7236 7228 7451
f 7228 7416 7451
f 7225 7185 7452
f 7185 7449 7452
f 7181 7405 7374
f 7036 7000 7453
f 7273 7036 7453
f 7000 7225 7453
f 7229 7143 7454
f 7235 7229 7454
f 7143 7371 7454
f 7223 7235 7455
f 7235 7454 7455
f 7376 7030 7219
f 7030 7035 7219
f 7398 7223 7456
f 7223 7455 7456
f 7202 7248 7457
f 7035 7002 7219
f 7231 6986 7458
f 6986 7211 7458
f 7233 7015 7459
f 7015 7242 7459
f 7230 7398 7460
f 7173 6991 7461
f 7444 7173 7461
f 6991 7042 7461
f 7403 7191 7462
f 7191 7245 7462
f 7234 7017 7412
f 7227 7372 7463
f 7196 7032 7426
f 7412 7186 7464
f 7186 7236 7464
f 7174 7023 7465
f 7239 6992 7466
f 6992 7214 7466
f 7240 7227 7467
f 7227 7463 7467
f 7241 6998 7468
f 7408 7241 7468
f 6998 7222 7468
f 7242 7210 7469
f 7210 7433 7469
f 7209 7237 7470
f 7432 7209 7470
f 7237 7407 7470
f 7243 7011 7471
f 7011 7233 7471
f 7244 7194 7472
f 7194 7425 7472
f 7245 7230 7473
f 7230 7460 7473
f 7423 7202 7474
f 7202 7457 7474
f 7426 7192 7475
f 7192 7450 7475
f 7025 7427 7264
f 7208 7410 7476
f 7249 7208 7476
f 7410 7448 7476
f 7174 7465 7404
f 7437 7207 7477
f 7207 7250 7477
f 7447 7220 7478
f 7220 7368 7478
f 7445 7040 7404
f 7446 7213 7479
f 7213 7272 7479
f 7465 7023 7277
f 7254 7402 7480
f 7415 7255 7481
f 7265 7417 7482
f 7436 7406 7483
f 7253 7196 7484
f 7368 7253 7484
f 7196 7426 7484
f 7420 7400 7485
f 7263 7260 7486
f 7260 7403 7486
f 7138 7367 7465
f 7427 7247 7487
f 7264 7427 7487
f 7247 7423 7487
f 7425 7263 7488
f 7263 7486 7488
f 7405 7270 7489
f 7433 7266 7490
f 7266 7413 7490
f 7259 7243 7491
f 7430 7259 7491
f 7243 7471 7491
f 7252 7271 7492
f 7271 7440 7492
f 7267 7254 7493
f 7254 7480 7493
f 7199 7439 7494
f 7257 7234 7495
f 7272 7257 7495
f 7234 7412 7495
f 7400 7198 7496
f 7485 7400 7496
f 7198 7430 7496
f 7270 7265 7497
f 7265 7482 7497
f 7439 7264 7498
f 7264 7487 7498
f 7276 7267 7499
f 7267 7493 7499
f 7269 7370 7500
f 7199 7494 7219
f 7465 7367 7404
f 7494 7439 7501
f 7219 7494 7376
f 7256 7436 7502
f 7436 7483 7502
f 7226 6900 7277
f 7411 7369 7503
f 7369 7446 7503
f 7279 7278 7504
f 7278 7397 7504
f 7280 7279 7505
f 7279 7504 7505
f 7281 7280 7506
f 7280 7505 7506
f 7282 7281 7507
f 7281 7506 7507
f 7283 7282 7508
f 7282 7507 7508
f 7284 7283 7509
f 7283 7508 7509
f 7285 7284 7510
f 7284 7509 7510
f 7286 7285 7511
f 7285 7510 7511
f 7287 7286 7512
f 7286 7511 7512
f 7288 7287 7513
f 7287 7512 7513
f 7289 7288 7514
f 7288 7513 7514
f 7290 7289 7515
f 7289 7514 7515
f 7291 7290 7516
f 7290 7515 7516
f 7292 7291 7517
f 7291 7516 7517
f 7293 7292 7518
f 7292 7517 7518
f 7294 7293 7519
f 7293 7518 7519
f 7295 7294 7520
f 7294 7519 7520
f 7296 7295 7521
f 7295 7520 7521
f 7297 7296 7522
f 7296 7521 7522
f 7298 7297 7523
f 7297 7522 7523
f 7299 7298 7524
f 7298 7523 7524
f 7300 7299 7525
f 7299 7524 7525
f 7301 7300 7526
f 7300 7525 7526
f 7302 7301 7527
f 7301 7526 7527
f 7303 7302 7528
f 7302 7527 7528
f 7304 7303 7529
f 7303 7528 7529
f 7305 7304 7530
f 7304 7529 7530
f 7306 7305 7531
f 7305 7530 7531
f 7307 7306 7532
f 7306 7531 7532
f 7308 7307 7533
f 7307 7532 7533
f 7309 7308 7534
f 7308 7533 7534
f 7310 7309 7535
f 7309 7534 7535
f 7311 7310 7536
f 7310 7535 7536
f 7312 7311 7537
f 7311 7536 7537
f 7313 7312 7538
f 7312 7537 7538
f 7314 7313 7539
f 7313 7538 7539
f 7315 7314 7540
f 7314 7539 7540
f 7316 7315 7541
f 7315 7540 7541
f 7317 7316 7542
f 7316 7541 7542
f 7318 7317 7543
f 7317 7542 7543
f 7319 7318 7544
f 7318 7543 7544
f 7320 7319 7545
f 7319 7544 7545
f 7321 7320 7546
f 7320 7545 7546
f 7322 7321 7547
f 7321 7546 7547
f 7323 7322 7548
f 7322 7547 7548
f 7324 7323 7549
f 7323 7548 7549
f 7325 7324 7550
f 7324 7549 7550
f 7326 7325 7551
f 7325 7550 7551
f 7327 7326 7552
f 7326 7551 7552
f 7328 7327 7553
f 7327 7552 7553
f 7329 7328 7554
f 7328 7553 7554
f 7330 7329 7555
f 7329 7554 7555
f 7331 7330 7556
f 7330 7555 7556
f 7332 7331 7557
f 7331 7556 7557
f 7333 7332 7558
f 7332 7557 7558
f 7334 7333 7559
f 7333 7558 7559
f 7335 7334 7560
f 7334 7559 7560
f 7336 7335 7561
f 7335 7560 7561
f 7337 7336 7562
f 7336 7561 7562
f 7338 7337 7563
f 7337 7562 7563
f 7339 7338 7564
f 7338 7563 7564
f 7340 7339 7565
f 7339 7564 7565
f 7341 7340 7566
f 7340 7565 7566
f 7342 7341 7567
f 7341 7566 7567
f 7343 7342 7568
f 7342 7567 7568
f 7344 7343 7569
f 7343 7568 7569
f 7345 7344 7570
f 7344 7569 7570
f 7346 7345 7571
f 7345 7570 7571
f 7347 7346 7572
f 7346 7571 7572
f 7348 7347 7573
f 7347 7572 7573
f 7349 7348 7574
f 7348 7573 7574
f 7350 7349 7575
f 7349 7574 7575
f 7351 7350 7576
f 7350 7575 7576
f 7352 7351 7577
f 7351 7576 7577
f 7353 7352 7578
f 7352 7577 7578
f 7354 7353 7579
f 7353 7578 7579
f 7355 7354 7580
f 7354 7579 7580
f 7356 7355 7581
f 7355 7580 7581
f 7357 7356 7582
f 7356 7581 7582
f 7358 7357 7583
f 7357 7582 7583
f 7359 7358 7584
f 7358 7583 7584
f 7360 7359 7585
f 7359 7584 7585
f 7361 7360 7586
f 7360 7585 7586
f 7362 7361 7587
f 7361 7586 7587
f 7363 7362 7588
f 7362 7587 7588
f 7364 7363 7589
f 7363 7588 7589
f 7365 7364 7590
f 7364 7589 7590
f 7366 7365 7591
f 7365 7590 7591
f 7367 7366 7592
f 7404 7367 7592
f 7366 7591 7592
f 7377 7376 7494
f 7449 7252 7593
f 7252 7492 7593
f 7370 7256 7594
f 7256 7502 7594
f 7450 7246 7595
f 7246 7418 7595
f 7375 7274 7596
f 7371 7268 7597
f 7372 7275 7598
f 7373 7269 7599
f 7269 7500 7599
f 7445 7404 7600
f 7404 7592 7600
f 7377 7494 7501
f 7378 7377 7501
f 7379 7378 7601
f 7378 7501 7601
f 7380 7379 7602
f 7379 7601 7602
f 7381 7380 7603
f 7380 7602 7603
f 7382 7381 7604
f 7381 7603 7604
f 7383 7382 7605
f 7382 7604 7605
f 7384 7383 7606
f 7383 7605 7606
f 7385 7384 7607
f 7384 7606 7607
f 7386 7385 7608
f 7385 7607 7608
f 7387 7386 7609
f 7386 7608 7609
f 7388 7387 7610
f 7387 7609 7610
f 7389 7388 7611
f 7388 7610 7611
f 7390 7389 7612
f 7389 7611 7612
f 7391 7390 7613
f 7390 7612 7613
f 7392 7391 7614
f 7391 7613 7614
f 7393 7392 7615
f 7392 7614 7615
f 7394 7393 7616
f 7393 7615 7616
f 7395 7394 7617
f 7394 7616 7617
f 7396 7395 7618
f 7395 7617 7618
f 7374 7405 7619
f 7405 7489 7619
f 7457 7248 7620
f 7248 7424 7620
f 7274 7445 7621
f 7596 7274 7621
f 7445 7600 7621
f 7460 7398 7622
f 7398 7456 7622
f 7401 7276 7623
f 7276 7499 7623
f 7402 7375 7624
f 7375 7596 7624
f 7463 7372 7625
f 7372 7598 7625
f 7406 7401 7626
f 7401 7623 7626
f 7407 7374 7627
f 7470 7407 7627
f 7374 7619 7627
f 7416 7273 7628
f 7273 7453 7628
f 7415 7481 7629
f 7413 7238 7630
f 7238 7434 7630
f 7414 7244 7631
f 7244 7472 7631
f 7411 7503 7632
f 7463 7625 7633
f 7486 7403 7462
f 7419 7201 7634
f 7201 7431 7634
f 7457 7620 7635
f 7422 7240 7636
f 7240 7467 7636
f 7501 7439 7637
f 7439 7498 7637
f 7475 7450 7638
f 7402 7624 7480
f 7487 7423 7639
f 7498 7487 7639
f 7423 7474 7639
f 7270 7497 7489
f 7462 7245 7640
f 7245 7473 7640
f 7433 7490 7641
f 7484 7426 7642
f 7426 7475 7642
f 7434 7411 7643
f 7411 7632 7643
f 7477 7250 7644
f 7250 7432 7644
f 7431 7415 7645
f 7415 7629 7645
f 7495 7412 7646
f 7412 7464 7646
f 7275 7409 7647
f 7409 7428 7647
f 7471 7233 7648
f 7233 7459 7648
f 7483 7406 7626
f 7416 7628 7649
f 7432 7470 7650
f 7470 7627 7650
f 7449 7593 7651
f 7435 7408 7652
f 7408 7468 7652
f 7272 7495 7653
f 7479 7272 7653
f 7495 7646 7653
f 7429 7193 7654
f 7193 7422 7654
f 7478 7368 7655
f 7368 7484 7655
f 7417 7373 7656
f 7440 7249 7657
f 7249 7476 7657
f 7447 7478 7658
f 7460 7622 7659
f 7441 7420 7660
f 7442 7188 7661
f 7188 7438 7661
f 7500 7370 7594
f 7448 7239 7662
f 7239 7466 7662
f 7443 7251 7663
f 7251 7441 7663
f 7482 7417 7656
f 7428 7231 7664
f 7647 7428 7664
f 7231 7458 7664
f 7454 7371 7665
f 7455 7454 7665
f 7371 7597 7665
f 7660 7420 7666
f 7420 7485 7666
f 7481 7255 7667
f 7255 7444 7667
f 7221 7447 7668
f 7042 7442 7461
f 7451 7416 7669
f 7416 7649 7669
f 7503 7446 7670
f 7446 7479 7670
f 7598 7275 7647
f 7597 7268 7671
f 7268 7399 7671
f 7425 7488 7672
f 7222 7437 7673
f 7452 7449 7674
f 7449 7651 7674
f 7458 7211 7675
f 7211 7421 7675
f 7373 7599 7656
f 7453 7225 7676
f 7225 7452 7676
f 7397 7396 7504
f 7456 7455 7677
f 7455 7665 7677
f 7399 7197 7678
f 7671 7399 7678
f 7197 7429 7678
f 7459 7242 7679
f 7242 7469 7679
f 7466 7214 7680
f 7214 7419 7680
f 7438 7190 7681
f 7190 7414 7681
f 7421 7221 7668
f 7464 7236 7682
f 7236 7451 7682
f 7418 7205 7683
f 7205 7435 7683
f 7469 7433 7684
f 7433 7641 7684
f 7467 7463 7685
f 7463 7633 7685
f 7468 7222 7673
f 7472 7425 7686
f 7425 7672 7686
f 7473 7460 7687
f 7460 7659 7687
f 7474 7457 7688
f 7457 7635 7688
f 7504 7396 7618
f 7638 7450 7689
f 7450 7595 7689
f 7644 7432 7650
f 7668 7447 7690
f 7447 7658 7690
f 7673 7437 7691
f 7437 7477 7691
f 7489 7497 7692
f 7632 7503 7693
f 7503 7670 7693
f 7277 7138 7465
f 7468 7673 7652
f 7486 7462 7694
f 7462 7640 7694
f 7635 7620 7695
f 7656 7599 7696
f 7480 7624 7697
f 7490 7413 7630
f 7641 7490 7698
f 7490 7630 7698
f 7476 7448 7699
f 7657 7476 7699
f 7448 7662 7699
f 7492 7440 7700
f 7440 7657 7700
f 7493 7480 7701
f 7480 7697 7701
f 7598 7647 7702
f 7647 7664 7702
f 7651 7593 7703
f 7482 7656 7704
f 7656 7696 7704
f 7500 7594 7705
f 7658 7478 7706
f 7478 7655 7706
f 7499 7493 7707
f 7493 7701 7707
f 7483 7626 7708
f 7502 7483 7709
f 7483 7708 7709
f 7599 7500 7710
f 7500 7705 7710
f 7461 7442 7711
f 7444 7461 7711
f 7442 7661 7711
f 7506 7505 7712
f 7507 7506 7713
f 7506 7712 7713
f 7508 7507 7714
f 7507 7713 7714
f 7509 7508 7715
f 7508 7714 7715
f 7510 7509 7716
f 7509 7715 7716
f 7511 7510 7717
f 7510 7716 7717
f 7512 7511 7718
f 7511 7717 7718
f 7513 7512 7719
f 7512 7718 7719
f 7514 7513 7720
f 7513 7719 7720
f 7515 7514 7721
f 7514 7720 7721
f 7516 7515 7722
f 7515 7721 7722
f 7517 7516 7723
f 7516 7722 7723
f 7518 7517 7724
f 7517 7723 7724
f 7519 7518 7725
f 7518 7724 7725
f 7520 7519 7726
f 7519 7725 7726
f 7521 7520 7727
f 7520 7726 7727
f 7522 7521 7728
f 7521 7727 7728
f 7523 7522 7729
f 7522 7728 7729
f 7524 7523 7730
f 7523 7729 7730
f 7525 7524 7731
f 7524 7730 7731
f 7526 7525 7732
f 7525 7731 7732
f 7527 7526 7733
f 7526 7732 7733
f 7528 7527 7734
f 7527 7733 7734
f 7529 7528 7735
f 7528 7734 7735
f 7530 7529 7736
f 7529 7735 7736
f 7531 7530 7737
f 7530 7736 7737
f 7532 7531 7738
f 7531 7737 7738
f 7533 7532 7739
f 7532 7738 7739
f 7534 7533 7740
f 7533 7739 7740
f 7535 7534 7741
f 7534 7740 7741
f 7536 7535 7742
f 7535 7741 7742
f 7537 7536 7743
f 7536 7742 7743
f 7538 7537 7744
f 7537 7743 7744
f 7539 7538 7745
f 7538 7744 7745
f 7540 7539 7746
f 7539 7745 7746
f 7541 7540 7747
f 7540 7746 7747
f 7542 7541 7748
f 7541 7747 7748
f 7543 7542 7749
f 7542 7748 7749
f 7544 7543 7750
f 7543 7749 7750
f 7545 7544 7751
f 7544 7750 7751
f 7546 7545 7752
f 7545 7751 7752
f 7547 7546 7753
f 7546 7752 7753
f 7548 7547 7754
f 7547 7753 7754
f 7549 7548 7755
f 7548 7754 7755
f 7550 7549 7756
f 7549 7755 7756
f 7551 7550 7757
f 7550 7756 7757
f 7552 7551 7758
f 7551 7757 7758
f 7553 7552 7759
f 7552 7758 7759
f 7554 7553 7760
f 7553 7759 7760
f 7555 7554 7761
f 7554 7760 7761
f 7556 7555 7762
f 7555 7761 7762
f 7557 7556 7763
f 7556 7762 7763
f 7558 7557 7764
f 7557 7763 7764
f 7559 7558 7765
f 7558 7764 7765
f 7560 7559 7766
f 7559 7765 7766
f 7561 7560 7767
f 7560 7766 7767
f 7562 7561 7768
f 7561 7767 7768
f 7563 7562 7769
f 7562 7768 7769
f 7564 7563 7770
f 7563 7769 7770
f 7565 7564 7771
f 7564 7770 7771
f 7566 7565 7772
f 7565 7771 7772
f 7567 7566 7773
f 7566 7772 7773
f 7568 7567 7774
f 7567 7773 7774
f 7569 7568 7775
f 7568 7774 7775
f 7570 7569 7776
f 7569 7775 7776
f 7571 7570 7777
f 7570 7776 7777
f 7572 7571 7778
f 7571 7777 7778
f 7573 7572 7779
f 7572 7778 7779
f 7574 7573 7780
f 7573 7779 7780
f 7575 7574 7781
f 7574 7780 7781
f 7576 7575 7782
f 7575 7781 7782
f 7577 7576 7783
f 7576 7782 7783
f 7578 7577 7784
f 7577 7783 7784
f 7579 7578 7785
f 7578 7784 7785
f 7580 7579 7786
f 7579 7785 7786
f 7581 7580 7787
f 7580 7786 7787
f 7582 7581 7788
f 7581 7787 7788
f 7583 7582 7789
f 7582 7788 7789
f 7584 7583 7790
f 7583 7789 7790
f 7585 7584 7791
f 7584 7790 7791
f 7586 7585 7792
f 7585 7791 7792
f 7587 7586 7793
f 7586 7792 7793
f 7588 7587 7794
f 7587 7793 7794
f 7589 7588 7795
f 7588 7794 7795
f 7590 7589 7796
f 7589 7795 7796
f 7591 7590 7797
f 7590 7796 7797
f 7592 7591 7798
f 7600 7592 7798
f 7591 7797 7798
f 7593 7492 7799
f 7703 7593 7799
f 7492 7700 7799
f 7497 7482 7800
f 7482 7704 7800
f 7594 7502 7801
f 7502 7709 7801
f 7595 7418 7802
f 7418 7683 7802
f 7622 7456 7803
f 7456 7677 7803
f 7424 7443 7804
f 7620 7424 7804
f 7443 7663 7804
f 7659 7622 7805
f 7622 7803 7805
f 7644 7650 7806
f 7601 7501 7637
f 7602 7601 7807
f 7603 7602 7808
f 7602 7807 7808
f 7604 7603 7809
f 7603 7808 7809
f 7605 7604 7810
f 7604 7809 7810
f 7606 7605 7811
f 7605 7810 7811
f 7607 7606 7812
f 7606 7811 7812
f 7608 7607 7813
f 7607 7812 7813
f 7609 7608 7814
f 7608 7813 7814
f 7610 7609 7815
f 7609 7814 7815
f 7611 7610 7816
f 7610 7815 7816
f 7612 7611 7817
f 7611 7816 7817
f 7613 7612 7818
f 7612 7817 7818
f 7614 7613 7819
f 7613 7818 7819
f 7615 7614 7820
f 7614 7819 7820
f 7616 7615 7821
f 7615 7820 7821
f 7617 7616 7822
f 7616 7821 7822
f 7618 7617 7823
f 7617 7822 7823
f 7619 7489 7824
f 7489 7692 7824
f 7488 7486 7694
f 7633 7625 7825
f 7623 7499 7826
f 7499 7707 7826
f 7477 7644 7827
f 7691 7477 7827
f 7644 7806 7827
f 7625 7598 7828
f 7825 7625 7828
f 7598 7702 7828
f 7626 7623 7829
f 7623 7826 7829
f 7629 7481 7830
f 7628 7453 7676
f 7632 7693 7831
f 7641 7698 7832
f 7631 7472 7833
f 7472 7686 7833
f 7596 7621 7834
f 7475 7638 7835
f 7689 7595 7836
f 7595 7802 7836
f 7421 7668 7837
f 7651 7703 7838
f 7695 7620 7804
f 7634 7431 7839
f 7431 7645 7839
f 7444 7711 7667
f 7626 7829 7708
f 7637 7498 7840
f 7498 7639 7840
f 7639 7474 7841
f 7474 7688 7841
f 7633 7825 7842
f 7640 7473 7843
f 7473 7687 7843
f 7635 7695 7844
f 7484 7642 7655
f 7597 7671 7845
f 7643 7632 7846
f 7632 7831 7846
f 7690 7658 7847
f 7645 7629 7848
f 7491 7471 7849
f 7471 7648 7849
f 7646 7464 7850
f 7464 7682 7850
f 7665 7597 7851
f 7648 7459 7852
f 7459 7679 7852
f 7650 7627 7853
f 7806 7650 7853
f 7627 7619 7853
f 7649 7628 7854
f 7594 7801 7705
f 7661 7438 7855
f 7438 7681 7855
f 7597 7845 7851
f 7642 7475 7835
f 7599 7710 7696
f 7485 7496 7856
f 7441 7660 7857
f 7421 7837 7675
f 7662 7466 7858
f 7466 7680 7858
f 7663 7441 7857
f 7664 7458 7859
f 7702 7664 7859
f 7458 7675 7859
f 7674 7651 7860
f 7651 7838 7860
f 7618 7823 7712
f 7654 7422 7861
f 7422 7636 7861
f 7669 7649 7862
f 7638 7689 7863
f 7670 7479 7864
f 7479 7653 7864
f 7497 7800 7692
f 7430 7491 7865
f 7496 7430 7865
f 7491 7849 7865
f 7505 7504 7618
f 7679 7469 7866
f 7469 7684 7866
f 7835 7638 7867
f 7638 7863 7867
f 7672 7488 7868
f 7652 7673 7869
f 7673 7691 7869
f 7660 7666 7870
f 7676 7452 7871
f 7452 7674 7871
f 7854 7628 7676
f 7601 7637 7807
f 7636 7467 7872
f 7467 7685 7872
f 7619 7824 7853
f 7677 7665 7851
f 7678 7429 7873
f 7429 7654 7873
f 7621 7600 7874
f 7834 7621 7874
f 7600 7798 7874
f 7680 7419 7875
f 7419 7634 7875
f 7624 7596 7876
f 7681 7414 7877
f 7414 7631 7877
f 7830 7481 7878
f 7481 7667 7878
f 7488 7694 7868
f 7666 7485 7879
f 7485 7856 7879
f 7624 7876 7697
f 7682 7451 7880
f 7451 7669 7880
f 7684 7641 7881
f 7641 7832 7881
f 7630 7434 7882
f 7698 7630 7882
f 7434 7643 7882
f 7685 7633 7883
f 7633 7842 7883
f 7659 7805 7884
f 7848 7629 7885
f 7629 7830 7885
f 7686 7672 7886
f 7687 7659 7887
f 7659 7884 7887
f 7688 7635 7888
f 7635 7844 7888
f 7837 7668 7889
f 7668 7690 7889
f 7847 7658 7890
f 7658 7706 7890
f 7505 7618 7712
f 7857 7660 7891
f 7660 7870 7891
f 7862 7649 7892
f 7649 7854 7892
f 7876 7596 7834
f 7886 7672 7893
f 7672 7868 7893
f 7692 7800 7894
f 7696 7710 7895
f 7709 7708 7896
f 7694 7640 7897
f 7868 7694 7897
f 7640 7843 7897
f 7693 7670 7898
f 7670 7864 7898
f 7842 7825 7899
f 7844 7695 7900
f 7655 7642 7901
f 7706 7655 7901
f 7642 7835 7901
f 7845 7671 7902
f 7671 7678 7902
f 7704 7696 7903
f 7696 7895 7903
f 7701 7697 7904
f 7705 7801 7905
f 7800 7704 7906
f 7704 7903 7906
f 7435 7652 7907
f 7653 7646 7908
f 7864 7653 7908
f 7646 7850 7908
f 7700 7657 7909
f 7657 7699 7909
f 7856 7496 7865
f 7707 7701 7910
f 7701 7904 7910
f 7851 7845 7911
f 7863 7689 7912
f 7689 7836 7912
f 7710 7705 7913
f 7705 7905 7913
f 7711 7661 7914
f 7667 7711 7914
f 7661 7855 7914
f 7713 7712 7915
f 7712 7823 7915
f 7714 7713 7916
f 7713 7915 7916
f 7715 7714 7917
f 7714 7916 7917
f 7716 7715 7918
f 7715 7917 7918
f 7717 7716 7919
f 7716 7918 7919
f 7718 7717 7920
f 7717 7919 7920
f 7719 7718 7921
f 7718 7920 7921
f 7720 7719 7922
f 7719 7921 7922
f 7721 7720 7923
f 7720 7922 7923
f 7722 7721 7924
f 7721 7923 7924
f 7723 7722 7925
f 7722 7924 7925
f 7724 7723 7926
f 7723 7925 7926
f 7725 7724 7927
f 7724 7926 7927
f 7726 7725 7928
f 7725 7927 7928
f 7727 7726 7929
f 7726 7928 7929
f 7728 7727 7930
f 7727 7929 7930
f 7729 7728 7931
f 7728 7930 7931
f 7730 7729 7932
f 7729 7931 7932
f 7731 7730 7933
f 7730 7932 7933
f 7732 7731 7934
f 7731 7933 7934
f 7733 7732 7935
f 7732 7934 7935
f 7734 7733 7936
f 7733 7935 7936
f 7735 7734 7937
f 7734 7936 7937
f 7736 7735 7938
f 7735 7937 7938
f 7737 7736 7939
f 7736 7938 7939
f 7738 7737 7940
f 7737 7939 7940
f 7739 7738 7941
f 7738 7940 7941
f 7740 7739 7942
f 7739 7941 7942
f 7741 7740 7943
f 7740 7942 7943
f 7742 7741 7944
f 7741 7943 7944
f 7743 7742 7945
f 7742 7944 7945
f 7744 7743 7946
f 7743 7945 7946
f 7745 7744 7947
f 7744 7946 7947
f 7746 7745 7948
f 7745 7947 7948
f 7747 7746 7949
f 7746 7948 7949
f 7748 7747 7950
f 7747 7949 7950
f 7749 7748 7951
f 7748 7950 7951
f 7750 7749 7952
f 7749 7951 7952
f 7751 7750 7953
f 7750 7952 7953
f 7752 7751 7954
f 7751 7953 7954
f 7753 7752 7955
f 7752 7954 7955
f 7754 7753 7956
f 7753 7955 7956
f 7755 7754 7957
f 7754 7956 7957
f 7756 7755 7958
f 7755 7957 7958
f 7757 7756 7959
f 7756 7958 7959
f 7758 7757 7960
f 7757 7959 7960
f 7759 7758 7961
f 7758 7960 7961
f 7760 7759 7962
f 7759 7961 7962
f 7761 7760 7963
f 7760 7962 7963
f 7762 7761 7964
f 7761 7963 7964
f 7763 7762 7965
f 7762 7964 7965
f 7764 7763 7966
f 7763 7965 7966
f 7765 7764 7967
f 7764 7966 7967
f 7766 7765 7968
f 7765 7967 7968
f 7767 7766 7969
f 7766 7968 7969
f 7768 7767 7970
f 7767 7969 7970
f 7769 7768 7971
f 7768 7970 7971
f 7770 7769 7972
f 7769 7971 7972
f 7771 7770 7973
f 7770 7972 7973
f 7772 7771 7974
f 7771 7973 7974
f 7773 7772 7975
f 7772 7974 7975
f 7774 7773 7976
f 7773 7975 7976
f 7775 7774 7977
f 7774 7976 7977
f 7776 7775 7978
f 7775 7977 7978
f 7777 7776 7979
f 7776 7978 7979
f 7778 7777 7980
f 7777 7979 7980
f 7779 7778 7981
f 7778 7980 7981
f 7780 7779 7982
f 7779 7981 7982
f 7781 7780 7983
f 7780 7982 7983
f 7782 7781 7984
f 7781 7983 7984
f 7783 7782 7985
f 7782 7984 7985
f 7784 7783 7986
f 7783 7985 7986
f 7785 7784 7987
f 7784 7986 7987
f 7786 7785 7988
f 7785 7987 7988
f 7787 7786 7989
f 7786 7988 7989
f 7788 7787 7990
f 7787 7989 7990
f 7789 7788 7991
f 7788 7990 7991
f 7790 7789 7992
f 7789 7991 7992
f 7791 7790 7993
f 7790 7992 7993
f 7792 7791 7994
f 7791 7993 7994
f 7793 7792 7995
f 7792 7994 7995
f 7794 7793 7996
f 7793 7995 7996
f 7795 7794 7997
f 7794 7996 7997
f 7796 7795 7998
f 7795 7997 7998
f 7797 7796 7999
f 7796 7998 7999
f 7798 7797 7874
f 7801 7709 8000
f 7709 7896 8000
f 7854 7676 7871
f 7803 7677 8001
f 7677 7851 8001
f 7804 7663 8002
f 7695 7804 8002
f 7663 7857 8002
f 7870 7666 8003
f 7666 7879 8003
f 7808 7807 8004
f 7435 7907 7683
f 7907 7652 7869
f 7809 7808 8005
f 7808 8004 8005
f 7810 7809 8006
f 7809 8005 8006
f 7811 7810 8007
f 7810 8006 8007
f 7812 7811 8008
f 7811 8007 8008
f 7813 7812 8009
f 7812 8008 8009
f 7814 7813 8010
f 7813 8009 8010
f 7815 7814 8011
f 7814 8010 8011
f 7816 7815 8012
f 7815 8011 8012
f 7817 7816 8013
f 7816 8012 8013
f 7818 7817 8014
f 7817 8013 8014
f 7819 7818 8015
f 7818 8014 8015
f 7820 7819 8016
f 7819 8015 8016
f 7821 7820 8017
f 7820 8016 8017
f 7822 7821 8018
f 7821 8017 8018
f 7823 7822 8019
f 7915 7823 8019
f 7822 8018 8019
f 7824 7692 8020
f 7692 7894 8020
f 7826 7707 8021
f 7707 7910 8021
f 7805 7803 8022
f 7803 8001 8022
f 7829 7826 8023
f 7826 8021 8023
f 7832 7698 8024
f 7698 7882 8024
f 7876 7834 8025
f 7884 7805 8026
f 7805 8022 8026
f 7807 7637 8027
f 8004 7807 8027
f 7637 7840 8027
f 7831 7693 8028
f 7693 7898 8028
f 7838 7703 8029
f 7851 7911 8001
f 7875 7634 8030
f 7634 7839 8030
f 7710 7913 7895
f 7890 7706 8031
f 7706 7901 8031
f 7891 7870 8032
f 7900 7695 8002
f 7839 7645 8033
f 7645 7848 8033
f 7846 7831 8034
f 7843 7687 8035
f 7687 7887 8035
f 7669 7862 8036
f 7840 7639 7841
f 7841 7688 8037
f 7688 7888 8037
f 7899 7825 8038
f 7825 7828 8038
f 7856 7865 8039
f 7865 7849 8039
f 7844 7900 8040
f 7883 7842 8041
f 7838 8029 8042
f 7699 7662 8043
f 7909 7699 8043
f 7662 7858 8043
f 7905 7801 8000
f 7862 7892 8044
f 7678 7873 7902
f 7837 7889 8045
f 7901 7835 8046
f 8031 7901 8046
f 7835 7867 8046
f 7896 7708 8047
f 7708 7829 8047
f 7850 7682 8048
f 7682 7880 8048
f 7667 7914 7878
f 7860 7838 8049
f 7838 8042 8049
f 7800 7906 7894
f 7847 7890 8050
f 7855 7681 8051
f 7681 7877 8051
f 7830 7878 8052
f 7690 7847 8053
f 7892 7854 8054
f 7854 7871 8054
f 7911 7845 8055
f 7845 7902 8055
f 7863 7912 8056
f 7675 7837 8057
f 7858 7680 8058
f 7680 7875 8058
f 7859 7675 8057
f 7861 7636 8059
f 7636 7872 8059
f 7828 7702 8060
f 8038 7828 8060
f 7702 7859 8060
f 7832 8024 8061
f 7871 7674 8062
f 8054 7871 8062
f 7674 7860 8062
f 7866 7684 8063
f 7684 7881 8063
f 7836 7802 8064
f 7867 7863 8065
f 7863 8056 8065
f 7802 7683 8066
f 7886 7893 8067
f 7691 7827 8068
f 8002 7857 8069
f 7900 8002 8069
f 7857 7891 8069
f 7829 8023 8047
f 7837 8045 8057
f 7869 7691 8068
f 7799 7700 8070
f 7700 7909 8070
f 7683 7907 8066
f 7834 7874 7999
f 7853 7824 8071
f 7697 7876 8072
f 7872 7685 8073
f 7685 7883 8073
f 7873 7654 8074
f 7654 7861 8074
f 7877 7631 8075
f 7631 7833 8075
f 7852 7679 8076
f 7679 7866 8076
f 7686 7886 8077
f 7893 7868 8078
f 7868 7897 8078
f 7827 7806 8079
f 7833 7686 8077
f 8025 7834 7999
f 7849 7648 8080
f 8039 7849 8080
f 7648 7852 8080
f 7879 7856 8081
f 7856 8039 8081
f 7887 7884 8082
f 7880 7669 8036
f 7881 7832 8083
f 7832 8061 8083
f 7907 7869 8084
f 8066 7907 8084
f 7869 8068 8084
f 7882 7643 8085
f 8024 7882 8085
f 7643 7846 8085
f 7885 7830 8086
f 7830 8052 8086
f 8041 7842 8087
f 7842 7899 8087
f 7848 7885 8088
f 7888 7844 8089
f 7844 8040 8089
f 7889 7690 8053
f 7806 7853 8071
f 8032 7870 8090
f 7870 8003 8090
f 8033 7848 8091
f 7848 8088 8091
f 8034 7831 8092
f 7831 8028 8092
f 8036 7862 8093
f 7862 8044 8093
f 8053 7847 8094
f 7847 8050 8094
f 7802 8066 8064
f 7806 8071 8079
f 8072 7876 8025
f 8071 7824 8020
f 7697 8072 7904
f 8077 7886 8095
f 7886 8067 8095
f 8082 7884 8096
f 7884 8026 8096
f 8071 8020 8097
f 7896 8047 8098
f 7827 8079 8068
f 7878 7914 8099
f 8052 7878 8099
f 7914 7855 8099
f 8003 7879 8100
f 7879 8081 8100
f 7840 7841 8101
f 8027 7840 8101
f 7841 8037 8101
f 8061 8024 8102
f 8024 8085 8102
f 8040 7900 8103
f 7900 8069 8103
f 7894 7906 8104
f 8044 7892 8105
f 7892 8054 8105
f 7903 7895 8106
f 7902 7873 8107
f 7873 8074 8107
f 8045 7889 8108
f 7889 8053 8108
f 8050 7890 8109
f 7890 8031 8109
f 8005 8004 8110
f 7797 7999 7874
f 7912 7836 8111
f 7836 8064 8111
f 7897 7843 8112
f 8078 7897 8112
f 7843 8035 8112
f 7910 7904 8113
f 8056 7912 8114
f 7912 8111 8114
f 8067 7893 8115
f 7893 8078 8115
f 7859 8057 8060
f 7913 7905 8116
f 7916 7915 8117
f 7915 8019 8117
f 8020 7894 8118
f 7894 8104 8118
f 7895 7913 8119
f 7913 8116 8119
f 8079 8071 8097
f 7703 7799 8120
f 7917 7916 8121
f 7916 8117 8121
f 7918 7917 8122
f 7917 8121 8122
f 7919 7918 8123
f 7918 8122 8123
f 7920 7919 8124
f 7919 8123 8124
f 7921 7920 8125
f 7920 8124 8125
f 7922 7921 8126
f 7921 8125 8126
f 7923 7922 8127
f 7922 8126 8127
f 7924 7923 8128
f 7923 8127 8128
f 7925 7924 8129
f 7924 8128 8129
f 7926 7925 8130
f 7925 8129 8130
f 7927 7926 8131
f 7926 8130 8131
f 7928 7927 8132
f 7927 8131 8132
f 7929 7928 8133
f 7928 8132 8133
f 7930 7929 8134
f 7929 8133 8134
f 7931 7930 8135
f 7930 8134 8135
f 7932 7931 8136
f 7931 8135 8136
f 7933 7932 8137
f 7932 8136 8137
f 7934 7933 8138
f 7933 8137 8138
f 7935 7934 8139
f 7934 8138 8139
f 7936 7935 8140
f 7935 8139 8140
f 7937 7936 8141
f 7936 8140 8141
f 7938 7937 8142
f 7937 8141 8142
f 7939 7938 8143
f 7938 8142 8143
f 7940 7939 8144
f 7939 8143 8144
f 7941 7940 8145
f 7940 8144 8145
f 7942 7941 8146
f 7941 8145 8146
f 7943 7942 8147
f 7942 8146 8147
f 7944 7943 8148
f 7943 8147 8148
f 7945 7944 8149
f 7944 8148 8149
f 7946 7945 8150
f 7945 8149 8150
f 7947 7946 8151
f 7946 8150 8151
f 7948 7947 8152
f 7947 8151 8152
f 7949 7948 8153
f 7948 8152 8153
f 7950 7949 8154
f 7949 8153 8154
f 7951 7950 8155
f 7950 8154 8155
f 7952 7951 8156
f 7951 8155 8156
f 7953 7952 8157
f 7952 8156 8157
f 7954 7953 8158
f 7953 8157 8158
f 7955 7954 8159
f 7954 8158 8159
f 7956 7955 8160
f 7955 8159 8160
f 7957 7956 8161
f 7956 8160 8161
f 7958 7957 8162
f 7957 8161 8162
f 7959 7958 8163
f 7958 8162 8163
f 7960 7959 8164
f 7959 8163 8164
f 7961 7960 8165
f 7960 8164 8165
f 7962 7961 8166
f 7961 8165 8166
f 7963 7962 8167
f 7962 8166 8167
f 7964 7963 8168
f 7963 8167 8168
f 7965 7964 8169
f 7964 8168 8169
f 7966 7965 8170
f 7965 8169 8170
f 7967 7966 8171
f 7966 8170 8171
f 7968 7967 8172
f 7967 8171 8172
f 7969 7968 8173
f 7968 8172 8173
f 7970 7969 8174
f 7969 8173 8174
f 7971 7970 8175
f 7970 8174 8175
f 7972 7971 8176
f 7971 8175 8176
f 7973 7972 8177
f 7972 8176 8177
f 7974 7973 8178
f 7973 8177 8178
f 7975 7974 8179
f 7974 8178 8179
f 7976 7975 8180
f 7975 8179 8180
f 7977 7976 8181
f 7976 8180 8181
f 7978 7977 8182
f 7977 8181 8182
f 7979 7978 8183
f 7978 8182 8183
f 7980 7979 8184
f 7979 8183 8184
f 7981 7980 8185
f 7980 8184 8185
f 7982 7981 8186
f 7981 8185 8186
f 7983 7982 8187
f 7982 8186 8187
f 7984 7983 8188
f 7983 8187 8188
f 7985 7984 8189
f 7984 8188 8189
f 7986 7985 8190
f 7985 8189 8190
f 7987 7986 8191
f 7986 8190 8191
f 7988 7987 8192
f 7987 8191 8192
f 7989 7988 8193
f 7988 8192 8193
f 7990 7989 8194
f 7989 8193 8194
f 7991 7990 8195
f 7990 8194 8195
f 7992 7991 8196
f 7991 8195 8196
f 7993 7992 8197
f 7992 8196 8197
f 7994 7993 8198
f 7993 8197 8198
f 7995 7994 8199
f 7994 8198 8199
f 7996 7995 8200
f 7995 8199 8200
f 7997 7996 8201
f 7996 8200 8201
f 7998 7997 8202
f 7997 8201 8202
f 7999 7998 8203
f 8025 7999 8203
f 7998 8202 8203
f 8000 7896 8204
f 7896 8098 8204
f 7905 8000 8205
f 8000 8204 8205
f 8028 7898 8206
f 8042 8029 8207
f 8006 8005 8208
f 8005 8110 8208
f 8007 8006 8209
f 8006 8208 8209
f 8008 8007 8210
f 8007 8209 8210
f 8009 8008 8211
f 8008 8210 8211
f 8010 8009 8212
f 8009 8211 8212
f 8011 8010 8213
f 8010 8212 8213
f 8012 8011 8214
f 8011 8213 8214
f 8013 8012 8215
f 8012 8214 8215
f 8014 8013 8216
f 8013 8215 8216
f 8015 8014 8217
f 8014 8216 8217
f 8016 8015 8218
f 8015 8217 8218
f 8017 8016 8219
f 8016 8218 8219
f 8018 8017 8220
f 8017 8219 8220
f 8026 8022 8221
f 8021 7910 8222
f 7910 8113 8222
f 8022 8001 8223
f 8221 8022 8223
f 8001 7911 8223
f 8023 8021 8224
f 8021 8222 8224
f 8072 8025 8203
f 8047 8023 8225
f 8023 8224 8225
f 7906 7903 8226
f 7903 8106 8226
f 7898 7864 8227
f 8206 7898 8227
f 7864 7908 8227
f 7703 8120 8029
f 8068 8079 8228
f 8120 7799 8070
f 8088 7885 8229
f 7885 8086 8229
f 8064 8066 8230
f 8066 8084 8230
f 7905 8205 8116
f 8120 8070 8231
f 8030 7839 8232
f 7839 8033 8232
f 8035 7887 8233
f 7887 8082 8233
f 8099 7855 8051
f 8057 8045 8234
f 8091 8088 8235
f 8113 7904 8236
f 7904 8072 8236
f 8092 8028 8237
f 8028 8206 8237
f 8093 8044 8238
f 8094 8050 8239
f 8037 7888 8240
f 7888 8089 8240
f 8081 8039 8241
f 8039 8080 8241
f 8104 7906 8226
f 7883 8041 8242
f 7891 8032 8243
f 8040 8103 8244
f 8106 7895 8119
f 7902 8107 8055
f 8108 8053 8245
f 8053 8094 8245
f 8077 8095 8246
f 8063 7881 8247
f 7881 8083 8247
f 7846 8034 8248
f 8048 7880 8249
f 7880 8036 8249
f 8049 8042 8250
f 8051 7877 8251
f 7877 8075 8251
f 8057 8234 8060
f 8029 8120 8252
f 8046 7867 8253
f 7867 8065 8253
f 8056 8114 8254
f 8085 7846 8248
f 8120 8231 8252
f 8059 7872 8255
f 7872 8073 8255
f 8079 8097 8228
f 8067 8115 8256
f 8069 7891 8243
f 8062 7860 8257
f 7860 8049 8257
f 8034 8092 8258
f 8065 8056 8259
f 8056 8254 8259
f 8004 8027 8260
f 8110 8004 8260
f 8027 8101 8260
f 8047 8225 8098
f 8207 8029 8252
f 8058 7875 8261
f 7875 8030 8261
f 8020 8118 8097
f 8082 8096 8262
f 8043 7858 8263
f 7858 8058 8263
f 8236 8072 8203
f 8073 7883 8242
f 8249 8036 8264
f 8036 8093 8264
f 8070 7909 8265
f 8231 8070 8265
f 7909 8043 8265
f 8111 8064 8266
f 8064 8230 8266
f 8032 8090 8267
f 8095 8067 8268
f 8067 8256 8268
f 8074 7861 8269
f 7861 8059 8269
f 7908 7850 8270
f 8227 7908 8270
f 7850 8048 8270
f 8019 8018 8271
f 8117 8019 8271
f 8018 8220 8271
f 8223 7911 8272
f 7911 8055 8272
f 8075 7833 8273
f 7833 8077 8273
f 8077 8246 8273
f 8076 7866 8274
f 7866 8063 8274
f 8096 8026 8275
f 8026 8221 8275
f 8086 8052 8276
f 8041 8087 8277
f 8080 7852 8278
f 8241 8080 8278
f 7852 8076 8278
f 8083 8061 8279
f 8239 8050 8280
f 8050 8109 8280
f 8084 8068 8228
f 8089 8040 8281
f 8040 8244 8281
f 8087 7899 8282
f 8232 8033 8283
f 8033 8091 8283
f 8090 8003 8284
f 8003 8100 8284
f 8233 8082 8285
f 8082 8262 8285
f 8235 8088 8286
f 8088 8229 8286
f 8234 8045 8287
f 8045 8108 8287
f 8238 8044 8288
f 8044 8105 8288
f 8279 8061 8289
f 8061 8102 8289
f 8243 8032 8290
f 8032 8267 8290
f 8242 8041 8291
f 8041 8277 8291
f 8248 8034 8292
f 8034 8258 8292
f 8250 8042 8293
f 8042 8207 8293
f 8276 8052 8294
f 8052 8099 8294
f 8113 8236 8295
f 8107 8074 8296
f 8074 8269 8296
f 8221 8223 8297
f 8223 8272 8297
f 8105 8054 8298
f 8054 8062 8298
f 8103 8069 8243
f 8106 8119 8299
f 8246 8095 8300
f 8095 8268 8300
f 8109 8031 8301
f 8031 8046 8301
f 8098 8225 8302
f 8222 8113 8303
f 8113 8295 8303
f 8100 8081 8304
f 8081 8241 8304
f 8208 8110 8305
f 8254 8114 8306
f 8114 8111 8307
f 8306 8114 8307
f 8111 8266 8307
f 8085 8248 8102
f 8115 8078 8308
f 8078 8112 8308
f 7899 8038 8309
f 8116 8205 8310
f 8256 8115 8311
f 8115 8308 8311
f 8060 8234 8038
f 8258 8092 8312
f 8092 8237 8312
f 8118 8104 8313
f 8103 8243 8314
f 8244 8103 8314
f 8243 8290 8314
f 8084 8228 8230
f 8119 8116 8315
f 8116 8310 8315
f 8121 8117 8316
f 8117 8271 8316
f 8229 8086 8317
f 8086 8276 8317
f 8122 8121 8318
f 8121 8316 8318
f 8123 8122 8319
f 8122 8318 8319
f 8124 8123 8320
f 8123 8319 8320
f 8125 8124 8321
f 8124 8320 8321
f 8126 8125 8322
f 8125 8321 8322
f 8127 8126 8323
f 8126 8322 8323
f 8128 8127 8324
f 8127 8323 8324
f 8129 8128 8325
f 8128 8324 8325
f 8130 8129 8326
f 8129 8325 8326
f 8131 8130 8327
f 8130 8326 8327
f 8132 8131 8328
f 8131 8327 8328
f 8133 8132 8329
f 8132 8328 8329
f 8134 8133 8330
f 8133 8329 8330
f 8135 8134 8331
f 8134 8330 8331
f 8136 8135 8332
f 8135 8331 8332
f 8137 8136 8333
f 8136 8332 8333
f 8138 8137 8334
f 8137 8333 8334
f 8139 8138 8335
f 8138 8334 8335
f 8140 8139 8336
f 8139 8335 8336
f 8141 8140 8337
f 8140 8336 8337
f 8142 8141 8338
f 8141 8337 8338
f 8143 8142 8339
f 8142 8338 8339
f 8144 8143 8340
f 8143 8339 8340
f 8145 8144 8341
f 8144 8340 8341
f 8146 8145 8342
f 8145 8341 8342
f 8147 8146 8343
f 8146 8342 8343
f 8148 8147 8344
f 8147 8343 8344
f 8149 8148 8345
f 8148 8344 8345
f 8150 8149 8346
f 8149 8345 8346
f 8151 8150 8347
f 8150 8346 8347
f 8152 8151 8348
f 8151 8347 8348
f 8153 8152 8349
f 8152 8348 8349
f 8154 8153 8350
f 8153 8349 8350
f 8155 8154 8351
f 8154 8350 8351
f 8156 8155 8352
f 8155 8351 8352
f 8157 8156 8353
f 8156 8352 8353
f 8158 8157 8354
f 8157 8353 8354
f 8159 8158 8355
f 8158 8354 8355
f 8160 8159 8356
f 8159 8355 8356
f 8161 8160 8357
f 8160 8356 8357
f 8162 8161 8358
f 8161 8357 8358
f 8163 8162 8359
f 8162 8358 8359
f 8164 8163 8360
f 8163 8359 8360
f 8165 8164 8361
f 8164 8360 8361
f 8166 8165 8362
f 8165 8361 8362
f 8167 8166 8363
f 8166 8362 8363
f 8168 8167 8364
f 8167 8363 8364
f 8169 8168 8365
f 8168 8364 8365
f 8170 8169 8366
f 8169 8365 8366
f 8171 8170 8367
f 8170 8366 8367
f 8172 8171 8368
f 8171 8367 8368
f 8173 8172 8369
f 8172 8368 8369
f 8174 8173 8370
f 8173 8369 8370
f 8175 8174 8371
f 8174 8370 8371
f 8176 8175 8372
f 8175 8371 8372
f 8177 8176 8373
f 8176 8372 8373
f 8178 8177 8374
f 8177 8373 8374
f 8179 8178 8375
f 8178 8374 8375
f 8180 8179 8376
f 8179 8375 8376
f 8181 8180 8377
f 8180 8376 8377
f 8182 8181 8378
f 8181 8377 8378
f 8183 8182 8379
f 8182 8378 8379
f 8184 8183 8380
f 8183 8379 8380
f 8185 8184 8381
f 8184 8380 8381
f 8186 8185 8382
f 8185 8381 8382
f 8187 8186 8383
f 8186 8382 8383
f 8188 8187 8384
f 8187 8383 8384
f 8189 8188 8385
f 8188 8384 8385
f 8190 8189 8386
f 8189 8385 8386
f 8191 8190 8387
f 8190 8386 8387
f 8192 8191 8388
f 8191 8387 8388
f 8193 8192 8389
f 8192 8388 8389
f 8194 8193 8390
f 8193 8389 8390
f 8195 8194 8391
f 8194 8390 8391
f 8196 8195 8392
f 8195 8391 8392
f 8197 8196 8393
f 8196 8392 8393
f 8198 8197 8394
f 8197 8393 8394
f 8199 8198 8395
f 8198 8394 8395
f 8200 8199 8396
f 8199 8395 8396
f 8201 8200 8397
f 8200 8396 8397
f 8262 8096 8398
f 8096 8275 8398
f 8097 8118 8399
f 8118 8313 8399
f 8055 8107 8400
f 8272 8055 8400
f 8107 8296 8400
f 8099 8051 8294
f 8207 8252 8401
f 8267 8090 8402
f 8090 8284 8402
f 8228 8097 8399
f 8209 8208 8403
f 8208 8305 8403
f 8210 8209 8404
f 8209 8403 8404
f 8211 8210 8405
f 8210 8404 8405
f 8212 8211 8406
f 8211 8405 8406
f 8213 8212 8407
f 8212 8406 8407
f 8214 8213 8408
f 8213 8407 8408
f 8215 8214 8409
f 8214 8408 8409
f 8216 8215 8410
f 8215 8409 8410
f 8217 8216 8411
f 8216 8410 8411
f 8218 8217 8412
f 8217 8411 8412
f 8219 8218 8413
f 8218 8412 8413
f 8220 8219 8414
f 8219 8413 8414
f 8224 8222 8415
f 8222 8303 8415
f 8277 8087 8416
f 8087 8282 8416
f 7899 8309 8282
f 8102 8248 8417
f 8289 8102 8417
f 8248 8292 8417
f 8309 8038 8234
f 8309 8234 8287
f 8225 8224 8418
f 8224 8415 8418
f 8273 8246 8419
f 8226 8106 8420
f 8106 8299 8420
f 8204 8098 8421
f 8098 8302 8421
f 8230 8228 8422
f 8266 8230 8422
f 8228 8399 8422
f 8030 8232 8423
f 8286 8229 8424
f 8229 8317 8424
f 8083 8279 8425
f 8287 8108 8426
f 8108 8245 8426
f 8075 8273 8427
f 8288 8105 8428
f 8105 8298 8428
f 8091 8235 8429
f 8294 8051 8251
f 8237 8206 8430
f 8101 8037 8431
f 8260 8101 8431
f 8037 8240 8431
f 8094 8239 8432
f 8298 8062 8257
f 8094 8432 8245
f 8290 8267 8433
f 8299 8119 8315
f 8291 8277 8434
f 8292 8258 8435
f 8030 8423 8261
f 8279 8289 8436
f 8282 8309 8437
f 8247 8083 8425
f 8242 8291 8438
f 8301 8046 8253
f 8302 8225 8418
f 8293 8207 8439
f 8207 8401 8439
f 8048 8249 8440
f 8048 8440 8270
f 8253 8065 8441
f 8065 8259 8441
f 8035 8233 8442
f 8251 8075 8427
f 8254 8306 8443
f 8112 8035 8442
f 8238 8288 8444
f 8206 8227 8445
f 8430 8206 8445
f 8227 8270 8445
f 8256 8311 8446
f 8236 8203 8202
f 8255 8073 8447
f 8073 8242 8447
f 8093 8238 8448
f 8259 8254 8449
f 8254 8443 8449
f 8242 8438 8447
f 8262 8398 8450
f 8257 8049 8451
f 8049 8250 8451
f 8313 8104 8452
f 8104 8226 8452
f 8244 8314 8453
f 8432 8239 8454
f 8317 8276 8455
f 8202 8201 8456
f 8205 8204 8457
f 8110 8260 8431
f 8263 8058 8458
f 8058 8261 8458
f 8043 8263 8265
f 8310 8205 8457
f 8401 8252 8459
f 8252 8231 8459
f 8276 8294 8460
f 8455 8276 8460
f 8294 8251 8460
f 8264 8093 8448
f 8268 8256 8461
f 8256 8446 8461
f 8454 8239 8462
f 8239 8280 8462
f 8269 8059 8463
f 8059 8255 8463
f 8273 8419 8427
f 8091 8429 8283
f 8416 8282 8464
f 8282 8437 8464
f 8278 8076 8465
f 8076 8274 8465
f 8240 8089 8466
f 8089 8281 8466
f 8274 8063 8467
f 8063 8247 8467
f 8275 8221 8468
f 8221 8297 8468
f 8295 8236 8456
f 8419 8246 8469
f 8246 8300 8469
f 8226 8420 8452
f 8280 8109 8470
f 8109 8301 8470
f 8250 8293 8471
f 8271 8220 8472
f 8316 8271 8472
f 8220 8414 8472
f 8235 8286 8473
f 8281 8244 8474
f 8244 8453 8474
f 8309 8287 8437
f 8284 8100 8475
f 8100 8304 8475
f 8285 8262 8476
f 8262 8450 8476
f 8236 8202 8456
f 8423 8232 8477
f 8232 8283 8477
f 8425 8279 8478
f 8279 8436 8478
f 8429 8235 8479
f 8235 8473 8479
f 8435 8258 8480
f 8258 8312 8480
f 8433 8267 8481
f 8267 8402 8481
f 8434 8277 8482
f 8277 8416 8482
f 8440 8249 8483
f 8249 8264 8483
f 8442 8233 8484
f 8233 8285 8484
f 8448 8238 8485
f 8238 8444 8485
f 8451 8250 8486
f 8250 8471 8486
f 8457 8204 8421
f 8110 8431 8305
f 8446 8311 8487
f 8297 8272 8488
f 8272 8400 8488
f 8298 8257 8489
f 8428 8298 8489
f 8257 8451 8489
f 8300 8268 8490
f 8268 8461 8490
f 8299 8315 8491
f 8436 8289 8492
f 8289 8417 8492
f 8452 8420 8493
f 8438 8291 8494
f 8291 8434 8494
f 8301 8253 8495
f 8470 8301 8495
f 8253 8441 8495
f 8270 8440 8445
f 8251 8427 8460
f 8304 8241 8496
f 8241 8278 8496
f 8443 8306 8497
f 8112 8442 8308
f 8302 8418 8498
f 8444 8288 8499
f 8288 8428 8499
f 8311 8308 8500
f 8487 8311 8500
f 8308 8442 8500
f 8447 8438 8501
f 8420 8299 8502
f 8299 8491 8502
f 8201 8397 8456
f 8231 8265 8503
f 8402 8284 8504
f 8284 8475 8504
f 8314 8290 8505
f 8453 8314 8505
f 8290 8433 8505
f 8312 8237 8506
f 8237 8430 8506
f 8450 8398 8507
f 8432 8454 8508
f 8473 8286 8509
f 8286 8424 8509
f 8318 8316 8510
f 8316 8472 8510
f 8319 8318 8511
f 8318 8510 8511
f 8320 8319 8512
f 8319 8511 8512
f 8321 8320 8513
f 8320 8512 8513
f 8322 8321 8514
f 8321 8513 8514
f 8323 8322 8515
f 8322 8514 8515
f 8324 8323 8516
f 8323 8515 8516
f 8325 8324 8517
f 8324 8516 8517
f 8326 8325 8518
f 8325 8517 8518
f 8327 8326 8519
f 8326 8518 8519
f 8328 8327 8520
f 8327 8519 8520
f 8329 8328 8521
f 8328 8520 8521
f 8330 8329 8522
f 8329 8521 8522
f 8331 8330 8523
f 8330 8522 8523
f 8332 8331 8524
f 8331 8523 8524
f 8333 8332 8525
f 8332 8524 8525
f 8334 8333 8526
f 8333 8525 8526
f 8335 8334 8527
f 8334 8526 8527
f 8336 8335 8528
f 8335 8527 8528
f 8337 8336 8529
f 8336 8528 8529
f 8338 8337 8530
f 8337 8529 8530
f 8339 8338 8531
f 8338 8530 8531
f 8340 8339 8532
f 8339 8531 8532
f 8341 8340 8533
f 8340 8532 8533
f 8342 8341 8534
f 8341 8533 8534
f 8343 8342 8535
f 8342 8534 8535
f 8344 8343 8536
f 8343 8535 8536
f 8345 8344 8537
f 8344 8536 8537
f 8346 8345 8538
f 8345 8537 8538
f 8347 8346 8539
f 8346 8538 8539
f 8348 8347 8540
f 8347 8539 8540
f 8349 8348 8541
f 8348 8540 8541
f 8350 8349 8542
f 8349 8541 8542
f 8351 8350 8543
f 8350 8542 8543
f 8352 8351 8544
f 8351 8543 8544
f 8353 8352 8545
f 8352 8544 8545
f 8354 8353 8546
f 8353 8545 8546
f 8355 8354 8547
f 8354 8546 8547
f 8356 8355 8548
f 8355 8547 8548
f 8357 8356 8549
f 8356 8548 8549
f 8358 8357 8550
f 8357 8549 8550
f 8359 8358 8551
f 8358 8550 8551
f 8360 8359 8552
f 8359 8551 8552
f 8361 8360 8553
f 8360 8552 8553
f 8362 8361 8554
f 8361 8553 8554
f 8363 8362 8555
f 8362 8554 8555
f 8364 8363 8556
f 8363 8555 8556
f 8365 8364 8557
f 8364 8556 8557
f 8366 8365 8558
f 8365 8557 8558
f 8367 8366 8559
f 8366 8558 8559
f 8368 8367 8560
f 8367 8559 8560
f 8369 8368 8561
f 8368 8560 8561
f 8370 8369 8562
f 8369 8561 8562
f 8371 8370 8563
f 8370 8562 8563
f 8372 8371 8564
f 8371 8563 8564
f 8373 8372 8565
f 8372 8564 8565
f 8374 8373 8566
f 8373 8565 8566
f 8375 8374 8567
f 8374 8566 8567
f 8376 8375 8568
f 8375 8567 8568
f 8377 8376 8569
f 8376 8568 8569
f 8378 8377 8570
f 8377 8569 8570
f 8379 8378 8571
f 8378 8570 8571
f 8380 8379 8572
f 8379 8571 8572
f 8381 8380 8573
f 8380 8572 8573
f 8382 8381 8574
f 8381 8573 8574
f 8383 8382 8575
f 8382 8574 8575
f 8384 8383 8576
f 8383 8575 8576
f 8385 8384 8577
f 8384 8576 8577
f 8386 8385 8578
f 8385 8577 8578
f 8387 8386 8579
f 8386 8578 8579
f 8388 8387 8580
f 8387 8579 8580
f 8389 8388 8581
f 8388 8580 8581
f 8390 8389 8582
f 8389 8581 8582
f 8391 8390 8583
f 8390 8582 8583
f 8392 8391 8584
f 8391 8583 8584
f 8393 8392 8585
f 8392 8584 8585
f 8394 8393 8586
f 8393 8585 8586
f 8395 8394 8587
f 8394 8586 8587
f 8396 8395 8588
f 8395 8587 8588
f 8398 8275 8589
f 8507 8398 8589
f 8275 8468 8589
f 8401 8459 8590
f 8255 8447 8591
f 8463 8255 8591
f 8447 8501 8591
f 8437 8287 8426
f 8459 8231 8503
f 8303 8295 8592
f 8310 8457 8593
f 8403 8305 8594
f 8296 8269 8595
f 8269 8463 8595
f 8404 8403 8596
f 8403 8594 8596
f 8405 8404 8597
f 8404 8596 8597
f 8406 8405 8598
f 8405 8597 8598
f 8407 8406 8599
f 8406 8598 8599
f 8408 8407 8600
f 8407 8599 8600
f 8409 8408 8601
f 8408 8600 8601
f 8410 8409 8602
f 8409 8601 8602
f 8411 8410 8603
f 8410 8602 8603
f 8412 8411 8604
f 8411 8603 8604
f 8413 8412 8605
f 8412 8604 8605
f 8414 8413 8606
f 8413 8605 8606
f 8415 8303 8607
f 8303 8592 8607
f 8456 8397 8608
f 8295 8456 8608
f 8397 8396 8608
f 8418 8415 8609
f 8415 8607 8609
f 8265 8263 8503
f 8421 8302 8610
f 8302 8498 8610
f 8471 8293 8611
f 8293 8439 8611
f 8313 8452 8612
f 8452 8493 8612
f 8503 8263 8458
f 8478 8436 8613
f 8396 8588 8608
f 8479 8473 8614
f 8459 8503 8615
f 8283 8429 8616
f 8480 8312 8617
f 8312 8506 8617
f 8264 8448 8618
f 8489 8451 8619
f 8451 8486 8619
f 8453 8505 8620
f 8481 8402 8621
f 8402 8504 8621
f 8482 8416 8622
f 8416 8464 8622
f 8491 8315 8623
f 8315 8310 8623
f 8483 8264 8618
f 8292 8435 8624
f 8261 8423 8625
f 8493 8420 8502
f 8245 8432 8626
f 8278 8465 8496
f 8247 8425 8627
f 8292 8624 8417
f 8460 8427 8628
f 8455 8460 8628
f 8427 8419 8628
f 8439 8401 8629
f 8401 8590 8629
f 8266 8422 8307
f 8484 8285 8630
f 8285 8476 8630
f 8441 8259 8631
f 8259 8449 8631
f 8450 8507 8632
f 8485 8444 8633
f 8247 8627 8467
f 8497 8306 8634
f 8306 8307 8634
f 8446 8487 8635
f 8498 8418 8609
f 8500 8442 8484
f 8430 8445 8636
f 8445 8440 8636
f 8449 8443 8637
f 8245 8626 8426
f 8471 8611 8638
f 8454 8462 8639
f 8486 8471 8640
f 8471 8638 8640
f 8494 8434 8641
f 8508 8454 8642
f 8454 8639 8642
f 8305 8431 8466
f 8590 8459 8615
f 8432 8508 8626
f 8506 8430 8643
f 8430 8636 8643
f 8317 8455 8644
f 8477 8283 8616
f 8501 8438 8645
f 8438 8494 8645
f 8458 8261 8625
f 8593 8457 8646
f 8457 8421 8646
f 8399 8313 8647
f 8313 8612 8647
f 8400 8296 8648
f 8488 8400 8648
f 8296 8595 8648
f 8592 8295 8608
f 8310 8593 8623
f 8461 8446 8649
f 8446 8635 8649
f 8613 8436 8650
f 8436 8492 8650
f 8462 8280 8651
f 8280 8470 8651
f 8594 8305 8466
f 8399 8647 8422
f 8469 8300 8652
f 8300 8490 8652
f 8464 8437 8653
f 8437 8426 8653
f 8433 8481 8654
f 8465 8274 8655
f 8274 8467 8655
f 8466 8281 8656
f 8594 8466 8656
f 8281 8474 8656
f 8468 8297 8657
f 8297 8488 8657
f 8616 8429 8658
f 8429 8479 8658
f 8472 8414 8659
f 8510 8472 8659
f 8414 8606 8659
f 8474 8453 8660
f 8453 8620 8660
f 8615 8503 8458
f 8475 8304 8661
f 8304 8496 8661
f 8424 8317 8644
f 8435 8480 8662
f 8476 8450 8663
f 8450 8632 8663
f 8614 8473 8664
f 8473 8509 8664
f 8618 8448 8665
f 8448 8485 8665
f 8625 8423 8666
f 8423 8477 8666
f 8624 8435 8667
f 8435 8662 8667
f 8627 8425 8668
f 8425 8478 8668
f 8628 8419 8669
f 8419 8469 8669
f 8633 8444 8670
f 8444 8499 8670
f 8636 8440 8483
f 8637 8443 8671
f 8443 8497 8671
f 8641 8434 8672
f 8434 8482 8672
f 8644 8455 8673
f 8455 8628 8673
f 8646 8421 8610
f 8608 8588 8592
f 8487 8500 8674
f 8500 8484 8674
f 8620 8505 8675
f 8505 8433 8675
f 8492 8417 8624
f 8593 8646 8676
f 8493 8502 8677
f 8496 8465 8678
f 8465 8655 8678
f 8490 8461 8679
f 8461 8649 8679
f 8458 8625 8615
f 8307 8422 8634
f 8499 8428 8680
f 8428 8489 8680
f 8632 8507 8681
f 8635 8487 8682
f 8487 8674 8682
f 8498 8609 8683
f 8433 8654 8675
f 8639 8462 8684
f 8462 8651 8684
f 8636 8483 8685
f 8643 8636 8685
f 8483 8618 8685
f 8426 8626 8653
f 8638 8611 8686
f 8422 8647 8634
f 8504 8475 8687
f 8475 8661 8687
f 8592 8588 8688
f 8492 8624 8689
f 8650 8492 8689
f 8624 8667 8689
f 8590 8615 8690
f 8615 8625 8690
f 8691 8692 8693
f 8510 8659 8511
f 8512 8511 8694
f 8695 8696 8693
f 8513 8512 8697
f 8512 8694 8697
f 8514 8513 8698
f 8513 8697 8698
f 8515 8514 8699
f 8514 8698 8699
f 8516 8515 8700
f 8515 8699 8700
f 8517 8516 8701
f 8516 8700 8701
f 8518 8517 8702
f 8517 8701 8702
f 8519 8518 8703
f 8518 8702 8703
f 8520 8519 8704
f 8519 8703 8704
f 8521 8520 8705
f 8520 8704 8705
f 8522 8521 8706
f 8521 8705 8706
f 8523 8522 8707
f 8522 8706 8707
f 8524 8523 8708
f 8523 8707 8708
f 8525 8524 8709
f 8524 8708 8709
f 8526 8525 8710
f 8525 8709 8710
f 8527 8526 8711
f 8526 8710 8711
f 8528 8527 8712
f 8527 8711 8712
f 8529 8528 8713
f 8528 8712 8713
f 8530 8529 8714
f 8529 8713 8714
f 8531 8530 8715
f 8530 8714 8715
f 8532 8531 8716
f 8531 8715 8716
f 8533 8532 8717
f 8532 8716 8717
f 8534 8533 8718
f 8533 8717 8718
f 8535 8534 8719
f 8534 8718 8719
f 8536 8535 8720
f 8535 8719 8720
f 8537 8536 8721
f 8536 8720 8721
f 8538 8537 8722
f 8537 8721 8722
f 8539 8538 8723
f 8538 8722 8723
f 8540 8539 8724
f 8539 8723 8724
f 8541 8540 8725
f 8540 8724 8725
f 8542 8541 8726
f 8541 8725 8726
f 8543 8542 8727
f 8542 8726 8727
f 8544 8543 8728
f 8543 8727 8728
f 8545 8544 8729
f 8544 8728 8729
f 8546 8545 8730
f 8545 8729 8730
f 8547 8546 8731
f 8546 8730 8731
f 8548 8547 8732
f 8547 8731 8732
f 8549 8548 8733
f 8548 8732 8733
f 8550 8549 8734
f 8549 8733 8734
f 8551 8550 8735
f 8550 8734 8735
f 8552 8551 8736
f 8551 8735 8736
f 8553 8552 8737
f 8552 8736 8737
f 8554 8553 8738
f 8553 8737 8738
f 8555 8554 8739
f 8554 8738 8739
f 8556 8555 8740
f 8555 8739 8740
f 8557 8556 8741
f 8556 8740 8741
f 8558 8557 8742
f 8557 8741 8742
f 8559 8558 8743
f 8558 8742 8743
f 8560 8559 8744
f 8559 8743 8744
f 8561 8560 8745
f 8560 8744 8745
f 8562 8561 8746
f 8561 8745 8746
f 8563 8562 8747
f 8562 8746 8747
f 8564 8563 8748
f 8563 8747 8748
f 8565 8564 8749
f 8564 8748 8749
f 8566 8565 8750
f 8565 8749 8750
f 8567 8566 8751
f 8566 8750 8751
f 8568 8567 8752
f 8567 8751 8752
f 8569 8568 8753
f 8568 8752 8753
f 8570 8569 8754
f 8569 8753 8754
f 8571 8570 8755
f 8570 8754 8755
f 8572 8571 8756
f 8571 8755 8756
f 8573 8572 8757
f 8572 8756 8757
f 8574 8573 8758
f 8573 8757 8758
f 8575 8574 8759
f 8574 8758 8759
f 8576 8575 8760
f 8575 8759 8760
f 8577 8576 8761
f 8576 8760 8761
f 8578 8577 8762
f 8577 8761 8762
f 8579 8578 8763
f 8578 8762 8763
f 8580 8579 8764
f 8579 8763 8764
f 8581 8580 8765
f 8580 8764 8765
f 8582 8581 8766
f 8581 8765 8766
f 8583 8582 8767
f 8582 8766 8767
f 8584 8583 8768
f 8583 8767 8768
f 8585 8584 8769
f 8584 8768 8769
f 8586 8585 8770
f 8585 8769 8770
f 8587 8586 8771
f 8586 8770 8771
f 8588 8587 8688
f 8620 8675 8772
f 8595 8463 8773
f 8463 8591 8773
f 8647 8612 8634
f 8654 8481 8774
f 8481 8621 8774
f 8596 8594 8775
f 8594 8656 8775
f 8597 8596 8776
f 8596 8775 8776
f 8598 8597 8777
f 8597 8776 8777
f 8599 8598 8778
f 8598 8777 8778
f 8600 8599 8779
f 8599 8778 8779
f 8601 8600 8780
f 8600 8779 8780
f 8602 8601 8781
f 8601 8780 8781
f 8603 8602 8782
f 8602 8781 8782
f 8604 8603 8783
f 8603 8782 8783
f 8605 8604 8784
f 8604 8783 8784
f 8606 8605 8784
f 8607 8592 8688
f 8623 8593 8785
f 8593 8676 8785
f 8610 8498 8786
f 8498 8683 8786
f 8509 8424 8787
f 8424 8644 8787
f 8611 8439 8788
f 8686 8611 8788
f 8439 8629 8788
f 8491 8623 8789
f 8623 8785 8789
f 8609 8607 8790
f 8683 8609 8790
f 8607 8688 8790
f 8662 8480 8791
f 8480 8617 8791
f 8674 8484 8630
f 8665 8485 8792
f 8485 8633 8792
f 8626 8508 8793
f 8501 8645 8794
f 8639 8684 8795
f 8666 8477 8796
f 8477 8616 8796
f 8489 8619 8680
f 8478 8613 8797
f 8677 8502 8798
f 8502 8491 8798
f 8494 8641 8799
f 8676 8646 8800
f 8646 8610 8800
f 8622 8464 8801
f 8464 8653 8801
f 8667 8662 8802
f 8668 8478 8797
f 8496 8678 8661
f 8669 8469 8803
f 8469 8652 8803
f 8610 8786 8800
f 8495 8441 8804
f 8441 8631 8804
f 8670 8499 8805
f 8499 8680 8805
f 8619 8486 8806
f 8486 8640 8806
f 8640 8638 8807
f 8630 8476 8808
f 8476 8663 8808
f 8631 8449 8809
f 8449 8637 8809
f 8681 8507 8810
f 8507 8589 8810
f 8635 8682 8811
f 8626 8793 8653
f 8637 8671 8812
f 8467 8627 8813
f 8491 8789 8798
f 8675 8654 8814
f 8685 8618 8815
f 8618 8665 8815
f 8671 8497 8816
f 8672 8482 8817
f 8482 8622 8817
f 8613 8650 8818
f 8494 8799 8645
f 8621 8504 8819
f 8504 8687 8819
f 8642 8639 8820
f 8639 8795 8820
f 8673 8628 8669
f 8614 8664 8821
f 8625 8666 8690
f 8657 8488 8822
f 8488 8648 8822
f 8660 8620 8823
f 8620 8772 8823
f 8772 8675 8814
f 8589 8468 8824
f 8810 8589 8824
f 8468 8657 8824
f 8591 8501 8825
f 8501 8794 8825
f 8634 8612 8497
f 8632 8681 8826
f 8648 8595 8827
f 8822 8648 8827
f 8595 8773 8827
f 8649 8635 8828
f 8635 8811 8828
f 8655 8467 8813
f 8652 8490 8829
f 8490 8679 8829
f 8479 8614 8830
f 8656 8474 8831
f 8775 8656 8831
f 8474 8660 8831
f 8617 8506 8832
f 8506 8643 8832
f 8431 8240 8466
f 8658 8479 8830
f 8633 8670 8833
f 8787 8644 8834
f 8644 8673 8834
f 8796 8616 8835
f 8616 8658 8835
f 8641 8672 8836
f 8612 8493 8816
f 8663 8632 8837
f 8632 8826 8837
f 8470 8495 8838
f 8651 8470 8838
f 8495 8804 8838
f 8664 8509 8839
f 8509 8787 8839
f 8629 8590 8840
f 8590 8690 8840
f 8497 8612 8816
f 8792 8633 8841
f 8633 8833 8841
f 8793 8508 8842
f 8508 8642 8842
f 8797 8613 8843
f 8613 8818 8843
f 8799 8641 8844
f 8641 8836 8844
f 8802 8662 8845
f 8662 8791 8845
f 8813 8627 8846
f 8627 8668 8846
f 8807 8638 8847
f 8638 8686 8847
f 8809 8637 8848
f 8637 8812 8848
f 8814 8654 8849
f 8654 8774 8849
f 8830 8614 8850
f 8614 8821 8850
f 8816 8493 8677
f 8673 8669 8851
f 8834 8673 8851
f 8669 8803 8851
f 8674 8630 8852
f 8682 8674 8852
f 8630 8808 8852
f 8677 8798 8853
f 8676 8800 8854
f 8606 8784 8855
f 8643 8685 8856
f 8832 8643 8856
f 8685 8815 8856
f 8679 8649 8857
f 8649 8828 8857
f 8811 8682 8858
f 8682 8852 8858
f 8653 8793 8801
f 8812 8671 8853
f 8791 8617 8859
f 8617 8832 8859
f 8684 8651 8860
f 8651 8838 8860
f 8818 8650 8861
f 8650 8689 8861
f 8789 8785 8862
f 8687 8661 8863
f 8661 8678 8863
f 8772 8814 8864
f 8821 8664 8865
f 8664 8839 8865
f 8690 8666 8866
f 8840 8690 8866
f 8666 8796 8866
f 8680 8619 8867
f 8619 8806 8867
f 8697 8694 8868
f 8698 8697 8869
f 8697 8868 8869
f 8699 8698 8870
f 8698 8869 8870
f 8700 8699 8871
f 8699 8870 8871
f 8701 8700 8872
f 8700 8871 8872
f 8702 8701 8873
f 8701 8872 8873
f 8703 8702 8874
f 8702 8873 8874
f 8704 8703 8875
f 8703 8874 8875
f 8705 8704 8876
f 8704 8875 8876
f 8706 8705 8877
f 8705 8876 8877
f 8707 8706 8878
f 8706 8877 8878
f 8708 8707 8879
f 8707 8878 8879
f 8709 8708 8880
f 8708 8879 8880
f 8710 8709 8881
f 8709 8880 8881
f 8711 8710 8882
f 8710 8881 8882
f 8712 8711 8883
f 8711 8882 8883
f 8713 8712 8884
f 8712 8883 8884
f 8714 8713 8885
f 8713 8884 8885
f 8715 8714 8886
f 8714 8885 8886
f 8716 8715 8887
f 8715 8886 8887
f 8717 8716 8888
f 8716 8887 8888
f 8718 8717 8889
f 8717 8888 8889
f 8719 8718 8890
f 8718 8889 8890
f 8720 8719 8891
f 8719 8890 8891
f 8721 8720 8892
f 8720 8891 8892
f 8722 8721 8893
f 8721 8892 8893
f 8723 8722 8894
f 8722 8893 8894
f 8724 8723 8895
f 8723 8894 8895
f 8725 8724 8896
f 8724 8895 8896
f 8726 8725 8897
f 8725 8896 8897
f 8727 8726 8898
f 8726 8897 8898
f 8728 8727 8899
f 8727 8898 8899
f 8729 8728 8900
f 8728 8899 8900
f 8730 8729 8901
f 8729 8900 8901
f 8731 8730 8902
f 8730 8901 8902
f 8732 8731 8903
f 8731 8902 8903
f 8733 8732 8904
f 8732 8903 8904
f 8734 8733 8905
f 8733 8904 8905
f 8735 8734 8906
f 8734 8905 8906
f 8736 8735 8907
f 8735 8906 8907
f 8737 8736 8908
f 8736 8907 8908
f 8738 8737 8909
f 8737 8908 8909
f 8739 8738 8910
f 8738 8909 8910
f 8740 8739 8911
f 8739 8910 8911
f 8741 8740 8912
f 8740 8911 8912
f 8742 8741 8913
f 8741 8912 8913
f 8743 8742 8914
f 8742 8913 8914
f 8744 8743 8915
f 8743 8914 8915
f 8745 8744 8916
f 8744 8915 8916
f 8746 8745 8917
f 8745 8916 8917
f 8747 8746 8918
f 8746 8917 8918
f 8748 8747 8919
f 8747 8918 8919
f 8749 8748 8920
f 8748 8919 8920
f 8750 8749 8921
f 8749 8920 8921
f 8751 8750 8922
f 8750 8921 8922
f 8752 8751 8923
f 8751 8922 8923
f 8753 8752 8924
f 8752 8923 8924
f 8754 8753 8925
f 8753 8924 8925
f 8755 8754 8926
f 8754 8925 8926
f 8756 8755 8927
f 8755 8926 8927
f 8757 8756 8928
f 8756 8927 8928
f 8758 8757 8929
f 8757 8928 8929
f 8759 8758 8930
f 8758 8929 8930
f 8760 8759 8931
f 8759 8930 8931
f 8761 8760 8932
f 8760 8931 8932
f 8762 8761 8933
f 8761 8932 8933
f 8763 8762 8934
f 8762 8933 8934
f 8764 8763 8935
f 8763 8934 8935
f 8765 8764 8936
f 8764 8935 8936
f 8766 8765 8937
f 8765 8936 8937
f 8767 8766 8938
f 8766 8937 8938
f 8768 8767 8939
f 8767 8938 8939
f 8769 8768 8940
f 8768 8939 8940
f 8770 8769 8941
f 8769 8940 8941
f 8771 8770 8942
f 8770 8941 8942
f 8773 8591 8825
f 8826 8681 8943
f 8678 8655 8944
f 8863 8678 8944
f 8655 8813 8944
f 8774 8621 8945
f 8621 8819 8945
f 8776 8775 8946
f 8775 8831 8946
f 8777 8776 8947
f 8776 8946 8947
f 8778 8777 8948
f 8777 8947 8948
f 8779 8778 8949
f 8778 8948 8949
f 8780 8779 8950
f 8779 8949 8950
f 8781 8780 8951
f 8780 8950 8951
f 8782 8781 8952
f 8781 8951 8952
f 8783 8782 8953
f 8782 8952 8953
f 8784 8783 8954
f 8783 8953 8954
f 8785 8676 8955
f 8676 8854 8955
f 8786 8683 8956
f 8833 8670 8957
f 8670 8805 8957
f 8659 8606 8855
f 8836 8672 8958
f 8672 8817 8958
f 8800 8786 8959
f 8786 8956 8959
f 8795 8684 8960
f 8684 8860 8960
f 8794 8645 8961
f 8645 8799 8961
f 8855 8784 8954
f 8842 8642 8962
f 8642 8820 8962
f 8843 8818 8963
f 8854 8800 8959
f 8680 8867 8805
f 8844 8836 8964
f 8802 8845 8965
f 8795 8960 8966
f 8845 8791 8967
f 8791 8859 8967
f 8812 8853 8968
f 8846 8668 8969
f 8668 8797 8969
f 8587 8771 8688
f 8688 8771 8942
f 8963 8818 8970
f 8818 8861 8970
f 8964 8836 8971
f 8836 8958 8971
f 8802 8965 8972
f 8847 8686 8973
f 8803 8652 8974
f 8652 8829 8974
f 8837 8826 8975
f 8808 8663 8976
f 8663 8837 8976
f 8804 8631 8977
f 8631 8809 8977
f 8853 8798 8978
f 8968 8853 8978
f 8798 8789 8978
f 8806 8640 8979
f 8640 8807 8979
f 8848 8812 8980
f 8812 8968 8980
f 8849 8774 8981
f 8774 8945 8981
f 8825 8794 8982
f 8850 8821 8983
f 8792 8841 8984
f 8862 8785 8955
f 8855 8954 8868
f 8819 8687 8985
f 8687 8863 8985
f 8830 8850 8986
f 8864 8814 8987
f 8814 8849 8987
f 8789 8862 8978
f 8820 8795 8988
f 8795 8966 8988
f 8866 8796 8989
f 8796 8835 8989
f 8658 8830 8990
f 8828 8811 8991
f 8511 8659 8855
f 8689 8667 8992
f 8861 8689 8992
f 8667 8802 8992
f 8823 8772 8993
f 8772 8864 8993
f 8671 8816 8853
f 8694 8511 8855
f 8665 8792 8994
f 8773 8825 8995
f 8827 8773 8995
f 8825 8982 8995
f 8944 8813 8996
f 8813 8846 8996
f 8943 8681 8997
f 8681 8810 8997
f 8824 8657 8998
f 8657 8822 8998
f 8817 8622 8999
f 8622 8801 8999
f 8688 8942 8790
f 8831 8660 9000
f 8946 8831 9000
f 8660 8823 9000
f 8839 8787 9001
f 8787 8834 9001
f 8658 8990 8835
f 8829 8679 9002
f 8679 8857 9002
f 8809 8848 9003
f 8977 8809 9003
f 8848 8980 9003
f 8815 8665 8994
f 8855 8868 8694
f 8833 8957 9004
f 8969 8797 9005
f 8797 8843 9005
f 8788 8629 9006
f 8629 8840 9006
f 8841 8833 9007
f 8833 9004 9007
f 8801 8793 9008
f 8999 8801 9008
f 8793 8842 9008
f 8961 8799 9009
f 8799 8844 9009
f 8807 8847 9010
f 8979 8807 9011
f 8807 9010 9011
f 8975 8826 9012
f 8826 8943 9012
f 8983 8821 9013
f 8821 8865 9013
f 8982 8794 9014
f 8794 8961 9014
f 8792 8984 8994
f 8830 8986 8990
f 8991 8811 9015
f 8811 8858 9015
f 8992 8802 8972
f 8854 8959 9016
f 8865 8839 9017
f 8839 9001 9017
f 8965 8845 9018
f 8845 8967 9018
f 8972 8965 9019
f 8810 8824 9020
f 8997 8810 9020
f 8824 8998 9020
f 8973 8686 9021
f 8945 8819 9022
f 8819 8985 9022
f 8859 8832 9023
f 8832 8856 9023
f 8862 8955 9024
f 8868 8954 9025
f 8986 8850 9026
f 8850 8983 9026
f 8869 8868 9027
f 8868 9025 9027
f 8978 8862 9028
f 8862 9024 9028
f 9004 8957 9029
f 8990 8986 9030
f 8870 8869 9031
f 8869 9027 9031
f 8871 8870 9032
f 8870 9031 9032
f 8872 8871 9033
f 8871 9032 9033
f 8873 8872 9034
f 8872 9033 9034
f 8874 8873 9035
f 8873 9034 9035
f 8875 8874 9036
f 8874 9035 9036
f 8876 8875 9037
f 8875 9036 9037
f 8877 8876 9038
f 8876 9037 9038
f 8878 8877 9039
f 8877 9038 9039
f 8879 8878 9040
f 8878 9039 9040
f 8880 8879 9041
f 8879 9040 9041
f 8881 8880 9042
f 8880 9041 9042
f 8882 8881 9043
f 8881 9042 9043
f 8883 8882 9044
f 8882 9043 9044
f 8884 8883 9045
f 8883 9044 9045
f 8885 8884 9046
f 8884 9045 9046
f 8886 8885 9047
f 8885 9046 9047
f 8887 8886 9048
f 8886 9047 9048
f 8888 8887 9049
f 8887 9048 9049
f 8889 8888 9050
f 8888 9049 9050
f 8890 8889 9051
f 8889 9050 9051
f 8891 8890 9052
f 8890 9051 9052
f 8892 8891 9053
f 8891 9052 9053
f 8893 8892 9054
f 8892 9053 9054
f 8894 8893 9055
f 8893 9054 9055
f 8895 8894 9056
f 8894 9055 9056
f 8896 8895 9057
f 8895 9056 9057
f 8897 8896 9058
f 8896 9057 9058
f 8898 8897 9059
f 8897 9058 9059
f 8899 8898 9060
f 8898 9059 9060
f 8900 8899 9061
f 8899 9060 9061
f 8901 8900 9062
f 8900 9061 9062
f 8902 8901 9063
f 8901 9062 9063
f 8903 8902 9064
f 8902 9063 9064
f 8904 8903 9065
f 8903 9064 9065
f 8905 8904 9066
f 8904 9065 9066
f 8906 8905 9067
f 8905 9066 9067
f 8907 8906 9068
f 8906 9067 9068
f 8908 8907 9069
f 8907 9068 9069
f 8909 8908 9070
f 8908 9069 9070
f 8910 8909 9071
f 8909 9070 9071
f 8911 8910 9072
f 8910 9071 9072
f 8912 8911 9073
f 8911 9072 9073
f 8913 8912 9074
f 8912 9073 9074
f 8914 8913 9075
f 8913 9074 9075
f 8915 8914 9076
f 8914 9075 9076
f 8916 8915 9077
f 8915 9076 9077
f 8917 8916 9078
f 8916 9077 9078
f 8918 8917 9079
f 8917 9078 9079
f 8919 8918 9080
f 8918 9079 9080
f 8920 8919 9081
f 8919 9080 9081
f 8921 8920 9082
f 8920 9081 9082
f 8922 8921 9083
f 8921 9082 9083
f 8923 8922 9084
f 8922 9083 9084
f 8924 8923 9085
f 8923 9084 9085
f 8925 8924 9086
f 8924 9085 9086
f 8926 8925 9087
f 8925 9086 9087
f 8927 8926 9088
f 8926 9087 9088
f 8928 8927 9089
f 8927 9088 9089
f 8929 8928 9090
f 8928 9089 9090
f 8930 8929 9091
f 8929 9090 9091
f 8931 8930 9092
f 8930 9091 9092
f 8932 8931 9093
f 8931 9092 9093
f 8933 8932 9094
f 8932 9093 9094
f 8934 8933 9095
f 8933 9094 9095
f 8935 8934 9096
f 8934 9095 9096
f 8936 8935 9097
f 8935 9096 9097
f 8937 8936 9098
f 8936 9097 9098
f 8938 8937 9099
f 8937 9098 9099
f 8939 8938 9100
f 8938 9099 9100
f 8940 8939 9101
f 8939 9100 9101
f 8941 8940 9102
f 8940 9101 9102
f 8942 8941 9103
f 8941 9102 9103
f 9021 8686 8788
f 9021 8788 9006
f 8863 8944 9104
f 8944 8996 9104
f 8861 8992 9105
f 8992 8972 9105
f 8957 8805 9106
f 9029 8957 9106
f 8805 8867 9106
f 8822 8827 9107
f 8998 8822 9107
f 8827 8995 9107
f 8973 9021 9108
f 8857 8828 9109
f 8828 8991 9109
f 8947 8946 9110
f 8946 9000 9110
f 8948 8947 9111
f 8947 9110 9111
f 8949 8948 9112
f 8948 9111 9112
f 8950 8949 9113
f 8949 9112 9113
f 8951 8950 9114
f 8950 9113 9114
f 8952 8951 9115
f 8951 9114 9115
f 8954 8953 9025
f 8955 8854 9116
f 8854 9016 9116
f 8840 8866 9117
f 9006 8840 9117
f 8866 8989 9117
f 8956 8683 9118
f 8852 8808 9119
f 8858 8852 9119
f 8808 8976 9119
f 9118 8683 8790
f 8956 9118 9120
f 8835 8990 9121
f 8989 8835 9121
f 8990 9030 9121
f 8958 8817 9122
f 8817 8999 9122
f 8959 8956 9123
f 9016 8959 9123
f 8956 9120 9123
f 8960 8860 9124
f 8994 8984 9125
f 9010 8847 9126
f 8847 8973 9126
f 8816 8677 8853
f 8838 8804 9127
f 8860 8838 9127
f 8804 8977 9127
f 8966 8960 9128
f 8960 9124 9128
f 8984 8841 9129
f 8841 9007 9129
f 8968 8978 9028
f 8867 8806 9130
f 8806 8979 9130
f 8971 8958 9131
f 8958 9122 9131
f 8962 8820 9132
f 8820 8988 9132
f 9019 8965 9133
f 8965 9018 9133
f 9012 8943 9134
f 9004 9029 9135
f 8846 8969 9136
f 8974 8829 9137
f 8829 9002 9137
f 8970 8861 9105
f 9013 8865 9138
f 8865 9017 9138
f 9118 8790 8942
f 9014 8961 9139
f 8961 9009 9139
f 8844 8964 9140
f 8980 8968 9028
f 8981 8945 9141
f 8945 9022 9141
f 9127 8977 9142
f 8860 9127 9124
f 8955 9116 9024
f 8837 8975 9143
f 8963 8970 9144
f 8977 9003 9142
f 8993 8864 9145
f 8867 9130 9106
f 9015 8858 9146
f 8858 9119 9146
f 8982 9014 9147
f 8988 8966 9148
f 8975 9012 9149
f 8815 8994 9150
f 8991 9015 9151
f 8863 9104 8985
f 9025 8953 9152
f 9026 8983 9153
f 8995 8982 9154
f 8982 9147 9154
f 8843 8963 9155
f 9108 9021 9156
f 9021 9006 9156
f 9009 8844 9140
f 8996 8846 9136
f 9105 8972 9157
f 8972 9019 9157
f 9000 8823 9110
f 9158 9159 9160
f 8823 8993 9110
f 9109 8991 9161
f 8991 9151 9161
f 9001 8834 9162
f 8834 8851 9162
f 9002 8857 9163
f 8857 9109 9163
f 8856 8815 9150
f 8953 8952 9152
f 9030 8986 9164
f 8986 9026 9164
f 8843 9155 9005
f 8987 8849 9165
f 8849 8981 9165
f 9153 8983 9166
f 8983 9013 9166
f 8851 8803 9167
f 9162 8851 9167
f 8803 8974 9167
f 8964 8971 9168
f 8967 8859 9169
f 8859 9023 9169
f 9126 8973 9170
f 8973 9108 9170
f 9007 9004 9171
f 9004 9135 9171
f 9125 8984 9172
f 8984 9129 9172
f 9008 8842 9173
f 8842 8962 9173
f 8994 9125 9150
f 9011 9010 9174
f 9136 8969 9175
f 8969 9005 9175
f 9130 8979 9176
f 8979 9011 9176
f 8976 8837 9143
f 9134 8943 9177
f 8943 8997 9177
f 9148 8966 9178
f 8966 9128 9178
f 9140 8964 9179
f 8964 9168 9179
f 9143 8975 9180
f 8975 9149 9180
f 9145 8864 9181
f 8864 8987 9181
f 9155 8963 9182
f 8963 9144 9182
f 9174 9010 9183
f 9010 9126 9183
f 9118 8942 9103
f 9018 8967 9184
f 8967 9169 9184
f 9022 8985 9185
f 8985 9104 9185
f 9149 9012 9186
f 9012 9134 9186
f 9127 9142 9124
f 9023 8856 9150
f 9031 9027 9187
f 8980 9028 9188
f 9023 9150 9189
f 9169 9023 9189
f 9150 9125 9189
f 9144 8970 9190
f 8970 9105 9190
f 9104 8996 9191
f 9185 9104 9191
f 8996 9136 9191
f 8999 9008 9192
f 9122 8999 9192
f 9008 9173 9192
f 9142 9003 9193
f 9128 9124 9194
f 9124 9142 9194
f 9106 9130 9195
f 9130 9176 9195
f 9147 9014 9196
f 9014 9139 9196
f 9027 9025 9197
f 9187 9027 9197
f 9025 9152 9197
f 9017 9001 9198
f 9001 9162 9198
f 9028 9024 9188
f 9024 9116 9199
f 9032 9031 9200
f 9031 9187 9200
f 9033 9032 9201
f 9032 9200 9201
f 9034 9033 9202
f 9033 9201 9202
f 9035 9034 9203
f 9034 9202 9203
f 9036 9035 9204
f 9035 9203 9204
f 9037 9036 9205
f 9036 9204 9205
f 9038 9037 9206
f 9037 9205 9206
f 9039 9038 9207
f 9038 9206 9207
f 9040 9039 9208
f 9039 9207 9208
f 9041 9040 9209
f 9040 9208 9209
f 9042 9041 9210
f 9041 9209 9210
f 9043 9042 9211
f 9042 9210 9211
f 9044 9043 9212
f 9043 9211 9212
f 9045 9044 9213
f 9044 9212 9213
f 9046 9045 9214
f 9045 9213 9214
f 9047 9046 9215
f 9046 9214 9215
f 9048 9047 9216
f 9047 9215 9216
f 9049 9048 9217
f 9048 9216 9217
f 9050 9049 9218
f 9049 9217 9218
f 9051 9050 9219
f 9050 9218 9219
f 9052 9051 9220
f 9051 9219 9220
f 9053 9052 9221
f 9052 9220 9221
f 9054 9053 9222
f 9053 9221 9222
f 9055 9054 9223
f 9054 9222 9223
f 9056 9055 9224
f 9055 9223 9224
f 9057 9056 9225
f 9056 9224 9225
f 9058 9057 9226
f 9057 9225 9226
f 9059 9058 9227
f 9058 9226 9227
f 9060 9059 9228
f 9059 9227 9228
f 9061 9060 9229
f 9060 9228 9229
f 9062 9061 9230
f 9061 9229 9230
f 9063 9062 9231
f 9062 9230 9231
f 9064 9063 9232
f 9063 9231 9232
f 9065 9064 9233
f 9064 9232 9233
f 9066 9065 9234
f 9065 9233 9234
f 9067 9066 9235
f 9066 9234 9235
f 9068 9067 9236
f 9067 9235 9236
f 9069 9068 9237
f 9068 9236 9237
f 9070 9069 9238
f 9069 9237 9238
f 9071 9070 9239
f 9070 9238 9239
f 9072 9071 9240
f 9071 9239 9240
f 9073 9072 9241
f 9072 9240 9241
f 9074 9073 9242
f 9073 9241 9242
f 9075 9074 9243
f 9074 9242 9243
f 9076 9075 9244
f 9075 9243 9244
f 9077 9076 9245
f 9076 9244 9245
f 9078 9077 9246
f 9077 9245 9246
f 9079 9078 9247
f 9078 9246 9247
f 9080 9079 9248
f 9079 9247 9248
f 9081 9080 9249
f 9080 9248 9249
f 9082 9081 9250
f 9081 9249 9250
f 9083 9082 9251
f 9082 9250 9251
f 9084 9083 9252
f 9083 9251 9252
f 9085 9084 9253
f 9084 9252 9253
f 9086 9085 9254
f 9085 9253 9254
f 9087 9086 9255
f 9086 9254 9255
f 9088 9087 9256
f 9087 9255 9256
f 9089 9088 9257
f 9088 9256 9257
f 9090 9089 9258
f 9089 9257 9258
f 9091 9090 9259
f 9090 9258 9259
f 9092 9091 9260
f 9091 9259 9260
f 9093 9092 9261
f 9092 9260 9261
f 9094 9093 9262
f 9093 9261 9262
f 9095 9094 9263
f 9094 9262 9263
f 9096 9095 9264
f 9095 9263 9264
f 9097 9096 9265
f 9096 9264 9265
f 9098 9097 9266
f 9097 9265 9266
f 9099 9098 9267
f 9098 9266 9267
f 9100 9099 9268
f 9099 9267 9268
f 9101 9100 9269
f 9100 9268 9269
f 9102 9101 9270
f 9101 9269 9270
f 9029 9106 9195
f 9168 8971 9271
f 8971 9131 9271
f 9003 8980 9193
f 9111 9110 9272
f 9273 9274 9275
f 9112 9111 9276
f 9111 9272 9276
f 9113 9112 9277
f 9112 9276 9277
f 9114 9113 9278
f 9113 9277 9278
f 9119 8976 9279
f 8976 9143 9279
f 9120 9118 9103
f 9151 9015 9280
f 9015 9146 9280
f 9129 9007 9281
f 9007 9171 9281
f 9135 9029 9282
f 9029 9195 9282
f 9120 9103 9102
f 9120 9102 9270
f 9132 8988 9283
f 8988 9148 9283
f 9133 9018 9284
f 9018 9184 9284
f 9178 9128 9285
f 9128 9194 9285
f 9186 9134 9286
f 9011 9174 9287
f 9006 9117 9156
f 9105 9157 9190
f 9189 9125 9288
f 9125 9172 9288
f 9024 9199 9188
f 9138 9017 9289
f 9017 9198 9289
f 9179 9168 9290
f 9139 9009 9291
f 9009 9140 9291
f 9121 9030 9292
f 8980 9188 9193
f 9019 9133 9293
f 9180 9149 9294
f 9141 9022 9295
f 9022 9185 9295
f 8993 9145 9272
f 9191 9136 9296
f 9136 9175 9296
f 9181 8987 9297
f 8987 9165 9297
f 9194 9142 9193
f 9153 9166 9298
f 9174 9183 9299
f 9182 9144 9300
f 9146 9119 9279
f 9005 9155 9301
f 9145 9181 9302
f 9152 8952 9115
f 9005 9301 9175
f 9199 9116 9303
f 9116 9016 9303
f 9026 9153 9304
f 8995 9154 9107
f 9183 9126 9305
f 9126 9170 9305
f 9108 9156 9306
f 9135 9282 9307
f 9157 9019 9308
f 9019 9293 9308
f 9300 9144 9309
f 9144 9190 9309
f 9163 9109 9310
f 9109 9161 9310
f 9283 9148 9311
f 9161 9151 9312
f 9279 9143 9313
f 9143 9180 9313
f 9115 9114 9314
f 9154 9147 9315
f 9164 9026 9304
f 9117 8989 9316
f 9156 9117 9316
f 8989 9121 9316
f 9165 8981 9317
f 8981 9141 9317
f 9166 9013 9318
f 9013 9138 9318
f 9167 8974 9319
f 8974 9137 9319
f 9170 9108 9320
f 9108 9306 9320
f 9171 9135 9321
f 9135 9307 9321
f 9123 9120 9322
f 9120 9270 9322
f 9172 9129 9323
f 9129 9281 9323
f 9173 8962 9324
f 8962 9132 9324
f 9315 9147 9325
f 9147 9196 9325
f 9137 9002 9326
f 9002 9163 9326
f 9176 9011 9287
f 9131 9122 9327
f 9122 9192 9327
f 9287 9174 9328
f 9174 9299 9328
f 9152 9115 9329
f 9197 9152 9329
f 9115 9314 9329
f 9286 9134 9330
f 9134 9177 9330
f 9294 9149 9331
f 9149 9186 9331
f 9291 9140 9332
f 9140 9179 9332
f 9290 9168 9333
f 9168 9271 9333
f 9292 9030 9334
f 9030 9164 9334
f 9272 9145 9335
f 9276 9272 9335
f 9145 9302 9335
f 9312 9151 9336
f 9151 9280 9336
f 9301 9155 9337
f 9155 9182 9337
f 9304 9153 9338
f 9153 9298 9338
f 9311 9148 9339
f 9148 9178 9339
f 9184 9169 9340
f 9169 9189 9340
f 9192 9173 9341
f 9327 9192 9341
f 9173 9324 9341
f 8997 9020 9342
f 9114 9278 9314
f 9188 9199 9343
f 9193 9188 9344
f 9194 9193 9344
f 9188 9343 9344
f 9293 9133 9345
f 9133 9284 9345
f 9299 9183 9346
f 9183 9305 9346
f 9298 9166 9347
f 9166 9318 9347
f 9020 8998 9348
f 9195 9176 9349
f 9282 9195 9349
f 9176 9287 9349
f 9146 9279 9350
f 9280 9146 9350
f 9279 9313 9350
f 9196 9139 9351
f 9139 9291 9351
f 8998 9107 9348
f 9200 9187 9352
f 9307 9282 9353
f 9282 9349 9353
f 9303 9016 9354
f 9107 9154 9348
f 9283 9311 9355
f 9306 9156 9316
f 9201 9200 9356
f 9200 9352 9356
f 9202 9201 9357
f 9201 9356 9357
f 9203 9202 9358
f 9202 9357 9358
f 9204 9203 9359
f 9203 9358 9359
f 9205 9204 9360
f 9204 9359 9360
f 9206 9205 9361
f 9205 9360 9361
f 9207 9206 9362
f 9206 9361 9362
f 9208 9207 9363
f 9207 9362 9363
f 9209 9208 9364
f 9208 9363 9364
f 9210 9209 9365
f 9209 9364 9365
f 9211 9210 9366
f 9210 9365 9366
f 9212 9211 9367
f 9211 9366 9367
f 9213 9212 9368
f 9212 9367 9368
f 9214 9213 9369
f 9213 9368 9369
f 9215 9214 9370
f 9214 9369 9370
f 9216 9215 9371
f 9215 9370 9371
f 9217 9216 9372
f 9216 9371 9372
f 9218 9217 9373
f 9217 9372 9373
f 9219 9218 9374
f 9218 9373 9374
f 9220 9219 9375
f 9219 9374 9375
f 9221 9220 9376
f 9220 9375 9376
f 9222 9221 9377
f 9221 9376 9377
f 9223 9222 9378
f 9222 9377 9378
f 9224 9223 9379
f 9223 9378 9379
f 9225 9224 9380
f 9224 9379 9380
f 9226 9225 9381
f 9225 9380 9381
f 9227 9226 9382
f 9226 9381 9382
f 9228 9227 9383
f 9227 9382 9383
f 9229 9228 9384
f 9228 9383 9384
f 9230 9229 9385
f 9229 9384 9385
f 9231 9230 9386
f 9230 9385 9386
f 9232 9231 9387
f 9231 9386 9387
f 9233 9232 9388
f 9232 9387 9388
f 9234 9233 9389
f 9233 9388 9389
f 9235 9234 9390
f 9234 9389 9390
f 9236 9235 9391
f 9235 9390 9391
f 9237 9236 9392
f 9236 9391 9392
f 9238 9237 9393
f 9237 9392 9393
f 9239 9238 9394
f 9238 9393 9394
f 9240 9239 9395
f 9239 9394 9395
f 9241 9240 9396
f 9240 9395 9396
f 9242 9241 9397
f 9241 9396 9397
f 9243 9242 9398
f 9242 9397 9398
f 9244 9243 9399
f 9243 9398 9399
f 9245 9244 9400
f 9244 9399 9400
f 9246 9245 9401
f 9245 9400 9401
f 9247 9246 9402
f 9246 9401 9402
f 9248 9247 9403
f 9247 9402 9403
f 9249 9248 9404
f 9248 9403 9404
f 9250 9249 9405
f 9249 9404 9405
f 9251 9250 9406
f 9250 9405 9406
f 9252 9251 9407
f 9251 9406 9407
f 9253 9252 9408
f 9252 9407 9408
f 9254 9253 9409
f 9253 9408 9409
f 9255 9254 9410
f 9254 9409 9410
f 9256 9255 9411
f 9255 9410 9411
f 9257 9256 9412
f 9256 9411 9412
f 9258 9257 9413
f 9257 9412 9413
f 9259 9258 9414
f 9258 9413 9414
f 9260 9259 9415
f 9259 9414 9415
f 9261 9260 9416
f 9260 9415 9416
f 9262 9261 9417
f 9261 9416 9417
f 9263 9262 9418
f 9262 9417 9418
f 9264 9263 9419
f 9263 9418 9419
f 9265 9264 9420
f 9264 9419 9420
f 9266 9265 9421
f 9265 9420 9421
f 9267 9266 9422
f 9266 9421 9422
f 9268 9267 9423
f 9267 9422 9423
f 9269 9268 9424
f 9268 9423 9424
f 9270 9269 9425
f 9322 9270 9425
f 9269 9424 9425
f 9302 9181 9426
f 9181 9297 9426
f 9271 9131 9427
f 9131 9327 9427
f 8997 9342 9177
f 9314 9278 9428
f 9303 9354 9429
f 9354 9016 9123
f 9348 9154 9315
f 9190 9157 9430
f 9309 9190 9430
f 9157 9308 9430
f 9121 9292 9316
f 9348 9315 9342
f 9020 9348 9342
f 9277 9276 9431
f 9276 9335 9431
f 9278 9277 9428
f 9187 9197 9432
f 9352 9187 9432
f 9197 9329 9432
f 9185 9191 9433
f 9295 9185 9433
f 9191 9296 9433
f 9199 9303 9434
f 9303 9429 9434
f 9162 9167 9435
f 9198 9162 9435
f 9167 9319 9435
f 9281 9171 9436
f 9171 9321 9436
f 9342 9315 9437
f 9177 9342 9437
f 9315 9325 9437
f 9284 9184 9438
f 9184 9340 9438
f 9285 9194 9344
f 9331 9186 9439
f 9186 9286 9439
f 9317 9141 9440
f 9141 9295 9440
f 9343 9199 9434
f 9332 9179 9441
f 9179 9290 9441
f 9288 9172 9442
f 9172 9323 9442
f 9333 9271 9443
f 9271 9427 9443
f 9289 9198 9444
f 9198 9435 9444
f 9334 9164 9445
f 9164 9304 9445
f 9286 9330 9446
f 9335 9302 9447
f 9431 9335 9447
f 9302 9426 9447
f 9349 9287 9448
f 9353 9349 9448
f 9287 9328 9448
f 9180 9294 9449
f 9313 9180 9449
f 9297 9165 9450
f 9165 9317 9450
f 9337 9182 9451
f 9182 9300 9451
f 9294 9331 9452
f 9300 9309 9453
f 9354 9123 9322
f 9449 9294 9454
f 9294 9452 9454
f 9338 9298 9455
f 9312 9336 9456
f 9177 9437 9330
f 9308 9293 9457
f 9307 9353 9458
f 9299 9346 9459
f 9339 9178 9460
f 9178 9285 9460
f 9428 9277 9431
f 9355 9311 9461
f 9305 9170 9462
f 9170 9320 9462
f 9132 9283 9463
f 9306 9316 9292
f 9429 9354 9322
f 9110 8993 9272
f 9310 9161 9464
f 9161 9312 9464
f 9340 9189 9288
f 9336 9280 9465
f 9280 9350 9465
f 9296 9175 9466
f 9175 9301 9466
f 9318 9138 9467
f 9138 9289 9467
f 9319 9137 9468
f 9137 9326 9468
f 9320 9306 9469
f 9306 9292 9469
f 9464 9312 9470
f 9312 9456 9470
f 9321 9307 9471
f 9307 9458 9471
f 9351 9291 9472
f 9291 9332 9472
f 9323 9281 9473
f 9281 9436 9473
f 9324 9132 9463
f 9325 9196 9474
f 9196 9351 9474
f 9290 9333 9475
f 9326 9163 9476
f 9163 9310 9476
f 9328 9299 9477
f 9299 9459 9477
f 9329 9314 9478
f 9432 9329 9478
f 9314 9428 9478
f 9439 9286 9479
f 9286 9446 9479
f 9441 9290 9480
f 9290 9475 9480
f 9445 9304 9481
f 9304 9338 9481
f 9451 9300 9482
f 9300 9453 9482
f 9455 9298 9483
f 9298 9347 9483
f 9457 9293 9484
f 9293 9345 9484
f 9461 9311 9485
f 9311 9339 9485
f 9463 9283 9355
f 9466 9301 9486
f 9301 9337 9486
f 9469 9292 9334
f 9458 9353 9487
f 9353 9448 9487
f 9344 9343 9488
f 9436 9321 9489
f 9321 9471 9489
f 9456 9336 9490
f 9336 9465 9490
f 9453 9309 9491
f 9309 9430 9491
f 9346 9305 9492
f 9305 9462 9492
f 9343 9434 9488
f 9347 9318 9493
f 9318 9467 9493
f 9452 9331 9494
f 9331 9439 9494
f 9330 9437 9495
f 9446 9330 9495
f 9437 9325 9495
f 9356 9352 9496
f 9428 9431 9497
f 9431 9447 9497
f 9429 9322 9425
f 9357 9356 9498
f 9356 9496 9498
f 9358 9357 9499
f 9357 9498 9499
f 9359 9358 9500
f 9358 9499 9500
f 9360 9359 9501
f 9359 9500 9501
f 9361 9360 9502
f 9360 9501 9502
f 9362 9361 9503
f 9361 9502 9503
f 9363 9362 9504
f 9362 9503 9504
f 9364 9363 9505
f 9363 9504 9505
f 9365 9364 9506
f 9364 9505 9506
f 9366 9365 9507
f 9365 9506 9507
f 9367 9366 9508
f 9366 9507 9508
f 9368 9367 9509
f 9367 9508 9509
f 9369 9368 9510
f 9368 9509 9510
f 9370 9369 9511
f 9369 9510 9511
f 9371 9370 9512
f 9370 9511 9512
f 9372 9371 9513
f 9371 9512 9513
f 9373 9372 9514
f 9372 9513 9514
f 9374 9373 9515
f 9373 9514 9515
f 9375 9374 9516
f 9374 9515 9516
f 9376 9375 9517
f 9375 9516 9517
f 9377 9376 9518
f 9376 9517 9518
f 9378 9377 9519
f 9377 9518 9519
f 9379 9378 9520
f 9378 9519 9520
f 9380 9379 9521
f 9379 9520 9521
f 9381 9380 9522
f 9380 9521 9522
f 9382 9381 9523
f 9381 9522 9523
f 9383 9382 9524
f 9382 9523 9524
f 9384 9383 9525
f 9383 9524 9525
f 9385 9384 9526
f 9384 9525 9526
f 9386 9385 9527
f 9385 9526 9527
f 9387 9386 9528
f 9386 9527 9528
f 9388 9387 9529
f 9387 9528 9529
f 9389 9388 9530
f 9388 9529 9530
f 9390 9389 9531
f 9389 9530 9531
f 9391 9390 9532
f 9390 9531 9532
f 9392 9391 9533
f 9391 9532 9533
f 9393 9392 9534
f 9392 9533 9534
f 9394 9393 9535
f 9393 9534 9535
f 9395 9394 9536
f 9394 9535 9536
f 9396 9395 9537
f 9395 9536 9537
f 9397 9396 9538
f 9396 9537 9538
f 9398 9397 9539
f 9397 9538 9539
f 9399 9398 9540
f 9398 9539 9540
f 9400 9399 9541
f 9399 9540 9541
f 9401 9400 9542
f 9400 9541 9542
f 9402 9401 9543
f 9401 9542 9543
f 9403 9402 9544
f 9402 9543 9544
f 9404 9403 9545
f 9403 9544 9545
f 9405 9404 9546
f 9404 9545 9546
f 9406 9405 9547
f 9405 9546 9547
f 9407 9406 9548
f 9406 9547 9548
f 9408 9407 9549
f 9407 9548 9549
f 9409 9408 9550
f 9408 9549 9550
f 9410 9409 9551
f 9409 9550 9551
f 9411 9410 9552
f 9410 9551 9552
f 9412 9411 9553
f 9411 9552 9553
f 9413 9412 9554
f 9412 9553 9554
f 9414 9413 9555
f 9413 9554 9555
f 9415 9414 9556
f 9414 9555 9556
f 9416 9415 9557
f 9415 9556 9557
f 9417 9416 9558
f 9416 9557 9558
f 9418 9417 9559
f 9417 9558 9559
f 9419 9418 9560
f 9418 9559 9560
f 9420 9419 9561
f 9419 9560 9561
f 9421 9420 9562
f 9420 9561 9562
f 9422 9421 9563
f 9421 9562 9563
f 9423 9422 9564
f 9422 9563 9564
f 9424 9423 9565
f 9423 9564 9565
f 9427 9327 9566
f 9327 9341 9566
f 9459 9346 9567
f 9346 9492 9567
f 9340 9288 9568
f 9288 9442 9568
f 9345 9284 9569
f 9284 9438 9569
f 9426 9297 9570
f 9297 9450 9570
f 9475 9333 9571
f 9333 9443 9571
f 9435 9319 9572
f 9319 9468 9572
f 9469 9334 9573
f 9334 9445 9573
f 9463 9355 9574
f 9350 9313 9575
f 9465 9350 9575
f 9313 9449 9575
f 9434 9429 9576
f 9285 9344 9488
f 9341 9324 9577
f 9566 9341 9577
f 9324 9463 9577
f 9480 9475 9578
f 9440 9295 9579
f 9295 9433 9579
f 9463 9574 9577
f 9438 9340 9568
f 9447 9426 9580
f 9497 9447 9580
f 9426 9570 9580
f 9337 9451 9581
f 9481 9338 9582
f 9338 9455 9582
f 9442 9323 9583
f 9323 9473 9583
f 9443 9427 9584
f 9427 9566 9584
f 9325 9474 9495
f 9444 9435 9572
f 9482 9453 9585
f 9429 9425 9586
f 9576 9429 9586
f 9425 9424 9586
f 9296 9466 9587
f 9434 9576 9488
f 9459 9567 9588
f 9332 9441 9589
f 9450 9317 9590
f 9317 9440 9590
f 9483 9347 9591
f 9347 9493 9591
f 9494 9439 9592
f 9439 9479 9592
f 9455 9483 9593
f 9454 9452 9594
f 9484 9345 9595
f 9345 9569 9595
f 9456 9490 9596
f 9433 9296 9587
f 9581 9451 9597
f 9451 9482 9597
f 9485 9339 9598
f 9339 9460 9598
f 9308 9457 9599
f 9308 9599 9430
f 9462 9320 9600
f 9320 9469 9600
f 9486 9337 9581
f 9464 9470 9601
f 9428 9497 9496
f 9457 9484 9602
f 9575 9449 9603
f 9449 9454 9603
f 9578 9475 9604
f 9475 9571 9604
f 9352 9432 9478
f 9458 9487 9605
f 9587 9466 9606
f 9466 9486 9606
f 9310 9464 9607
f 9479 9446 9608
f 9461 9485 9609
f 9448 9328 9610
f 9487 9448 9610
f 9328 9477 9610
f 9467 9289 9611
f 9289 9444 9611
f 9468 9326 9612
f 9326 9476 9612
f 9470 9456 9613
f 9456 9596 9613
f 9471 9458 9614
f 9458 9605 9614
f 9472 9332 9589
f 9473 9436 9615
f 9436 9489 9615
f 9476 9310 9607
f 9474 9351 9616
f 9351 9472 9616
f 9573 9445 9617
f 9445 9481 9617
f 9477 9459 9618
f 9459 9588 9618
f 9460 9285 9488
f 9574 9355 9619
f 9355 9461 9619
f 9424 9565 9586
f 9594 9452 9620
f 9452 9494 9620
f 9582 9455 9621
f 9455 9593 9621
f 9585 9453 9622
f 9453 9491 9622
f 9589 9441 9623
f 9441 9480 9623
f 9599 9457 9624
f 9457 9602 9624
f 9600 9469 9573
f 9607 9464 9601
f 9619 9461 9625
f 9461 9609 9625
f 9446 9495 9626
f 9576 9586 9627
f 9586 9565 9627
f 9496 9352 9478
f 9490 9465 9628
f 9465 9575 9628
f 9491 9430 9599
f 9492 9462 9629
f 9462 9600 9629
f 9588 9567 9630
f 9493 9467 9631
f 9467 9611 9631
f 9593 9483 9632
f 9483 9591 9632
f 9495 9474 9626
f 9626 9474 9616
f 9596 9490 9633
f 9490 9628 9633
f 9433 9587 9579
f 9607 9601 9634
f 9496 9497 9635
f 9498 9496 9635
f 9497 9580 9635
f 9608 9446 9626
f 9460 9488 9636
f 9601 9470 9637
f 9470 9613 9637
f 9428 9496 9478
f 9600 9573 9638
f 9629 9600 9638
f 9573 9617 9638
f 9499 9498 9639
f 9498 9635 9639
f 9500 9499 9640
f 9499 9639 9640
f 9501 9500 9641
f 9500 9640 9641
f 9502 9501 9642
f 9501 9641 9642
f 9503 9502 9643
f 9502 9642 9643
f 9504 9503 9644
f 9503 9643 9644
f 9505 9504 9645
f 9504 9644 9645
f 9506 9505 9585
f 9507 9506 9585
f 9508 9507 9622
f 9509 9508 9646
f 9509 9624 9510
f 9511 9510 9602
f 9512 9511 9647
f 9513 9512 9648
f 9512 9647 9648
f 9514 9513 9649
f 9513 9648 9649
f 9515 9514 9650
f 9514 9649 9650
f 9516 9515 9651
f 9515 9650 9651
f 9517 9516 9652
f 9516 9651 9652
f 9518 9517 9653
f 9517 9652 9653
f 9519 9518 9614
f 9520 9519 9614
f 9521 9520 9605
f 9522 9521 9654
f 9523 9522 9618
f 9524 9523 9618
f 9525 9524 9588
f 9526 9525 9630
f 9527 9526 9655
f 9528 9527 9656
f 9527 9655 9656
f 9529 9528 9657
f 9528 9656 9657
f 9530 9529 9621
f 9531 9530 9621
f 9532 9531 9593
f 9533 9532 9632
f 9534 9533 9658
f 9535 9534 9659
f 9534 9658 9659
f 9536 9535 9660
f 9535 9659 9660
f 9537 9536 9661
f 9536 9660 9661
f 9538 9537 9662
f 9537 9661 9662
f 9539 9538 9663
f 9538 9662 9663
f 9540 9539 9637
f 9541 9540 9637
f 9542 9541 9613
f 9543 9542 9596
f 9544 9543 9633
f 9545 9544 9664
f 9546 9545 9594
f 9547 9546 9594
f 9548 9547 9620
f 9549 9548 9665
f 9550 9549 9666
f 9549 9665 9666
f 9551 9550 9667
f 9550 9666 9667
f 9552 9551 9668
f 9551 9667 9668
f 9553 9552 9669
f 9552 9668 9669
f 9554 9553 9670
f 9553 9669 9670
f 9555 9554 9578
f 9556 9555 9578
f 9557 9556 9604
f 9558 9557 9671
f 9559 9558 9672
f 9558 9671 9672
f 9560 9559 9673
f 9559 9672 9673
f 9561 9560 9625
f 9562 9561 9625
f 9563 9562 9609
f 9564 9563 9674
f 9565 9564 9675
f 9627 9565 9675
f 9564 9674 9675
f 9567 9492 9676
f 9630 9567 9676
f 9492 9629 9676
f 9482 9585 9645
f 9594 9545 9664
f 9605 9487 9654
f 9568 9442 9677
f 9442 9583 9677
f 9569 9438 9678
f 9438 9568 9678
f 9489 9471 9653
f 9608 9626 9679
f 9626 9616 9679
f 9566 9577 9680
f 9584 9566 9680
f 9577 9574 9680
f 9570 9450 9681
f 9450 9590 9681
f 9596 9542 9613
f 9571 9443 9682
f 9443 9584 9682
f 9572 9468 9683
f 9468 9612 9683
f 9480 9578 9670
f 9602 9484 9647
f 9609 9485 9674
f 9585 9505 9645
f 9507 9585 9622
f 9511 9602 9647
f 9521 9605 9654
f 9605 9520 9614
f 9525 9588 9630
f 9588 9524 9618
f 9532 9593 9632
f 9593 9531 9621
f 9543 9596 9633
f 9547 9594 9620
f 9578 9554 9670
f 9556 9578 9604
f 9563 9609 9674
f 9609 9562 9625
f 9494 9592 9665
f 9476 9607 9684
f 9595 9569 9685
f 9569 9678 9685
f 9580 9570 9686
f 9635 9580 9686
f 9570 9681 9686
f 9481 9582 9687
f 9583 9473 9688
f 9473 9615 9688
f 9590 9440 9689
f 9440 9579 9689
f 9623 9480 9670
f 9628 9575 9603
f 9488 9576 9636
f 9603 9454 9664
f 9674 9485 9598
f 9591 9493 9690
f 9493 9631 9690
f 9592 9479 9691
f 9479 9608 9691
f 9655 9526 9630
f 9444 9572 9692
f 9454 9594 9664
f 9481 9687 9617
f 9665 9548 9620
f 9484 9595 9647
f 9687 9582 9657
f 9634 9601 9663
f 9597 9482 9645
f 9598 9460 9636
f 9472 9589 9693
f 9508 9622 9646
f 9572 9683 9692
f 9618 9522 9654
f 9601 9637 9663
f 9602 9510 9624
f 9671 9557 9604
f 9619 9625 9673
f 9604 9571 9671
f 9509 9646 9624
f 9518 9653 9614
f 9444 9692 9611
f 9529 9657 9621
f 9533 9632 9658
f 9539 9663 9637
f 9541 9637 9613
f 9544 9633 9664
f 9619 9673 9694
f 9574 9619 9694
f 9673 9672 9694
f 9560 9673 9625
f 9684 9607 9634
f 9606 9486 9695
f 9486 9581 9695
f 9581 9597 9696
f 9695 9581 9696
f 9597 9645 9696
f 9654 9487 9610
f 9568 9677 9678
f 9610 9477 9654
f 9494 9665 9620
f 9654 9477 9618
f 9653 9471 9614
f 9579 9587 9697
f 9689 9579 9697
f 9587 9606 9697
f 9472 9693 9616
f 9680 9574 9694
f 9599 9624 9646
f 9599 9646 9491
f 9612 9476 9684
f 9571 9682 9671
f 9589 9623 9698
f 9693 9589 9698
f 9623 9670 9698
f 9615 9489 9653
f 9582 9621 9657
f 9491 9646 9622
f 9691 9608 9699
f 9608 9679 9699
f 9671 9682 9672
f 9615 9653 9652
f 9681 9590 9700
f 9590 9689 9700
f 9656 9655 9701
f 9631 9611 9702
f 9611 9692 9702
f 9617 9687 9703
f 9638 9617 9703
f 9687 9657 9703
f 9639 9635 9686
f 9674 9598 9675
f 9592 9691 9666
f 9632 9591 9658
f 9633 9628 9664
f 9634 9663 9704
f 9684 9634 9704
f 9663 9662 9704
f 9598 9636 9675
f 9603 9664 9628
f 9640 9639 9705
f 9639 9686 9705
f 9641 9640 9706
f 9640 9705 9706
f 9642 9641 9707
f 9641 9706 9707
f 9645 9644 9696
f 9649 9648 9685
f 9650 9649 9708
f 9651 9650 9688
f 9652 9651 9688
f 9657 9656 9703
f 9660 9659 9709
f 9661 9660 9710
f 9660 9709 9710
f 9662 9661 9711
f 9704 9662 9711
f 9661 9710 9711
f 9694 9672 9682
f 9647 9595 9648
f 9667 9666 9691
f 9668 9667 9699
f 9670 9669 9698
f 9665 9592 9666
f 9679 9616 9693
f 9677 9583 9708
f 9679 9693 9712
f 9699 9679 9712
f 9693 9698 9712
f 9655 9630 9676
f 9648 9595 9685
f 9678 9677 9708
f 9683 9612 9713
f 9612 9684 9713
f 9615 9652 9688
f 9667 9691 9699
f 9659 9658 9690
f 9658 9591 9690
f 9606 9695 9714
f 9686 9681 9705
f 9606 9714 9697
f 9583 9688 9708
f 9576 9627 9636
f 9701 9655 9676
f 9631 9702 9709
f 9668 9699 9712
f 9656 9701 9703
f 9690 9631 9709
f 9714 9695 9715
f 9676 9629 9701
f 9688 9650 9708
f 9692 9683 9716
f 9708 9649 9685
f 9643 9642 9717
f 9644 9643 9718
f 9678 9708 9685
f 9716 9683 9713
f 9681 9700 9705
f 9709 9659 9690
f 9682 9584 9694
f 9675 9636 9627
f 9684 9704 9713
f 9698 9669 9712
f 9669 9668 9712
f 9692 9716 9702
f 9696 9644 9718
f 9680 9694 9584
f 9642 9707 9717
f 9629 9638 9701
f 9709 9702 9710
f 9715 9695 9718
f 9689 9697 9719
f 9700 9689 9719
f 9697 9714 9719
f 9710 9702 9716
f 9718 9643 9715
f 9706 9705 9700
f 9707 9706 9719
f 9701 9638 9703
f 9706 9700 9719
f 9710 9716 9711
f 9713 9704 9711
f 9643 9717 9715
f 9695 9696 9718
f 9716 9713 9711
f 9715 9717 9714
f 9714 9717 9707
f 9714 9707 9719
f 1 9720 96
f 9720 9721 9722
f 9723 9724 9725
f 9726 9727 9728
f 9729 9730 9731
f 9730 9732 9733
f 9731 9730 9733
f 9732 9734 9733
f 97 96 9735
f 99 97 9736
f 97 9735 9736
f 100 99 9737
f 99 9736 9737
f 102 100 9738
f 100 9737 9738
f 103 102 9739
f 102 9738 9739
f 105 103 9740
f 103 9739 9740
f 106 105 9741
f 105 9740 9741
f 108 106 9742
f 106 9741 9742
f 109 108 9743
f 108 9742 9743
f 111 109 9744
f 109 9743 9744
f 112 111 9745
f 111 9744 9745
f 114 112 9746
f 112 9745 9746
f 115 114 9747
f 114 9746 9747
f 117 115 9748
f 115 9747 9748
f 118 117 9749
f 117 9748 9749
f 120 118 9750
f 118 9749 9750
f 121 120 9751
f 120 9750 9751
f 123 121 9752
f 121 9751 9752
f 124 123 9753
f 123 9752 9753
f 126 124 9754
f 124 9753 9754
f 127 126 9755
f 126 9754 9755
f 129 127 9756
f 127 9755 9756
f 130 129 9757
f 129 9756 9757
f 132 130 9758
f 130 9757 9758
f 133 132 9759
f 132 9758 9759
f 135 133 9760
f 133 9759 9760
f 136 135 9761
f 135 9760 9761
f 138 136 9762
f 136 9761 9762
f 139 138 9763
f 138 9762 9763
f 141 139 9764
f 139 9763 9764
f 142 141 9765
f 141 9764 9765
f 144 142 9766
f 142 9765 9766
f 145 144 9767
f 144 9766 9767
f 147 145 9768
f 145 9767 9768
f 148 147 9769
f 147 9768 9769
f 150 148 9770
f 148 9769 9770
f 151 150 9771
f 150 9770 9771
f 153 151 9772
f 151 9771 9772
f 154 153 9773
f 153 9772 9773
f 156 154 9774
f 154 9773 9774
f 157 156 9775
f 156 9774 9775
f 159 157 9776
f 157 9775 9776
f 160 159 9777
f 159 9776 9777
f 162 160 9778
f 160 9777 9778
f 163 162 9779
f 162 9778 9779
f 165 163 9780
f 163 9779 9780
f 166 165 9781
f 165 9780 9781
f 168 166 9782
f 166 9781 9782
f 169 168 9783
f 168 9782 9783
f 171 169 9784
f 169 9783 9784
f 172 171 9785
f 171 9784 9785
f 174 172 9786
f 172 9785 9786
f 175 174 9787
f 174 9786 9787
f 177 175 9788
f 175 9787 9788
f 178 177 9789
f 177 9788 9789
f 180 178 9790
f 178 9789 9790
f 181 180 9791
f 180 9790 9791
f 183 181 9792
f 181 9791 9792
f 184 183 9793
f 183 9792 9793
f 186 184 9794
f 184 9793 9794
f 187 186 9795
f 186 9794 9795
f 189 187 9796
f 187 9795 9796
f 190 189 9797
f 189 9796 9797
f 192 190 9798
f 190 9797 9798
f 193 192 9799
f 192 9798 9799
f 195 193 9800
f 193 9799 9800
f 196 195 9801
f 195 9800 9801
f 198 196 9802
f 196 9801 9802
f 199 198 9803
f 198 9802 9803
f 201 199 9804
f 199 9803 9804
f 202 201 9805
f 201 9804 9805
f 204 202 9806
f 202 9805 9806
f 205 204 9807
f 204 9806 9807
f 207 205 9808
f 205 9807 9808
f 208 207 9809
f 207 9808 9809
f 210 208 9810
f 208 9809 9810
f 211 210 9811
f 210 9810 9811
f 213 211 9812
f 211 9811 9812
f 214 213 9813
f 213 9812 9813
f 216 214 9814
f 214 9813 9814
f 217 216 9815
f 216 9814 9815
f 219 217 9816
f 217 9815 9816
f 220 219 9817
f 219 9816 9817
f 222 220 9818
f 220 9817 9818
f 223 222 9819
f 222 9818 9819
f 225 223 9820
f 223 9819 9820
f 226 225 9821
f 225 9820 9821
f 228 226 9822
f 226 9821 9822
f 229 228 9823
f 228 9822 9823
f 231 229 9824
f 229 9823 9824
f 232 231 9825
f 231 9824 9825
f 234 232 9826
f 232 9825 9826
f 235 234 9827
f 234 9826 9827
f 237 235 9828
f 235 9827 9828
f 238 237 9829
f 237 9828 9829
f 240 238 9830
f 238 9829 9830
f 241 240 9831
f 240 9830 9831
f 243 241 9832
f 241 9831 9832
f 244 243 9833
f 243 9832 9833
f 246 244 9834
f 244 9833 9834
f 247 246 9835
f 246 9834 9835
f 249 247 9836
f 247 9835 9836
f 250 249 9837
f 249 9836 9837
f 252 250 9838
f 250 9837 9838
f 253 252 9839
f 252 9838 9839
f 255 253 9840
f 253 9839 9840
f 256 255 9841
f 255 9840 9841
f 258 256 9842
f 256 9841 9842
f 259 258 9843
f 258 9842 9843
f 261 259 9844
f 259 9843 9844
f 262 261 9845
f 261 9844 9845
f 264 262 9846
f 262 9845 9846
f 265 264 9847
f 264 9846 9847
f 267 265 9848
f 265 9847 9848
f 268 267 9849
f 267 9848 9849
f 270 268 9850
f 268 9849 9850
f 271 270 9851
f 270 9850 9851
f 273 271 9852
f 271 9851 9852
f 274 273 9853
f 273 9852 9853
f 276 274 9854
f 274 9853 9854
f 277 276 9855
f 276 9854 9855
f 279 277 9856
f 277 9855 9856
f 280 279 9857
f 279 9856 9857
f 282 280 9858
f 280 9857 9858
f 283 282 9859
f 282 9858 9859
f 285 283 9860
f 283 9859 9860
f 286 285 9861
f 285 9860 9861
f 288 286 9862
f 286 9861 9862
f 289 288 9863
f 288 9862 9863
f 3 289 9864
f 289 9863 9864
f 1 3 9865
f 9720 1 9865
f 3 9864 9865
f 9734 9866 9733
f 9866 9867 9868
f 9869 9870 9871
f 9872 9873 9874
f 9875 9876 9877
f 9878 9879 9880
f 9881 9882 9883
f 9884 9885 9886
f 9887 9888 9889
f 9890 9891 9892
f 9893 9894 9895
f 9896 9897 9898
f 9899 9900 9901
f 9902 9903 9904
f 9905 9906 9907
f 9908 9909 9910
f 9911 9912 9913
f 9914 9915 9916
f 9917 9918 9919
f 9920 9921 9922
f 9923 9924 9925
f 9926 9927 9928
f 9929 9930 9931
f 9932 9933 9934
f 9935 9936 9937
f 9938 9939 9940
f 9941 9942 9943
f 9944 9945 9946
f 9947 9948 9949
f 9950 9951 9952
f 9953 9954 9955
f 9956 9957 9958
f 9959 9960 9961
f 9962 9963 9964
f 9965 9966 9967
f 9968 9969 9970
f 9971 9972 9973
f 9974 9975 9976
f 9977 9978 9979
f 9980 9981 9982
f 9983 9984 9985
f 9986 9987 9988
f 9989 9990 9991
f 9992 9993 9994
f 9995 9996 9997
f 9998 9999 10000
f 10001 10002 10003
f 10002 9732 10004
f 10003 10002 10004
f 9732 9730 10004
f 9721 9720 10005
f 9720 9865 10005
f 9723 9721 10006
f 9721 10005 10006
f 9724 9723 10007
f 9723 10006 10007
f 9726 9724 10008
f 9724 10007 10008
f 9727 9726 10009
f 9726 10008 10009
f 9729 9727 10010
f 9727 10009 10010
f 9730 9729 10011
f 10004 9730 10011
f 9729 10010 10011
f 9721 9723 10012
f 9723 9725 10012
f 9724 9726 10013
f 9726 9728 10013
f 9727 9729 10014
f 9729 9731 10014
f 9720 9722 9735
f 9733 9866 10015
f 9731 9733 10015
f 9866 9868 10015
f 9874 9873 10016
f 9873 9875 10016
f 9721 10012 9722
f 9868 9867 10017
f 9867 9869 10017
f 9869 9871 10017
f 9870 9872 10018
f 9875 9877 10016
f 9876 9878 10019
f 9879 9881 10020
f 9882 9884 10021
f 9885 9887 10022
f 9888 9890 10023
f 9891 9893 10024
f 9894 9896 10025
f 9897 9899 10026
f 9900 9902 10027
f 9903 9905 10028
f 9906 9908 10029
f 9909 9911 10030
f 9912 9914 10031
f 9915 9917 10032
f 9918 9920 10033
f 9921 9923 10034
f 9924 9926 10035
f 9927 9929 10036
f 9930 9932 10037
f 9933 9935 10038
f 9936 9938 10039
f 9939 9941 10040
f 9942 9944 10041
f 9945 9947 10042
f 9948 9950 10043
f 9951 9953 10044
f 9954 9956 10045
f 9957 9959 10046
f 9960 9962 10047
f 9963 9965 10048
f 9966 9968 10049
f 9969 9971 10050
f 9972 9974 10051
f 9975 9977 10052
f 9978 9980 10053
f 9981 9983 10054
f 9984 9986 10055
f 9987 9989 10056
f 9990 9992 10057
f 9993 9995 10058
f 9996 9998 10059
f 9999 10001 10060
f 10023 9890 9892
f 9871 9870 10018
f 96 9720 9735
f 9725 9724 10013
f 9728 9727 10014
f 9877 9876 10019
f 9880 9879 10020
f 9883 9882 10021
f 9886 9885 10022
f 9889 9888 10023
f 9892 9891 10024
f 9895 9894 10025
f 9898 9897 10026
f 9901 9900 10027
f 9904 9903 10028
f 9907 9906 10029
f 9910 9909 10030
f 9913 9912 10031
f 9916 9915 10032
f 9919 9918 10033
f 9922 9921 10034
f 9925 9924 10035
f 9928 9927 10036
f 9931 9930 10037
f 9934 9933 10038
f 9937 9936 10039
f 9940 9939 10040
f 9943 9942 10041
f 9946 9945 10042
f 9949 9948 10043
f 9952 9951 10044
f 9955 9954 10045
f 9958 9957 10046
f 9961 9960 10047
f 9964 9963 10048
f 9967 9966 10049
f 9970 9969 10050
f 9973 9972 10051
f 9976 9975 10052
f 9979 9978 10053
f 9982 9981 10054
f 9985 9984 10055
f 9988 9987 10056
f 9991 9990 10057
f 9994 9993 10058
f 9997 9996 10059
f 10000 9999 10060
f 10024 9893 9895
f 10025 9896 9898
f 10026 9899 9901
f 10027 9902 9904
f 10028 9905 9907
f 10029 9908 9910
f 10030 9911 9913
f 10031 9914 9916
f 10032 9917 9919
f 10033 9920 9922
f 10034 9923 9925
f 10035 9926 9928
f 10036 9929 9931
f 10037 9932 9934
f 10038 9935 9937
f 10039 9938 9940
f 10040 9941 9943
f 10041 9944 9946
f 10042 9947 9949
f 10043 9950 9952
f 10044 9953 9955
f 10045 9956 9958
f 10046 9959 9961
f 10047 9962 9964
f 10048 9965 9967
f 10049 9968 9970
f 10050 9971 9973
f 10051 9974 9976
f 10052 9977 9979
f 10053 9980 9982
f 10054 9983 9985
f 10055 9986 9988
f 10056 9989 9991
f 10057 9992 9994
f 10058 9995 9997
f 10059 9998 10000
f 10060 10001 10003
f 10022 9887 9889
f 10021 9884 9886
f 10020 9881 9883
f 10018 9872 9874
f 10019 9878 9880
f 9868 10017 10061
f 9728 10014 10062
f 10013 9728 10063
f 9728 10062 10063
f 9877 10019 10064
f 10014 9731 10065
f 10062 10014 10065
f 9731 10015 10065
f 9735 9722 10066
f 9880 10020 10067
f 9736 9735 10066
f 9737 9736 10068
f 9736 10066 10068
f 9738 9737 10069
f 9737 10068 10069
f 9739 9738 10070
f 9738 10069 10070
f 9740 9739 10071
f 9739 10070 10071
f 9741 9740 10072
f 9740 10071 10072
f 9742 9741 10073
f 9741 10072 10073
f 9743 9742 10074
f 9742 10073 10074
f 9744 9743 10075
f 9743 10074 10075
f 9745 9744 10076
f 9744 10075 10076
f 9746 9745 10077
f 9745 10076 10077
f 9747 9746 10078
f 9746 10077 10078
f 9748 9747 10079
f 9747 10078 10079
f 9749 9748 10080
f 9748 10079 10080
f 9750 9749 10081
f 9749 10080 10081
f 9751 9750 10082
f 9750 10081 10082
f 9752 9751 10083
f 9751 10082 10083
f 9753 9752 10084
f 9752 10083 10084
f 9754 9753 10085
f 9753 10084 10085
f 9755 9754 10086
f 9754 10085 10086
f 9756 9755 10087
f 9755 10086 10087
f 9757 9756 10088
f 9756 10087 10088
f 9758 9757 10089
f 9757 10088 10089
f 9759 9758 10090
f 9758 10089 10090
f 9760 9759 10091
f 9759 10090 10091
f 9761 9760 10092
f 9760 10091 10092
f 9762 9761 10093
f 9761 10092 10093
f 9763 9762 10094
f 9762 10093 10094
f 9764 9763 10095
f 9763 10094 10095
f 9765 9764 10096
f 9764 10095 10096
f 9766 9765 10097
f 9765 10096 10097
f 9767 9766 10098
f 9766 10097 10098
f 9768 9767 10099
f 9767 10098 10099
f 9769 9768 10100
f 9768 10099 10100
f 9770 9769 10101
f 9769 10100 10101
f 9771 9770 10102
f 9770 10101 10102
f 9772 9771 10103
f 9771 10102 10103
f 9773 9772 10104
f 9772 10103 10104
f 9774 9773 10105
f 9773 10104 10105
f 9775 9774 10106
f 9774 10105 10106
f 9776 9775 10107
f 9775 10106 10107
f 9777 9776 10108
f 9776 10107 10108
f 9778 9777 10109
f 9777 10108 10109
f 9779 9778 10110
f 9778 10109 10110
f 9780 9779 10111
f 9779 10110 10111
f 9781 9780 10112
f 9780 10111 10112
f 9782 9781 10113
f 9781 10112 10113
f 9783 9782 10114
f 9782 10113 10114
f 9784 9783 10115
f 9783 10114 10115
f 9785 9784 10116
f 9784 10115 10116
f 9786 9785 10117
f 9785 10116 10117
f 9787 9786 10118
f 9786 10117 10118
f 9788 9787 10119
f 9787 10118 10119
f 9789 9788 10120
f 9788 10119 10120
f 9790 9789 10121
f 9789 10120 10121
f 9791 9790 10122
f 9790 10121 10122
f 9792 9791 10123
f 9791 10122 10123
f 9793 9792 10124
f 9792 10123 10124
f 9794 9793 10125
f 9793 10124 10125
f 9795 9794 10126
f 9794 10125 10126
f 9796 9795 10127
f 9795 10126 10127
f 9797 9796 10128
f 9796 10127 10128
f 9798 9797 10129
f 9797 10128 10129
f 9799 9798 10130
f 9798 10129 10130
f 9800 9799 10131
f 9799 10130 10131
f 9801 9800 10132
f 9800 10131 10132
f 9802 9801 10133
f 9801 10132 10133
f 9803 9802 10134
f 9802 10133 10134
f 9804 9803 10135
f 9803 10134 10135
f 9805 9804 10136
f 9804 10135 10136
f 9806 9805 10137
f 9805 10136 10137
f 9807 9806 10138
f 9806 10137 10138
f 9808 9807 10139
f 9807 10138 10139
f 9809 9808 10140
f 9808 10139 10140
f 9810 9809 10141
f 9809 10140 10141
f 9811 9810 10142
f 9810 10141 10142
f 9812 9811 10143
f 9811 10142 10143
f 9813 9812 10144
f 9812 10143 10144
f 9814 9813 10145
f 9813 10144 10145
f 9815 9814 10146
f 9814 10145 10146
f 9816 9815 10147
f 9815 10146 10147
f 9817 9816 10148
f 9816 10147 10148
f 9818 9817 10149
f 9817 10148 10149
f 9819 9818 10150
f 9818 10149 10150
f 9820 9819 10151
f 9819 10150 10151
f 9821 9820 10152
f 9820 10151 10152
f 9822 9821 10153
f 9821 10152 10153
f 9823 9822 10154
f 9822 10153 10154
f 9824 9823 10155
f 9823 10154 10155
f 9825 9824 10156
f 9824 10155 10156
f 9826 9825 10157
f 9825 10156 10157
f 9827 9826 10158
f 9826 10157 10158
f 9828 9827 10159
f 9827 10158 10159
f 9829 9828 10160
f 9828 10159 10160
f 9830 9829 10161
f 9829 10160 10161
f 9831 9830 10162
f 9830 10161 10162
f 9832 9831 10163
f 9831 10162 10163
f 9833 9832 10164
f 9832 10163 10164
f 9834 9833 10165
f 9833 10164 10165
f 9835 9834 10166
f 9834 10165 10166
f 9836 9835 10167
f 9835 10166 10167
f 9837 9836 10168
f 9836 10167 10168
f 9838 9837 10169
f 9837 10168 10169
f 9839 9838 10170
f 9838 10169 10170
f 9840 9839 10171
f 9839 10170 10171
f 9841 9840 10172
f 9840 10171 10172
f 9842 9841 10173
f 9841 10172 10173
f 9843 9842 10174
f 9842 10173 10174
f 9844 9843 10175
f 9843 10174 10175
f 9845 9844 10176
f 9844 10175 10176
f 9846 9845 10177
f 9845 10176 10177
f 9847 9846 10178
f 9846 10177 10178
f 9848 9847 10179
f 9847 10178 10179
f 9849 9848 10180
f 9848 10179 10180
f 9850 9849 10181
f 9849 10180 10181
f 9851 9850 10182
f 9850 10181 10182
f 9852 9851 10183
f 9851 10182 10183
f 9853 9852 10184
f 9852 10183 10184
f 9854 9853 10185
f 9853 10184 10185
f 9855 9854 10186
f 9854 10185 10186
f 9856 9855 10187
f 9855 10186 10187
f 9857 9856 10188
f 9856 10187 10188
f 9858 9857 10189
f 9857 10188 10189
f 9859 9858 10190
f 9858 10189 10190
f 9860 9859 10191
f 9859 10190 10191
f 9861 9860 10192
f 9860 10191 10192
f 9862 9861 10193
f 9861 10192 10193
f 9863 9862 10194
f 9862 10193 10194
f 9864 9863 10195
f 9863 10194 10195
f 9865 9864 10196
f 10005 9865 10196
f 9864 10195 10196
f 10019 9880 10197
f 9880 10067 10197
f 10016 9877 10198
f 9877 10064 10198
f 9722 10012 10066
f 9883 10021 10199
f 10018 9874 10200
f 9886 10022 10201
f 10020 9883 10202
f 9883 10199 10202
f 9889 10023 10203
f 10021 9886 10204
f 9886 10201 10204
f 9892 10024 10205
f 9871 10018 10206
f 10018 10200 10206
f 9895 10025 10207
f 9898 10026 10208
f 9901 10027 10209
f 9904 10028 10210
f 9907 10029 10211
f 9910 10030 10212
f 9913 10031 10213
f 9916 10032 10214
f 9919 10033 10215
f 9922 10034 10216
f 9925 10035 10217
f 9928 10036 10218
f 9931 10037 10219
f 9934 10038 10220
f 9937 10039 10221
f 9940 10040 10222
f 9943 10041 10223
f 9946 10042 10224
f 9949 10043 10225
f 9952 10044 10226
f 9955 10045 10227
f 9958 10046 10228
f 9961 10047 10229
f 9964 10048 10230
f 9967 10049 10231
f 9970 10050 10232
f 9973 10051 10233
f 9976 10052 10234
f 9979 10053 10235
f 9982 10054 10236
f 9985 10055 10237
f 9988 10056 10238
f 9991 10057 10239
f 9994 10058 10240
f 9997 10059 10241
f 10000 10060 10242
f 10024 9895 10243
f 9895 10207 10243
f 10022 9889 10244
f 9889 10203 10244
f 10023 9892 10245
f 9892 10205 10245
f 10003 10004 10246
f 10004 10011 10246
f 10006 10005 10247
f 10005 10196 10247
f 10007 10006 10248
f 10006 10247 10248
f 10008 10007 10249
f 10007 10248 10249
f 10009 10008 10250
f 10008 10249 10250
f 9725 10013 10251
f 10013 10063 10251
f 9874 10016 10252
f 10016 10198 10252
f 10012 9725 10253
f 9725 10251 10253
f 10066 10012 10253
f 9874 10252 10200
f 10064 10019 10197
f 10067 10020 10202
f 10201 10022 10244
f 10023 10245 10203
f 10017 9871 10254
f 10061 10017 10254
f 10199 10021 10204
f 9868 10061 10015
f 10205 10024 10243
f 9871 10206 10254
f 10207 10025 10255
f 10025 9898 10255
f 9898 10208 10255
f 10026 9901 10256
f 10027 9904 10257
f 10028 9907 10258
f 10029 9910 10259
f 10030 9913 10260
f 10031 9916 10261
f 10032 9919 10262
f 10033 9922 10263
f 10034 9925 10264
f 10035 9928 10265
f 10036 9931 10266
f 10037 9934 10267
f 10038 9937 10268
f 10039 9940 10269
f 10040 9943 10270
f 10041 9946 10271
f 10042 9949 10272
f 10043 9952 10273
f 10044 9955 10274
f 10045 9958 10275
f 10046 9961 10276
f 10047 9964 10277
f 10048 9967 10278
f 10049 9970 10279
f 10050 9973 10280
f 10051 9976 10281
f 10052 9979 10282
f 10053 9982 10283
f 10054 9985 10284
f 10055 9988 10285
f 10056 9991 10286
f 10057 9994 10287
f 10058 9997 10288
f 10059 10000 10289
f 10060 10003 10290
f 10010 10009 10291
f 10011 10010 10292
f 10010 10291 10292
f 10289 10000 10242
f 10288 9997 10241
f 10287 9994 10240
f 10286 9991 10239
f 10285 9988 10238
f 10284 9985 10237
f 10283 9982 10236
f 10282 9979 10235
f 10281 9976 10234
f 10280 9973 10233
f 10279 9970 10232
f 10278 9967 10231
f 10277 9964 10230
f 10276 9961 10229
f 10275 9958 10228
f 10274 9955 10227
f 10273 9952 10226
f 10272 9949 10225
f 10271 9946 10224
f 10270 9943 10223
f 10269 9940 10222
f 10268 9937 10221
f 10267 9934 10220
f 10242 10060 10290
f 10241 10059 10289
f 10240 10058 10288
f 10239 10057 10287
f 10238 10056 10286
f 10237 10055 10285
f 10236 10054 10284
f 10235 10053 10283
f 10234 10052 10282
f 10233 10051 10281
f 10232 10050 10280
f 10231 10049 10279
f 10230 10048 10278
f 10229 10047 10277
f 10228 10046 10276
f 10227 10045 10275
f 10226 10044 10274
f 10225 10043 10273
f 10224 10042 10272
f 10223 10041 10271
f 10222 10040 10270
f 10221 10039 10269
f 10220 10038 10268
f 10219 10037 10267
f 10218 10036 10266
f 10217 10035 10265
f 10216 10034 10264
f 10215 10033 10263
f 10214 10032 10262
f 10213 10031 10261
f 10212 10030 10260
f 10211 10029 10259
f 10210 10028 10258
f 10209 10027 10257
f 10208 10026 10256
f 10266 9931 10219
f 10265 9928 10218
f 10264 9925 10217
f 10263 9922 10216
f 10262 9919 10215
f 10261 9916 10214
f 10260 9913 10213
f 10259 9910 10212
f 10258 9907 10211
f 10257 9904 10210
f 10256 9901 10209
f 10200 10252 10293
f 10067 10202 10294
f 10068 10066 10253
f 10009 10250 10291
f 10202 10199 10295
f 10069 10068 10296
f 10068 10253 10296
f 10070 10069 10297
f 10069 10296 10297
f 10071 10070 10298
f 10070 10297 10298
f 10072 10071 10299
f 10071 10298 10299
f 10073 10072 10300
f 10072 10299 10300
f 10074 10073 10301
f 10073 10300 10301
f 10075 10074 10302
f 10074 10301 10302
f 10076 10075 10303
f 10075 10302 10303
f 10077 10076 10304
f 10076 10303 10304
f 10078 10077 10305
f 10077 10304 10305
f 10079 10078 10306
f 10078 10305 10306
f 10080 10079 10307
f 10079 10306 10307
f 10081 10080 10308
f 10080 10307 10308
f 10082 10081 10309
f 10081 10308 10309
f 10083 10082 10310
f 10082 10309 10310
f 10084 10083 10311
f 10083 10310 10311
f 10085 10084 10312
f 10084 10311 10312
f 10086 10085 10313
f 10085 10312 10313
f 10087 10086 10314
f 10086 10313 10314
f 10088 10087 10315
f 10087 10314 10315
f 10089 10088 10316
f 10088 10315 10316
f 10090 10089 10317
f 10089 10316 10317
f 10091 10090 10318
f 10090 10317 10318
f 10092 10091 10319
f 10091 10318 10319
f 10093 10092 10320
f 10092 10319 10320
f 10094 10093 10321
f 10093 10320 10321
f 10095 10094 10322
f 10094 10321 10322
f 10096 10095 10323
f 10095 10322 10323
f 10097 10096 10324
f 10096 10323 10324
f 10098 10097 10325
f 10097 10324 10325
f 10099 10098 10326
f 10098 10325 10326
f 10100 10099 10327
f 10099 10326 10327
f 10101 10100 10328
f 10100 10327 10328
f 10102 10101 10329
f 10101 10328 10329
f 10103 10102 10330
f 10102 10329 10330
f 10104 10103 10331
f 10103 10330 10331
f 10105 10104 10332
f 10104 10331 10332
f 10106 10105 10333
f 10105 10332 10333
f 10107 10106 10334
f 10106 10333 10334
f 10108 10107 10335
f 10107 10334 10335
f 10109 10108 10336
f 10108 10335 10336
f 10110 10109 10337
f 10109 10336 10337
f 10111 10110 10338
f 10110 10337 10338
f 10112 10111 10339
f 10111 10338 10339
f 10113 10112 10340
f 10112 10339 10340
f 10114 10113 10341
f 10113 10340 10341
f 10115 10114 10342
f 10114 10341 10342
f 10116 10115 10343
f 10115 10342 10343
f 10117 10116 10344
f 10116 10343 10344
f 10118 10117 10345
f 10117 10344 10345
f 10119 10118 10346
f 10118 10345 10346
f 10120 10119 10347
f 10119 10346 10347
f 10121 10120 10348
f 10120 10347 10348
f 10122 10121 10349
f 10121 10348 10349
f 10123 10122 10350
f 10122 10349 10350
f 10124 10123 10351
f 10123 10350 10351
f 10125 10124 10352
f 10124 10351 10352
f 10126 10125 10353
f 10125 10352 10353
f 10127 10126 10354
f 10126 10353 10354
f 10128 10127 10355
f 10127 10354 10355
f 10129 10128 10356
f 10128 10355 10356
f 10130 10129 10357
f 10129 10356 10357
f 10131 10130 10358
f 10130 10357 10358
f 10132 10131 10359
f 10131 10358 10359
f 10133 10132 10360
f 10132 10359 10360
f 10134 10133 10361
f 10133 10360 10361
f 10135 10134 10362
f 10134 10361 10362
f 10136 10135 10363
f 10135 10362 10363
f 10137 10136 10364
f 10136 10363 10364
f 10138 10137 10365
f 10137 10364 10365
f 10139 10138 10366
f 10138 10365 10366
f 10140 10139 10367
f 10139 10366 10367
f 10141 10140 10368
f 10140 10367 10368
f 10142 10141 10369
f 10141 10368 10369
f 10143 10142 10370
f 10142 10369 10370
f 10144 10143 10371
f 10143 10370 10371
f 10145 10144 10372
f 10144 10371 10372
f 10146 10145 10373
f 10145 10372 10373
f 10147 10146 10374
f 10146 10373 10374
f 10148 10147 10375
f 10147 10374 10375
f 10149 10148 10376
f 10148 10375 10376
f 10150 10149 10377
f 10149 10376 10377
f 10151 10150 10378
f 10150 10377 10378
f 10152 10151 10379
f 10151 10378 10379
f 10153 10152 10380
f 10152 10379 10380
f 10154 10153 10381
f 10153 10380 10381
f 10155 10154 10382
f 10154 10381 10382
f 10156 10155 10383
f 10155 10382 10383
f 10157 10156 10384
f 10156 10383 10384
f 10158 10157 10385
f 10157 10384 10385
f 10159 10158 10386
f 10158 10385 10386
f 10160 10159 10387
f 10159 10386 10387
f 10161 10160 10388
f 10160 10387 10388
f 10162 10161 10389
f 10161 10388 10389
f 10163 10162 10390
f 10162 10389 10390
f 10164 10163 10391
f 10163 10390 10391
f 10165 10164 10392
f 10164 10391 10392
f 10166 10165 10393
f 10165 10392 10393
f 10167 10166 10394
f 10166 10393 10394
f 10168 10167 10395
f 10167 10394 10395
f 10169 10168 10396
f 10168 10395 10396
f 10170 10169 10397
f 10169 10396 10397
f 10171 10170 10398
f 10170 10397 10398
f 10172 10171 10399
f 10171 10398 10399
f 10173 10172 10400
f 10172 10399 10400
f 10174 10173 10401
f 10173 10400 10401
f 10175 10174 10402
f 10174 10401 10402
f 10176 10175 10403
f 10175 10402 10403
f 10177 10176 10404
f 10176 10403 10404
f 10178 10177 10405
f 10177 10404 10405
f 10179 10178 10406
f 10178 10405 10406
f 10180 10179 10407
f 10179 10406 10407
f 10181 10180 10408
f 10180 10407 10408
f 10182 10181 10409
f 10181 10408 10409
f 10183 10182 10410
f 10182 10409 10410
f 10184 10183 10411
f 10183 10410 10411
f 10185 10184 10412
f 10184 10411 10412
f 10186 10185 10413
f 10185 10412 10413
f 10187 10186 10414
f 10186 10413 10414
f 10188 10187 10415
f 10187 10414 10415
f 10189 10188 10416
f 10188 10415 10416
f 10190 10189 10417
f 10189 10416 10417
f 10191 10190 10418
f 10190 10417 10418
f 10192 10191 10419
f 10191 10418 10419
f 10193 10192 10420
f 10192 10419 10420
f 10194 10193 10421
f 10193 10420 10421
f 10195 10194 10422
f 10194 10421 10422
f 10063 10062 10423
f 10207 10255 10424
f 10061 10254 10425
f 10198 10064 10426
f 10064 10197 10427
f 10203 10245 10428
f 10003 10246 10290
f 10201 10244 10429
f 10199 10204 10430
f 10015 10061 10065
f 10266 10219 10431
f 10255 10208 10432
f 10208 10256 10433
f 10256 10209 10434
f 10209 10257 10435
f 10257 10210 10436
f 10210 10258 10437
f 10258 10211 10438
f 10211 10259 10439
f 10259 10212 10440
f 10212 10260 10441
f 10260 10213 10442
f 10213 10261 10443
f 10261 10214 10444
f 10214 10262 10445
f 10262 10215 10446
f 10215 10263 10447
f 10263 10216 10448
f 10216 10264 10449
f 10264 10217 10450
f 10217 10265 10451
f 10265 10218 10452
f 10218 10266 10453
f 10242 10290 10454
f 10219 10267 10455
f 10267 10220 10456
f 10220 10268 10457
f 10268 10221 10458
f 10221 10269 10459
f 10269 10222 10460
f 10222 10270 10461
f 10270 10223 10462
f 10223 10271 10463
f 10271 10224 10464
f 10224 10272 10465
f 10272 10225 10466
f 10225 10273 10467
f 10273 10226 10468
f 10226 10274 10469
f 10274 10227 10470
f 10227 10275 10471
f 10275 10228 10472
f 10228 10276 10473
f 10276 10229 10474
f 10229 10277 10475
f 10277 10230 10476
f 10230 10278 10477
f 10278 10231 10478
f 10231 10279 10479
f 10279 10232 10480
f 10232 10280 10481
f 10280 10233 10482
f 10233 10281 10483
f 10281 10234 10484
f 10234 10282 10485
f 10282 10235 10486
f 10235 10283 10487
f 10283 10236 10488
f 10236 10284 10489
f 10284 10237 10490
f 10237 10285 10491
f 10285 10238 10492
f 10238 10286 10493
f 10286 10239 10494
f 10239 10287 10495
f 10287 10240 10496
f 10240 10288 10497
f 10288 10241 10498
f 10241 10289 10499
f 10254 10206 10500
f 10289 10242 10501
f 10244 10203 10502
f 10245 10205 10503
f 10246 10011 10292
f 10248 10247 10504
f 10249 10248 10505
f 10248 10504 10505
f 10250 10249 10506
f 10249 10505 10506
f 10251 10063 10507
f 10063 10423 10507
f 10205 10243 10508
f 10291 10250 10509
f 10250 10506 10509
f 10252 10198 10510
f 10253 10251 10296
f 10243 10207 10511
f 10197 10067 10512
f 10206 10200 10513
f 10204 10201 10514
f 10290 10246 10292
f 10434 10209 10435
f 10433 10256 10434
f 10432 10208 10433
f 10430 10204 10514
f 10067 10294 10512
f 10205 10508 10503
f 10243 10511 10508
f 10295 10199 10430
f 10196 10195 10247
f 10428 10245 10503
f 10266 10431 10453
f 10207 10424 10511
f 10198 10426 10510
f 10064 10427 10426
f 10203 10428 10502
f 10427 10197 10512
f 10425 10254 10500
f 10429 10244 10502
f 10247 10195 10422
f 10065 10061 10515
f 10062 10065 10515
f 10061 10425 10515
f 10431 10219 10455
f 10424 10255 10432
f 10294 10202 10295
f 10293 10252 10510
f 10200 10293 10513
f 10257 10436 10435
f 10210 10437 10436
f 10258 10438 10437
f 10211 10439 10438
f 10259 10440 10439
f 10212 10441 10440
f 10260 10442 10441
f 10213 10443 10442
f 10261 10444 10443
f 10214 10445 10444
f 10262 10446 10445
f 10215 10447 10446
f 10263 10448 10447
f 10216 10449 10448
f 10264 10450 10449
f 10217 10451 10450
f 10265 10452 10451
f 10218 10453 10452
f 10242 10454 10501
f 10267 10456 10455
f 10220 10457 10456
f 10268 10458 10457
f 10221 10459 10458
f 10269 10460 10459
f 10222 10461 10460
f 10270 10462 10461
f 10223 10463 10462
f 10271 10464 10463
f 10224 10465 10464
f 10272 10466 10465
f 10225 10467 10466
f 10273 10468 10467
f 10226 10469 10468
f 10274 10470 10469
f 10227 10471 10470
f 10275 10472 10471
f 10228 10473 10472
f 10276 10474 10473
f 10229 10475 10474
f 10277 10476 10475
f 10230 10477 10476
f 10278 10478 10477
f 10231 10479 10478
f 10279 10480 10479
f 10232 10481 10480
f 10280 10482 10481
f 10233 10483 10482
f 10281 10484 10483
f 10234 10485 10484
f 10282 10486 10485
f 10235 10487 10486
f 10283 10488 10487
f 10236 10489 10488
f 10284 10490 10489
f 10237 10491 10490
f 10285 10492 10491
f 10238 10493 10492
f 10286 10494 10493
f 10239 10495 10494
f 10287 10496 10495
f 10240 10497 10496
f 10288 10498 10497
f 10241 10499 10498
f 10289 10501 10499
f 10251 10507 10296
f 10514 10201 10429
f 10500 10206 10513
f 10454 10290 10292
f 10062 10515 10423
f 10298 10297 10516
f 10299 10298 10517
f 10298 10516 10517
f 10300 10299 10518
f 10299 10517 10518
f 10301 10300 10519
f 10300 10518 10519
f 10302 10301 10520
f 10301 10519 10520
f 10303 10302 10521
f 10302 10520 10521
f 10304 10303 10522
f 10303 10521 10522
f 10305 10304 10523
f 10304 10522 10523
f 10306 10305 10524
f 10305 10523 10524
f 10307 10306 10525
f 10306 10524 10525
f 10308 10307 10526
f 10307 10525 10526
f 10309 10308 10527
f 10308 10526 10527
f 10310 10309 10528
f 10309 10527 10528
f 10311 10310 10529
f 10310 10528 10529
f 10312 10311 10530
f 10311 10529 10530
f 10313 10312 10531
f 10312 10530 10531
f 10314 10313 10532
f 10313 10531 10532
f 10315 10314 10533
f 10314 10532 10533
f 10316 10315 10534
f 10315 10533 10534
f 10317 10316 10535
f 10316 10534 10535
f 10318 10317 10536
f 10317 10535 10536
f 10319 10318 10537
f 10318 10536 10537
f 10320 10319 10538
f 10319 10537 10538
f 10321 10320 10539
f 10320 10538 10539
f 10322 10321 10540
f 10321 10539 10540
f 10323 10322 10541
f 10322 10540 10541
f 10324 10323 10542
f 10323 10541 10542
f 10325 10324 10543
f 10324 10542 10543
f 10326 10325 10544
f 10325 10543 10544
f 10327 10326 10545
f 10326 10544 10545
f 10328 10327 10546
f 10327 10545 10546
f 10329 10328 10547
f 10328 10546 10547
f 10330 10329 10548
f 10329 10547 10548
f 10331 10330 10549
f 10330 10548 10549
f 10332 10331 10550
f 10331 10549 10550
f 10333 10332 10551
f 10332 10550 10551
f 10334 10333 10552
f 10333 10551 10552
f 10335 10334 10553
f 10334 10552 10553
f 10336 10335 10554
f 10335 10553 10554
f 10337 10336 10555
f 10336 10554 10555
f 10338 10337 10556
f 10337 10555 10556
f 10339 10338 10557
f 10338 10556 10557
f 10340 10339 10558
f 10339 10557 10558
f 10341 10340 10559
f 10340 10558 10559
f 10342 10341 10560
f 10341 10559 10560
f 10343 10342 10561
f 10342 10560 10561
f 10344 10343 10562
f 10343 10561 10562
f 10345 10344 10563
f 10344 10562 10563
f 10346 10345 10564
f 10345 10563 10564
f 10347 10346 10565
f 10346 10564 10565
f 10348 10347 10566
f 10347 10565 10566
f 10349 10348 10567
f 10348 10566 10567
f 10350 10349 10568
f 10349 10567 10568
f 10351 10350 10569
f 10350 10568 10569
f 10352 10351 10570
f 10351 10569 10570
f 10353 10352 10571
f 10352 10570 10571
f 10354 10353 10572
f 10353 10571 10572
f 10355 10354 10573
f 10354 10572 10573
f 10356 10355 10574
f 10355 10573 10574
f 10357 10356 10575
f 10356 10574 10575
f 10358 10357 10576
f 10357 10575 10576
f 10359 10358 10577
f 10358 10576 10577
f 10360 10359 10578
f 10359 10577 10578
f 10361 10360 10579
f 10360 10578 10579
f 10362 10361 10580
f 10361 10579 10580
f 10363 10362 10581
f 10362 10580 10581
f 10364 10363 10582
f 10363 10581 10582
f 10365 10364 10583
f 10364 10582 10583
f 10366 10365 10584
f 10365 10583 10584
f 10367 10366 10585
f 10366 10584 10585
f 10368 10367 10586
f 10367 10585 10586
f 10369 10368 10587
f 10368 10586 10587
f 10370 10369 10588
f 10369 10587 10588
f 10371 10370 10589
f 10370 10588 10589
f 10372 10371 10590
f 10371 10589 10590
f 10373 10372 10591
f 10372 10590 10591
f 10374 10373 10592
f 10373 10591 10592
f 10375 10374 10593
f 10374 10592 10593
f 10376 10375 10594
f 10375 10593 10594
f 10377 10376 10595
f 10376 10594 10595
f 10378 10377 10596
f 10377 10595 10596
f 10379 10378 10597
f 10378 10596 10597
f 10380 10379 10598
f 10379 10597 10598
f 10381 10380 10599
f 10380 10598 10599
f 10382 10381 10600
f 10381 10599 10600
f 10383 10382 10601
f 10382 10600 10601
f 10384 10383 10602
f 10383 10601 10602
f 10385 10384 10603
f 10384 10602 10603
f 10386 10385 10604
f 10385 10603 10604
f 10387 10386 10605
f 10386 10604 10605
f 10388 10387 10606
f 10387 10605 10606
f 10389 10388 10607
f 10388 10606 10607
f 10390 10389 10608
f 10389 10607 10608
f 10391 10390 10609
f 10390 10608 10609
f 10392 10391 10610
f 10391 10609 10610
f 10393 10392 10611
f 10392 10610 10611
f 10394 10393 10612
f 10393 10611 10612
f 10395 10394 10613
f 10394 10612 10613
f 10396 10395 10614
f 10395 10613 10614
f 10397 10396 10615
f 10396 10614 10615
f 10398 10397 10616
f 10397 10615 10616
f 10399 10398 10617
f 10398 10616 10617
f 10400 10399 10618
f 10399 10617 10618
f 10401 10400 10619
f 10400 10618 10619
f 10402 10401 10620
f 10401 10619 10620
f 10403 10402 10621
f 10402 10620 10621
f 10404 10403 10622
f 10403 10621 10622
f 10405 10404 10623
f 10404 10622 10623
f 10406 10405 10624
f 10405 10623 10624
f 10407 10406 10625
f 10406 10624 10625
f 10408 10407 10626
f 10407 10625 10626
f 10409 10408 10627
f 10408 10626 10627
f 10410 10409 10628
f 10409 10627 10628
f 10411 10410 10629
f 10410 10628 10629
f 10412 10411 10630
f 10411 10629 10630
f 10413 10412 10631
f 10412 10630 10631
f 10414 10413 10632
f 10413 10631 10632
f 10415 10414 10633
f 10414 10632 10633
f 10416 10415 10634
f 10415 10633 10634
f 10417 10416 10635
f 10416 10634 10635
f 10418 10417 10636
f 10417 10635 10636
f 10419 10418 10637
f 10418 10636 10637
f 10420 10419 10638
f 10419 10637 10638
f 10421 10420 10639
f 10420 10638 10639
f 10422 10421 10640
f 10421 10639 10640
f 10431 10455 10641
f 10502 10428 10642
f 10515 10425 10643
f 10294 10295 10644
f 10430 10514 10645
f 10432 10433 10646
f 10433 10434 10647
f 10424 10432 10648
f 10429 10502 10649
f 10453 10431 10650
f 10434 10435 10651
f 10428 10503 10652
f 10506 10505 10653
f 10507 10423 10654
f 10295 10430 10655
f 10513 10293 10656
f 10494 10495 10657
f 10291 10509 10454
f 10426 10427 10658
f 10514 10429 10659
f 10510 10426 10660
f 10435 10436 10661
f 10503 10508 10662
f 10509 10506 10663
f 10506 10653 10663
f 10508 10511 10664
f 10427 10512 10665
f 10455 10456 10666
f 10499 10501 10667
f 10498 10499 10668
f 10497 10498 10669
f 10496 10497 10670
f 10495 10496 10671
f 10292 10291 10454
f 10293 10510 10672
f 10500 10513 10673
f 10493 10494 10674
f 10492 10493 10675
f 10491 10492 10676
f 10490 10491 10677
f 10489 10490 10678
f 10488 10489 10679
f 10487 10488 10680
f 10486 10487 10681
f 10485 10486 10682
f 10484 10485 10683
f 10483 10484 10684
f 10482 10483 10685
f 10481 10482 10686
f 10480 10481 10687
f 10479 10480 10688
f 10478 10479 10689
f 10477 10478 10690
f 10476 10477 10691
f 10475 10476 10692
f 10474 10475 10693
f 10473 10474 10694
f 10472 10473 10695
f 10425 10500 10696
f 10643 10425 10696
f 10500 10673 10696
f 10471 10472 10697
f 10470 10471 10698
f 10469 10470 10699
f 10468 10469 10700
f 10467 10468 10701
f 10466 10467 10702
f 10465 10466 10703
f 10464 10465 10704
f 10463 10464 10705
f 10462 10463 10706
f 10461 10462 10707
f 10460 10461 10708
f 10459 10460 10709
f 10458 10459 10710
f 10457 10458 10711
f 10456 10457 10712
f 10511 10424 10713
f 10452 10453 10714
f 10451 10452 10715
f 10450 10451 10716
f 10449 10450 10717
f 10448 10449 10718
f 10447 10448 10719
f 10446 10447 10720
f 10445 10446 10721
f 10444 10445 10722
f 10443 10444 10723
f 10442 10443 10724
f 10441 10442 10725
f 10440 10441 10726
f 10439 10440 10727
f 10438 10439 10728
f 10437 10438 10729
f 10436 10437 10730
f 10512 10294 10731
f 10423 10515 10643
f 10454 10509 10663
f 10719 10448 10718
f 10731 10294 10644
f 10297 10296 10507
f 10431 10641 10650
f 10641 10455 10666
f 10730 10437 10729
f 10729 10438 10728
f 10728 10439 10727
f 10727 10440 10726
f 10502 10642 10649
f 10726 10441 10725
f 10725 10442 10724
f 10724 10443 10723
f 10723 10444 10722
f 10454 10663 10501
f 10722 10445 10721
f 10721 10446 10720
f 10297 10507 10732
f 10720 10447 10719
f 10718 10449 10717
f 10717 10450 10716
f 10430 10645 10655
f 10716 10451 10715
f 10715 10452 10714
f 10432 10646 10648
f 10714 10453 10650
f 10433 10647 10646
f 10424 10648 10713
f 10712 10457 10711
f 10711 10458 10710
f 10710 10459 10709
f 10709 10460 10708
f 10708 10461 10707
f 10707 10462 10706
f 10706 10463 10705
f 10705 10464 10704
f 10704 10465 10703
f 10703 10466 10702
f 10702 10467 10701
f 10701 10468 10700
f 10700 10469 10699
f 10699 10470 10698
f 10695 10473 10694
f 10694 10474 10693
f 10693 10475 10692
f 10429 10649 10659
f 10692 10476 10691
f 10691 10477 10690
f 10690 10478 10689
f 10689 10479 10688
f 10688 10480 10687
f 10687 10481 10686
f 10686 10482 10685
f 10685 10483 10684
f 10684 10484 10683
f 10683 10485 10682
f 10682 10486 10681
f 10681 10487 10680
f 10680 10488 10679
f 10679 10489 10678
f 10678 10490 10677
f 10677 10491 10676
f 10676 10492 10675
f 10675 10493 10674
f 10671 10496 10670
f 10670 10497 10669
f 10669 10498 10668
f 10668 10499 10667
f 10667 10501 10663
f 10666 10456 10712
f 10665 10512 10731
f 10662 10508 10664
f 10661 10436 10730
f 10660 10426 10658
f 10658 10427 10665
f 10657 10495 10671
f 10656 10293 10672
f 10654 10423 10643
f 10653 10505 10640
f 10652 10503 10662
f 10651 10435 10661
f 10647 10434 10651
f 10645 10514 10659
f 10247 10422 10504
f 10428 10652 10642
f 10644 10295 10655
f 10507 10654 10732
f 10513 10656 10673
f 10494 10657 10674
f 10672 10510 10660
f 10504 10422 10640
f 10640 10505 10504
f 10697 10472 10695
f 10664 10511 10713
f 10471 10697 10698
f 10518 10517 10733
f 10519 10518 10734
f 10518 10733 10734
f 10520 10519 10735
f 10519 10734 10735
f 10521 10520 10736
f 10520 10735 10736
f 10522 10521 10737
f 10521 10736 10737
f 10523 10522 10738
f 10522 10737 10738
f 10524 10523 10739
f 10523 10738 10739
f 10525 10524 10740
f 10524 10739 10740
f 10526 10525 10741
f 10525 10740 10741
f 10527 10526 10742
f 10526 10741 10742
f 10528 10527 10743
f 10527 10742 10743
f 10529 10528 10744
f 10528 10743 10744
f 10530 10529 10745
f 10529 10744 10745
f 10531 10530 10746
f 10530 10745 10746
f 10532 10531 10747
f 10531 10746 10747
f 10533 10532 10748
f 10532 10747 10748
f 10534 10533 10749
f 10533 10748 10749
f 10535 10534 10750
f 10534 10749 10750
f 10536 10535 10751
f 10535 10750 10751
f 10537 10536 10752
f 10536 10751 10752
f 10538 10537 10753
f 10537 10752 10753
f 10539 10538 10754
f 10538 10753 10754
f 10540 10539 10755
f 10539 10754 10755
f 10541 10540 10756
f 10540 10755 10756
f 10542 10541 10757
f 10541 10756 10757
f 10543 10542 10758
f 10542 10757 10758
f 10544 10543 10759
f 10543 10758 10759
f 10545 10544 10760
f 10544 10759 10760
f 10546 10545 10761
f 10545 10760 10761
f 10547 10546 10762
f 10546 10761 10762
f 10548 10547 10763
f 10547 10762 10763
f 10549 10548 10764
f 10548 10763 10764
f 10550 10549 10765
f 10549 10764 10765
f 10551 10550 10766
f 10550 10765 10766
f 10552 10551 10767
f 10551 10766 10767
f 10553 10552 10768
f 10552 10767 10768
f 10554 10553 10769
f 10553 10768 10769
f 10555 10554 10770
f 10554 10769 10770
f 10556 10555 10771
f 10555 10770 10771
f 10557 10556 10772
f 10556 10771 10772
f 10558 10557 10773
f 10557 10772 10773
f 10559 10558 10774
f 10558 10773 10774
f 10560 10559 10775
f 10559 10774 10775
f 10561 10560 10776
f 10560 10775 10776
f 10562 10561 10777
f 10561 10776 10777
f 10563 10562 10778
f 10562 10777 10778
f 10564 10563 10779
f 10563 10778 10779
f 10565 10564 10780
f 10564 10779 10780
f 10566 10565 10781
f 10565 10780 10781
f 10567 10566 10782
f 10566 10781 10782
f 10568 10567 10783
f 10567 10782 10783
f 10569 10568 10784
f 10568 10783 10784
f 10570 10569 10785
f 10569 10784 10785
f 10571 10570 10786
f 10570 10785 10786
f 10572 10571 10787
f 10571 10786 10787
f 10573 10572 10788
f 10572 10787 10788
f 10574 10573 10789
f 10573 10788 10789
f 10575 10574 10790
f 10574 10789 10790
f 10576 10575 10791
f 10575 10790 10791
f 10577 10576 10792
f 10576 10791 10792
f 10578 10577 10793
f 10577 10792 10793
f 10579 10578 10794
f 10578 10793 10794
f 10580 10579 10795
f 10579 10794 10795
f 10581 10580 10796
f 10580 10795 10796
f 10582 10581 10797
f 10581 10796 10797
f 10583 10582 10798
f 10582 10797 10798
f 10584 10583 10799
f 10583 10798 10799
f 10585 10584 10800
f 10584 10799 10800
f 10586 10585 10801
f 10585 10800 10801
f 10587 10586 10802
f 10586 10801 10802
f 10588 10587 10803
f 10587 10802 10803
f 10589 10588 10804
f 10588 10803 10804
f 10590 10589 10805
f 10589 10804 10805
f 10591 10590 10806
f 10590 10805 10806
f 10592 10591 10807
f 10591 10806 10807
f 10593 10592 10808
f 10592 10807 10808
f 10594 10593 10809
f 10593 10808 10809
f 10595 10594 10810
f 10594 10809 10810
f 10596 10595 10811
f 10595 10810 10811
f 10597 10596 10812
f 10596 10811 10812
f 10598 10597 10813
f 10597 10812 10813
f 10599 10598 10814
f 10598 10813 10814
f 10600 10599 10815
f 10599 10814 10815
f 10601 10600 10816
f 10600 10815 10816
f 10602 10601 10817
f 10601 10816 10817
f 10603 10602 10818
f 10602 10817 10818
f 10604 10603 10819
f 10603 10818 10819
f 10605 10604 10820
f 10604 10819 10820
f 10606 10605 10821
f 10605 10820 10821
f 10607 10606 10822
f 10606 10821 10822
f 10608 10607 10823
f 10607 10822 10823
f 10609 10608 10824
f 10608 10823 10824
f 10610 10609 10825
f 10609 10824 10825
f 10611 10610 10826
f 10610 10825 10826
f 10612 10611 10827
f 10611 10826 10827
f 10613 10612 10828
f 10612 10827 10828
f 10614 10613 10829
f 10613 10828 10829
f 10615 10614 10830
f 10614 10829 10830
f 10616 10615 10831
f 10615 10830 10831
f 10617 10616 10832
f 10616 10831 10832
f 10618 10617 10833
f 10617 10832 10833
f 10619 10618 10834
f 10618 10833 10834
f 10620 10619 10835
f 10619 10834 10835
f 10621 10620 10836
f 10620 10835 10836
f 10622 10621 10837
f 10621 10836 10837
f 10623 10622 10838
f 10622 10837 10838
f 10624 10623 10839
f 10623 10838 10839
f 10625 10624 10840
f 10624 10839 10840
f 10626 10625 10841
f 10625 10840 10841
f 10627 10626 10842
f 10626 10841 10842
f 10628 10627 10843
f 10627 10842 10843
f 10629 10628 10844
f 10628 10843 10844
f 10630 10629 10845
f 10629 10844 10845
f 10631 10630 10846
f 10630 10845 10846
f 10632 10631 10847
f 10631 10846 10847
f 10633 10632 10848
f 10632 10847 10848
f 10634 10633 10849
f 10633 10848 10849
f 10635 10634 10850
f 10634 10849 10850
f 10636 10635 10851
f 10635 10850 10851
f 10637 10636 10852
f 10636 10851 10852
f 10638 10637 10853
f 10637 10852 10853
f 10639 10638 10854
f 10638 10853 10854
f 10640 10639 10855
f 10653 10640 10855
f 10639 10854 10855
f 10673 10656 10735
f 10720 10719 10780
f 10712 10711 10794
f 10663 10653 10855
f 10692 10691 10820
f 10716 10715 10785
f 10652 10662 10753
f 10641 10666 10791
f 10726 10725 10771
f 10714 10650 10788
f 10713 10648 10757
f 10646 10647 10760
f 10645 10659 10747
f 10642 10652 10751
f 10661 10730 10764
f 10732 10654 10856
f 10654 10643 10856
f 10658 10665 10740
f 10697 10695 10815
f 10647 10651 10762
f 10661 10763 10651
f 10657 10671 10847
f 10730 10729 10766
f 10644 10655 10745
f 10668 10667 10853
f 10669 10668 10851
f 10737 10736 10672
f 10672 10660 10737
f 10657 10846 10674
f 10671 10670 10849
f 10675 10674 10845
f 10676 10675 10843
f 10677 10676 10841
f 10841 10840 10677
f 10679 10678 10839
f 10680 10679 10837
f 10680 10836 10681
f 10682 10681 10835
f 10683 10682 10833
f 10684 10683 10831
f 10831 10830 10684
f 10686 10685 10829
f 10687 10686 10827
f 10689 10688 10825
f 10690 10689 10823
f 10659 10649 10749
f 10694 10693 10818
f 10713 10756 10664
f 10699 10698 10812
f 10700 10699 10810
f 10810 10809 10700
f 10702 10701 10808
f 10703 10702 10806
f 10705 10704 10804
f 10706 10705 10802
f 10706 10801 10707
f 10708 10707 10800
f 10709 10708 10798
f 10710 10709 10796
f 10796 10795 10710
f 10665 10731 10742
f 10722 10721 10777
f 10718 10717 10783
f 10723 10722 10775
f 10775 10774 10723
f 10725 10724 10773
f 10751 10750 10642
f 10726 10770 10727
f 10728 10727 10769
f 10662 10664 10755
f 10673 10735 10734
f 10780 10719 10781
f 10791 10666 10792
f 10720 10780 10779
f 10712 10794 10793
f 10696 10673 10734
f 10783 10717 10784
f 10777 10721 10778
f 10804 10704 10805
f 10812 10698 10813
f 10818 10693 10819
f 10825 10688 10826
f 10820 10691 10821
f 10849 10670 10850
f 10716 10785 10784
f 10853 10667 10854
f 10641 10791 10790
f 10745 10655 10746
f 10766 10729 10767
f 10714 10788 10787
f 10646 10760 10759
f 10645 10747 10746
f 10815 10695 10816
f 10856 10643 10696
f 10757 10648 10758
f 10788 10650 10789
f 10697 10815 10814
f 10719 10718 10781
f 10785 10715 10786
f 10644 10745 10744
f 10667 10663 10855
f 10650 10641 10790
f 10669 10851 10850
f 10670 10669 10850
f 10687 10827 10826
f 10688 10687 10826
f 10690 10823 10822
f 10691 10690 10822
f 10694 10818 10817
f 10693 10692 10819
f 10784 10717 10716
f 10758 10648 10646
f 10692 10820 10819
f 10658 10740 10739
f 10695 10694 10816
f 10703 10806 10805
f 10704 10703 10805
f 10742 10731 10743
f 10698 10697 10813
f 10715 10714 10787
f 10655 10645 10746
f 10731 10644 10743
f 10721 10720 10778
f 10666 10712 10792
f 10729 10728 10767
f 10660 10658 10739
f 10786 10715 10787
f 10816 10694 10817
f 10813 10697 10814
f 10789 10650 10790
f 10778 10720 10779
f 10712 10793 10792
f 10644 10744 10743
f 10691 10822 10821
f 10516 10297 10732
f 10660 10739 10738
f 10767 10728 10768
f 10646 10759 10758
f 10781 10718 10782
f 10516 10732 10857
f 10517 10516 10857
f 10732 10856 10857
f 10782 10718 10783
f 10517 10857 10733
f 10768 10728 10769
f 10775 10722 10776
f 10796 10709 10797
f 10802 10705 10803
f 10806 10702 10807
f 10810 10699 10811
f 10749 10649 10750
f 10823 10689 10824
f 10827 10686 10828
f 10831 10683 10832
f 10837 10679 10838
f 10841 10676 10842
f 10676 10843 10842
f 10851 10668 10852
f 10652 10753 10752
f 10753 10662 10754
f 10726 10771 10770
f 10713 10757 10756
f 10657 10847 10846
f 10662 10755 10754
f 10764 10730 10765
f 10661 10764 10763
f 10751 10652 10752
f 10747 10659 10748
f 10740 10665 10741
f 10760 10647 10761
f 10771 10725 10772
f 10647 10762 10761
f 10794 10711 10795
f 10847 10671 10848
f 10730 10766 10765
f 10668 10853 10852
f 10737 10660 10738
f 10671 10849 10848
f 10675 10845 10844
f 10843 10675 10844
f 10679 10839 10838
f 10839 10678 10840
f 10680 10837 10836
f 10683 10833 10832
f 10682 10835 10834
f 10833 10682 10834
f 10686 10829 10828
f 10829 10685 10830
f 10689 10825 10824
f 10659 10749 10748
f 10699 10812 10811
f 10702 10808 10807
f 10808 10701 10809
f 10705 10804 10803
f 10706 10802 10801
f 10709 10798 10797
f 10708 10800 10799
f 10798 10708 10799
f 10665 10742 10741
f 10722 10777 10776
f 10725 10773 10772
f 10773 10724 10774
f 10735 10656 10736
f 10711 10710 10795
f 10667 10855 10854
f 10769 10727 10770
f 10845 10674 10846
f 10724 10723 10774
f 10762 10651 10763
f 10755 10664 10756
f 10656 10672 10736
f 10733 10857 10856
f 10696 10734 10733
f 10800 10707 10801
f 10701 10700 10809
f 10649 10642 10750
f 10696 10733 10856
f 10685 10684 10830
f 10678 10677 10840
f 10835 10681 10836
f 94 291 10858
f 292 294 10859
f 296 298 10860
f 300 302 10861
f 304 306 10862
f 308 310 10863
f 312 314 10864
f 316 318 10865
f 320 322 10866
f 324 326 10867
f 328 330 10868
f 332 334 10869
f 336 338 10870
f 340 342 10871
f 344 346 10872
f 348 350 10873
f 352 354 10874
f 356 358 10875
f 360 362 10876
f 364 366 10877
f 10878 10879 368
f 368 370 10878
f 370 372 10880
f 374 376 10881
f 378 380 10882
f 382 384 10883
f 386 388 10884
f 390 392 10885
f 394 396 10886
f 398 400 10887
f 402 404 10888
f 406 408 10889
f 410 412 10890
f 414 416 10891
f 418 420 10892
f 422 424 10893
f 426 428 10894
f 430 432 10895
f 434 436 10896
f 438 440 10897
f 442 444 10898
f 446 448 10899
f 450 452 10900
f 454 456 10901
f 458 460 10902
f 462 464 10903
f 466 468 10904
f 470 472 10905
f 474 476 10906
f 478 480 10907
f 482 484 10908
f 486 488 10909
f 490 492 10910
f 494 496 10911
f 498 500 10912
f 502 504 10913
f 506 508 10914
f 510 512 10915
f 514 516 10916
f 518 520 10917
f 522 524 10918
f 526 528 10919
f 530 532 10920
f 534 536 10921
f 538 540 10922
f 542 544 10923
f 546 548 10924
f 95 94 10925
f 94 10858 10925
f 10926 10927 10928
f 10927 10929 10880
f 10930 10931 10932
f 10931 10933 10934
f 10933 10935 10936
f 10935 10937 10938
f 10937 10939 10940
f 10939 10941 10942
f 10941 10943 10944
f 10943 10945 10946
f 10945 10947 10948
f 10947 10949 10950
f 10949 10951 10952
f 10951 10926 10953
f 364 10877 10954
f 362 364 10954
f 10877 10930 10954
f 291 292 10955
f 294 296 10956
f 298 300 10957
f 302 304 10958
f 306 308 10959
f 310 312 10960
f 314 316 10961
f 318 320 10962
f 322 324 10963
f 326 328 10964
f 330 332 10965
f 334 336 10966
f 338 340 10967
f 342 344 10968
f 346 348 10969
f 350 352 10970
f 354 356 10971
f 358 360 10972
f 10956 296 10860
f 10955 292 10859
f 366 368 10879
f 10878 370 10880
f 10880 372 10973
f 10927 10880 10973
f 372 374 10973
f 374 10881 10973
f 376 378 10974
f 380 382 10975
f 384 386 10976
f 388 390 10977
f 392 394 10978
f 396 398 10979
f 400 402 10980
f 404 406 10981
f 408 410 10982
f 412 414 10983
f 416 418 10984
f 420 422 10985
f 424 426 10986
f 428 430 10987
f 432 434 10988
f 436 438 10989
f 440 442 10990
f 444 446 10991
f 448 450 10992
f 452 454 10993
f 456 458 10994
f 460 462 10995
f 464 466 10996
f 468 470 10997
f 472 474 10998
f 476 478 10999
f 480 482 11000
f 484 486 11001
f 488 490 11002
f 492 494 11003
f 496 498 11004
f 500 502 11005
f 504 506 11006
f 508 510 11007
f 512 514 11008
f 516 518 11009
f 520 522 11010
f 524 526 11011
f 528 530 11012
f 532 534 11013
f 536 538 11014
f 540 542 11015
f 544 546 11016
f 548 95 11017
f 10928 10927 10973
f 10975 382 10883
f 10930 10932 10954
f 10879 10877 366
f 291 10955 10858
f 10931 10934 10932
f 10933 10936 10934
f 10935 10938 10936
f 10937 10940 10938
f 10939 10942 10940
f 10941 10944 10942
f 10943 10946 10944
f 10945 10948 10946
f 10947 10950 10948
f 10949 10952 10950
f 10951 10953 10952
f 362 10954 10876
f 10926 10928 10953
f 10859 294 10956
f 10860 298 10957
f 10861 302 10958
f 10862 306 10959
f 10863 310 10960
f 10864 314 10961
f 10865 318 10962
f 10866 322 10963
f 10867 326 10964
f 10868 330 10965
f 10869 334 10966
f 10870 338 10967
f 10871 342 10968
f 10872 346 10969
f 10873 350 10970
f 10874 354 10971
f 10875 358 10972
f 10881 376 10974
f 10882 380 10975
f 10883 384 10976
f 10884 388 10977
f 10885 392 10978
f 10886 396 10979
f 10887 400 10980
f 10888 404 10981
f 10889 408 10982
f 10890 412 10983
f 10891 416 10984
f 10892 420 10985
f 10893 424 10986
f 10894 428 10987
f 10895 432 10988
f 10896 436 10989
f 10897 440 10990
f 10898 444 10991
f 10899 448 10992
f 10900 452 10993
f 10901 456 10994
f 10902 460 10995
f 10903 464 10996
f 10904 468 10997
f 10905 472 10998
f 10906 476 10999
f 10907 480 11000
f 10908 484 11001
f 10909 488 11002
f 10910 492 11003
f 10911 496 11004
f 10912 500 11005
f 10913 504 11006
f 10914 508 11007
f 10915 512 11008
f 10916 516 11009
f 10917 520 11010
f 10918 524 11011
f 10919 528 11012
f 10920 532 11013
f 10921 536 11014
f 10922 540 11015
f 10923 544 11016
f 10924 548 11017
f 10957 300 10861
f 10958 304 10862
f 10959 308 10863
f 10960 312 10864
f 10961 316 10865
f 10962 320 10866
f 10963 324 10867
f 10964 328 10868
f 10965 332 10869
f 10966 336 10870
f 10967 340 10871
f 10968 344 10872
f 10969 348 10873
f 10970 352 10874
f 10971 356 10875
f 10972 360 10876
f 10980 402 10888
f 10981 406 10889
f 10982 410 10890
f 10983 414 10891
f 10984 418 10892
f 10985 422 10893
f 10986 426 10894
f 10987 430 10895
f 10988 434 10896
f 10989 438 10897
f 10990 442 10898
f 10991 446 10899
f 10992 450 10900
f 10993 454 10901
f 10994 458 10902
f 10995 462 10903
f 10996 466 10904
f 10997 470 10905
f 10998 474 10906
f 10999 478 10907
f 11000 482 10908
f 11001 486 10909
f 11002 490 10910
f 11003 494 10911
f 11004 498 10912
f 11005 502 10913
f 11006 506 10914
f 11007 510 10915
f 11008 514 10916
f 11009 518 10917
f 11010 522 10918
f 11011 526 10919
f 11012 530 10920
f 11013 534 10921
f 11014 538 10922
f 11015 542 10923
f 11016 546 10924
f 11017 95 10925
f 10979 398 10887
f 10978 394 10886
f 10977 390 10885
f 10976 386 10884
f 10974 378 10882
f 10858 10955 11018
f 10860 10957 11019
f 10861 10958 11020
f 10862 10959 11021
f 10863 10960 11022
f 10864 10961 11023
f 10865 10962 11024
f 10866 10963 11025
f 10867 10964 11026
f 10868 10965 11027
f 10869 10966 11028
f 10870 10967 11029
f 10871 10968 11030
f 10872 10969 11031
f 10873 10970 11032
f 10874 10971 11033
f 10875 10972 11034
f 10881 10974 11035
f 10980 10888 11036
f 10956 10860 11037
f 10860 11019 11037
f 10882 10975 11038
f 10973 10881 10928
f 10883 10976 11039
f 10954 10932 10876
f 10884 10977 11040
f 10974 10882 11041
f 11035 10974 11041
f 10882 11038 11041
f 10885 10978 11042
f 10976 10884 11043
f 11039 10976 11043
f 10884 11040 11043
f 10886 10979 11044
f 10977 10885 11045
f 11040 10977 11045
f 10885 11042 11045
f 10887 10980 11046
f 10980 11036 11046
f 10978 10886 11047
f 11042 10978 11047
f 10886 11044 11047
f 10981 10889 11048
f 10982 10890 11049
f 10983 10891 11050
f 10984 10892 11051
f 10985 10893 11052
f 10986 10894 11053
f 10987 10895 11054
f 10988 10896 11055
f 10989 10897 11056
f 10990 10898 11057
f 10991 10899 11058
f 10992 10900 11059
f 10993 10901 11060
f 10994 10902 11061
f 10995 10903 11062
f 10996 10904 11063
f 10997 10905 11064
f 10998 10906 11065
f 10999 10907 11066
f 11000 10908 11067
f 11001 10909 11068
f 11002 10910 11069
f 11003 10911 11070
f 11004 10912 11071
f 11005 10913 11072
f 11006 10914 11073
f 11007 10915 11074
f 11008 10916 11075
f 11009 10917 11076
f 11010 10918 11077
f 11011 10919 11078
f 11012 10920 11079
f 11013 10921 11080
f 11014 10922 11081
f 11015 10923 11082
f 11016 10924 11083
f 11017 10925 11084
f 10957 10861 11085
f 11019 10957 11085
f 10861 11020 11085
f 10979 10887 11086
f 11044 10979 11086
f 10887 11046 11086
f 10953 10928 11035
f 10975 10883 11087
f 11038 10975 11087
f 10883 11039 11087
f 10925 10858 11088
f 11084 10925 11088
f 10858 11018 11088
f 10934 10936 11089
f 10936 10938 11090
f 10938 10940 11091
f 10940 10942 11092
f 10942 10944 11093
f 10944 10946 11094
f 10946 10948 11095
f 10948 10950 11096
f 10950 10952 11097
f 10952 10953 11098
f 10859 10956 11099
f 10956 11037 11099
f 10928 10881 11035
f 10876 10932 11100
f 10972 10876 11100
f 10932 10934 11100
f 10953 11035 11098
f 10955 10859 11101
f 10958 10862 11102
f 10959 10863 11103
f 10960 10864 11104
f 10961 10865 11105
f 10962 10866 11106
f 10963 10867 11107
f 10964 10868 11108
f 10965 10869 11109
f 10966 10870 11110
f 10967 10871 11111
f 10968 10872 11112
f 10969 10873 11113
f 10970 10874 11114
f 10971 10875 11115
f 11100 10934 11089
f 11102 10862 11021
f 11105 10865 11024
f 11022 10960 11104
f 11021 10959 11103
f 11020 10958 11102
f 11104 10864 11023
f 11018 10955 11101
f 10972 11100 11034
f 11103 10863 11022
f 10888 10981 11116
f 10889 10982 11117
f 10890 10983 11118
f 10891 10984 11119
f 10892 10985 11120
f 10893 10986 11121
f 10894 10987 11122
f 10895 10988 11123
f 10896 10989 11124
f 10897 10990 11125
f 10898 10991 11126
f 10899 10992 11127
f 10900 10993 11128
f 10901 10994 11129
f 10902 10995 11130
f 10903 10996 11131
f 10904 10997 11132
f 10905 10998 11133
f 10906 10999 11134
f 10907 11000 11135
f 10908 11001 11136
f 10909 11002 11137
f 10910 11003 11138
f 10911 11004 11139
f 10912 11005 11140
f 10913 11006 11141
f 10914 11007 11142
f 10915 11008 11143
f 10916 11009 11144
f 10917 11010 11145
f 10918 11011 11146
f 10919 11012 11147
f 10920 11013 11148
f 10921 11014 11149
f 10922 11015 11150
f 10923 11016 11151
f 10924 11017 11152
f 11092 10942 11093
f 10929 10878 10880
f 11091 10940 11092
f 11152 11017 11084
f 11151 11016 11083
f 11150 11015 11082
f 11149 11014 11081
f 11148 11013 11080
f 11147 11012 11079
f 11146 11011 11078
f 11145 11010 11077
f 11144 11009 11076
f 11143 11008 11075
f 11142 11007 11074
f 11141 11006 11073
f 11140 11005 11072
f 11139 11004 11071
f 11138 11003 11070
f 11137 11002 11069
f 11136 11001 11068
f 11135 11000 11067
f 11134 10999 11066
f 11133 10998 11065
f 11132 10997 11064
f 11131 10996 11063
f 11130 10995 11062
f 11129 10994 11061
f 11128 10993 11060
f 11127 10992 11059
f 11126 10991 11058
f 11115 10875 11034
f 11114 10874 11033
f 11113 10873 11032
f 11112 10872 11031
f 11111 10871 11030
f 11110 10870 11029
f 11109 10869 11028
f 11108 10868 11027
f 11107 10867 11026
f 11097 10952 11098
f 11096 10950 11097
f 11090 10938 11091
f 10936 11090 11089
f 10944 11094 11093
f 11095 11153 10946
f 10948 11096 11095
f 10859 11099 11101
f 10981 11048 11116
f 11106 10866 11025
f 11083 10924 11152
f 11082 10923 11151
f 11081 10922 11150
f 11080 10921 11149
f 11079 10920 11148
f 11078 10919 11147
f 11077 10918 11146
f 11076 10917 11145
f 11075 10916 11144
f 11074 10915 11143
f 11073 10914 11142
f 11072 10913 11141
f 11071 10912 11140
f 11070 10911 11139
f 11069 10910 11138
f 11068 10909 11137
f 11067 10908 11136
f 11066 10907 11135
f 11065 10906 11134
f 11064 10905 11133
f 11063 10904 11132
f 11062 10903 11131
f 11061 10902 11130
f 11060 10901 11129
f 11059 10900 11128
f 11058 10899 11127
f 11057 10898 11126
f 11056 10897 11125
f 11055 10896 11124
f 11054 10895 11123
f 11053 10894 11122
f 11052 10893 11121
f 11051 10892 11120
f 11036 10888 11116
f 11048 10889 11117
f 11033 10971 11115
f 11032 10970 11114
f 11031 10969 11113
f 11030 10968 11112
f 11029 10967 11111
f 11028 10966 11110
f 11027 10965 11109
f 11026 10964 11108
f 11025 10963 11107
f 11024 10962 11106
f 11023 10961 11105
f 11125 10990 11057
f 11124 10989 11056
f 11123 10988 11055
f 11122 10987 11054
f 11121 10986 11053
f 11120 10985 11052
f 11119 10984 11051
f 11118 10983 11050
f 11117 10982 11049
f 10890 11118 11049
f 10891 11119 11050
f 11116 11048 11154
f 11104 11023 11155
f 11105 11024 11156
f 11020 11102 11157
f 11021 11103 11158
f 11018 11101 11159
f 11125 11057 11160
f 11022 11104 11161
f 11104 11155 11161
f 11023 11105 11162
f 11155 11023 11162
f 11105 11156 11162
f 11083 11152 11163
f 11097 11098 11164
f 11025 11107 11165
f 11026 11108 11166
f 11027 11109 11167
f 11028 11110 11168
f 11029 11111 11169
f 11030 11112 11170
f 11031 11113 11171
f 11032 11114 11172
f 11102 11021 11173
f 11157 11102 11173
f 11021 11158 11173
f 11106 11025 11174
f 11025 11165 11174
f 11046 11036 11175
f 11050 11119 11176
f 11033 11115 11177
f 11049 11118 11178
f 11117 11049 11179
f 11049 11178 11179
f 11118 11050 11180
f 11178 11118 11180
f 11050 11176 11180
f 11036 11116 11181
f 11175 11036 11181
f 11116 11154 11181
f 11051 11120 11182
f 11052 11121 11183
f 11053 11122 11184
f 11054 11123 11185
f 11055 11124 11186
f 11056 11125 11187
f 11125 11160 11187
f 11126 11058 11188
f 11127 11059 11189
f 11128 11060 11190
f 11129 11061 11191
f 11130 11062 11192
f 11131 11063 11193
f 11132 11064 11194
f 11133 11065 11195
f 11134 11066 11196
f 11135 11067 11197
f 11136 11068 11198
f 11137 11069 11199
f 11138 11070 11200
f 11139 11071 11201
f 11140 11072 11202
f 11141 11073 11203
f 11142 11074 11204
f 11143 11075 11205
f 11144 11076 11206
f 11145 11077 11207
f 11146 11078 11208
f 11147 11079 11209
f 11148 11080 11210
f 11149 11081 11211
f 11150 11082 11212
f 11151 11083 11213
f 11083 11163 11213
f 11092 11093 11214
f 11098 11035 11041
f 11099 11037 11215
f 11091 11092 11216
f 11089 11090 11217
f 11090 11091 11218
f 11096 11097 11219
f 11101 11099 11220
f 11099 11215 11220
f 11095 11096 11221
f 11094 10946 11153
f 11093 11094 11222
f 11103 11022 11223
f 11158 11103 11223
f 11022 11161 11223
f 11044 11086 11224
f 11092 11214 11216
f 11048 11117 11225
f 11097 11164 11219
f 11024 11106 11226
f 11107 11026 11227
f 11108 11027 11228
f 11109 11028 11229
f 11110 11029 11230
f 11111 11030 11231
f 11112 11031 11232
f 11113 11032 11233
f 11114 11033 11234
f 11100 11089 11034
f 11167 11109 11229
f 11166 11108 11228
f 11042 11047 11235
f 11165 11107 11227
f 11088 11018 11236
f 11018 11159 11236
f 11159 11101 11220
f 11086 11046 11237
f 11224 11086 11237
f 11046 11175 11237
f 11156 11024 11226
f 11043 11040 11238
f 11039 11043 11239
f 11043 11238 11239
f 11045 11042 11240
f 11042 11235 11240
f 11040 11045 11241
f 11238 11040 11241
f 11045 11240 11241
f 11047 11044 11242
f 11235 11047 11242
f 11044 11224 11242
f 11033 11177 11234
f 11117 11179 11225
f 11163 11152 11243
f 11152 11084 11243
f 11154 11048 11225
f 11119 11051 11244
f 11120 11052 11245
f 11121 11053 11246
f 11122 11054 11247
f 11123 11055 11248
f 11124 11056 11249
f 11115 11034 11089
f 11057 11126 11250
f 11058 11127 11251
f 11059 11128 11252
f 11060 11129 11253
f 11061 11130 11254
f 11062 11131 11255
f 11063 11132 11256
f 11064 11133 11257
f 11065 11134 11258
f 11066 11135 11259
f 11067 11136 11260
f 11068 11137 11261
f 11069 11138 11262
f 11070 11139 11263
f 11071 11140 11264
f 11072 11141 11265
f 11073 11142 11266
f 11074 11143 11267
f 11075 11144 11268
f 11076 11145 11269
f 11077 11146 11270
f 11078 11147 11271
f 11079 11148 11272
f 11080 11149 11273
f 11081 11150 11274
f 11082 11151 11275
f 11214 11093 11276
f 11093 11222 11276
f 11098 11041 11277
f 11164 11098 11277
f 11041 11038 11277
f 11019 11085 11278
f 11087 11039 11279
f 11039 11239 11279
f 11084 11088 11280
f 11243 11084 11280
f 11088 11236 11280
f 11038 11087 11281
f 11277 11038 11281
f 11087 11279 11281
f 11275 11151 11213
f 11274 11150 11212
f 11273 11149 11211
f 11272 11148 11210
f 11271 11147 11209
f 11270 11146 11208
f 11269 11145 11207
f 11268 11144 11206
f 11267 11143 11205
f 11266 11142 11204
f 11265 11141 11203
f 11264 11140 11202
f 11263 11139 11201
f 11262 11138 11200
f 11261 11137 11199
f 11260 11136 11198
f 11259 11135 11197
f 11091 11216 11218
f 11258 11134 11196
f 11257 11133 11195
f 11256 11132 11194
f 11089 11217 11177
f 11255 11131 11193
f 11090 11218 11217
f 11233 11032 11172
f 11232 11031 11171
f 11096 11219 11221
f 11231 11030 11170
f 11230 11029 11169
f 11229 11028 11168
f 11085 11020 11282
f 11278 11085 11282
f 11020 11157 11282
f 11228 11027 11167
f 11222 11094 11283
f 11094 11153 11283
f 11153 11095 11284
f 11095 11221 11284
f 11119 11244 11176
f 11212 11082 11275
f 11211 11081 11274
f 11210 11080 11273
f 11209 11079 11272
f 11208 11078 11271
f 11207 11077 11270
f 11206 11076 11269
f 11205 11075 11268
f 11204 11074 11267
f 11203 11073 11266
f 11202 11072 11265
f 11201 11071 11264
f 11200 11070 11263
f 11199 11069 11262
f 11198 11068 11261
f 11197 11067 11260
f 11196 11066 11259
f 11195 11065 11258
f 11194 11064 11257
f 11193 11063 11256
f 11192 11062 11255
f 11191 11061 11254
f 11190 11060 11253
f 11037 11019 11285
f 11189 11059 11252
f 11227 11026 11166
f 11186 11124 11249
f 11185 11123 11248
f 11177 11115 11089
f 11172 11114 11234
f 11171 11113 11233
f 11170 11112 11232
f 11169 11111 11231
f 11168 11110 11230
f 11226 11106 11174
f 11057 11250 11160
f 11254 11130 11192
f 11253 11129 11191
f 11247 11054 11185
f 11252 11128 11190
f 11251 11127 11189
f 11249 11056 11187
f 11248 11055 11186
f 11246 11053 11184
f 11245 11052 11183
f 11244 11051 11182
f 11120 11245 11182
f 11121 11246 11183
f 11122 11247 11184
f 11250 11126 11188
f 11058 11251 11188
f 11037 11285 11215
f 11285 11019 11278
f 11216 11214 11286
f 11163 11243 11287
f 11228 11167 11288
f 11160 11250 11289
f 11219 11164 11290
f 11159 11220 11291
f 11188 11251 11292
f 11234 11177 11293
f 11177 11217 11293
f 11156 11226 11294
f 11186 11249 11295
f 11166 11228 11296
f 11228 11288 11296
f 11229 11168 11297
f 11230 11169 11298
f 11221 11219 11299
f 11170 11232 11300
f 11171 11233 11301
f 11165 11227 11302
f 11161 11155 11303
f 11254 11192 11304
f 11239 11238 11305
f 11174 11165 11306
f 11165 11302 11306
f 11212 11275 11307
f 11183 11246 11308
f 11176 11244 11309
f 11182 11245 11310
f 11250 11188 11311
f 11289 11250 11311
f 11188 11292 11311
f 11184 11247 11312
f 11244 11182 11313
f 11309 11244 11313
f 11182 11310 11313
f 11245 11183 11314
f 11310 11245 11314
f 11183 11308 11314
f 11252 11190 11315
f 11246 11184 11316
f 11308 11246 11316
f 11184 11312 11316
f 11185 11248 11317
f 11248 11186 11318
f 11317 11248 11318
f 11186 11295 11318
f 11215 11285 11319
f 11227 11166 11320
f 11302 11227 11320
f 11166 11296 11320
f 11247 11185 11321
f 11312 11247 11321
f 11185 11317 11321
f 11253 11191 11322
f 11191 11254 11323
f 11322 11191 11323
f 11254 11304 11323
f 11172 11234 11324
f 11234 11293 11324
f 11193 11256 11325
f 11194 11257 11326
f 11195 11258 11327
f 11218 11216 11328
f 11196 11259 11329
f 11197 11260 11330
f 11198 11261 11331
f 11199 11262 11332
f 11200 11263 11333
f 11201 11264 11334
f 11202 11265 11335
f 11203 11266 11336
f 11204 11267 11337
f 11205 11268 11338
f 11206 11269 11339
f 11207 11270 11340
f 11208 11271 11341
f 11209 11272 11342
f 11210 11273 11343
f 11211 11274 11344
f 11274 11212 11345
f 11344 11274 11345
f 11212 11307 11345
f 11167 11229 11346
f 11288 11167 11346
f 11229 11297 11346
f 11255 11193 11347
f 11193 11325 11347
f 11154 11225 11348
f 11231 11170 11349
f 11170 11300 11349
f 11164 11277 11350
f 11290 11164 11350
f 11277 11281 11350
f 11220 11215 11351
f 11215 11319 11351
f 11258 11196 11352
f 11327 11258 11352
f 11196 11329 11352
f 11233 11172 11353
f 11301 11233 11353
f 11172 11324 11353
f 11213 11163 11354
f 11163 11287 11354
f 11189 11252 11355
f 11252 11315 11355
f 11187 11160 11356
f 11160 11289 11356
f 11179 11178 11357
f 11162 11156 11358
f 11156 11294 11358
f 11220 11351 11291
f 11278 11282 11359
f 11226 11174 11360
f 11168 11230 11361
f 11169 11231 11362
f 11232 11171 11363
f 11157 11173 11364
f 11305 11238 11365
f 11238 11241 11365
f 11236 11159 11366
f 11159 11291 11366
f 11237 11175 11367
f 11174 11306 11360
f 11300 11232 11363
f 11242 11224 11368
f 11240 11235 11369
f 11219 11290 11299
f 11370 11299 11290
f 11298 11169 11362
f 11180 11176 11371
f 11176 11309 11371
f 11328 11216 11372
f 11216 11286 11372
f 11249 11187 11373
f 11251 11189 11374
f 11287 11243 11375
f 11243 11280 11375
f 11190 11253 11376
f 11217 11218 11377
f 11192 11255 11378
f 11256 11194 11379
f 11257 11195 11380
f 11259 11197 11381
f 11260 11198 11382
f 11261 11199 11383
f 11262 11200 11384
f 11263 11201 11385
f 11264 11202 11386
f 11265 11203 11387
f 11266 11204 11388
f 11267 11205 11389
f 11268 11206 11390
f 11269 11207 11391
f 11270 11208 11392
f 11271 11209 11393
f 11272 11210 11394
f 11273 11211 11395
f 11363 11171 11301
f 11279 11239 11396
f 11239 11305 11396
f 11275 11213 11397
f 11285 11278 11398
f 11276 11222 11399
f 11222 11283 11399
f 11348 11225 11400
f 11225 11179 11400
f 11398 11278 11359
f 11395 11211 11344
f 11231 11349 11362
f 11394 11210 11343
f 11393 11209 11342
f 11392 11208 11341
f 11224 11237 11401
f 11368 11224 11401
f 11237 11367 11401
f 11391 11207 11340
f 11390 11206 11339
f 11282 11157 11402
f 11359 11282 11402
f 11157 11364 11402
f 11389 11205 11338
f 11158 11223 11403
f 11283 11153 11404
f 11153 11284 11404
f 11223 11161 11405
f 11403 11223 11405
f 11161 11303 11405
f 11284 11221 11406
f 11221 11299 11406
f 11387 11203 11336
f 11235 11242 11407
f 11369 11235 11407
f 11242 11368 11407
f 11361 11230 11298
f 11386 11202 11335
f 11385 11201 11334
f 11384 11200 11333
f 11383 11199 11332
f 11382 11198 11331
f 11381 11197 11330
f 11380 11195 11327
f 11379 11194 11326
f 11378 11255 11347
f 11377 11218 11408
f 11218 11328 11408
f 11343 11273 11395
f 11342 11272 11394
f 11341 11271 11393
f 11340 11270 11392
f 11339 11269 11391
f 11338 11268 11390
f 11337 11267 11389
f 11286 11214 11409
f 11214 11276 11409
f 11249 11373 11295
f 11336 11266 11388
f 11335 11265 11387
f 11334 11264 11386
f 11333 11263 11385
f 11181 11154 11410
f 11154 11348 11410
f 11331 11261 11383
f 11173 11158 11411
f 11364 11173 11411
f 11158 11403 11411
f 11329 11259 11381
f 11315 11190 11376
f 11319 11285 11398
f 11388 11204 11337
f 11226 11360 11294
f 11168 11361 11297
f 11275 11397 11307
f 11374 11189 11355
f 11373 11187 11356
f 11251 11374 11292
f 11376 11253 11322
f 11217 11377 11293
f 11192 11378 11304
f 11256 11379 11325
f 11257 11380 11326
f 11260 11382 11330
f 11262 11384 11332
f 11397 11213 11354
f 11400 11179 11357
f 11155 11162 11412
f 11373 11356 11413
f 11155 11412 11303
f 11303 11412 11414
f 11298 11362 11415
f 11391 11340 11416
f 11293 11377 11324
f 11331 11383 11417
f 11297 11361 11418
f 11300 11363 11419
f 11306 11302 11420
f 11348 11400 11421
f 11307 11397 11422
f 11386 11335 11423
f 11387 11336 11424
f 11361 11298 11425
f 11418 11361 11425
f 11298 11415 11425
f 11389 11338 11426
f 11325 11379 11427
f 11367 11175 11428
f 11354 11287 11429
f 11324 11377 11430
f 11377 11408 11430
f 11367 11428 11431
f 11428 11175 11181
f 11360 11306 11432
f 11306 11420 11432
f 11374 11355 11433
f 11292 11374 11434
f 11374 11433 11434
f 11319 11398 11435
f 11241 11240 11436
f 11365 11241 11436
f 11240 11369 11436
f 11296 11288 11437
f 11178 11180 11438
f 11281 11279 11439
f 11350 11281 11439
f 11279 11396 11439
f 11304 11378 11440
f 11376 11322 11441
f 11395 11344 11442
f 11351 11319 11443
f 11319 11435 11443
f 11397 11354 11444
f 11354 11429 11444
f 11332 11384 11445
f 11347 11325 11446
f 11325 11427 11446
f 11330 11382 11447
f 11326 11380 11448
f 11378 11347 11449
f 11440 11378 11449
f 11347 11446 11449
f 11379 11326 11450
f 11427 11379 11450
f 11326 11448 11450
f 11315 11376 11451
f 11376 11441 11451
f 11343 11395 11452
f 11395 11442 11452
f 11381 11330 11453
f 11330 11447 11453
f 11382 11331 11454
f 11447 11382 11454
f 11331 11417 11454
f 11383 11332 11455
f 11417 11383 11455
f 11332 11445 11455
f 11333 11385 11456
f 11334 11386 11457
f 11386 11423 11457
f 11335 11387 11458
f 11423 11335 11458
f 11387 11424 11458
f 11294 11360 11459
f 11360 11432 11459
f 11329 11381 11460
f 11381 11453 11460
f 11337 11389 11461
f 11389 11426 11461
f 11390 11339 11462
f 11339 11391 11463
f 11462 11339 11463
f 11391 11416 11463
f 11392 11341 11464
f 11393 11342 11465
f 11295 11373 11466
f 11373 11413 11466
f 11388 11337 11467
f 11337 11461 11467
f 11280 11236 11468
f 11375 11280 11468
f 11236 11366 11468
f 11412 11162 11358
f 11349 11300 11469
f 11300 11419 11469
f 11291 11351 11470
f 11351 11443 11470
f 11394 11343 11471
f 11343 11452 11471
f 11355 11315 11472
f 11433 11355 11472
f 11315 11451 11472
f 11357 11178 11438
f 11428 11181 11410
f 11438 11180 11371
f 11357 11438 11473
f 11414 11412 11474
f 11412 11358 11474
f 11431 11428 11475
f 11428 11410 11475
f 11397 11444 11422
f 11404 11284 11476
f 11327 11352 11477
f 11312 11321 11478
f 11429 11287 11479
f 11287 11375 11479
f 11290 11350 11480
f 11350 11439 11480
f 11305 11365 11481
f 11366 11291 11482
f 11291 11470 11482
f 11284 11406 11476
f 11324 11430 11353
f 11400 11357 11483
f 11435 11398 11484
f 11398 11359 11484
f 11328 11372 11485
f 11310 11314 11486
f 11299 11370 11487
f 11473 11438 11488
f 11438 11371 11488
f 11289 11311 11489
f 11441 11322 11490
f 11322 11323 11490
f 11336 11388 11491
f 11372 11286 11492
f 11313 11310 11493
f 11310 11486 11493
f 11309 11313 11494
f 11313 11493 11494
f 11424 11336 11491
f 11316 11312 11495
f 11312 11478 11495
f 11308 11316 11496
f 11316 11495 11496
f 11318 11295 11497
f 11295 11466 11497
f 11317 11318 11498
f 11318 11497 11498
f 11320 11296 11499
f 11296 11437 11499
f 11302 11320 11500
f 11420 11302 11500
f 11320 11499 11500
f 11400 11483 11421
f 11323 11304 11501
f 11490 11323 11501
f 11304 11440 11501
f 11419 11363 11502
f 11363 11301 11502
f 11492 11286 11409
f 11380 11327 11503
f 11364 11411 11504
f 11384 11333 11505
f 11385 11334 11506
f 11369 11407 11507
f 11380 11503 11448
f 11338 11390 11508
f 11368 11401 11509
f 11340 11392 11510
f 11341 11393 11511
f 11317 11498 11321
f 11342 11394 11512
f 11362 11349 11513
f 11276 11399 11514
f 11399 11283 11515
f 11328 11485 11408
f 11401 11367 11516
f 11509 11401 11516
f 11367 11431 11516
f 11402 11364 11517
f 11364 11504 11517
f 11403 11405 11518
f 11406 11299 11487
f 11283 11404 11515
f 11405 11303 11519
f 11518 11405 11519
f 11303 11414 11519
f 11407 11368 11520
f 11507 11407 11520
f 11368 11509 11520
f 11352 11329 11521
f 11477 11352 11521
f 11329 11460 11521
f 11358 11294 11522
f 11474 11358 11522
f 11294 11459 11522
f 11437 11288 11523
f 11288 11346 11523
f 11345 11307 11524
f 11307 11422 11524
f 11346 11297 11525
f 11523 11346 11525
f 11297 11418 11525
f 11409 11276 11514
f 11513 11349 11469
f 11511 11393 11465
f 11356 11289 11526
f 11510 11392 11464
f 11410 11348 11527
f 11475 11410 11527
f 11348 11421 11527
f 11338 11508 11426
f 11411 11403 11528
f 11504 11411 11528
f 11403 11518 11528
f 11311 11292 11529
f 11489 11311 11529
f 11292 11434 11529
f 11314 11308 11530
f 11486 11314 11530
f 11308 11496 11530
f 11436 11369 11531
f 11369 11507 11531
f 11327 11477 11503
f 11342 11512 11465
f 11483 11357 11473
f 11491 11388 11467
f 11505 11333 11456
f 11506 11334 11457
f 11384 11505 11445
f 11385 11506 11456
f 11508 11390 11462
f 11340 11510 11416
f 11341 11511 11464
f 11356 11526 11413
f 11512 11394 11471
f 11362 11513 11415
f 11526 11289 11489
f 11505 11456 11532
f 11416 11510 11533
f 11508 11462 11534
f 11409 11514 11535
f 11476 11406 11536
f 11434 11433 11537
f 11426 11508 11538
f 11508 11534 11538
f 11430 11408 11539
f 11491 11467 11540
f 11451 11441 11541
f 11419 11502 11542
f 11484 11359 11543
f 11506 11457 11544
f 11435 11484 11545
f 11432 11420 11546
f 11485 11372 11547
f 11309 11494 11548
f 11515 11404 11549
f 11365 11436 11550
f 11481 11365 11550
f 11436 11531 11550
f 11371 11309 11548
f 11422 11444 11551
f 11305 11481 11552
f 11372 11492 11547
f 11424 11491 11553
f 11491 11540 11553
f 11415 11513 11554
f 11456 11506 11555
f 11532 11456 11555
f 11506 11544 11555
f 11459 11432 11556
f 11432 11546 11556
f 11290 11480 11370
f 11404 11476 11549
f 11305 11552 11396
f 11552 11481 11557
f 11543 11359 11402
f 11421 11483 11558
f 11465 11512 11559
f 11502 11301 11430
f 11452 11442 11560
f 11453 11447 11561
f 11301 11353 11430
f 11464 11511 11562
f 11466 11413 11563
f 11526 11489 11564
f 11445 11505 11565
f 11505 11532 11565
f 11503 11477 11566
f 11448 11503 11567
f 11503 11566 11567
f 11460 11453 11568
f 11453 11561 11568
f 11461 11426 11569
f 11426 11538 11569
f 11413 11526 11570
f 11563 11413 11570
f 11526 11564 11570
f 11321 11498 11478
f 11492 11409 11571
f 11409 11535 11571
f 11344 11345 11572
f 11467 11461 11573
f 11540 11467 11573
f 11461 11569 11573
f 11399 11515 11574
f 11469 11419 11575
f 11419 11542 11575
f 11470 11443 11576
f 11408 11485 11539
f 11471 11452 11577
f 11452 11560 11577
f 11487 11370 11578
f 11443 11435 11579
f 11576 11443 11579
f 11435 11545 11579
f 11514 11399 11574
f 11510 11464 11580
f 11533 11510 11580
f 11464 11562 11580
f 11511 11465 11581
f 11562 11511 11581
f 11465 11559 11581
f 11446 11427 11582
f 11442 11344 11572
f 11548 11494 11583
f 11502 11430 11539
f 11478 11498 11584
f 11572 11345 11524
f 11522 11459 11585
f 11459 11556 11585
f 11476 11536 11586
f 11582 11427 11587
f 11427 11450 11587
f 11371 11548 11488
f 11429 11479 11588
f 11431 11475 11589
f 11423 11458 11590
f 11437 11523 11591
f 11418 11425 11592
f 11543 11402 11517
f 11484 11543 11593
f 11531 11507 11594
f 11546 11420 11595
f 11420 11500 11595
f 11476 11586 11549
f 11514 11574 11596
f 11545 11484 11593
f 11370 11480 11557
f 11485 11547 11597
f 11479 11375 11598
f 11375 11468 11598
f 11486 11530 11599
f 11515 11549 11600
f 11473 11488 11601
f 11425 11415 11602
f 11592 11425 11602
f 11415 11554 11602
f 11557 11481 11603
f 11481 11550 11603
f 11547 11492 11604
f 11492 11571 11604
f 11517 11504 11605
f 11495 11478 11606
f 11478 11584 11606
f 11496 11495 11607
f 11495 11606 11607
f 11444 11429 11608
f 11497 11466 11609
f 11466 11563 11609
f 11561 11447 11610
f 11447 11454 11610
f 11498 11497 11611
f 11497 11609 11611
f 11499 11437 11612
f 11437 11591 11612
f 11488 11548 11583
f 11521 11460 11613
f 11460 11568 11613
f 11417 11455 11614
f 11455 11445 11615
f 11614 11455 11615
f 11445 11565 11615
f 11560 11442 11616
f 11442 11572 11616
f 11501 11440 11617
f 11559 11512 11618
f 11512 11471 11618
f 11414 11474 11619
f 11542 11502 11539
f 11529 11434 11620
f 11434 11537 11620
f 11584 11498 11611
f 11487 11578 11621
f 11489 11529 11622
f 11564 11489 11622
f 11529 11620 11622
f 11454 11417 11623
f 11610 11454 11623
f 11417 11614 11623
f 11541 11441 11624
f 11441 11490 11624
f 11457 11423 11625
f 11574 11515 11600
f 11458 11424 11626
f 11590 11458 11626
f 11424 11553 11626
f 11463 11416 11627
f 11416 11533 11627
f 11477 11521 11628
f 11566 11477 11628
f 11521 11613 11628
f 11462 11463 11629
f 11534 11462 11629
f 11463 11627 11629
f 11483 11473 11630
f 11537 11433 11631
f 11433 11472 11631
f 11535 11514 11596
f 11630 11473 11601
f 11513 11469 11632
f 11552 11557 11480
f 11468 11366 11633
f 11598 11468 11633
f 11366 11482 11633
f 11429 11588 11608
f 11469 11575 11632
f 11539 11485 11597
f 11578 11370 11557
f 11516 11431 11634
f 11431 11589 11634
f 11520 11509 11635
f 11450 11448 11636
f 11587 11450 11636
f 11448 11567 11636
f 11406 11487 11637
f 11536 11406 11637
f 11487 11621 11637
f 11472 11451 11638
f 11631 11472 11638
f 11451 11541 11638
f 11519 11414 11639
f 11414 11619 11639
f 11482 11470 11640
f 11470 11576 11640
f 11509 11516 11634
f 11524 11422 11641
f 11422 11551 11641
f 11525 11418 11642
f 11418 11592 11642
f 11518 11519 11643
f 11519 11639 11643
f 11527 11421 11644
f 11421 11558 11644
f 11493 11486 11645
f 11486 11599 11645
f 11449 11446 11646
f 11446 11582 11646
f 11528 11518 11647
f 11518 11643 11647
f 11583 11494 11648
f 11494 11493 11648
f 11396 11552 11480
f 11483 11630 11558
f 11423 11590 11625
f 11509 11634 11635
f 11513 11632 11554
f 11457 11625 11544
f 11396 11480 11439
f 11444 11608 11551
f 11618 11471 11577
f 11496 11607 11649
f 11567 11566 11650
f 11475 11527 11651
f 11589 11475 11651
f 11527 11644 11651
f 11586 11536 11652
f 11584 11611 11653
f 11496 11649 11530
f 11530 11649 11599
f 11588 11479 11654
f 11479 11598 11654
f 11523 11525 11655
f 11591 11523 11655
f 11525 11642 11655
f 11488 11583 11601
f 11543 11517 11656
f 11593 11543 11656
f 11517 11605 11656
f 11608 11588 11657
f 11600 11549 11658
f 11507 11520 11659
f 11597 11547 11660
f 11547 11604 11660
f 11596 11574 11661
f 11545 11593 11662
f 11557 11603 11578
f 11663 11578 11603
f 11549 11586 11658
f 11601 11583 11664
f 11474 11522 11665
f 11619 11474 11665
f 11522 11585 11665
f 11599 11649 11666
f 11618 11577 11667
f 11605 11504 11647
f 11507 11659 11594
f 11605 11647 11668
f 11594 11659 11669
f 11647 11504 11528
f 11553 11540 11670
f 11544 11625 11671
f 11535 11596 11672
f 11632 11575 11673
f 11500 11499 11674
f 11595 11500 11674
f 11499 11612 11674
f 11616 11572 11675
f 11617 11440 11676
f 11559 11618 11677
f 11618 11667 11677
f 11490 11501 11678
f 11624 11490 11678
f 11501 11617 11678
f 11542 11539 11679
f 11575 11542 11679
f 11539 11597 11679
f 11440 11449 11676
f 11621 11578 11663
f 11635 11634 11680
f 11572 11524 11675
f 11560 11616 11681
f 11574 11600 11661
f 11568 11561 11682
f 11569 11538 11683
f 11571 11535 11684
f 11535 11672 11684
f 11558 11630 11685
f 11659 11520 11635
f 11577 11560 11686
f 11667 11577 11686
f 11560 11681 11686
f 11554 11632 11687
f 11632 11673 11687
f 11630 11601 11688
f 11685 11630 11688
f 11601 11664 11688
f 11556 11546 11689
f 11565 11532 11690
f 11550 11531 11691
f 11603 11550 11691
f 11531 11594 11691
f 11551 11608 11692
f 11608 11657 11692
f 11617 11676 11693
f 11659 11635 11694
f 11669 11659 11694
f 11635 11680 11694
f 11589 11651 11695
f 11653 11611 11696
f 11611 11609 11696
f 11534 11629 11697
f 11582 11587 11698
f 11652 11536 11699
f 11536 11637 11699
f 11563 11570 11700
f 11662 11593 11701
f 11593 11656 11701
f 11656 11605 11702
f 11701 11656 11702
f 11605 11668 11702
f 11658 11586 11703
f 11586 11652 11703
f 11657 11588 11704
f 11588 11654 11704
f 11551 11692 11641
f 11599 11666 11645
f 11600 11658 11705
f 11668 11647 11706
f 11591 11655 11707
f 11590 11626 11708
f 11664 11583 11709
f 11583 11648 11709
f 11619 11665 11710
f 11673 11575 11679
f 11596 11661 11711
f 11555 11544 11712
f 11544 11671 11712
f 11592 11602 11713
f 11606 11584 11714
f 11584 11653 11714
f 11604 11571 11715
f 11571 11684 11715
f 11672 11596 11711
f 11650 11566 11716
f 11566 11628 11716
f 11607 11606 11717
f 11606 11714 11717
f 11532 11555 11718
f 11690 11532 11718
f 11555 11712 11718
f 11616 11675 11719
f 11679 11597 11720
f 11597 11660 11720
f 11612 11591 11721
f 11591 11707 11721
f 11615 11565 11722
f 11565 11690 11722
f 11621 11663 11723
f 11613 11568 11724
f 11568 11682 11724
f 11614 11615 11725
f 11615 11722 11725
f 11649 11607 11726
f 11678 11617 11727
f 11617 11693 11727
f 11562 11581 11728
f 11666 11649 11726
f 11625 11590 11729
f 11620 11537 11730
f 11680 11634 11731
f 11670 11540 11732
f 11540 11573 11732
f 11564 11622 11733
f 11533 11580 11734
f 11623 11614 11735
f 11614 11725 11735
f 11573 11569 11736
f 11732 11573 11736
f 11569 11683 11736
f 11681 11616 11719
f 11661 11600 11705
f 11682 11561 11737
f 11561 11610 11737
f 11541 11624 11738
f 11626 11553 11739
f 11708 11626 11739
f 11553 11670 11739
f 11538 11534 11740
f 11570 11564 11741
f 11700 11570 11741
f 11564 11733 11741
f 11579 11545 11742
f 11545 11662 11742
f 11493 11645 11648
f 11639 11619 11743
f 11619 11710 11743
f 11638 11541 11744
f 11541 11738 11744
f 11689 11546 11745
f 11546 11595 11745
f 11676 11449 11646
f 11581 11559 11746
f 11728 11581 11746
f 11559 11677 11746
f 11585 11556 11747
f 11556 11689 11747
f 11633 11482 11748
f 11482 11640 11748
f 11636 11567 11749
f 11567 11650 11749
f 11691 11594 11750
f 11594 11669 11750
f 11634 11589 11731
f 11730 11537 11751
f 11537 11631 11751
f 11640 11576 11752
f 11609 11563 11753
f 11696 11609 11753
f 11563 11700 11753
f 11602 11554 11754
f 11713 11602 11754
f 11554 11687 11754
f 11576 11579 11755
f 11752 11576 11755
f 11579 11742 11755
f 11642 11592 11756
f 11592 11713 11756
f 11644 11558 11757
f 11558 11685 11757
f 11580 11562 11758
f 11734 11580 11758
f 11562 11728 11758
f 11621 11723 11759
f 11627 11533 11760
f 11533 11734 11760
f 11621 11759 11637
f 11646 11582 11761
f 11582 11698 11761
f 11647 11643 11706
f 11607 11717 11726
f 11740 11534 11697
f 11625 11729 11671
f 11590 11708 11729
f 11731 11589 11695
f 11538 11740 11683
f 11706 11643 11762
f 11654 11598 11763
f 11598 11633 11763
f 11655 11642 11764
f 11707 11655 11764
f 11642 11756 11764
f 11677 11667 11765
f 11660 11604 11766
f 11604 11715 11766
f 11703 11652 11767
f 11651 11644 11768
f 11695 11651 11768
f 11644 11757 11768
f 11726 11717 11769
f 11631 11638 11770
f 11751 11631 11770
f 11638 11744 11770
f 11705 11658 11771
f 11668 11706 11772
f 11676 11646 11773
f 11646 11761 11773
f 11648 11645 11774
f 11709 11648 11774
f 11645 11666 11774
f 11683 11740 11775
f 11665 11585 11776
f 11710 11665 11776
f 11585 11747 11776
f 11673 11679 11720
f 11711 11661 11777
f 11661 11705 11777
f 11624 11678 11778
f 11738 11624 11778
f 11678 11727 11778
f 11729 11708 11779
f 11663 11603 11691
f 11671 11729 11780
f 11729 11779 11780
f 11723 11663 11750
f 11666 11726 11781
f 11726 11769 11781
f 11731 11695 11782
f 11676 11773 11693
f 11663 11691 11750
f 11693 11773 11783
f 11762 11643 11639
f 11698 11587 11784
f 11587 11636 11784
f 11680 11731 11785
f 11731 11782 11785
f 11622 11620 11786
f 11733 11622 11786
f 11620 11730 11786
f 11706 11762 11787
f 11637 11759 11699
f 11675 11524 11641
f 11629 11627 11788
f 11697 11629 11788
f 11627 11760 11788
f 11681 11719 11789
f 11628 11613 11790
f 11716 11628 11790
f 11613 11724 11790
f 11672 11711 11791
f 11684 11672 11792
f 11672 11791 11792
f 11759 11723 11793
f 11692 11657 11794
f 11658 11703 11771
f 11610 11623 11735
f 11737 11610 11735
f 11795 11796 11797
f 11653 11696 11798
f 11789 11719 11799
f 11703 11767 11800
f 11742 11662 11801
f 11702 11668 11802
f 11668 11772 11802
f 11767 11652 11803
f 11652 11699 11803
f 11695 11768 11782
f 11705 11771 11804
f 11704 11654 11805
f 11654 11763 11805
f 11633 11748 11763
f 11674 11612 11806
f 11612 11721 11806
f 11765 11667 11807
f 11667 11686 11807
f 11772 11706 11787
f 11774 11666 11808
f 11666 11781 11808
f 11710 11776 11809
f 11707 11764 11810
f 11641 11692 11799
f 11664 11709 11811
f 11738 11778 11812
f 11777 11705 11804
f 11687 11673 11813
f 11690 11718 11814
f 11715 11684 11815
f 11684 11792 11815
f 11769 11717 11816
f 11717 11714 11816
f 11724 11682 11817
f 11791 11711 11818
f 11711 11777 11818
f 11801 11662 11819
f 11662 11701 11819
f 11733 11786 11820
f 11734 11758 11821
f 11685 11688 11822
f 11728 11746 11823
f 11720 11660 11824
f 11660 11766 11824
f 11595 11674 11825
f 11745 11595 11825
f 11674 11806 11825
f 11721 11707 11826
f 11707 11810 11826
f 11722 11690 11827
f 11690 11814 11827
f 11725 11722 11828
f 11722 11827 11828
f 11669 11694 11829
f 11740 11697 11830
f 11723 11750 11831
f 11793 11723 11831
f 11750 11669 11831
f 11673 11720 11813
f 11747 11689 11832
f 11675 11641 11719
f 11784 11636 11749
f 11699 11759 11833
f 11759 11793 11833
f 11670 11732 11834
f 11794 11657 11835
f 11657 11704 11835
f 11736 11683 11836
f 11683 11775 11836
f 11739 11670 11837
f 11670 11834 11837
f 11708 11739 11838
f 11779 11708 11838
f 11739 11837 11838
f 11741 11733 11839
f 11733 11820 11839
f 11713 11754 11840
f 11700 11741 11841
f 11741 11839 11841
f 11743 11710 11842
f 11710 11809 11842
f 11744 11738 11843
f 11738 11812 11843
f 11640 11752 11844
f 11746 11677 11845
f 11823 11746 11845
f 11677 11765 11845
f 11754 11687 11846
f 11840 11754 11846
f 11687 11813 11846
f 11748 11640 11844
f 11749 11650 11847
f 11692 11794 11799
f 11686 11681 11848
f 11807 11686 11848
f 11681 11789 11848
f 11753 11700 11849
f 11700 11841 11849
f 11688 11664 11850
f 11822 11688 11850
f 11664 11811 11850
f 11730 11751 11851
f 11756 11713 11852
f 11713 11840 11852
f 11727 11693 11853
f 11693 11783 11853
f 11831 11669 11829
f 11714 11653 11854
f 11816 11714 11854
f 11653 11798 11854
f 11757 11685 11855
f 11685 11822 11855
f 11771 11703 11800
f 11698 11784 11856
f 11758 11728 11857
f 11821 11758 11857
f 11728 11823 11857
f 11760 11734 11858
f 11734 11821 11858
f 11735 11725 11859
f 11725 11828 11859
f 11752 11755 11860
f 11761 11698 11861
f 11698 11856 11861
f 11712 11671 11862
f 11671 11780 11862
f 11694 11680 11863
f 11829 11694 11863
f 11680 11785 11863
f 11775 11740 11830
f 11799 11719 11641
f 11817 11682 11864
f 11682 11737 11864
f 11830 11697 11865
f 11697 11788 11865
f 11832 11689 11866
f 11689 11745 11866
f 11844 11752 11867
f 11752 11860 11867
f 11847 11650 11868
f 11650 11716 11868
f 11783 11773 11861
f 11789 11799 11869
f 11763 11748 11870
f 11805 11763 11870
f 11748 11844 11870
f 11782 11768 11871
f 11768 11757 11871
f 11764 11756 11872
f 11810 11764 11872
f 11756 11852 11872
f 11766 11715 11873
f 11715 11815 11873
f 11772 11787 11874
f 11804 11771 11875
f 11809 11776 11876
f 11776 11747 11876
f 11732 11736 11877
f 11736 11836 11877
f 11730 11851 11878
f 11777 11804 11879
f 11747 11832 11876
f 11778 11727 11880
f 11812 11778 11880
f 11727 11853 11880
f 11755 11742 11881
f 11860 11755 11881
f 11742 11801 11881
f 11781 11769 11882
f 11771 11800 11875
f 11780 11779 11883
f 11718 11712 11884
f 11814 11718 11884
f 11712 11862 11884
f 11793 11831 11885
f 11831 11829 11885
f 11762 11639 11743
f 11785 11782 11886
f 11786 11730 11878
f 11800 11767 11887
f 11834 11732 11877
f 11788 11760 11888
f 11865 11788 11888
f 11760 11858 11888
f 11792 11791 11889
f 11878 11851 11890
f 11813 11720 11824
f 11775 11830 11891
f 11696 11753 11892
f 11798 11696 11892
f 11753 11849 11892
f 11784 11749 11893
f 11856 11784 11893
f 11749 11847 11893
f 11701 11702 11894
f 11819 11701 11894
f 11702 11802 11894
f 11861 11856 11895
f 11851 11751 11896
f 11751 11770 11896
f 11709 11774 11897
f 11811 11709 11897
f 11774 11808 11897
f 11783 11861 11898
f 11861 11895 11898
f 11818 11777 11899
f 11777 11879 11899
f 11832 11866 11900
f 11812 11880 11901
f 11860 11881 11902
f 11803 11699 11833
f 11800 11887 11903
f 11804 11875 11904
f 11871 11757 11855
f 11815 11792 11905
f 11809 11876 11906
f 11770 11744 11907
f 11896 11770 11907
f 11744 11843 11907
f 11806 11721 11908
f 11721 11826 11908
f 11849 11841 11909
f 11811 11897 11910
f 11808 11781 11911
f 11781 11882 11911
f 11767 11803 11887
f 11765 11807 11912
f 11813 11824 11913
f 11817 11864 11914
f 11885 11829 11915
f 11829 11863 11915
f 11810 11872 11916
f 11876 11832 11917
f 11906 11876 11917
f 11832 11900 11917
f 11847 11868 11918
f 11875 11800 11903
f 11855 11822 11919
f 11889 11791 11920
f 11791 11818 11920
f 11895 11856 11921
f 11856 11893 11921
f 11735 11859 11864
f 11883 11779 11922
f 11779 11838 11922
f 11792 11889 11905
f 11814 11884 11923
f 11724 11817 11924
f 11866 11745 11925
f 11745 11825 11925
f 11801 11819 11926
f 11827 11814 11927
f 11814 11923 11927
f 11762 11743 11928
f 11743 11842 11928
f 11828 11827 11929
f 11827 11927 11929
f 11870 11844 11930
f 11844 11867 11930
f 11867 11860 11931
f 11860 11902 11931
f 11886 11782 11932
f 11782 11871 11932
f 11835 11704 11933
f 11704 11805 11933
f 11833 11793 11934
f 11793 11885 11934
f 11834 11877 11935
f 11794 11835 11936
f 11787 11762 11928
f 11836 11775 11937
f 11775 11891 11937
f 11837 11834 11938
f 11834 11935 11938
f 11890 11851 11939
f 11851 11896 11939
f 11893 11847 11940
f 11921 11893 11940
f 11847 11918 11940
f 11790 11724 11924
f 11716 11790 11924
f 11842 11809 11941
f 11809 11906 11941
f 11843 11812 11942
f 11812 11901 11942
f 11868 11716 11924
f 11823 11845 11943
f 11826 11810 11944
f 11810 11916 11944
f 11799 11794 11945
f 11869 11799 11945
f 11794 11936 11945
f 11845 11765 11946
f 11943 11845 11946
f 11765 11912 11946
f 11848 11789 11947
f 11789 11869 11947
f 11891 11830 11948
f 11830 11865 11948
f 11850 11811 11949
f 11811 11910 11949
f 11852 11840 11950
f 11798 11892 11951
f 11853 11783 11952
f 11783 11898 11952
f 11854 11798 11953
f 11798 11951 11953
f 11828 11929 11859
f 11824 11766 11954
f 11766 11873 11954
f 11857 11823 11955
f 11823 11943 11955
f 11821 11857 11956
f 11857 11955 11956
f 11882 11769 11957
f 11769 11816 11957
f 11846 11813 11913
f 11862 11780 11958
f 11780 11883 11958
f 11858 11821 11959
f 11821 11956 11959
f 11863 11785 11960
f 11915 11863 11960
f 11785 11886 11960
f 11802 11772 11961
f 11772 11874 11961
f 11879 11804 11904
f 11801 11926 11881
f 11909 11841 11962
f 11841 11839 11962
f 11924 11817 11963
f 11817 11914 11963
f 11928 11842 11964
f 11787 11928 11964
f 11842 11941 11964
f 11787 11964 11874
f 11900 11866 11965
f 11866 11925 11965
f 11868 11924 11966
f 11918 11868 11966
f 11924 11963 11966
f 11805 11870 11967
f 11933 11805 11967
f 11870 11930 11967
f 11887 11803 11968
f 11872 11852 11969
f 11916 11872 11969
f 11852 11950 11969
f 11803 11833 11970
f 11968 11803 11970
f 11833 11934 11970
f 11903 11887 11971
f 11881 11926 11902
f 11871 11855 11972
f 11932 11871 11972
f 11855 11919 11972
f 11807 11848 11973
f 11912 11807 11973
f 11848 11947 11973
f 11873 11815 11974
f 11913 11824 11954
f 11898 11895 11975
f 11877 11836 11976
f 11935 11877 11976
f 11836 11937 11976
f 11773 11761 11861
f 11816 11854 11977
f 11957 11816 11977
f 11854 11953 11977
f 11874 11964 11978
f 11964 11941 11978
f 11880 11853 11979
f 11901 11880 11979
f 11853 11952 11979
f 11875 11903 11980
f 11884 11862 11981
f 11923 11884 11981
f 11862 11958 11981
f 11879 11904 11982
f 11919 11822 11949
f 11864 11859 11983
f 11820 11786 11878
f 11926 11819 11984
f 11819 11894 11984
f 11905 11889 11985
f 11892 11849 11986
f 11951 11892 11986
f 11849 11909 11986
f 11864 11737 11735
f 11815 11905 11974
f 11838 11837 11987
f 11922 11838 11987
f 11837 11938 11987
f 11839 11820 11988
f 11822 11850 11949
f 11936 11835 11989
f 11835 11933 11989
f 11840 11846 11913
f 11840 11913 11950
f 11902 11926 11990
f 11919 11949 11991
f 11820 11878 11890
f 11839 11988 11962
f 11950 11913 11992
f 11913 11954 11992
f 11988 11820 11890
f 11859 11929 11983
f 11904 11875 11980
f 11897 11808 11993
f 11910 11897 11993
f 11808 11911 11993
f 11914 11864 11983
f 11988 11890 11994
f 11948 11995 11891
f 11969 11950 11996
f 11950 11992 11996
f 11916 11969 11997
f 11944 11916 11997
f 11969 11996 11997
f 11886 11932 11998
f 11858 11959 11948
f 11818 11899 11920
f 11972 11919 11999
f 11919 11991 11999
f 11900 11965 12000
f 11903 11971 12001
f 11963 11914 12002
f 11891 12003 11937
f 11975 11895 12004
f 11895 11921 12004
f 11935 11976 12005
f 11986 11909 12006
f 11982 12007 11879
f 11904 11980 12008
f 11906 11917 12009
f 11905 11985 12010
f 11923 11981 12011
f 11907 11843 12012
f 11843 11942 12012
f 11936 11989 12013
f 11983 11929 12014
f 11883 11922 12015
f 11901 11979 12016
f 11982 11904 12008
f 11918 11966 12017
f 11825 11806 11925
f 12018 12019 9275
f 11806 11908 11925
f 11985 11889 12020
f 11889 11920 12020
f 11887 11968 11971
f 11930 11867 12021
f 11867 11931 12021
f 11951 11986 12022
f 11986 12006 12022
f 11911 11882 12023
f 11931 11902 12024
f 11902 11990 12024
f 11990 11926 12025
f 11926 11984 12025
f 11934 11885 12026
f 11885 11915 12026
f 11943 11946 12027
f 11938 11935 12028
f 11935 12005 12028
f 11939 11896 12029
f 11896 11907 12029
f 11940 11918 12030
f 11918 12017 12030
f 12014 11929 12031
f 11941 11906 12032
f 11906 12009 12032
f 11962 11988 12033
f 11988 11994 12033
f 12006 11909 12034
f 11909 11962 12034
f 11942 11901 12035
f 11901 12016 12035
f 11947 11869 12036
f 11826 11944 11908
f 11945 11936 12037
f 11936 12013 12037
f 11927 11923 12011
f 11991 11949 12038
f 11949 11910 12038
f 11952 11898 12039
f 11898 11975 12039
f 11912 11973 12040
f 11974 11905 12010
f 11953 11951 12041
f 11951 12022 12041
f 11917 11900 12042
f 12009 11917 12042
f 11900 12000 12042
f 11961 11874 12043
f 11874 11978 12043
f 11954 11873 12044
f 11992 11954 12044
f 11873 11974 12044
f 11955 11943 12045
f 11943 12027 12045
f 11956 11955 12046
f 11955 12045 12046
f 11894 11802 12047
f 11984 11894 12047
f 11802 11961 12047
f 11958 11883 12048
f 11883 12015 12048
f 11959 11956 12049
f 11956 12046 12049
f 11960 11886 12050
f 11886 11998 12050
f 11980 11903 12001
f 11869 11945 12051
f 12036 11869 12051
f 11945 12037 12051
f 11994 11890 12052
f 11890 11939 12052
f 11946 11912 12053
f 12027 11946 12053
f 11912 12040 12053
f 12023 11882 12054
f 11882 11957 12054
f 12031 11929 11927
f 12038 11910 12055
f 11910 11993 12055
f 11966 11963 12056
f 12017 11966 12056
f 11963 12002 12056
f 11980 12001 12057
f 11948 11959 11995
f 12003 11891 11995
f 11959 12049 11995
f 11920 11899 12058
f 12000 11965 12059
f 11927 12011 12031
f 11976 11937 12060
f 12005 11976 12060
f 11937 12003 12060
f 11914 11983 12061
f 12061 11983 12014
f 11899 11879 12007
f 12008 11980 12057
f 11865 11888 11948
f 11979 11952 12062
f 12016 11979 12062
f 11952 12039 12062
f 11991 12038 12063
f 11981 11958 12064
f 12011 11981 12064
f 11958 12048 12064
f 12013 11989 12065
f 11971 11968 12066
f 11982 12008 12067
f 11915 11960 12068
f 12026 11915 12068
f 11960 12050 12068
f 12022 12006 12069
f 11973 11947 12070
f 12040 11973 12070
f 11947 12036 12070
f 12015 11922 12071
f 11922 11987 12071
f 11908 11944 12072
f 12010 11985 12073
f 11974 12010 12074
f 12002 11914 12061
f 12001 11971 12075
f 11993 11911 12076
f 12055 11993 12076
f 11911 12023 12076
f 11932 11972 12077
f 11998 11932 12077
f 11972 11999 12077
f 11978 11941 12032
f 11921 11940 12078
f 11940 12030 12078
f 11989 11933 12079
f 12065 11989 12079
f 11933 11967 12079
f 12014 12031 12080
f 12031 12011 12081
f 12061 12014 12082
f 12014 12080 12082
f 12002 12061 12083
f 12061 12082 12083
f 12003 11995 12084
f 12027 12053 12085
f 12059 11965 12072
f 12000 12059 12086
f 11999 11991 12087
f 11991 12063 12087
f 12036 12051 12088
f 11944 11997 12089
f 12032 12009 12090
f 12060 12003 12091
f 12003 12084 12091
f 12058 11899 12007
f 12004 11921 12078
f 12007 11982 12092
f 11982 12067 12092
f 11965 11925 12072
f 11998 12077 12093
f 12008 12057 12094
f 12067 12008 12094
f 11962 12033 12034
f 11970 11934 12026
f 11978 12032 12095
f 12066 11968 12096
f 11968 11970 12096
f 11907 12012 12029
f 11971 12066 12075
f 11920 12058 12020
f 11944 12089 12072
f 12043 11978 12097
f 11978 12095 12097
f 12048 12015 12098
f 12057 12001 12099
f 12001 12075 12099
f 12070 12036 12100
f 12036 12088 12100
f 12045 12027 12101
f 12027 12085 12101
f 12028 12005 12102
f 12024 11990 12103
f 12021 11931 12104
f 11931 12024 12104
f 12038 12055 12063
f 12040 12070 12105
f 12070 12100 12105
f 11985 12020 12073
f 12074 12010 12106
f 12025 11984 12107
f 11984 12047 12107
f 12069 12006 12108
f 12006 12034 12108
f 12054 11957 12109
f 11957 11977 12109
f 11975 12004 12110
f 11987 11938 12028
f 12071 11987 12028
f 11795 12111 11796
f 12030 12017 12112
f 12012 11942 12113
f 11942 12035 12113
f 12080 12031 12081
f 12033 11994 12114
f 12035 12016 12115
f 12052 11939 12116
f 11939 12029 12116
f 12010 12073 12106
f 12037 12013 12117
f 11974 12074 12044
f 12056 12002 12118
f 12002 12083 12118
f 11975 12110 12039
f 12112 12017 12056
f 12040 12105 12053
f 12041 12022 12119
f 12022 12069 12119
f 12005 12060 12120
f 12102 12005 12120
f 12060 12091 12120
f 12042 12000 12121
f 12000 12086 12121
f 12090 12009 12122
f 12009 12042 12122
f 12046 12045 12123
f 12045 12101 12123
f 12047 11961 12124
f 12107 12047 12124
f 11961 12043 12124
f 11994 12052 12114
f 12023 12054 12125
f 11977 11953 12126
f 12109 11977 12126
f 11953 12041 12126
f 11797 12127 12128
f 12049 12046 12129
f 12046 12123 12129
f 12050 11998 12130
f 11998 12093 12130
f 12076 12023 12131
f 12023 12125 12131
f 12103 11990 12132
f 11990 12025 12132
f 12098 12015 12133
f 12015 12071 12133
f 12115 12016 12134
f 12016 12062 12134
f 12117 12013 12135
f 12013 12065 12135
f 11995 12049 12136
f 12084 11995 12136
f 12049 12129 12136
f 12059 12072 12089
f 12088 12051 12137
f 12051 12037 12137
f 12114 12052 12138
f 12058 12007 12139
f 12032 12090 12095
f 12073 12020 12140
f 12029 12012 12141
f 12116 12029 12141
f 12012 12113 12141
f 12083 12082 12142
f 12094 12057 12143
f 12034 12033 12144
f 12108 12034 12144
f 12033 12114 12144
f 12067 12094 12145
f 12064 12048 12146
f 12048 12098 12146
f 12011 12064 12147
f 12080 12081 12148
f 12106 12073 12149
f 11967 11930 12150
f 12079 11967 12150
f 11930 12021 12150
f 12037 12117 12137
f 12063 12055 12151
f 12074 12106 12152
f 11992 12044 12153
f 12110 12004 12154
f 12004 12078 12154
f 12011 12147 12081
f 11992 12153 11996
f 12095 12090 12155
f 12147 12064 12146
f 12153 12044 12074
f 12075 12066 12156
f 12077 11999 12157
f 12093 12077 12157
f 11999 12087 12157
f 11970 12026 12096
f 12082 12080 12158
f 12142 12082 12158
f 12080 12148 12158
f 12112 12056 12118
f 12020 12058 12159
f 12140 12020 12159
f 12058 12139 12159
f 12055 12076 12151
f 12053 12105 12085
f 12089 11997 12160
f 11997 11996 12160
f 12078 12030 12161
f 12030 12112 12161
f 12125 12054 12162
f 12054 12109 12162
f 11996 12153 12160
f 12059 12089 12163
f 12086 12059 12163
f 12089 12160 12163
f 12153 12074 12164
f 12160 12153 12164
f 12074 12152 12164
f 12085 12105 12165
f 12028 12102 12166
f 12078 12161 12154
f 12063 12151 12167
f 11858 11948 11888
f 12138 12052 12116
f 12151 12076 12131
f 12147 12146 12168
f 12097 12095 12169
f 12095 12155 12169
f 12042 12121 12122
f 12068 12050 12170
f 12050 12130 12170
f 12143 12057 12099
f 12092 12067 12171
f 12067 12145 12171
f 12094 12143 12172
f 12166 12102 12173
f 12127 12174 12175
f 12062 12039 12176
f 12134 12062 12176
f 12039 12110 12176
f 12073 12140 12149
f 12148 12081 12177
f 12081 12147 12177
f 12112 12118 12178
f 12106 12149 12179
f 12104 12024 12180
f 12024 12103 12180
f 12133 12071 12166
f 12099 12075 12181
f 12165 12105 12182
f 12105 12100 12182
f 12129 12123 12183
f 12115 12134 12184
f 12101 12085 12185
f 12085 12165 12185
f 12121 12086 12186
f 12156 12066 12130
f 12126 12041 12187
f 12041 12119 12187
f 12025 12107 12132
f 12145 12094 12172
f 12155 12090 12188
f 12043 12097 12124
f 12137 12117 12189
f 12110 12154 12190
f 12069 12108 12191
f 12125 12162 12192
f 12113 12035 12193
f 12035 12115 12193
f 12007 12092 12139
f 12135 12065 12194
f 12088 12137 12195
f 12137 12189 12195
f 12132 12196 12103
f 12075 12156 12181
f 12118 12083 12197
f 12178 12118 12197
f 12083 12142 12197
f 12119 12069 12198
f 12069 12191 12198
f 12091 12084 12199
f 12147 12168 12177
f 12123 12101 12200
f 12183 12123 12200
f 12101 12185 12200
f 12103 12201 12180
f 12063 12167 12087
f 12161 12112 12202
f 12112 12178 12202
f 12152 12106 12179
f 12144 12114 12203
f 12130 12093 12204
f 12156 12130 12204
f 12093 12157 12204
f 12131 12125 12205
f 12125 12192 12205
f 12114 12138 12203
f 12193 12115 12206
f 12115 12184 12206
f 12173 12102 12207
f 12102 12120 12207
f 12176 12110 12208
f 12110 12190 12208
f 12186 12086 12209
f 12086 12163 12209
f 12188 12090 12122
f 12189 12117 12210
f 12117 12135 12210
f 12194 12065 12104
f 12088 12195 12100
f 12199 12084 12211
f 12084 12136 12211
f 12154 12161 12212
f 12190 12154 12212
f 12161 12202 12212
f 12167 12151 12213
f 12168 12146 12214
f 12146 12098 12214
f 12065 12079 12150
f 12172 12143 12215
f 12108 12144 12216
f 12191 12108 12216
f 12144 12203 12216
f 12214 12098 12217
f 12098 12133 12217
f 12168 12214 12218
f 12087 12167 12219
f 12157 12087 12220
f 12204 12157 12220
f 12087 12219 12220
f 12104 12180 12194
f 12166 12071 12028
f 12152 12179 12221
f 12179 12149 12222
f 12180 12201 12223
f 12134 12176 12224
f 12184 12134 12224
f 12176 12208 12224
f 12133 12166 12225
f 12166 12173 12225
f 12174 12226 12227
f 12124 12097 12228
f 12148 12177 12229
f 12203 12138 12230
f 12138 12116 12231
f 12116 12141 12231
f 12195 12189 12232
f 12143 12099 12233
f 12100 12195 12182
f 12149 12140 12234
f 12201 12103 12196
f 12181 12156 12235
f 12156 12204 12235
f 12139 12092 12236
f 12151 12131 12213
f 12136 12129 12237
f 12211 12136 12237
f 12129 12183 12237
f 12107 12124 12228
f 12120 12091 12238
f 12207 12120 12238
f 12091 12199 12238
f 12192 12162 12239
f 12177 12168 12240
f 12229 12177 12240
f 12168 12218 12240
f 12163 12160 12241
f 12209 12163 12241
f 12160 12164 12241
f 12122 12121 12242
f 12188 12122 12242
f 12121 12186 12242
f 12155 12188 12243
f 12132 12107 12228
f 12145 12172 12244
f 12194 12180 12223
f 12141 12113 12245
f 12113 12193 12245
f 12218 12214 12246
f 12214 12217 12246
f 12245 12193 12247
f 12193 12206 12247
f 12185 12165 12248
f 12225 12173 12249
f 12096 12026 12170
f 12169 12155 12250
f 12155 12243 12250
f 12216 12203 12251
f 12097 12169 12252
f 12228 12097 12252
f 12169 12250 12252
f 12178 12197 12253
f 12239 12162 12187
f 12248 12165 12254
f 12165 12182 12254
f 12251 12203 12230
f 12215 12143 12233
f 12149 12234 12222
f 12208 12190 12255
f 12171 12145 12244
f 12191 12216 12256
f 12216 12251 12256
f 12219 12167 12257
f 12065 12150 12104
f 12242 12186 12258
f 12142 12158 12259
f 12133 12225 12217
f 12183 12200 12260
f 12198 12191 12261
f 12191 12256 12261
f 12066 12096 12130
f 12221 12179 12262
f 12179 12222 12262
f 12099 12181 12233
f 12233 12181 12263
f 11908 12072 11925
f 12173 12207 12249
f 12092 12171 12236
f 12184 12224 12264
f 12026 12068 12170
f 12199 12211 12265
f 12205 12192 12266
f 12255 12190 12267
f 12190 12212 12267
f 12257 12167 12213
f 12258 12186 12209
f 12263 12181 12235
f 12192 12239 12266
f 12268 12266 12239
f 12183 12260 12237
f 12232 12189 12269
f 12189 12210 12269
f 12152 12221 12164
f 12131 12205 12213
f 12182 12195 12270
f 12254 12182 12270
f 12195 12232 12270
f 12234 12140 12271
f 12140 12159 12271
f 12201 12196 12272
f 12184 12264 12206
f 12158 12148 12273
f 12259 12158 12273
f 12148 12229 12273
f 12197 12142 12274
f 12253 12197 12274
f 12142 12259 12274
f 12159 12139 12275
f 12139 12236 12275
f 12135 12194 12276
f 12238 12199 12277
f 12199 12265 12277
f 12243 12188 12278
f 12188 12242 12278
f 12202 12178 12279
f 12178 12253 12279
f 12223 12201 12280
f 12201 12272 12280
f 12162 12109 12187
f 12187 12119 12281
f 12239 12187 12281
f 12119 12198 12281
f 12109 12126 12187
f 12135 12276 12210
f 12196 12132 12228
f 12244 12172 12282
f 12172 12215 12282
f 12194 12223 12276
f 12171 12244 12283
f 12256 12251 12284
f 12230 12138 12285
f 12217 12225 12246
f 12226 12286 12287
f 12225 12249 12246
f 12260 12200 12288
f 12200 12185 12288
f 12224 12208 12289
f 12264 12224 12289
f 12208 12255 12289
f 12251 12230 12290
f 12276 12223 12291
f 12141 12245 12231
f 12233 12263 12292
f 12021 12104 12150
f 12211 12237 12293
f 12265 12211 12293
f 12237 12260 12293
f 12219 12257 12294
f 12196 12228 12295
f 12272 12196 12295
f 12228 12252 12295
f 12249 12207 12296
f 12207 12238 12296
f 12242 12258 12278
f 12215 12233 12292
f 12263 12235 12294
f 12222 12234 12297
f 12206 12264 12298
f 12212 12202 12267
f 12210 12276 12299
f 12269 12210 12299
f 12276 12291 12299
f 12185 12248 12288
f 12235 12204 12220
f 12236 12171 12300
f 12171 12283 12300
f 12258 12209 12301
f 12257 12213 12302
f 12213 12205 12303
f 12302 12213 12303
f 12205 12266 12303
f 12235 12220 12294
f 12247 12206 12298
f 12260 12288 12304
f 12164 12221 12241
f 12223 12280 12291
f 12261 12256 12305
f 12256 12284 12305
f 12249 12296 12306
f 12248 12254 12307
f 12274 12259 12308
f 12234 12271 12309
f 12230 12285 12310
f 12293 12260 12311
f 12260 12304 12311
f 12159 12275 12271
f 12289 12255 12312
f 12198 12261 12268
f 12251 12290 12284
f 12262 12222 12313
f 12288 12248 12314
f 12304 12288 12314
f 12248 12307 12314
f 12231 12245 12247
f 12292 12263 12315
f 12290 12230 12310
f 12220 12219 12294
f 12255 12267 12312
f 12246 12249 12316
f 12249 12306 12316
f 12263 12294 12315
f 12303 12266 12317
f 12275 12236 12318
f 12236 12300 12318
f 12272 12295 12319
f 12298 12264 12320
f 12253 12274 12321
f 12274 12308 12321
f 12297 12234 12309
f 12222 12297 12313
f 12138 12231 12285
f 12270 12232 12322
f 12296 12238 12277
f 12267 12202 12279
f 12266 12268 12317
f 12273 12229 12323
f 12277 12265 12324
f 12258 12301 12325
f 12278 12258 12326
f 12258 12325 12326
f 12215 12292 12327
f 12209 12241 12301
f 12240 12218 12328
f 12229 12240 12329
f 12240 12328 12329
f 12279 12253 12330
f 12253 12321 12330
f 12294 12257 12315
f 12264 12289 12331
f 12320 12264 12331
f 12289 12312 12331
f 12280 12272 12332
f 12272 12319 12332
f 12265 12293 12333
f 12324 12265 12333
f 12293 12311 12333
f 12243 12278 12334
f 12250 12243 12334
f 12278 12326 12334
f 12282 12215 12327
f 12257 12302 12315
f 12259 12273 12335
f 12308 12259 12335
f 12273 12323 12335
f 12244 12282 12336
f 12283 12244 12336
f 12241 12221 12301
f 12301 12221 12337
f 12325 12301 12337
f 12221 12262 12337
f 12322 12232 12338
f 12232 12269 12338
f 12323 12229 12329
f 12328 12218 12316
f 12336 12282 12339
f 12096 12170 12130
f 12239 12281 12268
f 12297 12309 12340
f 12313 12297 12341
f 12268 12261 12342
f 12317 12268 12342
f 12261 12305 12342
f 12284 12290 12343
f 12290 12310 12344
f 12312 12267 12345
f 12321 12308 12346
f 12347 12348 12306
f 12291 12280 12349
f 12295 12252 12350
f 12319 12295 12350
f 12252 12250 12350
f 12329 12328 12351
f 12296 12277 12352
f 12306 12296 12352
f 12277 12324 12352
f 12271 12275 12353
f 12309 12271 12353
f 12275 12318 12353
f 12254 12270 12354
f 12307 12254 12354
f 12270 12322 12354
f 12323 12329 12355
f 12329 12351 12355
f 12315 12302 12356
f 12282 12327 12339
f 12267 12279 12345
f 12327 12292 12357
f 12292 12315 12357
f 12328 12316 12348
f 12351 12328 12348
f 12316 12306 12348
f 12300 12283 12358
f 12302 12303 12359
f 12356 12302 12359
f 12303 12317 12359
f 12283 12336 12360
f 12327 12357 12361
f 12305 12284 12362
f 12284 12343 12362
f 12340 12309 12363
f 12309 12353 12363
f 12313 12341 12364
f 12341 12297 12340
f 12317 12342 12365
f 12320 12331 12366
f 12286 12367 12368
f 12324 12333 12369
f 12290 12344 12343
f 12304 12314 12370
f 12317 12365 12359
f 12283 12360 12358
f 12312 12345 12371
f 12269 12299 12338
f 12300 12358 12372
f 12318 12300 12372
f 12346 12308 12373
f 12308 12335 12373
f 12319 12350 12374
f 12352 12324 12375
f 12324 12369 12375
f 12298 12320 12376
f 12314 12307 12377
f 12370 12314 12377
f 12307 12354 12377
f 12306 12352 12347
f 12247 12298 12310
f 12326 12325 12378
f 12332 12319 12379
f 12319 12374 12379
f 12345 12279 12330
f 12315 12356 12357
f 12313 12364 12378
f 12360 12336 12380
f 12280 12332 12349
f 12339 12327 12361
f 12299 12291 12381
f 12291 12349 12381
f 12313 12378 12262
f 12336 12339 12380
f 12330 12321 12382
f 12321 12346 12382
f 12311 12304 12383
f 12304 12370 12383
f 12354 12322 12384
f 12323 12355 12335
f 12350 12250 12385
f 12374 12350 12385
f 12250 12334 12385
f 12322 12338 12384
f 12320 12366 12376
f 12310 12298 12344
f 12355 12351 12386
f 12342 12305 12387
f 12365 12342 12387
f 12305 12362 12387
f 12353 12318 12388
f 12318 12372 12388
f 12364 12341 12389
f 12384 12338 12390
f 12343 12344 12391
f 12378 12325 12337
f 12371 12345 12392
f 12338 12299 12381
f 12372 12358 12393
f 12347 12352 12375
f 12312 12371 12366
f 12345 12330 12392
f 12326 12378 12394
f 12378 12364 12394
f 12334 12326 12394
f 12360 12380 12395
f 12349 12332 12396
f 12358 12360 12397
f 12393 12358 12397
f 12360 12395 12397
f 12354 12384 12377
f 12333 12311 12398
f 12369 12333 12398
f 12311 12383 12398
f 12335 12355 12373
f 12356 12359 12399
f 12357 12356 12399
f 12359 12365 12399
f 12339 12361 12400
f 12361 12357 12399
f 12380 12339 12400
f 12366 12371 12401
f 12353 12388 12363
f 12337 12262 12378
f 12365 12387 12402
f 12390 12338 12381
f 12389 12341 12403
f 12341 12340 12403
f 12384 12390 12404
f 12388 12372 12405
f 12343 12391 12406
f 12298 12376 12344
f 12365 12402 12399
f 12198 12268 12281
f 12377 12384 12407
f 12370 12377 12407
f 12384 12404 12407
f 12351 12348 12386
f 12285 12231 12247
f 12366 12401 12408
f 12375 12369 12409
f 12347 12375 12410
f 12375 12409 12410
f 12373 12355 12411
f 12355 12386 12411
f 12380 12400 12412
f 12312 12366 12331
f 12392 12330 12382
f 12379 12374 12413
f 12394 12364 12414
f 12364 12389 12414
f 12285 12247 12310
f 12405 12372 12393
f 12403 12340 12415
f 12340 12363 12415
f 12366 12408 12376
f 12343 12406 12362
f 12380 12412 12395
f 12409 12369 12416
f 12369 12398 12416
f 12413 12374 12414
f 12396 12332 12379
f 12346 12373 12417
f 12373 12411 12417
f 12334 12394 12385
f 12381 12349 12418
f 12349 12396 12418
f 12348 12347 12419
f 12347 12410 12419
f 12382 12346 12417
f 12383 12370 12420
f 12370 12407 12420
f 12400 12361 12421
f 12374 12385 12414
f 12361 12399 12421
f 12401 12371 12422
f 12371 12392 12422
f 12390 12381 12418
f 12406 12391 12423
f 12404 12390 12424
f 12388 12405 12425
f 12386 12348 12419
f 12387 12362 12426
f 12402 12387 12426
f 12362 12406 12426
f 12344 12376 12391
f 12376 12408 12391
f 12421 12399 12402
f 12408 12401 12427
f 12385 12394 12414
f 12389 12403 12428
f 12412 12400 12429
f 12407 12404 12430
f 12363 12388 12425
f 12396 12379 12431
f 12410 12409 12432
f 12379 12413 12431
f 12218 12246 12316
f 12413 12414 12433
f 12414 12389 12433
f 12395 12412 12434
f 12400 12421 12429
f 12420 12407 12430
f 12392 12382 12435
f 12422 12392 12435
f 12382 12417 12435
f 12421 12402 12436
f 12429 12421 12436
f 12402 12426 12436
f 12398 12383 12437
f 12416 12398 12437
f 12383 12420 12437
f 12391 12408 12423
f 12405 12393 12438
f 12415 12363 12425
f 12386 12419 12439
f 12426 12406 12440
f 12433 12389 12428
f 12440 12406 12423
f 12432 12409 12441
f 12409 12416 12441
f 12427 12401 12442
f 12401 12422 12442
f 12430 12404 12443
f 12404 12424 12443
f 12420 12430 12444
f 12412 12429 12445
f 12411 12386 12446
f 12386 12439 12446
f 12397 12395 12447
f 12408 12427 12423
f 12431 12413 12433
f 12428 12403 12448
f 12403 12415 12448
f 12417 12411 12449
f 12411 12446 12449
f 12434 12412 12445
f 12418 12396 12450
f 12396 12431 12450
f 12395 12434 12447
f 12393 12397 12451
f 12438 12393 12451
f 12397 12447 12451
f 12419 12410 12452
f 12439 12419 12452
f 12410 12432 12452
f 12390 12418 12424
f 12435 12417 12449
f 12425 12405 12453
f 12405 12438 12453
f 12420 12444 12454
f 12447 12434 12455
f 12426 12440 12436
f 12433 12428 12456
f 12444 12430 12457
f 12434 12445 12458
f 12422 12435 12459
f 12442 12422 12459
f 12435 12449 12459
f 12423 12427 12460
f 12424 12418 12450
f 12431 12433 12461
f 12450 12431 12461
f 12433 12456 12461
f 12440 12423 12460
f 12454 12444 12462
f 12415 12425 12463
f 12448 12415 12463
f 12425 12453 12463
f 12457 12430 12443
f 12420 12454 12437
f 12447 12455 12464
f 12436 12440 12465
f 12456 12428 12448
f 12445 12429 12465
f 12460 12427 12466
f 12427 12442 12466
f 12443 12424 12467
f 12434 12458 12455
f 12429 12436 12465
f 12438 12451 12468
f 12424 12450 12467
f 12439 12452 12469
f 12449 12446 12470
f 12416 12437 12454
f 12451 12447 12464
f 12459 12449 12471
f 12449 12470 12471
f 12453 12438 12472
f 12438 12468 12472
f 12446 12439 12473
f 12470 12446 12473
f 12439 12469 12473
f 12432 12441 12474
f 12462 12444 12475
f 12444 12457 12475
f 12452 12432 12474
f 12440 12460 12465
f 12416 12454 12441
f 12441 12454 12462
f 12464 12455 12476
f 12468 12451 12464
f 12456 12448 12477
f 12452 12474 12469
f 12441 12462 12474
f 12465 12460 12478
f 12445 12465 12478
f 12460 12466 12478
f 12445 12478 12458
f 12468 12464 12479
f 12469 12474 12480
f 12458 12478 12481
f 12478 12466 12481
f 12442 12459 12482
f 12466 12442 12482
f 12459 12471 12482
f 12467 12450 12461
f 12474 12462 12483
f 12480 12474 12483
f 12462 12475 12483
f 12457 12443 12484
f 12477 12448 12485
f 12448 12463 12485
f 12470 12473 12486
f 12455 12458 12487
f 12479 12464 12476
f 12461 12456 12488
f 12467 12461 12488
f 12456 12477 12488
f 12487 12458 12481
f 12463 12453 12489
f 12485 12463 12489
f 12453 12472 12489
f 12443 12467 12484
f 12471 12470 12490
f 12470 12486 12490
f 12472 12468 12491
f 12468 12479 12491
f 12473 12469 12492
f 12486 12473 12492
f 12469 12480 12492
f 12475 12457 12493
f 12457 12484 12493
f 12467 12488 12484
f 12455 12487 12476
f 12481 12466 12482
f 12479 12476 12494
f 12488 12477 12495
f 12477 12485 12495
f 12476 12487 12496
f 12487 12481 12497
f 12496 12487 12497
f 12481 12482 12497
f 12484 12488 12495
f 12484 12495 12493
f 12482 12471 12497
f 12494 12476 12496
f 12480 12483 12498
f 12483 12475 12499
f 12498 12483 12499
f 12475 12493 12499
f 12489 12472 12500
f 12472 12491 12500
f 12471 12490 12497
f 12492 12480 12501
f 12480 12498 12501
f 12486 12492 12502
f 12490 12486 12502
f 12492 12501 12502
f 12485 12489 12503
f 12495 12485 12503
f 12489 12500 12503
f 12479 12494 12504
f 12493 12495 12503
f 12496 12497 12490
f 12491 12479 12504
f 12494 12496 12502
f 12496 12490 12502
f 12504 12494 12501
f 12494 12502 12501
f 12499 12493 12503
f 12501 12498 12504
f 12491 12504 12505
f 12504 12498 12505
f 12491 12505 12500
f 12505 12498 12499
f 12505 12499 12503
f 12505 12503 12500
f 9734 9732 12506
f 9866 9734 12507
f 9734 12506 12507
f 9867 9866 12508
f 9866 12507 12508
f 9869 9867 12509
f 9867 12508 12509
f 9870 9869 12510
f 9869 12509 12510
f 9872 9870 12511
f 9870 12510 12511
f 9873 9872 12512
f 9872 12511 12512
f 9875 9873 12513
f 9873 12512 12513
f 9876 9875 12513
f 9878 9876 12514
f 9879 9878 12515
f 9878 12514 12515
f 9881 9879 12516
f 9879 12515 12516
f 9882 9881 12517
f 9881 12516 12517
f 9884 9882 12518
f 9882 12517 12518
f 9885 9884 12519
f 9884 12518 12519
f 9887 9885 12520
f 9885 12519 12520
f 9888 9887 12521
f 9887 12520 12521
f 9890 9888 12521
f 9891 9890 12522
f 9893 9891 12523
f 9891 12522 12523
f 9894 9893 12524
f 9893 12523 12524
f 9896 9894 12525
f 9894 12524 12525
f 9897 9896 12526
f 9896 12525 12526
f 9899 9897 12527
f 9897 12526 12527
f 9900 9899 12528
f 9899 12527 12528
f 9900 12528 9902
f 12529 9902 12528
f 9903 9902 12529
f 9905 9903 12530
f 9906 9905 12531
f 9905 12530 12531
f 9908 9906 12532
f 9906 12531 12532
f 9909 9908 12533
f 9908 12532 12533
f 9911 9909 12534
f 9909 12533 12534
f 9912 9911 12535
f 9911 12534 12535
f 9914 9912 12536
f 9912 12535 12536
f 9915 9914 12537
f 9914 12536 12537
f 9917 9915 12537
f 9918 9917 12538
f 9920 9918 12539
f 9918 12538 12539
f 9921 9920 12540
f 9920 12539 12540
f 9923 9921 12541
f 9921 12540 12541
f 9924 9923 12542
f 9923 12541 12542
f 9926 9924 12543
f 9924 12542 12543
f 9927 9926 12544
f 9926 12543 12544
f 9929 9927 12545
f 9927 12544 12545
f 9930 9929 12545
f 9932 9930 12546
f 9933 9932 12547
f 9932 12546 12547
f 9935 9933 12548
f 9933 12547 12548
f 9936 9935 12549
f 9935 12548 12549
f 9938 9936 12550
f 9936 12549 12550
f 9939 9938 12551
f 9938 12550 12551
f 9941 9939 12552
f 9939 12551 12552
f 9942 9941 12553
f 9941 12552 12553
f 9944 9942 12553
f 9945 9944 12554
f 9947 9945 12555
f 9945 12554 12555
f 9948 9947 12556
f 9947 12555 12556
f 9950 9948 12557
f 9948 12556 12557
f 9951 9950 12558
f 9950 12557 12558
f 9953 9951 12559
f 9951 12558 12559
f 9954 9953 12560
f 9953 12559 12560
f 9956 9954 12561
f 9954 12560 12561
f 9957 9956 12561
f 9959 9957 12562
f 9960 9959 12563
f 9959 12562 12563
f 9962 9960 12564
f 9960 12563 12564
f 9963 9962 12565
f 9962 12564 12565
f 9965 9963 12566
f 9963 12565 12566
f 9966 9965 12567
f 9965 12566 12567
f 9968 9966 12568
f 9966 12567 12568
f 9969 9968 12569
f 9968 12568 12569
f 9971 9969 12569
f 9972 9971 12570
f 9974 9972 12571
f 9972 12570 12571
f 9975 9974 12572
f 9974 12571 12572
f 9977 9975 12573
f 9975 12572 12573
f 9978 9977 12574
f 9977 12573 12574
f 9980 9978 12575
f 9978 12574 12575
f 9981 9980 12576
f 9980 12575 12576
f 9983 9981 12577
f 9981 12576 12577
f 9984 9983 12577
f 9986 9984 12578
f 9987 9986 12579
f 9986 12578 12579
f 9989 9987 12580
f 9987 12579 12580
f 9990 9989 12581
f 9989 12580 12581
f 9992 9990 12582
f 9990 12581 12582
f 9993 9992 12583
f 9992 12582 12583
f 9995 9993 12584
f 9993 12583 12584
f 9996 9995 12585
f 9995 12584 12585
f 9998 9996 12585
f 9999 9998 12586
f 10001 9999 12587
f 9999 12586 12587
f 10002 10001 12588
f 10001 12587 12588
f 9732 10002 12589
f 12506 9732 12589
f 10002 12588 12589
f 9890 12521 12522
f 12514 9876 12513
f 9903 12529 12530
f 9917 12537 12538
f 9930 12545 12546
f 9944 12553 12554
f 9957 12561 12562
f 9971 12569 12570
f 9984 12577 12578
f 9998 12585 12586
f 12508 12507 12590
f 12509 12508 12591
f 12508 12590 12591
f 12510 12509 12592
f 12509 12591 12592
f 12511 12510 12593
f 12510 12592 12593
f 12512 12511 12594
f 12511 12593 12594
f 12513 12512 12595
f 12512 12594 12595
f 12515 12514 12596
f 12516 12515 12597
f 12515 12596 12597
f 12517 12516 12598
f 12516 12597 12598
f 12518 12517 12599
f 12517 12598 12599
f 12519 12518 12600
f 12518 12599 12600
f 12520 12519 12601
f 12519 12600 12601
f 12521 12520 12602
f 12520 12601 12602
f 12523 12522 12603
f 12514 12513 12604
f 12596 12514 12604
f 12513 12595 12604
f 12524 12523 12605
f 12523 12603 12605
f 12525 12524 12606
f 12524 12605 12606
f 12526 12525 12607
f 12525 12606 12607
f 12527 12526 12608
f 12526 12607 12608
f 12528 12527 12609
f 12527 12608 12609
f 12529 12528 12610
f 12528 12609 12610
f 12531 12530 12611
f 12538 12537 12612
f 12532 12531 12613
f 12531 12611 12613
f 12533 12532 12614
f 12532 12613 12614
f 12534 12533 12615
f 12533 12614 12615
f 12535 12534 12616
f 12534 12615 12616
f 12536 12535 12617
f 12535 12616 12617
f 12537 12536 12618
f 12612 12537 12618
f 12536 12617 12618
f 12539 12538 12619
f 12538 12612 12619
f 12546 12545 12620
f 12540 12539 12621
f 12539 12619 12621
f 12541 12540 12622
f 12540 12621 12622
f 12542 12541 12623
f 12541 12622 12623
f 12543 12542 12624
f 12542 12623 12624
f 12544 12543 12625
f 12543 12624 12625
f 12545 12544 12626
f 12620 12545 12626
f 12544 12625 12626
f 12547 12546 12627
f 12546 12620 12627
f 12554 12553 12628
f 12548 12547 12629
f 12547 12627 12629
f 12549 12548 12630
f 12548 12629 12630
f 12550 12549 12631
f 12549 12630 12631
f 12551 12550 12632
f 12550 12631 12632
f 12552 12551 12633
f 12551 12632 12633
f 12553 12552 12634
f 12628 12553 12634
f 12552 12633 12634
f 12555 12554 12635
f 12554 12628 12635
f 12562 12561 12636
f 12556 12555 12637
f 12555 12635 12637
f 12557 12556 12638
f 12556 12637 12638
f 12558 12557 12639
f 12557 12638 12639
f 12559 12558 12640
f 12558 12639 12640
f 12560 12559 12641
f 12559 12640 12641
f 12561 12560 12642
f 12636 12561 12642
f 12560 12641 12642
f 12563 12562 12643
f 12562 12636 12643
f 12570 12569 12644
f 12564 12563 12645
f 12563 12643 12645
f 12565 12564 12646
f 12564 12645 12646
f 12566 12565 12647
f 12565 12646 12647
f 12567 12566 12648
f 12566 12647 12648
f 12568 12567 12649
f 12567 12648 12649
f 12569 12568 12650
f 12644 12569 12650
f 12568 12649 12650
f 12571 12570 12651
f 12570 12644 12651
f 12578 12577 12652
f 12572 12571 12653
f 12571 12651 12653
f 12573 12572 12654
f 12572 12653 12654
f 12574 12573 12655
f 12573 12654 12655
f 12575 12574 12656
f 12574 12655 12656
f 12576 12575 12657
f 12575 12656 12657
f 12577 12576 12658
f 12652 12577 12658
f 12576 12657 12658
f 12579 12578 12659
f 12578 12652 12659
f 12586 12585 12660
f 12522 12521 12661
f 12603 12522 12661
f 12521 12602 12661
f 12580 12579 12662
f 12579 12659 12662
f 12581 12580 12663
f 12580 12662 12663
f 12582 12581 12664
f 12581 12663 12664
f 12583 12582 12665
f 12582 12664 12665
f 12584 12583 12666
f 12583 12665 12666
f 12585 12584 12667
f 12660 12585 12667
f 12584 12666 12667
f 12587 12586 12668
f 12586 12660 12668
f 12588 12587 12669
f 12587 12668 12669
f 12530 12529 12670
f 12611 12530 12670
f 12529 12610 12670
f 12590 12507 12671
f 12507 12506 12671
f 12589 12588 12672
f 12588 12669 12672
f 12592 12591 12673
f 12593 12592 12674
f 12592 12673 12674
f 12594 12593 12675
f 12593 12674 12675
f 12595 12594 12676
f 12594 12675 12676
f 12605 12603 12677
f 12590 12671 12678
f 12598 12597 12679
f 12599 12598 12680
f 12598 12679 12680
f 12600 12599 12681
f 12599 12680 12681
f 12601 12600 12682
f 12600 12681 12682
f 12602 12601 12683
f 12601 12682 12683
f 12662 12659 12684
f 12619 12612 12685
f 12606 12605 12686
f 12605 12677 12686
f 12607 12606 12687
f 12606 12686 12687
f 12608 12607 12688
f 12607 12687 12688
f 12609 12608 12689
f 12608 12688 12689
f 12610 12609 12690
f 12609 12689 12690
f 12671 12506 12691
f 12614 12613 12692
f 12615 12614 12693
f 12614 12692 12693
f 12616 12615 12694
f 12615 12693 12694
f 12617 12616 12695
f 12616 12694 12695
f 12621 12619 12696
f 12619 12685 12696
f 12627 12620 12697
f 12622 12621 12698
f 12621 12696 12698
f 12623 12622 12699
f 12622 12698 12699
f 12624 12623 12700
f 12623 12699 12700
f 12625 12624 12701
f 12624 12700 12701
f 12629 12627 12702
f 12627 12697 12702
f 12635 12628 12703
f 12630 12629 12704
f 12629 12702 12704
f 12631 12630 12705
f 12630 12704 12705
f 12632 12631 12706
f 12631 12705 12706
f 12633 12632 12707
f 12632 12706 12707
f 12637 12635 12708
f 12635 12703 12708
f 12643 12636 12709
f 12638 12637 12710
f 12637 12708 12710
f 12639 12638 12711
f 12638 12710 12711
f 12640 12639 12712
f 12639 12711 12712
f 12641 12640 12713
f 12640 12712 12713
f 12645 12643 12714
f 12643 12709 12714
f 12651 12644 12715
f 12591 12590 12716
f 12673 12591 12716
f 12590 12678 12716
f 12646 12645 12717
f 12645 12714 12717
f 12647 12646 12718
f 12646 12717 12718
f 12648 12647 12719
f 12647 12718 12719
f 12649 12648 12720
f 12648 12719 12720
f 12653 12651 12721
f 12651 12715 12721
f 12659 12652 12722
f 12684 12659 12722
f 12652 12658 12722
f 12654 12653 12723
f 12653 12721 12723
f 12655 12654 12724
f 12654 12723 12724
f 12656 12655 12725
f 12655 12724 12725
f 12657 12656 12726
f 12656 12725 12726
f 12668 12660 12727
f 12663 12662 12728
f 12662 12684 12728
f 12664 12663 12729
f 12663 12728 12729
f 12665 12664 12730
f 12664 12729 12730
f 12666 12665 12731
f 12665 12730 12731
f 12669 12668 12732
f 12668 12727 12732
f 12506 12589 12691
f 12677 12603 12733
f 12603 12661 12733
f 12692 12613 12734
f 12613 12611 12734
f 12596 12604 12735
f 12685 12612 12736
f 12612 12618 12736
f 12671 12691 12737
f 12620 12626 12697
f 12618 12617 12738
f 12736 12618 12738
f 12617 12695 12738
f 12628 12634 12703
f 12626 12625 12739
f 12625 12701 12739
f 12636 12642 12709
f 12604 12595 12740
f 12735 12604 12740
f 12595 12676 12740
f 12634 12633 12741
f 12633 12707 12741
f 12644 12650 12715
f 12597 12596 12742
f 12642 12641 12743
f 12641 12713 12743
f 12597 12742 12679
f 12691 12589 12672
f 12650 12649 12744
f 12649 12720 12744
f 12660 12667 12727
f 12672 12669 12745
f 12669 12732 12745
f 12658 12657 12746
f 12657 12726 12746
f 12661 12602 12747
f 12733 12661 12747
f 12602 12683 12747
f 12691 12672 12737
f 12667 12666 12748
f 12666 12731 12748
f 12678 12671 12737
f 12611 12670 12734
f 12670 12610 12749
f 12610 12690 12749
f 12742 12596 12735
f 12693 12692 12750
f 12734 12670 12749
f 12675 12674 12751
f 12676 12675 12752
f 12675 12751 12752
f 12737 12672 12745
f 12686 12677 12753
f 12678 12737 12754
f 12681 12680 12755
f 12682 12681 12756
f 12681 12755 12756
f 12683 12682 12757
f 12682 12756 12757
f 12723 12721 12758
f 12742 12735 12759
f 12687 12686 12760
f 12686 12753 12760
f 12688 12687 12761
f 12687 12760 12761
f 12689 12688 12762
f 12688 12761 12762
f 12690 12689 12763
f 12689 12762 12763
f 12709 12642 12743
f 12697 12626 12739
f 12703 12634 12741
f 12694 12693 12764
f 12693 12750 12764
f 12695 12694 12765
f 12694 12764 12765
f 12696 12685 12766
f 12715 12650 12744
f 12699 12698 12767
f 12700 12699 12768
f 12699 12767 12768
f 12701 12700 12769
f 12700 12768 12769
f 12702 12697 12770
f 12679 12742 12771
f 12742 12759 12771
f 12705 12704 12772
f 12706 12705 12773
f 12705 12772 12773
f 12707 12706 12774
f 12706 12773 12774
f 12708 12703 12775
f 12727 12667 12748
f 12711 12710 12776
f 12712 12711 12777
f 12711 12776 12777
f 12713 12712 12778
f 12712 12777 12778
f 12714 12709 12779
f 12718 12717 12780
f 12719 12718 12781
f 12718 12780 12781
f 12720 12719 12782
f 12719 12781 12782
f 12721 12715 12783
f 12758 12721 12783
f 12715 12744 12783
f 12728 12684 12784
f 12724 12723 12785
f 12723 12758 12785
f 12725 12724 12786
f 12724 12785 12786
f 12726 12725 12787
f 12725 12786 12787
f 12729 12728 12788
f 12728 12784 12788
f 12730 12729 12789
f 12729 12788 12789
f 12731 12730 12790
f 12730 12789 12790
f 12732 12727 12791
f 12717 12714 12792
f 12780 12717 12792
f 12714 12779 12792
f 12704 12702 12793
f 12772 12704 12793
f 12702 12770 12793
f 12698 12696 12794
f 12767 12698 12794
f 12696 12766 12794
f 12710 12708 12795
f 12776 12710 12795
f 12708 12775 12795
f 12734 12749 12796
f 12751 12674 12797
f 12674 12673 12797
f 12754 12737 12798
f 12737 12745 12798
f 12753 12677 12799
f 12677 12733 12799
f 12741 12707 12800
f 12707 12774 12800
f 12784 12684 12801
f 12684 12722 12801
f 12685 12736 12766
f 12738 12695 12802
f 12695 12765 12802
f 12680 12679 12803
f 12739 12701 12804
f 12701 12769 12804
f 12680 12803 12755
f 12679 12771 12803
f 12703 12741 12805
f 12775 12703 12805
f 12741 12800 12805
f 12740 12676 12806
f 12676 12752 12806
f 12743 12713 12807
f 12713 12778 12807
f 12735 12740 12808
f 12759 12735 12808
f 12740 12806 12808
f 12697 12739 12809
f 12770 12697 12809
f 12739 12804 12809
f 12744 12720 12810
f 12720 12782 12810
f 12722 12658 12746
f 12745 12732 12811
f 12798 12745 12811
f 12732 12791 12811
f 12746 12726 12812
f 12726 12787 12812
f 12747 12683 12813
f 12683 12757 12813
f 12692 12734 12814
f 12748 12731 12815
f 12731 12790 12815
f 12749 12690 12816
f 12796 12749 12816
f 12690 12763 12816
f 12797 12673 12817
f 12673 12716 12817
f 12716 12678 12818
f 12817 12716 12818
f 12678 12754 12818
f 12692 12814 12750
f 12814 12734 12796
f 12751 12797 12819
f 12733 12747 12820
f 12799 12733 12820
f 12747 12813 12820
f 12766 12736 12821
f 12750 12814 12822
f 12757 12756 12823
f 12801 12722 12746
f 12784 12801 12824
f 12709 12743 12825
f 12761 12760 12826
f 12762 12761 12827
f 12761 12826 12827
f 12763 12762 12828
f 12762 12827 12828
f 12773 12772 12829
f 12771 12759 12830
f 12768 12767 12831
f 12764 12750 12832
f 12750 12822 12832
f 12765 12764 12833
f 12764 12832 12833
f 12736 12738 12821
f 12769 12768 12834
f 12768 12831 12834
f 12774 12773 12835
f 12773 12829 12835
f 12727 12748 12836
f 12791 12727 12836
f 12748 12815 12836
f 12778 12777 12837
f 12779 12709 12825
f 12781 12780 12838
f 12782 12781 12839
f 12781 12838 12839
f 12785 12758 12840
f 12786 12785 12841
f 12785 12840 12841
f 12787 12786 12842
f 12786 12841 12842
f 12788 12784 12843
f 12784 12824 12843
f 12760 12753 12844
f 12826 12760 12844
f 12753 12799 12844
f 12789 12788 12845
f 12788 12843 12845
f 12790 12789 12846
f 12789 12845 12846
f 12803 12771 12847
f 12771 12830 12847
f 12752 12751 12848
f 12751 12819 12848
f 12755 12803 12849
f 12803 12847 12849
f 12825 12743 12807
f 12801 12746 12850
f 12824 12801 12850
f 12746 12812 12850
f 12779 12825 12851
f 12812 12787 12852
f 12787 12842 12852
f 12776 12795 12853
f 12822 12814 12854
f 12814 12796 12854
f 12800 12774 12855
f 12774 12835 12855
f 12796 12816 12854
f 12851 12825 12856
f 12825 12807 12856
f 12804 12769 12857
f 12769 12834 12857
f 12802 12765 12858
f 12765 12833 12858
f 12759 12808 12830
f 12791 12836 12859
f 12829 12772 12860
f 12772 12793 12860
f 12770 12809 12861
f 12821 12738 12802
f 12775 12805 12862
f 12744 12810 12783
f 12775 12862 12795
f 12779 12851 12792
f 12810 12782 12863
f 12782 12839 12863
f 12794 12766 12864
f 12807 12778 12865
f 12856 12807 12865
f 12778 12837 12865
f 12806 12752 12866
f 12752 12848 12866
f 12791 12859 12811
f 12770 12861 12793
f 12838 12780 12867
f 12780 12792 12867
f 12758 12783 12868
f 12840 12758 12868
f 12777 12776 12869
f 12766 12821 12864
f 12815 12790 12870
f 12790 12846 12870
f 12813 12757 12871
f 12757 12823 12871
f 12819 12797 12872
f 12797 12817 12872
f 12816 12763 12873
f 12763 12828 12873
f 12837 12777 12869
f 12756 12755 12874
f 12754 12798 12875
f 12818 12754 12876
f 12754 12875 12876
f 12869 12776 12853
f 12874 12755 12849
f 12756 12874 12823
f 12853 12795 12862
f 12822 12854 12877
f 12830 12808 12878
f 12874 12849 12879
f 12837 12869 12880
f 12828 12827 12881
f 12811 12859 12882
f 12821 12802 12883
f 12802 12858 12883
f 12854 12816 12873
f 12783 12810 12884
f 12868 12783 12884
f 12810 12863 12884
f 12833 12832 12885
f 12841 12840 12886
f 12834 12831 12887
f 12792 12851 12867
f 12767 12794 12888
f 12835 12829 12889
f 12805 12800 12890
f 12862 12805 12890
f 12800 12855 12890
f 12832 12822 12891
f 12885 12832 12891
f 12822 12877 12891
f 12823 12874 12892
f 12874 12879 12892
f 12836 12815 12893
f 12859 12836 12893
f 12815 12870 12893
f 12839 12838 12894
f 12808 12806 12878
f 12831 12767 12888
f 12853 12862 12895
f 12794 12864 12888
f 12817 12818 12896
f 12872 12817 12896
f 12818 12876 12896
f 12840 12868 12897
f 12886 12840 12897
f 12868 12884 12897
f 12864 12821 12883
f 12793 12861 12860
f 12842 12841 12898
f 12841 12886 12898
f 12843 12824 12899
f 12798 12811 12882
f 12875 12798 12882
f 12846 12845 12900
f 12847 12830 12901
f 12869 12853 12902
f 12880 12869 12902
f 12853 12895 12902
f 12848 12819 12903
f 12845 12843 12904
f 12900 12845 12904
f 12843 12899 12904
f 12809 12804 12905
f 12861 12809 12905
f 12804 12857 12905
f 12849 12847 12906
f 12879 12849 12906
f 12847 12901 12906
f 12888 12864 12907
f 12799 12820 12908
f 12877 12854 12909
f 12854 12873 12909
f 12830 12878 12901
f 12855 12835 12910
f 12835 12889 12910
f 12859 12893 12911
f 12820 12813 12912
f 12908 12820 12912
f 12813 12871 12912
f 12866 12848 12913
f 12848 12903 12913
f 12852 12842 12914
f 12842 12898 12914
f 12857 12834 12915
f 12834 12887 12915
f 12858 12833 12916
f 12833 12885 12916
f 12894 12838 12917
f 12838 12867 12917
f 12875 12882 12918
f 12860 12861 12919
f 12889 12829 12920
f 12829 12860 12920
f 12865 12837 12921
f 12837 12880 12921
f 12863 12839 12922
f 12839 12894 12922
f 12859 12911 12882
f 12878 12806 12866
f 12895 12862 12923
f 12862 12890 12923
f 12799 12908 12844
f 12876 12875 12924
f 12875 12918 12924
f 12812 12852 12850
f 12826 12844 12925
f 12827 12826 12926
f 12903 12819 12927
f 12819 12872 12927
f 12870 12846 12928
f 12846 12900 12928
f 12871 12823 12929
f 12823 12892 12929
f 12899 12824 12930
f 12824 12850 12930
f 12873 12828 12931
f 12909 12873 12931
f 12828 12881 12931
f 12907 12864 12932
f 12864 12883 12932
f 12831 12888 12933
f 12851 12856 12934
f 12881 12827 12926
f 12826 12925 12926
f 12919 12861 12935
f 12861 12905 12935
f 12831 12933 12887
f 12933 12888 12907
f 12901 12878 12936
f 12911 12893 12937
f 12893 12870 12937
f 12890 12855 12938
f 12923 12890 12938
f 12855 12910 12938
f 12918 12882 12939
f 12882 12911 12939
f 12860 12919 12920
f 12933 12907 12940
f 12884 12863 12941
f 12887 12933 12942
f 12933 12940 12942
f 12867 12851 12943
f 12844 12908 12925
f 12856 12865 12944
f 12865 12921 12944
f 12883 12858 12945
f 12932 12883 12945
f 12858 12916 12945
f 12878 12866 12946
f 12936 12878 12946
f 12866 12913 12946
f 12892 12879 12947
f 12926 12925 12948
f 12850 12852 12930
f 12898 12886 12949
f 12934 12856 12944
f 12905 12857 12950
f 12935 12905 12950
f 12857 12915 12950
f 12851 12934 12943
f 12867 12943 12917
f 12881 12926 12951
f 12926 12948 12951
f 12943 12934 12952
f 12925 12908 12953
f 12877 12909 12954
f 12912 12871 12955
f 12871 12929 12955
f 12910 12889 12956
f 12870 12928 12937
f 12914 12898 12957
f 12898 12949 12957
f 12915 12887 12958
f 12887 12942 12958
f 12916 12885 12959
f 12863 12922 12941
f 12925 12953 12948
f 12907 12932 12940
f 12906 12901 12960
f 12884 12941 12897
f 12891 12877 12961
f 12877 12954 12961
f 12921 12880 12962
f 12917 12943 12963
f 12943 12952 12963
f 12922 12894 12964
f 12920 12919 12965
f 12894 12917 12966
f 12964 12894 12966
f 12917 12963 12966
f 12939 12911 12967
f 12927 12872 12968
f 12872 12896 12968
f 12924 12918 12969
f 12918 12939 12969
f 12885 12891 12970
f 12959 12885 12970
f 12891 12961 12970
f 12919 12935 12965
f 12930 12852 12971
f 12852 12914 12971
f 12896 12876 12972
f 12968 12896 12972
f 12876 12924 12972
f 12949 12886 12973
f 12886 12897 12973
f 12903 12927 12974
f 12928 12900 12975
f 12899 12930 12976
f 12930 12971 12976
f 12902 12895 12977
f 12929 12892 12978
f 12892 12947 12978
f 12931 12881 12979
f 12881 12951 12979
f 12895 12923 12977
f 12901 12936 12960
f 12880 12902 12980
f 12962 12880 12980
f 12902 12977 12980
f 12904 12899 12976
f 12900 12904 12981
f 12975 12900 12981
f 12904 12976 12981
f 12913 12903 12982
f 12903 12974 12982
f 12952 12934 12983
f 12934 12944 12983
f 12967 12911 12937
f 12956 12889 12984
f 12937 12928 12985
f 12967 12937 12985
f 12928 12975 12985
f 12909 12931 12986
f 12931 12979 12986
f 12956 12984 12987
f 12879 12906 12988
f 12942 12940 12989
f 12908 12912 12990
f 12953 12908 12990
f 12912 12955 12990
f 12941 12922 12991
f 12922 12964 12991
f 12977 12923 12992
f 12948 12953 12993
f 12906 12960 12988
f 12897 12941 12994
f 12973 12897 12994
f 12941 12991 12994
f 12889 12920 12984
f 12939 12967 12995
f 12920 12965 12984
f 12944 12921 12996
f 12983 12944 12996
f 12921 12962 12996
f 12940 12932 12997
f 12974 12927 12998
f 12927 12968 12998
f 12960 12936 12999
f 12965 12935 13000
f 12947 12879 12988
f 12951 12948 13001
f 12954 12909 12986
f 12988 12960 13002
f 12984 12965 13003
f 12987 12984 13003
f 12965 13000 13003
f 12947 12988 13004
f 12988 13002 13004
f 12938 12910 13005
f 12910 12956 13005
f 12957 12949 13006
f 12958 12942 13007
f 12942 12989 13007
f 12976 12971 13008
f 12992 12923 12938
f 12913 12982 12946
f 12948 12993 13001
f 12963 12952 13009
f 12962 12980 13010
f 12995 12967 13011
f 12967 12985 13011
f 12961 12954 13012
f 12916 12959 13013
f 12939 12995 12969
f 12936 12946 13014
f 12999 12936 13014
f 12946 12982 13014
f 12996 12962 13015
f 12962 13010 13015
f 12940 12997 12989
f 12924 12969 13016
f 12964 12966 13017
f 12945 12916 13013
f 13000 12935 13018
f 12935 12950 13018
f 12998 13019 12974
f 12960 12999 13002
f 12978 12947 13020
f 12947 13004 13020
f 12971 12914 13021
f 13008 12971 13021
f 12914 12957 13021
f 12974 13022 12982
f 12977 12992 13023
f 12977 13023 12980
f 12975 12981 13024
f 12979 12951 13025
f 12951 13001 13025
f 12915 12958 13018
f 13005 12956 13026
f 12956 12987 13026
f 12949 12973 13027
f 12950 12915 13018
f 12959 12970 13028
f 12955 12929 13029
f 12929 12978 13029
f 13013 12959 13030
f 12959 13028 13030
f 12991 12964 13031
f 12964 13017 13031
f 12981 12976 13032
f 13024 12981 13032
f 12976 13008 13032
f 12998 12972 13016
f 12954 12986 13012
f 12952 12983 13009
f 12985 12975 13033
f 13011 12985 13033
f 12975 13024 13033
f 13006 12949 13027
f 12983 12996 13034
f 12996 13015 13034
f 13004 13002 13035
f 13028 12970 13036
f 12970 12961 13036
f 12953 12990 13037
f 12993 12953 13037
f 12992 12938 13005
f 13010 12980 13023
f 12989 12997 13038
f 12932 12945 13039
f 12997 12932 13039
f 12945 13013 13039
f 13009 12983 13034
f 13000 13018 13040
f 12969 12995 13041
f 12990 12955 13042
f 13037 12990 13042
f 12955 13029 13042
f 13017 12966 13043
f 12966 12963 13043
f 13016 12969 13041
f 12992 13005 13044
f 13005 13026 13044
f 13023 12992 13044
f 13010 13023 13045
f 12986 12979 13046
f 12979 13025 13046
f 13018 12958 13047
f 13040 13018 13047
f 12958 13007 13047
f 13027 12973 13048
f 12973 12994 13048
f 12957 13006 13021
f 12982 13022 13049
f 13006 13027 13050
f 12963 13009 13043
f 13012 12986 13046
f 13001 12993 13051
f 13035 13002 13052
f 13002 12999 13052
f 12961 13012 13036
f 13021 13006 13053
f 13028 13036 13054
f 13012 13046 13055
f 12993 13037 13056
f 13027 13048 13050
f 13025 13001 13057
f 13001 13051 13057
f 13039 13013 13030
f 13038 12997 13058
f 12997 13039 13058
f 12995 13011 13059
f 12987 13003 13060
f 12994 12991 13048
f 13003 13000 13061
f 13060 13003 13061
f 13000 13040 13061
f 13007 12989 13062
f 12989 13038 13062
f 13014 12982 13049
f 13024 13032 13063
f 13009 13034 13064
f 12991 13031 13048
f 13016 13041 13065
f 13022 12974 13019
f 13036 13012 13066
f 13054 13036 13066
f 13012 13055 13066
f 13020 13004 13067
f 13004 13035 13067
f 12999 13014 13068
f 13052 12999 13068
f 13014 13049 13068
f 13026 12987 13069
f 12987 13060 13069
f 13045 13023 13070
f 13023 13044 13070
f 12998 13016 13019
f 13015 13010 13071
f 13010 13045 13071
f 13008 13021 13072
f 13021 13053 13072
f 13019 13016 13065
f 13049 13022 13073
f 13006 13050 13053
f 13029 12978 13074
f 12978 13020 13074
f 13017 13043 13075
f 13030 13028 13076
f 13028 13054 13076
f 13043 13009 13077
f 13075 13043 13077
f 13009 13064 13077
f 13031 13017 13078
f 13017 13075 13078
f 13032 13008 13072
f 13051 12993 13056
f 13041 12995 13059
f 13033 13024 13079
f 13024 13063 13079
f 13022 13019 13080
f 13073 13022 13080
f 13019 13065 13080
f 13041 13059 13081
f 13034 13015 13082
f 13015 13071 13082
f 13050 13048 13083
f 13011 13033 13084
f 13059 13011 13084
f 13033 13079 13084
f 13051 13056 13085
f 13037 13042 13056
f 13064 13034 13082
f 13063 13032 13072
f 13044 13026 13086
f 13070 13044 13086
f 13026 13069 13086
f 12998 12968 12972
f 13048 13031 13083
f 13065 13041 13081
f 13046 13025 13087
f 13025 13057 13087
f 13063 13072 13088
f 13072 13053 13089
f 13039 13030 13058
f 13055 13046 13087
f 13035 13052 13090
f 13067 13035 13091
f 13035 13090 13091
f 13075 13077 13092
f 13072 13089 13088
f 12924 13016 12972
f 13065 13081 13093
f 13059 13084 13094
f 13057 13051 13095
f 13051 13085 13095
f 13062 13038 13096
f 13055 13087 13097
f 13085 13056 13098
f 13045 13070 13099
f 13049 13073 13100
f 13042 13029 13074
f 13061 13040 13101
f 13050 13083 13102
f 13060 13061 13103
f 13061 13101 13103
f 13056 13042 13074
f 13066 13055 13104
f 13055 13097 13104
f 13064 13082 13105
f 13100 13073 13106
f 13031 13078 13083
f 13054 13066 13107
f 13066 13104 13107
f 13068 13049 13100
f 13065 13093 13080
f 13071 13045 13099
f 13058 13030 13076
f 13040 13047 13101
f 13076 13054 13108
f 13054 13107 13108
f 13038 13058 13109
f 13096 13038 13109
f 13058 13076 13109
f 13047 13007 13110
f 13007 13062 13110
f 13081 13059 13094
f 13053 13050 13111
f 13078 13075 13112
f 13075 13092 13112
f 13077 13064 13113
f 13092 13077 13113
f 13064 13105 13113
f 13069 13060 13114
f 13060 13103 13114
f 13079 13063 13115
f 13063 13088 13115
f 13053 13111 13089
f 13050 13102 13111
f 13056 13074 13098
f 13088 13089 13116
f 13020 13067 13117
f 13097 13087 13118
f 13117 13067 13119
f 13106 13073 13120
f 13103 13101 13121
f 13105 13082 13122
f 13082 13071 13122
f 13102 13083 13123
f 13100 13106 13124
f 13083 13078 13123
f 13111 13102 13125
f 13087 13057 13118
f 13052 13068 13126
f 13073 13080 13120
f 13099 13070 13127
f 13093 13081 13128
f 13081 13094 13128
f 13090 13052 13126
f 13089 13111 13129
f 13116 13089 13129
f 13111 13125 13129
f 13074 13020 13117
f 13101 13047 13110
f 13084 13079 13130
f 13094 13084 13130
f 13079 13115 13130
f 13071 13099 13122
f 13106 13120 13131
f 13126 13068 13100
f 13120 13080 13093
f 13120 13093 13131
f 13126 13100 13124
f 13114 13103 13132
f 13103 13121 13132
f 13097 13118 13133
f 13057 13095 13118
f 13110 13062 13134
f 13062 13096 13134
f 13069 13114 13086
f 13092 13113 13135
f 13094 13130 13136
f 13131 13093 13128
f 13076 13108 13109
f 13122 13099 13137
f 13104 13097 13138
f 13097 13133 13138
f 13105 13122 13139
f 13122 13137 13139
f 13092 13135 13112
f 13123 13078 13112
f 13125 13102 13140
f 13102 13123 13140
f 13107 13104 13141
f 13104 13138 13141
f 13107 13141 13108
f 13095 13085 13142
f 13127 13070 13086
f 13096 13109 13143
f 13109 13108 13143
f 13128 13094 13136
f 13090 13126 13144
f 13126 13124 13144
f 13124 13106 13145
f 13106 13131 13145
f 13091 13090 13144
f 13113 13105 13146
f 13135 13113 13146
f 13105 13139 13146
f 13099 13127 13137
f 13115 13088 13147
f 13088 13116 13147
f 13067 13091 13119
f 13134 13096 13148
f 13096 13143 13148
f 13085 13149 13142
f 13133 13118 13150
f 13101 13110 13151
f 13118 13095 13150
f 13151 13110 13134
f 13131 13128 13152
f 13086 13114 13153
f 13127 13086 13153
f 13114 13132 13153
f 13137 13127 13154
f 13127 13153 13154
f 13139 13137 13155
f 13074 13117 13098
f 13119 13091 13156
f 13143 13108 13157
f 13148 13143 13157
f 13108 13141 13157
f 13128 13136 13152
f 13144 13124 13158
f 13124 13145 13158
f 13091 13144 13156
f 13095 13142 13150
f 13112 13135 13159
f 13121 13101 13151
f 13123 13112 13159
f 13130 13115 13160
f 13136 13130 13160
f 13115 13147 13160
f 13151 13134 13161
f 13134 13148 13161
f 13142 13119 13162
f 13119 13156 13162
f 13121 13151 13163
f 13132 13121 13163
f 13151 13161 13163
f 13123 13159 13140
f 13136 13160 13164
f 13116 13129 13165
f 13144 13158 13156
f 13135 13146 13166
f 13157 13141 13167
f 13138 13133 13168
f 13155 13137 13154
f 13150 13142 13162
f 13141 13138 13169
f 13167 13141 13169
f 13138 13168 13169
f 13133 13150 13170
f 13168 13133 13170
f 13150 13162 13170
f 13145 13131 13171
f 13131 13152 13171
f 13146 13139 13172
f 13166 13146 13172
f 13139 13155 13172
f 13159 13135 13166
f 13129 13125 13173
f 13165 13129 13173
f 13125 13140 13173
f 13147 13116 13165
f 13164 13160 13174
f 13160 13147 13174
f 13153 13132 13175
f 13156 13158 13176
f 13161 13148 13177
f 13085 13098 13149
f 13157 13167 13178
f 13159 13166 13179
f 13155 13154 13180
f 13140 13159 13179
f 13152 13136 13181
f 13098 13117 13149
f 13136 13164 13181
f 13154 13153 13175
f 13158 13145 13182
f 13145 13171 13182
f 13147 13165 13174
f 13162 13156 13176
f 13181 13164 13183
f 13152 13181 13184
f 13171 13152 13184
f 13181 13183 13184
f 13175 13132 13185
f 13132 13163 13185
f 13164 13174 13183
f 13161 13177 13186
f 13168 13170 13187
f 13154 13175 13180
f 13176 13158 13182
f 13169 13168 13188
f 13168 13187 13188
f 13174 13165 13189
f 13148 13157 13178
f 13179 13166 13190
f 13172 13155 13191
f 13155 13180 13191
f 13178 13167 13192
f 13173 13140 13193
f 13140 13179 13193
f 13170 13162 13194
f 13187 13170 13194
f 13162 13176 13194
f 13177 13148 13178
f 13161 13186 13163
f 13167 13169 13195
f 13192 13167 13195
f 13169 13188 13195
f 13190 13166 13172
f 13186 13177 13196
f 13117 13119 13149
f 13174 13189 13183
f 13179 13190 13193
f 13180 13175 13197
f 13183 13189 13198
f 13189 13165 13199
f 13163 13186 13185
f 13176 13182 13200
f 13182 13171 13201
f 13200 13182 13201
f 13171 13184 13201
f 13190 13172 13191
f 13177 13178 13196
f 13165 13173 13199
f 13175 13185 13197
f 13198 13189 13202
f 13190 13191 13203
f 13178 13192 13196
f 13187 13194 13204
f 13191 13180 13205
f 13203 13191 13205
f 13180 13197 13205
f 13188 13187 13206
f 13187 13204 13206
f 13189 13199 13202
f 13185 13186 13207
f 13186 13196 13207
f 13194 13176 13200
f 13184 13183 13208
f 13183 13198 13208
f 13196 13192 13209
f 13209 13192 13206
f 13197 13185 13207
f 13190 13203 13210
f 13209 13206 13211
f 13198 13202 13212
f 13204 13194 13200
f 13202 13199 13210
f 13213 13211 13204
f 13210 13203 13214
f 13204 13200 13213
f 13202 13210 13212
f 13190 13210 13193
f 13213 13200 13201
f 13209 13211 13215
f 13119 13142 13149
f 13188 13206 13195
f 13196 13209 13216
f 13216 13209 13215
f 13206 13204 13211
f 13207 13196 13216
f 13199 13173 13193
f 13201 13184 13208
f 13212 13210 13214
f 13197 13207 13216
f 13205 13197 13216
f 13215 13211 13217
f 13198 13212 13218
f 13203 13205 13219
f 13206 13192 13195
f 13214 13203 13219
f 13211 13213 13218
f 13208 13198 13218
f 13218 13212 13217
f 13212 13214 13217
f 13214 13219 13217
f 13211 13218 13217
f 13216 13215 13205
f 13218 13213 13208
f 13208 13213 13201
f 13219 13205 13215
f 13215 13217 13219
f 13210 13199 13193
f 13220 13221 13222
f 13221 13223 12019
f 13224 13225 9273
f 13226 13227 9158
f 13228 13229 8692
f 13230 13231 13232
f 13233 13234 12287
f 13235 13236 12227
f 13237 13238 12128
f 13239 13220 13222
f 10926 13240 10927
f 13240 13222 13241
f 13240 10926 10951
f 13222 13240 12111
f 10927 13240 13241
f 10878 10929 9274
f 10879 10878 13242
f 10878 9274 13242
f 10877 10879 13243
f 10879 13242 13243
f 10930 10877 9159
f 10877 13243 9159
f 10931 10930 13244
f 10930 9159 13244
f 10933 10931 8691
f 10931 13244 8691
f 10935 10933 8693
f 10933 8691 8693
f 10937 10935 8696
f 10935 8693 8696
f 10939 10937 12367
f 10937 8696 12367
f 10941 10939 12286
f 10939 12367 12286
f 10943 10941 12226
f 10941 12286 12226
f 10945 10943 12174
f 10943 12226 12174
f 10947 10945 12127
f 10945 12174 12127
f 10949 10947 11797
f 10947 12127 11797
f 13239 13222 12111
f 13240 10951 12111
f 13223 13224 9275
f 12019 13223 9275
f 13224 9273 9275
f 13225 13226 9160
f 9273 13225 9160
f 13226 9158 9160
f 13227 13228 13245
f 13229 13230 8695
f 13231 13233 12368
f 13234 13235 13246
f 13236 13237 12175
f 13246 13235 12227
f 13238 13239 11795
f 10929 10927 12018
f 12175 13237 12128
f 10951 10949 11796
f 13222 13221 13241
f 13245 13228 8692
f 9158 13227 13245
f 8692 13229 8695
f 13232 13231 12368
f 12287 13234 13246
f 12227 13236 12175
f 12128 13238 11795
f 12368 13233 12287
f 8695 13230 13232
f 10929 12018 9274
f 11796 10949 11797
f 8695 8693 8692
f 9158 13245 13244
f 13232 12368 12367
f 9274 12018 9275
f 12287 13246 12226
f 8695 13232 8696
f 12227 12175 12174
f 12368 12287 12286
f 12128 11795 11797
f 10951 11796 12111
f 13246 12227 12226
f 11795 13239 12111
f 13244 13245 8691
f 13242 9274 9273
f 13245 8692 8691
f 13221 12019 13241
f 10927 13241 12018
f 13241 12019 12018
f 12175 12128 12127
f 13243 13242 9160
f 9159 13243 9160
f 13244 9159 9158
f 13242 9273 9160
f 12367 8696 13232
o outlet
g outlet
v -0.0154784 0.03509204 0.142
v -0.01581559 0.03328698 0.142
v -0.01417165 0.03436982 0.142
v -0.01460241 0.03655194 0.142
v -0.01287542 0.03560349 0.142
v -0.01322359 0.03766893 0.142
v -0.01163526 0.03821934 0.142
v -0.011412 0.03668272 0.142
v -0.009832731 0.03818942 0.142
v -0.008251664 0.03757956 0.142
v -0.0097283 0.03613412 0.142
v -0.006943521 0.03645037 0.142
v -0.008099134 0.03544017 0.142
v -0.006119092 0.03500246 0.142
v -0.005816511 0.03319127 0.142
v -0.007747701 0.03364872 0.142
v -0.006121903 0.03156383 0.142
v -0.007595798 0.03188468 0.142
v -0.006952018 0.03011321 0.142
v -0.008305088 0.02896293 0.142
v -0.008925388 0.03037116 0.142
v -0.009927439 0.02836649 0.142
v -0.01167097 0.02836069 0.142
v -0.0110145 0.03035729 0.142
v -0.01330041 0.02894812 0.142
v -0.01469005 0.03012651 0.142
v -0.01276334 0.03129171 0.142
v -0.01554141 0.03165399 0.142
v -0.0141915 0.03238773 0.142
v -0.011217 0.03478251 0.142
v -0.00954803 0.03414267 0.142
v -0.009353197 0.03220441 0.142
v -0.01108569 0.03269781 0.142
v -0.01267288 0.03351156 0.142
f 13247 13248 13249
f 13247 13249 13250
f 13251 13250 13249
f 13252 13250 13251
f 13253 13252 13254
f 13255 13253 13254
f 13252 13251 13254
f 13256 13255 13257
f 13255 13254 13257
f 13258 13256 13259
f 13260 13258 13259
f 13256 13257 13259
f 13261 13260 13262
f 13260 13259 13262
f 13263 13261 13264
f 13261 13262 13264
f 13265 13263 13264
f 13266 13265 13267
f 13265 13264 13267
f 13268 13266 13267
f 13269 13268 13270
f 13271 13269 13270
f 13268 13267 13270
f 13272 13271 13273
f 13271 13270 13273
f 13274 13272 13275
f 13248 13274 13275
f 13272 13273 13275
f 13248 13275 13249
f 13257 13254 13276
f 13254 13251 13276
f 13259 13257 13277
f 13262 13259 13277
f 13257 13276 13277
f 13264 13262 13278
f 13267 13264 13278
f 13262 13277 13278
f 13267 13278 13270
f 13273 13270 13279
f 13279 13270 13278
f 13275 13273 13280
f 13249 13275 13280
f 13273 13279 13280
f 13251 13249 13280
f 13276 13251 13280
f 13280 13279 13276
f 13276 13279 13277
f 13278 13277 13279
