# Combined OBJ with one region per STL
o vessel_top
g vessel_top
v 0.042 -1.028703e-17 0.137
v 0.04195243 0.00199844 0.137
v 0.04018414 0.0009172506 0.137
v 0.04180982 0.003992354 0.137
v 0.0415725 0.005977223 0.137
v 0.03989834 0.004720804 0.137
v 0.04124101 0.007948552 0.137
v 0.04081609 0.009901875 0.137
v 0.03927062 0.008499517 0.137
v 0.0402987 0.01183277 0.137
v 0.03969003 0.01373685 0.137
v 0.03828905 0.01221075 0.137
v 0.03899145 0.01560982 0.137
v 0.03820454 0.01744743 0.137
v 0.0369567 0.01580931 0.137
v 0.03733109 0.01924551 0.137
v 0.03637307 0.021 0.137
v 0.035287 0.01925733 0.137
v 0.03533265 0.02270691 0.137
v 0.03421219 0.02436239 0.137
v 0.03329782 0.02252777 0.137
v 0.03301423 0.02596268 0.137
v 0.03174148 0.02750415 0.137
v 0.03100753 0.02559409 0.137
v 0.03039683 0.02898332 0.137
v 0.02898332 0.03039683 0.137
v 0.02843545 0.0284295 0.137
v 0.02750415 0.03174148 0.137
v 0.02596268 0.03301423 0.137
v 0.0256049 0.03100637 0.137
v 0.02436239 0.03421219 0.137
v 0.02270691 0.03533265 0.137
v 0.02254164 0.03330186 0.137
v 0.021 0.03637307 0.137
v 0.01924551 0.03733109 0.137
v 0.01927285 0.03529386 0.137
v 0.01744743 0.03820454 0.137
v 0.01560982 0.03899145 0.137
v 0.01582986 0.03696445 0.137
v 0.01373685 0.03969003 0.137
v 0.01183277 0.0402987 0.137
v 0.01224456 0.03830098 0.137
v 0.009901875 0.04081609 0.137
v 0.007948552 0.04124101 0.137
v 0.008548821 0.03929203 0.137
v 0.005977223 0.0415725 0.137
v 0.003992354 0.04180982 0.137
v 0.004775905 0.03992823 0.137
v 0.00199844 0.04195243 0.137
v 1.611116e-16 0.042 0.137
v 0.0009595595 0.04020365 0.137
v -0.00199844 0.04195243 0.137
v -0.003992354 0.04180982 0.137
v -0.00286647 0.04011442 0.137
v -0.005977223 0.0415725 0.137
v -0.007948552 0.04124101 0.137
v -0.006666932 0.03965876 0.137
v -0.009901875 0.04081609 0.137
v -0.01183277 0.0402987 0.137
v -0.0104055 0.03884182 0.137
v -0.01373685 0.03969003 0.137
v -0.01560982 0.03899145 0.137
v -0.0140492 0.03767513 0.137
v -0.01744743 0.03820454 0.137
v -0.01924551 0.03733109 0.137
v -0.01756743 0.03616968 0.137
v -0.021 0.03637307 0.137
v -0.02270691 0.03533265 0.137
v -0.02092764 0.03433633 0.137
v -0.02436239 0.03421219 0.137
v -0.02596268 0.03301423 0.137
v -0.02409749 0.03219134 0.137
v -0.02750415 0.03174148 0.137
v -0.02898332 0.03039683 0.137
v -0.02704882 0.02975599 0.137
v -0.03039683 0.02898332 0.137
v -0.03174148 0.02750415 0.137
v -0.02975659 0.02705204 0.137
v -0.03301423 0.02596268 0.137
v -0.03421219 0.02436239 0.137
v -0.03219506 0.02410142 0.137
v -0.03533265 0.02270691 0.137
v -0.03637307 0.021 0.137
v -0.03433992 0.02093109 0.137
v -0.03733109 0.01924551 0.137
v -0.03820454 0.01744743 0.137
v -0.0361728 0.01757155 0.137
v -0.03899145 0.01560982 0.137
v -0.03969003 0.01373685 0.137
v -0.03767865 0.01405358 0.137
v -0.0402987 0.01183277 0.137
v -0.04081609 0.009901875 0.137
v -0.03884419 0.01040869 0.137
v -0.04124101 0.007948552 0.137
v -0.0415725 0.005977223 0.137
v -0.03965819 0.006669102 0.137
v -0.04180982 0.003992354 0.137
v -0.04195243 0.00199844 0.137
v -0.04011211 0.002868868 0.137
v -0.042 -2.373292e-16 0.137
v -0.04195243 -0.00199844 0.137
v -0.04020229 -0.0009568144 0.137
v -0.04180982 -0.003992354 0.137
v -0.0415725 -0.005977223 0.137
v -0.03992896 -0.004773624 0.137
v -0.04124101 -0.007948552 0.137
v -0.04081609 -0.009901875 0.137
v -0.0392944 -0.008547514 0.137
v -0.0402987 -0.01183277 0.137
v -0.03969003 -0.01373685 0.137
v -0.03830393 -0.01224409 0.137
v -0.03899145 -0.01560982 0.137
v -0.03820454 -0.01744743 0.137
v -0.03696684 -0.01582967 0.137
v -0.03733109 -0.01924551 0.137
v -0.03637307 -0.021 0.137
v -0.03529573 -0.01927215 0.137
v -0.03533265 -0.02270691 0.137
v -0.03421219 -0.02436239 0.137
v -0.03330536 -0.02254085 0.137
v -0.03301423 -0.02596268 0.137
v -0.03174148 -0.02750415 0.137
v -0.03101225 -0.02560567 0.137
v -0.03039683 -0.02898332 0.137
v -0.02898332 -0.03039683 0.137
v -0.0284369 -0.02843741 0.137
v -0.02750415 -0.03174148 0.137
v -0.02596268 -0.03301423 0.137
v -0.02560418 -0.03101054 0.137
v -0.02436239 -0.03421219 0.137
v -0.02270691 -0.03533265 0.137
v -0.02254039 -0.03330322 0.137
v -0.021 -0.03637307 0.137
v -0.01924551 -0.03733109 0.137
v -0.01927265 -0.03529496 0.137
v -0.01744743 -0.03820454 0.137
v -0.01560982 -0.03899145 0.137
v -0.01583035 -0.03696717 0.137
v -0.01373685 -0.03969003 0.137
v -0.01183277 -0.0402987 0.137
v -0.01224487 -0.0383047 0.137
v -0.009901875 -0.04081609 0.137
v -0.007948552 -0.04124101 0.137
v -0.008548526 -0.03929567 0.137
v -0.005977223 -0.0415725 0.137
v -0.003992354 -0.04180982 0.137
v -0.004774418 -0.03993077 0.137
v -0.00199844 -0.04195243 0.137
v -4.926607e-16 -0.042 0.137
v -0.0009568739 -0.04020363 0.137
v 0.00199844 -0.04195243 0.137
v 0.003992354 -0.04180982 0.137
v 0.002869 -0.04011195 0.137
v 0.005977223 -0.0415725 0.137
v 0.007948552 -0.04124101 0.137
v 0.006668539 -0.03965741 0.137
v 0.009901875 -0.04081609 0.137
v 0.01183277 -0.0402987 0.137
v 0.01040793 -0.03884432 0.137
v 0.01373685 -0.03969003 0.137
v 0.01560982 -0.03899145 0.137
v 0.01405341 -0.0376791 0.137
v 0.01744743 -0.03820454 0.137
v 0.01924551 -0.03733109 0.137
v 0.01757123 -0.03617194 0.137
v 0.021 -0.03637307 0.137
v 0.02270691 -0.03533265 0.137
v 0.02092939 -0.03433765 0.137
v 0.02436239 -0.03421219 0.137
v 0.02596268 -0.03301423 0.137
v 0.02409861 -0.0321942 0.137
v 0.02750415 -0.03174148 0.137
v 0.02898332 -0.03039683 0.137
v 0.02705114 -0.02975981 0.137
v 0.03039683 -0.02898332 0.137
v 0.03174148 -0.02750415 0.137
v 0.02975817 -0.0270535 0.137
v 0.03301423 -0.02596268 0.137
v 0.03421219 -0.02436239 0.137
v 0.03219231 -0.02409994 0.137
v 0.03533265 -0.02270691 0.137
v 0.03637307 -0.021 0.137
v 0.03433233 -0.02092817 0.137
v 0.03733109 -0.01924551 0.137
v 0.03820454 -0.01744743 0.137
v 0.03616225 -0.01756891 0.137
v 0.03899145 -0.01560982 0.137
v 0.03969003 -0.01373685 0.137
v 0.0376712 -0.01405476 0.137
v 0.0402987 -0.01183277 0.137
v 0.04081609 -0.009901875 0.137
v 0.03884673 -0.010415 0.137
v 0.04124101 -0.007948552 0.137
v 0.0415725 -0.005977223 0.137
v 0.03966828 -0.006683477 0.137
v 0.04180982 -0.003992354 0.137
v 0.04195243 -0.00199844 0.137
v 0.04011884 -0.002893944 0.137
v 0.04019817 -0.0009880007 0.137
v 0.04008305 0.002820266 0.137
v 0.0396282 0.006615539 0.137
v 0.03882402 0.01036612 0.137
v 0.03766572 0.01402632 0.137
v 0.03616242 0.01755288 0.137
v 0.03433083 0.02091556 0.137
v 0.03218872 0.02408715 0.137
v 0.0297552 0.02704203 0.137
v 0.02705071 0.0297513 0.137
v 0.02410065 0.03219033 0.137
v 0.02093091 0.03433671 0.137
v 0.0175709 0.03616975 0.137
v 0.01405284 0.03767465 0.137
v 0.01040835 0.03883978 0.137
v 0.006669945 0.03965446 0.137
v 0.00287122 0.04011099 0.137
v -0.0009541995 0.04020462 0.137
v -0.004772009 0.03993202 0.137
v -0.008545906 0.03929438 0.137
v -0.01224078 0.03830093 0.137
v -0.0158256 0.03696366 0.137
v -0.01926902 0.03529266 0.137
v -0.0225379 0.03330103 0.137
v -0.02560171 0.03100812 0.137
v -0.02843439 0.02843598 0.137
v -0.03101085 0.02560583 0.137
v -0.03330521 0.02254163 0.137
v -0.03529601 0.01927283 0.137
v -0.03696711 0.0158302 0.137
v -0.03830429 0.01224485 0.137
v -0.03929535 0.008548552 0.137
v -0.03993009 0.004774274 0.137
v -0.04020224 0.0009569873 0.137
v -0.04011048 -0.002868436 0.137
v -0.0396561 -0.006668021 0.137
v -0.03884267 -0.0104075 0.137
v -0.03767751 -0.01405265 0.137
v -0.03617174 -0.01757055 0.137
v -0.03433918 -0.0209299 0.137
v -0.03219525 -0.02410044 0.137
v -0.0297581 -0.0270522 0.137
v -0.02705075 -0.02975748 0.137
v -0.02409919 -0.03219292 0.137
v -0.02092995 -0.03433757 0.137
v -0.01757114 -0.03617164 0.137
v -0.0140533 -0.03767816 0.137
v -0.01040836 -0.03884373 0.137
v -0.00666897 -0.03965779 0.137
v -0.002868795 -0.04011232 0.137
v 0.0009572744 -0.04020288 0.137
v 0.004774188 -0.03992935 0.137
v 0.008547787 -0.03929492 0.137
v 0.01224444 -0.03830479 0.137
v 0.01583021 -0.03696699 0.137
v 0.01927196 -0.03529415 0.137
v 0.02253907 -0.03330306 0.137
v 0.02560344 -0.03101212 0.137
v 0.02843694 -0.0284392 0.137
v 0.03101056 -0.02560567 0.137
v 0.03329974 -0.02253906 0.137
v 0.03528624 -0.01926948 0.137
v 0.03695681 -0.0158289 0.137
v 0.03830184 -0.01224905 0.137
v 0.03930262 -0.008558473 0.137
v 0.03994208 -0.004794989 0.137
v 0.03686414 0.01076233 0.137
v 0.03732773 0.008976483 0.137
v 0.03835708 0.00173333 0.137
v 0.0356768 0.01424599 0.137
v 0.0341611 0.01758742 0.137
v 0.03233634 0.02076266 0.137
v 0.03021969 0.02374752 0.137
v 0.02782866 0.02652135 0.137
v 0.02518281 0.02905214 0.137
v 0.02230822 0.031319 0.137
v 0.01922811 0.03329899 0.137
v 0.01597328 0.03497228 0.137
v 0.01257627 0.03632954 0.137
v 0.009066644 0.03736114 0.137
v 0.005475636 0.03805674 0.137
v 0.001835056 0.03840968 0.137
v -0.001823789 0.03841503 0.137
v -0.005467655 0.03806639 0.137
v -0.009059448 0.03736606 0.137
v -0.01256691 0.03633006 0.137
v -0.01596414 0.03497188 0.137
v -0.01922012 0.03329727 0.137
v -0.02230038 0.03131847 0.137
v -0.02517698 0.02905774 0.137
v -0.02782837 0.02653749 0.137
v -0.03022966 0.02377453 0.137
v -0.03235277 0.02079176 0.137
v -0.0341797 0.01762075 0.137
v -0.03569804 0.01429158 0.137
v -0.03689505 0.01083425 0.137
v -0.03775931 0.007278314 0.137
v -0.03827975 0.00365543 0.137
v -0.03845169 4.031929e-07 0.137
v -0.03827655 -0.003653833 0.137
v -0.03775598 -0.007275646 0.137
v -0.03689328 -0.01083198 0.137
v -0.03569664 -0.01428994 0.137
v -0.03417828 -0.01761873 0.137
v -0.03235204 -0.02078945 0.137
v -0.03023127 -0.02377314 0.137
v -0.02783289 -0.0265394 0.137
v -0.02518184 -0.02906219 0.137
v -0.02230474 -0.03132222 0.137
v -0.01922639 -0.03330038 0.137
v -0.01597375 -0.03497731 0.137
v -0.0125768 -0.03633746 0.137
v -0.009066263 -0.03736933 0.137
v -0.005473024 -0.03806319 0.137
v -0.001829498 -0.03841111 0.137
v 0.00183009 -0.03840968 0.137
v 0.005472097 -0.03806092 0.137
v 0.00906479 -0.03736926 0.137
v 0.01257644 -0.03633897 0.137
v 0.01597365 -0.03497756 0.137
v 0.01922474 -0.03329931 0.137
v 0.02230227 -0.03132323 0.137
v 0.02518143 -0.02906696 0.137
v 0.02783327 -0.02654351 0.137
v 0.030226 -0.0237733 0.137
v 0.03233829 -0.02078649 0.137
v 0.03415776 -0.01761398 0.137
v 0.03567853 -0.01428916 0.137
v 0.03689718 -0.01084272 0.137
v 0.03777714 -0.007298105 0.137
v 0.03830368 -0.003703085 0.137
v 0.03770655 0.007174652 0.137
v 0.03799967 0.005361191 0.137
v 0.03631172 0.01251822 0.137
v 0.03495889 0.01593658 0.137
v 0.03328613 0.01919706 0.137
v 0.03131319 0.02227964 0.137
v 0.02905807 0.02516429 0.137
v 0.02653614 0.02781959 0.137
v 0.02377291 0.0302208 0.137
v 0.02079228 0.03234721 0.137
v 0.01762058 0.03417562 0.137
v 0.01429089 0.03569204 0.137
v 0.01083369 0.0368881 0.137
v 0.007279131 0.03775268 0.137
v 0.003659224 0.03827724 0.137
v 5.495424e-06 0.0384568 0.137
v -0.00365031 0.03828565 0.137
v -0.007272911 0.03776008 0.137
v -0.01082622 0.0368899 0.137
v -0.01428218 0.03569194 0.137
v -0.01761307 0.03417461 0.137
v -0.02078512 0.03234553 0.137
v -0.02376644 0.03022265 0.137
v -0.02653307 0.02782959 0.137
v -0.02906284 0.02518565 0.137
v -0.03132797 0.02230899 0.137
v -0.03330459 0.01922816 0.137
v -0.03497905 0.01597437 0.137
v -0.0363383 0.01257727 0.137
v -0.03737041 0.00906684 0.137
v -0.03806387 0.005473097 0.137
v -0.03841015 0.001829749 0.137
v -0.03840835 -0.001828952 0.137
v -0.03806033 -0.005471135 0.137
v -0.03736797 -0.009064491 0.137
v -0.03633694 -0.01257571 0.137
v -0.03497767 -0.01597287 0.137
v -0.03330347 -0.0192262 0.137
v -0.03132806 -0.02230707 0.137
v -0.02906577 -0.02518567 0.137
v -0.02653769 -0.02783298 0.137
v -0.02377049 -0.03022687 0.137
v -0.02078957 -0.03234862 0.137
v -0.01762039 -0.03417846 0.137
v -0.01429168 -0.03569866 0.137
v -0.01083399 -0.03689596 0.137
v -0.007278099 -0.03775992 0.137
v -0.003655468 -0.03828154 0.137
v 4.358297e-07 -0.03845487 0.137
v 0.003655433 -0.03827934 0.137
v 0.007276822 -0.03775858 0.137
v 0.01083316 -0.0368969 0.137
v 0.01429179 -0.03569968 0.137
v 0.01761978 -0.03417774 0.137
v 0.02078747 -0.03234804 0.137
v 0.02376904 -0.03022976 0.137
v 0.02653847 -0.02783786 0.137
v 0.02906418 -0.02518757 0.137
v 0.03131889 -0.02230545 0.137
v 0.03328644 -0.01922216 0.137
v 0.03495685 -0.01596912 0.137
v 0.03632782 -0.01258043 0.137
v 0.03738172 -0.00907952 0.137
v 0.03808748 -0.005508106 0.137
v 0.03821432 0.003545687 0.137
v 0.0384166 -0.001888989 0.137
v 0.03842835 -7.581371e-05 0.137
v 0.03635067 0.004177667 0.137
v 0.03650403 -0.004426376 0.137
v 0.03651774 0.002443996 0.137
v 0.03371775 0.01439087 0.137
v 0.03219603 0.01754467 0.137
v 0.03038475 0.0205331 0.137
v 0.02830317 0.0233427 0.137
v 0.02595971 0.02594122 0.137
v 0.02337815 0.0282986 0.137
v 0.02058422 0.03040009 0.137
v 0.01759668 0.03221811 0.137
v 0.01445098 0.0337366 0.137
v 0.01117838 0.03495463 0.137
v 0.00780602 0.03586127 0.137
v 0.004364531 0.03644665 0.137
v 0.0008829703 0.03670547 0.137
v -0.002609176 0.03663083 0.137
v -0.006079215 0.03621103 0.137
v -0.00948833 0.03545307 0.137
v -0.01281106 0.03438421 0.137
v -0.01602614 0.03301458 0.137
v -0.01909914 0.03134248 0.137
v -0.02199389 0.029382 0.137
v -0.02468813 0.02716081 0.137
v -0.02716575 0.0247001 0.137
v -0.02939797 0.02200857 0.137
v -0.03135365 0.01911101 0.137
v -0.03302326 0.016042 0.137
v -0.03439624 0.01282973 0.137
v -0.03546139 0.009503572 0.137
v -0.03620699 0.006089635 0.137
v -0.03661968 0.002619372 0.137
v -0.03669879 -0.0008722952 0.137
v -0.03644892 -0.004355586 0.137
v -0.03587026 -0.007801024 0.137
v -0.03496572 -0.01117601 0.137
v -0.03374524 -0.0144492 0.137
v -0.03222234 -0.01759242 0.137
v -0.03041039 -0.02057927 0.137
v -0.02831872 -0.02338103 0.137
v -0.02596375 -0.02596532 0.137
v -0.02337459 -0.02831021 0.137
v -0.02057744 -0.03040164 0.137
v -0.01759425 -0.03222043 0.137
v -0.01445142 -0.03374702 0.137
v -0.01117859 -0.03496819 0.137
v -0.007804928 -0.03587446 0.137
v -0.004359215 -0.0364561 0.137
v -0.0008730679 -0.0367046 0.137
v 0.002619568 -0.0366184 0.137
v 0.006086978 -0.03620273 0.137
v 0.009500457 -0.03546256 0.137
v 0.0128295 -0.03439941 0.137
v 0.01604034 -0.03302076 0.137
v 0.0191038 -0.03134411 0.137
v 0.02199665 -0.02939155 0.137
v 0.02469746 -0.02717821 0.137
v 0.02717222 -0.02470856 0.137
v 0.02938592 -0.02200534 0.137
v 0.03132545 -0.01910244 0.137
v 0.03298552 -0.01603006 0.137
v 0.03436957 -0.01282413 0.137
v 0.03548029 -0.009514823 0.137
v 0.03492905 0.01108244 0.137
v 0.03436299 0.012754 0.137
v 0.0362396 -0.006123432 0.137
v 0.03580731 0.007656638 0.137
v 0.03541253 0.009383971 0.137
v 0.03299263 0.01598432 0.137
v 0.03132434 0.01905888 0.137
v 0.02937719 0.02196195 0.137
v 0.02716321 0.02467027 0.137
v 0.02469638 0.0271496 0.137
v 0.02200693 0.02938175 0.137
v 0.01911275 0.03134516 0.137
v 0.01604123 0.03301356 0.137
v 0.01282874 0.03438207 0.137
v 0.009502828 0.03544599 0.137
v 0.006092365 0.03619326 0.137
v 0.002627714 0.0366164 0.137
v -0.0008628327 0.03671047 0.137
v -0.004348623 0.03646411 0.137
v -0.007792438 0.03587173 0.137
v -0.01116014 0.03495491 0.137
v -0.01443243 0.03373607 0.137
v -0.01758164 0.03221496 0.137
v -0.02056944 0.03039546 0.137
v -0.02336593 0.02830115 0.137
v -0.02595444 0.0259591 0.137
v -0.02831428 0.02338202 0.137
v -0.03041076 0.02058296 0.137
v -0.03222386 0.01759587 0.137
v -0.0337467 0.01445158 0.137
v -0.03496678 0.01117904 0.137
v -0.03587418 0.007805815 0.137
v -0.03645435 0.00435931 0.137
v -0.03669945 0.0008743869 0.137
v -0.03661371 -0.002616443 0.137
v -0.03619951 -0.006084601 0.137
v -0.03545706 -0.009498872 0.137
v -0.03439302 -0.01282656 0.137
v -0.03301975 -0.01603806 0.137
v -0.03135132 -0.0191064 0.137
v -0.02939865 -0.02200489 0.137
v -0.02717214 -0.02470168 0.137
v -0.02469605 -0.02716787 0.137
v -0.0220001 -0.02938776 0.137
v -0.01910709 -0.03134544 0.137
v -0.01604051 -0.03302019 0.137
v -0.01282907 -0.03439532 0.137
v -0.009502406 -0.03546025 0.137
v -0.006089143 -0.03620557 0.137
v -0.002619015 -0.03662138 0.137
v 0.0008745128 -0.03670204 0.137
v 0.004358082 -0.03645021 0.137
v 0.007801843 -0.03587219 0.137
v 0.01117723 -0.03497037 0.137
v 0.0144512 -0.03374763 0.137
v 0.01759138 -0.03221717 0.137
v 0.02057191 -0.03040015 0.137
v 0.02337196 -0.02831715 0.137
v 0.02596523 -0.02597504 0.137
v 0.02831227 -0.0233839 0.137
v 0.03038917 -0.02057633 0.137
v 0.03218899 -0.01758446 0.137
v 0.03371022 -0.01444092 0.137
v 0.03496429 -0.01118418 0.137
v 0.03590411 -0.00782244 0.137
v 0.03611738 0.00591763 0.137
v 0.03663176 0.0007230466 0.137
v 0.0366646 -0.002707864 0.137
v 0.03425752 0.006398898 0.137
v 0.02748814 0.02157403 0.137
v 0.03303436 -0.01142737 0.137
v 0.03449909 0.004723073 0.137
v 0.0293993 0.01884218 0.137
v 0.03026205 0.0174183 0.137
v 0.03405954 -0.008258427 0.137
v 0.02847506 0.02022959 0.137
v 0.02532194 0.02411304 0.137
v 0.02291495 0.02642089 0.137
v 0.02030728 0.02849227 0.137
v 0.01750183 0.03029651 0.137
v 0.01453442 0.03180513 0.137
v 0.01144294 0.03303422 0.137
v 0.008251154 0.03397494 0.137
v 0.004987408 0.034615 0.137
v 0.001679524 0.03494846 0.137
v -0.001646252 0.03496695 0.137
v -0.004961226 0.03464951 0.137
v -0.008222811 0.03399027 0.137
v -0.0114061 0.03303613 0.137
v -0.01450168 0.0318089 0.137
v -0.01747548 0.03029067 0.137
v -0.02028109 0.02848429 0.137
v -0.02289628 0.0264255 0.137
v -0.02531542 0.02414527 0.137
v -0.0275139 0.02164117 0.137
v -0.02944248 0.01892228 0.137
v -0.03109752 0.01603378 0.137
v -0.03247553 0.01300218 0.137
v -0.03356435 0.009858476 0.137
v -0.03435676 0.006624881 0.137
v -0.03482922 0.00332698 0.137
v -0.03497895 2.781309e-06 0.137
v -0.03481827 -0.003319466 0.137
v -0.03434668 -0.006614753 0.137
v -0.03356121 -0.009851396 0.137
v -0.03247161 -0.01299726 0.137
v -0.03109288 -0.01602621 0.137
v -0.02944005 -0.01891443 0.137
v -0.02751774 -0.02163659 0.137
v -0.02533021 -0.02415399 0.137
v -0.02291101 -0.02644099 0.137
v -0.02029269 -0.02849327 0.137
v -0.01749232 -0.03029444 0.137
v -0.01453211 -0.03182039 0.137
v -0.01144176 -0.03305728 0.137
v -0.008249435 -0.03399813 0.137
v -0.004980752 -0.03463354 0.137
v -0.001663951 -0.0349504 0.137
v 0.001665985 -0.03494434 0.137
v 0.00497726 -0.03462398 0.137
v 0.008244324 -0.03399895 0.137
v 0.01144146 -0.03306508 0.137
v 0.01453191 -0.03182191 0.137
v 0.01748585 -0.03028882 0.137
v 0.02028327 -0.02849349 0.137
v 0.02291038 -0.02645826 0.137
v 0.02533406 -0.024172 0.137
v 0.02750033 -0.02164148 0.137
v 0.02940076 -0.01891199 0.137
v 0.0310406 -0.01601398 0.137
v 0.03242481 -0.01297887 0.137
v 0.03178086 0.01444623 0.137
v 0.03105589 0.01595145 0.137
v 0.03359469 -0.00986176 0.137
v 0.03669725 -0.0009877325 0.137
v 0.03468072 -0.005030021 0.137
v 0.03467372 0.003053056 0.137
v 0.03440925 -0.00663544 0.137
v 0.02643733 0.02286958 0.137
v 0.02414532 0.02529669 0.137
v 0.02163624 0.02748625 0.137
v 0.01892854 0.02943041 0.137
v 0.01603498 0.0310875 0.137
v 0.01300273 0.03245573 0.137
v 0.009857833 0.03354344 0.137
v 0.006625974 0.03433439 0.137
v 0.00333848 0.03482032 0.137
v 1.661039e-05 0.03499737 0.137
v -0.003307946 0.03485126 0.137
v -0.006602435 0.0343604 0.137
v -0.009825825 0.03354804 0.137
v -0.01296845 0.03245881 0.137
v -0.01600875 0.03108809 0.137
v -0.01890266 0.02942255 0.137
v -0.02161393 0.02748522 0.137
v -0.02413182 0.02531317 0.137
v -0.02644598 0.02292252 0.137
v -0.02851346 0.02030554 0.137
v -0.03030357 0.01749748 0.137
v -0.03182302 0.01453427 0.137
v -0.03305695 0.01144273 0.137
v -0.03399987 0.008251851 0.137
v -0.03463462 0.004981491 0.137
v -0.03494428 0.001665986 0.137
v -0.03493811 -0.001660406 0.137
v -0.03462283 -0.004972772 0.137
v -0.03399384 -0.008243075 0.137
v -0.03305452 -0.01143791 0.137
v -0.03181837 -0.0145285 0.137
v -0.03030053 -0.01748983 0.137
v -0.02851289 -0.02029861 0.137
v -0.02645543 -0.02292315 0.137
v -0.02414719 -0.02532661 0.137
v -0.02162596 -0.02749765 0.137
v -0.01891459 -0.02942769 0.137
v -0.01603073 -0.03109381 0.137
v -0.01300174 -0.03247625 0.137
v -0.009856919 -0.033566 0.137
v -0.006623191 -0.03435548 0.137
v -0.003326378 -0.0348329 0.137
v 1.321301e-06 -0.03498798 0.137
v 0.003325685 -0.03482356 0.137
v 0.006617982 -0.03435032 0.137
v 0.009854068 -0.03357161 0.137
v 0.01300238 -0.03248172 0.137
v 0.01602771 -0.0310909 0.137
v 0.01890585 -0.02942307 0.137
v 0.02161988 -0.02750595 0.137
v 0.02415152 -0.02534697 0.137
v 0.02645078 -0.02293351 0.137
v 0.02848326 -0.02029936 0.137
v 0.03025223 -0.01748113 0.137
v 0.03176114 -0.01450724 0.137
v 0.03301575 0.01132758 0.137
v 0.03351839 0.009717356 0.137
v 0.03480174 0.001400538 0.137
v 0.03243598 0.0129094 0.137
v 0.03393301 0.008068633 0.137
v 0.03495149 -0.003452949 0.137
v 0.02353284 0.02349658 0.137
v 0.0326447 -0.00706427 0.137
v 0.02119087 0.02562787 0.137
v 0.02238244 0.02459099 0.137
v 0.02462571 0.02233611 0.137
v 0.0304921 -0.01303685 0.137
v 0.01867859 0.02755426 0.137
v 0.02983405 -0.01449995 0.137
v 0.01596072 0.02919522 0.137
v 0.01310142 0.0305446 0.137
v 0.01013306 0.03164635 0.137
v 0.007077691 0.03247382 0.137
v 0.003965594 0.03301768 0.137
v 0.0008155584 0.03327431 0.137
v -0.002343548 0.03322836 0.137
v -0.005484647 0.03283838 0.137
v -0.008554716 0.03210814 0.137
v -0.01156272 0.03113304 0.137
v -0.0144932 0.02991299 0.137
v -0.01729593 0.02839995 0.137
v -0.01991796 0.02660797 0.137
v -0.02235682 0.02459299 0.137
v -0.02461981 0.02239016 0.137
v -0.02666313 0.01996226 0.137
v -0.0284174 0.01732632 0.137
v -0.02992518 0.01454122 0.137
v -0.03116278 0.01162471 0.137
v -0.03213097 0.0086156 0.137
v -0.03281889 0.005523235 0.137
v -0.03318503 0.002376323 0.137
v -0.033246 -0.0007840607 0.137
v -0.03302142 -0.003937656 0.137
v -0.0325009 -0.007061894 0.137
v -0.03167826 -0.01012174 0.137
v -0.03057098 -0.01308755 0.137
v -0.02919586 -0.01593764 0.137
v -0.02757092 -0.01865178 0.137
v -0.02568564 -0.02120391 0.137
v -0.02353735 -0.0235392 0.137
v -0.02118125 -0.02564914 0.137
v -0.01864785 -0.02754295 0.137
v -0.015944 -0.02919532 0.137
v -0.01309405 -0.0305774 0.137
v -0.01012892 -0.03168317 0.137
v -0.007074659 -0.03250919 0.137
v -0.003952158 -0.03304391 0.137
v -0.0007896833 -0.03326661 0.137
v 0.002374532 -0.03317873 0.137
v 0.005512507 -0.03279874 0.137
v 0.008604763 -0.03213984 0.137
v 0.01162614 -0.03117989 0.137
v 0.01453188 -0.02991954 0.137
v 0.01730163 -0.02838949 0.137
v 0.01992181 -0.02662691 0.137
v 0.02238893 -0.02465731 0.137
v 0.02464456 -0.02242926 0.137
v 0.02662019 -0.01995994 0.137
v 0.02834699 -0.01730815 0.137
v 0.02912094 -0.01592279 0.137
v 0.02564791 0.0211166 0.137
v 0.002394889 0.03318511 0.137
v 0.03284249 0.003581451 0.137
v 0.02835767 0.01720734 0.137
v 0.01734049 0.028415 0.137
v 0.03242725 0.006816178 0.137
v 0.03491331 -0.000226887 0.137
v 0.03168945 -0.01008154 0.137
v 0.03284501 -0.005510957 0.137
v 0.0199615 0.02661941 0.137
v 0.01454456 0.02990102 0.137
v 0.01162918 0.03112857 0.137
v 0.008614971 0.03209461 0.137
v 0.005526724 0.03278116 0.137
v -0.0007635831 0.03329306 0.137
v -0.003917739 0.03308193 0.137
v -0.007030454 0.03250938 0.137
v -0.01006593 0.03164852 0.137
v -0.0130369 0.0305562 0.137
v -0.01591327 0.02919458 0.137
v -0.01862961 0.0275347 0.137
v -0.02115896 0.02562442 0.137
v -0.02351027 0.02351456 0.137
v -0.02567653 0.02120836 0.137
v -0.02757514 0.01866547 0.137
v -0.0292028 0.01595306 0.137
v -0.03057925 0.01309721 0.137
v -0.03167916 0.01013117 0.137
v -0.03251373 0.007079992 0.137
v -0.03304284 0.003954146 0.137
v -0.0332515 0.0007971314 0.137
v -0.03316924 -0.002362203 0.137
v -0.03279933 -0.005504509 0.137
v -0.03212646 -0.008601497 0.137
v -0.03115875 -0.01161711 0.137
v -0.02991581 -0.01452806 0.137
v -0.02841502 -0.01731249 0.137
v -0.02666466 -0.01995183 0.137
v -0.02464281 -0.02240168 0.137
v -0.02238316 -0.02462108 0.137
v -0.01993692 -0.02662372 0.137
v -0.01731686 -0.02840144 0.137
v -0.01453549 -0.02992076 0.137
v -0.0116245 -0.03116479 0.137
v -0.008611832 -0.0321316 0.137
v -0.005521167 -0.03281489 0.137
v -0.002373585 -0.03319549 0.137
v 0.0007941157 -0.0332605 0.137
v 0.003948103 -0.03302373 0.137
v 0.007064487 -0.03250554 0.137
v 0.01012711 -0.03170005 0.137
v 0.013095 -0.0305857 0.137
v 0.0159345 -0.0291856 0.137
v 0.01863007 -0.02753386 0.137
v 0.02117578 -0.02567014 0.137
v 0.02355133 -0.02358022 0.137
v 0.02566717 -0.02122014 0.137
v 0.02751307 -0.01865512 0.137
v 0.03225893 -0.008618512 0.137
v 0.0298676 0.01441663 0.137
v 0.03164231 0.009968442 0.137
v 0.02751026 0.0185483 0.137
v 0.03296662 0.001966215 0.137
v 0.03052473 0.01297333 0.137
v 0.03111735 0.01148985 0.137
v 0.02914468 0.01583046 0.137
v 0.03110556 -0.0115639 0.137
v 0.0331034 -0.003973808 0.137
v 0.02660653 0.0198525 0.137
v 0.03267477 0.005198338 0.137
v -0.01020766 0.02975653 0.137
v 0.03502871 -0.001820488 0.137
v 0.03103759 -0.006014747 0.137
v 0.03208337 0.008415083 0.137
v 0.01952979 0.02477386 0.137
v -0.004435361 0.03132683 0.137
v 0.03089588 0.005621368 0.137
v 0.02287318 0.02175643 0.137
v 0.01449161 0.02802668 0.137
v 0.02566553 -0.01834175 0.137
v 0.0310385 0.004060533 0.137
v 0.01174426 0.02923165 0.137
v 0.008898609 0.0302195 0.137
v 0.005981891 0.030941 0.137
v 0.007446809 0.03061432 0.137
v 3.395381e-05 0.03160694 0.137
v -0.002949204 0.03150821 0.137
v -0.001461787 0.03159955 0.137
v -0.007347818 0.03064428 0.137
v -0.008780589 0.03022114 0.137
v -0.01302967 0.02868793 0.137
v -0.01574937 0.02733932 0.137
v -0.01828022 0.02567691 0.137
v -0.02063236 0.02379815 0.137
v -0.02283325 0.02176732 0.137
v -0.02487119 0.01956348 0.137
v -0.02657029 0.01708933 0.137
v -0.02805769 0.0144811 0.137
v -0.02929177 0.01172989 0.137
v -0.03026612 0.008896245 0.137
v -0.03101284 0.00598833 0.137
v -0.03143164 0.003008673 0.137
v -0.03154173 1.516155e-05 0.137
v -0.03139611 -0.002978115 0.137
v -0.03098452 -0.005952795 0.137
v -0.03027058 -0.008877912 0.137
v -0.02928134 -0.0117155 0.137
v -0.02804037 -0.01445183 0.137
v -0.02657072 -0.01706594 0.137
v -0.02487361 -0.01954785 0.137
v -0.02288001 -0.02181411 0.137
v -0.02067275 -0.02384539 0.137
v -0.01831086 -0.02569151 0.137
v -0.01578592 -0.02732898 0.137
v -0.01310905 -0.02870375 0.137
v -0.01032045 -0.02981604 0.137
v -0.007443858 -0.03066932 0.137
v -0.004498763 -0.03125998 0.137
v -0.001499558 -0.03154728 0.137
v 0.001504552 -0.03152257 0.137
v 0.004486912 -0.03121993 0.137
v 0.007428306 -0.03067687 0.137
v 0.01032437 -0.02985417 0.137
v 0.01310549 -0.02871156 0.137
v 0.01576158 -0.02730483 0.137
v 0.01828096 -0.02567568 0.137
v 0.02067712 -0.02388946 0.137
v 0.02290344 -0.02188142 0.137
v 0.02480505 -0.01956844 0.137
v 0.02386777 0.02060862 0.137
v 0.02919108 -0.01159374 0.137
v 0.02857964 -0.01302793 0.137
v 0.003025046 0.031413 0.137
v 0.03063722 0.007178283 0.137
v 0.01836287 0.02571214 0.137
v 0.0206669 0.02380799 0.137
v 0.03321518 -0.001188024 0.137
v 0.03122171 -0.004386107 0.137
v 0.02797833 0.01429795 0.137
v 0.01313255 0.02865302 0.137
v 0.01033249 0.0297569 0.137
v 0.02977574 0.01013209 0.137
v 0.004508147 0.03120771 0.137
v 0.02647478 -0.01707414 0.137
v -0.005906011 0.03102599 0.137
v -0.01162391 0.02924845 0.137
v -0.01440821 0.02805581 0.137
v -0.01704036 0.02654033 0.137
v -0.01947631 0.02476085 0.137
v -0.02174899 0.02279853 0.137
v -0.0238813 0.02070278 0.137
v -0.0257606 0.01834519 0.137
v -0.02733524 0.01580062 0.137
v -0.02871103 0.01311908 0.137
v -0.02980398 0.01031998 0.137
v -0.03067251 0.007453024 0.137
v -0.03126407 0.004501791 0.137
v -0.03151774 0.001511735 0.137
v -0.03150079 -0.00148244 0.137
v -0.03122667 -0.004468139 0.137
v -0.03066331 -0.007425149 0.137
v -0.02980673 -0.0103079 0.137
v -0.02869099 -0.01309727 0.137
v -0.02732989 -0.01577367 0.137
v -0.02575339 -0.01832412 0.137
v -0.02390812 -0.02071216 0.137
v -0.02179473 -0.02285204 0.137
v -0.01950928 -0.02479068 0.137
v -0.01706853 -0.02653947 0.137
v -0.01446239 -0.0280491 0.137
v -0.01172703 -0.02929048 0.137
v -0.008890893 -0.03027369 0.137
v -0.00597957 -0.03099717 0.137
v -0.003003045 -0.03144166 0.137
v 3.642323e-06 -0.03156942 0.137
v 0.002999456 -0.03140304 0.137
v 0.005962266 -0.03097489 0.137
v 0.008885043 -0.03030418 0.137
v 0.01173024 -0.02931602 0.137
v 0.01444851 -0.02803862 0.137
v 0.01703711 -0.02651371 0.137
v 0.01949236 -0.02480105 0.137
v 0.02182511 -0.0229319 0.137
v 0.02389899 -0.02075654 0.137
v 0.03036391 -0.008731732 0.137
v 0.01582487 0.02735036 0.137
v 0.001532796 0.03154909 0.137
v 0.02648352 0.01691857 0.137
v 0.03107385 -0.007477997 0.137
v 0.03114846 0.002484619 0.137
v 0.02863371 0.01294275 0.137
v 0.02722906 -0.01576783 0.137
v 0.02725958 0.01562457 0.137
v 0.02792957 -0.01442391 0.137
v 0.03355026 -0.002591132 0.137
v 0.02478066 0.01940963 0.137
v 0.01712741 0.02658339 0.137
v 0.03307488 0.0003644221 0.137
v 0.02977717 -0.01015372 0.137
v 0.009111272 0.02835191 0.137
v 0.02304343 -0.01915191 0.137
v 0.02179473 0.02282144 0.137
v 0.01793073 0.02388208 0.137
v 0.003558728 0.02962698 0.137
v 0.02222243 -0.02026664 0.137
v 0.02788282 -0.0101527 0.137
v 0.03025989 0.008678017 0.137
v -0.004854444 0.02958988 0.137
v 0.02565478 0.01818074 0.137
v 0.01180077 0.02734783 0.137
v -0.01161389 0.02739446 0.137
v -0.003452911 0.02983573 0.137
v 0.01310799 0.02677851 0.137
v -0.01426821 0.02625361 0.137
v 0.004959844 0.02938512 0.137
v -0.01670196 0.02470974 0.137
v -0.01896141 0.02294017 0.137
v -0.02108704 0.0210347 0.137
v -0.02403945 0.01799041 0.137
v -0.02549345 0.01558566 0.137
v -0.02688539 0.0130851 0.137
v -0.02794532 0.01043187 0.137
v -0.02882432 0.007737197 0.137
v -0.02950983 0.004976874 0.137
v -0.02978975 0.002154218 0.137
v -0.02981518 -0.000678376 0.137
v -0.02962751 -0.003503033 0.137
v -0.0291834 -0.006319966 0.137
v -0.02842282 -0.009069377 0.137
v -0.02742365 -0.01173398 0.137
v -0.0261908 -0.01430321 0.137
v -0.02477269 -0.01675613 0.137
v -0.02315233 -0.01909983 0.137
v -0.02116436 -0.02114209 0.137
v -0.01901688 -0.02299531 0.137
v -0.01675214 -0.02470706 0.137
v -0.01432135 -0.02621524 0.137
v -0.01175252 -0.02743903 0.137
v -0.009089163 -0.02843137 0.137
v -0.006353838 -0.02918085 0.137
v -0.003555547 -0.02969986 0.137
v -0.000704646 -0.02988456 0.137
v 0.002129755 -0.0297717 0.137
v 0.004941491 -0.02940687 0.137
v 0.007713361 -0.02888187 0.137
v 0.01044504 -0.02803229 0.137
v 0.01302712 -0.02685844 0.137
v 0.01550829 -0.02544331 0.137
v 0.01786864 -0.02384108 0.137
v 0.02015287 -0.02217395 0.137
v 0.02124342 -0.02130352 0.137
v 0.01046622 0.02787555 0.137
v -0.01025903 0.0278768 0.137
v 0.02464375 -0.01680216 0.137
v 0.02217786 0.02008361 0.137
v 0.02923255 0.01155329 0.137
v -0.02314112 0.01911058 0.137
v -0.01551895 0.02552008 0.137
v 0.02386105 -0.01799497 0.137
v 0.02927387 0.004514436 0.137
v 0.02729377 -0.01158718 0.137
v 0.02843537 0.008824023 0.137
v 0.02118507 0.02114488 0.137
v 0.02889917 0.007476843 0.137
v 0.02920394 0.006003843 0.137
v 0.0312462 0.0008822849 0.137
v 0.01899745 0.02294648 0.137
v 0.002160445 0.02981757 0.137
v -0.0006776881 0.02996801 0.137
v 0.02849431 -0.008672971 0.137
v 0.0279255 0.01017844 0.137
v 0.02934199 -0.005153009 0.137
v 0.02463862 0.01656406 0.137
v 0.02008802 0.02203423 0.137
v 0.01686802 0.02480599 0.137
v -0.01295473 0.02687504 0.137
v -0.002079795 0.02991574 0.137
v -0.008895703 0.02833236 0.137
v -0.007531841 0.02876359 0.137
v -0.006181959 0.02917641 0.137
v 0.007737826 0.02876059 0.137
v -0.01784932 0.02384764 0.137
v -0.02003941 0.02199845 0.137
v -0.02211975 0.02006719 0.137
v -0.02475785 0.01679068 0.137
v -0.02621412 0.01435597 0.137
v -0.02745959 0.01176822 0.137
v -0.02840222 0.009091015 0.137
v -0.029213 0.006374851 0.137
v -0.02969608 0.00356297 0.137
v -0.0298302 0.0007401466 0.137
v -0.02975085 -0.002091267 0.137
v -0.02944878 -0.004914166 0.137
v -0.02884188 -0.007707461 0.137
v -0.02795294 -0.01041315 0.137
v -0.02683933 -0.01303456 0.137
v -0.0255011 -0.01554487 0.137
v -0.02401067 -0.01795156 0.137
v -0.02219024 -0.02016141 0.137
v -0.0201105 -0.02208865 0.137
v -0.01790408 -0.02387061 0.137
v -0.01556323 -0.02549817 0.137
v -0.01304965 -0.02686189 0.137
v -0.01043508 -0.02796895 0.137
v -0.00772909 -0.02883762 0.137
v -0.004966848 -0.02947999 0.137
v -0.0021312 -0.02984137 0.137
v 0.0007142888 -0.02986232 0.137
v 0.003542855 -0.02962112 0.137
v 0.006329751 -0.02916355 0.137
v 0.009098867 -0.02851879 0.137
v 0.01174808 -0.02747753 0.137
v 0.01428647 -0.02618351 0.137
v 0.01670014 -0.02465555 0.137
v 0.01902594 -0.02301986 0.137
v 0.03161368 -0.002580812 0.137
v 0.03136649 -0.0007770366 0.137
v 0.02611614 0.01409494 0.137
v 0.0007471802 0.02993559 0.137
v 0.02536741 -0.01556427 0.137
v 0.02924686 -0.007012131 0.137
v 0.01439319 0.02618894 0.137
v 0.02934242 0.003000047 0.137
v 0.02677199 0.01282093 0.137
v 0.02540245 0.0153413 0.137
v 0.02669306 -0.01297199 0.137
v 0.006353603 0.02910076 0.137
v 0.02299803 0.01892719 0.137
v -0.02052998 -0.01949627 0.137
v 0.02065978 0.01963944 0.137
v 0.02654742 -0.008775351 0.137
v 0.02951348 -0.003446945 0.137
v 0.0260546 -0.0142904 0.137
v 0.01857204 -0.02127932 0.137
v -0.01940343 0.02020943 0.137
v -0.0277051 -0.005284104 0.137
v -0.003883797 0.02833203 0.137
v -0.01285253 0.02515517 0.137
v 0.01181612 0.02547481 0.137
v 0.003983946 0.0278331 0.137
v -0.01734326 0.02204559 0.137
v -0.01627044 0.02290768 0.137
v -0.01838439 0.02114062 0.137
v 0.01743919 -0.02201438 0.137
v -0.0229723 0.01649069 0.137
v -0.02437673 0.01415299 0.137
v -0.0257083 0.0117664 0.137
v -0.02653993 0.009213222 0.137
v -0.02738395 0.006647334 0.137
v -0.02802175 0.004043705 0.137
v -0.02778875 0.005382584 0.137
v -0.02812149 0.001408685 0.137
v -0.02142578 0.01837882 0.137
v -0.0280831 -0.001282524 0.137
v -0.02789014 -0.003941148 0.137
v -0.02807087 0.002732801 0.137
v -0.02702432 -0.00790163 0.137
v -0.02611632 -0.01044219 0.137
v -0.02501831 -0.01290985 0.137
v -0.02369763 -0.01525993 0.137
v -0.02238053 -0.01756513 0.137
v -0.02150268 -0.01861434 0.137
v -0.01848331 -0.02124475 0.137
v -0.01636823 -0.02289717 0.137
v -0.01413341 -0.02443902 0.137
v -0.01170201 -0.02561481 0.137
v -0.009219008 -0.02662183 0.137
v -0.006641646 -0.02737076 0.137
v -0.004036277 -0.02798085 0.137
v -0.00133314 -0.02823971 0.137
v 0.001334356 -0.0281411 0.137
v 0.004005625 -0.02782077 0.137
v 0.006631362 -0.02737163 0.137
v 0.009258219 -0.0267868 0.137
v 0.01166143 -0.02566407 0.137
v 0.0140507 -0.02435246 0.137
v 0.01631226 -0.02279575 0.137
v -0.01156224 0.0255805 0.137
v 0.02737444 0.01151455 0.137
v -0.01025701 0.02601632 0.137
v 0.02753073 -0.005772837 0.137
v -0.02799584 -0.002609623 0.137
v 0.02382926 0.01775973 0.137
v -0.02249756 0.01767513 0.137
v 0.0259697 -0.01018791 0.137
v -0.02813627 6.272867e-05 0.137
v 0.01566186 0.02559471 0.137
v 0.02129244 -0.0187187 0.137
v 0.02716539 -0.00735277 0.137
v 0.01736242 0.02206552 0.137
v 0.01966322 -0.02049495 0.137
v -0.008934531 0.02644916 0.137
v 0.02353008 -0.01534205 0.137
v 0.02961053 -0.001787179 0.137
v -0.001332055 0.0283332 0.137
v 0.00265162 0.02805031 0.137
v -0.002625194 0.02818309 0.137
v 0.0228671 -0.01652016 0.137
v -0.007602015 0.02687854 0.137
v 0.01054653 0.02600176 0.137
v 0.01952221 0.02027695 0.137
v 0.02944313 0.001455644 0.137
v 0.007962276 0.02692657 0.137
v -0.02041253 0.01927246 0.137
v -0.006274009 0.027298 0.137
v -0.004994781 0.02774181 0.137
v -0.02365327 0.0153193 0.137
v -0.02510955 0.01301013 0.137
v -0.02611293 0.01048809 0.137
v -0.02696544 0.007926808 0.137
v 0.02427898 0.01381065 0.137
v 0.02282373 0.0161767 0.137
v -0.02741418 -0.00661125 0.137
v -0.02659219 -0.009179782 0.137
v -0.02559991 -0.01168476 0.137
v -0.02436808 -0.01409812 0.137
v -0.0230452 -0.01642047 0.137
v -0.01951841 -0.02037671 0.137
v -0.01742656 -0.02207323 0.137
v -0.01527881 -0.02369812 0.137
v -0.01292623 -0.02507007 0.137
v -0.01047689 -0.02614093 0.137
v -0.007930493 -0.02702177 0.137
v -0.005344709 -0.02768564 0.137
v -0.002689335 -0.02816493 0.137
v 4.261173e-06 -0.0282009 0.137
v 0.002675435 -0.02802288 0.137
v 0.005319621 -0.02758022 0.137
v 0.007948363 -0.02719547 0.137
v 0.01045555 -0.02622461 0.137
v 0.01287069 -0.02504629 0.137
v 0.01519081 -0.02358656 0.137
v 0.02954817 -0.0001393732 0.137
v 0.02760358 -0.004168191 0.137
v 0.02755976 0.005013822 0.137
v 0.01306389 0.02491335 0.137
v 1.56709e-05 0.0284096 0.137
v 0.02753875 0.003532996 0.137
v 0.02494978 0.01261703 0.137
v 0.02358121 0.01499803 0.137
v 0.02542367 -0.01156719 0.137
v -0.01518147 0.02372614 0.137
v 0.02072908 -0.01983716 0.137
v 0.009264568 0.026499 0.137
v 0.005325228 0.02756611 0.137
v 0.01635462 0.02301766 0.137
v 0.02122713 0.01845981 0.137
v 0.02709524 0.007535089 0.137
v 0.02662975 0.008818221 0.137
v -0.02255461 0.01387421 0.137
v 0.02771198 0.006382501 0.137
v 0.02210296 -0.01767763 0.137
v 0.02420563 -0.01413587 0.137
v -0.01027259 0.02416099 0.137
v -0.02179167 0.01510442 0.137
v 0.02587612 -0.006224206 0.137
v -0.02429271 -0.01040772 0.137
v -0.006292049 0.02544233 0.137
v 0.0171134 -0.02013997 0.137
v -0.02430392 0.01056746 0.137
v -0.01576504 0.0211494 0.137
v 0.008199638 -0.0257271 0.137
v 0.006641939 0.02727497 0.137
v 0.003150748 -0.02627841 0.137
v -0.01490205 -0.02190825 0.137
v -0.02136855 -0.01612254 0.137
v -0.02602405 -0.005599425 0.137
v -0.01408833 0.02451904 0.137
v -0.02414583 0.01179629 0.137
v 0.02023291 -0.01726595 0.137
v -0.02330625 0.01272967 0.137
v -0.01876487 0.01841609 0.137
v 0.01480047 -0.02172593 0.137
v 0.02459141 -0.008819191 0.137
v -0.01896912 -0.01869004 0.137
v -0.02510373 0.008053415 0.137
v 0.01372286 -0.02252009 0.137
v -0.02477012 -0.009219443 0.137
v -0.02523058 -0.008014026 0.137
v -0.02323626 -0.01275631 0.137
v -0.02190816 -0.01497223 0.137
v -0.01588694 -0.02108541 0.137
v -0.01690762 -0.0203033 0.137
v -0.01277386 -0.02338089 0.137
v -0.01043122 -0.02430882 0.137
v -0.008072532 -0.02527454 0.137
v -0.005620847 -0.02587649 0.137
v -0.003188668 -0.02655626 0.137
v -0.0006345002 -0.02657914 0.137
v 0.001867438 -0.02644588 0.137
v 0.006963405 -0.02564847 0.137
v 0.01030861 -0.0244151 0.137
v 0.01266826 -0.02329815 0.137
v 0.00135958 0.02827829 0.137
v -0.02563918 -0.006799621 0.137
v 0.01842078 0.02113152 0.137
v 0.01593511 -0.02091291 0.137
v -0.02624012 -0.004315348 0.137
v 0.02201361 0.01732679 0.137
v 0.02515141 -0.007452035 0.137
v 0.005675467 -0.02573216 0.137
v -0.01280436 0.02362383 0.137
v 0.02597623 0.005890249 0.137
v -0.02648784 0.0007667414 0.137
v -0.001819212 0.02648929 0.137
v 0.0223474 -0.01397154 0.137
v -0.008964048 0.02456986 0.137
v 0.01928865 0.01831636 0.137
v 0.02484785 -0.01288026 0.137
v 0.02574299 -0.004787198 0.137
v -0.02635095 0.003291873 0.137
v 0.02167928 -0.01514122 0.137
v 0.002990733 0.02632118 0.137
v 0.02126059 -0.01636575 0.137
v -0.007642728 0.0249984 0.137
v 0.006860063 0.02550007 0.137
v -0.01677303 0.02027304 0.137
v -0.004891771 0.02588552 0.137
v 0.02104115 0.01580966 0.137
v 0.01832836 -0.01962251 0.137
v -0.01776217 0.01936119 0.137
v 0.0156792 0.02128898 0.137
v -0.02466957 0.009314544 0.137
v -0.01982099 0.01744942 0.137
v -0.02637077 0.002032461 0.137
v -0.02383819 -0.01158991 0.137
v -0.02254004 -0.01384716 0.137
v 0.02542691 0.00741138 0.137
v -0.01391544 -0.02272626 0.137
v -0.01797216 -0.0195597 0.137
v 0.02612308 0.01011375 0.137
v -0.01159712 -0.02383681 0.137
v -0.009294662 -0.02484291 0.137
v -0.006846253 -0.0255613 0.137
v -0.004405092 -0.02622398 0.137
v -0.001889079 -0.02667997 0.137
v 0.000615926 -0.02647981 0.137
v 0.004393888 -0.02596686 0.137
v 0.0224624 0.01345444 0.137
v 0.009187208 -0.02501361 0.137
v 0.01150276 -0.02392848 0.137
v 0.02785361 -0.001040306 0.137
v -0.01155425 0.02379813 0.137
v 0.02556508 0.01138873 0.137
v 0.01059896 0.02413271 0.137
v -0.02625679 -0.003051706 0.137
v 0.02761884 0.002022213 0.137
v -0.02631851 -0.001792942 0.137
v 0.01180591 0.02362632 0.137
v -0.0006085519 0.02696096 0.137
v 0.02577916 0.004186124 0.137
v 0.02312879 0.0123112 0.137
v 0.0218362 0.01463982 0.137
v 0.02408208 -0.01020714 0.137
v -0.01471994 0.02198072 0.137
v -0.02104232 0.01648395 0.137
v 0.008141539 0.02512825 0.137
v -0.02646326 -0.0005403571 0.137
v 0.01937424 -0.01857181 0.137
v -0.02553874 0.006790264 0.137
v -0.01988723 -0.01786114 0.137
v -0.02653536 0.004485908 0.137
v 0.01678517 0.02026235 0.137
v 0.01431625 0.02438311 0.137
v 0.004337367 0.02606763 0.137
v 0.02773028 -0.002583453 0.137
v -0.003415702 0.02648246 0.137
v -0.02322424 0.00818191 0.137
v -0.01346409 -0.02099666 0.137
v 0.01796121 0.019275 0.137
v -0.01368672 0.02278422 0.137
v 0.001684883 0.02645644 0.137
v -0.02068529 -0.01359425 0.137
v 0.01457655 0.02246261 0.137
v -0.0224532 -0.01036412 0.137
v 0.02599295 -0.001690637 0.137
v 0.007723916 -0.0241644 0.137
v -6.843945e-05 -0.02480674 0.137
v 0.02582823 -0.003227922 0.137
v 0.02014229 0.01693965 0.137
v -0.01042472 0.02229644 0.137
v 0.006235592 -0.02390723 0.137
v -0.02138349 -0.01243323 0.137
v -0.02597181 0.00556588 0.137
v -0.01760748 -0.01802148 0.137
v 0.01553508 0.02402333 0.137
v -0.0227676 0.009516617 0.137
v 0.02487188 0.008711829 0.137
v -0.01905773 0.01571149 0.137
v -0.0229126 -0.009203723 0.137
v -0.02083195 0.0135484 0.137
v -0.02346644 -0.008074788 0.137
v -0.01032638 -0.02245785 0.137
v -0.01151555 -0.02210618 0.137
v -0.02094434 -0.01725279 0.137
v -0.01805615 0.01667661 0.137
v -0.01436108 -0.02010195 0.137
v -0.01537065 -0.01927726 0.137
v -0.00141071 -0.0005969065 0.137
v 0.0005338449 -0.0008286971 0.137
v -0.0002090099 0.0009710928 0.137
v -0.01646349 -0.01857232 0.137
v -0.007039798 -0.02375233 0.137
v -0.003469553 -0.02485894 0.137
v -0.001279193 -0.02502986 0.137
v 0.001835799 0.0008203097 0.137
v 0.0008749414 0.002713889 0.137
v -0.001891423 0.02461483 0.137
v 0.0243087 0.006233982 0.137
v -0.02225582 -0.01154696 0.137
v 0.009354837 0.02467134 0.137
v 0.0278011 0.0005243724 0.137
v -0.01997475 0.01466775 0.137
v 0.02305318 -0.01280969 0.137
v 0.01223152 -0.02153303 0.137
v -0.0224625 0.01101949 0.137
v -0.02479742 -0.004692461 0.137
v 0.005593455 0.02574057 0.137
v 0.004816135 -0.02406345 0.137
v -0.01269775 -0.02191614 0.137
v -0.01312966 0.02116102 0.137
v -0.02503775 0.0001565209 0.137
v 0.02048451 -0.01387881 0.137
v -0.006379213 0.02356373 0.137
v 0.001904842 0.0246983 0.137
v -0.02468862 0.001339543 0.137
v -0.02011366 -0.01486166 0.137
v 0.01407687 0.02041048 0.137
v 0.01927051 0.0151955 0.137
v 0.01571105 -0.01896638 0.137
v -0.01193299 0.0220018 0.137
v -0.01519147 0.01944268 0.137
v -0.005044219 0.02404037 0.137
v -0.01709563 0.01762689 0.137
v 0.02318802 -0.007394744 0.137
v 0.009423803 0.02299789 0.137
v 0.01735837 0.01744787 0.137
v 0.0172163 -0.01806099 0.137
v 0.01970144 -0.01538435 0.137
v -0.0245835 0.002684518 0.137
v 0.02358948 0.007387041 0.137
v -0.005820376 -0.02403933 0.137
v -0.009187584 -0.02298034 0.137
v -0.003533724 0.02444429 0.137
v 0.008846577 -0.02325362 0.137
v 0.003479357 -0.02438181 0.137
v -0.02375271 0.006916841 0.137
v -0.008229715 -0.02371236 0.137
v -0.004615367 -0.02441942 0.137
v -0.002415861 -0.02535183 0.137
v 0.02066118 0.01309671 0.137
v 0.02390364 -0.005764221 0.137
v 0.001179525 -0.02473127 0.137
v 0.02634936 -0.0003117388 0.137
v 0.0005677176 0.02694883 0.137
v 0.02119831 -0.01261238 0.137
v -0.02456896 -0.003512188 0.137
v 0.02576542 0.002583994 0.137
v -0.02453147 -0.002254488 0.137
v -0.02392263 -0.006890349 0.137
v 0.02364228 -0.01153672 0.137
v 0.01041883 0.02197615 0.137
v 2.132022e-05 0.02508047 0.137
v 0.02406773 0.004805604 0.137
v 0.02128794 0.01187898 0.137
v 0.02028248 0.01435918 0.137
v -0.009056133 0.02269529 0.137
v -0.01423441 0.02032155 0.137
v 0.00709643 0.02391659 0.137
v -0.02464786 -0.0009971467 0.137
v 0.02382509 0.0112139 0.137
v 0.01137859 -0.02241967 0.137
v 0.0226726 -0.008894554 0.137
v 0.01329635 -0.02072241 0.137
v 0.002362666 -0.02493052 0.137
v -0.01972333 -0.01624541 0.137
v -0.01824218 -0.01675 0.137
v -0.02470039 0.004176354 0.137
v 0.01837478 -0.01663662 0.137
v 0.01512662 0.01946393 0.137
v 0.0131522 0.02309377 0.137
v 0.003346481 0.02481763 0.137
v -0.02420419 0.005570365 0.137
v 0.002695172 -0.001508255 0.137
v 0.005818395 0.02387167 0.137
v 0.01833696 0.0163245 0.137
v 0.0101318 -0.02266919 0.137
v 0.01446779 -0.01987804 0.137
v -0.01615184 0.01855379 0.137
v 0.01629031 0.01849859 0.137
v -0.007628349 -0.02188843 0.137
v -0.02427773 -0.005728514 0.137
v 0.008160541 0.02324406 0.137
v -0.02162215 0.01229878 0.137
v -0.01817942 0.01402444 0.137
v 0.01298823 0.02132016 0.137
v -0.002357185 0.00132797 0.137
v -0.0216157 -0.007967753 0.137
v -0.02186214 0.006940759 0.137
v -0.01171396 0.02000368 0.137
v -0.01885756 -0.01348706 0.137
v -0.00771784 0.02311146 0.137
v 0.005348148 -0.02218531 0.137
v -0.02132375 0.008226702 0.137
v 0.00212588 -0.02301188 0.137
v 0.0141133 -0.01809487 0.137
v 0.02163764 -0.006123338 0.137
v 0.0128926 -0.01903036 0.137
v -0.01954612 -0.01205524 0.137
v -0.009006647 -0.02106571 0.137
v 0.01165567 -0.01983777 0.137
v -0.01272049 -0.01930812 0.137
v -0.01378162 -0.01829734 0.137
v -0.004752747 -0.0226468 0.137
v 0.003729609 -0.02246805 0.137
v 0.02411507 -0.002176277 0.137
v 0.0005054457 -0.0229902 0.137
v 0.02442439 0.009992638 0.137
v -0.02085799 0.009574386 0.137
v 0.0259345 0.001051347 0.137
v -0.01723722 0.01498769 0.137
v 0.007171034 -0.02215249 0.137
v -0.02263309 0.004555787 0.137
v 0.01657735 0.01561942 0.137
v -0.01456657 0.01782129 0.137
v 0.01937933 -0.01232621 0.137
v 0.01561068 0.01676659 0.137
v 0.02206036 -0.01160866 0.137
v -0.02304109 -0.004384864 0.137
v 0.02202207 -0.004497655 0.137
v 0.02256972 0.005874022 0.137
v -0.01045309 -0.02064703 0.137
v 0.02394411 -0.003913516 0.137
v 0.01255472 0.01969123 0.137
v 0.01881848 -0.01372787 0.137
v -0.01837545 -0.01499536 0.137
v -0.01502306 -0.01746366 0.137
v 0.008461526 0.02131195 0.137
v -0.02098624 -0.009218921 0.137
v -0.01288058 0.01959745 0.137
v -0.005119697 0.02213981 0.137
v -0.016326 0.01593784 0.137
v -0.01644964 -0.01686259 0.137
v -0.02053026 -0.0107165 0.137
v 0.02204356 0.01080641 0.137
v -0.000897832 0.002582437 0.137
v -0.009123759 0.02085769 0.137
v 0.01526141 -0.01702579 0.137
v -0.006126437 -0.02219969 0.137
v -0.0190876 0.01302558 0.137
v -0.01191514 -0.02054822 0.137
v -0.002379456 0.02271187 0.137
v -0.003460899 -0.02313281 0.137
v -0.0009387754 -0.02328784 0.137
v 0.02439957 -0.0003401183 0.137
v 0.003048898 0.02312994 0.137
v -0.002270242 -0.02384235 0.137
v -0.02260501 0.00585233 0.137
v 0.01877448 0.01316697 0.137
v -0.0004071675 0.004329753 0.137
v -0.02285624 0.001697254 0.137
v 0.0009082284 -0.00257984 0.137
v -0.0203918 0.0108823 0.137
v -0.0008484924 -0.002435032 0.137
v -3.891625e-05 -0.004207921 0.137
v 0.02392578 0.003201464 0.137
v -0.02283081 -0.002888797 0.137
v -0.02240269 -0.006982953 0.137
v 0.02224367 -0.01030276 0.137
v -0.0006281555 0.02277453 0.137
v 0.004529836 0.02421446 0.137
v 0.0194478 0.01150182 0.137
v -0.01362032 0.01861986 0.137
v 0.01047366 -0.02088808 0.137
v 0.02116425 -0.007684815 0.137
v -0.002775777 -0.002280077 0.137
v 0.01761002 -0.01466949 0.137
v -0.02276933 0.003172713 0.137
v 0.01759729 0.01441151 0.137
v 0.01328121 0.01831783 0.137
v 0.01189082 0.02206175 0.137
v -0.002336595 0.00355739 0.137
v -0.01046282 0.02046012 0.137
v -0.02282887 -0.001412458 0.137
v 0.008814408 -0.0214554 0.137
v -0.006435559 0.02167057 0.137
v 0.001233774 0.02281318 0.137
v -0.01700707 -0.01359209 0.137
v 0.01136348 0.02048573 0.137
v 0.01263759 -0.0174907 0.137
v 0.01476143 0.01788538 0.137
v -0.02260179 -0.005766231 0.137
v -0.003901629 0.02281338 0.137
v 0.02004817 -0.004953506 0.137
v -0.009262529 -0.0190361 0.137
v -0.02004569 0.01216228 0.137
v 0.006554427 0.02205406 0.137
v -0.01977994 -0.007656436 0.137
v 0.02312107 0.00866894 0.137
v 0.01679658 0.01259576 0.137
v 0.002870072 0.002803249 0.137
v -0.01744582 0.01239616 0.137
v -0.007785031 0.02123998 0.137
v -0.01997947 0.006831182 0.137
v -0.0006602001 -0.02142808 0.137
v 0.01642212 -0.01586347 0.137
v 0.003954629 0.0007571485 0.137
v -0.01760359 -0.01203694 0.137
v -0.01641148 0.01334669 0.137
v 0.0222386 -0.00281483 0.137
v -0.01942865 0.008262083 0.137
v 0.02169443 0.007385458 0.137
v 0.01130397 -0.01799754 0.137
v -0.003512663 -0.02130015 0.137
v 0.004277583 -0.02055739 0.137
v -0.02106611 0.002290423 0.137
v -0.002138049 -0.02210224 0.137
v -0.01199047 -0.01747458 0.137
v -0.01549252 0.01690838 0.137
v -0.009208311 0.01908797 0.137
v -0.02312205 0.0001485111 0.137
v 0.02040087 -0.01092437 0.137
v -0.02117636 -0.003612756 0.137
v -0.01665786 -0.01522927 0.137
v 0.02208544 0.004132739 0.137
v -0.02104406 -0.002167097 0.137
v -0.02094252 0.003803633 0.137
v -0.01098237 -0.01890256 0.137
v 0.006744219 0.01988651 0.137
v 0.004632698 0.02230268 0.137
v 0.01758146 0.01111761 0.137
v 0.01117262 0.01835394 0.137
v 0.01345352 -0.016313 0.137
v -0.007628656 -0.01959787 0.137
v 0.01474046 0.01512865 0.137
v 0.004913349 0.02030929 0.137
v -0.001435978 0.0208775 0.137
v 0.008291273 0.01935932 0.137
v -0.01054836 0.01859679 0.137
v 0.007572785 -0.02007784 0.137
v -0.01339338 -0.01644036 0.137
v -0.01904222 -0.009089086 0.137
v -0.01546649 0.01430183 0.137
v -0.01850776 0.01121127 0.137
v 0.02030332 0.01011405 0.137
v 0.01572191 -0.01379797 0.137
v 0.0009608846 -0.02108966 0.137
v 0.0098281 0.01989566 0.137
v -0.02105373 -0.000671045 0.137
v -0.02075698 0.00537907 0.137
v 0.02244213 -0.001150028 0.137
v -0.004933301 -0.02103354 0.137
v -0.02108225 0.0008086418 0.137
v 0.001990117 -0.003974053 0.137
v 0.00596589 -0.02033631 0.137
v -0.005054113 0.02028984 0.137
v 0.02038713 -0.003329516 0.137
v -0.01188485 0.0180199 0.137
v -0.014026 0.01637798 0.137
v -0.0189117 0.009673802 0.137
v 0.02292928 0.009943449 0.137
v -0.003169964 -0.0004830791 0.137
v -0.02134959 -0.00493402 0.137
v -0.02076404 -0.006321199 0.137
v 0.0182439 -0.01086867 0.137
v -0.01290784 0.01697108 0.137
v 0.02403561 0.001505036 0.137
v 0.02036811 0.005543076 0.137
v 0.01008446 -0.01885938 0.137
v 0.01952178 -0.006515316 0.137
v -0.007863726 0.01941172 0.137
v 0.002761067 0.0209252 0.137
v 0.0157886 0.01391332 0.137
v -0.006152857 -0.02022394 0.137
v 0.01722407 -0.0124995 0.137
v -0.002054627 -0.004164642 0.137
v -0.003430858 0.02097574 0.137
v -0.007785145 -0.01750924 0.137
v 0.01380159 0.01649164 0.137
v -0.009865963 -0.0168717 0.137
v -0.002147918 -0.02012995 0.137
v -0.01925643 0.001507564 0.137
v -0.0167626 0.01100966 0.137
v -0.01511523 -0.01387381 0.137
v -0.01494614 -0.01566835 0.137
v 0.004905558 -0.0186576 0.137
v -0.006493054 0.01980523 0.137
v 0.02081009 -0.009234342 0.137
v -0.0003949874 -0.0194514 0.137
v -0.009324285 0.01751876 0.137
v 0.02007078 0.003255243 0.137
v 0.01449276 -0.01507645 0.137
v -0.01900584 0.004155236 0.137
v -0.01567113 0.01177171 0.137
v -0.01809914 0.006975186 0.137
v 0.02150092 0.009090956 0.137
v 0.01155205 -0.01619425 0.137
v 0.007314162 0.01788376 0.137
v -0.01922862 -0.00154959 0.137
v -0.0192064 3.430605e-07 0.137
v 0.01920921 -0.008099492 0.137
v 0.01969756 0.007933751 0.137
v 0.02207605 0.00231291 0.137
v 0.001631126 0.004666165 0.137
v 0.002593714 -0.02083296 0.137
v 0.003157898 -0.01891941 0.137
v -0.01463334 0.01530183 0.137
v 0.01626767 -0.01046506 0.137
v -0.003789669 0.0188865 0.137
v 0.0004928928 0.02074461 0.137
v -0.01833848 -0.01052797 0.137
v -0.01635939 -0.01054938 0.137
v -0.01562773 -0.01217974 0.137
v 0.01508916 0.01235144 0.137
v -0.01951599 0.002878098 0.137
v 0.01495823 -0.01184663 0.137
v -0.002313838 0.01937137 0.137
v -0.01277683 0.01505169 0.137
v -0.01157252 -0.01552278 0.137
v -0.01780043 -0.007450379 0.137
v 0.01200389 0.01644708 0.137
v 0.01363172 -0.01321922 0.137
v -0.0103193 0.01666927 0.137
v 0.009058231 -0.01985818 0.137
v -0.004117064 -0.01930787 0.137
v 0.01844792 0.006220479 0.137
v -0.0146166 0.01269522 0.137
v 0.005493383 0.01822382 0.137
v -0.005953396 -0.01828127 0.137
v -0.01937801 -0.003132255 0.137
v 0.009213735 0.01790419 0.137
v 0.01812492 0.004276636 0.137
v 0.006631293 -0.01839477 0.137
v 0.02235798 0.0005652145 0.137
v -0.004377324 -0.004126679 0.137
v -0.01752537 0.008377438 0.137
v -0.004711162 -0.001638619 0.137
v -0.01858544 0.005559903 0.137
v 0.02055285 -0.001737581 0.137
v 0.01873241 -0.003793468 0.137
v -0.0006099242 0.01861988 0.137
v -0.01704479 0.009705619 0.137
v 0.01561196 0.01086433 0.137
v -0.005244389 0.01836157 0.137
v 0.01012916 0.01625339 0.137
v -0.003950847 0.002512368 0.137
v 0.003567995 0.01861288 0.137
v 0.01754456 -0.009051229 0.137
v -0.004582414 0.000641383 0.137
v -0.01870698 -0.006015801 0.137
v 0.001532153 0.01876757 0.137
v 0.01920374 -0.009632375 0.137
v 0.009612481 -0.01666413 0.137
v 0.01392967 0.01337928 0.137
v 0.01795966 -0.005238965 0.137
v -0.008015105 0.01762775 0.137
v -0.01976616 -0.00472239 0.137
v 0.01289566 0.01478079 0.137
v -0.01707366 -0.008998978 0.137
v 0.01247552 -0.0146494 0.137
v -0.004168422 -0.01707962 0.137
v 0.01725684 -0.00706267 0.137
v -0.01328354 -0.01449983 0.137
v -0.007899358 -0.01538485 0.137
v -0.002023683 -0.01783469 0.137
v 0.001401629 -0.01915143 0.137
v 0.005596807 -0.01673132 0.137
v 0.01845842 0.009557225 0.137
v -0.006652094 0.01794327 0.137
v 0.02028545 0.00129331 0.137
v 0.01420442 -0.009911572 0.137
v -0.01530188 0.01009352 0.137
v 0.008375791 -0.01826993 0.137
v -0.01701829 0.004288617 0.137
v 0.01345816 0.01121457 0.137
v 0.003826224 -0.01708833 0.137
v -0.01374138 0.01379654 0.137
v 0.008185847 0.01613449 0.137
v 0.01565446 -0.008568661 0.137
v -0.01143606 0.01582994 0.137
v -0.01664577 0.005798142 0.137
v -0.009720564 -0.01448197 0.137
v -0.01754171 -0.00255126 0.137
v 0.005037501 -0.001330329 0.137
v 0.01866285 -0.002132766 0.137
v 0.01744754 0.007721836 0.137
v 0.007491207 -0.01652094 0.137
v 0.01644266 0.00930276 0.137
v -0.006015081 -0.01619109 0.137
v -0.002408379 0.01757337 0.137
v 0.01041428 -0.01457949 0.137
v 0.002484857 0.01683201 0.137
v -0.01587391 -0.007467307 0.137
v 0.01654337 0.005784905 0.137
v 0.004011676 -0.003575195 0.137
v 0.0001454689 -0.01746044 0.137
v 0.002016323 -0.01732288 0.137
v -0.01740427 0.000822656 0.137
v 0.004365642 0.0165554 0.137
v -0.01394943 0.01097881 0.137
v 0.01686163 -0.003324292 0.137
v -0.008569401 0.01582355 0.137
v 0.009117547 0.01440214 0.137
v -0.0164178 0.00720431 0.137
v -0.01754685 0.002622967 0.137
v -0.01222572 0.0133298 0.137
v -0.003974217 0.01692888 0.137
v -0.01342776 -0.01243477 0.137
v 0.01105 0.01452267 0.137
v -0.01149155 -0.01344606 0.137
v 0.0120984 0.01285211 0.137
v 0.01781944 0.001818124 0.137
v -0.01646628 -0.005628852 0.137
v -0.01740599 -0.0008547809 0.137
v -0.0144662 -0.01067398 0.137
v 0.006218888 0.01619642 0.137
v 0.01280302 -0.01133491 0.137
v 0.0208804 -0.0002714719 0.137
v -0.001106107 0.01632968 0.137
v 0.01537758 0.007498741 0.137
v 0.00275994 -0.01570611 0.137
v 0.006313402 -0.0147898 0.137
v 0.01686444 -0.0007086516 0.137
v -0.01531693 0.008377387 0.137
v -0.009788241 0.01478092 0.137
v -0.006949324 0.01615715 0.137
v 0.01903598 -0.00029555 0.137
v -0.007924722 -0.01324154 0.137
v 0.007124861 0.01438202 0.137
v 0.01363336 -0.007946574 0.137
v 0.001055033 -0.01552106 0.137
v -0.01289595 0.01207277 0.137
v 0.01149853 -0.01286328 0.137
v -0.01278116 -0.01065747 0.137
v -0.01515707 -0.00904721 0.137
v -0.009680068 -0.01235181 0.137
v 0.004371108 -0.01513003 0.137
v 0.01515474 -0.006871055 0.137
v 0.008372361 -0.01464389 0.137
v -0.004174949 0.004525111 0.137
v -0.01099333 0.01393068 0.137
v 0.01585356 0.003677717 0.137
v 0.0006521714 0.01680357 0.137
v -0.01502286 0.004856141 0.137
v -0.01788949 -0.004297636 0.137
v -0.002680156 -0.01581296 0.137
v 0.01010874 0.01265489 0.137
v 0.01588771 -0.005252821 0.137
v -0.000871007 -0.01561625 0.137
v -0.01135369 -0.01148515 0.137
v -0.01328569 -0.009129728 0.137
v -0.01392848 -0.007584201 0.137
v -0.01556786 0.001551188 0.137
v -0.01595829 -0.003664006 0.137
v 0.01444014 0.005574848 0.137
v -0.01536687 0.003217726 0.137
v -0.01097517 0.01183172 0.137
v 0.008116185 0.01260753 0.137
v 0.01539937 -0.002130023 0.137
v -0.01353407 0.009216917 0.137
v -0.005465852 0.01644975 0.137
v -0.007225423 0.01459712 0.137
v 0.003273012 0.01510699 0.137
v 0.01435515 0.00925588 0.137
v -0.008284439 0.0136878 0.137
v -0.01560716 -0.0001529979 0.137
v -0.006091064 -0.01408568 0.137
v 0.009334162 -0.01268859 0.137
v -0.002686337 0.01555502 0.137
v -0.01484456 0.006510363 0.137
v 0.01118589 0.01094058 0.137
v -0.004258376 -0.01490562 0.137
v -0.0146863 -0.006210297 0.137
v -0.0156957 -0.001873175 0.137
v 0.01224227 0.009215622 0.137
v 0.01211076 -0.009363306 0.137
v 0.01457366 -0.003750129 0.137
v 0.003750944 0.004862377 0.137
v 0.001628653 0.01494877 0.137
v -0.01337864 0.003900452 0.137
v 0.0148069 -0.0006119723 0.137
v 0.004932371 0.01421375 0.137
v -0.001343555 0.01425854 0.137
v -0.01319851 0.00741172 0.137
v 0.01346715 -0.005675072 0.137
v 0.006244335 0.01267374 0.137
v 0.01329911 0.007431942 0.137
v 0.002617388 -0.01368726 0.137
v -0.01196463 -0.007622866 0.137
v 0.01060739 -0.01091981 0.137
v -0.008020601 -0.01111793 0.137
v 4.240864e-05 0.01504348 0.137
v -0.01145419 -0.009488577 0.137
v -0.004235869 0.01490122 0.137
v 0.007154558 -0.01281206 0.137
v 0.009043879 0.01082807 0.137
v 0.0150383 0.001404097 0.137
v -0.01210496 0.01034686 0.137
v 0.01341932 0.00358146 0.137
v -0.009518571 0.0127915 0.137
v 0.01358769 -0.00198513 0.137
v 0.01164762 -0.007280208 0.137
v -0.01433855 -0.004643234 0.137
v -0.01157074 0.008456101 0.137
v -0.009249657 0.01105631 0.137
v -0.002928198 0.01347742 0.137
v -0.005763358 0.01456655 0.137
v -0.006570297 0.0129265 0.137
v 0.01234418 0.005653735 0.137
v -0.01372395 0.0022198 0.137
v -0.00621577 -0.01199191 0.137
v 0.005001056 0.002878851 0.137
v -0.01286587 -0.005946394 0.137
v 0.004947517 -0.01315758 0.137
v -0.01304462 0.005575662 0.137
v 0.00822929 -0.01057901 0.137
v 0.006885583 0.01085707 0.137
v -0.002153446 -0.01365051 0.137
v -0.01401409 -0.002931658 0.137
v 0.01007741 0.009076086 0.137
v 0.002787243 0.01315505 0.137
v -0.01020554 0.009738106 0.137
v 0.0002342717 -0.01360628 0.137
v -0.009745199 -0.01024442 0.137
v -0.01381739 0.0005450025 0.137
v -0.01386435 -0.001167895 0.137
v 0.01140187 0.004158519 0.137
v -0.001402974 0.01243771 0.137
v -0.01115464 0.006496237 0.137
v -0.00782842 0.01176158 0.137
v -0.004675101 0.01261146 0.137
v 0.01117372 0.007348953 0.137
v -0.01204276 0.002846283 0.137
v 0.01120243 -0.005229229 0.137
v 0.01307954 -9.444143e-05 0.137
v 0.009990823 -0.00882763 0.137
v -0.0122955 -0.004114372 0.137
v 0.005841621 -0.01119767 0.137
v -0.004298165 -0.01280216 0.137
v 0.01246243 -0.00359491 0.137
v 0.004459164 0.01137219 0.137
v 0.0004968582 0.01297155 0.137
v -0.01209741 -0.002206335 0.137
v -0.00284147 0.01134598 0.137
v 0.01019584 0.005477776 0.137
v 0.00367347 -0.01147795 0.137
v -0.009518536 0.007838945 0.137
v -0.006147868 0.01087935 0.137
v 0.006532843 -0.00939827 0.137
v 0.001869087 0.0108996 0.137
v -0.01209343 0.001287006 0.137
v 0.009578005 -0.006691321 0.137
v 0.01161939 -0.001544866 0.137
v -0.0105699 -0.0057082 0.137
v -0.01098976 0.00438201 0.137
v 0.007899065 0.008993851 0.137
v -0.006448808 -0.009877368 0.137
v 0.007973208 -0.008083235 0.137
v 0.01157586 0.002586794 0.137
v 0.001519224 -0.01164848 0.137
v 0.01289342 0.001628244 0.137
v -0.008191622 -0.008944813 0.137
v -0.01001444 -0.008075847 0.137
v -0.00267466 -0.01134376 0.137
v -0.0006190436 -0.01161962 0.137
v -0.0006957812 0.01038998 0.137
v 0.009594229 0.003113666 0.137
v 0.004668104 -0.009485999 0.137
v -0.01210605 -0.000413718 0.137
v 0.009021384 0.007178773 0.137
v 0.009346422 -0.004789668 0.137
v 0.003320564 0.008954824 0.137
v 0.005642554 0.009037137 0.137
v -0.00462715 -0.01070856 0.137
v 0.01090323 0.0007076047 0.137
v -0.008962486 0.005731922 0.137
v -0.007923925 0.009522848 0.137
v 0.01041351 -0.003213176 0.137
v -0.01028946 -0.003286687 0.137
v -0.007552759 0.007366149 0.137
v -0.005521955 0.008479786 0.137
v 0.007416052 -0.005624806 0.137
v -0.004418487 0.01043851 0.137
v 0.008119853 0.005112151 0.137
v -0.00131276 -0.009622348 0.137
v -0.01030927 0.002265442 0.137
v -0.003022885 0.009140533 0.137
v -0.01024746 -0.001203202 0.137
v 0.0009420281 0.00856007 0.137
v -0.004974654 -0.008681244 0.137
v -0.003183673 -0.00936256 0.137
v 0.009486843 -0.00121559 0.137
v 0.0058979 -0.007578082 0.137
v -0.006607652 -0.007677924 0.137
v 0.002652957 -0.009625272 0.137
v -0.008406934 -0.006660018 0.137
v -0.008432641 -0.00433528 0.137
v -0.008369181 -0.00194414 0.137
v -0.01057828 0.00051264 0.137
v 0.007234941 0.00296839 0.137
v 0.006855502 0.007044786 0.137
v 0.008293495 -0.003176672 0.137
v -0.003767495 0.00687783 0.137
v 0.008471736 0.000899707 0.137
v -0.008453621 0.003470367 0.137
v 0.00382652 -0.007622845 0.137
v -0.006315274 0.005489716 0.137
v 0.0006454843 -0.009695643 0.137
v 0.005930003 0.004977409 0.137
v -0.0001507281 -0.007788573 0.137
v 0.004643028 0.006953519 0.137
v -0.003636065 -0.007660829 0.137
v 0.005072039 -0.005581694 0.137
v 0.007268283 -0.001200206 0.137
v -0.001376938 0.007829939 0.137
v -0.001998129 -0.007736717 0.137
v -0.008550099 0.0006986685 0.137
v -0.004935874 -0.006534942 0.137
v -0.006546631 -0.005367261 0.137
v 0.002412499 0.006751415 0.137
v -0.006169894 0.002445376 0.137
v 0.006180928 -0.003414391 0.137
v 0.001798516 -0.007743254 0.137
v 0.002956287 -0.005745174 0.137
v -0.002002923 0.005624609 0.137
v -0.006469766 -0.002994885 0.137
v 0.006173985 0.0008439643 0.137
v 0.0001993019 0.006334498 0.137
v -0.00653048 -0.0004539395 0.137
v 0.0009205904 -0.005915196 0.137
v -0.001062779 -0.005964461 0.137
v -0.003022603 -0.005969786 0.137
f 1 2 3
f 4 5 6
f 7 8 9
f 10 11 12
f 13 14 15
f 16 17 18
f 19 20 21
f 22 23 24
f 25 26 27
f 28 29 30
f 31 32 33
f 34 35 36
f 37 38 39
f 40 41 42
f 43 44 45
f 46 47 48
f 49 50 51
f 52 53 54
f 55 56 57
f 58 59 60
f 61 62 63
f 64 65 66
f 67 68 69
f 70 71 72
f 73 74 75
f 76 77 78
f 79 80 81
f 82 83 84
f 85 86 87
f 88 89 90
f 91 92 93
f 94 95 96
f 97 98 99
f 100 101 102
f 103 104 105
f 106 107 108
f 109 110 111
f 112 113 114
f 115 116 117
f 118 119 120
f 121 122 123
f 124 125 126
f 127 128 129
f 130 131 132
f 133 134 135
f 136 137 138
f 139 140 141
f 142 143 144
f 145 146 147
f 148 149 150
f 151 152 153
f 154 155 156
f 157 158 159
f 160 161 162
f 163 164 165
f 166 167 168
f 169 170 171
f 172 173 174
f 175 176 177
f 178 179 180
f 181 182 183
f 184 185 186
f 187 188 189
f 190 191 192
f 193 194 195
f 196 197 198
f 197 1 199
f 198 197 199
f 1 3 199
f 2 4 200
f 5 7 201
f 8 10 202
f 11 13 203
f 14 16 204
f 17 19 205
f 20 22 206
f 23 25 207
f 26 28 208
f 29 31 209
f 32 34 210
f 35 37 211
f 38 40 212
f 41 43 213
f 44 46 214
f 47 49 215
f 50 52 216
f 53 55 217
f 56 58 218
f 59 61 219
f 62 64 220
f 65 67 221
f 68 70 222
f 71 73 223
f 74 76 224
f 77 79 225
f 80 82 226
f 83 85 227
f 86 88 228
f 89 91 229
f 92 94 230
f 95 97 231
f 98 100 232
f 101 103 233
f 104 106 234
f 107 109 235
f 110 112 236
f 113 115 237
f 116 118 238
f 119 121 239
f 122 124 240
f 125 127 241
f 128 130 242
f 131 133 243
f 134 136 244
f 137 139 245
f 140 142 246
f 143 145 247
f 146 148 248
f 149 151 249
f 152 154 250
f 155 157 251
f 158 160 252
f 161 163 253
f 164 166 254
f 167 169 255
f 170 172 256
f 173 175 257
f 176 178 258
f 179 181 259
f 182 184 260
f 185 187 261
f 188 190 262
f 191 193 263
f 194 196 264
f 201 7 9
f 2 200 3
f 6 5 201
f 9 8 202
f 12 11 203
f 15 14 204
f 18 17 205
f 21 20 206
f 24 23 207
f 27 26 208
f 30 29 209
f 33 32 210
f 36 35 211
f 39 38 212
f 42 41 213
f 45 44 214
f 48 47 215
f 51 50 216
f 54 53 217
f 57 56 218
f 60 59 219
f 63 62 220
f 66 65 221
f 69 68 222
f 72 71 223
f 75 74 224
f 78 77 225
f 81 80 226
f 84 83 227
f 87 86 228
f 90 89 229
f 93 92 230
f 96 95 231
f 99 98 232
f 102 101 233
f 105 104 234
f 108 107 235
f 111 110 236
f 114 113 237
f 117 116 238
f 120 119 239
f 123 122 240
f 126 125 241
f 129 128 242
f 132 131 243
f 135 134 244
f 138 137 245
f 141 140 246
f 144 143 247
f 147 146 248
f 150 149 249
f 153 152 250
f 156 155 251
f 159 158 252
f 162 161 253
f 165 164 254
f 168 167 255
f 171 170 256
f 174 173 257
f 177 176 258
f 180 179 259
f 183 182 260
f 186 185 261
f 189 188 262
f 192 191 263
f 195 194 264
f 200 4 6
f 202 10 12
f 203 13 15
f 204 16 18
f 205 19 21
f 206 22 24
f 207 25 27
f 208 28 30
f 209 31 33
f 210 34 36
f 211 37 39
f 212 40 42
f 213 43 45
f 214 46 48
f 215 49 51
f 216 52 54
f 217 55 57
f 218 58 60
f 219 61 63
f 220 64 66
f 221 67 69
f 222 70 72
f 223 73 75
f 224 76 78
f 225 79 81
f 226 82 84
f 227 85 87
f 228 88 90
f 229 91 93
f 230 94 96
f 231 97 99
f 232 100 102
f 233 103 105
f 234 106 108
f 235 109 111
f 236 112 114
f 237 115 117
f 238 118 120
f 239 121 123
f 240 124 126
f 241 127 129
f 242 130 132
f 243 133 135
f 244 136 138
f 245 139 141
f 246 142 144
f 247 145 147
f 248 148 150
f 249 151 153
f 250 154 156
f 251 157 159
f 252 160 162
f 253 163 165
f 254 166 168
f 255 169 171
f 256 172 174
f 257 175 177
f 258 178 180
f 259 181 183
f 260 184 186
f 261 187 189
f 262 190 192
f 263 193 195
f 264 196 198
f 202 12 265
f 9 202 266
f 202 265 266
f 3 200 267
f 203 15 268
f 204 18 269
f 205 21 270
f 206 24 271
f 207 27 272
f 208 30 273
f 209 33 274
f 210 36 275
f 211 39 276
f 212 42 277
f 213 45 278
f 214 48 279
f 215 51 280
f 216 54 281
f 217 57 282
f 218 60 283
f 219 63 284
f 220 66 285
f 221 69 286
f 222 72 287
f 223 75 288
f 224 78 289
f 225 81 290
f 226 84 291
f 227 87 292
f 228 90 293
f 229 93 294
f 230 96 295
f 231 99 296
f 232 102 297
f 233 105 298
f 234 108 299
f 235 111 300
f 236 114 301
f 237 117 302
f 238 120 303
f 239 123 304
f 240 126 305
f 241 129 306
f 242 132 307
f 243 135 308
f 244 138 309
f 245 141 310
f 246 144 311
f 247 147 312
f 248 150 313
f 249 153 314
f 250 156 315
f 251 159 316
f 252 162 317
f 253 165 318
f 254 168 319
f 255 171 320
f 256 174 321
f 257 177 322
f 258 180 323
f 259 183 324
f 260 186 325
f 261 189 326
f 262 192 327
f 263 195 328
f 264 198 329
f 201 9 330
f 9 266 330
f 6 201 331
f 201 330 331
f 12 203 332
f 15 204 333
f 18 205 334
f 21 206 335
f 24 207 336
f 27 208 337
f 30 209 338
f 33 210 339
f 36 211 340
f 39 212 341
f 42 213 342
f 45 214 343
f 48 215 344
f 51 216 345
f 54 217 346
f 57 218 347
f 60 219 348
f 63 220 349
f 66 221 350
f 69 222 351
f 72 223 352
f 75 224 353
f 78 225 354
f 81 226 355
f 84 227 356
f 87 228 357
f 90 229 358
f 93 230 359
f 96 231 360
f 99 232 361
f 102 233 362
f 105 234 363
f 108 235 364
f 111 236 365
f 114 237 366
f 117 238 367
f 120 239 368
f 123 240 369
f 126 241 370
f 129 242 371
f 132 243 372
f 135 244 373
f 138 245 374
f 141 246 375
f 144 247 376
f 147 248 377
f 150 249 378
f 153 250 379
f 156 251 380
f 159 252 381
f 162 253 382
f 165 254 383
f 168 255 384
f 171 256 385
f 174 257 386
f 177 258 387
f 180 259 388
f 183 260 389
f 186 261 390
f 189 262 391
f 192 263 392
f 195 264 393
f 12 332 265
f 200 6 394
f 332 203 268
f 393 264 329
f 392 263 328
f 391 262 327
f 390 261 326
f 389 260 325
f 388 259 324
f 387 258 323
f 386 257 322
f 385 256 321
f 384 255 320
f 383 254 319
f 382 253 318
f 381 252 317
f 380 251 316
f 379 250 315
f 378 249 314
f 377 248 313
f 376 247 312
f 375 246 311
f 374 245 310
f 373 244 309
f 372 243 308
f 371 242 307
f 370 241 306
f 369 240 305
f 368 239 304
f 367 238 303
f 366 237 302
f 365 236 301
f 364 235 300
f 363 234 299
f 362 233 298
f 361 232 297
f 360 231 296
f 359 230 295
f 358 229 294
f 357 228 293
f 356 227 292
f 355 226 291
f 354 225 290
f 353 224 289
f 352 223 288
f 351 222 287
f 350 221 286
f 349 220 285
f 348 219 284
f 347 218 283
f 346 217 282
f 345 216 281
f 344 215 280
f 343 214 279
f 342 213 278
f 341 212 277
f 340 211 276
f 339 210 275
f 338 209 274
f 337 208 273
f 336 207 272
f 335 206 271
f 334 205 270
f 333 204 269
f 329 198 395
f 198 199 395
f 199 3 396
f 395 199 396
f 3 267 396
f 328 195 393
f 327 192 392
f 326 189 391
f 325 186 390
f 324 183 389
f 323 180 388
f 322 177 387
f 321 174 386
f 320 171 385
f 319 168 384
f 318 165 383
f 317 162 382
f 316 159 381
f 315 156 380
f 314 153 379
f 313 150 378
f 312 147 377
f 311 144 376
f 310 141 375
f 309 138 374
f 308 135 373
f 307 132 372
f 306 129 371
f 305 126 370
f 304 123 369
f 303 120 368
f 302 117 367
f 301 114 366
f 300 111 365
f 299 108 364
f 298 105 363
f 297 102 362
f 296 99 361
f 295 96 360
f 294 93 359
f 293 90 358
f 292 87 357
f 291 84 356
f 290 81 355
f 289 78 354
f 288 75 353
f 287 72 352
f 286 69 351
f 285 66 350
f 284 63 349
f 283 60 348
f 282 57 347
f 281 54 346
f 280 51 345
f 279 48 344
f 278 45 343
f 277 42 342
f 276 39 341
f 275 36 340
f 274 33 339
f 273 30 338
f 272 27 337
f 271 24 336
f 270 21 335
f 269 18 334
f 268 15 333
f 200 394 267
f 394 6 331
f 394 331 397
f 393 329 398
f 267 394 399
f 394 397 399
f 268 333 400
f 269 334 401
f 270 335 402
f 271 336 403
f 272 337 404
f 273 338 405
f 274 339 406
f 275 340 407
f 276 341 408
f 277 342 409
f 278 343 410
f 279 344 411
f 280 345 412
f 281 346 413
f 282 347 414
f 283 348 415
f 284 349 416
f 285 350 417
f 286 351 418
f 287 352 419
f 288 353 420
f 289 354 421
f 290 355 422
f 291 356 423
f 292 357 424
f 293 358 425
f 294 359 426
f 295 360 427
f 296 361 428
f 297 362 429
f 298 363 430
f 299 364 431
f 300 365 432
f 301 366 433
f 302 367 434
f 303 368 435
f 304 369 436
f 305 370 437
f 306 371 438
f 307 372 439
f 308 373 440
f 309 374 441
f 310 375 442
f 311 376 443
f 312 377 444
f 313 378 445
f 314 379 446
f 315 380 447
f 316 381 448
f 317 382 449
f 318 383 450
f 319 384 451
f 320 385 452
f 321 386 453
f 322 387 454
f 323 388 455
f 324 389 456
f 325 390 457
f 326 391 458
f 327 392 459
f 265 332 460
f 332 268 461
f 460 332 461
f 268 400 461
f 328 393 462
f 393 398 462
f 330 266 463
f 266 265 464
f 463 266 464
f 265 460 464
f 333 269 465
f 334 270 466
f 335 271 467
f 336 272 468
f 337 273 469
f 338 274 470
f 339 275 471
f 340 276 472
f 341 277 473
f 342 278 474
f 343 279 475
f 344 280 476
f 345 281 477
f 346 282 478
f 347 283 479
f 348 284 480
f 349 285 481
f 350 286 482
f 351 287 483
f 352 288 484
f 353 289 485
f 354 290 486
f 355 291 487
f 356 292 488
f 357 293 489
f 358 294 490
f 359 295 491
f 360 296 492
f 361 297 493
f 362 298 494
f 363 299 495
f 364 300 496
f 365 301 497
f 366 302 498
f 367 303 499
f 368 304 500
f 369 305 501
f 370 306 502
f 371 307 503
f 372 308 504
f 373 309 505
f 374 310 506
f 375 311 507
f 376 312 508
f 377 313 509
f 378 314 510
f 379 315 511
f 380 316 512
f 381 317 513
f 382 318 514
f 383 319 515
f 384 320 516
f 385 321 517
f 386 322 518
f 387 323 519
f 388 324 520
f 389 325 521
f 390 326 522
f 391 327 523
f 333 465 400
f 392 328 524
f 465 269 401
f 331 330 525
f 523 327 459
f 522 326 458
f 521 325 457
f 520 324 456
f 519 323 455
f 518 322 454
f 517 321 453
f 516 320 452
f 515 319 451
f 514 318 450
f 513 317 449
f 512 316 448
f 511 315 447
f 510 314 446
f 509 313 445
f 508 312 444
f 507 311 443
f 506 310 442
f 505 309 441
f 504 308 440
f 503 307 439
f 502 306 438
f 501 305 437
f 500 304 436
f 499 303 435
f 498 302 434
f 497 301 433
f 496 300 432
f 495 299 431
f 494 298 430
f 493 297 429
f 492 296 428
f 491 295 427
f 490 294 426
f 489 293 425
f 488 292 424
f 487 291 423
f 486 290 422
f 485 289 421
f 484 288 420
f 483 287 419
f 482 286 418
f 481 285 417
f 480 284 416
f 479 283 415
f 478 282 414
f 477 281 413
f 476 280 412
f 475 279 411
f 474 278 410
f 473 277 409
f 472 276 408
f 471 275 407
f 470 274 406
f 469 273 405
f 468 272 404
f 396 267 526
f 267 399 526
f 467 271 403
f 459 392 524
f 458 391 523
f 457 390 522
f 456 389 521
f 455 388 520
f 454 387 519
f 453 386 518
f 452 385 517
f 451 384 516
f 450 383 515
f 449 382 514
f 448 381 513
f 447 380 512
f 446 379 511
f 445 378 510
f 444 377 509
f 443 376 508
f 442 375 507
f 441 374 506
f 440 373 505
f 439 372 504
f 438 371 503
f 437 370 502
f 436 369 501
f 435 368 500
f 434 367 499
f 433 366 498
f 432 365 497
f 431 364 496
f 430 363 495
f 429 362 494
f 428 361 493
f 427 360 492
f 426 359 491
f 425 358 490
f 424 357 489
f 423 356 488
f 422 355 487
f 421 354 486
f 420 353 485
f 419 352 484
f 418 351 483
f 417 350 482
f 416 349 481
f 415 348 480
f 414 347 479
f 413 346 478
f 412 345 477
f 411 344 476
f 410 343 475
f 409 342 474
f 408 341 473
f 407 340 472
f 406 339 471
f 405 338 470
f 404 337 469
f 403 336 468
f 402 335 467
f 401 334 466
f 466 270 402
f 398 329 527
f 329 395 527
f 331 525 397
f 524 328 462
f 525 330 463
f 525 463 528
f 467 403 529
f 458 523 530
f 397 525 531
f 525 528 531
f 466 402 532
f 401 466 533
f 466 532 533
f 459 524 534
f 402 467 535
f 532 402 535
f 467 529 535
f 468 404 536
f 469 405 537
f 470 406 538
f 471 407 539
f 472 408 540
f 473 409 541
f 474 410 542
f 475 411 543
f 476 412 544
f 477 413 545
f 478 414 546
f 479 415 547
f 480 416 548
f 481 417 549
f 482 418 550
f 483 419 551
f 484 420 552
f 485 421 553
f 486 422 554
f 487 423 555
f 488 424 556
f 489 425 557
f 490 426 558
f 491 427 559
f 492 428 560
f 493 429 561
f 494 430 562
f 495 431 563
f 496 432 564
f 497 433 565
f 498 434 566
f 499 435 567
f 500 436 568
f 501 437 569
f 502 438 570
f 503 439 571
f 504 440 572
f 505 441 573
f 506 442 574
f 507 443 575
f 508 444 576
f 509 445 577
f 510 446 578
f 511 447 579
f 512 448 580
f 513 449 581
f 514 450 582
f 515 451 583
f 516 452 584
f 517 453 585
f 518 454 586
f 519 455 587
f 520 456 588
f 521 457 589
f 522 458 590
f 458 530 590
f 400 465 591
f 465 401 592
f 591 465 592
f 401 533 592
f 523 459 593
f 530 523 593
f 459 534 593
f 395 396 594
f 527 395 594
f 396 526 594
f 462 398 595
f 399 397 596
f 397 531 596
f 534 524 597
f 524 462 597
f 462 595 597
f 403 468 598
f 404 469 599
f 405 470 600
f 406 471 601
f 407 472 602
f 408 473 603
f 409 474 604
f 410 475 605
f 411 476 606
f 412 477 607
f 413 478 608
f 414 479 609
f 415 480 610
f 416 481 611
f 417 482 612
f 418 483 613
f 419 484 614
f 420 485 615
f 421 486 616
f 422 487 617
f 423 488 618
f 424 489 619
f 425 490 620
f 426 491 621
f 427 492 622
f 428 493 623
f 429 494 624
f 430 495 625
f 431 496 626
f 432 497 627
f 433 498 628
f 434 499 629
f 435 500 630
f 436 501 631
f 437 502 632
f 438 503 633
f 439 504 634
f 440 505 635
f 441 506 636
f 442 507 637
f 443 508 638
f 444 509 639
f 445 510 640
f 446 511 641
f 447 512 642
f 448 513 643
f 449 514 644
f 450 515 645
f 451 516 646
f 452 517 647
f 453 518 648
f 454 519 649
f 455 520 650
f 456 521 651
f 457 522 652
f 529 403 598
f 601 471 539
f 460 461 653
f 464 460 654
f 460 653 654
f 600 470 538
f 652 522 590
f 651 521 589
f 650 520 588
f 649 519 587
f 648 518 586
f 647 517 585
f 646 516 584
f 645 515 583
f 644 514 582
f 643 513 581
f 642 512 580
f 641 511 579
f 640 510 578
f 639 509 577
f 638 508 576
f 637 507 575
f 636 506 574
f 635 505 573
f 634 504 572
f 633 503 571
f 632 502 570
f 631 501 569
f 630 500 568
f 629 499 567
f 628 498 566
f 627 497 565
f 626 496 564
f 625 495 563
f 624 494 562
f 623 493 561
f 622 492 560
f 621 491 559
f 620 490 558
f 619 489 557
f 618 488 556
f 617 487 555
f 616 486 554
f 615 485 553
f 614 484 552
f 613 483 551
f 612 482 550
f 611 481 549
f 610 480 548
f 609 479 547
f 608 478 546
f 607 477 545
f 526 399 655
f 399 596 655
f 461 400 656
f 653 461 656
f 400 591 656
f 463 464 657
f 528 463 657
f 464 654 657
f 606 476 544
f 605 475 543
f 604 474 542
f 603 473 541
f 602 472 540
f 589 457 652
f 588 456 651
f 587 455 650
f 586 454 649
f 585 453 648
f 584 452 647
f 583 451 646
f 582 450 645
f 581 449 644
f 580 448 643
f 579 447 642
f 578 446 641
f 577 445 640
f 576 444 639
f 575 443 638
f 574 442 637
f 573 441 636
f 572 440 635
f 571 439 634
f 570 438 633
f 569 437 632
f 568 436 631
f 567 435 630
f 566 434 629
f 565 433 628
f 564 432 627
f 563 431 626
f 562 430 625
f 561 429 624
f 560 428 623
f 559 427 622
f 558 426 621
f 557 425 620
f 556 424 619
f 555 423 618
f 554 422 617
f 553 421 616
f 552 420 615
f 551 419 614
f 550 418 613
f 549 417 612
f 548 416 611
f 547 415 610
f 546 414 609
f 545 413 608
f 544 412 607
f 543 411 606
f 542 410 605
f 541 409 604
f 540 408 603
f 539 407 602
f 538 406 601
f 595 398 658
f 398 527 658
f 599 469 537
f 598 468 536
f 404 599 536
f 405 600 537
f 536 599 659
f 534 597 660
f 537 600 661
f 599 537 662
f 659 599 662
f 537 661 662
f 598 536 663
f 536 659 663
f 652 590 664
f 538 601 665
f 589 652 666
f 652 664 666
f 539 602 667
f 540 603 668
f 541 604 669
f 542 605 670
f 543 606 671
f 544 607 672
f 545 608 673
f 546 609 674
f 547 610 675
f 548 611 676
f 549 612 677
f 550 613 678
f 551 614 679
f 552 615 680
f 553 616 681
f 554 617 682
f 555 618 683
f 556 619 684
f 557 620 685
f 558 621 686
f 559 622 687
f 560 623 688
f 561 624 689
f 562 625 690
f 563 626 691
f 564 627 692
f 565 628 693
f 566 629 694
f 567 630 695
f 568 631 696
f 569 632 697
f 570 633 698
f 571 634 699
f 572 635 700
f 573 636 701
f 574 637 702
f 575 638 703
f 576 639 704
f 577 640 705
f 578 641 706
f 579 642 707
f 580 643 708
f 581 644 709
f 582 645 710
f 583 646 711
f 584 647 712
f 585 648 713
f 586 649 714
f 587 650 715
f 588 651 716
f 651 589 717
f 716 651 717
f 589 666 717
f 529 598 718
f 598 663 718
f 606 544 719
f 671 606 719
f 544 672 719
f 596 531 720
f 533 532 721
f 601 539 722
f 665 601 722
f 539 667 722
f 528 657 723
f 594 526 724
f 526 655 724
f 530 593 725
f 660 597 726
f 597 595 726
f 600 538 727
f 602 540 728
f 603 541 729
f 604 542 730
f 605 543 731
f 607 545 732
f 608 546 733
f 609 547 734
f 610 548 735
f 611 549 736
f 612 550 737
f 613 551 738
f 614 552 739
f 615 553 740
f 616 554 741
f 617 555 742
f 618 556 743
f 619 557 744
f 620 558 745
f 621 559 746
f 622 560 747
f 623 561 748
f 624 562 749
f 625 563 750
f 626 564 751
f 627 565 752
f 628 566 753
f 629 567 754
f 630 568 755
f 631 569 756
f 632 570 757
f 633 571 758
f 634 572 759
f 635 573 760
f 636 574 761
f 637 575 762
f 638 576 763
f 639 577 764
f 640 578 765
f 641 579 766
f 642 580 767
f 643 581 768
f 644 582 769
f 645 583 770
f 646 584 771
f 647 585 772
f 648 586 773
f 649 587 774
f 650 588 775
f 593 534 776
f 725 593 776
f 534 660 776
f 591 592 777
f 654 653 778
f 721 532 779
f 532 535 779
f 600 727 661
f 733 546 674
f 775 588 716
f 774 587 715
f 773 586 714
f 772 585 713
f 771 584 712
f 770 583 711
f 769 582 710
f 768 581 709
f 767 580 708
f 766 579 707
f 765 578 706
f 764 577 705
f 763 576 704
f 762 575 703
f 761 574 702
f 760 573 701
f 759 572 700
f 758 571 699
f 757 570 698
f 756 569 697
f 755 568 696
f 754 567 695
f 753 566 694
f 752 565 693
f 751 564 692
f 750 563 691
f 749 562 690
f 748 561 689
f 747 560 688
f 746 559 687
f 745 558 686
f 744 557 685
f 743 556 684
f 742 555 683
f 741 554 682
f 740 553 681
f 739 552 680
f 738 551 679
f 737 550 678
f 736 549 677
f 655 596 780
f 596 720 780
f 656 591 781
f 591 777 781
f 735 548 676
f 734 547 675
f 732 545 673
f 731 543 671
f 653 656 782
f 778 653 782
f 656 781 782
f 730 542 670
f 729 541 669
f 728 540 668
f 592 533 783
f 777 592 783
f 533 721 783
f 590 530 784
f 726 595 785
f 595 658 785
f 715 650 775
f 714 649 774
f 713 648 773
f 712 647 772
f 711 646 771
f 710 645 770
f 709 644 769
f 708 643 768
f 707 642 767
f 706 641 766
f 705 640 765
f 704 639 764
f 703 638 763
f 702 637 762
f 701 636 761
f 700 635 760
f 699 634 759
f 698 633 758
f 697 632 757
f 696 631 756
f 695 630 755
f 694 629 754
f 693 628 753
f 692 627 752
f 691 626 751
f 690 625 750
f 689 624 749
f 688 623 748
f 687 622 747
f 686 621 746
f 685 620 745
f 684 619 744
f 683 618 743
f 682 617 742
f 681 616 741
f 680 615 740
f 679 614 739
f 678 613 738
f 677 612 737
f 676 611 736
f 675 610 735
f 674 609 734
f 673 608 733
f 672 607 732
f 670 605 731
f 669 604 730
f 668 603 729
f 535 529 786
f 779 535 786
f 529 718 786
f 531 528 787
f 784 530 725
f 727 538 665
f 602 728 667
f 531 787 720
f 590 784 664
f 787 528 723
f 735 676 788
f 527 594 789
f 660 726 790
f 723 657 791
f 657 654 791
f 661 727 792
f 733 674 793
f 787 723 794
f 663 659 795
f 667 728 796
f 715 775 797
f 720 787 798
f 787 794 798
f 668 729 799
f 669 730 800
f 670 731 801
f 730 670 802
f 800 730 802
f 670 801 802
f 672 732 803
f 673 733 804
f 733 793 804
f 732 673 805
f 803 732 805
f 673 804 805
f 734 675 806
f 675 735 807
f 806 675 807
f 735 788 807
f 736 677 808
f 737 678 809
f 738 679 810
f 739 680 811
f 740 681 812
f 741 682 813
f 742 683 814
f 743 684 815
f 744 685 816
f 745 686 817
f 746 687 818
f 747 688 819
f 748 689 820
f 749 690 821
f 750 691 822
f 751 692 823
f 752 693 824
f 753 694 825
f 754 695 826
f 755 696 827
f 756 697 828
f 757 698 829
f 758 699 830
f 759 700 831
f 760 701 832
f 761 702 833
f 762 703 834
f 763 704 835
f 764 705 836
f 765 706 837
f 766 707 838
f 767 708 839
f 768 709 840
f 769 710 841
f 770 711 842
f 771 712 843
f 772 713 844
f 773 714 845
f 774 715 846
f 715 797 846
f 654 778 791
f 789 594 724
f 718 663 847
f 663 795 847
f 664 784 848
f 658 527 789
f 666 664 849
f 664 848 849
f 671 719 850
f 794 723 851
f 723 791 851
f 792 727 852
f 727 665 852
f 662 661 853
f 661 792 853
f 789 724 854
f 790 726 855
f 726 785 855
f 777 783 856
f 728 668 857
f 729 669 858
f 778 782 859
f 731 671 860
f 775 716 861
f 674 734 862
f 676 736 863
f 677 737 864
f 678 738 865
f 679 739 866
f 680 740 867
f 681 741 868
f 682 742 869
f 683 743 870
f 684 744 871
f 685 745 872
f 686 746 873
f 687 747 874
f 688 748 875
f 689 749 876
f 690 750 877
f 691 751 878
f 692 752 879
f 693 753 880
f 694 754 881
f 695 755 882
f 696 756 883
f 697 757 884
f 698 758 885
f 699 759 886
f 700 760 887
f 701 761 888
f 702 762 889
f 703 763 890
f 704 764 891
f 705 765 892
f 706 766 893
f 707 767 894
f 708 768 895
f 709 769 896
f 710 770 897
f 711 771 898
f 712 772 899
f 713 773 900
f 714 774 901
f 725 776 902
f 722 667 903
f 667 796 903
f 719 672 904
f 850 719 904
f 672 803 904
f 863 736 808
f 721 779 905
f 788 676 863
f 776 660 906
f 902 776 906
f 660 790 906
f 901 774 846
f 900 773 845
f 899 772 844
f 898 771 843
f 897 770 842
f 896 769 841
f 895 768 840
f 894 767 839
f 893 766 838
f 892 765 837
f 891 764 836
f 890 763 835
f 889 762 834
f 888 761 833
f 887 760 832
f 886 759 831
f 885 758 830
f 884 757 829
f 883 756 828
f 882 755 827
f 881 754 826
f 880 753 825
f 879 752 824
f 878 751 823
f 877 750 822
f 876 749 821
f 875 748 820
f 874 747 819
f 873 746 818
f 872 745 817
f 871 744 816
f 870 743 815
f 869 742 814
f 780 720 907
f 720 798 907
f 781 777 908
f 777 856 908
f 868 741 813
f 867 740 812
f 866 739 811
f 865 738 810
f 864 737 809
f 862 734 806
f 861 716 909
f 716 717 909
f 783 721 910
f 856 783 910
f 721 905 910
f 860 671 850
f 717 666 911
f 909 717 911
f 666 849 911
f 858 669 800
f 857 668 799
f 845 714 901
f 844 713 900
f 843 712 899
f 842 711 898
f 841 710 897
f 840 709 896
f 839 708 895
f 838 707 894
f 837 706 893
f 836 705 892
f 835 704 891
f 834 703 890
f 833 702 889
f 832 701 888
f 831 700 887
f 830 699 886
f 829 698 885
f 828 697 884
f 827 696 883
f 826 695 882
f 825 694 881
f 824 693 880
f 823 692 879
f 822 691 878
f 821 690 877
f 820 689 876
f 819 688 875
f 818 687 874
f 817 686 873
f 816 685 872
f 815 684 871
f 814 683 870
f 813 682 869
f 812 681 868
f 811 680 867
f 810 679 866
f 801 731 860
f 808 677 864
f 658 789 912
f 785 658 912
f 789 854 912
f 797 775 861
f 796 728 857
f 786 718 913
f 718 847 913
f 665 722 914
f 852 665 914
f 722 903 914
f 724 655 915
f 854 724 915
f 655 780 915
f 784 725 916
f 916 725 902
f 729 858 799
f 674 862 793
f 784 916 848
f 678 865 809
f 858 800 917
f 901 846 918
f 659 662 919
f 792 852 920
f 860 850 921
f 845 901 922
f 901 918 922
f 848 916 923
f 791 778 924
f 793 862 925
f 779 786 926
f 905 779 926
f 786 913 926
f 857 799 927
f 778 859 924
f 863 808 928
f 804 793 929
f 793 925 929
f 796 857 930
f 857 927 930
f 919 662 853
f 864 809 931
f 801 860 932
f 860 921 932
f 865 810 933
f 866 811 934
f 867 812 935
f 813 869 936
f 814 870 937
f 815 871 938
f 816 872 939
f 817 873 940
f 818 874 941
f 819 875 942
f 820 876 943
f 821 877 944
f 822 878 945
f 823 879 946
f 824 880 947
f 825 881 948
f 826 882 949
f 827 883 950
f 828 884 951
f 829 885 952
f 830 886 953
f 831 887 954
f 832 888 955
f 833 889 956
f 834 890 957
f 835 891 958
f 836 892 959
f 837 893 960
f 838 894 961
f 839 895 962
f 840 896 963
f 841 897 964
f 842 898 965
f 843 899 966
f 844 900 967
f 900 845 968
f 967 900 968
f 845 922 968
f 799 858 969
f 927 799 969
f 858 917 969
f 788 863 970
f 863 928 970
f 797 861 971
f 847 795 972
f 782 781 973
f 859 782 973
f 781 908 973
f 868 813 974
f 813 936 974
f 809 865 975
f 931 809 975
f 865 933 975
f 846 797 976
f 918 846 976
f 797 971 976
f 798 794 977
f 849 848 978
f 848 923 978
f 795 659 919
f 791 924 851
f 924 859 979
f 795 919 980
f 851 924 981
f 924 979 981
f 794 851 982
f 977 794 982
f 851 981 982
f 915 780 983
f 780 907 983
f 853 792 984
f 792 920 984
f 921 850 985
f 850 904 985
f 803 805 986
f 923 916 987
f 916 902 987
f 979 859 988
f 859 973 988
f 790 855 989
f 905 926 990
f 919 853 991
f 980 919 991
f 853 984 991
f 920 852 992
f 852 914 992
f 795 980 972
f 808 864 993
f 864 931 993
f 805 804 994
f 986 805 994
f 804 929 994
f 807 788 995
f 788 970 995
f 806 807 996
f 807 995 996
f 862 806 997
f 917 800 998
f 800 802 998
f 810 866 999
f 811 867 1000
f 812 868 1001
f 869 814 1002
f 870 815 1003
f 871 816 1004
f 872 817 1005
f 873 818 1006
f 874 819 1007
f 875 820 1008
f 876 821 1009
f 877 822 1010
f 878 823 1011
f 879 824 1012
f 880 825 1013
f 881 826 1014
f 882 827 1015
f 883 828 1016
f 884 829 1017
f 885 830 1018
f 886 831 1019
f 887 832 1020
f 888 833 1021
f 889 834 1022
f 890 835 1023
f 891 836 1024
f 892 837 1025
f 893 838 1026
f 894 839 1027
f 895 840 1028
f 896 841 1029
f 897 842 1030
f 898 843 1031
f 899 844 1032
f 808 993 928
f 855 785 1033
f 785 912 1033
f 854 915 1034
f 915 983 1034
f 856 910 1035
f 904 803 1036
f 985 904 1036
f 803 986 1036
f 971 861 1037
f 861 909 1037
f 906 790 1038
f 790 989 1038
f 903 796 1039
f 796 930 1039
f 1032 844 967
f 1031 843 966
f 1030 842 965
f 1029 841 964
f 1028 840 963
f 1027 839 962
f 1026 838 961
f 1025 837 960
f 1024 836 959
f 1023 835 958
f 1022 834 957
f 1021 833 956
f 1020 832 955
f 1019 831 954
f 1018 830 953
f 1017 829 952
f 907 798 1040
f 798 977 1040
f 908 856 1041
f 856 1035 1041
f 1016 828 951
f 1015 827 950
f 1014 826 949
f 1013 825 948
f 1012 824 947
f 1011 823 946
f 1007 819 942
f 910 905 1042
f 1035 910 1042
f 905 990 1042
f 1010 822 945
f 911 849 1043
f 849 978 1043
f 1008 820 943
f 1006 818 941
f 1005 817 940
f 1004 816 939
f 1003 815 938
f 1002 814 937
f 966 899 1032
f 965 898 1031
f 964 897 1030
f 963 896 1029
f 962 895 1028
f 961 894 1027
f 960 893 1026
f 959 892 1025
f 958 891 1024
f 957 890 1023
f 956 889 1022
f 955 888 1021
f 954 887 1020
f 953 886 1019
f 952 885 1018
f 951 884 1017
f 950 883 1016
f 949 882 1015
f 948 881 1014
f 947 880 1013
f 946 879 1012
f 945 878 1011
f 944 877 1010
f 943 876 1009
f 942 875 1008
f 941 874 1007
f 940 873 1006
f 939 872 1005
f 938 871 1004
f 937 870 1003
f 936 869 1002
f 802 801 1044
f 998 802 1044
f 801 932 1044
f 935 812 1001
f 934 811 1000
f 925 862 997
f 913 847 1045
f 847 972 1045
f 1009 821 944
f 1001 868 974
f 1000 867 935
f 810 999 933
f 997 806 996
f 999 866 934
f 1016 951 1046
f 972 980 1047
f 987 902 1038
f 923 987 1048
f 989 855 1049
f 855 1033 1049
f 909 911 1050
f 1037 909 1050
f 911 1043 1050
f 1032 967 1051
f 1000 935 1052
f 1010 945 1053
f 929 925 1054
f 993 931 1055
f 1038 902 906
f 930 927 1056
f 932 921 1057
f 999 934 1058
f 854 1034 1033
f 933 999 1059
f 999 1058 1059
f 934 1000 1060
f 1058 934 1060
f 1000 1052 1060
f 966 1032 1061
f 1032 1051 1061
f 936 1002 1062
f 937 1003 1063
f 938 1004 1064
f 939 1005 1065
f 940 1006 1066
f 941 1007 1067
f 1006 941 1068
f 1066 1006 1068
f 941 1067 1068
f 942 1008 1069
f 1001 974 1070
f 943 1009 1071
f 944 1010 1072
f 1010 1053 1072
f 1007 942 1073
f 1067 1007 1073
f 942 1069 1073
f 1011 946 1074
f 1012 947 1075
f 1013 948 1076
f 1014 949 1077
f 1015 950 1078
f 950 1016 1079
f 1078 950 1079
f 1016 1046 1079
f 1017 952 1080
f 1018 953 1081
f 1019 954 1082
f 1020 955 1083
f 1021 956 1084
f 1022 957 1085
f 1023 958 1086
f 1024 959 1087
f 1025 960 1088
f 1026 961 1089
f 1027 962 1090
f 1028 963 1091
f 1029 964 1092
f 1030 965 1093
f 1031 966 1094
f 966 1061 1094
f 928 993 1095
f 993 1055 1095
f 973 908 1096
f 988 973 1096
f 908 1041 1096
f 970 928 1097
f 928 1095 1097
f 1038 989 1098
f 1009 944 1099
f 1071 1009 1099
f 944 1072 1099
f 926 913 1100
f 990 926 1100
f 913 1045 1100
f 974 936 1101
f 1070 974 1101
f 936 1062 1101
f 978 923 1102
f 923 1048 1102
f 1008 943 1103
f 1069 1008 1103
f 943 1071 1103
f 914 903 1104
f 992 914 1104
f 903 1039 1104
f 922 918 1105
f 987 1038 1106
f 984 920 1107
f 1051 967 1108
f 967 968 1108
f 995 970 1109
f 970 1097 1109
f 971 1037 1110
f 1038 1098 1106
f 1049 1033 1111
f 1033 1034 1111
f 1048 987 1106
f 986 994 1112
f 1057 921 1113
f 921 985 1113
f 994 929 1114
f 1112 994 1114
f 929 1054 1114
f 976 971 1115
f 971 1110 1115
f 996 995 1116
f 995 1109 1116
f 1056 927 1117
f 927 969 1117
f 1047 980 1118
f 980 991 1118
f 854 1033 912
f 983 907 1119
f 907 1040 1119
f 917 998 1120
f 935 1001 1121
f 997 996 1122
f 996 1116 1122
f 925 997 1123
f 1054 925 1123
f 997 1122 1123
f 1002 937 1124
f 1003 938 1125
f 1004 939 1126
f 1005 940 1127
f 1035 1042 1128
f 1001 1070 1121
f 990 1100 1129
f 945 1011 1130
f 946 1012 1131
f 947 1013 1132
f 948 1014 1133
f 949 1015 1134
f 951 1017 1135
f 952 1018 1136
f 953 1019 1137
f 954 1020 1138
f 955 1021 1139
f 956 1022 1140
f 957 1023 1141
f 958 1024 1142
f 959 1025 1143
f 960 1026 1144
f 961 1027 1145
f 962 1028 1146
f 963 1029 1147
f 964 1030 1148
f 965 1031 1149
f 1034 983 1150
f 1111 1034 1150
f 983 1119 1150
f 1145 1027 1090
f 1098 989 1151
f 989 1049 1151
f 977 982 1152
f 1130 1011 1074
f 1039 930 1153
f 930 1056 1153
f 1036 986 1154
f 986 1112 1154
f 1040 977 1155
f 977 1152 1155
f 1041 1035 1156
f 1035 1128 1156
f 1149 1031 1094
f 1148 1030 1093
f 1147 1029 1092
f 1042 990 1157
f 1128 1042 1157
f 990 1129 1157
f 1146 1028 1091
f 1043 978 1158
f 978 1102 1158
f 975 933 1159
f 933 1059 1159
f 1144 1026 1089
f 1143 1025 1088
f 1142 1024 1087
f 1141 1023 1086
f 1140 1022 1085
f 1139 1021 1084
f 1138 1020 1083
f 968 922 1160
f 1108 968 1160
f 922 1105 1160
f 969 917 1161
f 1117 969 1161
f 917 1120 1161
f 1137 1019 1082
f 1136 1018 1081
f 1135 1017 1080
f 1134 1015 1078
f 1133 1014 1077
f 1132 1013 1076
f 1131 1012 1075
f 1093 965 1149
f 1092 964 1148
f 1091 963 1147
f 1090 962 1146
f 1089 961 1145
f 1088 960 1144
f 1087 959 1143
f 1086 958 1142
f 1085 957 1141
f 1084 956 1140
f 1083 955 1139
f 1082 954 1138
f 1080 952 1136
f 1077 949 1134
f 1076 948 1133
f 1074 946 1131
f 1065 1005 1127
f 1044 932 1162
f 932 1057 1162
f 1064 1004 1126
f 1107 920 1163
f 920 992 1163
f 1045 972 1164
f 972 1047 1164
f 1124 937 1063
f 981 979 1165
f 1127 940 1066
f 1126 939 1065
f 935 1121 1052
f 1002 1124 1062
f 1125 938 1064
f 1003 1125 1063
f 945 1130 1053
f 947 1132 1075
f 951 1135 1046
f 953 1137 1081
f 1165 979 1166
f 979 988 1166
f 1124 1063 1167
f 982 981 1168
f 1152 982 1168
f 981 1165 1168
f 918 976 1169
f 1110 1037 1170
f 1037 1050 1170
f 1097 1095 1171
f 1062 1124 1172
f 1124 1167 1172
f 1106 1098 1173
f 1075 1132 1174
f 1122 1116 1175
f 1061 1051 1176
f 1064 1126 1177
f 1059 1058 1178
f 1146 1091 1179
f 1120 998 1180
f 998 1044 1180
f 1144 1089 1181
f 1081 1137 1182
f 1134 1078 1183
f 1053 1130 1184
f 931 975 1185
f 1125 1064 1186
f 1064 1177 1186
f 918 1169 1105
f 931 1185 1055
f 1105 1169 1187
f 1063 1125 1188
f 1167 1063 1188
f 1125 1186 1188
f 1052 1121 1189
f 1149 1094 1190
f 1102 1048 1191
f 1046 1135 1192
f 1065 1127 1193
f 1093 1149 1194
f 1149 1190 1194
f 1131 1075 1195
f 1075 1174 1195
f 1074 1131 1196
f 1131 1195 1196
f 1076 1133 1197
f 1077 1134 1198
f 1134 1183 1198
f 1136 1081 1199
f 1081 1182 1199
f 1080 1136 1200
f 1136 1199 1200
f 1082 1138 1201
f 1083 1139 1202
f 1084 1140 1203
f 1085 1141 1204
f 1086 1142 1205
f 1087 1143 1206
f 1088 1144 1207
f 1144 1181 1207
f 1090 1146 1208
f 1146 1179 1208
f 1147 1092 1209
f 1148 1093 1210
f 1093 1194 1210
f 985 1036 1211
f 1113 985 1211
f 1036 1154 1211
f 1169 976 1115
f 1130 1074 1212
f 1184 1130 1212
f 1074 1196 1212
f 991 984 1213
f 1118 991 1213
f 984 1107 1213
f 1094 1061 1214
f 1190 1094 1214
f 1061 1176 1214
f 1185 975 1159
f 1072 1053 1215
f 1053 1184 1215
f 1100 1045 1216
f 1129 1100 1216
f 1045 1164 1216
f 1048 1106 1217
f 1191 1048 1217
f 1106 1173 1217
f 1145 1090 1218
f 1090 1208 1218
f 1055 1185 1219
f 1152 1168 1220
f 1069 1103 1221
f 1112 1114 1222
f 1110 1170 1223
f 1109 1097 1224
f 1097 1171 1224
f 1047 1118 1225
f 1050 1043 1226
f 1170 1050 1226
f 1043 1158 1226
f 1173 1098 1227
f 1098 1151 1227
f 1067 1073 1228
f 1115 1110 1229
f 1110 1223 1229
f 1057 1113 1230
f 1047 1225 1164
f 1180 1044 1162
f 1169 1115 1231
f 1187 1169 1231
f 1115 1229 1231
f 1116 1109 1232
f 1175 1116 1232
f 1109 1224 1232
f 1120 1180 1233
f 1178 1058 1234
f 1058 1060 1234
f 1123 1122 1235
f 1122 1175 1235
f 1129 1216 1236
f 1176 1051 1237
f 1051 1108 1237
f 1060 1052 1238
f 1234 1060 1238
f 1052 1189 1238
f 1107 1163 1239
f 1126 1065 1240
f 1121 1070 1241
f 1073 1069 1242
f 1228 1073 1242
f 1069 1221 1242
f 1065 1193 1240
f 1132 1076 1243
f 1133 1077 1244
f 1165 1166 1245
f 1137 1082 1246
f 1135 1080 1247
f 1166 988 1248
f 988 1096 1248
f 1138 1083 1249
f 1139 1084 1250
f 1140 1085 1251
f 1141 1086 1252
f 1142 1087 1253
f 1143 1088 1254
f 1089 1145 1255
f 1128 1157 1256
f 1091 1147 1257
f 1092 1148 1258
f 1209 1092 1258
f 1148 1210 1258
f 1111 1150 1259
f 1095 1055 1260
f 1096 1041 1261
f 1248 1096 1261
f 1041 1156 1261
f 1056 1117 1262
f 1099 1072 1263
f 1072 1215 1263
f 1119 1040 1264
f 1040 1155 1264
f 1246 1082 1201
f 1071 1099 1265
f 1099 1263 1265
f 1153 1056 1266
f 1056 1262 1266
f 1154 1112 1267
f 1112 1222 1267
f 1155 1152 1268
f 1152 1220 1268
f 1156 1128 1269
f 1128 1256 1269
f 1157 1129 1270
f 1256 1157 1270
f 1129 1236 1270
f 1158 1102 1271
f 1102 1191 1271
f 1159 1059 1272
f 1059 1178 1272
f 1101 1062 1273
f 1062 1172 1273
f 1161 1120 1274
f 1120 1233 1274
f 1103 1071 1275
f 1221 1103 1275
f 1071 1265 1275
f 1160 1105 1276
f 1105 1187 1276
f 1255 1145 1218
f 1254 1088 1207
f 1253 1087 1206
f 1252 1086 1205
f 1251 1085 1204
f 1250 1084 1203
f 1247 1080 1200
f 1206 1143 1254
f 1205 1142 1253
f 1204 1141 1252
f 1203 1140 1251
f 1202 1139 1250
f 1193 1127 1277
f 1127 1066 1277
f 1079 1046 1278
f 1046 1192 1278
f 1192 1135 1247
f 1068 1067 1279
f 1067 1228 1279
f 1213 1107 1280
f 1107 1239 1280
f 1104 1039 1281
f 1039 1153 1281
f 1162 1057 1282
f 1057 1230 1282
f 1182 1137 1246
f 1189 1121 1241
f 1049 1111 1283
f 1054 1123 1284
f 1123 1235 1284
f 1244 1077 1198
f 1138 1249 1201
f 1257 1147 1209
f 1132 1243 1174
f 1126 1240 1177
f 1049 1283 1151
f 1243 1076 1197
f 1133 1244 1197
f 1249 1083 1202
f 1089 1255 1181
f 1091 1257 1179
f 1111 1259 1283
f 1260 1055 1219
f 1095 1260 1171
f 1054 1284 1114
f 1240 1193 1285
f 1182 1246 1286
f 1114 1284 1222
f 1118 1213 1287
f 1225 1118 1287
f 1213 1280 1287
f 1185 1159 1288
f 1230 1113 1289
f 1113 1211 1289
f 1241 1070 1273
f 1070 1101 1273
f 1244 1198 1290
f 1239 1163 1291
f 1174 1243 1292
f 1283 1259 1293
f 1179 1257 1294
f 1206 1254 1295
f 1151 1283 1296
f 1283 1293 1296
f 1236 1216 1297
f 1216 1164 1297
f 1171 1260 1298
f 1218 1208 1299
f 1197 1244 1300
f 1244 1290 1300
f 1066 1068 1301
f 1192 1247 1302
f 992 1104 1303
f 1177 1240 1304
f 1240 1285 1304
f 1245 1166 1305
f 1166 1248 1305
f 1241 1273 1306
f 1195 1174 1307
f 1174 1292 1307
f 1172 1167 1308
f 1196 1195 1309
f 1195 1307 1309
f 1249 1202 1310
f 1201 1249 1311
f 1249 1310 1311
f 1165 1245 1220
f 1078 1079 1312
f 1189 1241 1313
f 1241 1306 1313
f 1199 1182 1314
f 1182 1286 1314
f 1200 1199 1315
f 1199 1314 1315
f 1108 1160 1276
f 1237 1108 1276
f 1316 1317 1318
f 1247 1200 1319
f 1302 1247 1319
f 1200 1315 1319
f 1203 1251 1320
f 1252 1205 1321
f 1253 1206 1322
f 1206 1295 1322
f 1208 1179 1294
f 1299 1208 1294
f 1323 1324 1318
f 1185 1288 1219
f 1066 1301 1277
f 1078 1312 1183
f 1222 1284 1325
f 1288 1159 1272
f 1312 1079 1278
f 1301 1068 1279
f 1303 1104 1281
f 992 1303 1163
f 1220 1245 1326
f 1243 1197 1327
f 1292 1243 1327
f 1197 1300 1327
f 1117 1161 1328
f 1262 1117 1328
f 1161 1274 1328
f 1150 1119 1329
f 1259 1150 1329
f 1119 1264 1329
f 1273 1172 1330
f 1172 1308 1330
f 1223 1170 1331
f 1170 1226 1331
f 1210 1194 1332
f 1186 1177 1333
f 1177 1304 1333
f 1215 1184 1334
f 1180 1162 1335
f 1233 1180 1335
f 1162 1282 1335
f 1255 1218 1336
f 1218 1299 1336
f 1246 1201 1337
f 1286 1246 1337
f 1201 1311 1337
f 1163 1303 1291
f 1227 1151 1296
f 1288 1272 1338
f 1221 1275 1339
f 1229 1223 1340
f 1175 1232 1341
f 1230 1289 1342
f 1242 1221 1343
f 1221 1339 1343
f 1164 1225 1297
f 1290 1198 1344
f 1198 1183 1344
f 1239 1291 1345
f 1236 1297 1346
f 1214 1176 1347
f 1219 1288 1348
f 1178 1234 1349
f 1288 1338 1348
f 1235 1175 1350
f 1175 1341 1350
f 1238 1189 1351
f 1189 1313 1351
f 1191 1217 1352
f 1262 1328 1353
f 1188 1186 1333
f 1317 1323 1318
f 1225 1287 1354
f 1347 1176 1355
f 1176 1237 1355
f 1187 1231 1356
f 1228 1242 1357
f 1242 1343 1357
f 1326 1245 1358
f 1245 1305 1358
f 1273 1330 1306
f 1320 1251 1359
f 1251 1204 1359
f 1165 1220 1168
f 1310 1202 1360
f 1202 1250 1360
f 1291 1303 1281
f 1325 1284 1361
f 1284 1235 1361
f 1257 1209 1362
f 1181 1255 1363
f 1193 1277 1364
f 1250 1203 1365
f 1365 1203 1320
f 1204 1252 1366
f 1205 1253 1367
f 1256 1270 1368
f 1173 1227 1369
f 1295 1254 1370
f 1254 1207 1370
f 1294 1257 1362
f 1293 1259 1371
f 1259 1329 1371
f 1211 1154 1372
f 1289 1211 1372
f 1154 1267 1372
f 1340 1223 1373
f 1223 1331 1373
f 1263 1215 1374
f 1215 1334 1374
f 1264 1155 1375
f 1155 1268 1375
f 1265 1263 1376
f 1263 1374 1376
f 1212 1196 1377
f 1196 1309 1377
f 1226 1158 1378
f 1331 1226 1378
f 1158 1271 1378
f 1266 1262 1379
f 1262 1353 1379
f 1267 1222 1380
f 1222 1325 1380
f 1268 1220 1381
f 1220 1326 1381
f 1269 1256 1382
f 1256 1368 1382
f 1270 1236 1383
f 1368 1270 1383
f 1236 1346 1383
f 1224 1171 1384
f 1171 1298 1384
f 1272 1178 1385
f 1338 1272 1385
f 1178 1349 1385
f 1274 1233 1386
f 1275 1265 1387
f 1339 1275 1387
f 1265 1376 1387
f 1261 1156 1388
f 1156 1269 1388
f 1258 1210 1389
f 1210 1332 1389
f 1271 1191 1390
f 1191 1352 1390
f 1332 1194 1391
f 1194 1190 1391
f 1207 1181 1392
f 1183 1312 1393
f 1344 1183 1393
f 1312 1278 1393
f 1207 1392 1370
f 1278 1192 1394
f 1192 1302 1394
f 1279 1228 1395
f 1228 1357 1395
f 1276 1187 1396
f 1187 1356 1396
f 1280 1239 1397
f 1239 1345 1397
f 1281 1153 1398
f 1291 1281 1398
f 1153 1266 1398
f 1282 1230 1399
f 1230 1342 1399
f 1360 1250 1365
f 1277 1301 1400
f 1260 1219 1348
f 1298 1260 1348
f 1401 1323 1317
f 1285 1193 1364
f 1204 1366 1359
f 1386 1233 1402
f 1233 1335 1402
f 1297 1225 1403
f 1346 1297 1403
f 1225 1354 1403
f 1367 1253 1322
f 1364 1277 1400
f 1363 1255 1336
f 1362 1209 1404
f 1209 1258 1404
f 1181 1363 1392
f 1366 1252 1321
f 1205 1367 1321
f 1173 1369 1217
f 1190 1214 1405
f 1234 1238 1406
f 1349 1234 1406
f 1238 1351 1406
f 1287 1280 1407
f 1354 1287 1407
f 1280 1397 1407
f 1360 1365 1408
f 1184 1212 1409
f 1334 1184 1409
f 1212 1377 1409
f 1353 1328 1410
f 1328 1274 1410
f 1167 1188 1411
f 1308 1167 1411
f 1188 1333 1411
f 1306 1330 1412
f 1345 1291 1413
f 1291 1398 1413
f 1231 1229 1356
f 1414 1316 1318
f 1229 1340 1356
f 1214 1347 1405
f 1309 1307 1415
f 1285 1364 1416
f 1274 1386 1410
f 1348 1338 1417
f 1290 1344 1418
f 1352 1217 1369
f 1232 1224 1419
f 1341 1232 1419
f 1224 1384 1419
f 1336 1299 1420
f 1304 1285 1421
f 1285 1416 1421
f 1370 1392 1422
f 1190 1405 1391
f 1405 1347 1423
f 1352 1369 1424
f 1391 1405 1425
f 1405 1423 1425
f 1300 1290 1426
f 1290 1418 1426
f 1310 1360 1427
f 1360 1408 1427
f 1332 1391 1428
f 1391 1425 1428
f 1314 1286 1429
f 1315 1314 1430
f 1314 1429 1430
f 1359 1366 1431
f 1363 1336 1432
f 1336 1420 1432
f 1296 1293 1433
f 1295 1370 1434
f 1370 1422 1434
f 1248 1261 1435
f 1305 1248 1435
f 1261 1388 1435
f 1333 1304 1436
f 1304 1421 1436
f 1329 1264 1437
f 1371 1329 1437
f 1264 1375 1437
f 1400 1301 1395
f 1342 1289 1380
f 1289 1372 1380
f 1301 1279 1395
f 1313 1306 1438
f 1306 1412 1438
f 1294 1362 1439
f 1400 1395 1440
f 1403 1354 1441
f 1349 1406 1442
f 1340 1373 1443
f 1441 1354 1444
f 1354 1407 1444
f 1235 1350 1361
f 1373 1331 1445
f 1331 1378 1445
f 1334 1409 1446
f 1424 1369 1447
f 1326 1358 1448
f 1311 1310 1449
f 1310 1427 1449
f 1227 1296 1450
f 1345 1413 1451
f 1356 1340 1452
f 1340 1443 1452
f 1418 1344 1453
f 1296 1433 1450
f 1319 1315 1454
f 1315 1430 1454
f 1353 1410 1455
f 1415 1307 1456
f 1307 1292 1456
f 1417 1338 1457
f 1338 1385 1457
f 1227 1450 1369
f 1350 1341 1458
f 1351 1313 1459
f 1313 1438 1459
f 1302 1319 1460
f 1394 1302 1460
f 1319 1454 1460
f 1456 1292 1461
f 1292 1327 1461
f 1388 1269 1462
f 1269 1382 1462
f 1324 1463 1318
f 1365 1320 1408
f 1276 1396 1355
f 1384 1298 1464
f 1423 1347 1465
f 1347 1355 1465
f 1320 1359 1466
f 1408 1320 1466
f 1359 1431 1466
f 1412 1330 1467
f 1330 1308 1467
f 1334 1446 1374
f 1404 1258 1389
f 1429 1286 1468
f 1286 1337 1468
f 1353 1455 1379
f 1325 1361 1469
f 1431 1366 1470
f 1366 1321 1470
f 1322 1295 1471
f 1433 1293 1472
f 1293 1371 1472
f 1399 1342 1473
f 1321 1367 1474
f 1470 1321 1474
f 1367 1322 1474
f 1364 1400 1475
f 1368 1383 1476
f 1463 1414 1318
f 1477 1463 1324
f 1295 1434 1471
f 1357 1343 1478
f 1479 1401 1317
f 1333 1436 1480
f 1392 1363 1422
f 1316 1481 1317
f 1363 1432 1422
f 1372 1267 1380
f 1481 1479 1317
f 1481 1482 1479
f 1375 1268 1483
f 1268 1381 1483
f 1376 1374 1484
f 1374 1446 1484
f 1377 1309 1485
f 1309 1415 1485
f 1378 1271 1486
f 1445 1378 1486
f 1271 1390 1486
f 1380 1325 1487
f 1325 1469 1487
f 1381 1326 1448
f 1335 1282 1488
f 1402 1335 1488
f 1282 1399 1488
f 1382 1368 1489
f 1368 1476 1489
f 1385 1349 1490
f 1457 1385 1490
f 1349 1442 1490
f 1393 1278 1394
f 1389 1332 1491
f 1332 1428 1491
f 1390 1352 1492
f 1352 1424 1492
f 1322 1471 1474
f 1364 1475 1416
f 1344 1393 1453
f 1493 1481 1316
f 1356 1452 1494
f 1395 1357 1495
f 1396 1356 1494
f 1346 1403 1496
f 1403 1441 1496
f 1369 1450 1447
f 1397 1345 1497
f 1345 1451 1497
f 1398 1266 1498
f 1413 1398 1498
f 1266 1379 1498
f 1499 1414 1463
f 1348 1417 1500
f 1376 1484 1501
f 1440 1395 1495
f 1439 1362 1502
f 1362 1404 1502
f 1400 1440 1475
f 1458 1341 1503
f 1341 1419 1503
f 1357 1478 1495
f 1473 1342 1504
f 1342 1380 1504
f 1376 1501 1387
f 1393 1394 1453
f 1418 1453 1505
f 1451 1413 1506
f 1413 1498 1506
f 1425 1423 1507
f 1407 1397 1508
f 1444 1407 1508
f 1397 1497 1508
f 1409 1377 1509
f 1446 1409 1509
f 1377 1485 1509
f 1361 1350 1510
f 1469 1361 1510
f 1350 1458 1510
f 1424 1447 1511
f 1311 1449 1468
f 1449 1427 1512
f 1308 1411 1513
f 1346 1496 1476
f 1455 1410 1514
f 1410 1386 1514
f 1415 1456 1515
f 1305 1435 1516
f 1476 1496 1517
f 1299 1294 1439
f 1420 1299 1439
f 1518 1324 1323
f 1464 1298 1500
f 1412 1467 1519
f 1419 1384 1520
f 1503 1419 1520
f 1384 1464 1520
f 1421 1416 1521
f 1467 1308 1513
f 1471 1434 1522
f 1355 1396 1523
f 1465 1355 1523
f 1396 1494 1523
f 1327 1300 1461
f 1401 1524 1323
f 1300 1426 1461
f 1426 1418 1525
f 1418 1505 1525
f 1358 1305 1516
f 1438 1412 1526
f 1412 1519 1526
f 1447 1450 1527
f 1450 1433 1527
f 1436 1421 1528
f 1421 1521 1528
f 1386 1402 1514
f 1448 1358 1529
f 1358 1516 1529
f 1428 1425 1530
f 1425 1507 1530
f 1431 1470 1531
f 1237 1276 1355
f 1432 1420 1532
f 1495 1478 1533
f 1470 1474 1534
f 1531 1470 1534
f 1474 1471 1534
f 1430 1429 1535
f 1406 1351 1536
f 1442 1406 1536
f 1351 1459 1536
f 1464 1500 1537
f 1478 1343 1538
f 1343 1339 1538
f 1443 1373 1539
f 1373 1445 1539
f 1484 1446 1540
f 1453 1394 1541
f 1394 1460 1541
f 1381 1448 1542
f 1339 1387 1538
f 1524 1518 1323
f 1387 1501 1538
f 1501 1484 1543
f 1484 1540 1543
f 1440 1495 1544
f 1495 1533 1544
f 1298 1348 1500
f 1468 1449 1545
f 1449 1512 1545
f 1455 1514 1546
f 1514 1402 1547
f 1489 1476 1548
f 1476 1517 1548
f 1505 1453 1541
f 1451 1506 1549
f 1507 1423 1550
f 1423 1465 1550
f 1513 1411 1480
f 1512 1427 1551
f 1427 1408 1551
f 1441 1444 1552
f 1380 1487 1504
f 1546 1514 1553
f 1514 1547 1553
f 1487 1469 1554
f 1311 1468 1337
f 1455 1546 1555
f 1471 1522 1534
f 1411 1333 1480
f 1346 1476 1383
f 1500 1417 1556
f 1439 1502 1557
f 1454 1430 1558
f 1430 1535 1558
f 1515 1456 1559
f 1456 1461 1559
f 1459 1438 1560
f 1438 1526 1560
f 1519 1467 1561
f 1467 1513 1561
f 1462 1382 1562
f 1382 1489 1562
f 1523 1494 1563
f 1522 1434 1564
f 1434 1422 1564
f 1379 1455 1565
f 1538 1501 1566
f 1501 1543 1566
f 1475 1440 1567
f 1527 1433 1568
f 1433 1472 1568
f 1513 1480 1561
f 1466 1431 1569
f 1431 1531 1569
f 1533 1478 1570
f 1478 1538 1570
f 1571 1401 1479
f 1439 1557 1572
f 1416 1475 1567
f 1521 1416 1567
f 1477 1499 1463
f 1482 1571 1479
f 1371 1437 1472
f 1440 1544 1567
f 1458 1503 1573
f 1511 1447 1574
f 1447 1527 1574
f 1532 1420 1572
f 1556 1417 1575
f 1417 1457 1575
f 1442 1536 1576
f 1480 1436 1577
f 1436 1528 1577
f 1435 1388 1578
f 1516 1435 1578
f 1388 1462 1578
f 1381 1542 1483
f 1404 1389 1491
f 1502 1404 1491
f 1579 1493 1316
f 1540 1446 1580
f 1446 1509 1580
f 1451 1549 1497
f 1485 1415 1581
f 1415 1515 1581
f 1443 1539 1582
f 1490 1442 1583
f 1442 1576 1583
f 1500 1556 1537
f 1437 1375 1584
f 1472 1437 1584
f 1375 1483 1584
f 1542 1448 1585
f 1491 1428 1586
f 1428 1530 1586
f 1492 1424 1587
f 1424 1511 1587
f 1520 1464 1588
f 1464 1537 1588
f 1473 1504 1589
f 1496 1441 1590
f 1517 1496 1590
f 1551 1408 1591
f 1414 1579 1316
f 1402 1488 1547
f 1452 1443 1592
f 1443 1582 1592
f 1429 1468 1545
f 1535 1429 1545
f 1493 1593 1481
f 1448 1529 1585
f 1554 1469 1594
f 1469 1510 1594
f 1473 1589 1547
f 1590 1441 1552
f 1549 1506 1565
f 1512 1551 1595
f 1552 1444 1596
f 1444 1508 1596
f 1510 1458 1594
f 1545 1512 1597
f 1512 1595 1597
f 1534 1522 1598
f 1533 1570 1599
f 1519 1561 1600
f 1505 1541 1601
f 1460 1454 1602
f 1541 1460 1602
f 1454 1558 1602
f 1532 1572 1603
f 1503 1520 1604
f 1573 1503 1604
f 1520 1588 1604
f 1563 1494 1592
f 1390 1492 1605
f 1522 1564 1606
f 1537 1556 1607
f 1565 1455 1555
f 1542 1585 1608
f 1465 1523 1609
f 1550 1465 1609
f 1523 1563 1609
f 1458 1573 1594
f 1567 1544 1610
f 1408 1466 1591
f 1526 1519 1611
f 1519 1600 1611
f 1570 1538 1566
f 1528 1521 1612
f 1529 1516 1613
f 1530 1507 1614
f 1555 1546 1615
f 1390 1605 1486
f 1566 1543 1616
f 1570 1566 1617
f 1599 1570 1617
f 1566 1616 1617
f 1605 1492 1618
f 1492 1587 1618
f 1591 1466 1569
f 1529 1613 1619
f 1592 1494 1452
f 1483 1542 1620
f 1379 1565 1506
f 1621 1477 1324
f 1432 1532 1622
f 1561 1480 1577
f 1622 1532 1623
f 1532 1603 1623
f 1531 1534 1598
f 1536 1459 1624
f 1576 1536 1624
f 1459 1560 1624
f 1564 1422 1622
f 1547 1589 1553
f 1592 1582 1625
f 1594 1573 1626
f 1504 1487 1627
f 1589 1504 1627
f 1487 1554 1627
f 1426 1525 1628
f 1628 1525 1629
f 1525 1505 1630
f 1629 1525 1630
f 1505 1601 1630
f 1517 1590 1631
f 1544 1533 1632
f 1610 1544 1632
f 1533 1599 1632
f 1563 1592 1633
f 1592 1625 1633
f 1461 1426 1628
f 1585 1529 1619
f 1554 1594 1634
f 1594 1626 1634
f 1518 1621 1324
f 1576 1624 1635
f 1507 1550 1614
f 1558 1535 1636
f 1515 1559 1637
f 1497 1549 1638
f 1609 1563 1639
f 1563 1633 1639
f 1598 1522 1606
f 1607 1556 1640
f 1556 1575 1640
f 1557 1502 1641
f 1531 1598 1642
f 1585 1619 1643
f 1516 1578 1613
f 1560 1526 1644
f 1526 1611 1644
f 1615 1546 1645
f 1546 1553 1645
f 1541 1602 1601
f 1595 1551 1646
f 1551 1591 1646
f 1616 1543 1647
f 1543 1540 1647
f 1565 1555 1648
f 1549 1565 1648
f 1555 1615 1648
f 1608 1585 1649
f 1585 1643 1649
f 1603 1572 1650
f 1568 1472 1651
f 1652 1593 1493
f 1577 1528 1653
f 1528 1612 1653
f 1572 1557 1650
f 1654 1652 1493
f 1567 1610 1655
f 1509 1485 1581
f 1580 1509 1581
f 1593 1482 1481
f 1574 1527 1656
f 1527 1568 1656
f 1486 1605 1539
f 1379 1506 1498
f 1511 1574 1657
f 1627 1554 1658
f 1554 1634 1658
f 1561 1577 1659
f 1600 1561 1659
f 1577 1653 1659
f 1579 1654 1493
f 1548 1517 1660
f 1517 1631 1660
f 1432 1622 1422
f 1626 1573 1661
f 1573 1604 1661
f 1549 1648 1662
f 1457 1490 1575
f 1499 1663 1414
f 1578 1462 1613
f 1553 1589 1664
f 1625 1582 1665
f 1583 1576 1635
f 1666 1579 1414
f 1581 1515 1667
f 1515 1637 1667
f 1589 1627 1668
f 1664 1589 1668
f 1627 1658 1668
f 1582 1539 1669
f 1490 1583 1575
f 1584 1483 1620
f 1586 1530 1670
f 1530 1614 1670
f 1631 1590 1671
f 1590 1552 1671
f 1587 1511 1672
f 1511 1657 1672
f 1588 1537 1673
f 1537 1607 1673
f 1461 1628 1559
f 1636 1535 1597
f 1497 1638 1596
f 1646 1591 1642
f 1647 1540 1674
f 1540 1580 1674
f 1549 1662 1638
f 1539 1605 1669
f 1582 1669 1665
f 1671 1552 1675
f 1552 1596 1675
f 1559 1628 1676
f 1637 1559 1676
f 1628 1629 1676
f 1613 1462 1562
f 1620 1542 1608
f 1399 1473 1488
f 1612 1521 1655
f 1614 1550 1677
f 1646 1642 1678
f 1618 1587 1679
f 1587 1672 1679
f 1601 1602 1680
f 1558 1636 1680
f 1597 1595 1681
f 1642 1598 1682
f 1598 1606 1682
f 1564 1622 1683
f 1606 1564 1683
f 1622 1623 1683
f 1531 1642 1569
f 1603 1650 1684
f 1553 1664 1645
f 1420 1439 1572
f 1562 1489 1685
f 1604 1588 1686
f 1661 1604 1686
f 1588 1673 1686
f 1620 1608 1687
f 1550 1609 1677
f 1633 1625 1688
f 1619 1613 1562
f 1611 1600 1689
f 1489 1548 1685
f 1486 1539 1445
f 1663 1666 1414
f 1650 1557 1690
f 1655 1610 1691
f 1631 1671 1692
f 1562 1685 1619
f 1557 1641 1690
f 1623 1603 1693
f 1603 1684 1693
f 1624 1560 1694
f 1635 1624 1694
f 1560 1644 1694
f 1662 1648 1695
f 1648 1615 1695
f 1625 1665 1696
f 1666 1654 1579
f 1575 1583 1697
f 1640 1575 1697
f 1583 1635 1697
f 1605 1618 1669
f 1612 1655 1698
f 1655 1691 1698
f 1491 1586 1641
f 1636 1597 1699
f 1616 1647 1700
f 1701 1524 1401
f 1657 1574 1702
f 1574 1656 1702
f 1602 1558 1680
f 1643 1619 1703
f 1619 1685 1703
f 1650 1690 1704
f 1690 1641 1586
f 1685 1548 1705
f 1548 1660 1705
f 1669 1618 1665
f 1595 1646 1706
f 1681 1595 1706
f 1646 1678 1706
f 1634 1626 1707
f 1690 1586 1670
f 1665 1618 1679
f 1614 1677 1708
f 1634 1707 1658
f 1497 1596 1508
f 1581 1667 1674
f 1664 1668 1709
f 1637 1676 1710
f 1643 1703 1711
f 1571 1712 1401
f 1703 1685 1705
f 1609 1639 1677
f 1597 1681 1699
f 1642 1682 1678
f 1682 1606 1713
f 1683 1623 1714
f 1623 1693 1714
f 1641 1502 1491
f 1599 1617 1715
f 1684 1650 1704
f 1521 1567 1655
f 1645 1664 1716
f 1664 1709 1716
f 1644 1611 1717
f 1611 1689 1717
f 1657 1702 1718
f 1600 1659 1689
f 1625 1696 1688
f 1607 1640 1719
f 1607 1719 1673
f 1662 1695 1720
f 1591 1569 1642
f 1653 1612 1721
f 1612 1698 1721
f 1691 1610 1722
f 1610 1632 1722
f 1635 1694 1723
f 1631 1692 1660
f 1707 1626 1724
f 1626 1661 1724
f 1649 1643 1711
f 1630 1601 1725
f 1596 1638 1675
f 1726 1675 1638
f 1636 1699 1727
f 1696 1665 1679
f 1584 1620 1651
f 1671 1675 1728
f 1692 1671 1728
f 1675 1726 1728
f 1687 1608 1729
f 1608 1649 1729
f 1667 1637 1730
f 1637 1710 1730
f 1636 1727 1680
f 1617 1616 1731
f 1715 1617 1731
f 1616 1700 1731
f 1672 1657 1718
f 1662 1720 1726
f 1662 1726 1638
f 1629 1630 1732
f 1630 1725 1732
f 1615 1645 1733
f 1695 1615 1733
f 1645 1716 1733
f 1620 1687 1651
f 1704 1690 1670
f 1639 1633 1734
f 1633 1688 1734
f 1473 1547 1488
f 1601 1680 1725
f 1472 1584 1651
f 1712 1701 1401
f 1656 1568 1735
f 1568 1651 1735
f 1606 1683 1713
f 1658 1707 1736
f 1711 1703 1737
f 1680 1727 1725
f 1614 1708 1670
f 1714 1693 1738
f 1684 1704 1739
f 1718 1702 1740
f 1689 1659 1741
f 1714 1713 1683
f 1719 1640 1742
f 1640 1697 1742
f 1673 1719 1743
f 1702 1656 1744
f 1740 1702 1744
f 1656 1735 1744
f 1699 1681 1745
f 1720 1695 1746
f 1695 1733 1746
f 1688 1696 1747
f 1703 1705 1737
f 1713 1714 1748
f 1714 1738 1748
f 1723 1694 1749
f 1694 1644 1749
f 1677 1639 1750
f 1708 1677 1750
f 1639 1734 1750
f 1732 1725 1751
f 1710 1676 1752
f 1676 1629 1752
f 1727 1699 1753
f 1699 1745 1753
f 1659 1653 1741
f 1693 1684 1754
f 1738 1693 1754
f 1684 1739 1754
f 1696 1679 1755
f 1704 1670 1756
f 1739 1704 1756
f 1670 1708 1756
f 1757 1663 1499
f 1635 1723 1758
f 1599 1715 1722
f 1649 1711 1759
f 1668 1658 1760
f 1709 1668 1760
f 1658 1736 1760
f 1698 1691 1761
f 1700 1647 1762
f 1678 1682 1763
f 1726 1720 1764
f 1672 1718 1765
f 1682 1713 1766
f 1763 1682 1766
f 1713 1748 1766
f 1632 1599 1722
f 1629 1732 1752
f 1651 1687 1735
f 1725 1727 1767
f 1751 1725 1767
f 1727 1753 1767
f 1752 1732 1768
f 1732 1751 1768
f 1710 1752 1769
f 1752 1768 1769
f 1722 1715 1770
f 1762 1647 1674
f 1700 1762 1771
f 1762 1674 1667
f 1762 1667 1730
f 1711 1737 1772
f 1761 1691 1773
f 1691 1722 1773
f 1644 1717 1749
f 1758 1723 1774
f 1580 1581 1674
f 1755 1679 1765
f 1762 1730 1771
f 1696 1755 1747
f 1764 1720 1775
f 1718 1740 1776
f 1717 1689 1777
f 1689 1741 1777
f 1535 1545 1597
f 1686 1673 1743
f 1661 1686 1778
f 1724 1661 1778
f 1686 1743 1778
f 1743 1719 1779
f 1720 1746 1775
f 1716 1709 1780
f 1705 1660 1781
f 1737 1705 1781
f 1728 1726 1764
f 1660 1692 1781
f 1735 1687 1744
f 1779 1719 1782
f 1719 1742 1782
f 1711 1772 1759
f 1770 1715 1783
f 1715 1731 1783
f 1745 1681 1784
f 1681 1706 1784
f 1687 1729 1744
f 1756 1708 1785
f 1708 1750 1785
f 1653 1721 1741
f 1707 1724 1786
f 1721 1698 1787
f 1698 1761 1787
f 1692 1728 1788
f 1728 1764 1788
f 1773 1722 1770
f 1649 1759 1729
f 1706 1678 1789
f 1784 1706 1789
f 1678 1763 1789
f 1730 1710 1790
f 1710 1769 1790
f 1731 1700 1791
f 1700 1771 1791
f 1781 1692 1792
f 1692 1788 1792
f 1672 1765 1679
f 1734 1688 1793
f 1688 1747 1793
f 1765 1718 1794
f 1718 1776 1794
f 1736 1707 1786
f 1795 1621 1518
f 1723 1749 1774
f 1780 1709 1796
f 1709 1760 1796
f 1761 1773 1797
f 1776 1740 1798
f 1716 1780 1799
f 1736 1786 1800
f 1777 1741 1801
f 1755 1765 1802
f 1765 1794 1802
f 1775 1746 1803
f 1746 1733 1799
f 1737 1781 1804
f 1772 1737 1804
f 1781 1792 1804
f 1748 1738 1805
f 1769 1768 1806
f 1750 1734 1807
f 1734 1793 1807
f 1753 1745 1808
f 1741 1721 1787
f 1760 1736 1809
f 1796 1760 1809
f 1736 1800 1809
f 1697 1635 1758
f 1768 1751 1810
f 1806 1768 1810
f 1751 1767 1810
f 1785 1750 1807
f 1786 1724 1811
f 1724 1778 1811
f 1739 1756 1812
f 1756 1785 1812
f 1788 1764 1813
f 1764 1775 1813
f 1747 1755 1802
f 1729 1759 1814
f 1733 1716 1799
f 1749 1717 1815
f 1774 1749 1815
f 1717 1777 1815
f 1759 1772 1816
f 1697 1758 1742
f 1742 1758 1817
f 1782 1742 1817
f 1758 1774 1817
f 1776 1798 1818
f 1793 1747 1819
f 1771 1730 1820
f 1815 1777 1821
f 1817 1774 1822
f 1800 1786 1823
f 1777 1801 1821
f 1759 1816 1814
f 1803 1746 1799
f 1778 1743 1824
f 1811 1778 1824
f 1743 1779 1824
f 1779 1782 1825
f 1740 1744 1729
f 1772 1804 1826
f 1797 1773 1827
f 1773 1770 1827
f 1747 1802 1819
f 1776 1818 1794
f 1786 1811 1823
f 1808 1745 1828
f 1745 1784 1828
f 1524 1829 1518
f 1783 1731 1791
f 1790 1769 1830
f 1769 1806 1830
f 1741 1787 1801
f 1754 1739 1831
f 1739 1812 1831
f 1787 1761 1832
f 1761 1797 1832
f 1812 1785 1833
f 1813 1775 1834
f 1775 1803 1834
f 1772 1826 1816
f 1789 1763 1835
f 1791 1771 1836
f 1792 1788 1837
f 1788 1813 1837
f 1779 1825 1824
f 1805 1738 1754
f 1730 1790 1820
f 1780 1796 1838
f 1822 1774 1839
f 1829 1795 1518
f 1799 1780 1838
f 1763 1766 1835
f 1766 1748 1840
f 1748 1805 1840
f 1767 1753 1841
f 1753 1808 1841
f 1785 1807 1833
f 1771 1820 1836
f 1827 1770 1842
f 1770 1783 1842
f 1740 1729 1814
f 1783 1791 1843
f 1842 1783 1843
f 1791 1836 1843
f 1816 1826 1844
f 1800 1823 1845
f 1821 1801 1846
f 1782 1817 1847
f 1825 1782 1847
f 1817 1822 1847
f 1805 1754 1831
f 1811 1824 1848
f 1823 1811 1848
f 1824 1825 1848
f 1826 1804 1849
f 1804 1792 1849
f 1797 1827 1850
f 1819 1802 1851
f 1801 1787 1832
f 1818 1798 1852
f 1807 1793 1853
f 1793 1819 1853
f 1836 1820 1854
f 1812 1833 1855
f 1784 1789 1856
f 1828 1784 1856
f 1789 1835 1856
f 1802 1794 1857
f 1851 1802 1857
f 1794 1818 1857
f 1803 1799 1858
f 1799 1838 1858
f 1838 1796 1859
f 1796 1809 1859
f 1820 1790 1830
f 1835 1766 1840
f 1833 1807 1853
f 1836 1854 1860
f 1845 1823 1861
f 1844 1826 1862
f 1815 1821 1839
f 1805 1831 1863
f 1821 1846 1864
f 1825 1847 1865
f 1855 1833 1866
f 1848 1825 1865
f 1767 1841 1810
f 1846 1801 1832
f 1826 1849 1862
f 1843 1836 1860
f 1858 1838 1867
f 1850 1827 1868
f 1827 1842 1868
f 1819 1851 1869
f 1857 1818 1870
f 1830 1806 1871
f 1834 1803 1858
f 1854 1820 1830
f 1831 1812 1855
f 1832 1797 1872
f 1797 1850 1872
f 1853 1819 1869
f 1837 1813 1873
f 1813 1834 1873
f 1740 1814 1798
f 1808 1828 1874
f 1774 1815 1839
f 1833 1853 1875
f 1866 1833 1875
f 1853 1869 1875
f 1816 1844 1876
f 1818 1852 1870
f 1792 1837 1849
f 1839 1821 1864
f 1823 1848 1861
f 1840 1805 1877
f 1805 1863 1877
f 1814 1816 1878
f 1841 1808 1879
f 1808 1874 1879
f 1806 1810 1880
f 1871 1806 1880
f 1810 1841 1880
f 1856 1835 1881
f 1838 1859 1867
f 1835 1840 1882
f 1881 1835 1882
f 1840 1877 1882
f 1798 1814 1852
f 1845 1861 1883
f 1844 1862 1884
f 1800 1845 1859
f 1855 1866 1885
f 1842 1843 1886
f 1868 1842 1886
f 1843 1860 1886
f 1849 1837 1887
f 1862 1849 1887
f 1837 1873 1887
f 1869 1851 1888
f 1830 1871 1854
f 1858 1867 1889
f 1834 1858 1890
f 1873 1834 1890
f 1858 1889 1890
f 1846 1832 1872
f 1874 1828 1891
f 1828 1856 1891
f 1831 1855 1863
f 1870 1852 1892
f 1863 1855 1885
f 1864 1846 1893
f 1822 1839 1894
f 1839 1864 1894
f 1851 1857 1895
f 1888 1851 1895
f 1857 1870 1895
f 1867 1859 1883
f 1847 1822 1894
f 1859 1845 1883
f 1860 1854 1896
f 1854 1871 1896
f 1894 1864 1897
f 1847 1894 1865
f 1865 1894 1898
f 1894 1897 1898
f 1892 1876 1884
f 1800 1859 1809
f 1875 1869 1899
f 1869 1888 1899
f 1814 1878 1852
f 1864 1893 1897
f 1861 1848 1900
f 1856 1881 1891
f 1848 1865 1900
f 1884 1862 1901
f 1881 1882 1902
f 1850 1868 1903
f 1861 1900 1904
f 1860 1896 1905
f 1889 1867 1906
f 1867 1883 1906
f 1872 1850 1903
f 1900 1865 1898
f 1874 1891 1907
f 1883 1861 1904
f 1891 1881 1908
f 1907 1891 1908
f 1881 1902 1908
f 1901 1862 1887
f 1860 1905 1886
f 1816 1876 1878
f 1893 1846 1872
f 1870 1892 1909
f 1878 1876 1892
f 1866 1875 1910
f 1875 1899 1910
f 1879 1874 1911
f 1874 1907 1911
f 1844 1884 1876
f 1877 1863 1912
f 1863 1885 1912
f 1841 1879 1880
f 1895 1870 1909
f 1871 1880 1913
f 1885 1866 1910
f 1896 1871 1914
f 1871 1913 1914
f 1905 1896 1915
f 1896 1914 1915
f 1904 1900 1898
f 1903 1868 1916
f 1868 1886 1916
f 1884 1901 1917
f 1901 1887 1918
f 1887 1873 1918
f 1852 1878 1892
f 1888 1895 1919
f 1880 1879 1913
f 1904 1898 1920
f 1892 1884 1921
f 1909 1892 1921
f 1884 1917 1921
f 1893 1872 1922
f 1872 1903 1922
f 1895 1909 1919
f 1885 1910 1923
f 1886 1905 1916
f 1897 1893 1924
f 1893 1922 1924
f 1882 1877 1925
f 1902 1882 1925
f 1877 1912 1925
f 1913 1879 1911
f 1918 1873 1890
f 1897 1924 1898
f 1917 1901 1926
f 1901 1918 1926
f 1902 1925 1927
f 1890 1889 1928
f 1907 1908 1929
f 1910 1899 1930
f 1919 1909 1931
f 1909 1921 1931
f 1912 1885 1923
f 1898 1924 1920
f 1883 1904 1932
f 1908 1902 1933
f 1929 1908 1933
f 1902 1927 1933
f 1888 1919 1899
f 1883 1932 1906
f 1922 1903 1934
f 1911 1907 1935
f 1907 1929 1935
f 1923 1910 1930
f 1904 1920 1932
f 1914 1913 1936
f 1905 1915 1934
f 1928 1889 1937
f 1889 1906 1937
f 1936 1913 1911
f 1922 1934 1938
f 1899 1919 1939
f 1930 1899 1939
f 1919 1931 1939
f 1926 1918 1928
f 1927 1925 1940
f 1925 1912 1940
f 1928 1918 1890
f 1923 1930 1941
f 1903 1916 1934
f 1932 1920 1942
f 1926 1928 1795
f 1928 1937 1795
f 1936 1911 1935
f 1914 1936 1943
f 1921 1917 1944
f 1920 1924 1757
f 1912 1923 1940
f 1906 1932 1945
f 1937 1906 1945
f 1932 1942 1945
f 1934 1915 1946
f 1916 1905 1934
f 1924 1922 1938
f 1917 1926 1829
f 1944 1917 1829
f 1926 1795 1829
f 1915 1914 1943
f 1927 1940 1947
f 1923 1941 1940
f 1924 1938 1757
f 1942 1920 1757
f 1915 1943 1946
f 1943 1936 1652
f 1936 1935 1652
f 1933 1927 1948
f 1927 1947 1948
f 1921 1944 1931
f 1941 1930 1712
f 1930 1939 1712
f 1929 1933 1949
f 1933 1948 1949
f 1935 1929 1949
f 1934 1946 1938
f 1938 1946 1666
f 1939 1931 1701
f 1712 1939 1701
f 1931 1944 1701
f 1940 1941 1947
f 1795 1937 1621
f 1946 1943 1654
f 1947 1941 1571
f 1942 1757 1499
f 1935 1949 1652
f 1571 1941 1712
f 1937 1945 1621
f 1946 1654 1666
f 1948 1947 1482
f 1947 1571 1482
f 1654 1943 1652
f 1949 1948 1593
f 1948 1482 1593
f 1701 1944 1524
f 1944 1829 1524
f 1757 1938 1663
f 1945 1942 1477
f 1621 1945 1477
f 1942 1499 1477
f 1949 1593 1652
f 1938 1666 1663
o vessel_wall
g vessel_wall
v 0.042 -1.028703e-17 0.137
v 0.04195243 -0.00199844 0.137
v 0.042 -1.028703e-17 0.1349839
v 0.04180982 -0.003992354 0.137
v 0.04191317 -0.002699349 0.1352678
v 0.0415725 -0.005977223 0.137
v 0.04124101 -0.007948552 0.137
v 0.04143328 -0.006876279 0.135172
v 0.04081609 -0.009901875 0.137
v 0.0402987 -0.01183277 0.137
v 0.04056811 -0.01087329 0.1352599
v 0.03969003 -0.01373685 0.137
v 0.03899145 -0.01560982 0.137
v 0.03935404 -0.01467173 0.1352438
v 0.03820454 -0.01744743 0.137
v 0.03733109 -0.01924551 0.137
v 0.03778114 -0.01834627 0.1352543
v 0.03637307 -0.021 0.137
v 0.03533265 -0.02270691 0.137
v 0.03586427 -0.02185759 0.1352646
v 0.03421219 -0.02436239 0.137
v 0.03301423 -0.02596268 0.137
v 0.0336228 -0.02516958 0.1352681
v 0.03174148 -0.02750415 0.137
v 0.03039683 -0.02898332 0.137
v 0.03107785 -0.02825185 0.1352682
v 0.02898332 -0.03039683 0.137
v 0.02750415 -0.03174148 0.137
v 0.02825172 -0.03107797 0.135268
v 0.02596268 -0.03301423 0.137
v 0.02436239 -0.03421219 0.137
v 0.02516967 -0.03362272 0.135268
v 0.02270691 -0.03533265 0.137
v 0.021 -0.03637307 0.137
v 0.02185965 -0.03586301 0.135268
v 0.01924551 -0.03733109 0.137
v 0.01744743 -0.03820454 0.137
v 0.01835167 -0.03777852 0.135268
v 0.01560982 -0.03899145 0.137
v 0.01373685 -0.03969003 0.137
v 0.01467749 -0.03935189 0.135268
v 0.01183277 -0.0402987 0.137
v 0.009901875 -0.04081609 0.137
v 0.01087039 -0.04056889 0.135268
v 0.007948552 -0.04124101 0.137
v 0.005977223 -0.0415725 0.137
v 0.006964857 -0.04141848 0.135268
v 0.003992354 -0.04180982 0.137
v 0.00199844 -0.04195243 0.137
v 0.002996246 -0.04189299 0.135268
v -4.926607e-16 -0.042 0.137
v -0.00199844 -0.04195243 0.137
v -0.0009995013 -0.04198811 0.135268
v -0.003992354 -0.04180982 0.137
v -0.005977223 -0.0415725 0.137
v -0.004986198 -0.04170297 0.135268
v -0.007948552 -0.04124101 0.137
v -0.009901875 -0.04081609 0.137
v -0.00892774 -0.04104017 0.135268
v -0.01183277 -0.0402987 0.137
v -0.01373685 -0.03969003 0.137
v -0.01278843 -0.0400057 0.135268
v -0.01560982 -0.03899145 0.137
v -0.01744743 -0.03820454 0.137
v -0.01653331 -0.03860893 0.135268
v -0.01924551 -0.03733109 0.137
v -0.021 -0.03637307 0.137
v -0.02012846 -0.03686252 0.135268
v -0.02270691 -0.03533265 0.137
v -0.02436239 -0.03421219 0.137
v -0.02354132 -0.03478227 0.135268
v -0.02596268 -0.03301423 0.137
v -0.02750415 -0.03174148 0.137
v -0.02674099 -0.03238703 0.135268
v -0.02898332 -0.03039683 0.137
v -0.03039683 -0.02898332 0.137
v -0.02969848 -0.02969849 0.135268
v -0.03174148 -0.02750415 0.137
v -0.03301423 -0.02596268 0.137
v -0.03238703 -0.02674099 0.135268
v -0.03421219 -0.02436239 0.137
v -0.03533265 -0.02270691 0.137
v -0.03478227 -0.02354132 0.135268
v -0.03637307 -0.021 0.137
v -0.03733109 -0.01924551 0.137
v -0.03686252 -0.02012846 0.135268
v -0.03820454 -0.01744743 0.137
v -0.03899145 -0.01560982 0.137
v -0.03860893 -0.01653331 0.135268
v -0.03969003 -0.01373685 0.137
v -0.0402987 -0.01183277 0.137
v -0.0400057 -0.01278843 0.135268
v -0.04081609 -0.009901875 0.137
v -0.04124101 -0.007948552 0.137
v -0.04104017 -0.008927742 0.135268
v -0.0415725 -0.005977223 0.137
v -0.04180982 -0.003992354 0.137
v -0.04170297 -0.0049862 0.135268
v -0.04195243 -0.00199844 0.137
v -0.042 -2.373292e-16 0.137
v -0.04198811 -0.0009995034 0.135268
v -0.04195243 0.00199844 0.137
v -0.04180982 0.003992354 0.137
v -0.04189299 0.002996245 0.135268
v -0.0415725 0.005977223 0.137
v -0.04124101 0.007948552 0.137
v -0.04141848 0.006964859 0.135268
v -0.04081609 0.009901875 0.137
v -0.0402987 0.01183277 0.137
v -0.04056888 0.0108704 0.135268
v -0.03969003 0.01373685 0.137
v -0.03899145 0.01560982 0.137
v -0.03935189 0.01467749 0.135268
v -0.03820454 0.01744743 0.137
v -0.03733109 0.01924551 0.137
v -0.03777852 0.01835167 0.135268
v -0.03637307 0.021 0.137
v -0.03533265 0.02270691 0.137
v -0.03586301 0.02185965 0.135268
v -0.03421219 0.02436239 0.137
v -0.03301423 0.02596268 0.137
v -0.03362273 0.02516966 0.135268
v -0.03174148 0.02750415 0.137
v -0.03039683 0.02898332 0.137
v -0.03107796 0.02825174 0.135268
v -0.02898332 0.03039683 0.137
v -0.02750415 0.03174148 0.137
v -0.02825173 0.03107796 0.135268
v -0.02596268 0.03301423 0.137
v -0.02436239 0.03421219 0.137
v -0.02516966 0.03362273 0.135268
v -0.02270691 0.03533265 0.137
v -0.021 0.03637307 0.137
v -0.02185965 0.03586302 0.135268
v -0.01924551 0.03733109 0.137
v -0.01744743 0.03820454 0.137
v -0.01835167 0.03777852 0.135268
v -0.01560982 0.03899145 0.137
v -0.01373685 0.03969003 0.137
v -0.01467749 0.03935189 0.135268
v -0.01183277 0.0402987 0.137
v -0.009901875 0.04081609 0.137
v -0.0108704 0.04056889 0.135268
v -0.007948552 0.04124101 0.137
v -0.005977223 0.0415725 0.137
v -0.006964859 0.04141848 0.135268
v -0.003992354 0.04180982 0.137
v -0.00199844 0.04195243 0.137
v -0.002996244 0.04189299 0.135268
v 1.611116e-16 0.042 0.137
v 0.00199844 0.04195243 0.137
v 0.0009995049 0.04198811 0.135268
v 0.003992354 0.04180982 0.137
v 0.005977223 0.0415725 0.137
v 0.004986203 0.04170297 0.135268
v 0.007948552 0.04124101 0.137
v 0.009901875 0.04081609 0.137
v 0.008927745 0.04104017 0.135268
v 0.01183277 0.0402987 0.137
v 0.01373685 0.03969003 0.137
v 0.01278844 0.0400057 0.135268
v 0.01560982 0.03899145 0.137
v 0.01744743 0.03820454 0.137
v 0.01653332 0.03860893 0.135268
v 0.01924551 0.03733109 0.137
v 0.021 0.03637307 0.137
v 0.02012848 0.0368625 0.135268
v 0.02270691 0.03533265 0.137
v 0.02436239 0.03421219 0.137
v 0.02354138 0.03478223 0.1352679
v 0.02596268 0.03301423 0.137
v 0.02750415 0.03174148 0.137
v 0.02674106 0.03238697 0.1352677
v 0.02898332 0.03039683 0.137
v 0.03039683 0.02898332 0.137
v 0.02969847 0.0296985 0.1352676
v 0.03174148 0.02750415 0.137
v 0.03301423 0.02596268 0.137
v 0.03238695 0.02674108 0.1352673
v 0.03421219 0.02436239 0.137
v 0.03533265 0.02270691 0.137
v 0.03478255 0.0235409 0.1352649
v 0.03637307 0.021 0.137
v 0.03733109 0.01924551 0.137
v 0.03686328 0.02012707 0.1352567
v 0.03820454 0.01744743 0.137
v 0.03899145 0.01560982 0.137
v 0.03860855 0.0165342 0.1352437
v 0.03969003 0.01373685 0.137
v 0.0402987 0.01183277 0.137
v 0.04000088 0.0128035 0.1352426
v 0.04081609 0.009901875 0.137
v 0.04124101 0.007948552 0.137
v 0.04103107 0.008969451 0.1352739
v 0.0415725 0.005977223 0.137
v 0.04180982 0.003992354 0.137
v 0.04169445 0.005056924 0.1352182
v 0.04195243 0.00199844 0.137
v 0.042 0.0 0.012
v 0.042 -1.028703e-17 0.01401613
v 0.04195243 -0.00199844 0.012
v 0.042 -1.028703e-17 0.01603226
v 0.04196287 -0.001765716 0.01478086
v 0.042 -1.028703e-17 0.01804839
v 0.042 -1.028703e-17 0.02006452
v 0.04196166 -0.001794242 0.01902717
v 0.042 -1.028703e-17 0.02208065
v 0.042 -1.028703e-17 0.02409677
v 0.04196344 -0.001752169 0.02309657
v 0.042 -1.028703e-17 0.0261129
v 0.042 -1.028703e-17 0.02812903
v 0.0419638 -0.001743309 0.0271233
v 0.042 -1.028703e-17 0.03014516
v 0.042 -1.028703e-17 0.03216129
v 0.04196409 -0.001736467 0.03115286
v 0.042 -1.028703e-17 0.03417742
v 0.042 -1.028703e-17 0.03619355
v 0.04196426 -0.001732272 0.03518569
v 0.042 -1.028703e-17 0.03820968
v 0.042 -1.028703e-17 0.04022581
v 0.04196429 -0.001731518 0.03921807
v 0.042 -1.028703e-17 0.04224194
v 0.042 -1.028703e-17 0.04425806
v 0.04196429 -0.001731582 0.0432501
v 0.042 -1.028703e-17 0.04627419
v 0.042 -1.028703e-17 0.04829032
v 0.04196429 -0.001731584 0.04728224
v 0.042 -1.028703e-17 0.05030645
v 0.042 -1.028703e-17 0.05232258
v 0.04196429 -0.001731543 0.0513145
v 0.042 -1.028703e-17 0.05433871
v 0.042 -1.028703e-17 0.05635484
v 0.04196429 -0.001731519 0.05534677
v 0.042 -1.028703e-17 0.05837097
v 0.042 -1.028703e-17 0.0603871
v 0.04196429 -0.001731511 0.05937903
v 0.042 -1.028703e-17 0.06240323
v 0.042 -1.028703e-17 0.06441935
v 0.04196429 -0.001731509 0.06341129
v 0.042 -1.028703e-17 0.06643548
v 0.042 -1.028703e-17 0.06845161
v 0.04196429 -0.001731509 0.06744355
v 0.042 -1.028703e-17 0.07046774
v 0.042 -1.028703e-17 0.07248387
v 0.04196429 -0.00173151 0.07147581
v 0.042 -1.028703e-17 0.0745
v 0.042 -1.028703e-17 0.07651613
v 0.04196429 -0.00173151 0.07550807
v 0.042 -1.028703e-17 0.07853226
v 0.042 -1.028703e-17 0.08054839
v 0.04196429 -0.00173151 0.07954032
v 0.042 -1.028703e-17 0.08256452
v 0.042 -1.028703e-17 0.08458065
v 0.04196429 -0.00173151 0.08357258
v 0.042 -1.028703e-17 0.08659677
v 0.042 -1.028703e-17 0.0886129
v 0.04196429 -0.001731507 0.08760484
v 0.042 -1.028703e-17 0.09062903
v 0.042 -1.028703e-17 0.09264516
v 0.04196429 -0.0017315 0.09163709
v 0.042 -1.028703e-17 0.09466129
v 0.042 -1.028703e-17 0.09667742
v 0.04196429 -0.001731488 0.09566934
v 0.042 -1.028703e-17 0.09869355
v 0.042 -1.028703e-17 0.1007097
v 0.04196429 -0.001731483 0.0997016
v 0.042 -1.028703e-17 0.1027258
v 0.042 -1.028703e-17 0.1047419
v 0.04196429 -0.001731536 0.1037339
v 0.042 -1.028703e-17 0.1067581
v 0.042 -1.028703e-17 0.1087742
v 0.04196428 -0.00173188 0.1077664
v 0.042 -1.028703e-17 0.1107903
v 0.042 -1.028703e-17 0.1128065
v 0.04196421 -0.001733543 0.1118001
v 0.042 -1.028703e-17 0.1148226
v 0.042 -1.028703e-17 0.1168387
v 0.041964 -0.0017385 0.1158368
v 0.042 -1.028703e-17 0.1188548
v 0.042 -1.028703e-17 0.120871
v 0.04196373 -0.001744996 0.1198751
v 0.042 -1.028703e-17 0.1228871
v 0.042 -1.028703e-17 0.1249032
v 0.04196408 -0.001736707 0.1239046
v 0.042 -1.028703e-17 0.1269194
v 0.042 -1.028703e-17 0.1289355
v 0.04196496 -0.001715194 0.1279322
v 0.042 -1.028703e-17 0.1309516
v 0.042 -1.028703e-17 0.1329677
v 0.04196045 -0.001822197 0.1319672
v 0.04195243 0.00199844 0.012
v 0.04180982 0.003992354 0.012
v 0.04190863 0.002768861 0.01383212
v 0.0415725 0.005977223 0.012
v 0.04124101 0.007948552 0.012
v 0.04142276 0.006939349 0.0139175
v 0.04081609 0.009901875 0.012
v 0.0402987 0.01183277 0.012
v 0.0405621 0.01089569 0.01373455
v 0.03969003 0.01373685 0.012
v 0.03899145 0.01560982 0.012
v 0.03934644 0.01469211 0.01373334
v 0.03820454 0.01744743 0.012
v 0.03733109 0.01924551 0.012
v 0.03777852 0.01835166 0.01374924
v 0.03637307 0.021 0.012
v 0.03533265 0.02270691 0.012
v 0.03586456 0.02185711 0.01374336
v 0.03421219 0.02436239 0.012
v 0.03301423 0.02596268 0.012
v 0.03362344 0.02516872 0.01373477
v 0.03174148 0.02750415 0.012
v 0.03039683 0.02898332 0.012
v 0.0310779 0.0282518 0.01373216
v 0.02898332 0.03039683 0.012
v 0.02750415 0.03174148 0.012
v 0.02825167 0.03107801 0.0137321
v 0.02596268 0.03301423 0.012
v 0.02436239 0.03421219 0.012
v 0.02516968 0.03362272 0.01373211
v 0.02270691 0.03533265 0.012
v 0.021 0.03637307 0.012
v 0.02185967 0.035863 0.01373206
v 0.01924551 0.03733109 0.012
v 0.01744743 0.03820454 0.012
v 0.01835168 0.03777851 0.01373202
v 0.01560982 0.03899145 0.012
v 0.01373685 0.03969003 0.012
v 0.0146775 0.03935189 0.01373201
v 0.01183277 0.0402987 0.012
v 0.009901875 0.04081609 0.012
v 0.0108704 0.04056888 0.013732
v 0.007948552 0.04124101 0.012
v 0.005977223 0.0415725 0.012
v 0.006964862 0.04141848 0.013732
v 0.003992354 0.04180982 0.012
v 0.00199844 0.04195243 0.012
v 0.002996247 0.04189299 0.013732
v 1.611116e-16 0.042 0.012
v -0.00199844 0.04195243 0.012
v -0.0009995019 0.04198811 0.013732
v -0.003992354 0.04180982 0.012
v -0.005977223 0.0415725 0.012
v -0.004986199 0.04170297 0.013732
v -0.007948552 0.04124101 0.012
v -0.009901875 0.04081609 0.012
v -0.008927741 0.04104017 0.013732
v -0.01183277 0.0402987 0.012
v -0.01373685 0.03969003 0.012
v -0.01278843 0.0400057 0.013732
v -0.01560982 0.03899145 0.012
v -0.01744743 0.03820454 0.012
v -0.01653331 0.03860893 0.013732
v -0.01924551 0.03733109 0.012
v -0.021 0.03637307 0.012
v -0.02012846 0.03686252 0.013732
v -0.02270691 0.03533265 0.012
v -0.02436239 0.03421219 0.012
v -0.02354132 0.03478227 0.013732
v -0.02596268 0.03301423 0.012
v -0.02750415 0.03174148 0.012
v -0.02674099 0.03238703 0.013732
v -0.02898332 0.03039683 0.012
v -0.03039683 0.02898332 0.012
v -0.02969849 0.02969848 0.013732
v -0.03174148 0.02750415 0.012
v -0.03301423 0.02596268 0.012
v -0.03238703 0.02674099 0.013732
v -0.03421219 0.02436239 0.012
v -0.03533265 0.02270691 0.012
v -0.03478227 0.02354132 0.013732
v -0.03637307 0.021 0.012
v -0.03733109 0.01924551 0.012
v -0.03686252 0.02012846 0.013732
v -0.03820454 0.01744743 0.012
v -0.03899145 0.01560982 0.012
v -0.03860893 0.01653331 0.013732
v -0.03969003 0.01373685 0.012
v -0.0402987 0.01183277 0.012
v -0.0400057 0.01278843 0.013732
v -0.04081609 0.009901875 0.012
v -0.04124101 0.007948552 0.012
v -0.04104017 0.008927741 0.013732
v -0.0415725 0.005977223 0.012
v -0.04180982 0.003992354 0.012
v -0.04170297 0.0049862 0.013732
v -0.04195243 0.00199844 0.012
v -0.042 -2.373292e-16 0.012
v -0.04198811 0.0009995033 0.013732
v -0.04195243 -0.00199844 0.012
v -0.04180982 -0.003992354 0.012
v -0.04189299 -0.002996245 0.013732
v -0.0415725 -0.005977223 0.012
v -0.04124101 -0.007948552 0.012
v -0.04141848 -0.006964859 0.013732
v -0.04081609 -0.009901875 0.012
v -0.0402987 -0.01183277 0.012
v -0.04056889 -0.0108704 0.013732
v -0.03969003 -0.01373685 0.012
v -0.03899145 -0.01560982 0.012
v -0.03935189 -0.01467749 0.013732
v -0.03820454 -0.01744743 0.012
v -0.03733109 -0.01924551 0.012
v -0.03777852 -0.01835167 0.013732
v -0.03637307 -0.021 0.012
v -0.03533265 -0.02270691 0.012
v -0.03586302 -0.02185965 0.013732
v -0.03421219 -0.02436239 0.012
v -0.03301423 -0.02596268 0.012
v -0.03362273 -0.02516966 0.013732
v -0.03174148 -0.02750415 0.012
v -0.03039683 -0.02898332 0.012
v -0.03107796 -0.02825173 0.013732
v -0.02898332 -0.03039683 0.012
v -0.02750415 -0.03174148 0.012
v -0.02825174 -0.03107796 0.013732
v -0.02596268 -0.03301423 0.012
v -0.02436239 -0.03421219 0.012
v -0.02516966 -0.03362273 0.013732
v -0.02270691 -0.03533265 0.012
v -0.021 -0.03637307 0.012
v -0.02185965 -0.03586301 0.013732
v -0.01924551 -0.03733109 0.012
v -0.01744743 -0.03820454 0.012
v -0.01835167 -0.03777851 0.013732
v -0.01560982 -0.03899145 0.012
v -0.01373685 -0.03969003 0.012
v -0.0146775 -0.03935189 0.013732
v -0.01183277 -0.0402987 0.012
v -0.009901875 -0.04081609 0.012
v -0.0108704 -0.04056888 0.013732
v -0.007948552 -0.04124101 0.012
v -0.005977223 -0.0415725 0.012
v -0.006964862 -0.04141848 0.013732
v -0.003992354 -0.04180982 0.012
v -0.00199844 -0.04195243 0.012
v -0.002996247 -0.04189299 0.013732
v -4.926607e-16 -0.042 0.012
v 0.00199844 -0.04195243 0.012
v 0.0009995022 -0.04198811 0.013732
v 0.003992354 -0.04180982 0.012
v 0.005977223 -0.0415725 0.012
v 0.0049862 -0.04170297 0.013732
v 0.007948552 -0.04124101 0.012
v 0.009901875 -0.04081609 0.012
v 0.008927742 -0.04104017 0.013732
v 0.01183277 -0.0402987 0.012
v 0.01373685 -0.03969003 0.012
v 0.01278843 -0.0400057 0.013732
v 0.01560982 -0.03899145 0.012
v 0.01744743 -0.03820454 0.012
v 0.01653331 -0.03860893 0.013732
v 0.01924551 -0.03733109 0.012
v 0.021 -0.03637307 0.012
v 0.02012846 -0.03686251 0.01373201
v 0.02270691 -0.03533265 0.012
v 0.02436239 -0.03421219 0.012
v 0.02354134 -0.03478226 0.01373203
v 0.02596268 -0.03301423 0.012
v 0.02750415 -0.03174148 0.012
v 0.02674102 -0.032387 0.01373207
v 0.02898332 -0.03039683 0.012
v 0.03039683 -0.02898332 0.012
v 0.02969853 -0.02969844 0.01373213
v 0.03174148 -0.02750415 0.012
v 0.03301423 -0.02596268 0.012
v 0.03238709 -0.02674091 0.01373217
v 0.03421219 -0.02436239 0.012
v 0.03533265 -0.02270691 0.012
v 0.03478259 -0.02354085 0.01373216
v 0.03637307 -0.021 0.012
v 0.03733109 -0.01924551 0.012
v 0.03686473 -0.02012441 0.01373402
v 0.03820454 -0.01744743 0.012
v 0.03899145 -0.01560982 0.012
v 0.03861686 -0.01651478 0.01374771
v 0.03969003 -0.01373685 0.012
v 0.0402987 -0.01183277 0.012
v 0.04001774 -0.01275072 0.01377133
v 0.04081609 -0.009901875 0.012
v 0.04124101 -0.007948552 0.012
v 0.04104168 -0.008920803 0.01369355
v 0.0415725 -0.005977223 0.012
v 0.04180982 -0.003992354 0.012
v 0.04169693 -0.005036444 0.01373675
v 0.04196632 0.001681581 0.01535971
v 0.04196533 0.001706144 0.01712919
v 0.04196597 0.001690362 0.0190959
v 0.04196255 0.001773353 0.02108166
v 0.04196163 0.001794968 0.02311544
v 0.04196162 0.001795177 0.02515685
v 0.04196192 0.001788125 0.0271932
v 0.04196225 0.001780226 0.0292225
v 0.04196249 0.001774559 0.03124589
v 0.04196262 0.001771513 0.03326541
v 0.04196268 0.001770246 0.0352829
v 0.04196269 0.001769844 0.03729949
v 0.0419627 0.001769747 0.03931574
v 0.0419627 0.001769722 0.0413319
v 0.0419627 0.001769702 0.04334803
v 0.0419627 0.001769682 0.04536416
v 0.0419627 0.001769664 0.0473803
v 0.0419627 0.001769651 0.04939643
v 0.0419627 0.001769644 0.05141256
v 0.0419627 0.00176964 0.05342869
v 0.0419627 0.001769639 0.05544482
v 0.0419627 0.001769638 0.05746095
v 0.0419627 0.001769638 0.05947708
v 0.0419627 0.001769638 0.06149321
v 0.0419627 0.001769637 0.06350934
v 0.0419627 0.001769637 0.06552547
v 0.0419627 0.001769637 0.0675416
v 0.0419627 0.001769637 0.06955773
v 0.0419627 0.001769637 0.07157386
v 0.0419627 0.001769638 0.07358999
v 0.0419627 0.001769638 0.07560612
v 0.0419627 0.001769638 0.07762225
v 0.0419627 0.001769638 0.07963837
v 0.0419627 0.001769639 0.0816545
v 0.0419627 0.00176964 0.08367063
v 0.0419627 0.001769642 0.08568677
v 0.0419627 0.001769645 0.0877029
v 0.0419627 0.001769649 0.08971903
v 0.0419627 0.001769656 0.09173517
v 0.0419627 0.001769665 0.0937513
v 0.0419627 0.001769676 0.09576743
v 0.0419627 0.001769684 0.09778356
v 0.0419627 0.001769682 0.09979968
v 0.0419627 0.001769653 0.1018158
v 0.04196271 0.001769565 0.1038318
v 0.04196271 0.001769359 0.1058477
v 0.04196273 0.001768912 0.1078635
v 0.04196277 0.001767984 0.1098788
v 0.04196285 0.001766123 0.1118935
v 0.041963 0.001762621 0.1139069
v 0.04196325 0.001756636 0.1159187
v 0.04196362 0.00174763 0.1179283
v 0.04196413 0.001735514 0.1199348
v 0.04196475 0.001720315 0.1219375
v 0.04196543 0.001703689 0.1239369
v 0.041966 0.001689596 0.125936
v 0.04196618 0.00168527 0.1279428
v 0.04196487 0.001717535 0.1299821
v 0.04196114 0.001806198 0.1320816
v 0.04196324 0.001756857 0.1342185
v 0.0417239 -0.004807967 0.1351231
v 0.04104259 -0.008916582 0.1352653
v 0.04000631 -0.01278653 0.1352461
v 0.03861181 -0.0165266 0.1352475
v 0.03686455 -0.02012473 0.1352602
v 0.03478277 -0.02354059 0.1352672
v 0.03238693 -0.02674111 0.1352683
v 0.02969843 -0.02969854 0.135268
v 0.02674099 -0.03238702 0.1352679
v 0.02354133 -0.03478226 0.135268
v 0.02012846 -0.03686252 0.135268
v 0.01653331 -0.03860893 0.135268
v 0.01278843 -0.0400057 0.135268
v 0.008927738 -0.04104017 0.135268
v 0.004986199 -0.04170297 0.135268
v 0.0009995044 -0.04198811 0.135268
v -0.002996243 -0.04189299 0.135268
v -0.006964858 -0.04141848 0.135268
v -0.0108704 -0.04056889 0.135268
v -0.01467749 -0.03935189 0.135268
v -0.01835167 -0.03777852 0.135268
v -0.02185965 -0.03586301 0.135268
v -0.02516966 -0.03362273 0.135268
v -0.02825173 -0.03107796 0.135268
v -0.03107796 -0.02825174 0.135268
v -0.03362273 -0.02516966 0.135268
v -0.03586301 -0.02185965 0.135268
v -0.03777852 -0.01835167 0.135268
v -0.03935189 -0.0146775 0.135268
v -0.04056888 -0.0108704 0.135268
v -0.04141848 -0.00696486 0.135268
v -0.04189299 -0.002996246 0.135268
v -0.04198811 0.000999503 0.135268
v -0.04170297 0.0049862 0.135268
v -0.04104017 0.008927741 0.135268
v -0.0400057 0.01278843 0.135268
v -0.03860893 0.01653331 0.135268
v -0.03686252 0.02012846 0.135268
v -0.03478227 0.02354132 0.135268
v -0.03238703 0.02674099 0.135268
v -0.02969848 0.02969849 0.135268
v -0.02674099 0.03238703 0.135268
v -0.02354132 0.03478227 0.135268
v -0.02012846 0.03686252 0.135268
v -0.01653331 0.03860893 0.135268
v -0.01278843 0.0400057 0.135268
v -0.008927741 0.04104017 0.135268
v -0.004986199 0.04170297 0.135268
v -0.0009995019 0.04198811 0.135268
v 0.002996247 0.04189299 0.135268
v 0.006964862 0.04141848 0.135268
v 0.0108704 0.04056888 0.135268
v 0.0146775 0.03935189 0.135268
v 0.01835168 0.03777851 0.135268
v 0.02185968 0.03586299 0.1352679
v 0.02516972 0.03362269 0.1352678
v 0.02825177 0.03107792 0.1352677
v 0.03107789 0.02825181 0.1352676
v 0.03362276 0.02516963 0.1352667
v 0.03586356 0.02185875 0.135262
v 0.037779 0.01835066 0.1352509
v 0.03934971 0.01468332 0.1352406
v 0.04056127 0.01089877 0.1352561
v 0.04141107 0.007008814 0.1352656
v 0.04187142 0.003283984 0.1353118
v 0.04196293 -0.001764307 0.02107455
v 0.04195913 -0.00185249 0.01692337
v 0.04196367 -0.001746639 0.025111
v 0.04196394 -0.00173993 0.02913729
v 0.04196421 -0.00173362 0.0331692
v 0.04196428 -0.0017317 0.037202
v 0.04196429 -0.001731538 0.04123407
v 0.04196429 -0.001731597 0.04526615
v 0.04196429 -0.001731559 0.04929837
v 0.04196429 -0.001731528 0.05333063
v 0.04196429 -0.001731513 0.0573629
v 0.04196429 -0.00173151 0.06139516
v 0.04196429 -0.001731509 0.06542742
v 0.04196429 -0.001731509 0.06945968
v 0.04196429 -0.00173151 0.07349194
v 0.04196429 -0.00173151 0.07752419
v 0.04196429 -0.00173151 0.08155645
v 0.04196429 -0.001731508 0.08558871
v 0.04196429 -0.001731504 0.08962096
v 0.04196429 -0.001731492 0.09365322
v 0.04196429 -0.00173148 0.09768547
v 0.04196429 -0.001731498 0.1017177
v 0.04196429 -0.001731659 0.1057501
v 0.04196425 -0.001732557 0.1097832
v 0.04196412 -0.001735672 0.1138183
v 0.04196385 -0.001742234 0.1178566
v 0.04196375 -0.001744678 0.1218924
v 0.04196474 -0.001720714 0.1259138
v 0.04196138 -0.001800807 0.1299851
v 0.04196884 -0.001617496 0.1337441
v 0.04171499 0.004884619 0.01398818
v 0.04103787 0.008938296 0.01380401
v 0.03999744 0.01281423 0.01372063
v 0.03860647 0.01653906 0.01374501
v 0.03686373 0.02012625 0.01374742
v 0.03478349 0.02353952 0.01373819
v 0.03238721 0.02674077 0.0137328
v 0.02969839 0.02969858 0.01373205
v 0.02674098 0.03238704 0.01373211
v 0.02354134 0.03478225 0.01373208
v 0.02012847 0.03686251 0.01373203
v 0.01653332 0.03860893 0.01373201
v 0.01278844 0.0400057 0.01373201
v 0.008927744 0.04104017 0.013732
v 0.004986202 0.04170297 0.013732
v 0.0009995048 0.04198811 0.013732
v -0.002996244 0.04189299 0.013732
v -0.006964859 0.04141848 0.013732
v -0.0108704 0.04056889 0.013732
v -0.01467749 0.03935189 0.013732
v -0.01835167 0.03777852 0.013732
v -0.02185965 0.03586301 0.013732
v -0.02516966 0.03362273 0.013732
v -0.02825174 0.03107796 0.013732
v -0.03107796 0.02825173 0.013732
v -0.03362273 0.02516966 0.013732
v -0.03586301 0.02185965 0.013732
v -0.03777852 0.01835167 0.013732
v -0.03935189 0.01467749 0.013732
v -0.04056888 0.0108704 0.013732
v -0.04141848 0.00696486 0.013732
v -0.04189299 0.002996245 0.013732
v -0.04198811 -0.0009995029 0.013732
v -0.04170297 -0.0049862 0.013732
v -0.04104017 -0.00892774 0.013732
v -0.0400057 -0.01278843 0.013732
v -0.03860893 -0.01653331 0.013732
v -0.03686252 -0.02012846 0.013732
v -0.03478227 -0.02354132 0.013732
v -0.03238703 -0.02674099 0.013732
v -0.02969849 -0.02969848 0.013732
v -0.02674099 -0.03238703 0.013732
v -0.02354132 -0.03478227 0.013732
v -0.02012846 -0.03686252 0.013732
v -0.01653331 -0.03860893 0.013732
v -0.01278843 -0.0400057 0.013732
v -0.008927744 -0.04104017 0.013732
v -0.004986202 -0.04170297 0.013732
v -0.0009995047 -0.04198811 0.013732
v 0.002996245 -0.04189299 0.013732
v 0.00696486 -0.04141848 0.013732
v 0.0108704 -0.04056888 0.013732
v 0.0146775 -0.03935189 0.013732
v 0.01835167 -0.03777851 0.013732
v 0.02185966 -0.03586301 0.01373202
v 0.02516969 -0.03362271 0.01373205
v 0.02825178 -0.03107792 0.0137321
v 0.03107801 -0.02825167 0.01373216
v 0.03362287 -0.02516947 0.01373216
v 0.03586402 -0.02185799 0.01373251
v 0.03778331 -0.0183418 0.01373835
v 0.03936338 -0.01464664 0.01376197
v 0.0405772 -0.01083934 0.01375249
v 0.04141742 -0.006971154 0.01367313
v 0.04187153 -0.003282478 0.01367835
v 0.03820998 -0.01743552 0.1335006
v 0.0418544 -0.003494202 0.02411679
v 0.04029941 -0.01183037 0.1334925
v 0.04123689 -0.007969856 0.1335656
v 0.03899717 -0.01559553 0.1334881
v 0.04081042 -0.009925209 0.1335409
v 0.03969481 -0.01372306 0.1334797
v 0.03533366 -0.02270535 0.1335334
v 0.03301393 -0.02596306 0.1335368
v 0.03039668 -0.02898348 0.1335361
v 0.02750416 -0.03174147 0.1335359
v 0.02436242 -0.03421217 0.1335359
v 0.02100001 -0.03637306 0.133536
v 0.01744743 -0.03820455 0.133536
v 0.01373684 -0.03969004 0.133536
v 0.009901864 -0.04081609 0.133536
v 0.005977218 -0.0415725 0.133536
v 0.001998443 -0.04195243 0.133536
v -0.001998435 -0.04195243 0.133536
v -0.005977218 -0.0415725 0.133536
v -0.009901872 -0.04081609 0.133536
v -0.01373685 -0.03969004 0.133536
v -0.01744743 -0.03820454 0.133536
v -0.021 -0.03637307 0.133536
v -0.02436239 -0.03421219 0.133536
v -0.02750415 -0.03174148 0.133536
v -0.03039683 -0.02898332 0.133536
v -0.03301423 -0.02596268 0.133536
v -0.03533265 -0.02270692 0.133536
v -0.03733109 -0.01924551 0.133536
v -0.03899145 -0.01560982 0.133536
v -0.04029871 -0.01183277 0.133536
v -0.04124101 -0.007948551 0.133536
v -0.04180982 -0.003992353 0.133536
v -0.042 -4.176672e-10 0.133536
v -0.04180982 0.003992352 0.133536
v -0.04124101 0.00794855 0.133536
v -0.04029871 0.01183277 0.133536
v -0.03899145 0.01560982 0.133536
v -0.03733109 0.01924551 0.133536
v -0.03533265 0.02270691 0.133536
v -0.03301423 0.02596268 0.133536
v -0.03039683 0.02898332 0.133536
v -0.02750415 0.03174148 0.133536
v -0.02436239 0.03421219 0.133536
v -0.021 0.03637307 0.133536
v -0.01744743 0.03820455 0.133536
v -0.01373685 0.03969004 0.133536
v -0.009901872 0.04081609 0.133536
v -0.00597722 0.0415725 0.133536
v -0.001998438 0.04195243 0.133536
v 0.001998443 0.04195243 0.133536
v 0.005977227 0.0415725 0.133536
v 0.00990188 0.04081608 0.133536
v 0.01373686 0.03969003 0.133536
v 0.01744745 0.03820454 0.133536
v 0.02100006 0.03637303 0.1335359
v 0.02436253 0.03421209 0.1335357
v 0.02750429 0.03174136 0.1335353
v 0.0303967 0.02898345 0.1335351
v 0.03301383 0.02596319 0.1335343
v 0.03533283 0.02270663 0.1335277
v 0.03733185 0.01924403 0.1335071
v 0.0389897 0.01561421 0.1334777
v 0.04028855 0.0118673 0.1334844
v 0.04122204 0.008046318 0.1335747
v 0.04182733 0.003804563 0.1332814
v 0.04185723 -0.003460143 0.03821069
v 0.04160848 -0.005721391 0.1330914
v 0.04185081 -0.003536928 0.02009115
v 0.04185331 -0.003507234 0.02211004
v 0.04184506 -0.003604293 0.0180194
v 0.04182446 -0.00383597 0.01570462
v 0.03967667 0.01377541 0.01545515
v 0.04185673 -0.003466202 0.03216146
v 0.04185719 -0.003460593 0.03619466
v 0.04185613 -0.00347335 0.03014506
v 0.04185722 -0.003460238 0.04224225
v 0.04185722 -0.00346027 0.04627419
v 0.04185723 -0.003460156 0.05030642
v 0.04185723 -0.0034601 0.05433869
v 0.04185723 -0.003460078 0.05837096
v 0.04185723 -0.003460074 0.06240323
v 0.04185723 -0.003460074 0.06643548
v 0.04185723 -0.003460075 0.07046774
v 0.04185723 -0.003460076 0.0745
v 0.04185723 -0.003460077 0.07853226
v 0.04185723 -0.003460076 0.08256452
v 0.04185723 -0.003460073 0.08659677
v 0.04185723 -0.00346006 0.09062902
v 0.04185724 -0.003460032 0.09466127
v 0.04185724 -0.003460009 0.09869351
v 0.04185723 -0.003460069 0.1027258
v 0.0418572 -0.003460468 0.1067583
v 0.04185701 -0.003462713 0.1107925
v 0.04185641 -0.00347 0.1148311
v 0.04185521 -0.003484393 0.1188775
v 0.04185509 -0.003485873 0.1229196
v 0.0418607 -0.003417838 0.1269113
v 0.04182304 -0.003851364 0.1311677
v 0.04122688 0.008021482 0.01570122
v 0.0382043 0.01744797 0.01550092
v 0.04183583 0.003709855 0.01606628
v 0.04157366 0.005969142 0.01599035
v 0.03898649 0.01562222 0.01548683
v 0.03637578 0.0209953 0.01549246
v 0.03421337 0.02436074 0.01547159
v 0.0317412 0.02750447 0.01546445
v 0.02898314 0.030397 0.01546417
v 0.02596271 0.0330142 0.01546426
v 0.02270696 0.03533262 0.01546413
v 0.01924554 0.03733108 0.01546405
v 0.01560983 0.03899145 0.01546402
v 0.01183277 0.0402987 0.01546401
v 0.007948555 0.041241 0.015464
v 0.003992357 0.04180982 0.015464
v 2.602217e-09 0.042 0.015464
v -0.003992351 0.04180982 0.015464
v -0.00794855 0.04124101 0.015464
v -0.01183277 0.04029871 0.015464
v -0.01560982 0.03899145 0.015464
v -0.01924551 0.03733109 0.015464
v -0.02270691 0.03533265 0.015464
v -0.02596268 0.03301423 0.015464
v -0.02898332 0.03039683 0.015464
v -0.03174148 0.02750415 0.015464
v -0.03421219 0.02436239 0.015464
v -0.03637307 0.021 0.015464
v -0.03820454 0.01744743 0.015464
v -0.03969003 0.01373685 0.015464
v -0.04081609 0.009901874 0.015464
v -0.0415725 0.005977222 0.015464
v -0.04195243 0.00199844 0.015464
v -0.04195243 -0.00199844 0.015464
v -0.0415725 -0.005977221 0.015464
v -0.04081609 -0.009901872 0.015464
v -0.03969004 -0.01373685 0.015464
v -0.03820455 -0.01744743 0.015464
v -0.03637307 -0.021 0.015464
v -0.03421219 -0.02436239 0.015464
v -0.03174148 -0.02750415 0.015464
v -0.02898332 -0.03039683 0.015464
v -0.02596268 -0.03301423 0.015464
v -0.02270692 -0.03533265 0.015464
v -0.01924552 -0.03733109 0.015464
v -0.01560983 -0.03899145 0.015464
v -0.01183277 -0.0402987 0.015464
v -0.007948555 -0.041241 0.015464
v -0.003992357 -0.04180982 0.015464
v -2.430187e-09 -0.042 0.015464
v 0.003992352 -0.04180982 0.015464
v 0.007948552 -0.04124101 0.015464
v 0.01183277 -0.0402987 0.015464
v 0.01560983 -0.03899145 0.015464
v 0.01924552 -0.03733108 0.01546401
v 0.02270694 -0.03533263 0.01546405
v 0.02596273 -0.03301419 0.01546412
v 0.0289834 -0.03039675 0.01546423
v 0.03174159 -0.02750402 0.01546436
v 0.03421242 -0.02436206 0.01546422
v 0.03637499 -0.02099667 0.01546473
v 0.03821446 -0.0174257 0.01547903
v 0.03971607 -0.01366141 0.01553982
v 0.04083596 -0.009819603 0.01548008
v 0.04157203 -0.005980487 0.01535757
v 0.04185706 -0.003462196 0.03417823
v 0.03637539 -0.02099597 0.1335269
v 0.04185424 -0.003496061 0.1333558
v 0.0418749 0.003239308 0.01811177
v 0.04185215 0.00352097 0.01999487
v 0.04184726 0.003578641 0.02209298
v 0.04184642 0.003588464 0.02418448
v 0.04184728 0.003578473 0.02625347
v 0.04184864 0.003562512 0.02830272
v 0.04184972 0.003549746 0.03033689
v 0.04185034 0.003542465 0.03236144
v 0.04185061 0.003539311 0.03438098
v 0.04185069 0.003538296 0.0363983
v 0.04185071 0.003538069 0.03841477
v 0.04185072 0.003538022 0.04043097
v 0.04185072 0.003537986 0.04244712
v 0.04185072 0.003537942 0.04446325
v 0.04185073 0.003537899 0.04647939
v 0.04185073 0.003537866 0.04849553
v 0.04185073 0.003537846 0.05051167
v 0.04185073 0.003537836 0.0525278
v 0.04185073 0.003537832 0.05454393
v 0.04185073 0.00353783 0.05656006
v 0.04185073 0.003537829 0.05857619
v 0.04185073 0.003537829 0.06059232
v 0.04185073 0.003537829 0.06260845
v 0.04185073 0.003537828 0.06462458
v 0.04185073 0.003537828 0.06664071
v 0.04185073 0.003537828 0.06865684
v 0.04185073 0.003537828 0.07067297
v 0.04185073 0.003537829 0.0726891
v 0.04185073 0.003537829 0.07470523
v 0.04185073 0.003537829 0.07672136
v 0.04185073 0.00353783 0.07873749
v 0.04185073 0.003537831 0.08075362
v 0.04185073 0.003537832 0.08276975
v 0.04185073 0.003537835 0.08478588
v 0.04185073 0.003537839 0.08680201
v 0.04185073 0.003537846 0.08881815
v 0.04185073 0.003537857 0.09083429
v 0.04185073 0.003537874 0.09285043
v 0.04185073 0.003537896 0.09486658
v 0.04185072 0.003537921 0.09688272
v 0.04185072 0.003537939 0.09889885
v 0.04185072 0.003537929 0.100915
v 0.04185073 0.003537849 0.102931
v 0.04185075 0.003537622 0.1049469
v 0.04185079 0.003537103 0.1069627
v 0.04185089 0.003535993 0.1089781
v 0.04185108 0.003533681 0.1109926
v 0.04185148 0.003529026 0.1130056
v 0.04185221 0.003520274 0.115016
v 0.04185344 0.003505591 0.1170225
v 0.04185519 0.003484665 0.1190241
v 0.0418574 0.003458087 0.1210184
v 0.04186012 0.003424971 0.123002
v 0.04186285 0.00339137 0.1249775
v 0.04186486 0.003366539 0.1269481
v 0.04186536 0.003360281 0.1289264
v 0.04185674 0.003465978 0.130991
v 0.04185545 -0.003481531 0.0281307
v 0.04027749 0.01190477 0.01542424
v 0.03733514 -0.01923765 0.1335154
v 0.03174118 -0.0275045 0.1335365
v 0.03421229 -0.02436224 0.1335362
v 0.02898326 -0.03039688 0.1335359
v 0.02596271 -0.03301421 0.1335359
v 0.02270693 -0.03533264 0.133536
v 0.01924552 -0.03733109 0.133536
v 0.01560981 -0.03899146 0.133536
v 0.01183275 -0.04029871 0.133536
v 0.007948544 -0.04124101 0.133536
v 0.003992353 -0.04180982 0.133536
v 4.17759e-09 -0.042 0.133536
v -0.003992349 -0.04180982 0.133536
v -0.007948548 -0.04124101 0.133536
v -0.01183276 -0.04029871 0.133536
v -0.01560982 -0.03899145 0.133536
v -0.01924551 -0.03733109 0.133536
v -0.02270691 -0.03533265 0.133536
v -0.02596268 -0.03301423 0.133536
v -0.02898332 -0.03039683 0.133536
v -0.03174148 -0.02750415 0.133536
v -0.03421219 -0.02436239 0.133536
v -0.03637307 -0.021 0.133536
v -0.03820454 -0.01744743 0.133536
v -0.03969003 -0.01373685 0.133536
v -0.04081609 -0.009901874 0.133536
v -0.0415725 -0.005977222 0.133536
v -0.04195243 -0.00199844 0.133536
v -0.04195243 0.00199844 0.133536
v -0.0415725 0.005977222 0.133536
v -0.04081609 0.009901873 0.133536
v -0.03969003 0.01373685 0.133536
v -0.03820454 0.01744743 0.133536
v -0.03637307 0.021 0.133536
v -0.03421219 0.02436239 0.133536
v -0.03174148 0.02750415 0.133536
v -0.02898332 0.03039683 0.133536
v -0.02596268 0.03301423 0.133536
v -0.02270691 0.03533265 0.133536
v -0.01924551 0.03733109 0.133536
v -0.01560982 0.03899145 0.133536
v -0.01183276 0.04029871 0.133536
v -0.007948549 0.04124101 0.133536
v -0.003992351 0.04180982 0.133536
v 2.55983e-09 0.042 0.133536
v 0.003992357 0.04180982 0.133536
v 0.007948556 0.041241 0.133536
v 0.01183277 0.0402987 0.133536
v 0.01560983 0.03899145 0.133536
v 0.01924554 0.03733107 0.133536
v 0.022707 0.0353326 0.1335358
v 0.02596282 0.03301412 0.1335356
v 0.02898337 0.03039678 0.1335352
v 0.03174118 0.02750449 0.133535
v 0.03421197 0.0243627 0.1335325
v 0.03637367 0.02099895 0.1335201
v 0.03820462 0.01744725 0.1334933
v 0.03968493 0.01375159 0.1334737
v 0.0407998 0.009968783 0.1335236
v 0.04156336 0.006040434 0.1335196
v 0.04185475 -0.003489944 0.02612153
v 0.04185722 -0.003460279 0.04425814
v 0.04185723 -0.003460127 0.0402264
v 0.04185722 -0.003460209 0.04829028
v 0.04185723 -0.003460127 0.05232255
v 0.04185723 -0.003460084 0.05635483
v 0.04185723 -0.003460075 0.06038709
v 0.04185723 -0.003460074 0.06441936
v 0.04185723 -0.003460074 0.06845161
v 0.04185723 -0.003460075 0.07248387
v 0.04185723 -0.003460076 0.07651613
v 0.04185723 -0.003460077 0.08054839
v 0.04185723 -0.003460075 0.08458064
v 0.04185723 -0.003460069 0.0886129
v 0.04185723 -0.003460049 0.09264515
v 0.04185724 -0.003460023 0.09667739
v 0.04185724 -0.003460023 0.1007096
v 0.04185722 -0.003460173 0.1047419
v 0.04185715 -0.003461054 0.1087748
v 0.04185681 -0.003465233 0.1128106
v 0.04185581 -0.00347728 0.1168545
v 0.0418547 -0.003490557 0.1209025
v 0.04185705 -0.003462287 0.1249245
v 0.04186219 -0.003399605 0.1289101
v 0.03301444 0.02596241 0.01546624
v 0.03533492 0.02270338 0.01548129
v 0.04079467 0.009989745 0.01548756
v 0.037333 0.01924181 0.01550131
v 0.0303965 0.02898366 0.01546406
v 0.02750409 0.03174153 0.01546428
v 0.02436245 0.03421215 0.01546421
v 0.02100004 0.03637304 0.01546409
v 0.01744744 0.03820454 0.01546403
v 0.01373686 0.03969003 0.01546401
v 0.009901879 0.04081609 0.01546401
v 0.005977226 0.0415725 0.015464
v 0.001998443 0.04195243 0.015464
v -0.001998438 0.04195243 0.015464
v -0.005977221 0.0415725 0.015464
v -0.009901873 0.04081609 0.015464
v -0.01373685 0.03969004 0.015464
v -0.01744743 0.03820454 0.015464
v -0.021 0.03637307 0.015464
v -0.02436239 0.03421219 0.015464
v -0.02750415 0.03174148 0.015464
v -0.03039683 0.02898332 0.015464
v -0.03301423 0.02596268 0.015464
v -0.03533265 0.02270691 0.015464
v -0.03733109 0.01924551 0.015464
v -0.03899145 0.01560982 0.015464
v -0.04029871 0.01183277 0.015464
v -0.04124101 0.007948551 0.015464
v -0.04180982 0.003992353 0.015464
v -0.042 1.193054e-10 0.015464
v -0.04180982 -0.003992352 0.015464
v -0.04124101 -0.007948549 0.015464
v -0.04029871 -0.01183276 0.015464
v -0.03899146 -0.01560982 0.015464
v -0.03733109 -0.01924551 0.015464
v -0.03533265 -0.02270691 0.015464
v -0.03301423 -0.02596267 0.015464
v -0.03039683 -0.02898332 0.015464
v -0.02750415 -0.03174148 0.015464
v -0.02436239 -0.03421219 0.015464
v -0.021 -0.03637307 0.015464
v -0.01744743 -0.03820454 0.015464
v -0.01373686 -0.03969003 0.015464
v -0.009901878 -0.04081609 0.015464
v -0.005977226 -0.0415725 0.015464
v -0.001998443 -0.04195243 0.015464
v 0.001998438 -0.04195243 0.015464
v 0.005977222 -0.0415725 0.015464
v 0.009901876 -0.04081609 0.015464
v 0.01373686 -0.03969003 0.015464
v 0.01744744 -0.03820454 0.01546401
v 0.02100002 -0.03637306 0.01546403
v 0.02436244 -0.03421216 0.01546408
v 0.02750423 -0.03174142 0.01546418
v 0.03039694 -0.0289832 0.01546431
v 0.03301439 -0.02596247 0.01546437
v 0.03533344 -0.02270569 0.01546405
v 0.03733622 -0.01923557 0.01546833
v 0.03900987 -0.01556373 0.01550381
v 0.04032788 -0.01173295 0.01555611
v 0.04124196 -0.007943583 0.01529931
v 0.03778502 -0.01833827 0.1317599
v 0.03934671 0.01469138 0.01722361
v 0.03238624 -0.02674194 0.1318053
v 0.02516973 -0.03362268 0.1318038
v 0.041679 -0.005182755 0.06542742
v 0.01835167 -0.03777852 0.131804
v 0.02825175 -0.03107795 0.1318038
v 0.02674105 -0.03238698 0.1318038
v 0.03362185 -0.02517084 0.131806
v 0.02185968 -0.035863 0.1318039
v 0.02012847 -0.03686251 0.131804
v 0.04137981 0.007191056 0.1319486
v 0.04140686 -0.007033654 0.01670193
v 0.01278841 -0.04000571 0.131804
v 0.0416733 -0.005228427 0.02712512
v 0.008927725 -0.04104017 0.131804
v 0.04165072 -0.00540529 0.01724872
v 0.004986197 -0.04170297 0.131804
v 0.0009995103 -0.04198811 0.131804
v -0.002996237 -0.04189299 0.131804
v -0.006964853 -0.04141848 0.131804
v -0.0108704 -0.04056889 0.131804
v -0.01467749 -0.03935189 0.131804
v -0.01835167 -0.03777852 0.131804
v -0.02185965 -0.03586302 0.131804
v -0.02516966 -0.03362273 0.131804
v -0.02825173 -0.03107796 0.131804
v -0.03107796 -0.02825174 0.131804
v -0.03362273 -0.02516966 0.131804
v -0.03586301 -0.02185965 0.131804
v -0.03777852 -0.01835167 0.131804
v -0.03935189 -0.01467749 0.131804
v -0.04056889 -0.0108704 0.131804
v -0.04141848 -0.006964859 0.131804
v -0.04189299 -0.002996245 0.131804
v -0.04198811 0.0009995023 0.131804
v -0.04170297 0.004986198 0.131804
v -0.04104017 0.008927739 0.131804
v -0.0400057 0.01278843 0.131804
v -0.03860893 0.01653331 0.131804
v -0.03686252 0.02012846 0.131804
v -0.03478227 0.02354132 0.131804
v -0.03238703 0.02674099 0.131804
v -0.02969848 0.02969849 0.131804
v -0.02674098 0.03238703 0.131804
v -0.02354132 0.03478227 0.131804
v -0.02012845 0.03686252 0.131804
v -0.0165333 0.03860894 0.131804
v -0.01278843 0.0400057 0.131804
v -0.008927738 0.04104017 0.131804
v -0.004986197 0.04170297 0.131804
v -0.0009994997 0.04198811 0.131804
v 0.00299625 0.04189299 0.131804
v 0.006964866 0.04141848 0.131804
v 0.01087041 0.04056888 0.131804
v 0.01467751 0.03935188 0.131804
v 0.01835171 0.0377785 0.1318039
v 0.02185978 0.03586293 0.1318038
v 0.02516995 0.03362252 0.1318033
v 0.02825199 0.03107773 0.1318026
v 0.03107747 0.02825227 0.1318021
v 0.03362135 0.02517151 0.1318006
v 0.03586224 0.02186092 0.1317862
v 0.03777848 0.01835174 0.1317453
v 0.03934915 0.01468484 0.131693
v 0.04055528 0.01092106 0.1317171
v 0.04101393 0.009047526 0.1318146
v 0.02354143 0.03478219 0.0171963
v 0.04167161 -0.005241835 0.02313695
v 0.02969838 -0.02969859 0.1318039
v 0.0386177 -0.01651282 0.1317353
v 0.04167898 -0.005182913 0.03921942
v 0.04167899 -0.005182818 0.0533306
v 0.04167895 -0.005183185 0.04325022
v 0.04167732 -0.005196229 0.03115438
v 0.02012852 0.03686249 0.01719612
v 0.04167896 -0.005183062 0.04728218
v 0.04167899 -0.00518287 0.05131445
v 0.04167896 -0.005183097 0.04123464
v 0.041679 -0.005182764 0.05736289
v 0.041679 -0.005182755 0.06139516
v 0.041679 -0.005182755 0.06341129
v 0.04166927 0.005260395 0.1317366
v 0.041679 -0.005182756 0.06945968
v 0.041679 -0.005182758 0.07349194
v 0.041679 -0.005182759 0.0775242
v 0.041679 -0.005182759 0.08155645
v 0.041679 -0.005182757 0.08558871
v 0.041679 -0.005182743 0.08962096
v 0.04167901 -0.005182695 0.09365318
v 0.04167901 -0.005182644 0.09768542
v 0.04167901 -0.005182676 0.1017176
v 0.04167896 -0.005183046 0.1057499
v 0.04167873 -0.005184909 0.1097834
v 0.04167766 -0.005193546 0.1138233
v 0.04167498 -0.00521502 0.117878
v 0.04167225 -0.005236717 0.1219463
v 0.04168036 -0.005171786 0.1259577
v 0.04051952 0.01105299 0.01707437
v 0.0347819 -0.02354186 0.1318046
v 0.03778204 0.01834442 0.01726697
v 0.04098312 0.009186058 0.01727921
v 0.04167216 0.005237469 0.0184163
v 0.03478358 0.02353939 0.01721356
v 0.03586617 0.02185447 0.01723218
v 0.03107692 0.02825288 0.017196
v 0.02825156 0.03107811 0.01719654
v 0.02516979 0.03362264 0.01719644
v 0.03686666 0.02012087 0.0172544
v 0.02185974 0.03586296 0.0171962
v 0.04170548 -0.004965136 0.1296018
v 0.01653333 0.03860892 0.01719604
v 0.01278844 0.0400057 0.01719602
v 0.008927747 0.04104017 0.01719601
v 0.004986204 0.04170297 0.017196
v 0.0009995065 0.04198811 0.017196
v -0.002996242 0.04189299 0.017196
v -0.006964857 0.04141848 0.017196
v -0.0108704 0.04056889 0.017196
v -0.01467749 0.03935189 0.017196
v -0.01835167 0.03777852 0.017196
v -0.02185965 0.03586301 0.017196
v -0.02516966 0.03362273 0.017196
v -0.02825174 0.03107796 0.017196
v -0.03107796 0.02825173 0.017196
v -0.03362273 0.02516966 0.017196
v -0.03586302 0.02185964 0.017196
v -0.03777852 0.01835167 0.017196
v -0.03935189 0.01467749 0.017196
v -0.04056889 0.0108704 0.017196
v -0.04141848 0.006964858 0.017196
v -0.04189299 0.002996244 0.017196
v -0.04198811 -0.0009995031 0.017196
v -0.04170297 -0.004986198 0.01719599
v -0.04104017 -0.008927737 0.01719599
v -0.0400057 -0.01278843 0.01719599
v -0.03860894 -0.0165333 0.017196
v -0.03686252 -0.02012845 0.017196
v -0.03478227 -0.02354131 0.017196
v -0.03238703 -0.02674098 0.017196
v -0.02969849 -0.02969848 0.017196
v -0.02674099 -0.03238703 0.017196
v -0.02354132 -0.03478227 0.017196
v -0.02012846 -0.03686252 0.017196
v -0.01653331 -0.03860893 0.017196
v -0.01278844 -0.0400057 0.017196
v -0.008927746 -0.04104017 0.017196
v -0.004986205 -0.04170297 0.017196
v -0.0009995071 -0.04198811 0.017196
v 0.002996243 -0.04189299 0.017196
v 0.006964859 -0.04141848 0.017196
v 0.0108704 -0.04056888 0.017196
v 0.0146775 -0.03935189 0.017196
v 0.01835168 -0.03777851 0.01719601
v 0.02185968 -0.03586299 0.01719605
v 0.02516975 -0.03362267 0.01719616
v 0.02825188 -0.03107783 0.01719634
v 0.03107817 -0.0282515 0.01719658
v 0.03362298 -0.02516934 0.01719662
v 0.03586387 -0.02185824 0.01719523
v 0.0377856 -0.01833708 0.01720156
v 0.03938339 -0.01459275 0.01727274
v 0.04063237 -0.01063065 0.01737922
v 0.03586415 -0.02185779 0.1317983
v 0.04166847 -0.005266732 0.02115553
v 0.04165888 0.005342108 0.02099173
v 0.04165374 0.005382006 0.0231998
v 0.04165419 0.00537855 0.02531974
v 0.04165735 0.005354004 0.02739875
v 0.04166024 0.005331471 0.02944971
v 0.04166196 0.005317967 0.03148257
v 0.04166273 0.005311939 0.03350572
v 0.04166298 0.005309981 0.03552443
v 0.04166303 0.00530958 0.03754137
v 0.04166304 0.005309535 0.03955772
v 0.04166304 0.005309494 0.04157389
v 0.04166305 0.005309419 0.04359004
v 0.04166306 0.005309333 0.04560618
v 0.04166307 0.00530926 0.04762233
v 0.04166308 0.005309213 0.04963848
v 0.04166308 0.005309188 0.05165462
v 0.04166308 0.005309178 0.05367076
v 0.04166309 0.005309174 0.05568689
v 0.04166309 0.005309171 0.05770302
v 0.04166309 0.00530917 0.05971915
v 0.04166309 0.005309169 0.06173527
v 0.04166309 0.005309169 0.0637514
v 0.04166309 0.005309169 0.06576753
v 0.04166309 0.005309169 0.06778366
v 0.04166309 0.005309169 0.06979979
v 0.04166309 0.005309169 0.07181592
v 0.04166309 0.005309169 0.07383205
v 0.04166309 0.00530917 0.07584818
v 0.04166309 0.005309171 0.07786431
v 0.04166309 0.005309172 0.07988044
v 0.04166309 0.005309174 0.08189657
v 0.04166308 0.005309177 0.0839127
v 0.04166308 0.005309183 0.08592884
v 0.04166308 0.005309191 0.08794498
v 0.04166308 0.005309206 0.08996113
v 0.04166308 0.005309229 0.09197728
v 0.04166307 0.005309263 0.09399344
v 0.04166307 0.005309309 0.09600961
v 0.04166306 0.005309361 0.09802578
v 0.04166306 0.005309397 0.1000419
v 0.04166306 0.00530937 0.102058
v 0.04166308 0.005309194 0.1040741
v 0.04166314 0.005308718 0.10609
v 0.04166328 0.005307665 0.1081057
v 0.04166356 0.005305467 0.1101209
v 0.04166414 0.005300908 0.1121349
v 0.04166531 0.005291653 0.1141463
v 0.04166754 0.005274084 0.116153
v 0.04167123 0.005244874 0.1181526
v 0.04167595 0.005207212 0.1201441
v 0.04168139 0.005163531 0.1221209
v 0.04168875 0.005103738 0.1240712
v 0.04169466 0.005055221 0.1260104
v 0.04169795 0.005028048 0.1279194
v 0.04170299 0.004986068 0.1297934
v 0.04167551 -0.00521076 0.02913724
v 0.01087038 -0.04056889 0.131804
v 0.04167196 -0.00523908 0.02512264
v 0.04167884 -0.005184044 0.03518861
v 0.03998288 0.0128596 0.01715602
v 0.03238602 0.02674221 0.0171966
v 0.04167899 -0.005182811 0.03720396
v 0.04108748 -0.008707413 0.0171436
v 0.04135888 -0.007310494 0.1319861
v 0.01467748 -0.0393519 0.131804
v 0.00696485 -0.04141848 0.131804
v 0.04001716 -0.01275252 0.1316957
v 0.04057177 -0.01085962 0.1317334
v -0.008927736 -0.04104017 0.131804
v 0.03107756 -0.02825218 0.1318044
v -0.004986193 -0.04170297 0.131804
v 0.04156752 -0.00601179 0.1309237
v 0.041679 -0.005182757 0.07147581
v 0.02354137 -0.03478224 0.1318039
v 0.0165333 -0.03860894 0.131804
v -0.0009994948 -0.04198811 0.131804
v 0.002996249 -0.04189299 0.131804
v -0.01278843 -0.0400057 0.131804
v -0.01653331 -0.03860893 0.131804
v -0.02012845 -0.03686252 0.131804
v -0.02354132 -0.03478227 0.131804
v -0.02674098 -0.03238703 0.131804
v -0.02969848 -0.02969849 0.131804
v -0.03238703 -0.02674099 0.131804
v -0.03478227 -0.02354132 0.131804
v -0.03686252 -0.02012846 0.131804
v -0.03860893 -0.01653331 0.131804
v -0.0400057 -0.01278843 0.131804
v -0.04104017 -0.00892774 0.131804
v -0.04170297 -0.004986199 0.131804
v -0.04198811 -0.0009995033 0.131804
v -0.04189299 0.002996244 0.131804
v -0.04141848 0.006964858 0.131804
v -0.04056889 0.0108704 0.131804
v -0.03935189 0.01467749 0.131804
v -0.03777852 0.01835167 0.131804
v -0.03586302 0.02185965 0.131804
v -0.03362273 0.02516966 0.131804
v -0.03107796 0.02825174 0.131804
v -0.02825173 0.03107796 0.131804
v -0.02516966 0.03362273 0.131804
v -0.02185964 0.03586302 0.131804
v -0.01835166 0.03777852 0.131804
v -0.01467749 0.03935189 0.131804
v -0.0108704 0.04056889 0.131804
v -0.006964856 0.04141848 0.131804
v -0.002996242 0.04189299 0.131804
v 0.0009995068 0.04198811 0.131804
v 0.004986205 0.04170297 0.131804
v 0.008927747 0.04104017 0.131804
v 0.01278844 0.0400057 0.131804
v 0.01653333 0.03860892 0.131804
v 0.02012852 0.03686249 0.1318039
v 0.0235415 0.03478215 0.1318036
v 0.02674128 0.03238678 0.131803
v 0.0296985 0.02969847 0.1318024
v 0.03238608 0.02674214 0.1318021
v 0.03478106 0.0235431 0.1317966
v 0.03686236 0.02012875 0.1317701
v 0.038608 0.01653548 0.1317171
v 0.03999918 0.01280882 0.131688
v 0.04166149 -0.005321691 0.01919624
v 0.03936275 -0.01464833 0.1317118
v 0.04167895 -0.005183176 0.04526614
v 0.04167898 -0.005182943 0.04929831
v 0.041679 -0.005182758 0.05937903
v 0.041679 -0.005182781 0.05534675
v 0.041679 -0.005182758 0.07550807
v 0.041679 -0.005182756 0.06744355
v 0.041679 -0.005182759 0.07954032
v 0.041679 -0.005182759 0.08357258
v 0.041679 -0.005182751 0.08760483
v 0.041679 -0.005182723 0.09163707
v 0.04167901 -0.005182668 0.0956693
v 0.04167902 -0.005182631 0.09970151
v 0.041679 -0.00518279 0.1037337
v 0.0416789 -0.005183589 0.1077663
v 0.04167834 -0.005188092 0.1118024
v 0.04167658 -0.00520217 0.1158474
v 0.04167337 -0.005227793 0.11991
v 0.04167387 -0.005223852 0.1239684
v 0.04169295 -0.005069346 0.1278684
v 0.03686617 -0.02012177 0.1317833
v 0.04135675 0.007322512 0.01778521
v 0.03860998 0.01653087 0.01725738
v 0.04102068 -0.009016849 0.131861
v 0.0336224 0.0251701 0.01720119
v 0.02969795 0.02969902 0.01719627
v 0.02674103 0.03238699 0.01719658
v 0.0183517 0.0377785 0.01719606
v 0.01467751 0.03935188 0.01719603
v 0.01087041 0.04056888 0.01719601
v 0.006964865 0.04141848 0.01719601
v 0.002996249 0.04189299 0.017196
v -0.0009994998 0.04198811 0.017196
v -0.004986197 0.04170297 0.017196
v -0.008927739 0.04104017 0.017196
v -0.01278843 0.0400057 0.017196
v -0.01653331 0.03860893 0.017196
v -0.02012846 0.03686252 0.017196
v -0.02354132 0.03478227 0.017196
v -0.02674099 0.03238703 0.017196
v -0.02969849 0.02969848 0.017196
v -0.03238703 0.02674098 0.017196
v -0.03478227 0.02354132 0.017196
v -0.03686252 0.02012845 0.017196
v -0.03860893 0.01653331 0.017196
v -0.0400057 0.01278843 0.017196
v -0.04104017 0.00892774 0.017196
v -0.04170297 0.004986199 0.017196
v -0.04198811 0.0009995025 0.017196
v -0.04189299 -0.002996245 0.017196
v -0.04141848 -0.006964857 0.01719599
v -0.04056889 -0.01087039 0.01719599
v -0.03935189 -0.01467749 0.01719599
v -0.03777852 -0.01835166 0.017196
v -0.03586302 -0.02185964 0.017196
v -0.03362274 -0.02516966 0.017196
v -0.03107796 -0.02825173 0.017196
v -0.02825174 -0.03107795 0.017196
v -0.02516967 -0.03362273 0.017196
v -0.02185965 -0.03586301 0.017196
v -0.01835167 -0.03777851 0.017196
v -0.0146775 -0.03935189 0.017196
v -0.0108704 -0.04056888 0.017196
v -0.006964865 -0.04141848 0.017196
v -0.00299625 -0.04189299 0.017196
v 0.0009994996 -0.04198811 0.017196
v 0.004986198 -0.04170297 0.017196
v 0.008927742 -0.04104017 0.017196
v 0.01278844 -0.0400057 0.017196
v 0.01653332 -0.03860893 0.01719601
v 0.02012848 -0.0368625 0.01719603
v 0.02354139 -0.03478222 0.01719611
v 0.02674112 -0.03238692 0.01719627
v 0.02969869 -0.02969828 0.01719648
v 0.03238731 -0.02674064 0.01719673
v 0.03478269 -0.0235407 0.01719606
v 0.0368656 -0.02012281 0.01719572
v 0.03862489 -0.01649599 0.01722074
v 0.04005595 -0.01263016 0.01735459
v 0.04167835 -0.005187989 0.03317209
v 0.03973298 -0.01361213 0.01906784
v 0.03420963 0.02436599 0.01893931
v 0.04142826 -0.006906492 0.1128123
v 0.03733567 -0.01923662 0.1300276
v 0.03174049 -0.0275053 0.1300731
v 0.001998452 -0.04195243 0.130072
v 0.04142047 -0.006953032 0.02812899
v 0.04150165 0.006450788 0.1304997
v -0.003992341 -0.04180982 0.130072
v 0.02750429 -0.03174136 0.1300715
v 0.03968862 0.01374093 0.129879
v 0.0243625 -0.03421211 0.1300718
v 0.03301249 -0.0259649 0.1300749
v 0.0414299 -0.006896629 0.07853226
v 0.04141286 -0.006998215 0.02411962
v 0.003992358 -0.04180982 0.130072
v 0.0413884 -0.00714147 0.01838652
v -0.02750415 -0.03174148 0.130072
v -0.001998426 -0.04195243 0.130072
v -0.01560982 -0.03899145 0.130072
v -0.01373685 -0.03969004 0.130072
v -0.01924551 -0.03733109 0.130072
v -0.02270691 -0.03533265 0.130072
v -0.02596267 -0.03301423 0.130072
v 0.0156098 -0.03899146 0.130072
v -0.03039683 -0.02898332 0.130072
v -0.03301423 -0.02596268 0.130072
v -0.03533265 -0.02270692 0.130072
v -0.03733109 -0.01924551 0.130072
v -0.03899145 -0.01560982 0.130072
v -0.04029871 -0.01183277 0.130072
v -0.04124101 -0.00794855 0.130072
v -0.04180982 -0.003992352 0.130072
v -0.042 -5.517834e-10 0.130072
v -0.04180982 0.003992351 0.130072
v -0.04124101 0.007948548 0.130072
v 0.04027311 0.01191959 0.01881559
v -0.03969004 0.01373685 0.130072
v -0.03820455 0.01744743 0.130072
v -0.03637307 0.021 0.130072
v -0.03421219 0.02436239 0.130072
v -0.03174148 0.02750415 0.130072
v -0.02898332 0.03039683 0.130072
v -0.02596267 0.03301423 0.130072
v -0.02270691 0.03533265 0.130072
v -0.01924551 0.03733109 0.130072
v -0.01560982 0.03899146 0.130072
v -0.01183276 0.04029871 0.130072
v -0.007948547 0.04124101 0.130072
v -0.00399235 0.04180982 0.130072
v 3.896913e-09 0.042 0.130072
v 0.003992359 0.04180982 0.130072
v 0.007948559 0.041241 0.130072
v 0.01183278 0.0402987 0.130072
v 0.01560985 0.03899144 0.130072
v 0.0192456 0.03733105 0.1300719
v 0.0227072 0.03533246 0.1300715
v 0.02596323 0.03301379 0.1300706
v 0.02898377 0.0303964 0.1300692
v 0.03174004 0.02750582 0.1300685
v 0.03420832 0.02436782 0.1300657
v 0.03636941 0.02100634 0.1300362
v 0.03820221 0.01745254 0.1299573
v 0.03898989 0.01561374 0.1299124
v 0.04081188 0.009919179 0.1299268
v 1.48966e-08 -0.042 0.130072
v 0.04147931 -0.006592954 0.1290189
v 0.01924557 0.03733106 0.01892813
v 0.04141528 -0.006983905 0.1230252
v 0.03821304 -0.01742882 0.1299882
v 0.04142977 -0.006897383 0.04022788
v 0.04142989 -0.006896685 0.05433866
v -0.007948544 -0.04124101 0.130072
v 0.04141565 -0.006981693 0.02611282
v 0.04142994 -0.006896406 0.1007094
v 0.04142991 -0.006896556 0.09264511
v 0.03039527 0.02898495 0.01892843
v 0.04142979 -0.006897295 0.04627406
v 0.02596281 -0.03301413 0.1300717
v 0.0414299 -0.006896627 0.07046774
v 0.0414299 -0.006896629 0.05837096
v 0.0414299 -0.006896624 0.06643549
v 0.0414299 -0.00689663 0.08256452
v 0.0414299 -0.006896626 0.08659677
v 0.0414299 -0.006896593 0.090629
v 0.0414299 -0.006896625 0.06845162
v 0.04142993 -0.006896429 0.09667729
v 0.04142994 -0.006896407 0.09869341
v 0.04142986 -0.006896868 0.05030633
v 0.04142987 -0.006896776 0.1047415
v 0.04142956 -0.006898635 0.1087742
v 0.04142918 -0.006900921 0.1107917
v 0.04029766 0.01183633 0.1298706
v 0.04142389 -0.006932624 0.1168713
v 0.04141688 -0.006974368 0.1209649
v 0.04139562 0.007099485 0.02003069
v 0.04142986 -0.006896883 0.03619931
v 0.0414299 -0.006896629 0.07651613
v 0.03821271 0.01742953 0.01904652
v -0.009901871 0.04081609 0.018928
v 0.04142944 -0.006899412 0.03418526
v 0.04143824 -0.006846357 0.1270876
v 0.04142976 -0.006897461 0.04425812
v 0.03637685 0.02099345 0.01900396
v 0.02100011 0.036373 0.01892824
v 0.02596293 0.03301403 0.01892894
v 0.02750426 0.03174139 0.01892915
v 0.01560985 0.03899144 0.01892806
v 0.01183278 0.0402987 0.01892802
v 0.00794856 0.041241 0.01892801
v 0.003992358 0.04180982 0.01892801
v 4.045481e-09 0.042 0.018928
v -0.00399235 0.04180982 0.018928
v -0.007948548 0.04124101 0.018928
v 0.04142807 -0.006907579 0.03216895
v -0.01373685 0.03969004 0.018928
v -0.01744743 0.03820454 0.018928
v -0.021 0.03637307 0.018928
v -0.02436239 0.03421219 0.018928
v -0.02750415 0.03174148 0.018928
v -0.03039683 0.02898332 0.018928
v -0.03301423 0.02596267 0.018928
v -0.03533265 0.02270691 0.018928
v -0.03733109 0.01924551 0.01892799
v -0.03899145 0.01560982 0.01892799
v -0.04029871 0.01183276 0.01892799
v -0.04124101 0.00794855 0.018928
v -0.04180982 0.003992351 0.018928
v -0.042 -1.164079e-09 0.018928
v -0.04180982 -0.003992352 0.01892799
v -0.04124101 -0.007948547 0.01892799
v -0.04029871 -0.01183276 0.01892799
v -0.03899146 -0.01560981 0.01892799
v -0.03733109 -0.0192455 0.018928
v -0.03533265 -0.02270691 0.018928
v -0.03301423 -0.02596267 0.01892799
v -0.03039683 -0.02898331 0.01892799
v -0.02750416 -0.03174148 0.018928
v -0.02436239 -0.03421219 0.018928
v -0.021 -0.03637306 0.018928
v -0.01744743 -0.03820454 0.018928
v -0.01373686 -0.03969003 0.018928
v -0.00990188 -0.04081608 0.018928
v -0.005977229 -0.0415725 0.01892799
v -0.001998446 -0.04195243 0.01892799
v 0.001998436 -0.04195243 0.01892799
v 0.00597722 -0.0415725 0.018928
v 0.009901876 -0.04081609 0.018928
v 0.01373686 -0.03969003 0.018928
v 0.01744745 -0.03820454 0.01892801
v 0.02100005 -0.03637304 0.01892806
v 0.02436254 -0.03421208 0.01892822
v 0.02750443 -0.03174124 0.01892853
v 0.03039726 -0.02898287 0.01892889
v 0.03301486 -0.02596188 0.01892939
v 0.03533312 -0.02270618 0.01892735
v 0.03733408 -0.0192397 0.01892362
v 0.03900904 -0.01556583 0.01895817
v 0.04138171 0.00718011 0.02225275
v 0.04141823 -0.006966363 0.02217363
v 0.0373373 0.01923347 0.01903931
v 0.04137789 0.007202074 0.0244061
v 0.04138454 0.007163783 0.02651981
v 0.0413912 0.00712518 0.02859445
v 0.04139514 0.007102271 0.03064002
v 0.04139687 0.007092168 0.03266908
v 0.04139742 0.007088963 0.03469033
v 0.04139751 0.007088425 0.0367083
v 0.04139751 0.007088482 0.03872502
v 0.0413975 0.007088493 0.04074131
v 0.04139752 0.007088392 0.04275748
v 0.04139755 0.007088232 0.04477364
v 0.04139757 0.007088077 0.04678981
v 0.04139759 0.007087969 0.04880598
v 0.0413976 0.007087912 0.05082213
v 0.04139761 0.007087887 0.05283827
v 0.04139761 0.007087877 0.05485441
v 0.04139761 0.007087873 0.05687054
v 0.04139761 0.00708787 0.05888667
v 0.04139761 0.007087868 0.0609028
v 0.04139761 0.007087867 0.06291893
v 0.04139761 0.007087866 0.06493506
v 0.04139761 0.007087866 0.06695118
v 0.04139761 0.007087866 0.06896731
v 0.04139761 0.007087866 0.07098344
v 0.04139761 0.007087867 0.07299957
v 0.04139761 0.007087867 0.0750157
v 0.04139761 0.007087868 0.07703183
v 0.04139761 0.00708787 0.07904796
v 0.04139761 0.007087873 0.0810641
v 0.04139761 0.007087877 0.08308023
v 0.04139761 0.007087883 0.08509637
v 0.04139761 0.007087893 0.08711251
v 0.0413976 0.007087911 0.08912866
v 0.0413976 0.007087939 0.09114483
v 0.04139759 0.007087985 0.09316101
v 0.04139758 0.007088054 0.09517722
v 0.04139756 0.007088149 0.09719345
v 0.04139754 0.007088254 0.09920968
v 0.04139753 0.007088322 0.1012259
v 0.04139754 0.007088252 0.1032421
v 0.04139761 0.007087866 0.1052582
v 0.04139778 0.007086887 0.1072743
v 0.04139813 0.007084839 0.1092903
v 0.04139883 0.007080739 0.111306
v 0.04140026 0.007072346 0.1133206
v 0.04140321 0.00705509 0.1153316
v 0.04140893 0.007021409 0.1173343
v 0.04141858 0.006964254 0.1193232
v 0.04142811 0.006907384 0.1213058
v 0.04143762 0.00685011 0.1232579
v 0.04145826 0.006724054 0.1251416
v 0.04146186 0.006701831 0.1270524
v -0.01183276 -0.04029871 0.130072
v 0.01744742 -0.03820455 0.130072
v 0.03533078 -0.02270983 0.1300738
v 0.03173881 0.02750724 0.01892749
v 0.04142986 -0.00689689 0.03821343
v 0.03533297 0.02270641 0.01896368
v 0.04071543 0.01030796 0.01857287
v 0.03420964 -0.02436596 0.1300768
v -0.04029871 0.01183276 0.130072
v 0.03301103 0.02596674 0.01892866
v 0.03900236 0.01558255 0.01901347
v 0.0414299 -0.006896623 0.06441936
v 0.0414299 -0.006896628 0.0745
v 0.04142988 -0.006896755 0.0523225
v 0.0414198 -0.006957052 0.1250766
v 0.0414299 -0.006896623 0.06240323
v 0.02898337 -0.03039678 0.1300716
v 0.04121423 0.008086216 0.1301621
v 0.02270712 0.03533252 0.01892843
v 0.04125203 -0.00789114 0.1303245
v 0.0414299 -0.006896627 0.07248387
v 0.04038556 -0.01153284 0.01927291
v 0.0414299 -0.00689663 0.08054839
v -0.03039683 0.02898332 0.130072
v 0.02100003 -0.03637305 0.1300719
v -0.005977213 -0.0415725 0.130072
v 0.007948535 -0.04124101 0.130072
v -0.03533265 0.02270691 0.130072
v -0.01744743 -0.03820455 0.130072
v 0.03969673 0.01371749 0.01895106
v -0.04081609 0.009901871 0.130072
v -0.0415725 0.00597722 0.130072
v -0.021 -0.03637307 0.130072
v 0.02270699 -0.0353326 0.1300719
v -0.02436239 -0.03421219 0.130072
v 0.01373682 -0.03969004 0.130072
v -0.02898332 -0.03039683 0.130072
v -0.03174148 -0.02750415 0.130072
v -0.03421219 -0.02436239 0.130072
v -0.03637307 -0.021 0.130072
v -0.03820454 -0.01744743 0.130072
v -0.03969003 -0.01373685 0.130072
v -0.04081609 -0.009901873 0.130072
v -0.0415725 -0.005977221 0.130072
v -0.04195243 -0.00199844 0.130072
v -0.04195243 0.001998439 0.130072
v -0.03899145 0.01560982 0.130072
v -0.03733109 0.01924551 0.130072
v -0.03301423 0.02596268 0.130072
v -0.02750415 0.03174149 0.130072
v -0.02436239 0.03421219 0.130072
v -0.02099999 0.03637307 0.130072
v -0.01744742 0.03820455 0.130072
v -0.01373685 0.03969004 0.130072
v -0.009901869 0.04081609 0.130072
v -0.005977218 0.0415725 0.130072
v -0.001998436 0.04195243 0.130072
v 0.001998445 0.04195243 0.130072
v 0.005977229 0.0415725 0.130072
v 0.009901884 0.04081608 0.130072
v 0.01373687 0.03969003 0.130072
v 0.01744747 0.03820453 0.1300719
v 0.02100013 0.03637299 0.1300718
v 0.0243628 0.0342119 0.1300712
v 0.02750477 0.03174094 0.1300699
v 0.03039664 0.02898352 0.1300686
v 0.03301162 0.025966 0.1300687
v 0.03532876 0.02271297 0.1300572
v 0.03732831 0.0192509 0.1300039
v 0.04142974 -0.006897577 0.04224262
v 0.03900415 -0.01557808 0.12995
v 0.04142992 -0.006896523 0.1027255
v 0.03971011 -0.01367872 0.1299124
v 0.01924552 -0.03733109 0.130072
v 0.0414299 -0.006896624 0.0603871
v 0.0414299 -0.006896645 0.05635482
v 0.04142531 -0.006924143 0.03014908
v 0.0414299 -0.00689663 0.08458064
v 0.04142983 -0.006897054 0.04829016
v 0.0414299 -0.006896613 0.08861288
v 0.04142992 -0.006896488 0.09466119
v 0.04142978 -0.006897319 0.1067575
v 0.04142654 -0.006916787 0.1148379
v 0.04142077 -0.006951275 0.1189101
v 0.04140252 -0.007059142 0.02022785
v 0.04106299 0.008822196 0.01928092
v 0.03039657 -0.02898359 0.1300719
v 0.03637367 -0.02099896 0.130059
v 0.04097493 -0.009222524 0.01928886
v 0.02898292 0.03039721 0.01892912
v 0.01373687 0.03969003 0.01892804
v 0.01744748 0.03820452 0.01892809
v 0.009901886 0.04081608 0.01892802
v 0.00597723 0.0415725 0.01892801
v 0.001998444 0.04195243 0.018928
v -0.001998436 0.04195243 0.018928
v -0.005977219 0.0415725 0.018928
v -0.01183276 0.04029871 0.018928
v -0.01560982 0.03899145 0.018928
v -0.01924551 0.03733109 0.018928
v -0.02270691 0.03533265 0.018928
v -0.02596268 0.03301423 0.018928
v -0.02898332 0.03039683 0.018928
v -0.03174149 0.02750415 0.018928
v -0.03421219 0.02436239 0.018928
v -0.03637307 0.021 0.018928
v -0.03820455 0.01744743 0.01892799
v -0.03969004 0.01373685 0.01892799
v -0.04081609 0.009901873 0.01892799
v -0.0415725 0.005977221 0.018928
v -0.04195243 0.001998439 0.018928
v -0.04195243 -0.00199844 0.01892799
v -0.0415725 -0.00597722 0.01892799
v -0.04081609 -0.009901868 0.01892799
v -0.03969004 -0.01373684 0.01892799
v -0.03820455 -0.01744742 0.018928
v -0.03637307 -0.02099999 0.018928
v -0.0342122 -0.02436238 0.018928
v -0.03174149 -0.02750415 0.01892799
v -0.02898332 -0.03039683 0.018928
v -0.02596268 -0.03301423 0.018928
v -0.02270692 -0.03533265 0.018928
v -0.01924552 -0.03733109 0.018928
v -0.01560983 -0.03899145 0.018928
v -0.01183277 -0.0402987 0.018928
v -0.007948557 -0.041241 0.018928
v -0.003992359 -0.04180982 0.01892799
v -5.03549e-09 -0.042 0.01892799
v 0.00399235 -0.04180982 0.018928
v 0.007948551 -0.04124101 0.018928
v 0.01183277 -0.0402987 0.018928
v 0.01560983 -0.03899145 0.018928
v 0.01924554 -0.03733108 0.01892802
v 0.02270699 -0.0353326 0.01892811
v 0.02596287 -0.03301408 0.01892834
v 0.02898361 -0.03039655 0.01892865
v 0.03174195 -0.02750361 0.01892909
v 0.0342127 -0.02436168 0.01892905
v 0.03637375 -0.02099881 0.01892454
v 0.03821304 -0.01742882 0.01893121
v 0.04146277 0.006696174 0.1288528
v -0.009901869 -0.04081609 0.130072
v 0.009901847 -0.04081609 0.130072
v 0.02436264 0.03421201 0.01892866
v 0.005977217 -0.0415725 0.130072
v 0.0403322 -0.01171809 0.1298601
v 0.04109767 -0.008659199 0.1178997
v -0.03586302 0.02185964 0.12834
v -0.01653331 0.03860893 0.02066
v -0.03935189 -0.01467749 0.12834
v 0.04111036 -0.008598739 0.08962092
v 0.03585917 0.02186596 0.02073509
v -0.03362273 0.02516966 0.12834
v 0.04111035 -0.008598773 0.07954033
v 0.04111574 -0.008572987 0.0212302
v -0.03935189 0.01467749 0.12834
v 0.02185974 -0.03586296 0.1283398
v 0.03861348 -0.0165227 0.02065516
v 0.04111034 -0.008598817 0.05534673
v -0.02354132 0.03478227 0.02066
v -0.03478227 -0.02354132 0.12834
v -0.04056889 0.0108704 0.12834
v -0.01467749 -0.03935189 0.12834
v 0.02825192 0.03107779 0.02066246
v -0.02516966 -0.03362273 0.12834
v 0.01467753 0.03935187 0.1283399
v 0.04111035 -0.008598765 0.05937903
v 0.02354147 -0.03478217 0.1283397
v -0.02185964 -0.03586302 0.12834
v 0.04006929 0.01258777 0.02066362
v 0.01183274 -0.04029871 0.130072
v -0.02969848 -0.02969849 0.12834
v 0.01467746 -0.0393519 0.12834
v -0.02354132 -0.03478227 0.12834
v -0.01087039 0.04056889 0.02066
v 0.04002851 -0.01271686 0.02093666
v 0.04114365 -0.008438023 0.1283951
v -0.03362274 0.02516966 0.02066
v 0.03778078 -0.01834701 0.020645
v -0.03777852 -0.01835167 0.12834
v -0.03860893 -0.01653331 0.12834
v 0.0368519 0.02014788 0.1282712
v 0.04110994 -0.008600746 0.04123563
v -0.04104017 -0.008927738 0.12834
v -0.04170297 -0.004986198 0.12834
v -0.04198811 -0.0009995033 0.12834
v -0.04141848 0.006964855 0.12834
v -0.02012845 -0.03686252 0.12834
v -0.04170297 0.004986196 0.12834
v -0.03777852 0.01835167 0.12834
v -0.04189299 0.002996243 0.12834
v -0.03478227 0.02354132 0.12834
v -0.02354131 0.03478227 0.12834
v -0.02969848 0.02969849 0.12834
v -0.03362274 -0.02516965 0.02065999
v -0.02674098 0.03238703 0.12834
v -0.02516966 0.03362274 0.12834
v -0.03686252 0.02012845 0.12834
v -0.02012845 0.03686252 0.12834
v -0.0165333 0.03860894 0.12834
v -0.01278842 0.0400057 0.12834
v -0.008927735 0.04104017 0.12834
v -0.004986196 0.04170297 0.12834
v -0.0009994986 0.04198811 0.12834
v 0.002996251 0.04189299 0.12834
v 0.006964869 0.04141848 0.12834
v 0.01087042 0.04056888 0.12834
v 0.01278845 0.04000569 0.12834
v 0.01835174 0.03777848 0.1283399
v 0.02185991 0.03586285 0.1283395
v 0.02517044 0.03362215 0.1283384
v 0.02825304 0.03107677 0.1283357
v 0.03107703 0.02825276 0.1283333
v 0.03361607 0.02517856 0.1283343
v 0.03585268 0.0218766 0.1283113
v 0.03860196 0.01654959 0.1281366
v 0.02185988 0.03586287 0.02066051
v -0.03238703 -0.02674099 0.12834
v 0.004986208 0.04170297 0.02066001
v -0.008927732 -0.04104017 0.12834
v -0.006964847 -0.04141849 0.12834
v 0.04111035 -0.008598766 0.08760483
v 0.02969856 -0.02969841 0.1283393
v -0.002996241 0.04189299 0.02066
v -0.04104017 0.008927739 0.02065999
v 0.04111035 -0.008598771 0.07349194
v 0.04108299 -0.008728573 0.1241574
v -0.04056889 -0.0108704 0.12834
v -0.03362273 -0.02516966 0.12834
v 0.04111016 -0.008599691 0.04728195
v -0.002996223 -0.04189299 0.12834
v 0.04111035 -0.008598775 0.08558871
v -0.03107796 0.02825174 0.12834
v 0.04111041 -0.008598476 0.09566912
v 0.04111035 -0.008598769 0.06945968
v 0.04111039 -0.008598614 0.0936531
v 0.006964871 0.04141848 0.02066002
v 0.04110261 -0.008635704 0.1158571
v 0.04110947 -0.008602989 0.1097811
v 0.0410834 -0.00872666 0.1220517
v 0.041099 -0.008652871 0.0291486
v 0.04111 -0.008600454 0.1077645
v 0.002996264 -0.04189299 0.12834
v 0.04111043 -0.00859842 0.1017172
v 0.03238502 -0.02674343 0.1283425
v 0.04111035 -0.008598776 0.08357258
v 0.04107751 -0.008754307 0.02507735
v 0.04084612 -0.009777261 0.1299741
v 0.0410053 0.009086564 0.02351179
v 0.03686025 -0.02013262 0.1283103
v 0.03862722 0.01649054 0.02082596
v -0.006964855 0.04141848 0.02066
v 0.03107747 -0.02825227 0.1283401
v 0.01467754 0.03935187 0.02066008
v -0.01835166 -0.03777852 0.12834
v 0.02354173 0.03478199 0.02066087
v 0.01835175 0.03777848 0.02066018
v -0.01467749 0.03935189 0.02066
v 0.01087042 0.04056888 0.02066003
v 0.008927757 0.04104017 0.02066002
v -0.02825173 -0.03107796 0.12834
v 0.01653338 0.0386089 0.02066013
v -0.004986182 -0.04170297 0.12834
v -0.0009994989 0.04198811 0.02066
v 0.000999508 0.04198811 0.02066
v 0.04111021 -0.008599434 0.1057486
v 0.0411091 -0.008604777 0.03318787
v 0.0251702 0.03362233 0.02066133
v -0.01278843 0.0400057 0.02066
v -0.004986196 0.04170297 0.02066
v -0.02674099 0.03238703 0.02066
v -0.02185965 0.03586301 0.02066
v -0.02012846 0.03686252 0.02066
v -0.02516966 0.03362273 0.02066
v -0.02969849 0.02969848 0.02066
v -0.03238703 0.02674098 0.02066
v -0.03686252 -0.02012846 0.12834
v -0.03686252 0.02012845 0.02065999
v -0.03860893 0.01653331 0.02065999
v -0.0400057 0.01278843 0.02065999
v -0.04056889 0.0108704 0.02065999
v 0.04111035 -0.008598776 0.05736289
v -0.04170297 0.004986197 0.02066
v -0.04198811 0.0009995007 0.02066
v -0.04189299 -0.002996245 0.02065999
v -0.04141848 -0.006964855 0.02065999
v -0.04056889 -0.01087039 0.02065999
v -0.03935189 -0.01467748 0.02065999
v -0.03777852 -0.01835165 0.02065999
v -0.03586302 -0.02185964 0.02065999
v -0.03478228 -0.02354131 0.02065999
v 0.03776898 0.01837128 0.1282069
v -0.03107796 -0.02825173 0.02065999
v -0.02825174 -0.03107795 0.02065999
v -0.02516967 -0.03362273 0.02066
v -0.02185965 -0.03586301 0.02066
v -0.01835167 -0.03777851 0.02066
v -0.0146775 -0.03935189 0.02066
v -0.01087041 -0.04056888 0.02066
v -0.006964867 -0.04141848 0.02065999
v -0.002996252 -0.04189299 0.02065999
v 0.0009994959 -0.04198811 0.02065999
v 0.004986195 -0.04170297 0.02066
v 0.008927741 -0.04104017 0.02066
v 0.01278844 -0.0400057 0.02066
v 0.01653332 -0.03860893 0.02066001
v 0.02012851 -0.03686249 0.02066005
v 0.02354151 -0.03478214 0.02066023
v 0.02674143 -0.03238667 0.02066071
v 0.02969911 -0.02969786 0.0206612
v 0.0323881 -0.02673969 0.02066202
v 0.03478359 -0.02353936 0.02066177
v 0.03686257 -0.02012836 0.02064906
v 0.04102932 0.008977445 0.02136755
v 0.04110645 -0.008617388 0.1138236
v -0.03107795 -0.02825174 0.12834
v 0.04107454 -0.008768241 0.02305898
v 0.03107436 0.02825569 0.0206605
v 0.04102318 0.009005483 0.02566687
v 0.04103882 0.008933918 0.02777387
v 0.0410469 0.008896728 0.02983561
v 0.04105013 0.008881811 0.03187232
v 0.04105107 0.008877498 0.0338974
v 0.04105114 0.008877146 0.03591741
v 0.04105104 0.008877623 0.03793511
v 0.04105098 0.00887789 0.03995177
v 0.041051 0.008877826 0.04196803
v 0.04105105 0.008877553 0.04398421
v 0.04105112 0.008877237 0.04600042
v 0.04105117 0.008877 0.04801664
v 0.0410512 0.00887687 0.05003283
v 0.04105121 0.008876814 0.05204898
v 0.04105122 0.008876791 0.05406512
v 0.04105122 0.008876781 0.05608126
v 0.04105122 0.008876774 0.05809739
v 0.04105122 0.00887677 0.06011352
v 0.04105122 0.008876767 0.06212965
v 0.04105122 0.008876766 0.06414578
v 0.04105122 0.008876765 0.0661619
v 0.04105122 0.008876765 0.06817803
v 0.04105122 0.008876766 0.07019416
v 0.04105122 0.008876766 0.07221029
v 0.04105122 0.008876767 0.07422642
v 0.04105122 0.008876768 0.07624255
v 0.04105122 0.00887677 0.07825869
v 0.04105122 0.008876774 0.08027482
v 0.04105122 0.008876779 0.08229095
v 0.04105122 0.008876787 0.08430709
v 0.04105122 0.008876799 0.08632324
v 0.04105121 0.008876818 0.0883394
v 0.04105121 0.00887685 0.09035558
v 0.04105119 0.008876905 0.09237179
v 0.04105117 0.008876995 0.09438804
v 0.04105114 0.008877134 0.09640435
v 0.0410511 0.008877325 0.09842071
v 0.04105106 0.008877534 0.1004371
v 0.04105103 0.008877655 0.1024535
v 0.04105107 0.008877462 0.1044699
v 0.04105126 0.008876588 0.1064863
v 0.04105171 0.008874526 0.1085029
v 0.04105257 0.00887054 0.1105202
v 0.04105418 0.008863069 0.1125387
v 0.04105741 0.008848125 0.1145575
v 0.04106412 0.008816934 0.116573
v 0.04107783 0.008752826 0.1185737
v 0.0411039 0.008629578 0.1205359
v 0.04111167 0.008592469 0.1225334
v 0.04112234 0.008541277 0.1244608
v 0.04120263 0.00814514 0.12619
v -0.01278843 -0.0400057 0.12834
v 0.01653328 -0.03860894 0.12834
v -0.04104017 0.008927737 0.12834
v -0.0400057 0.01278843 0.12834
v 0.03935221 -0.01467664 0.02066946
v 0.04111005 -0.008600221 0.03922204
v -0.03586302 0.02185964 0.02066
v 0.04063201 0.01063202 0.02031798
v -0.008927738 0.04104017 0.02066
v 0.04111035 -0.00859877 0.07147581
v 0.04111035 -0.008598766 0.06542742
v 0.04111033 -0.008598888 0.05333056
v 0.04109173 -0.008687334 0.1263065
v 0.02674155 0.03238657 0.02066194
v 0.02012858 0.03686245 0.02066029
v 0.04111035 -0.008598764 0.06341129
v 0.04111008 -0.008600098 0.0452659
v 0.04111035 -0.008598772 0.0775242
v 0.04110857 -0.008607282 0.1117996
v 0.04110607 -0.008619201 0.0311718
v 0.04111044 -0.008598347 0.09970127
v 0.04111037 -0.008598684 0.09163701
v 0.04111022 -0.008599389 0.03720985
v 0.02969755 0.02969942 0.02066222
v 0.0411103 -0.008599041 0.05131435
v 0.0410887 -0.00870166 0.02711366
v 0.03778189 -0.01834472 0.1282512
v 0.04111035 -0.008598768 0.06744355
v -0.04198811 0.0009995018 0.12834
v 0.04001174 0.01276951 0.1280114
v 0.04003147 -0.01270753 0.1281042
v 0.03477296 0.02355506 0.128329
v 0.03238353 0.02674523 0.1283341
v 0.04109717 0.008661571 0.1280819
v 0.04111035 -0.008598774 0.08155645
v -0.03238703 0.02674099 0.12834
v 0.04111035 -0.008598763 0.06139516
v 0.01278839 -0.04000571 0.12834
v 0.02012862 0.03686243 0.1283397
v -0.03860893 0.0165333 0.12834
v 0.006964849 -0.04141848 0.12834
v -0.03586301 -0.02185965 0.12834
v 0.04110996 -0.00860064 0.04325041
v -0.0400057 -0.01278843 0.12834
v -0.04141848 -0.006964856 0.12834
v -0.04189299 -0.002996244 0.12834
v 0.004986207 0.04170297 0.12834
v 0.03477593 -0.02355068 0.128351
v 0.03361336 0.02518217 0.02065981
v -0.02825173 0.03107796 0.12834
v -0.0165333 -0.03860893 0.12834
v -0.006964854 0.04141848 0.12834
v -0.01467748 0.03935189 0.12834
v -0.02185964 0.03586302 0.12834
v -0.01835166 0.03777852 0.12834
v -0.01087039 0.04056889 0.12834
v -0.002996241 0.04189299 0.12834
v 0.0009995079 0.04198811 0.12834
v 0.008927753 0.04104017 0.12834
v 0.0235419 0.03478188 0.128339
v 0.03939072 0.01457296 0.020741
v 0.01653337 0.03860891 0.1283399
v 0.02674212 0.03238609 0.1283372
v 0.02969927 0.0296977 0.1283342
v -0.03238704 -0.02674098 0.02065999
v 0.04109142 -0.008688794 0.1199596
v 0.0386172 -0.01651399 0.1281864
v 0.03936638 -0.01463858 0.1281351
v 0.01835166 -0.03777852 0.12834
v 0.02825203 -0.03107769 0.1283391
v -0.03478227 0.02354131 0.02066
v 0.04064715 -0.01057397 0.02153459
v -0.02674098 -0.03238703 0.12834
v 0.04111044 -0.008598356 0.09768518
v 0.04058533 0.01080886 0.128017
v 0.0009995284 -0.0419881 0.12834
v 0.04111036 -0.008598723 0.103733
v 0.01278847 0.04000569 0.02066006
v 0.002996251 0.04189299 0.02066001
v 0.04111007 -0.00860012 0.03519997
v -0.01087039 -0.04056889 0.12834
v -0.01835167 0.03777852 0.02066
v 0.04111023 -0.008599338 0.04929811
v -0.02825174 0.03107795 0.02066
v -0.03107796 0.02825173 0.02066
v -0.03777852 0.01835166 0.02065999
v -0.03935189 0.01467749 0.02065999
v -0.04141848 0.006964857 0.02065999
v -0.04189299 0.002996243 0.02066
v -0.04198811 -0.0009995047 0.02065999
v -0.04170297 -0.004986198 0.02065999
v -0.04104017 -0.008927733 0.02065999
v -0.0400057 -0.01278842 0.02065999
v -0.03860894 -0.01653329 0.02065999
v -0.03686253 -0.02012844 0.02065999
v -0.02969849 -0.02969848 0.02065999
v -0.02674099 -0.03238702 0.02066
v -0.02354132 -0.03478227 0.02066
v -0.02012846 -0.03686251 0.02066
v -0.01653331 -0.03860893 0.02066
v -0.01278844 -0.0400057 0.02066
v -0.008927748 -0.04104017 0.02065999
v -0.004986207 -0.04170297 0.02065999
v -0.0009995097 -0.04198811 0.02065999
v 0.00299624 -0.04189299 0.02065999
v 0.006964856 -0.04141848 0.02066
v 0.0108704 -0.04056888 0.02066
v 0.0146775 -0.03935189 0.02066
v 0.0183517 -0.0377785 0.02066002
v 0.02185975 -0.03586295 0.02066011
v 0.02516999 -0.03362249 0.02066045
v 0.0282523 -0.03107745 0.020661
v 0.03107884 -0.02825077 0.02066155
v 0.03362416 -0.02516775 0.02066264
v 0.03586344 -0.02185895 0.02065726
v 0.03585689 -0.02186969 0.1283438
v 0.03686512 0.02012369 0.02081071
v 0.008927713 -0.04104017 0.12834
v 0.03477331 0.02355455 0.02068184
v 0.03361875 -0.02517498 0.1283467
v 0.03238068 0.02674868 0.02065771
v 0.004986206 -0.04170297 0.12834
v 0.04111035 -0.008598772 0.07550807
v 0.02516989 -0.03362256 0.1283395
v -0.0009994774 -0.04198811 0.12834
v 0.03935026 0.01468185 0.1280624
v 0.03778857 0.01833096 0.02086648
v 0.01087036 -0.0405689 0.12834
v 0.02674127 -0.0323868 0.1283393
v -0.0192455 0.0373311 0.126608
v 0.04071875 -0.01029482 0.1107854
v 0.001998446 0.04195243 0.02239201
v 0.02596328 -0.03301375 0.02239284
v 0.04082358 0.009870927 0.126114
v -0.03899146 -0.01560979 0.02239199
v 0.03419718 0.02438346 0.1265994
v 0.0243636 0.03421133 0.1266059
v 0.04072091 -0.01028628 0.06240323
v -0.03533265 -0.02270692 0.126608
v 0.02012849 -0.0368625 0.1283399
v 0.03173948 0.02750647 0.1265959
v 0.0363566 -0.0210285 0.1266157
v -0.01744742 -0.03820455 0.126608
v -0.01744743 0.03820455 0.022392
v 0.04072091 -0.01028629 0.07046774
v 0.04072036 -0.01028846 0.03621302
v 0.03968807 0.01374254 0.1261571
v 0.02898401 -0.03039617 0.1266064
v 0.00199843 -0.04195243 0.02239199
v -0.02270691 -0.03533265 0.126608
v -0.03969004 0.01373685 0.02239199
v -0.03899146 0.01560982 0.126608
v -0.04195243 -0.001998439 0.126608
v -0.007948547 0.04124101 0.022392
v 0.01924565 0.03733102 0.1266077
v 0.003992362 0.04180982 0.126608
v 0.0341879 0.02439646 0.02238686
v -0.01183276 0.04029871 0.02239199
v 0.0406737 -0.01047139 0.0260929
v 0.00794857 0.041241 0.126608
v 0.03730527 0.01929552 0.1264762
v -0.04029871 -0.01183276 0.126608
v -0.0342122 0.02436238 0.022392
v -1.087307e-08 -0.042 0.02239199
v 0.04072018 -0.01028916 0.04425768
v 0.0275055 0.03174031 0.02239595
v -0.0415725 0.005977216 0.126608
v 0.001998447 0.04195243 0.126608
v -0.02898331 0.03039683 0.126608
v -0.0415725 -0.005977218 0.126608
v -0.03969004 -0.01373685 0.126608
v 0.03533546 -0.02270254 0.0223956
v -0.007948545 0.04124101 0.126608
v 0.0389758 0.01564886 0.1262565
v 0.04071994 -0.0102901 0.04224283
v -0.03820455 0.01744743 0.02239199
v 0.03977038 0.01350249 0.02241829
v -0.0227069 0.03533266 0.126608
v -0.02099999 0.03637308 0.126608
v -0.01373684 0.03969004 0.126608
v -0.001998436 0.04195243 0.126608
v 4.403801e-09 0.042 0.126608
v -0.009901866 0.04081609 0.126608
v 0.005977233 0.0415725 0.126608
v 0.03039808 0.028982 0.1265964
v 0.02270749 0.03533228 0.126607
v 0.0407209 -0.0102863 0.08054839
v -0.02596267 -0.03301423 0.126608
v 0.02100027 0.03637291 0.1266075
v 0.04072091 -0.01028628 0.0603871
v 0.02898591 0.03039436 0.126599
v 0.0275065 0.03173945 0.1266023
v 0.03300704 0.02597182 0.1265985
v 0.0407111 -0.01032505 0.03019185
v -0.003992364 -0.04180982 0.02239199
v -0.02436238 0.0342122 0.126608
v 0.04072092 -0.01028623 0.09062895
v -0.01560981 0.03899146 0.126608
v -0.03174149 0.02750414 0.022392
v 0.04072091 -0.01028628 0.08861286
v -0.04180982 0.003992348 0.126608
v -0.02099999 -0.03637307 0.126608
v -0.01183276 -0.04029871 0.126608
v 0.01183277 -0.0402987 0.022392
v -0.003992348 0.04180982 0.022392
v 0.03820842 -0.01743894 0.022355
v -0.001998435 0.04195243 0.022392
v -0.02436239 -0.03421219 0.126608
v -0.03301424 -0.02596266 0.02239199
v 0.04072106 -0.0102857 0.09667694
v -0.005977232 -0.0415725 0.02239199
v -0.03039683 0.02898332 0.126608
v -0.04180982 -0.00399235 0.126608
v 0.01183282 0.04029869 0.02239208
v 0.0227071 -0.03533253 0.1266077
v 0.005977239 0.0415725 0.02239202
v 0.04070487 -0.01034958 0.116875
v -0.003992349 0.04180982 0.126608
v -0.02596267 0.03301424 0.126608
v 0.03962501 -0.0139233 0.02226886
v -0.00199845 -0.04195243 0.02239199
v 0.02596434 0.03301292 0.1266046
v -0.04195243 0.001998436 0.022392
v -0.04124101 -0.007948547 0.126608
v 0.04071228 -0.01032037 0.1148333
v 0.0156099 0.03899142 0.1266079
v -0.03039683 -0.02898332 0.126608
v 0.03899354 -0.01560462 0.02238413
v 0.04072076 -0.01028689 0.05030613
v -0.01924551 -0.03733109 0.126608
v 0.02270745 0.03533231 0.0223931
v 0.04072091 -0.01028629 0.07651613
v -0.03301423 0.02596268 0.126608
v 0.04072061 -0.01028748 0.04828979
v -0.02898331 -0.03039683 0.126608
v -0.02270691 0.03533265 0.022392
v 0.04072019 -0.01028912 0.03420828
v 0.02436315 0.03421165 0.02239363
v 4.480216e-09 0.042 0.022392
v 0.04072043 -0.01028818 0.1067544
v -0.02750416 0.03174148 0.022392
v -0.005977218 0.0415725 0.022392
v -0.03039684 0.02898331 0.022392
v -0.03637308 -0.02099998 0.02239199
v -0.021 0.03637307 0.022392
v -0.03301424 0.02596267 0.022392
v -0.02898332 0.03039682 0.022392
v -0.03733109 0.01924551 0.02239199
v -0.03733109 -0.01924551 0.126608
v 0.04066252 -0.01051471 0.1277884
v -0.01183276 0.04029871 0.126608
v -0.04180982 0.003992349 0.022392
v 0.003992363 0.04180982 0.02239201
v -0.02898333 -0.03039682 0.02239199
v -0.0415725 0.005977219 0.02239199
v 0.04072079 -0.01028675 0.1047395
v 0.04072102 -0.01028586 0.1027245
v -0.04195243 -0.001998442 0.02239199
v -0.0415725 -0.005977218 0.02239199
v -0.04081609 -0.009901857 0.02239198
v -0.03969004 -0.01373683 0.02239198
v 0.01924557 -0.03733106 0.02239205
v 0.03818248 0.01749567 0.1263681
v -0.0373311 -0.01924549 0.02239199
v -0.03174148 0.02750415 0.126608
v 0.03530814 0.02274501 0.02243246
v -0.03039684 -0.0289833 0.02239199
v -0.03820456 -0.0174474 0.02239199
v -0.02596269 -0.03301422 0.022392
v -0.02270692 -0.03533264 0.022392
v -0.01924552 -0.03733109 0.022392
v -0.01560983 -0.03899145 0.022392
v -0.01183277 -0.0402987 0.022392
v -0.00794856 -0.041241 0.02239199
v -0.02750415 -0.03174149 0.126608
v 0.005977216 -0.0415725 0.022392
v 0.009901875 -0.04081609 0.022392
v 0.01744746 -0.03820453 0.02239202
v 0.01560984 -0.03899145 0.02239201
v 0.02270715 -0.0353325 0.02239223
v -0.03174149 -0.02750414 0.02239199
v 0.02898452 -0.03039569 0.02239387
v 0.03174311 -0.02750227 0.02239447
v 0.03421583 -0.02435727 0.02239712
v 0.01373693 0.03969001 0.02239212
v 0.04056435 0.01088731 0.02485759
v 0.04065573 -0.01054094 0.02396927
v 0.0406 0.0107536 0.02699442
v 0.04061508 0.01069652 0.0290643
v 0.04061984 0.01067841 0.03110482
v 0.04062094 0.01067423 0.03313391
v 0.04062075 0.01067495 0.03515763
v 0.0406203 0.01067667 0.03717774
v 0.04062 0.0106778 0.03919545
v 0.04061994 0.01067804 0.04121198
v 0.04062005 0.01067764 0.04322822
v 0.04062021 0.01067701 0.04524452
v 0.04062034 0.01067651 0.04726085
v 0.04062042 0.01067622 0.04927712
v 0.04062045 0.0106761 0.05129331
v 0.04062046 0.01067605 0.05330947
v 0.04062047 0.01067602 0.0553256
v 0.04062047 0.01067601 0.05734173
v 0.04062048 0.010676 0.05935787
v 0.04062048 0.01067599 0.061374
v 0.04062048 0.01067599 0.06339013
v 0.04062048 0.01067599 0.06540626
v 0.04062048 0.01067599 0.06742239
v 0.04062048 0.01067599 0.06943852
v 0.04062048 0.01067599 0.07145465
v 0.04062048 0.01067599 0.07347078
v 0.04062048 0.01067599 0.07548691
v 0.04062048 0.010676 0.07750304
v 0.04062048 0.010676 0.07951917
v 0.04062047 0.01067601 0.08153531
v 0.04062047 0.01067602 0.08355145
v 0.04062047 0.01067603 0.08556761
v 0.04062046 0.01067605 0.08758377
v 0.04062045 0.01067609 0.08959996
v 0.04062044 0.01067615 0.0916162
v 0.04062041 0.01067625 0.09363251
v 0.04062036 0.01067642 0.09564891
v 0.04062029 0.0106767 0.09766545
v 0.04062019 0.01067708 0.09968212
v 0.04062008 0.01067749 0.1016989
v 0.04062003 0.01067769 0.1037157
v 0.04062017 0.01067716 0.1057325
v 0.0406207 0.01067513 0.1077495
v 0.04062187 0.01067069 0.1097674
v 0.04062391 0.01066292 0.1117882
v 0.04062739 0.01064965 0.1138144
v 0.04063418 0.01062373 0.1158478
v 0.04064837 0.0105693 0.1178872
v 0.04067855 0.01045253 0.1199074
v 0.04076078 0.01012714 0.1217311
v 0.04064452 0.01058408 0.1238494
v 0.01560978 -0.03899147 0.126608
v 0.04072088 -0.01028639 0.05433861
v 0.04071994 -0.01029012 0.04022887
v 0.03733031 -0.01924702 0.02236063
v -0.03637307 0.02099999 0.02239199
v 0.01744755 0.03820449 0.1266078
v 0.0243628 -0.0342119 0.02239249
v 0.04048032 0.01119569 0.02252205
v -0.00990187 0.04081609 0.022392
v -0.0342122 -0.02436237 0.02239199
v -0.009901863 -0.04081609 0.126608
v -0.01560982 -0.03899146 0.126608
v 0.04072044 -0.01028814 0.04627359
v 0.04072091 -0.0102863 0.07853226
v 0.04072091 -0.01028629 0.06643549
v 0.04072091 -0.01028628 0.05837097
v 0.04071675 -0.01030273 0.1128052
v 0.04071816 -0.01029716 0.03220305
v 0.0407211 -0.01028553 0.1007088
v 0.04072011 -0.01028943 0.03821858
v 0.007948571 0.041241 0.02239203
v -0.01560982 0.03899146 0.022392
v 0.04069686 -0.01038102 0.02815864
v 0.03732059 -0.01926587 0.1265434
v 0.04068518 -0.01042671 0.1210214
v 0.04072091 -0.01028629 0.06845162
v -0.04195243 0.001998437 0.126608
v 0.0407209 -0.0102863 0.08458065
v 0.04071991 -0.01029024 0.1087695
v 0.04072099 -0.01028595 0.094661
v 0.04072091 -0.01028629 0.0745
v 0.0407209 -0.0102863 0.08659677
v -0.04081609 -0.00990187 0.126608
v 0.02596389 0.03301328 0.02239466
v -0.04124101 0.007948548 0.02239199
v -0.007948535 -0.04124101 0.126608
v -0.03899145 0.01560982 0.02239199
v 0.04072091 -0.01028629 0.06441936
v 0.03634854 0.02104242 0.1265533
v 0.0407209 -0.01028631 0.05635481
v -0.03733109 0.01924551 0.126608
v 0.03531166 0.02273953 0.1265898
v -0.03533265 0.02270691 0.126608
v 0.04072091 -0.01028629 0.07248387
v -0.01924551 0.03733109 0.022392
v 0.04068097 -0.01044312 0.1253322
v -0.04029871 0.01183276 0.126608
v 0.03531736 -0.02273069 0.1266331
v -0.01744741 0.03820455 0.126608
v 0.0137369 0.03969002 0.1266079
v 0.01744757 0.03820448 0.02239227
v 0.03039477 0.02898548 0.02239666
v -0.03301423 -0.02596268 0.126608
v -0.03637307 -0.021 0.126608
v -0.03820455 0.01744742 0.126608
v -0.02750415 0.03174149 0.126608
v 0.02100009 -0.03637301 0.1266078
v 0.009901899 0.04081608 0.126608
v -0.03421219 0.02436239 0.126608
v 0.03637391 -0.02099854 0.02238336
v -0.009901882 -0.04081608 0.02239199
v -0.03637307 0.021 0.126608
v -0.04029871 -0.01183274 0.02239198
v -0.005977218 0.0415725 0.126608
v 0.0407209 -0.0102863 0.08256452
v 0.0118328 0.0402987 0.126608
v 0.04069618 -0.0103837 0.1189311
v 0.04072096 -0.01028609 0.09264495
v 0.04072084 -0.01028657 0.05232239
v 0.03820187 -0.01745328 0.1264295
v 0.0403129 0.01178432 0.1260591
v -0.042 -1.388529e-09 0.126608
v 0.01373686 -0.03969003 0.022392
v -0.03969004 0.01373685 0.126608
v 0.0174474 -0.03820456 0.126608
v -0.03899145 -0.01560982 0.126608
v 0.03902511 0.0155255 0.02252813
v -0.03421219 -0.02436239 0.126608
v 0.04014911 -0.0123308 0.02302904
v 0.001998477 -0.04195243 0.126608
v 0.04072112 -0.01028544 0.09869277
v -0.003992321 -0.04180982 0.126608
v -0.04124101 0.007948544 0.126608
v -0.01373685 0.03969004 0.02239199
v 0.03299916 0.02598183 0.02238503
v 0.02100026 0.03637292 0.02239262
v -0.03174148 -0.02750416 0.126608
v 0.03174069 -0.02750507 0.1266085
v -0.04029871 0.01183276 0.02239199
v -0.005977199 -0.0415725 0.126608
v 0.003992345 -0.04180982 0.02239199
v 0.03969836 -0.01371278 0.1262883
v 0.009901906 0.04081608 0.02239205
v 0.02750479 -0.03174092 0.1266066
v -0.02436239 0.03421219 0.022392
v 0.01560992 0.03899141 0.02239218
v -0.02596268 0.03301423 0.022392
v 0.01924553 -0.03733108 0.1266079
v -0.02750416 -0.03174147 0.02239199
v -0.042 -3.797935e-09 0.022392
v -0.04180982 -0.003992353 0.02239199
v -0.04124101 -0.007948541 0.02239199
v 0.005977227 -0.0415725 0.126608
v -0.03533266 -0.02270689 0.02239199
v -0.02100001 -0.03637306 0.022392
v -0.0243624 -0.03421218 0.022392
v -0.01744744 -0.03820454 0.022392
v -0.01373686 -0.03969003 0.022392
v 0.007948547 -0.04124101 0.022392
v -0.03533265 0.02270691 0.022392
v 0.01183272 -0.04029872 0.126608
v 0.02100013 -0.03637299 0.02239211
v 0.02750505 -0.03174071 0.02239336
v 0.03039814 -0.02898194 0.02239411
v 0.03301688 -0.02595931 0.02239563
v 0.007948532 -0.04124101 0.126608
v -0.01373685 -0.03969004 0.126608
v -0.04081609 0.009901868 0.126608
v 0.03635614 0.02102929 0.02254601
v 0.03301087 -0.02596695 0.126613
v 0.03173405 0.02751273 0.02239218
v 0.003992379 -0.04180982 0.126608
v 0.0192457 0.03733099 0.02239241
v -0.04081609 0.009901872 0.02239199
v 0.02436267 -0.03421199 0.1266074
v 0.02898409 0.03039609 0.02239707
v -0.001998401 -0.04195243 0.126608
v 0.0406656 -0.01050282 0.1231721
v 0.03039724 -0.02898288 0.1266068
v 0.0137368 -0.03969005 0.126608
v 0.03822639 0.01739952 0.02275661
v -0.01278842 -0.0400057 0.124876
v 0.01467751 -0.03935188 0.02412401
v 0.04023084 -0.01206149 0.1178871
v 0.009901836 -0.0408161 0.126608
v 0.01467744 -0.03935191 0.124876
v -0.04056889 -0.01087037 0.02412398
v 0.0402573 -0.01197289 0.1117835
v 0.04020547 -0.01214578 0.1220489
v 0.04026235 -0.01195588 0.09365273
v 0.04021318 -0.01212023 0.02721043
v -0.02012845 0.03686252 0.024124
v 0.04021632 -0.0121098 0.1199564
v 0.04025596 -0.01197738 0.03124571
v -0.03478229 -0.02354129 0.02412398
v 0.04026222 -0.01195631 0.0634113
v -0.03238704 0.02674098 0.024124
v 0.03475198 0.02358601 0.1248671
v 0.02596315 -0.03301386 0.126607
v 0.04026221 -0.01195637 0.05534673
v 0.04016201 -0.01228874 0.02511813
v 0.03479057 -0.02352905 0.02413482
v 0.02674339 0.03238505 0.02412885
v 0.02970072 -0.02969625 0.02412728
v 0.0368645 -0.02012482 0.02409971
v 0.004986222 0.04170297 0.02412403
v 0.02517213 0.03362089 0.1248718
v 0.04026271 -0.01195469 0.09969976
v -0.03820454 -0.01744743 0.126608
v -0.01835164 0.03777853 0.124876
v 0.04026222 -0.01195633 0.07349194
v -0.02825173 0.03107796 0.124876
v 0.0108704 -0.04056888 0.024124
v -0.04189299 -0.002996248 0.02412399
v -0.006964873 -0.04141848 0.02412399
v -0.01278843 0.0400057 0.02412399
v 0.0402602 -0.01196314 0.0372202
v -0.03238702 -0.02674099 0.124876
v -0.04198811 -0.0009995087 0.02412399
v 0.04026046 -0.01196224 0.04324964
v 0.02354173 -0.03478199 0.02412442
v -0.03935191 -0.01467745 0.02412398
v -0.008927732 0.04104017 0.124876
v -0.03860894 0.0165333 0.124876
v -0.03586304 -0.02185961 0.02412399
v 0.02185984 -0.0358629 0.1248756
v -0.006964855 0.04141848 0.024124
v 0.04026085 -0.01196093 0.03522437
v -0.03586301 -0.02185965 0.124876
v 0.04026182 -0.01195768 0.04929771
v -0.01087041 -0.04056888 0.02412399
v 0.0235425 0.03478147 0.1248739
v -0.0235413 0.03478228 0.124876
v 0.02970381 0.02969316 0.1248584
v 0.03472564 0.02362478 0.02409775
v 0.02825637 0.03107374 0.1248647
v -0.002996241 0.04189299 0.124876
v 0.02674464 0.03238401 0.1248689
v -0.00299624 0.04189299 0.024124
v 0.01278844 -0.0400057 0.024124
v -0.04170297 0.004986189 0.124876
v -0.02185964 -0.03586302 0.124876
v 0.03899449 -0.01560225 0.1263398
v 0.04026223 -0.01195629 0.08962087
v -0.01467747 0.0393519 0.124876
v 0.02012858 -0.03686245 0.0241241
v -0.04189299 0.00299624 0.024124
v 0.02185988 -0.03586288 0.02412419
v -0.04198811 0.000999499 0.124876
v 0.04026258 -0.0119551 0.09768434
v 0.03932141 0.01475896 0.1243433
v 0.04026222 -0.01195634 0.08155646
v -0.0400057 -0.01278843 0.124876
v -0.02969848 0.02969849 0.124876
v -0.04189299 -0.002996242 0.124876
v 0.04026222 -0.01195632 0.06744355
v 0.002996257 0.04189299 0.124876
v -0.02674098 -0.03238703 0.124876
v 0.03362897 -0.02516133 0.02413005
v -0.02516968 -0.03362272 0.024124
v 0.0009994844 -0.04198811 0.02412399
v 0.01087047 0.04056887 0.02412411
v -0.02516965 0.03362274 0.124876
v -0.03686254 -0.02012842 0.02412399
v -0.04141848 -0.006964852 0.124876
v 0.006964849 -0.04141848 0.02412399
v -0.004986195 0.04170297 0.124876
v 0.04024428 -0.01201657 0.1158363
v 0.04026222 -0.01195631 0.06139518
v -0.004986195 0.04170297 0.024124
v 0.04026222 -0.01195633 0.0775242
v 0.008927776 0.04104016 0.124876
v 0.03239058 -0.02673668 0.02412754
v 0.03587035 -0.0218476 0.02413251
v -0.02969848 -0.02969849 0.124876
v 0.02354234 0.03478158 0.02412611
v -0.03777852 0.01835166 0.02412399
v 0.03582792 -0.02191711 0.124935
v -0.03107795 -0.02825174 0.124876
v -0.03107797 0.02825173 0.024124
v -0.01278844 -0.0400057 0.024124
v 0.0394075 0.01452751 0.02392931
v -0.04170297 0.004986195 0.02412399
v 0.04026221 -0.01195635 0.08558871
v 0.04026166 -0.0119582 0.1057444
v 0.04026228 -0.01195613 0.1037305
v -0.04141848 -0.006964848 0.02412398
v -0.02674101 -0.03238701 0.02412399
v -0.04170297 -0.004986198 0.02412399
v -0.04000571 -0.01278839 0.02412398
v -0.02674098 0.03238703 0.124876
v 0.02825364 -0.03107623 0.02412661
v -0.02185966 -0.03586301 0.024124
v 0.03108032 -0.02824913 0.02412727
v -0.04104017 -0.008927719 0.02412398
v -0.02969851 -0.02969846 0.02412398
v -0.01653332 -0.03860893 0.024124
v -0.04198811 0.0009994975 0.024124
v -0.0146775 -0.03935189 0.024124
v -0.02354133 -0.03478226 0.024124
v -0.008927752 -0.04104017 0.02412399
v 0.04026322 -0.01195294 0.1263748
v -0.02825173 -0.03107796 0.124876
v -0.03478228 0.02354131 0.024124
v 0.03420326 -0.02437492 0.126623
v 0.008927737 -0.04104017 0.024124
v 0.04000669 0.01278532 0.02428677
v 0.01835172 -0.03777849 0.02412404
v 0.01653334 -0.03860892 0.02412402
v -0.04170297 -0.004986194 0.124876
v -0.01835168 -0.03777851 0.024124
v 0.03732846 0.01925061 0.02269784
v 0.01278853 0.04000567 0.02412416
v 0.04026226 -0.01195618 0.0916369
v -0.04198811 -0.0009995031 0.124876
v 0.04007529 0.01256867 0.02629228
v -0.01653328 0.03860894 0.124876
v 0.04010114 0.01248593 0.02831999
v 0.04010513 0.01247311 0.03034574
v 0.0401055 0.01247191 0.03237628
v 0.04010454 0.01247501 0.03440673
v 0.04010308 0.01247969 0.03643235
v 0.04010195 0.01248335 0.03845271
v 0.04010151 0.01248473 0.04046999
v 0.04010165 0.01248429 0.0424864
v 0.04010202 0.01248312 0.0445029
v 0.04010234 0.01248207 0.04651947
v 0.04010253 0.01248145 0.04853593
v 0.04010262 0.01248118 0.05055223
v 0.04010265 0.01248108 0.05256842
v 0.04010266 0.01248104 0.05458456
v 0.04010267 0.01248101 0.0566007
v 0.04010268 0.01248099 0.05861684
v 0.04010268 0.01248097 0.06063297
v 0.04010269 0.01248097 0.0626491
v 0.04010269 0.01248096 0.06466523
v 0.04010269 0.01248096 0.06668136
v 0.04010269 0.01248096 0.06869749
v 0.04010269 0.01248096 0.07071362
v 0.04010269 0.01248096 0.07272975
v 0.04010269 0.01248096 0.07474589
v 0.04010269 0.01248097 0.07676202
v 0.04010268 0.01248097 0.07877815
v 0.04010268 0.01248098 0.08079429
v 0.04010268 0.012481 0.08281044
v 0.04010267 0.01248101 0.0848266
v 0.04010266 0.01248104 0.08684277
v 0.04010265 0.01248108 0.08885898
v 0.04010263 0.01248114 0.09087524
v 0.0401026 0.01248124 0.0928916
v 0.04010255 0.01248142 0.0949081
v 0.04010245 0.01248174 0.09692484
v 0.04010228 0.01248227 0.09894188
v 0.04010205 0.01248302 0.1009593
v 0.0401018 0.01248383 0.1029769
v 0.0401017 0.01248414 0.1049947
v 0.04010212 0.01248279 0.1070123
v 0.04010359 0.01247806 0.1090301
v 0.04010659 0.01246842 0.1110502
v 0.04011115 0.01245374 0.1130778
v 0.04011799 0.0124317 0.1151209
v 0.04013193 0.01238661 0.1171907
v 0.04016183 0.01228931 0.1193269
v 0.04023423 0.01205017 0.1217402
v 0.04026216 -0.01195653 0.05333048
v -0.03686252 0.02012845 0.02412399
v -0.01087039 0.04056889 0.02412399
v -0.01835166 0.03777852 0.024124
v -0.01087038 -0.04056889 0.124876
v 0.04026222 -0.01195632 0.07147581
v -0.0165333 -0.03860894 0.124876
v 4.122012e-08 -0.042 0.126608
v 0.04026223 -0.0119563 0.05937905
v 0.04026153 -0.01195866 0.04728132
v 0.04026222 -0.01195633 0.07954033
v 0.04025311 -0.01198695 0.113804
v 0.04026064 -0.01196163 0.03323211
v 0.04026259 -0.01195509 0.1017156
v 0.04026205 -0.0119569 0.05131417
v 0.006964892 0.04141848 0.02412405
v -0.0165333 0.03860894 0.02412399
v 0.04024347 -0.01201928 0.02924599
v 0.0368233 -0.0202001 0.1248913
v -0.01467749 0.03935189 0.02412399
v -0.04189299 0.002996237 0.124876
v 0.04025965 -0.01196498 0.1097698
v -0.02825176 -0.03107794 0.02412399
v 0.004986186 -0.04170297 0.02412399
v 0.02674238 -0.03238587 0.02412566
v 0.04026245 -0.01195556 0.09566865
v 0.04026222 -0.01195633 0.07550807
v 0.04026221 -0.01195635 0.08760482
v -0.04141848 0.006964855 0.02412399
v -0.00892772 -0.04104017 0.124876
v 0.04026006 -0.0119636 0.0412357
v 0.03681006 0.02022423 0.1247748
v 0.03948648 -0.01431147 0.02417861
v -0.03777852 -0.01835167 0.124876
v 0.04011341 -0.01244645 0.1243631
v 0.01087035 -0.0405689 0.124876
v 0.03238384 0.02674485 0.1248546
v -0.03860893 -0.01653331 0.124876
v 0.03476431 -0.02356784 0.1249076
v -0.03860894 0.0165333 0.02412399
v 0.04026222 -0.01195631 0.05736291
v 0.04026221 -0.01195634 0.08357259
v 0.02970102 0.02969595 0.02413467
v 0.002996257 0.04189299 0.02412401
v -0.03107798 -0.02825171 0.02412398
v -0.03362273 0.02516966 0.124876
v -0.02825174 0.03107795 0.024124
v 0.02517144 0.0336214 0.02412731
v 0.04001886 0.0127472 0.1241634
v -0.03777852 0.01835166 0.124876
v -0.006964853 0.04141848 0.124876
v 0.04026105 -0.01196027 0.04526502
v 0.04026222 -0.01195632 0.06542743
v -0.03586302 0.02185964 0.124876
v 0.03856655 0.01663194 0.1244384
v 0.02012851 -0.03686249 0.1248758
v -0.02185964 0.03586302 0.024124
v 0.0310793 -0.02825026 0.1248743
v 0.0218602 0.03586268 0.1248749
v 0.006964879 0.04141848 0.124876
v -0.02185963 0.03586303 0.124876
v 0.02012874 0.03686236 0.1248753
v -0.03860895 -0.01653326 0.02412398
v -0.0009995207 -0.0419881 0.02412398
v -0.0009994981 0.04198811 0.124876
v 0.03360788 0.02518949 0.1248605
v 0.01087045 0.04056887 0.124876
v 0.02517057 -0.03362205 0.02412493
v -0.004986216 -0.04170297 0.02412399
v 0.01278838 -0.04000572 0.124876
v 0.03774578 -0.01841891 0.1247274
v -0.02354131 -0.03478227 0.124876
v -0.03935189 0.01467748 0.124876
v 0.01653327 -0.03860895 0.124876
v -0.03935189 -0.01467749 0.124876
v 0.0009995107 0.04198811 0.124876
v -0.02012843 0.03686253 0.124876
v 0.01653349 0.03860886 0.1248757
v -0.02516966 -0.03362274 0.124876
v -0.03362273 -0.02516967 0.124876
v 0.04025992 -0.01196408 0.03922438
v 0.004986214 0.04170297 0.124876
v -0.03686252 0.02012845 0.124876
v 0.04026222 -0.01195632 0.06945968
v -0.002996262 -0.04189299 0.02412398
v 0.008927783 0.04104016 0.02412406
v 0.03359029 0.02521294 0.02410447
v 0.03108096 0.02824843 0.1248534
v 0.03863162 -0.01648023 0.02404539
v -0.02012845 -0.03686252 0.124876
v -0.01835166 -0.03777852 0.124876
v 0.02354169 -0.03478202 0.1248753
v -0.00696483 -0.04141849 0.124876
v 0.02186022 0.03586267 0.02412534
v -0.03478227 -0.02354132 0.124876
v 0.02825312 -0.0310767 0.1248734
v -0.0400057 0.01278843 0.02412398
v 0.01467763 0.03935184 0.02412424
v -0.04056889 -0.01087039 0.124876
v -0.0009994979 0.04198811 0.024124
v 0.03869876 0.01632194 0.02475236
v -0.02674099 0.03238702 0.024124
v 0.0165335 0.03860885 0.02412436
v -0.03362274 0.02516965 0.024124
v -0.02969849 0.02969848 0.024124
v -0.04141849 0.006964847 0.124876
v -0.01087038 0.04056889 0.124876
v 0.04026073 -0.01196134 0.1077566
v -0.01278841 0.04000571 0.124876
v 0.002996228 -0.04189299 0.02412399
v 0.004986228 -0.04170297 0.124876
v 0.01835193 0.03777839 0.02412456
v 0.03772339 0.01846473 0.1246415
v 0.03581905 0.02193161 0.1248478
v -0.03107796 0.02825174 0.124876
v -0.03777854 -0.01835163 0.02412399
v -0.02012847 -0.03686251 0.024124
v 0.03936002 -0.01465566 0.1244836
v -0.03362275 -0.02516963 0.02412398
v -0.0400057 0.01278842 0.124876
v -0.03238705 -0.02674096 0.02412398
v -0.01467749 -0.03935189 0.124876
v -0.03586302 0.02185964 0.02412399
v -0.008927736 0.04104017 0.024124
v 0.006964859 -0.04141848 0.124876
v -0.03686252 -0.02012846 0.124876
v -0.04056889 0.01087039 0.124876
v -0.03238703 0.02674099 0.124876
v 0.03580037 0.0219621 0.02419946
v 0.03777559 -0.0183577 0.02403593
v 0.03238702 -0.026741 0.1248769
v 0.01835189 0.03777841 0.1248755
v 0.03107562 0.0282543 0.02413314
v 0.0009995625 -0.0419881 0.124876
v -0.04104017 0.008927738 0.02412399
v 0.02825514 0.03107486 0.02413195
v -0.002996191 -0.04189299 0.124876
v 0.0297 -0.02969697 0.1248734
v -0.004986157 -0.04170298 0.124876
v -0.04104017 -0.008927734 0.124876
v 0.0146776 0.03935185 0.1248759
v -0.03935189 0.01467749 0.02412398
v -0.03478227 0.02354131 0.124876
v 0.0009995098 0.04198811 0.02412401
v -0.02354132 0.03478227 0.024124
v -0.01924553 -0.03733108 0.025856
v -0.04056889 0.01087039 0.02412399
v 0.008927711 -0.04104018 0.124876
v -0.02100002 -0.03637306 0.025856
v 0.03972457 -0.01363667 0.1127682
v 0.03973052 -0.01361931 0.03622868
v -0.02898336 -0.03039679 0.02585597
v 0.03973507 -0.01360602 0.06643549
v -0.04180982 -0.003992355 0.02585599
v 0.03361717 -0.02517709 0.124886
v -0.01560981 -0.03899146 0.123144
v -0.03733109 -0.01924552 0.123144
v 0.001998408 -0.04195243 0.02585598
v 0.03174837 0.0274962 0.1231024
v 0.03973508 -0.01360602 0.06441937
v 0.03973507 -0.01360603 0.07046774
v -0.0408161 -0.009901833 0.02585597
v 0.03973099 -0.01361793 0.1087521
v 0.003992377 0.04180982 0.02585603
v 0.03527491 0.02279651 0.123145
v -0.02516966 0.03362273 0.024124
v 0.02596605 0.03301158 0.02586188
v -0.03533268 -0.02270686 0.02585598
v -0.03533266 0.02270689 0.02585599
v -0.01744739 0.03820456 0.123144
v -0.03637306 -0.02100001 0.123144
v 0.03963911 -0.01388313 0.02634853
v 0.03817658 -0.01750853 0.02562533
v -0.03039682 -0.02898333 0.123144
v -0.04195243 0.001998431 0.123144
v 0.0397354 -0.01360507 0.09466013
v 0.03973299 -0.01361212 0.1067446
v 0.0397351 -0.01360594 0.09062879
v 0.02596736 0.03301055 0.1231361
v 0.03973609 -0.01360305 0.1007053
v -0.009901868 0.04081609 0.02585599
v 0.01278849 0.04000568 0.1248759
v 0.03967636 -0.01377631 0.1188878
v -0.04195243 0.001998433 0.02585599
v -0.005977246 -0.0415725 0.02585598
v 0.03237348 0.02675739 0.02412329
v -0.04104017 0.008927728 0.124876
v -0.02596271 -0.0330142 0.02585599
v 0.03973467 -0.0136072 0.1047336
v 0.0118329 0.04029866 0.02585621
v 0.002996292 -0.04189299 0.124876
v -0.03820455 0.01744742 0.123144
v -0.01373682 0.03969005 0.123144
v 0.03973507 -0.01360603 0.0745
v -0.003992348 0.04180982 0.123144
v 0.03973591 -0.01360359 0.09869097
v -0.04195243 -0.001998448 0.02585599
v 0.03973509 -0.01360599 0.06038714
v -0.0342122 0.02436237 0.025856
v 0.03973505 -0.01360609 0.08659678
v 0.03973506 -0.01360607 0.08458067
v 0.03422488 -0.02434456 0.02586552
v 0.02012879 0.03686233 0.02412483
v -0.02099999 0.03637307 0.025856
v -0.0363731 -0.02099994 0.02585598
v 0.03973509 -0.01360597 0.05837103
v 0.03973231 -0.0136141 0.04425623
v 0.0259645 -0.0330128 0.02585765
v -0.005977216 0.0415725 0.123144
v 0.03969966 -0.01370901 0.1168237
v -0.007948542 0.04124101 0.123144
v -0.02898331 0.03039684 0.123144
v 0.03973508 -0.01360601 0.06240325
v 0.01183271 -0.04029872 0.123144
v 0.03302097 -0.02595411 0.02585927
v -0.04124101 -0.007948528 0.02585598
v 0.03973507 -0.01360603 0.07853226
v 0.03973509 -0.01360599 0.05635489
v 0.03639401 -0.02096369 0.02587973
v 0.026742 -0.03238619 0.124874
v 0.02436328 -0.03421156 0.02585676
v -0.0317415 0.02750413 0.025856
v -0.01183278 -0.0402987 0.02585599
v -0.02750414 -0.03174149 0.123144
v 0.01835166 -0.03777852 0.1248759
v 0.02898718 -0.03039315 0.02586087
v 0.03964431 0.01386825 0.1226263
v 0.0353026 -0.02275361 0.1232079
v -0.04180982 0.003992347 0.02585599
v 0.03968041 -0.01376464 0.1228515
v 0.03973461 -0.01360737 0.05030575
v -0.0415725 -0.005977215 0.02585598
v 0.007948623 0.04124099 0.0258561
v -0.042 -8.826604e-09 0.02585599
v -0.04195243 -0.001998437 0.123144
v 0.02517027 -0.03362227 0.1248748
v 0.03040796 0.02897164 0.1231093
v -0.03301425 0.02596266 0.025856
v -0.02898331 -0.03039684 0.123144
v -0.007948546 0.04124101 0.025856
v 0.03965209 -0.013846 0.1209597
v 0.01924563 -0.03733103 0.02585609
v 0.03733444 -0.019239 0.02579445
v 0.03973507 -0.01360603 0.06845162
v 0.03973111 -0.01361761 0.03228436
v 0.03973518 -0.0136057 0.09264469
v -0.042 -2.721257e-09 0.123144
v 0.0394696 0.01435795 0.02564492
v -0.01560978 0.03899147 0.123144
v 0.03951763 0.01422523 0.0275749
v 0.0395086 0.01425029 0.0295559
v 0.03950661 0.01425579 0.0315874
v 0.0395046 0.01426135 0.03363253
v 0.03950081 0.01427187 0.03567014
v 0.03949711 0.01428209 0.0376961
v 0.03949536 0.01428694 0.039715
v 0.03949536 0.01428694 0.04173185
v 0.03949613 0.0142848 0.04374882
v 0.0394969 0.01428268 0.04576599
v 0.03949736 0.01428141 0.04778292
v 0.03949756 0.01428085 0.04979945
v 0.03949763 0.01428065 0.05181572
v 0.03949766 0.01428057 0.0538319
v 0.03949768 0.01428051 0.05584804
v 0.0394977 0.01428047 0.05786419
v 0.03949771 0.01428044 0.05988033
v 0.03949772 0.01428042 0.06189647
v 0.03949772 0.01428041 0.0639126
v 0.03949772 0.0142804 0.06592873
v 0.03949772 0.0142804 0.06794486
v 0.03949772 0.0142804 0.06996099
v 0.03949772 0.0142804 0.07197712
v 0.03949772 0.01428041 0.07399325
v 0.03949772 0.01428041 0.07600939
v 0.03949772 0.01428042 0.07802553
v 0.03949771 0.01428043 0.08004167
v 0.03949771 0.01428045 0.08205783
v 0.0394977 0.01428047 0.08407399
v 0.03949769 0.0142805 0.08609018
v 0.03949767 0.01428055 0.0881064
v 0.03949765 0.01428061 0.09012268
v 0.03949762 0.01428069 0.09213908
v 0.03949756 0.01428085 0.09415568
v 0.03949745 0.01428115 0.09617262
v 0.03949725 0.01428171 0.09819006
v 0.0394969 0.01428269 0.1002082
v 0.03949637 0.01428414 0.1022272
v 0.03949579 0.01428575 0.1042468
v 0.03949559 0.0142863 0.1062666
v 0.03949675 0.01428311 0.1082857
v 0.03950065 0.01427229 0.1103041
v 0.03950812 0.0142516 0.1123253
v 0.03951691 0.01422721 0.1143623
v 0.03952691 0.0141994 0.1164285
v 0.03955425 0.01412307 0.1185251
v 0.0396 0.01399429 0.1206729
v 0.03973504 -0.01360611 0.05433867
v -0.0373311 0.0192455 0.02585598
v 0.03859416 -0.01656777 0.1245026
v -0.000999441 -0.04198811 0.124876
v -0.0192455 0.03733109 0.02585599
v 0.03973011 -0.01362051 0.0402297
v -0.01183274 -0.04029871 0.123144
v 0.03973507 -0.01360603 0.07248387
v -0.02436237 0.03421221 0.123144
v 0.03973414 -0.01360874 0.04828916
v 0.02899281 0.03038778 0.1231218
v 0.03971633 -0.01366065 0.1147873
v 0.02436467 0.03421056 0.12314
v 0.0137368 -0.03969005 0.123144
v 0.03973232 -0.01361407 0.03424724
v 0.03973564 -0.01360436 0.1027205
v 0.03973493 -0.01360644 0.05232234
v 0.005977265 0.04157249 0.02585606
v -0.01744742 0.03820455 0.02585599
v 0.0397235 -0.01363979 0.03033018
v -0.01373684 -0.03969004 0.123144
v 0.03629765 -0.02113009 0.1232906
v 0.03972897 -0.01362384 0.1107603
v -0.02750419 -0.03174145 0.02585598
v 0.005977199 -0.0415725 0.02585599
v 0.02750696 -0.03173905 0.0258591
v 0.03973564 -0.01360438 0.09667562
v -0.03301427 -0.02596263 0.02585597
v 0.03973507 -0.01360603 0.07651613
v 0.03973506 -0.01360607 0.08861286
v -0.0415725 0.005977217 0.02585599
v -0.009901846 -0.04081609 0.123144
v 0.03973131 -0.01361702 0.04224105
v 0.03973506 -0.01360605 0.08256453
v 0.00199851 -0.04195242 0.1231441
v 0.03897005 -0.01566318 0.02574826
v 0.003992404 -0.04180982 0.123144
v 0.03972978 -0.01362147 0.03822369
v 0.03628986 0.02114346 0.1231063
v -0.02596266 0.03301424 0.123144
v 0.03420718 -0.02436943 0.1231623
v -0.003992348 0.04180982 0.025856
v 0.009901942 0.04081607 0.123144
v -0.02898333 0.03039682 0.025856
v -0.04029872 -0.01183271 0.02585597
v 0.02899174 0.0303888 0.02587181
v -0.03039687 -0.02898327 0.02585597
v 0.03520777 0.02290007 0.02575866
v 0.02100014 -0.03637298 0.1231436
v -0.03421223 -0.02436234 0.02585597
v 0.03040034 -0.02897964 0.1231403
v -0.03533265 0.02270691 0.123144
v 0.03894609 0.01572267 0.1222417
v -0.0415725 0.005977202 0.123144
v -0.04180982 0.003992338 0.123144
v -0.01560983 -0.03899145 0.025856
v 0.02751136 0.03173523 0.1231301
v -0.04029871 0.01183276 0.02585598
v -0.02750414 0.03174149 0.123144
v 0.02436464 0.03421059 0.02586019
v 0.0304012 -0.02897874 0.02586159
v -0.03174148 -0.02750416 0.123144
v 0.01744778 0.03820438 0.1231433
v 0.02270802 0.03533194 0.1231417
v 0.007948587 0.041241 0.123144
v 0.03040515 0.02897459 0.02587647
v 0.02100063 0.0363727 0.1231425
v 0.02100022 -0.03637294 0.02585617
v 0.03723525 -0.01943028 0.1231554
v -0.01183274 0.04029871 0.123144
v -3.143197e-08 -0.042 0.02585598
v 0.03418562 0.02439966 0.1231234
v -0.03301423 0.02596267 0.123144
v 0.01183277 -0.0402987 0.025856
v 0.00990197 0.04081606 0.02585614
v -0.03899146 0.01560981 0.123144
v 0.01560977 -0.03899147 0.1231439
v -0.03637308 0.02099998 0.02585599
v -0.03969004 -0.01373685 0.123144
v 0.001998455 0.04195243 0.123144
v 0.01560985 -0.03899144 0.02585602
v -0.01924547 0.03733111 0.123144
v -0.02596267 -0.03301423 0.123144
v 0.01373687 -0.03969003 0.02585601
v -0.009901888 -0.04081608 0.02585599
v -0.007948569 -0.041241 0.02585599
v -0.02270691 0.03533265 0.025856
v -0.03637307 0.02099999 0.123144
v 0.001998453 0.04195243 0.02585602
v 0.03973338 -0.01361098 0.04627247
v -0.01744744 -0.03820454 0.025856
v -0.02099999 -0.03637307 0.123144
v 0.02270813 0.03533187 0.02585874
v 0.009901832 -0.0408161 0.123144
v 0.03535168 -0.02267727 0.02588173
v -0.005977218 0.0415725 0.025856
v 0.03973507 -0.01360604 0.0805484
v 0.02270723 -0.03533245 0.1231433
v -0.007948514 -0.04124101 0.123144
v -0.03533264 -0.02270692 0.123144
v 0.02750629 -0.03173962 0.1231401
v 0.03970412 -0.01369609 0.02837476
v 0.01373705 0.03968997 0.02585632
v 0.01561004 0.03899137 0.1231436
v -0.001998435 0.04195243 0.025856
v 0.02270729 -0.03533241 0.02585632
v -0.01373684 0.03969004 0.02585599
v -0.003992284 -0.04180983 0.123144
v -0.03039684 0.0289833 0.025856
v 0.03776072 0.01838825 0.02474707
v -0.02750416 0.03174147 0.025856
v 0.01561009 0.03899135 0.02585649
v -0.02436242 -0.03421217 0.025856
v -0.009901859 0.04081609 0.123144
v 0.003992324 -0.04180982 0.02585598
v -0.001998434 0.04195243 0.123144
v 0.01744777 0.03820439 0.02585672
v 0.03174597 -0.02749897 0.02586044
v -0.03039683 0.02898332 0.123144
v -0.02270694 -0.03533263 0.025856
v -0.03733112 -0.01924545 0.02585598
v -0.03820454 -0.01744743 0.123144
v -0.01373686 -0.03969003 0.025856
v 0.009901869 -0.04081609 0.025856
v -0.001998358 -0.04195243 0.123144
v -0.01744742 -0.03820455 0.123144
v 0.005977244 -0.0415725 0.123144
v 0.007948537 -0.04124101 0.02585599
v -0.03969004 0.01373683 0.123144
v 0.01744748 -0.03820452 0.02585604
v -0.03174152 -0.0275041 0.02585597
v -0.03899148 -0.01560975 0.02585597
v 0.03680684 0.02023009 0.02445205
v -0.04029871 0.01183274 0.123144
v -0.03820455 0.01744741 0.02585598
v -0.04180982 -0.003992345 0.123144
v 0.03174555 -0.02749945 0.1231421
v 0.0192459 0.03733089 0.1231431
v -0.04124101 0.007948546 0.02585599
v -0.01183276 0.04029871 0.02585599
v -0.02270689 0.03533267 0.123144
v 0.02750941 0.03173692 0.02586529
v -0.0415725 -0.005977211 0.123144
v 0.02898597 -0.0303943 0.1231396
v -0.01560981 0.03899146 0.02585599
v -0.003992381 -0.04180982 0.02585598
v -0.04124101 -0.007948538 0.123144
v -0.03969004 0.01373684 0.02585598
v -0.03421219 0.02436238 0.123144
v 8.346086e-08 -0.042 0.1231441
v 0.0372254 0.01944916 0.1229623
v 0.03301752 -0.02595849 0.123146
v 0.03415033 0.02444903 0.025805
v -0.03301422 -0.02596268 0.123144
v 0.003992373 0.04180982 0.123144
v -0.04029871 -0.01183276 0.123144
v -0.02270691 -0.03533265 0.123144
v 0.03914038 -0.01523256 0.06139523
v -0.02012849 -0.0368625 0.027588
v 0.03914036 -0.01523259 0.06744355
v 0.03300908 0.02596922 0.123106
v 0.01924554 -0.03733108 0.1231438
v -0.03899145 -0.01560982 0.123144
v 0.004986153 -0.04170298 0.02758798
v 0.03914035 -0.01523263 0.08155649
v 9.982482e-09 0.042 0.123144
v 0.03913619 -0.01524332 0.03329017
v 0.01183286 0.04029868 0.1231439
v -0.04170297 0.004986173 0.121412
v -0.02099996 0.03637309 0.123144
v 0.03913016 -0.01525878 0.1097349
v 0.03913419 -0.01524844 0.1077374
v -0.03238709 -0.02674091 0.02758795
v -0.03478232 -0.02354124 0.02758796
v 0.03911918 -0.0152869 0.02948337
v -0.02825181 -0.03107789 0.02758796
v 0.03914036 -0.01523261 0.07954034
v -0.004986192 0.04170297 0.121412
v 0.03914232 -0.01522757 0.1017075
v -0.04124101 0.007948528 0.123144
v 0.03914113 -0.01523062 0.0956668
v 0.02674918 0.03238026 0.1213977
v -0.03733109 0.0192455 0.123144
v -0.03586304 0.02185961 0.02758799
v 0.002996191 -0.04189299 0.02758797
v -0.01278842 0.0400057 0.02758799
v -0.04141849 -0.006964839 0.02758797
v -0.03686251 -0.02012847 0.121412
v -0.03174148 0.02750415 0.123144
v 0.03891961 0.0157881 0.02674771
v 0.03914001 -0.0152335 0.05131417
v 0.03913808 -0.01523846 0.1057296
v 0.02517377 0.03361965 0.02759545
v 0.007948537 -0.04124101 0.123144
v 0.03913196 -0.01525418 0.04123288
v -0.04189299 0.002996238 0.02758799
v -0.04189299 -0.002996254 0.02758798
v 0.03913647 -0.01524258 0.04526327
v -0.02436238 -0.0342122 0.123144
v -0.04081609 -0.009901862 0.123144
v -0.03820458 -0.01744736 0.02585598
v 7.199302e-09 0.042 0.02585601
v 0.03110157 0.02822574 0.1213468
v 0.0389771 -0.01564562 0.1223117
v 0.03914041 -0.01523249 0.0573631
v 0.03913005 -0.01525907 0.03922263
v 0.03914036 -0.0152326 0.07550807
v -0.04189299 0.002996228 0.121412
v 0.03363318 -0.0251557 0.02758508
v 0.03914039 -0.01523252 0.05937914
v -0.01653332 -0.03860893 0.027588
v -0.001998471 -0.04195243 0.02585598
v -0.03586306 -0.02185957 0.02758797
v 0.03914037 -0.01523259 0.06542743
v 0.03914037 -0.01523258 0.06341133
v 0.03907635 -0.01539607 0.11778
v -0.006964851 0.04141848 0.121412
v -0.02825173 -0.03107797 0.121412
v -0.0192455 -0.0373311 0.123144
v 0.01924602 0.03733083 0.02585716
v 0.02596403 -0.03301317 0.1231415
v -0.03478229 0.02354129 0.027588
v 0.03590786 -0.0217859 0.02765578
v 0.0251716 -0.03362128 0.02758929
v -0.0127884 -0.04000571 0.121412
v -0.005977169 -0.04157251 0.123144
v 0.03914224 -0.01522777 0.09969524
v -0.01835169 -0.03777851 0.027588
v 0.002996316 -0.04189298 0.1214121
v 0.03914031 -0.01523273 0.08760486
v 0.03914039 -0.01523252 0.05534696
v 0.006964957 0.04141847 0.02758813
v -0.03362279 -0.02516958 0.02758796
v 0.005977248 0.0415725 0.123144
v -0.03969006 -0.01373678 0.02585597
v 0.03912922 -0.01526119 0.03722131
v 0.03808622 0.01770424 0.1227584
v -0.01087039 0.04056889 0.02758799
v 0.03914044 -0.01523241 0.09163654
v -0.008927734 0.04104017 0.02758799
v 0.03174361 0.02750169 0.02587417
v 0.03576253 0.02202366 0.1214668
v 0.0347944 -0.02352338 0.1214416
v 0.03914064 -0.01523188 0.09365215
v 0.03914036 -0.0152326 0.07147581
v -0.04081609 0.009901868 0.02585598
v -0.03107795 -0.02825175 0.121412
v -0.04198811 0.0009994952 0.121412
v -0.03421219 -0.0243624 0.123144
v 0.03911954 -0.01528598 0.1137277
v 0.03883383 0.01599794 0.02864812
v 0.03883087 0.0160051 0.03070675
v 0.03882985 0.01600759 0.03279368
v 0.03882192 0.01602681 0.03485549
v 0.03881118 0.01605279 0.03689017
v 0.0388054 0.01606677 0.03891123
v 0.03880464 0.0160686 0.0409289
v 0.0388062 0.01606484 0.0429471
v 0.03880792 0.01606069 0.04496571
v 0.03880897 0.01605813 0.04698373
v 0.03880942 0.01605704 0.04900084
v 0.03880957 0.01605669 0.05101732
v 0.03880963 0.01605656 0.05303356
v 0.03880967 0.01605645 0.05504973
v 0.03880971 0.01605636 0.0570659
v 0.03880974 0.01605629 0.05908206
v 0.03880975 0.01605624 0.0610982
v 0.03880976 0.01605622 0.06311434
v 0.03880977 0.01605621 0.06513048
v 0.03880977 0.0160562 0.06714661
v 0.03880977 0.0160562 0.06916274
v 0.03880977 0.0160562 0.07117888
v 0.03880977 0.01605621 0.07319501
v 0.03880977 0.01605621 0.07521115
v 0.03880976 0.01605622 0.07722729
v 0.03880976 0.01605624 0.07924344
v 0.03880975 0.01605626 0.0812596
v 0.03880973 0.01605629 0.08327578
v 0.03880972 0.01605634 0.08529198
v 0.03880969 0.01605639 0.08730823
v 0.03880967 0.01605646 0.08932454
v 0.03880964 0.01605653 0.09134098
v 0.03880959 0.01605663 0.09335765
v 0.03880951 0.01605683 0.09537473
v 0.03880933 0.01605726 0.09739253
v 0.03880896 0.01605817 0.09941144
v 0.03880825 0.01605988 0.1014319
v 0.03880712 0.01606262 0.1034544
v 0.03880577 0.01606586 0.1054786
v 0.03880526 0.01606709 0.1075032
v 0.03880809 0.01606026 0.1095252
v 0.038818 0.0160363 0.1115416
v 0.03883657 0.01599126 0.1135564
v 0.03884725 0.01596532 0.1156049
v 0.03884719 0.01596546 0.1177084
v 0.01087058 0.04056884 0.02758828
v -0.02012844 0.03686253 0.02758799
v 0.03913926 -0.01523544 0.04929725
v 0.03914036 -0.0152326 0.07349194
v -0.04198811 -0.000999502 0.121412
v 0.03914032 -0.0152327 0.08558877
v 0.02971757 0.02967939 0.1213694
v 0.0391041 -0.01532545 0.1157386
v 0.02517382 0.03361962 0.1214044
v 0.01278839 -0.04000571 0.121412
v 0.03913057 -0.01525773 0.03524379
v 0.03914089 -0.01523124 0.1037211
v 0.0391403 -0.01523275 0.05333068
v 0.008927872 0.04104014 0.02758819
v -0.01835165 0.03777852 0.02758799
v 0.0391322 -0.01525354 0.03136267
v 0.03584157 -0.02189478 0.1215299
v -0.03899146 0.01560981 0.02585598
v 0.03912716 -0.01526648 0.1117318
v 0.03914036 -0.0152326 0.0775242
v 0.03914033 -0.01523268 0.08962085
v -0.04170297 0.004986195 0.02758799
v -0.01087036 -0.0405689 0.121412
v 0.01373698 0.03968999 0.1231438
v 0.03913456 -0.0152475 0.04324683
v 0.03914034 -0.01523266 0.08357262
v -0.04170297 -0.0049862 0.02758798
v -0.03935193 -0.01467739 0.02758796
v -0.03777853 0.01835165 0.121412
v 0.02012855 -0.03686247 0.1214115
v -0.03935189 -0.01467749 0.121412
v 0.03621475 0.02127185 0.02601695
v -0.02516964 0.03362275 0.121412
v 0.03469609 0.02366816 0.02746516
v -0.01278839 0.04000571 0.121412
v -0.03238705 0.02674096 0.027588
v 0.01087052 0.04056885 0.1214119
v -0.03860898 -0.0165332 0.02758796
v -0.04141849 0.006964824 0.121412
v -0.0405689 -0.01087033 0.02758796
v -0.04170297 -0.004986185 0.121412
v -0.03107803 -0.02825166 0.02758795
v -0.02969856 -0.02969841 0.02758796
v 0.03910751 -0.01531674 0.02763669
v 0.02100075 0.03637263 0.02585781
v 0.03299561 0.02598634 0.02585317
v -0.03478228 0.02354131 0.121412
v 0.02970395 -0.02969301 0.1214052
v -0.02674106 -0.03238697 0.02758798
v 0.002996276 0.04189299 0.02758804
v -0.002996237 0.04189299 0.121412
v 0.03914163 -0.01522935 0.09768175
v 0.01087039 -0.04056889 0.027588
v -0.03238702 -0.026741 0.121412
v -0.02825173 0.03107797 0.121412
v 0.0235433 0.03478093 0.1214077
v -0.01467748 0.03935189 0.02758799
v -0.04141848 0.006964854 0.02758798
v 0.02012865 -0.03686241 0.02758815
v 0.008927807 0.04104015 0.121412
v 0.02971816 0.0296788 0.02761701
v -0.04198811 -0.0009995146 0.02758799
v -0.01835161 0.03777854 0.121412
v 0.02186102 0.03586218 0.1214089
v -0.03777851 -0.01835167 0.121412
v 0.03670524 -0.02041386 0.1217964
v -0.004986241 -0.04170297 0.02758797
v 0.0009994482 -0.04198811 0.02758797
v 0.03474527 0.02359589 0.1213914
v -0.04000573 -0.01278834 0.02758796
v -0.04081609 0.009901851 0.123144
v 0.02354375 0.03478062 0.02759335
v 0.0009995233 0.0419881 0.121412
v 0.0385145 -0.01675211 0.02702801
v -0.03860894 0.01653328 0.121412
v 0.01467745 -0.03935191 0.1214119
v -0.04198811 0.0009994929 0.02758799
v -0.01087042 -0.04056888 0.02758799
v -0.02674098 -0.03238704 0.121412
v -0.01467747 -0.0393519 0.121412
v -0.02596268 0.03301423 0.025856
v -0.03107798 0.02825171 0.027588
v 0.01467752 -0.03935188 0.02758802
v 0.0174474 -0.03820456 0.1231439
v -0.02436239 0.03421219 0.025856
v -0.006964854 0.04141848 0.027588
v 0.03240526 0.02671888 0.1213365
v -0.00696489 -0.04141848 0.02758798
v -0.03586302 0.02185963 0.121412
v 0.03480561 -0.0235068 0.02760272
v -0.01467751 -0.03935188 0.027588
v 0.03903443 -0.01550205 0.1199025
v 0.03362262 0.02516981 0.1213494
v -0.02012844 -0.03686253 0.121412
v -0.004986194 0.04170297 0.027588
v 0.0127887 0.04000561 0.02758843
v -0.04104018 -0.008927696 0.02758797
v 0.03914036 -0.0152326 0.06945968
v 0.02674422 -0.03238436 0.02759072
v 0.02185987 -0.03586288 0.1214113
v -0.008927693 -0.04104018 0.121412
v -0.03586301 -0.02185966 0.121412
v 0.03692402 -0.02001541 0.02766268
v 0.0009995991 -0.0419881 0.1214121
v -0.004986116 -0.04170298 0.1214121
v -0.02969847 -0.0296985 0.121412
v 0.02970656 -0.0296904 0.02759698
v 0.01653375 0.03860874 0.1214112
v -0.002996239 0.04189299 0.027588
v 0.0235421 -0.03478174 0.02758853
v 0.0391381 -0.01523841 0.04728021
v -0.0296985 0.02969847 0.027588
v -0.02825175 0.03107794 0.027588
v 0.01467787 0.03935175 0.02758865
v -0.03686257 -0.02012837 0.02758797
v -0.03238703 0.02674098 0.121412
v -0.008927727 0.04104017 0.121412
v 0.004986254 0.04170296 0.02758807
v -0.03686253 0.02012844 0.121412
v 0.01653384 0.03860871 0.02758898
v -0.02185964 0.03586302 0.027588
v 0.03239505 -0.02673127 0.02759192
v -0.02969848 0.02969849 0.121412
v -0.02185968 -0.03586299 0.027588
v 0.03809772 0.01767948 0.02715836
v 0.03363848 -0.02514862 0.1214165
v 0.006964824 -0.04141849 0.02758799
v -0.01278844 -0.0400057 0.027588
v -0.03362276 0.02516963 0.027588
v -0.002996146 -0.041893 0.1214121
v 0.00498624 -0.04170297 0.1214121
v 0.03671254 0.02040072 0.1213539
v 0.03780752 -0.01829184 0.027429
v 0.01835175 -0.03777848 0.02758808
v 0.02674368 -0.03238481 0.121407
v 0.02826574 0.03106522 0.1213859
v -0.03686254 0.02012842 0.02758798
v -0.04000571 0.01278839 0.121412
v -0.01467745 0.03935191 0.121412
v 0.03891845 0.01579096 0.119817
v 0.03809937 -0.01767591 0.1227784
v -0.04189299 -0.002996236 0.121412
v 0.03108507 -0.0282439 0.1214085
v 0.02012923 0.0368621 0.1214101
v 0.02825733 -0.03107287 0.02759365
v -0.04056889 0.01087039 0.02758797
v 0.02674698 0.03238208 0.02759807
v 0.01087035 -0.0405689 0.121412
v 0.02825574 -0.03107432 0.121405
v 0.02436313 -0.03421167 0.1231426
v -0.01653329 0.03860894 0.02758799
v -0.0393519 0.01467746 0.121412
v -0.04141849 -0.00696484 0.121412
v -0.04000571 0.01278841 0.02758796
v -0.03362274 0.02516965 0.121412
v -0.02354128 0.03478229 0.121412
v 0.0356052 0.02227712 0.02727555
v -0.0400057 -0.01278842 0.121412
v -0.02516972 -0.03362269 0.02758799
v 0.02826341 0.03106734 0.0276054
v 0.002996272 0.04189299 0.121412
v -0.01653328 -0.03860894 0.121412
v 0.01653335 -0.03860891 0.02758804
v -0.02185963 -0.03586302 0.121412
v -0.03777853 0.01835164 0.02758797
v 0.01835167 -0.03777851 0.1214117
v 0.03239781 -0.02672792 0.1214117
v 0.03361347 0.02518203 0.02757737
v 0.03847906 -0.01683335 0.08256459
v -0.01087037 0.04056889 0.121412
v 0.03846655 -0.01686192 0.04223733
v -0.0009994904 0.04198811 0.121412
v -0.0137368 -0.03969005 0.11968
v 0.01278861 0.04000564 0.1214118
v 0.03845569 -0.01688668 0.1106971
v 0.0384791 -0.01683327 0.07651614
v 0.03844089 -0.01692035 0.1146474
v 0.03845426 -0.01688993 0.03045222
v -0.02750428 -0.03174137 0.02931995
v 0.02186003 -0.03586278 0.02758826
v 0.0009995179 0.04198811 0.02758801
v 0.03847897 -0.01683355 0.08861297
v 0.01278844 -0.0400057 0.02758801
v 0.03179117 0.0274467 0.1195612
v -0.03039681 -0.02898334 0.11968
v -0.02674097 0.03238704 0.121412
v -0.0289833 -0.03039685 0.11968
v 0.03848245 -0.0168256 0.1027031
v 0.0384556 -0.01688688 0.03621887
v -0.01653325 0.03860896 0.121412
v -0.0408161 -0.009901797 0.02931996
v -0.002996294 -0.04189299 0.02758796
v 0.03847928 -0.01683285 0.09264399
v -0.03107796 0.02825174 0.121412
v -0.006964794 -0.04141849 0.121412
v 0.02900762 0.03037364 0.119634
v -0.008927764 -0.04104016 0.02758798
v 0.03848084 -0.0168293 0.09667175
v -0.04104017 -0.008927721 0.121412
v 0.03847916 -0.01683312 0.0583713
v 0.03847821 -0.0168353 0.05030621
v -0.03301433 -0.02596255 0.02931993
v 0.03422057 -0.02435061 0.02929134
v 0.02751932 0.03172833 0.1196537
v -0.03777856 -0.01835157 0.02758797
v -0.01835165 -0.03777853 0.121412
v -0.0009994956 0.04198811 0.027588
v 0.0201295 0.03686195 0.02759044
v 0.01835235 0.03777818 0.1214106
v 0.0384791 -0.01683327 0.07046774
v 0.02186123 0.03586205 0.02759176
v -0.005977213 0.0415725 0.11968
v 0.03108615 -0.02824272 0.02759726
v -0.02354136 -0.03478224 0.02758799
v 0.0384791 -0.01683326 0.06643549
v 0.0384791 -0.01683326 0.06441938
v 0.005977336 0.04157248 0.02932016
v 0.03847911 -0.01683324 0.06240331
v 0.0384791 -0.01683327 0.06845162
v -0.03533268 0.02270686 0.02931999
v -0.03969005 0.0137368 0.1196801
v 0.01373686 -0.03969003 0.02932003
v 0.03848304 -0.01682427 0.100695
v 0.03843761 -0.01692779 0.02866942
v 0.03847919 -0.01683305 0.05635533
v -0.03860893 -0.01653331 0.121412
v 0.03847913 -0.0168332 0.06038724
v 0.03846119 -0.01687416 0.03425088
v -0.04180982 0.003992323 0.11968
v 0.03846257 -0.01687101 0.04022243
v 0.03845852 -0.01688022 0.03821156
v 0.03847977 -0.01683174 0.09465884
v 0.03847157 -0.01685046 0.1067156
v -0.04124101 -0.007948509 0.02931997
v -0.009901862 0.04081609 0.02931999
v 0.01835245 0.03777814 0.02758959
v 0.03110162 0.02822569 0.02762634
v 0.00892772 -0.04104017 0.02758799
v 0.00399227 -0.04180983 0.02931996
v 0.0251712 -0.03362158 0.1214092
v -0.0009993953 -0.04198811 0.1214121
v -0.04104017 0.008927734 0.02758797
v 0.03240586 0.02671817 0.02762259
v 0.03713936 0.01961295 0.02656339
v -0.04195243 0.001998425 0.11968
v 0.03807951 0.01771867 0.02971376
v 0.03845394 -0.01689066 0.1126704
v 0.03809447 0.01768647 0.03186787
v 0.03808514 0.01770656 0.0339649
v 0.03805661 0.01776779 0.03600252
v 0.03803998 0.01780336 0.03802237
v 0.03803672 0.01781033 0.04004126
v 0.03803976 0.01780384 0.0420627
v 0.03804347 0.0177959 0.04408483
v 0.03804578 0.01779097 0.04610538
v 0.03804673 0.01778893 0.04812378
v 0.038047 0.01778836 0.05014075
v 0.03804708 0.01778819 0.05215712
v 0.03804715 0.01778804 0.05417335
v 0.03804723 0.01778786 0.05618956
v 0.03804731 0.01778771 0.05820577
v 0.03804735 0.01778761 0.06022195
v 0.03804738 0.01778755 0.06223811
v 0.03804739 0.01778753 0.06425425
v 0.0380474 0.01778751 0.06627039
v 0.0380474 0.01778751 0.06828652
v 0.0380474 0.01778751 0.07030266
v 0.0380474 0.01778751 0.07231879
v 0.0380474 0.01778751 0.07433493
v 0.03804739 0.01778752 0.07635108
v 0.03804738 0.01778754 0.07836724
v 0.03804737 0.01778757 0.08038341
v 0.03804735 0.01778762 0.08239961
v 0.03804732 0.01778768 0.08441584
v 0.03804728 0.01778776 0.08643213
v 0.03804724 0.01778785 0.08844848
v 0.0380472 0.01778793 0.09046497
v 0.03804718 0.01778799 0.0924817
v 0.03804715 0.01778804 0.09449888
v 0.03804709 0.01778817 0.09651688
v 0.03804687 0.01778865 0.09853632
v 0.03804627 0.01778992 0.1005581
v 0.03804498 0.01779268 0.1025833
v 0.03804267 0.01779761 0.1046131
v 0.03803959 0.01780419 0.1066476
v 0.038038 0.0178076 0.1086839
v 0.0380441 0.01779456 0.1107138
v 0.03806801 0.01774335 0.1127225
v 0.03811811 0.01763548 0.114695
v 0.03809971 0.01767519 0.1167517
v 0.03848192 -0.01682681 0.09868491
v 0.009902118 0.04081603 0.02932038
v 0.0384766 -0.01683899 0.04828877
v 0.0384791 -0.01683327 0.0745
v -0.042 -2.529517e-09 0.11968
v 0.03847909 -0.0168333 0.08054842
v 0.038479 -0.01683349 0.08659691
v 0.03043482 0.02894342 0.1196
v 0.02597015 0.03300835 0.1196662
v 0.0384791 -0.01683326 0.07248387
v 0.03847406 -0.01684478 0.04627106
v 0.03847851 -0.01683461 0.1047136
v 0.03847918 -0.01683309 0.05433928
v 0.007948744 0.04124097 0.02932027
v -0.03421228 -0.02436227 0.02931994
v -0.01924549 0.0373311 0.02931999
v 0.0384829 -0.01682458 0.03234171
v 0.035414 -0.02257982 0.1197294
v 0.03847909 -0.01683328 0.07853228
v 0.03846283 -0.01687041 0.1087158
v -0.04056889 -0.01087038 0.121412
v 0.03847903 -0.01683343 0.09062869
v -0.03533272 -0.0227068 0.02931995
v -0.04180982 0.003992349 0.02931999
v -0.01183271 -0.04029872 0.11968
v 0.01467774 0.0393518 0.1214116
v 0.03847087 -0.01685206 0.04425355
v -0.0201284 0.03686255 0.121412
v 0.03847904 -0.0168334 0.08458074
v 0.03847898 -0.01683353 0.05232297
v 0.01183276 -0.04029871 0.02932001
v -0.01744736 0.03820458 0.11968
v 0.0174484 0.0382041 0.1196781
v 0.03540037 0.02260119 0.02898337
v 0.02270936 0.03533108 0.119674
v 0.03637852 0.02099055 0.0280755
v -0.03174147 -0.02750417 0.11968
v -0.04180982 -0.003992337 0.11968
v -0.01183273 0.04029872 0.11968
v -0.01560978 -0.03899147 0.11968
v 0.01183299 0.04029864 0.1196798
v 0.03536338 -0.02265902 0.02934816
v -0.03899151 -0.01560968 0.02931995
v -0.04104018 0.008927702 0.121412
v -0.0405689 0.01087036 0.121412
v 0.01183274 -0.04029871 0.11968
v -0.02898345 -0.03039671 0.02931994
v -0.01373683 0.03969004 0.02931999
v 0.03829695 -0.01724366 0.1207181
v 0.03306237 0.02590135 0.1195497
v 0.02899101 -0.03038949 0.1196677
v -0.02596279 -0.03301414 0.02931997
v 0.02100031 -0.03637289 0.02932024
v 0.00990199 0.04081606 0.1196799
v -0.01560976 0.03899148 0.11968
v 0.02436593 0.03420967 0.119672
v -0.01924555 -0.03733107 0.02932
v -0.0218596 0.03586304 0.121412
v -0.03362272 -0.02516967 0.121412
v -0.02750413 0.0317415 0.11968
v -0.03733108 -0.01924553 0.11968
v -0.04195243 -0.001998453 0.02931998
v -0.0415725 0.00597722 0.02931998
v 0.004986235 0.04170297 0.121412
v -0.003992424 -0.04180981 0.02931995
v 0.03657255 -0.02065063 0.1199405
v 0.00199835 -0.04195243 0.02931995
v 0.03531879 0.02272846 0.1196744
v -0.03174149 0.02750414 0.11968
v -0.03969008 -0.01373672 0.02931995
v 0.01653328 -0.03860895 0.1214118
v -0.02750413 -0.0317415 0.11968
v -0.03820456 0.01744739 0.11968
v -0.009901904 -0.04081608 0.02931998
v 0.01373683 -0.03969004 0.1196799
v -0.026741 0.03238702 0.027588
v -0.03174152 0.02750411 0.02932
v -0.02354131 -0.03478228 0.121412
v -0.04195243 -0.001998432 0.11968
v -0.01924547 -0.03733111 0.11968
v -0.007948544 0.04124101 0.02931999
v 0.03043891 0.02893912 0.02937034
v -0.03039686 0.02898329 0.02932
v -0.005977277 -0.04157249 0.02931996
v 0.001998476 0.04195243 0.11968
v -0.003992346 0.04180982 0.02932
v -0.03533266 0.02270689 0.11968
v 0.03841319 -0.01698314 0.1166211
v -0.003992343 0.04180982 0.11968
v 0.03041335 -0.02896598 0.02933643
v 0.00399243 0.04180981 0.02932009
v -0.005977216 0.0415725 0.02932
v -0.04029874 -0.01183266 0.02931995
v 0.01183307 0.04029861 0.02932053
v 0.01560985 -0.03899144 0.02932006
v -0.03899147 0.01560977 0.11968
v 0.02100012 -0.036373 0.1196791
v -0.0363731 0.02099994 0.02931998
v -0.009901809 -0.0408161 0.11968
v -0.03637306 -0.02100002 0.11968
v 0.01924563 -0.03733103 0.02932015
v 0.02596648 -0.03301124 0.02932179
v -0.03969004 -0.01373684 0.11968
v 2.463891e-08 0.042 0.11968
v 0.02436398 -0.03421106 0.02932071
v -0.02898334 0.03039681 0.02932
v -0.0009995565 -0.0419881 0.02758796
v -0.00794854 0.04124101 0.11968
v 0.01373738 0.03968985 0.0293209
v -0.03637314 -0.02099988 0.02931996
v -0.03899145 -0.01560982 0.11968
v -0.04157251 0.005977177 0.1196801
v -0.02436235 0.03421222 0.11968
v 0.006964902 0.04141848 0.121412
v 0.03428601 0.02425839 0.0292696
v -0.02516965 -0.03362274 0.121412
v 0.01561052 0.03899118 0.02932126
v -0.02354132 0.03478227 0.027588
v 0.03302574 -0.02594803 0.02931718
v 0.006964859 -0.04141848 0.121412
v -0.02898331 0.03039684 0.11968
v -0.02100005 -0.03637304 0.02932
v 0.005977153 -0.04157251 0.02931997
v 0.02436733 0.03420867 0.02933005
v -0.01183275 0.04029871 0.02931999
v -0.01183279 -0.0402987 0.02931999
v -0.03421223 0.02436234 0.02932
v -0.003992234 -0.04180983 0.1196801
v 0.00399241 -0.04180982 0.1196801
v 0.03756359 0.01878768 0.121058
v 0.009901845 -0.04081609 0.02931999
v -0.0137368 0.03969005 0.11968
v 0.02596577 -0.0330118 0.1196743
v -0.03860894 0.01653328 0.02758797
v 0.01924674 0.03733045 0.1196771
v -0.01560984 -0.03899145 0.02932
v -0.03478226 -0.02354133 0.121412
v -0.03174159 -0.02750402 0.02931993
v 0.03801386 0.01785908 0.1189901
v 0.03747411 -0.01896553 0.121252
v 0.03040627 -0.02897342 0.1196712
v 0.02100144 0.03637223 0.1196761
v 0.02899501 -0.03038568 0.02933014
v 0.0259696 0.03300879 0.0293324
v 0.02750925 -0.03173706 0.1196705
v 0.02354199 -0.03478182 0.1214106
v -0.02099998 0.03637308 0.02931999
v -0.0174474 0.03820456 0.02931999
v 0.03425837 -0.02429741 0.1196875
v -0.0393519 0.01467747 0.02758796
v -0.04081609 0.009901861 0.02931996
v -0.0415725 -0.005977199 0.11968
v -0.04195243 0.001998431 0.02931999
v -0.04029871 0.01183274 0.02931995
v -0.03301424 0.02596267 0.11968
v 0.01561033 0.03899125 0.1196791
v -0.01924544 0.03733113 0.11968
v -0.02596265 0.03301425 0.11968
v -0.0415725 -0.005977213 0.02931997
v 0.03837059 -0.01707917 0.1186381
v 0.0364633 -0.02084294 0.02952018
v -0.04029872 0.0118327 0.1196801
v 0.03620675 0.02128547 0.1199357
v -0.03733111 0.01924548 0.11968
v -0.02099997 -0.03637309 0.11968
v 0.02900723 0.03037401 0.02935006
v -0.0342122 0.02436237 0.11968
v 0.001998474 0.04195243 0.02932004
v -0.03733112 0.01924546 0.02931997
v 0.01924554 -0.03733107 0.1196794
v 0.001998533 -0.04195242 0.1196801
v -0.005977119 -0.04157252 0.1196801
v 0.03770293 -0.01850646 0.1116372
v 0.03775224 -0.01840566 0.09163663
v 0.03175403 -0.02748966 0.119682
v 0.01744748 -0.03820452 0.0293201
v 0.03775232 -0.0184055 0.08357276
v -0.009901852 0.04081609 0.11968
v 0.03773464 -0.01844171 0.04324399
v 0.01373719 0.03968992 0.1196795
v 0.0377524 -0.01840532 0.07752422
v -0.03820461 -0.01744728 0.02931995
v 0.007948501 -0.04124102 0.02931998
v 0.03771115 -0.0184897 0.03719675
v 0.03303767 -0.02593285 0.1196881
v 0.009901829 -0.0408161 0.11968
v -0.01560979 0.03899146 0.02931999
v 0.02270753 -0.03533225 0.02932036
v 0.03775213 -0.01840589 0.05131606
v -0.04180982 -0.003992359 0.02931998
v 0.03775241 -0.01840532 0.0714758
v -0.01744746 -0.03820453 0.02932
v -0.03820454 -0.01744744 0.11968
v 0.02751573 0.03173145 0.02933739
v -0.02969846 -0.02969851 0.117948
v -0.01744739 -0.03820456 0.11968
v -0.001998522 -0.04195242 0.02931995
v -0.03039683 0.02898332 0.11968
v 0.03775613 -0.01839768 0.09767334
v -0.04124101 -0.007948523 0.11968
v 0.03755151 -0.01881181 0.02952246
v 0.03175759 -0.02748555 0.02933518
v -0.007948591 -0.041241 0.02931997
v 0.008927708 -0.04104018 0.121412
v -0.03637308 0.02099997 0.11968
v 0.03775246 -0.0184052 0.05937938
v 0.03775742 -0.01839502 0.1036862
v -0.031078 0.02825169 0.031052
v -0.042 -1.54082e-08 0.02931999
v -0.03733116 -0.01924538 0.02931996
v -0.03301427 0.02596263 0.02932
v -0.00199843 0.04195243 0.02932
v 0.0039924 0.04180982 0.11968
v 0.03775212 -0.01840591 0.08962109
v 0.03781911 -0.01826786 0.03141444
v 0.03776022 -0.01838928 0.1016849
v -0.02516967 0.03362273 0.027588
v 0.03775241 -0.01840531 0.06341137
v 0.008928096 0.04104009 0.03105254
v 0.03424226 0.0243201 0.1195894
v 0.03775241 -0.01840532 0.06945968
v -0.04029871 -0.01183275 0.11968
v 0.02751077 -0.03173575 0.02932438
v -0.03586307 0.02185956 0.03105198
v -0.04124101 0.007948546 0.02931997
v -0.001998424 0.04195243 0.11968
v 0.03775253 -0.01840506 0.05736371
v -0.007948468 -0.04124102 0.1196801
v 0.03775243 -0.01840528 0.06139533
v 0.03770959 -0.01849289 0.03518838
v -0.02270686 0.03533268 0.11968
v 0.03772861 -0.01845406 0.04122741
v 0.03772115 -0.0184693 0.03920963
v -0.04104018 -0.008927666 0.03105196
v 0.03775394 -0.01840218 0.09566391
v 0.03832901 0.01717227 0.1209612
v -0.04189299 -0.002996253 0.03105197
v -0.01835172 -0.03777849 0.031052
v -0.02099993 0.03637311 0.11968
v -0.04189299 0.002996224 0.1179481
v 0.0227102 0.03533053 0.02932752
v -0.01087038 0.04056889 0.03105199
v 0.03773165 -0.01844783 0.1076837
v 0.02827608 0.03105581 0.1179037
v 0.02436367 -0.03421128 0.1196773
v 0.0372422 0.01941696 0.02884078
v 0.03772162 -0.01846833 0.03320129
v 0.03775241 -0.01840532 0.06744355
v 0.03728702 0.01933075 0.03095913
v 0.0373228 0.01926159 0.03302477
v 0.0372519 0.01939835 0.03502256
v 0.03720873 0.01948104 0.03702755
v 0.03719881 0.01949997 0.03904957
v 0.03720471 0.0194887 0.04108034
v 0.0372125 0.01947383 0.04311089
v 0.03721732 0.01946461 0.04513692
v 0.03721922 0.01946098 0.04715805
v 0.03721962 0.01946021 0.04917598
v 0.03721965 0.01946016 0.05119261
v 0.03721973 0.01946 0.05320894
v 0.03721989 0.01945969 0.05522528
v 0.03722005 0.01945939 0.0572416
v 0.03722016 0.01945918 0.05925786
v 0.03722023 0.01945905 0.06127407
v 0.03722026 0.01945899 0.06329024
v 0.03722028 0.01945895 0.06530639
v 0.03722029 0.01945894 0.06732252
v 0.03722029 0.01945893 0.06933866
v 0.03722029 0.01945893 0.0713548
v 0.03722029 0.01945894 0.07337094
v 0.03722028 0.01945895 0.07538709
v 0.03722027 0.01945897 0.07740326
v 0.03722025 0.019459 0.07941945
v 0.03722023 0.01945905 0.08143568
v 0.03722018 0.01945914 0.08345195
v 0.03722012 0.01945925 0.0854683
v 0.03722005 0.01945938 0.08748474
v 0.03721999 0.01945951 0.08950132
v 0.03721995 0.01945958 0.09151814
v 0.03721998 0.01945953 0.09353539
v 0.03722008 0.01945934 0.09555345
v 0.03722018 0.01945914 0.09757304
v 0.03722007 0.01945935 0.09959533
v 0.03721935 0.01946074 0.1016221
v 0.03721731 0.01946463 0.103656
v 0.03721294 0.01947298 0.1057002
v 0.03720603 0.01948619 0.1077569
v 0.03720105 0.01949569 0.1098227
v 0.03721299 0.01947289 0.1118821
v 0.03726598 0.01937129 0.1138922
v 0.03741712 0.01907771 0.1156694
v 0.03775047 -0.0184093 0.04929906
v 0.03775854 -0.01839274 0.09968214
v 1.447493e-08 0.042 0.02932001
v 0.03775241 -0.01840531 0.07550807
v -0.04198811 0.0009994989 0.117948
v 0.03775237 -0.01840539 0.08155654
v 0.03775217 -0.0184058 0.08760514
v 0.03114835 0.0281741 0.1178034
v 0.02675297 0.03237713 0.1179241
v -0.01373687 -0.03969003 0.02932
v 0.03775241 -0.01840531 0.07349194
v -0.03039695 -0.02898319 0.02931993
v 0.03774681 -0.0184168 0.04728082
v 0.03774783 -0.01841471 0.1056909
v 0.03775261 -0.0184049 0.05534799
v -0.03362287 -0.02516947 0.03105191
v 0.03767213 -0.01856909 0.1155047
v 0.03475887 -0.02357586 0.03094064
v 0.004986356 0.04170295 0.0310522
v 0.0377133 -0.01848532 0.1096756
v -0.01278834 -0.04000573 0.1179481
v -0.03478239 -0.02354115 0.03105193
v 0.03774169 -0.01842729 0.04526185
v 0.03775226 -0.01840561 0.08558894
v 0.03775259 -0.01840494 0.05333227
v 0.01278841 -0.04000571 0.03105204
v 0.0235453 0.03477958 0.1179369
v 0.01087039 -0.04056889 0.1179479
v -0.03301421 -0.0259627 0.11968
v -0.001998309 -0.04195243 0.1196801
v -0.01087037 0.04056889 0.117948
v 0.01278883 0.04000557 0.1179474
v 0.03775239 -0.01840535 0.07954037
v -0.03860901 -0.01653312 0.03105193
v -0.04000573 0.01278834 0.1179481
v -0.02825194 -0.03107777 0.03105192
v -0.01467746 0.0393519 0.03105198
v 0.02971221 -0.02968475 0.1179273
v -0.02436248 -0.03421213 0.02931998
v 0.03612565 0.02142282 0.1179868
v 0.02270736 -0.03533236 0.1196786
v 0.01087061 0.04056883 0.1179478
v -0.04000571 -0.01278842 0.1179481
v 0.02517543 0.03361841 0.1179335
v 0.03702893 0.01982066 0.119411
v -0.04189299 0.002996245 0.03105198
v -0.03107793 -0.02825176 0.117948
v -0.03860896 0.01653324 0.1179481
v 0.02186013 -0.03586272 0.03105234
v -0.0408161 0.009901813 0.1196801
v -0.04170297 0.004986204 0.03105198
v 0.03501309 0.02319662 0.03088796
v 0.03308714 0.02586969 0.02937849
v -0.0419881 -0.0009995199 0.03105198
v -0.03935196 -0.01467731 0.03105193
v 0.03179954 0.02743701 0.02938986
v 0.03597156 -0.02168057 0.1179828
v 0.002996111 -0.041893 0.03105193
v 0.03775283 -0.01840445 0.0936507
v -0.03107797 0.02825173 0.117948
v -0.03238708 0.02674093 0.031052
v 0.01560981 -0.03899146 0.1196798
v -0.04104017 0.008927734 0.03105195
v 0.01278845 -0.0400057 0.1179479
v 0.01744839 0.03820411 0.02932191
v -0.02270689 -0.03533267 0.11968
v -0.03586304 0.0218596 0.117948
v -0.00892779 -0.04104016 0.03105197
v 0.03111192 -0.02821433 0.0310828
v -0.01653323 0.03860897 0.117948
v 0.03490611 0.02335731 0.1178814
v -0.02750417 0.03174147 0.02932
v 0.01467849 0.03935152 0.03105378
v -0.04198811 -0.0009994956 0.117948
v -0.008927728 0.04104017 0.03105199
v -0.0183516 -0.03777855 0.117948
v -0.004986289 -0.04170296 0.03105194
v 0.002996303 0.04189298 0.117948
v -0.02270698 -0.0353326 0.02931999
v 0.006965132 0.04141844 0.03105237
v -0.03533264 -0.02270694 0.11968
v -0.02674118 -0.03238687 0.03105194
v 0.03775241 -0.01840532 0.06542744
v -0.03820457 0.01744738 0.02931995
v 0.02974471 0.02965219 0.03110009
v -0.004986058 -0.04170299 0.1179481
v -0.004986192 0.04170297 0.03105199
v 0.0009995463 0.0419881 0.117948
v -0.03686257 0.02012836 0.03105196
v 0.02674812 -0.03238113 0.03105357
v -0.0108703 -0.04056891 0.1179481
v -0.0368625 -0.02012848 0.117948
v 0.02012862 -0.03686243 0.03105226
v 0.01744745 -0.03820453 0.1196796
v 0.02517268 -0.03362047 0.03105247
v -0.02969852 0.02969845 0.031052
v -0.03935192 0.01467741 0.1179481
v -8.887209e-08 -0.042 0.02931995
v -0.02674096 0.03238705 0.117948
v -0.03586311 -0.02185948 0.03105194
v 0.02012839 -0.03686255 0.1179467
v -0.03935189 -0.01467749 0.1179481
v 0.007948623 0.04124099 0.11968
v -0.04170298 0.004986156 0.1179481
v -0.02596266 -0.03301424 0.11968
v -0.04056892 -0.01087028 0.03105195
v 0.03363567 -0.02515237 0.03102685
v 0.005977238 -0.0415725 0.1196801
v -0.02825172 0.03107797 0.117948
v -0.02012853 -0.03686248 0.03105199
v -0.04170297 -0.004986195 0.03105197
v 0.02354795 0.03477778 0.03106644
v -0.01087043 -0.04056888 0.03105198
v -0.01467752 -0.03935188 0.031052
v -0.03478232 0.02354124 0.031052
v 0.03771841 -0.01847488 0.1135649
v 0.02517186 -0.03362109 0.1179427
v 0.01924708 0.03733028 0.02932328
v 0.01087036 -0.0405689 0.031052
v -0.01278838 0.04000572 0.117948
v 0.01835353 0.03777761 0.1179441
v -0.0227069 0.03533266 0.02932
v -0.0127884 0.04000571 0.03105199
v 0.03623972 0.02122929 0.03033081
v -0.02825171 -0.03107798 0.117948
v 0.03718708 0.01952232 0.1174409
v 0.02186224 0.03586143 0.1179403
v 0.02972247 -0.02967448 0.03106987
v -0.004986188 0.04170297 0.117948
v -0.006964849 0.04141848 0.117948
v 0.002996321 -0.04189298 0.1179481
v 0.0297415 0.02965541 0.1178663
v 0.0251775 0.03361687 0.03106906
v 0.01087087 0.04056876 0.03105277
v 0.002996321 0.04189298 0.03105209
v 0.0267462 -0.03238272 0.1179374
v 0.0324869 0.02661957 0.1177358
v -0.01653335 -0.03860892 0.031052
v 0.03584986 -0.02188121 0.03114522
v 0.03764376 -0.01862652 0.117388
v -0.03238719 -0.02674079 0.0310519
v -0.01835162 0.03777854 0.03105198
v -0.03969005 0.01373682 0.02931994
v -0.04170297 -0.004986175 0.117948
v 1.204832e-07 -0.042 0.1196801
v -0.01467741 -0.03935192 0.117948
v -0.04081609 -0.009901848 0.11968
v -0.02354125 0.03478231 0.117948
v -0.002996235 0.04189299 0.031052
v -0.04056889 0.01087038 0.03105193
v -0.03238704 0.02674097 0.117948
v -0.04189299 -0.002996228 0.117948
v 0.01653436 0.03860848 0.117946
v -0.01835158 0.03777856 0.117948
v -0.02516961 0.03362277 0.117948
v 0.01467749 -0.03935189 0.03105209
v -0.04141849 -0.006964828 0.03105196
v -0.002996088 -0.041893 0.1179481
v 0.02185956 -0.03586307 0.1179463
v 0.02826132 -0.03106924 0.1179298
v 0.00498608 -0.04170299 0.03105195
v -0.03777855 0.01835161 0.117948
v 0.03485787 -0.02342924 0.117935
v 0.03115726 0.02816425 0.0311363
v -0.03362278 0.02516959 0.031052
v -0.03478229 0.02354128 0.117948
v 0.01278906 0.0400055 0.03105313
v -0.02012839 -0.03686255 0.117948
v -0.002996358 -0.04189298 0.03105193
v -0.03777851 -0.01835169 0.1179481
v 0.004986231 -0.04170297 0.1179481
v -0.02012841 0.03686254 0.03105198
v 0.03686198 -0.02012944 0.1125934
v 0.01467805 0.03935168 0.117947
v -0.008927724 0.04104017 0.117948
v 0.03693799 -0.01998962 0.0442532
v 0.03696151 -0.01994609 0.0785323
v -0.0377786 -0.01835149 0.03105194
v 0.03109317 -0.02823499 0.11794
v -0.03362275 0.02516963 0.117948
v -0.01653326 0.03860895 0.03105198
v 0.03696131 -0.01994648 0.08458106
v 0.02354245 -0.03478151 0.03105237
v 0.03757957 -0.01875569 0.1193655
v -0.006964733 -0.0414185 0.1179481
v 0.03696152 -0.01994608 0.07046774
v 0.02354172 -0.034782 0.1179456
v 0.03696152 -0.01994608 0.06441942
v -0.03421217 -0.02436241 0.11968
v 0.007948529 -0.04124101 0.11968
v -0.04198811 0.0009994935 0.03105198
v 0.005977592 0.04157245 0.03278446
v -0.04124102 0.007948495 0.1196801
v -0.01653323 -0.03860897 0.117948
v 0.03690181 -0.02005632 0.03819988
v 0.03380061 0.02493028 0.03114064
v -0.02969848 0.02969849 0.117948
v 0.03696916 -0.01993191 0.09867029
v 0.02013069 0.0368613 0.1179423
v -0.04141849 -0.006964827 0.1179481
v -0.006964926 -0.04141847 0.03105196
v 0.03696776 -0.01993451 0.1046503
v -0.03686255 0.02012841 0.117948
v -0.04000575 -0.01278827 0.03105194
v -0.0137368 0.03969005 0.03278398
v -0.03174154 0.02750408 0.03278401
v -0.03686261 -0.02012829 0.03105194
v -0.01560987 -0.03899143 0.03278399
v 0.03691163 -0.02003826 0.03171232
v 0.03696244 -0.01994438 0.0946562
v 0.005977281 0.04157249 0.11968
v 0.03696088 -0.01994726 0.09062942
v 0.03697646 -0.01991836 0.1026553
v 0.03696152 -0.01994607 0.07651615
v 0.03241988 -0.02670115 0.03107791
v 0.004986272 0.04170296 0.117948
v -0.02596269 0.03301422 0.02932
v 0.02827402 0.03105768 0.03108022
v -0.03899147 0.01560978 0.02931994
v 0.03691159 -0.02003833 0.1086257
v 0.03373908 0.02501348 0.117737
v -0.006964851 0.04141848 0.03105199
v 0.02826494 -0.03106595 0.03105834
v 0.03566743 0.02217734 0.03248631
v -0.04141848 0.006964863 0.03105196
v 0.02901539 0.03036622 0.116147
v 0.03696161 -0.0199459 0.05837193
v 0.01835174 -0.03777848 0.1179471
v 0.03696489 -0.01993984 0.09666543
v 0.03688566 -0.02008602 0.03617105
v 0.03696117 -0.01994673 0.09264434
v 0.03692714 -0.02000966 0.04223482
v 0.02100232 0.03637173 0.0293252
v 0.03691923 -0.02002424 0.04022195
v 0.03696153 -0.01994607 0.06240338
v -0.02436237 -0.03421221 0.11968
v 0.007949062 0.04124091 0.03278474
v -0.0174475 -0.03820451 0.03278399
v -0.02436239 0.03421219 0.02932
v -0.03860893 -0.01653331 0.1179481
v 0.03696152 -0.01994607 0.0745
v -0.01467743 0.03935191 0.117948
v -0.03421237 -0.02436214 0.0327839
v 0.03695696 -0.01995453 0.04829419
v 0.03696152 -0.01994608 0.06845161
v 0.03658819 0.02062291 0.03213942
v 0.03696155 -0.01994602 0.06038743
v 0.03642315 0.02091301 0.03393722
v 0.0363177 0.02109561 0.0359081
v 0.03629118 0.0211412 0.03794809
v 0.03630368 0.02111973 0.04000753
v 0.03631958 0.02109236 0.04205816
v 0.03632919 0.02107581 0.0440952
v 0.03633276 0.02106965 0.04612143
v 0.03633314 0.021069 0.04814104
v 0.03633282 0.02106956 0.05015804
v 0.03633276 0.02106965 0.05217456
v 0.03633301 0.02106922 0.05419114
v 0.03633334 0.02106866 0.05620773
v 0.0363336 0.02106822 0.05822421
v 0.03633376 0.02106794 0.06024053
v 0.03633385 0.02106779 0.06225676
v 0.03633389 0.02106771 0.06427294
v 0.03633391 0.02106767 0.0662891
v 0.03633392 0.02106765 0.06830524
v 0.03633393 0.02106765 0.07032138
v 0.03633393 0.02106765 0.07233753
v 0.03633392 0.02106765 0.07435368
v 0.03633391 0.02106767 0.07636986
v 0.03633389 0.02106771 0.07838607
v 0.03633386 0.02106777 0.08040232
v 0.0363338 0.02106786 0.08241865
v 0.03633372 0.02106801 0.08443508
v 0.0363336 0.0210682 0.08645165
v 0.03633348 0.02106842 0.08846841
v 0.03633338 0.02106858 0.09048543
v 0.03633339 0.02106857 0.09250284
v 0.03633361 0.02106819 0.09452096
v 0.0363341 0.02106734 0.09654043
v 0.03633476 0.02106621 0.09856249
v 0.0363352 0.02106545 0.1005892
v 0.03633481 0.02106612 0.1026236
v 0.03633231 0.02107044 0.1046711
v 0.03632465 0.02108363 0.1067402
v 0.03630925 0.02111016 0.1088401
v 0.03629474 0.02113508 0.1109753
v 0.03632361 0.02108543 0.1131487
v 0.03646325 0.02084302 0.1155269
v 0.03697426 -0.01992245 0.100666
v 0.03689648 -0.02006613 0.03409853
v -0.002996227 0.04189299 0.117948
v 0.03696189 -0.01994539 0.05232708
v 0.0009996202 -0.0419881 0.1179481
v 0.03687448 -0.02010653 0.110624
v -0.04195243 0.001998442 0.1162161
v 0.03696143 -0.01994624 0.08256472
v 0.02752008 0.03172767 0.1161771
v 0.03696098 -0.01994707 0.0886136
v 0.02013179 0.0368607 0.03105882
v -0.01278846 -0.04000569 0.03105199
v 0.03694572 -0.01997532 0.1066376
v 0.03696176 -0.01994564 0.05635659
v -0.02185957 0.03586306 0.117948
v 0.03694968 -0.019968 0.04627396
v 0.03696118 -0.0199467 0.08659731
v 0.03696195 -0.01994529 0.05434153
v -0.01183273 0.04029872 0.03278399
v 0.02186449 0.03586006 0.0310625
v 0.006964842 -0.04141849 0.1179481
v 0.02099938 -0.03637342 0.1162134
v 0.01835172 -0.03777849 0.03105219
v 0.03696149 -0.01994614 0.0805485
v -0.02596263 0.03301427 0.116216
v 0.01653454 0.03860841 0.03105439
v 0.03042266 -0.02895621 0.1161823
v -0.04056891 0.01087031 0.1179481
v -0.02969869 -0.02969828 0.0310519
v 0.008927674 -0.04104018 0.03105198
v 0.03240283 -0.02672183 0.1179721
v 0.03365941 -0.02512059 0.1179753
v 0.006964763 -0.0414185 0.03105196
v 0.03696152 -0.01994607 0.07248387
v 0.03665455 -0.02050472 0.1162111
v 0.03696152 -0.01994608 0.0664355
v 0.003992168 -0.04180984 0.0327839
v -0.04180982 -0.003992345 0.03278396
v 0.01183319 0.04029858 0.1162154
v -0.04056889 -0.01087037 0.1179481
v 0.02436793 0.03420824 0.1161965
v 0.02597075 0.03300788 0.1161907
v -0.04195243 0.001998447 0.03278398
v -0.032387 -0.02674102 0.117948
v 0.003992531 0.0418098 0.03278421
v 0.02675185 0.03237806 0.03107201
v -0.003992335 0.04180982 0.116216
v 0.03549736 0.02244854 0.1163281
v -0.03039679 -0.02898336 0.116216
v 0.02271681 0.03532628 0.03280446
v -0.04180982 0.00399237 0.03278397
v -0.04081612 -0.009901754 0.03278394
v 0.019249 0.03732929 0.1162081
v -0.04195243 -0.001998447 0.03278397
v -0.03899154 -0.0156096 0.03278392
v 0.03046966 0.02890674 0.03285276
v 0.03689821 -0.02006295 0.1181615
v 0.0009993636 -0.04198811 0.03105192
v -0.03039684 0.0289833 0.116216
v 0.0243621 -0.0342124 0.1162116
v 0.003992431 0.04180981 0.1162161
v -0.04180982 -0.003992329 0.116216
v -0.03637312 0.02099992 0.116216
v -0.005977328 -0.04157249 0.03278393
v 0.03046122 0.02891563 0.1160792
v 0.02437338 0.03420436 0.03280944
v -0.03301445 -0.0259624 0.03278388
v -0.02270683 0.0353327 0.116216
v -0.01560976 0.03899148 0.03278398
v 0.03696671 -0.01993645 0.1143978
v -0.03969008 0.01373673 0.1162161
v -0.005977213 0.0415725 0.03278399
v -0.02898362 -0.03039654 0.03278387
v -0.042 1.326678e-08 0.116216
v -0.02825176 0.03107793 0.031052
v -0.01373689 -0.03969002 0.03278399
v -0.02185959 -0.03586305 0.117948
v -0.009901847 0.04081609 0.116216
v 0.01653332 -0.03860893 0.03105214
v -0.009901852 0.04081609 0.03278399
v 0.008927708 -0.04104018 0.117948
v -0.005977056 -0.04157252 0.1162162
v 0.01373679 -0.03969006 0.03278413
v -0.03637315 0.02099985 0.03278396
v -0.02185974 -0.03586296 0.03105199
v 0.001998506 0.04195243 0.1162161
v -0.04104019 0.00892766 0.1179481
v -0.005977209 0.0415725 0.116216
v 0.02100015 -0.03637298 0.03278443
v -0.03586299 -0.02185968 0.117948
v -0.02516982 -0.03362261 0.03105196
v 0.01183285 -0.04029868 0.1162158
v -0.03777856 0.01835158 0.03105194
v -0.01183263 -0.04029875 0.1162161
v 0.03453476 0.02390294 0.03293014
v 0.02596812 -0.03300995 0.03278269
v 0.003992403 -0.04180982 0.1162161
v -0.041241 0.007948562 0.03278394
v -0.01560974 0.03899149 0.116216
v -0.0009994739 0.04198811 0.117948
v 0.03251142 0.02658962 0.03117877
v -0.03039688 0.02898326 0.032784
v 0.01467754 -0.03935187 0.1179477
v -0.03820459 0.01744732 0.1162161
v -0.03637304 -0.02100004 0.1162161
v -0.03969004 -0.01373685 0.1162161
v -0.03533279 -0.02270669 0.03278391
v -0.0192454 -0.03733115 0.116216
v 0.008927853 0.04104014 0.117948
v -0.008927635 -0.04104019 0.1179481
v 0.01835375 0.0377775 0.03105606
v -0.02674096 -0.03238705 0.117948
v -0.0330143 0.02596259 0.03278401
v -0.03533273 0.02270679 0.03278398
v 0.03424328 -0.02431868 0.03269856
v 0.02901969 0.03036211 0.03282384
v -0.009901929 -0.04081607 0.03278397
v -0.02750412 0.03174151 0.116216
v -0.0192456 -0.03733104 0.03278399
v -0.02012837 0.03686257 0.117948
v -0.007948627 -0.04124099 0.03278395
v 0.01183271 -0.04029872 0.03278403
v -0.04141849 0.006964792 0.1179481
v -0.01183273 0.04029872 0.116216
v -0.0415725 -0.005977196 0.1162161
v 0.03542729 -0.02255897 0.1160599
v -0.02898328 -0.03039687 0.116216
v 0.03696088 -0.01994726 0.05031117
v 0.01373826 0.03968955 0.03278648
v 0.02271153 0.03532968 0.1162008
v -0.01924544 0.03733113 0.03278397
v -0.0009994849 0.04198811 0.03105201
v 0.03044444 -0.0289333 0.03281545
v -0.01744731 -0.0382046 0.1162161
v 0.009902533 0.04081593 0.03278507
v 0.0009995348 0.0419881 0.03105203
v -0.04180982 0.003992331 0.1162161
v 0.02596521 -0.03301224 0.1162069
v -0.0009996343 -0.0419881 0.03105192
v -0.02185962 0.03586303 0.03105199
v 0.01924553 -0.03733108 0.116214
v -0.04029874 0.01183264 0.1162161
v 0.02900082 -0.03038013 0.1161822
v 0.01561162 0.03899073 0.03278732
v 0.01373756 0.03968979 0.1162148
v -0.02750445 -0.03174123 0.03278389
v -0.03820465 -0.0174472 0.03278392
v 0.00199824 -0.04195244 0.03278389
v 0.03186069 0.02736597 0.1159584
v 0.02270755 -0.03533224 0.03278437
v 0.001998537 -0.04195242 0.1162161
v 0.009901883 -0.04081608 0.116216
v -0.01373672 -0.03969008 0.1162161
v 0.02751601 -0.0317312 0.03278282
v -0.04029871 -0.01183275 0.1162161
v -0.03733107 -0.01924555 0.1162161
v 0.03520516 -0.02290408 0.03243986
v 0.03181152 -0.02742311 0.03284534
v -0.003992494 -0.04180981 0.03278391
v -0.03533269 0.02270684 0.116216
v -0.04000571 0.01278839 0.03105192
v -0.0009993557 -0.04198811 0.1179481
v 0.01744953 0.03820359 0.1162117
v -0.003992344 0.04180982 0.03278399
v -0.04104018 -0.008927708 0.1179481
v -0.04081609 0.009901864 0.03278391
v -0.03174151 0.02750412 0.116216
v -0.01744733 0.03820459 0.116216
v -0.02436232 0.03421224 0.116216
v -0.04124102 -0.007948483 0.03278395
v -0.003992174 -0.04180984 0.1162162
v 0.0156109 0.03899102 0.1162139
v 0.02751286 -0.03173394 0.1161956
v -0.007948537 0.04124101 0.116216
v -0.03733117 0.01924536 0.03278393
v 0.02436438 -0.03421077 0.03278389
v -0.0415725 -0.005977193 0.03278396
v -0.03478225 -0.02354135 0.117948
v 0.03610777 -0.02145295 0.06542747
v 0.02270591 -0.03533329 0.1162131
v 0.005977061 -0.04157252 0.03278393
v -0.042 -7.315057e-09 0.03278397
v 0.03610853 -0.02145166 0.05333813
v -0.001998411 0.04195243 0.116216
v 0.03610625 -0.0214555 0.04931191
v 0.02100698 0.03636904 0.03279771
v -0.04029875 -0.0118326 0.03278394
v 0.03604104 -0.02156486 0.03316174
v -0.02898331 0.03039684 0.116216
v 0.02100386 0.03637084 0.116205
v -0.03421227 0.02436228 0.032784
v -0.01744736 0.03820458 0.03278397
v 0.03610962 -0.02144984 0.09566061
v -0.0209999 -0.03637312 0.116216
v -0.007948538 0.04124101 0.03278399
v -0.0389915 0.0156097 0.1162161
v -0.0209999 0.03637312 0.116216
v 0.006965603 0.04141836 0.03451697
v 0.005977315 0.04157249 0.116216
v -0.04124102 0.007948461 0.1162161
v 0.01183363 0.04029845 0.03278554
v 0.03600079 -0.02163199 0.1095264
v -0.03637319 -0.02099978 0.03278392
v 0.03536376 0.02265844 0.1143787
v -0.03039712 -0.02898301 0.03278386
v -0.007948396 -0.04124104 0.1162161
v -0.03107814 -0.02825153 0.0310519
v 0.03610643 -0.02145519 0.09163826
v 0.01560976 -0.03899148 0.03278423
v 0.03610779 -0.02145291 0.07550806
v 0.03610778 -0.02145293 0.07147579
v -0.04081611 0.009901765 0.1162162
v 0.03309075 -0.02586507 0.03283275
v 0.00696495 0.04141847 0.117948
v -0.026741 0.03238701 0.031052
v 0.0344495 0.02402565 0.1159119
v 0.01653341 -0.03860889 0.1179474
v 0.02900787 -0.0303734 0.03279112
v -0.0415725 0.005977244 0.03278396
v 0.0360446 -0.02155892 0.03923659
v 0.03610776 -0.02145296 0.07954044
v 0.03610778 -0.02145293 0.05937992
v -0.01373679 0.03969006 0.116216
v 0.0361073 -0.02145374 0.08558965
v -0.03733114 0.01924542 0.1162161
v -0.03362271 -0.0251697 0.117948
v 0.03610779 -0.02145292 0.07349192
v 0.0359873 -0.02165442 0.0372086
v 0.03610708 -0.02145411 0.09365217
v 0.03605973 -0.0215336 0.04324371
v 0.03610777 -0.02145295 0.06341141
v 0.005977231 -0.0415725 0.1162161
v -0.01653339 -0.0386089 0.03451599
v -0.03174144 -0.0275042 0.116216
v 0.03606614 -0.02152286 0.1075357
v 0.0361237 -0.02142611 0.09965152
v -0.0118328 -0.04029869 0.03278398
v -0.02516967 0.03362273 0.031052
v 0.03424172 -0.02432087 0.1162502
v 0.03610756 -0.0214533 0.08357307
v 0.03613526 -0.02140661 0.1035965
v -0.02354144 -0.03478219 0.03105198
v 0.03610778 -0.02145294 0.06139542
v 0.03610777 -0.02145295 0.06945967
v 0.03590896 -0.02178409 0.1139369
v -0.0156097 -0.0389915 0.1162161
v 0.03611227 -0.02144538 0.1055663
v -0.02099994 0.0363731 0.03278398
v 0.03538227 0.02262951 0.03456711
v 0.0352946 0.02276601 0.03670939
v 0.03533071 0.02270993 0.03885608
v 0.03536274 0.02266002 0.04095342
v 0.03538056 0.02263218 0.04300956
v 0.03538703 0.02262208 0.04504381
v 0.03538664 0.02262268 0.04706546
v 0.03538498 0.02262528 0.0490826
v 0.03538426 0.0226264 0.05109929
v 0.0353845 0.02262603 0.05311642
v 0.0353851 0.0226251 0.05513366
v 0.03538565 0.02262423 0.05715064
v 0.03538602 0.02262365 0.05916727
v 0.03538624 0.02262331 0.06118366
v 0.03538635 0.02262313 0.06319991
v 0.03538641 0.02262304 0.0652161
v 0.03538644 0.02262299 0.06723227
v 0.03538646 0.02262297 0.06924842
v 0.03538646 0.02262296 0.07126456
v 0.03538646 0.02262297 0.07328072
v 0.03538645 0.02262298 0.0752969
v 0.03538643 0.02262301 0.07731312
v 0.03538639 0.02262307 0.07932941
v 0.03538633 0.02262317 0.08134579
v 0.03538622 0.02262334 0.08336232
v 0.03538606 0.02262359 0.08537907
v 0.03538586 0.0226239 0.08739609
v 0.03538565 0.02262423 0.08941348
v 0.03538554 0.02262441 0.09143132
v 0.03538572 0.02262412 0.09344981
v 0.03538647 0.02262294 0.09546935
v 0.035388 0.02262056 0.09749092
v 0.03539006 0.02261732 0.09951649
v 0.03539193 0.0226144 0.1015492
v 0.03539313 0.02261253 0.1035933
v 0.03539185 0.02261452 0.105658
v 0.0353791 0.02263447 0.1077626
v 0.03534247 0.02269163 0.1099303
v 0.03529308 0.02276837 0.1121726
v 0.03613334 -0.02140985 0.1016314
v 0.03596344 -0.02169403 0.0352113
v 0.0359258 -0.02175631 0.1115953
v -0.03935195 0.01467733 0.1144842
v 0.02826313 0.0310676 0.1144286
v 0.0361066 -0.02145492 0.08962259
v 0.03610864 -0.02145148 0.05132491
v 0.0361079 -0.02145272 0.05736487
v -0.04157251 0.005977168 0.1162161
v 0.03320836 0.0257139 0.1158206
v 0.03609804 -0.02146932 0.04729444
v 0.03610702 -0.02145421 0.08760605
v -0.04195243 -0.00199842 0.116216
v 0.03610817 -0.02145227 0.05535058
v -0.01278838 0.04000572 0.03451598
v -0.01835157 0.03777856 0.03451597
v -0.03174174 -0.02750385 0.03278387
v -0.02969889 -0.02969808 0.03451582
v -0.04056893 -0.01087023 0.03451593
v -0.04000575 0.01278826 0.1144842
v 0.0146801 0.03935092 0.03452081
v -0.04104019 -0.008927621 0.03451594
v -0.0373312 -0.01924529 0.03278392
v -0.02100012 -0.036373 0.03278398
v 0.03176787 -0.02747367 0.1162162
v -0.03969011 -0.01373665 0.03278392
v 0.020128 -0.03686276 0.1144798
v 0.01373699 -0.03968999 0.1162156
v 0.02517246 -0.03362064 0.03451418
v -0.03301427 0.02596263 0.116216
v -0.02825215 -0.03107758 0.03451583
v 0.02185727 -0.03586446 0.1144791
v 0.03610777 -0.02145295 0.06744356
v -0.038609 0.01653314 0.1144841
v -0.02596294 -0.03301402 0.03278392
v -0.03686264 0.02012823 0.03451591
v 0.004985959 -0.041703 0.03451588
v -0.03533262 -0.02270697 0.1162161
v 0.00990205 0.04081604 0.1162158
v -0.03686249 -0.02012851 0.1144841
v 0.03384313 -0.02487252 0.03459785
v 0.02674815 0.03238112 0.1144434
v 0.001998513 0.04195242 0.03278408
v 0.02597485 0.03300466 0.03281251
v 0.02187407 0.03585422 0.03454267
v -0.04189299 -0.002996228 0.03451596
v -0.04189299 0.002996282 0.03451597
v -0.0419881 0.0009995432 0.1144841
v 0.0311632 -0.02815768 0.03457494
v 0.02517699 0.03361724 0.1144495
v 0.002995981 -0.04189301 0.03451585
v 0.03187556 0.02734865 0.03292768
v 0.03611439 -0.02144181 0.09766432
v 0.02355898 0.03477031 0.03455298
v 0.004986604 0.04170292 0.03451649
v 0.004986281 0.04170296 0.114484
v 0.02973098 -0.02966596 0.1144235
v -0.006964666 -0.04141852 0.1144842
v -0.04189299 -0.002996214 0.1144841
v -0.033623 -0.02516931 0.03451586
v -0.02898336 0.03039679 0.032784
v -0.02354128 -0.0347823 0.117948
v -0.01087036 0.04056889 0.03451599
v -0.006964848 0.04141848 0.03451599
v 0.01467731 -0.03935196 0.03451635
v 0.03610778 -0.02145292 0.07752424
v 0.002996324 0.04189298 0.1144841
v -0.004986181 0.04170297 0.114484
v 1.447965e-07 -0.042 0.1162162
v 0.03604057 -0.02156565 0.04122586
v -0.03238711 0.02674088 0.03451601
v 0.03406343 0.02456996 0.113605
v 0.007948531 -0.04124101 0.1162161
v -0.03935191 0.01467743 0.03105191
v -0.009901732 -0.04081612 0.1162161
v 0.02973807 -0.02965885 0.03451904
v -0.0235413 0.03478228 0.03105199
v 0.03610771 -0.02145305 0.08155667
v -0.03421223 0.02436233 0.116216
v -0.04081609 -0.009901844 0.1162161
v -0.01467741 0.03935192 0.114484
v -0.03586309 0.02185952 0.1144841
v 0.01924551 -0.03733109 0.03278436
v -0.03478248 -0.02354101 0.03451588
v -0.03820453 -0.01744745 0.1162161
v -0.02185954 0.03586308 0.114484
v -0.03899145 -0.01560983 0.1162161
v 0.002996309 -0.04189298 0.1144842
v 0.03608218 -0.02149596 0.04527025
v -0.02674095 0.03238706 0.114484
v 4.692188e-08 0.042 0.1162161
v 0.03324888 0.02566148 0.03304013
v -0.02750411 -0.03174152 0.116216
v -0.03686259 0.02012832 0.1144841
v -0.03586314 0.02185944 0.03451595
v -0.02516963 -0.03362276 0.117948
v 0.02974886 0.02964803 0.03456268
v -0.01087046 -0.04056887 0.03451597
v -0.01087036 0.0405689 0.114484
v 0.0201351 0.03685889 0.1144682
v -0.01835177 -0.03777846 0.03451598
v -0.01924541 0.03733114 0.116216
v 0.00498622 -0.04170297 0.1144841
v -0.01467755 -0.03935187 0.03451599
v -0.01835149 -0.0377786 0.1144841
v -0.006964973 -0.04141846 0.03451592
v -0.02969843 -0.02969854 0.114484
v 0.01278831 -0.04000574 0.03451615
v 0.03502895 -0.02317267 0.03418842
v -0.0296985 0.02969847 0.114484
v 0.0235375 -0.03478486 0.1144792
v -0.04104016 0.008927761 0.0345159
v -0.04170297 -0.004986178 0.1144841
v 0.01835584 0.03777649 0.1144751
v -0.03107803 0.02825166 0.03451601
v 0.03115189 0.0281702 0.1142655
v 0.01278918 0.04000546 0.1144827
v 0.02972688 0.02967006 0.114384
v -0.001998423 0.04195243 0.032784
v -0.001998614 -0.04195242 0.03278389
v 0.01087055 -0.04056884 0.1144838
v -0.01278824 -0.04000576 0.1144841
v 0.008928711 0.04103996 0.03451749
v 0.02516612 -0.03362539 0.1144771
v -1.987509e-07 -0.042 0.03278388
v 0.02752328 0.0317249 0.03281564
v 0.0174477 -0.03820442 0.1162147
v -0.04029872 0.01183272 0.03278389
v 0.01924989 0.03732883 0.03279229
v -0.001998261 -0.04195244 0.1162162
v -0.008927821 -0.04104015 0.03451595
v 0.02354905 0.03477703 0.1144553
v 0.01744737 -0.03820457 0.03278431
v -0.004986193 0.04170297 0.03451599
v -0.03586297 -0.02185972 0.1144841
v -0.04124101 -0.007948521 0.1162161
v -0.031078 0.02825169 0.114484
v -0.01653321 0.03860897 0.114484
v -0.03860905 -0.01653304 0.0345159
v -0.02354122 0.03478233 0.114484
v -0.01467742 0.03935192 0.03451598
v 0.02185948 -0.03586312 0.03451666
v -0.01653322 0.03860897 0.03451597
v -0.004986001 -0.041703 0.1144842
v 0.01744993 0.0382034 0.03278881
v -0.0400057 -0.01278843 0.1144841
v -0.02012836 0.03686257 0.03451597
v 0.009901786 -0.04081611 0.03278399
v 0.01279024 0.04000512 0.03451931
v -0.03935198 -0.01467724 0.03451591
v 0.03113394 -0.02819003 0.1144319
v 0.02674829 -0.032381 0.03450921
v 0.01278868 -0.04000562 0.1144835
v -0.03777859 0.01835151 0.1144841
v 0.01087069 0.04056881 0.1144835
v -0.0419881 0.0009995236 0.03451597
v -0.04170298 -0.004986166 0.03451595
v -0.04189299 0.002996271 0.1144841
v 0.0311659 0.0281547 0.03460127
v 0.0346402 -0.02374988 0.1143203
v -0.03107791 -0.02825179 0.1144841
v -0.004986358 -0.04170295 0.03451589
v -0.00299622 0.04189299 0.114484
v -0.01087021 -0.04056894 0.1144841
v 0.02012816 -0.03686268 0.03451667
v -0.03935189 -0.0146775 0.1144841
v -0.008927714 0.04104017 0.114484
v -0.0201283 -0.0368626 0.1144841
v -0.04141848 0.006964906 0.03451593
v 0.0218669 0.03585859 0.1144622
v -0.006964843 0.04141849 0.114484
v 0.03522376 -0.02287547 0.1006208
v -0.03586319 -0.02185936 0.0345159
v -0.03686267 -0.02012818 0.0345159
v 0.0351926 -0.02292337 0.06643552
v 0.007948423 -0.04124103 0.03278396
v 0.03302144 -0.02595351 0.116313
v 0.03408707 0.02453714 0.03520083
v 0.00696465 -0.04141852 0.03451592
v -0.04141849 -0.00696479 0.03451595
v 0.01087159 0.04056857 0.0345181
v -0.02270708 -0.03533254 0.03278397
v -0.03777863 0.01835144 0.03451588
v -0.04198811 -0.0009994951 0.03451596
v 0.03519308 -0.02292263 0.05434838
v 0.02013743 0.03685762 0.03453224
v -0.03899154 0.01560959 0.1127522
v 0.03519 -0.02292737 0.09264851
v 0.03481709 -0.02348979 0.1123309
v -0.03777865 -0.01835139 0.0345159
v -0.02750418 0.03174146 0.032784
v 0.03253456 -0.0265613 0.03464551
v -0.03478238 0.02354115 0.03451599
v 0.03519626 -0.02291775 0.09666424
v 0.006964864 -0.04141848 0.1144841
v -0.03860897 0.01653323 0.03105192
v -0.04000577 -0.01278821 0.03451592
v -0.03362283 0.02516953 0.034516
v -0.02270683 -0.0353327 0.116216
v 0.01835215 -0.03777828 0.114481
v 0.006964953 0.04141847 0.114484
v 0.03498387 -0.02324068 0.1102994
v -0.008927721 0.04104017 0.03451599
v -0.03238735 -0.0267406 0.03451584
v 0.0282643 -0.03106653 0.1144457
v 0.03519265 -0.0229233 0.07853236
v 0.03524075 -0.02284928 0.1044886
v 0.02828172 0.03105068 0.03455982
v -0.01278848 -0.04000568 0.03451599
v -0.03820461 0.01744728 0.0327839
v 0.01653307 -0.03860903 0.03451651
v 0.03518948 -0.02292815 0.0483244
v 0.03519266 -0.02292327 0.07651614
v 0.007948668 0.04124098 0.116216
v 0.03519256 -0.02292343 0.06038777
v -0.0243626 -0.03421204 0.03278394
v 0.02354208 -0.03478176 0.03451607
v 0.03038354 0.02899725 0.1126295
v 0.02826811 -0.03106306 0.03450432
v -0.04170297 0.00498625 0.03451595
v 0.03517333 -0.02295293 0.04630487
v -0.01278837 0.04000572 0.114484
v 0.03519161 -0.02292489 0.08659873
v -0.03478235 0.02354121 0.1144841
v -0.02012834 0.03686258 0.114484
v -0.02825172 0.03107797 0.114484
v 0.0351926 -0.02292336 0.06441945
v 0.008927786 -0.04104016 0.114484
v 0.03515533 -0.02298048 0.03831639
v 0.0009996185 -0.0419881 0.1144842
v 0.03520548 -0.02290358 0.09865713
v 0.03514087 -0.02300259 0.04427202
v 0.03519131 -0.02292535 0.09466084
v -0.02516959 0.03362278 0.114484
v -0.03301419 -0.02596273 0.1162161
v 0.03510192 -0.02306199 0.1083258
v 0.01561004 -0.03899137 0.1162153
v -0.02596269 0.03301422 0.032784
v 0.03519211 -0.02292412 0.08458186
v -0.01467731 -0.03935196 0.1144841
v 0.0351926 -0.02292336 0.06240341
v 0.03519261 -0.02292335 0.07046772
v 3.567305e-08 0.042 0.03278403
v 0.03519261 -0.02292336 0.06845161
v 0.03256228 0.02652731 0.1140176
v -0.02270687 0.03533267 0.03278398
v 0.03509522 -0.02307218 0.04222576
v 0.0146788 0.0393514 0.1144815
v 0.03426962 0.02428154 0.03767507
v 0.03433876 0.02418366 0.03983931
v 0.03436671 0.02414393 0.04191088
v 0.03437942 0.02412582 0.04395342
v 0.03437596 0.02413076 0.04597474
v 0.03437023 0.02413891 0.04799005
v 0.03436736 0.024143 0.0500065
v 0.0343671 0.02414338 0.05202478
v 0.03436802 0.02414207 0.05404355
v 0.03436909 0.02414054 0.05606178
v 0.03436988 0.02413941 0.05807918
v 0.03437038 0.02413871 0.06009596
v 0.03437066 0.0241383 0.06211241
v 0.03437082 0.02413808 0.06412869
v 0.0343709 0.02413797 0.0661449
v 0.03437093 0.02413791 0.06816107
v 0.03437095 0.02413789 0.07017723
v 0.03437096 0.02413788 0.07219339
v 0.03437095 0.02413789 0.07420957
v 0.03437094 0.02413791 0.0762258
v 0.03437091 0.02413795 0.0782421
v 0.03437084 0.02413805 0.08025853
v 0.03437072 0.02413822 0.08227516
v 0.03437053 0.02413849 0.0842921
v 0.03437025 0.02413889 0.08630945
v 0.03436989 0.02413939 0.08832738
v 0.03436957 0.02413986 0.09034602
v 0.0343695 0.02413995 0.09236549
v 0.03437016 0.02413901 0.09438595
v 0.03437225 0.02413605 0.09640778
v 0.03437624 0.02413035 0.09843226
v 0.03438145 0.02412293 0.1004624
v 0.03438581 0.02411671 0.1025026
v 0.0343913 0.02410889 0.1045551
v 0.03439746 0.0241001 0.1066324
v 0.03437578 0.02413101 0.1087748
v 0.03428074 0.02426584 0.1110343
v 0.03519013 -0.02292716 0.09063277
v 0.0352452 -0.02284241 0.1025633
v 0.02897338 0.0304063 0.1126797
v 0.03519246 -0.02292358 0.08256502
v -0.02436238 0.0342122 0.03278399
v 0.03519403 -0.02292117 0.05233834
v 0.03519265 -0.02292329 0.07449998
v 0.03519252 -0.0229235 0.05837246
v -0.04056889 -0.01087039 0.1144841
v -0.03777849 -0.01835171 0.1144841
v 0.03506295 -0.0231212 0.04018705
v 0.03519098 -0.02292586 0.0886156
v 0.03357874 -0.02522832 0.1147998
v -0.04198811 -0.0009994643 0.1144841
v 0.03519264 -0.0229233 0.056359
v 0.01653547 0.03860801 0.1144795
v -0.008927549 -0.04104021 0.1144842
v -0.02596263 0.03301427 0.112752
v 0.02674191 -0.03238626 0.1144677
v -0.005977199 0.0415725 0.112752
v -0.0201286 -0.03686244 0.03451597
v -0.04081613 -0.009901699 0.03624792
v -0.03899158 -0.01560951 0.03624789
v 0.009902101 -0.04081603 0.1127518
v -0.03733126 0.01924519 0.03624786
v 0.03045322 -0.02892406 0.1126448
v -0.04180981 0.003992435 0.03624795
v 0.01183315 -0.04029859 0.1127515
v -0.03860892 -0.01653333 0.1144841
v 0.005976914 -0.04157254 0.03624787
v -0.04195243 -0.001998404 0.03624795
v -0.01373678 0.03969006 0.03624798
v -0.02674138 -0.0323867 0.03451586
v 0.02099769 -0.0363744 0.1127431
v -0.03820469 -0.0174471 0.03624789
v 0.01183333 0.04029854 0.1127507
v 0.03245771 -0.02665516 0.1145048
v -0.03421215 -0.02436244 0.1162161
v -0.03238698 -0.02674105 0.1144841
v 0.02750421 0.03174143 0.1126918
v 0.0165364 0.03860761 0.03452208
v -0.009901954 -0.04081607 0.03624795
v 0.02518839 0.0336087 0.03456046
v -0.03820465 0.0174472 0.1127522
v -0.04170297 0.004986193 0.1144841
v -0.04056889 0.01087037 0.03451587
v 0.03341733 -0.02544174 0.1128645
v -0.04195242 0.001998538 0.1127521
v 0.03044489 0.02893283 0.03628557
v 0.02597151 0.03300729 0.1126926
v -0.01373677 0.03969006 0.112752
v 0.003992022 -0.04180985 0.03624781
v 0.01373651 -0.03969015 0.03624846
v -0.03039676 -0.02898339 0.1127521
v -0.002996453 -0.04189297 0.03451586
v -0.0009994592 0.04198811 0.1144841
v 0.02273389 0.0353153 0.03629629
v 0.002996421 0.04189298 0.03451619
v -0.02969854 0.02969843 0.034516
v -0.003992332 0.04180982 0.112752
v -0.0243623 0.03421225 0.112752
v 0.03519259 -0.02292338 0.08054864
v 0.03186381 -0.02736234 0.03637745
v 0.03044441 -0.02893334 0.03623741
v -0.01183283 -0.04029869 0.03624797
v -0.01183271 0.04029872 0.03624799
v 0.005978167 0.04157236 0.03624912
v 0.03519435 -0.02292069 0.05033233
v 0.02270562 -0.03533348 0.036249
v 0.001998499 -0.04195243 0.1127522
v -0.03969011 0.01373664 0.1127522
v 0.00399241 0.04180982 0.112752
v -0.01653313 -0.03860901 0.1144841
v -0.04104019 0.008927637 0.1144842
v -0.04056892 0.01087026 0.1144842
v -0.01183252 -0.04029878 0.1127522
v -0.03969006 0.01373677 0.03278388
v 0.03175788 0.02748522 0.1124191
v 0.02596615 -0.0330115 0.03624182
v -0.02825168 -0.03107801 0.114484
v 0.03518451 -0.02293579 0.1064094
v -0.03301461 -0.0259622 0.03624782
v -0.0336228 0.02516957 0.114484
v -0.01744756 -0.03820449 0.03624798
v -0.03039689 0.02898325 0.112752
v 0.02099861 -0.03637387 0.03624935
v -0.03238709 0.02674092 0.114484
v -0.03533277 0.02270672 0.1127521
v -0.03969003 -0.01373687 0.1127522
v -0.0342125 -0.02436196 0.03624785
v 0.03475817 -0.02357688 0.03637296
v -0.02750413 0.0317415 0.112752
v 0.01835137 -0.03777866 0.03451662
v 0.008927856 0.04104014 0.1144838
v 0.0009995717 0.0419881 0.1144841
v 0.02101251 0.03636584 0.1127211
v 0.03257516 0.02651148 0.03477468
v -0.03637319 0.02099979 0.1127521
v -0.03301435 0.02596252 0.036248
v -0.03637325 0.02099968 0.03624791
v -0.02185951 -0.0358631 0.1144841
v -0.02596263 -0.03301427 0.116216
v 0.02437506 0.03420316 0.1127001
v -0.01835156 0.03777857 0.114484
v 0.003992374 -0.04180982 0.1127522
v -0.005977382 -0.04157248 0.03624788
v 0.0227004 -0.03533683 0.1127434
v 0.01467787 -0.03935175 0.1144831
v 0.01374064 0.03968872 0.0362549
v 0.00794995 0.04124074 0.03624995
v 0.0192537 0.03732687 0.1127339
v -0.03174157 0.02750404 0.03624801
v 0.03519264 -0.02292331 0.07248384
v -0.04180982 -0.003992318 0.1127521
v -0.02898334 0.03039681 0.112752
v -0.03733106 -0.01924558 0.1127521
v -0.04124099 0.007948624 0.03624789
v -0.01744718 -0.03820466 0.1127521
v -0.002996235 0.04189299 0.03451599
v 0.02435122 -0.03422014 0.1127448
v -0.02898385 -0.03039633 0.03624777
v 0.0009992271 -0.04198811 0.03451583
v -0.03107834 -0.02825132 0.03451582
v -0.007948331 -0.04124105 0.1127522
v -0.002996045 -0.041893 0.1144842
v -0.04141849 0.0069648 0.1144842
v -0.007948537 0.04124101 0.03624799
v -0.01744732 0.0382046 0.03624797
v -0.02099988 0.03637314 0.112752
v -0.005977218 0.0415725 0.03624798
v -0.03637302 -0.02100008 0.1127521
v -0.04141849 -0.006964841 0.1144841
v -0.0227068 0.03533272 0.112752
v -0.042 8.635778e-08 0.1127521
v -0.04195243 -0.001998373 0.1127521
v -0.00990183 0.0408161 0.112752
v -0.01560972 0.03899149 0.112752
v -0.04195243 0.0019985 0.03624796
v 0.0289962 -0.03038454 0.1126818
v -0.005977011 -0.04157253 0.1127523
v -0.02185957 0.03586306 0.03451597
v 0.01087027 -0.04056892 0.03451603
v -0.04029877 -0.01183254 0.03624791
v -0.04180983 -0.003992308 0.03624794
v 0.0192461 -0.03733079 0.1127454
v 0.01373807 0.03968961 0.1127493
v 0.02902574 0.03035632 0.03629685
v -0.03478222 -0.02354139 0.1144841
v 0.01561436 0.03898964 0.03625677
v -0.04081608 0.0099019 0.03624785
v 0.01560935 -0.03899164 0.03624882
v 0.0210175 0.03636296 0.03627823
v 0.00597727 0.04157249 0.1127519
v -0.0137366 -0.03969012 0.1127521
v -0.02898324 -0.0303969 0.1127521
v 0.03328279 -0.0256175 0.0365439
v -0.01560991 -0.03899142 0.03624798
v -0.0402987 -0.01183278 0.1127522
v -0.01924528 -0.03733121 0.1127521
v -0.03039735 -0.02898278 0.03624778
v -0.0192454 0.03733115 0.03624796
v 0.03421753 -0.02435488 0.06139555
v 0.03427596 -0.02427259 0.1015833
v -0.03820469 0.01744712 0.03624783
v 0.00794862 -0.04124099 0.1127521
v -0.03637327 -0.02099965 0.03624788
v 0.03421756 -0.02435485 0.06744355
v 0.03308751 0.02586923 0.1119335
v -0.02185985 -0.03586289 0.03451595
v -0.01560973 0.03899149 0.03624798
v 0.03421766 -0.0243547 0.07954054
v -0.04104017 -0.008927723 0.1144841
v -0.007948664 -0.04124098 0.03624792
v 0.03421694 -0.02435572 0.05535657
v 0.009903744 0.04081563 0.03625099
v 0.0118352 0.04029799 0.03625241
v -0.04180981 0.003992436 0.1127522
v -0.03733126 -0.01924518 0.03624789
v 0.005977232 -0.0415725 0.1127522
v 0.03422496 -0.02434444 0.09767133
v -0.03533282 0.02270665 0.03624795
v -0.0118327 0.04029872 0.112752
v 0.02272071 0.03532378 0.1127096
v -0.03421234 0.02436218 0.03624798
v -0.03969013 -0.01373657 0.0362479
v 0.03383645 -0.02488162 0.1108904
v 0.0165339 -0.03860868 0.1144822
v -0.009901845 0.04081609 0.03624799
v -0.00892784 -0.04104015 0.03797992
v -0.0389915 0.0156097 0.03278388
v 1.128788e-07 -0.042 0.1127523
v 0.0183569 0.03777597 0.03452568
v -0.01373692 -0.03969001 0.03624798
v 0.0267633 0.03236859 0.03456375
v -0.042 3.859089e-08 0.03624796
v 0.0342177 -0.02435465 0.07752422
v 0.003992759 0.04180978 0.03624844
v 0.03422152 -0.02434928 0.04935675
v 0.02436271 -0.03421196 0.03624722
v 0.03429046 -0.0242521 0.1053067
v -0.02354159 -0.03478209 0.03451593
v -0.03820452 -0.01744748 0.1127521
v -0.02436233 -0.03421223 0.116216
v 0.02751136 -0.03173524 0.03622823
v -0.007948517 0.04124101 0.112752
v -0.04157249 0.005977318 0.03624792
v 0.03394077 -0.02473912 0.03874046
v 0.03421334 -0.02436078 0.04735911
v 0.008927571 -0.04104021 0.03451597
v -0.0009993366 -0.04198811 0.1144842
v -0.03421231 0.02436222 0.1127521
v -0.01924539 0.03733115 0.112752
v 0.03421755 -0.02435486 0.06542751
v 0.03424226 -0.02432011 0.09965165
v 0.03418177 -0.02440505 0.04534048
v 0.03421563 -0.02435756 0.09567258
v -0.01278833 0.04000573 0.11102
v 0.03406892 -0.02456234 0.1089677
v 0.02185365 -0.03586667 0.1110026
v -0.003992576 -0.0418098 0.03624784
v 0.03245759 -0.02665529 0.03830431
v -0.0009997556 -0.0419881 0.03451584
v -0.000999476 0.04198811 0.03451601
v 0.03421655 -0.02435626 0.08559119
v -0.03533289 -0.02270654 0.03624787
v 0.03421757 -0.02435483 0.06341148
v 0.0342176 -0.02435479 0.07147574
v 0.03421757 -0.02435483 0.06945964
v -0.03174194 -0.02750363 0.03624779
v 0.03421786 -0.02435442 0.05335034
v 0.02353724 -0.03478503 0.0379815
v 0.03411661 -0.02449605 0.04329166
v 0.03326297 0.02564322 0.03881942
v 0.03327675 0.02562534 0.04083171
v 0.03331483 0.02557582 0.04287826
v 0.03330186 0.0255927 0.04488823
v 0.03328508 0.02561452 0.04689456
v 0.0332765 0.02562566 0.04890903
v 0.03327447 0.0256283 0.05092974
v 0.03327547 0.025627 0.05295214
v 0.03327724 0.0256247 0.05497341
v 0.03327876 0.02562273 0.05699272
v 0.0332798 0.02562138 0.05901049
v 0.03328045 0.02562053 0.06102742
v 0.03328083 0.02562003 0.06304394
v 0.03328104 0.02561976 0.06506026
v 0.03328114 0.02561963 0.06707649
v 0.03328119 0.02561957 0.06909267
v 0.03328121 0.02561954 0.07110883
v 0.03328122 0.02561953 0.07312501
v 0.03328122 0.02561953 0.07514124
v 0.0332812 0.02561956 0.07715755
v 0.03328114 0.02561963 0.079174
v 0.03328103 0.02561977 0.08119071
v 0.03328083 0.02562004 0.08320781
v 0.0332805 0.02562047 0.08522551
v 0.03328002 0.02562108 0.08724406
v 0.03327946 0.02562181 0.08926377
v 0.03327902 0.0256224 0.09128491
v 0.03327918 0.02562219 0.09330763
v 0.03328097 0.02561985 0.09533181
v 0.03328612 0.02561317 0.09735728
v 0.03329585 0.02560051 0.09938533
v 0.03330751 0.02558534 0.1014212
v 0.03331279 0.02557846 0.1034721
v 0.03332866 0.02555779 0.1055239
v 0.03336311 0.0255128 0.1075866
v 0.03331929 0.02557 0.1097332
v 0.03421267 -0.02436171 0.09164528
v 0.03433293 -0.02419193 0.1034468
v 0.0296412 0.02975566 0.1109447
v -0.041893 -0.002996153 0.1110201
v 0.03421724 -0.0243553 0.08357367
v -0.02750467 -0.03174103 0.03624779
v -0.00990164 -0.04081614 0.1127522
v 0.03310686 0.02584445 0.03671725
v 0.03421768 -0.02435468 0.07550803
v 0.0341593 -0.0244365 0.1071152
v -0.026741 0.03238702 0.03451599
v -0.03362268 -0.02516973 0.1144841
v 0.03421733 -0.02435517 0.05938037
v 0.03421265 -0.02436174 0.09366128
v 0.00794827 -0.04124106 0.03624795
v 0.0340235 -0.02462521 0.04117046
v 0.03421414 -0.02435965 0.08962688
v 0.03421765 -0.02435472 0.07349188
v -0.03174142 -0.02750423 0.1127521
v -0.02825177 0.03107792 0.034516
v 0.01745173 0.03820258 0.1127427
v -0.0373312 0.01924529 0.1127521
v -0.01560957 -0.03899156 0.1127521
v -0.01924568 -0.037331 0.03624796
v -0.0146774 0.03935192 0.03797998
v -0.04157251 -0.005977148 0.03624794
v 0.02188247 0.03584909 0.1109618
v -0.03777872 0.01835124 0.0379798
v 0.008927984 -0.04104012 0.1110199
v 0.03187323 -0.02735136 0.1126903
v 0.0108709 -0.04056875 0.1110195
v -0.03899144 -0.01560985 0.1127521
v 0.01744862 -0.038204 0.1127479
v 0.001998507 0.04195243 0.1127521
v -0.04124103 -0.00794843 0.03624793
v -0.03777848 -0.01835173 0.1110202
v -0.01087031 0.04056891 0.11102
v 0.03421755 -0.02435487 0.08155698
v -0.02516999 -0.03362248 0.03451589
v 0.01561217 0.03899051 0.1127471
v -0.03860909 -0.01653294 0.03797987
v 0.02754375 0.03170712 0.03632163
v -0.00399235 0.04180982 0.03624798
v -0.04189297 0.002996451 0.1110202
v -0.008927724 0.04104017 0.03797999
v -0.03533259 -0.02270701 0.1127521
v 0.01468449 0.03934928 0.03799309
v 0.006964445 -0.04141855 0.03797991
v 0.02824036 0.03108829 0.1109343
v 0.02439533 0.03418871 0.03631461
v -0.04104015 0.008927839 0.03797984
v 0.0009995657 0.0419881 0.03451606
v 0.03421707 -0.02435554 0.0573662
v 0.02969436 -0.02970261 0.11089
v 0.01744677 -0.03820485 0.0362491
v 0.03178608 0.0274526 0.03632228
v -0.01653299 -0.03860907 0.1110201
v 0.004985785 -0.04170302 0.03797979
v 0.0192558 0.03732578 0.0362663
v 0.03108399 -0.0282451 0.03796381
v 0.02189323 0.03584253 0.03803377
v -0.04198811 -0.0009994413 0.03797994
v -0.03935199 0.01467722 0.1110203
v -0.0303969 0.02898325 0.036248
v 0.01745334 0.03820185 0.03625957
v 0.02594907 -0.03302493 0.1127421
v -0.006965002 -0.04141846 0.03797987
v -0.001998407 0.04195243 0.1127521
v 0.0009995221 -0.0419881 0.1110203
v 0.01183253 -0.04029878 0.03624815
v 0.007948607 0.04124099 0.1127518
v -0.01087047 -0.04056887 0.03797995
v -0.01278836 0.04000572 0.03797999
v 0.03421999 -0.02435144 0.0513494
v 0.009901993 0.04081606 0.1127515
v 0.004986172 0.04170297 0.1110199
v 0.01278923 0.04000545 0.1110172
v -0.01835186 -0.03777842 0.03797995
v -0.02969858 0.02969839 0.1110201
v -0.008927489 -0.04104022 0.1110203
v -0.04081611 0.009901762 0.1127523
v -0.03935195 0.01467734 0.03451584
v -0.04189298 0.002996355 0.03797994
v -0.04000573 0.01278834 0.03451585
v -0.02969839 -0.02969858 0.1110201
v -0.006964811 0.04141849 0.11102
v -0.0415725 -0.005977214 0.1127521
v -0.008927681 0.04104018 0.11102
v -0.04081608 -0.009901883 0.1127522
v -0.03174157 0.02750405 0.1127521
v -0.02099978 -0.03637319 0.1127521
v -0.01278813 -0.0400058 0.1110202
v 0.02899632 -0.03038443 0.03620511
v -0.04198811 -0.0009993614 0.1110201
v -0.03362291 0.02516942 0.03797997
v -0.01467737 0.03935193 0.11102
v 0.002996228 -0.04189299 0.1110203
v -0.02674098 0.03238704 0.11102
v -0.006964857 0.04141848 0.03797998
v 0.0192446 -0.03733156 0.03624922
v -0.03362314 -0.02516911 0.03797981
v 0.0218554 -0.03586561 0.03798272
v -0.03686276 0.02012801 0.03797985
v -0.03586319 0.02185935 0.1110201
v -0.04029876 0.01183259 0.1127523
v -0.03935202 -0.01467716 0.03797988
v -0.04000569 -0.01278846 0.1110202
v -0.02354121 -0.03478234 0.114484
v -0.02674092 -0.03238709 0.114484
v 0.02519338 0.03360496 0.1109267
v -0.01744731 0.0382046 0.112752
v -0.03860902 0.0165331 0.03451585
v 0.02012875 -0.03686236 0.1110056
v 0.006966754 0.04141816 0.03798236
v -0.04056895 -0.01087017 0.03797989
v -0.01835155 0.03777857 0.03797996
v 0.02674684 -0.0323822 0.03796622
v 0.0137374 -0.03968984 0.1127509
v 0.03421547 -0.02435779 0.08760894
v 0.02976532 0.0296315 0.03800571
v 0.02014404 0.036854 0.1109841
v -0.03238716 0.02674082 0.03797999
v -0.0296991 -0.02969787 0.03797972
v 0.02516913 -0.03362313 0.03797724
v -0.0165332 0.03860898 0.03797997
v -0.02012832 0.03686259 0.11102
v 0.02675309 0.03237703 0.110927
v 0.03095141 0.02839032 0.1109209
v -0.003992156 -0.04180984 0.1127523
v 0.00199809 -0.04195244 0.03624778
v -0.02516965 0.03362274 0.03451599
v 0.02352592 -0.03479269 0.1110049
v 0.01467665 -0.03935221 0.0379812
v -0.02354127 0.0347823 0.03451598
v -0.03107788 -0.02825182 0.1110201
v -0.02099989 0.03637313 0.03624796
v -0.04124101 0.007948511 0.1127522
v -0.04141846 0.006965006 0.03797988
v -0.03686247 -0.02012854 0.1110202
v -0.02185952 0.03586309 0.11102
v -0.0419881 0.00099969 0.1110201
v -0.04170295 0.004986346 0.03797992
v 0.02749538 -0.03174908 0.1127224
v -0.006964639 -0.04141852 0.1110203
v 0.03113787 -0.02818569 0.1108119
v -0.03935187 -0.01467753 0.1110202
v -0.04104021 -0.008927568 0.0379799
v 0.002996268 0.04189299 0.11102
v 0.01279356 0.04000406 0.03798929
v 0.02358905 0.03474992 0.03806456
v -0.01835135 -0.03777867 0.1110201
v 0.03111739 0.0282083 0.03798872
v -0.03860907 0.01653299 0.1110202
v -0.04189299 -0.002996185 0.03797993
v -0.00498641 -0.04170295 0.03797982
v 0.0127879 -0.04000587 0.03798048
v -0.01653345 -0.03860887 0.03797997
v 0.01087048 0.04056886 0.1110188
v -0.04029872 0.01183271 0.03624782
v -0.04170298 -0.004986168 0.1110201
v -0.00498617 0.04170297 0.11102
v -0.03107809 0.02825159 0.1110201
v -0.0251696 0.03362278 0.11102
v -0.03238754 -0.02674037 0.03797977
v -0.03478245 0.02354105 0.1110201
v -0.02750406 -0.03174156 0.112752
v 0.004987074 0.04170287 0.03798098
v -0.02825237 -0.03107738 0.03797972
v -0.01087012 -0.04056896 0.1110202
v 0.0331844 -0.02574482 0.07248375
v -0.01183264 0.04029874 0.109288
v 0.03320031 -0.02572429 0.09869502
v 0.03318431 -0.02574494 0.07046763
v -0.01467718 -0.039352 0.1110201
v -0.001998271 -0.04195244 0.1127523
v 0.03318449 -0.0257447 0.0805488
v -0.03777871 -0.01835128 0.03797987
v -0.04170295 0.004986384 0.1110202
v 0.0331841 -0.0257452 0.06038799
v 0.03318232 -0.0257475 0.05636194
v 0.03328576 -0.02561364 0.102598
v 0.008930406 0.04103959 0.03798391
v 0.02821377 -0.03111243 0.1109689
v 0.01087384 0.04056796 0.0379859
v 0.006964894 -0.04141848 0.1110202
v 0.03318236 -0.02574745 0.0866012
v -0.03586326 0.02185924 0.0379799
v -0.04000579 -0.01278814 0.03797989
v 0.02356628 0.03476536 0.1109432
v 4.483247e-08 0.042 0.03624803
v -0.03478249 0.023541 0.03797994
v 0.02014803 0.03685182 0.03801238
v 0.03147907 -0.0278041 0.03985313
v -0.03860891 -0.01653336 0.1110202
v -0.01087036 0.0405689 0.03797999
v 0.01561076 -0.03899108 0.1127497
v -0.0415725 0.005977259 0.1127522
v -0.0009994285 -0.04198811 0.1110203
v -0.03107854 -0.02825109 0.03797974
v 0.02599845 0.03298607 0.03632615
v 0.0165371 0.03860731 0.1110106
v -0.041241 -0.007948559 0.1127521
v -0.02270722 -0.03533245 0.0362479
v 0.001998589 0.04195242 0.03624814
v -0.02354122 0.03478234 0.11102
v 0.006964787 0.0414185 0.1110197
v -0.02436278 -0.03421191 0.03624786
v 0.0146794 0.03935118 0.1110148
v -0.02012871 -0.03686238 0.03797992
v -0.02100023 -0.03637294 0.03624794
v -0.02516957 -0.0336228 0.114484
v 0.03220765 0.02695677 0.110534
v -0.03301434 0.02596254 0.1127521
v 0.0282589 -0.03107144 0.03793378
v -0.02012834 0.03686258 0.03797996
v 0.03319467 -0.02573157 0.04841273
v 0.009901621 -0.04081615 0.03624804
v -0.007948456 0.04124102 0.1092879
v 0.03318353 -0.02574594 0.08458317
v -0.0386091 0.01653293 0.03797977
v 0.03305057 -0.02591641 0.1094751
v 5.719926e-08 0.042 0.1127521
v 0.03318421 -0.02574506 0.06643553
v 0.03323279 -0.02568232 0.1006747
v -0.03969009 0.01373669 0.0362478
v -0.0419881 0.000999581 0.03797994
v 0.03318263 -0.0257471 0.04643567
v 0.03318295 -0.02574669 0.09669241
v 0.03317505 -0.02575686 0.0926618
v 0.03318313 -0.02574646 0.05236075
v -0.04056888 -0.01087043 0.1110202
v -0.001998729 -0.04195241 0.0362478
v 0.03280948 -0.02622095 0.0403485
v 0.0283263 0.03101001 0.0380795
v 0.03201492 0.02718538 0.03973222
v 0.03318427 -0.02574498 0.06441954
v -0.00794866 -0.04124098 0.03971186
v 0.03311948 -0.02582828 0.04443765
v 0.03318355 -0.02574591 0.05837295
v 0.03318432 -0.02574492 0.06240356
v -0.02825177 0.03107792 0.11102
v 0.02435224 -0.03421941 0.03971394
v 0.03318169 -0.02574831 0.05435622
v 0.03318454 -0.02574463 0.07651608
v 0.0322214 0.02694033 0.04185728
v 0.03217747 0.02699278 0.04382004
v 0.03213218 0.02704668 0.04579762
v 0.03211059 0.02707231 0.04780653
v 0.03210442 0.02707963 0.0498331
v 0.03210456 0.02707946 0.05186383
v 0.03210682 0.02707678 0.05389214
v 0.03210924 0.02707392 0.05591604
v 0.03211116 0.02707164 0.05793631
v 0.03211251 0.02707003 0.05995447
v 0.03211339 0.02706899 0.06197157
v 0.0321139 0.02706839 0.06398818
v 0.03211417 0.02706807 0.06600454
v 0.0321143 0.02706791 0.06802078
v 0.03211436 0.02706784 0.07003697
v 0.03211439 0.0270678 0.07205315
v 0.0321144 0.02706779 0.07406937
v 0.03211441 0.02706778 0.07608566
v 0.03211438 0.02706781 0.07810211
v 0.03211431 0.0270679 0.08011884
v 0.03211414 0.0270681 0.08213605
v 0.03211382 0.02706848 0.08415401
v 0.03211328 0.02706912 0.08617315
v 0.03211254 0.02706999 0.08819399
v 0.03211174 0.02707094 0.09021716
v 0.03211129 0.02707148 0.09224327
v 0.03211209 0.02707053 0.09427258
v 0.03211626 0.02706558 0.0963041
v 0.03212812 0.0270515 0.09833526
v 0.03215128 0.02702397 0.1003656
v 0.03217659 0.02699384 0.1024067
v 0.03216168 0.02701159 0.1044881
v 0.03221338 0.02694991 0.1065216
v 0.03233977 0.02679812 0.1085199
v 0.01653217 -0.03860942 0.0379818
v 0.03317559 -0.02575617 0.09467986
v -0.00199843 0.04195243 0.03624799
v 0.03298798 -0.02599603 0.04241251
v 0.03317728 -0.02575399 0.09064181
v 0.03318448 -0.02574471 0.07449991
v -0.03301416 -0.02596276 0.1127521
v 0.03318426 -0.025745 0.06845155
v 0.03318457 -0.02574459 0.07853232
v -0.03899156 0.01560956 0.0362478
v 0.008927321 -0.04104026 0.03798005
v 0.01836019 0.03777437 0.111001
v 0.03250654 -0.02659558 0.1109811
v -0.01835152 0.03777859 0.11102
v -0.04180979 0.003992721 0.1092883
v 0.03346231 -0.02538255 0.1042714
v -0.01560946 -0.0389916 0.1092882
v 0.009902366 -0.04081597 0.1092877
v -0.03969003 -0.01373688 0.1092882
v -0.04081614 -0.00990165 0.03971188
v 0.003992258 0.04180983 0.1092877
v 0.03318426 -0.02574499 0.08256544
v -0.03686269 0.02012814 0.1110201
v -0.03820474 -0.01744701 0.03971186
v 0.007947937 -0.04124112 0.03971207
v -0.02596315 -0.03301386 0.03624782
v -0.0347826 -0.02354083 0.03797984
v -0.004986205 0.04170297 0.03797998
v 0.02276378 0.03529604 0.03980124
v 0.03029549 -0.02908923 0.03934375
v -0.01373651 -0.03969015 0.1092882
v -0.02750417 0.03174146 0.03624799
v 0.02897801 0.03040189 0.1091808
v -0.02012815 -0.03686268 0.1110201
v -0.04056888 0.01087042 0.0379798
v -0.03039673 -0.02898342 0.1092881
v 0.00597668 -0.04157258 0.03971184
v -0.01278851 -0.04000568 0.03797997
v 0.02269603 -0.03533964 0.03971748
v 0.03317995 -0.02575055 0.08862158
v -0.0414185 -0.006964741 0.03797991
v 0.03052953 0.0288435 0.03961935
v -0.03686274 -0.02012805 0.03797987
v 0.004986174 -0.04170297 0.1110203
v -0.028984 -0.03039618 0.03971166
v -0.03421244 0.02436203 0.03971192
v -0.03820452 -0.01744749 0.1092882
v -0.002996539 -0.04189297 0.03797977
v -0.04000577 0.01278822 0.1110203
v 0.03029049 0.02909443 0.1092436
v -0.03107805 0.02825163 0.03798
v 0.016541 0.03860564 0.03799562
v -0.03899161 -0.01560943 0.03971186
v 0.0251416 -0.03364372 0.11101
v 0.01373548 -0.03969051 0.0397136
v -0.01467759 -0.03935185 0.03797998
v -0.0303975 -0.02898262 0.03971168
v -0.01924535 0.03733117 0.109288
v 0.02968379 -0.02971317 0.03784856
v 0.02596196 -0.03301479 0.03970445
v -0.04141848 -0.006964874 0.1110202
v -0.04195244 -0.001998232 0.1092882
v -0.009901946 -0.04081607 0.03971192
v -0.01373678 0.03969006 0.039712
v 0.02102903 0.03635629 0.109219
v 0.01183275 0.04029871 0.1092851
v 0.007952312 0.04124028 0.03971685
v 0.01374747 0.03968636 0.03973068
v -0.03586295 -0.02185975 0.1110202
v -0.01924579 -0.03733094 0.03971191
v -0.02596267 0.03301423 0.109288
v -0.04124097 0.007948739 0.03971182
v -0.009901755 0.04081611 0.109288
v -0.04180983 -0.003992237 0.1092882
v -0.002996224 0.04189299 0.11102
v -0.04195243 -0.001998363 0.03971192
v -0.03039701 0.02898313 0.1092881
v 0.01086997 -0.040569 0.0379802
v 0.01278925 -0.04000544 0.1110187
v 0.03318871 -0.02573925 0.05037873
v -0.009901854 0.04081609 0.03971199
v 0.0183538 -0.03777748 0.1110114
v -0.02596256 -0.03301432 0.1127521
v -0.02270673 -0.03533277 0.1127521
v 0.0009995449 0.0419881 0.11102
v 0.008927667 0.04104018 0.1110194
v 0.02752703 -0.03172164 0.03968571
v -0.007948554 0.041241 0.03971198
v -0.01373671 0.03969009 0.109288
v 0.00199834 -0.04195243 0.1092884
v 0.02523129 0.03357651 0.03809923
v 0.02012555 -0.03686411 0.03798268
v -0.01653317 0.03860899 0.11102
v -0.03362291 0.02516943 0.1110201
v -0.03820477 0.01744693 0.03971176
v -0.03733138 0.01924495 0.03971179
v -0.042 8.938575e-08 0.03971193
v -0.02825162 -0.03107806 0.1110201
v -0.04056892 0.01087028 0.1110203
v 0.002996579 0.04189297 0.03798033
v 0.02099893 -0.03637369 0.1092587
v -0.04195242 0.001998567 0.03971192
v 0.02441054 0.03417785 0.10915
v -3.428524e-07 -0.042 0.03624777
v -0.03586328 -0.02185921 0.03797986
v -0.005977392 -0.04157248 0.0397118
v -0.03301443 0.02596242 0.03971195
v -0.04170298 -0.00498612 0.03797992
v -0.01183245 -0.0402988 0.1092882
v -0.02750421 0.03174143 0.109288
v -0.0353329 0.02270652 0.1092882
v 0.02887717 -0.03049769 0.1092045
v -0.0389916 0.01560946 0.1092883
v -0.01744733 0.03820459 0.03971197
v -0.03777868 0.01835134 0.1110202
v -0.01560974 0.03899149 0.03971199
v -0.03421261 -0.0243618 0.03971181
v -0.03238719 0.02674079 0.1110201
v -0.004986016 -0.04170299 0.1110203
v -0.0099016 -0.04081615 0.1092883
v 0.002995816 -0.04189302 0.03797972
v -0.02596267 0.03301424 0.03624799
v 0.02269507 -0.03534026 0.1092559
v -0.02436234 0.03421222 0.03624798
v 0.03304391 -0.02592489 0.1077283
v -0.03238695 -0.02674108 0.1110201
v -0.03421212 -0.02436248 0.1127521
v -0.04104017 0.00892774 0.1110203
v -0.005977155 0.04157251 0.1092879
v -0.02270683 0.0353327 0.03624797
v -0.03733105 -0.01924559 0.1092882
v -0.02099985 0.03637315 0.109288
v -0.04195241 0.001998795 0.1092882
v -0.0418098 0.003992531 0.0397119
v -0.02898337 0.03039678 0.036248
v 0.005976998 0.04157253 0.1092875
v -0.007948331 -0.04124105 0.1092883
v 0.03227165 0.02688011 0.03792829
v 0.0303291 -0.02905418 0.1090317
v -0.0402987 -0.01183279 0.1092882
v 0.03319004 -0.02573754 0.1058813
v -0.01744705 -0.03820472 0.1092882
v -0.04029879 -0.01183248 0.03971187
v 0.007948645 -0.04124099 0.1092882
v -0.03637331 0.02099958 0.1092882
v 0.02103435 0.03635321 0.03976462
v -0.04081606 0.009901994 0.03971178
v 0.02913306 0.03025334 0.0398062
v -0.03969013 0.01373658 0.1092884
v 0.0156222 0.0389865 0.0397355
v 0.015608 -0.03899218 0.03971461
v 0.005979081 0.04157223 0.03971415
v 0.01373774 0.03968973 0.1092825
v -0.01744764 -0.03820445 0.03971194
v -5.500153e-08 -0.042 0.1092884
v -0.02898319 -0.03039695 0.1092881
v 0.02600943 0.03297741 0.1091357
v -0.01924541 0.03733114 0.03971196
v -0.03301474 -0.02596202 0.03971177
v -0.000999479 0.04198811 0.03798
v -0.03935199 0.01467722 0.03797976
v -0.04157245 0.005977549 0.1092883
v 0.03209502 -0.02709077 0.07752413
v -0.03637339 0.02099944 0.03971183
v 0.03209223 -0.02709408 0.05736639
v 0.03171102 -0.02753927 0.0417226
v 0.03209451 -0.02709138 0.06139599
v -0.03733132 -0.01924506 0.03971185
v -0.01183272 0.04029872 0.039712
v -0.04141846 0.006964973 0.1110203
v 0.01835005 -0.0377793 0.03798228
v 0.02514469 -0.03364141 0.04144582
v 0.009906865 0.04081488 0.0397197
v -0.02750483 -0.03174089 0.03971166
v -0.01653325 0.03860896 0.041444
v -0.0317421 -0.02750344 0.03971172
v -0.03533295 0.02270645 0.03971188
v -0.03969015 -0.01373651 0.03971187
v 0.03208596 -0.02710149 0.08963793
v -0.03899144 -0.01560986 0.1092882
v -0.0317414 -0.02750424 0.1092881
v 0.03209428 -0.02709164 0.06744346
v -0.01467713 -0.03935203 0.1075562
v -0.01744726 0.03820462 0.109288
v 0.03010939 -0.02928181 0.04120777
v -0.042 2.859111e-07 0.1092882
v 0.000999608 0.0419881 0.03798008
v -0.04104016 -0.00892778 0.1110202
v 0.02274768 0.03530642 0.109183
v -0.02354174 -0.03478198 0.03797984
v -0.02185998 -0.03586281 0.03797988
v 0.03117866 0.02814056 0.04106238
v 0.03209489 -0.02709092 0.08155724
v 0.03210837 -0.02707494 0.04558735
v -0.04180983 -0.003992271 0.03971191
v 0.01836337 0.03777283 0.03800156
v -0.02898344 0.03039671 0.1092881
v -0.02185954 0.03586308 0.03797996
v -0.01087022 0.04056893 0.107556
v 0.03182279 -0.02741004 0.1087807
v 0.03209296 -0.02709321 0.08559362
v -0.002996114 -0.041893 0.1110203
v -0.02969872 0.02969824 0.1075561
v 0.02190909 0.03583283 0.1074318
v 0.01745401 0.03820154 0.1092697
v -0.0009994679 0.04198811 0.11102
v 0.03219562 -0.02697113 0.101806
v -0.03899161 0.01560943 0.03971174
v -0.04000574 0.01278831 0.03797977
v 0.03209779 -0.02708748 0.09772938
v 0.03213528 -0.027043 0.09974809
v -0.04029874 0.01183263 0.1092884
v 0.0192494 -0.03732908 0.109267
v 0.03209458 -0.02709129 0.07147558
v 0.03209432 -0.0270916 0.06542757
v -0.02674159 -0.03238653 0.03797974
v 0.03209066 -0.02709593 0.08761356
v -0.03820474 0.017447 0.1092883
v 0.03140616 0.02788643 0.1093695
v 0.02740296 -0.03182888 0.1092711
v 0.03210389 -0.02708026 0.04943656
v -0.02517019 -0.03362234 0.03797978
v -0.01467744 0.03935191 0.04144401
v 0.03209413 -0.02709182 0.05938016
v 0.03209449 -0.0270914 0.0634117
v -0.03421245 0.02436203 0.1092881
v 0.03208916 -0.02709771 0.05535574
v 0.03207729 -0.02711175 0.09368669
v 0.03208603 -0.02710141 0.05335915
v 0.02753621 0.03171368 0.1091494
v 0.0310325 0.02830166 0.04276725
v 0.03091781 0.0284269 0.04467004
v 0.03086949 0.02847937 0.0466745
v 0.03085707 0.02849283 0.04871973
v 0.0308541 0.02849604 0.05076915
v 0.03085531 0.02849473 0.05281236
v 0.030858 0.02849183 0.05484643
v 0.03086083 0.02848876 0.05687262
v 0.03086329 0.02848609 0.05889385
v 0.03086512 0.0284841 0.06091245
v 0.0308663 0.02848282 0.06292977
v 0.03086697 0.0284821 0.06494647
v 0.03086731 0.02848173 0.06696287
v 0.03086747 0.02848156 0.06897913
v 0.03086755 0.02848147 0.07099532
v 0.0308676 0.02848142 0.07301153
v 0.03086764 0.02848138 0.07502779
v 0.03086766 0.02848135 0.0770442
v 0.03086766 0.02848136 0.0790609
v 0.03086758 0.02848144 0.0810781
v 0.03086735 0.02848169 0.08309619
v 0.03086689 0.02848219 0.08511571
v 0.03086611 0.02848304 0.08713747
v 0.03086509 0.02848414 0.08916254
v 0.03086423 0.02848507 0.09119226
v 0.03086429 0.028485 0.09322814
v 0.03086652 0.02848259 0.0952711
v 0.0308748 0.02847362 0.09731815
v 0.03090074 0.02844546 0.09935813
v 0.03095628 0.02838501 0.1013792
v 0.03101771 0.02831786 0.1034031
v 0.03082369 0.02852894 0.1056476
v -0.04157247 0.005977441 0.03971186
v -0.02436224 -0.03421229 0.1127521
v 0.03208022 -0.02710829 0.095711
v -0.02436233 0.03421223 0.109288
v 0.03212422 -0.02705613 0.04751098
v 0.0266995 -0.03242124 0.1110049
v -0.002996243 0.04189299 0.03797998
v 0.009901153 -0.04081626 0.03971232
v 0.03209492 -0.02709089 0.07550792
v 0.03209444 -0.02709145 0.06945949
v 0.03209505 -0.02709073 0.07954045
v 0.032089 -0.0270979 0.0513798
v 0.02681152 0.03232867 0.03811338
v 0.01926102 0.03732309 0.1092509
v 0.0320944 -0.0270915 0.08357444
v 0.00399224 -0.04180983 0.1092884
v -0.01924514 -0.03733128 0.1092882
v 0.03208093 -0.02710745 0.09166224
v -0.04198811 -0.000999107 0.1075562
v -0.03586334 0.02185911 0.1075562
v -0.03107786 -0.02825184 0.1075561
v -0.04124104 -0.00794839 0.03971189
v 0.001998423 0.04195243 0.1092879
v -0.03777874 -0.0183512 0.04144385
v -0.01278839 0.04000571 0.04144401
v 0.02361483 0.0347324 0.1073696
v 0.01926732 0.03731984 0.03974892
v -0.01087038 0.04056889 0.04144402
v -0.005977242 0.0415725 0.03971197
v 0.02803928 -0.03126977 0.1075583
v -0.04104012 0.008927957 0.04144376
v 0.01184004 0.04029657 0.03972427
v -0.01835161 0.03777855 0.04144397
v 0.03203067 -0.02716683 0.1064258
v 0.008935323 0.04103852 0.04145371
v 0.007948196 0.04124107 0.1092872
v 0.02765015 0.03161438 0.03992799
v -0.0417029 0.004986769 0.1075563
v 0.006964093 -0.04141861 0.04144408
v -0.01183284 -0.04029868 0.03971195
v -0.003992612 -0.0418098 0.03971174
v 0.02351654 -0.03479903 0.04145508
v -0.03935202 0.01467715 0.1075564
v -0.03935189 -0.01467749 0.1075562
v -0.03860892 -0.01653333 0.1075562
v -0.0127881 -0.04000581 0.1075562
v -0.01653291 -0.0386091 0.1075562
v 0.02015389 0.03684862 0.1074871
v -0.006964969 -0.04141846 0.04144379
v -0.04056896 -0.01087012 0.04144386
v 0.02013448 -0.03685923 0.1075148
v 0.01469729 0.0393445 0.04147864
v -0.03777882 0.01835105 0.04144375
v -0.02185937 -0.03586318 0.1110201
v -0.03174163 0.02750399 0.03971197
v 0.0174448 -0.03820575 0.03971589
v -0.03860912 -0.01653287 0.04144385
v 0.02433025 -0.03423505 0.1092619
v 0.00399308 0.04180975 0.03971272
v -0.02969918 -0.02969779 0.04144362
v -0.01835147 0.03777861 0.1075561
v 0.02902318 -0.03035877 0.03961731
v -0.02516967 0.03362273 0.107556
v -0.008927793 -0.04104016 0.04144386
v -0.04157251 -0.005977189 0.1092882
v 0.01561268 0.03899031 0.1092779
v -0.0227068 0.03533272 0.109288
v -0.01560997 -0.03899139 0.03971196
v 0.01467468 -0.03935294 0.04144739
v 0.02191499 0.03582922 0.04151992
v -0.02100035 -0.03637286 0.03971187
v 0.02998395 0.02941025 0.04142116
v 0.0009992888 -0.04198811 0.1075565
v -0.001998435 -0.04195243 0.1092884
v 0.008927934 -0.04104013 0.1075561
v -0.041893 -0.002996158 0.0414439
v 0.01746198 0.0381979 0.03974024
v 0.01653524 -0.03860811 0.1110149
v -0.0069647 0.04141851 0.1075558
v -0.008927563 0.04104021 0.1075559
v -0.02674085 -0.03238714 0.1110201
v 0.009901466 0.04081619 0.1092867
v -0.008927748 0.04104017 0.041444
v 0.01183374 -0.04029842 0.1092867
v 0.02444513 0.03415312 0.03986077
v -0.0282519 0.03107781 0.1075561
v -0.0347826 0.02354083 0.04144386
v -0.01278825 0.04000576 0.107556
v -0.02969836 -0.02969861 0.1075561
v 0.01278639 -0.04000635 0.04144597
v 0.02099227 -0.03637753 0.03971787
v -0.01560965 0.03899152 0.109288
v -0.005977066 -0.04157252 0.1092884
v -0.04029871 0.01183275 0.03971175
v -0.04198811 -0.0009994128 0.0414439
v 0.0009990736 -0.04198812 0.0379797
v 0.03230435 -0.02684081 0.1041158
v -0.0419881 0.0009996314 0.0414439
v -0.03733132 0.01924507 0.1092882
v 0.01183188 -0.04029896 0.0397127
v -0.02825177 0.03107792 0.03797999
v 0.03209474 -0.0270911 0.07349172
v -0.01835197 -0.03777837 0.0414439
v -0.0209999 0.03637312 0.03971195
v -0.0009998787 -0.0419881 0.03797972
v 0.01278761 0.04000596 0.1075502
v -0.03174171 0.02750389 0.1092881
v -0.03533299 -0.02270638 0.03971183
v 0.02944031 -0.02995444 0.1074259
v -0.03362301 0.02516929 0.0414439
v -0.02674107 0.03238696 0.107556
v 0.02835459 0.03098414 0.1073868
v 0.004985888 0.04170301 0.1075552
v -0.04189301 -0.002995969 0.1075562
v 0.03115101 0.02817116 0.1076829
v -0.03362323 -0.025169 0.04144377
v -0.03860916 0.01653279 0.04144372
v -0.01087011 -0.04056896 0.1075563
v 0.003991826 -0.04180987 0.03971169
v -0.02674099 0.03238703 0.03797998
v 0.02673574 -0.03239136 0.04142362
v -0.03362266 -0.02516976 0.1110202
v 0.02185905 -0.03586338 0.1075015
v -0.02516962 0.03362276 0.03797997
v -0.03637301 -0.02100009 0.1092882
v 0.008926758 -0.04104038 0.04144448
v -0.0347822 -0.02354143 0.1110202
v -0.03777849 -0.01835172 0.1075562
v 0.03197184 -0.02723603 0.04364507
v -0.003992312 0.04180982 0.1092879
v -0.02354124 0.03478232 0.03797996
v -0.02012828 0.03686261 0.1075561
v -0.04189295 0.002996832 0.1075563
v -0.04081608 0.009901917 0.1092884
v -0.04189297 0.002996445 0.04144389
v -0.02969855 0.02969842 0.03798
v -0.03637335 -0.02099952 0.03971184
v 0.002996132 0.041893 0.1075555
v -0.008927527 -0.04104022 0.1075564
v -0.02596331 -0.03301373 0.0397117
v 0.01467872 -0.03935143 0.1110174
v 0.002996006 -0.04189301 0.1075565
v -0.04081608 -0.009901906 0.1092882
v -0.04104021 -0.008927533 0.04144386
v -0.03478262 0.02354081 0.1075562
v 0.02526252 0.03355302 0.1073215
v -0.04141844 0.00696514 0.0414438
v 0.006968869 0.04141781 0.04144874
v 0.01280242 0.04000123 0.04146814
v -0.03860914 0.01653282 0.1075563
v -0.04000571 -0.01278842 0.1075562
v -0.02825245 -0.03107731 0.0414436
v -0.02012883 -0.03686231 0.04144386
v -0.02750399 -0.03174162 0.1092881
v 0.01086928 0.04056918 0.1075531
v 0.01087124 -0.04056866 0.107555
v 0.02362605 0.03472477 0.04158951
v -0.03478268 -0.02354071 0.0414438
v -0.03107826 0.0282514 0.1075561
v -0.03969011 0.01373664 0.03971174
v 0.0309496 -0.02839229 0.06845126
v 0.01924128 -0.03733327 0.03971697
v -0.03238696 -0.02674107 0.1075562
v 0.005977145 -0.04157251 0.1092884
v -0.04198809 0.001000004 0.1075563
v 0.03094994 -0.02839192 0.06240433
v -0.03107862 -0.02825101 0.04144367
v 0.02660162 -0.03250159 0.107542
v 0.03095101 -0.02839075 0.07853217
v 0.03093374 -0.02840958 0.09066065
v -0.0414184 0.006965346 0.1075564
v 0.010881 0.04056604 0.04145996
v -0.003992376 0.04180982 0.03971196
v 0.01835886 -0.03777502 0.1075294
v -0.001998436 0.04195243 0.03971197
v -0.03238762 -0.02674027 0.04144372
v -0.04000581 -0.01278809 0.04144386
v -0.03899148 -0.01560976 0.1058243
v -0.004986391 -0.04170295 0.04144371
v 0.03103336 -0.02830072 0.04666668
v -0.0165331 0.03860902 0.1075561
v 0.03068648 -0.02867647 0.04299856
v -0.03686289 0.02012778 0.04144378
v -0.04170298 -0.004986097 0.04144388
v 0.02016808 0.03684085 0.04150155
v 0.01653667 0.03860749 0.1075371
v 0.01652952 -0.03861056 0.04144953
v 0.03095058 -0.02839122 0.07449971
v 0.02278678 0.03528119 0.1056081
v -0.0009996557 -0.0419881 0.1075565
v 0.02855704 0.03079765 0.04175318
v -0.02354125 0.03478231 0.107556
v 0.00696469 -0.04141851 0.1075566
v 0.03096671 -0.02837363 0.09877751
v 0.0146778 0.03935177 0.1075455
v -0.02270736 -0.03533236 0.03971181
v -0.004986084 0.04170299 0.1075558
v -0.009901612 0.04081615 0.1058239
v 0.0307921 -0.02856303 0.1070653
v -0.003992276 -0.04180983 0.1092884
v -0.0156098 0.03899146 0.04317603
v 0.01373265 -0.03969149 0.04318034
v 0.0283383 -0.03099904 0.04138912
v 0.03091843 -0.02842623 0.09472997
v 0.02684149 0.03230378 0.1073244
v 0.03107359 -0.02825654 0.1049618
v -0.04000576 0.01278826 0.1075564
v 0.01745115 -0.03820285 0.109277
v -0.041241 -0.007948579 0.1092882
v 0.0309494 -0.02839251 0.06643538
v -0.02516948 -0.03362287 0.1110201
v 0.03095022 -0.02839162 0.07248345
v -0.01653353 -0.03860884 0.04144393
v 0.03094902 -0.02839292 0.05837311
v 0.03093465 -0.02840858 0.05040811
v 0.03094708 -0.02839504 0.08660598
v -0.02436293 -0.03421181 0.03971175
v 0.03094251 -0.02840002 0.08862938
v -0.04157252 -0.005977111 0.0397119
v 0.03093622 -0.02840688 0.05435006
v 0.0309503 -0.02839153 0.06038857
v 0.0309496 -0.0283923 0.06441974
v 0.030945 -0.02839731 0.05635753
v 0.02981036 0.02958618 0.1074487
v 0.004985947 -0.041703 0.1075566
v 0.006964231 0.04141859 0.1075548
v -0.04124096 0.007948773 0.1092884
v 0.0296656 0.02973133 0.04337015
v 0.02954496 0.02985122 0.04544225
v 0.0295357 0.02986038 0.04755878
v 0.02952402 0.02987193 0.04964764
v 0.0295194 0.0298765 0.05171789
v 0.02951949 0.02987641 0.05377152
v 0.0295219 0.02987403 0.05581036
v 0.02952538 0.02987059 0.05783881
v 0.02952876 0.02986724 0.05986111
v 0.0295313 0.02986473 0.06188022
v 0.02953287 0.02986318 0.06389777
v 0.02953372 0.02986234 0.06591457
v 0.02953414 0.02986193 0.06793101
v 0.02953434 0.02986173 0.06994727
v 0.02953445 0.02986162 0.07196347
v 0.02953454 0.02986153 0.0739797
v 0.02953464 0.02986143 0.07599604
v 0.02953473 0.02986134 0.07801264
v 0.02953481 0.02986126 0.08002972
v 0.0295348 0.02986128 0.08204772
v 0.02953458 0.02986149 0.0840673
v 0.02953401 0.02986205 0.0860895
v 0.02953303 0.02986303 0.08811585
v 0.02953193 0.02986412 0.0901484
v 0.02953182 0.02986422 0.0921899
v 0.02953426 0.0298618 0.09424421
v 0.02953915 0.02985697 0.09631602
v 0.02955133 0.02984492 0.09840062
v 0.02960605 0.02979064 0.1004599
v 0.02973817 0.02965875 0.1024277
v 0.02990637 0.02948914 0.1042107
v -0.04170294 0.004986468 0.04144385
v -0.03301448 0.02596236 0.1092881
v 0.03092842 -0.02841537 0.09675812
v 0.03095074 -0.02839105 0.08256594
v 0.03097394 -0.02836574 0.04850933
v 0.02589469 -0.03306758 0.1092731
v -0.03686279 -0.02012795 0.04144384
v 0.01836165 0.03777367 0.1075214
v 0.03095082 -0.02839096 0.07651589
v 0.03094992 -0.02839194 0.07046733
v 0.03095105 -0.02839071 0.08054863
v 0.0309279 -0.02841593 0.0523573
v 0.02607714 0.0329239 0.03992458
v 0.03094972 -0.02839216 0.08458427
v -0.01373696 -0.03969 0.03971196
v -0.03301416 -0.02596277 0.1092882
v 0.01086909 -0.04056923 0.04144494
v 0.02920408 0.03018479 0.1057154
v 0.01183017 -0.04029947 0.04317843
v -0.04124095 0.007948853 0.04317574
v -0.03362308 0.02516919 0.1075562
v -0.02099964 -0.03637327 0.1092882
v -0.042 6.448494e-07 0.1058243
v -0.03969011 0.01373663 0.1058245
v 0.008926797 0.04104037 0.1075541
v -0.03733134 -0.01924502 0.04317584
v 0.0192569 -0.03732522 0.1057738
v -0.03039748 -0.02898263 0.04317561
v 0.004987736 0.04170279 0.04144551
v -0.01183276 0.04029871 0.04317605
v -0.006964897 0.04141848 0.04144398
v 0.0009994779 0.04198811 0.1075557
v -0.04056886 0.01087051 0.04144373
v 0.007947438 -0.04124122 0.04317667
v -0.03301476 -0.025962 0.04317573
v 0.02184177 -0.03587391 0.04145654
v 0.007957251 0.04123933 0.04318586
v -0.04157239 0.005977999 0.1058244
v 0.004985536 -0.04170305 0.04144376
v -0.001998807 -0.04195241 0.03971167
v -0.03777879 0.0183511 0.1075563
v 0.02431297 -0.03424733 0.04319961
v -0.04056889 -0.01087038 0.1075563
v 0.03092436 -0.02841978 0.0926926
v -0.02674167 -0.03238646 0.04144361
v -0.03935204 -0.0146771 0.04144386
v -0.02354109 -0.03478243 0.1110201
v -0.03969007 -0.01373676 0.1058243
v -0.00597733 -0.04157249 0.04317568
v -0.01373652 -0.03969015 0.1058242
v -0.01835125 -0.03777872 0.1075562
v 0.02103712 0.03635161 0.1057022
v -0.01744721 0.03820465 0.1058241
v -0.03533307 0.02270625 0.1058242
v 0.01655555 0.0385994 0.04148542
v -0.03586338 0.02185904 0.04144382
v -0.04180983 -0.003992251 0.04317587
v -0.03238724 0.02674073 0.04144393
v -0.03820475 -0.01744697 0.04317585
v 0.02352175 -0.03479551 0.1074959
v 0.00199867 0.04195242 0.03971219
v 0.009915757 0.04081272 0.0431947
v 0.01373835 -0.03968952 0.1092851
v 0.02770987 0.03156205 0.1055205
v -0.03733145 0.01924481 0.04317575
v -0.007948571 -0.041241 0.04317577
v -0.04170299 -0.00498604 0.1075563
v -0.0192459 -0.03733089 0.04317585
v 8.215572e-08 0.042 0.03971203
v 0.02107096 0.03633201 0.04325624
v -0.02185952 0.03586309 0.107556
v -0.02825156 -0.03107812 0.1075561
v -3.400495e-07 -0.042 0.1058245
v -0.005976922 0.04157254 0.1058236
v -0.01744742 0.03820455 0.043176
v 0.03104326 -0.02828986 0.1008001
v 0.01373351 0.03969119 0.1058127
v 0.01376646 0.03967978 0.04322352
v -0.01924531 0.03733119 0.1058241
v -0.02898338 0.03039677 0.03971198
v 0.01182993 0.04029954 0.105818
v 0.009902 -0.04081606 0.1058239
v 0.01560411 -0.03899374 0.04318289
v -0.009901886 0.04081608 0.04317604
v 0.02276909 0.03529262 0.04325894
v -0.01183253 0.04029877 0.105824
v -0.03039671 -0.02898345 0.1058242
v -0.01467729 0.03935196 0.107556
v -0.02898361 0.03039655 0.1058241
v -0.006964734 -0.0414185 0.1075564
v -0.0201284 0.03686255 0.04144396
v -0.04195243 -0.00199835 0.04317588
v -0.02270683 0.0353327 0.03971195
v -0.03421265 -0.02436175 0.04317577
v 0.001997925 -0.04195245 0.03971162
v -0.042 1.166198e-07 0.04317588
v -0.03686283 0.02012789 0.1075562
v -0.02596247 -0.0330144 0.1092881
v -0.007948236 0.04124107 0.1058237
v -0.0243624 0.03421218 0.105824
v -0.0303972 0.02898293 0.1058241
v -0.03586335 -0.0218591 0.04144382
v 0.02859323 -0.03076406 0.1059147
v 0.0311396 -0.02818377 0.1028619
v -0.03421253 0.02436191 0.04317584
v -0.04195245 -0.001997932 0.1058243
v -0.04141851 -0.006964713 0.04144387
v -0.02596278 0.03301415 0.105824
v -0.0402988 -0.01183244 0.04317584
v 0.005976498 0.0415726 0.1058221
v -0.01560944 -0.03899161 0.1058242
v -0.04180974 0.003993204 0.1058244
v -0.03238737 0.02674057 0.1075562
v -0.03935201 0.01467716 0.04144371
v -0.01183248 -0.04029879 0.1058243
v 0.001998033 -0.04195245 0.1058246
v -0.02750417 0.03174146 0.03971198
v -0.01087044 -0.04056887 0.04144391
v 9.409268e-09 0.042 0.109288
v -0.03820455 -0.01744741 0.1058243
v 0.02101195 -0.03636616 0.10575
v -0.02596266 0.03301424 0.03971197
v -0.03686248 -0.02012853 0.1075563
v -0.01373683 0.03969004 0.04317604
v -0.03533258 -0.02270702 0.1092882
v 0.005976387 -0.04157262 0.04317601
v 0.03102192 -0.02831326 0.04484155
v -0.02436234 0.03421223 0.03971196
v 0.02726499 -0.03194715 0.1058374
v 0.0156451 0.03897731 0.04323703
v -0.0218601 -0.03586274 0.0414438
v -0.04056887 0.01087047 0.1075565
v -0.04195242 0.001998628 0.04317586
v -0.03039693 0.02898322 0.03971198
v 0.003992125 0.04180984 0.1058227
v 0.02530298 0.03352252 0.04170826
v -0.009901669 -0.04081614 0.1058244
v 0.02449386 0.03411819 0.1054992
v -0.04081615 -0.009901613 0.04317584
v 0.02904134 -0.0303414 0.04311282
v -0.03899164 0.01560935 0.1058244
v -0.028984 -0.03039618 0.04317557
v -0.04081603 0.009902093 0.04317571
v 0.02589526 -0.03306714 0.0431809
v 0.01279018 -0.04000514 0.1075528
v -0.03820483 0.0174468 0.04317572
v -0.01744773 -0.03820441 0.04317589
v 0.007948097 -0.04124109 0.1058249
v -0.03174141 -0.02750423 0.1058242
v -0.03637347 0.02099931 0.1058243
v -0.03533304 0.0227063 0.0431758
v 0.02011806 -0.03686819 0.04145508
v -0.04157245 0.005977559 0.04317578
v -0.04195239 0.001999208 0.1058243
v 0.0297517 -0.02964518 0.0634124
v 0.02974204 -0.02965487 0.05534713
v 0.01745645 -0.03820042 0.1057929
v 0.02974734 -0.02964955 0.08762063
v 0.00199843 0.04195243 0.1058231
v 0.009900175 -0.0408165 0.04317745
v 0.02975457 -0.0296423 0.07954017
v 0.02972253 -0.02967442 0.09169361
v -0.04124088 0.007949186 0.1058245
v 0.005981395 0.0415719 0.04318028
v -0.004986263 0.04170296 0.04144396
v 0.01185261 0.04029287 0.04320682
v -0.002996308 0.04189298 0.04144394
v -0.04000573 0.01278834 0.04144372
v -0.0414185 -0.006964788 0.1075563
v -0.02750435 0.03174131 0.1058241
v -0.0317421 -0.02750344 0.04317566
v -0.003992566 -0.0418098 0.04317559
v 0.01834624 -0.03778115 0.04145219
v -0.03421263 0.02436177 0.1058242
v -0.01560958 0.03899155 0.105824
v -0.006964288 0.04141858 0.1040914
v 0.02969993 -0.02969704 0.05133847
v 0.01930371 0.03730103 0.04325191
v -0.03637348 0.02099928 0.04317577
v 0.02696476 0.03220095 0.04182962
v 0.02993884 -0.02945616 0.1018095
v -0.001998694 -0.04195242 0.1058245
v 0.02981922 -0.02957725 0.04756449
v -0.0410401 0.008928055 0.1075564
v -0.003992112 0.04180984 0.1058235
v 0.01560722 0.03899249 0.1058046
v 0.0298864 -0.02950938 0.1056343
v 0.03005365 -0.02933902 0.1037147
v 0.01838112 0.03776419 0.04149307
v -0.04104017 -0.00892772 0.1075563
v 0.02969567 -0.0297013 0.09579587
v -0.001998428 0.04195243 0.109288
v 0.02743284 -0.03180313 0.04313328
v 0.02970429 -0.02969267 0.0937461
v 0.02614021 0.03287384 0.1054413
v -0.02270684 0.0353327 0.105824
v 0.02975151 -0.02964536 0.06744295
v 0.02975332 -0.02964355 0.07349138
v 0.02975355 -0.02964332 0.05938271
v -0.01467764 -0.03935183 0.04144394
v -4.688139e-07 -0.042 0.03971162
v 0.02862227 0.03073704 0.1038262
v 0.02801414 0.0312923 0.04394603
v -0.02354186 -0.03478191 0.04144373
v 0.02979982 -0.0295968 0.09984133
v -0.03421212 -0.02436249 0.1092882
v 0.02973847 -0.02965845 0.08965078
v 0.0297541 -0.02964276 0.08357469
v -0.002996552 -0.04189297 0.04144363
v 0.007947097 0.04124129 0.1058213
v 0.02975298 -0.02964389 0.06139754
v 0.01561239 -0.03899042 0.1092819
v -0.03969017 -0.01373647 0.04317585
v 0.02975123 -0.02964564 0.06542735
v 0.02975149 -0.02964539 0.05736592
v 0.02971896 -0.029678 0.09783392
v -0.008927262 0.04104027 0.1040916
v -0.03637338 -0.02099946 0.04317583
v 0.0281644 0.03115713 0.0463607
v 0.02812045 0.0311968 0.04848846
v 0.02809891 0.0312162 0.05059167
v 0.02808997 0.03122425 0.05267614
v 0.02808725 0.03122669 0.05473789
v 0.02808968 0.0312245 0.05678121
v 0.02809473 0.03121997 0.05881208
v 0.02809963 0.03121556 0.06083557
v 0.02810309 0.03121244 0.06285521
v 0.02810512 0.03121061 0.06487302
v 0.02810616 0.03120967 0.06688994
v 0.02810666 0.03120922 0.06890639
v 0.02810692 0.03120899 0.07092263
v 0.0281071 0.03120883 0.07293882
v 0.02810728 0.03120866 0.07495506
v 0.02810751 0.03120845 0.0769715
v 0.0281078 0.0312082 0.07898835
v 0.02810812 0.03120791 0.08100603
v 0.02810838 0.03120767 0.08302525
v 0.0281084 0.03120766 0.0850472
v 0.02810792 0.03120809 0.08707377
v 0.02810688 0.03120903 0.0891077
v 0.02810617 0.03120967 0.09115265
v 0.0281093 0.03120685 0.09321338
v 0.02812073 0.03119655 0.09529864
v 0.02812937 0.03118875 0.09743101
v 0.02812887 0.0311892 0.09962614
v 0.02826673 0.03106432 0.1017856
v -0.04180979 0.003992638 0.04317583
v -0.01278816 -0.04000579 0.1040923
v 0.02971956 -0.0296774 0.04939974
v -0.02436212 -0.03421238 0.1092881
v 0.02510192 -0.03367334 0.1075077
v 0.01925726 0.03732503 0.1057618
v -0.04157252 -0.005977091 0.04317586
v 0.02975427 -0.0296426 0.07752386
v 0.02975264 -0.02964423 0.07147506
v 0.02975386 -0.02964301 0.07550762
v 0.02975461 -0.02964225 0.08155677
v 0.01744861 0.03820401 0.1057902
v 0.02972168 -0.02967527 0.05333254
v -0.002996324 -0.04189298 0.1075565
v -0.02270659 -0.03533286 0.1092882
v 0.02975204 -0.02964483 0.08559599
v -0.01278851 -0.04000567 0.04144394
v -0.02517028 -0.03362227 0.04144366
v -0.0009994978 0.04198811 0.1075558
v -0.002996173 0.04189299 0.1075558
v -0.01467716 -0.03935201 0.1040923
v 0.01278296 -0.04000745 0.04491367
v -0.01653306 0.03860904 0.1040921
v -0.007948598 0.041241 0.04317602
v 0.02267153 -0.03535537 0.04320145
v -0.02750483 -0.03174089 0.04317555
v -0.03935202 0.01467715 0.1040925
v 0.0183647 -0.03777218 0.1040344
v 0.01653815 -0.03860686 0.1075428
v 0.009899655 0.04081662 0.1058201
v 0.02793711 -0.03136109 0.1042108
v -0.01278844 0.0400057 0.04490811
v 0.00299677 0.04189295 0.04144445
v -0.04104011 0.00892803 0.0449077
v -0.04141832 0.006965799 0.1040925
v -0.004986331 -0.04170296 0.04490753
v 0.006973668 0.041417 0.04491685
v -0.03586296 -0.02185973 0.1075563
v -0.04029869 0.01183282 0.0431757
v 0.006963252 0.04141875 0.1040879
v -0.03362268 -0.02516974 0.1075562
v 0.011834 -0.04029834 0.1058216
v -0.03733145 0.01924481 0.1058243
v -0.0400057 0.01278842 0.1040925
v -0.03899162 -0.0156094 0.04317585
v -0.04170299 -0.004986074 0.04490786
v -0.04029874 -0.01183264 0.1058243
v -0.03935197 -0.01467728 0.1040923
v 0.00299562 -0.04189303 0.04144359
v 0.0219047 0.03583552 0.1038889
v -0.004985609 0.04170304 0.1040911
v -0.02898314 -0.030397 0.1058241
v 0.02024599 0.0367981 0.04500614
v -0.03777875 -0.01835119 0.04490785
v 0.02271203 -0.03532936 0.1057223
v 0.008942304 0.041037 0.04492611
v -0.03899164 0.01560936 0.0431757
v -0.02354132 0.03478227 0.1040921
v -0.03478279 0.02354055 0.1040922
v -0.01561003 -0.03899137 0.04317591
v -0.04029869 0.01183283 0.1058245
v -0.0009995082 0.04198811 0.04144396
v -0.04180986 -0.003991988 0.1058243
v 0.005976676 -0.04157258 0.1058249
v -0.02099985 0.03637315 0.1058241
v -0.0009999551 -0.04198809 0.1040926
v -0.02969909 -0.02969788 0.04490757
v -0.01924552 0.03733108 0.04317597
v 0.01466767 0.03935555 0.1040704
v -0.01653336 0.03860891 0.04490805
v 0.0174937 0.03818338 0.04324866
v -0.01835145 0.03777862 0.1040921
v -0.02516976 0.03362266 0.1040921
v 6.292598e-08 0.042 0.1058233
v 0.02907118 -0.03031281 0.1044542
v -0.03820483 0.0174468 0.1058244
v 0.01743974 -0.03820806 0.04318744
v 0.004985805 0.04170302 0.1040892
v 0.01278149 0.04000792 0.10408
v 0.00892649 -0.04104044 0.1040933
v -0.03301419 -0.02596273 0.1058242
v -0.004986182 -0.04170297 0.1075565
v -0.01087042 0.04056888 0.04490812
v 0.02199152 0.0357823 0.04501555
v 0.02508687 -0.03368455 0.04496371
v -0.03107786 -0.02825184 0.1040922
v 0.01283025 0.03999231 0.04496897
v -0.03478266 0.02354075 0.04490779
v -0.01087007 0.04056897 0.1040919
v -0.03586351 0.02185884 0.1040923
v -0.01373662 0.03969012 0.105824
v -0.007948454 -0.04124102 0.1058245
v -0.03107854 -0.0282511 0.04490762
v -0.0218596 0.03586304 0.04144395
v -0.006964853 -0.04141848 0.04490766
v -0.041893 -0.002996137 0.04490787
v 0.02584869 -0.03310356 0.1057438
v -0.03362319 -0.02516905 0.04490774
v -0.04198808 0.001000424 0.1040924
v -0.04198811 -0.0009993909 0.04490786
v 0.02975193 -0.02964495 0.06945887
v -0.02674075 -0.03238723 0.1075561
v -0.0296989 0.02969807 0.1040921
v -0.03533303 -0.02270633 0.0431758
v -0.04198812 -0.0009987212 0.1040924
v -0.03777885 0.01835098 0.04490773
v -0.02969859 0.02969838 0.04144396
v 0.003991897 -0.04180986 0.1058247
v -0.03301452 0.02596231 0.04317587
v -0.04124104 -0.007948361 0.04317584
v 0.01468036 -0.03935082 0.1075492
v 0.008926069 -0.04104053 0.04491002
v -0.01744702 -0.03820473 0.1058242
v -0.04170284 0.004987293 0.1040925
v -0.03686293 0.02012771 0.04490775
v -0.02100047 -0.0363728 0.04317579
v -0.03174191 0.02750366 0.1058242
v -0.01835206 -0.03777832 0.04490784
v -0.03860899 -0.01653317 0.1040923
v 0.0009989475 -0.04198812 0.1040927
v -0.0282518 0.0310779 0.04144396
v -0.04000582 -0.01278806 0.04490784
v -0.009901865 -0.04081609 0.04317585
v 0.02014558 -0.03685316 0.1040073
v -0.02674102 0.03238701 0.04144396
v -0.03733108 -0.01924554 0.1058243
v -0.01467752 0.03935188 0.04490809
v 0.006963852 -0.04141865 0.04490867
v 0.02997406 -0.02942033 0.04586442
v -0.02516966 0.03362273 0.04144396
v 0.01473066 0.03933202 0.04499315
v -0.02012804 -0.03686274 0.1075562
v -0.0419881 0.0009996699 0.04490785
v -0.03107811 0.02825157 0.04144395
v 0.003991605 -0.04180989 0.04317564
v 0.02446531 0.03413867 0.04343957
v -0.0108702 -0.04056894 0.1040924
v -0.04056897 -0.01087008 0.04490783
v 0.01466914 -0.03935501 0.04491668
v 0.02348427 -0.03482082 0.04495513
v -0.04141842 0.006965229 0.04490773
v -0.03238755 -0.02674035 0.04490769
v 0.01087007 -0.04056897 0.1040915
v 0.02365921 0.03470219 0.1037277
v -0.02969831 -0.02969865 0.1040922
v -0.0368628 -0.02012795 0.04490784
v -0.03362307 0.02516921 0.04490782
v -0.02825206 0.03107766 0.1040921
v -0.02012894 -0.03686225 0.04490778
v -0.04189291 0.002997293 0.1040924
v 0.02850363 -0.03084709 0.08660779
v 0.02850121 -0.03084932 0.06441948
v -0.0386092 0.01653269 0.1040924
v -0.001998269 0.04195244 0.1058234
v 0.01086728 -0.04056972 0.0449116
v -0.04157254 -0.005976971 0.1058243
v -0.0396901 0.01373665 0.0431757
v 0.002996387 0.04189298 0.1040899
v 0.004989633 0.04170256 0.04491078
v 0.02013422 0.03685937 0.1039859
v -0.04104001 0.008928469 0.1040925
v 0.0284157 -0.03092811 0.0948245
v 0.02999305 -0.02940097 0.04428375
v -0.002996517 -0.04189297 0.04490743
v -0.005977331 0.04157249 0.04317599
v 0.01089643 0.0405619 0.04494378
v -0.003992504 0.04180981 0.04317594
v 0.008924488 0.04104088 0.1040864
v -0.0267412 0.03238685 0.1040921
v 0.02661282 -0.03249243 0.1039879
v -0.03586343 0.02185896 0.04490776
v -0.03969008 0.01373672 0.1023605
v -0.04141851 -0.006964681 0.04490784
v -0.04000579 -0.01278816 0.1040923
v 0.02844046 -0.03090534 0.05229409
v 0.0184459 0.0377326 0.04502293
v 0.02844879 -0.03089767 0.09274656
v -0.04081599 0.009902257 0.1058245
v 0.02850788 -0.03084316 0.08054802
v -0.02185955 0.03586307 0.1040921
v 0.0285055 -0.03084537 0.0603928
v -0.03301468 0.02596211 0.1058242
v 0.0009996729 0.0419881 0.04144409
v -0.02825236 -0.03107739 0.04490753
v -0.002996591 -0.04189296 0.1040926
v -0.01835176 0.03777847 0.04490801
v 0.01652213 0.03861372 0.1040571
v 0.02850345 -0.03084726 0.07046641
v 0.02845744 -0.03088971 0.04825329
v 0.006963579 -0.0414187 0.1040935
v -0.03238699 -0.02674103 0.1040922
v 0.02658596 -0.0325144 0.04494029
v 0.02612855 0.03288311 0.04363212
v -0.02270745 -0.0353323 0.04317572
v -0.03860918 0.01653274 0.04490771
v 0.02862084 -0.03073837 0.1009776
v 0.02850298 -0.0308477 0.06240552
v 0.02709336 0.03209283 0.1035053
v 0.02683216 0.03231154 0.04537939
v 0.02850786 -0.03084318 0.05837924
v 0.02850238 -0.03084825 0.06845022
v 0.02665124 0.03246092 0.04730914
v 0.02850713 -0.03084386 0.08458376
v -0.007947656 0.04124118 0.1023592
v -0.0165336 -0.03860881 0.04490788
v 0.02660078 0.03250229 0.04941564
v 0.02657701 0.03252172 0.05154434
v 0.02655853 0.03253682 0.05364094
v 0.0265529 0.03254141 0.05570933
v 0.02655773 0.03253747 0.05775702
v 0.02656593 0.03253077 0.05979039
v 0.02657293 0.03252506 0.06181508
v 0.02657746 0.03252136 0.06383535
v 0.02657995 0.03251932 0.06585349
v 0.02658118 0.03251832 0.06787049
v 0.02658176 0.03251784 0.06988691
v 0.02658211 0.03251756 0.07190309
v 0.02658243 0.0325173 0.07391922
v 0.02658283 0.03251697 0.07593545
v 0.02658337 0.03251652 0.07795196
v 0.02658411 0.03251592 0.07996913
v 0.02658503 0.03251517 0.08198759
v 0.02658605 0.03251434 0.08400853
v 0.02658684 0.03251369 0.08603397
v 0.02658688 0.03251366 0.08806716
v 0.02658577 0.03251457 0.0901129
v 0.0265853 0.03251495 0.09217719
v 0.02659721 0.03250521 0.09426466
v 0.0266418 0.03246867 0.09638433
v 0.02664765 0.03246386 0.0986199
v 0.02647968 0.03260102 0.101195
v 0.02838292 -0.03095819 0.05023545
v 0.02850443 -0.03084635 0.05636127
v -0.02516936 -0.03362296 0.1075562
v -0.03935204 -0.01467708 0.04490785
v 0.02097846 -0.03638549 0.04319917
v 0.02433024 -0.03423506 0.1057071
v -0.03362327 0.02516894 0.1040922
v 0.02850742 -0.03084359 0.07853181
v 0.00399366 0.0418097 0.043177
v 0.02850684 -0.03084413 0.07651555
v 0.02850794 -0.03084311 0.08256477
v 0.02850598 -0.03084492 0.0744993
v 0.02847835 -0.03087043 0.09068102
v -0.02354129 0.03478229 0.04144396
v 0.01654236 -0.03860506 0.1040573
v 0.02907538 -0.03030879 0.04491254
v 0.02430196 -0.03425514 0.04671277
v 0.0285013 -0.03084924 0.06643435
v -0.01467723 0.03935199 0.104092
v -0.04170293 0.004986558 0.04490777
v -0.02596333 -0.03301372 0.04317558
v -0.003992517 -0.04180981 0.1058246
v 0.01561506 -0.03898936 0.105809
v -0.03533305 0.02270629 0.04663976
v 0.02839944 -0.03094304 0.09691346
v 0.02097723 0.0363862 0.1021958
v 0.01745928 -0.03819913 0.1022948
v -0.003992563 -0.0418098 0.04663934
v 0.02793573 -0.03136232 0.04485446
v 0.007944843 0.04124172 0.1023517
v -0.03301466 -0.02596213 0.04663972
v -0.04056884 0.01087055 0.04490767
v 0.0254109 0.03344078 0.1035157
v -0.03860912 -0.01653286 0.04490785
v -0.03686297 0.02012763 0.1040923
v 0.01923395 -0.03733705 0.04319366
v -0.04157253 -0.005977036 0.04663987
v 0.02848446 -0.03086479 0.05433466
v 0.005985203 0.04157135 0.0466466
v -0.03039669 -0.02898347 0.1023602
v 0.02188321 -0.03584864 0.1039615
v -0.03586335 -0.0218591 0.04490782
v -0.04056878 0.01087078 0.1040925
v -0.04124094 0.007948898 0.0466397
v 0.001997759 -0.04195246 0.04317547
v -0.03421256 0.02436187 0.04663978
v -0.0227069 0.03533266 0.1023601
v 0.007963958 0.04123803 0.04665622
v 0.02752434 -0.03172398 0.1023487
v -0.02898385 -0.03039632 0.04663953
v -0.04189303 -0.002995618 0.1040924
v -0.02012828 0.03686261 0.1040921
v 0.01660646 0.03857753 0.04501755
v -0.01744759 0.03820447 0.04664008
v -0.02354096 -0.03478252 0.1075562
v 0.009899344 -0.0408167 0.04664495
v 0.01558606 0.03900096 0.1023194
v 0.02850468 -0.03084612 0.07248271
v 0.02589403 -0.0330681 0.0467844
v 0.0118844 0.04028351 0.04670927
v -0.009901331 0.04081622 0.1023597
v -0.0174472 0.03820465 0.1023601
v -0.02436248 0.03421213 0.1023601
v 0.000999853 0.0419881 0.1040903
v -0.02825147 -0.0310782 0.1040922
v -0.04124104 -0.007948376 0.1058243
v 0.00794543 -0.04124161 0.1023627
v -0.03421216 -0.02436243 0.1058243
v -0.01653294 -0.03860909 0.1040922
v 0.02885503 -0.03051864 0.1028357
v 0.005976376 0.04157262 0.1023542
v 0.01372048 0.0396957 0.1023363
v -0.005977257 -0.0415725 0.1058245
v 0.02122821 0.03624035 0.04670803
v -0.03733133 -0.01924504 0.04663986
v -0.03820484 0.01744679 0.04663972
v -0.02898375 0.03039641 0.1023601
v -0.03533324 0.022706 0.1023603
v -0.01278814 0.04000579 0.104092
v -0.008927658 -0.04104019 0.1040925
v -0.03039733 -0.02898279 0.04663958
v -0.001998973 -0.0419524 0.1023606
v -0.005977234 -0.0415725 0.04663951
v -0.04195243 -0.001998309 0.04663986
v -0.04180983 -0.003992212 0.04663987
v 0.009898759 -0.04081684 0.1023623
v 0.0009989346 -0.04198812 0.04144352
v 0.02849509 -0.03085498 0.08863848
v -0.03039698 0.02898316 0.04317592
v -0.008927791 0.04104016 0.0449081
v -0.0317417 0.0275039 0.0431759
v -0.02750389 -0.03174171 0.1058242
v -0.0218602 -0.03586268 0.04490771
v 0.002995582 -0.04189304 0.1040928
v -0.03478267 -0.02354073 0.04490778
v -0.01924601 -0.03733083 0.04663978
v -0.03421281 0.02436152 0.1023602
v -0.03969018 -0.01373644 0.04663984
v 0.004985358 -0.04170307 0.0449079
v -0.0137366 -0.03969012 0.1023603
v 0.01372592 -0.03969382 0.04665165
v -0.03478222 -0.0235414 0.1075563
v 0.01278989 -0.04000523 0.1040865
v 0.01086535 0.04057024 0.1040841
v -0.04104022 -0.008927492 0.04490783
v -0.03969018 -0.01373642 0.1023603
v -0.03107846 0.02825119 0.1040922
v -0.01924509 -0.03733131 0.1058242
v -0.00199859 0.04195242 0.0431759
v 0.01373964 -0.03968907 0.105817
v 0.02845261 -0.03089415 0.09897911
v -0.01373696 -0.03969 0.04317592
v -0.042 1.042838e-06 0.1023604
v -0.04157233 0.005978436 0.1023605
v -0.03733147 0.01924477 0.04663973
v -0.005976087 0.04157266 0.1023586
v -0.03899166 0.01560931 0.1023605
v -0.008927672 -0.04104018 0.04490776
v -0.03899159 -0.01560949 0.1023603
v -0.04189297 0.002996512 0.04490781
v -6.629125e-07 -0.042 0.1023607
v -0.02898343 0.03039673 0.04317594
v 0.02182203 -0.03588592 0.04495201
v 0.01926146 -0.03732286 0.1022641
v -0.0137369 0.03969002 0.04664021
v -0.02750424 0.03174141 0.04317595
v -0.03777855 -0.0183516 0.1040923
v -0.01560991 0.03899142 0.04664016
v 0.007947483 -0.04124121 0.04664219
v 0.02872887 -0.03063742 0.04644382
v -0.02596274 0.03301418 0.04317596
v 0.01381295 0.03966362 0.04675109
v -0.042 1.660517e-07 0.04663985
v 0.0183428 0.03778282 0.1040355
v -0.002995766 0.04189302 0.1040909
v 0.011827 -0.0403004 0.04664803
v -0.001998809 -0.04195241 0.0431755
v -0.01183279 0.0402987 0.04664024
v 0.02354702 0.03477841 0.04490432
v -0.04081612 -0.009901726 0.1058243
v -0.01183257 -0.04029876 0.1023604
v -0.04029882 -0.01183239 0.04663983
v -0.01183279 -0.0402987 0.0431759
v -0.03637304 -0.02100004 0.1058243
v -0.02100003 0.03637305 0.04317595
v 0.0165222 -0.03861369 0.04492111
v -0.02185925 -0.03586326 0.1075562
v -0.02436299 -0.03421176 0.04317564
v 0.01943066 0.03723506 0.04679549
v -0.04081603 0.009902103 0.04663966
v 0.02272727 0.03531956 0.1020506
v -0.03820475 -0.01744698 0.04663986
v -0.03174143 -0.02750421 0.1023602
v -0.01744782 -0.03820436 0.04663983
v -0.04029861 0.01183307 0.1023605
v -0.01560955 0.03899156 0.10236
v -0.0323873 0.02674066 0.04490784
v -0.03421257 -0.02436185 0.04663977
v -0.03039736 0.02898276 0.1023601
v -0.0412408 0.007949595 0.1023605
v -0.04195237 0.001999627 0.1023605
v 0.02720019 -0.03200234 0.06542523
v -0.000999059 0.04198812 0.1040906
v -0.001998807 -0.04195241 0.04663924
v 0.004985246 -0.04170309 0.1040931
v -6.519333e-08 0.042 0.04317593
v -0.03174195 -0.02750361 0.04663965
v -0.04157244 0.005977624 0.04663973
v 0.02721182 -0.03199245 0.07752351
v 0.01561589 -0.03898903 0.1023252
v 0.009929522 0.04080937 0.04667474
v -0.004986438 0.04170294 0.04490802
v -0.02596288 0.03301407 0.1023601
v -0.0009999496 -0.04198809 0.04144355
v -0.04124105 -0.007948305 0.04663985
v 0.02514725 -0.0336395 0.1038745
v -0.03637348 0.02099928 0.04663975
v -0.04029885 -0.01183226 0.1023604
v 0.02720486 -0.03199837 0.06139957
v -0.04056897 -0.01087008 0.1040923
v -0.0377789 0.01835088 0.1040924
v 0.003994995 0.04180957 0.04664144
v 0.02720873 -0.03199508 0.07349071
v -0.01924573 0.03733098 0.04664002
v 0.02710731 -0.03208105 0.09381291
v 0.002995464 -0.04189304 0.0449075
v -0.02099989 0.03637313 0.1023601
v 0.02604573 -0.03294874 0.101994
v -0.03533262 -0.02270695 0.1058243
v 0.00399283 0.04180978 0.1023556
v 0.02717485 -0.03202386 0.05333171
v 0.02721333 -0.03199117 0.08155531
v -0.02750471 -0.031741 0.04663951
v -0.02012858 0.03686245 0.04490796
v 0.01741727 0.0382183 0.1023002
v -0.02674161 -0.03238651 0.04490751
v 0.02720617 -0.03199726 0.07147381
v 0.02687128 -0.03227901 0.04887569
v -0.02898307 -0.03039707 0.1023602
v -5.544459e-07 -0.042 0.04317543
v 0.01559246 -0.0389984 0.04665729
v -0.04170303 -0.004985702 0.1040924
v 0.00597508 -0.04157281 0.102362
v -0.03899165 0.01560933 0.04663969
v -0.03362273 -0.02516966 0.1040923
v -0.02674063 -0.03238732 0.1040922
v -0.03637335 -0.0209995 0.04663984
v 0.009894605 0.04081785 0.1023489
v 0.025142 0.03364342 0.0457105
v 0.02010696 -0.03687425 0.04494451
v -0.03899163 -0.01560939 0.04663985
v -0.003992773 -0.04180978 0.1023606
v 0.02720687 -0.03199666 0.08761717
v -0.02596234 -0.03301449 0.1058242
v 0.02715909 -0.03203723 0.1003162
v -0.04081591 0.009902607 0.1023605
v -0.03935202 0.01467714 0.04490769
v -0.01560952 -0.03899157 0.1023603
v 0.02720134 -0.03200136 0.06341126
v 0.01833677 -0.03778575 0.04493153
v -0.02750448 0.0317412 0.1023601
v 0.02721091 -0.03199322 0.05939116
v 0.02720412 -0.031999 0.06945735
v -0.0418097 0.003993654 0.1023605
v 0.02721211 -0.0319922 0.08559202
v 0.02502644 0.03372948 0.04813363
v 0.02501221 0.03374003 0.05035931
v 0.02495606 0.03378158 0.05250055
v 0.02492449 0.03380488 0.0545989
v 0.02492328 0.03380577 0.05667228
v 0.02493523 0.03379696 0.0587245
v 0.02494802 0.03378752 0.06076039
v 0.02495737 0.03378061 0.06278655
v 0.02496293 0.0337765 0.06480773
v 0.02496582 0.03377437 0.06682622
v 0.02496718 0.03377336 0.06884321
v 0.02496788 0.03377284 0.07085953
v 0.0249684 0.03377246 0.07287557
v 0.02496901 0.03377201 0.07489154
v 0.02496985 0.03377139 0.07690765
v 0.02497105 0.0337705 0.07892417
v 0.02497273 0.03376926 0.08094161
v 0.024975 0.03376758 0.08296098
v 0.02497776 0.03376554 0.08498409
v 0.02498045 0.03376355 0.08701413
v 0.02498173 0.0337626 0.08905644
v 0.02497931 0.03376439 0.09111982
v 0.02497223 0.03376963 0.09321626
v 0.02499985 0.03374918 0.09534086
v 0.02516757 0.0336243 0.09743593
v 0.02510841 0.0336685 0.09965028
v 0.02708708 -0.03209814 0.05123626
v 0.0272175 -0.03198762 0.05738316
v -0.01467766 -0.03935183 0.04490789
v -0.03238756 0.02674034 0.1040922
v 0.0272126 -0.03199179 0.07953952
v -0.006964988 0.04141846 0.04490808
v 0.02721359 -0.03199094 0.08357231
v 0.02721058 -0.03199351 0.07550739
v 0.01183077 -0.04029929 0.1023585
v 0.02716076 -0.03203581 0.09171945
v -0.03107817 0.0282515 0.04490787
v 0.0109218 0.04055508 0.04843795
v -0.00100019 -0.04198809 0.1006286
v 0.01759553 0.03813656 0.04682421
v -0.0410401 0.008928034 0.04837169
v -0.03860918 0.01653274 0.04837173
v 0.001998759 0.04195241 0.0431762
v -0.03686253 -0.02012843 0.1040923
v -0.02674113 0.03238691 0.04490795
v -0.04000572 0.01278836 0.04490768
v 0.01653967 -0.03860621 0.1005595
v 0.02451216 0.03410504 0.1017435
v -0.03777874 -0.01835122 0.04837189
v -0.04081616 -0.009901556 0.04663983
v 0.01468216 -0.03935015 0.1040757
v -0.04141853 -0.0069646 0.04837191
v -0.03533298 -0.02270639 0.04663981
v -0.03301424 -0.02596266 0.1023603
v -0.03107787 -0.02825183 0.1006281
v -0.01835197 0.03777837 0.04837213
v -0.009901785 -0.04081611 0.1023604
v -0.01561008 -0.03899135 0.04663986
v -0.01924533 0.03733118 0.1023601
v -0.03935201 0.01467717 0.1006284
v -0.04000566 0.01278857 0.1006285
v 0.02704534 -0.03213331 0.0959481
v -0.01373654 0.03969014 0.10236
v 0.01571477 0.03894927 0.04679478
v 0.02737476 -0.03185314 0.04673278
v 0.027212 -0.03199229 0.05536822
v -0.02825219 -0.03107755 0.04837153
v -0.04195247 -0.001997537 0.1023604
v 0.004990883 0.04170241 0.04837467
v 0.02324393 0.0349817 0.04687129
v 0.008918908 0.04104209 0.1006115
v 0.00695988 -0.04141932 0.1006315
v -0.0323874 -0.02674054 0.04837172
v -0.02436199 -0.03421247 0.1058242
v -0.0009999624 -0.04198809 0.04490735
v -0.04198813 -0.0009983563 0.1006285
v -0.02969828 -0.02969869 0.1006281
v 0.02045874 0.03668024 0.04853061
v 0.001999407 0.04195238 0.1023564
v -0.03478228 -0.0235413 0.1040923
v 0.02720167 -0.03200108 0.06744078
v -0.01467728 -0.03935197 0.1006283
v 0.01464236 0.03936498 0.1005796
v -0.006964934 -0.04141847 0.1040925
v -0.00498643 -0.04170294 0.1040926
v -0.02750379 -0.0317418 0.1023602
v -0.006963113 0.04141878 0.1006263
v -0.04141827 0.00696612 0.1006285
v -0.03637361 0.02099906 0.1023603
v -0.0118324 0.04029881 0.1023599
v -0.01835128 -0.0377787 0.1040923
v 0.02719192 -0.03200937 0.08965826
v -0.041703 -0.004985996 0.04837191
v -0.02969889 -0.02969807 0.04837157
v -0.00498644 -0.04170294 0.0483712
v 0.008921033 -0.04104163 0.100633
v -0.041893 -0.002996068 0.0483719
v -0.03301454 0.02596228 0.0466398
v 0.006976713 0.04141649 0.04838316
v -0.01653307 0.03860903 0.100628
v -0.04141855 -0.006964451 0.1040924
v -0.03362307 -0.02516921 0.04837177
v -0.02825216 0.03107757 0.1006281
v 0.01465601 -0.03935989 0.04839459
v -0.02100057 -0.03637274 0.04663971
v -0.03935205 -0.01467706 0.04837186
v -0.02354139 0.03478222 0.100628
v 0.001997627 -0.04195247 0.1023608
v 0.01921087 0.03734893 0.1022689
v 0.005976417 -0.04157262 0.04664053
v -0.00990192 0.04081607 0.04664026
v -0.03301485 0.02596188 0.1023602
v -0.03586365 0.0218586 0.1006283
v 0.006962532 0.04141887 0.1006163
v -0.02969902 0.02969795 0.1006281
v 0.01182197 0.04030187 0.102345
v -0.03777886 0.01835097 0.04837174
v -0.0402987 0.01183279 0.04663966
v -0.01835217 -0.03777827 0.0483718
v -0.02099957 -0.03637332 0.1058243
v -0.002996554 0.04189297 0.0449079
v -0.0417028 0.00498763 0.1006285
v -0.04000593 -0.01278772 0.1006284
v -0.003991105 0.04180994 0.1023581
v 0.02175737 0.03592515 0.1004033
v 0.01086671 -0.04056987 0.04838305
v -0.0382049 0.01744665 0.1023604
v -0.007948459 -0.04124102 0.04663962
v -0.03935211 -0.01467689 0.1006284
v -0.04195242 0.001998691 0.04663981
v -0.01467759 0.03935185 0.04837235
v -0.02969865 0.02969832 0.0449079
v 0.02265392 -0.03536665 0.04670753
v 0.01836666 -0.03777123 0.1005143
v 0.008926997 -0.04104033 0.04837746
v 0.02356305 -0.03476755 0.1038966
v -0.03820465 -0.0174472 0.1023603
v -0.01653351 0.03860885 0.04837223
v -0.008926761 0.04104038 0.1006272
v -0.03174208 0.02750347 0.1023602
v -0.03586341 0.02185899 0.04837177
v 0.01287654 0.03997743 0.04849762
v 0.02513733 -0.03364691 0.04846247
v -0.03478265 0.02354076 0.04837177
v -0.002996812 -0.04189295 0.1006286
v -0.04198811 -0.0009993079 0.04837188
v -0.02354192 -0.03478187 0.04490763
v 0.01277795 -0.04000905 0.04838878
v -0.01278847 0.04000569 0.04837243
v -0.01278825 -0.04000576 0.1006283
v -0.04000583 -0.01278801 0.04837185
v -0.01087035 -0.0405689 0.04490783
v 0.002997138 0.04189292 0.04490846
v -0.02436244 0.03421216 0.04317595
v -0.02270695 0.03533262 0.04317595
v 0.02102035 -0.03636131 0.1022285
v -0.04141841 0.00696527 0.04837173
v -0.02825188 0.03107782 0.04490793
v -0.03686277 -0.020128 0.04837188
v -0.01835149 0.0377786 0.100628
v 0.02204319 0.03575049 0.04827485
v -0.04198808 0.001000773 0.1006285
v -0.02185962 0.03586303 0.100628
v 0.01648649 0.03862895 0.1005566
v -0.02012905 -0.03686219 0.04837173
v -0.002996608 -0.04189296 0.04837106
v 0.02003905 0.03691119 0.1004977
v 0.01373777 -0.03968972 0.1023469
v -0.03478295 0.02354031 0.1006282
v 0.02347526 -0.03482689 0.04841664
v 0.003991071 -0.04180994 0.1023612
v -0.03935204 0.01467709 0.0483717
v -0.0009998121 0.0419881 0.04490782
v -0.03107835 -0.02825131 0.04837164
v -0.04104024 -0.008927418 0.04837188
v 0.02586313 -0.03309227 0.07248192
v 0.02343105 0.03485665 0.1002047
v 0.01467527 -0.03935272 0.1005994
v 0.008951898 0.04103491 0.04840029
v -0.04180979 0.00399271 0.04663977
v 0.004987115 0.04170286 0.1006194
v 0.02587136 -0.03308584 0.07853138
v -0.03686309 0.0201274 0.1006284
v -0.02516984 0.0336226 0.100628
v 0.01649883 -0.03862368 0.04840231
v 0.003991569 -0.0418099 0.04663973
v -0.03686292 0.02012773 0.04837175
v -0.03860923 0.01653261 0.1006284
v -0.02012884 0.03686231 0.04837206
v -0.03238704 -0.02674098 0.1006282
v 0.004983465 -0.0417033 0.1006299
v 0.0009988344 -0.04198812 0.04490735
v 0.01085396 0.04057329 0.1006068
v 0.02444408 -0.03415387 0.1019678
v 0.02585033 -0.03310227 0.06642988
v -0.03586302 -0.02185964 0.1040923
v -0.02674149 -0.03238662 0.04837152
v 0.002996811 0.04189295 0.04837127
v -0.02517028 -0.03362227 0.04490756
v 0.01828672 0.03781 0.1005304
v 0.001997716 -0.04195246 0.04663933
v -0.02012834 0.03686258 0.1006281
v 0.0258741 -0.0330837 0.08457707
v 0.01864923 0.03763251 0.04866067
v 0.02542769 -0.03342802 0.09967812
v -0.04180989 -0.003991579 0.1023604
v -0.03733157 0.01924458 0.1023604
v -0.01744711 -0.03820469 0.1023603
v -0.01653307 -0.03860904 0.1006283
v -0.04103995 0.008928754 0.1006285
v -0.004983894 0.04170325 0.1006252
v 0.02587367 -0.03308403 0.08256136
v 0.02096662 -0.03639232 0.04671255
v -0.03860912 -0.01653286 0.04837188
v -0.0146772 0.039352 0.100628
v 0.02588167 -0.03307778 0.05440533
v -0.02674129 0.03238678 0.1006281
v 0.02566898 -0.03324309 0.05039366
v 0.02585001 -0.03310252 0.06441443
v -0.04189289 0.002997629 0.1006285
v -0.01653369 -0.03860877 0.04837183
v 0.02585959 -0.03309504 0.06039341
v -0.01278846 -0.04000569 0.04490788
v 0.01742521 -0.03821468 0.04666569
v 0.02700836 -0.0321644 0.09814394
v 0.02585866 -0.03309576 0.07046444
v 0.02584024 -0.03311015 0.09066959
v -0.0405691 -0.0108696 0.1006284
v 0.02345186 0.03484265 0.04920113
v 0.02332406 0.03492833 0.05131718
v 0.0232224 0.034996 0.05341781
v 0.02320422 0.03500806 0.05551774
v 0.0232225 0.03499594 0.05760093
v 0.02324405 0.03498163 0.0596588
v 0.02326154 0.03497 0.06169783
v 0.02327303 0.03496236 0.06372611
v 0.02327944 0.03495808 0.06574833
v 0.02328258 0.03495599 0.06776699
v 0.02328404 0.03495502 0.06978387
v 0.02328489 0.03495445 0.07179994
v 0.02328576 0.03495388 0.07381565
v 0.02328695 0.03495308 0.07583126
v 0.02328866 0.03495194 0.07784702
v 0.0232911 0.03495032 0.07986331
v 0.02329462 0.03494797 0.08188084
v 0.02329957 0.03494467 0.083901
v 0.02330589 0.03494046 0.08592636
v 0.02331249 0.03493605 0.08796123
v 0.02331648 0.03493339 0.09001303
v 0.02330968 0.03493793 0.09209806
v 0.0232554 0.03497408 0.09426296
v 0.02328815 0.03495228 0.09654482
v 0.02391301 0.03452778 0.0984523
v 0.02581463 -0.03313012 0.05239836
v 0.02587296 -0.03308459 0.0583944
v -0.04104025 -0.00892738 0.1040924
v 0.02585216 -0.03310084 0.06240118
v 0.02587243 -0.03308501 0.08054668
v 0.02586965 -0.03308718 0.07651571
v 0.01086271 -0.04057094 0.1006322
v 0.0009994718 0.04198811 0.04490789
v 0.02586404 -0.03309156 0.08862235
v -0.03174174 0.02750386 0.04663983
v -0.02270648 -0.03533293 0.1058243
v 0.0009986449 -0.04198813 0.1006287
v 1.131549e-06 0.042 0.102357
v 0.001998652 0.04195242 0.04663977
v -0.03733132 -0.01924507 0.05010394
v -0.02750455 -0.03174114 0.05010357
v -0.03637373 0.02099885 0.09889625
v 0.02586718 -0.03308911 0.07449923
v 0.01559847 -0.038996 0.09883804
v -0.0358633 -0.02185919 0.04837185
v -0.04056899 -0.01087001 0.04837185
v -0.02596326 -0.03301377 0.0466395
v -0.01744726 0.03820462 0.09889597
v -0.02516981 0.03362262 0.04490795
v -0.04124078 0.007949731 0.09889645
v -0.001997308 0.04195248 0.1023576
v -0.03362343 0.02516873 0.1006282
v -0.03969007 0.01373676 0.09889636
v -0.03478258 -0.02354086 0.04837181
v -0.03860914 -0.01653283 0.1006284
v -0.02100027 0.03637291 0.04663996
v -0.003992898 -0.04180977 0.0501028
v -0.03421224 -0.02436232 0.1023603
v 0.01554833 0.03901602 0.09881121
v -0.04081623 -0.009901298 0.1023604
v -0.02750437 0.03174129 0.04663994
v -0.01373695 -0.03969 0.04663985
v 0.02175457 0.03592685 0.0500841
v 0.02568224 -0.03323285 0.09488291
v -0.04189306 -0.002995208 0.1006285
v -0.02012804 -0.03686274 0.1040923
v 0.01481239 0.03930131 0.048571
v -0.01561 0.03899138 0.05010455
v 0.02585465 -0.0330989 0.06844724
v -0.042 1.338817e-06 0.09889645
v 0.003992327 0.04180982 0.05010204
v -0.005977504 0.04157246 0.04664021
v -0.005977608 -0.04157245 0.05010307
v 0.02587195 -0.03308537 0.08659596
v 0.009881305 0.04082107 0.098864
v -0.02516923 -0.03362305 0.1040923
v -0.0108703 -0.04056891 0.1006284
v -0.0303967 -0.02898346 0.09889598
v 0.005971154 -0.04157337 0.09889899
v 0.002998385 0.04189284 0.1006211
v -0.01560966 -0.03899152 0.09889621
v 0.007941906 0.04124229 0.09887248
v -0.007948632 -0.04124099 0.1023605
v -0.02596292 0.03301404 0.04663995
v -0.01924613 -0.03733077 0.05010378
v 0.01276439 0.04001338 0.1005989
v -0.04124107 -0.007948218 0.05010399
v -5.594238e-07 -0.042 0.04663921
v -0.03820484 0.01744678 0.05010378
v 0.02182719 -0.03588278 0.04851504
v -0.04124093 0.007948944 0.05010379
v -0.006964885 -0.04141848 0.04837142
v 0.01368865 0.03970669 0.09884372
v -0.03820475 -0.01744698 0.05010393
v -0.005977495 -0.04157246 0.1023606
v 0.007938651 -0.04124291 0.09890217
v -0.001000025 -0.04198809 0.04837099
v -0.04157254 -0.005976947 0.050104
v -0.02898365 -0.03039652 0.05010359
v -0.001999079 -0.0419524 0.09889648
v 0.02082707 0.03647236 0.09875218
v -0.03899166 0.01560931 0.05010375
v -0.04180984 -0.003992115 0.05010399
v -0.03362306 0.02516922 0.04837178
v 0.005982244 0.04157178 0.05010809
v 0.02588943 -0.0330717 0.05640276
v -0.02750454 0.03174115 0.09889601
v -0.03301452 -0.02596231 0.05010381
v -0.02270753 -0.03533225 0.04663963
v -0.04056872 0.01087102 0.1006285
v 0.01556848 -0.03900798 0.05014558
v 0.01182809 -0.04030008 0.05012738
v 0.01278132 -0.04000797 0.100623
v 0.006964614 -0.04141852 0.04837395
v -0.01087042 0.04056888 0.04837251
v -0.00597377 0.041573 0.09889254
v -0.0415726 -0.005976538 0.1023604
v 0.02428529 -0.03426696 0.04986328
v -0.0282514 -0.03107826 0.1006281
v -0.01086984 0.04056903 0.1006277
v -0.02898382 0.03039635 0.09889604
v 0.0192191 -0.03734469 0.04668616
v -0.04056886 0.0108705 0.04837166
v -0.03733116 -0.01924537 0.1023603
v -0.003992811 0.04180978 0.04664003
v 0.02578365 -0.03315424 0.092749
v -0.040299 -0.01183175 0.09889635
v -0.04157229 0.005978657 0.09889649
v 0.02246422 0.03548745 0.09860901
v -7.857789e-07 -0.042 0.09889648
v -0.0137369 0.03969002 0.05010471
v -0.01924598 0.03733085 0.05010423
v 0.009938443 0.0408072 0.05015356
v -0.03969012 0.01373661 0.04663968
v -0.03969036 -0.01373593 0.09889635
v -0.0419881 0.0009997648 0.04837184
v -0.03039704 0.0289831 0.04663987
v -0.03899164 -0.01560937 0.05010391
v -0.04081603 0.009902106 0.05010371
v -0.00794667 0.04124137 0.09889435
v 0.01745375 -0.03820166 0.09877172
v 0.009902568 -0.04081592 0.05011622
v 0.0227513 -0.03530408 0.1021336
v -0.01744778 0.03820438 0.05010433
v -0.03107858 0.02825105 0.1006281
v -0.02436255 0.03421208 0.09889598
v -0.007948671 0.04124098 0.04664025
v -0.03533302 0.02270634 0.05010381
v 0.01190959 0.04027607 0.05021865
v -0.004986639 -0.04170292 0.1006286
v -0.04195244 -0.001998194 0.05010396
v 0.01371863 -0.03969634 0.05013747
v -0.01373672 -0.03969008 0.09889627
v -0.03969019 -0.01373639 0.05010389
v -0.009901741 -0.04081612 0.04663974
v 0.02014439 -0.03685381 0.1004773
v -0.04170292 0.004986629 0.04837176
v -0.04195249 -0.001997182 0.09889646
v -0.02185979 0.03586293 0.04490795
v -0.03533339 0.02270576 0.0988962
v -0.01560957 0.03899156 0.09889595
v -0.03899167 0.01560928 0.09889636
v 0.01988727 0.03699319 0.05050596
v -0.02596222 -0.03301459 0.1023603
v -0.03174148 -0.02750416 0.09889603
v -0.01744795 -0.03820431 0.05010383
v -0.03174178 -0.02750381 0.05010373
v -0.02186029 -0.03586262 0.04837164
v -0.03637345 0.02099934 0.0501038
v -0.02270697 0.03533261 0.09889599
v 0.002994838 -0.04189309 0.100629
v -0.02596315 -0.03301386 0.05010356
v -0.001999024 0.0419524 0.0466398
v -0.03733166 0.0192444 0.09889634
v 0.02447761 -0.03412985 0.07349184
v -0.03039712 -0.02898301 0.05010365
v 0.02452085 -0.0340988 0.05348327
v 0.01371719 -0.03969684 0.09888337
v 0.007963692 0.04123808 0.05012252
v 0.02557428 -0.03331601 0.09710519
v 0.005978201 0.04157236 0.09887953
v -0.04081588 0.009902727 0.09889642
v -0.02596295 0.03301402 0.09889598
v -0.02898352 0.03039663 0.04663991
v -0.03733146 0.0192448 0.05010378
v 0.01674692 0.03851676 0.04864759
v -0.001999112 -0.0419524 0.0501026
v 0.0173688 0.03824036 0.09877429
v -0.03362281 -0.02516956 0.1006283
v 0.02446998 -0.03413532 0.07147337
v 0.02445426 -0.03414659 0.06743509
v -0.04195236 0.001999863 0.09889647
v -0.01467771 -0.03935181 0.04837184
v -0.03637331 -0.02099957 0.05010392
v 0.02444571 -0.0341527 0.09165216
v -0.03777898 0.01835071 0.1006284
v -0.004987245 -0.04170285 0.05183447
v -0.04189296 0.002996606 0.04837179
v 0.02449218 -0.03411939 0.08557689
v -0.02354147 0.03478217 0.04490795
v 0.01179718 0.04030914 0.09885766
v -0.01744725 -0.03820463 0.09889622
v 0.02444992 -0.03414969 0.06339852
v 0.002995495 -0.04189304 0.04837136
v -0.007948653 -0.04124099 0.05010339
v -0.04081618 -0.009901482 0.05010395
v 0.01737951 -0.03823549 0.05015513
v 0.0009988354 -0.04198812 0.04837105
v -0.002993612 0.04189318 0.1006242
v 0.02449172 -0.03411973 0.08356455
v -0.04157243 0.005977704 0.0501038
v -0.01278807 0.04000582 0.1006279
v 0.0244491 -0.03415028 0.06541591
v -0.00399288 -0.04180977 0.09889651
v 0.02438659 -0.03419494 0.05156982
v -0.003987684 0.04181027 0.09889052
v -0.01183273 -0.04029872 0.04663982
v 0.02445674 -0.03414481 0.06138479
v -0.04081635 -0.009900771 0.09889641
v 0.0235884 -0.03475036 0.1002184
v 0.02448815 -0.03412229 0.07953905
v -0.02100056 0.03637274 0.05010413
v -0.008927635 -0.04104019 0.0483716
v 0.02146965 0.03609784 0.05211244
v 0.02139365 0.03614293 0.05425139
v 0.0214482 0.03611059 0.05638925
v 0.021481 0.03609109 0.05848893
v 0.02151005 0.03607378 0.06055206
v 0.02153172 0.03606085 0.06259464
v 0.02154506 0.03605288 0.06462505
v 0.021552 0.03604873 0.06664786
v 0.02155514 0.03604686 0.06866645
v 0.02155658 0.03604599 0.07068296
v 0.02155773 0.03604531 0.07269847
v 0.0215593 0.03604437 0.07471349
v 0.02156163 0.03604298 0.07672832
v 0.02156491 0.03604101 0.07874327
v 0.02156952 0.03603825 0.08075881
v 0.02157632 0.03603419 0.0827758
v 0.02158614 0.0360283 0.08479615
v 0.02159888 0.03602067 0.08682308
v 0.02161231 0.03601261 0.08886046
v 0.02162174 0.03600695 0.09091053
v 0.02161807 0.03600915 0.09297721
v 0.02130429 0.03619568 0.09519096
v 0.02446835 -0.03413649 0.05938118
v 0.003989586 -0.04181008 0.09889717
v 0.004985695 -0.04170303 0.04837216
v 0.001996266 0.04195253 0.050101
v 0.02448996 -0.03412099 0.0815526
v 0.0244967 -0.03411615 0.05740079
v 0.02448613 -0.03412374 0.07752423
v 0.009887415 -0.04081959 0.0989055
v -0.0323877 0.02674017 0.1006282
v -0.03238731 0.02674065 0.04837181
v 0.02447817 -0.03412945 0.0896134
v 0.02446156 -0.03414135 0.06945394
v -0.01924517 -0.03733127 0.1023603
v -0.04000575 0.01278827 0.04837167
v -0.03586379 0.02185838 0.09716408
v -0.01373649 0.03969016 0.0988959
v -0.0368632 0.02012722 0.09716417
v -0.024363 -0.03421175 0.04663955
v -0.03421253 0.02436192 0.0501038
v -0.01653321 -0.03860897 0.09716408
v 0.007949728 -0.04124078 0.05010881
v 0.01462894 -0.03936996 0.09713649
v -0.04124113 -0.007947922 0.1023604
v -0.04056923 -0.01086911 0.09716422
v -0.04029884 -0.01183232 0.05010391
v 0.001002061 0.04198804 0.1006221
v 0.01082535 0.04058093 0.09710451
v -0.03421247 -0.024362 0.05010384
v -0.0251699 0.03362256 0.09716385
v -0.0009969084 0.04198817 0.1006232
v 0.004980483 -0.04170365 0.09716519
v 0.01788352 0.03800236 0.05057341
v -0.0353327 -0.02270683 0.1023603
v 0.01645962 -0.0386404 0.05190316
v -0.03421296 0.02436131 0.09889615
v -0.00696549 -0.04141838 0.05183503
v -0.03637312 -0.02099991 0.1023603
v -0.04104036 -0.008926866 0.1006285
v -0.03686275 -0.02012804 0.05183603
v -0.02674137 -0.03238672 0.05183566
v -0.02517022 -0.03362231 0.04837151
v -0.01924541 0.03733114 0.09889601
v -0.02674053 -0.03238741 0.1006282
v -0.04170309 -0.004985242 0.1006285
v -0.03935202 0.01467714 0.09716421
v 0.02448278 -0.03412614 0.07550864
v -0.02185921 -0.03586328 0.1040923
v 0.01388215 0.03963945 0.05033259
v -0.03039744 0.02898268 0.09889607
v 0.02433744 -0.03422994 0.09373825
v -0.03820496 0.01744653 0.09889636
v -0.02436266 0.034212 0.04663995
v -0.02898304 -0.03039709 0.098896
v 0.0009986367 0.04198813 0.04837101
v -0.03301433 -0.02596255 0.09889615
v -0.02354085 -0.03478258 0.1040923
v -0.01183267 -0.04029873 0.09889634
v 0.01459048 0.03938424 0.09708036
v -0.01561019 -0.03899131 0.05010384
v -0.03107794 -0.02825175 0.09716376
v 0.01913437 0.03738818 0.09874765
v 0.01181312 -0.04030447 0.09890282
v 0.02401228 -0.03445882 0.09805709
v -0.04103996 0.008928715 0.09716428
v -0.01653357 0.03860882 0.05183683
v -0.008927784 -0.04104016 0.1006285
v -0.02674131 0.03238676 0.04837197
v 0.02454094 -0.03408434 0.05544454
v 0.00894225 0.04103701 0.05186795
v -0.04104026 -0.008927343 0.05183612
v -0.0400061 -0.01278719 0.09716425
v -0.01835141 -0.03777864 0.1006283
v 0.0216042 0.03601747 0.0971472
v -0.004979417 0.04170378 0.0971574
v -0.03969014 0.01373655 0.05010373
v 0.02277565 -0.03528838 0.05046014
v 0.02448986 -0.03412106 0.087592
v -0.03777873 -0.01835122 0.05183605
v 0.006953678 -0.04142036 0.0971687
v -0.04141854 -0.006964522 0.05183618
v -0.02825201 -0.03107771 0.05183567
v -0.03860917 0.01653274 0.05183589
v -0.04170301 -0.004985905 0.05183619
v -0.01653314 0.03860901 0.09716383
v 0.004982891 0.04170337 0.0518316
v -0.04029859 0.01183317 0.0988964
v -0.02100068 -0.03637268 0.05010368
v -0.02186008 0.03586275 0.04837197
v -0.02674132 0.03238675 0.09716388
v -0.01467743 -0.03935191 0.09716414
v -0.04198807 0.001000956 0.09716434
v 0.01278538 -0.04000668 0.05188368
v -0.01183272 0.04029872 0.05010489
v -0.002997423 -0.0418929 0.05183401
v -0.00990092 0.04081632 0.09889533
v -0.02825219 0.03107755 0.09716392
v -0.04180968 0.003993827 0.09889648
v 0.02008221 -0.03688773 0.04845794
v 0.00891024 0.04104397 0.09711634
v -0.04141826 0.006966164 0.09716434
v -0.03777869 -0.01835131 0.1006284
v -0.03899178 -0.01560902 0.09889635
v -0.004986723 0.04170291 0.04837243
v -0.03777885 0.01835098 0.05183586
v -0.04000566 0.01278855 0.09716425
v -0.02012913 0.03686215 0.0518364
v -0.002996753 -0.04189295 0.09716423
v -0.03238726 -0.02674071 0.0518359
v -0.001000123 -0.04198809 0.0971642
v -0.01467754 0.03935187 0.0518371
v -0.03586337 0.02185906 0.05183591
v -0.042 3.004547e-07 0.05010391
v -0.0310782 0.02825147 0.04837185
v -0.03860913 -0.01653284 0.05183603
v -0.04104009 0.008928102 0.05183594
v 0.003996414 0.04180943 0.09888345
v -0.02099997 0.03637308 0.098896
v -0.006961157 0.04141911 0.09716071
v 0.01649992 -0.03862321 0.09705691
v 0.01087553 -0.04056751 0.05186172
v 0.02185764 -0.03586424 0.1004612
v -0.0183522 0.03777826 0.0518365
v -0.008927809 0.04104015 0.04837255
v 0.001997173 -0.04195249 0.09889654
v -0.00696509 0.04141844 0.04837259
v 0.01090441 0.04055976 0.05190975
v 0.02001842 0.03692239 0.0969589
v -0.006965116 -0.04141844 0.1006286
v 0.02413148 -0.03437545 0.09588859
v -0.01835231 -0.0377782 0.05183588
v -0.04189301 -0.002995951 0.05183613
v 0.01464975 -0.03936223 0.05189941
v -5.193304e-07 0.042 0.04663961
v -0.03935207 -0.01467701 0.05183599
v -0.0347826 0.02354083 0.05183589
v 0.01927297 -0.03731692 0.09870262
v 0.01830668 -0.03780034 0.04842041
v -0.04198814 -0.0009980905 0.09716437
v -0.04029872 0.01183273 0.05010371
v -0.03362296 -0.02516936 0.05183594
v -0.02354146 0.03478217 0.09716388
v -0.02012917 -0.03686213 0.05183579
v -0.01835159 0.03777855 0.09716387
v -0.04180993 -0.00399116 0.09889645
v -0.0296983 -0.02969867 0.09716377
v -0.0243619 -0.03421254 0.1023603
v 0.01644179 0.03864799 0.09701767
v -0.02825201 0.0310777 0.04837194
v 0.002990736 0.04189338 0.05182906
v -0.0414184 0.006965381 0.05183593
v -0.00299708 0.04189293 0.04837201
v -0.02354195 -0.03478184 0.04837156
v 0.01274279 -0.04002026 0.09717498
v 0.006968472 0.04141788 0.05184395
v -0.04104046 -0.008926407 0.09716427
v 0.006964063 0.04141862 0.09713207
v 0.002994082 -0.04189314 0.09716406
v -0.03533291 -0.0227065 0.05010388
v 0.01822291 -0.03784079 0.05192051
v 0.01585546 0.03889221 0.05045634
v 0.02306896 -0.03509734 0.08857702
v -0.03478238 -0.02354116 0.1006283
v -0.03586325 -0.02185926 0.051836
v 0.02304187 -0.03511513 0.07248647
v -0.01653384 -0.03860871 0.0518359
v -0.01924531 -0.0373312 0.09889625
v -0.01278847 -0.04000569 0.04837181
v -0.0227072 0.03533246 0.04663994
v -0.03238715 -0.02674084 0.09716384
v 0.01824868 0.03782837 0.09696706
v -0.04056901 -0.01086994 0.05183609
v -7.438199e-07 -0.042 0.05010257
v -0.04056873 0.01087099 0.09716426
v 0.02307004 -0.03509663 0.08456309
v -0.04180978 0.003992825 0.05010383
v 0.01271653 0.04002861 0.097103
v -0.01183226 0.04029885 0.09889578
v -0.00597761 -0.04157244 0.09889655
v -0.03935204 0.0146771 0.05183586
v 0.02299636 -0.03514495 0.06439436
v -0.0146772 0.039352 0.09716382
v -0.02969873 0.02969824 0.0483719
v -0.02596297 0.033014 0.09543162
v -0.04189288 0.00299772 0.09716434
v 0.0193262 0.03728938 0.05270866
v -0.01087028 -0.04056892 0.04837173
v 0.02301165 -0.03513494 0.06844144
v -0.001993046 0.04195268 0.09888872
v -0.03107818 -0.02825149 0.0518358
v -0.004986585 -0.04170293 0.09716428
v -0.03686288 0.0201278 0.05183589
v 0.02302947 -0.03512326 0.09256573
v 0.02300665 -0.03513822 0.06237234
v -0.02517015 -0.03362237 0.05183563
v -0.02186043 0.03586254 0.05183621
v 0.02307209 -0.03509528 0.08656948
v -0.01835155 -0.03777857 0.09716412
v 0.02305868 -0.03510409 0.07651929
v -0.03478311 0.02354008 0.09716405
v -0.00298687 0.04189366 0.09715347
v 0.01963437 0.03712804 0.05514099
v 0.01967664 0.03710566 0.05727871
v 0.01971871 0.03708332 0.05937049
v 0.01975625 0.03706333 0.06143522
v 0.01978247 0.03704934 0.06348068
v 0.01979709 0.03704154 0.06551223
v 0.01980374 0.03703798 0.06753493
v 0.01980633 0.0370366 0.06955287
v 0.01980772 0.03703585 0.07156854
v 0.01980952 0.03703489 0.07358301
v 0.01981249 0.0370333 0.07559672
v 0.01981693 0.03703092 0.07760994
v 0.01982289 0.03702773 0.07962315
v 0.01983094 0.03702342 0.08163676
v 0.01984318 0.03701687 0.08365163
v 0.01986138 0.0370071 0.0856708
v 0.01988489 0.03699447 0.08769923
v 0.01990818 0.03698195 0.08974052
v 0.01992138 0.03697484 0.09177418
v 0.02003425 0.0369138 0.09362751
v 0.02301515 -0.03513265 0.06035036
v 0.02306773 -0.03509815 0.08255644
v 0.02302826 -0.03512405 0.05834479
v 0.008908325 -0.04104439 0.09717503
v -0.03174218 0.02750335 0.0988961
v 0.02306614 -0.03509919 0.08054587
v -0.03301452 0.0259623 0.05010382
v 0.02305206 -0.03510844 0.09058194
v 0.02302889 -0.03512365 0.07046532
v 0.0232217 -0.03499647 0.05450825
v 0.02309389 -0.03508094 0.05639462
v -0.02099961 -0.03637329 0.1023603
v -0.03860927 0.01653253 0.09716422
v -0.02270758 -0.03533222 0.0501036
v -0.008928034 -0.0410401 0.05183544
v -0.005977612 0.04157244 0.05010519
v -0.03637385 0.02099864 0.09543183
v -0.03899166 -0.01560932 0.05356819
v 0.013638 -0.03972411 0.09545031
v -0.04157267 -0.005976053 0.09889645
v -0.003992678 -0.04180979 0.0954318
v 0.0059648 0.04157428 0.05355971
v -0.04081592 0.00990256 0.09543199
v 0.02257761 -0.03541541 0.09881305
v -0.02185971 0.03586298 0.0971639
v 0.002003459 0.04195219 0.09888532
v -0.04000586 -0.01278794 0.05183599
v -0.02517004 0.03362245 0.04837197
v 0.01733243 -0.03825686 0.05364574
v -0.01924627 -0.0373307 0.05356801
v -0.01744736 0.03820458 0.09543161
v 5.757457e-06 0.042 0.0988865
v -0.03301498 0.02596172 0.09889612
v -0.0347825 -0.02354097 0.05183596
v -0.003979345 0.04181106 0.09542003
v -0.005978975 -0.04157225 0.05356627
v -0.03686265 -0.02012821 0.1006284
v -0.00990187 -0.04081609 0.09889643
v 0.0230519 -0.03510855 0.07450404
v -0.02436296 -0.03421178 0.05010356
v -0.04189309 -0.002994867 0.09716439
v -0.02750375 -0.03174183 0.09889603
v -0.0363734 0.02099942 0.05356813
v -0.03174163 -0.02750398 0.09543141
v -0.04141864 -0.006963942 0.1006285
v 0.01288301 0.03997534 0.05203339
v -0.02969906 0.02969791 0.09716395
v -0.03039679 -0.02898336 0.09543141
v -0.01278838 -0.04000572 0.09716422
v -0.02012815 -0.03686268 0.1006283
v 0.02091282 -0.03642326 0.05024923
v -0.03777905 0.01835056 0.09716423
v -0.04195241 0.001998833 0.05010386
v 0.01174266 0.04032505 0.09533054
v -0.02516916 -0.03362311 0.1006283
v -2.297132e-06 0.042 0.05010232
v 0.003978378 0.04181115 0.05355297
v -0.03421236 -0.02436215 0.09889624
v -0.02596315 0.03301386 0.05010403
v -0.0243626 0.03421204 0.09543162
v -0.03301441 -0.02596244 0.05356814
v 0.01083698 -0.04057782 0.09718165
v -0.03533353 0.02270554 0.09543181
v 0.007944049 0.04124187 0.05358458
v -0.02012845 0.03686252 0.09716391
v 0.0009945977 0.04198822 0.05183157
v 0.003988433 -0.04181019 0.09543074
v 0.00893264 -0.0410391 0.05184631
v -0.03733131 -0.01924508 0.05356824
v 0.005968008 -0.04157382 0.09543254
v -0.009901814 -0.0408161 0.05010363
v -0.04157255 -0.00597689 0.05356854
v -0.02750444 -0.03174123 0.05356786
v 0.02300041 -0.0351423 0.06641803
v 0.023126 -0.03505978 0.05255966
v 0.01374647 -0.03968671 0.05366299
v -0.0417029 0.00498677 0.05183594
v -0.03899162 0.01560941 0.05356817
v -0.04081645 -0.009900371 0.09543197
v -0.02270647 -0.03533294 0.1023603
v -0.001000562 0.04198808 0.04837154
v -0.0296987 -0.02969827 0.05183571
v -0.04195236 0.001999915 0.09543207
v -0.0389917 0.01560921 0.09543194
v -0.0156098 -0.03899146 0.09543182
v 0.004992837 0.04170218 0.09714188
v -0.04198811 -0.0009991599 0.05183607
v -0.001998859 -0.04195241 0.09543176
v -0.01278827 0.04000575 0.05183744
v -0.001000696 -0.04198808 0.05183372
v -0.0417028 0.004987642 0.09716435
v -0.008925947 0.04104056 0.09716257
v -0.02750455 0.03174114 0.0954317
v -0.02186036 -0.03586258 0.05183569
v -0.0412409 0.007949107 0.0535682
v 0.009860683 0.04082606 0.09533474
v -0.04124081 0.00794959 0.09543204
v -0.03820485 -0.01744676 0.09889635
v -0.03935232 -0.01467634 0.09716426
v 0.009900404 0.04081644 0.05362055
v -0.0408162 -0.009901403 0.05356844
v 0.01546436 0.03904937 0.09531232
v -0.02270751 0.03533226 0.05010405
v -0.02100082 0.03637259 0.05356877
v -0.03820481 0.01744685 0.05356813
v -0.0396901 0.01373668 0.09543201
v 0.01916778 0.03737106 0.09517782
v -0.01560983 0.03899145 0.05356968
v 0.02278795 -0.03528044 0.09461875
v 0.02306313 -0.03510117 0.07853293
v -0.03174175 0.02750384 0.05010387
v -0.03820476 -0.01744696 0.05356825
v -0.003993229 0.04180974 0.0501047
v 0.005977653 -0.04157244 0.05010515
v -0.005969984 0.04157354 0.09542579
v 0.01549943 -0.03903547 0.09538021
v 0.01184949 -0.04029379 0.05361967
v 0.02103133 -0.03635496 0.09866329
v -0.01924623 0.03733072 0.05356882
v -0.009901826 0.0408161 0.05010504
v -0.04029915 -0.01183127 0.09543199
v 0.0009985869 -0.04198813 0.097164
v -0.04180985 -0.003992033 0.05356846
v 0.01558149 -0.03900279 0.05368425
v 0.003992058 -0.04180985 0.05010344
v -0.01373703 -0.03968997 0.05010382
v -0.03362303 0.02516927 0.05183589
v -0.03533297 0.02270642 0.05356809
v 0.01835744 -0.03777571 0.09694428
v -0.040816 0.009902218 0.0535682
v -0.042 1.491944e-06 0.09543216
v -0.01744784 0.03820436 0.05356917
v -0.04056885 0.01087053 0.05183586
v -0.01560964 0.03899153 0.09543162
v -0.01744812 -0.03820423 0.05356806
v -0.003994497 -0.04180962 0.05356529
v -0.0282514 -0.03107827 0.09716379
v -0.02750454 0.03174114 0.05010401
v -0.03174165 -0.02750395 0.05356806
v -0.03637329 -0.02099962 0.0535682
v -0.02596308 -0.03301391 0.05356782
v -0.01744738 -0.03820457 0.09543183
v -0.007948613 0.04124099 0.05010523
v -0.005977461 -0.04157247 0.09543195
v -0.04000575 0.01278828 0.05183584
v -0.007948728 -0.04124097 0.09889648
v 0.02227422 -0.03560701 0.09680249
v -0.02354175 0.03478198 0.04837197
v -0.007949571 -0.04124081 0.05356714
v -0.01086958 0.04056911 0.09716345
v 0.007940614 0.04124253 0.09536792
v 0.01904234 -0.03743514 0.05371401
v 0.02161349 -0.0360119 0.08955965
v 0.02161223 -0.03601266 0.08555438
v -0.001980222 0.04195329 0.09541301
v -0.03586314 -0.02185945 0.1006283
v -0.01467785 -0.03935175 0.05183589
v -0.04124123 -0.007947394 0.09889645
v -0.03301453 -0.0259623 0.09543153
v -0.01278793 0.04000586 0.09716371
v -0.04029862 0.01183305 0.09543199
v 0.02152349 -0.03606577 0.05927337
v 0.01915322 -0.03737853 0.0501848
v 0.01359927 0.03973739 0.09535795
v 0.02157757 -0.03603344 0.07350535
v 0.0179296 0.03798065 0.05414635
v -0.03362357 0.02516855 0.09716401
v 0.001997763 -0.04195246 0.05010276
v 0.02162119 -0.03600728 0.08755272
v 0.006933003 0.04142383 0.0552868
v -0.0412413 -0.007947035 0.09543204
v 0.02170142 -0.03595898 0.05531148
v 0.02159944 -0.03602033 0.07753055
v 0.00199725 -0.04195248 0.09543088
v -0.04124108 -0.007948162 0.05356848
v 0.02148635 -0.0360879 0.06539033
v -0.0396901 0.01373666 0.05356811
v -0.038205 0.01744643 0.09543195
v -0.04180969 0.003993771 0.09543206
v -0.02099973 -0.03637322 0.09889626
v -0.04157241 0.005977877 0.05356818
v -0.03362297 -0.02516935 0.09716404
v -0.006965108 -0.04141844 0.09716432
v -0.03733142 0.01924487 0.05356809
v -0.04029886 -0.01183225 0.05356827
v 0.002995765 -0.04189302 0.05183403
v 0.02150016 -0.03607968 0.06335958
v 0.01176119 -0.04031965 0.09546522
v -0.02270782 0.03533206 0.05356859
v -0.02185928 -0.03586324 0.1006283
v 0.01693854 0.03843287 0.05239579
v 0.02158927 -0.03602643 0.07552013
v -0.03860915 -0.0165328 0.05530056
v -0.0201283 -0.0368626 0.09716414
v -0.0009885151 0.04198837 0.09715008
v 0.01784216 0.0380218 0.05609732
v 0.01442859 0.03944383 0.09368093
v 0.01789445 0.03799722 0.05819883
v 0.01795519 0.03796855 0.06029344
v 0.01800465 0.03794513 0.06236342
v 0.01803414 0.03793112 0.06441055
v 0.01804765 0.03792469 0.0664412
v 0.01805237 0.03792245 0.06846233
v 0.01805397 0.03792168 0.07047899
v 0.01805559 0.03792091 0.07249336
v 0.0180588 0.03791939 0.07450609
v 0.01806449 0.03791667 0.0765173
v 0.01807289 0.03791267 0.07852737
v 0.01808302 0.03790784 0.08053717
v 0.01809559 0.03790184 0.08254656
v 0.01811676 0.03789173 0.08455514
v 0.01814904 0.03787627 0.08656994
v 0.01819076 0.03785626 0.08860204
v 0.01823451 0.03783521 0.09068788
v 0.01820706 0.03784842 0.09304097
v 0.02152826 -0.03606292 0.06132607
v -0.04170313 -0.004984835 0.09716436
v 0.0215228 -0.03606618 0.05723629
v 0.02160732 -0.0360156 0.08355682
v 0.007928126 -0.04124494 0.09543892
v -0.03107864 0.02825098 0.09716398
v 0.0215329 -0.03606015 0.06945807
v -0.03238781 0.02674004 0.097164
v -0.02354193 -0.03478186 0.05183564
v 0.02160861 -0.03601483 0.081551
v 0.02155992 -0.036044 0.07148594
v -0.04104005 0.008928296 0.05530075
v 0.02160571 -0.03601657 0.07954121
v 0.02150525 -0.03607664 0.06742427
v -0.04141854 -0.006964504 0.05530112
v 0.0009985025 -0.04198813 0.05183372
v 0.01263276 0.04005513 0.0935518
v -0.04141871 -0.006963499 0.09716432
v -0.04029868 0.01183286 0.05356809
v -0.03733174 0.01924424 0.09543195
v -0.03969022 -0.01373633 0.05356816
v -0.01373646 0.03969017 0.09543158
v 0.02158075 -0.03603153 0.09154648
v -0.01561037 -0.03899123 0.05356806
v 0.004981196 -0.04170357 0.09369573
v 0.003005828 0.0418923 0.09714525
v -0.002000723 -0.04195232 0.05356439
v -0.02100077 -0.03637262 0.05356788
v -0.01924554 0.03733108 0.09543167
v 0.001011018 0.04198783 0.09714641
v -0.03421239 -0.02436211 0.05356816
v -0.002972102 0.04189471 0.09367945
v -0.03533286 -0.02270658 0.05356819
v -0.006967439 -0.04141805 0.05529847
v 0.01489377 0.03927055 0.05226792
v -0.04056879 0.01087076 0.09369955
v -0.01087038 -0.04056889 0.09716431
v -0.02436295 0.03421179 0.05010403
v -0.03733136 -0.01924498 0.09889635
v -0.02674055 -0.03238739 0.09716385
v -0.02270704 0.03533257 0.09543172
v -0.02898308 -0.03039706 0.09543141
v -0.01653324 0.03860896 0.0936992
v -0.02898363 0.03039653 0.05010398
v -0.03238739 -0.02674055 0.09369882
v 0.01181557 0.04030375 0.05364919
v 0.01992275 -0.0369741 0.05196471
v -0.02898383 0.03039634 0.09543175
v -0.03107811 -0.02825157 0.09369883
v -0.01373686 -0.03969003 0.09543195
v 0.001987268 0.04195296 0.05355733
v -0.009902353 -0.04081597 0.05356766
v -0.04189289 0.002997644 0.09369954
v -0.03533286 -0.02270659 0.09889627
v -0.030397 -0.02898314 0.05356797
v -0.02516992 0.03362254 0.09369917
v -0.02674153 0.03238658 0.05183614
v 0.009861713 -0.04082581 0.09545156
v -0.03238718 -0.02674081 0.05530051
v -0.02186062 0.03586242 0.05530132
v -0.04104027 -0.008927289 0.05530111
v 0.004952265 0.04170701 0.05526926
v 0.00598562 0.04157129 0.09539406
v -0.04104052 -0.008926141 0.09369948
v -0.0386093 0.01653245 0.09369944
v -0.02354085 -0.03478259 0.1006283
v -0.004989726 -0.04170255 0.05529679
v -0.04189295 0.002996774 0.05183596
v -0.0386091 0.01653292 0.05530069
v -0.01653327 0.03860895 0.05530247
v -0.02596218 -0.03301462 0.09889616
v -0.03421311 0.0243611 0.09543179
v 0.009914097 -0.04081312 0.05358807
v -0.001002678 0.04198803 0.0518349
v -0.002000049 0.04195235 0.05010381
v -0.02436294 -0.0342118 0.05356779
v -0.01087049 -0.04056886 0.0518357
v -0.01924543 -0.03733113 0.09543188
v -0.0289835 -0.03039665 0.05356787
v 0.01264588 -0.04005099 0.09376672
v 0.01473565 -0.03933015 0.05548879
v 0.02204244 -0.03575095 0.05363944
v -0.03686327 0.02012708 0.09369935
v -0.01835247 -0.03777813 0.05530038
v -0.0303971 0.02898304 0.05010392
v -0.04056879 0.01087074 0.05530061
v -0.02012928 0.03686207 0.05530145
v 0.01078627 0.04059133 0.0935024
v -0.00498635 -0.04170295 0.09369914
v -0.01183276 -0.04029871 0.05010375
v -0.04195245 -0.001998079 0.05356837
v -0.002996452 -0.04189297 0.09369895
v -0.01373655 0.03969014 0.05357015
v -0.04157231 0.005978522 0.09543207
v 0.01732647 0.03825955 0.09515895
v -0.007945042 0.04124168 0.09542914
v -0.02674132 0.03238675 0.0936993
v -0.02674135 -0.03238673 0.0553002
v 0.01819064 -0.03785632 0.05526034
v -0.04104001 0.008928471 0.0936996
v -0.03860938 -0.01653227 0.09716428
v -0.03969054 -0.01373539 0.09543201
v 0.00891295 0.04104338 0.0553391
v 0.004986891 -0.04170289 0.05183529
v -0.0419525 -0.001996958 0.0954322
v -0.03935206 0.01467703 0.09369955
v -0.006964827 0.04141849 0.05183847
v -0.03777874 -0.01835121 0.05530063
v -0.0323873 0.02674066 0.05183593
v -0.03362289 -0.02516945 0.05530047
v -0.004986731 0.04170291 0.05183809
v 0.006967274 -0.04141808 0.05183853
v -0.0165333 -0.03860894 0.09369923
v 0.02155766 -0.03604535 0.05203094
v -0.004972399 0.04170462 0.0936889
v 0.01448272 -0.03942399 0.09373119
v 0.01283157 -0.03999189 0.05540032
v 0.02022021 -0.03681227 0.09685493
v -0.01087013 0.04056896 0.05183778
v -0.04056932 -0.01086876 0.09369948
v -5.263312e-07 -0.042 0.0954314
v -0.04170301 -0.004985883 0.05530105
v 0.01656554 -0.03859511 0.05550313
v -0.03421247 0.02436199 0.05356806
v -0.0358633 0.02185918 0.05530053
v -0.04141836 0.006965571 0.05530065
v 0.01734998 -0.0382489 0.09523783
v -0.04198807 0.001000989 0.09369971
v -0.04056903 -0.01086987 0.05530083
v -0.0419881 0.0009999382 0.051836
v -0.0393521 -0.01467694 0.05530052
v 0.02167201 -0.03597672 0.09333402
v 0.002994779 -0.04189309 0.09369656
v -0.01835172 0.03777849 0.09369924
v -0.0201293 -0.03686206 0.05530024
v -0.02517033 0.03362223 0.05183616
v -0.01467754 -0.03935187 0.09369938
v -0.03935196 0.01467729 0.05530062
v -0.02825196 -0.03107776 0.05530019
v -0.03586391 0.02185817 0.09369931
v -0.01467698 0.03935208 0.05530315
v -0.03686273 -0.02012806 0.05530059
v -0.03686281 0.02012792 0.05530055
v 0.0200401 -0.03691063 0.06025931
v -0.03777878 0.01835113 0.05530057
v -0.009900372 0.04081645 0.09543079
v 0.008898913 0.04104643 0.0935626
v -0.02354207 0.03478176 0.05183619
v -0.0009652724 0.04198891 0.09366734
v -0.01183199 0.04029893 0.09543136
v -0.04124108 -0.007948158 0.05703423
v -0.04000571 0.01278841 0.09369956
v -0.0363733 -0.02099959 0.09889632
v -0.02750376 -0.03174182 0.09543146
v -0.01467725 0.03935198 0.09369925
v -0.03362326 -0.02516895 0.09369899
v 0.02012401 -0.03686495 0.08653428
v -0.02825215 0.03107758 0.05183613
v -0.008929168 -0.04103986 0.05529957
v -0.04170282 0.004987446 0.09369951
v -0.002997804 0.04189288 0.05183716
v -0.04000568 0.0127885 0.05530059
v 0.02009464 -0.03688096 0.07653953
v -0.02354153 0.03478213 0.09369916
v -0.04157272 -0.005975712 0.09543212
v -0.02354233 0.03478159 0.05530118
v 0.015926 0.03886338 0.05454937
v -0.04000588 -0.01278787 0.05530055
v -0.02436328 0.03421155 0.05356841
v -0.04141875 -0.006963268 0.09369961
v 0.02011627 -0.03686917 0.0825547
v 0.0206252 -0.0365869 0.05377541
v 0.0198889 -0.03699232 0.05586004
v -0.01835222 0.03777825 0.05530174
v 0.02013339 -0.03685983 0.0905827
v 0.02002574 -0.03691842 0.07049526
v 2.201172e-05 0.04199999 0.09540592
v 0.01079185 -0.04058985 0.09373459
v -0.008927853 -0.04104014 0.09716438
v 0.01992041 -0.03697536 0.06639376
v -0.006965011 -0.04141846 0.09369946
v -0.008927459 0.04104023 0.05183823
v 0.01356414 0.03974939 0.09182403
v -0.04180976 0.003993 0.05356819
v -0.02517017 -0.03362235 0.05530011
v -0.01653403 -0.03860862 0.05530039
v -0.01835163 -0.03777854 0.09369934
v 0.01991667 -0.03697738 0.06434251
v -0.03107811 -0.02825157 0.05530042
v -0.03777911 0.01835046 0.0936995
v 0.02101725 -0.0363631 0.09499464
v -0.0218594 -0.03586317 0.09716414
v -0.02100009 0.03637302 0.0954317
v -0.02516919 -0.03362308 0.09716399
v 0.01626808 0.03872144 0.09351399
v 0.01604492 0.03881444 0.05702747
v 0.01612723 0.03878031 0.0592034
v 0.01621783 0.03874251 0.06131652
v 0.01627517 0.03871846 0.06338774
v 0.01630116 0.03870752 0.06543063
v 0.01630948 0.03870402 0.06745704
v 0.01631124 0.03870328 0.06947593
v 0.01631202 0.03870295 0.07149114
v 0.01631455 0.03870188 0.07350373
v 0.01632063 0.03869932 0.07551355
v 0.01633172 0.03869464 0.07752017
v 0.01634773 0.03868788 0.07952409
v 0.0163629 0.03868146 0.08152827
v 0.01637838 0.03867491 0.08352934
v 0.01641681 0.03865861 0.08551968
v 0.01646896 0.03863642 0.08751971
v 0.0165322 0.03860941 0.0895173
v 0.01661963 0.03857185 0.09152548
v 0.01997465 -0.03694609 0.0622971
v -0.04180996 -0.003990858 0.09543219
v 0.01994103 -0.03696424 0.05814305
v 0.02010865 -0.03687333 0.084551
v 0.006952768 -0.04142051 0.09369796
v -0.03039747 0.02898264 0.09543178
v -0.02270762 -0.0353322 0.05356779
v -0.03820477 -0.01744693 0.05703323
v 0.02011945 -0.03686743 0.0805491
v 0.01997913 -0.03694367 0.06845119
v 0.02007761 -0.03689024 0.07453225
v -0.02270655 -0.03533288 0.09889627
v -0.01183279 -0.0402987 0.09543207
v -6.722144e-06 0.042 0.05356426
v -0.04081621 -0.009901371 0.05703398
v 0.004008926 0.04180823 0.09540117
v -0.03478252 0.02354095 0.05530041
v -0.03301485 -0.02596189 0.09196584
v 0.0009990445 -0.04198812 0.09369776
v -0.01373725 -0.0396899 0.053568
v -0.01744748 0.03820452 0.09196648
v -0.0418097 0.003993586 0.09196659
v -0.02596221 -0.0330146 0.09543158
v -0.01924642 -0.03733062 0.05703291
v -0.04124131 -0.007946986 0.09196666
v -1.974932e-06 -0.042 0.05356393
v -0.04157254 -0.005976923 0.0570341
v 0.00399236 -0.04180982 0.05356397
v 0.01170238 -0.04033676 0.09203062
v -0.03478246 -0.02354104 0.05530056
v -0.03586322 -0.02185931 0.05530054
v 0.01378414 0.03967364 0.05392698
v -0.0402987 0.0118328 0.09196686
v -0.03777895 -0.01835077 0.09716429
v 0.02005872 -0.03690051 0.07252084
v -0.01560982 -0.03899145 0.09196618
v -0.0127886 -0.04000565 0.05183582
v -0.0296984 -0.02969857 0.09369882
v -0.03421263 -0.02436178 0.09543186
v -0.01087112 -0.04056869 0.05530008
v -0.03637392 0.02099852 0.0919664
v 0.02015846 -0.03684612 0.08852419
v 0.008893392 -0.04104763 0.09370847
v -0.01183209 0.0402989 0.0535709
v -0.02825218 0.03107755 0.09369938
v -0.02969865 -0.02969832 0.05530029
v -0.03174188 -0.02750369 0.09196585
v 0.02011173 -0.03687165 0.07854235
v -0.00795176 -0.04124039 0.0570314
v -0.003966685 0.04181226 0.0919492
v -0.02270801 0.03533194 0.05703426
v -0.02436263 0.03421202 0.09196638
v 0.01516136 0.03916801 0.09219116
v -0.03174163 -0.02750398 0.0570332
v 0.005896502 0.04158403 0.0569723
v 0.006969275 0.04141774 0.09363521
v 0.01085351 0.04057341 0.055396
v -0.03301511 0.02596156 0.09543178
v 0.003990174 -0.04181003 0.09196008
v -0.01744728 0.03820461 0.05703562
v 0.02001775 -0.03692276 0.09290367
v -0.0382047 0.01744709 0.05703359
v 0.01089437 -0.04056245 0.05533554
v -0.0373313 -0.0192451 0.05703322
v 0.01581425 -0.03890899 0.05742142
v -0.007948705 -0.04124098 0.09543204
v -0.02750451 -0.03174117 0.05703285
v -0.02099984 -0.03637316 0.09543188
v -0.03478325 0.02353988 0.09369932
v -0.01560896 0.0389918 0.05703656
v -0.03107823 0.02825143 0.05183599
v -0.02100099 0.03637249 0.05703435
v 0.0117286 0.04032914 0.09160137
v -0.007947728 0.04124116 0.0535724
v -0.04081599 0.009902253 0.09196686
v -0.003992352 -0.04180982 0.0919657
v -0.04141831 0.00696588 0.09369952
v -0.006958057 0.04141963 0.09369464
v -0.02596297 0.033014 0.09196656
v -0.03478258 -0.02354086 0.09716415
v -0.03899201 -0.01560843 0.09543203
v -0.04000623 -0.01278678 0.09369948
v 0.007877437 0.04125465 0.05701396
v -0.02436192 -0.03421253 0.09889623
v -0.003000479 -0.04189269 0.05529478
v -0.04198814 -0.000997972 0.09369985
v -0.03899173 0.01560913 0.09196669
v -0.02012858 0.03686245 0.09369931
v -0.03301448 0.02596236 0.05356808
v -0.03174226 0.02750326 0.09543181
v -0.03301437 -0.0259625 0.05703314
v -0.0059769 0.04157255 0.05357242
v -0.0156097 0.0389915 0.09196658
v 0.007954854 -0.04123979 0.05357272
v 0.005973065 -0.0415731 0.09195798
v 0.013481 -0.03977766 0.09211839
v 0.01382343 -0.03965997 0.05722677
v 0.01920453 -0.03735219 0.09504126
v -0.04081648 -0.009900263 0.09196661
v -0.0009997594 -0.0419881 0.09369864
v -0.03733179 0.01924415 0.09196663
v -0.04170288 0.004986926 0.05530062
v -0.02186047 -0.03586252 0.05530008
v -0.04081596 0.009902412 0.05703365
v 0.01795249 -0.03796983 0.05731727
v 0.002970413 0.04189483 0.05527609
v -0.04189301 -0.002995908 0.05530092
v 0.001997164 -0.04195249 0.05356396
v 0.0162843 -0.03871462 0.09360444
v -0.04195236 0.001999839 0.09196685
v -0.03820503 0.01744637 0.09196661
v -0.02750471 0.031741 0.0535684
v -0.042 4.546988e-07 0.05356828
v -0.0363733 0.02099959 0.05703333
v -0.03899169 -0.01560924 0.05703314
v -0.002001388 0.04195229 0.05356938
v -0.0127885 -0.04000568 0.09369957
v -0.03533285 0.02270659 0.0570331
v -0.0174483 -0.03820415 0.05703298
v -0.01744739 -0.03820456 0.09196632
v -0.01278742 0.04000602 0.05530412
v -0.005982211 -0.04157178 0.05702913
v -0.001955924 0.04195443 0.09193456
v -0.03899153 0.01560964 0.05703352
v -0.02596319 -0.03301383 0.05703273
v -0.005977287 -0.04157249 0.0919663
v -0.04124087 0.007949265 0.05703361
v 0.01857702 -0.03766821 0.07756172
v -0.008924765 0.04104082 0.09369752
v 0.009809422 0.0408384 0.09164301
v 0.002020601 0.04195137 0.09540081
v 0.005979763 -0.04157214 0.05356651
v -0.02596341 0.03301366 0.05356845
v -0.01278791 0.04000587 0.09369919
v 0.01849435 -0.03770887 0.07156132
v -0.009903468 -0.0408157 0.0570325
v -0.0192461 0.03733079 0.05703481
v -0.03533364 0.02270537 0.09196643
v 0.01861714 -0.0376484 0.08749682
v -0.02969881 0.02969816 0.05183606
v 0.00393385 0.04181537 0.05698201
v -0.0243635 0.0342114 0.05703404
v -0.02825144 -0.03107823 0.09369882
v -0.003993061 0.04180975 0.05357186
v -0.02270714 0.03533251 0.09196644
v -0.02185982 0.03586291 0.09369926
v 0.01834131 -0.03778355 0.06744821
v -0.03039701 -0.02898313 0.05703306
v -0.023542 -0.03478181 0.05530007
v 0.01859882 -0.03765745 0.05928632
v -0.04170316 -0.004984624 0.09369974
v 0.001997673 -0.04195246 0.09196261
v -0.008927889 -0.04104014 0.09369965
v -0.04157273 -0.005975657 0.09196691
v -0.04157236 0.005978207 0.09196658
v -0.01183307 -0.04029862 0.05356788
v -0.009900955 0.04081631 0.05357178
v -0.03969015 0.01373652 0.09196675
v -0.01467809 -0.03935167 0.05530035
v 0.01858161 -0.03766595 0.08355372
v -0.02012835 -0.03686257 0.09369938
v 0.01822819 -0.03783825 0.06532597
v -0.02898372 0.03039645 0.05356832
v 0.01420118 0.03952628 0.05605842
v -0.03733132 0.01924507 0.05703337
v 0.01424625 0.03951005 0.0582055
v 0.01441735 0.03944794 0.06037323
v 0.01452738 0.03940755 0.06246985
v 0.01457485 0.03939002 0.0645261
v 0.01458814 0.0393851 0.06655813
v 0.01459004 0.0393844 0.06858029
v 0.01458907 0.03938475 0.07059766
v 0.0145896 0.03938456 0.07261148
v 0.01459446 0.03938276 0.07462172
v 0.01460627 0.03937838 0.07662722
v 0.01462825 0.03937022 0.07862549
v 0.01466043 0.03935825 0.08061635
v 0.01467388 0.03935324 0.08261536
v 0.0146788 0.0393514 0.08460307
v 0.01477581 0.03931508 0.08654476
v 0.01482156 0.03929785 0.08853951
v 0.01831318 -0.03779719 0.06323874
v 0.0185655 -0.0376739 0.08553613
v -0.02969907 0.0296979 0.09369944
v -0.02674172 0.03238642 0.05530095
v -0.03421299 -0.02436127 0.09196606
v -0.0419524 0.001999015 0.0535682
v 0.01861028 -0.03765179 0.08155663
v -0.02517059 0.03362204 0.05530102
v 0.01843828 -0.03773632 0.06952219
v 0.009851388 -0.0408283 0.09197521
v 0.01854432 -0.03768432 0.07556929
v -0.01278893 -0.04000554 0.05530025
v -0.01835146 0.03777862 0.05876922
v -0.01373689 -0.03969002 0.09196667
v -0.03586317 0.02185939 0.05876641
v -0.005964616 0.04157431 0.09195863
v -0.04104027 -0.008927272 0.05876794
v 0.005010665 0.04170004 0.09365525
v -0.02674054 -0.0323874 0.09369891
v 0.01524053 -0.03913727 0.09199046
v -0.01561061 -0.03899114 0.05703297
v -0.01924568 0.037331 0.09196658
v 0.01860707 -0.03765338 0.07955295
v -0.02436196 -0.0342125 0.09543175
v -0.01924543 -0.03733113 0.09196644
v -0.04141853 -0.006964551 0.05876787
v -0.01086916 0.04056922 0.09369872
v -0.03533283 -0.02270664 0.05703322
v 0.01083266 -0.04057898 0.09023328
v 0.01258207 0.04007108 0.05527926
v -0.02750454 0.03174115 0.09196672
v -0.03820513 -0.01744614 0.09543207
v -0.03039696 -0.02898318 0.09196585
v -0.03686292 -0.02012771 0.09716428
v -0.01373519 0.03969061 0.05703797
v -0.01835264 -0.03777804 0.05876605
v -0.02100092 -0.03637253 0.05703265
v 0.01852337 -0.03769462 0.07357269
v -0.03935251 -0.01467584 0.0936995
v 0.01872587 -0.03759444 0.08943068
v -0.01183359 -0.04029846 0.05703278
v 0.007932993 -0.041244 0.09195832
v -0.0108686 0.04056937 0.05530576
v -0.003999253 -0.04180916 0.05702567
v 0.001042226 0.04198707 0.09365338
v -0.04170285 0.00498719 0.09023299
v -0.02898355 -0.0303966 0.05703285
v -0.03860931 0.01653243 0.09023319
v 6.366884e-05 0.04199995 0.09191261
v 0.00098462 0.04198846 0.0552897
v -0.03637326 -0.02099966 0.05703322
v -0.03362294 0.02516938 0.05530039
v -0.002953942 0.04189599 0.09020734
v -0.03107817 -0.02825151 0.0587664
v -0.02674154 -0.03238657 0.05876585
v -0.02354157 0.0347821 0.09023304
v -0.03969001 0.01373691 0.05703345
v -0.03969025 -0.01373625 0.05703315
v -0.04104002 0.008928442 0.05876727
v 0.01186511 -0.0402892 0.05708642
v 0.009905493 0.04081521 0.05712718
v -0.04141872 -0.006963446 0.09023339
v 0.002993754 -0.04189317 0.09022479
v -0.02436307 -0.0342117 0.05703262
v -0.009901952 -0.04081607 0.09543209
v -0.007948706 -0.04124098 0.09196669
v -0.04000579 0.01278815 0.09023365
v -0.03586339 -0.02185904 0.09716422
v -0.01467756 -0.03935186 0.09023228
v -0.008925357 0.04104069 0.05530743
v -0.0336237 0.02516837 0.09369935
v -0.01653198 0.0386095 0.05877049
v -0.03777873 -0.01835123 0.05876629
v -0.01653335 0.03860892 0.09023334
v -0.03935211 0.01467691 0.0902335
v -0.03174174 0.02750386 0.05356812
v -0.02186074 0.03586235 0.05876794
v -0.02354093 -0.03478253 0.09716411
v 0.01290461 0.03996838 0.0896232
v 0.01490399 0.03926667 0.09045945
v 0.004986721 -0.04170291 0.05529164
v -0.04124087 0.007949249 0.09196668
v 0.01845615 -0.03772758 0.06116106
v -0.04056888 0.01087042 0.09023368
v -0.004986072 -0.04170299 0.09023206
v -0.008931019 -0.04103946 0.05876532
v -0.02516992 0.03362254 0.09023326
v -0.01653328 -0.03860895 0.09023249
v -0.001003719 -0.041988 0.05529298
v -0.038609 0.01653316 0.05876704
v -0.04029919 -0.0118311 0.09196654
v 0.006779043 0.0414493 0.05865493
v -0.04157239 0.00597797 0.05703332
v -0.042 1.498724e-06 0.09196708
v -0.0323877 -0.02674017 0.09023211
v -0.03777864 0.0183514 0.05876707
v -0.04029887 -0.01183222 0.05703336
v -0.04104048 -0.008926314 0.0902332
v -0.001998478 -0.04195243 0.09196534
v -0.03586395 0.02185811 0.09023285
v -0.03107869 0.02825093 0.09369949
v -0.03238718 -0.0267408 0.05876629
v -0.00696277 0.04141883 0.05530822
v -0.01373643 0.03969018 0.09196664
v 0.008939576 -0.04103759 0.05530692
v 0.004983357 -0.04170331 0.09022102
v -0.03478296 -0.02354031 0.09369944
v -0.0418931 -0.002994695 0.09369982
v -0.03686331 0.020127 0.09023311
v 0.01264082 -0.04005259 0.09035689
v 0.00792687 0.04124518 0.09184399
v 0.01473096 -0.03933191 0.05918518
v 0.01809874 -0.03790034 0.0933552
v -0.02825226 0.03107748 0.05530083
v -0.03421235 -0.02436217 0.05703312
v -0.04189294 0.002996921 0.05530066
v -0.04029861 0.01183309 0.0570334
v 0.01675404 -0.03851366 0.05969661
v -0.02012946 -0.03686197 0.05876567
v -0.04180985 -0.003992085 0.05703393
v 0.002994503 -0.04189311 0.05529148
v -0.0418929 0.002997485 0.09023334
v -0.03860919 -0.01653271 0.05876615
v -0.04198812 -0.0009990756 0.05530078
v -0.004965029 0.0417055 0.09022081
v -0.01835189 0.03777841 0.09023337
v 0.01860323 -0.03765528 0.09143386
v -0.02825214 -0.03107759 0.05876586
v -0.001005551 0.04198796 0.05530063
v -0.03421234 0.02436218 0.05703298
v -0.006970733 -0.04141749 0.05876301
v -0.02354257 0.03478143 0.05876771
v -0.02270663 -0.03533283 0.09543183
v -0.0108705 -0.04056886 0.09369963
v 0.004861328 0.04171771 0.05866624
v -0.03362363 -0.02516846 0.09023232
v -0.00299604 -0.041893 0.09023117
v -0.04056874 0.01087093 0.05876699
v -0.03686269 0.02012814 0.05876676
v -0.02516916 -0.0336231 0.09369912
v 0.01697524 -0.03841668 0.08453994
v 0.01070251 0.0406135 0.08960115
v -2.283976e-07 -0.042 0.09196428
v 0.008922154 -0.04104138 0.09020926
v -0.01373757 -0.03968979 0.05703291
v -0.01653425 -0.03860853 0.05876604
v 0.0169327 -0.03843545 0.07264776
v -0.02012898 0.03686223 0.05876858
v -0.03421322 0.02436094 0.09196652
v -0.0009263037 0.04198978 0.09018381
v -0.04141837 0.006965521 0.09023309
v 0.001965817 0.04195397 0.05700715
v -0.02100021 0.03637295 0.09196661
v 0.01688739 -0.03845538 0.07064659
v -0.02898318 -0.03039696 0.09196583
v -0.0377791 0.01835047 0.09023313
v -0.03586318 -0.02185938 0.05876635
v -0.02270777 -0.0353321 0.05703252
v 0.01257706 0.04007266 0.05954602
v -0.04141834 0.006965688 0.05876717
v 0.006969712 -0.04141767 0.0552963
v -0.04198809 0.001000075 0.05530066
v -0.04180997 -0.003990782 0.09196709
v -0.04170315 -0.004984711 0.09023381
v 0.01678563 -0.03849991 0.06860279
v 0.0009985179 -0.04198813 0.09022779
v -0.01278855 -0.04000566 0.09023298
v -0.01467714 0.03935202 0.09023356
v 0.01711477 -0.03835472 0.08848704
v -0.0368627 -0.02012812 0.0587663
v -0.03533318 -0.02270609 0.09543206
v -0.02185942 -0.03586315 0.09369934
v -0.006964956 -0.04141847 0.09023297
v -0.03238791 0.02673992 0.09369942
v -0.03935187 0.01467755 0.05876697
v 0.01659087 -0.03858423 0.06647897
v 0.01692294 -0.03843974 0.06197717
v -0.03039713 0.028983 0.05356822
v -0.02517037 -0.0336222 0.05876563
v 0.01706653 -0.03837621 0.08255173
v -0.02596361 0.03301349 0.05703392
v 0.01279112 0.04000484 0.06167038
v 0.0128729 0.0399786 0.06373337
v 0.01288941 0.03997328 0.06576546
v 0.01289195 0.03997246 0.06779077
v 0.01288805 0.03997372 0.06981184
v 0.01288445 0.03997488 0.07182835
v 0.0128862 0.03997431 0.07384088
v 0.01289642 0.03997102 0.07584948
v 0.01291911 0.03996369 0.0778506
v 0.01296323 0.0399494 0.07983368
v 0.01303882 0.03992479 0.08178664
v 0.01298824 0.03994128 0.0838044
v 0.01294105 0.03995659 0.08578097
v 0.01334084 0.03982489 0.0876088
v 0.0162527 -0.03872789 0.06407182
v 0.01697288 -0.03841772 0.08653195
v -0.02898384 0.03039633 0.09196683
v -0.007942951 0.04124208 0.09196336
v -0.02969879 -0.02969818 0.05876616
v 0.0009964227 -0.04198818 0.05529232
v -0.04056905 -0.01086977 0.05876752
v -0.02185991 0.03586286 0.09023323
v -0.03637318 0.02099981 0.06050092
v 0.01698299 -0.03841325 0.076623
v -0.03478332 0.02353977 0.09023302
v -0.01183291 -0.04029866 0.09196681
v -0.02750378 -0.0317418 0.09196585
v 0.01423734 -0.03951327 0.09061114
v -0.04081624 -0.009901232 0.06050258
v -0.02100075 0.03637263 0.06050292
v -0.01744774 0.0382044 0.08849932
v 0.002929537 0.04189771 0.05871046
v -0.0009995224 -0.0419881 0.09022998
v -0.02099982 -0.03637317 0.09196644
v -0.04124108 -0.007948157 0.0605027
v 0.003038004 0.04188998 0.09364634
v -0.009899502 0.04081666 0.0919655
v -0.01560982 0.03899146 0.08849976
v -0.001936244 0.04195534 0.08846505
v -0.03238723 0.02674075 0.05530044
v -0.02674133 0.03238675 0.09023352
v -0.03860963 -0.01653168 0.09369957
v -0.03107835 -0.0282513 0.09023224
v -0.03733169 -0.01924435 0.09543211
v 0.01216622 0.04019929 0.05726477
v -0.01467488 0.03935286 0.05877249
v 0.01694881 -0.03842835 0.0746487
v -0.0400056 0.01278874 0.05876679
v -0.01924517 0.03733127 0.06050395
v -0.03969063 -0.01373512 0.09196651
v -0.02750479 -0.03174093 0.06049958
v -0.0108719 -0.04056848 0.05876594
v 0.006962434 -0.04141889 0.09021407
v -0.002006609 -0.04195204 0.05702147
v -1.279726e-05 0.042 0.05702892
v -0.002997241 0.04189292 0.0553063
v 0.002082947 0.04194832 0.09188477
v -0.02012873 0.03686237 0.09023345
v 0.01710921 -0.0383572 0.08056067
v -0.0415724 0.005977895 0.08849844
v -0.03478234 0.02354121 0.05876608
v -0.02186066 -0.0358624 0.05876536
v 0.006000931 0.04156908 0.09192636
v -0.0049851 0.0417031 0.05530824
v -0.004995612 -0.04170184 0.0587584
v -0.03478242 -0.0235411 0.05876634
v -0.03820499 0.01744645 0.08849883
v -0.04124084 0.007949396 0.06050179
v -0.007954084 -0.04123994 0.06049887
v -0.01560983 -0.03899145 0.08849728
v -0.03935215 -0.0146768 0.05876623
v -0.02270815 0.03533186 0.06050243
v 0.008720003 0.04108481 0.05874779
v -0.04180975 0.003993087 0.05703346
v -0.03899176 0.01560905 0.08849931
v -0.01373685 -0.03969003 0.0884977
v 0.001994434 -0.04195262 0.08848755
v -0.0410401 0.008928076 0.09023333
v -0.009897426 0.04081716 0.05704326
v -0.0174457 0.03820534 0.06050511
v -0.03969022 0.01373633 0.08849961
v 0.01277513 -0.04000995 0.05882217
v -0.02517079 0.03362189 0.05876758
v -0.02354093 -0.03478253 0.09369924
v 0.01154724 0.04038145 0.08751751
v -0.03733126 -0.01924519 0.06050006
v -0.0402988 0.01183244 0.08849976
v -0.0303972 -0.02898293 0.0605004
v -0.02436266 0.034212 0.08849895
v -0.01835161 -0.03777854 0.09023275
v -0.04056928 -0.01086892 0.09023301
v -0.03478333 -0.02353976 0.09023241
v 0.005977246 -0.0415725 0.05701509
v -0.04198807 0.001000924 0.09023372
v -0.003991898 -0.04180986 0.08849632
v 0.01689209 -0.03845331 0.09181089
v -0.03820459 0.01744732 0.06050149
v -0.03039751 0.0289826 0.09196687
v -0.04124122 -0.007947435 0.08849896
v -0.04081591 0.009902596 0.0605016
v -0.01744848 -0.03820406 0.06049993
v -0.0330152 -0.02596145 0.08849745
v -0.03174172 -0.02750388 0.06050028
v -0.007943547 0.04124197 0.0570454
v 0.009916651 -0.0408125 0.05703963
v 0.003985324 -0.04181049 0.08848434
v -0.02750483 0.03174089 0.05703378
v -0.0419525 -0.00199689 0.09196722
v 0.005733362 0.04160683 0.060329
v -0.03637392 0.02099852 0.08849847
v 0.01194557 -0.04026541 0.08847284
v -0.006955122 0.04142012 0.09022772
v 0.008680138 0.04109325 0.08978956
v -0.01924658 -0.03733054 0.0604996
v -0.02969883 0.02969814 0.05530067
v -0.03362288 -0.02516947 0.05876621
v -0.04170299 -0.004986016 0.05876769
v 0.003989288 -0.04181011 0.05701442
v -0.03820479 -0.01744688 0.06049975
v -0.04180972 0.003993357 0.08849882
v 0.01503413 -0.03921702 0.06165994
v 0.01705644 -0.0383807 0.07858036
v -0.04195244 -0.001998112 0.0570337
v -0.03733118 0.01924533 0.06050131
v -0.003960599 0.04181284 0.08848143
v -0.01182977 0.04029958 0.05704044
v -0.03301434 0.02596254 0.05703301
v -0.03174216 -0.02750337 0.08849758
v -0.009904366 -0.04081548 0.06050015
v -0.02596345 -0.03301362 0.06049937
v -0.03533266 0.02270689 0.06050009
v 0.007550734 0.04131569 0.06030118
v -0.0227072 0.03533247 0.088499
v -0.03899143 0.01560989 0.06050149
v -0.0353336 -0.02270544 0.09196656
v -0.005977197 -0.0415725 0.08849801
v -0.04157268 -0.005975969 0.08849962
v 0.009944812 -0.04080565 0.0884413
v -0.03533366 0.02270535 0.08849851
v 0.01525143 -0.03913303 0.08552631
v -0.01183171 0.04029902 0.0919663
v -0.04029895 -0.01183192 0.06050181
v 0.004074283 0.04180192 0.09187687
v -0.009902043 -0.04081605 0.09196683
v 0.0001129395 0.04199985 0.08843124
v 0.01067354 0.04062112 0.05900343
v -0.03301521 0.02596143 0.09196665
v -0.01467837 -0.03935156 0.05876598
v 0.001118559 0.0419851 0.09014286
v -0.04124095 0.007948828 0.08849875
v -0.03733173 0.01924426 0.08849863
v -0.01744742 -0.03820455 0.08849781
v -0.02969855 -0.02969842 0.09023222
v -0.00598747 -0.04157103 0.06049427
v 0.01530991 -0.03911019 0.07178755
v -0.0235422 -0.03478167 0.05876547
v -0.04157238 0.005978029 0.06050136
v 0.007954987 -0.04123976 0.05702281
v -0.042 4.811723e-07 0.05703347
v 0.003858611 0.04182238 0.06037086
v -0.0418931 -0.002994713 0.09023399
v 0.01523606 -0.03913902 0.06981805
v -8.766424e-07 -0.042 0.0884911
v 0.01532904 -0.03910269 0.07575932
v -0.04170288 0.004986977 0.05876689
v -0.03686259 0.02012833 0.06223706
v 0.0174055 -0.03822366 0.09021588
v -0.03637365 -0.02099899 0.09543207
v -0.0310782 0.02825147 0.0553005
v 0.01349031 -0.03977451 0.06046346
v -0.03637319 -0.02099978 0.06050017
v -0.02596218 -0.03301462 0.091966
v -0.008927937 -0.04104013 0.09023332
v -0.02898385 -0.03039633 0.06049993
v -0.0400059 -0.01278779 0.05876652
v -0.02012823 0.03686264 0.06223988
v 0.01506011 -0.03920705 0.06782695
v 0.01532632 -0.03910376 0.07376044
v 0.01286659 -0.03998063 0.06212545
v 0.01542243 -0.03906595 0.08347289
v -0.01561086 -0.03899104 0.06049975
v -0.0342134 -0.0243607 0.08849776
v 0.01397766 -0.03960587 0.06381215
v -0.03586379 -0.02185838 0.09369972
v 0.01106438 0.04051641 0.06102027
v 0.0111981 0.04047966 0.06305299
v 0.01120106 0.04047884 0.06506637
v 0.01120799 0.04047692 0.06709402
v 0.01119991 0.04047915 0.06912087
v 0.01118803 0.04048244 0.07114125
v 0.01118357 0.04048367 0.07315665
v 0.01119123 0.04048156 0.07517038
v 0.01121257 0.04047565 0.07718413
v 0.01125329 0.04046435 0.0791911
v 0.01133995 0.04044015 0.08115333
v 0.01156603 0.04037607 0.08293336
v 0.01084916 0.04057457 0.08506601
v 0.01469221 -0.0393464 0.06579801
v -0.02825221 0.03107753 0.09023374
v -0.0419524 0.001999058 0.05703348
v -0.0336238 0.02516823 0.09023322
v -0.01087056 -0.04056884 0.09023345
v 0.01177822 -0.04031468 0.06046665
v -0.04056913 -0.01086949 0.06223843
v -0.02825151 -0.03107817 0.09023216
v 0.01388611 -0.03963806 0.08883015
v -0.0192459 0.03733089 0.08849949
v -0.001997959 -0.04195245 0.08849441
v -0.04195237 0.001999721 0.08849931
v 0.004773221 0.04172788 0.06200163
v -0.0410403 -0.008927117 0.06223899
v -0.03238801 -0.0267398 0.08676117
v -0.01373606 0.03969031 0.08849997
v -0.01278933 -0.04000541 0.05876589
v -0.0009245379 0.04198982 0.0867271
v -0.025963 0.03301397 0.08849944
v -0.03899217 -0.01560802 0.09196657
v 0.009352572 0.04094544 0.06052104
v -0.03777927 -0.01835011 0.09369965
v -0.008931388 -0.04103938 0.0622363
v -0.02012836 -0.03686257 0.09023287
v -0.01086323 0.04057081 0.05878036
v -0.04029855 0.0118333 0.0605012
v -0.0243633 -0.03421154 0.06049912
v -0.04141844 0.006965127 0.08676248
v -0.04000621 -0.01278685 0.09023284
v -0.035863 0.02185967 0.06223569
v 0.00199313 -0.04195268 0.05701619
v 0.005970649 -0.04157345 0.08847727
v -0.03899176 -0.01560906 0.06049985
v -0.0183498 0.03777942 0.06224098
v -0.001999644 0.04195237 0.05704179
v -0.008923527 0.04104109 0.09023131
v 0.006580323 0.04148131 0.06199563
v -0.003009483 -0.04189204 0.05875116
v -0.01086807 0.04056951 0.09023265
v 0.01562473 -0.03898548 0.08153837
v -0.0368632 0.02012721 0.08676245
v -0.03362272 0.02516967 0.05876601
v -0.02100113 -0.03637241 0.06049883
v -0.01278733 0.04000605 0.09023339
v -0.03039715 -0.02898298 0.08849763
v 0.006942248 0.04142228 0.09032109
v -0.005972303 0.04157321 0.0570471
v 0.0009958728 -0.04198819 0.08674686
v -0.03777856 0.01835159 0.06223739
v -0.0267419 -0.03238627 0.06223433
v -0.0408161 0.009901819 0.08849923
v -0.02436365 0.03421129 0.06050229
v -0.03860928 0.0165325 0.08676383
v -7.838171e-06 -0.042 0.05701781
v -0.0146775 -0.03935189 0.08676057
v -0.02270658 -0.03533286 0.09196633
v 0.01540208 -0.03907398 0.07770859
v -0.03777902 0.01835064 0.08676303
v -0.03968993 0.01373716 0.06050135
v -0.02969915 -0.02969782 0.06223551
v -0.03174233 0.02750317 0.09196685
v -0.04081635 -0.009900772 0.08849865
v -0.03935213 0.01467685 0.08676409
v -0.03174162 0.02750399 0.05703311
v 0.006961253 -0.04141909 0.0587318
v -0.03686259 -0.02012833 0.06223504
v -0.02674185 0.03238632 0.05876744
v 0.01086977 -0.04056905 0.0587645
v -0.02436188 -0.03421255 0.09196625
v -0.04000589 0.01278784 0.08676467
v 0.007955141 -0.04123973 0.08846198
v -0.007948782 -0.04124096 0.0884987
v -0.04180996 -0.003990929 0.08850001
v -0.005961731 0.04157473 0.08848977
v -0.0310784 -0.02825125 0.0622356
v -0.02969913 0.02969784 0.09023387
v -0.03586415 -0.02185778 0.0902326
v -0.03533398 -0.02270484 0.08849775
v -0.008918936 0.04104208 0.0587839
v -0.01560595 0.038993 0.06050773
v 0.002985199 -0.04189378 0.0867429
v -0.02898375 0.03039642 0.05703353
v -0.0342133 0.02436084 0.08849874
v -0.04198814 -0.0009979989 0.09023405
v 0.01575278 -0.03893392 0.08990401
v -0.01183402 -0.04029834 0.06049983
v 0.01536545 -0.0390884 0.08763651
v 0.009389333 0.04093703 0.08750184
v -0.01835276 -0.03777799 0.06223484
v -0.03533276 -0.02270673 0.06050029
v -0.03301441 -0.02596245 0.0605001
v -0.02354162 0.03478206 0.08676338
v -0.002995251 -0.04189306 0.0867579
v -0.04157252 -0.005977083 0.06050263
v 0.01097999 -0.04053936 0.08663094
v 0.0049783 -0.04170391 0.05872883
v -0.03777871 -0.01835127 0.06223436
v -0.04103997 0.008928675 0.06223787
v -0.04170289 0.004986878 0.0867628
v -0.041893 -0.002996085 0.05876735
v -0.02825256 -0.03107721 0.06223448
v -0.01183273 -0.04029871 0.0884988
v -0.01653381 0.03860872 0.08676441
v -0.04141862 -0.00696405 0.08676386
v -0.002954568 0.04189595 0.0867418
v -0.01278373 0.0400072 0.05877612
v -0.02186061 0.03586243 0.06223878
v 0.0009732128 0.04198872 0.05874932
v 0.01327142 -0.03984808 0.08657559
v -0.0183523 0.03777821 0.08676413
v -0.03362403 -0.02516793 0.08676149
v -0.02516999 0.03362249 0.08676397
v -0.0410403 -0.008927115 0.08676315
v -0.006972959 -0.04141712 0.06223358
v -0.03421206 0.02436258 0.06049974
v -0.03586391 0.02185819 0.08676249
v -0.03860891 0.01653336 0.06223752
v -0.01653339 -0.0386089 0.08676075
v -0.004985939 -0.041703 0.08676117
v -0.01653443 -0.03860845 0.06223467
v -0.04141833 0.006965787 0.06223737
v -0.01183058 0.04029935 0.08849935
v 0.002902882 0.04189956 0.06208384
v 0.01087872 -0.04056666 0.06213846
v -0.01373789 -0.03968968 0.0604997
v -0.04000603 -0.01278739 0.06223691
v -0.003989079 0.04181013 0.05704663
v -0.02100034 0.03637287 0.08849923
v 0.001131346 0.04198476 0.0866865
v -0.04104021 0.008927574 0.08676319
v -0.03039708 0.02898306 0.05703323
v -0.02270796 -0.03533198 0.06049885
v -0.004009555 -0.04180817 0.0604849
v -0.0009995233 -0.0419881 0.08675222
v -0.01924556 -0.03733106 0.08849823
v -0.03733115 0.01924539 0.06397554
v -0.02517065 -0.03362199 0.06223387
v -0.03969033 -0.01373599 0.06050067
v -0.04198811 -0.0009992202 0.05876693
v 0.001947783 0.04195481 0.06044973
v -0.03238802 0.02673979 0.0902335
v 0.01365826 -0.03971715 0.07099181
v -0.03586306 -0.02185958 0.06223533
v -0.0368633 -0.02012702 0.09369964
v -0.0389917 0.0156092 0.08502673
v 0.009890708 -0.04081879 0.06045087
v -0.02674055 -0.03238739 0.0902322
v -0.03421233 -0.0243622 0.06050028
v 0.0118496 -0.04029376 0.06378079
v 0.01354275 -0.03975668 0.06911016
v 0.01364915 -0.03972028 0.08424584
v 0.0155962 -0.03899691 0.07959548
v 0.01366523 -0.03971475 0.07491489
v 0.008930943 -0.04103947 0.05874336
v -0.02750462 0.03174107 0.08849981
v -0.009902085 -0.04081603 0.08849893
v 0.00958286 0.04089216 0.06246158
v 0.009496265 0.04091236 0.0644239
v 0.009528318 0.0409049 0.06646544
v 0.009515201 0.04090796 0.06850169
v 0.009486449 0.04091463 0.07052519
v 0.009468871 0.04091871 0.07254203
v 0.009472219 0.04091793 0.07455858
v 0.009496423 0.04091232 0.07658269
v 0.0095383 0.04090258 0.07862723
v 0.009610477 0.04088568 0.08071456
v 0.009822723 0.04083521 0.08289001
v -0.02186002 0.03586279 0.08676363
v 0.008928178 -0.04104007 0.08669566
v -0.04170311 -0.00498503 0.08676481
v -0.01467738 0.03935193 0.08676545
v -0.02012898 0.03686223 0.0867641
v -0.03637406 -0.02099828 0.09196687
v -0.02012946 -0.03686197 0.06223435
v -0.01087203 -0.04056845 0.06223564
v -0.0174485 0.03820406 0.08502708
v -0.04029906 -0.01183157 0.08849821
v -0.03478379 -0.02353908 0.0867615
v -0.04189291 0.002997312 0.08676331
v -0.02436272 0.03421195 0.08502626
v -0.0259637 0.03301343 0.06050218
v -0.04124103 -0.007948413 0.08502604
v -0.005002793 -0.04170098 0.06222508
v -0.03935254 -0.01467575 0.09023281
v 0.008177722 0.04119618 0.06183008
v -0.02185942 -0.03586315 0.09023278
v 6.406099e-05 0.04199995 0.08500004
v -0.03478205 0.02354165 0.06223466
v -0.04124105 0.007948331 0.08502458
v -0.02354261 0.03478139 0.06223855
v 0.003173649 0.04187992 0.09008373
v -0.03637306 0.02100002 0.06397409
v 0.00298539 -0.04189376 0.05873159
v 0.002209806 0.04194183 0.08835186
v 0.004963565 -0.04170567 0.08673787
v -0.01182199 0.04030187 0.06051948
v -0.03860925 -0.01653257 0.0622343
v -0.01924373 0.03733201 0.06397908
v -0.007941281 0.04124241 0.088495
v 0.005705559 0.04161065 0.06360249
v -0.001015197 -0.04198773 0.05874247
v -0.009897628 0.04081712 0.08849762
v -0.03478334 0.02353973 0.08676265
v 0.01397872 -0.0396055 0.08225793
v -0.03935178 0.0146778 0.06223745
v 0.006888962 0.04143117 0.08814217
v 0.009804966 -0.04083947 0.08490247
v -0.006954122 0.04142029 0.05878837
v -0.04157247 0.005977463 0.08502458
v -0.03969028 0.01373614 0.08502771
v -0.01835199 -0.03777836 0.08676186
v -0.03820456 0.0174474 0.06397573
v -0.001996984 -0.0419525 0.08501341
v -0.04189294 0.002996868 0.05876685
v -0.02596384 -0.03301332 0.06397036
v 0.00812497 0.04120661 0.08513229
v -0.040569 0.01086996 0.08676402
v 0.01369062 -0.03970601 0.07293057
v -0.036373 -0.02100012 0.06397196
v -0.02516914 -0.03362313 0.09023249
v -0.01278846 -0.04000569 0.08676119
v -0.03733159 0.01924454 0.08502491
v -0.04180976 0.003992974 0.06050113
v -0.02825228 0.03107746 0.05876715
v -0.03238701 0.02674101 0.05876614
v -0.03107853 -0.0282511 0.08676144
v -0.03107879 0.02825082 0.09023386
v -0.0267415 0.03238661 0.08676456
v -0.04056867 0.01087119 0.06223742
v 0.005954494 -0.04157576 0.06042921
v 0.006937492 -0.04142308 0.086728
v -5.066095e-07 -0.042 0.08500327
v -0.03820538 -0.01744559 0.09196671
v -0.04141852 -0.006964642 0.06223926
v 0.005182488 0.04167903 0.09006752
v -0.01561064 0.03899113 0.08502852
v 0.01363793 -0.03972414 0.07696151
v -0.0419525 -0.001996944 0.0885001
v 0.00793871 -0.0412429 0.06043898
v -0.006965217 -0.04141842 0.08676243
v -0.00496342 0.04170569 0.08674849
v -0.01467863 -0.03935147 0.06223453
v -0.03039763 -0.02898248 0.06397293
v 0.01269471 -0.04003554 0.06547211
v -0.02898398 0.0303962 0.08850013
v -0.03637438 -0.02099772 0.08849754
v -0.01924651 -0.03733057 0.06397138
v -0.00194931 0.04195474 0.08500496
v -0.03301554 -0.02596101 0.08502275
v -0.009888157 0.04081941 0.0605243
v -0.01652887 0.03861083 0.06224362
v 0.001989754 -0.04195284 0.08499309
v -0.03301534 0.02596126 0.08849914
v -0.042 1.456433e-06 0.08849995
v -0.04029908 -0.01183149 0.06397585
v 0.01325577 -0.03985329 0.06726556
v -0.04081634 -0.009900832 0.0639772
v -0.04198809 0.0009999409 0.05876688
v -0.04170289 0.004986888 0.06223687
v -0.03238731 -0.02674065 0.06223528
v -0.01560981 -0.03899146 0.08502117
v -0.04056905 -0.01086978 0.08676231
v -0.03733116 -0.01924538 0.06397066
v -0.02898327 -0.03039688 0.08849751
v -0.04180982 -0.003992379 0.06050224
v -0.02750535 -0.03174044 0.06397052
v -0.01278681 0.04000622 0.08676553
v -0.007951853 -0.04124037 0.06397532
v -0.01372974 0.0396925 0.06051281
v -0.001000263 0.04198809 0.05877766
v -0.04124078 0.007949721 0.06397594
v 0.01176759 -0.04031779 0.08470797
v -0.009903153 -0.04081578 0.06397447
v -0.02270727 0.03533242 0.08502605
v -0.0415726 -0.005976518 0.08502775
v -0.02100029 0.0363729 0.06397751
v 0.003851824 0.041823 0.06362642
v -0.003991705 -0.04180988 0.08502132
v -0.03637377 0.02099878 0.08502438
v -0.01373667 -0.0396901 0.08502203
v -0.03174236 -0.02750314 0.08502299
v -0.03301401 0.02596295 0.06049987
v -0.04081581 0.009903026 0.06397591
v -0.01744855 -0.03820403 0.06397133
v -0.02898436 -0.03039583 0.0639719
v -0.03686367 -0.02012635 0.09023323
v -0.004974737 0.04170434 0.05879103
v -0.0127896 -0.04000532 0.06223452
v 0.002057046 0.0419496 0.08497766
v -0.04081624 0.009901242 0.085026
v -0.002023495 -0.04195123 0.06046987
v -0.02354235 -0.03478157 0.06223358
v -0.03820489 0.01744667 0.08502547
v 0.007853721 -0.04125917 0.08497404
v -0.021 -0.03637307 0.08849825
v -0.0243635 -0.0342114 0.0639698
v -0.03935225 -0.01467653 0.06223545
v -0.04195243 -0.001998465 0.06050152
v 0.01433566 -0.0394777 0.08058241
v -0.02750382 -0.03174177 0.08849734
v -0.03478235 -0.0235412 0.06223553
v -0.03533261 -0.02270698 0.06397251
v 0.009822316 -0.0408353 0.06376107
v 0.0009845757 -0.04198846 0.05873532
v -0.00298706 0.04189364 0.05878901
v -0.02354091 -0.03478255 0.0902326
v -0.0009965096 -0.04198818 0.08326035
v -0.04000551 0.01278901 0.06223708
v 0.01197608 -0.04025635 0.07028281
v -0.03777881 0.01835106 0.0832846
v -0.03860914 0.01653282 0.08328571
v -0.02100098 -0.0363725 0.06397
v 0.0120329 -0.0402394 0.07403717
v -0.03421384 -0.02436007 0.08502309
v -0.03969048 -0.01373556 0.06397346
v 0.007691307 0.04128975 0.0637054
v 0.007857116 0.04125852 0.06587236
v 0.007836196 0.0412625 0.06791583
v 0.007773437 0.04127437 0.06993127
v 0.007728935 0.04128273 0.07194393
v 0.007720673 0.04128427 0.07396061
v 0.007750338 0.04127871 0.07598409
v 0.007808061 0.04126783 0.07802911
v 0.007875215 0.04125507 0.08013194
v 0.007957482 0.04123928 0.08238068
v -0.01744753 -0.0382045 0.08502099
v 0.008897487 -0.04104674 0.06212006
v -0.04189309 -0.00299481 0.08676502
v 0.01384276 -0.03965322 0.07891647
v -0.005986761 -0.04157113 0.06397099
v 0.01204757 -0.04023501 0.07211674
v -0.04157237 0.005978141 0.06397486
v -0.02100057 0.03637274 0.08502624
v -0.0192464 0.03733063 0.08502693
v -0.03586279 -0.02186001 0.06571187
v -0.03969053 -0.01373543 0.08849791
v -0.03586456 -0.0218571 0.0867611
v -0.02517081 0.03362187 0.06223853
v -0.04180975 0.003993122 0.08502503
v -0.02354164 0.03478205 0.08328576
v -0.02750481 0.03174091 0.0605019
v -0.04180994 -0.0039911 0.08502828
v -0.003026455 -0.04189082 0.06220631
v -0.03174202 -0.02750353 0.06397268
v -0.01183398 -0.04029835 0.0639716
v -0.02270809 0.03533189 0.06397704
v -0.02012729 0.03686315 0.0657198
v -0.03533234 0.02270739 0.0639717
v -0.04104033 0.008927006 0.08328418
v -0.01744274 0.03820668 0.0639811
v -0.03686266 0.02012819 0.06571605
v -0.008925939 -0.04104056 0.0657175
v -0.03107803 0.02825166 0.05876637
v 0.003966179 -0.04181231 0.06043143
v -0.03820481 -0.01744684 0.06397012
v 0.002032359 0.0419508 0.06386176
v -0.0218607 -0.03586237 0.06223345
v -0.04081607 -0.009901925 0.08502469
v -0.006952741 0.04142052 0.08675468
v -0.005977881 -0.04157241 0.08502404
v -0.04000596 -0.01278761 0.08676149
v -0.007931567 0.04124428 0.06053118
v 0.01226825 -0.04016827 0.08266126
v -0.04029892 0.01183204 0.08502719
v 0.006914361 -0.04142694 0.0621128
v 0.008694244 -0.04109027 0.0832341
v -0.04141853 0.006964578 0.08328338
v -0.03935212 0.01467687 0.08328762
v -0.02012891 -0.03686227 0.08676216
v -0.03899136 0.01561006 0.06397588
v -0.03533361 0.02270542 0.08502425
v -0.0009296767 0.04198971 0.08327789
v -0.03039769 0.02898241 0.08850027
v 1.947839e-06 0.042 0.06050975
v 0.01067479 -0.04062079 0.06534857
v -0.0165333 -0.03860894 0.08327829
v -0.0146772 -0.039352 0.08327932
v -0.02596223 -0.03301458 0.08849738
v -0.03238826 -0.02673949 0.08328121
v -0.02969875 0.02969822 0.05876664
v -0.03362231 0.02517023 0.06223464
v -0.03733203 -0.01924369 0.09196672
v -0.02596319 0.03301382 0.08502738
v -0.04103983 0.008929283 0.06571759
v -0.01087056 -0.04056884 0.08676221
v 0.0119254 -0.04027139 0.07612313
v -0.02969863 -0.02969834 0.08676139
v -0.01561097 -0.03899099 0.06397115
v -0.04029843 0.01183371 0.06397535
v -0.03362291 -0.02516943 0.06223548
v 0.001006853 0.04198793 0.0622168
v -0.03860975 -0.0165314 0.09023296
v -0.02012929 -0.03686206 0.06570991
v -0.04124111 -0.007948028 0.06397821
v -0.04195241 0.0019988 0.06050113
v -0.002994955 -0.04189308 0.08327668
v -0.04000624 -0.01278674 0.06571527
v -0.03686299 0.02012758 0.08328353
v -0.04056932 -0.01086877 0.06571776
v -0.003959457 0.04181295 0.08500355
v 0.003267809 0.04187268 0.08652637
v -0.0282525 0.03107726 0.08676502
v -0.01653529 0.03860808 0.08328813
v 0.005916625 -0.04158117 0.08498079
v -0.0118327 -0.04029873 0.08502273
v -0.0317425 0.02750297 0.08849969
v 0.0009994626 -0.04198811 0.08324044
v -0.04198807 0.001000873 0.08676408
v -0.0368639 -0.02012593 0.08676047
v 0.0118364 -0.04029764 0.06855796
v -0.01084842 0.04057477 0.06227211
v -0.02517013 0.03362238 0.08328735
v -0.04104002 -0.00892842 0.08328471
v -0.042 1.273475e-07 0.06050126
v -0.04189297 0.002996565 0.0622367
v -0.02517098 -0.03362175 0.06570844
v -0.01466955 0.03935485 0.06224864
v -0.0368624 -0.02012867 0.06570977
v -0.03362392 0.02516807 0.08676314
v 0.004715827 0.04173441 0.06497365
v -0.04170295 -0.004986361 0.062239
v -0.02674256 -0.03238573 0.06570854
v -0.01086635 0.04056997 0.08676367
v -0.01277322 0.04001056 0.06225972
v 0.01052869 -0.04065891 0.08305362
v -0.01373645 0.03969018 0.08503055
v 0.003964792 -0.04181244 0.08498609
v -0.02969978 -0.02969719 0.06571246
v -0.03174133 0.02750433 0.06050022
v -0.01835321 0.03777777 0.08328713
v 0.006216815 0.04153735 0.06540165
v -0.03107894 -0.02825066 0.06571267
v -0.01834746 0.03778056 0.06572131
v -0.006963576 -0.0414187 0.06571878
v -0.03777864 0.01835142 0.0657169
v 0.004927858 -0.04170991 0.06211078
v 0.00104797 0.04198692 0.08328533
v -0.03362442 -0.02516741 0.08328161
v -0.04141826 0.006966201 0.0657162
v -0.03039715 -0.02898298 0.08502278
v -0.01835257 -0.03777808 0.06571082
v -0.03733231 -0.01924314 0.08849821
v -0.04141848 -0.006964903 0.0832878
v -0.04056866 -0.01087125 0.08328238
v -0.00595359 0.04157589 0.06053977
v 0.01140712 -0.04042125 0.06689642
v -0.008928119 -0.04104009 0.08676281
v -0.02186043 0.03586254 0.06571859
v -0.04056915 0.01086942 0.08328683
v -3.015748e-05 -0.04199999 0.0604524
v 0.01037799 -0.04069763 0.0713319
v -0.003966505 0.04181228 0.06054265
v 0.004404841 0.04176838 0.08821074
v -0.0089203 0.04104179 0.08675978
v 0.006843489 -0.04143871 0.08320907
v -0.02270674 -0.03533276 0.08849793
v -0.01373803 -0.03968963 0.06397098
v -0.02270796 -0.03533198 0.06396962
v -0.03899186 -0.01560881 0.06397144
v -0.03533445 -0.02270411 0.08502254
v 0.01275669 -0.04001583 0.08064135
v -0.02825148 -0.03107819 0.08676101
v 0.005558899 0.0416305 0.08613043
v -0.03421229 -0.02436226 0.06397277
v -0.01835192 -0.03777839 0.08327768
v -0.03777952 -0.0183496 0.09023295
v -0.009902249 -0.040816 0.08502384
v -0.03968982 0.01373747 0.06397569
v -0.03820467 0.01744715 0.08154068
v 0.007826242 -0.04126439 0.06376483
v -0.0118045 0.04030699 0.06401658
v -0.03935244 -0.01467602 0.06571179
v -0.02825327 -0.03107656 0.06571056
v -0.004016012 -0.04180755 0.06395586
v -0.01467924 0.03935124 0.08329063
v -0.04189296 -0.002996607 0.06223819
v -0.007949434 -0.04124084 0.0850242
v -0.02186017 0.0358627 0.08328557
v 0.006175711 0.04154348 0.06732317
v 0.006048731 0.04156216 0.06928211
v 0.005953547 0.0415759 0.07127604
v 0.005919706 0.04158073 0.07329503
v 0.005942854 0.04157743 0.07532621
v 0.006031217 0.0415647 0.07735491
v 0.006135812 0.04154939 0.07941236
v 0.006187134 0.04154178 0.08152992
v -0.01924601 -0.03733083 0.08502189
v 0.00611986 0.04155174 0.08378259
v -0.02354243 -0.03478152 0.06570794
v -0.04198814 -0.0009980036 0.08676494
v 0.003132391 0.04188303 0.06540326
v -0.03478219 -0.02354144 0.0657127
v -0.04180978 0.003992764 0.06397436
v 0.004564341 0.04175125 0.06661563
v -0.04029871 -0.01183275 0.08502314
v -0.007938705 -0.0412429 0.06746549
v -0.02674176 0.03238639 0.06223834
v -0.04170293 0.004986522 0.08328344
v -0.03039685 0.02898329 0.06050059
v -0.0419525 -0.0019969 0.08502798
v -0.001046221 -0.04198697 0.06217533
v 0.0001659455 0.04199967 0.08158423
v -0.01924248 0.03733265 0.06746581
v -0.03935236 -0.01467624 0.08676103
v -0.02436366 0.03421129 0.06397718
v -0.02898307 -0.03039707 0.08502291
v -0.004990794 -0.04170242 0.06571389
v -0.03586305 0.0218596 0.06571431
v 0.01042181 -0.04068643 0.07313605
v -0.001974903 0.04195354 0.06053673
v -0.03860892 0.01653333 0.06571749
v 0.005848542 -0.0415908 0.06376709
v -0.01087 -0.04056899 0.06571417
v 0.002812894 0.0419057 0.08339403
v -0.009858768 0.04082652 0.06403853
v -0.03777863 -0.01835143 0.06570822
v -0.03899215 -0.01560808 0.08849799
v 0.007802492 -0.04126889 0.08141448
v -0.01182978 0.04029958 0.08502953
v -0.04000599 0.01278753 0.08328784
v -0.03733138 0.01924495 0.06746199
v -0.03899161 0.01560943 0.08154355
v -0.02185993 -0.03586284 0.08676192
v -0.03733133 0.01924505 0.08153907
v -0.03421339 0.0243607 0.08502465
v 0.01175535 -0.04032136 0.07858763
v -0.01560046 0.0389952 0.06398649
v -0.03238764 -0.02674025 0.06571246
v -0.03478425 -0.02353839 0.08328106
v -0.02674059 -0.03238736 0.08676053
v -0.04170288 0.004986971 0.06571506
v -0.02898363 0.03039653 0.06050137
v 0.001970068 -0.04195377 0.06044006
v 0.0001262804 0.04199981 0.0640269
v -0.03421158 0.02436325 0.06397071
v -0.03107864 -0.02825098 0.08328129
v -0.04056849 0.01087187 0.06571743
v -0.008900062 0.04104618 0.06227944
v -0.01653432 -0.0386085 0.06571012
v -0.02750501 0.03174074 0.08502789
v -0.01561376 0.03898988 0.08154679
v -0.0243637 -0.03421126 0.06744953
v -0.02436197 -0.03421249 0.08849775
v -0.03301453 -0.02596229 0.06397243
v 0.008667215 -0.04109598 0.0653647
v -0.0227073 0.0353324 0.08154106
v -0.04104041 -0.008926628 0.06572007
v -0.04198811 0.0009994324 0.06223686
v -0.03969072 -0.01373486 0.06745709
v -0.004987561 -0.04170281 0.08328314
v -0.03586378 0.02185839 0.08328274
v -0.04029935 -0.01183057 0.06746113
v -0.002942648 0.04189679 0.08325878
v -0.0201294 0.036862 0.08328595
v -0.01278807 -0.04000582 0.08327987
v -0.01924619 -0.03733074 0.06745347
v -0.03777962 -0.01834939 0.08676066
v -0.04124065 0.007950376 0.06746243
v -0.02898523 -0.03039501 0.06745504
v -0.03637477 -0.02099705 0.08502154
v -0.01560964 -0.03899153 0.08153181
v -0.02969957 0.0296974 0.08676564
v -0.04124115 0.007947792 0.08153819
v 6.091873e-06 -0.042 0.08149146
v -0.02436276 0.03421193 0.08154316
v -0.0419881 -0.0009998187 0.06223714
v 0.0102499 -0.04073008 0.06963248
v -0.04195237 0.001999637 0.08502583
v -0.04170308 -0.004985329 0.0832892
v -0.005956057 0.04157554 0.08500676
v 0.001292644 0.0419801 0.06573506
v -0.03533232 -0.02270743 0.06745606
v -0.03039847 -0.02898159 0.06745622
v -0.03301584 -0.02596063 0.08153568
v -0.04081571 -0.009903415 0.08153847
v 0.002937209 -0.04189717 0.06212007
v -0.04157248 -0.005977339 0.06397842
v -0.03637273 -0.02100059 0.06745301
v -0.02100004 0.03637305 0.06746414
v -0.03238823 0.02673953 0.08676393
v -0.0218606 -0.03586243 0.06570795
v -0.02596452 -0.03301278 0.06744929
v -0.0137206 0.03969566 0.06399726
v 0.009457682 -0.04092129 0.0816194
v 0.002981705 -0.04189403 0.08322235
v -0.0323866 0.02674151 0.06223529
v -0.01745014 0.03820331 0.08154394
v -0.03637334 0.02099952 0.06745945
v 0.01033581 -0.04070837 0.07505819
v -0.009898028 -0.04081702 0.06745962
v -0.001996774 -0.04195251 0.08152387
v -0.01652399 0.03861292 0.06572575
v -0.03174257 -0.02750289 0.08153596
v -0.04081559 0.009903929 0.06746332
v -0.02674183 0.03238633 0.08328832
v -0.03733249 -0.0192428 0.08502077
v -0.001896014 0.04195718 0.08153406
v -0.01744773 -0.03820441 0.08153153
v -0.04081635 0.009900787 0.08154099
v -0.04124083 -0.00794945 0.08154293
v -0.02100078 -0.03637261 0.06745039
v -0.005961001 -0.04157483 0.06747009
v -0.007895079 0.04125128 0.0640507
v 0.01101623 -0.04052953 0.08095642
v 0.002417216 0.04193038 0.08158565
v -0.004938965 0.04170859 0.06230122
v 0.005923854 -0.04158014 0.08140806
v 0.0009412555 -0.04198945 0.0621416
v -0.0137408 0.03968867 0.08155171
v -0.03860932 -0.01653239 0.06570924
v -0.006928562 0.04142457 0.0622909
v -0.03820548 -0.01744537 0.08849782
v -0.0317426 -0.02750286 0.06745645
v -0.02354267 0.03478136 0.06571891
v -0.0009447218 0.04198937 0.06228575
v -0.02270786 -0.03533204 0.06744948
v -0.002934922 0.04189733 0.0623068
v -0.03820472 0.01744705 0.06746312
v -0.02750618 -0.03173972 0.06745198
v -0.02100077 0.03637262 0.081541
v -0.03899201 -0.01560842 0.06745246
v 0.008828722 -0.04106158 0.07229523
v -0.01081476 0.04058375 0.06579272
v -0.01278801 0.04000584 0.08329384
v -0.0415723 0.005978605 0.06746015
v -0.002048057 -0.04195004 0.06391872
v -0.03362294 -0.02516938 0.06571295
v -0.04180976 -0.003992987 0.06397761
v -0.01744843 -0.03820409 0.06745507
v 0.004107422 0.04179867 0.084629
v -0.03107905 0.02825053 0.08676491
v 0.004409664 0.04176787 0.08258314
v 0.004933064 -0.04170929 0.08320864
v -0.03421218 -0.0243624 0.06745715
v -0.0400055 -0.01278905 0.08327977
v -0.03421421 -0.02435955 0.08153568
v 0.004323257 0.0417769 0.06846188
v 0.004133536 0.0417961 0.07042916
v 0.004054894 0.0418038 0.07246482
v 0.004057572 0.04180354 0.07453077
v 0.004122541 0.04179718 0.07660174
v 0.00436206 0.04177287 0.07860661
v -0.03969019 -0.01373641 0.08502178
v -0.042 1.538529e-06 0.08502724
v -0.01087051 -0.04056886 0.08328048
v -0.04195244 0.001998266 0.06397433
v -0.008851697 0.04105664 0.06582242
v 0.01006076 -0.04077721 0.07719779
v 0.009315728 -0.04095384 0.07956209
v -0.02825207 0.03107765 0.06223778
v -0.04157253 0.005976998 0.08153762
v -0.03107769 0.02825203 0.06223579
v 0.01024696 -0.04073082 0.06812389
v -0.01743948 0.03820817 0.06746881
v -0.03686297 0.02012764 0.06921079
v -0.00186006 0.04195879 0.06408433
v -0.02969866 -0.02969831 0.08327969
v -0.003020574 -0.04189124 0.06568862
v 0.007036564 -0.04140636 0.079618
v -0.008916465 -0.04104262 0.06921105
v -0.01183245 -0.0402988 0.06745552
v -0.02825424 -0.03107568 0.06920125
v 0.006700499 -0.04146207 0.06540815
v 0.003870179 -0.04182131 0.0637654
v -0.02354163 0.03478206 0.079793
v -0.003995627 -0.04180951 0.0815399
v -0.03533278 0.02270671 0.06745792
v -0.009894633 0.04081784 0.08502483
v 0.004456608 0.04176289 0.08063335
v -0.04141816 0.006966787 0.06921145
v -0.03935169 0.01467803 0.06571763
v -0.03478199 -0.02354174 0.06920595
v -0.02825297 0.03107683 0.08328805
v -0.02898456 0.03039565 0.08502844
v -0.03969033 0.01373601 0.08154529
v -0.03860898 0.0165332 0.07979341
v 0.001168809 0.04198373 0.07990603
v -0.02354121 -0.03478234 0.08676094
v -0.03637359 0.0209991 0.08153732
v -0.0330156 0.02596094 0.08502568
v -0.01467863 -0.03935146 0.06571049
v -0.0386097 -0.01653151 0.086761
v -0.03238852 -0.02673918 0.07978506
v -0.02354242 -0.03478153 0.06919499
v -0.01278925 -0.04000544 0.06571086
v 0.009440356 -0.04092529 0.06686225
v -0.020129 -0.03686222 0.08327681
v -0.02517156 -0.03362131 0.06919386
v -0.03586503 -0.02185634 0.08327951
v -0.02750376 -0.03174182 0.08502129
v -0.041893 0.002996147 0.06571487
v -0.001000352 -0.04198809 0.07975787
v -0.04103964 0.008930152 0.06921362
v -0.02596344 0.03301363 0.08154506
v -0.01275547 0.04001622 0.06575929
v -0.04000537 0.01278948 0.06571709
v -0.03820549 -0.01744537 0.0850207
v -0.0251693 -0.033623 0.08676079
v -0.0008386554 0.04199163 0.07988291
v -0.006966872 -0.04141814 0.08328303
v -0.01835234 -0.03777819 0.06920255
v -0.04081654 -0.009899993 0.06746524
v 0.00865425 -0.04109871 0.07053336
v 0.00876839 -0.04107451 0.07403841
v -0.0347819 0.02354187 0.06571178
v -0.04029904 0.01183162 0.08154367
v -0.0347834 0.02353965 0.0832827
v -0.03733097 -0.01924574 0.06745046
v -0.04000649 -0.01278597 0.06920799
v -0.0192464 -0.03733063 0.08153004
v -0.007936039 0.04124342 0.08501636
v -0.03301475 -0.02596202 0.06745725
v -0.01924709 0.03733027 0.08154173
v -0.003916026 0.04181704 0.08147733
v -0.008928851 -0.04103993 0.0832819
v -0.02012727 0.03686317 0.06921509
v -0.04157254 -0.005976939 0.08154699
v 0.002003288 -0.0419522 0.08145439
v -0.04195239 -0.001999245 0.06397597
v -0.02012903 -0.0368622 0.06919827
v -0.04189292 0.002997218 0.08328449
v -0.04189309 -0.002994767 0.0832888
v -0.00494747 0.04170758 0.08324821
v -0.0006978713 0.0419942 0.06588176
v -0.01373629 -0.03969023 0.08153266
v -0.04029821 -0.01183446 0.08153468
v -0.02970092 -0.02969605 0.06920392
v -0.02100058 -0.03637273 0.08502155
v -0.02596358 0.03301352 0.06397725
v -0.01468514 0.03934904 0.07980372
v -0.04141853 -0.006964604 0.06572141
v -0.03586252 -0.02186046 0.06920197
v -0.02270823 0.03533181 0.06746451
v -0.04104038 0.008926747 0.07978926
v -0.04103978 -0.008929535 0.07979178
v -0.01466013 0.03935836 0.06573598
v -0.03362466 -0.02516709 0.07978528
v 0.002691044 0.0419137 0.06728319
v -0.03301354 0.02596355 0.063972
v -0.01653813 0.03860687 0.0797963
v -0.01653359 -0.03860881 0.07977949
v -0.0414186 0.006964154 0.07978708
v -0.006939995 -0.04142266 0.06921954
v -0.03777892 0.01835083 0.06921328
v -0.01834668 0.03778094 0.06921666
v -0.03039729 -0.02898284 0.08153466
v -0.02186011 0.03586273 0.07979137
v -0.03777857 0.01835156 0.07979035
v -0.03899195 -0.01560859 0.08502133
v -0.03686427 -0.02012525 0.08327772
v -0.0402982 0.01183449 0.06746396
v -0.03935261 -0.01467556 0.06920137
v 0.001009603 -0.04198786 0.07969401
v -0.01467709 -0.03935204 0.0797803
v -0.04056824 -0.0108728 0.07978636
v -0.01086738 -0.04056969 0.0692047
v -0.04180977 0.003992842 0.06745916
v 0.004997082 -0.04170167 0.07961675
v -0.02186031 -0.03586261 0.06919601
v 0.00397636 -0.04181134 0.0814238
v -0.0358634 0.02185901 0.06920729
v -0.005907064 0.04158253 0.06406343
v -0.03362301 -0.02516929 0.06920717
v -0.02674338 -0.03238506 0.06919694
v -0.03820479 -0.01744689 0.0674496
v -0.02970012 0.02969685 0.08328803
v -0.02517079 0.03362189 0.06571951
v -0.03107986 -0.02824964 0.06920589
v -0.03899138 0.01560999 0.06746418
v -0.003004284 -0.04189241 0.07978968
v -0.02969846 0.02969851 0.06223685
v -0.02186067 0.03586239 0.06921479
v -0.002841692 0.04190376 0.07970118
v -0.01653447 -0.03860844 0.06920433
v -0.02750552 0.03174029 0.08154567
v -8.43323e-05 -0.04199992 0.06385515
v -0.04141829 -0.00696598 0.07979633
v -0.04170283 0.00498736 0.06920861
v -0.01561097 -0.03899099 0.06745367
v -0.042 -7.211765e-07 0.06397496
v 0.002932545 0.0418975 0.07974031
v -0.03533485 -0.02270348 0.08153373
v 0.002283399 0.04193788 0.06927683
v 0.002109247 0.041947 0.07138981
v 0.002098767 0.04194753 0.07353017
v 0.00212961 0.04194597 0.07567141
v 0.002182471 0.04194326 0.07789118
v -0.01279762 0.04000276 0.07981321
v -0.04198807 0.001001014 0.08328535
v -0.01183242 -0.04029881 0.0815325
v 0.008065273 -0.04121834 0.07782932
v -0.03421195 0.02436272 0.06745667
v -0.0405692 0.01086922 0.07979336
v -0.003971958 -0.04181176 0.06746768
v -0.04170289 -0.004986881 0.06572107
v -0.03968966 -0.01373794 0.08153039
v -0.005927463 0.04157962 0.08148087
v 0.0006360111 0.04199518 0.06771035
v -0.01835264 -0.03777804 0.07977851
v -0.006940042 0.04142265 0.08325999
v -0.004936158 -0.04170892 0.06923228
v -0.03174086 0.02750487 0.06397322
v -0.03860909 0.01653294 0.06921591
v -0.01924356 0.0373321 0.07097122
v 0.008390506 -0.04115336 0.06870208
v -0.03107892 -0.02825067 0.07978463
v -0.03637368 0.02099894 0.07096438
v -0.03935196 -0.01467731 0.08327766
v -0.001070855 -0.04198635 0.0656157
v -0.02270768 -0.03533216 0.07094648
v -0.02012964 0.03686187 0.07979096
v 0.004747958 -0.04173077 0.06538225
v -0.01652131 0.03861407 0.06922427
v -0.0368628 0.02012794 0.07978728
v -0.006869985 0.04143433 0.06583702
v -0.01559319 0.03899811 0.0674765
v -0.03238811 -0.02673968 0.06920657
v -0.02186027 -0.03586264 0.08327567
v -0.02898314 -0.030397 0.08153197
v -0.03421223 -0.02436234 0.07096277
v -0.04124071 -0.007950101 0.07804112
v -0.002023182 -0.04195124 0.07804437
v -0.02270721 0.03533246 0.07803651
v -0.03039816 0.02898192 0.08502778
v -0.03935209 0.01467697 0.07979729
v -0.003885394 0.0418199 0.06408134
v 0.007192371 -0.04137958 0.07313552
v -0.03533361 0.02270542 0.08153635
v -0.0289853 0.03039494 0.08154503
v -0.02436406 -0.034211 0.07094368
v -0.02750701 -0.031739 0.07095166
v -0.01375095 0.03968515 0.0780605
v -0.03777975 -0.01834912 0.08327664
v -0.03637514 -0.0209964 0.08153069
v -0.02750453 0.03174116 0.06397677
v -0.04180977 0.003992936 0.08153794
v -0.04124057 0.007950834 0.07096914
v -0.04056825 0.01087277 0.06921585
v -0.04198813 0.0009984203 0.06571473
v -0.03362197 0.02517068 0.06571097
v -0.04157225 0.005978932 0.07096489
v -0.02517024 0.0336223 0.07979642
v 0.001890103 -0.04195745 0.06379522
v -0.01086519 0.04057028 0.08329131
v -0.03860935 -0.01653234 0.06919671
v -0.04000601 0.01278747 0.07979641
v -0.02596232 -0.03301451 0.08502066
v -0.03968969 0.01373785 0.06746389
v 0.0002181738 0.04199943 0.07842962
v -0.01744822 -0.03820418 0.07095821
v -0.04056956 -0.01086788 0.06921392
v -0.01373806 -0.03968962 0.0674536
v 0.007330818 -0.04135528 0.07160421
v -0.02100118 -0.03637238 0.08152747
v -0.0336242 0.0251677 0.08328369
v -0.03686211 -0.02012921 0.06919784
v -0.03820453 0.01744747 0.07803656
v -1.286249e-05 -0.042 0.07797009
v -0.01183345 0.04029851 0.08155515
v -0.009902643 -0.0408159 0.0815334
v -0.04198815 -0.0009977892 0.08328784
v -0.005981457 -0.04157189 0.08153941
v -0.004884718 0.04171498 0.07966151
v -0.0418929 -0.002997498 0.06571902
v -0.03969078 -0.0137347 0.07095767
v 0.007488929 -0.04132694 0.06704329
v -0.04180993 -0.003991213 0.08154646
v 0.003011087 -0.04189192 0.07962722
v -0.01561001 -0.03899138 0.07802183
v -0.03478233 0.02354123 0.06920528
v -0.01177111 0.04031676 0.06754078
v -0.019246 -0.03733084 0.07095325
v -0.002767376 0.04190873 0.06588109
v -0.04081552 -0.009904216 0.07803463
v -0.009894713 -0.04081782 0.07095989
v -0.02898642 -0.03039387 0.07095609
v -0.03533221 -0.02270759 0.07095815
v -0.02270729 -0.03533241 0.08502156
v -0.04124119 -0.007947576 0.06746857
v -0.033016 -0.02596043 0.0780285
v -0.0127878 -0.0400059 0.07977941
v 0.006003998 -0.04156864 0.07788396
v -0.0408163 0.009901008 0.0780357
v -0.02436382 0.03421117 0.06746594
v -0.02825145 -0.03107821 0.08327878
v -0.04000501 -0.01279059 0.07977948
v -0.03478444 -0.02353811 0.07978332
v -0.03899149 0.01560974 0.0780423
v -0.02100063 0.0363727 0.07097047
v -0.03174296 -0.02750244 0.07802865
v -0.03733167 0.01924438 0.07096819
v -0.04170296 0.004986277 0.07978597
v -0.02436277 0.03421192 0.07804086
v -0.04029947 -0.01183017 0.070966
v -0.0127892 -0.04000546 0.06920195
v -0.01744835 -0.03820412 0.07802122
v -0.007929255 -0.04124472 0.07096745
v -0.01835416 0.0377773 0.07979267
v -0.009803585 0.04083981 0.06759487
v -0.04124116 0.00794776 0.07803171
v -0.01561748 0.03898839 0.07804547
v 0.008615454 -0.04110686 0.07587334
v -0.04195245 0.001997961 0.06746045
v -0.02436232 -0.03421224 0.08502099
v 0.007087164 -0.04139773 0.07481708
v -0.02100039 -0.03637284 0.07094926
v -0.02354297 0.03478115 0.0692171
v -0.04157244 -0.00597766 0.07804632
v -0.03301504 -0.02596164 0.07096391
v -0.02100067 0.03637268 0.07803447
v -0.01744128 0.03820735 0.07097466
v -0.02750362 -0.03174194 0.08152981
v -0.0296989 -0.02969807 0.07978135
v -8.560421e-05 0.04199991 0.06990807
v -0.02596512 -0.03301231 0.07094636
v -0.01185434 0.04029236 0.07807906
v -0.00484073 0.04172011 0.06585147
v -0.03174284 0.02750258 0.08502713
v -0.004009516 -0.04180818 0.07804658
v 0.004023945 -0.04180679 0.07774217
v -0.03039962 -0.02898039 0.07096042
v -0.004994841 -0.04170194 0.07979408
v 0.006973815 -0.04141698 0.07644079
v -0.01465284 0.03936108 0.06923852
v 0.0004380184 -0.004254118 0.0
v 0.002562335 -0.005388035 0.0
v 0.0008586424 -0.006478664 0.0
v -0.01561107 -0.03899096 0.07095899
v -0.00163177 0.04196829 0.0779648
v -0.04198807 -0.001000856 0.06571725
v -0.008915172 0.0410429 0.0832795
v -0.02674151 0.0323866 0.06571944
v -0.042 1.892203e-06 0.08154238
v -0.02674225 0.03238599 0.07979827
v -0.03107972 0.0282498 0.08328702
v -0.03733121 0.01924528 0.07803221
v -0.04170301 -0.004985902 0.07979948
v -0.04189299 0.002996231 0.06920849
v -0.03899155 -0.01560959 0.08152738
v -0.001532177 0.04197204 0.06773082
v -0.007951417 -0.04124045 0.08153556
v -0.03899201 -0.01560844 0.07095001
v -0.04195236 0.001999814 0.08153932
v 0.0001229485 0.04199982 0.072379
v 6.833095e-05 0.04199994 0.0745812
v 0.0001162942 0.04199984 0.07662613
v -0.03421413 -0.02435967 0.07802735
v -0.03301352 0.02596358 0.06745666
v -0.01370487 0.03970109 0.06749847
v -0.04029896 0.01183189 0.07804075
v -0.00199194 -0.04195274 0.06743021
v -0.03777849 -0.01835172 0.06919496
v -0.04157246 -0.005977527 0.0674698
v -0.03860956 -0.01653184 0.083277
v -0.02012999 -0.03686168 0.07977494
v -0.02674057 -0.03238738 0.08327718
v -0.03860891 0.01653337 0.07627829
v -0.002902278 -0.0418996 0.06924151
v -0.03935169 0.01467802 0.06921746
v -0.0227085 0.03533163 0.07097325
v -0.03238876 -0.02673888 0.07626584
v -0.01653436 -0.03860848 0.07272095
v -0.03820491 0.01744662 0.07097283
v -0.03039798 -0.02898211 0.07802577
v -0.03686323 0.02012716 0.07272843
v -0.02186022 -0.03586267 0.07270566
v -0.04056897 0.01087008 0.07627717
v -0.01467886 -0.03935138 0.06920301
v -0.03362339 -0.02516878 0.07272686
v -0.0183501 0.03777928 0.07273375
v 0.005519314 -0.04163577 0.06701022
v -0.02354169 0.03478202 0.07627738
v -0.02825187 -0.03107784 0.07977557
v -0.04180975 0.003993077 0.07096288
v -0.0078108 0.04126732 0.06764315
v -0.04104056 -0.008925952 0.06922005
v -0.03238619 0.026742 0.06571308
v -0.04157253 0.005976993 0.07802832
v -0.02674378 -0.03238472 0.07270678
v -0.01183241 -0.04029881 0.07095562
v -0.006916794 0.04142654 0.0797219
v 0.005679088 -0.04161428 0.07391596
v -0.0317434 -0.02750194 0.07096283
v -0.03421366 0.02436033 0.08153677
v -0.03586375 0.02185844 0.07978481
v -0.02825382 0.03107606 0.07979798
v 0.005160484 -0.04168176 0.07579164
v -0.02354257 -0.03478142 0.07270046
v -0.01281175 0.03999824 0.07631915
v -0.01087544 0.04056753 0.07981793
v -0.0373327 -0.01924239 0.08152793
v -0.02898322 0.03039692 0.06397563
v -0.04081547 0.009904411 0.07097275
v -0.01559549 0.03899719 0.07098556
v -0.0414182 0.00696657 0.07272893
v -0.03039644 0.02898373 0.06397406
v -0.01077134 0.0405953 0.0693454
v -0.04000627 -0.01278666 0.0727215
v 0.002798246 -0.04190668 0.06538985
v -0.03969021 0.01373634 0.07804344
v -0.04000516 0.01279013 0.06921693
v -0.03533315 0.02270614 0.07096036
v -0.04195251 -0.00199664 0.08154483
v -0.01924704 -0.0373303 0.07801737
v -0.03238872 0.02673894 0.08328581
v -0.02596362 0.03301349 0.0780445
v -0.001074476 -0.04198625 0.07632445
v -0.02270787 -0.03533203 0.08152474
v -0.03039911 0.02898092 0.0815435
v -0.03637251 -0.02100096 0.07095256
v 0.006720639 -0.04145881 0.07020227
v -0.01087052 -0.04056885 0.07977823
v -0.0393515 -0.01467853 0.07977313
v 0.005434185 -0.04164696 0.07206426
v -0.003765724 0.04183084 0.07776795
v -0.04180967 -0.00399388 0.06746786
v 0.002004366 -0.04195215 0.07783206
v -0.01835232 -0.0377782 0.07271638
v -0.03777858 0.01835153 0.0762722
v -0.005933289 -0.04157879 0.07098127
v -0.0282551 -0.0310749 0.07271294
v -0.04189291 0.002997378 0.07978721
v -0.04103984 -0.008929252 0.07627849
v -0.03478228 -0.02354131 0.07272245
v -0.02354182 -0.03478193 0.08327649
v -0.01373646 -0.03969017 0.07802108
v -0.02596354 0.03301355 0.0674669
v -0.008918883 -0.04104209 0.07272048
v -0.01745127 0.03820279 0.07803686
v -0.01273561 0.04002255 0.06927831
v 0.0008538455 -0.04199132 0.06548406
v -0.04029796 -0.0118353 0.07802521
v -0.01653427 -0.03860852 0.07625776
v -0.01086911 -0.04056923 0.07271478
v -0.03586518 -0.02185609 0.07977921
v -0.03362232 0.02517021 0.06920517
v -0.04104024 0.008927432 0.07627155
v -0.01468724 0.03934825 0.07629273
v -0.007924528 0.04124563 0.08151928
v -0.0336244 -0.02516743 0.07626535
v -0.02012893 0.03686226 0.07273211
v -0.02186008 0.03586275 0.07627287
v -0.04081663 -0.009899649 0.07097539
v -0.0393524 -0.01467613 0.07271089
v -0.04103973 0.008929743 0.07273416
v -0.03586385 0.02185828 0.07272299
v -0.003028412 -0.04189068 0.07630844
v -0.04141834 -0.006965704 0.07628612
v -0.01467792 -0.03935173 0.07625778
v -0.04000577 0.0127882 0.0762824
v -0.03777896 0.01835076 0.07273426
v -0.02012883 -0.03686231 0.07271059
v -0.03174048 0.02750531 0.06745883
v -0.002322766 0.04193572 0.07574899
v -0.02517099 0.03362174 0.06921981
v -0.04198816 -0.0009973445 0.07979471
v -0.04198814 0.0009981235 0.06921091
v -0.03174373 0.02750156 0.08154182
v -0.001789613 0.04196186 0.07135384
v -0.005903424 0.04158304 0.0778655
v -0.02186131 -0.035862 0.07977039
v -0.0109188 0.04055588 0.07635717
v -0.02970186 -0.02969511 0.07271966
v -0.01924723 0.0373302 0.07803427
v -0.04170282 0.004987453 0.07272455
v -0.02825161 0.03107807 0.06571824
v -0.001864845 0.04195858 0.07348483
v -0.03301617 0.02596021 0.08153882
v -0.03637362 0.02099905 0.07802779
v -0.009894232 0.04081794 0.08154687
v -0.003715632 0.04183532 0.0676334
v -0.03820467 -0.01744716 0.07094639
v -0.0418931 -0.002994708 0.07979805
v -0.03820544 -0.01744546 0.08152702
v -0.01373814 -0.03968959 0.0709574
v -0.00694316 -0.04142213 0.07273214
v -6.978228e-05 -0.04199994 0.06728532
v -0.01835301 -0.03777787 0.07625455
v -0.03733071 -0.01924625 0.07094713
v -0.04141855 -0.006964458 0.06922417
v -0.03107714 0.02825264 0.06571478
v -0.02517181 -0.03362112 0.07270129
v -0.042 -1.522195e-06 0.06746195
v -0.0146791 -0.03935129 0.07272071
v -0.04198806 0.001001359 0.07978945
v -0.03533454 -0.02270398 0.07802279
v -0.0008512009 -0.04199137 0.06920361
v -0.02436399 0.03421105 0.07097804
v -0.007943663 -0.04124195 0.07448779
v -0.03820459 0.01744732 0.07450781
v -0.02100074 -0.03637264 0.07447297
v -0.03107978 -0.02824974 0.07626423
v -0.03238619 0.026742 0.06920723
v -0.02186092 0.03586224 0.07273457
v -0.01924647 0.03733059 0.07449931
v -0.02012954 0.03686192 0.07626972
v -0.01652852 0.03861098 0.07274032
v -0.02596494 -0.03301245 0.07446687
v -0.04056937 -0.0108686 0.07273361
v -0.02674109 -0.03238695 0.07977142
v -0.04195246 0.001997824 0.07096454
v -0.008755055 0.04107735 0.06945005
v -0.04180991 -0.003991438 0.07804647
v -0.03860918 -0.01653273 0.07270438
v -0.04029805 0.01183498 0.07097672
v -0.04141846 0.006964975 0.07626572
v -0.007941098 0.04124244 0.07800862
v -0.02354272 -0.03478132 0.07976747
v -0.03733157 0.01924458 0.07449956
v -0.0396902 -0.01373639 0.07447953
v -0.005805501 0.04159683 0.06763536
v -0.03478362 0.02353932 0.07978397
v -0.02898417 -0.03039602 0.07801977
v -0.02750599 0.03173989 0.07804541
v 0.002948582 -0.04189637 0.07583045
v -0.02270803 -0.03533193 0.07446604
v -0.01278957 -0.04000534 0.07271699
v -0.04029856 0.01183325 0.07451388
v -0.0412408 0.007949598 0.07449941
v -0.03637394 0.02099848 0.07449268
v -0.001919797 0.0002310223 0.0
v -4.142215e-05 -0.0006366562 0.0
v -0.001617767 -0.001563575 0.0
v 0.006179287 -0.04154295 0.06863571
v -0.006970392 -0.04141755 0.07978631
v 0.0009350771 -0.04198959 0.07610354
v -0.03478362 -0.02353932 0.07626103
v -0.01176692 0.04031798 0.07107101
v -0.003517318 -0.001711264 0.0
v -0.03935185 0.0146776 0.07628363
v -0.02436287 -0.03421185 0.08152514
v -0.02100182 -0.03637201 0.07801099
v -0.002540391 0.0419231 0.06938501
v -0.004996821 -0.0417017 0.0762824
v -0.04195234 -0.002000386 0.06746517
v -0.04170299 -0.004986045 0.07628945
v -0.0118556 0.04029199 0.07458585
v -0.03586255 -0.02186041 0.07271528
v 0.00410109 -9.253061e-05 0.0
v 0.002779912 0.001828175 0.0
v 0.005071319 0.001869775 0.0
v -0.01183254 -0.04029877 0.07801793
v -0.03968942 -0.01373862 0.07801503
v 0.003868957 -0.04182142 0.07385501
v -0.008930083 -0.04103966 0.07977967
v -0.03238863 -0.02673905 0.072728
v -0.04170283 -0.00498742 0.06922441
v -0.02750417 0.03174147 0.06746617
v -0.0174484 -0.0382041 0.07448708
v -0.02517028 0.03362227 0.07628313
v -0.03686299 0.02012758 0.07626566
v -0.003892251 -0.04181926 0.0710076
v -0.03421291 -0.02436137 0.07449366
v -0.03421237 0.02436214 0.07095919
v -0.0275071 -0.03173893 0.07447416
v -0.005986662 -0.04157114 0.07803349
v -0.002030963 -0.04195087 0.07458295
v -0.04180976 0.003993024 0.07802722
v -0.01561104 -0.03899097 0.07449013
v -0.03860923 -0.01653261 0.07976963
v -0.02970118 0.02969579 0.0797958
v -0.04124091 -0.007949055 0.07451871
v -0.03301557 -0.02596098 0.07449692
v -0.01653758 0.0386071 0.07627617
v -0.01370652 0.03970052 0.07101157
v -0.02270751 0.03533227 0.07450695
v -0.009900969 -0.04081631 0.07447976
v -0.04124119 -0.007947583 0.0709835
v -0.03686439 -0.02012503 0.07977423
v -0.04056838 -0.01087227 0.07626831
v -0.03899133 0.01561012 0.07451483
v -0.03899147 0.01560979 0.0709769
v -0.04029878 -0.01183253 0.0744931
v -0.03174359 -0.02750171 0.07449744
v -0.04081593 0.009902499 0.07450702
v -0.01374175 0.03968834 0.07453927
v -0.01744811 0.03820424 0.07450227
v -0.009762449 0.04084966 0.07118326
v -0.04056842 0.01087213 0.07274052
v -0.03478312 0.02354006 0.07272008
v -0.04157234 0.005978338 0.07449342
v -0.0002347577 -0.04199934 0.07471047
v -0.02436298 0.03421177 0.07451397
v -0.01278869 -0.04000562 0.07625328
v -0.04081606 -0.009901986 0.07450813
v -0.02516953 -0.03362283 0.08327648
v -0.003606788 0.04184485 0.07076151
v -0.005968386 -0.04157377 0.07450447
v -0.02436405 -0.03421101 0.0744626
v -0.03860894 0.01653329 0.07274167
v -0.03968986 0.01373737 0.07451801
v -0.02100076 0.03637263 0.07450193
v -0.04189296 0.002996633 0.07272426
v 0.003648758 -0.04184121 0.06692433
v -0.02750484 -0.03174088 0.07801124
v 0.004277271 -0.04178163 0.06856782
v -0.007020543 0.04140908 0.07614643
v -0.01373824 -0.03968955 0.07448649
v -0.03777977 -0.01834909 0.07977067
v -0.009925316 0.04081039 0.0780855
v -0.03533384 0.02270505 0.07802494
v -0.03108068 -0.02824874 0.07272582
v -0.004155166 0.04179395 0.07394196
v -0.01835387 0.03777744 0.07626954
v -0.008915894 0.04104274 0.07979076
v -0.02969793 0.02969904 0.0657161
v 0.001764234 -0.04196293 0.0670074
v -0.02596251 -0.03301436 0.08152694
v -0.003985696 -0.04181046 0.0745342
v -0.003381034 0.04186369 0.07232599
v -0.004708981 0.04173518 0.06937448
v -0.00494 0.04170847 0.07588159
v -0.009983764 0.04079613 0.07465643
v -0.0192463 -0.03733068 0.0744801
v -0.03899164 -0.01560935 0.07446975
v -0.04157238 -0.005978076 0.07452331
v -0.004940364 -0.04170843 0.07275333
v -0.03968962 0.01373806 0.07097858
v -0.02012983 -0.03686177 0.07624712
v -0.03686207 -0.02012927 0.0727089
v -0.02898651 -0.03039379 0.07448377
v -0.042 2.129667e-06 0.07803552
v -0.03108084 0.02824856 0.07979265
v -0.03533285 -0.0227066 0.07448704
v -0.04195234 0.002000214 0.07803003
v -0.03637474 -0.02099711 0.07801598
v -0.02674144 0.03238665 0.06922069
v -0.009015148 0.04102106 0.07638225
v 0.001060185 -0.04198662 0.06888479
v -0.02596362 0.03301349 0.07098184
v -0.006968383 -0.04141789 0.07626118
v 0.001560471 -0.041971 0.0737389
v -0.02970041 -0.02969656 0.07625844
v -0.033014 0.02596297 0.07096094
v -0.04141843 -0.006965164 0.07275447
v -0.02354259 0.03478141 0.07274046
v -0.006712299 0.04146016 0.06953118
v -0.01082975 0.04057975 0.07287044
v -0.04104036 -0.008926875 0.07274638
v -0.0259637 -0.03301342 0.07800489
v -0.0377783 -0.0183521 0.07270312
v -0.03533393 0.02270493 0.07448798
v -0.04189306 -0.002995213 0.07628495
v -0.02270872 -0.03533149 0.07800478
v -0.03039966 -0.02898035 0.07449193
v -0.02674285 -0.03238549 0.07623854
v -0.03362475 0.02516697 0.0797854
v -0.04180972 0.003993401 0.07449049
v -0.0267423 0.03238594 0.07628618
v -0.03586394 -0.02185814 0.07625349
v -0.02186104 -0.03586217 0.07623829
v -0.01183373 -0.04029842 0.07448044
v -0.04198805 -0.001001829 0.06921532
v 0.004720435 -0.04173389 0.07027282
v -0.0007427912 -0.04199343 0.07291283
v 0.002655155 -0.04191599 0.06830561
v -0.03586412 0.02185784 0.07626028
v 0.003125152 -0.04188357 0.07188714
v -0.04000529 0.01278971 0.07274689
v -0.04189281 -0.002998746 0.06922027
v -0.01466718 0.03935573 0.07275608
v -0.03238964 0.02673782 0.07978933
v -0.03107685 0.02825295 0.06921082
v -0.009902957 -0.04081582 0.07801583
v -0.0400053 -0.01278968 0.07625382
v -0.04195252 -0.001996531 0.07804205
v -0.04157239 -0.005977966 0.07098754
v -0.0156111 0.03899094 0.07451556
v -0.02898266 0.03039746 0.06746351
v -0.001755227 -0.04196331 0.07105025
v -0.03935173 -0.01467793 0.07624168
v -0.04170288 0.004986946 0.07626162
v -0.03899136 -0.01561005 0.07800695
v -0.02898603 0.03039425 0.07804315
v -0.02517035 -0.03362222 0.07976831
v -0.008929176 -0.04103986 0.07624914
v -0.03039581 0.02898438 0.06746137
v -0.042 -1.906072e-06 0.07096978
v -0.03362345 0.0251687 0.07272075
v -0.007639796 0.04129932 0.07142386
v -0.01276845 0.04001208 0.07279536
v -0.02436402 -0.03421103 0.07800202
v -0.02517137 -0.03362146 0.07623215
v -0.02596355 0.03301355 0.07451994
v -0.002888623 -0.04190055 0.07279553
v -0.01087112 -0.04056869 0.0762481
v -0.03935164 0.01467817 0.07274717
v -0.02825367 -0.0310762 0.07624936
v -0.04170282 -0.004987438 0.07275615
v -0.007952657 -0.04124021 0.07802083
v -0.02517065 0.03362199 0.07274823
v -0.04198812 0.0009988111 0.07272908
v -0.006531688 0.041489 0.07378984
v -0.008819391 0.04106359 0.07303876
v -0.03421412 0.02435969 0.07802481
v -0.008234705 0.04118482 0.07478466
v -0.03733091 -0.01924585 0.07446949
v -0.00538187 0.04165376 0.07163797
v -0.04198814 -0.0009979182 0.0762767
v 0.001944842 -0.0001782424 0.0
v -0.02354297 -0.03478115 0.07623198
v -0.03820461 -0.0174473 0.07446604
v -0.03860909 -0.01653294 0.07623472
v -0.04180978 -0.003992756 0.07452282
v -0.03637289 -0.02100031 0.07447841
v -0.03174088 0.02750485 0.07096516
v -0.03040005 0.02897994 0.07803867
v -0.03733244 -0.01924289 0.07800867
v -0.02825121 0.03107843 0.06921813
v 0.0007070338 -0.04199405 0.07112646
v -0.02750416 0.03174147 0.07098162
v -0.0342138 0.02436013 0.07448694
v 0.002724772 -0.04191152 0.06996274
v -0.0419524 0.001999102 0.07449325
v -0.0419523 -0.002001224 0.07097728
v -0.03686302 -0.02012754 0.07624393
v -0.04195243 -0.001998315 0.07451391
v -0.02750545 0.03174036 0.07452056
v -0.03478406 0.02353867 0.07625775
v -0.03039603 0.02898415 0.0709708
v -0.03174472 0.02750041 0.07803361
v -0.04198807 0.001001107 0.07626777
v -0.04180961 -0.003994596 0.07098528
v -0.0418929 0.002997522 0.07626122
v -0.02825391 0.03107598 0.07628479
v -0.03820516 -0.01744609 0.07800407
v -0.02969744 0.02969953 0.06921477
v -0.03238753 0.02674038 0.07272491
v -0.04198807 -0.001001037 0.07273783
v -0.02674162 0.03238651 0.0727516
v -0.03107824 0.02825143 0.07273168
v -0.00389768 0.0006461184 0.0
v -0.03301684 0.02595935 0.07802789
v -0.04189285 -0.002998128 0.07274933
v -0.03777889 -0.01835089 0.07623521
v -0.02970134 0.02969563 0.07627944
v -0.02898263 0.03039749 0.0709765
v -0.042 4.110779e-07 0.07450262
v -0.03108122 0.02824815 0.07627228
v -0.02825202 0.0310777 0.07274768
v -0.03362514 0.02516645 0.0762591
v -0.028985 0.03039522 0.07451528
v -0.02969865 0.02969832 0.07273958
v -0.03301606 0.02596035 0.07449008
v -0.03174346 0.02750187 0.07449691
v -0.03238991 0.0267375 0.07626428
v -0.03039857 0.02898149 0.07450605
v 0.04181769 0.0 0.009916222
v 0.04127631 0.0 0.007895758
v 0.04151563 0.0015293 0.008722647
v 0.0403923 0.0 0.006
v 0.03919253 0.0 0.004286549
v 0.03990342 0.001862086 0.005287309
v 0.03771345 0.0 0.002807467
v 0.036 0.0 0.001607695
v 0.03693721 0.001911517 0.002243622
v 0.03410424 0.0 0.0007236886
v 0.03208378 0.0 0.000182307
v 0.03323073 0.001960952 0.0004593967
v 0.03 0.0 0.0
v 0.03143213 0.002014287 9.369149e-05
v 0.02993301 0.002003779 0.0
v 0.04179005 0.002609276 0.01024808
v 0.04159352 0.004642996 0.01012029
v 0.04130971 0.006629023 0.01003615
v 0.04094325 0.008611273 0.01004103
v 0.04048406 0.01058764 0.01008141
v 0.03992835 0.01252882 0.01009528
v 0.0392824 0.01442054 0.01008155
v 0.03855038 0.01627131 0.01006896
v 0.03773313 0.018086 0.01006931
v 0.03683046 0.01986281 0.01007825
v 0.03584352 0.02159577 0.01008721
v 0.03477552 0.02327819 0.01009278
v 0.03362919 0.02490624 0.01009517
v 0.03240667 0.02647732 0.01009499
v 0.03111087 0.0279881 0.01009345
v 0.02974409 0.02943591 0.01009076
v 0.02830882 0.03081772 0.01008615
v 0.02680951 0.03212948 0.01008111
v 0.02525042 0.03336837 0.01007957
v 0.02363351 0.03453279 0.01008138
v 0.02196201 0.03561938 0.01008238
v 0.02024199 0.03662418 0.0100823
v 0.01847856 0.03754547 0.01008606
v 0.01667334 0.03838275 0.01009463
v 0.01482835 0.03913381 0.01010201
v 0.01294806 0.03979531 0.01010083
v 0.01103844 0.04036488 0.0100898
v 0.009105505 0.040842 0.01007567
v 0.007153785 0.04122749 0.01006859
v 0.005186141 0.04152184 0.01007421
v 0.003205043 0.04172376 0.01008788
v 0.001215132 0.04183091 0.01009954
v -0.0007774916 0.04184168 0.0101017
v -0.002766681 0.04175617 0.01009441
v -0.00474742 0.04157604 0.01008498
v -0.00671686 0.04130306 0.01008157
v -0.008673366 0.0409374 0.01008444
v -0.01061229 0.0404787 0.01008796
v -0.01252686 0.03992789 0.01008895
v -0.01441273 0.03928618 0.01008683
v -0.01626616 0.03855481 0.01008172
v -0.01808216 0.03773622 0.01007626
v -0.01985703 0.03683297 0.01007494
v -0.02158868 0.03584591 0.01007726
v -0.02327256 0.03477649 0.01007842
v -0.02490238 0.03362852 0.01007764
v -0.02647429 0.03240588 0.01007936
v -0.02798676 0.03111016 0.01008463
v -0.02943633 0.02974344 0.01008975
v -0.03081827 0.02830984 0.01009295
v -0.03212974 0.02681259 0.01009457
v -0.03336846 0.0252543 0.01009453
v -0.03453141 0.02363887 0.01009308
v -0.03561619 0.02196952 0.01008997
v -0.03662046 0.02024957 0.01008481
v -0.03754155 0.01848428 0.01007992
v -0.03837799 0.0166783 0.01007983
v -0.03912873 0.01483376 0.01008443
v -0.03979129 0.01295426 0.01008902
v -0.04036313 0.0110456 0.01009107
v -0.04084295 0.009111871 0.01008999
v -0.04122975 0.007156908 0.01008559
v -0.0415228 0.005186374 0.01008028
v -0.04172225 0.003204968 0.01007853
v -0.0418278 0.001215068 0.01008026
v -0.04183836 -0.0007787186 0.01008127
v -0.04175391 -0.002769062 0.01008137
v -0.04157573 -0.004750667 0.01008535
v -0.0413043 -0.006721705 0.01009398
v -0.04093899 -0.008679038 0.01010143
v -0.04047961 -0.01061714 0.01010111
v -0.03992748 -0.01253008 0.01009247
v -0.03928518 -0.01441316 0.01008194
v -0.03855493 -0.01626387 0.01007694
v -0.03773716 -0.01808062 0.01007735
v -0.03683264 -0.01985857 0.01007765
v -0.03584446 -0.02159077 0.01007623
v -0.03477596 -0.02327284 0.01007664
v -0.03362843 -0.02490292 0.01007916
v -0.03240365 -0.02647717 0.01007995
v -0.03110589 -0.02799006 0.01007865
v -0.02973929 -0.02943825 0.01007985
v -0.02830561 -0.03082036 0.01008474
v -0.02680718 -0.03213321 0.01008962
v -0.02524854 -0.03337244 0.01009262
v -0.0236332 -0.0345355 0.01009412
v -0.021964 -0.03562038 0.01009414
v -0.02024507 -0.03662446 0.01009305
v -0.01847983 -0.03754568 0.01009068
v -0.01667178 -0.03838198 0.01008639
v -0.01482648 -0.03913106 0.01008197
v -0.01294894 -0.03979178 0.01008172
v -0.01104142 -0.04036339 0.01008578
v -0.009107579 -0.04084386 0.01008968
v -0.007153379 -0.04123123 0.0100909
v -0.005183078 -0.04152466 0.01008915
v -0.003200459 -0.04172356 0.01008449
v -0.001211128 -0.04182776 0.01007928
v 0.0007801881 -0.04183777 0.0100778
v 0.002771048 -0.04175354 0.0100799
v 0.004756771 -0.04157437 0.01008126
v 0.006730022 -0.04130091 0.01008149
v 0.008685601 -0.04093496 0.01008538
v 0.01062176 -0.0404772 0.01009388
v 0.01253541 -0.03992729 0.01010128
v 0.01442103 -0.03928556 0.010101
v 0.01627282 -0.03855387 0.01009242
v 0.01808623 -0.0377353 0.01008196
v 0.01985888 -0.03683237 0.01007709
v 0.0215891 -0.0358458 0.010078
v 0.02327208 -0.03477702 0.01007946
v 0.02490107 -0.03363003 0.0100803
v 0.02647198 -0.03240892 0.01008489
v 0.02798351 -0.03111509 0.01009392
v 0.02943272 -0.02974969 0.0101016
v 0.03081488 -0.02831555 0.01010142
v 0.03212574 -0.02681696 0.0100929
v 0.03336273 -0.02525866 0.0100825
v 0.03452496 -0.02364388 0.01007765
v 0.03561126 -0.02197391 0.01007828
v 0.03661798 -0.0202522 0.0100793
v 0.03754103 -0.01848534 0.01007994
v 0.03837866 -0.01667878 0.01008484
v 0.03913015 -0.01483477 0.0100949
v 0.03979326 -0.01295684 0.01010566
v 0.04036519 -0.01105224 0.01011445
v 0.04084489 -0.009132328 0.01012977
v 0.04123395 -0.00721213 0.01017183
v 0.04153319 -0.005308333 0.01024549
v 0.04174337 -0.003459231 0.0103531
v 0.041837 -0.001651796 0.01023569
v 0.02973232 0.003998609 0.0
v 0.02939885 0.00597558 0.0
v 0.03107354 0.00546141 0.0001005032
v 0.02893408 0.007925862 0.0
v 0.02834007 0.009840746 0.0
v 0.03031584 0.009381016 0.0001259585
v 0.0276195 0.01171168 0.0
v 0.02677557 0.0135303 0.0
v 0.02878876 0.01334637 0.0001256468
v 0.02581205 0.0152885 0.0
v 0.02473325 0.01697841 0.0
v 0.02678772 0.01707876 0.0001310984
v 0.02354398 0.0185925 0.0
v 0.02224956 0.02012354 0.0
v 0.02427356 0.02050953 0.0001324632
v 0.02085577 0.02156471 0.0
v 0.01936884 0.02290957 0.0
v 0.02130906 0.02355414 0.0001301802
v 0.01779539 0.0241521 0.0
v 0.01614247 0.02528677 0.0
v 0.01798164 0.02617174 0.0001288398
v 0.01441745 0.0263085 0.0
v 0.01262804 0.02721273 0.0
v 0.01434263 0.02833668 0.0001297239
v 0.01078223 0.02799542 0.0
v 0.008888267 0.02865307 0.0
v 0.01043543 0.03001885 0.0001328954
v 0.006954605 0.02918276 0.0
v 0.004989881 0.02958211 0.0
v 0.006328721 0.0311108 0.0001279927
v 0.003002871 0.02984933 0.0
v 0.001002449 0.02998325 0.0
v 0.002121602 0.03169511 0.0001306655
v -0.001002449 0.02998325 0.0
v -0.003002871 0.02984933 0.0
v -0.002129539 0.03170075 0.0001315833
v -0.004989881 0.02958211 0.0
v -0.006954605 0.02918276 0.0
v -0.006349761 0.03112131 0.0001301363
v -0.008888267 0.02865307 0.0
v -0.01078223 0.02799542 0.0
v -0.01044428 0.0300011 0.0001308242
v -0.01262804 0.02721273 0.0
v -0.01441745 0.0263085 0.0
v -0.01433556 0.02833077 0.0001284726
v -0.01614247 0.02528677 0.0
v -0.01779539 0.0241521 0.0
v -0.0179672 0.02617639 0.0001282003
v -0.01936884 0.02290957 0.0
v -0.02085577 0.02156471 0.0
v -0.02129633 0.02356137 0.000129708
v -0.02224956 0.02012354 0.0
v -0.02354398 0.0185925 0.0
v -0.02426453 0.02051754 0.0001322046
v -0.02473325 0.01697841 0.0
v -0.02581205 0.0152885 0.0
v -0.02678745 0.01708524 0.0001315845
v -0.02677557 0.0135303 0.0
v -0.0276195 0.01171168 0.0
v -0.02881465 0.01335282 0.0001294986
v -0.02834007 0.009840746 0.0
v -0.02893408 0.007925862 0.0
v -0.03034667 0.009397969 0.0001310429
v -0.02939885 0.00597558 0.0
v -0.02973232 0.003998609 0.0
v -0.03132175 0.005272864 0.000130136
v -0.02993301 0.002003779 0.0
v -0.03 -8.356547e-16 0.0
v -0.03173705 0.001060129 0.000128991
v -0.02993301 -0.002003779 0.0
v -0.02973232 -0.003998609 0.0
v -0.03160174 -0.003173876 0.0001298759
v -0.02939885 -0.00597558 0.0
v -0.02893408 -0.007925862 0.0
v -0.03091509 -0.00737697 0.0001332093
v -0.02834007 -0.009840746 0.0
v -0.0276195 -0.01171168 0.0
v -0.02962782 -0.01143623 0.0001295288
v -0.02677557 -0.0135303 0.0
v -0.02581205 -0.0152885 0.0
v -0.02783731 -0.01527236 0.0001285173
v -0.02473325 -0.01697841 0.0
v -0.02354398 -0.0185925 0.0
v -0.02556652 -0.01882755 0.000128431
v -0.02224956 -0.02012354 0.0
v -0.02085577 -0.02156471 0.0
v -0.02284487 -0.02205351 0.0001287146
v -0.01936884 -0.02290957 0.0
v -0.01779539 -0.0241521 0.0
v -0.01971427 -0.02491598 0.0001315495
v -0.01614247 -0.02528677 0.0
v -0.01441745 -0.0263085 0.0
v -0.0162072 -0.0273344 0.0001324553
v -0.01262804 -0.02721273 0.0
v -0.01078223 -0.02799542 0.0
v -0.01240495 -0.02924181 0.0001303962
v -0.008888267 -0.02865307 0.0
v -0.006954605 -0.02918276 0.0
v -0.008394793 -0.03063302 0.0001301346
v -0.004989881 -0.02958211 0.0
v -0.003002871 -0.02984933 0.0
v -0.004241416 -0.03148415 0.0001310399
v -0.001002449 -0.02998325 0.0
v 0.001002449 -0.02998325 0.0
v -1.404838e-05 -0.03175431 0.000128926
v 0.003002871 -0.02984933 0.0
v 0.004989881 -0.02958211 0.0
v 0.004205592 -0.03147521 0.0001290181
v 0.006954605 -0.02918276 0.0
v 0.008888267 -0.02865307 0.0
v 0.008375558 -0.03065109 0.0001319755
v 0.01078223 -0.02799542 0.0
v 0.01262804 -0.02721273 0.0
v 0.01240013 -0.02925312 0.0001316677
v 0.01441745 -0.0263085 0.0
v 0.01614247 -0.02528677 0.0
v 0.01618883 -0.02731726 0.0001288674
v 0.01779539 -0.0241521 0.0
v 0.01936884 -0.02290957 0.0
v 0.01968929 -0.02491999 0.0001297131
v 0.02085577 -0.02156471 0.0
v 0.02224956 -0.02012354 0.0
v 0.02286311 -0.02207847 0.000133252
v 0.02354398 -0.0185925 0.0
v 0.02473325 -0.01697841 0.0
v 0.02559326 -0.01880699 0.0001298158
v 0.02581205 -0.0152885 0.0
v 0.02677557 -0.0135303 0.0
v 0.02787111 -0.01522252 0.0001293626
v 0.0276195 -0.01171168 0.0
v 0.02834007 -0.009840746 0.0
v 0.02966758 -0.01136419 0.0001312017
v 0.02893408 -0.007925862 0.0
v 0.02939885 -0.00597558 0.0
v 0.03085966 -0.007316253 0.0001231949
v 0.02973232 -0.003998609 0.0
v 0.02993301 -0.002003779 0.0
v 0.0312078 -0.003402463 8.10949e-05
v 0.03148201 -0.001558831 9.67294e-05
v 0.04139522 -0.001535019 0.008325792
v 0.04062553 -0.001619982 0.006485382
v 0.03953562 -0.001532232 0.004753963
v 0.03818261 -0.001500293 0.003250039
v 0.03661819 -0.001498367 0.002010355
v 0.03495098 -0.001507572 0.001083729
v 0.03324588 -0.001436384 0.0004560857
v 0.040894 0.001737993 0.007048726
v 0.03856463 0.001903292 0.003642914
v 0.03511479 0.001935517 0.001169909
v 0.03214404 0.003890271 0.0002381005
v 0.02785152 0.01524519 0.0001284301
v 0.03087402 0.007342202 0.0001260945
v 0.02961228 0.01139141 0.0001250337
v 0.02559086 0.01883478 0.0001319799
v 0.0228417 0.02208334 0.0001314531
v 0.01968508 0.02491642 0.0001289124
v 0.01619956 0.02730958 0.0001286999
v 0.0124183 0.02924437 0.0001315237
v 0.00840088 0.03063445 0.0001305787
v 0.004233585 0.03146383 0.000127904
v -2.22053e-06 0.03177898 0.0001325987
v -0.004251265 0.03147795 0.0001303228
v -0.00841965 0.03063379 0.0001312244
v -0.01242039 0.0292309 0.0001298013
v -0.0161899 0.02731335 0.0001284516
v -0.01967283 0.02492375 0.0001286406
v -0.02283331 0.02209346 0.0001316028
v -0.02558811 0.01884472 0.0001325306
v -0.02786438 0.01525106 0.0001305187
v -0.02964763 0.01139914 0.0001302943
v -0.03090905 0.007350798 0.0001314214
v -0.03159682 0.003172266 0.0001291265
v -0.03173661 -0.001054335 0.0001288983
v -0.03133007 -0.005285481 0.0001316704
v -0.03034027 -0.009428178 0.0001314652
v -0.02879186 -0.01338587 0.0001285001
v -0.02675884 -0.01708622 0.000128085
v -0.02425993 -0.02048188 0.0001282645
v -0.02132763 -0.02353345 0.0001297531
v -0.01800297 -0.02618372 0.0001321038
v -0.01433666 -0.02835315 0.0001315084
v -0.01042104 -0.02999859 0.0001293392
v -0.006333348 -0.03112976 0.000130881
v -0.002131927 -0.03168761 0.0001296565
v 0.002100234 -0.03168267 0.0001286151
v 0.006299266 -0.03112807 0.0001296275
v 0.01041306 -0.03002686 0.0001329291
v 0.01432625 -0.02834176 0.0001292995
v 0.01797422 -0.02617571 0.0001287035
v 0.02132293 -0.02355412 0.0001315627
v 0.02428285 -0.02049017 0.000131657
v 0.02678872 -0.01705015 0.0001289424
v 0.02882844 -0.01332623 0.0001296973
v 0.03035538 -0.009354283 0.0001303621
v 0.03113139 -0.005314896 0.0001047132
v 0.03290432 0.006210481 0.0005172843
v 0.03600959 0.003796593 0.001731308
v 0.03781129 0.003783787 0.003055853
v 0.02768809 0.018952 0.000538076
v 0.03410226 0.003940019 0.0008080922
v 0.04132468 0.003293554 0.008426964
v 0.02489355 0.02250545 0.0005398135
v 0.04104274 0.005214543 0.008170863
v 0.04070246 0.007205579 0.008061716
v 0.04033326 0.009235618 0.008184191
v 0.03985342 0.01123789 0.008276037
v 0.03925799 0.01313546 0.00824457
v 0.03857579 0.0149788 0.00819817
v 0.03781521 0.01679321 0.008181788
v 0.03697667 0.01857851 0.008197411
v 0.03605434 0.02032717 0.008221876
v 0.0350475 0.02202669 0.008236219
v 0.03396281 0.02366889 0.008243057
v 0.03280114 0.02525577 0.008245984
v 0.03156343 0.02678517 0.008243276
v 0.03025558 0.02825238 0.008239695
v 0.02887653 0.02965819 0.008234758
v 0.02742778 0.03099767 0.008222959
v 0.02591868 0.03226518 0.008211343
v 0.02435468 0.03346246 0.008213787
v 0.02273245 0.03458804 0.008221427
v 0.0210561 0.03563269 0.008219655
v 0.01933701 0.03659279 0.008216166
v 0.01758073 0.03747306 0.008229289
v 0.01578311 0.03827332 0.008252777
v 0.01394629 0.03898477 0.008265944
v 0.01207467 0.03960051 0.008254411
v 0.01017432 0.04011995 0.008222535
v 0.008252616 0.04054843 0.008191844
v 0.006314173 0.04089308 0.008185791
v 0.004362108 0.04115543 0.008210539
v 0.002398381 0.04132758 0.008244246
v 0.0004298492 0.04140127 0.00826368
v -0.001537554 0.04137295 0.008257604
v -0.003499049 0.04124551 0.008233781
v -0.005450485 0.04102671 0.008214207
v -0.007391697 0.04072244 0.008216244
v -0.00932315 0.04032831 0.008228611
v -0.01123406 0.03984001 0.008233611
v -0.013115 0.03926076 0.008232862
v -0.01496741 0.03859055 0.008227144
v -0.01678721 0.03782951 0.008213624
v -0.01856697 0.03698406 0.00820168
v -0.02030696 0.03605947 0.008205501
v -0.02200681 0.03505147 0.008214455
v -0.02365567 0.03395978 0.008212704
v -0.02524544 0.0327929 0.008207246
v -0.02677795 0.03155732 0.008215102
v -0.02825381 0.03024985 0.008229981
v -0.02966378 0.02887214 0.008237628
v -0.03100213 0.02743207 0.008241643
v -0.03227067 0.0259295 0.00824476
v -0.03346612 0.02436608 0.008242982
v -0.03458399 0.02274926 0.008239107
v -0.03562446 0.02107837 0.008232488
v -0.03658386 0.01935619 0.008219401
v -0.03745986 0.01759285 0.008208796
v -0.03825575 0.01579317 0.008215219
v -0.03896911 0.01395447 0.008229508
v -0.03959189 0.01208263 0.008236409
v -0.04012208 0.01018664 0.008237938
v -0.04056022 0.008265287 0.008234176
v -0.04090395 0.006322257 0.008221682
v -0.04115449 0.004367544 0.008209468
v -0.04131648 0.002404253 0.008211784
v -0.04138663 0.0004305325 0.00821932
v -0.04135947 -0.001544935 0.008217629
v -0.04123816 -0.003510574 0.008214621
v -0.04102956 -0.005463988 0.008228107
v -0.04073121 -0.007407973 0.008251159
v -0.04033743 -0.009335671 0.008264167
v -0.03984561 -0.01124029 0.008255081
v -0.03925893 -0.01311712 0.008229658
v -0.03858534 -0.01496332 0.008208081
v -0.03783008 -0.01678027 0.008206745
v -0.03698816 -0.01856771 0.008213686
v -0.03605783 -0.02031373 0.008211179
v -0.03504644 -0.02200873 0.008204716
v -0.03395997 -0.02365356 0.00820956
v -0.03279461 -0.025249 0.008217836
v -0.0315509 -0.02678554 0.008215159
v -0.03023789 -0.02825627 0.008208702
v -0.02886195 -0.02966351 0.008215587
v -0.02741991 -0.03100772 0.008229934
v -0.02591408 -0.03227989 0.008237271
v -0.02435284 -0.03347489 0.008240864
v -0.02273605 -0.03459452 0.008243782
v -0.02106553 -0.03563583 0.008242316
v -0.01934913 -0.0365951 0.008239451
v -0.01758613 -0.03747252 0.008234749
v -0.01577953 -0.03826434 0.008223474
v -0.01394014 -0.03896848 0.008213172
v -0.01207288 -0.03958867 0.008218545
v -0.010175 -0.04012288 0.008231608
v -0.008252691 -0.04056374 0.008237014
v -0.006315293 -0.04091006 0.008236712
v -0.004361585 -0.04116261 0.00823189
v -0.002394958 -0.04131955 0.008219408
v -0.0004253988 -0.04138279 0.008207606
v 0.001544262 -0.04135713 0.00821054
v 0.003515593 -0.04123917 0.00821895
v 0.005479423 -0.04102408 0.008217884
v 0.007424405 -0.04071603 0.008214888
v 0.009348762 -0.04032218 0.008228004
v 0.01125525 -0.03983995 0.008250883
v 0.01313668 -0.03926428 0.008263889
v 0.01498592 -0.03859319 0.008254905
v 0.01679854 -0.03783028 0.008229593
v 0.01857225 -0.03698379 0.008208055
v 0.02030866 -0.03605907 0.008206935
v 0.02200698 -0.03505158 0.008214998
v 0.02365507 -0.03396109 0.008214927
v 0.02524377 -0.03279671 0.008213261
v 0.02677465 -0.03156558 0.008227664
v 0.02824895 -0.030264 0.008251264
v 0.02965792 -0.02889089 0.008264622
v 0.0309945 -0.02744771 0.008255785
v 0.03225649 -0.02593969 0.008230601
v 0.03344577 -0.02437505 0.008209277
v 0.03456628 -0.0227575 0.008208145
v 0.03561504 -0.02108314 0.008215339
v 0.0365814 -0.01935728 0.008214366
v 0.03746183 -0.01759182 0.008212849
v 0.03826079 -0.01579227 0.008228242
v 0.03897722 -0.01395559 0.008253819
v 0.03960345 -0.01208631 0.00827336
v 0.04013588 -0.01019259 0.008283178
v 0.0405808 -0.008290068 0.008311039
v 0.04095417 -0.006404572 0.008414845
v 0.0412462 -0.004552907 0.008561211
v 0.04147727 -0.002925409 0.008854121
v 0.0263532 0.02077465 0.0005393189
v 0.02887444 0.01704667 0.0005312322
v 0.02164173 0.0255929 0.000526827
v 0.03080377 0.01304333 0.0005070741
v 0.01806474 0.02822731 0.0005257088
v 0.02331487 0.02410952 0.000533669
v 0.01415728 0.03039275 0.0005304309
v 0.01988906 0.02697006 0.0005249896
v 0.009954041 0.03205586 0.0005420213
v 0.03161419 0.01095721 0.0005093949
v 0.005574283 0.0330124 0.0005155938
v 0.001126699 0.03354448 0.0005412816
v -0.00339109 0.03335969 0.0005314446
v -0.007829814 0.03261198 0.000533646
v -0.01211096 0.03127212 0.0005326041
v -0.01613442 0.02936304 0.0005229332
v -0.01986142 0.02698005 0.0005224396
v -0.02329518 0.02412783 0.0005335079
v -0.02634153 0.02079336 0.0005400713
v -0.02888202 0.01705705 0.0005348746
v -0.03087503 0.01304864 0.0005276227
v -0.03236491 0.008831492 0.0005365716
v -0.03322396 0.004442504 0.0005277712
v -0.03351641 7.754629e-06 0.0005267767
v -0.03323267 -0.004455055 0.0005309363
v -0.0323676 -0.008902317 0.0005431896
v -0.03082266 -0.0131395 0.0005237308
v -0.0288155 -0.01709398 0.0005230667
v -0.02631973 -0.02074356 0.000525285
v -0.02334816 -0.02403973 0.0005253834
v -0.01995423 -0.02697578 0.0005383343
v -0.01614068 -0.0294195 0.0005390944
v -0.01205084 -0.03127737 0.0005274486
v -0.00778606 -0.03262133 0.0005333081
v -0.003367381 -0.03336625 0.0005327196
v 0.001088794 -0.03349036 0.0005242192
v 0.005506473 -0.03305523 0.0005250404
v 0.009909815 -0.03207568 0.0005438447
v 0.01412342 -0.03040471 0.0005293756
v 0.01804567 -0.02823969 0.0005257543
v 0.02165829 -0.02559385 0.0005303338
v 0.02494181 -0.02247075 0.0005437251
v 0.02768368 -0.01888208 0.0005248101
v 0.02995461 -0.01503445 0.0005266099
v 0.0317454 -0.01087525 0.0005391533
v 0.03273981 -0.006486256 0.0004847208
v 0.007769996 0.03259584 0.000524546
v 0.01615172 0.02936045 0.0005247866
v 0.01209315 0.0313153 0.0005430938
v 0.03253888 -0.002798661 0.0002983058
v 0.04078202 -0.003387589 0.00703014
v 0.03977885 -0.003082597 0.005215653
v 0.03854476 -0.003026844 0.003696686
v 0.03712439 -0.002992684 0.002433779
v 0.03934838 0.003795295 0.004708889
v 0.02990062 0.01507094 0.0005169013
v 0.04053074 0.003628228 0.00655356
v 0.03230968 0.008762351 0.0005147032
v 0.003366296 0.03334095 0.0005249528
v -0.00113364 0.03354766 0.0005423448
v -0.005625546 0.03304439 0.000527824
v -0.009998412 0.03202296 0.0005363668
v -0.01415263 0.03037654 0.0005253209
v -0.0180409 0.02823943 0.0005249012
v -0.021617 0.02560612 0.0005250325
v -0.02487607 0.02252033 0.0005388892
v -0.02768257 0.01896703 0.0005392972
v -0.02993643 0.01508121 0.0005280704
v -0.03169536 0.01096996 0.0005340539
v -0.03287898 0.006644851 0.0005351844
v -0.03343615 0.00222532 0.0005248518
v -0.03343858 -0.002215947 0.0005254035
v -0.03289682 -0.006694571 0.0005436784
v -0.03165216 -0.01105016 0.000529594
v -0.02988821 -0.01515746 0.0005254221
v -0.02762221 -0.01896117 0.0005229556
v -0.0248879 -0.02242899 0.0005227479
v -0.02171102 -0.02556252 0.0005334773
v -0.01809059 -0.0282645 0.0005396607
v -0.01412153 -0.0304243 0.0005346036
v -0.009935815 -0.03201034 0.0005269257
v -0.005590679 -0.03307747 0.0005360749
v -0.001139755 -0.03349412 0.0005258883
v 0.003301822 -0.033352 0.0005263582
v 0.007714214 -0.03263102 0.0005310955
v 0.01205455 -0.03132948 0.0005428905
v 0.01612418 -0.02937255 0.0005239748
v 0.01988134 -0.02697426 0.0005246229
v 0.02336512 -0.02410491 0.0005434804
v 0.02636751 -0.02071028 0.000530492
v 0.02888765 -0.01699866 0.0005272385
v 0.03090917 -0.01299033 0.0005303298
v 0.03237851 -0.008686501 0.0005289431
v 0.03273684 -0.004468034 0.0003915395
v 0.0355474 -0.003076296 0.001429543
v 0.03398552 -0.003097475 0.0007317724
v 0.03190521 0.01475538 0.001162252
v 0.02535636 0.0245682 0.001236998
v 0.02363959 0.02617685 0.001219723
v 0.04010923 0.005606588 0.006189059
v 0.03971696 0.007697665 0.00611177
v 0.03950208 0.00995011 0.006639127
v 0.03895182 0.01181363 0.006575352
v 0.03829907 0.01360181 0.006456238
v 0.03757928 0.01539231 0.00639285
v 0.03679919 0.01717826 0.0063963
v 0.03595832 0.01893543 0.006449714
v 0.03502635 0.0206496 0.006489977
v 0.03400456 0.02229599 0.006494038
v 0.03291821 0.02387883 0.00650322
v 0.03174996 0.02541682 0.006509607
v 0.0305034 0.02688851 0.006494697
v 0.02919962 0.02829905 0.006494816
v 0.02781527 0.02965783 0.006490579
v 0.02635637 0.03093931 0.006457934
v 0.02484695 0.03215097 0.006438037
v 0.02329442 0.03330968 0.006464203
v 0.0216761 0.03439369 0.006478762
v 0.02000266 0.03538011 0.006456971
v 0.01829767 0.03628518 0.006446587
v 0.01656665 0.03713293 0.006491334
v 0.01479202 0.03790009 0.006537075
v 0.01298535 0.03856269 0.006548623
v 0.01113916 0.03911573 0.006510729
v 0.009257676 0.03956714 0.006442929
v 0.007353973 0.03993899 0.006394683
v 0.005431418 0.04025245 0.006407657
v 0.003508404 0.04049996 0.006473465
v 0.001578538 0.04065005 0.00652981
v -0.0003422101 0.04068789 0.006546712
v -0.002262161 0.0406109 0.006516496
v -0.004180676 0.04043082 0.006463368
v -0.006091028 0.04017361 0.006437198
v -0.007998347 0.03985438 0.006468472
v -0.009896758 0.03943885 0.006492769
v -0.01175983 0.03892002 0.006485476
v -0.01358624 0.03832113 0.006486255
v -0.01539604 0.03762615 0.006478433
v -0.01716591 0.03683205 0.006443054
v -0.01889617 0.03596411 0.006424581
v -0.02059884 0.03503485 0.006454471
v -0.02226072 0.03401311 0.006470517
v -0.02385587 0.03289946 0.006447962
v -0.02539047 0.03172078 0.006433998
v -0.02688314 0.03048983 0.006468186
v -0.02831832 0.02918113 0.006495072
v -0.02967153 0.02780141 0.006491572
v -0.0309535 0.02637349 0.006500195
v -0.03217572 0.02487541 0.006509341
v -0.03331406 0.02331679 0.006495897
v -0.03437652 0.02171769 0.006493597
v -0.03536807 0.0200537 0.006485224
v -0.03626842 0.0183362 0.006451209
v -0.03709187 0.01658633 0.006434692
v -0.03785579 0.01480822 0.00646845
v -0.03853298 0.01298655 0.006494497
v -0.03910525 0.01113833 0.006490731
v -0.03959046 0.009277031 0.006495132
v -0.03998507 0.007377837 0.006489673
v -0.04027404 0.005458309 0.00645539
v -0.04047797 0.003533004 0.006435507
v -0.04061408 0.001599503 0.006461775
v -0.04065138 -0.0003489287 0.006475851
v -0.04057707 -0.00229095 0.006454326
v -0.04041761 -0.00421564 0.006445084
v -0.04019542 -0.006130017 0.006489935
v -0.03988116 -0.008034994 0.006533413
v -0.03946324 -0.009908739 0.00654453
v -0.03893536 -0.01175749 0.006512626
v -0.03830739 -0.01358079 0.006457813
v -0.03760535 -0.01537782 0.006428268
v -0.03684158 -0.01715936 0.0064543
v -0.03598205 -0.01891233 0.0064694
v -0.03502448 -0.02060835 0.006446569
v -0.03399552 -0.02225023 0.006431286
v -0.03290785 -0.02385481 0.006459804
v -0.03173248 -0.02540954 0.006474398
v -0.03047169 -0.02689002 0.0064508
v -0.02915172 -0.02830402 0.00643533
v -0.02778383 -0.02967145 0.006468261
v -0.0263443 -0.03097475 0.006494881
v -0.02484147 -0.03218999 0.006490998
v -0.02329731 -0.03332944 0.006498683
v -0.02168915 -0.03440324 0.006507883
v -0.0200283 -0.03538834 0.006495135
v -0.01833418 -0.03629484 0.006494905
v -0.0165817 -0.03712584 0.006490693
v -0.01478436 -0.0378598 0.006458935
v -0.01296371 -0.03851123 0.006440793
v -0.0111216 -0.0391 0.006472144
v -0.009244422 -0.03959899 0.006496848
v -0.007350522 -0.0399905 0.006490438
v -0.005452612 -0.04029374 0.006491539
v -0.003525027 -0.04050492 0.006485785
v -0.001586672 -0.04060952 0.006452065
v 0.0003489847 -0.04062889 0.006432703
v 0.002286604 -0.04058041 0.006460273
v 0.004229532 -0.04043228 0.006475886
v 0.006155444 -0.04017321 0.006455025
v 0.008055525 -0.03983053 0.00644527
v 0.0099393 -0.0394264 0.006489503
v 0.01180527 -0.03893185 0.006533061
v 0.01363079 -0.03833686 0.006544126
v 0.01542109 -0.03763484 0.006512387
v 0.01717686 -0.03683542 0.006457777
v 0.01889894 -0.03596469 0.006428014
v 0.02059922 -0.03503453 0.006454315
v 0.02226148 -0.03401317 0.006471408
v 0.02385696 -0.03290129 0.006452033
v 0.02539051 -0.03172742 0.00644396
v 0.02688118 -0.03050646 0.006489763
v 0.02831414 -0.02921285 0.006533731
v 0.02966483 -0.02784892 0.006545346
v 0.03093522 -0.02640574 0.006513822
v 0.03213019 -0.02489198 0.006459359
v 0.03326323 -0.02332974 0.006430128
v 0.03434944 -0.02172403 0.006456001
v 0.03535969 -0.02005336 0.006470832
v 0.0362706 -0.01833125 0.006450652
v 0.0371004 -0.01657963 0.006444347
v 0.03787021 -0.01480383 0.006491298
v 0.03855567 -0.01298827 0.006537412
v 0.03913873 -0.01114583 0.00655753
v 0.0396219 -0.009267219 0.006550444
v 0.04003513 -0.007364242 0.006581115
v 0.0404586 -0.005487443 0.006829715
v 0.03683134 0.005490002 0.002428809
v 0.004723142 0.03486505 0.001177285
v 0.03423114 0.00812715 0.00117689
v 0.02981069 0.01890936 0.001234903
v 0.02846276 0.0208986 0.001239365
v 0.01386825 0.03246161 0.001233812
v 0.01803584 0.03028836 0.001210167
v 0.02182168 0.02764279 0.001193882
v -0.03480517 0.005789458 0.001225691
v 0.002407488 0.03521289 0.001231433
v -3.675577e-06 0.03537399 0.001270588
v -0.00242812 0.03521232 0.001231853
v -0.004784114 0.03489532 0.001195676
v -0.007114201 0.03454557 0.001219376
v -0.009422546 0.03402304 0.001235676
v -0.01170551 0.03330025 0.001232706
v -0.01388011 0.03242234 0.001218388
v -0.01596337 0.03138169 0.001189293
v -0.01801188 0.03030206 0.001209932
v -0.01994912 0.02905889 0.001208164
v -0.02178783 0.02765102 0.001186894
v -0.02361198 0.02619707 0.00121802
v -0.02533617 0.02458357 0.001235128
v -0.02696782 0.02280009 0.001240955
v -0.0284516 0.02091857 0.001240764
v -0.02981108 0.01891645 0.001236938
v -0.03098292 0.01687022 0.001223105
v -0.03198184 0.01475526 0.001195573
v -0.03293911 0.01262372 0.001221701
v -0.03373433 0.01041145 0.001236036
v -0.03435876 0.008102328 0.001234423
v 0.03453009 -0.005148311 0.001051283
v -0.0350473 0.003475345 0.001194444
v -0.03523581 0.001167643 0.001211885
v -0.03523731 -0.001149242 0.001212323
v -0.03504604 -0.003474694 0.001193805
v -0.03481759 -0.005836851 0.001235547
v -0.03440472 -0.008245008 0.001273041
v -0.0336771 -0.01057417 0.001232945
v -0.0328101 -0.01277908 0.001190443
v -0.03192543 -0.01494152 0.001208822
v -0.03088091 -0.01700696 0.001211483
v -0.02966038 -0.01897162 0.001189438
v -0.02839215 -0.02089834 0.001211398
v -0.02696629 -0.02270026 0.00120883
v -0.02538629 -0.02439147 0.001187709
v -0.02376153 -0.02606345 0.001218721
v -0.02198515 -0.02761851 0.001234122
v -0.02005033 -0.02906506 0.001238759
v -0.0180313 -0.03036334 0.001240622
v -0.01590639 -0.03151993 0.001236846
v -0.013753 -0.0324855 0.00122246
v -0.01155096 -0.03326989 0.001193889
v -0.009337596 -0.03401251 0.001219606
v -0.007056466 -0.03458776 0.001233966
v -0.004696473 -0.03498313 0.001232361
v -0.002356449 -0.03519036 0.001218727
v -2.432413e-05 -0.03521357 0.001191736
v 0.002293603 -0.03518243 0.001212844
v 0.004591792 -0.03495189 0.001210463
v 0.006889095 -0.03453713 0.00119363
v 0.009217052 -0.0340805 0.001236254
v 0.01157285 -0.03343208 0.001272827
v 0.01382076 -0.03247768 0.001231921
v 0.01593466 -0.03139891 0.001190425
v 0.01800596 -0.03030528 0.001209805
v 0.0199626 -0.0290546 0.001210157
v 0.02182277 -0.02763818 0.001192463
v 0.0236901 -0.02617196 0.001234563
v 0.02549752 -0.02452754 0.001273458
v 0.02706976 -0.02265992 0.001234923
v 0.02845984 -0.02073992 0.001192491
v 0.02980828 -0.01882151 0.001210898
v 0.03099755 -0.01681058 0.00121547
v 0.03201336 -0.01469464 0.001197165
v 0.03300094 -0.0125209 0.001232072
v 0.0338504 -0.01019167 0.001259291
v 0.03359481 0.01046741 0.001179315
v 0.0343738 -0.007707206 0.00119834
v 0.01597597 0.03138549 0.001193684
v 0.01162125 0.03341404 0.001272237
v 0.0398681 -0.004599377 0.005571008
v 0.038824 -0.004579843 0.004169684
v 0.03751976 -0.004533209 0.002874482
v 0.03864732 0.005759571 0.004147602
v 0.009278192 0.03404741 0.001228422
v 0.03615842 -0.004482344 0.001871409
v 0.03095626 0.01685528 0.00120819
v 0.006980592 0.03447535 0.001173196
v 0.02698361 0.02278376 0.001241705
v 0.03277716 0.01265421 0.001154201
v 0.01998188 0.02904547 0.001211812
v 0.03499961 0.005823415 0.00132474
v 0.03891677 0.008999033 0.005282611
v 0.03844263 0.01055249 0.005167101
v 0.03777471 0.01216471 0.00491492
v 0.03705585 0.01389031 0.004765054
v 0.03630217 0.01568606 0.004728784
v 0.03551729 0.01747176 0.004776153
v 0.03472363 0.01920049 0.00490597
v 0.03377344 0.02085779 0.004928435
v 0.03272589 0.02240026 0.004877966
v 0.03168076 0.02393813 0.004945936
v 0.03049876 0.02541393 0.004934467
v 0.02923995 0.02678459 0.004871703
v 0.02797971 0.02816409 0.004935134
v 0.02658264 0.02945847 0.004906822
v 0.02510566 0.03063493 0.00481067
v 0.02359445 0.03181592 0.004813329
v 0.02209416 0.03296192 0.004910298
v 0.02047973 0.03397968 0.004899944
v 0.01881205 0.03485394 0.004808934
v 0.01711372 0.03573144 0.00482456
v 0.01544381 0.03658703 0.004953173
v 0.01370587 0.0373082 0.004999036
v 0.01198464 0.03789191 0.004993365
v 0.01016364 0.03835856 0.004910946
v 0.008311134 0.03869644 0.00477195
v 0.006392815 0.03903368 0.00473869
v 0.004471926 0.03934298 0.00479509
v 0.002610411 0.0396185 0.00494135
v 0.0007386564 0.03973409 0.00499187
v -0.001070735 0.03972501 0.004989773
v -0.002939461 0.03957984 0.004920003
v -0.004793234 0.03931236 0.004804663
v -0.006693718 0.03903893 0.004811525
v -0.008561936 0.03875417 0.004919803
v -0.01040738 0.03830199 0.00492262
v -0.01217935 0.03773061 0.004863963
v -0.01395571 0.0371575 0.004924105
v -0.01570748 0.036423 0.004888305
v -0.01738794 0.03557042 0.004790508
v -0.01909796 0.03469023 0.004799735
v -0.02077114 0.03380436 0.004902292
v -0.02236987 0.03275833 0.004891032
v -0.02386019 0.03160405 0.00479941
v -0.02536738 0.03041782 0.004809909
v -0.02683855 0.02923752 0.004918908
v -0.02820977 0.02792421 0.004926015
v -0.02945713 0.02654383 0.004870136
v -0.03071375 0.02516489 0.004944228
v -0.03187739 0.02366688 0.004938743
v -0.03291309 0.02212091 0.00487542
v -0.03394891 0.02057335 0.004930133
v -0.0348729 0.01891326 0.004896374
v -0.03566925 0.01720271 0.004801149
v -0.03646803 0.01545697 0.004811381
v -0.03723639 0.01373337 0.004919145
v -0.03785507 0.0119368 0.004924997
v -0.03833804 0.0101348 0.004873927
v -0.03881703 0.008330364 0.004936461
v -0.03914773 0.006457845 0.004903549
v -0.03934016 0.004578813 0.00480764
v -0.03951894 0.00266639 0.00481174
v -0.03967207 0.0007835363 0.004907662
v -0.03965536 -0.001126366 0.004896133
v -0.03949082 -0.003004401 0.004806593
v -0.03931291 -0.004911004 0.00482469
v -0.03912932 -0.006775773 0.004951319
v -0.03879343 -0.008619128 0.004989716
v -0.03835805 -0.01037822 0.004986708
v -0.03777668 -0.01216432 0.004917314
v -0.03707849 -0.01390053 0.004797966
v -0.03636245 -0.01568151 0.004799618
v -0.03563925 -0.0174359 0.00490215
v -0.03474909 -0.01913184 0.004891163
v -0.03374125 -0.0207288 0.004799921
v -0.03270222 -0.02234315 0.004808287
v -0.03166034 -0.02391729 0.004906394
v -0.03046683 -0.02540713 0.004894994
v -0.02917457 -0.02677898 0.004801839
v -0.02784911 -0.02816424 0.004810739
v -0.02653348 -0.02951422 0.004918458
v -0.02509537 -0.03075352 0.004926079
v -0.02360129 -0.03186222 0.004868849
v -0.02210803 -0.03298031 0.004941804
v -0.02050532 -0.03399602 0.004937157
v -0.01886617 -0.0348797 0.004874033
v -0.01722412 -0.03576812 0.004934243
v -0.01547872 -0.036537 0.004908616
v -0.01369841 -0.03716433 0.004811361
v -0.01188632 -0.03778722 0.004816839
v -0.01009849 -0.03838431 0.004922261
v -0.008251222 -0.03882775 0.004928164
v -0.006414393 -0.03912947 0.004869503
v -0.004573378 -0.03943179 0.004929968
v -0.002676626 -0.03958329 0.004899308
v -0.0007892904 -0.03959358 0.004801927
v 0.00113222 -0.03959032 0.00480869
v 0.003020859 -0.0395638 0.004906504
v 0.004920177 -0.03936579 0.004897122
v 0.006773196 -0.03902191 0.004807166
v 0.008652781 -0.03866195 0.004824582
v 0.01049005 -0.03830056 0.004950608
v 0.01229267 -0.03779036 0.00498974
v 0.0140021 -0.03718774 0.004985648
v 0.01572603 -0.03643818 0.004917331
v 0.01738892 -0.03557587 0.004797595
v 0.01909418 -0.03469183 0.004799167
v 0.02077141 -0.03380396 0.004902019
v 0.02237513 -0.03275763 0.004894288
v 0.02386622 -0.03160477 0.004805015
v 0.02537403 -0.03042578 0.004823788
v 0.02684419 -0.02926453 0.004951463
v 0.02821368 -0.02798619 0.004990047
v 0.02945921 -0.02667004 0.004988254
v 0.03064808 -0.02521591 0.004919016
v 0.03173312 -0.02368988 0.004800694
v 0.03284583 -0.0221231 0.004802028
v 0.03392959 -0.02056669 0.004902818
v 0.03487462 -0.01890083 0.004890379
v 0.03568061 -0.01718602 0.004805144
v 0.03648842 -0.01543752 0.004826357
v 0.03726647 -0.01372089 0.004951975
v 0.03790571 -0.01194171 0.004993699
v 0.03842104 -0.01018174 0.005000642
v 0.0388274 -0.008306667 0.004943562
v 0.03917446 -0.006342727 0.004914216
v -0.03655139 0.004715056 0.002150166
v 0.01574223 0.03331398 0.002144531
v 0.03594114 0.007479651 0.002052135
v 0.02568164 0.02673334 0.002304191
v 0.02189719 0.02963409 0.002144794
v 0.00141583 0.03709756 0.002343886
v -0.001449725 0.03708607 0.002336389
v 0.003873862 0.03663855 0.002142192
v 0.01778011 0.03224991 0.002130893
v -0.03637772 0.007190604 0.00231231
v -0.00392929 0.03663313 0.002142522
v 0.01352726 0.03457762 0.002347516
v 0.03791389 -0.005927454 0.003405307
v 0.0373992 0.0069662 0.00309388
v 0.02369184 0.02821463 0.002141987
v 0.03380894 0.01435752 0.002065685
v 0.03051653 -0.02064204 0.002141838
v 0.03051015 0.02080169 0.002200959
v 0.02000059 0.03118912 0.002290116
v 0.03199935 0.01870862 0.002301755
v -0.006224095 0.03631615 0.00214419
v 0.01079633 0.03551469 0.002340118
v 0.03627668 -0.006417771 0.002140262
v 0.008323905 0.03586404 0.002124587
v 0.02913869 0.02294265 0.002316109
v -0.03676334 0.002446522 0.002143498
v 0.03594191 -0.009135655 0.002314661
v 0.03512616 -0.01197512 0.002334132
v 0.03398818 -0.01427217 0.002156355
v 0.03300197 -0.01637749 0.002141835
v 0.03200537 -0.01865208 0.002284819
v 0.03293498 0.01641256 0.002111187
v 0.03466012 0.01229874 0.002097181
v 0.02915973 -0.02252028 0.002142779
v 0.02778429 -0.02462113 0.002343226
v 0.02578859 -0.02670851 0.002345498
v 0.02371362 -0.02820429 0.002146219
v 0.0218889 -0.02961274 0.002129478
v 0.02000514 -0.03118868 0.002291635
v 0.01774564 -0.0322715 0.002132471
v 0.01569515 -0.0333257 0.002137956
v 0.01350385 -0.0345758 0.002339979
v 0.01077638 -0.0355292 0.002346082
v 0.008261087 -0.03591306 0.00214788
v 0.00599699 -0.03633494 0.002130921
v 0.003595737 -0.0368768 0.002290535
v 0.001137971 -0.03682681 0.002143309
v -0.001151514 -0.0368233 0.002141166
v -0.003638286 -0.03688448 0.002299118
v -0.006124289 -0.03640681 0.002195061
v -0.008658156 -0.03604429 0.002303563
v -0.01098222 -0.03516587 0.002140846
v -0.01313455 -0.03442999 0.002147382
v -0.01551175 -0.03367426 0.002307652
v -0.01772093 -0.03238665 0.002194717
v 0.03554762 0.009978956 0.002197452
v -0.02002263 -0.03122171 0.002318797
v -0.02202704 -0.02962778 0.00219538
v -0.02413166 -0.02813756 0.002302628
v -0.02579273 -0.02629604 0.002136136
v -0.02736193 -0.02464196 0.002128193
v -0.02910598 -0.02292616 0.002289938
v -0.03038653 -0.02083377 0.002142158
v -0.03161159 -0.01891169 0.002137994
v -0.0329851 -0.01687069 0.002288665
v -0.03384279 -0.01452501 0.00213203
v -0.0346927 -0.01238663 0.002138628
v -0.03572193 -0.01009543 0.002341306
v -0.03640444 -0.007289533 0.002345743
v -0.03654445 -0.004740019 0.002147603
v -0.03674594 -0.002444113 0.002131351
v -0.03705149 -4.501205e-06 0.002290394
v 0.006106188 0.03625077 0.002086228
v -0.03564113 0.009631934 0.002196036
v -0.03504646 0.0121068 0.002310202
v -0.0339442 0.01434093 0.002146726
v -0.03298841 0.0164209 0.002146822
v -0.03201083 0.01870326 0.002307012
v -0.03051967 0.02077757 0.002196925
v -0.02914053 0.02295135 0.002321115
v -0.02735577 0.02479557 0.002196936
v -0.02567049 0.02674133 0.002302762
v -0.0236702 0.02821985 0.002135111
v -0.0218701 0.02962122 0.002126474
v -0.0199962 0.03118759 0.002287465
v -0.01778063 0.0322662 0.002140951
v -0.01573202 0.0333013 0.00213356
v -0.01358397 0.03449467 0.002306039
v -0.01113193 0.03519933 0.002194587
v -0.008709605 0.03602981 0.002302091
v 0.02735018 0.02480774 0.002199786
v 0.03837898 0.007720997 0.004233696
v 0.0371513 0.01054603 0.003650722
v 0.03632782 0.01220508 0.003355762
v 0.03554967 0.0140835 0.003274185
v 0.03475398 0.01595768 0.003278672
v 0.03396931 0.01779511 0.003379762
v 0.03339299 0.0194676 0.003686157
v 0.03227231 0.02082597 0.003438759
v 0.03118594 0.02242373 0.003440847
v 0.0303512 0.02396031 0.003702506
v 0.02905085 0.02511146 0.003429997
v 0.02773725 0.02656645 0.003437583
v 0.0266811 0.0279685 0.003686684
v 0.02521552 0.02892747 0.003405598
v 0.02365212 0.03013324 0.003340214
v 0.02210426 0.03136092 0.003399066
v 0.02081947 0.03255341 0.003673993
v 0.01920831 0.03320757 0.003393945
v 0.01745007 0.03409351 0.003333173
v 0.01569775 0.03503035 0.003417348
v 0.0142326 0.03599583 0.00374286
v 0.01255377 0.03640707 0.003540188
v 0.01097874 0.03709957 0.003724427
v 0.009272516 0.03720826 0.003377924
v 0.007306606 0.03754624 0.003286334
v 0.005289564 0.03789384 0.003296443
v 0.00331689 0.03823386 0.003408253
v 0.001648189 0.03866309 0.003733121
v -5.211552e-05 0.03849444 0.003523924
v -0.001769364 0.03864684 0.003721688
v -0.003425288 0.03820545 0.003389991
v -0.00539761 0.03791542 0.003331188
v -0.007388734 0.03765969 0.003408454
v -0.009139736 0.03755899 0.003687949
v -0.01072482 0.03686445 0.003423268
v -0.01258948 0.03627783 0.003430492
v -0.01429975 0.03589644 0.003672145
v -0.01574645 0.03496032 0.003374645
v -0.01751353 0.03404922 0.003323193
v -0.01929834 0.0331546 0.003393339
v -0.02091861 0.03248233 0.00366749
v -0.02217684 0.03129094 0.003384248
v -0.02371789 0.03006351 0.003326686
v -0.02530405 0.02884954 0.003405224
v -0.02676099 0.02789401 0.003688138
v -0.02778598 0.02649498 0.003423714
v -0.02910182 0.02505508 0.003431732
v -0.03042666 0.02387282 0.00370793
v -0.03125856 0.02233286 0.003446832
v -0.03232895 0.02072721 0.003433075
v -0.03343689 0.01937047 0.003674877
v -0.03401797 0.01772855 0.003391689
v -0.03482922 0.01592161 0.003329427
v -0.03568712 0.01411756 0.003408843
v -0.03653821 0.01260003 0.003682422
v -0.03683173 0.01087553 0.00343403
v -0.03734725 0.008995777 0.003445388
v -0.03794419 0.007356665 0.003683501
v -0.03795617 0.00561248 0.003399892
v -0.03813796 0.003630291 0.003343326
v -0.03832967 0.001666432 0.003396977
v -0.03863866 -6.198378e-05 0.003670975
v -0.03831641 -0.001770881 0.003388646
v -0.03811847 -0.003738698 0.003334721
v -0.0379636 -0.005735431 0.003424802
v -0.03797358 -0.007462615 0.003734928
v -0.0374004 -0.009066491 0.003513085
v -0.03715266 -0.01080293 0.003725953
v -0.03633069 -0.01229775 0.003387011
v -0.03558317 -0.01413453 0.003321618
v -0.03486414 -0.01599603 0.003389891
v -0.03434524 -0.01770362 0.003671824
v -0.03328064 -0.01906316 0.003385132
v -0.03220382 -0.02073786 0.003336583
v -0.03114615 -0.02239994 0.0033957
v -0.0303235 -0.023946 0.003670649
v -0.02901471 -0.02508626 0.003387267
v -0.02764322 -0.02650168 0.003328357
v -0.02628293 -0.02796119 0.0034056
v -0.02519448 -0.02931636 0.003687928
v -0.02370114 -0.03020323 0.003422876
v -0.02214067 -0.03137365 0.003429711
v -0.02083917 -0.03257669 0.003705476
v -0.01922459 -0.03325726 0.003443966
v -0.01752637 -0.03416325 0.003426989
v -0.01605419 -0.03516714 0.003691346
v -0.01435517 -0.03559068 0.003407464
v -0.01248321 -0.03621282 0.003337257
v -0.01061647 -0.03687891 0.003407414
v -0.009016981 -0.03759123 0.003690562
v -0.007280018 -0.03770391 0.003430587
v -0.005367192 -0.0380236 0.00343081
v -0.003667647 -0.03847448 0.003681548
v -0.001941395 -0.03830725 0.003387776
v 5.729698e-05 -0.03830455 0.003337801
v 0.002031511 -0.0383109 0.00339585
v 0.00377731 -0.0384537 0.003671042
v 0.005449626 -0.03796874 0.003389161
v 0.007388927 -0.03758201 0.003334815
v 0.009358492 -0.03723625 0.003424669
v 0.01107412 -0.03708154 0.003734836
v 0.01261659 -0.03635603 0.003512412
v 0.01432123 -0.03594223 0.003724844
v 0.01573539 -0.03497859 0.003386385
v 0.01749599 -0.03405613 0.00332141
v 0.01928104 -0.03316052 0.003389857
v 0.02093043 -0.032481 0.003672962
v 0.02218826 -0.03128703 0.003387564
v 0.0237347 -0.03005876 0.003333085
v 0.02533212 -0.02885063 0.003424103
v 0.02679281 -0.02792553 0.003735017
v 0.02783272 -0.02657827 0.003514047
v 0.02916139 -0.02543189 0.003727914
v 0.02997562 -0.0239348 0.003390283
v 0.03112258 -0.02231087 0.003327149
v 0.03230425 -0.02068982 0.003393083
v 0.03344432 -0.01934086 0.003666161
v 0.03402257 -0.01770489 0.003385049
v 0.03486711 -0.0158773 0.003344842
v 0.03571452 -0.01407383 0.003418044
v 0.03660277 -0.01255886 0.003732267
v 0.03692969 -0.01086073 0.00352305
v 0.0375715 -0.009243137 0.003726363
v 0.0376092 -0.007578627 0.0033963
v 0.03699558 0.008657963 0.003051418
v 0.03797687 0.0092873 0.004172939
v 0.02821804 0.0009172142 0.0
v 0.02796643 0.002782118 0.0
v 0.02765153 0.004682957 0.0
v 0.02723244 0.006600041 0.0
v 0.02668653 0.008505088 0.0
v 0.02600833 0.01040018 0.0
v 0.02519004 0.01232395 0.0
v 0.02418167 0.01450892 0.0
v 0.02278017 0.01651044 0.0
v 0.02149766 0.01814714 0.0
v 0.02013804 0.01960975 0.0
v 0.01868918 0.0209421 0.0
v 0.01715231 0.02217708 0.0
v 0.01551834 0.02332982 0.0
v 0.01375131 0.02443024 0.0
v 0.01168467 0.02563717 0.0
v 0.009398816 0.02646496 0.0
v 0.007419457 0.02710022 0.0
v 0.005464728 0.02756286 0.0
v 0.003490137 0.02785322 0.0
v 0.001479162 0.02799339 0.0
v -0.0006186526 0.02802336 0.0
v -0.003029826 0.0280122 0.0
v -0.005434676 0.02760026 0.0
v -0.007430222 0.02725778 0.0
v -0.009298309 0.02667545 0.0
v -0.01102717 0.02584504 0.0
v -0.01276675 0.02493931 0.0
v -0.01448944 0.02394083 0.0
v -0.01618113 0.02283855 0.0
v -0.01787028 0.02161596 0.0
v -0.01976057 0.02017136 0.0
v -0.02139257 0.01835762 0.0
v -0.02263596 0.01670123 0.0
v -0.02367942 0.01500799 0.0
v -0.02462355 0.01326422 0.0
v -0.02548238 0.01146161 0.0
v -0.02625972 0.009594044 0.0
v -0.02698033 0.007637776 0.0
v -0.02776851 0.005443233 0.0
v -0.02807668 0.003056344 0.0
v -0.02807243 0.001025179 0.0
v -0.02798892 -0.0009808332 0.0
v -0.02779373 -0.002974435 0.0
v -0.02748625 -0.004960099 0.0
v -0.02707149 -0.006946526 0.0
v -0.02656069 -0.00897043 0.0
v -0.02597331 -0.01122737 0.0
v -0.02488077 -0.01337253 0.0
v -0.02373143 -0.01504718 0.0
v -0.02252968 -0.01665463 0.0
v -0.02124148 -0.01818673 0.0
v -0.01986408 -0.0196475 0.0
v -0.01839631 -0.02104767 0.0
v -0.01682602 -0.02242432 0.0
v -0.01505823 -0.02394942 0.0
v -0.0129364 -0.02509233 0.0
v -0.0110338 -0.02581652 0.0
v -0.009126243 -0.02645982 0.0
v -0.00719066 -0.02699786 0.0
v -0.005223387 -0.02743304 0.0
v -0.003220554 -0.02777419 0.0
v -0.001157894 -0.02804746 0.0
v 0.001146898 -0.02832904 0.0
v 0.003536577 -0.02808434 0.0
v 0.00549157 -0.02757012 0.0
v 0.007417506 -0.02699086 0.0
v 0.009324716 -0.02632283 0.0
v 0.01120234 -0.02555031 0.0
v 0.0130545 -0.02467217 0.0
v 0.01491635 -0.02370762 0.0
v 0.01697825 -0.02266196 0.0
v 0.01883416 -0.02113272 0.0
v 0.02017038 -0.01962062 0.0
v 0.02142947 -0.0180684 0.0
v 0.02261481 -0.01645331 0.0
v 0.02371907 -0.01477197 0.0
v 0.02474719 -0.01302201 0.0
v 0.02573001 -0.01118263 0.0
v 0.02681176 -0.009117084 0.0
v 0.02745294 -0.006804318 0.0
v 0.02775014 -0.004816207 0.0
v 0.02800521 -0.002874465 0.0
v 0.02823119 -0.0009892923 0.0
v 0.02595608 0.003393372 0.0
v 0.02558802 0.005279438 0.0
v 0.02510228 0.007156245 0.0
v 0.02448205 0.009027666 0.0
v 0.02373633 0.01089089 0.0
v 0.02288753 0.0127806 0.0
v 0.02073336 0.01627991 0.0
v 0.01944694 0.01774969 0.0
v 0.01805237 0.01904201 0.0
v 0.01656927 0.0202462 0.0
v 0.0150026 0.02137792 0.0
v 0.01333736 0.02245089 0.0
v 0.01155772 0.02348 0.0
v 0.00780022 0.02506768 0.0
v 0.02190195 0.01459869 0.0
v 0.005922207 0.02562508 0.0
v 0.004003384 0.02595694 0.0
v 0.002051929 0.02608428 0.0
v 3.908391e-05 0.02610906 0.0
v -0.00206548 0.02607519 0.0
v -0.00419 0.02590695 0.0
v -0.007959258 0.02552974 0.0
v -0.01941198 0.01799536 0.0
v -0.009425331 0.024591 0.0
v -0.0111116 0.02366346 0.0
v -0.01283239 0.02267342 0.0
v -0.01452808 0.02160577 0.0
v -0.0161928 0.02045931 0.0
v -0.0178469 0.0192672 0.0
v -0.02070289 0.01645844 0.0
v -0.02644343 0.003921503 0.0
v -0.02164513 0.0147868 0.0
v -0.02253782 0.0130617 0.0
v -0.02338989 0.01127845 0.0
v -0.02418774 0.009434924 0.0
v -0.02494054 0.007534899 0.0
v -0.02568861 0.005613186 0.0
v -0.02626271 0.002074316 0.0
v -0.02402227 -0.0117363 0.0
v -0.02615776 6.451013e-05 0.0
v -0.02595079 -0.001928002 0.0
v -0.02565181 -0.003912758 0.0
v -0.02526511 -0.005898953 0.0
v -0.02481191 -0.007898101 0.0
v -0.02434846 -0.009910572 0.0
v -0.02283675 -0.01316238 0.0
v -0.01315747 -0.02325052 0.0
v -0.02161957 -0.01476326 0.0
v -0.02032498 -0.01628697 0.0
v -0.01895687 -0.01774863 0.0
v -0.01751366 -0.01916093 0.0
v -0.01600345 -0.02054596 0.0
v -0.01447138 -0.02193635 0.0
v -0.01135712 -0.02373949 0.0
v 0.002314562 -0.02678384 0.0
v -0.009430637 -0.02436224 0.0
v -0.007482538 -0.02488866 0.0
v -0.005508584 -0.0253373 0.0
v -0.003502716 -0.02571463 0.0
v -0.001470907 -0.02604703 0.0
v 0.0005364824 -0.02640494 0.0
v 0.004019029 -0.02613051 0.0
v 0.0171057 -0.02070178 0.0
v 0.005912817 -0.02546691 0.0
v 0.007843986 -0.02477006 0.0
v 0.009750026 -0.02399068 0.0
v 0.01163128 -0.02312509 0.0
v 0.01350754 -0.02216725 0.0
v 0.01538155 -0.02129978 0.0
v 0.01818491 -0.01923381 0.0
v 0.02573451 -0.007454323 0.0
v 0.009685571 0.0243556 0.0
v 0.01937695 -0.01765248 0.0
v 0.02054788 -0.01601702 0.0
v 0.02165994 -0.01433038 0.0
v 0.02271182 -0.01259555 0.0
v 0.02372757 -0.010816 0.0
v 0.02474469 -0.009020458 0.0
v 0.02583763 -0.005616404 0.0
v 0.02606625 -0.003644408 0.0
v -0.00621246 0.02563697 0.0
v 0.02626456 0.00155507 0.0
v 0.02629471 -0.001737065 0.0
v 0.02357084 0.005803562 0.0
v 0.02301371 0.007632161 0.0
v 0.0223253 0.009421176 0.0
v 0.02153204 0.01119585 0.0
v 0.006291682 0.02374675 0.0
v 0.02429524 0.001971561 0.0
v 0.01744197 0.01721418 0.0
v 0.01603462 0.01834603 0.0
v 0.01455578 0.0194334 0.0
v 0.01298671 0.02047277 0.0
v 0.01134211 0.02143179 0.0
v 0.01733451 -0.01740041 0.0
v -0.01902555 0.01621739 0.0
v 0.004508112 0.02418987 0.0
v 0.002672644 0.02426106 0.0
v 0.0007602665 0.02424635 0.0
v -0.001221363 0.02418441 0.0
v -0.003237922 0.02407267 0.0
v 0.02670381 -8.068206e-05 0.0
v -0.009379893 0.02250027 0.0
v -0.01113978 0.02148725 0.0
v -0.01285466 0.02043287 0.0
v -0.01450545 0.01931586 0.0
v -0.01969122 0.01465786 0.0
v -0.02448429 0.003455044 0.0
v -0.0204857 0.01295656 0.0
v -0.02132165 0.01119351 0.0
v -0.02212519 0.00936352 0.0
v -0.02288774 0.007482624 0.0
v -0.02445095 0.001160571 0.0
v -0.0221478 -0.01101934 0.0
v -0.02419939 -0.0008326514 0.0
v -0.02389945 -0.002802347 0.0
v -0.02351726 -0.004784697 0.0
v -0.02307541 -0.006775739 0.0
v -0.02083976 -0.0129035 0.0
v -0.01201432 -0.02157171 0.0
v -0.0195129 -0.01440273 0.0
v -0.01815624 -0.01584496 0.0
v -0.01672293 -0.01725004 0.0
v -0.01523204 -0.01862929 0.0
v -0.009834486 -0.02235975 0.0
v 0.002300309 -0.02497572 0.0
v 0.02398806 0.003923892 0.0
v -0.007857294 -0.02283762 0.0
v -0.005878362 -0.02328272 0.0
v -0.003857455 -0.02367744 0.0
v -0.00179654 -0.02402769 0.0
v 0.004259854 -0.02409491 0.0
v 0.01615126 -0.01915662 0.0
v 0.006292627 -0.02335316 0.0
v 0.008236329 -0.02254253 0.0
v 0.01013778 -0.02167089 0.0
v 0.0120241 -0.02074761 0.0
v 0.02390754 -0.006752208 0.0
v 0.01850522 -0.01571049 0.0
v 0.01961961 -0.01399125 0.0
v 0.02067154 -0.01225112 0.0
v 0.02169704 -0.01048578 0.0
v 0.02422451 -0.004471873 0.0
v 0.00794671 0.02303838 0.0
v -0.007465113 0.02364147 0.0
v 0.01988378 0.01454144 0.0
v -0.01761996 0.01710285 0.0
v 0.02465356 -0.0002008957 0.0
v -0.01609675 0.01817019 0.0
v -0.02363789 0.005539016 0.0
v 0.02070221 0.01291125 0.0
v -0.02260556 -0.008810403 0.0
v 0.01878506 0.0160156 0.0
v -0.01367664 -0.02002777 0.0
v 0.0003040083 -0.02438936 0.0
v 0.02433036 -0.002430041 0.0
v 0.01401677 -0.01944537 0.0
v 0.009640059 0.02228181 0.0
v 0.0227398 -0.008685316 0.0
v -0.005248327 0.02395153 0.0
v -0.00944254 0.02033497 0.0
v 0.02096596 0.007963129 0.0
v 0.02019737 0.009671075 0.0
v 0.004976846 0.02262911 0.0
v 0.02252898 0.0006130529 0.0
v 0.01414699 0.01750144 0.0
v 0.01266854 0.01851568 0.0
v 0.01113389 0.01944741 0.0
v 0.004701818 -0.0220685 0.0
v 0.01817855 0.01448429 0.0
v 0.003363438 0.0225392 0.0
v 0.001549175 0.02245891 0.0
v -0.0003705311 0.02235456 0.0
v -0.002342745 0.02223464 0.0
v -0.01117058 0.01931533 0.0
v -0.01282994 0.01821812 0.0
v -0.01773349 0.01496667 0.0
v -0.01926831 0.01121131 0.0
v -0.02007103 0.009391442 0.0
v -0.02083497 0.007540393 0.0
v -0.02289063 0.002101608 0.0
v 0.01693025 0.01540733 0.0
v -0.02222188 -0.001645706 0.0
v -0.02184242 -0.003594266 0.0
v -0.02139417 -0.005561236 0.0
v -0.02009369 -0.01125607 0.0
v -0.01744671 -0.0139505 0.0
v -0.01603598 -0.01531479 0.0
v -0.01457206 -0.01665935 0.0
v -0.01015024 -0.02054981 0.0
v -0.00632679 -0.02125884 0.0
v -0.004310618 -0.02166524 0.0
v -0.002243688 -0.02202745 0.0
v 0.002324041 -0.02276745 0.0
v 0.01649198 -0.01551401 0.0
v 0.006651493 -0.02121527 0.0
v 0.008575381 -0.02030918 0.0
v 0.01043481 -0.0193704 0.0
v 0.01760449 -0.01376357 0.0
v 0.01862674 -0.01200817 0.0
v 0.01963632 -0.01024617 0.0
v 0.02260492 -0.005245212 0.0
v -0.008298601 -0.02082275 0.0
v -0.0225132 0.0003016114 0.0
v -0.01839805 0.01304294 0.0
v -0.0187809 -0.01253172 0.0
v -0.006122004 0.02221722 0.0
v 0.02159681 0.006244913 0.0
v 0.02246004 -0.001406657 0.0
v 0.006290245 0.02175958 0.0
v -0.02091785 -0.007538341 0.0
v 0.01528362 -0.01728695 0.0
v -0.01442773 0.01703571 0.0
v 0.01556535 0.01644893 0.0
v -0.02155195 0.005646728 0.0
v -0.02046894 -0.009496981 0.0
v 0.0193316 0.0113361 0.0
v -0.01306011 -0.01800075 0.0
v 0.01863392 0.01295458 0.0
v -0.02224172 0.003772904 0.0
v -8.827718e-05 -0.02236606 0.0
v 0.0224054 -0.003419485 0.0
v 0.01217559 -0.01864722 0.0
v 0.009505329 0.020273 0.0
v -0.007700127 0.02130783 0.0
v 0.02065541 -0.008484835 0.0
v -0.004324552 0.02212495 0.0
v 0.02208036 0.004452636 0.0
v 0.02237375 0.002581771 0.0
v 0.01962912 0.006520374 0.0
v 0.007840634 0.02099621 0.0
v -0.01601941 0.01585794 0.0
v -0.007718186 0.01917855 0.0
v 0.01094868 0.01751099 0.0
v 0.01451851 -0.015339 0.0
v -0.01152932 -0.01932908 0.0
v 0.002497019 0.02077311 0.0
v 0.0005637936 0.02060486 0.0
v -0.001401677 0.02044715 0.0
v -0.02024168 -0.002356632 0.0
v 0.01675873 0.01348702 0.0
v -0.01804234 0.009471481 0.0
v -0.009469437 0.01822015 0.0
v -0.01113961 0.01720571 0.0
v -0.01878744 0.007650574 0.0
v -0.0197824 -0.004285555 0.0
v 0.02169716 -0.006785171 0.0
v -0.01400296 -0.01466801 0.0
v -0.004832696 -0.01967497 0.0
v -0.002791348 -0.02004767 0.0
v 0.005026196 -0.01996753 0.0
v 0.006954324 -0.01907784 0.0
v 0.008882827 -0.01804005 0.0
v 0.01564964 -0.0136301 0.0
v 0.004428582 0.02098859 0.0
v 0.01657881 -0.01187934 0.0
v 0.01756074 -0.01009814 0.0
v 0.01524552 0.01449584 0.0
v 0.01898611 0.00813817 0.0
v 0.01381179 0.01554297 0.0
v 0.01327004 -0.01700444 0.0
v -0.009145759 -0.01868901 0.0
v 0.01095017 -0.01681375 0.0
v -0.0168767 -0.01205925 0.0
v -0.005692631 0.02016837 0.0
v -0.01928077 -0.006236809 0.0
v -0.01095998 -0.0172975 0.0
v -0.0195337 0.00583666 0.0
v -0.01273411 0.01603975 0.0
v 0.02080406 -0.004842118 0.0
v -0.02064342 -0.0004114422 0.0
v -0.02082796 0.00184127 0.0
v -0.01828969 -0.01036093 0.0
v -0.000714571 -0.0203839 0.0
v -0.01610456 0.01336475 0.0
v -0.01251805 -0.01597672 0.0
v 0.01807555 0.009767676 0.0
v -0.00688117 -0.01924876 0.0
v 0.003314947 -0.02084761 0.0
v -0.01545544 -0.01336641 0.0
v 0.01857566 -0.00831686 0.0
v 0.009418696 0.01835209 0.0
v 0.0202436 0.004911039 0.0
v -0.003428255 0.0203074 0.0
v 0.01239788 0.01655566 0.0
v 0.02060572 -0.0005401768 0.0
v 0.02060826 0.001363314 0.0
v -0.00614058 0.01791565 0.0
v 0.01691611 0.01141241 0.0
v 0.01209178 0.01461232 0.0
v -0.01352673 -0.01264785 0.0
v -0.0003437461 0.01872487 0.0
v 0.02024638 -0.002748282 0.0
v -0.01430043 0.01469409 0.0
v 0.001412494 -0.02066204 0.0
v -0.009452165 0.01616949 0.0
v 0.005237943 -0.01793646 0.0
v -0.01675346 0.007767305 0.0
v -0.01725726 0.01132355 0.0
v -0.01824518 -0.002969075 0.0
v -0.01879557 -0.008216548 0.0
v -0.007832398 0.01704768 0.0
v 0.01073268 0.01557877 0.0
v 0.0196463 -0.006562693 0.0
v -0.003347497 -0.01808878 0.0
v -0.01633168 -0.01038747 0.0
v 0.02058424 0.003157482 0.0
v 0.003067657 -0.01885638 0.0
v 0.007150203 -0.01702061 0.0
v 0.01385542 -0.01358993 0.0
v 0.01545321 -0.01007047 0.0
v 0.01505871 0.01249412 0.0
v -0.01494764 -0.01143889 0.0
v 0.0176615 0.00660583 0.0
v 0.01451573 -0.01186474 0.0
v -0.02015383 0.00389565 0.0
v 0.01352447 0.01358073 0.0
v -0.01543021 0.01131063 0.0
v 0.005812869 0.01960486 0.0
v -0.004264885 0.01841163 0.0
v -0.01771709 -0.004881026 0.0
v 0.01874545 -0.004658027 0.0
v 0.007755407 0.01904054 0.0
v 0.01721895 0.008166949 0.0
v 0.008932647 -0.01575112 0.0
v -0.01747223 0.005961132 0.0
v -0.01102961 0.01523072 0.0
v -0.00535216 -0.01771121 0.0
v 0.01887626 -0.001387343 0.0
v -0.01916642 0.0006611455 0.0
v -0.01872525 -0.00109572 0.0
v -0.01206621 -0.01392251 0.0
v -0.001323755 -0.01842944 0.0
v -0.01674873 -0.008700722 0.0
v 0.01869061 0.0003334226 0.0
v 0.003577168 0.01921824 0.0
v 0.001604518 0.01895153 0.0
v 0.01833014 0.005069378 0.0
v 0.01647226 -0.00824973 0.0
v 0.00939125 0.01649219 0.0
v 0.01247572 -0.01491669 0.0
v -0.002304189 0.01854511 0.0
v -0.0137274 0.01221806 0.0
v -0.01606777 0.009591077 0.0
v -0.009086132 -0.01641855 0.0
v -0.01826141 0.002406112 0.0
v 0.01468428 0.01049897 0.0
v 0.01755418 -0.006451059 0.0
v -0.01718803 -0.006803494 0.0
v 0.01781266 -0.002905008 0.0
v -0.01410928 0.00992333 0.0
v 0.0007270067 -0.01876207 0.0
v -0.0147356 0.007995252 0.0
v -0.007295191 -0.01728362 0.0
v -0.0105951 -0.01518559 0.0
v -0.01247411 0.01393261 0.0
v 0.01600784 0.009279566 0.0
v 0.01038832 0.01368343 0.0
v 0.002648621 0.0173706 0.0
v 0.005514717 -0.01594622 0.0
v -0.01830236 0.004362814 0.0
v 0.0007548931 0.01706693 0.0
v -0.007508347 -0.0154758 0.0
v 0.004498837 0.01770136 0.0
v -0.004801167 0.01665785 0.0
v 0.007900143 0.01719178 0.0
v -0.01623919 -0.0034984 0.0
v 0.007162998 -0.01513758 0.0
v -0.01541661 0.006074413 0.0
v -0.009393016 0.0142257 0.0
v 0.0132032 0.01163971 0.0
v -0.006232709 0.01578922 0.0
v -0.01167376 -0.01186642 0.0
v -0.005819679 -0.01575413 0.0
v -0.00188495 -0.0164914 0.0
v -0.01734613 0.0003454079 0.0
v -0.003897322 -0.01615444 0.0
v 0.0165898 -0.004622974 0.0
v 0.01904262 0.003711457 0.0
v 0.01701806 -0.001020135 0.0
v -0.007823237 0.01499187 0.0
v 0.01048703 -0.01423265 0.0
v 0.01878546 0.002106604 0.0
v 0.003656093 -0.0166899 0.0
v 0.01640061 0.00496402 0.0
v 0.01433784 -0.008279501 0.0
v 0.0122347 -0.01241044 0.0
v -0.0147806 -0.00939383 0.0
v 0.009099499 0.01462049 0.0
v -0.001177247 0.01681239 0.0
v -0.01316191 -0.01055266 0.0
v 0.01327895 -0.01020436 0.0
v 0.01556455 0.006926572 0.0
v -0.00875165 -0.01431662 0.0
v -0.01680448 -0.00158434 0.0
v 0.01542686 -0.006428105 0.0
v -0.00309644 0.01663113 0.0
v -0.0148912 -0.002088089 0.0
v 0.01177433 0.0126954 0.0
v -0.01274064 0.008318884 0.0
v 0.00630558 0.01764699 0.0
v 0.0001046944 -0.01679647 0.0
v -0.01507104 -0.007383769 0.0
v 0.003689352 0.01583032 0.0
v 0.001902097 -0.01724392 0.0
v 0.01569132 -0.002766672 0.0
v -0.01019045 -0.0131162 0.0
v -0.0121975 0.01025694 0.0
v 0.01733756 0.003301084 0.0
v 0.01280109 0.009686813 0.0
v -0.01599654 0.001769061 0.0
v 0.001887287 0.01547316 0.0
v 0.01141931 0.01082773 0.0
v -0.01539923 -0.0001897819 0.0
v 0.0100003 0.01184271 0.0
v -0.01562639 -0.005417256 0.0
v 0.005791285 -0.01387931 0.0
v -0.013336 0.006404561 0.0
v 0.01009319 -0.0121464 0.0
v -0.006601411 -0.01366259 0.0
v -0.01133141 -0.009852383 0.0
v 0.01444888 -0.004578453 0.0
v -0.004226319 0.01467131 0.0
v -0.0108323 0.01353219 0.0
v 0.01413061 0.008394927 0.0
v -0.009801828 -0.01109526 0.0
v 0.01659157 0.001128803 0.0
v -0.002440037 -0.01461743 0.0
v -0.01625106 0.003994131 0.0
v 0.01539777 0.002959027 0.0
v 0.008622761 0.01282262 0.0
v 0.008181845 -0.01330209 0.0
v 0.0144384 0.004735864 0.0
v -0.01289847 -0.008187626 0.0
v 0.01218839 -0.008345192 0.0
v -1.090264e-05 0.01514277 0.0
v -0.01418053 -0.003981263 0.0
v 0.004068701 -0.01485202 0.0
v -0.007922794 0.01297651 0.0
v 0.008037282 0.01557534 0.0
v -0.009640277 0.01231513 0.0
v -0.0003517012 -0.01484684 0.0
v 0.01107431 -0.01030556 0.0
v 0.01329412 -0.006437955 0.0
v -0.008272487 -0.01231919 0.0
v 0.009672158 0.01006225 0.0
v -0.006171836 0.01375594 0.0
v 0.005238135 0.01625166 0.0
v -0.01075645 0.008669396 0.0
v -0.01157691 0.01204192 0.0
v -0.0145047 0.002842405 0.0
v 0.01492889 -0.0008415095 0.0
v 0.006623744 0.015773 0.0
v -0.004469349 -0.01424031 0.0
v -0.01345066 -0.005899309 0.0
v -0.01090274 -0.008085805 0.0
v -0.002010999 0.01486257 0.0
v -0.01394728 0.004529215 0.0
v 0.001955594 -0.01514323 0.0
v 0.01339845 0.00634306 0.0
v 0.003648284 -0.01285433 0.0
v 0.003118764 0.01396411 0.0
v 0.01103789 0.009007855 0.0
v 0.006201299 -0.01181453 0.0
v -0.006433231 0.01167337 0.0
v -0.002663463 0.01287141 0.0
v 0.005113508 0.0144463 0.0
v 0.001257454 0.0135389 0.0
v -0.01019186 0.01052485 0.0
v 0.01354599 -0.002683904 0.0
v -0.01345038 -0.0007772707 0.0
v -0.01392648 0.001111733 0.0
v -0.01130494 0.006750824 0.0
v 0.01001801 -0.00839321 0.0
v -0.006463624 -0.01137639 0.0
v 0.01419097 0.001030275 0.0
v -0.004591915 0.01242819 0.0
v 0.008229118 0.01088988 0.0
v 0.01221509 0.007738441 0.0
v -0.01310833 -0.002528861 0.0
v -0.01134127 -0.006290635 0.0
v -0.009456244 -0.009110221 0.0
v 0.008539607 -0.01053847 0.0
v 0.0124561 0.004449418 0.0
v 0.00719971 0.01396949 0.0
v -0.002987986 -0.01285435 0.0
v -0.008222187 0.01095947 0.0
v -0.004865528 -0.01234023 0.0
v -0.001015168 -0.01297022 0.0
v 0.01117279 -0.006447221 0.0
v 0.01339444 0.002807123 0.0
v 0.01273456 -0.0007749557 0.0
v -0.007967758 -0.01022983 0.0
v 0.001139181 -0.01303766 0.0
v 0.01230813 -0.004540127 0.0
v 0.004237124 0.0125386 0.0
v -0.01175663 -0.004050073 0.0
v -0.0006745253 0.01319272 0.0
v 0.007941561 -0.008200947 0.0
v 0.006329944 -0.009651067 0.0
v 0.009465256 0.008476129 0.0
v 0.007944964 0.009002751 0.0
v -0.003469064 -0.01128797 0.0
v 0.01201681 0.001086861 0.0
v 0.01135314 -0.00257516 0.0
v 0.002558145 0.01197728 0.0
v -0.009313666 0.007154374 0.0
v -0.001241981 0.01121618 0.0
v 0.005810051 0.01289662 0.0
v -0.009364488 -0.007067906 0.0
v 0.01138366 0.005862952 0.0
v -0.01243967 0.0026831 0.0
v 0.002214187 -0.01105569 0.0
v -0.01195255 0.000404475 0.0
v -0.003182617 0.01081919 0.0
v -0.006186065 -0.009268289 0.0
v 0.01042015 0.00404018 0.0
v -0.004972313 0.01054104 0.0
v -0.006542904 0.009374799 0.0
v -0.008767113 0.009081685 0.0
v -0.01186461 0.004806753 0.0
v 0.0043761 -0.01061072 0.0
v -0.001794023 -0.0112223 0.0
v -0.004765103 -0.01034443 0.0
v -0.01147178 -0.001652038 0.0
v 0.009098122 -0.006409449 0.0
v 0.006137489 -0.0077595 0.0
v 0.007005535 0.01190634 0.0
v 0.000706772 0.01156535 0.0
v 0.006163672 0.009774358 0.0
v 0.01158474 0.002804031 0.0
v -0.01064693 0.001574525 0.0
v -0.007720459 -0.008139347 0.0
v 0.0001542753 -0.01110416 0.0
v 0.009354161 0.005552535 0.0
v 0.002982936 -0.009316737 0.0
v 0.01035283 0.007221789 0.0
v -0.009532778 -0.004986263 0.0
v 0.0105268 -0.0005065896 0.0
v 0.004557534 -0.008502155 0.0
v 0.01018478 -0.004490991 0.0
v 0.009763498 0.001809983 0.0
v -0.009629496 -0.000329322 0.0
v 0.0002064686 0.009605904 0.0
v -0.009777327 0.005252757 0.0
v -0.002933456 -0.00967395 0.0
v 0.009073416 -0.002405995 0.0
v -0.007595036 -0.006040552 0.0
v -0.001826256 0.00925518 0.0
v -0.005873555 -0.007193779 0.0
v 0.001065534 -0.008915839 0.0
v -0.004062221 0.008664721 0.0
v 0.004030081 0.01047228 0.0
v -0.007551918 0.007679765 0.0
v 0.008408915 0.007151772 0.0
v 0.008375445 0.003716895 0.0
v -0.004339445 -0.008405448 0.0
v 0.007044131 -0.006234465 0.0
v -0.007515311 0.005705836 0.0
v 0.005433889 0.01139641 0.0
v 0.002193256 0.009910598 0.0
v -0.01033099 0.003354487 0.0
v 0.008421165 -5.352917e-05 0.0
v -0.009577485 -0.002769955 0.0
v -0.007570723 -0.0039076 0.0
v -0.005669591 -0.005080815 0.0
v 0.006419068 0.007564368 0.0
v -0.005751028 0.007152823 0.0
v 0.007274669 0.005547932 0.0
v -0.001034914 -0.009406669 0.0
v 0.008148436 -0.00456537 0.0
v -0.00837565 0.003737943 0.0
v 0.004066524 0.008156694 0.0
v -0.008858655 0.001812216 0.0
v 0.007162047 -0.003078688 0.0
v 0.004726324 -0.006236471 0.0
v -0.00240502 -0.007810254 0.0
v -0.0038884 0.006380054 0.0
v -0.0003223564 0.007756726 0.0
v -0.002250725 0.007377703 0.0
v 0.001695397 0.007866283 0.0
v 0.007341745 0.001848842 0.0
v -0.003884741 -0.006351358 0.0
v 0.002794564 -0.007427256 0.0
v 0.006028253 -0.004453008 0.0
v -0.007565494 -0.001741084 0.0
v 0.005101297 0.005782506 0.0
v -0.00656704 0.003937426 0.0
v -0.00526244 0.005084039 0.0
v -0.0005714903 -0.007620302 0.0
v -0.005562059 -0.00290271 0.0
v 0.007248748 -0.001471436 0.0
v 0.006165876 0.003752911 0.0
v 0.005371084 -0.002147398 0.0
v 0.006205797 3.891769e-05 0.0
v -0.00742901 0.0003314304 0.0
v -0.006981534 0.002268083 0.0
v 0.0008075527 0.005897787 0.0
v -0.000902623 0.00614752 0.0
v 0.004100201 -0.003981328 0.0
v -0.001562052 -0.005688245 0.0
v -0.003673235 -0.004190217 0.0
v -0.003305842 0.004252197 0.0
v 0.002894485 0.005890696 0.0
v -0.002293703 0.005597147 0.0
v -0.004810016 0.002805205 0.0
v -0.005570924 -0.0007874379 0.0
v 0.003246512 -0.001976095 0.0
v 0.003919523 0.003823125 0.0
v 0.002315562 -0.003572265 0.0
v -0.001790971 -0.003437843 0.0
v 0.001602575 0.00383702 0.0
v -0.0008543895 0.004120596 0.0
v -0.005696775 0.001056525 0.0
v -0.00241643 0.002300535 0.0
v 0.0001643525 0.001679208 0.0
v 0.001309715 -0.002129086 0.0
v -0.0003180275 -0.002459714 0.0
f 1950 1951 1952
f 1951 1953 1954
f 1955 1956 1957
f 1958 1959 1960
f 1961 1962 1963
f 1964 1965 1966
f 1967 1968 1969
f 1970 1971 1972
f 1973 1974 1975
f 1976 1977 1978
f 1979 1980 1981
f 1982 1983 1984
f 1985 1986 1987
f 1988 1989 1990
f 1991 1992 1993
f 1994 1995 1996
f 1997 1998 1999
f 2000 2001 2002
f 2003 2004 2005
f 2006 2007 2008
f 2009 2010 2011
f 2012 2013 2014
f 2015 2016 2017
f 2018 2019 2020
f 2021 2022 2023
f 2024 2025 2026
f 2027 2028 2029
f 2030 2031 2032
f 2033 2034 2035
f 2036 2037 2038
f 2039 2040 2041
f 2042 2043 2044
f 2045 2046 2047
f 2048 2049 2050
f 2051 2052 2053
f 2054 2055 2056
f 2057 2058 2059
f 2060 2061 2062
f 2063 2064 2065
f 2066 2067 2068
f 2069 2070 2071
f 2072 2073 2074
f 2075 2076 2077
f 2078 2079 2080
f 2081 2082 2083
f 2084 2085 2086
f 2087 2088 2089
f 2090 2091 2092
f 2093 2094 2095
f 2096 2097 2098
f 2099 2100 2101
f 2102 2103 2104
f 2105 2106 2107
f 2108 2109 2110
f 2111 2112 2113
f 2114 2115 2116
f 2117 2118 2119
f 2120 2121 2122
f 2123 2124 2125
f 2126 2127 2128
f 2129 2130 2131
f 2132 2133 2134
f 2135 2136 2137
f 2138 2139 2140
f 2141 2142 2143
f 2144 2145 2146
f 2147 1950 1952
f 2148 2149 2150
f 2149 2151 2152
f 2153 2154 2155
f 2156 2157 2158
f 2159 2160 2161
f 2162 2163 2164
f 2165 2166 2167
f 2168 2169 2170
f 2171 2172 2173
f 2174 2175 2176
f 2177 2178 2179
f 2180 2181 2182
f 2183 2184 2185
f 2186 2187 2188
f 2189 2190 2191
f 2192 2193 2194
f 2195 2196 2197
f 2198 2199 2200
f 2201 2202 2203
f 2204 2205 2206
f 2207 2208 2209
f 2210 2211 2212
f 2213 2214 2215
f 2216 2217 2218
f 2219 2220 2221
f 2222 2223 2224
f 2225 2226 2227
f 2228 2229 2230
f 2231 2232 2233
f 2234 2235 2236
f 2237 2238 2239
f 2148 2240 2149
f 2240 2241 2242
f 2243 2244 2245
f 2246 2247 2248
f 2249 2250 2251
f 2252 2253 2254
f 2255 2256 2257
f 2258 2259 2260
f 2261 2262 2263
f 2264 2265 2266
f 2267 2268 2269
f 2270 2271 2272
f 2273 2274 2275
f 2276 2277 2278
f 2279 2280 2281
f 2282 2283 2284
f 2285 2286 2287
f 2288 2289 2290
f 2291 2292 2293
f 2294 2295 2296
f 2297 2298 2299
f 2300 2301 2302
f 2303 2304 2305
f 2306 2307 2308
f 2309 2310 2311
f 2312 2313 2314
f 2315 2316 2317
f 2318 2319 2320
f 2321 2322 2323
f 2324 2325 2326
f 2327 2328 2329
f 2330 2331 2332
f 2333 2334 2335
f 2336 2337 2338
f 2339 2340 2341
f 2342 2343 2344
f 2345 2346 2347
f 2348 2349 2350
f 2351 2352 2353
f 2354 2355 2356
f 2357 2358 2359
f 2360 2361 2362
f 2363 2364 2365
f 2366 2367 2368
f 2369 2370 2371
f 2372 2373 2374
f 2375 2376 2377
f 2378 2379 2380
f 2381 2382 2383
f 2384 2385 2386
f 2387 2388 2389
f 2390 2391 2392
f 2393 2394 2395
f 2396 2397 2398
f 2399 2400 2401
f 2402 2403 2404
f 2405 2406 2407
f 2408 2409 2410
f 2411 2412 2413
f 2414 2415 2416
f 2417 2418 2419
f 2420 2421 2422
f 2423 2424 2425
f 2426 2427 2428
f 2429 2430 2431
f 2432 2433 2434
f 2151 2149 2435
f 2153 2151 2436
f 2151 2435 2436
f 2154 2153 2437
f 2153 2436 2437
f 2156 2154 2438
f 2154 2437 2438
f 2157 2156 2439
f 2156 2438 2439
f 2159 2157 2440
f 2157 2439 2440
f 2160 2159 2441
f 2159 2440 2441
f 2162 2160 2442
f 2160 2441 2442
f 2163 2162 2443
f 2162 2442 2443
f 2165 2163 2444
f 2163 2443 2444
f 2166 2165 2445
f 2165 2444 2445
f 2168 2166 2446
f 2166 2445 2446
f 2169 2168 2447
f 2168 2446 2447
f 2171 2169 2448
f 2169 2447 2448
f 2172 2171 2449
f 2171 2448 2449
f 2174 2172 2450
f 2172 2449 2450
f 2175 2174 2451
f 2174 2450 2451
f 2177 2175 2452
f 2175 2451 2452
f 2178 2177 2453
f 2177 2452 2453
f 2180 2178 2454
f 2178 2453 2454
f 2181 2180 2455
f 2180 2454 2455
f 2183 2181 2456
f 2181 2455 2456
f 2184 2183 2457
f 2183 2456 2457
f 2186 2184 2458
f 2184 2457 2458
f 2187 2186 2459
f 2186 2458 2459
f 2189 2187 2460
f 2187 2459 2460
f 2190 2189 2461
f 2189 2460 2461
f 2192 2190 2462
f 2190 2461 2462
f 2193 2192 2463
f 2192 2462 2463
f 2195 2193 2464
f 2193 2463 2464
f 2196 2195 2465
f 2195 2464 2465
f 2198 2196 2466
f 2196 2465 2466
f 2199 2198 2467
f 2198 2466 2467
f 2201 2199 2468
f 2199 2467 2468
f 2202 2201 2469
f 2201 2468 2469
f 2204 2202 2470
f 2202 2469 2470
f 2205 2204 2471
f 2204 2470 2471
f 2207 2205 2472
f 2205 2471 2472
f 2208 2207 2473
f 2207 2472 2473
f 2210 2208 2474
f 2208 2473 2474
f 2211 2210 2475
f 2210 2474 2475
f 2213 2211 2476
f 2211 2475 2476
f 2214 2213 2477
f 2213 2476 2477
f 2216 2214 2478
f 2214 2477 2478
f 2217 2216 2479
f 2216 2478 2479
f 2219 2217 2480
f 2217 2479 2480
f 2220 2219 2481
f 2219 2480 2481
f 2222 2220 2482
f 2220 2481 2482
f 2223 2222 2483
f 2222 2482 2483
f 2225 2223 2484
f 2223 2483 2484
f 2226 2225 2485
f 2225 2484 2485
f 2228 2226 2486
f 2226 2485 2486
f 2229 2228 2487
f 2228 2486 2487
f 2231 2229 2488
f 2229 2487 2488
f 2232 2231 2489
f 2231 2488 2489
f 2234 2232 2490
f 2232 2489 2490
f 2235 2234 2491
f 2234 2490 2491
f 2237 2235 2492
f 2235 2491 2492
f 2238 2237 2493
f 2237 2492 2493
f 1952 2238 2494
f 2238 2493 2494
f 2150 2149 2152
f 1952 1951 1954
f 2147 1952 2494
f 1953 1955 2495
f 1956 1958 2496
f 1959 1961 2497
f 1962 1964 2498
f 1965 1967 2499
f 1968 1970 2500
f 1971 1973 2501
f 1974 1976 2502
f 1977 1979 2503
f 1980 1982 2504
f 1983 1985 2505
f 1986 1988 2506
f 1989 1991 2507
f 1992 1994 2508
f 1995 1997 2509
f 1998 2000 2510
f 2001 2003 2511
f 2004 2006 2512
f 2007 2009 2513
f 2010 2012 2514
f 2013 2015 2515
f 2016 2018 2516
f 2019 2021 2517
f 2022 2024 2518
f 2025 2027 2519
f 2028 2030 2520
f 2031 2033 2521
f 2034 2036 2522
f 2037 2039 2523
f 2040 2042 2524
f 2043 2045 2525
f 2046 2048 2526
f 2049 2051 2527
f 2052 2054 2528
f 2055 2057 2529
f 2058 2060 2530
f 2061 2063 2531
f 2064 2066 2532
f 2067 2069 2533
f 2070 2072 2534
f 2073 2075 2535
f 2076 2078 2536
f 2079 2081 2537
f 2082 2084 2538
f 2085 2087 2539
f 2088 2090 2540
f 2091 2093 2541
f 2094 2096 2542
f 2097 2099 2543
f 2100 2102 2544
f 2103 2105 2545
f 2106 2108 2546
f 2109 2111 2547
f 2112 2114 2548
f 2115 2117 2549
f 2118 2120 2550
f 2121 2123 2551
f 2124 2126 2552
f 2127 2129 2553
f 2130 2132 2554
f 2133 2135 2555
f 2136 2138 2556
f 2139 2141 2557
f 2142 2144 2558
f 2495 1955 1957
f 2145 2147 2559
f 2155 2154 2560
f 2154 2156 2560
f 2152 2151 2561
f 2151 2153 2561
f 2153 2155 2561
f 2156 2158 2560
f 2157 2159 2562
f 2160 2162 2563
f 2163 2165 2564
f 2166 2168 2565
f 2169 2171 2566
f 2172 2174 2567
f 2175 2177 2568
f 2178 2180 2569
f 2181 2183 2570
f 2184 2186 2571
f 2187 2189 2572
f 2190 2192 2573
f 2193 2195 2574
f 2196 2198 2575
f 2199 2201 2576
f 2202 2204 2577
f 2205 2207 2578
f 2208 2210 2579
f 2211 2213 2580
f 2214 2216 2581
f 2217 2219 2582
f 2220 2222 2583
f 2223 2225 2584
f 2226 2228 2585
f 2229 2231 2586
f 2232 2234 2587
f 2235 2237 2588
f 2149 2240 2242
f 2238 1952 2589
f 2242 2241 2590
f 2241 2243 2590
f 2243 2245 2590
f 2244 2246 2591
f 2247 2249 2592
f 2250 2252 2593
f 2253 2255 2594
f 2256 2258 2595
f 2259 2261 2596
f 2262 2264 2597
f 2265 2267 2598
f 2268 2270 2599
f 2271 2273 2600
f 2274 2276 2601
f 2277 2279 2602
f 2280 2282 2603
f 2283 2285 2604
f 2286 2288 2605
f 2289 2291 2606
f 2292 2294 2607
f 2295 2297 2608
f 2298 2300 2609
f 2301 2303 2610
f 2304 2306 2611
f 2307 2309 2612
f 2310 2312 2613
f 2313 2315 2614
f 2316 2318 2615
f 2319 2321 2616
f 2322 2324 2617
f 2325 2327 2618
f 2328 2330 2619
f 2331 2333 2620
f 2334 2336 2621
f 2337 2339 2622
f 2340 2342 2623
f 2343 2345 2624
f 2346 2348 2625
f 2349 2351 2626
f 2352 2354 2627
f 2355 2357 2628
f 2358 2360 2629
f 2361 2363 2630
f 2364 2366 2631
f 2367 2369 2632
f 2370 2372 2633
f 2373 2375 2634
f 2376 2378 2635
f 2379 2381 2636
f 2382 2384 2637
f 2385 2387 2638
f 2388 2390 2639
f 2391 2393 2640
f 2394 2396 2641
f 2397 2399 2642
f 2400 2402 2643
f 2403 2405 2644
f 2406 2408 2645
f 2409 2411 2646
f 2412 2414 2647
f 2415 2417 2648
f 2418 2420 2649
f 2421 2423 2650
f 2424 2426 2651
f 2427 2429 2652
f 2430 2432 2653
f 2433 2150 2654
f 2238 2589 2239
f 1953 2495 1954
f 2498 1964 1966
f 2497 1961 1963
f 2496 1958 1960
f 1957 1956 2496
f 1960 1959 2497
f 1963 1962 2498
f 1966 1965 2499
f 1969 1968 2500
f 1972 1971 2501
f 1975 1974 2502
f 1978 1977 2503
f 1981 1980 2504
f 1984 1983 2505
f 1987 1986 2506
f 1990 1989 2507
f 1993 1992 2508
f 1996 1995 2509
f 1999 1998 2510
f 2002 2001 2511
f 2005 2004 2512
f 2008 2007 2513
f 2011 2010 2514
f 2014 2013 2515
f 2017 2016 2516
f 2020 2019 2517
f 2023 2022 2518
f 2026 2025 2519
f 2029 2028 2520
f 2032 2031 2521
f 2035 2034 2522
f 2038 2037 2523
f 2041 2040 2524
f 2044 2043 2525
f 2047 2046 2526
f 2050 2049 2527
f 2053 2052 2528
f 2056 2055 2529
f 2059 2058 2530
f 2062 2061 2531
f 2065 2064 2532
f 2068 2067 2533
f 2071 2070 2534
f 2074 2073 2535
f 2077 2076 2536
f 2080 2079 2537
f 2083 2082 2538
f 2086 2085 2539
f 2089 2088 2540
f 2092 2091 2541
f 2095 2094 2542
f 2098 2097 2543
f 2101 2100 2544
f 2104 2103 2545
f 2107 2106 2546
f 2110 2109 2547
f 2113 2112 2548
f 2116 2115 2549
f 2119 2118 2550
f 2122 2121 2551
f 2125 2124 2552
f 2128 2127 2553
f 2131 2130 2554
f 2134 2133 2555
f 2137 2136 2556
f 2140 2139 2557
f 2143 2142 2558
f 2146 2145 2559
f 2158 2157 2562
f 2161 2160 2563
f 2164 2163 2564
f 2167 2166 2565
f 2170 2169 2566
f 2173 2172 2567
f 2176 2175 2568
f 2179 2178 2569
f 2182 2181 2570
f 2185 2184 2571
f 2188 2187 2572
f 2191 2190 2573
f 2194 2193 2574
f 2197 2196 2575
f 2200 2199 2576
f 2203 2202 2577
f 2206 2205 2578
f 2209 2208 2579
f 2212 2211 2580
f 2215 2214 2581
f 2218 2217 2582
f 2221 2220 2583
f 2224 2223 2584
f 2227 2226 2585
f 2230 2229 2586
f 2233 2232 2587
f 2236 2235 2588
f 2245 2244 2591
f 2248 2247 2592
f 2251 2250 2593
f 2254 2253 2594
f 2257 2256 2595
f 2260 2259 2596
f 2263 2262 2597
f 2266 2265 2598
f 2269 2268 2599
f 2272 2271 2600
f 2275 2274 2601
f 2278 2277 2602
f 2281 2280 2603
f 2284 2283 2604
f 2287 2286 2605
f 2290 2289 2606
f 2293 2292 2607
f 2296 2295 2608
f 2299 2298 2609
f 2302 2301 2610
f 2305 2304 2611
f 2308 2307 2612
f 2311 2310 2613
f 2314 2313 2614
f 2317 2316 2615
f 2320 2319 2616
f 2323 2322 2617
f 2326 2325 2618
f 2329 2328 2619
f 2332 2331 2620
f 2335 2334 2621
f 2338 2337 2622
f 2341 2340 2623
f 2344 2343 2624
f 2347 2346 2625
f 2350 2349 2626
f 2353 2352 2627
f 2356 2355 2628
f 2359 2358 2629
f 2362 2361 2630
f 2365 2364 2631
f 2368 2367 2632
f 2371 2370 2633
f 2374 2373 2634
f 2377 2376 2635
f 2380 2379 2636
f 2383 2382 2637
f 2386 2385 2638
f 2389 2388 2639
f 2392 2391 2640
f 2395 2394 2641
f 2398 2397 2642
f 2401 2400 2643
f 2404 2403 2644
f 2407 2406 2645
f 2410 2409 2646
f 2413 2412 2647
f 2416 2415 2648
f 2419 2418 2649
f 2422 2421 2650
f 2425 2424 2651
f 2428 2427 2652
f 2431 2430 2653
f 2434 2433 2654
f 2499 1967 1969
f 2500 1970 1972
f 2501 1973 1975
f 2502 1976 1978
f 2503 1979 1981
f 2504 1982 1984
f 2505 1985 1987
f 2506 1988 1990
f 2507 1991 1993
f 2508 1994 1996
f 2509 1997 1999
f 2510 2000 2002
f 2511 2003 2005
f 2512 2006 2008
f 2513 2009 2011
f 2514 2012 2014
f 2515 2015 2017
f 2516 2018 2020
f 2517 2021 2023
f 2518 2024 2026
f 2519 2027 2029
f 2520 2030 2032
f 2521 2033 2035
f 2522 2036 2038
f 2523 2039 2041
f 2524 2042 2044
f 2525 2045 2047
f 2526 2048 2050
f 2527 2051 2053
f 2528 2054 2056
f 2529 2057 2059
f 2530 2060 2062
f 2531 2063 2065
f 2532 2066 2068
f 2533 2069 2071
f 2534 2072 2074
f 2535 2075 2077
f 2536 2078 2080
f 2537 2081 2083
f 2538 2084 2086
f 2539 2087 2089
f 2540 2090 2092
f 2541 2093 2095
f 2542 2096 2098
f 2543 2099 2101
f 2544 2102 2104
f 2545 2105 2107
f 2546 2108 2110
f 2547 2111 2113
f 2548 2114 2116
f 2549 2117 2119
f 2550 2120 2122
f 2551 2123 2125
f 2552 2126 2128
f 2553 2129 2131
f 2554 2132 2134
f 2555 2135 2137
f 2556 2138 2140
f 2557 2141 2143
f 2558 2144 2146
f 2565 2168 2170
f 2566 2171 2173
f 2567 2174 2176
f 2568 2177 2179
f 2569 2180 2182
f 2570 2183 2185
f 2571 2186 2188
f 2572 2189 2191
f 2573 2192 2194
f 2574 2195 2197
f 2575 2198 2200
f 2576 2201 2203
f 2577 2204 2206
f 2578 2207 2209
f 2579 2210 2212
f 2580 2213 2215
f 2581 2216 2218
f 2582 2219 2221
f 2583 2222 2224
f 2584 2225 2227
f 2585 2228 2230
f 2586 2231 2233
f 2587 2234 2236
f 2588 2237 2239
f 2593 2252 2254
f 2594 2255 2257
f 2595 2258 2260
f 2596 2261 2263
f 2597 2264 2266
f 2598 2267 2269
f 2599 2270 2272
f 2600 2273 2275
f 2601 2276 2278
f 2602 2279 2281
f 2603 2282 2284
f 2604 2285 2287
f 2605 2288 2290
f 2606 2291 2293
f 2607 2294 2296
f 2608 2297 2299
f 2609 2300 2302
f 2610 2303 2305
f 2611 2306 2308
f 2612 2309 2311
f 2613 2312 2314
f 2614 2315 2317
f 2615 2318 2320
f 2616 2321 2323
f 2617 2324 2326
f 2618 2327 2329
f 2619 2330 2332
f 2620 2333 2335
f 2621 2336 2338
f 2622 2339 2341
f 2623 2342 2344
f 2624 2345 2347
f 2625 2348 2350
f 2626 2351 2353
f 2627 2354 2356
f 2628 2357 2359
f 2629 2360 2362
f 2630 2363 2365
f 2631 2366 2368
f 2632 2369 2371
f 2633 2372 2374
f 2634 2375 2377
f 2635 2378 2380
f 2636 2381 2383
f 2637 2384 2386
f 2638 2387 2389
f 2639 2390 2392
f 2640 2393 2395
f 2641 2396 2398
f 2642 2399 2401
f 2643 2402 2404
f 2644 2405 2407
f 2645 2408 2410
f 2646 2411 2413
f 2647 2414 2416
f 2648 2417 2419
f 2649 2420 2422
f 2650 2423 2425
f 2651 2426 2428
f 2652 2429 2431
f 2653 2432 2434
f 2564 2165 2167
f 2563 2162 2164
f 2562 2159 2161
f 2592 2249 2251
f 2591 2246 2248
f 2498 1966 2655
f 2158 2562 2656
f 1960 2497 2657
f 1957 2496 2658
f 1963 2498 2659
f 2498 2655 2659
f 2496 1960 2660
f 2658 2496 2660
f 1960 2657 2660
f 2497 1963 2661
f 2657 2497 2661
f 1963 2659 2661
f 1969 2500 2662
f 1972 2501 2663
f 1975 2502 2664
f 1978 2503 2665
f 1981 2504 2666
f 1984 2505 2667
f 1987 2506 2668
f 1990 2507 2669
f 1993 2508 2670
f 1996 2509 2671
f 1999 2510 2672
f 2002 2511 2673
f 2005 2512 2674
f 2008 2513 2675
f 2011 2514 2676
f 2014 2515 2677
f 2017 2516 2678
f 2020 2517 2679
f 2023 2518 2680
f 2026 2519 2681
f 2029 2520 2682
f 2032 2521 2683
f 2035 2522 2684
f 2038 2523 2685
f 2041 2524 2686
f 2044 2525 2687
f 2047 2526 2688
f 2050 2527 2689
f 2053 2528 2690
f 2056 2529 2691
f 2059 2530 2692
f 2062 2531 2693
f 2065 2532 2694
f 2068 2533 2695
f 2071 2534 2696
f 2074 2535 2697
f 2077 2536 2698
f 2080 2537 2699
f 2083 2538 2700
f 2086 2539 2701
f 2089 2540 2702
f 2092 2541 2703
f 2095 2542 2704
f 2098 2543 2705
f 2101 2544 2706
f 2104 2545 2707
f 2107 2546 2708
f 2110 2547 2709
f 2113 2548 2710
f 2116 2549 2711
f 2119 2550 2712
f 2122 2551 2713
f 2125 2552 2714
f 2128 2553 2715
f 2131 2554 2716
f 2134 2555 2717
f 2137 2556 2718
f 2140 2557 2719
f 2143 2558 2720
f 2146 2559 2721
f 2565 2170 2722
f 2495 1957 2723
f 1957 2658 2723
f 2559 2147 2494
f 2155 2560 2724
f 2560 2158 2725
f 2158 2656 2725
f 2561 2155 2726
f 2155 2724 2726
f 2152 2561 2727
f 2561 2726 2727
f 2592 2251 2728
f 2164 2564 2729
f 2167 2565 2730
f 2565 2722 2730
f 2563 2164 2731
f 2164 2729 2731
f 2566 2173 2732
f 2567 2176 2733
f 2568 2179 2734
f 2569 2182 2735
f 2570 2185 2736
f 2571 2188 2737
f 2572 2191 2738
f 2573 2194 2739
f 2574 2197 2740
f 2575 2200 2741
f 2576 2203 2742
f 2577 2206 2743
f 2578 2209 2744
f 2579 2212 2745
f 2580 2215 2746
f 2581 2218 2747
f 2582 2221 2748
f 2583 2224 2749
f 2584 2227 2750
f 2585 2230 2751
f 2586 2233 2752
f 2587 2236 2753
f 2588 2239 2754
f 2245 2591 2755
f 2593 2254 2756
f 2149 2242 2435
f 2589 1952 1954
f 2242 2590 2757
f 2590 2245 2758
f 2757 2590 2758
f 2245 2755 2758
f 2251 2593 2759
f 2593 2756 2759
f 2594 2257 2760
f 2595 2260 2761
f 2596 2263 2762
f 2597 2266 2763
f 2598 2269 2764
f 2599 2272 2765
f 2600 2275 2766
f 2601 2278 2767
f 2602 2281 2768
f 2603 2284 2769
f 2604 2287 2770
f 2605 2290 2771
f 2606 2293 2772
f 2607 2296 2773
f 2608 2299 2774
f 2609 2302 2775
f 2610 2305 2776
f 2611 2308 2777
f 2612 2311 2778
f 2613 2314 2779
f 2614 2317 2780
f 2615 2320 2781
f 2616 2323 2782
f 2617 2326 2783
f 2618 2329 2784
f 2619 2332 2785
f 2620 2335 2786
f 2621 2338 2787
f 2622 2341 2788
f 2623 2344 2789
f 2624 2347 2790
f 2625 2350 2791
f 2626 2353 2792
f 2627 2356 2793
f 2628 2359 2794
f 2629 2362 2795
f 2630 2365 2796
f 2631 2368 2797
f 2632 2371 2798
f 2633 2374 2799
f 2634 2377 2800
f 2635 2380 2801
f 2636 2383 2802
f 2637 2386 2803
f 2638 2389 2804
f 2639 2392 2805
f 2640 2395 2806
f 2641 2398 2807
f 2642 2401 2808
f 2643 2404 2809
f 2644 2407 2810
f 2645 2410 2811
f 2646 2413 2812
f 2647 2416 2813
f 2648 2419 2814
f 2649 2422 2815
f 2650 2425 2816
f 2651 2428 2817
f 2652 2431 2818
f 2653 2434 2819
f 2564 2167 2820
f 2167 2730 2820
f 2499 1969 2821
f 1969 2662 2821
f 2150 2152 2654
f 2239 2589 2822
f 2754 2239 2822
f 2589 1954 2822
f 2437 2436 2823
f 2438 2437 2824
f 2437 2823 2824
f 2439 2438 2825
f 2438 2824 2825
f 2440 2439 2826
f 2439 2825 2826
f 2441 2440 2827
f 2440 2826 2827
f 2442 2441 2828
f 2441 2827 2828
f 2443 2442 2829
f 2442 2828 2829
f 2444 2443 2830
f 2443 2829 2830
f 2445 2444 2831
f 2444 2830 2831
f 2446 2445 2832
f 2445 2831 2832
f 2447 2446 2833
f 2446 2832 2833
f 2448 2447 2834
f 2447 2833 2834
f 2449 2448 2835
f 2448 2834 2835
f 2450 2449 2836
f 2449 2835 2836
f 2451 2450 2837
f 2450 2836 2837
f 2452 2451 2838
f 2451 2837 2838
f 2453 2452 2839
f 2452 2838 2839
f 2454 2453 2840
f 2453 2839 2840
f 2455 2454 2841
f 2454 2840 2841
f 2456 2455 2842
f 2455 2841 2842
f 2457 2456 2843
f 2456 2842 2843
f 2458 2457 2844
f 2457 2843 2844
f 2459 2458 2845
f 2458 2844 2845
f 2460 2459 2846
f 2459 2845 2846
f 2461 2460 2847
f 2460 2846 2847
f 2462 2461 2848
f 2461 2847 2848
f 2463 2462 2849
f 2462 2848 2849
f 2464 2463 2850
f 2463 2849 2850
f 2465 2464 2851
f 2464 2850 2851
f 2466 2465 2852
f 2465 2851 2852
f 2467 2466 2853
f 2466 2852 2853
f 2468 2467 2854
f 2467 2853 2854
f 2469 2468 2855
f 2468 2854 2855
f 2470 2469 2856
f 2469 2855 2856
f 2471 2470 2857
f 2470 2856 2857
f 2472 2471 2858
f 2471 2857 2858
f 2473 2472 2859
f 2472 2858 2859
f 2474 2473 2860
f 2473 2859 2860
f 2475 2474 2861
f 2474 2860 2861
f 2476 2475 2862
f 2475 2861 2862
f 2477 2476 2863
f 2476 2862 2863
f 2478 2477 2864
f 2477 2863 2864
f 2479 2478 2865
f 2478 2864 2865
f 2480 2479 2866
f 2479 2865 2866
f 2481 2480 2867
f 2480 2866 2867
f 2482 2481 2868
f 2481 2867 2868
f 2483 2482 2869
f 2482 2868 2869
f 2484 2483 2870
f 2483 2869 2870
f 2485 2484 2871
f 2484 2870 2871
f 2486 2485 2872
f 2485 2871 2872
f 2487 2486 2873
f 2486 2872 2873
f 2488 2487 2874
f 2487 2873 2874
f 2489 2488 2875
f 2488 2874 2875
f 2490 2489 2876
f 2489 2875 2876
f 2491 2490 2877
f 2490 2876 2877
f 2492 2491 2878
f 2491 2877 2878
f 2493 2492 2879
f 2492 2878 2879
f 1954 2495 2822
f 2161 2563 2880
f 2563 2731 2880
f 2248 2592 2881
f 2592 2728 2881
f 2559 2494 2721
f 2654 2152 2727
f 2435 2242 2757
f 2721 2494 2493
f 1966 2499 2882
f 2663 2501 2883
f 2501 1975 2883
f 2500 1972 2884
f 1975 2664 2883
f 2500 2884 2662
f 2502 1978 2885
f 2503 1981 2886
f 2504 1984 2887
f 2505 1987 2888
f 2506 1990 2889
f 2507 1993 2890
f 2508 1996 2891
f 2509 1999 2892
f 2510 2002 2893
f 2511 2005 2894
f 2512 2008 2895
f 2513 2011 2896
f 2514 2014 2897
f 2515 2017 2898
f 2516 2020 2899
f 2517 2023 2900
f 2518 2026 2901
f 2519 2029 2902
f 2520 2032 2903
f 2521 2035 2904
f 2522 2038 2905
f 2523 2041 2906
f 2524 2044 2907
f 2525 2047 2908
f 2526 2050 2909
f 2527 2053 2910
f 2528 2056 2911
f 2529 2059 2912
f 2530 2062 2913
f 2531 2065 2914
f 2532 2068 2915
f 2533 2071 2916
f 2534 2074 2917
f 2535 2077 2918
f 2536 2080 2919
f 2537 2083 2920
f 2538 2086 2921
f 2539 2089 2922
f 2540 2092 2923
f 2541 2095 2924
f 2542 2098 2925
f 2543 2101 2926
f 2544 2104 2927
f 2545 2107 2928
f 2546 2110 2929
f 2547 2113 2930
f 2548 2116 2931
f 2549 2119 2932
f 2550 2122 2933
f 2551 2125 2934
f 2552 2128 2935
f 2553 2131 2936
f 2554 2134 2937
f 2555 2137 2938
f 2556 2140 2939
f 2557 2143 2940
f 2558 2146 2941
f 2495 2723 2822
f 2724 2560 2725
f 2502 2885 2664
f 2728 2251 2759
f 2499 2821 2882
f 2562 2161 2942
f 2732 2173 2943
f 2173 2567 2943
f 2170 2566 2944
f 2567 2733 2943
f 2170 2944 2722
f 2176 2568 2945
f 2179 2569 2946
f 2182 2570 2947
f 2185 2571 2948
f 2188 2572 2949
f 2191 2573 2950
f 2194 2574 2951
f 2197 2575 2952
f 2200 2576 2953
f 2203 2577 2954
f 2206 2578 2955
f 2209 2579 2956
f 2212 2580 2957
f 2215 2581 2958
f 2218 2582 2959
f 2221 2583 2960
f 2224 2584 2961
f 2227 2585 2962
f 2230 2586 2963
f 2233 2587 2964
f 2236 2588 2965
f 2435 2757 2436
f 2656 2562 2942
f 2655 1966 2882
f 2761 2260 2966
f 2260 2596 2966
f 2760 2257 2967
f 2257 2595 2967
f 2591 2248 2968
f 2254 2594 2969
f 2595 2761 2967
f 2591 2968 2755
f 2596 2762 2966
f 2263 2597 2970
f 2266 2598 2971
f 2269 2599 2972
f 2272 2600 2973
f 2275 2601 2974
f 2278 2602 2975
f 2281 2603 2976
f 2284 2604 2977
f 2287 2605 2978
f 2290 2606 2979
f 2293 2607 2980
f 2296 2608 2981
f 2299 2609 2982
f 2302 2610 2983
f 2305 2611 2984
f 2308 2612 2985
f 2311 2613 2986
f 2314 2614 2987
f 2317 2615 2988
f 2320 2616 2989
f 2323 2617 2990
f 2326 2618 2991
f 2329 2619 2992
f 2332 2620 2993
f 2335 2621 2994
f 2338 2622 2995
f 2341 2623 2996
f 2344 2624 2997
f 2347 2625 2998
f 2350 2626 2999
f 2353 2627 3000
f 2356 2628 3001
f 2359 2629 3002
f 2362 2630 3003
f 2365 2631 3004
f 2368 2632 3005
f 2371 2633 3006
f 2374 2634 3007
f 2377 2635 3008
f 2380 2636 3009
f 2383 2637 3010
f 2386 2638 3011
f 2389 2639 3012
f 2392 2640 3013
f 2395 2641 3014
f 2398 2642 3015
f 2401 2643 3016
f 2404 2644 3017
f 2407 2645 3018
f 2410 2646 3019
f 2413 2647 3020
f 2416 2648 3021
f 2419 2649 3022
f 2422 2650 3023
f 2425 2651 3024
f 2428 2652 3025
f 2431 2653 3026
f 2564 2820 2729
f 2434 2654 2727
f 2891 1996 2671
f 2161 2880 2942
f 2721 2493 2879
f 2890 1993 2670
f 3026 2653 2819
f 3025 2652 2818
f 3024 2651 2817
f 3023 2650 2816
f 3022 2649 2815
f 3021 2648 2814
f 3020 2647 2813
f 3019 2646 2812
f 3018 2645 2811
f 3017 2644 2810
f 3016 2643 2809
f 3015 2642 2808
f 3014 2641 2807
f 3013 2640 2806
f 3012 2639 2805
f 3011 2638 2804
f 3010 2637 2803
f 3009 2636 2802
f 3008 2635 2801
f 3007 2634 2800
f 3006 2633 2799
f 3005 2632 2798
f 3004 2631 2797
f 3003 2630 2796
f 3002 2629 2795
f 3001 2628 2794
f 3000 2627 2793
f 2999 2626 2792
f 2998 2625 2791
f 2997 2624 2790
f 2996 2623 2789
f 2995 2622 2788
f 2994 2621 2787
f 2993 2620 2786
f 2992 2619 2785
f 2991 2618 2784
f 2990 2617 2783
f 2989 2616 2782
f 2988 2615 2781
f 2987 2614 2780
f 2986 2613 2779
f 2985 2612 2778
f 2984 2611 2777
f 2983 2610 2776
f 2982 2609 2775
f 2981 2608 2774
f 2980 2607 2773
f 2979 2606 2772
f 2978 2605 2771
f 2977 2604 2770
f 2976 2603 2769
f 2975 2602 2768
f 2974 2601 2767
f 2965 2588 2754
f 2964 2587 2753
f 2963 2586 2752
f 2962 2585 2751
f 2961 2584 2750
f 2960 2583 2749
f 2959 2582 2748
f 2958 2581 2747
f 2957 2580 2746
f 2956 2579 2745
f 2955 2578 2744
f 2954 2577 2743
f 2953 2576 2742
f 2952 2575 2741
f 2951 2574 2740
f 2950 2573 2739
f 2941 2146 2721
f 2940 2143 2720
f 2939 2140 2719
f 2938 2137 2718
f 2937 2134 2717
f 2936 2131 2716
f 2935 2128 2715
f 2934 2125 2714
f 2933 2122 2713
f 2932 2119 2712
f 2931 2116 2711
f 2930 2113 2710
f 2929 2110 2709
f 2928 2107 2708
f 2927 2104 2707
f 2926 2101 2706
f 2925 2098 2705
f 2924 2095 2704
f 2923 2092 2703
f 2922 2089 2702
f 2921 2086 2701
f 2920 2083 2700
f 2919 2080 2699
f 2918 2077 2698
f 2917 2074 2697
f 2916 2071 2696
f 2915 2068 2695
f 2914 2065 2694
f 2913 2062 2693
f 2912 2059 2692
f 2911 2056 2691
f 2910 2053 2690
f 2909 2050 2689
f 2908 2047 2688
f 2907 2044 2687
f 2906 2041 2686
f 2905 2038 2685
f 2904 2035 2684
f 2903 2032 2683
f 2902 2029 2682
f 2901 2026 2681
f 2900 2023 2680
f 2899 2020 2679
f 2898 2017 2678
f 2897 2014 2677
f 2896 2011 2676
f 2895 2008 2675
f 2894 2005 2674
f 2893 2002 2673
f 2892 1999 2672
f 2819 2434 2727
f 2818 2431 3026
f 2817 2428 3025
f 2816 2425 3024
f 2815 2422 3023
f 2814 2419 3022
f 2813 2416 3021
f 2812 2413 3020
f 2811 2410 3019
f 2810 2407 3018
f 2809 2404 3017
f 2808 2401 3016
f 2807 2398 3015
f 2806 2395 3014
f 2805 2392 3013
f 2804 2389 3012
f 2803 2386 3011
f 2802 2383 3010
f 2801 2380 3009
f 2800 2377 3008
f 2799 2374 3007
f 2798 2371 3006
f 2797 2368 3005
f 2796 2365 3004
f 2795 2362 3003
f 2794 2359 3002
f 2793 2356 3001
f 2792 2353 3000
f 2791 2350 2999
f 2790 2347 2998
f 2789 2344 2997
f 2788 2341 2996
f 2787 2338 2995
f 2786 2335 2994
f 2785 2332 2993
f 2784 2329 2992
f 2783 2326 2991
f 2782 2323 2990
f 2781 2320 2989
f 2780 2317 2988
f 2779 2314 2987
f 2778 2311 2986
f 2777 2308 2985
f 2776 2305 2984
f 2775 2302 2983
f 2774 2299 2982
f 2773 2296 2981
f 2772 2293 2980
f 2771 2290 2979
f 2770 2287 2978
f 2769 2284 2977
f 2768 2281 2976
f 2767 2278 2975
f 2766 2275 2974
f 2765 2272 2973
f 2764 2269 2972
f 2763 2266 2971
f 2762 2263 2970
f 2756 2254 2969
f 2823 2436 2757
f 2753 2236 2965
f 2752 2233 2964
f 2751 2230 2963
f 2750 2227 2962
f 2749 2224 2961
f 2748 2221 2960
f 2747 2218 2959
f 2746 2215 2958
f 2745 2212 2957
f 2744 2209 2956
f 2743 2206 2955
f 2742 2203 2954
f 2741 2200 2953
f 2740 2197 2952
f 2739 2194 2951
f 2738 2191 2950
f 2737 2188 2949
f 2736 2185 2948
f 2735 2182 2947
f 2734 2179 2946
f 2733 2176 2945
f 2889 1990 2669
f 2720 2558 2941
f 2719 2557 2940
f 2718 2556 2939
f 2717 2555 2938
f 2716 2554 2937
f 2715 2553 2936
f 2714 2552 2935
f 2713 2551 2934
f 2712 2550 2933
f 2711 2549 2932
f 2710 2548 2931
f 2709 2547 2930
f 2708 2546 2929
f 2707 2545 2928
f 2706 2544 2927
f 2705 2543 2926
f 2704 2542 2925
f 2703 2541 2924
f 2702 2540 2923
f 2701 2539 2922
f 2700 2538 2921
f 2699 2537 2920
f 2698 2536 2919
f 2697 2535 2918
f 2696 2534 2917
f 2695 2533 2916
f 2694 2532 2915
f 2693 2531 2914
f 2692 2530 2913
f 2691 2529 2912
f 2690 2528 2911
f 2689 2527 2910
f 2688 2526 2909
f 2687 2525 2908
f 2686 2524 2907
f 2685 2523 2906
f 2684 2522 2905
f 2683 2521 2904
f 2682 2520 2903
f 2681 2519 2902
f 2680 2518 2901
f 2679 2517 2900
f 2678 2516 2899
f 2677 2515 2898
f 2676 2514 2897
f 2675 2513 2896
f 2674 2512 2895
f 2673 2511 2894
f 2672 2510 2893
f 2671 2509 2892
f 2670 2508 2891
f 2669 2507 2890
f 2668 2506 2889
f 2667 2505 2888
f 2666 2504 2887
f 2665 2503 2886
f 2888 1987 2668
f 2887 1984 2667
f 2884 1972 2663
f 2886 1981 2666
f 2885 1978 2665
f 2949 2572 2738
f 2948 2571 2737
f 2947 2570 2736
f 2944 2566 2732
f 2946 2569 2735
f 2945 2568 2734
f 2973 2600 2766
f 2969 2594 2760
f 2968 2248 2881
f 2972 2599 2765
f 2971 2598 2764
f 2970 2597 2763
f 2655 2882 3027
f 2728 2759 3028
f 2663 2883 3029
f 2886 2666 3030
f 2949 2738 3031
f 2888 2668 3032
f 2885 2665 3033
f 2665 2886 3034
f 2886 3030 3034
f 2884 2663 3035
f 2663 3029 3035
f 2887 2667 3036
f 2667 2888 3037
f 3036 2667 3037
f 2888 3032 3037
f 2720 2941 3038
f 3026 2819 3039
f 2669 2890 3040
f 2942 2880 3041
f 2670 2891 3042
f 2819 2727 3043
f 3039 2819 3043
f 2727 2726 3043
f 2671 2892 3044
f 2672 2893 3045
f 2673 2894 3046
f 2674 2895 3047
f 2675 2896 3048
f 2676 2897 3049
f 2677 2898 3050
f 2678 2899 3051
f 2679 2900 3052
f 2680 2901 3053
f 2681 2902 3054
f 2682 2903 3055
f 2683 2904 3056
f 2684 2905 3057
f 2685 2906 3058
f 2686 2907 3059
f 2687 2908 3060
f 2688 2909 3061
f 2689 2910 3062
f 2690 2911 3063
f 2691 2912 3064
f 2692 2913 3065
f 2693 2914 3066
f 2694 2915 3067
f 2695 2916 3068
f 2696 2917 3069
f 2697 2918 3070
f 2698 2919 3071
f 2699 2920 3072
f 2700 2921 3073
f 2701 2922 3074
f 2702 2923 3075
f 2703 2924 3076
f 2704 2925 3077
f 2705 2926 3078
f 2706 2927 3079
f 2707 2928 3080
f 2708 2929 3081
f 2709 2930 3082
f 2710 2931 3083
f 2711 2932 3084
f 2712 2933 3085
f 2713 2934 3086
f 2714 2935 3087
f 2715 2936 3088
f 2716 2937 3089
f 2717 2938 3090
f 2718 2939 3091
f 2719 2940 3092
f 2940 2720 3093
f 2720 3038 3093
f 2822 2723 2754
f 2972 2765 3094
f 2725 2656 3095
f 2664 2885 3096
f 2885 3033 3096
f 2659 2655 3097
f 2655 3027 3097
f 2722 2944 3098
f 2946 2735 3099
f 2732 2943 3100
f 2731 2729 3101
f 2973 2766 3102
f 2733 2945 3103
f 2734 2946 3104
f 2946 3099 3104
f 2944 2732 3105
f 2732 3100 3105
f 2947 2736 3106
f 2948 2737 3107
f 2737 2949 3108
f 2949 3031 3108
f 2941 2721 3109
f 3038 2941 3109
f 2721 2879 3109
f 2950 2739 3110
f 2951 2740 3111
f 2952 2741 3112
f 2953 2742 3113
f 2954 2743 3114
f 2955 2744 3115
f 2956 2745 3116
f 2957 2746 3117
f 2958 2747 3118
f 2959 2748 3119
f 2960 2749 3120
f 2961 2750 3121
f 2962 2751 3122
f 2963 2752 3123
f 2964 2753 3124
f 2968 2881 3125
f 2662 2884 3126
f 2884 3035 3126
f 2756 2969 3127
f 2755 2968 3128
f 2968 3125 3128
f 2823 2757 3129
f 2757 2758 3129
f 2967 2761 3130
f 2760 2967 3131
f 2967 3130 3131
f 2762 2970 3132
f 2763 2971 3133
f 2764 2972 3134
f 2972 3094 3134
f 2969 2760 3135
f 2760 3131 3135
f 2765 2973 3136
f 2973 3102 3136
f 2965 2754 3137
f 2974 2767 3138
f 2975 2768 3139
f 2976 2769 3140
f 2977 2770 3141
f 2978 2771 3142
f 2979 2772 3143
f 2980 2773 3144
f 2981 2774 3145
f 2982 2775 3146
f 2983 2776 3147
f 2984 2777 3148
f 2985 2778 3149
f 2986 2779 3150
f 2987 2780 3151
f 2988 2781 3152
f 2989 2782 3153
f 2990 2783 3154
f 2991 2784 3155
f 2992 2785 3156
f 2993 2786 3157
f 2994 2787 3158
f 2995 2788 3159
f 2996 2789 3160
f 2997 2790 3161
f 2998 2791 3162
f 2999 2792 3163
f 3000 2793 3164
f 3001 2794 3165
f 3002 2795 3166
f 3003 2796 3167
f 3004 2797 3168
f 3005 2798 3169
f 3006 2799 3170
f 3007 2800 3171
f 3008 2801 3172
f 3009 2802 3173
f 3010 2803 3174
f 3011 2804 3175
f 3012 2805 3176
f 3013 2806 3177
f 3014 2807 3178
f 3015 2808 3179
f 3016 2809 3180
f 3017 2810 3181
f 3018 2811 3182
f 3019 2812 3183
f 3020 2813 3184
f 3021 2814 3185
f 3022 2815 3186
f 3023 2816 3187
f 3024 2817 3188
f 3025 2818 3189
f 2821 2662 3190
f 2662 3126 3190
f 2824 2823 3129
f 2724 2725 3191
f 2725 3095 3191
f 2825 2824 3192
f 2826 2825 3193
f 2825 3192 3193
f 2827 2826 3194
f 2826 3193 3194
f 2828 2827 3195
f 2827 3194 3195
f 2829 2828 3196
f 2828 3195 3196
f 2830 2829 3197
f 2829 3196 3197
f 2831 2830 3198
f 2830 3197 3198
f 2832 2831 3199
f 2831 3198 3199
f 2833 2832 3200
f 2832 3199 3200
f 2834 2833 3201
f 2833 3200 3201
f 2835 2834 3202
f 2834 3201 3202
f 2836 2835 3203
f 2835 3202 3203
f 2837 2836 3204
f 2836 3203 3204
f 2838 2837 3205
f 2837 3204 3205
f 2839 2838 3206
f 2838 3205 3206
f 2840 2839 3207
f 2839 3206 3207
f 2841 2840 3208
f 2840 3207 3208
f 2842 2841 3209
f 2841 3208 3209
f 2843 2842 3210
f 2842 3209 3210
f 2844 2843 3211
f 2843 3210 3211
f 2845 2844 3212
f 2844 3211 3212
f 2846 2845 3213
f 2845 3212 3213
f 2847 2846 3214
f 2846 3213 3214
f 2848 2847 3215
f 2847 3214 3215
f 2849 2848 3216
f 2848 3215 3216
f 2850 2849 3217
f 2849 3216 3217
f 2851 2850 3218
f 2850 3217 3218
f 2852 2851 3219
f 2851 3218 3219
f 2853 2852 3220
f 2852 3219 3220
f 2854 2853 3221
f 2853 3220 3221
f 2855 2854 3222
f 2854 3221 3222
f 2856 2855 3223
f 2855 3222 3223
f 2857 2856 3224
f 2856 3223 3224
f 2858 2857 3225
f 2857 3224 3225
f 2859 2858 3226
f 2858 3225 3226
f 2860 2859 3227
f 2859 3226 3227
f 2861 2860 3228
f 2860 3227 3228
f 2862 2861 3229
f 2861 3228 3229
f 2863 2862 3230
f 2862 3229 3230
f 2864 2863 3231
f 2863 3230 3231
f 2865 2864 3232
f 2864 3231 3232
f 2866 2865 3233
f 2865 3232 3233
f 2867 2866 3234
f 2866 3233 3234
f 2868 2867 3235
f 2867 3234 3235
f 2869 2868 3236
f 2868 3235 3236
f 2870 2869 3237
f 2869 3236 3237
f 2871 2870 3238
f 2870 3237 3238
f 2872 2871 3239
f 2871 3238 3239
f 2873 2872 3240
f 2872 3239 3240
f 2874 2873 3241
f 2873 3240 3241
f 2875 2874 3242
f 2874 3241 3242
f 2876 2875 3243
f 2875 3242 3243
f 2877 2876 3244
f 2876 3243 3244
f 2878 2877 3245
f 2877 3244 3245
f 2879 2878 3246
f 3109 2879 3246
f 2878 3245 3246
f 2880 2731 3247
f 2731 3101 3247
f 2890 2670 3248
f 3040 2890 3248
f 2670 3042 3248
f 2656 2942 3249
f 2942 3041 3249
f 2820 2730 3250
f 2881 2728 3251
f 2728 3028 3251
f 2966 2762 3252
f 2762 3132 3252
f 2730 2722 3253
f 2722 3098 3253
f 2818 3026 3254
f 3189 2818 3254
f 3026 3039 3254
f 2723 2658 3255
f 2889 2669 3256
f 2669 3040 3256
f 2891 2671 3257
f 3042 2891 3257
f 2671 3044 3257
f 2657 2661 3258
f 2660 2657 3259
f 2657 3258 3259
f 3047 2895 3260
f 2895 2675 3260
f 2883 2664 3261
f 3046 2894 3262
f 2894 2674 3262
f 2754 2723 3263
f 2665 3034 3033
f 3110 2739 3264
f 2739 2951 3264
f 2666 2887 3265
f 2668 2889 3266
f 2656 3249 3095
f 3045 2893 3267
f 2893 2673 3267
f 2892 2672 3268
f 2673 3046 3267
f 2892 3268 3044
f 2674 3047 3262
f 2675 3048 3260
f 2883 3261 3029
f 2896 2676 3269
f 2897 2677 3270
f 2898 2678 3271
f 2899 2679 3272
f 2900 2680 3273
f 2901 2681 3274
f 2902 2682 3275
f 2903 2683 3276
f 2904 2684 3277
f 2905 2685 3278
f 2906 2686 3279
f 2907 2687 3280
f 2908 2688 3281
f 2909 2689 3282
f 2910 2690 3283
f 2911 2691 3284
f 2912 2692 3285
f 2913 2693 3286
f 2914 2694 3287
f 2915 2695 3288
f 2916 2696 3289
f 2917 2697 3290
f 2918 2698 3291
f 2919 2699 3292
f 2920 2700 3293
f 2921 2701 3294
f 2922 2702 3295
f 2923 2703 3296
f 2924 2704 3297
f 2925 2705 3298
f 2926 2706 3299
f 2927 2707 3300
f 2928 2708 3301
f 2929 2709 3302
f 2930 2710 3303
f 2931 2711 3304
f 2932 2712 3305
f 2933 2713 3306
f 2934 2714 3307
f 2935 2715 3308
f 2936 2716 3309
f 2937 2717 3310
f 2938 2718 3311
f 2939 2719 3312
f 2940 3093 3092
f 3094 2765 3136
f 2664 3096 3261
f 3041 2880 3247
f 2726 2724 3313
f 3098 2944 3105
f 2661 2659 3314
f 3258 2661 3314
f 2659 3097 3314
f 2943 2733 3315
f 2733 3103 3315
f 2945 2734 3316
f 3106 2736 3317
f 2736 2948 3317
f 2735 2947 3318
f 2948 3107 3317
f 2735 3318 3099
f 2737 3108 3107
f 3111 2740 3319
f 2740 2952 3319
f 2738 2950 3320
f 2951 3111 3264
f 2666 3265 3030
f 2952 3112 3319
f 2738 3320 3031
f 2741 2953 3321
f 2742 2954 3322
f 2743 2955 3323
f 2744 2956 3324
f 2745 2957 3325
f 2746 2958 3326
f 2747 2959 3327
f 2748 2960 3328
f 2749 2961 3329
f 2750 2962 3330
f 2751 2963 3331
f 2752 2964 3332
f 2724 3191 3313
f 2753 2965 3333
f 2882 2821 3334
f 2824 3129 3192
f 3127 2969 3135
f 2758 2755 3335
f 3129 2758 3335
f 2755 3128 3335
f 2759 2756 3336
f 2730 3253 3250
f 3032 2668 3266
f 2741 3321 3112
f 2759 3336 3028
f 3336 2756 3127
f 2658 2660 3337
f 3255 2658 3337
f 2660 3259 3337
f 3130 2761 3338
f 2761 2966 3338
f 2896 3269 3048
f 3027 2882 3334
f 2970 2763 3339
f 2971 2764 3340
f 2766 2974 3341
f 2767 2975 3342
f 2768 2976 3343
f 2769 2977 3344
f 2770 2978 3345
f 2771 2979 3346
f 2772 2980 3347
f 2773 2981 3348
f 2774 2982 3349
f 2775 2983 3350
f 2776 2984 3351
f 2777 2985 3352
f 2778 2986 3353
f 2779 2987 3354
f 2780 2988 3355
f 2781 2989 3356
f 2782 2990 3357
f 2783 2991 3358
f 2784 2992 3359
f 2785 2993 3360
f 2786 2994 3361
f 2787 2995 3362
f 2788 2996 3363
f 2789 2997 3364
f 2790 2998 3365
f 2791 2999 3366
f 2792 3000 3367
f 2793 3001 3368
f 2794 3002 3369
f 2795 3003 3370
f 2796 3004 3371
f 2797 3005 3372
f 2798 3006 3373
f 2799 3007 3374
f 2800 3008 3375
f 2801 3009 3376
f 2802 3010 3377
f 2803 3011 3378
f 2804 3012 3379
f 2805 3013 3380
f 2806 3014 3381
f 2807 3015 3382
f 2808 3016 3383
f 2809 3017 3384
f 2810 3018 3385
f 2811 3019 3386
f 2812 3020 3387
f 2813 3021 3388
f 2814 3022 3389
f 2815 3023 3390
f 2816 3024 3391
f 2817 3025 3392
f 2821 3190 3334
f 2729 2820 3393
f 2726 3313 3043
f 3392 3025 3189
f 3391 3024 3188
f 3390 3023 3187
f 3389 3022 3186
f 3388 3021 3185
f 3387 3020 3184
f 3386 3019 3183
f 3385 3018 3182
f 3384 3017 3181
f 3383 3016 3180
f 3382 3015 3179
f 3381 3014 3178
f 3380 3013 3177
f 3379 3012 3176
f 3378 3011 3175
f 3377 3010 3174
f 3376 3009 3173
f 3375 3008 3172
f 3374 3007 3171
f 3373 3006 3170
f 3372 3005 3169
f 3371 3004 3168
f 3370 3003 3167
f 3369 3002 3166
f 3368 3001 3165
f 3367 3000 3164
f 3366 2999 3163
f 3365 2998 3162
f 3364 2997 3161
f 3363 2996 3160
f 3362 2995 3159
f 3361 2994 3158
f 3360 2993 3157
f 3359 2992 3156
f 3358 2991 3155
f 3357 2990 3154
f 3356 2989 3153
f 3355 2988 3152
f 3354 2987 3151
f 3353 2986 3150
f 3352 2985 3149
f 3351 2984 3148
f 3350 2983 3147
f 3349 2982 3146
f 2729 3393 3101
f 3332 2964 3124
f 3331 2963 3123
f 3330 2962 3122
f 3312 2719 3092
f 3311 2718 3091
f 3310 2717 3090
f 3309 2716 3089
f 3308 2715 3088
f 3307 2714 3087
f 3306 2713 3086
f 3305 2712 3085
f 3304 2711 3084
f 3303 2710 3083
f 3302 2709 3082
f 3301 2708 3081
f 3300 2707 3080
f 3299 2706 3079
f 3298 2705 3078
f 3297 2704 3077
f 3296 2703 3076
f 3295 2702 3075
f 3294 2701 3074
f 3293 2700 3073
f 3292 2699 3072
f 3291 2698 3071
f 3290 2697 3070
f 3289 2696 3069
f 3288 2695 3068
f 3287 2694 3067
f 3286 2693 3066
f 2881 3251 3125
f 3285 2692 3065
f 3284 2691 3064
f 3283 2690 3063
f 3282 2689 3062
f 3281 2688 3061
f 3280 2687 3060
f 3279 2686 3059
f 3278 2685 3058
f 3277 2684 3057
f 3276 2683 3056
f 3275 2682 3055
f 3274 2681 3054
f 3266 2889 3256
f 3338 2966 3252
f 3188 2817 3392
f 3187 2816 3391
f 3186 2815 3390
f 3185 2814 3389
f 3184 2813 3388
f 3183 2812 3387
f 3182 2811 3386
f 3181 2810 3385
f 3180 2809 3384
f 3179 2808 3383
f 3178 2807 3382
f 3177 2806 3381
f 3176 2805 3380
f 3175 2804 3379
f 3174 2803 3378
f 3173 2802 3377
f 3172 2801 3376
f 3171 2800 3375
f 3170 2799 3374
f 3169 2798 3373
f 3168 2797 3372
f 3167 2796 3371
f 3166 2795 3370
f 3165 2794 3369
f 3164 2793 3368
f 3163 2792 3367
f 3162 2791 3366
f 3161 2790 3365
f 3160 2789 3364
f 3159 2788 3363
f 3158 2787 3362
f 3157 2786 3361
f 3156 2785 3360
f 3155 2784 3359
f 3154 2783 3358
f 3153 2782 3357
f 3152 2781 3356
f 3151 2780 3355
f 3150 2779 3354
f 3149 2778 3353
f 3148 2777 3352
f 3147 2776 3351
f 3146 2775 3350
f 3145 2774 3349
f 3144 2773 3348
f 3143 2772 3347
f 3142 2771 3346
f 3141 2770 3345
f 3140 2769 3344
f 3139 2768 3343
f 3138 2767 3342
f 3133 2971 3340
f 3124 2753 3333
f 3123 2752 3332
f 3122 2751 3331
f 3121 2750 3330
f 3120 2749 3329
f 3119 2748 3328
f 3118 2747 3327
f 3117 2746 3326
f 3116 2745 3325
f 3115 2744 3324
f 3114 2743 3323
f 3113 2742 3322
f 3103 2945 3316
f 3102 2766 3341
f 3100 2943 3315
f 3091 2939 3312
f 3090 2938 3311
f 3089 2937 3310
f 3088 2936 3309
f 3087 2935 3308
f 3086 2934 3307
f 3085 2933 3306
f 3084 2932 3305
f 3083 2931 3304
f 3082 2930 3303
f 3081 2929 3302
f 3080 2928 3301
f 3079 2927 3300
f 3078 2926 3299
f 3077 2925 3298
f 3076 2924 3297
f 3075 2923 3296
f 3074 2922 3295
f 3073 2921 3294
f 3072 2920 3293
f 3071 2919 3292
f 3070 2918 3291
f 3069 2917 3290
f 3068 2916 3289
f 3067 2915 3288
f 3066 2914 3287
f 3065 2913 3286
f 3064 2912 3285
f 3063 2911 3284
f 3062 2910 3283
f 3061 2909 3282
f 3060 2908 3281
f 3059 2907 3280
f 3058 2906 3279
f 3057 2905 3278
f 3056 2904 3277
f 3055 2903 3276
f 3054 2902 3275
f 3053 2901 3274
f 3052 2900 3273
f 3051 2899 3272
f 3050 2898 3271
f 3265 2887 3036
f 3268 2672 3045
f 3273 2680 3053
f 3272 2679 3052
f 3271 2678 3051
f 3270 2677 3050
f 3269 2676 3049
f 2897 3270 3049
f 3329 2961 3121
f 3328 2960 3120
f 3327 2959 3119
f 3316 2734 3104
f 3318 2947 3106
f 3326 2958 3118
f 3325 2957 3117
f 3320 2950 3110
f 3324 2956 3116
f 3323 2955 3115
f 3322 2954 3114
f 3321 2953 3113
f 3333 2965 3137
f 2970 3339 3132
f 3348 2981 3145
f 3347 2980 3144
f 3346 2979 3143
f 3345 2978 3142
f 3344 2977 3141
f 3343 2976 3140
f 3342 2975 3139
f 3341 2974 3138
f 3340 2764 3134
f 3339 2763 3133
f 3393 2820 3250
f 3188 3392 3394
f 3130 3338 3395
f 3329 3121 3396
f 3027 3334 3397
f 3029 3261 3398
f 3268 3045 3399
f 3041 3247 3400
f 3038 3109 3401
f 3109 3246 3401
f 3046 3262 3402
f 3263 2723 3255
f 3033 3034 3403
f 3091 3312 3404
f 3030 3265 3405
f 3035 3029 3406
f 3029 3398 3406
f 3112 3321 3407
f 3095 3249 3408
f 3044 3268 3409
f 3268 3399 3409
f 3039 3043 3410
f 3043 3313 3410
f 3273 3053 3411
f 3267 3046 3412
f 3046 3402 3412
f 2754 3263 3137
f 3049 3270 3413
f 3269 3049 3414
f 3049 3413 3414
f 3050 3271 3415
f 3051 3272 3416
f 3052 3273 3417
f 3273 3411 3417
f 3266 3256 3418
f 3274 3054 3419
f 3275 3055 3420
f 3276 3056 3421
f 3277 3057 3422
f 3278 3058 3423
f 3279 3059 3424
f 3280 3060 3425
f 3281 3061 3426
f 3282 3062 3427
f 3283 3063 3428
f 3284 3064 3429
f 3125 3251 3430
f 3065 3286 3431
f 3066 3287 3432
f 3067 3288 3433
f 3068 3289 3434
f 3069 3290 3435
f 3070 3291 3436
f 3071 3292 3437
f 3072 3293 3438
f 3073 3294 3439
f 3074 3295 3440
f 3075 3296 3441
f 3076 3297 3442
f 3077 3298 3443
f 3078 3299 3444
f 3079 3300 3445
f 3080 3301 3446
f 3081 3302 3447
f 3082 3303 3448
f 3083 3304 3449
f 3084 3305 3450
f 3085 3306 3451
f 3086 3307 3452
f 3087 3308 3453
f 3088 3309 3454
f 3089 3310 3455
f 3090 3311 3456
f 3311 3091 3457
f 3091 3404 3457
f 3092 3093 3458
f 3045 3267 3459
f 3399 3045 3459
f 3267 3412 3459
f 3137 3263 3460
f 3102 3341 3461
f 3123 3332 3462
f 3097 3027 3463
f 3027 3397 3463
f 3098 3105 3464
f 3099 3318 3465
f 3047 3260 3466
f 3249 3041 3467
f 3041 3400 3467
f 3326 3118 3468
f 3324 3116 3469
f 3132 3339 3470
f 3315 3103 3471
f 3034 3030 3472
f 3403 3034 3472
f 3030 3405 3472
f 3110 3264 3473
f 3106 3317 3474
f 3031 3320 3475
f 3333 3137 3460
f 3113 3322 3476
f 3114 3323 3477
f 3115 3324 3478
f 3324 3469 3478
f 3320 3110 3479
f 3110 3473 3479
f 3325 3117 3480
f 3117 3326 3481
f 3326 3468 3481
f 3316 3104 3482
f 3327 3119 3483
f 3328 3120 3484
f 3120 3329 3485
f 3329 3396 3485
f 3312 3092 3486
f 3404 3312 3486
f 3092 3458 3486
f 3330 3122 3487
f 3331 3123 3488
f 3123 3462 3488
f 3192 3129 3489
f 3129 3335 3489
f 3250 3253 3490
f 3319 3112 3491
f 3112 3407 3491
f 3336 3127 3492
f 3348 3145 3493
f 3393 3250 3494
f 3250 3490 3494
f 3124 3333 3495
f 3100 3315 3496
f 3315 3471 3496
f 3135 3131 3497
f 3136 3102 3498
f 3102 3461 3498
f 3340 3134 3499
f 3133 3340 3500
f 3340 3499 3500
f 3138 3342 3501
f 3139 3343 3502
f 3140 3344 3503
f 3141 3345 3504
f 3142 3346 3505
f 3143 3347 3506
f 3144 3348 3507
f 3348 3493 3507
f 3101 3393 3508
f 3393 3494 3508
f 3349 3146 3509
f 3350 3147 3510
f 3351 3148 3511
f 3352 3149 3512
f 3353 3150 3513
f 3354 3151 3514
f 3355 3152 3515
f 3356 3153 3516
f 3357 3154 3517
f 3358 3155 3518
f 3359 3156 3519
f 3360 3157 3520
f 3361 3158 3521
f 3362 3159 3522
f 3363 3160 3523
f 3364 3161 3524
f 3365 3162 3525
f 3366 3163 3526
f 3367 3164 3527
f 3368 3165 3528
f 3369 3166 3529
f 3370 3167 3530
f 3371 3168 3531
f 3372 3169 3532
f 3373 3170 3533
f 3374 3171 3534
f 3375 3172 3535
f 3376 3173 3536
f 3377 3174 3537
f 3378 3175 3538
f 3379 3176 3539
f 3380 3177 3540
f 3381 3178 3541
f 3382 3179 3542
f 3383 3180 3543
f 3384 3181 3544
f 3385 3182 3545
f 3386 3183 3546
f 3387 3184 3547
f 3388 3185 3548
f 3389 3186 3549
f 3390 3187 3550
f 3391 3188 3551
f 3188 3394 3551
f 3193 3192 3552
f 3192 3489 3552
f 3191 3095 3553
f 3095 3408 3553
f 3127 3135 3554
f 3492 3127 3554
f 3135 3497 3554
f 3194 3193 3555
f 3193 3552 3555
f 3195 3194 3556
f 3194 3555 3556
f 3196 3195 3557
f 3195 3556 3557
f 3197 3196 3558
f 3196 3557 3558
f 3198 3197 3559
f 3197 3558 3559
f 3199 3198 3560
f 3198 3559 3560
f 3200 3199 3561
f 3199 3560 3561
f 3201 3200 3562
f 3200 3561 3562
f 3202 3201 3563
f 3201 3562 3563
f 3203 3202 3564
f 3202 3563 3564
f 3204 3203 3565
f 3203 3564 3565
f 3205 3204 3566
f 3204 3565 3566
f 3206 3205 3567
f 3205 3566 3567
f 3207 3206 3568
f 3206 3567 3568
f 3208 3207 3569
f 3207 3568 3569
f 3209 3208 3570
f 3208 3569 3570
f 3210 3209 3571
f 3209 3570 3571
f 3211 3210 3572
f 3210 3571 3572
f 3212 3211 3573
f 3211 3572 3573
f 3213 3212 3574
f 3212 3573 3574
f 3214 3213 3575
f 3213 3574 3575
f 3215 3214 3576
f 3214 3575 3576
f 3216 3215 3577
f 3215 3576 3577
f 3217 3216 3578
f 3216 3577 3578
f 3218 3217 3579
f 3217 3578 3579
f 3219 3218 3580
f 3218 3579 3580
f 3220 3219 3581
f 3219 3580 3581
f 3221 3220 3582
f 3220 3581 3582
f 3222 3221 3583
f 3221 3582 3583
f 3223 3222 3584
f 3222 3583 3584
f 3224 3223 3585
f 3223 3584 3585
f 3225 3224 3586
f 3224 3585 3586
f 3226 3225 3587
f 3225 3586 3587
f 3227 3226 3588
f 3226 3587 3588
f 3228 3227 3589
f 3227 3588 3589
f 3229 3228 3590
f 3228 3589 3590
f 3230 3229 3591
f 3229 3590 3591
f 3231 3230 3592
f 3230 3591 3592
f 3232 3231 3593
f 3231 3592 3593
f 3233 3232 3594
f 3232 3593 3594
f 3234 3233 3595
f 3233 3594 3595
f 3235 3234 3596
f 3234 3595 3596
f 3236 3235 3597
f 3235 3596 3597
f 3237 3236 3598
f 3236 3597 3598
f 3238 3237 3599
f 3237 3598 3599
f 3239 3238 3600
f 3238 3599 3600
f 3240 3239 3601
f 3239 3600 3601
f 3241 3240 3602
f 3240 3601 3602
f 3242 3241 3603
f 3241 3602 3603
f 3243 3242 3604
f 3242 3603 3604
f 3244 3243 3605
f 3243 3604 3605
f 3245 3244 3606
f 3244 3605 3606
f 3048 3269 3607
f 3269 3414 3607
f 3032 3266 3608
f 3266 3418 3608
f 3190 3126 3609
f 3252 3132 3610
f 3132 3470 3610
f 3253 3098 3611
f 3098 3464 3611
f 3131 3130 3612
f 3130 3395 3612
f 3128 3125 3613
f 3125 3430 3613
f 3126 3035 3614
f 3609 3126 3614
f 3035 3406 3614
f 3285 3065 3615
f 3065 3431 3615
f 3338 3252 3616
f 3395 3338 3616
f 3252 3610 3616
f 3028 3336 3617
f 3336 3492 3617
f 3108 3031 3618
f 3031 3475 3618
f 3111 3319 3619
f 3319 3491 3619
f 3104 3099 3620
f 3099 3465 3620
f 3332 3124 3621
f 3124 3495 3621
f 3107 3108 3622
f 3108 3618 3622
f 3096 3033 3623
f 3033 3403 3623
f 3093 3038 3624
f 3458 3093 3624
f 3038 3401 3624
f 3094 3136 3625
f 3136 3498 3625
f 3263 3255 3626
f 3460 3263 3626
f 3255 3337 3626
f 3131 3612 3497
f 3039 3410 3254
f 3473 3264 3627
f 3264 3111 3627
f 3392 3189 3628
f 3407 3321 3629
f 3321 3113 3629
f 3435 3290 3630
f 3290 3070 3630
f 3036 3037 3631
f 3262 3047 3632
f 3042 3257 3633
f 3113 3476 3629
f 3433 3288 3634
f 3288 3068 3634
f 3413 3270 3635
f 3270 3050 3635
f 3430 3251 3636
f 3251 3028 3636
f 3429 3064 3637
f 3064 3285 3637
f 3428 3063 3638
f 3063 3284 3638
f 3415 3271 3639
f 3271 3051 3639
f 3265 3036 3640
f 3051 3416 3639
f 3265 3640 3405
f 3272 3052 3641
f 3418 3256 3642
f 3256 3040 3642
f 3053 3274 3643
f 3054 3275 3644
f 3055 3276 3645
f 3056 3277 3646
f 3057 3278 3647
f 3058 3279 3648
f 3059 3280 3649
f 3060 3281 3650
f 3061 3282 3651
f 3062 3283 3652
f 3284 3429 3638
f 3286 3066 3653
f 3287 3067 3654
f 3068 3434 3634
f 3289 3069 3655
f 3070 3436 3630
f 3036 3631 3640
f 3291 3071 3656
f 3292 3072 3657
f 3293 3073 3658
f 3294 3074 3659
f 3295 3075 3660
f 3296 3076 3661
f 3297 3077 3662
f 3298 3078 3663
f 3299 3079 3664
f 3300 3080 3665
f 3301 3081 3666
f 3302 3082 3667
f 3303 3083 3668
f 3304 3084 3669
f 3305 3085 3670
f 3306 3086 3671
f 3307 3087 3672
f 3308 3088 3673
f 3309 3089 3674
f 3310 3090 3675
f 3311 3457 3456
f 3427 3062 3652
f 3426 3061 3651
f 3425 3060 3650
f 3464 3105 3676
f 3105 3100 3676
f 3332 3621 3462
f 3314 3097 3677
f 3097 3463 3677
f 3047 3466 3632
f 3249 3467 3408
f 3468 3118 3678
f 3118 3327 3678
f 3258 3314 3679
f 3314 3677 3679
f 3320 3479 3475
f 3253 3611 3490
f 3037 3032 3680
f 3032 3608 3680
f 3474 3317 3681
f 3317 3107 3681
f 3424 3059 3649
f 3318 3106 3682
f 3111 3619 3627
f 3423 3058 3648
f 3422 3057 3647
f 3421 3056 3646
f 3333 3460 3495
f 3247 3101 3683
f 3420 3055 3645
f 3392 3628 3394
f 3419 3054 3644
f 3416 3272 3641
f 3476 3322 3684
f 3322 3114 3684
f 3103 3316 3685
f 3114 3477 3684
f 3103 3685 3471
f 3323 3115 3686
f 3480 3117 3481
f 3116 3325 3687
f 3116 3687 3469
f 3482 3104 3620
f 3327 3483 3678
f 3119 3328 3688
f 3120 3485 3484
f 3121 3330 3689
f 3122 3331 3690
f 3313 3191 3691
f 3335 3128 3692
f 3489 3335 3692
f 3128 3613 3692
f 3487 3122 3690
f 3400 3247 3683
f 3398 3261 3693
f 3261 3096 3693
f 3397 3334 3694
f 3334 3190 3694
f 3396 3121 3689
f 3101 3508 3683
f 3189 3254 3695
f 3628 3189 3695
f 3254 3410 3695
f 3100 3496 3676
f 3339 3133 3696
f 3050 3415 3635
f 3133 3500 3696
f 3501 3342 3697
f 3342 3139 3697
f 3341 3138 3698
f 3139 3502 3697
f 3341 3698 3461
f 3343 3140 3699
f 3344 3141 3700
f 3345 3142 3701
f 3346 3143 3702
f 3347 3144 3703
f 3145 3349 3704
f 3146 3350 3705
f 3147 3351 3706
f 3148 3352 3707
f 3149 3353 3708
f 3150 3354 3709
f 3151 3355 3710
f 3152 3356 3711
f 3153 3357 3712
f 3154 3358 3713
f 3155 3359 3714
f 3156 3360 3715
f 3157 3361 3716
f 3158 3362 3717
f 3159 3363 3718
f 3160 3364 3719
f 3161 3365 3720
f 3162 3366 3721
f 3163 3367 3722
f 3164 3368 3723
f 3165 3369 3724
f 3166 3370 3725
f 3167 3371 3726
f 3168 3372 3727
f 3169 3373 3728
f 3170 3374 3729
f 3171 3375 3730
f 3172 3376 3731
f 3173 3377 3732
f 3174 3378 3733
f 3175 3379 3734
f 3176 3380 3735
f 3177 3381 3736
f 3178 3382 3737
f 3179 3383 3738
f 3180 3384 3739
f 3181 3385 3740
f 3182 3386 3741
f 3183 3387 3742
f 3184 3388 3743
f 3185 3389 3744
f 3186 3390 3745
f 3187 3391 3746
f 3190 3609 3694
f 3246 3245 3747
f 3401 3246 3747
f 3245 3606 3747
f 3260 3048 3748
f 3248 3042 3749
f 3042 3633 3749
f 3746 3391 3551
f 3745 3390 3550
f 3744 3389 3549
f 3743 3388 3548
f 3742 3387 3547
f 3741 3386 3546
f 3740 3385 3545
f 3739 3384 3544
f 3738 3383 3543
f 3737 3382 3542
f 3736 3381 3541
f 3735 3380 3540
f 3734 3379 3539
f 3733 3378 3538
f 3732 3377 3537
f 3731 3376 3536
f 3730 3375 3535
f 3729 3374 3534
f 3728 3373 3533
f 3727 3372 3532
f 3726 3371 3531
f 3725 3370 3530
f 3675 3090 3456
f 3674 3089 3455
f 3673 3088 3454
f 3672 3087 3453
f 3671 3086 3452
f 3670 3085 3451
f 3669 3084 3450
f 3668 3083 3449
f 3028 3617 3636
f 3667 3082 3448
f 3666 3081 3447
f 3665 3080 3446
f 3664 3079 3445
f 3663 3078 3444
f 3662 3077 3443
f 3661 3076 3442
f 3660 3075 3441
f 3659 3074 3440
f 3658 3073 3439
f 3654 3067 3433
f 3652 3283 3428
f 3651 3282 3427
f 3650 3281 3426
f 3649 3280 3425
f 3648 3279 3424
f 3647 3278 3423
f 3550 3187 3746
f 3549 3186 3745
f 3548 3185 3744
f 3547 3184 3743
f 3546 3183 3742
f 3545 3182 3741
f 3544 3181 3740
f 3543 3180 3739
f 3542 3179 3738
f 3541 3178 3737
f 3540 3177 3736
f 3539 3176 3735
f 3538 3175 3734
f 3537 3174 3733
f 3536 3173 3732
f 3535 3172 3731
f 3534 3171 3730
f 3533 3170 3729
f 3532 3169 3728
f 3531 3168 3727
f 3530 3167 3726
f 3529 3166 3725
f 3528 3165 3724
f 3527 3164 3723
f 3526 3163 3722
f 3525 3162 3721
f 3524 3161 3720
f 3523 3160 3719
f 3522 3159 3718
f 3521 3158 3717
f 3520 3157 3716
f 3519 3156 3715
f 3518 3155 3714
f 3517 3154 3713
f 3134 3094 3750
f 3516 3153 3712
f 3646 3277 3422
f 3515 3152 3711
f 3514 3151 3710
f 3513 3150 3709
f 3512 3149 3708
f 3511 3148 3707
f 3510 3147 3706
f 3506 3347 3703
f 3505 3346 3702
f 3504 3345 3701
f 3053 3643 3411
f 3645 3276 3421
f 3257 3044 3751
f 3633 3257 3751
f 3044 3409 3751
f 3259 3258 3752
f 3258 3679 3752
f 3503 3344 3700
f 3502 3343 3699
f 3644 3275 3420
f 3493 3145 3704
f 3483 3119 3688
f 3477 3323 3686
f 3470 3339 3696
f 3466 3260 3748
f 3465 3318 3682
f 3455 3310 3675
f 3454 3309 3674
f 3453 3308 3673
f 3452 3307 3672
f 3451 3306 3671
f 3450 3305 3670
f 3449 3304 3669
f 3448 3303 3668
f 3447 3302 3667
f 3446 3301 3666
f 3445 3300 3665
f 3444 3299 3664
f 3443 3298 3663
f 3442 3297 3662
f 3441 3296 3661
f 3440 3295 3660
f 3439 3294 3659
f 3438 3293 3658
f 3437 3292 3657
f 3436 3291 3656
f 3107 3622 3681
f 3702 3143 3506
f 3262 3632 3402
f 3289 3655 3434
f 3637 3285 3615
f 3286 3653 3431
f 3641 3052 3417
f 3643 3274 3419
f 3653 3066 3432
f 3287 3654 3432
f 3655 3069 3435
f 3657 3072 3438
f 3656 3071 3437
f 3724 3369 3529
f 3723 3368 3528
f 3722 3367 3527
f 3721 3366 3526
f 3720 3365 3525
f 3719 3364 3524
f 3718 3363 3523
f 3717 3362 3522
f 3716 3361 3521
f 3682 3106 3474
f 3715 3360 3520
f 3714 3359 3519
f 3713 3358 3518
f 3712 3357 3517
f 3711 3356 3516
f 3710 3355 3515
f 3709 3354 3514
f 3685 3316 3482
f 3686 3115 3478
f 3687 3325 3480
f 3691 3191 3553
f 3690 3331 3488
f 3688 3328 3484
f 3689 3330 3487
f 3313 3691 3410
f 3707 3352 3512
f 3708 3353 3513
f 3706 3351 3511
f 3748 3048 3607
f 3693 3096 3623
f 3705 3350 3510
f 3704 3349 3509
f 3703 3144 3507
f 3701 3142 3505
f 3698 3138 3501
f 3700 3141 3504
f 3699 3140 3503
f 3146 3705 3509
f 3134 3750 3499
f 3750 3094 3625
f 3487 3690 3753
f 3433 3634 3754
f 3705 3510 3755
f 3423 3648 3756
f 3686 3478 3757
f 3497 3612 3758
f 3434 3655 3759
f 3407 3629 3760
f 3691 3553 3761
f 3431 3653 3762
f 3640 3631 3763
f 3631 3037 3680
f 3746 3551 3764
f 3465 3682 3765
f 3707 3512 3766
f 3645 3421 3767
f 3637 3615 3768
f 3414 3413 3769
f 3696 3500 3770
f 3641 3417 3771
f 3667 3448 3772
f 3474 3681 3773
f 3405 3640 3774
f 3640 3763 3774
f 3639 3416 3775
f 3430 3636 3776
f 3642 3040 3777
f 3643 3419 3778
f 3418 3642 3779
f 3416 3641 3780
f 3641 3771 3780
f 3493 3704 3781
f 3394 3628 3782
f 3495 3460 3783
f 3515 3711 3784
f 3550 3746 3785
f 3746 3764 3785
f 3422 3647 3786
f 3647 3423 3787
f 3786 3647 3787
f 3423 3756 3787
f 3455 3675 3788
f 3464 3676 3789
f 3649 3425 3790
f 3650 3426 3791
f 3651 3427 3792
f 3638 3429 3793
f 3415 3639 3794
f 3639 3775 3794
f 3428 3638 3795
f 3638 3793 3795
f 3432 3654 3796
f 3652 3428 3797
f 3428 3795 3797
f 3634 3434 3798
f 3754 3634 3798
f 3434 3759 3798
f 3657 3438 3799
f 3630 3436 3800
f 3724 3529 3801
f 3656 3437 3802
f 3437 3657 3803
f 3657 3799 3803
f 3654 3433 3804
f 3796 3654 3804
f 3433 3754 3804
f 3658 3439 3805
f 3659 3440 3806
f 3660 3441 3807
f 3661 3442 3808
f 3662 3443 3809
f 3663 3444 3810
f 3664 3445 3811
f 3665 3446 3812
f 3666 3447 3813
f 3447 3667 3814
f 3813 3447 3814
f 3667 3772 3814
f 3668 3449 3815
f 3669 3450 3816
f 3670 3451 3817
f 3671 3452 3818
f 3672 3453 3819
f 3673 3454 3820
f 3674 3455 3821
f 3455 3788 3821
f 3456 3457 3822
f 3625 3498 3823
f 3644 3420 3824
f 3700 3504 3825
f 3466 3748 3826
f 3632 3466 3827
f 3466 3826 3827
f 3477 3686 3828
f 3686 3757 3828
f 3040 3248 3777
f 3693 3623 3829
f 3702 3506 3830
f 3715 3520 3831
f 3627 3619 3832
f 3462 3621 3833
f 3424 3649 3834
f 3649 3790 3834
f 3420 3645 3835
f 3824 3420 3835
f 3645 3767 3835
f 3471 3685 3836
f 3412 3402 3837
f 3684 3477 3838
f 3477 3828 3838
f 3435 3630 3839
f 3630 3800 3839
f 3687 3480 3840
f 3479 3473 3841
f 3469 3687 3842
f 3687 3840 3842
f 3503 3700 3843
f 3700 3825 3843
f 3689 3487 3844
f 3487 3753 3844
f 3484 3485 3845
f 3488 3462 3846
f 3462 3833 3846
f 3400 3683 3847
f 3688 3484 3848
f 3484 3845 3848
f 3409 3399 3849
f 3468 3678 3850
f 3406 3398 3851
f 3476 3684 3852
f 3684 3838 3852
f 3408 3467 3853
f 3337 3259 3854
f 3259 3752 3854
f 3555 3552 3855
f 3397 3694 3856
f 3617 3492 3857
f 3703 3507 3858
f 3398 3693 3859
f 3851 3398 3859
f 3693 3829 3859
f 3501 3697 3860
f 3635 3415 3861
f 3415 3794 3861
f 3750 3625 3862
f 3625 3823 3862
f 3461 3698 3863
f 3509 3705 3864
f 3705 3755 3864
f 3502 3699 3865
f 3699 3503 3866
f 3503 3843 3866
f 3411 3643 3867
f 3643 3778 3867
f 3698 3501 3868
f 3863 3698 3868
f 3501 3860 3868
f 3402 3632 3869
f 3837 3402 3869
f 3632 3827 3869
f 3505 3702 3870
f 3702 3830 3870
f 3701 3505 3871
f 3505 3870 3871
f 3483 3688 3872
f 3688 3848 3872
f 3508 3494 3873
f 3499 3750 3874
f 3750 3862 3874
f 3704 3509 3875
f 3509 3864 3875
f 3506 3703 3876
f 3703 3858 3876
f 3708 3513 3877
f 3511 3707 3878
f 3707 3766 3878
f 3706 3511 3879
f 3511 3878 3879
f 3512 3708 3880
f 3766 3512 3880
f 3708 3877 3880
f 3709 3514 3881
f 3710 3515 3882
f 3515 3784 3882
f 3646 3422 3883
f 3422 3786 3883
f 3712 3517 3884
f 3713 3518 3885
f 3714 3519 3886
f 3519 3715 3887
f 3886 3519 3887
f 3715 3831 3887
f 3682 3474 3888
f 3474 3773 3888
f 3716 3521 3889
f 3717 3522 3890
f 3718 3523 3891
f 3719 3524 3892
f 3720 3525 3893
f 3721 3526 3894
f 3722 3527 3895
f 3723 3528 3896
f 3528 3724 3897
f 3724 3801 3897
f 3675 3456 3898
f 3456 3822 3898
f 3725 3530 3899
f 3726 3531 3900
f 3727 3532 3901
f 3728 3533 3902
f 3729 3534 3903
f 3730 3535 3904
f 3731 3536 3905
f 3732 3537 3906
f 3733 3538 3907
f 3734 3539 3908
f 3735 3540 3909
f 3736 3541 3910
f 3737 3542 3911
f 3738 3543 3912
f 3739 3544 3913
f 3740 3545 3914
f 3741 3546 3915
f 3742 3547 3916
f 3743 3548 3917
f 3744 3549 3918
f 3745 3550 3919
f 3550 3785 3919
f 3552 3489 3920
f 3855 3552 3920
f 3489 3692 3920
f 3396 3689 3921
f 3689 3844 3921
f 3419 3644 3922
f 3644 3824 3922
f 3553 3408 3923
f 3408 3853 3923
f 3610 3470 3924
f 3556 3555 3925
f 3555 3855 3925
f 3557 3556 3926
f 3556 3925 3926
f 3558 3557 3927
f 3557 3926 3927
f 3559 3558 3928
f 3558 3927 3928
f 3560 3559 3929
f 3559 3928 3929
f 3561 3560 3930
f 3560 3929 3930
f 3562 3561 3931
f 3561 3930 3931
f 3563 3562 3932
f 3562 3931 3932
f 3564 3563 3933
f 3563 3932 3933
f 3565 3564 3934
f 3564 3933 3934
f 3566 3565 3935
f 3565 3934 3935
f 3567 3566 3936
f 3566 3935 3936
f 3568 3567 3937
f 3567 3936 3937
f 3569 3568 3938
f 3568 3937 3938
f 3570 3569 3939
f 3569 3938 3939
f 3571 3570 3940
f 3570 3939 3940
f 3572 3571 3941
f 3571 3940 3941
f 3573 3572 3942
f 3572 3941 3942
f 3574 3573 3943
f 3573 3942 3943
f 3575 3574 3944
f 3574 3943 3944
f 3576 3575 3945
f 3575 3944 3945
f 3577 3576 3946
f 3576 3945 3946
f 3578 3577 3947
f 3577 3946 3947
f 3579 3578 3948
f 3578 3947 3948
f 3580 3579 3949
f 3579 3948 3949
f 3581 3580 3950
f 3580 3949 3950
f 3582 3581 3951
f 3581 3950 3951
f 3583 3582 3952
f 3582 3951 3952
f 3584 3583 3953
f 3583 3952 3953
f 3585 3584 3954
f 3584 3953 3954
f 3586 3585 3955
f 3585 3954 3955
f 3587 3586 3956
f 3586 3955 3956
f 3588 3587 3957
f 3587 3956 3957
f 3589 3588 3958
f 3588 3957 3958
f 3590 3589 3959
f 3589 3958 3959
f 3591 3590 3960
f 3590 3959 3960
f 3592 3591 3961
f 3591 3960 3961
f 3593 3592 3962
f 3592 3961 3962
f 3594 3593 3963
f 3593 3962 3963
f 3595 3594 3964
f 3594 3963 3964
f 3596 3595 3965
f 3595 3964 3965
f 3597 3596 3966
f 3596 3965 3966
f 3598 3597 3967
f 3597 3966 3967
f 3599 3598 3968
f 3598 3967 3968
f 3600 3599 3969
f 3599 3968 3969
f 3601 3600 3970
f 3600 3969 3970
f 3602 3601 3971
f 3601 3970 3971
f 3603 3602 3972
f 3602 3971 3972
f 3604 3603 3973
f 3603 3972 3973
f 3605 3604 3974
f 3604 3973 3974
f 3606 3605 3975
f 3605 3974 3975
f 3607 3414 3976
f 3414 3769 3976
f 3608 3418 3977
f 3418 3779 3977
f 3429 3637 3978
f 3793 3429 3978
f 3637 3768 3978
f 3615 3431 3979
f 3768 3615 3979
f 3431 3762 3979
f 3551 3394 3980
f 3394 3782 3980
f 3611 3464 3981
f 3464 3789 3981
f 3516 3712 3982
f 3712 3884 3982
f 3613 3430 3983
f 3430 3776 3983
f 3507 3493 3984
f 3493 3781 3984
f 3473 3627 3985
f 3627 3832 3985
f 3618 3475 3986
f 3620 3465 3987
f 3465 3765 3987
f 3621 3495 3988
f 3833 3621 3988
f 3495 3783 3988
f 3500 3499 3989
f 3499 3874 3989
f 3498 3461 3990
f 3823 3498 3990
f 3461 3863 3990
f 3622 3618 3991
f 3618 3986 3991
f 3496 3471 3992
f 3471 3836 3992
f 3491 3407 3993
f 3407 3760 3993
f 3485 3396 3994
f 3396 3921 3994
f 3683 3508 3995
f 3508 3873 3995
f 3481 3468 3996
f 3468 3850 3996
f 3478 3469 3997
f 3469 3842 3997
f 3490 3611 3998
f 3611 3981 3998
f 3470 3696 3999
f 3924 3470 3999
f 3696 3770 3999
f 3482 3620 4000
f 3620 3987 4000
f 3467 3400 4001
f 3400 3847 4001
f 3463 3397 4002
f 3397 3856 4002
f 3475 3479 4003
f 3479 3841 4003
f 3427 3652 4004
f 3652 3797 4004
f 3777 3248 3749
f 3404 3486 4005
f 3485 3994 3845
f 3752 3679 4006
f 3820 3454 4007
f 3454 3674 4007
f 3410 3691 3695
f 3551 3980 3764
f 3819 3453 4008
f 3453 3673 4008
f 3458 3624 4009
f 3629 3476 4010
f 3473 3985 3841
f 3655 3435 4011
f 3775 3416 3780
f 3681 3622 4012
f 3507 3984 3858
f 3642 3777 4013
f 3815 3449 4014
f 3449 3669 4014
f 3681 4012 3773
f 3653 3432 4015
f 3781 3704 3875
f 3500 3989 3770
f 3633 3751 4016
f 3421 3646 4017
f 3788 3675 3898
f 3789 3676 4018
f 3676 3496 4018
f 3648 3424 4019
f 3425 3650 4020
f 3426 3651 4021
f 3432 3796 4015
f 3811 3445 4022
f 3445 3665 4022
f 3609 3614 4023
f 3395 3616 4024
f 3800 3436 4025
f 3436 3656 4025
f 3413 3635 4026
f 3808 3442 4027
f 3442 3662 4027
f 3656 3802 4025
f 3413 4026 3769
f 3437 3803 3802
f 3806 3440 4028
f 3440 3660 4028
f 3438 3658 4029
f 3439 3659 4030
f 3660 3807 4028
f 3438 4029 3799
f 3441 3661 4031
f 3662 3809 4027
f 3443 3663 4032
f 3444 3664 4033
f 3665 3812 4022
f 3446 3666 4034
f 3816 3450 4035
f 3450 3670 4035
f 3636 3617 4036
f 3448 3668 4037
f 3669 3816 4014
f 3670 3817 4035
f 3636 4036 3776
f 3451 3671 4038
f 3452 3672 4039
f 3673 3820 4008
f 3674 3821 4007
f 3695 3691 3761
f 3622 3991 4012
f 3553 3923 3761
f 3419 3922 3778
f 3801 3529 4040
f 3529 3725 4040
f 3435 3839 4011
f 3690 3488 4041
f 3677 3463 4042
f 3463 4002 4042
f 3830 3506 3876
f 3679 3677 4043
f 4006 3679 4043
f 3677 4042 4043
f 3792 3427 4004
f 3791 3426 4021
f 3680 3608 4044
f 3608 3977 4044
f 3829 3623 4045
f 3623 3403 4045
f 3682 3888 3765
f 3790 3425 4020
f 3496 3992 4018
f 3424 3834 4019
f 3784 3711 4046
f 3711 3516 4046
f 3460 3626 3783
f 3628 3695 4047
f 3782 3628 4047
f 3695 3761 4047
f 3779 3642 4013
f 3417 3411 4048
f 3840 3480 4049
f 3480 3481 4049
f 3692 3613 3983
f 3451 4038 3817
f 3653 4015 3762
f 3772 3448 4037
f 3771 3417 4048
f 3488 3846 4041
f 3486 3458 4050
f 4005 3486 4050
f 3458 4009 4050
f 3847 3683 3995
f 3481 3996 4049
f 3849 3399 4051
f 3399 3459 4051
f 3478 3997 3757
f 3476 3852 4010
f 3767 3421 4017
f 3853 3467 4001
f 3678 3483 4052
f 3401 3747 3624
f 3475 4003 3986
f 3617 3857 4036
f 3760 3629 4010
f 3635 3861 4026
f 3648 4019 3756
f 3759 3655 4011
f 3697 3502 4053
f 3865 3699 3866
f 3504 3701 4054
f 3873 3494 4055
f 3494 3490 4055
f 3748 3607 4056
f 3510 3706 4057
f 3685 3482 4058
f 3513 3709 4059
f 3514 3710 4060
f 3884 3517 4061
f 3517 3713 4061
f 3441 4031 3807
f 3713 3885 4061
f 3518 3714 4062
f 3520 3716 4063
f 3521 3717 4064
f 3522 3718 4065
f 3523 3719 4066
f 3524 3720 4067
f 3525 3721 4068
f 3526 3722 4069
f 3527 3723 4070
f 3528 3897 3896
f 3530 3726 4071
f 3531 3727 4072
f 3532 3728 4073
f 3533 3729 4074
f 3534 3730 4075
f 3535 3731 4076
f 3536 3732 4077
f 3537 3733 4078
f 3538 3734 4079
f 3539 3735 4080
f 3540 3736 4081
f 3541 3737 4082
f 3542 3738 4083
f 3543 3739 4084
f 3544 3740 4085
f 3545 3741 4086
f 3546 3742 4087
f 3547 3743 4088
f 3548 3744 4089
f 3549 3745 4090
f 3694 3609 4091
f 3747 3606 4009
f 3554 3497 4092
f 3497 3758 4092
f 3606 3975 4009
f 3749 3633 4093
f 3633 4016 4093
f 3443 4032 3809
f 3918 3549 4090
f 3917 3548 4089
f 3916 3547 4088
f 3915 3546 4087
f 3612 3395 4094
f 3914 3545 4086
f 3913 3544 4085
f 3912 3543 4084
f 3911 3542 4083
f 3910 3541 4082
f 3909 3540 4081
f 3753 3690 4041
f 3908 3539 4080
f 3614 3406 4095
f 4023 3614 4095
f 3406 3851 4095
f 3907 3538 4079
f 3616 3610 4096
f 3610 3924 4096
f 3906 3537 4078
f 3905 3536 4077
f 3904 3535 4076
f 3903 3534 4075
f 3902 3533 4074
f 3901 3532 4073
f 3900 3531 4072
f 3530 4071 3899
f 3895 3527 4070
f 3751 3409 4097
f 4016 3751 4097
f 3409 3849 4097
f 3894 3526 4069
f 3893 3525 4068
f 3892 3524 4067
f 3891 3523 4066
f 3678 4052 3850
f 3619 3491 4098
f 3748 4056 3826
f 3885 3518 4062
f 3472 3405 4099
f 3405 3774 4099
f 4021 3651 3792
f 3459 3412 4100
f 3412 3837 4100
f 3457 3404 4101
f 3857 3492 4102
f 3492 3554 4102
f 3856 3694 4091
f 3860 3697 4053
f 3619 4098 3832
f 3831 3520 4063
f 3825 3504 4054
f 3836 3685 4058
f 4070 3723 3896
f 4084 3739 3913
f 4013 3777 4103
f 3777 3749 4103
f 4020 3650 3791
f 4017 3646 3883
f 3446 4034 3812
f 3395 4024 4094
f 4037 3668 3815
f 4030 3659 3806
f 4029 3658 3805
f 3439 4030 3805
f 4033 3664 3811
f 4031 3661 3808
f 4032 3663 3810
f 3444 4033 3810
f 4034 3666 3813
f 4039 3672 3819
f 4038 3671 3818
f 3452 4039 3818
f 4091 3609 4023
f 4090 3745 3919
f 4089 3744 3918
f 4088 3743 3917
f 4087 3742 3916
f 4040 3725 3899
f 4086 3741 3915
f 4085 3740 3914
f 4083 3738 3912
f 4045 3403 4104
f 3403 3472 4104
f 4082 3737 3911
f 4081 3736 3910
f 4080 3735 3909
f 4046 3516 3982
f 4079 3734 3908
f 4048 3411 3867
f 3457 4101 3822
f 4078 3733 3907
f 4077 3732 3906
f 4076 3731 3905
f 4075 3730 3904
f 4074 3729 3903
f 4073 3728 3902
f 4072 3727 3901
f 4069 3722 3895
f 4068 3721 3894
f 4067 3720 3893
f 4066 3719 3892
f 4065 3718 3891
f 4052 3483 3872
f 4060 3710 3882
f 4059 3709 3881
f 4058 3482 4000
f 4057 3706 3879
f 4055 3490 3998
f 4053 3502 3865
f 4054 3701 3871
f 4056 3607 3976
f 3510 4057 3755
f 3513 4059 3877
f 3514 4060 3881
f 4064 3717 3890
f 4063 3716 3889
f 4062 3714 3886
f 3521 4064 3889
f 3522 4065 3890
f 4071 3726 3900
f 3612 4094 3758
f 4098 3491 3993
f 4101 3404 4005
f 3805 4030 4105
f 3845 3994 4106
f 4054 3871 4107
f 4086 3915 4108
f 4009 3975 4109
f 4050 4009 4109
f 3975 3974 4109
f 3894 4069 4110
f 3820 4007 4111
f 4035 3817 4112
f 4012 3991 4113
f 3767 4017 4114
f 3631 3680 4115
f 3819 4008 4116
f 3856 4091 4117
f 4009 3624 3747
f 4026 3861 4118
f 3755 4057 4119
f 3841 3985 4120
f 4055 3998 4121
f 4101 4005 4122
f 3829 4045 4123
f 3908 4080 4124
f 3775 3780 4125
f 4062 3886 4126
f 3762 4015 4127
f 4021 3792 4128
f 3761 3923 4047
f 3858 3984 4129
f 3815 4014 4130
f 3811 4022 4131
f 4094 4024 4132
f 3781 3875 4133
f 3853 4001 4134
f 3812 4034 4135
f 3788 3898 4136
f 4019 3834 4137
f 3784 4046 4138
f 4079 3908 4139
f 3908 4124 4139
f 4018 3992 4140
f 3770 3989 4141
f 3795 3793 4142
f 4033 3811 4143
f 3811 4131 4143
f 3800 4025 4144
f 4020 3791 4145
f 3756 4019 4146
f 4019 4137 4146
f 3918 4090 4147
f 3808 4027 4148
f 3822 4101 4149
f 4101 4122 4149
f 3789 4018 4150
f 4018 4140 4150
f 4061 3885 4151
f 3776 4036 4152
f 3799 4029 4153
f 4029 3805 4154
f 4153 4029 4154
f 3805 4105 4154
f 4028 3807 4155
f 4032 3810 4156
f 3810 4033 4157
f 4156 3810 4157
f 4033 4143 4157
f 4031 3808 4158
f 3808 4148 4158
f 4022 3812 4159
f 4131 4022 4159
f 3812 4135 4159
f 4039 3819 4160
f 3819 4116 4160
f 3816 4035 4161
f 4035 4112 4161
f 3760 4010 4162
f 3771 4048 4163
f 4014 3816 4164
f 4130 4014 4164
f 3816 4161 4164
f 3773 4012 4165
f 4012 4113 4165
f 3818 4039 4166
f 4039 4160 4166
f 4038 3818 4167
f 3818 4166 4167
f 4008 3820 4168
f 4116 4008 4168
f 3820 4111 4168
f 3847 3995 4169
f 4078 3907 4170
f 3803 3799 4171
f 3799 4153 4171
f 3757 3997 4172
f 3806 4028 4173
f 4028 4155 4173
f 4060 3882 4174
f 3828 3757 4175
f 3757 4172 4175
f 3797 3795 4176
f 3795 4142 4176
f 3794 3775 4177
f 3775 4125 4177
f 4056 3976 4178
f 4082 3911 4179
f 3830 3876 4180
f 3785 3764 4181
f 3870 3830 4182
f 3830 4180 4182
f 3780 3771 4183
f 4125 3780 4183
f 3771 4163 4183
f 3801 4040 4184
f 3840 4049 4185
f 3906 4078 4186
f 4078 4170 4186
f 3839 3800 4187
f 3800 4144 4187
f 3791 4021 4188
f 4021 4128 4188
f 3692 3983 3920
f 4053 3865 4189
f 3774 3763 4190
f 3843 3825 4191
f 3844 3753 4192
f 3809 4032 4193
f 4032 4156 4193
f 3802 3803 4194
f 3803 4171 4194
f 3980 3782 4195
f 3907 4079 4196
f 4170 3907 4196
f 4079 4139 4196
f 3817 4038 4197
f 4038 4167 4197
f 4064 3890 4198
f 3790 4020 4199
f 4020 4145 4199
f 3763 3631 4115
f 3337 3854 3626
f 3921 3844 4200
f 3844 4192 4200
f 3772 4037 4201
f 3778 3922 4202
f 3764 3980 4203
f 4181 3764 4203
f 3980 4195 4203
f 4058 4000 4204
f 3861 3794 4205
f 4118 3861 4205
f 3794 4177 4205
f 3862 3823 4206
f 4098 3993 4207
f 3759 4011 4208
f 3836 4058 4209
f 4058 4204 4209
f 3867 3778 4210
f 3778 4202 4210
f 3878 3766 4211
f 3873 4055 4212
f 4055 4121 4212
f 3874 3862 4213
f 3862 4206 4213
f 3871 3870 4214
f 4107 3871 4214
f 3870 4182 4214
f 3872 3848 4215
f 3877 4059 4216
f 3876 3858 4217
f 3858 4129 4217
f 3881 4060 4218
f 4060 4174 4218
f 4070 3896 4219
f 3879 3878 4220
f 3878 4211 4220
f 3882 3784 4221
f 3784 4138 4221
f 4059 3881 4222
f 4216 4059 4222
f 3881 4218 4222
f 3884 4061 4223
f 4061 4151 4223
f 3883 3786 4224
f 4115 3680 4044
f 3783 3854 4225
f 3807 4031 4226
f 4155 3807 4226
f 4031 4158 4226
f 3889 4064 4227
f 4064 4198 4227
f 3825 4054 4228
f 4054 4107 4228
f 4071 3900 4229
f 4063 3889 4230
f 3889 4227 4230
f 4052 3872 4231
f 3872 4215 4231
f 3850 4052 4232
f 4052 4231 4232
f 4065 3891 4233
f 4066 3892 4234
f 4067 3893 4235
f 4068 3894 4236
f 3894 4110 4236
f 4084 3913 4237
f 3898 3822 4238
f 4136 3898 4238
f 3822 4149 4238
f 3895 4070 4239
f 4070 4219 4239
f 4011 3839 4240
f 4208 4011 4240
f 3839 4187 4240
f 3758 4094 4241
f 4094 4132 4241
f 3899 4071 4242
f 4071 4229 4242
f 4069 3895 4243
f 4110 4069 4243
f 3895 4239 4243
f 4072 3901 4244
f 4073 3902 4245
f 4074 3903 4246
f 4075 3904 4247
f 4076 3905 4248
f 4077 3906 4249
f 3906 4186 4249
f 4048 3867 4250
f 3867 4210 4250
f 3909 4081 4251
f 3910 4082 4252
f 4082 4179 4252
f 3912 4084 4253
f 4084 4237 4253
f 4083 3912 4254
f 3912 4253 4254
f 4085 3914 4255
f 4040 3899 4256
f 4184 4040 4256
f 3899 4242 4256
f 4087 3916 4257
f 4088 3917 4258
f 4089 3918 4259
f 3918 4147 4259
f 3860 4053 4260
f 4053 4189 4260
f 3925 3855 4261
f 3923 3853 4262
f 3853 4134 4262
f 3926 3925 4263
f 3925 4261 4263
f 3927 3926 4264
f 3926 4263 4264
f 3928 3927 4265
f 3927 4264 4265
f 3929 3928 4266
f 3928 4265 4266
f 3930 3929 4267
f 3929 4266 4267
f 3931 3930 4268
f 3930 4267 4268
f 3932 3931 4269
f 3931 4268 4269
f 3933 3932 4270
f 3932 4269 4270
f 3934 3933 4271
f 3933 4270 4271
f 3935 3934 4272
f 3934 4271 4272
f 3936 3935 4273
f 3935 4272 4273
f 3937 3936 4274
f 3936 4273 4274
f 3938 3937 4275
f 3937 4274 4275
f 3939 3938 4276
f 3938 4275 4276
f 3940 3939 4277
f 3939 4276 4277
f 3941 3940 4278
f 3940 4277 4278
f 3942 3941 4279
f 3941 4278 4279
f 3943 3942 4280
f 3942 4279 4280
f 3944 3943 4281
f 3943 4280 4281
f 3945 3944 4282
f 3944 4281 4282
f 3946 3945 4283
f 3945 4282 4283
f 3947 3946 4284
f 3946 4283 4284
f 3948 3947 4285
f 3947 4284 4285
f 3949 3948 4286
f 3948 4285 4286
f 3950 3949 4287
f 3949 4286 4287
f 3951 3950 4288
f 3950 4287 4288
f 3952 3951 4289
f 3951 4288 4289
f 3953 3952 4290
f 3952 4289 4290
f 3954 3953 4291
f 3953 4290 4291
f 3955 3954 4292
f 3954 4291 4292
f 3956 3955 4293
f 3955 4292 4293
f 3957 3956 4294
f 3956 4293 4294
f 3958 3957 4295
f 3957 4294 4295
f 3959 3958 4296
f 3958 4295 4296
f 3960 3959 4297
f 3959 4296 4297
f 3961 3960 4298
f 3960 4297 4298
f 3962 3961 4299
f 3961 4298 4299
f 3963 3962 4300
f 3962 4299 4300
f 3964 3963 4301
f 3963 4300 4301
f 3965 3964 4302
f 3964 4301 4302
f 3966 3965 4303
f 3965 4302 4303
f 3967 3966 4304
f 3966 4303 4304
f 3968 3967 4305
f 3967 4304 4305
f 3969 3968 4306
f 3968 4305 4306
f 3970 3969 4307
f 3969 4306 4307
f 3971 3970 4308
f 3970 4307 4308
f 3972 3971 4309
f 3971 4308 4309
f 3973 3972 4310
f 3972 4309 4310
f 3974 3973 4311
f 3973 4310 4311
f 3977 3779 4312
f 3987 3765 4313
f 3981 3789 4314
f 3789 4150 4314
f 3919 3785 4315
f 3785 4181 4315
f 3982 3884 4316
f 3884 4223 4316
f 4037 3815 4317
f 4201 4037 4317
f 3815 4130 4317
f 3914 4086 4318
f 4086 4108 4318
f 3983 3776 4319
f 3776 4152 4319
f 3984 3781 4320
f 3781 4133 4320
f 3897 3801 4321
f 3801 4184 4321
f 3826 4056 4322
f 4056 4178 4322
f 3769 4026 4323
f 4026 4118 4323
f 4024 3616 4096
f 3992 3836 4324
f 3836 4209 4324
f 3993 3760 4325
f 3760 4162 4325
f 3986 4003 4326
f 3888 3773 4327
f 3773 4165 4327
f 3994 3921 4328
f 3921 4200 4328
f 3995 3873 4329
f 3873 4212 4329
f 3996 3850 4330
f 3850 4232 4330
f 3998 3981 4331
f 3981 4314 4331
f 3866 3843 4332
f 3843 4191 4332
f 3864 3755 4333
f 3755 4119 4333
f 4001 3847 4334
f 3847 4169 4334
f 4002 3856 4335
f 3856 4117 4335
f 4041 3846 4336
f 4003 3841 4337
f 3841 4120 4337
f 4004 3797 4338
f 3797 4176 4338
f 3854 3752 4225
f 3852 3838 4339
f 3848 3845 4340
f 3845 4106 4340
f 3842 3840 4341
f 3840 4185 4341
f 3832 4098 4342
f 4098 4207 4342
f 3838 3828 4343
f 3828 4175 4343
f 3834 3790 4344
f 4137 3834 4344
f 3790 4199 4344
f 3989 3874 4345
f 3874 4213 4345
f 3831 4063 4346
f 4063 4230 4346
f 3827 3826 4347
f 3826 4322 4347
f 3885 4062 4348
f 4151 3885 4348
f 4062 4126 4348
f 3991 3986 4349
f 3986 4326 4349
f 3821 3788 4350
f 3788 4136 4350
f 3983 4319 3920
f 4313 3765 4351
f 3765 3888 4351
f 3796 3804 4352
f 4103 3749 4093
f 4007 3821 4353
f 3754 3798 4354
f 3994 4328 4106
f 4120 3985 4355
f 3985 3832 4355
f 4119 4057 4356
f 4057 3879 4356
f 3833 3988 4357
f 4001 4334 4134
f 3768 3979 4358
f 4091 4023 4359
f 3991 4349 4113
f 4030 3806 4360
f 3814 3772 4361
f 3772 4201 4361
f 4047 3923 4262
f 4129 3984 4320
f 3914 4318 4255
f 3791 4188 4145
f 3863 3868 4362
f 3974 4311 4109
f 3924 3999 4363
f 3825 4228 4191
f 3855 3920 4319
f 3817 4197 4112
f 4140 3992 4324
f 3824 3835 4364
f 4017 3883 4365
f 3783 4225 3988
f 3459 4100 4051
f 4015 3796 4366
f 4144 4025 4367
f 4025 3802 4367
f 3763 4115 4368
f 4034 3813 4369
f 3798 3759 4370
f 3759 4208 4370
f 4147 4090 4371
f 4090 3919 4371
f 4248 3905 4372
f 3905 4077 4372
f 4225 3752 4006
f 3804 3754 4373
f 4352 3804 4373
f 3754 4354 4373
f 4235 3893 4374
f 3893 4068 4374
f 3802 4194 4367
f 4027 3809 4375
f 3763 4368 4190
f 4163 4048 4250
f 4162 4010 4376
f 4010 3852 4376
f 3813 3814 4377
f 4369 3813 4377
f 3814 4361 4377
f 4007 4353 4111
f 4192 3753 4378
f 3753 4041 4378
f 3855 4319 4261
f 4172 3997 4379
f 3997 3842 4379
f 4204 4000 4380
f 4000 3987 4380
f 3806 4173 4360
f 4174 3882 4221
f 4180 3876 4217
f 4042 4002 4381
f 4002 4335 4381
f 4005 4050 4382
f 4122 4005 4382
f 4050 4109 4382
f 3792 4004 4383
f 4179 3911 4384
f 3911 4083 4384
f 3979 3762 4385
f 4358 3979 4385
f 3762 4127 4385
f 4104 3472 4099
f 4044 3977 4386
f 3977 4312 4386
f 3787 3756 4387
f 3756 4146 4387
f 3998 4331 4121
f 4152 4036 4388
f 4036 3857 4388
f 3854 3783 3626
f 3835 3767 4389
f 4364 3835 4389
f 3767 4114 4389
f 3782 4047 4390
f 4047 4262 4390
f 3849 4051 4391
f 4185 4049 4392
f 4049 3996 4392
f 4148 4027 4375
f 3832 4342 4355
f 3837 3869 4393
f 4142 3793 4394
f 3793 3978 4394
f 4141 3989 4345
f 3809 4193 4375
f 4015 4366 4127
f 4135 4034 4369
f 4133 3875 4395
f 3875 3864 4395
f 4132 4024 4396
f 4024 4096 4396
f 4206 3823 4397
f 3823 3990 4397
f 4202 3922 4398
f 3922 3824 4398
f 4128 3792 4383
f 3851 3859 4399
f 4207 3993 4325
f 4126 3886 4400
f 3886 3887 4400
f 3838 4343 4339
f 3869 3827 4401
f 4393 3869 4401
f 3827 4347 4401
f 4124 4080 4402
f 4080 3909 4402
f 4006 4043 4403
f 3865 3866 4404
f 4123 4045 4405
f 4045 4104 4405
f 4211 3766 4406
f 3766 3880 4406
f 3868 3860 4407
f 4362 3868 4407
f 3860 4260 4407
f 3996 4330 4392
f 4383 4004 4338
f 3879 4220 4356
f 3880 3877 4408
f 3877 4216 4408
f 4117 4091 4359
f 4169 3995 4329
f 4115 4044 4409
f 4368 4115 4409
f 4044 4386 4409
f 3852 4339 4376
f 4114 4017 4365
f 4030 4360 4105
f 4229 3900 4410
f 3900 4072 4410
f 3890 4065 4411
f 3891 4066 4412
f 3892 4067 4413
f 4068 4236 4374
f 4016 4097 4414
f 3896 3897 4415
f 4245 3902 4416
f 3902 4074 4416
f 3890 4411 4198
f 3901 4073 4417
f 4074 4246 4416
f 3903 4075 4418
f 3904 4076 4419
f 4077 4249 4372
f 3824 4364 4398
f 4251 4081 4420
f 4081 3910 4420
f 4046 3982 4421
f 3910 4252 4420
f 4046 4421 4138
f 4013 4103 4422
f 3913 4085 4423
f 4215 3848 4340
f 3915 4087 4424
f 3916 4088 4425
f 3917 4089 4426
f 3554 4092 4102
f 4093 4016 4427
f 4016 4414 4427
f 4083 4254 4384
f 3976 3769 4428
f 3987 4313 4380
f 3978 3768 4429
f 4394 3978 4429
f 3768 4358 4429
f 3866 4332 4404
f 4092 3758 4430
f 3758 4241 4430
f 4095 3851 4431
f 3851 4399 4431
f 4096 3924 4432
f 3924 4363 4432
f 4097 3849 4433
f 4414 4097 4433
f 3849 4391 4433
f 3990 3863 4434
f 4397 3990 4434
f 3863 4362 4434
f 4326 4003 4337
f 3796 4352 4366
f 3888 4327 4351
f 3887 3831 4435
f 4400 3887 4435
f 3831 4346 4435
f 4099 3774 4436
f 3774 4190 4436
f 3999 3770 4437
f 3770 4141 4437
f 4100 3837 4438
f 3837 4393 4438
f 4336 3846 4439
f 3846 3833 4439
f 3859 3829 4440
f 3829 4123 4440
f 3779 4013 4441
f 3915 4424 4108
f 4353 3821 4350
f 3779 4441 4312
f 4365 3883 4224
f 4415 3897 4321
f 4371 3919 4315
f 4378 4041 4336
f 4379 3842 4341
f 3976 4428 4178
f 4388 3857 4442
f 3857 4102 4442
f 4402 3909 4251
f 4013 4422 4441
f 4395 3864 4333
f 3901 4417 4244
f 3865 4404 4189
f 4426 4089 4259
f 3903 4418 4246
f 4413 4067 4235
f 4412 4066 4234
f 4410 4072 4244
f 4411 4065 4233
f 3891 4412 4233
f 3892 4413 4234
f 3896 4415 4219
f 4419 4076 4248
f 4417 4073 4245
f 4418 4075 4247
f 3904 4419 4247
f 4425 4088 4258
f 4421 3982 4316
f 4423 4085 4255
f 3913 4423 4237
f 4424 4087 4257
f 3916 4425 4257
f 3917 4426 4258
f 4428 3769 4323
f 4439 3833 4357
f 4178 4428 4443
f 4384 4254 4444
f 4192 4378 4445
f 4103 4093 4446
f 4422 4103 4446
f 4093 4427 4446
f 4312 4441 4447
f 3782 4390 4195
f 4235 4374 4448
f 4106 4328 4449
f 4336 4439 4450
f 4379 4341 4451
f 4357 3988 4225
f 4134 4334 4452
f 4356 4220 4453
f 4378 4336 4454
f 4336 4450 4454
f 4169 4329 4455
f 4415 4321 4456
f 4113 4349 4457
f 4174 4221 4458
f 4111 4353 4459
f 4104 4099 4460
f 4099 4436 4460
f 4313 4351 4461
f 4262 4134 4462
f 4390 4262 4462
f 4134 4452 4462
f 4109 4311 4382
f 4259 4147 4463
f 4141 4345 4464
f 4257 4425 4465
f 4371 4315 4466
f 4363 3999 4437
f 4191 4228 4467
f 4112 4197 4468
f 4392 4330 4469
f 3786 3787 4470
f 4105 4360 4471
f 4355 4342 4472
f 4144 4367 4473
f 4252 4179 4474
f 4233 4412 4475
f 4249 4186 4476
f 4133 4395 4477
f 4121 4331 4478
f 4398 4364 4479
f 4411 4233 4480
f 4233 4475 4480
f 4150 4140 4481
f 4255 4318 4482
f 4236 4110 4483
f 4158 4148 4484
f 4127 4366 4485
f 4219 4415 4486
f 4415 4456 4486
f 4190 4368 4487
f 4217 4129 4488
f 4212 4121 4489
f 4121 4478 4489
f 4114 4365 4490
f 4209 4204 4491
f 4248 4372 4492
f 4161 4112 4493
f 4112 4468 4493
f 4171 4153 4494
f 4166 4160 4495
f 4241 4132 4496
f 4167 4166 4497
f 4166 4495 4497
f 4193 4156 4498
f 4197 4167 4499
f 4167 4497 4499
f 4182 4180 4500
f 4179 4384 4501
f 4474 4179 4501
f 4384 4444 4501
f 4176 4142 4502
f 4177 4125 4503
f 4043 4042 4504
f 4042 4381 4504
f 4175 4172 4505
f 4173 4155 4506
f 4237 4423 4507
f 4227 4198 4508
f 4423 4255 4509
f 4507 4423 4509
f 4255 4482 4509
f 4383 4338 4510
f 4185 4392 4511
f 4392 4469 4511
f 4149 4122 4512
f 4162 4376 4513
f 4146 4137 4514
f 4187 4144 4515
f 4144 4473 4515
f 4188 4128 4516
f 4326 4337 4517
f 4143 4131 4518
f 4163 4250 4519
f 4426 4259 4520
f 4259 4463 4520
f 4244 4417 4521
f 4139 4124 4522
f 4189 4404 4523
f 4194 4171 4524
f 4171 4494 4524
f 4239 4219 4525
f 4219 4486 4525
f 4199 4145 4526
f 4251 4420 4527
f 4375 4193 4528
f 4193 4498 4528
f 4200 4192 4529
f 4192 4445 4529
f 4165 4113 4530
f 4113 4457 4530
f 4180 4217 4531
f 4500 4180 4531
f 4217 4488 4531
f 4399 3859 4440
f 4207 4325 4532
f 4135 4369 4533
f 4258 4426 4534
f 4426 4520 4534
f 4403 4043 4504
f 4147 4371 4535
f 4371 4466 4535
f 4210 4202 4536
f 4213 4206 4537
f 4223 4151 4538
f 4117 4359 4539
f 4202 4398 4540
f 4398 4479 4540
f 4218 4174 4541
f 4174 4458 4541
f 4419 4248 4542
f 4248 4492 4542
f 4152 4388 4543
f 4224 3786 4470
f 4470 3787 4387
f 4230 4227 4544
f 4227 4508 4544
f 4339 4343 4545
f 4231 4215 4546
f 4232 4231 4547
f 4231 4546 4547
f 4234 4413 4548
f 4410 4244 4549
f 4244 4521 4549
f 4412 4234 4550
f 4234 4548 4550
f 4374 4236 4551
f 4448 4374 4551
f 4236 4483 4551
f 4367 4194 4552
f 4473 4367 4552
f 4194 4524 4552
f 4424 4257 4553
f 4257 4465 4553
f 4245 4416 4554
f 4425 4258 4555
f 4465 4425 4555
f 4258 4534 4555
f 4413 4235 4556
f 4235 4448 4556
f 4242 4229 4557
f 4418 4247 4558
f 4198 4411 4559
f 4411 4480 4559
f 4247 4419 4560
f 4558 4247 4560
f 4419 4542 4560
f 4417 4245 4561
f 4521 4417 4561
f 4245 4554 4561
f 4372 4249 4562
f 4492 4372 4562
f 4249 4476 4562
f 4225 4006 4563
f 4250 4210 4564
f 4210 4536 4564
f 4138 4421 4565
f 4023 4095 4566
f 4420 4252 4567
f 4527 4420 4567
f 4252 4474 4567
f 4261 4319 4568
f 4006 4403 4563
f 4253 4237 4569
f 4237 4507 4569
f 4254 4253 4570
f 4444 4254 4570
f 4253 4569 4570
f 4145 4188 4571
f 4526 4145 4571
f 4188 4516 4571
f 4246 4418 4572
f 4418 4558 4572
f 4102 4092 4573
f 4442 4102 4573
f 4092 4430 4573
f 4260 4189 4574
f 4189 4523 4574
f 4172 4379 4575
f 4379 4451 4575
f 4128 4383 4576
f 4383 4510 4576
f 4263 4261 4577
f 4261 4568 4577
f 4360 4173 4578
f 4173 4506 4578
f 4264 4263 4579
f 4263 4577 4579
f 4265 4264 4580
f 4264 4579 4580
f 4266 4265 4581
f 4265 4580 4581
f 4267 4266 4582
f 4266 4581 4582
f 4268 4267 4583
f 4267 4582 4583
f 4269 4268 4584
f 4268 4583 4584
f 4270 4269 4585
f 4269 4584 4585
f 4271 4270 4586
f 4270 4585 4586
f 4272 4271 4587
f 4271 4586 4587
f 4273 4272 4588
f 4272 4587 4588
f 4274 4273 4589
f 4273 4588 4589
f 4275 4274 4590
f 4274 4589 4590
f 4276 4275 4591
f 4275 4590 4591
f 4277 4276 4592
f 4276 4591 4592
f 4278 4277 4593
f 4277 4592 4593
f 4279 4278 4594
f 4278 4593 4594
f 4280 4279 4595
f 4279 4594 4595
f 4281 4280 4596
f 4280 4595 4596
f 4282 4281 4597
f 4281 4596 4597
f 4283 4282 4598
f 4282 4597 4598
f 4284 4283 4599
f 4283 4598 4599
f 4285 4284 4600
f 4284 4599 4600
f 4286 4285 4601
f 4285 4600 4601
f 4287 4286 4602
f 4286 4601 4602
f 4288 4287 4603
f 4287 4602 4603
f 4289 4288 4604
f 4288 4603 4604
f 4290 4289 4605
f 4289 4604 4605
f 4291 4290 4606
f 4290 4605 4606
f 4292 4291 4607
f 4291 4606 4607
f 4293 4292 4608
f 4292 4607 4608
f 4294 4293 4609
f 4293 4608 4609
f 4295 4294 4610
f 4294 4609 4610
f 4296 4295 4611
f 4295 4610 4611
f 4297 4296 4612
f 4296 4611 4612
f 4298 4297 4613
f 4297 4612 4613
f 4299 4298 4614
f 4298 4613 4614
f 4300 4299 4615
f 4299 4614 4615
f 4301 4300 4616
f 4300 4615 4616
f 4302 4301 4617
f 4301 4616 4617
f 4303 4302 4618
f 4302 4617 4618
f 4304 4303 4619
f 4303 4618 4619
f 4305 4304 4620
f 4304 4619 4620
f 4306 4305 4621
f 4305 4620 4621
f 4307 4306 4622
f 4306 4621 4622
f 4308 4307 4623
f 4307 4622 4623
f 4309 4308 4624
f 4308 4623 4624
f 4310 4309 4625
f 4309 4624 4625
f 4311 4310 4625
f 4380 4313 4626
f 4313 4461 4626
f 4316 4223 4627
f 4223 4538 4627
f 4319 4152 4568
f 4320 4133 4628
f 4133 4477 4628
f 4119 4356 4629
f 4356 4453 4629
f 4322 4178 4630
f 4178 4443 4630
f 4120 4355 4631
f 4355 4472 4631
f 4323 4118 4632
f 4051 4100 4633
f 4391 4051 4633
f 4100 4438 4633
f 4327 4165 4634
f 4165 4530 4634
f 4324 4209 4635
f 4209 4491 4635
f 4325 4162 4636
f 4162 4513 4636
f 4328 4200 4637
f 4200 4529 4637
f 4329 4212 4638
f 4212 4489 4638
f 4330 4232 4639
f 4232 4547 4639
f 4204 4380 4640
f 4380 4626 4640
f 4332 4191 4641
f 4191 4467 4641
f 4333 4119 4642
f 4119 4629 4642
f 4334 4169 4643
f 4169 4455 4643
f 4335 4117 4644
f 4117 4539 4644
f 4395 4333 4645
f 4477 4395 4645
f 4333 4642 4645
f 4338 4176 4646
f 4176 4502 4646
f 4340 4106 4647
f 4106 4449 4647
f 4229 4410 4648
f 4410 4549 4648
f 4402 4251 4649
f 4251 4527 4649
f 4108 4424 4650
f 4424 4553 4650
f 4341 4185 4651
f 4185 4511 4651
f 4342 4207 4652
f 4207 4532 4652
f 4343 4175 4653
f 4175 4505 4653
f 4346 4230 4654
f 4230 4544 4654
f 4347 4322 4655
f 4322 4630 4655
f 4359 4023 4566
f 4314 4150 4656
f 4150 4481 4656
f 4350 4136 4657
f 4354 3798 4370
f 4195 4390 4658
f 4357 4225 4563
f 4224 4470 4659
f 4566 4095 4431
f 4563 4403 4660
f 4357 4563 4660
f 4096 4432 4396
f 4422 4446 4661
f 4449 4328 4637
f 4116 4168 4662
f 4229 4648 4557
f 4128 4576 4516
f 4659 4470 4663
f 4470 4387 4663
f 3880 4408 4406
f 4452 4334 4643
f 4359 4566 4664
f 4538 4151 4665
f 4151 4348 4665
f 4378 4454 4445
f 4455 4329 4638
f 4439 4357 4660
f 4104 4460 4405
f 4461 4351 4666
f 4351 4327 4666
f 4390 4462 4658
f 4513 4376 4667
f 4376 4339 4667
f 4463 4147 4535
f 4363 4437 4668
f 4467 4228 4669
f 4228 4107 4669
f 4256 4242 4670
f 4242 4557 4670
f 4370 4208 4671
f 4216 4222 4672
f 4464 4345 4673
f 4345 4213 4673
f 4327 4634 4666
f 4382 4311 4674
f 4360 4578 4471
f 4359 4664 4539
f 4485 4366 4675
f 4366 4352 4675
f 4195 4658 4203
f 4484 4148 4676
f 4148 4375 4676
f 4481 4140 4677
f 4140 4324 4677
f 4311 4625 4674
f 4349 4326 4678
f 4373 4354 4679
f 4238 4149 4680
f 4149 4512 4680
f 4487 4368 4681
f 4368 4409 4681
f 4220 4211 4682
f 4399 4440 4683
f 4330 4639 4469
f 4164 4161 4684
f 4161 4493 4684
f 4159 4135 4685
f 4135 4533 4685
f 4325 4636 4532
f 4152 4543 4568
f 4494 4153 4686
f 4153 4154 4686
f 4130 4164 4687
f 4164 4684 4687
f 4439 4660 4450
f 4483 4110 4688
f 4110 4243 4688
f 4196 4139 4689
f 4139 4522 4689
f 4498 4156 4690
f 4156 4157 4690
f 4197 4499 4468
f 4168 4111 4691
f 4111 4459 4691
f 4533 4369 4692
f 4369 4377 4692
f 4482 4318 4693
f 4318 4108 4693
f 4186 4170 4694
f 4441 4422 4695
f 4381 4335 4696
f 4335 4644 4696
f 4412 4550 4475
f 4503 4125 4697
f 4125 4183 4697
f 4385 4127 4698
f 4127 4485 4698
f 4505 4172 4575
f 4386 4312 4699
f 4312 4447 4699
f 4387 4146 4700
f 4146 4514 4700
f 4157 4143 4701
f 4143 4518 4701
f 4339 4545 4667
f 4154 4105 4702
f 4686 4154 4702
f 4105 4471 4702
f 4201 4317 4703
f 4342 4652 4472
f 4512 4122 4674
f 4183 4163 4704
f 4697 4183 4704
f 4163 4519 4704
f 4479 4364 4705
f 4364 4389 4705
f 4326 4517 4678
f 4338 4646 4510
f 4519 4250 4564
f 4478 4331 4706
f 4331 4314 4706
f 4518 4131 4707
f 4131 4159 4707
f 4352 4373 4708
f 4675 4352 4708
f 4373 4679 4708
f 4341 4651 4451
f 4517 4337 4709
f 4337 4120 4709
f 4170 4196 4710
f 4694 4170 4710
f 4196 4689 4710
f 4404 4332 4711
f 4108 4650 4693
f 4476 4186 4694
f 4422 4661 4695
f 4496 4132 4712
f 4132 4396 4712
f 4160 4116 4713
f 4375 4528 4676
f 4181 4203 4714
f 4205 4177 4715
f 4177 4503 4715
f 4118 4205 4716
f 4632 4118 4716
f 4205 4715 4716
f 4413 4556 4548
f 4436 4190 4717
f 4190 4487 4717
f 4401 4347 4718
f 4347 4655 4718
f 4537 4206 4719
f 4206 4397 4719
f 4389 4114 4720
f 4705 4389 4720
f 4114 4490 4720
f 4536 4202 4540
f 4123 4405 4721
f 4126 4400 4722
f 4213 4537 4673
f 4407 4260 4723
f 4260 4574 4723
f 4514 4137 4724
f 4137 4344 4724
f 4214 4182 4725
f 4182 4500 4725
f 4508 4198 4559
f 4160 4713 4495
f 4543 4388 4726
f 4388 4442 4726
f 4408 4216 4727
f 4216 4672 4727
f 4362 4407 4728
f 4407 4723 4728
f 4221 4138 4729
f 4222 4218 4730
f 4218 4541 4730
f 4502 4142 4731
f 4142 4394 4731
f 4226 4158 4732
f 4158 4484 4732
f 4546 4215 4733
f 4215 4340 4733
f 4155 4226 4734
f 4226 4732 4734
f 4545 4343 4653
f 4124 4402 4735
f 4204 4640 4491
f 4414 4433 4736
f 4402 4649 4735
f 4434 4362 4737
f 4362 4728 4737
f 4136 4238 4738
f 4657 4136 4738
f 4238 4680 4738
f 4353 4350 4739
f 4240 4187 4740
f 4187 4515 4740
f 4243 4239 4741
f 4688 4243 4741
f 4239 4525 4741
f 4459 4353 4739
f 4416 4246 4742
f 4458 4221 4729
f 4457 4349 4678
f 4660 4403 4743
f 4403 4504 4743
f 4456 4321 4744
f 4321 4184 4744
f 4314 4656 4706
f 4453 4220 4682
f 4447 4441 4695
f 4358 4385 4745
f 4385 4698 4745
f 4155 4734 4506
f 4184 4256 4746
f 4256 4670 4746
f 4428 4323 4747
f 4421 4316 4748
f 4129 4320 4749
f 4427 4414 4750
f 4414 4736 4750
f 4184 4746 4744
f 4365 4224 4751
f 4429 4358 4752
f 4358 4745 4752
f 4208 4240 4753
f 4671 4208 4753
f 4240 4740 4753
f 4430 4241 4754
f 4241 4496 4754
f 4315 4181 4755
f 4431 4399 4756
f 4399 4683 4756
f 4317 4130 4757
f 4703 4317 4757
f 4130 4687 4757
f 4432 4363 4758
f 4363 4668 4758
f 4391 4633 4759
f 4435 4346 4760
f 4346 4654 4760
f 4437 4141 4761
f 4141 4464 4761
f 4438 4393 4762
f 4443 4428 4747
f 4440 4123 4763
f 4123 4721 4763
f 4393 4401 4764
f 4762 4393 4764
f 4401 4718 4764
f 4124 4735 4522
f 4344 4199 4765
f 4724 4344 4765
f 4199 4526 4765
f 4361 4201 4766
f 4201 4703 4766
f 4348 4126 4767
f 4126 4722 4767
f 4739 4350 4657
f 4354 4370 4768
f 4679 4354 4768
f 4370 4671 4768
f 4404 4711 4523
f 4669 4107 4769
f 4107 4214 4769
f 4181 4714 4755
f 4677 4324 4635
f 4416 4742 4554
f 4682 4211 4770
f 4211 4406 4770
f 4315 4755 4466
f 4711 4332 4641
f 4674 4122 4382
f 4709 4120 4631
f 4713 4116 4662
f 4729 4138 4565
f 4733 4340 4647
f 4742 4246 4572
f 4365 4751 4490
f 4749 4320 4628
f 4748 4316 4627
f 4747 4323 4632
f 4421 4748 4565
f 4129 4749 4488
f 4751 4224 4659
f 4742 4572 4771
f 4400 4435 4772
f 4435 4760 4772
f 4661 4446 4773
f 4446 4427 4773
f 4554 4742 4774
f 4742 4771 4774
f 4449 4637 4775
f 4662 4168 4691
f 4489 4478 4776
f 4557 4648 4777
f 4678 4517 4778
f 4475 4550 4779
f 4664 4566 4780
f 4747 4632 4781
f 4751 4659 4782
f 4522 4735 4783
f 4713 4662 4784
f 4457 4678 4785
f 4678 4778 4785
f 4709 4631 4786
f 4672 4222 4730
f 4556 4448 4787
f 4668 4437 4761
f 4733 4647 4788
f 4467 4669 4789
f 4459 4739 4790
f 4406 4408 4791
f 4770 4406 4791
f 4408 4727 4791
f 4464 4673 4792
f 4486 4456 4793
f 4565 4748 4794
f 4471 4578 4795
f 4490 4751 4796
f 4751 4782 4796
f 4658 4462 4797
f 4683 4440 4763
f 4755 4714 4798
f 4536 4540 4799
f 4510 4646 4800
f 4451 4651 4801
f 4546 4733 4802
f 4733 4788 4802
f 4505 4575 4803
f 4468 4499 4804
f 4469 4639 4805
f 4749 4628 4806
f 4377 4361 4807
f 4361 4766 4807
f 4445 4454 4808
f 4508 4559 4809
f 4476 4694 4810
f 4396 4432 4811
f 4432 4758 4811
f 4394 4429 4812
f 4731 4394 4812
f 4429 4752 4812
f 4549 4521 4813
f 4547 4546 4814
f 4546 4802 4814
f 4722 4400 4772
f 4574 4523 4815
f 4391 4759 4816
f 4485 4675 4817
f 4506 4734 4818
f 4472 4652 4819
f 4528 4498 4820
f 4511 4469 4821
f 4469 4805 4821
f 4480 4475 4822
f 4475 4779 4822
f 4634 4530 4823
f 4729 4565 4824
f 4565 4794 4824
f 4545 4653 4825
f 4667 4545 4826
f 4545 4825 4826
f 4520 4463 4827
f 4397 4434 4828
f 4434 4737 4828
f 4453 4682 4829
f 4525 4486 4830
f 4486 4793 4830
f 4666 4634 4831
f 4634 4823 4831
f 4481 4677 4832
f 4693 4650 4833
f 4676 4528 4834
f 4528 4820 4834
f 4714 4203 4658
f 4529 4445 4835
f 4445 4808 4835
f 4484 4676 4836
f 4676 4834 4836
f 4515 4473 4837
f 4530 4457 4838
f 4457 4785 4838
f 4695 4661 4839
f 4534 4520 4840
f 4520 4827 4840
f 4548 4556 4841
f 4556 4787 4841
f 4532 4636 4842
f 4461 4666 4843
f 4666 4831 4843
f 4535 4466 4844
f 4721 4405 4845
f 4405 4460 4845
f 4482 4693 4846
f 4693 4833 4846
f 4541 4458 4847
f 4542 4492 4848
f 4566 4431 4780
f 4519 4564 4849
f 4409 4386 4850
f 4681 4409 4850
f 4386 4699 4850
f 4553 4465 4851
f 4512 4674 4852
f 4674 4625 4852
f 4539 4664 4853
f 4544 4508 4854
f 4508 4809 4854
f 4450 4660 4855
f 4491 4640 4856
f 4736 4433 4816
f 4550 4548 4857
f 4548 4841 4857
f 4711 4641 4858
f 4559 4480 4859
f 4809 4559 4859
f 4480 4822 4859
f 4462 4452 4797
f 4516 4576 4860
f 4460 4436 4861
f 4845 4460 4861
f 4436 4717 4861
f 4495 4713 4862
f 4713 4784 4862
f 4458 4729 4863
f 4847 4458 4863
f 4729 4824 4863
f 4564 4536 4864
f 4536 4799 4864
f 4488 4749 4865
f 4749 4806 4865
f 4454 4450 4866
f 4808 4454 4866
f 4450 4855 4866
f 4569 4507 4867
f 4466 4755 4868
f 4844 4466 4868
f 4755 4798 4868
f 4517 4709 4869
f 4709 4786 4869
f 4455 4638 4870
f 4575 4451 4871
f 4451 4801 4871
f 4576 4510 4872
f 4510 4800 4872
f 4577 4568 4873
f 4568 4543 4873
f 4578 4506 4874
f 4795 4578 4874
f 4506 4818 4874
f 4579 4577 4875
f 4577 4873 4875
f 4580 4579 4876
f 4579 4875 4876
f 4581 4580 4877
f 4580 4876 4877
f 4582 4581 4878
f 4581 4877 4878
f 4583 4582 4879
f 4582 4878 4879
f 4584 4583 4880
f 4583 4879 4880
f 4585 4584 4881
f 4584 4880 4881
f 4586 4585 4882
f 4585 4881 4882
f 4587 4586 4883
f 4586 4882 4883
f 4588 4587 4884
f 4587 4883 4884
f 4589 4588 4885
f 4588 4884 4885
f 4590 4589 4886
f 4589 4885 4886
f 4591 4590 4887
f 4590 4886 4887
f 4592 4591 4888
f 4591 4887 4888
f 4593 4592 4889
f 4592 4888 4889
f 4594 4593 4890
f 4593 4889 4890
f 4595 4594 4891
f 4594 4890 4891
f 4596 4595 4892
f 4595 4891 4892
f 4597 4596 4893
f 4596 4892 4893
f 4598 4597 4894
f 4597 4893 4894
f 4599 4598 4895
f 4598 4894 4895
f 4600 4599 4896
f 4599 4895 4896
f 4601 4600 4897
f 4600 4896 4897
f 4602 4601 4898
f 4601 4897 4898
f 4603 4602 4899
f 4602 4898 4899
f 4604 4603 4900
f 4603 4899 4900
f 4605 4604 4901
f 4604 4900 4901
f 4606 4605 4902
f 4605 4901 4902
f 4607 4606 4903
f 4606 4902 4903
f 4608 4607 4904
f 4607 4903 4904
f 4609 4608 4905
f 4608 4904 4905
f 4610 4609 4906
f 4609 4905 4906
f 4611 4610 4907
f 4610 4906 4907
f 4612 4611 4908
f 4611 4907 4908
f 4613 4612 4909
f 4612 4908 4909
f 4614 4613 4910
f 4613 4909 4910
f 4615 4614 4911
f 4614 4910 4911
f 4616 4615 4912
f 4615 4911 4912
f 4617 4616 4913
f 4616 4912 4913
f 4618 4617 4914
f 4617 4913 4914
f 4619 4618 4915
f 4618 4914 4915
f 4620 4619 4916
f 4619 4915 4916
f 4621 4620 4917
f 4620 4916 4917
f 4622 4621 4918
f 4621 4917 4918
f 4623 4622 4919
f 4622 4918 4919
f 4624 4623 4920
f 4623 4919 4920
f 4625 4624 4921
f 4852 4625 4921
f 4624 4920 4921
f 4626 4461 4922
f 4461 4843 4922
f 4627 4538 4923
f 4504 4381 4924
f 4743 4504 4924
f 4381 4696 4924
f 4633 4438 4925
f 4759 4633 4925
f 4438 4762 4925
f 4629 4453 4926
f 4453 4829 4926
f 4706 4656 4927
f 4433 4391 4816
f 4630 4443 4928
f 4631 4472 4929
f 4472 4819 4929
f 4524 4494 4930
f 4635 4491 4931
f 4491 4856 4931
f 4497 4495 4932
f 4495 4862 4932
f 4637 4529 4933
f 4529 4835 4933
f 4493 4468 4934
f 4468 4804 4934
f 4447 4695 4935
f 4695 4839 4935
f 4638 4489 4936
f 4489 4776 4936
f 4639 4547 4937
f 4547 4814 4937
f 4640 4626 4938
f 4626 4922 4938
f 4641 4467 4939
f 4467 4789 4939
f 4642 4629 4940
f 4629 4926 4940
f 4643 4455 4941
f 4455 4870 4941
f 4443 4747 4942
f 4747 4781 4942
f 4644 4539 4943
f 4539 4853 4943
f 4647 4449 4944
f 4449 4775 4944
f 4648 4549 4945
f 4549 4813 4945
f 4649 4527 4946
f 4650 4553 4947
f 4833 4650 4947
f 4553 4851 4947
f 4651 4511 4948
f 4511 4821 4948
f 4744 4746 4949
f 4652 4532 4950
f 4532 4842 4950
f 4653 4505 4951
f 4505 4803 4951
f 4654 4544 4952
f 4544 4854 4952
f 4655 4630 4953
f 4630 4928 4953
f 4656 4481 4954
f 4481 4832 4954
f 4513 4667 4955
f 4667 4826 4955
f 4816 4759 4956
f 4714 4658 4957
f 4798 4714 4957
f 4658 4797 4957
f 4780 4431 4756
f 4736 4816 4958
f 4816 4956 4958
f 4769 4214 4725
f 4773 4427 4750
f 4775 4637 4933
f 4776 4478 4959
f 4478 4706 4959
f 4790 4739 4960
f 4739 4657 4960
f 4443 4942 4928
f 4552 4524 4961
f 4524 4930 4961
f 4664 4780 4962
f 4663 4387 4700
f 4665 4348 4767
f 4500 4531 4963
f 4638 4936 4870
f 4786 4631 4929
f 4533 4692 4964
f 4672 4730 4965
f 4787 4448 4966
f 4448 4551 4966
f 4668 4761 4967
f 4788 4647 4944
f 4670 4557 4968
f 4557 4777 4968
f 4754 4496 4969
f 4487 4681 4970
f 4793 4456 4971
f 4456 4744 4971
f 4660 4743 4855
f 4683 4763 4972
f 4679 4768 4973
f 4648 4945 4777
f 4680 4512 4974
f 4512 4852 4974
f 4641 4939 4858
f 4502 4731 4975
f 4801 4651 4948
f 4800 4646 4976
f 4646 4502 4976
f 4558 4560 4977
f 4804 4499 4978
f 4499 4497 4978
f 4576 4872 4860
f 4722 4772 4979
f 4473 4552 4980
f 4837 4473 4980
f 4552 4961 4980
f 4792 4673 4981
f 4673 4537 4981
f 4851 4465 4982
f 4465 4555 4982
f 4803 4575 4871
f 4799 4540 4983
f 4540 4479 4983
f 4703 4757 4984
f 4684 4493 4985
f 4493 4934 4985
f 4685 4533 4986
f 4533 4964 4986
f 4377 4807 4692
f 4758 4668 4987
f 4668 4967 4987
f 4159 4685 4707
f 4687 4684 4988
f 4684 4985 4988
f 4867 4507 4989
f 4507 4509 4989
f 4696 4644 4990
f 4644 4943 4990
f 4818 4734 4991
f 4734 4732 4991
f 4689 4522 4992
f 4522 4783 4992
f 4690 4157 4701
f 4691 4459 4993
f 4459 4790 4993
f 4396 4811 4712
f 4671 4753 4994
f 4474 4501 4995
f 4640 4938 4856
f 4656 4954 4927
f 4815 4523 4996
f 4523 4711 4996
f 4698 4485 4997
f 4485 4817 4997
f 4699 4447 4998
f 4447 4935 4998
f 4794 4748 4999
f 4748 4627 4999
f 4700 4514 5000
f 4701 4518 5001
f 4444 4570 5002
f 4702 4471 5003
f 4471 4795 5003
f 4704 4519 5004
f 4519 4849 5004
f 4664 4962 4853
f 4744 4949 4971
f 4823 4530 4838
f 4564 4864 4849
f 4825 4653 4951
f 4501 4444 5005
f 4444 5002 5005
f 4848 4492 5006
f 4492 4562 5006
f 4397 4828 4719
f 4562 4476 5007
f 5006 4562 5007
f 4476 4810 5007
f 4829 4682 5008
f 4682 4770 5008
f 4708 4679 5009
f 4679 4973 5009
f 4789 4669 5010
f 4669 4769 5010
f 4832 4677 5011
f 4677 4635 5011
f 4572 4558 5012
f 4558 4977 5012
f 4715 4503 5013
f 4981 4537 5014
f 4537 4719 5014
f 4839 4661 5015
f 4661 4773 5015
f 4463 4535 5016
f 4531 4488 5017
f 4963 4531 5017
f 4488 4865 5017
f 4842 4636 5018
f 4636 4513 5018
f 4627 4923 4999
f 4717 4487 5019
f 4487 4970 5019
f 4718 4655 5020
f 4655 4953 5020
f 4720 4490 5021
f 4490 4796 5021
f 4721 4845 5022
f 4452 4643 5023
f 4723 4574 5024
f 4574 4815 5024
f 4766 4703 5025
f 4703 4984 5025
f 4725 4500 5026
f 4500 4963 5026
f 4509 4482 5027
f 4989 4509 5027
f 4482 4846 5027
f 4477 4645 5028
f 4762 4764 5029
f 4730 4541 5030
f 4965 4730 5030
f 4541 4847 5030
f 4726 4442 5031
f 4442 4573 5031
f 4727 4672 5032
f 4672 4965 5032
f 4728 4723 5033
f 4723 5024 5033
f 4813 4521 5034
f 4521 4561 5034
f 4732 4484 5035
f 4991 4732 5035
f 4484 4836 5035
f 4783 4735 5036
f 4735 4649 5036
f 4820 4498 5037
f 4498 4690 5037
f 4706 4927 4959
f 4517 4869 4778
f 4497 4932 4978
f 4639 4937 4805
f 4550 4857 4779
f 4737 4728 5038
f 4728 5033 5038
f 4502 4975 4976
f 4555 4534 5039
f 4534 4840 5039
f 4740 4515 5040
f 4515 4837 5040
f 4561 4554 5041
f 5034 4561 5041
f 4554 4774 5041
f 4741 4525 5042
f 4525 4830 5042
f 4819 4652 4950
f 4782 4659 5043
f 4659 4663 5043
f 4560 4542 5044
f 4977 4560 5044
f 4542 4848 5044
f 4567 4474 5045
f 4474 4995 5045
f 4925 4762 5046
f 4762 5029 5046
f 4781 4632 5047
f 4632 4716 5047
f 4750 4736 5048
f 4736 4958 5048
f 4527 4567 5049
f 4946 4527 5049
f 4567 5045 5049
f 4745 4698 5050
f 4698 4997 5050
f 4570 4569 5051
f 5002 4570 5051
f 4569 4867 5051
f 4746 4670 5052
f 4670 4968 5052
f 4483 4688 5053
f 4573 4430 5054
f 5031 4573 5054
f 4430 4754 5054
f 4873 4543 4726
f 4752 4745 5055
f 4745 5050 5055
f 4771 4572 5012
f 4923 4538 5056
f 4538 4665 5056
f 4649 4946 5036
f 4571 4516 5057
f 4516 4860 5057
f 4756 4683 5058
f 4683 4972 5058
f 4757 4687 5059
f 4984 4757 5059
f 4687 4988 5059
f 4760 4654 5060
f 4654 4952 5060
f 4628 4477 5061
f 4930 4494 5062
f 4494 4686 5062
f 4635 4931 5011
f 4463 5016 4827
f 4761 4464 5063
f 4967 4761 5063
f 4464 4792 5063
f 4526 4571 5064
f 4571 5057 5064
f 4763 4721 5065
f 4721 5022 5065
f 4645 4642 5066
f 4642 4940 5066
f 4949 4746 5052
f 4810 4694 5067
f 4694 4710 5067
f 4765 4526 5068
f 4526 5064 5068
f 4767 4722 5069
f 4722 4979 5069
f 4806 4628 5061
f 4768 4671 5070
f 4671 4994 5070
f 4956 4759 5071
f 4759 4925 5071
f 4960 4657 5072
f 4657 4738 5072
f 4962 4780 5073
f 4780 4756 5073
f 5018 4513 4955
f 4969 4496 5074
f 4496 4712 5074
f 4983 4479 5075
f 4479 4705 5075
f 5001 4518 5076
f 4518 4707 5076
f 4996 4711 4858
f 5000 4514 5077
f 4514 4724 5077
f 5013 4503 5078
f 4503 4697 5078
f 5016 4535 4844
f 5023 4643 4941
f 4452 5023 4797
f 5061 4477 5028
f 4823 4838 5079
f 4774 4771 5080
f 4778 4869 5081
f 4662 4691 5082
f 4970 4681 5083
f 4681 4850 5083
f 4663 4700 5084
f 5043 4663 5084
f 4700 5000 5084
f 5036 4946 5085
f 5018 4955 5086
f 4690 4701 5087
f 4701 5001 5087
f 4870 4936 5088
f 4964 4692 5089
f 4692 4807 5089
f 4976 4975 5090
f 4686 4702 5091
f 4702 5003 5091
f 4788 4944 5092
f 4802 4788 5093
f 4788 5092 5093
f 4949 5052 5094
f 4793 4971 5095
f 4973 4768 5070
f 5023 4941 5096
f 4972 4763 5065
f 4777 4945 5097
f 4842 5018 5098
f 5018 5086 5098
f 4834 4820 5099
f 4805 4937 5100
f 4975 4731 5101
f 4731 4812 5101
f 4801 4948 5102
f 4804 4978 5103
f 4675 4708 5104
f 4794 4999 5105
f 4783 5036 5106
f 5036 5085 5106
f 5061 5028 5107
f 4857 4841 5108
f 5028 4645 5066
f 4796 4782 5109
f 4995 4501 5005
f 4994 4753 5110
f 4753 4740 5110
f 4875 4873 5111
f 4856 4938 5112
f 4814 4802 5113
f 4802 5093 5113
f 4792 4981 5114
f 4773 4750 5115
f 5015 4773 5115
f 4750 5048 5115
f 4927 4954 5116
f 4854 4809 5117
f 4822 4779 5118
f 4832 5011 5119
f 4697 4704 5120
f 5078 4697 5120
f 4704 5004 5120
f 4724 4765 5121
f 4765 5068 5121
f 4688 4741 5122
f 4741 5042 5122
f 4769 4725 5123
f 4725 5026 5123
f 4862 4784 5124
f 4855 4743 5125
f 4743 4924 5125
f 4843 4831 5126
f 4959 4927 5127
f 4927 5116 5127
f 4819 4950 5128
f 4800 4976 5129
f 4976 5090 5129
f 4840 4827 5130
f 4831 4823 5131
f 4823 5079 5131
f 5012 4977 5132
f 4710 4689 5133
f 5067 4710 5133
f 4689 4992 5133
f 4830 4793 5134
f 4793 5095 5134
f 4785 4778 5135
f 4778 5081 5135
f 4838 4785 5136
f 4785 5135 5136
f 4835 4808 5137
f 4836 4834 5138
f 4834 5099 5138
f 4849 4864 5139
f 5082 4691 4993
f 4716 4715 5140
f 5047 4716 5140
f 4715 5013 5140
f 4828 4737 5141
f 4737 5038 5141
f 5022 4845 5142
f 4845 4861 5142
f 4824 4794 5143
f 4794 5105 5143
f 5016 4844 5144
f 4846 4833 5145
f 4928 4942 5146
f 5029 4764 5147
f 4764 4718 5147
f 4821 4805 5148
f 4805 5100 5148
f 4771 5012 5149
f 5080 4771 5149
f 5012 5132 5149
f 4958 4956 5150
f 4825 4951 5151
f 4784 4662 5082
f 4922 4843 5152
f 4843 5126 5152
f 4858 4939 5153
f 4971 4949 5154
f 4949 5094 5154
f 4707 4685 5155
f 5076 4707 5155
f 4685 4986 5155
f 4483 5053 5156
f 4776 4959 5157
f 4959 5127 5157
f 4551 4483 5156
f 4738 4680 5158
f 5072 4738 5158
f 4680 4974 5158
f 4806 5061 5159
f 5061 5107 5159
f 4803 4871 5160
f 4873 4726 5111
f 4817 4675 5104
f 4865 4806 5161
f 4806 5159 5161
f 4811 4758 5162
f 4758 4987 5162
f 4790 4960 5163
f 4853 4962 5164
f 4871 4801 5165
f 4801 5102 5165
f 4786 4929 5166
f 5053 4688 5122
f 4772 4760 5167
f 4979 4772 5167
f 4760 5060 5167
f 4799 4983 5168
f 4872 4800 5169
f 4800 5129 5169
f 4705 4720 5170
f 5075 4705 5170
f 4720 5021 5170
f 4775 4933 5171
f 4876 4875 5172
f 4875 5111 5172
f 4877 4876 5173
f 4876 5172 5173
f 4878 4877 5174
f 4877 5173 5174
f 4879 4878 5175
f 4878 5174 5175
f 4880 4879 5176
f 4879 5175 5176
f 4881 4880 5177
f 4880 5176 5177
f 4882 4881 5178
f 4881 5177 5178
f 4883 4882 5179
f 4882 5178 5179
f 4884 4883 5180
f 4883 5179 5180
f 4885 4884 5181
f 4884 5180 5181
f 4886 4885 5182
f 4885 5181 5182
f 4887 4886 5183
f 4886 5182 5183
f 4888 4887 5184
f 4887 5183 5184
f 4889 4888 5185
f 4888 5184 5185
f 4890 4889 5186
f 4889 5185 5186
f 4891 4890 5187
f 4890 5186 5187
f 4892 4891 5188
f 4891 5187 5188
f 4893 4892 5189
f 4892 5188 5189
f 4894 4893 5190
f 4893 5189 5190
f 4895 4894 5191
f 4894 5190 5191
f 4896 4895 5192
f 4895 5191 5192
f 4897 4896 5193
f 4896 5192 5193
f 4898 4897 5194
f 4897 5193 5194
f 4899 4898 5195
f 4898 5194 5195
f 4900 4899 5196
f 4899 5195 5196
f 4901 4900 5197
f 4900 5196 5197
f 4902 4901 5198
f 4901 5197 5198
f 4903 4902 5199
f 4902 5198 5199
f 4904 4903 5200
f 4903 5199 5200
f 4905 4904 5201
f 4904 5200 5201
f 4906 4905 5202
f 4905 5201 5202
f 4907 4906 5203
f 4906 5202 5203
f 4908 4907 5204
f 4907 5203 5204
f 4909 4908 5205
f 4908 5204 5205
f 4910 4909 5206
f 4909 5205 5206
f 4911 4910 5207
f 4910 5206 5207
f 4912 4911 5208
f 4911 5207 5208
f 4913 4912 5209
f 4912 5208 5209
f 4914 4913 5210
f 4913 5209 5210
f 4915 4914 5211
f 4914 5210 5211
f 4916 4915 5212
f 4915 5211 5212
f 4917 4916 5213
f 4916 5212 5213
f 4918 4917 5214
f 4917 5213 5214
f 4919 4918 5215
f 4918 5214 5215
f 4920 4919 5216
f 4919 5215 5216
f 4815 4996 5217
f 4926 4829 5218
f 4931 4856 5219
f 4856 5112 5219
f 4929 4819 5220
f 4819 5128 5220
f 4860 4872 5221
f 4872 5169 5221
f 4826 4825 5222
f 4825 5151 5222
f 4932 4862 5223
f 4862 5124 5223
f 4933 4835 5224
f 4835 5137 5224
f 4934 4804 5225
f 4804 5103 5225
f 4935 4839 5226
f 4936 4776 5227
f 4776 5157 5227
f 4937 4814 5228
f 4814 5113 5228
f 4938 4922 5229
f 4922 5152 5229
f 4996 4858 5230
f 4858 5153 5230
f 4940 4926 5231
f 4926 5218 5231
f 4941 4870 5232
f 4870 5088 5232
f 4943 4853 5233
f 4853 5164 5233
f 4665 4767 5234
f 5056 4665 5234
f 4767 5069 5234
f 4944 4775 5235
f 4775 5171 5235
f 4950 4842 5236
f 4842 5098 5236
f 4951 4803 5237
f 4803 5160 5237
f 4952 4854 5238
f 4854 5117 5238
f 4953 4928 5239
f 4928 5146 5239
f 4807 4766 5240
f 4766 5025 5240
f 4954 4832 5241
f 4832 5119 5241
f 4955 4826 5242
f 4826 5222 5242
f 4779 4857 5243
f 5118 4779 5243
f 4857 5108 5243
f 5104 4708 5009
f 5156 5053 5244
f 4817 5104 5245
f 4551 5156 4966
f 4954 5241 5116
f 4838 5136 5079
f 4996 5230 5217
f 4970 5083 5246
f 5073 4756 5058
f 5084 5000 5247
f 4754 4969 5248
f 4961 4930 5249
f 5089 4807 5240
f 4969 5074 5250
f 5086 4955 5242
f 4818 4991 5251
f 4690 5087 5037
f 5088 4936 5227
f 4847 4863 5252
f 4964 5089 5253
f 5244 5053 5254
f 5053 5122 5254
f 5090 4975 5255
f 4975 5101 5255
f 4686 5091 5062
f 4787 4966 5256
f 5064 5057 5257
f 5092 4944 5235
f 5094 5052 5258
f 5052 4968 5258
f 4968 4777 5259
f 4777 5097 5259
f 4797 5023 5260
f 4719 4828 5261
f 4712 4811 5262
f 5171 4933 5224
f 4718 5020 5147
f 4973 5070 5263
f 5096 4941 5232
f 4972 5065 5264
f 5097 4945 5265
f 4945 4813 5265
f 4724 5121 5077
f 4789 5010 5266
f 4951 5237 5151
f 5099 4820 5267
f 4820 5037 5267
f 4974 4852 4921
f 5102 4948 5268
f 4948 4821 5268
f 4555 5039 4982
f 5045 4995 5269
f 5168 4983 5270
f 4983 5075 5270
f 4837 4980 5271
f 4985 4934 5272
f 4934 5225 5272
f 5107 5028 5273
f 5028 5066 5273
f 5060 4952 5274
f 4952 5238 5274
f 4867 4989 5275
f 4986 4964 5276
f 4964 5253 5276
f 4987 4967 5277
f 4859 4822 5278
f 4822 5118 5278
f 5003 4795 5279
f 4988 4985 5280
f 4985 5272 5280
f 5109 4782 5281
f 4782 5043 5281
f 4990 4943 5282
f 4943 5233 5282
f 4810 5067 5283
f 4797 5260 4957
f 4992 4783 5284
f 4783 5106 5284
f 4993 4790 5285
f 4790 5163 5285
f 5110 4740 5040
f 4966 5156 5286
f 5256 4966 5286
f 5156 5244 5286
f 4812 4752 5287
f 4752 5055 5287
f 4929 5220 5166
f 4925 5046 5071
f 4938 5229 5112
f 5114 4981 5288
f 4981 5014 5288
f 5087 5001 5289
f 4798 4957 5290
f 4957 5260 5290
f 4997 4817 5291
f 4817 5245 5291
f 4998 4935 5292
f 4935 5226 5292
f 5117 4809 5293
f 4809 4859 5293
f 4848 5006 5294
f 5004 4849 5295
f 4849 5139 5295
f 5146 4942 5296
f 4942 4781 5296
f 4791 4727 5297
f 4727 5032 5297
f 5030 4847 5298
f 4847 5252 5298
f 5005 5002 5299
f 4850 4699 5300
f 5083 4850 5300
f 4699 4998 5300
f 5008 4770 5301
f 4770 4791 5301
f 5017 4865 5302
f 4865 5161 5302
f 5124 4784 5303
f 4784 5082 5303
f 4855 5125 4866
f 5007 4810 5304
f 4810 5283 5304
f 5126 4831 5131
f 5014 4719 5261
f 5128 4950 5236
f 5009 4973 5305
f 4973 5263 5305
f 5130 4827 5306
f 4827 5016 5306
f 5010 4769 5123
f 5132 4977 5307
f 4977 5044 5307
f 4828 5141 5261
f 5137 4808 5308
f 4808 4866 5308
f 5082 4993 5309
f 5303 5082 5309
f 4993 5285 5309
f 5140 5013 5310
f 4963 5017 5311
f 5017 5302 5311
f 5024 4815 5312
f 4815 5217 5312
f 4841 4787 5313
f 5081 4869 5314
f 4869 4786 5314
f 5145 4833 5315
f 4833 4947 5315
f 5019 4970 5316
f 4970 5246 5316
f 5020 4953 5317
f 4953 5239 5317
f 5021 4796 5318
f 4796 5109 5318
f 5144 4844 5319
f 4844 4868 5319
f 5150 4956 5320
f 4956 5071 5320
f 5029 5147 5321
f 4864 4799 5322
f 4851 4982 5323
f 5025 4984 5324
f 5026 4963 5325
f 4963 5311 5325
f 5027 4846 5326
f 4846 5145 5326
f 5011 4931 5327
f 4965 5030 5328
f 5030 5298 5328
f 5032 4965 5329
f 4965 5328 5329
f 5023 5096 5260
f 5033 5024 5330
f 5024 5312 5330
f 5042 4830 5331
f 4830 5134 5331
f 4994 5110 5332
f 5035 4836 5333
f 4836 5138 5333
f 5153 4939 5334
f 4939 4789 5334
f 4971 5154 5095
f 5119 5011 5327
f 5245 5104 5335
f 5104 5009 5335
f 4937 5228 5100
f 5038 5033 5336
f 5033 5330 5336
f 5218 4829 5337
f 4829 5008 5337
f 5039 4840 5338
f 4840 5130 5338
f 5040 4837 5339
f 4837 5271 5339
f 5160 4871 5165
f 5041 4774 5340
f 4774 5080 5340
f 5111 4726 5341
f 4726 5031 5341
f 5164 4962 5342
f 4962 5073 5342
f 5085 4946 5343
f 4946 5049 5343
f 5044 4848 5344
f 4848 5294 5344
f 4863 4824 5345
f 5252 4863 5345
f 4824 5143 5345
f 5108 4841 5313
f 5046 5029 5346
f 5029 5321 5346
f 5048 4958 5347
f 4958 5150 5347
f 5163 4960 5348
f 4960 5072 5348
f 4868 4798 5349
f 5319 4868 5349
f 4798 5290 5349
f 5051 4867 5350
f 4867 5275 5350
f 5054 4754 5248
f 5022 5142 5351
f 4978 4932 5352
f 4811 5162 5262
f 5105 4999 5353
f 4999 4923 5353
f 5055 5050 5354
f 4874 4818 5355
f 4818 5251 5355
f 5103 4978 5352
f 4921 4920 5356
f 4920 5216 5356
f 4924 4696 5357
f 5125 4924 5357
f 4696 4990 5357
f 5057 4860 5358
f 4860 5221 5358
f 5058 4972 5359
f 4972 5264 5359
f 5059 4988 5360
f 4988 5280 5360
f 4787 5256 5313
f 4947 4851 5361
f 5315 4947 5361
f 4851 5323 5361
f 4979 5167 5362
f 4931 5219 5327
f 5063 4792 5363
f 4792 5114 5363
f 5226 4839 5364
f 4839 5015 5364
f 5065 5022 5365
f 5022 5351 5365
f 4861 4717 5366
f 4717 5019 5366
f 5066 4940 5367
f 4940 5231 5367
f 4821 5148 5268
f 5050 4997 5368
f 4997 5291 5368
f 5068 5064 5369
f 5064 5257 5369
f 5069 4979 5370
f 4979 5362 5370
f 5070 4994 5371
f 5263 5070 5371
f 4994 5332 5371
f 5249 4930 5372
f 4930 5062 5372
f 5248 4969 5373
f 4969 5250 5373
f 5247 5000 5374
f 5000 5077 5374
f 4712 5262 5074
f 5265 4813 5375
f 4813 5034 5375
f 5050 5368 5354
f 5277 4967 5376
f 4967 5063 5376
f 5289 5001 5377
f 5001 5076 5377
f 5296 4781 5378
f 4781 5047 5378
f 5299 5002 5379
f 5002 5051 5379
f 5310 5013 5380
f 5013 5078 5380
f 5306 5016 5144
f 5322 4799 5168
f 5314 4786 5166
f 4864 5322 5139
f 5334 4789 5266
f 5352 4932 5223
f 5353 4923 5381
f 4923 5056 5381
f 5246 5083 5382
f 5083 5300 5382
f 5073 5058 5383
f 5058 5359 5383
f 5250 5074 5384
f 5074 5262 5384
f 5086 5242 5385
f 5251 4991 5386
f 4991 5035 5386
f 5116 5241 5387
f 5037 5087 5388
f 5087 5289 5388
f 5146 5296 5389
f 5253 5089 5390
f 5089 5240 5390
f 5257 5057 5358
f 5092 5235 5391
f 5128 5236 5392
f 5171 5224 5393
f 5096 5232 5394
f 5264 5065 5365
f 5097 5265 5395
f 4989 5027 5396
f 5275 4989 5396
f 5027 5326 5396
f 5266 5010 5397
f 5010 5123 5397
f 5151 5237 5398
f 5269 4995 5399
f 5124 5303 5400
f 5322 5168 5401
f 4980 4961 5402
f 5271 4980 5402
f 4961 5249 5402
f 5139 5322 5403
f 5322 5401 5403
f 5100 5228 5404
f 5227 5157 5405
f 5279 4795 5406
f 5313 5256 5407
f 5283 5067 5408
f 5067 5133 5408
f 4995 5005 5399
f 5160 5165 5409
f 5110 5040 5410
f 5332 5110 5410
f 5040 5339 5410
f 5147 5020 5411
f 5321 5147 5411
f 5020 5317 5411
f 5352 5223 5412
f 5294 5006 5413
f 5006 5007 5413
f 5102 5268 5414
f 5121 5068 5415
f 5068 5369 5415
f 5126 5131 5416
f 5219 5112 5417
f 5154 5094 5418
f 5130 5306 5419
f 5103 5352 5420
f 5352 5412 5420
f 5122 5042 5421
f 5042 5331 5421
f 5047 5140 5422
f 5140 5310 5422
f 5123 5026 5423
f 5026 5325 5423
f 5261 5141 5424
f 5324 4984 5425
f 5314 5166 5426
f 5014 5261 5427
f 5288 5014 5427
f 5261 5424 5427
f 5399 5005 5299
f 5138 5099 5428
f 4982 5039 5429
f 5323 4982 5429
f 5039 5338 5429
f 5034 5041 5430
f 5375 5034 5430
f 5041 5340 5430
f 5135 5081 5431
f 5136 5135 5432
f 5135 5431 5432
f 5153 5334 5433
f 5079 5136 5434
f 5136 5432 5434
f 5081 5314 5435
f 5314 5426 5435
f 4795 4874 5406
f 5142 4861 5366
f 5143 5105 5436
f 5354 5368 5437
f 5399 5299 5438
f 5148 5100 5439
f 5100 5404 5439
f 5260 5096 5440
f 5290 5260 5440
f 5096 5394 5440
f 4866 5125 5308
f 5152 5126 5441
f 5126 5416 5441
f 5043 5084 5442
f 5084 5247 5442
f 5131 5079 5443
f 5079 5434 5443
f 5088 5227 5444
f 5227 5405 5444
f 5129 5090 5445
f 4984 5059 5425
f 5127 5116 5446
f 5116 5387 5446
f 5157 5127 5447
f 5127 5446 5447
f 4974 4921 5356
f 5165 5102 5448
f 5102 5414 5448
f 5113 5093 5449
f 5108 5313 5450
f 5313 5407 5450
f 5161 5159 5451
f 5141 5038 5452
f 5424 5141 5452
f 5038 5336 5452
f 5162 4987 5453
f 4987 5277 5453
f 5049 5045 5454
f 5343 5049 5454
f 5045 5269 5454
f 5106 5085 5455
f 5351 5142 5456
f 5142 5366 5456
f 5071 5046 5457
f 5320 5071 5457
f 5046 5346 5457
f 5167 5060 5458
f 5060 5274 5458
f 5262 5162 5459
f 5384 5262 5459
f 5162 5453 5459
f 5031 5054 5460
f 5341 5031 5460
f 5054 5248 5460
f 5169 5129 5461
f 5129 5445 5461
f 5172 5111 5341
f 5173 5172 5462
f 5235 5171 5463
f 5171 5393 5463
f 5174 5173 5464
f 5173 5462 5464
f 5175 5174 5465
f 5174 5464 5465
f 5176 5175 5466
f 5175 5465 5466
f 5177 5176 5467
f 5176 5466 5467
f 5178 5177 5468
f 5177 5467 5468
f 5179 5178 5469
f 5178 5468 5469
f 5180 5179 5470
f 5179 5469 5470
f 5181 5180 5471
f 5180 5470 5471
f 5182 5181 5472
f 5181 5471 5472
f 5183 5182 5473
f 5182 5472 5473
f 5184 5183 5474
f 5183 5473 5474
f 5185 5184 5475
f 5184 5474 5475
f 5186 5185 5476
f 5185 5475 5476
f 5187 5186 5477
f 5186 5476 5477
f 5188 5187 5478
f 5187 5477 5478
f 5189 5188 5479
f 5188 5478 5479
f 5190 5189 5480
f 5189 5479 5480
f 5191 5190 5481
f 5190 5480 5481
f 5192 5191 5482
f 5191 5481 5482
f 5193 5192 5483
f 5192 5482 5483
f 5194 5193 5484
f 5193 5483 5484
f 5195 5194 5485
f 5194 5484 5485
f 5196 5195 5486
f 5195 5485 5486
f 5197 5196 5487
f 5196 5486 5487
f 5198 5197 5488
f 5197 5487 5488
f 5199 5198 5489
f 5198 5488 5489
f 5200 5199 5490
f 5199 5489 5490
f 5201 5200 5491
f 5200 5490 5491
f 5202 5201 5492
f 5201 5491 5492
f 5203 5202 5493
f 5202 5492 5493
f 5204 5203 5494
f 5203 5493 5494
f 5205 5204 5495
f 5204 5494 5495
f 5206 5205 5496
f 5205 5495 5496
f 5207 5206 5497
f 5206 5496 5497
f 5208 5207 5498
f 5207 5497 5498
f 5209 5208 5499
f 5208 5498 5499
f 5210 5209 5500
f 5209 5499 5500
f 5211 5210 5501
f 5210 5500 5501
f 5212 5211 5502
f 5211 5501 5502
f 5213 5212 5503
f 5212 5502 5503
f 5214 5213 5504
f 5213 5503 5504
f 5215 5214 5505
f 5214 5504 5505
f 5216 5215 5506
f 5215 5505 5506
f 5101 4812 5287
f 5268 5148 5507
f 5148 5439 5507
f 5217 5230 5508
f 5327 5219 5509
f 5219 5417 5509
f 5220 5128 5510
f 5128 5392 5510
f 5221 5169 5511
f 5169 5461 5511
f 5098 5086 5512
f 5086 5385 5512
f 5222 5151 5513
f 5151 5398 5513
f 5223 5124 5514
f 5124 5400 5514
f 5225 5103 5515
f 5103 5420 5515
f 5166 5220 5516
f 5220 5510 5516
f 5119 5327 5517
f 5327 5509 5517
f 5228 5113 5518
f 5113 5449 5518
f 5229 5152 5519
f 5152 5441 5519
f 5230 5153 5520
f 5153 5433 5520
f 5095 5154 5521
f 5154 5418 5521
f 5231 5218 5522
f 5232 5088 5523
f 5088 5444 5523
f 5233 5164 5524
f 5236 5098 5525
f 5098 5512 5525
f 5093 5092 5526
f 5092 5391 5526
f 5077 5121 5527
f 5374 5077 5527
f 5121 5415 5527
f 5237 5160 5528
f 5160 5409 5528
f 5134 5095 5529
f 5095 5521 5529
f 5238 5117 5530
f 5239 5146 5531
f 5146 5389 5531
f 5240 5025 5532
f 5025 5324 5532
f 5241 5119 5533
f 5119 5517 5533
f 5091 5003 5534
f 5003 5279 5534
f 5242 5222 5535
f 5222 5513 5535
f 5112 5229 5536
f 5229 5519 5536
f 5269 5399 5537
f 5399 5438 5537
f 5279 5406 5538
f 5324 5425 5539
f 5406 4874 5355
f 5425 5059 5360
f 5373 5250 5540
f 5280 5272 5541
f 5460 5248 5542
f 5248 5373 5542
f 5401 5168 5543
f 5168 5270 5543
f 5257 5358 5544
f 5385 5242 5535
f 5251 5386 5545
f 5387 5241 5533
f 5037 5388 5267
f 5389 5296 5546
f 5296 5378 5546
f 5253 5390 5547
f 5392 5236 5525
f 5419 5306 5548
f 5306 5144 5548
f 5244 5254 5549
f 5157 5447 5405
f 5255 5101 5550
f 5101 5287 5550
f 5391 5235 5463
f 5287 5055 5551
f 5055 5354 5551
f 5258 4968 5259
f 5226 5364 5552
f 5259 5097 5553
f 5097 5395 5553
f 5431 5081 5435
f 5107 5273 5554
f 5308 5125 5555
f 5125 5357 5555
f 5400 5303 5556
f 5303 5309 5556
f 5047 5422 5378
f 5264 5365 5557
f 5395 5265 5558
f 5265 5375 5558
f 5275 5396 5559
f 5112 5536 5417
f 5276 5253 5560
f 5253 5547 5560
f 5398 5237 5528
f 5131 5443 5416
f 5538 5406 5561
f 5406 5355 5561
f 5272 5225 5562
f 5225 5515 5562
f 5376 5063 5363
f 5080 5149 5563
f 5062 5091 5564
f 5270 5075 5565
f 5075 5170 5565
f 5290 5440 5349
f 5271 5402 5566
f 5109 5281 5567
f 5278 5118 5568
f 5273 5066 5367
f 5404 5228 5518
f 5123 5423 5397
f 5274 5238 5569
f 5238 5530 5569
f 5172 5341 5462
f 5377 5076 5570
f 5076 5155 5570
f 4859 5278 5293
f 5283 5408 5571
f 5281 5043 5442
f 5282 5233 5572
f 5233 5524 5572
f 5284 5106 5573
f 5106 5455 5573
f 5285 5163 5574
f 5409 5165 5448
f 5332 5410 5575
f 5286 5244 5576
f 5244 5549 5576
f 5300 4998 5577
f 5382 5300 5577
f 4998 5292 5577
f 5295 5139 5578
f 5139 5403 5578
f 5051 5350 5379
f 5291 5245 5579
f 5413 5007 5304
f 5294 5413 5580
f 5292 5226 5581
f 5226 5552 5581
f 5414 5268 5507
f 5091 5534 5564
f 5166 5516 5426
f 5297 5032 5582
f 5032 5329 5582
f 5093 5526 5449
f 5298 5252 5583
f 5380 5078 5584
f 5078 5120 5584
f 5358 5221 5585
f 5221 5511 5585
f 5073 5383 5342
f 5422 5310 5586
f 5302 5161 5587
f 5161 5451 5587
f 5453 5277 5588
f 5328 5298 5589
f 5298 5583 5589
f 5304 5283 5590
f 5283 5571 5590
f 5289 5377 5591
f 5325 5311 5592
f 5254 5122 5421
f 5305 5263 5593
f 5394 5232 5523
f 5393 5224 5594
f 5224 5137 5594
f 5307 5044 5344
f 5223 5514 5412
f 5390 5240 5532
f 5230 5520 5508
f 5428 5099 5595
f 5099 5267 5595
f 5323 5429 5596
f 5301 4791 5297
f 5433 5334 5597
f 5334 5266 5597
f 5311 5302 5598
f 5592 5311 5598
f 5302 5587 5598
f 5256 5286 5599
f 5407 5256 5599
f 5286 5576 5599
f 5312 5217 5600
f 5217 5508 5600
f 5438 5299 5601
f 5299 5379 5601
f 5437 5368 5602
f 5368 5291 5602
f 5362 5167 5458
f 5316 5246 5603
f 5436 5105 5604
f 5105 5353 5604
f 5317 5239 5605
f 5239 5531 5605
f 5318 5109 5606
f 5109 5567 5606
f 5350 5275 5607
f 5275 5559 5607
f 5145 5315 5608
f 5247 5374 5609
f 5388 5289 5610
f 5289 5591 5610
f 5326 5145 5611
f 5145 5608 5611
f 5329 5328 5612
f 5328 5589 5612
f 5133 4992 5613
f 5408 5133 5613
f 4992 5284 5613
f 5333 5138 5614
f 5138 5428 5614
f 5330 5312 5615
f 5312 5600 5615
f 5331 5134 5616
f 5134 5529 5616
f 5442 5247 5617
f 5247 5609 5617
f 5035 5333 5386
f 5445 5090 5618
f 5090 5255 5618
f 5249 5372 5619
f 5155 4986 5620
f 5570 5155 5620
f 4986 5276 5620
f 5540 5250 5621
f 5250 5384 5621
f 5009 5305 5335
f 5120 5004 5622
f 5584 5120 5622
f 5004 5295 5622
f 5336 5330 5623
f 5330 5615 5623
f 5337 5008 5624
f 5008 5301 5624
f 5338 5130 5625
f 5130 5419 5625
f 5115 5048 5626
f 5048 5347 5626
f 5339 5271 5627
f 5271 5566 5627
f 5340 5080 5628
f 5080 5563 5628
f 5455 5085 5629
f 5085 5343 5629
f 5114 5288 5630
f 5451 5159 5631
f 5159 5107 5631
f 5344 5294 5632
f 5294 5580 5632
f 5345 5143 5633
f 5143 5436 5633
f 5346 5321 5634
f 5347 5150 5635
f 5348 5072 5636
f 5072 5158 5636
f 5454 5269 5637
f 5269 5537 5637
f 5355 5251 5638
f 5251 5545 5638
f 5351 5456 5639
f 5381 5056 5640
f 5056 5234 5640
f 5539 5425 5641
f 5425 5360 5641
f 5132 5307 5642
f 5170 5021 5643
f 5021 5318 5643
f 5418 5094 5644
f 5094 5258 5644
f 5356 5216 5645
f 5216 5506 5645
f 5357 4990 5646
f 5555 5357 5646
f 4990 5282 5646
f 5359 5264 5647
f 5264 5557 5647
f 5360 5280 5648
f 5280 5541 5648
f 5361 5323 5649
f 5323 5596 5649
f 5363 5114 5650
f 5114 5630 5650
f 5365 5351 5651
f 5557 5365 5651
f 5351 5639 5651
f 5366 5019 5652
f 5456 5366 5652
f 5019 5316 5652
f 5522 5218 5653
f 5218 5337 5653
f 5367 5231 5654
f 5231 5522 5654
f 5524 5164 5655
f 5164 5342 5655
f 5234 5069 5656
f 5640 5234 5656
f 5069 5370 5656
f 5362 5458 5657
f 5369 5257 5658
f 5257 5544 5658
f 5530 5117 5659
f 5117 5293 5659
f 5370 5362 5660
f 5362 5657 5660
f 5371 5332 5661
f 5332 5575 5661
f 5532 5324 5662
f 5324 5539 5662
f 5534 5279 5663
f 5279 5538 5663
f 5402 5249 5664
f 5249 5619 5664
f 5243 5108 5665
f 5108 5450 5665
f 5137 5308 5666
f 5594 5137 5666
f 5308 5555 5666
f 5548 5144 5667
f 5144 5319 5667
f 5551 5354 5668
f 5354 5437 5668
f 5062 5564 5372
f 5574 5163 5669
f 5163 5348 5669
f 5579 5245 5670
f 5245 5335 5670
f 5586 5310 5671
f 5310 5380 5671
f 5588 5277 5672
f 5277 5376 5672
f 5593 5263 5673
f 5263 5371 5673
f 5597 5266 5674
f 5266 5397 5674
f 5604 5353 5675
f 5353 5381 5675
f 5603 5246 5676
f 5246 5382 5676
f 5635 5150 5677
f 5150 5320 5677
f 5631 5107 5554
f 5634 5321 5678
f 5321 5411 5678
f 5391 5463 5679
f 5528 5409 5680
f 5383 5359 5681
f 5359 5647 5681
f 5544 5358 5585
f 5379 5350 5682
f 5601 5379 5682
f 5350 5607 5682
f 5385 5535 5683
f 5545 5386 5684
f 5386 5333 5684
f 5387 5533 5685
f 5547 5390 5686
f 5390 5532 5686
f 5392 5525 5687
f 5549 5254 5688
f 5254 5421 5688
f 5343 5454 5689
f 5629 5343 5689
f 5454 5637 5689
f 5405 5447 5690
f 5342 5383 5691
f 5655 5342 5691
f 5383 5681 5691
f 5552 5364 5692
f 5554 5273 5693
f 5273 5367 5693
f 5559 5396 5694
f 5396 5326 5694
f 5417 5536 5695
f 5568 5118 5696
f 5426 5516 5697
f 5563 5149 5698
f 5149 5132 5698
f 5567 5281 5699
f 5281 5442 5699
f 5376 5363 5700
f 5672 5376 5700
f 5363 5650 5700
f 5566 5402 5664
f 5403 5401 5701
f 5378 5422 5702
f 5546 5378 5702
f 5422 5586 5702
f 5571 5408 5703
f 5408 5613 5703
f 5410 5339 5704
f 5339 5627 5704
f 5414 5507 5705
f 5575 5410 5704
f 5415 5369 5706
f 5369 5658 5706
f 5319 5349 5707
f 5667 5319 5707
f 5349 5440 5707
f 5429 5338 5708
f 5338 5625 5708
f 5413 5304 5709
f 5580 5413 5709
f 5304 5590 5709
f 5015 5115 5710
f 5335 5305 5711
f 5670 5335 5711
f 5305 5593 5711
f 5416 5443 5712
f 5404 5518 5713
f 5589 5583 5714
f 5293 5278 5715
f 5659 5293 5715
f 5278 5568 5715
f 5291 5579 5602
f 5421 5331 5716
f 5331 5616 5716
f 5583 5252 5717
f 5423 5325 5718
f 5325 5592 5718
f 5591 5377 5719
f 5377 5570 5719
f 5398 5528 5720
f 5528 5680 5720
f 5541 5272 5562
f 5394 5523 5721
f 5439 5404 5722
f 5404 5713 5722
f 5596 5429 5708
f 5301 5297 5723
f 5297 5582 5723
f 5434 5432 5724
f 5508 5520 5725
f 5309 5285 5726
f 5556 5309 5726
f 5285 5574 5726
f 5435 5426 5727
f 5426 5697 5727
f 5609 5374 5728
f 5374 5527 5728
f 5315 5361 5729
f 5361 5649 5729
f 5436 5604 5730
f 5608 5315 5729
f 5458 5274 5731
f 5274 5569 5731
f 5267 5388 5732
f 5595 5267 5732
f 5388 5610 5732
f 5440 5394 5707
f 5657 5458 5731
f 5441 5416 5733
f 5416 5712 5733
f 5411 5317 5734
f 5678 5411 5734
f 5317 5605 5734
f 5443 5434 5735
f 5434 5724 5735
f 5444 5405 5736
f 5405 5690 5736
f 5619 5372 5737
f 5372 5564 5737
f 5446 5387 5738
f 5387 5685 5738
f 5447 5446 5739
f 5446 5738 5739
f 5450 5407 5740
f 5448 5414 5741
f 5414 5705 5741
f 5252 5345 5717
f 5158 4974 5742
f 5015 5710 5364
f 5698 5132 5642
f 5696 5118 5243
f 5742 4974 5356
f 5568 5696 5743
f 5563 5698 5744
f 5710 5115 5626
f 5158 5742 5636
f 5717 5345 5633
f 5364 5710 5692
f 5564 5534 5745
f 5737 5564 5745
f 5534 5663 5745
f 5461 5445 5746
f 5630 5288 5747
f 5288 5427 5747
f 5451 5631 5748
f 5449 5526 5749
f 5420 5412 5750
f 5639 5456 5751
f 5456 5652 5751
f 5462 5341 5752
f 5523 5444 5753
f 5444 5736 5753
f 5742 5356 5645
f 5696 5243 5665
f 5431 5435 5754
f 5435 5727 5754
f 5287 5551 5550
f 5464 5462 5755
f 5465 5464 5756
f 5464 5755 5756
f 5466 5465 5757
f 5465 5756 5757
f 5467 5466 5758
f 5466 5757 5758
f 5468 5467 5759
f 5467 5758 5759
f 5469 5468 5760
f 5468 5759 5760
f 5470 5469 5761
f 5469 5760 5761
f 5471 5470 5762
f 5470 5761 5762
f 5472 5471 5763
f 5471 5762 5763
f 5473 5472 5764
f 5472 5763 5764
f 5474 5473 5765
f 5473 5764 5765
f 5475 5474 5766
f 5474 5765 5766
f 5476 5475 5767
f 5475 5766 5767
f 5477 5476 5768
f 5476 5767 5768
f 5478 5477 5769
f 5477 5768 5769
f 5479 5478 5770
f 5478 5769 5770
f 5480 5479 5771
f 5479 5770 5771
f 5481 5480 5772
f 5480 5771 5772
f 5482 5481 5773
f 5481 5772 5773
f 5483 5482 5774
f 5482 5773 5774
f 5484 5483 5775
f 5483 5774 5775
f 5485 5484 5776
f 5484 5775 5776
f 5486 5485 5777
f 5485 5776 5777
f 5487 5486 5778
f 5486 5777 5778
f 5488 5487 5779
f 5487 5778 5779
f 5489 5488 5780
f 5488 5779 5780
f 5490 5489 5781
f 5489 5780 5781
f 5491 5490 5782
f 5490 5781 5782
f 5492 5491 5783
f 5491 5782 5783
f 5493 5492 5784
f 5492 5783 5784
f 5494 5493 5785
f 5493 5784 5785
f 5495 5494 5786
f 5494 5785 5786
f 5496 5495 5787
f 5495 5786 5787
f 5497 5496 5788
f 5496 5787 5788
f 5498 5497 5789
f 5497 5788 5789
f 5499 5498 5790
f 5498 5789 5790
f 5500 5499 5791
f 5499 5790 5791
f 5501 5500 5792
f 5500 5791 5792
f 5502 5501 5793
f 5501 5792 5793
f 5503 5502 5794
f 5502 5793 5794
f 5504 5503 5795
f 5503 5794 5795
f 5505 5504 5796
f 5504 5795 5796
f 5506 5505 5797
f 5505 5796 5797
f 5509 5417 5798
f 5417 5695 5798
f 5507 5439 5799
f 5439 5722 5799
f 5397 5423 5800
f 5674 5397 5800
f 5423 5718 5800
f 5510 5392 5801
f 5392 5687 5801
f 5373 5540 5542
f 5511 5461 5802
f 5461 5746 5802
f 5512 5385 5803
f 5385 5683 5803
f 5341 5460 5752
f 5513 5398 5804
f 5398 5720 5804
f 5514 5400 5805
f 5515 5420 5806
f 5420 5750 5806
f 5307 5344 5807
f 5642 5307 5807
f 5344 5632 5807
f 5516 5510 5808
f 5510 5801 5808
f 5258 5259 5809
f 5644 5258 5809
f 5259 5553 5809
f 5517 5509 5810
f 5509 5798 5810
f 5518 5449 5811
f 5449 5749 5811
f 5519 5441 5812
f 5441 5733 5812
f 5521 5418 5813
f 5393 5594 5814
f 5419 5548 5815
f 5433 5597 5816
f 5526 5391 5817
f 5391 5679 5817
f 5531 5389 5818
f 5529 5521 5819
f 5521 5813 5819
f 5533 5517 5820
f 5517 5810 5820
f 5535 5513 5821
f 5513 5804 5821
f 5536 5519 5822
f 5519 5812 5822
f 5537 5438 5823
f 5541 5562 5824
f 5552 5692 5825
f 5686 5532 5662
f 5543 5270 5826
f 5270 5565 5826
f 5346 5634 5827
f 5684 5333 5614
f 5545 5684 5828
f 5685 5533 5820
f 5547 5686 5829
f 5687 5525 5830
f 5525 5512 5830
f 5549 5688 5831
f 5668 5437 5832
f 5553 5395 5833
f 5371 5661 5673
f 5693 5367 5654
f 5554 5693 5834
f 5535 5821 5683
f 5647 5557 5835
f 5694 5326 5611
f 5558 5375 5836
f 5375 5430 5836
f 5574 5669 5837
f 5652 5316 5838
f 5751 5652 5838
f 5316 5603 5838
f 5695 5536 5822
f 5442 5617 5699
f 5560 5547 5839
f 5547 5829 5839
f 5609 5728 5840
f 5565 5170 5643
f 5561 5355 5638
f 5562 5515 5841
f 5515 5806 5841
f 5669 5348 5842
f 5348 5636 5842
f 5346 5827 5457
f 5530 5659 5843
f 5701 5401 5844
f 5401 5543 5844
f 5602 5579 5845
f 5559 5694 5846
f 5550 5551 5847
f 5551 5668 5847
f 5569 5530 5848
f 5530 5843 5848
f 5540 5621 5849
f 5621 5384 5850
f 5384 5459 5850
f 5715 5568 5851
f 5568 5743 5851
f 5576 5549 5852
f 5549 5831 5852
f 5512 5803 5830
f 5453 5588 5853
f 5572 5524 5854
f 5573 5455 5855
f 5705 5507 5799
f 5282 5572 5646
f 5712 5443 5735
f 5409 5448 5856
f 5575 5704 5857
f 5583 5717 5858
f 5577 5292 5859
f 5292 5581 5859
f 5657 5731 5860
f 5581 5552 5861
f 5552 5825 5861
f 5452 5336 5862
f 5336 5623 5862
f 5714 5583 5858
f 5360 5648 5641
f 5671 5380 5863
f 5380 5584 5863
f 5711 5593 5864
f 5713 5518 5811
f 5580 5709 5865
f 5596 5708 5866
f 5538 5561 5867
f 5726 5574 5868
f 5574 5837 5868
f 5462 5752 5755
f 5582 5329 5869
f 5329 5612 5869
f 5623 5615 5870
f 5585 5511 5871
f 5511 5802 5871
f 5587 5451 5872
f 5451 5748 5872
f 5702 5586 5873
f 5394 5721 5707
f 5590 5571 5874
f 5591 5719 5875
f 5721 5523 5753
f 5430 5340 5876
f 5836 5430 5876
f 5340 5628 5876
f 5301 5723 5624
f 5725 5520 5877
f 5520 5433 5877
f 5643 5318 5878
f 5318 5606 5878
f 5833 5395 5879
f 5395 5558 5879
f 5724 5432 5880
f 5432 5431 5880
f 5675 5381 5881
f 5381 5640 5881
f 5588 5672 5882
f 5634 5678 5883
f 5749 5526 5817
f 5592 5598 5884
f 5610 5591 5885
f 5591 5875 5885
f 5730 5604 5886
f 5604 5675 5886
f 5421 5716 5688
f 5608 5729 5887
f 5605 5531 5888
f 5531 5818 5888
f 5606 5567 5889
f 5607 5559 5890
f 5559 5846 5890
f 5447 5739 5690
f 5382 5577 5891
f 5676 5382 5891
f 5577 5859 5891
f 5611 5608 5892
f 5608 5887 5892
f 5612 5589 5893
f 5589 5714 5893
f 5437 5602 5894
f 5832 5437 5894
f 5602 5845 5894
f 5613 5284 5895
f 5703 5613 5895
f 5284 5573 5895
f 5566 5664 5896
f 5616 5529 5897
f 5529 5819 5897
f 5603 5676 5898
f 5617 5609 5899
f 5609 5840 5899
f 5620 5276 5900
f 5276 5560 5900
f 5746 5445 5901
f 5445 5618 5901
f 5680 5409 5856
f 5622 5295 5902
f 5295 5578 5902
f 5740 5407 5903
f 5407 5599 5903
f 5448 5741 5856
f 5625 5419 5904
f 5419 5815 5904
f 5453 5853 5459
f 5626 5347 5905
f 5347 5635 5905
f 5627 5566 5906
f 5566 5896 5906
f 5628 5563 5907
f 5563 5744 5907
f 5743 5696 5908
f 5696 5665 5908
f 5630 5747 5909
f 5632 5580 5910
f 5580 5865 5910
f 5642 5807 5911
f 5633 5436 5912
f 5436 5730 5912
f 5679 5463 5913
f 5463 5393 5913
f 5639 5751 5914
f 5424 5452 5915
f 5452 5862 5915
f 5637 5537 5916
f 5537 5823 5916
f 5638 5545 5917
f 5545 5828 5917
f 5539 5641 5918
f 5653 5337 5919
f 5337 5624 5919
f 5631 5554 5920
f 5540 5849 5921
f 5431 5754 5880
f 5578 5403 5922
f 5403 5701 5922
f 5645 5506 5923
f 5506 5797 5923
f 5648 5541 5924
f 5541 5824 5924
f 5649 5596 5925
f 5596 5866 5925
f 5428 5595 5926
f 5614 5428 5927
f 5428 5926 5927
f 5635 5677 5928
f 5412 5514 5929
f 5650 5630 5930
f 5630 5909 5930
f 5600 5508 5931
f 5508 5725 5931
f 5816 5597 5932
f 5597 5674 5932
f 5651 5639 5933
f 5639 5914 5933
f 5805 5400 5934
f 5400 5556 5934
f 5698 5642 5935
f 5815 5548 5936
f 5548 5667 5936
f 5814 5594 5937
f 5594 5666 5937
f 5697 5516 5808
f 5631 5920 5748
f 5744 5698 5935
f 5813 5418 5938
f 5418 5644 5938
f 5393 5814 5913
f 5654 5522 5939
f 5656 5370 5940
f 5370 5660 5940
f 5433 5816 5877
f 5658 5544 5941
f 5320 5457 5942
f 5677 5320 5942
f 5457 5827 5942
f 5818 5389 5943
f 5389 5546 5943
f 5527 5415 5944
f 5415 5706 5944
f 5619 5737 5945
f 5718 5592 5946
f 5592 5884 5946
f 5660 5657 5947
f 5657 5860 5947
f 5661 5575 5948
f 5575 5857 5948
f 5544 5585 5949
f 5941 5544 5949
f 5585 5871 5949
f 5662 5539 5950
f 5539 5918 5950
f 5663 5538 5951
f 5538 5867 5951
f 5664 5619 5952
f 5619 5945 5952
f 5823 5438 5953
f 5438 5601 5953
f 5665 5450 5954
f 5450 5740 5954
f 5827 5634 5955
f 5634 5883 5955
f 5838 5603 5956
f 5603 5898 5956
f 5835 5557 5957
f 5557 5651 5957
f 5855 5455 5958
f 5455 5629 5958
f 5845 5579 5959
f 5579 5670 5959
f 5854 5524 5960
f 5524 5655 5960
f 5853 5588 5961
f 5588 5882 5961
f 5858 5717 5962
f 5717 5633 5962
f 5864 5593 5963
f 5593 5673 5963
f 5929 5514 5805
f 5870 5615 5964
f 5615 5600 5964
f 5873 5586 5965
f 5586 5671 5965
f 5874 5571 5966
f 5571 5703 5966
f 5889 5567 5967
f 5567 5699 5967
f 5905 5635 5968
f 5635 5928 5968
f 5920 5554 5834
f 5540 5921 5542
f 5412 5929 5750
f 5935 5642 5911
f 5939 5522 5969
f 5522 5653 5969
f 5679 5913 5970
f 5460 5542 5752
f 5686 5662 5971
f 5829 5686 5971
f 5662 5950 5971
f 5684 5614 5972
f 5828 5684 5972
f 5614 5927 5972
f 5685 5820 5973
f 5687 5830 5974
f 5896 5664 5952
f 5831 5688 5975
f 5688 5716 5975
f 5681 5647 5976
f 5647 5835 5976
f 5673 5661 5977
f 5963 5673 5977
f 5661 5948 5977
f 5834 5693 5978
f 5693 5654 5978
f 5683 5821 5979
f 5694 5611 5980
f 5611 5892 5980
f 5555 5646 5981
f 5666 5555 5981
f 5646 5572 5981
f 5883 5678 5982
f 5678 5734 5982
f 5727 5697 5983
f 5837 5669 5842
f 5751 5838 5984
f 5838 5956 5984
f 5724 5880 5985
f 5565 5643 5986
f 5643 5878 5986
f 5846 5694 5980
f 5710 5626 5987
f 5843 5659 5988
f 5659 5715 5988
f 5877 5816 5989
f 5255 5550 5990
f 5546 5702 5991
f 5702 5873 5991
f 5690 5739 5992
f 5849 5621 5993
f 5621 5850 5993
f 5704 5627 5994
f 5627 5906 5994
f 5705 5799 5995
f 5857 5704 5994
f 5641 5648 5996
f 5918 5641 5996
f 5648 5924 5996
f 5706 5658 5997
f 5658 5941 5997
f 5709 5590 5998
f 5590 5874 5998
f 5713 5811 5999
f 5670 5711 6000
f 5711 5864 6000
f 5599 5576 6001
f 5903 5599 6001
f 5576 5852 6001
f 5865 5709 5998
f 5920 5834 6002
f 5714 5858 6003
f 5716 5616 6004
f 5616 5897 6004
f 5636 5742 5645
f 5935 5911 6005
f 5707 5721 6006
f 5667 5707 6006
f 5721 5753 6006
f 5856 5741 6007
f 5719 5570 6008
f 5570 5620 6008
f 5720 5680 6009
f 5722 5713 6010
f 5713 5999 6010
f 5801 5687 6011
f 5687 5974 6011
f 5708 5625 6012
f 5625 5904 6012
f 5875 5719 6013
f 5719 6008 6013
f 5723 5582 6014
f 5582 5869 6014
f 5882 5672 6015
f 5672 5700 6015
f 5640 5656 6016
f 5881 5640 6016
f 5656 5940 6016
f 5749 5817 6017
f 5556 5726 6018
f 5726 5868 6018
f 5884 5598 6019
f 5598 5587 6019
f 5728 5527 5944
f 5729 5649 6020
f 5649 5925 6020
f 5887 5729 6020
f 5921 5849 6021
f 5731 5569 6022
f 5860 5731 6022
f 5569 5848 6022
f 5750 5929 6023
f 5733 5712 6024
f 5898 5676 6025
f 5676 5891 6025
f 5741 5705 6026
f 5705 5995 6026
f 5618 5255 5990
f 5736 5690 6027
f 5690 5992 6027
f 5680 5856 6028
f 5856 6007 6028
f 5738 5685 6029
f 5685 5973 6029
f 5427 5424 6030
f 5739 5738 6031
f 5738 6029 6031
f 5735 5724 6032
f 5724 5985 6032
f 5584 5622 6033
f 5863 5584 6033
f 5622 5902 6033
f 5725 5877 6034
f 5877 5989 6034
f 5747 5427 6030
f 5744 5935 6035
f 5935 6005 6035
f 5654 5939 5978
f 5914 5751 5984
f 5424 5915 6030
f 5624 5723 6036
f 5723 6014 6036
f 5692 5710 5987
f 5699 5617 6037
f 5967 5699 6037
f 5617 5899 6037
f 5808 5801 6038
f 5801 6011 6038
f 5626 5905 5987
f 5824 5562 5841
f 5561 5638 6039
f 5867 5561 6039
f 5638 5917 6039
f 5819 5813 6040
f 5810 5798 6041
f 5754 5727 6042
f 5727 5983 6042
f 5756 5755 6043
f 5712 5735 6044
f 5735 6032 6044
f 5757 5756 6045
f 5756 6043 6045
f 5758 5757 6046
f 5757 6045 6046
f 5759 5758 6047
f 5758 6046 6047
f 5760 5759 6048
f 5759 6047 6048
f 5761 5760 6049
f 5760 6048 6049
f 5762 5761 6050
f 5761 6049 6050
f 5763 5762 6051
f 5762 6050 6051
f 5764 5763 6052
f 5763 6051 6052
f 5765 5764 6053
f 5764 6052 6053
f 5766 5765 6054
f 5765 6053 6054
f 5767 5766 6055
f 5766 6054 6055
f 5768 5767 6056
f 5767 6055 6056
f 5769 5768 6057
f 5768 6056 6057
f 5770 5769 6058
f 5769 6057 6058
f 5771 5770 6059
f 5770 6058 6059
f 5772 5771 6060
f 5771 6059 6060
f 5773 5772 6061
f 5772 6060 6061
f 5774 5773 6062
f 5773 6061 6062
f 5775 5774 6063
f 5774 6062 6063
f 5776 5775 6064
f 5775 6063 6064
f 5777 5776 6065
f 5776 6064 6065
f 5778 5777 6066
f 5777 6065 6066
f 5779 5778 6067
f 5778 6066 6067
f 5780 5779 6068
f 5779 6067 6068
f 5781 5780 6069
f 5780 6068 6069
f 5782 5781 6070
f 5781 6069 6070
f 5783 5782 6071
f 5782 6070 6071
f 5784 5783 6072
f 5783 6071 6072
f 5785 5784 6073
f 5784 6072 6073
f 5786 5785 6074
f 5785 6073 6074
f 5787 5786 6075
f 5786 6074 6075
f 5788 5787 6076
f 5787 6075 6076
f 5789 5788 6077
f 5788 6076 6077
f 5790 5789 6078
f 5789 6077 6078
f 5791 5790 6079
f 5790 6078 6079
f 5792 5791 6080
f 5791 6079 6080
f 5793 5792 6081
f 5792 6080 6081
f 5794 5793 6082
f 5793 6081 6082
f 5795 5794 6083
f 5794 6082 6083
f 5796 5795 6084
f 5795 6083 6084
f 5797 5796 6085
f 5796 6084 6085
f 5799 5722 6086
f 5722 6010 6086
f 5753 5736 6087
f 5736 6027 6087
f 5926 5595 6088
f 5595 5732 6088
f 5695 5822 6089
f 5928 5677 6090
f 5677 5942 6090
f 5817 5679 6091
f 5679 5970 6091
f 5802 5746 6092
f 5803 5683 6093
f 5683 5979 6093
f 5806 5750 6094
f 5750 6023 6094
f 5804 5720 6095
f 5720 6009 6095
f 6030 5915 6096
f 5807 5632 6097
f 5911 5807 6097
f 5632 5910 6097
f 5811 5749 6098
f 5749 6017 6098
f 5812 5733 6099
f 5733 6024 6099
f 5459 5853 5850
f 5945 5737 6100
f 5737 5745 6100
f 5820 5810 6101
f 5810 6041 6101
f 5821 5804 6102
f 5804 6095 6102
f 5822 5812 6103
f 5812 6099 6103
f 5748 5920 6104
f 5920 6002 6104
f 5990 5550 5847
f 5747 6030 6105
f 5909 5747 6105
f 6030 6096 6105
f 5987 5905 6106
f 5905 5968 6106
f 5826 5565 5986
f 5956 5898 6107
f 5682 5607 6108
f 5607 5890 6108
f 5974 5830 6109
f 5830 5803 6109
f 5973 5820 6101
f 5708 6012 5866
f 5896 5952 6110
f 5975 5716 6004
f 5623 5870 6111
f 5976 5835 6112
f 5668 5832 6113
f 5553 5833 6114
f 5689 5637 6115
f 5637 5916 6115
f 5691 5681 6116
f 5681 5976 6116
f 5655 5691 6117
f 5960 5655 6117
f 5691 6116 6117
f 5957 5651 5933
f 5979 5821 6102
f 5958 5629 6118
f 5629 5689 6118
f 5983 5697 6119
f 5697 5808 6119
f 5814 5937 6120
f 5837 5842 5923
f 5985 5880 6121
f 5880 5754 6121
f 5959 5670 6000
f 5855 5958 6122
f 5847 5668 6113
f 5743 5908 6123
f 5839 5829 6124
f 5840 5728 6125
f 5988 5715 5851
f 5824 5841 6126
f 5822 6103 6089
f 5841 5806 6127
f 5806 6094 6127
f 5921 6021 6043
f 5843 5988 6128
f 5844 5543 6129
f 5543 5826 6129
f 5989 5816 6130
f 5816 5932 6130
f 5700 5650 6131
f 5650 5930 6131
f 5926 6088 6132
f 5868 5837 6133
f 5701 5844 6134
f 6121 5754 6042
f 5546 5991 5943
f 5992 5739 6031
f 5909 6105 6135
f 5848 5843 6136
f 5843 6128 6136
f 5740 5903 6137
f 5936 5667 6006
f 5918 5996 6138
f 5851 5743 6139
f 5743 6123 6139
f 5852 5831 6140
f 5961 5882 6141
f 5962 5633 5912
f 5995 5799 6086
f 5572 5854 6142
f 5573 5855 6143
f 5857 5994 6144
f 5914 5984 6145
f 5875 6013 6146
f 5941 5949 6147
f 6000 5864 6148
f 5998 5874 6149
f 5755 5752 5921
f 5666 5981 5937
f 6023 5929 6150
f 5929 5805 6150
f 5930 5909 6151
f 5909 6135 6151
f 5862 5623 6111
f 6040 5813 6152
f 5813 5938 6152
f 5999 5811 6098
f 5945 6100 6153
f 5964 5600 5931
f 6002 5834 6154
f 5834 5978 6154
f 5913 5814 6155
f 5832 5894 6156
f 5884 6019 6157
f 6114 5833 6158
f 5871 5802 6159
f 5802 6092 6159
f 5869 5612 6160
f 5612 5893 6160
f 6006 5753 6087
f 6005 5911 6161
f 5911 6097 6161
f 5620 5900 6008
f 5965 5671 6162
f 5671 5863 6162
f 5828 5972 6163
f 5601 5682 6164
f 5682 6108 6164
f 5872 5748 6165
f 5748 6104 6165
f 5692 5987 6166
f 5883 5982 6167
f 6009 5680 6028
f 5823 5953 6168
f 5730 5886 6169
f 5876 5628 6170
f 5628 5907 6170
f 5885 5875 6171
f 5875 6146 6171
f 5990 5847 6172
f 5847 6113 6172
f 5927 5926 6173
f 5926 6132 6173
f 5890 5846 6174
f 5878 5606 6175
f 5606 5889 6175
f 5879 5558 6176
f 5558 5836 6176
f 6017 5817 6091
f 5556 6018 5934
f 6019 5587 5872
f 5728 5944 6125
f 5861 5825 6177
f 5886 5675 6178
f 5675 5881 6178
f 5888 5818 6179
f 6021 5849 6180
f 5849 5993 6180
f 5892 5887 6181
f 5968 5928 6182
f 5860 6022 6183
f 6024 5712 6044
f 5867 6039 6184
f 5732 5610 6185
f 6088 5732 6185
f 5610 5885 6185
f 5919 5624 6036
f 5850 5853 6186
f 5993 5850 6186
f 5853 5961 6186
f 5893 5714 6187
f 5714 6003 6187
f 5859 5581 6188
f 5581 5861 6188
f 5645 5923 5842
f 5665 5954 5908
f 5845 5959 6189
f 5895 5573 6143
f 6175 5889 6190
f 5899 5840 6191
f 5897 5819 6192
f 5819 6040 6192
f 5636 5645 5842
f 5873 5965 6193
f 5808 6038 6119
f 5900 5560 6194
f 5560 5839 6194
f 5734 5605 6195
f 5982 5734 6195
f 5605 5888 6195
f 5915 5862 6196
f 6096 5915 6196
f 5862 6111 6196
f 5987 6106 6166
f 5902 5578 6197
f 5578 5922 6197
f 6003 5858 6198
f 5858 5962 6198
f 5912 5730 6199
f 5730 6169 6199
f 5904 5815 6200
f 6141 5882 6201
f 5882 6015 6201
f 5910 5865 6202
f 5906 5896 6203
f 5896 6110 6203
f 5907 5744 6204
f 5744 6035 6204
f 5745 5663 6205
f 6100 5745 6205
f 5663 5951 6205
f 5825 5692 6166
f 5865 5998 6206
f 6202 5865 6206
f 5998 6149 6206
f 5741 6026 6007
f 5814 6120 6155
f 6133 5837 6085
f 5916 5823 6207
f 5823 6168 6207
f 5618 5990 6208
f 5917 5828 6209
f 5828 6163 6209
f 5997 5941 6210
f 5941 6147 6210
f 5854 5960 6211
f 5922 5701 6212
f 5701 6134 6212
f 6041 5798 6213
f 5798 5695 6213
f 5870 5964 6214
f 5924 5824 6215
f 5824 6126 6215
f 5939 5969 6216
f 5572 6142 5981
f 5800 5718 6217
f 5718 5946 6217
f 5925 5866 6218
f 5991 5873 6219
f 5873 6193 6219
f 5931 5725 6220
f 5725 6034 6220
f 5932 5674 6221
f 5674 5800 6221
f 6092 5746 6222
f 5746 5901 6222
f 5933 5914 6223
f 5914 6145 6223
f 5703 5895 6224
f 5966 5703 6224
f 5895 6143 6224
f 5803 6093 6109
f 5969 5653 6225
f 5653 5919 6225
f 5809 5553 6114
f 6107 5898 6226
f 5898 6025 6226
f 6113 5832 6227
f 5832 6156 6227
f 6112 5835 6228
f 5835 5957 6228
f 6111 5870 6229
f 5870 6214 6229
f 6124 5829 6230
f 5829 5971 6230
f 6158 5833 6231
f 5833 5879 6231
f 6140 5831 6232
f 5831 5975 6232
f 6143 5855 6233
f 5855 6122 6233
f 5990 6172 6208
f 5854 6211 6120
f 5755 5921 6043
f 6150 5805 6234
f 5805 5934 6234
f 5913 6155 5970
f 5601 6164 5953
f 6174 5846 6235
f 5846 5980 6235
f 5618 6208 5901
f 6182 5928 6236
f 5928 6090 6236
f 6177 5825 6237
f 5825 6166 6237
f 6179 5818 6238
f 5818 5943 6238
f 6181 5887 6239
f 5887 6020 6239
f 6191 5840 6240
f 5840 6125 6240
f 6190 5889 6241
f 5889 5967 6241
f 6200 5815 6242
f 5815 5936 6242
f 6213 5695 6089
f 6218 5866 6243
f 5866 6012 6243
f 6149 5874 6244
f 5874 5966 6244
f 6148 5864 6245
f 5864 5963 6245
f 5940 5660 6246
f 5660 5947 6246
f 5942 5827 6247
f 6090 5942 6247
f 5827 5955 6247
f 5950 5918 6248
f 5918 6138 6248
f 5946 5884 6249
f 5884 6157 6249
f 5944 5706 6250
f 6125 5944 6250
f 5706 5997 6250
f 5947 5860 6251
f 5860 6183 6251
f 5948 5857 6252
f 5857 6144 6252
f 5951 5867 6253
f 5867 6184 6253
f 5952 5945 6254
f 6110 5952 6254
f 5945 6153 6254
f 5954 5740 6255
f 5740 6137 6255
f 5955 5883 6256
f 5883 6167 6256
f 5971 5950 6257
f 5950 6248 6257
f 5957 5933 6258
f 6228 5957 6258
f 5933 6223 6258
f 5972 5927 6259
f 6163 5972 6259
f 5927 6173 6259
f 6169 5886 6260
f 5886 6178 6260
f 5980 5892 6261
f 5892 6181 6261
f 5908 5954 6262
f 6123 5908 6262
f 5954 6255 6262
f 5986 5878 6263
f 5878 6175 6263
f 5837 5923 6085
f 5985 6121 6264
f 5984 5956 6265
f 5956 6107 6265
f 6122 5958 6266
f 5958 6118 6266
f 5988 5851 6267
f 6128 5988 6267
f 5851 6139 6267
f 6126 5841 6127
f 6089 6103 6268
f 6043 6021 6045
f 6132 6088 6269
f 6088 6185 6269
f 6041 6213 6270
f 6135 6105 6271
f 6105 6096 6271
f 6137 5903 6272
f 5903 6001 6272
f 5936 6006 6273
f 6242 5936 6273
f 6006 6087 6273
f 5994 5906 6274
f 5906 6203 6274
f 6138 5996 6275
f 5996 5924 6275
f 5962 5912 6276
f 5912 6199 6276
f 6142 5854 6120
f 5939 6216 6277
f 6007 6026 6278
f 5937 5981 6142
f 6193 5965 6279
f 5965 6162 6279
f 6157 6019 6280
f 6019 5872 6280
f 6156 5894 6281
f 5894 5845 6281
f 6153 6100 6282
f 6100 6205 6282
f 6034 5989 6283
f 6146 6013 6284
f 6208 6172 6285
f 5964 5931 6286
f 5931 6220 6286
f 6017 6091 6287
f 6004 5897 6288
f 5897 6192 6288
f 6133 6085 6289
f 6114 6158 6290
f 6167 5982 6291
f 5982 6195 6291
f 5644 5809 6292
f 6009 6028 6293
f 6168 5953 6294
f 5953 6164 6294
f 6038 6011 6295
f 5983 6119 6296
f 6172 6113 6297
f 6285 6172 6297
f 6113 6227 6297
f 6012 5904 6298
f 6243 6012 6298
f 5904 6200 6298
f 6013 6008 6299
f 6284 6013 6299
f 6008 5900 6299
f 6014 5869 6300
f 5869 6160 6300
f 6015 5700 6131
f 6018 5868 6301
f 5868 6133 6301
f 6025 5891 6302
f 5891 5859 6302
f 6020 5925 6303
f 5925 6218 6303
f 6022 5848 6304
f 6183 6022 6304
f 5848 6136 6304
f 5992 6031 6305
f 5974 6109 6306
f 6024 6044 6307
f 6184 6039 6308
f 6039 5917 6308
f 5979 6102 6309
f 6189 5959 6310
f 5959 6000 6310
f 5826 5986 6311
f 6129 5826 6311
f 5986 6263 6311
f 6119 6038 6312
f 6038 6295 6312
f 6027 5992 6313
f 5992 6305 6313
f 6028 6007 6314
f 6007 6278 6314
f 6029 5973 6315
f 6032 5985 6316
f 5985 6264 6316
f 6144 5994 6274
f 5978 5939 6277
f 6145 5984 6265
f 5845 6189 6281
f 6106 5968 6317
f 5968 6182 6317
f 6035 6005 6318
f 6134 5844 6319
f 5844 6129 6319
f 6098 6017 6320
f 6017 6287 6320
f 5995 6086 6321
f 6097 5910 6322
f 5910 6202 6322
f 6036 6014 6323
f 6014 6300 6323
f 6211 5960 6324
f 5960 6117 6324
f 6093 5979 6325
f 5979 6309 6325
f 5809 6114 6292
f 6010 5999 6326
f 6142 6120 5937
f 5836 5876 6327
f 5876 6170 6327
f 6044 6032 6328
f 6032 6316 6328
f 6042 5983 6329
f 5983 6296 6329
f 6292 6114 6290
f 6214 5964 6286
f 5970 6155 6330
f 5943 5991 6331
f 6238 5943 6331
f 5991 6219 6331
f 5999 6098 6332
f 6098 6320 6332
f 6216 5969 6333
f 5969 6225 6333
f 6046 6045 6334
f 6045 6021 6334
f 6047 6046 6335
f 6046 6334 6335
f 6048 6047 6336
f 6047 6335 6336
f 6049 6048 6337
f 6048 6336 6337
f 6050 6049 6338
f 6049 6337 6338
f 6051 6050 6339
f 6050 6338 6339
f 6052 6051 6340
f 6051 6339 6340
f 6053 6052 6341
f 6052 6340 6341
f 6054 6053 6342
f 6053 6341 6342
f 6055 6054 6343
f 6054 6342 6343
f 6056 6055 6344
f 6055 6343 6344
f 6057 6056 6345
f 6056 6344 6345
f 6058 6057 6346
f 6057 6345 6346
f 6059 6058 6347
f 6058 6346 6347
f 6060 6059 6348
f 6059 6347 6348
f 6061 6060 6349
f 6060 6348 6349
f 6062 6061 6350
f 6061 6349 6350
f 6063 6062 6351
f 6062 6350 6351
f 6064 6063 6352
f 6063 6351 6352
f 6065 6064 6353
f 6064 6352 6353
f 6066 6065 6354
f 6065 6353 6354
f 6067 6066 6355
f 6066 6354 6355
f 6068 6067 6356
f 6067 6355 6356
f 6069 6068 6357
f 6068 6356 6357
f 6070 6069 6358
f 6069 6357 6358
f 6071 6070 6359
f 6070 6358 6359
f 6072 6071 6360
f 6071 6359 6360
f 6073 6072 6361
f 6072 6360 6361
f 6074 6073 6362
f 6073 6361 6362
f 6075 6074 6363
f 6074 6362 6363
f 6076 6075 6364
f 6075 6363 6364
f 6077 6076 6365
f 6076 6364 6365
f 6078 6077 6366
f 6077 6365 6366
f 6079 6078 6367
f 6078 6366 6367
f 6080 6079 6368
f 6079 6367 6368
f 6081 6080 6369
f 6080 6368 6369
f 6082 6081 6370
f 6081 6369 6370
f 6083 6082 6371
f 6082 6370 6371
f 6084 6083 6372
f 6083 6371 6372
f 6085 6084 6289
f 6086 6010 6373
f 6010 6326 6373
f 6087 6027 6374
f 6273 6087 6374
f 6027 6313 6374
f 6091 5970 6375
f 5970 6330 6375
f 6156 6281 6376
f 6094 6023 6377
f 6095 6009 6378
f 6009 6293 6378
f 6213 6089 6379
f 6089 6268 6379
f 6099 6024 6380
f 6024 6307 6380
f 5938 5644 6292
f 5901 6208 6381
f 6222 5901 6381
f 6208 6285 6381
f 5934 6018 6382
f 6234 5934 6382
f 6018 6301 6382
f 6101 6041 6383
f 6041 6270 6383
f 6102 6095 6384
f 6095 6378 6384
f 5949 5871 6385
f 5871 6159 6385
f 6147 5949 6385
f 6103 6099 6386
f 6099 6380 6386
f 6104 6002 6387
f 5978 6277 6154
f 6277 6216 6388
f 5938 6292 6389
f 6152 5938 6389
f 6292 6290 6389
f 5752 5542 5921
f 6290 6158 6390
f 6137 6272 6391
f 6227 6156 6392
f 6156 6376 6392
f 5872 6165 6280
f 6084 6372 6289
f 6229 6214 6393
f 6255 6137 6394
f 6137 6391 6394
f 5975 6004 6395
f 6170 5907 6396
f 5907 6204 6396
f 6230 5971 6257
f 5976 6112 6397
f 5852 6140 6398
f 6107 6226 6399
f 5689 6115 6118
f 6116 5976 6397
f 5861 6177 6400
f 6261 6181 6401
f 5977 5948 6402
f 5948 6252 6402
f 5900 6194 6299
f 5800 6217 6221
f 6390 6158 6403
f 6158 6231 6403
f 6265 6107 6404
f 6107 6399 6404
f 6264 6121 6405
f 6121 6042 6405
f 6281 6189 6406
f 6231 5879 6407
f 5879 6176 6407
f 6169 6260 6408
f 6122 6266 6409
f 6263 6175 6410
f 6175 6190 6410
f 5839 6124 6411
f 6190 6241 6412
f 6298 6200 6413
f 6268 6103 6386
f 6127 6094 6414
f 6094 6377 6414
f 6130 5932 6415
f 5932 6221 6415
f 6131 5930 6416
f 5930 6151 6416
f 6270 6213 6379
f 6135 6271 6417
f 6281 6406 6376
f 6139 6123 6418
f 6136 6128 6419
f 6028 6314 6293
f 6159 6092 6420
f 6232 5975 6395
f 6275 5924 6215
f 6218 6243 6421
f 6126 6127 6422
f 6127 6414 6422
f 6233 6122 6423
f 6122 6409 6423
f 5961 6141 6424
f 6278 6026 6425
f 6026 5995 6425
f 5839 6411 6194
f 6120 6211 6330
f 5962 6276 6198
f 6000 6148 6310
f 5836 6327 6176
f 6151 6135 6426
f 6135 6417 6426
f 6283 5989 6427
f 5989 6130 6427
f 6146 6284 6428
f 6287 6091 6375
f 6001 5852 6398
f 6004 6288 6395
f 6086 6373 6321
f 5859 6188 6302
f 6112 6228 6429
f 6167 6291 6430
f 6147 6385 6431
f 6040 6152 6432
f 6160 5893 6433
f 5893 6187 6433
f 6161 6097 6322
f 6162 5863 6434
f 5863 6033 6434
f 6235 5980 6261
f 6165 6104 6435
f 6104 6387 6435
f 6157 6280 6436
f 5861 6400 6188
f 6168 6294 6437
f 6295 6011 6438
f 6011 5974 6438
f 6044 6328 6307
f 6171 6146 6439
f 6146 6428 6439
f 6308 5917 6209
f 6173 6132 6440
f 6236 6090 6441
f 6090 6247 6441
f 6305 6031 6442
f 6031 6029 6442
f 6003 6198 6443
f 6133 6289 6301
f 6444 6301 6289
f 6237 6166 6445
f 6166 6106 6445
f 6016 5940 6446
f 5940 6246 6446
f 5888 6179 6447
f 6303 6218 6448
f 6218 6421 6448
f 5919 6036 6449
f 6239 6020 6303
f 6306 6109 6450
f 6109 6093 6450
f 5963 5977 6451
f 5977 6402 6451
f 6021 6180 6334
f 6240 6125 6452
f 6125 6250 6452
f 5974 6306 6438
f 6184 6308 6453
f 6309 6102 6384
f 6186 5961 6424
f 6148 6245 6454
f 6108 5890 6455
f 5890 6174 6455
f 6192 6040 6456
f 6040 6432 6456
f 6241 5967 6457
f 5967 6037 6457
f 6153 6282 6458
f 5963 6451 6245
f 5899 6191 6459
f 6195 5888 6447
f 6182 6236 6460
f 6315 5973 6461
f 5973 6101 6461
f 6042 6329 6405
f 6203 6110 6462
f 6185 5885 6463
f 5885 6171 6463
f 5993 6186 6464
f 6180 5993 6464
f 6186 6424 6464
f 6197 5922 6465
f 5922 6212 6465
f 6310 6148 6466
f 6148 6454 6466
f 6199 6169 6467
f 6169 6408 6467
f 6296 6119 6312
f 6033 5902 6468
f 6434 6033 6468
f 5902 6197 6468
f 6141 6201 6469
f 6322 6202 6470
f 6209 6163 6471
f 6138 6275 6472
f 6204 6035 6473
f 6035 6318 6473
f 6205 5951 6474
f 5951 6253 6474
f 6317 6182 6475
f 6182 6460 6475
f 6318 6005 6476
f 6005 6161 6476
f 6219 6193 6477
f 6206 6149 6478
f 6212 6134 6479
f 6207 6168 6480
f 6168 6437 6480
f 6200 6242 6481
f 6413 6200 6481
f 6242 6273 6481
f 6144 6274 6482
f 6145 6265 6483
f 6265 6404 6483
f 6251 6183 6484
f 6210 6147 6485
f 6147 6431 6485
f 6326 5999 6332
f 6037 5899 6459
f 6248 6138 6486
f 6138 6472 6486
f 6187 6003 6487
f 6003 6443 6487
f 6425 5995 6321
f 6150 6234 6488
f 5919 6449 6225
f 6036 6323 6449
f 6124 6230 6489
f 6377 6023 6490
f 6023 6150 6490
f 6217 5946 6491
f 5946 6249 6491
f 6244 5966 6492
f 5966 6224 6492
f 6177 6237 6493
f 6179 6238 6494
f 6220 6034 6495
f 6034 6283 6495
f 6223 6145 6496
f 6145 6483 6496
f 6224 6143 6497
f 6492 6224 6497
f 6143 6233 6497
f 6201 6015 6498
f 6015 6131 6498
f 6226 6025 6499
f 6025 6302 6499
f 6246 5947 6500
f 5947 6251 6500
f 6271 6096 6501
f 6096 6196 6501
f 6247 5955 6502
f 6441 6247 6502
f 5955 6256 6502
f 6202 6206 6503
f 6470 6202 6503
f 6206 6478 6503
f 6215 6126 6504
f 6126 6422 6504
f 6294 6164 6505
f 6164 6108 6505
f 6249 6157 6506
f 6157 6436 6506
f 6410 6190 6507
f 6190 6412 6507
f 6250 5997 6508
f 6452 6250 6508
f 5997 6210 6508
f 6252 6144 6509
f 6144 6482 6509
f 6253 6184 6510
f 6184 6453 6510
f 6140 6232 6511
f 6254 6153 6512
f 6153 6458 6512
f 6387 6002 6513
f 6002 6154 6513
f 6174 6235 6514
f 6154 6277 6515
f 6513 6154 6515
f 6277 6388 6515
f 6256 6167 6516
f 6167 6430 6516
f 6196 6111 6517
f 6501 6196 6517
f 6111 6229 6517
f 6191 6240 6518
f 6388 6216 6519
f 6216 6333 6519
f 6115 5916 6520
f 5916 6207 6520
f 6393 6214 6521
f 6214 6286 6521
f 6398 6140 6522
f 6140 6511 6522
f 6397 6112 6523
f 6112 6429 6523
f 6401 6181 6524
f 6181 6239 6524
f 6400 6177 6525
f 6177 6493 6525
f 6406 6189 6526
f 6189 6310 6526
f 6411 6124 6527
f 6124 6489 6527
f 6150 6488 6490
f 6419 6128 6528
f 6128 6267 6528
f 6418 6123 6529
f 6123 6262 6529
f 6420 6092 6530
f 6092 6222 6530
f 6424 6141 6531
f 6141 6469 6531
f 6330 6211 6532
f 6479 6134 6533
f 6134 6319 6533
f 6478 6149 6534
f 6149 6244 6534
f 6440 6132 6535
f 6132 6269 6535
f 6442 6029 6315
f 6445 6106 6317
f 6447 6179 6536
f 6179 6494 6536
f 6450 6093 6325
f 6461 6101 6383
f 6455 6174 6537
f 6174 6514 6537
f 6459 6191 6538
f 6191 6518 6538
f 6471 6163 6539
f 6163 6259 6539
f 6477 6193 6540
f 6193 6279 6540
f 6484 6183 6541
f 6183 6304 6541
f 6532 6211 6324
f 6275 6215 6542
f 6215 6504 6542
f 6259 6173 6543
f 6173 6440 6543
f 6321 6373 6544
f 6288 6192 6545
f 6192 6456 6545
f 6395 6288 6546
f 6288 6545 6546
f 6264 6405 6547
f 6118 6115 6548
f 6266 6118 6548
f 6115 6520 6548
f 6117 6116 6549
f 6324 6117 6549
f 6116 6397 6549
f 6334 6180 6550
f 6409 6266 6551
f 6266 6548 6551
f 6262 6255 6552
f 6529 6262 6552
f 6255 6394 6552
f 6286 6220 6553
f 6220 6495 6553
f 6327 6170 6554
f 6170 6396 6554
f 6408 6260 6555
f 6267 6139 6556
f 6139 6418 6556
f 6268 6386 6557
f 6269 6185 6463
f 6417 6271 6558
f 6271 6501 6558
f 6376 6406 6559
f 6293 6314 6560
f 6272 6001 6398
f 6375 6330 6561
f 6330 6532 6561
f 6232 6395 6562
f 6511 6232 6562
f 6395 6546 6562
f 6300 6160 6563
f 6160 6433 6563
f 6421 6243 6564
f 6243 6298 6564
f 6276 6199 6565
f 6199 6467 6565
f 6278 6425 6566
f 6445 6317 6567
f 6317 6475 6567
f 5881 6016 6568
f 5881 6568 6178
f 6272 6398 6569
f 6391 6272 6569
f 6398 6522 6569
f 6568 6016 6446
f 6198 6276 6570
f 6443 6198 6570
f 6276 6565 6570
f 6279 6162 6571
f 6162 6434 6571
f 6289 6372 6444
f 6399 6226 6572
f 6226 6499 6572
f 6282 6205 6474
f 6428 6284 6573
f 6287 6375 6574
f 6375 6561 6574
f 6280 6165 6575
f 6436 6280 6575
f 6165 6435 6575
f 6432 6152 6576
f 6152 6389 6576
f 6429 6228 6577
f 6228 6258 6577
f 6438 6306 6578
f 6326 6332 6579
f 6469 6201 6580
f 6201 6498 6580
f 6161 6322 6581
f 6476 6161 6581
f 6322 6470 6581
f 6260 6178 6582
f 6555 6260 6582
f 6178 6568 6582
f 6437 6294 6583
f 6294 6505 6583
f 6383 6270 6584
f 6295 6438 6585
f 6438 6578 6585
f 6284 6299 6586
f 6573 6284 6586
f 6299 6194 6586
f 5797 6085 5923
f 6307 6328 6587
f 6176 6327 6588
f 6327 6554 6588
f 6235 6261 6589
f 6261 6401 6589
f 6490 6488 6590
f 6239 6303 6591
f 6524 6239 6591
f 6303 6448 6591
f 6304 6136 6592
f 6136 6419 6592
f 6461 6383 6593
f 6383 6584 6593
f 6453 6308 6594
f 6308 6209 6594
f 6309 6384 6595
f 6454 6245 6596
f 6245 6451 6596
f 6108 6455 6505
f 6458 6282 6597
f 6282 6474 6597
f 6274 6203 6598
f 6203 6462 6598
f 6195 6447 6291
f 6316 6264 6599
f 6264 6547 6599
f 6237 6445 6600
f 6493 6237 6600
f 6445 6567 6600
f 6313 6305 6601
f 6194 6411 6586
f 6460 6236 6602
f 6236 6441 6602
f 6425 6321 6603
f 6321 6544 6603
f 6315 6461 6604
f 6461 6593 6604
f 6314 6278 6605
f 6278 6566 6605
f 6462 6110 6606
f 6472 6275 6542
f 6209 6471 6594
f 6319 6129 6607
f 6129 6311 6607
f 6320 6287 6608
f 6287 6574 6608
f 6302 6188 6609
f 6499 6302 6609
f 6188 6400 6609
f 6323 6300 6610
f 6300 6563 6610
f 6325 6309 6611
f 6309 6595 6611
f 6494 6238 6612
f 6238 6331 6612
f 6328 6316 6613
f 6316 6599 6613
f 6329 6296 6614
f 6221 6217 6615
f 6217 6491 6615
f 6405 6329 6616
f 6329 6614 6616
f 6488 6234 6617
f 6234 6382 6617
f 6110 6254 6606
f 6333 6225 6618
f 6225 6449 6618
f 6442 6315 6619
f 6315 6604 6619
f 6489 6230 6620
f 6230 6257 6620
f 6335 6334 6550
f 6336 6335 6621
f 6337 6336 6622
f 6336 6621 6622
f 6338 6337 6623
f 6337 6622 6623
f 6339 6338 6624
f 6338 6623 6624
f 6340 6339 6625
f 6339 6624 6625
f 6341 6340 6626
f 6340 6625 6626
f 6342 6341 6627
f 6341 6626 6627
f 6343 6342 6628
f 6342 6627 6628
f 6344 6343 6629
f 6343 6628 6629
f 6345 6344 6630
f 6344 6629 6630
f 6346 6345 6631
f 6345 6630 6631
f 6347 6346 6632
f 6346 6631 6632
f 6348 6347 6633
f 6347 6632 6633
f 6349 6348 6634
f 6348 6633 6634
f 6350 6349 6635
f 6349 6634 6635
f 6351 6350 6636
f 6350 6635 6636
f 6352 6351 6637
f 6351 6636 6637
f 6353 6352 6638
f 6352 6637 6638
f 6354 6353 6639
f 6353 6638 6639
f 6355 6354 6640
f 6354 6639 6640
f 6356 6355 6641
f 6355 6640 6641
f 6357 6356 6642
f 6356 6641 6642
f 6358 6357 6643
f 6357 6642 6643
f 6359 6358 6644
f 6358 6643 6644
f 6360 6359 6645
f 6359 6644 6645
f 6361 6360 6646
f 6360 6645 6646
f 6362 6361 6647
f 6361 6646 6647
f 6363 6362 6648
f 6362 6647 6648
f 6364 6363 6649
f 6363 6648 6649
f 6365 6364 6650
f 6364 6649 6650
f 6366 6365 6651
f 6365 6650 6651
f 6367 6366 6652
f 6366 6651 6652
f 6368 6367 6653
f 6367 6652 6653
f 6369 6368 6654
f 6368 6653 6654
f 6370 6369 6655
f 6369 6654 6655
f 6371 6370 6656
f 6370 6655 6656
f 6372 6371 6657
f 6371 6656 6657
f 6378 6293 6658
f 6293 6560 6658
f 6373 6326 6659
f 6326 6579 6659
f 6377 6490 6660
f 6490 6590 6660
f 6037 6459 6457
f 6450 6325 6661
f 6325 6611 6661
f 6449 6323 6662
f 6618 6449 6662
f 6323 6610 6662
f 6379 6268 6663
f 6268 6557 6663
f 6312 6295 6664
f 6295 6585 6664
f 6380 6307 6665
f 6307 6587 6665
f 6482 6274 6598
f 6518 6240 6666
f 6240 6452 6666
f 6412 6241 6667
f 6241 6457 6667
f 6305 6442 6668
f 6442 6619 6668
f 6384 6378 6669
f 6378 6658 6669
f 6155 6120 6330
f 6532 6324 6670
f 6385 6159 6671
f 6431 6385 6671
f 6159 6420 6671
f 6386 6380 6672
f 6380 6665 6672
f 6514 6235 6589
f 6257 6248 6673
f 6248 6486 6673
f 6291 6447 6674
f 6430 6291 6674
f 6447 6536 6674
f 6462 6606 6675
f 6606 6254 6512
f 6258 6223 6676
f 6577 6258 6676
f 6223 6496 6676
f 6543 6440 6677
f 6396 6204 6678
f 6204 6473 6678
f 6394 6391 6679
f 6522 6511 6680
f 6544 6373 6659
f 6286 6553 6521
f 6493 6600 6681
f 6408 6555 6682
f 6523 6429 6683
f 6592 6419 6684
f 6547 6405 6616
f 6560 6314 6605
f 6525 6493 6685
f 6493 6681 6685
f 6526 6310 6466
f 6457 6459 6686
f 6667 6457 6686
f 6459 6538 6686
f 6409 6551 6687
f 6556 6418 6688
f 6372 6657 6444
f 6387 6513 6689
f 6407 6176 6588
f 6403 6231 6690
f 6231 6407 6690
f 6404 6399 6691
f 6680 6511 6692
f 6511 6562 6692
f 6527 6489 6693
f 6549 6397 6694
f 6397 6523 6694
f 6267 6556 6528
f 6557 6386 6672
f 6263 6410 6695
f 6533 6319 6696
f 6319 6607 6696
f 6298 6413 6564
f 6414 6377 6697
f 6377 6660 6697
f 6229 6393 6698
f 6415 6221 6615
f 6470 6503 6699
f 6324 6549 6670
f 6416 6151 6700
f 6151 6426 6700
f 6559 6406 6701
f 6406 6526 6701
f 6530 6222 6702
f 6222 6381 6702
f 6251 6484 6703
f 6561 6532 6704
f 6532 6670 6704
f 6420 6530 6705
f 6531 6469 6706
f 6422 6414 6707
f 6414 6697 6707
f 6566 6425 6603
f 6453 6594 6708
f 6423 6409 6709
f 6409 6687 6709
f 6480 6437 6710
f 6479 6533 6711
f 6534 6244 6712
f 6244 6492 6712
f 6535 6269 6713
f 6269 6463 6713
f 6426 6417 6714
f 6427 6130 6715
f 6130 6415 6715
f 6335 6550 6621
f 6433 6187 6716
f 6187 6487 6716
f 6677 6440 6717
f 6440 6535 6717
f 6675 6606 6718
f 6606 6512 6718
f 6578 6306 6719
f 6306 6450 6719
f 6229 6698 6517
f 6305 6668 6601
f 6421 6564 6720
f 6448 6421 6721
f 6421 6720 6721
f 6273 6374 6481
f 6581 6470 6722
f 6470 6699 6722
f 6435 6387 6723
f 6387 6689 6723
f 6283 6427 6724
f 6584 6270 6725
f 6270 6379 6725
f 6514 6589 6726
f 6460 6602 6727
f 6392 6376 6728
f 6376 6559 6728
f 6439 6428 6729
f 6219 6477 6730
f 6285 6297 6731
f 6297 6227 6732
f 6731 6297 6732
f 6227 6392 6732
f 6587 6328 6613
f 6301 6444 6382
f 6536 6494 6733
f 6446 6246 6734
f 6246 6500 6734
f 6590 6488 6735
f 6488 6617 6735
f 6401 6524 6736
f 6304 6592 6541
f 6465 6212 6737
f 6212 6479 6737
f 6332 6320 6738
f 6432 6576 6739
f 6180 6464 6550
f 6596 6451 6740
f 6451 6402 6740
f 6473 6318 6741
f 6509 6482 6742
f 6537 6514 6743
f 6514 6726 6743
f 6595 6384 6669
f 6402 6252 6744
f 6252 6509 6744
f 6454 6596 6745
f 6538 6518 6746
f 6456 6432 6747
f 6432 6739 6747
f 6413 6481 6748
f 6450 6661 6719
f 6598 6462 6749
f 6462 6675 6749
f 6311 6263 6695
f 6505 6455 6750
f 6583 6505 6750
f 6455 6537 6750
f 6539 6259 6543
f 6586 6411 6751
f 6573 6586 6751
f 6411 6527 6751
f 6463 6171 6752
f 6713 6463 6752
f 6171 6439 6752
f 6472 6542 6753
f 6464 6424 6754
f 6424 6531 6754
f 6466 6454 6755
f 6454 6745 6755
f 6443 6570 6756
f 6467 6408 6757
f 6408 6682 6757
f 6540 6279 6758
f 6279 6571 6758
f 6468 6197 6759
f 6197 6465 6759
f 6504 6422 6760
f 6422 6707 6760
f 6474 6253 6761
f 6597 6474 6761
f 6253 6510 6761
f 6475 6460 6762
f 6460 6727 6762
f 6332 6738 6579
f 6478 6534 6763
f 6483 6404 6764
f 6404 6691 6764
f 6609 6400 6765
f 6400 6525 6765
f 6393 6521 6766
f 6495 6283 6767
f 6283 6724 6767
f 6486 6472 6768
f 6472 6753 6768
f 6487 6443 6769
f 6443 6756 6769
f 6614 6296 6770
f 6296 6312 6770
f 6320 6608 6738
f 6485 6431 6771
f 6331 6219 6730
f 6482 6598 6772
f 6742 6482 6772
f 6598 6749 6772
f 6412 6667 6773
f 6620 6257 6673
f 6484 6541 6774
f 6374 6313 6748
f 6730 6477 6775
f 6491 6249 6776
f 6249 6506 6776
f 6498 6131 6416
f 6312 6664 6770
f 6496 6483 6777
f 6483 6764 6777
f 6390 6403 6778
f 6497 6233 6779
f 6233 6423 6779
f 6500 6251 6703
f 6290 6390 6780
f 6430 6674 6781
f 6502 6256 6782
f 6256 6516 6782
f 6381 6285 6783
f 6702 6381 6783
f 6285 6731 6783
f 6436 6575 6784
f 6515 6388 6785
f 6458 6597 6786
f 6506 6436 6787
f 6436 6784 6787
f 6507 6412 6788
f 6412 6773 6788
f 6508 6210 6789
f 6210 6485 6789
f 6512 6458 6790
f 6458 6786 6790
f 6671 6420 6791
f 6420 6705 6791
f 6431 6671 6792
f 6671 6791 6792
f 6471 6539 6793
f 6510 6453 6794
f 6453 6708 6794
f 6684 6419 6795
f 6419 6528 6795
f 6389 6290 6780
f 6683 6429 6796
f 6429 6577 6796
f 6516 6430 6797
f 6430 6781 6797
f 6519 6333 6798
f 6333 6618 6798
f 6520 6207 6799
f 6207 6480 6799
f 6679 6391 6800
f 6391 6569 6800
f 6688 6418 6801
f 6418 6529 6801
f 6691 6399 6802
f 6399 6572 6802
f 6693 6489 6803
f 6489 6620 6803
f 6706 6469 6804
f 6469 6580 6804
f 6695 6410 6805
f 6410 6507 6805
f 6698 6393 6806
f 6393 6766 6806
f 6703 6484 6807
f 6484 6774 6807
f 6710 6437 6808
f 6437 6583 6808
f 6714 6417 6809
f 6417 6558 6809
f 6725 6379 6663
f 6729 6428 6810
f 6428 6573 6810
f 6733 6494 6811
f 6494 6612 6811
f 6737 6479 6812
f 6479 6711 6812
f 6413 6748 6813
f 6741 6318 6814
f 6318 6476 6814
f 6746 6518 6815
f 6518 6666 6815
f 6775 6477 6816
f 6477 6540 6816
f 6771 6431 6792
f 6748 6313 6601
f 6780 6390 6817
f 6390 6778 6817
f 6785 6388 6818
f 6388 6519 6818
f 6413 6813 6564
f 6587 6613 6819
f 6544 6659 6820
f 6682 6555 6821
f 6681 6600 6822
f 6600 6567 6822
f 6546 6545 6823
f 6547 6616 6824
f 6444 6657 6825
f 6554 6396 6826
f 6396 6678 6826
f 6689 6513 6827
f 6513 6515 6827
f 6578 6719 6828
f 6452 6508 6829
f 6508 6789 6829
f 6699 6503 6830
f 6503 6478 6830
f 6557 6672 6831
f 6670 6549 6694
f 6553 6495 6832
f 6495 6767 6832
f 6521 6553 6833
f 6766 6521 6833
f 6553 6832 6833
f 6705 6530 6834
f 6530 6702 6834
f 6562 6546 6835
f 6546 6823 6835
f 6567 6475 6836
f 6822 6567 6836
f 6475 6762 6836
f 6566 6603 6837
f 6565 6467 6838
f 6467 6757 6838
f 6708 6594 6839
f 6594 6471 6839
f 6542 6504 6840
f 6504 6760 6840
f 6570 6565 6841
f 6756 6570 6841
f 6565 6838 6841
f 6569 6522 6842
f 6800 6569 6842
f 6522 6680 6842
f 6753 6542 6840
f 6311 6695 6607
f 6574 6561 6843
f 6561 6704 6843
f 6499 6609 6844
f 6572 6499 6844
f 6609 6765 6844
f 6575 6435 6845
f 6784 6575 6845
f 6435 6723 6845
f 6478 6763 6830
f 6699 6830 6846
f 6568 6446 6847
f 6727 6602 6848
f 6501 6517 6849
f 6558 6501 6849
f 6517 6698 6849
f 6476 6581 6850
f 6814 6476 6850
f 6581 6722 6850
f 6720 6564 6813
f 6498 6416 6851
f 6580 6498 6851
f 6416 6700 6851
f 6528 6556 6852
f 6795 6528 6852
f 6556 6688 6852
f 6585 6578 6853
f 6578 6828 6853
f 6724 6427 6854
f 6427 6715 6854
f 6584 6725 6855
f 6576 6389 6780
f 6726 6589 6856
f 6589 6401 6856
f 6579 6738 6857
f 6588 6554 6858
f 6554 6826 6858
f 6773 6667 6859
f 6667 6686 6859
f 6571 6434 6860
f 6434 6468 6860
f 6736 6524 6861
f 6524 6591 6861
f 6539 6543 6862
f 6793 6539 6862
f 6543 6677 6862
f 6541 6592 6863
f 6774 6541 6863
f 6592 6684 6863
f 6813 6748 6864
f 6748 6601 6864
f 6550 6464 6754
f 6593 6584 6865
f 6584 6855 6865
f 6548 6520 6866
f 6551 6548 6866
f 6520 6799 6866
f 6441 6502 6867
f 6602 6441 6867
f 6502 6782 6867
f 6745 6596 6868
f 6596 6740 6868
f 6748 6481 6374
f 6786 6597 6869
f 6597 6761 6869
f 6599 6547 6870
f 6547 6824 6870
f 6603 6544 6871
f 6544 6820 6871
f 6604 6593 6872
f 6593 6865 6872
f 6605 6566 6873
f 6566 6837 6873
f 6708 6839 6874
f 6608 6574 6875
f 6574 6843 6875
f 6764 6691 6876
f 6582 6568 6847
f 6763 6534 6877
f 6534 6712 6877
f 6720 6813 6878
f 6813 6864 6878
f 6492 6497 6879
f 6712 6492 6879
f 6497 6779 6879
f 6615 6491 6880
f 6491 6776 6880
f 6611 6595 6881
f 6545 6456 6882
f 6823 6545 6882
f 6456 6747 6882
f 6612 6331 6730
f 6613 6599 6883
f 6599 6870 6883
f 6614 6770 6884
f 6616 6614 6885
f 6614 6884 6885
f 6617 6382 6444
f 6739 6576 6886
f 6576 6780 6886
f 6663 6557 6887
f 6557 6831 6887
f 6726 6856 6888
f 6619 6604 6889
f 6604 6872 6889
f 6622 6621 6890
f 6623 6622 6891
f 6622 6890 6891
f 6624 6623 6892
f 6623 6891 6892
f 6625 6624 6893
f 6624 6892 6893
f 6626 6625 6894
f 6625 6893 6894
f 6627 6626 6895
f 6626 6894 6895
f 6628 6627 6896
f 6627 6895 6896
f 6629 6628 6897
f 6628 6896 6897
f 6630 6629 6898
f 6629 6897 6898
f 6631 6630 6899
f 6630 6898 6899
f 6632 6631 6900
f 6631 6899 6900
f 6633 6632 6901
f 6632 6900 6901
f 6634 6633 6902
f 6633 6901 6902
f 6635 6634 6903
f 6634 6902 6903
f 6636 6635 6904
f 6635 6903 6904
f 6637 6636 6905
f 6636 6904 6905
f 6638 6637 6906
f 6637 6905 6906
f 6639 6638 6907
f 6638 6906 6907
f 6640 6639 6908
f 6639 6907 6908
f 6641 6640 6909
f 6640 6908 6909
f 6642 6641 6910
f 6641 6909 6910
f 6643 6642 6911
f 6642 6910 6911
f 6644 6643 6912
f 6643 6911 6912
f 6645 6644 6913
f 6644 6912 6913
f 6646 6645 6914
f 6645 6913 6914
f 6647 6646 6915
f 6646 6914 6915
f 6648 6647 6916
f 6647 6915 6916
f 6649 6648 6917
f 6648 6916 6917
f 6650 6649 6918
f 6649 6917 6918
f 6651 6650 6919
f 6650 6918 6919
f 6652 6651 6920
f 6651 6919 6920
f 6653 6652 6921
f 6652 6920 6921
f 6654 6653 6922
f 6653 6921 6922
f 6655 6654 6923
f 6654 6922 6923
f 6656 6655 6924
f 6655 6923 6924
f 6657 6656 6925
f 6656 6924 6925
f 6658 6560 6926
f 6659 6579 6927
f 6579 6857 6927
f 6660 6590 6928
f 6771 6792 6929
f 6661 6611 6930
f 6611 6881 6930
f 6778 6403 6931
f 6403 6690 6931
f 6781 6674 6932
f 6674 6536 6932
f 6621 6550 6933
f 6890 6621 6933
f 6550 6754 6933
f 6664 6585 6934
f 6585 6853 6934
f 6738 6608 6935
f 6857 6738 6935
f 6608 6875 6935
f 6610 6563 6936
f 6607 6695 6937
f 6696 6607 6937
f 6695 6805 6937
f 6665 6587 6938
f 6587 6819 6938
f 6560 6605 6939
f 6605 6873 6939
f 6666 6452 6829
f 6687 6551 6940
f 6551 6866 6940
f 6668 6619 6941
f 6619 6889 6941
f 6515 6785 6827
f 6471 6793 6839
f 6669 6658 6942
f 6658 6926 6942
f 6770 6664 6943
f 6664 6934 6943
f 6711 6533 6944
f 6533 6696 6944
f 6563 6433 6945
f 6936 6563 6945
f 6433 6716 6945
f 6401 6736 6856
f 6673 6486 6946
f 6486 6768 6946
f 6601 6668 6864
f 6526 6466 6947
f 6701 6526 6947
f 6466 6755 6947
f 6847 6446 6734
f 6617 6444 6825
f 6612 6730 6948
f 6811 6612 6948
f 6730 6775 6948
f 6678 6473 6949
f 6473 6741 6949
f 6689 6827 6950
f 6770 6943 6884
f 6801 6529 6951
f 6529 6552 6951
f 6753 6840 6952
f 6682 6821 6953
f 6681 6822 6954
f 6603 6871 6837
f 6523 6683 6955
f 6694 6523 6955
f 6685 6681 6956
f 6681 6954 6956
f 6692 6562 6835
f 6686 6538 6957
f 6859 6686 6957
f 6538 6746 6957
f 6802 6572 6958
f 6572 6844 6958
f 6439 6729 6959
f 6552 6394 6960
f 6394 6679 6960
f 6773 6859 6961
f 6839 6793 6962
f 6828 6719 6963
f 6719 6661 6963
f 6407 6588 6964
f 6690 6407 6964
f 6803 6620 6965
f 6620 6673 6965
f 6680 6692 6966
f 6804 6580 6967
f 6580 6851 6967
f 6776 6506 6968
f 6506 6787 6968
f 6705 6834 6969
f 6784 6845 6970
f 6805 6507 6971
f 6507 6788 6971
f 6806 6766 6972
f 6687 6940 6973
f 6704 6670 6694
f 6697 6660 6974
f 6660 6928 6974
f 6426 6714 6975
f 6807 6774 6976
f 6415 6615 6977
f 6831 6672 6978
f 6672 6665 6978
f 6700 6426 6975
f 6683 6796 6979
f 6963 6661 6930
f 6808 6583 6980
f 6583 6750 6980
f 6439 6959 6752
f 6531 6706 6981
f 6948 6775 6982
f 6709 6687 6983
f 6687 6973 6983
f 6809 6558 6984
f 6558 6849 6984
f 6780 6817 6886
f 6819 6613 6883
f 6720 6878 6985
f 6714 6809 6986
f 6668 6941 6864
f 6852 6688 6987
f 6728 6559 6988
f 6825 6657 6925
f 6716 6487 6989
f 6487 6769 6989
f 6849 6698 6990
f 6984 6849 6990
f 6698 6806 6990
f 6848 6602 6867
f 6676 6496 6991
f 6496 6777 6991
f 6846 6830 6992
f 6830 6763 6992
f 6717 6535 6993
f 6535 6713 6993
f 6718 6512 6790
f 6727 6848 6994
f 6480 6710 6995
f 6721 6720 6985
f 6665 6938 6978
f 6810 6573 6996
f 6573 6751 6996
f 6722 6699 6997
f 6699 6846 6997
f 6723 6689 6998
f 6689 6950 6998
f 6855 6725 6999
f 6725 6663 6999
f 6663 6887 6999
f 6673 6946 6965
f 6527 6693 7000
f 6729 6810 7001
f 6588 6858 6964
f 6693 6803 7002
f 6949 6741 7003
f 6742 6772 7004
f 6781 6932 7005
f 6731 6732 7006
f 6847 6734 7007
f 6684 6795 7008
f 6860 6468 6759
f 6734 6500 7009
f 7007 6734 7009
f 6500 6703 7009
f 6812 6711 7010
f 6617 6825 6735
f 6862 6677 7011
f 6485 6771 7012
f 6793 6862 7013
f 6862 7011 7013
f 6740 6402 6744
f 6815 6666 7014
f 6666 6829 7014
f 6560 6939 6926
f 6509 6742 7015
f 6816 6540 7016
f 6540 6758 7016
f 6733 6811 7017
f 6744 6509 7015
f 6591 6448 7018
f 6861 6591 7018
f 6448 6721 7018
f 6929 6792 7019
f 6792 6791 7019
f 6756 6841 7020
f 6531 6981 6754
f 6794 6708 7021
f 6708 6874 7021
f 6762 6727 7022
f 6727 6994 7022
f 6749 6675 7023
f 6787 6784 7024
f 6784 6970 7024
f 6750 6537 7025
f 6980 6750 7025
f 6537 6743 7025
f 6751 6527 7000
f 6747 6739 7026
f 6743 6726 7027
f 6726 6888 7027
f 6757 6682 7028
f 6682 6953 7028
f 6874 6839 6962
f 6755 6745 7029
f 6732 6392 7030
f 7006 6732 7030
f 6392 6728 7030
f 6842 6680 7031
f 6680 6966 7031
f 6746 6815 7032
f 6758 6571 7033
f 6571 6860 7033
f 6759 6465 7034
f 6465 6737 7034
f 6760 6707 7035
f 6761 6510 7036
f 6510 6794 7036
f 6555 6582 7037
f 6876 6691 7038
f 6691 6802 7038
f 6767 6724 7039
f 6582 6847 7037
f 6679 6800 7040
f 6785 6818 7041
f 6736 6861 7042
f 6765 6525 7043
f 6525 6685 7043
f 6881 6595 7044
f 6595 6669 7044
f 6706 6804 7045
f 6768 6753 7046
f 6753 6952 7046
f 6769 6756 7047
f 6756 7020 7047
f 6616 6885 6824
f 6821 6555 7037
f 6817 6778 7048
f 6888 6856 7049
f 6856 6736 7049
f 6827 6785 7050
f 6950 6827 7050
f 6785 7041 7050
f 6786 6869 7051
f 6707 6697 7052
f 7035 6707 7052
f 6697 6974 7052
f 6659 6927 6820
f 6928 6590 7053
f 6590 6735 7053
f 6782 6516 7054
f 6516 6797 7054
f 6779 6423 7055
f 6423 6709 7055
f 6662 6610 7056
f 6610 6936 7056
f 6777 6764 7057
f 6764 6876 7057
f 6710 6808 7058
f 6932 6536 6733
f 6618 6662 7059
f 6662 7056 7059
f 6615 6880 6977
f 6618 7059 6798
f 6715 6415 6977
f 7010 6711 7060
f 6711 6944 7060
f 6818 6519 7061
f 6519 6798 7061
f 6783 6731 7062
f 6731 7006 7062
f 6976 6774 7063
f 6774 6863 7063
f 6788 6773 7064
f 6773 6961 7064
f 6789 6485 7012
f 6790 6786 7065
f 6786 7051 7065
f 6791 6705 7066
f 6705 6969 7066
f 6863 6684 7067
f 6684 7008 7067
f 6796 6577 7068
f 6577 6676 7068
f 6797 6781 7069
f 6781 7005 7069
f 6799 6480 6995
f 6955 6683 7070
f 6683 6979 7070
f 6962 6793 7013
f 6957 6746 7071
f 6746 7032 7071
f 6960 6679 7072
f 6679 7040 7072
f 6959 6729 7073
f 6729 7001 7073
f 6972 6766 7074
f 6766 6833 7074
f 6975 6714 7075
f 6714 6986 7075
f 6982 6775 7076
f 6775 6816 7076
f 6981 6706 7077
f 6706 7045 7077
f 6988 6559 7078
f 6559 6701 7078
f 6987 6688 7079
f 6688 6801 7079
f 6992 6763 7080
f 6763 6877 7080
f 6995 6710 7081
f 6710 7058 7081
f 7003 6741 7082
f 6741 6814 7082
f 7000 6693 7083
f 6693 7002 7083
f 6847 7007 7037
f 7009 6703 7084
f 6703 6807 7084
f 7012 6771 7085
f 6771 6929 7085
f 7011 6677 7086
f 6677 6717 7086
f 7015 6742 7087
f 6742 7004 7087
f 7023 6675 7088
f 6675 6718 7088
f 7026 6739 7089
f 6739 6886 7089
f 7029 6745 7090
f 6745 6868 7090
f 7034 6737 7091
f 6737 6812 7091
f 7039 6724 7092
f 6724 6854 7092
f 6736 7042 7049
f 7044 6669 6942
f 7048 6778 7093
f 6778 6931 7093
f 6932 6733 7094
f 7005 6932 7094
f 6733 7017 7094
f 6884 6943 7095
f 6874 6962 7096
f 6837 6871 7097
f 6885 6884 7098
f 6884 7095 7098
f 6694 6955 6704
f 6811 6948 7099
f 7017 6811 7099
f 6948 6982 7099
f 6867 6782 7100
f 6848 6867 7100
f 6782 7054 7100
f 6552 6960 6951
f 6828 6963 7101
f 6966 6692 7102
f 6692 6835 7102
f 6969 6834 7103
f 6938 6819 7104
f 6831 6978 7105
f 6820 6927 7106
f 6832 6767 7107
f 6767 7039 7107
f 6979 6796 7108
f 6796 7068 7108
f 6833 6832 7109
f 6832 7107 7109
f 6954 6822 7110
f 6822 6836 7110
f 6881 7044 7111
f 6838 6757 7112
f 6757 7028 7112
f 6800 6842 7113
f 7040 6800 7113
f 6842 7031 7113
f 6840 6760 7114
f 6952 6840 7114
f 6760 7035 7114
f 6977 6880 7115
f 6841 6838 7116
f 7020 6841 7116
f 6838 7112 7116
f 6986 6809 7117
f 6809 6984 7117
f 6985 6878 7118
f 6859 6957 7119
f 6961 6859 7119
f 6957 7071 7119
f 6845 6723 7120
f 6970 6845 7120
f 6723 6998 7120
f 6844 6765 7121
f 6958 6844 7121
f 6765 7043 7121
f 6702 6783 7122
f 6834 6702 7122
f 6783 7062 7122
f 6994 6848 7123
f 6848 7100 7123
f 6886 6817 7124
f 7089 6886 7124
f 6817 7048 7124
f 6851 6700 7125
f 6967 6851 7125
f 6700 6975 7125
f 6965 6946 7126
f 6829 6789 7127
f 7014 6829 7127
f 6789 7012 7127
f 6858 6826 7128
f 6854 6715 7129
f 6715 6977 7129
f 6718 6790 7130
f 7088 6718 7130
f 6790 7065 7130
f 7001 6810 7131
f 6810 6996 7131
f 6964 6858 7132
f 6858 7128 7132
f 7002 6803 7133
f 6803 6965 7133
f 6949 7003 7134
f 6826 6678 7135
f 7128 6826 7135
f 6678 6949 7135
f 6860 6759 7136
f 7033 6860 7136
f 6759 7034 7136
f 6735 6825 7137
f 7053 6735 7137
f 6825 6925 7137
f 6740 6744 7138
f 6868 6740 7138
f 6744 7015 7138
f 7042 6861 7139
f 6861 7018 7139
f 7041 6818 7140
f 6818 7061 7140
f 6865 6855 7141
f 6866 6799 7142
f 6940 6866 7142
f 6799 6995 7142
f 7013 7011 7143
f 6751 7000 6996
f 6930 6881 7144
f 6881 7111 7144
f 6953 6821 7145
f 6754 6981 6933
f 6875 6843 7146
f 6713 6752 7147
f 6993 6713 7147
f 6752 6959 7147
f 6870 6824 7148
f 6871 6820 7149
f 6820 7106 7149
f 7007 7009 7150
f 7009 7084 7150
f 6795 6852 7151
f 7008 6795 7151
f 6852 6987 7151
f 6872 6865 7152
f 6865 7141 7152
f 6873 6837 7153
f 6837 7097 7153
f 6926 6939 7154
f 6999 6887 7155
f 7032 6815 7156
f 6815 7014 7156
f 6877 6712 7157
f 6712 6879 7157
f 6878 6864 7158
f 7118 6878 7158
f 6864 6941 7158
f 7045 6804 7159
f 6804 6967 7159
f 6891 6890 7160
f 6883 6870 7161
f 6870 7148 7161
f 6846 6992 7162
f 6889 6872 7163
f 6872 7152 7163
f 6978 6938 7164
f 6938 7104 7164
f 6819 6883 7165
f 6883 7161 7165
f 6772 6749 7166
f 7004 6772 7166
f 6749 7023 7166
f 6888 7049 7167
f 6887 6831 7168
f 6831 7105 7168
f 6934 6853 7169
f 6892 6891 7170
f 6891 7160 7170
f 6893 6892 7171
f 6892 7170 7171
f 6894 6893 7172
f 6893 7171 7172
f 6895 6894 7173
f 6894 7172 7173
f 6896 6895 7174
f 6895 7173 7174
f 6897 6896 7175
f 6896 7174 7175
f 6898 6897 7176
f 6897 7175 7176
f 6899 6898 7177
f 6898 7176 7177
f 6900 6899 7178
f 6899 7177 7178
f 6901 6900 7179
f 6900 7178 7179
f 6902 6901 7180
f 6901 7179 7180
f 6903 6902 7181
f 6902 7180 7181
f 6904 6903 7182
f 6903 7181 7182
f 6905 6904 7183
f 6904 7182 7183
f 6906 6905 7184
f 6905 7183 7184
f 6907 6906 7185
f 6906 7184 7185
f 6908 6907 7186
f 6907 7185 7186
f 6909 6908 7187
f 6908 7186 7187
f 6910 6909 7188
f 6909 7187 7188
f 6911 6910 7189
f 6910 7188 7189
f 6912 6911 7190
f 6911 7189 7190
f 6913 6912 7191
f 6912 7190 7191
f 6914 6913 7192
f 6913 7191 7192
f 6915 6914 7193
f 6914 7192 7193
f 6916 6915 7194
f 6915 7193 7194
f 6917 6916 7195
f 6916 7194 7195
f 6918 6917 7196
f 6917 7195 7196
f 6919 6918 7197
f 6918 7196 7197
f 6920 6919 7198
f 6919 7197 7198
f 6921 6920 7199
f 6920 7198 7199
f 6922 6921 7200
f 6921 7199 7200
f 6923 6922 7201
f 6922 7200 7201
f 6924 6923 7202
f 6923 7201 7202
f 6925 6924 7203
f 7137 6925 7203
f 6924 7202 7203
f 6869 6761 7036
f 7058 6808 7204
f 6808 6980 7204
f 6939 6873 7205
f 6873 7153 7205
f 6880 6776 7206
f 6776 6968 7206
f 6941 6889 7207
f 7158 6941 7207
f 6889 7163 7207
f 6942 6926 7208
f 6926 7154 7208
f 6943 6934 7209
f 6934 7169 7209
f 6944 6696 7210
f 6696 6937 7210
f 6824 6885 7211
f 6885 7098 7211
f 6853 6828 7212
f 6828 7101 7212
f 6821 7037 7213
f 7145 6821 7213
f 7037 7007 7213
f 6973 6940 7214
f 6940 7142 7214
f 6946 6768 7215
f 6768 7046 7215
f 6704 6955 7216
f 6843 6704 7216
f 6955 7070 7216
f 7051 6869 7217
f 7115 6880 7206
f 6943 7209 7095
f 6969 7103 7218
f 6853 7212 7169
f 7106 6927 7219
f 6927 6857 7219
f 7099 6982 7220
f 7105 6978 7164
f 6956 6954 7221
f 7071 7032 7222
f 7072 7040 7223
f 7073 7001 7224
f 7104 6819 7165
f 7074 6833 7109
f 7101 6963 7225
f 6963 6930 7225
f 6755 7029 7226
f 6966 7102 7227
f 6973 7214 7228
f 6690 6964 7229
f 6747 7026 7230
f 7103 6834 7122
f 6968 6787 7231
f 6787 7024 7231
f 7075 6986 7232
f 6985 7118 7233
f 7017 7099 7234
f 7099 7220 7234
f 6936 6945 7235
f 6974 6928 7236
f 7076 6816 7237
f 6816 7016 7237
f 6807 6976 7238
f 7010 7060 7239
f 7007 7150 7213
f 6983 6973 7240
f 6973 7228 7240
f 6850 6722 7241
f 6722 6997 7241
f 6755 7226 6947
f 7027 6888 7242
f 6888 7167 7242
f 7111 7044 7243
f 7044 6942 7243
f 6951 6960 7244
f 6960 7072 7244
f 7077 7045 7245
f 6835 6823 7246
f 6836 6762 7247
f 7110 6836 7247
f 6762 7022 7247
f 7048 7093 7248
f 7020 7116 7249
f 6961 7119 7250
f 7080 6877 7251
f 6877 7157 7251
f 6728 6988 7252
f 7217 6869 7036
f 7236 6928 7253
f 6928 7053 7253
f 6989 6769 7254
f 6769 7047 7254
f 6990 6806 7255
f 6806 6972 7255
f 7031 6966 7256
f 6966 7227 7256
f 6991 6777 7257
f 6777 7057 7257
f 7081 7058 7258
f 7148 6824 7211
f 7082 6814 7259
f 6814 6850 7259
f 7124 7048 7260
f 7048 7248 7260
f 6965 7126 7133
f 7051 7217 7261
f 6721 6985 7262
f 7018 6721 7262
f 6985 7233 7262
f 7167 7049 7263
f 7049 7042 7263
f 6930 7144 7225
f 7127 7012 7264
f 7012 7085 7264
f 6929 7019 7265
f 6997 6846 7266
f 6846 7162 7266
f 6998 6950 7267
f 7129 6977 7115
f 7046 6952 7268
f 7135 6949 7134
f 7083 7002 7269
f 7107 7039 7270
f 6972 7074 7271
f 6971 6788 7272
f 6788 7064 7272
f 7134 7003 7273
f 7023 7088 7274
f 6976 7063 7275
f 7084 6807 7238
f 6962 7013 7276
f 7085 6929 7277
f 6929 7265 7277
f 7086 6717 7278
f 6717 6993 7278
f 6987 7079 7279
f 7019 6791 7066
f 7087 7004 7280
f 7142 6995 7281
f 7214 7142 7281
f 6995 7081 7281
f 7043 6685 7282
f 6685 6956 7282
f 7141 6855 7283
f 6855 6999 7283
f 6970 7120 7284
f 7038 6802 7285
f 6802 6958 7285
f 6946 7215 7126
f 7136 7034 7286
f 7034 7091 7286
f 7016 6758 7287
f 6758 7033 7287
f 7147 6959 7288
f 6959 7073 7288
f 6996 7000 7289
f 7131 6996 7289
f 7000 7083 7289
f 6962 7276 7096
f 7263 7042 7290
f 7042 7139 7290
f 7024 6970 7291
f 6970 7284 7291
f 7146 6843 7216
f 7021 6874 7292
f 6874 7096 7292
f 7022 6994 7293
f 7125 6975 7294
f 6975 7075 7294
f 7025 6743 7295
f 6743 7027 7295
f 7036 6794 7296
f 7217 7036 7296
f 6794 7021 7296
f 6871 7149 7097
f 7090 6868 7297
f 6868 7138 7297
f 6953 7145 7298
f 7028 6953 7299
f 6953 7298 7299
f 7151 6987 7300
f 6987 7279 7300
f 7030 6728 7252
f 7155 6887 7168
f 7154 6939 7205
f 7091 6812 7301
f 6812 7010 7301
f 6676 6991 7068
f 6999 7155 7283
f 7006 7030 7302
f 7030 7252 7302
f 7229 6964 7132
f 7092 6854 7303
f 6854 7129 7303
f 6876 7038 7304
f 7008 7151 7305
f 7151 7300 7305
f 7114 7035 7306
f 6879 6779 7307
f 7157 6879 7307
f 6779 7055 7307
f 6882 6747 7230
f 6823 6882 7308
f 7246 6823 7308
f 6882 7230 7308
f 7162 6992 7309
f 6992 7080 7309
f 7047 7020 7310
f 7020 7249 7310
f 6942 7208 7243
f 6801 6951 7311
f 7079 6801 7311
f 6951 7244 7311
f 7094 7017 7312
f 7017 7234 7312
f 7166 7023 7313
f 7023 7274 7313
f 7029 7090 7314
f 6979 7108 7315
f 6988 7078 7316
f 7050 7041 7317
f 6701 6947 7318
f 7078 6701 7318
f 6947 7226 7318
f 6950 7050 7319
f 7050 7317 7319
f 7230 7026 7320
f 7138 7015 7321
f 7297 7138 7321
f 7015 7087 7321
f 7054 6797 7322
f 6797 7069 7322
f 7005 7094 7323
f 7094 7312 7323
f 7055 6709 7324
f 6709 6983 7324
f 7056 6936 7325
f 6936 7235 7325
f 6931 6690 7229
f 7102 6835 7246
f 7057 6876 7326
f 6876 7304 7326
f 7059 7056 7327
f 7056 7325 7327
f 6875 7146 7328
f 7060 6944 7329
f 6944 7210 7329
f 6935 6875 7328
f 6937 6805 7330
f 7210 6937 7330
f 6805 6971 7330
f 7062 7006 7331
f 7006 7302 7331
f 7143 7011 7332
f 7011 7086 7332
f 7063 6863 7067
f 6798 7059 7333
f 7061 6798 7333
f 7059 7327 7333
f 7064 6961 7334
f 6961 7250 7334
f 7065 7051 7335
f 7051 7261 7335
f 7066 6969 7336
f 6969 7218 7336
f 7067 7008 7337
f 7008 7305 7337
f 6945 6716 7338
f 7235 6945 7338
f 6716 6989 7338
f 7224 7001 7339
f 7001 7131 7339
f 7069 7005 7340
f 7005 7323 7340
f 6890 6933 7341
f 7160 6890 7341
f 6933 6981 7341
f 7070 6979 7342
f 6979 7315 7342
f 7222 7032 7343
f 7032 7156 7343
f 7219 6857 7344
f 6857 6935 7344
f 7220 6982 7345
f 6982 7076 7345
f 7223 7040 7346
f 7040 7113 7346
f 7221 6954 7347
f 6954 7110 7347
f 7226 7029 7348
f 7029 7314 7348
f 7232 6986 7349
f 6986 7117 7349
f 7238 6976 7350
f 6976 7275 7350
f 7245 7045 7351
f 7045 7159 7351
f 7252 6988 7352
f 6988 7316 7352
f 7255 6972 7353
f 6972 7271 7353
f 7258 7058 7354
f 7058 7204 7354
f 7270 7039 7355
f 7039 7092 7355
f 7267 6950 7319
f 7269 7002 7356
f 7002 7133 7356
f 7273 7003 7357
f 7003 7082 7357
f 7276 7013 7143
f 7293 6994 7358
f 6994 7123 7358
f 7301 7010 7359
f 7010 7239 7359
f 7306 7035 7360
f 7035 7052 7360
f 7317 7041 7361
f 7041 7140 7361
f 7320 7026 7362
f 7026 7089 7362
f 7341 6981 7077
f 7115 7206 7363
f 7145 7213 7364
f 7213 7150 7364
f 7218 7103 7365
f 7169 7212 7366
f 7112 7028 7367
f 7028 7299 7367
f 7105 7164 7368
f 7118 7158 7369
f 7158 7207 7369
f 7104 7165 7370
f 7227 7102 7371
f 7102 7246 7371
f 7120 6998 7372
f 7284 7120 7372
f 6998 7267 7372
f 7103 7122 7373
f 7365 7103 7373
f 7122 7062 7373
f 6980 7025 7374
f 7204 6980 7374
f 7025 7295 7374
f 7167 7263 7375
f 6935 7328 7344
f 7109 7107 7376
f 7107 7270 7376
f 7248 7093 7377
f 7319 7317 7378
f 7089 7124 7379
f 7124 7260 7379
f 7249 7116 7380
f 7116 7112 7380
f 7113 7031 7381
f 7346 7113 7381
f 7031 7256 7381
f 7243 7208 7382
f 7119 7071 7383
f 7250 7119 7383
f 7071 7222 7383
f 7239 7060 7384
f 7060 7329 7384
f 7148 7211 7385
f 7234 7220 7386
f 7261 7217 7387
f 7217 7296 7387
f 7233 7118 7388
f 7118 7369 7388
f 7265 7019 7389
f 7019 7066 7389
f 7129 7115 7390
f 7303 7129 7390
f 7115 7363 7390
f 7014 7127 7391
f 7156 7014 7391
f 7127 7264 7391
f 7268 6952 7392
f 7132 7128 7393
f 6952 7114 7392
f 7128 7135 7394
f 7393 7128 7394
f 7135 7134 7394
f 7170 7160 7395
f 7101 7225 7396
f 7163 7152 7397
f 7279 7079 7398
f 7079 7311 7398
f 6984 6990 7399
f 7117 6984 7399
f 6990 7255 7399
f 7280 7004 7400
f 7140 7061 7401
f 7061 7333 7401
f 7096 7276 7402
f 7146 7216 7403
f 7328 7146 7403
f 7216 7070 7403
f 7144 7111 7404
f 7100 7054 7405
f 7054 7322 7405
f 7400 7004 7166
f 7280 7400 7406
f 7268 7392 7407
f 7392 7114 7306
f 7126 7215 7408
f 6993 7147 7409
f 7278 6993 7409
f 7147 7288 7409
f 7149 7106 7410
f 7298 7145 7411
f 7145 7364 7411
f 7150 7084 7412
f 7364 7150 7412
f 7084 7238 7412
f 7139 7018 7262
f 7153 7097 7413
f 7097 7149 7414
f 7149 7410 7414
f 7302 7252 7415
f 7252 7352 7415
f 7304 7038 7416
f 7038 7285 7416
f 7400 7166 7313
f 7098 7095 7417
f 7161 7148 7418
f 7148 7385 7418
f 7093 6931 7419
f 7123 7100 7405
f 6931 7229 7419
f 7111 7243 7420
f 7243 7382 7420
f 7316 7078 7421
f 7078 7318 7421
f 7053 7137 7422
f 7253 7053 7422
f 7137 7203 7422
f 7315 7108 7423
f 7141 7283 7424
f 7229 7132 7425
f 7419 7229 7425
f 7132 7393 7425
f 7267 7319 7426
f 7319 7378 7426
f 7164 7104 7427
f 7104 7370 7427
f 7165 7161 7428
f 7161 7418 7428
f 7314 7090 7429
f 7090 7297 7429
f 7168 7105 7430
f 7105 7368 7430
f 7154 7205 7431
f 7155 7168 7432
f 7168 7430 7432
f 7052 6974 7433
f 6974 7236 7433
f 7171 7170 7434
f 7170 7395 7434
f 7172 7171 7435
f 7171 7434 7435
f 7173 7172 7436
f 7172 7435 7436
f 7174 7173 7437
f 7173 7436 7437
f 7175 7174 7438
f 7174 7437 7438
f 7176 7175 7439
f 7175 7438 7439
f 7177 7176 7440
f 7176 7439 7440
f 7178 7177 7441
f 7177 7440 7441
f 7179 7178 7442
f 7178 7441 7442
f 7180 7179 7443
f 7179 7442 7443
f 7181 7180 7444
f 7180 7443 7444
f 7182 7181 7445
f 7181 7444 7445
f 7183 7182 7446
f 7182 7445 7446
f 7184 7183 7447
f 7183 7446 7447
f 7185 7184 7448
f 7184 7447 7448
f 7186 7185 7449
f 7185 7448 7449
f 7187 7186 7450
f 7186 7449 7450
f 7188 7187 7451
f 7187 7450 7451
f 7189 7188 7452
f 7188 7451 7452
f 7190 7189 7453
f 7189 7452 7453
f 7191 7190 7454
f 7190 7453 7454
f 7192 7191 7455
f 7191 7454 7455
f 7193 7192 7456
f 7192 7455 7456
f 7194 7193 7457
f 7193 7456 7457
f 7195 7194 7458
f 7194 7457 7458
f 7196 7195 7459
f 7195 7458 7459
f 7197 7196 7460
f 7196 7459 7460
f 7198 7197 7461
f 7197 7460 7461
f 7199 7198 7462
f 7198 7461 7462
f 7200 7199 7463
f 7199 7462 7463
f 7201 7200 7464
f 7200 7463 7464
f 7202 7201 7465
f 7201 7464 7465
f 7063 7067 7466
f 7275 7063 7466
f 7067 7337 7466
f 7033 7136 7467
f 7136 7286 7467
f 7205 7153 7468
f 7153 7413 7468
f 7274 7088 7469
f 7088 7130 7469
f 7093 7419 7377
f 7152 7141 7470
f 7141 7424 7470
f 7068 6991 7471
f 7108 7068 7471
f 6991 7257 7471
f 7206 6968 7472
f 6968 7231 7472
f 7228 7214 7473
f 7214 7281 7473
f 7209 7169 7474
f 7169 7366 7474
f 7211 7098 7475
f 7098 7417 7475
f 7212 7101 7476
f 7101 7396 7476
f 7283 7155 7477
f 7155 7432 7477
f 6967 7125 7478
f 7159 6967 7478
f 7125 7294 7478
f 7215 7046 7479
f 7046 7268 7479
f 7225 7144 7480
f 7144 7404 7480
f 7022 7293 7481
f 7211 7475 7385
f 7112 7367 7380
f 7345 7076 7482
f 7076 7237 7482
f 7382 7208 7483
f 7208 7154 7483
f 7368 7164 7427
f 7265 7389 7484
f 7370 7165 7428
f 7348 7314 7485
f 7239 7384 7486
f 7072 7223 7487
f 7073 7224 7488
f 7227 7371 7489
f 7372 7267 7490
f 7267 7426 7490
f 7392 7306 7491
f 7349 7117 7492
f 7117 7399 7492
f 7206 7472 7363
f 6850 7241 7259
f 7284 7372 7493
f 7372 7490 7493
f 7231 7024 7494
f 7024 7291 7494
f 7315 7423 7495
f 7350 7275 7496
f 7074 7109 7497
f 7378 7317 7498
f 7317 7361 7498
f 7062 7331 7373
f 7344 7328 7499
f 7376 7270 7500
f 7212 7476 7366
f 7339 7131 7501
f 7131 7289 7501
f 7351 7159 7502
f 7159 7478 7502
f 7218 7365 7503
f 7240 7228 7504
f 7241 6997 7505
f 6997 7266 7505
f 7309 7080 7506
f 7080 7251 7506
f 7152 7470 7397
f 7242 7167 7507
f 7167 7375 7507
f 7244 7072 7487
f 7352 7316 7508
f 7089 7379 7362
f 7383 7222 7509
f 7033 7467 7287
f 7247 7022 7481
f 7250 7383 7510
f 7383 7509 7510
f 7312 7234 7511
f 7234 7386 7511
f 7386 7220 7512
f 7220 7345 7512
f 7479 7268 7513
f 7268 7407 7513
f 7162 7309 7514
f 7223 7346 7515
f 7304 7416 7516
f 7353 7271 7517
f 7299 7298 7518
f 7237 7016 7519
f 7016 7287 7519
f 7423 7108 7471
f 7254 7047 7520
f 7047 7310 7520
f 7354 7204 7521
f 7204 7374 7521
f 7256 7227 7522
f 7227 7489 7522
f 7257 7057 7523
f 7057 7326 7523
f 7355 7092 7524
f 7092 7303 7524
f 7260 7248 7525
f 7261 7387 7526
f 7262 7233 7527
f 7139 7262 7527
f 7233 7388 7527
f 7274 7469 7528
f 7389 7066 7336
f 7266 7162 7529
f 7162 7514 7529
f 7264 7085 7530
f 7085 7277 7530
f 7356 7133 7531
f 7133 7126 7531
f 7392 7491 7407
f 7130 7065 7532
f 7469 7130 7532
f 7065 7335 7532
f 7357 7082 7533
f 7082 7259 7533
f 7408 7215 7479
f 7258 7354 7534
f 7232 7349 7535
f 7394 7134 7536
f 7134 7273 7536
f 7396 7225 7480
f 7283 7477 7424
f 7245 7351 7537
f 7293 7358 7538
f 7358 7123 7539
f 7123 7405 7539
f 7221 7347 7540
f 7279 7398 7541
f 7399 7255 7542
f 7492 7399 7542
f 7255 7353 7542
f 7285 6958 7543
f 6958 7121 7543
f 7143 7332 7544
f 7402 7276 7545
f 7276 7143 7545
f 7328 7403 7499
f 7286 7091 7546
f 7091 7301 7546
f 7288 7073 7488
f 7289 7083 7547
f 7501 7289 7547
f 7083 7269 7547
f 7290 7139 7527
f 7291 7284 7548
f 7284 7493 7548
f 7282 6956 7549
f 6956 7221 7549
f 7294 7075 7550
f 7075 7232 7550
f 7406 7400 7551
f 7400 7313 7551
f 7070 7342 7403
f 7249 7380 7552
f 7292 7096 7553
f 7096 7402 7553
f 7359 7239 7554
f 7239 7486 7554
f 7258 7534 7555
f 7295 7027 7556
f 7027 7242 7556
f 7296 7021 7557
f 7021 7292 7557
f 7322 7069 7558
f 7069 7340 7558
f 7412 7238 7559
f 7238 7350 7559
f 7154 7431 7483
f 7300 7279 7560
f 7279 7541 7560
f 7413 7097 7414
f 7360 7052 7433
f 7307 7055 7561
f 7055 7324 7561
f 7219 7344 7562
f 7344 7499 7562
f 7305 7300 7563
f 7300 7560 7563
f 7318 7226 7564
f 7421 7318 7564
f 7226 7348 7564
f 7081 7258 7565
f 7235 7338 7566
f 7417 7095 7567
f 7095 7209 7567
f 7273 7357 7568
f 7361 7140 7569
f 7140 7401 7569
f 7157 7307 7570
f 7251 7157 7570
f 7307 7561 7570
f 7269 7356 7571
f 7111 7420 7404
f 7087 7280 7572
f 7308 7230 7573
f 7230 7320 7573
f 7342 7315 7574
f 7315 7495 7574
f 7565 7258 7555
f 7310 7249 7575
f 7249 7552 7575
f 7281 7081 7565
f 7245 7537 7395
f 7219 7562 7106
f 7313 7274 7576
f 7274 7528 7576
f 7431 7205 7468
f 7433 7236 7577
f 7077 7245 7160
f 7321 7087 7572
f 7224 7339 7578
f 7277 7265 7579
f 7265 7484 7579
f 7203 7202 7580
f 7422 7203 7580
f 7202 7465 7580
f 7320 7362 7581
f 7518 7298 7582
f 7298 7411 7582
f 7323 7312 7583
f 7312 7511 7583
f 7324 6983 7584
f 6983 7240 7584
f 7325 7235 7585
f 7235 7566 7585
f 7375 7263 7586
f 7263 7290 7586
f 7329 7210 7587
f 7210 7330 7587
f 7326 7304 7588
f 7304 7516 7588
f 7327 7325 7589
f 7325 7585 7589
f 7272 7064 7590
f 7064 7334 7590
f 7271 7074 7497
f 7504 7228 7591
f 7228 7473 7591
f 7330 6971 7592
f 7587 7330 7592
f 6971 7272 7592
f 7334 7250 7593
f 7250 7510 7593
f 7207 7163 7594
f 7369 7207 7594
f 7163 7397 7594
f 7332 7086 7595
f 7086 7278 7595
f 7333 7327 7596
f 7401 7333 7596
f 7327 7589 7596
f 7335 7261 7597
f 7261 7526 7597
f 7341 7077 7160
f 7336 7218 7598
f 7218 7503 7598
f 7331 7302 7599
f 7302 7415 7599
f 7337 7305 7600
f 7305 7563 7600
f 7338 6989 7601
f 7566 7338 7601
f 6989 7254 7601
f 7371 7246 7602
f 7246 7308 7602
f 7488 7224 7603
f 7224 7578 7603
f 7340 7323 7604
f 7323 7583 7604
f 7377 7419 7605
f 7419 7425 7605
f 7121 7043 7606
f 7543 7121 7606
f 7043 7282 7606
f 7481 7293 7607
f 7293 7538 7607
f 7343 7156 7608
f 7156 7391 7608
f 7487 7223 7609
f 7223 7515 7609
f 7485 7314 7610
f 7314 7429 7610
f 7491 7306 7611
f 7306 7360 7611
f 7497 7109 7376
f 7496 7275 7612
f 7275 7466 7612
f 7500 7270 7613
f 7270 7355 7613
f 7143 7544 7545
f 7517 7271 7614
f 7271 7497 7614
f 7508 7316 7615
f 7316 7421 7615
f 7509 7222 7616
f 7222 7343 7616
f 7525 7248 7617
f 7248 7377 7617
f 7531 7126 7408
f 7536 7273 7618
f 7273 7568 7618
f 7546 7301 7619
f 7301 7359 7619
f 7547 7269 7620
f 7269 7571 7620
f 7549 7221 7621
f 7221 7540 7621
f 7550 7232 7622
f 7232 7535 7622
f 7567 7209 7474
f 7573 7320 7623
f 7320 7581 7623
f 7572 7280 7624
f 7280 7406 7624
f 7106 7562 7410
f 7160 7245 7395
f 7364 7412 7625
f 7411 7364 7625
f 7412 7559 7625
f 7385 7475 7626
f 7374 7295 7627
f 7295 7556 7627
f 7486 7384 7628
f 7347 7110 7629
f 7484 7389 7630
f 7389 7336 7630
f 7370 7428 7631
f 7387 7296 7557
f 7379 7260 7632
f 7260 7525 7632
f 7495 7423 7633
f 7366 7476 7634
f 7382 7483 7635
f 7503 7365 7636
f 7497 7376 7637
f 7614 7497 7637
f 7376 7500 7637
f 7472 7231 7638
f 7231 7494 7638
f 7516 7416 7639
f 7363 7472 7640
f 7472 7638 7640
f 7362 7379 7641
f 7581 7362 7641
f 7379 7632 7641
f 7110 7247 7629
f 7515 7346 7642
f 7346 7381 7642
f 7510 7509 7643
f 7514 7309 7644
f 7309 7506 7644
f 7397 7470 7645
f 7526 7387 7646
f 7387 7557 7646
f 7388 7369 7647
f 7369 7594 7647
f 7367 7299 7648
f 7299 7518 7648
f 7541 7398 7649
f 7535 7349 7650
f 7349 7492 7650
f 7531 7408 7651
f 7534 7354 7652
f 7354 7521 7652
f 7567 7474 7653
f 7407 7491 7654
f 7538 7358 7655
f 7358 7539 7655
f 7537 7351 7656
f 7351 7502 7656
f 7528 7469 7657
f 7469 7532 7657
f 7540 7347 7658
f 7347 7629 7658
f 7413 7414 7659
f 7356 7531 7660
f 7571 7356 7660
f 7531 7651 7660
f 7393 7394 7661
f 7394 7536 7661
f 7544 7332 7662
f 7332 7595 7662
f 7402 7545 7663
f 7403 7342 7664
f 7499 7403 7664
f 7342 7574 7664
f 7247 7481 7629
f 7405 7322 7665
f 7539 7405 7665
f 7322 7558 7665
f 7426 7378 7666
f 7555 7534 7667
f 7290 7527 7668
f 7431 7468 7669
f 7360 7433 7670
f 7611 7360 7670
f 7433 7577 7670
f 7527 7388 7668
f 7562 7499 7671
f 7415 7352 7672
f 7352 7508 7672
f 7416 7285 7673
f 7639 7416 7673
f 7285 7543 7673
f 7391 7264 7674
f 7264 7530 7674
f 7418 7385 7675
f 7385 7626 7675
f 7467 7286 7676
f 7286 7546 7676
f 7417 7567 7677
f 7567 7653 7677
f 7568 7357 7678
f 7357 7533 7678
f 7368 7427 7679
f 7424 7477 7680
f 7404 7420 7681
f 7308 7573 7602
f 7425 7393 7682
f 7393 7661 7682
f 7420 7382 7683
f 7382 7635 7683
f 7395 7537 7434
f 7311 7244 7684
f 7398 7311 7684
f 7244 7487 7684
f 7432 7430 7685
f 7427 7370 7686
f 7370 7631 7686
f 7428 7418 7687
f 7418 7675 7687
f 7430 7368 7688
f 7368 7679 7688
f 7577 7236 7689
f 7629 7481 7690
f 7658 7629 7690
f 7481 7607 7690
f 7236 7253 7689
f 7578 7339 7691
f 7339 7501 7691
f 7373 7331 7692
f 7365 7373 7692
f 7331 7599 7692
f 7435 7434 7693
f 7434 7537 7693
f 7436 7435 7694
f 7435 7693 7694
f 7437 7436 7695
f 7436 7694 7695
f 7438 7437 7696
f 7437 7695 7696
f 7439 7438 7697
f 7438 7696 7697
f 7440 7439 7698
f 7439 7697 7698
f 7441 7440 7699
f 7440 7698 7699
f 7442 7441 7700
f 7441 7699 7700
f 7443 7442 7701
f 7442 7700 7701
f 7444 7443 7702
f 7443 7701 7702
f 7445 7444 7703
f 7444 7702 7703
f 7446 7445 7704
f 7445 7703 7704
f 7447 7446 7705
f 7446 7704 7705
f 7448 7447 7706
f 7447 7705 7706
f 7449 7448 7707
f 7448 7706 7707
f 7450 7449 7708
f 7449 7707 7708
f 7451 7450 7709
f 7450 7708 7709
f 7452 7451 7710
f 7451 7709 7710
f 7453 7452 7711
f 7452 7710 7711
f 7454 7453 7712
f 7453 7711 7712
f 7455 7454 7713
f 7454 7712 7713
f 7456 7455 7714
f 7455 7713 7714
f 7457 7456 7715
f 7456 7714 7715
f 7458 7457 7716
f 7457 7715 7716
f 7459 7458 7717
f 7458 7716 7717
f 7460 7459 7718
f 7459 7717 7718
f 7461 7460 7719
f 7460 7718 7719
f 7462 7461 7720
f 7461 7719 7720
f 7463 7462 7721
f 7462 7720 7721
f 7464 7463 7722
f 7463 7721 7722
f 7465 7464 7723
f 7464 7722 7723
f 7466 7337 7724
f 7337 7600 7724
f 7297 7321 7725
f 7429 7297 7725
f 7321 7572 7725
f 7468 7413 7726
f 7413 7659 7726
f 7396 7480 7727
f 7470 7424 7728
f 7424 7680 7728
f 7471 7257 7729
f 7423 7471 7729
f 7257 7523 7729
f 7489 7371 7730
f 7371 7602 7730
f 7408 7479 7731
f 7479 7513 7731
f 7473 7281 7565
f 7474 7366 7732
f 7366 7634 7732
f 7475 7417 7733
f 7417 7677 7733
f 7476 7396 7734
f 7396 7727 7734
f 7477 7432 7735
f 7432 7685 7735
f 7478 7294 7736
f 7294 7550 7736
f 7480 7404 7737
f 7404 7681 7737
f 7259 7241 7738
f 7241 7505 7738
f 7384 7329 7739
f 7628 7384 7739
f 7329 7587 7739
f 7473 7565 7740
f 7591 7473 7740
f 7565 7555 7740
f 7577 7689 7741
f 7374 7627 7521
f 7740 7555 7742
f 7555 7667 7742
f 7496 7612 7743
f 7610 7429 7744
f 7429 7725 7744
f 7482 7237 7745
f 7237 7519 7745
f 7477 7735 7680
f 7484 7630 7746
f 7631 7428 7687
f 7672 7508 7747
f 7430 7688 7685
f 7501 7547 7748
f 7691 7501 7748
f 7547 7620 7748
f 7489 7730 7749
f 7516 7639 7750
f 7420 7683 7681
f 7612 7466 7724
f 7632 7525 7751
f 7613 7355 7752
f 7355 7524 7752
f 7493 7490 7753
f 7494 7291 7754
f 7291 7548 7754
f 7488 7603 7755
f 7633 7423 7729
f 7475 7733 7626
f 7350 7496 7756
f 7504 7591 7757
f 7476 7734 7634
f 7581 7641 7758
f 7556 7242 7759
f 7242 7507 7759
f 7502 7478 7736
f 7500 7613 7760
f 7503 7636 7761
f 7240 7504 7762
f 7506 7251 7763
f 7251 7570 7763
f 7615 7421 7764
f 7421 7564 7764
f 7507 7375 7765
f 7616 7343 7766
f 7343 7608 7766
f 7483 7431 7767
f 7617 7377 7768
f 7377 7605 7768
f 7381 7256 7769
f 7642 7381 7769
f 7256 7522 7769
f 7287 7467 7770
f 7643 7509 7771
f 7509 7616 7771
f 7514 7644 7772
f 7511 7386 7773
f 7512 7345 7774
f 7345 7482 7774
f 7513 7407 7775
f 7407 7654 7775
f 7645 7470 7728
f 7526 7646 7776
f 7485 7610 7777
f 7353 7517 7778
f 7380 7367 7779
f 7541 7649 7780
f 7520 7310 7781
f 7310 7575 7781
f 7522 7489 7782
f 7489 7749 7782
f 7523 7326 7783
f 7326 7588 7783
f 7524 7303 7784
f 7303 7390 7784
f 7637 7500 7785
f 7500 7760 7785
f 7282 7549 7786
f 7670 7577 7787
f 7577 7741 7787
f 7542 7353 7778
f 7648 7518 7788
f 7689 7253 7580
f 7529 7514 7789
f 7514 7772 7789
f 7649 7398 7684
f 7530 7277 7790
f 7277 7579 7790
f 7618 7568 7791
f 7390 7363 7792
f 7784 7390 7792
f 7363 7640 7792
f 7535 7650 7793
f 7532 7335 7794
f 7657 7532 7794
f 7335 7597 7794
f 7619 7359 7795
f 7359 7554 7795
f 7651 7408 7731
f 7653 7474 7732
f 7538 7655 7796
f 7365 7692 7636
f 7544 7662 7797
f 7666 7378 7798
f 7378 7498 7798
f 7483 7767 7635
f 7537 7656 7693
f 7287 7770 7519
f 7659 7414 7799
f 7414 7410 7799
f 7571 7660 7800
f 7630 7336 7598
f 7517 7614 7801
f 7597 7526 7802
f 7526 7776 7802
f 7467 7676 7770
f 7499 7664 7671
f 7566 7601 7803
f 7669 7468 7726
f 7620 7571 7804
f 7571 7800 7804
f 7621 7540 7805
f 7667 7534 7806
f 7534 7652 7806
f 7548 7493 7807
f 7493 7753 7807
f 7622 7535 7808
f 7535 7793 7808
f 7551 7313 7576
f 7553 7402 7809
f 7402 7663 7809
f 7552 7380 7779
f 7554 7486 7810
f 7290 7668 7586
f 7557 7292 7811
f 7646 7557 7811
f 7292 7553 7811
f 7350 7756 7559
f 7431 7669 7767
f 7406 7551 7812
f 7558 7340 7813
f 7340 7604 7813
f 7498 7361 7814
f 7361 7569 7814
f 7560 7541 7815
f 7541 7780 7815
f 7569 7401 7816
f 7401 7596 7816
f 7623 7581 7817
f 7581 7758 7817
f 7561 7324 7818
f 7324 7584 7818
f 7563 7560 7819
f 7560 7815 7819
f 7564 7348 7820
f 7348 7485 7820
f 7425 7682 7605
f 7676 7546 7821
f 7546 7619 7821
f 7545 7544 7822
f 7528 7657 7823
f 7679 7427 7686
f 7624 7406 7824
f 7406 7812 7824
f 7259 7738 7533
f 7602 7573 7825
f 7730 7602 7825
f 7573 7623 7825
f 7574 7495 7826
f 7480 7737 7727
f 7282 7786 7606
f 7410 7562 7827
f 7575 7552 7828
f 7579 7484 7829
f 7484 7746 7829
f 7684 7487 7830
f 7649 7684 7830
f 7487 7609 7830
f 7576 7528 7831
f 7528 7823 7831
f 7515 7642 7832
f 7578 7691 7833
f 7465 7723 7741
f 7545 7822 7663
f 7391 7674 7608
f 7773 7386 7834
f 7386 7512 7834
f 7598 7503 7835
f 7503 7761 7835
f 7580 7465 7689
f 7725 7572 7836
f 7744 7725 7836
f 7572 7624 7836
f 7582 7411 7837
f 7411 7625 7837
f 7583 7511 7838
f 7511 7773 7838
f 7584 7240 7762
f 7607 7538 7839
f 7538 7796 7839
f 7585 7566 7840
f 7566 7803 7840
f 7505 7266 7841
f 7266 7529 7841
f 7288 7488 7842
f 7593 7510 7843
f 7510 7643 7843
f 7588 7516 7844
f 7516 7750 7844
f 7589 7585 7845
f 7585 7840 7845
f 7590 7334 7846
f 7334 7593 7846
f 7490 7426 7847
f 7426 7666 7847
f 7741 7689 7465
f 7592 7272 7848
f 7272 7590 7848
f 7409 7288 7842
f 7762 7504 7849
f 7504 7757 7849
f 7594 7397 7850
f 7647 7594 7850
f 7397 7645 7850
f 7779 7367 7648
f 7596 7589 7851
f 7816 7596 7851
f 7589 7845 7851
f 7826 7495 7852
f 7495 7633 7852
f 7778 7517 7853
f 7517 7801 7853
f 7661 7536 7854
f 7536 7618 7854
f 7599 7415 7855
f 7415 7672 7855
f 7600 7563 7856
f 7563 7819 7856
f 7601 7254 7857
f 7803 7601 7857
f 7254 7520 7857
f 7603 7578 7858
f 7578 7833 7858
f 7736 7550 7859
f 7550 7622 7859
f 7604 7583 7860
f 7583 7838 7860
f 7410 7827 7799
f 7654 7491 7861
f 7491 7611 7861
f 7609 7515 7862
f 7515 7832 7862
f 7668 7388 7863
f 7388 7647 7863
f 7747 7508 7864
f 7508 7615 7864
f 7751 7525 7865
f 7525 7617 7865
f 7756 7496 7866
f 7496 7743 7866
f 7765 7375 7867
f 7375 7586 7867
f 7786 7549 7868
f 7549 7621 7868
f 7788 7518 7869
f 7518 7582 7869
f 7791 7568 7870
f 7568 7678 7870
f 7805 7540 7871
f 7540 7658 7871
f 7810 7486 7872
f 7486 7628 7872
f 7820 7485 7873
f 7485 7777 7873
f 7822 7544 7797
f 7828 7552 7874
f 7552 7779 7874
f 7827 7562 7671
f 7842 7488 7755
f 7627 7556 7875
f 7556 7759 7875
f 7743 7612 7876
f 7612 7724 7876
f 7746 7630 7877
f 7630 7598 7877
f 7631 7687 7878
f 7685 7688 7879
f 7750 7639 7880
f 7681 7683 7881
f 7753 7490 7847
f 7755 7603 7882
f 7603 7858 7882
f 7757 7591 7883
f 7591 7740 7883
f 7634 7734 7884
f 7635 7767 7885
f 7761 7636 7886
f 7760 7613 7887
f 7613 7752 7887
f 7638 7494 7888
f 7494 7754 7888
f 7614 7637 7889
f 7637 7785 7889
f 7640 7638 7890
f 7638 7888 7890
f 7625 7559 7891
f 7837 7625 7891
f 7559 7756 7891
f 7674 7530 7892
f 7530 7790 7892
f 7551 7576 7893
f 7812 7551 7893
f 7576 7831 7893
f 7641 7632 7894
f 7632 7751 7894
f 7772 7644 7895
f 7521 7627 7896
f 7652 7521 7896
f 7627 7875 7896
f 7777 7610 7897
f 7610 7744 7897
f 7776 7646 7898
f 7646 7811 7898
f 7822 7797 7899
f 7680 7735 7900
f 7793 7650 7901
f 7580 7253 7422
f 7779 7648 7902
f 7874 7779 7902
f 7648 7788 7902
f 7502 7736 7903
f 7656 7502 7903
f 7736 7859 7903
f 7799 7827 7904
f 7796 7655 7905
f 7645 7728 7906
f 7636 7692 7907
f 7886 7636 7907
f 7692 7599 7907
f 7797 7662 7908
f 7800 7660 7909
f 7660 7651 7909
f 7664 7574 7910
f 7671 7664 7910
f 7574 7826 7910
f 7827 7671 7911
f 7904 7827 7911
f 7671 7910 7911
f 7492 7542 7912
f 7650 7492 7912
f 7542 7778 7912
f 7801 7614 7889
f 7608 7674 7913
f 7766 7608 7913
f 7674 7892 7913
f 7669 7726 7914
f 7278 7409 7915
f 7586 7668 7916
f 7867 7586 7916
f 7668 7863 7916
f 7767 7669 7917
f 7669 7914 7917
f 7611 7670 7918
f 7861 7611 7918
f 7670 7787 7918
f 7823 7657 7919
f 7657 7794 7919
f 7675 7626 7920
f 7677 7653 7921
f 7679 7686 7922
f 7678 7533 7923
f 7533 7738 7923
f 7564 7820 7764
f 7570 7561 7924
f 7763 7570 7924
f 7561 7818 7924
f 7741 7723 7925
f 7787 7741 7925
f 7723 7722 7925
f 7693 7656 7926
f 7682 7661 7927
f 7661 7854 7927
f 7659 7799 7928
f 7799 7904 7928
f 7587 7592 7929
f 7739 7587 7929
f 7592 7848 7929
f 7683 7635 7930
f 7635 7885 7930
f 7727 7737 7931
f 7644 7506 7932
f 7895 7644 7932
f 7506 7763 7932
f 7833 7691 7933
f 7691 7748 7933
f 7686 7631 7934
f 7631 7878 7934
f 7543 7606 7935
f 7673 7543 7935
f 7606 7786 7935
f 7832 7642 7936
f 7642 7769 7936
f 7687 7675 7937
f 7675 7920 7937
f 7688 7679 7938
f 7679 7922 7938
f 7726 7659 7939
f 7914 7726 7939
f 7659 7928 7939
f 7663 7822 7940
f 7822 7899 7940
f 7749 7730 7941
f 7730 7825 7941
f 7694 7693 7926
f 7695 7694 7942
f 7696 7695 7943
f 7695 7942 7943
f 7697 7696 7944
f 7696 7943 7944
f 7698 7697 7945
f 7697 7944 7945
f 7699 7698 7946
f 7698 7945 7946
f 7700 7699 7947
f 7699 7946 7947
f 7701 7700 7948
f 7700 7947 7948
f 7702 7701 7949
f 7701 7948 7949
f 7703 7702 7950
f 7702 7949 7950
f 7704 7703 7951
f 7703 7950 7951
f 7705 7704 7952
f 7704 7951 7952
f 7706 7705 7953
f 7705 7952 7953
f 7707 7706 7954
f 7706 7953 7954
f 7708 7707 7955
f 7707 7954 7955
f 7709 7708 7956
f 7708 7955 7956
f 7710 7709 7957
f 7709 7956 7957
f 7711 7710 7958
f 7710 7957 7958
f 7712 7711 7959
f 7711 7958 7959
f 7713 7712 7960
f 7712 7959 7960
f 7714 7713 7961
f 7713 7960 7961
f 7715 7714 7962
f 7714 7961 7962
f 7716 7715 7963
f 7715 7962 7963
f 7717 7716 7964
f 7716 7963 7964
f 7718 7717 7965
f 7717 7964 7965
f 7719 7718 7966
f 7718 7965 7966
f 7720 7719 7967
f 7719 7966 7967
f 7721 7720 7968
f 7720 7967 7968
f 7722 7721 7969
f 7721 7968 7969
f 7724 7600 7970
f 7876 7724 7970
f 7600 7856 7970
f 7838 7773 7971
f 7728 7680 7972
f 7680 7900 7972
f 7770 7676 7973
f 7676 7821 7973
f 7729 7523 7974
f 7633 7729 7974
f 7523 7783 7974
f 7731 7513 7975
f 7513 7775 7975
f 7780 7649 7976
f 7649 7830 7976
f 7732 7634 7977
f 7634 7884 7977
f 7733 7677 7978
f 7677 7921 7978
f 7653 7732 7979
f 7732 7977 7979
f 7734 7727 7980
f 7727 7931 7980
f 7651 7731 7981
f 7909 7651 7981
f 7731 7975 7981
f 7735 7685 7982
f 7685 7879 7982
f 7655 7539 7983
f 7905 7655 7983
f 7539 7665 7983
f 7519 7770 7984
f 7745 7519 7984
f 7770 7973 7984
f 7737 7681 7985
f 7681 7881 7985
f 7409 7842 7915
f 7738 7505 7986
f 7923 7738 7986
f 7505 7841 7986
f 7595 7278 7915
f 7605 7682 7987
f 7768 7605 7987
f 7682 7927 7987
f 7915 7842 7988
f 7842 7755 7988
f 7595 7915 7989
f 7662 7595 7989
f 7915 7988 7989
f 7971 7773 7990
f 7773 7834 7990
f 7742 7667 7991
f 7877 7598 7835
f 7776 7898 7992
f 7754 7548 7993
f 7548 7807 7993
f 7507 7765 7994
f 7878 7687 7937
f 7865 7617 7995
f 7617 7768 7995
f 7747 7864 7996
f 7750 7880 7997
f 7639 7673 7998
f 7880 7639 7998
f 7673 7935 7998
f 7748 7620 7999
f 7933 7748 7999
f 7620 7804 7999
f 7826 7852 8000
f 7753 7847 8001
f 7752 7524 8002
f 7524 7784 8002
f 7866 7743 8003
f 7883 7740 7742
f 7884 7734 7980
f 7761 7886 8004
f 7758 7641 7894
f 7772 7895 8005
f 7760 7887 8006
f 7848 7590 8007
f 7590 7846 8007
f 7891 7756 8008
f 7756 7866 8008
f 7833 7933 8009
f 7628 7739 8010
f 7739 7929 8010
f 7868 7621 8011
f 7621 7805 8011
f 7901 7650 7912
f 7764 7820 8012
f 7820 7873 8012
f 7747 7996 8013
f 7769 7522 8014
f 7522 7782 8014
f 7780 7976 8015
f 7771 7616 8016
f 7616 7766 8016
f 7643 7771 8017
f 7584 7762 8018
f 7900 7735 7982
f 7775 7654 8019
f 7899 7797 8020
f 7797 7908 8020
f 7737 7985 7931
f 7656 7903 7926
f 7554 7810 8021
f 7793 7901 8022
f 7599 7855 7907
f 7782 7749 8023
f 7783 7588 8024
f 7588 7844 8024
f 7785 7760 8025
f 7760 8006 8025
f 7869 7582 8026
f 7582 7837 8026
f 7823 7919 8027
f 7777 7897 8028
f 7870 7678 8029
f 7678 7923 8029
f 7672 7747 8030
f 7792 7640 8031
f 7640 7890 8031
f 7790 7579 8032
f 7579 7829 8032
f 7871 7658 8033
f 7658 7690 8033
f 7794 7597 8034
f 7919 7794 8034
f 7597 7802 8034
f 7906 7728 7972
f 7688 7938 7879
f 7796 7905 8035
f 7751 7865 8036
f 7798 7498 8037
f 7498 7814 8037
f 7507 7994 7759
f 7800 7909 8038
f 7666 7798 8039
f 7912 7778 8040
f 7901 7912 8040
f 7778 7853 8040
f 7795 7554 8021
f 7802 7776 8041
f 7776 7992 8041
f 7831 7823 8042
f 7823 8027 8042
f 7988 7755 8043
f 7755 7882 8043
f 7910 7826 8044
f 7911 7910 8044
f 7826 8000 8044
f 7615 7764 8045
f 7864 7615 8045
f 7764 8012 8045
f 7806 7652 8046
f 7652 7896 8046
f 7858 7833 8047
f 7833 8009 8047
f 7804 7800 8048
f 7800 8038 8048
f 7805 7871 8049
f 7872 7628 8050
f 7628 8010 8050
f 7665 7558 8051
f 7983 7665 8051
f 7558 7813 8051
f 7807 7753 8052
f 7753 8001 8052
f 7808 7793 8053
f 7793 8022 8053
f 7765 7867 8054
f 7810 7872 8055
f 7801 7889 8056
f 7828 7874 8057
f 7809 7663 8058
f 7663 7940 8058
f 7873 7777 8059
f 7777 8028 8059
f 7922 7686 7934
f 7811 7553 8060
f 7553 7809 8060
f 7747 8013 8030
f 7813 7604 8061
f 7604 7860 8061
f 7894 7751 8062
f 7751 8036 8062
f 7814 7569 8063
f 7569 7816 8063
f 7789 7772 8064
f 7772 8005 8064
f 7921 7653 7979
f 7815 7780 8065
f 7780 8015 8065
f 7852 7633 8066
f 7633 7974 8066
f 7817 7758 8067
f 7818 7584 8018
f 7746 7877 8068
f 7819 7815 8069
f 7815 8065 8069
f 7881 7683 7930
f 7920 7626 8070
f 7626 7733 8070
f 7821 7619 8071
f 7619 7795 8071
f 7767 7917 7885
f 7672 8030 7855
f 7662 7989 7908
f 7824 7812 8072
f 7825 7623 8073
f 7941 7825 8073
f 7623 7817 8073
f 7829 7746 8074
f 7746 8068 8074
f 7788 7869 8075
f 7803 7857 8076
f 7690 7607 8077
f 8033 7690 8077
f 7607 7839 8077
f 7575 7828 8078
f 7830 7609 8079
f 7976 7830 8079
f 7609 7862 8079
f 7935 7786 8080
f 7998 7935 8080
f 7786 7868 8080
f 7757 7883 8081
f 7834 7512 8082
f 7512 7774 8082
f 7835 7761 8083
f 7761 8004 8083
f 7902 7788 8084
f 7788 8075 8084
f 7618 7791 8085
f 7836 7624 8086
f 7624 7824 8086
f 7942 7694 7926
f 7722 7969 7925
f 7791 7870 8087
f 7843 7643 8088
f 7643 8017 8088
f 7839 7796 8089
f 7796 8035 8089
f 7840 7803 8090
f 7803 8076 8090
f 7832 7936 8091
f 7841 7529 8092
f 7529 7789 8092
f 7844 7750 8093
f 7750 7997 8093
f 7845 7840 8094
f 7840 8090 8094
f 7846 7593 8095
f 7593 7843 8095
f 7847 7666 8096
f 8001 7847 8096
f 7666 8039 8096
f 7733 7978 8070
f 7781 7575 8078
f 7849 7757 8097
f 7757 8081 8097
f 7850 7645 8098
f 7645 7906 8098
f 7851 7845 8099
f 7845 8094 8099
f 7853 7801 8100
f 7801 8056 8100
f 7854 7618 8085
f 7774 7482 8101
f 7482 7745 8101
f 7856 7819 8102
f 7819 8069 8102
f 7857 7520 8103
f 8076 7857 8103
f 7520 7781 8103
f 8018 7762 8104
f 7762 7849 8104
f 7859 7622 8105
f 7622 7808 8105
f 7860 7838 8106
f 7838 7971 8106
f 7862 7832 8107
f 7832 8091 8107
f 7991 7667 8108
f 7667 7806 8108
f 7994 7765 8109
f 7765 8054 8109
f 8003 7743 8110
f 7743 7876 8110
f 7758 7894 8111
f 8067 7758 8111
f 7894 8062 8111
f 8011 7805 8112
f 7805 8049 8112
f 8019 7654 8113
f 7654 7861 8113
f 8021 7810 8114
f 7810 8055 8114
f 8023 7749 8115
f 7749 7941 8115
f 8078 7828 8116
f 7828 8057 8116
f 8072 7812 8117
f 7812 7893 8117
f 8085 7791 8118
f 7791 8087 8118
f 7877 7835 8119
f 8068 7877 8119
f 7835 8083 8119
f 7985 7881 8120
f 7878 7937 8121
f 7996 7864 8122
f 7864 8045 8122
f 7989 7988 8123
f 7908 7989 8123
f 7988 8043 8123
f 7883 7742 8124
f 8081 7883 8124
f 7742 7991 8124
f 7892 7790 8125
f 7790 8032 8125
f 7837 7891 8126
f 8026 7837 8126
f 7891 8008 8126
f 7882 7858 8127
f 7858 8047 8127
f 8006 7887 8128
f 7975 7775 8129
f 7775 8019 8129
f 8004 7886 8130
f 7917 7914 8131
f 7647 7850 8132
f 8005 7895 8133
f 7888 7754 8134
f 7754 7993 8134
f 7889 7785 8135
f 7785 8025 8135
f 7890 7888 8136
f 7888 8134 8136
f 8009 7933 8137
f 7933 7999 8137
f 7893 7831 8138
f 7831 8042 8138
f 8000 7852 8139
f 7852 8066 8139
f 7874 7902 8140
f 8057 7874 8140
f 7902 8084 8140
f 8013 7996 8141
f 8015 7976 8142
f 7976 8079 8142
f 8017 7771 8143
f 7771 8016 8143
f 7900 7982 8144
f 7898 7811 8060
f 8022 7901 8145
f 7901 8040 8145
f 7885 7917 8146
f 7917 8131 8146
f 7907 7855 8147
f 7886 7907 8147
f 7855 8030 8147
f 7884 7980 8148
f 8027 7919 8149
f 7919 8034 8149
f 7922 7934 8150
f 7744 7836 8151
f 7897 7744 8151
f 7836 8086 8151
f 7784 7792 8152
f 7792 8031 8152
f 8036 7865 8153
f 7865 7995 8153
f 8035 7905 8154
f 8039 7798 8155
f 7798 8037 8155
f 8038 7909 8156
f 7909 7981 8156
f 8070 7978 8157
f 8056 7889 8135
f 7906 7972 8158
f 8049 7871 8159
f 7871 8033 8159
f 8055 7872 8160
f 7872 8050 8160
f 8054 7867 8161
f 7867 7916 8161
f 7936 7769 8014
f 7903 7859 8162
f 7859 8105 8162
f 7927 7854 8163
f 7854 8085 8163
f 8075 7869 8164
f 7869 8026 8164
f 7928 7904 8165
f 7926 7903 8162
f 7934 7878 8166
f 7878 8121 8166
f 7787 7925 8167
f 7942 7926 8168
f 7926 8162 8168
f 7938 7922 8169
f 7922 8150 8169
f 7920 8070 8170
f 8070 8157 8170
f 7943 7942 8171
f 7942 8168 8171
f 7931 7985 8172
f 7985 8120 8172
f 7940 7899 8173
f 8087 7870 8174
f 7870 8029 8174
f 7944 7943 8175
f 7943 8171 8175
f 7945 7944 8176
f 7944 8175 8176
f 7946 7945 8177
f 7945 8176 8177
f 7947 7946 8178
f 7946 8177 8178
f 7948 7947 8179
f 7947 8178 8179
f 7949 7948 8180
f 7948 8179 8180
f 7950 7949 8181
f 7949 8180 8181
f 7951 7950 8182
f 7950 8181 8182
f 7952 7951 8183
f 7951 8182 8183
f 7953 7952 8184
f 7952 8183 8184
f 7954 7953 8185
f 7953 8184 8185
f 7955 7954 8186
f 7954 8185 8186
f 7956 7955 8187
f 7955 8186 8187
f 7957 7956 8188
f 7956 8187 8188
f 7958 7957 8189
f 7957 8188 8189
f 7959 7958 8190
f 7958 8189 8190
f 7960 7959 8191
f 7959 8190 8191
f 7961 7960 8192
f 7960 8191 8192
f 7962 7961 8193
f 7961 8192 8193
f 7963 7962 8194
f 7962 8193 8194
f 7964 7963 8195
f 7963 8194 8195
f 7965 7964 8196
f 7964 8195 8196
f 7966 7965 8197
f 7965 8196 8197
f 7967 7966 8198
f 7966 8197 8198
f 7968 7967 8199
f 7967 8198 8199
f 7969 7968 8200
f 7968 8199 8200
f 7972 7900 8201
f 7900 8144 8201
f 7879 7938 8202
f 7938 8169 8202
f 7973 7821 8203
f 7821 8071 8203
f 8091 7936 8204
f 7936 8014 8204
f 7875 7759 8205
f 7759 7994 8205
f 7974 7783 8206
f 8066 7974 8206
f 7783 8024 8206
f 7925 7969 8167
f 8028 7897 8207
f 7897 8151 8207
f 7977 7884 8208
f 7884 8148 8208
f 7887 7752 8209
f 8128 7887 8209
f 7752 8002 8209
f 7979 7977 8210
f 7977 8208 8210
f 7980 7931 8211
f 7931 8172 8211
f 7921 7979 8212
f 7979 8210 8212
f 7930 7885 8213
f 7885 8146 8213
f 7816 7851 8214
f 8063 7816 8214
f 7851 8099 8214
f 7863 7647 8132
f 7997 7880 8215
f 8132 7850 8098
f 7863 8132 8216
f 8132 8098 8216
f 8109 8054 8217
f 8121 7937 8218
f 7937 7920 8218
f 7992 7898 8219
f 7787 8167 7918
f 8110 7876 8220
f 7876 7970 8220
f 7995 7768 8221
f 7768 7987 8221
f 7905 7983 8222
f 8154 7905 8222
f 7983 8051 8222
f 7880 7998 8223
f 8215 7880 8223
f 7998 8080 8223
f 8057 8140 8224
f 8002 7784 8152
f 8131 7914 8225
f 7914 7939 8225
f 8129 8019 8226
f 8130 7886 8147
f 7997 8215 8227
f 8005 8133 8228
f 7969 8200 8167
f 7916 7863 8229
f 8161 7916 8229
f 7863 8216 8229
f 8009 8137 8230
f 8067 8111 8231
f 8008 7866 8232
f 7866 8003 8232
f 8113 7861 8233
f 7861 7918 8233
f 8014 7782 8234
f 8204 8014 8234
f 7782 8023 8234
f 8012 7873 8235
f 7873 8059 8235
f 7896 7875 8236
f 8015 8142 8237
f 7934 8166 8150
f 8144 7982 8238
f 7982 7879 8238
f 8006 8128 8239
f 7898 8060 8219
f 8114 8055 8240
f 8024 7844 8241
f 7844 8093 8241
f 8115 7941 8242
f 7941 8073 8242
f 8147 8030 8243
f 8130 8147 8243
f 8030 8013 8243
f 8003 8110 8244
f 8018 8104 8245
f 8116 8057 8246
f 8057 8224 8246
f 8027 8149 8247
f 8025 8006 8248
f 8006 8239 8248
f 8000 8139 8249
f 7980 8211 8148
f 7972 8201 8158
f 8036 8153 8250
f 8032 7829 8251
f 7829 8074 8251
f 8117 7893 8138
f 8034 7802 8252
f 8149 8034 8252
f 7802 8041 8252
f 8040 7853 8253
f 8145 8040 8253
f 7853 8100 8253
f 8039 8155 8254
f 7984 7973 8255
f 7973 8203 8255
f 8081 8124 8256
f 8038 8156 8257
f 8157 7978 8258
f 7978 7921 8258
f 8217 8054 8259
f 8054 8161 8259
f 8056 8135 8260
f 8058 7940 8261
f 7940 8173 8261
f 8041 7992 8262
f 8042 8027 8263
f 8027 8247 8263
f 8043 7882 8264
f 7882 8127 8264
f 8021 8114 8265
f 7913 7892 8266
f 7892 8125 8266
f 8049 8159 8267
f 8050 8010 8268
f 7990 7834 8269
f 7834 8082 8269
f 7904 7911 8270
f 8165 7904 8270
f 7911 8044 8270
f 8047 8009 8271
f 8009 8230 8271
f 8048 8038 8272
f 8038 8257 8272
f 8051 7813 8273
f 8222 8051 8273
f 7813 8061 8273
f 8053 8022 8274
f 8023 8115 8275
f 8075 8164 8276
f 8072 8117 8277
f 8059 8028 8278
f 7875 8205 8236
f 8060 7809 8279
f 8219 8060 8279
f 7809 8058 8279
f 8061 7860 8280
f 7860 8106 8280
f 8062 8036 8281
f 8036 8250 8281
f 8218 7920 8170
f 8035 8154 8282
f 8064 8005 8283
f 8005 8228 8283
f 8069 8065 8284
f 8065 8015 8285
f 8284 8065 8285
f 8015 8237 8285
f 8112 8049 8286
f 8049 8267 8286
f 7818 8018 8287
f 8120 7881 8288
f 7881 7930 8288
f 8076 8103 8289
f 7993 7807 8290
f 7807 8052 8290
f 7781 8078 8291
f 8071 7795 8292
f 7795 8021 8292
f 8163 8085 8293
f 8085 8118 8293
f 8077 7839 8294
f 7839 8089 8294
f 8073 7817 8295
f 8242 8073 8295
f 7817 8067 8295
f 8118 8087 8296
f 7924 7818 8287
f 8278 8028 8297
f 8028 8207 8297
f 8091 8204 8298
f 8104 7849 8299
f 7849 8097 8299
f 7971 7990 8300
f 7991 8108 8301
f 7929 7848 8302
f 8010 7929 8302
f 7848 8007 8302
f 8011 8112 8303
f 7999 7804 8304
f 8137 7999 8304
f 7804 8048 8304
f 8079 7862 8305
f 8142 8079 8305
f 7862 8107 8305
f 8017 8143 8306
f 8086 7824 8307
f 7824 8072 8307
f 8082 7774 8308
f 7774 8101 8308
f 7921 8212 8258
f 8031 7890 8309
f 7890 8136 8309
f 7868 8011 8310
f 7939 7928 8311
f 8225 7939 8311
f 7928 8165 8311
f 8029 7923 8312
f 7923 7986 8312
f 8074 8068 8313
f 8083 8004 8314
f 8084 8075 8315
f 8075 8276 8315
f 8173 7899 8316
f 7899 8020 8316
f 8141 7996 8317
f 7996 8122 8317
f 8092 7789 8318
f 7789 8064 8318
f 8088 8017 8319
f 8017 8306 8319
f 7970 7856 8320
f 8220 7970 8320
f 7856 8102 8320
f 8089 8035 8321
f 8035 8282 8321
f 8090 8076 8322
f 8076 8289 8322
f 8205 7994 8323
f 7994 8109 8323
f 8093 7997 8324
f 7997 8227 8324
f 8001 8096 8325
f 8094 8090 8326
f 8090 8322 8326
f 8095 7843 8327
f 7843 8088 8327
f 8096 8039 8328
f 8325 8096 8328
f 8039 8254 8328
f 8097 8081 8329
f 8081 8256 8329
f 8080 7868 8310
f 8098 7906 8330
f 8216 8098 8330
f 7906 8158 8330
f 8099 8094 8331
f 8094 8326 8331
f 8100 8056 8332
f 8056 8260 8332
f 8021 8265 8292
f 8102 8069 8333
f 8069 8284 8333
f 7981 7975 8334
f 8156 7981 8334
f 7975 8129 8334
f 8020 7908 8335
f 7908 8123 8335
f 8124 7991 8336
f 8256 8124 8336
f 7991 8301 8336
f 8103 7781 8291
f 8133 7895 8337
f 7895 7932 8337
f 8052 8001 8338
f 8001 8325 8338
f 8105 7808 8339
f 7808 8053 8339
f 8016 7766 8340
f 7766 7913 8340
f 8106 7971 8341
f 7971 8300 8341
f 8107 8091 8342
f 8091 8298 8342
f 7986 7841 8343
f 8312 7986 8343
f 7841 8092 8343
f 8007 7846 8344
f 7846 8095 8344
f 7896 8236 8046
f 8037 7814 8345
f 7814 8063 8345
f 8108 7806 8346
f 7806 8046 8346
f 7745 7984 8347
f 8101 7745 8347
f 7984 8255 8347
f 7987 7927 8348
f 8221 7987 8348
f 7927 8163 8348
f 8274 8022 8349
f 8022 8145 8349
f 8232 8003 8350
f 8003 8244 8350
f 8226 8019 8351
f 8019 8113 8351
f 8011 8303 8310
f 8234 8023 8352
f 8023 8275 8352
f 8238 7879 8202
f 8240 8055 8353
f 8055 8160 8353
f 8296 8087 8354
f 8087 8174 8354
f 8243 8013 8355
f 8013 8141 8355
f 8018 8245 8287
f 8262 7992 8356
f 7992 8219 8356
f 8288 7930 8213
f 8291 8078 8357
f 8078 8116 8357
f 8295 8067 8358
f 8067 8231 8358
f 8010 8302 8268
f 8307 8072 8359
f 8072 8277 8359
f 8314 8004 8360
f 8004 8130 8360
f 8313 8068 8361
f 8068 8119 8361
f 8121 8218 8362
f 7918 8167 8233
f 8123 8043 8363
f 8335 8123 8363
f 8043 8264 8363
f 8228 8133 8364
f 8159 8033 8365
f 8033 8077 8365
f 8152 8031 8366
f 8031 8309 8366
f 8111 8062 8367
f 8231 8111 8367
f 8062 8281 8367
f 8244 8110 8368
f 8110 8220 8368
f 8210 8208 8369
f 8227 8215 8370
f 8167 8200 8233
f 8135 8025 8371
f 8260 8135 8371
f 8025 8248 8371
f 8136 8134 8372
f 8138 8042 8373
f 8042 8263 8373
f 7763 7924 8374
f 8237 8142 8375
f 8142 8305 8375
f 8139 8066 8376
f 8066 8206 8376
f 8140 8084 8377
f 8224 8140 8377
f 8084 8315 8377
f 8306 8143 8378
f 8150 8166 8379
f 8143 8016 8380
f 8378 8143 8380
f 8016 8340 8380
f 8045 8012 8381
f 8122 8045 8381
f 8012 8235 8381
f 8239 8128 8382
f 8258 8212 8383
f 8254 8155 8384
f 8146 8131 8385
f 8245 8104 8386
f 8104 8299 8386
f 8247 8149 8387
f 8149 8252 8387
f 8249 8139 8388
f 8139 8376 8388
f 8302 8007 8389
f 8268 8302 8389
f 8007 8344 8389
f 8127 8047 8390
f 8047 8271 8390
f 8144 8238 8391
f 8148 8211 8392
f 8250 8153 8393
f 8155 8037 8394
f 8384 8155 8394
f 8037 8345 8394
f 8257 8156 8395
f 8156 8334 8395
f 8153 7995 8396
f 8393 8153 8396
f 7995 8221 8396
f 8157 8258 8397
f 8258 8383 8397
f 8158 8201 8398
f 8000 8249 8270
f 7763 8374 7932
f 8000 8270 8044
f 8374 7924 8287
f 8270 8249 8165
f 7932 8374 8337
f 8265 8114 8399
f 8114 8240 8399
f 8374 8287 8400
f 8337 8374 8400
f 8287 8245 8400
f 8301 8108 8401
f 8108 8346 8401
f 8125 8032 8402
f 8032 8251 8402
f 8267 8159 8403
f 8159 8365 8403
f 8276 8164 8404
f 8160 8050 8405
f 8050 8268 8405
f 8292 8265 8406
f 8275 8115 8407
f 8115 8242 8407
f 8230 8137 8408
f 8137 8304 8408
f 8168 8162 8409
f 8162 8105 8409
f 8236 8205 8410
f 8205 8323 8410
f 8204 8234 8411
f 8298 8204 8411
f 8234 8352 8411
f 8282 8154 8412
f 8120 8288 8413
f 8289 8103 8291
f 8071 8292 8414
f 8203 8071 8414
f 8292 8406 8414
f 8165 8249 8415
f 8130 8243 8416
f 8360 8130 8416
f 8243 8355 8416
f 8164 8026 8417
f 8404 8164 8417
f 8026 8126 8417
f 8300 7990 8418
f 7990 8269 8418
f 8080 8310 8223
f 8166 8121 8419
f 8121 8362 8419
f 8046 8236 8420
f 8346 8046 8420
f 8236 8410 8420
f 8117 8138 8421
f 8277 8117 8421
f 8138 8373 8421
f 8169 8150 8422
f 8150 8379 8422
f 8170 8157 8423
f 8157 8397 8423
f 8171 8168 8409
f 8119 8083 8424
f 8361 8119 8424
f 8083 8314 8424
f 8172 8120 8425
f 8120 8413 8425
f 8175 8171 8426
f 8176 8175 8427
f 8175 8426 8427
f 8177 8176 8428
f 8176 8427 8428
f 8178 8177 8429
f 8177 8428 8429
f 8179 8178 8430
f 8178 8429 8430
f 8180 8179 8431
f 8179 8430 8431
f 8181 8180 8432
f 8180 8431 8432
f 8182 8181 8433
f 8181 8432 8433
f 8183 8182 8434
f 8182 8433 8434
f 8184 8183 8435
f 8183 8434 8435
f 8185 8184 8436
f 8184 8435 8436
f 8186 8185 8437
f 8185 8436 8437
f 8187 8186 8438
f 8186 8437 8438
f 8188 8187 8439
f 8187 8438 8439
f 8189 8188 8440
f 8188 8439 8440
f 8190 8189 8441
f 8189 8440 8441
f 8191 8190 8442
f 8190 8441 8442
f 8192 8191 8443
f 8191 8442 8443
f 8193 8192 8444
f 8192 8443 8444
f 8194 8193 8445
f 8193 8444 8445
f 8195 8194 8446
f 8194 8445 8446
f 8196 8195 8447
f 8195 8446 8447
f 8197 8196 8448
f 8196 8447 8448
f 8198 8197 8449
f 8197 8448 8449
f 8199 8198 8450
f 8198 8449 8450
f 8200 8199 8451
f 8199 8450 8451
f 8201 8144 8452
f 8144 8391 8452
f 8202 8169 8453
f 8169 8422 8453
f 8174 8029 8454
f 8029 8312 8454
f 8151 8086 8455
f 8207 8151 8455
f 8086 8307 8455
f 8208 8148 8456
f 8148 8392 8456
f 8134 7993 8457
f 8372 8134 8457
f 7993 8290 8457
f 8211 8172 8458
f 8172 8425 8458
f 8212 8210 8459
f 8210 8369 8459
f 8303 8112 8460
f 8112 8286 8460
f 8213 8146 8461
f 8146 8385 8461
f 8289 8291 8462
f 8291 8357 8462
f 8260 8371 8463
f 8321 8282 8464
f 8349 8145 8465
f 8145 8253 8465
f 8350 8244 8466
f 8365 8077 8294
f 8276 8404 8467
f 8002 8152 8468
f 8344 8095 8469
f 8095 8327 8469
f 8331 8326 8470
f 8126 8008 8471
f 8008 8232 8471
f 8369 8208 8456
f 8227 8370 8472
f 8233 8200 8473
f 8113 8233 8473
f 8200 8451 8473
f 8105 8339 8409
f 8229 8216 8330
f 8352 8275 8474
f 8305 8107 8475
f 8375 8305 8475
f 8107 8342 8475
f 8215 8223 8476
f 8370 8215 8476
f 8223 8310 8476
f 8237 8375 8477
f 8242 8295 8478
f 8407 8242 8478
f 8295 8358 8478
f 8379 8166 8419
f 8353 8160 8479
f 8160 8405 8479
f 8383 8212 8459
f 8240 8353 8480
f 8254 8384 8481
f 8280 8106 8482
f 8106 8341 8482
f 8354 8174 8483
f 8174 8454 8483
f 8041 8262 8484
f 8141 8317 8485
f 8355 8141 8486
f 8141 8485 8486
f 8385 8131 8487
f 8131 8225 8487
f 8356 8219 8488
f 8219 8279 8488
f 8253 8100 8489
f 8465 8253 8489
f 8100 8332 8489
f 8161 8229 8490
f 8259 8161 8490
f 8229 8330 8490
f 8392 8211 8458
f 8391 8238 8491
f 8238 8202 8491
f 8250 8393 8492
f 8251 8074 8493
f 8074 8313 8493
f 8239 8382 8494
f 8053 8274 8495
f 8230 8408 8496
f 8267 8403 8497
f 8231 8367 8498
f 8252 8041 8484
f 8255 8203 8499
f 8203 8414 8499
f 8398 8201 8452
f 8364 8133 8500
f 8133 8337 8500
f 8493 8313 8501
f 8399 8240 8502
f 8240 8480 8502
f 8202 8453 8491
f 8274 8349 8503
f 8264 8127 8504
f 8127 8390 8504
f 7913 8266 8340
f 8405 8268 8505
f 8268 8389 8505
f 8218 8170 8506
f 8249 8388 8415
f 8165 8415 8311
f 8300 8418 8507
f 8272 8257 8508
f 8273 8061 8509
f 8061 8280 8509
f 8154 8222 8510
f 8412 8154 8510
f 8222 8273 8510
f 8406 8265 8511
f 8265 8399 8511
f 8173 8316 8512
f 8314 8360 8513
f 8059 8278 8514
f 8279 8058 8515
f 8488 8279 8515
f 8058 8261 8515
f 8269 8082 8516
f 8082 8308 8516
f 8413 8288 8517
f 8288 8213 8517
f 8285 8237 8518
f 8237 8477 8518
f 8281 8250 8519
f 8250 8492 8519
f 8283 8228 8520
f 8286 8267 8521
f 8267 8497 8521
f 8284 8285 8522
f 8285 8518 8522
f 8357 8116 8523
f 8116 8246 8523
f 8248 8239 8524
f 8239 8494 8524
f 8262 8356 8525
f 8266 8125 8526
f 8125 8402 8526
f 8358 8231 8527
f 8231 8498 8527
f 8277 8421 8528
f 8301 8401 8529
f 8293 8118 8530
f 8118 8296 8530
f 8298 8411 8531
f 8263 8247 8532
f 8294 8089 8533
f 8089 8321 8533
f 8129 8226 8534
f 8476 8310 8303
f 8299 8097 8535
f 8097 8329 8535
f 8290 8052 8536
f 8052 8338 8536
f 8297 8207 8537
f 8207 8455 8537
f 8514 8278 8538
f 8271 8230 8539
f 8230 8496 8539
f 8359 8277 8540
f 8277 8528 8540
f 8304 8048 8541
f 8408 8304 8541
f 8048 8272 8541
f 8315 8276 8542
f 8276 8467 8542
f 8471 8232 8543
f 8232 8350 8543
f 8152 8366 8468
f 8296 8354 8544
f 8308 8101 8545
f 8101 8347 8545
f 8309 8136 8546
f 8136 8372 8546
f 8362 8218 8506
f 8424 8314 8547
f 8314 8513 8547
f 8306 8378 8548
f 8316 8020 8549
f 8020 8335 8549
f 8226 8351 8550
f 8426 8171 8409
f 8256 8336 8551
f 8317 8122 8552
f 8122 8381 8552
f 8318 8064 8553
f 8064 8283 8553
f 8319 8306 8554
f 8306 8548 8554
f 8320 8102 8555
f 8102 8333 8555
f 8235 8059 8514
f 8325 8328 8556
f 8322 8289 8557
f 8289 8462 8557
f 8323 8109 8558
f 8109 8217 8558
f 8324 8227 8559
f 8227 8472 8559
f 8329 8256 8560
f 8256 8551 8560
f 8206 8024 8561
f 8376 8206 8561
f 8024 8241 8561
f 8327 8088 8562
f 8088 8319 8562
f 8328 8254 8563
f 8556 8328 8563
f 8254 8481 8563
f 8261 8173 8564
f 8173 8512 8564
f 8455 8307 8565
f 8537 8455 8565
f 8307 8359 8565
f 8224 8377 8566
f 8330 8158 8490
f 8209 8002 8468
f 8332 8260 8567
f 8260 8463 8567
f 8217 8259 8568
f 8246 8224 8569
f 8224 8566 8569
f 8464 8282 8570
f 8282 8412 8570
f 8333 8284 8571
f 8284 8522 8571
f 8348 8163 8572
f 8163 8293 8572
f 8334 8129 8534
f 8336 8301 8573
f 8551 8336 8573
f 8301 8529 8573
f 8338 8325 8574
f 8325 8556 8574
f 8339 8053 8495
f 8341 8300 8575
f 8300 8507 8575
f 8342 8298 8576
f 8298 8531 8576
f 8343 8092 8577
f 8092 8318 8577
f 8128 8209 8578
f 8382 8128 8578
f 8209 8468 8578
f 8214 8099 8579
f 8099 8331 8579
f 8345 8063 8580
f 8063 8214 8580
f 8241 8093 8581
f 8093 8324 8581
f 8466 8244 8582
f 8244 8368 8582
f 8470 8326 8583
f 8326 8322 8583
f 8113 8473 8351
f 8474 8275 8584
f 8275 8407 8584
f 8484 8262 8585
f 8262 8525 8585
f 8495 8274 8586
f 8274 8503 8586
f 8501 8313 8587
f 8313 8361 8587
f 8532 8247 8588
f 8247 8387 8588
f 8506 8170 8423
f 8508 8257 8589
f 8257 8395 8589
f 8530 8296 8590
f 8296 8544 8590
f 8517 8213 8461
f 8520 8228 8591
f 8228 8364 8591
f 8534 8226 8592
f 8226 8550 8592
f 8476 8303 8593
f 8370 8476 8593
f 8303 8460 8593
f 8538 8278 8594
f 8278 8297 8594
f 8558 8217 8595
f 8217 8568 8595
f 8490 8158 8398
f 8337 8400 8500
f 8365 8294 8596
f 8403 8365 8596
f 8294 8533 8596
f 8467 8404 8597
f 8366 8309 8598
f 8309 8546 8598
f 8126 8471 8417
f 8490 8398 8259
f 8367 8281 8599
f 8498 8367 8599
f 8281 8519 8599
f 8477 8375 8600
f 8375 8475 8600
f 8397 8383 8601
f 8473 8451 8602
f 8472 8370 8603
f 8370 8593 8603
f 8371 8248 8604
f 8248 8524 8604
f 8368 8220 8605
f 8220 8320 8605
f 8390 8271 8606
f 8271 8539 8606
f 8369 8456 8607
f 8514 8538 8608
f 8373 8263 8609
f 8263 8532 8609
f 8529 8401 8610
f 8386 8299 8611
f 8299 8535 8611
f 8377 8315 8612
f 8566 8377 8612
f 8315 8542 8612
f 8485 8317 8613
f 8317 8552 8613
f 8481 8384 8614
f 8395 8334 8534
f 8480 8353 8615
f 8353 8479 8615
f 8497 8403 8616
f 8403 8596 8616
f 8245 8386 8617
f 8387 8252 8484
f 8496 8408 8618
f 8408 8541 8618
f 8388 8376 8619
f 8376 8561 8619
f 8362 8506 8620
f 8389 8344 8621
f 8505 8389 8621
f 8344 8469 8621
f 8492 8393 8622
f 8494 8382 8623
f 8221 8348 8624
f 8396 8221 8624
f 8348 8572 8624
f 8245 8617 8400
f 8395 8534 8625
f 8589 8395 8625
f 8534 8592 8625
f 8617 8386 8626
f 8386 8611 8626
f 8387 8484 8627
f 8588 8387 8627
f 8484 8585 8627
f 8400 8617 8500
f 8458 8425 8628
f 8503 8349 8629
f 8349 8465 8629
f 8415 8388 8630
f 8402 8251 8631
f 8251 8493 8631
f 8235 8514 8632
f 8381 8235 8632
f 8514 8608 8632
f 8418 8269 8633
f 8269 8516 8633
f 8507 8418 8634
f 8418 8633 8634
f 8513 8360 8635
f 8360 8416 8635
f 8512 8316 8636
f 8316 8549 8636
f 8392 8458 8637
f 8458 8628 8637
f 8410 8323 8638
f 8323 8558 8638
f 8339 8495 8409
f 8411 8352 8639
f 8531 8411 8639
f 8352 8474 8639
f 8525 8356 8640
f 8356 8488 8640
f 8463 8371 8604
f 8391 8491 8641
f 8528 8421 8642
f 8421 8373 8642
f 8398 8452 8643
f 8419 8362 8644
f 8362 8620 8644
f 8361 8424 8645
f 8587 8361 8645
f 8424 8547 8645
f 8544 8354 8646
f 8354 8483 8646
f 8259 8398 8568
f 8422 8379 8647
f 8312 8343 8648
f 8454 8312 8648
f 8343 8577 8648
f 8401 8346 8649
f 8610 8401 8649
f 8346 8420 8649
f 8225 8311 8650
f 8487 8225 8650
f 8311 8415 8650
f 8423 8397 8651
f 8397 8601 8651
f 8517 8461 8652
f 8548 8378 8653
f 8550 8351 8602
f 8426 8409 8495
f 8427 8426 8654
f 8428 8427 8655
f 8427 8654 8655
f 8429 8428 8656
f 8428 8655 8656
f 8430 8429 8657
f 8429 8656 8657
f 8431 8430 8658
f 8430 8657 8658
f 8432 8431 8659
f 8431 8658 8659
f 8433 8432 8660
f 8432 8659 8660
f 8434 8433 8661
f 8433 8660 8661
f 8435 8434 8662
f 8434 8661 8662
f 8436 8435 8663
f 8435 8662 8663
f 8437 8436 8664
f 8436 8663 8664
f 8438 8437 8665
f 8437 8664 8665
f 8439 8438 8666
f 8438 8665 8666
f 8440 8439 8667
f 8439 8666 8667
f 8441 8440 8668
f 8440 8667 8668
f 8442 8441 8669
f 8441 8668 8669
f 8443 8442 8670
f 8442 8669 8670
f 8444 8443 8671
f 8443 8670 8671
f 8445 8444 8672
f 8444 8671 8672
f 8446 8445 8673
f 8445 8672 8673
f 8447 8446 8674
f 8446 8673 8674
f 8448 8447 8675
f 8447 8674 8675
f 8449 8448 8676
f 8448 8675 8676
f 8450 8449 8677
f 8449 8676 8677
f 8451 8450 8678
f 8602 8451 8678
f 8450 8677 8678
f 8452 8391 8679
f 8391 8641 8679
f 8453 8422 8680
f 8422 8647 8680
f 8351 8473 8602
f 8340 8266 8681
f 8380 8340 8681
f 8266 8526 8681
f 8379 8419 8682
f 8419 8644 8682
f 8456 8392 8683
f 8392 8637 8683
f 8459 8369 8684
f 8369 8607 8684
f 8460 8286 8685
f 8286 8521 8685
f 8468 8366 8686
f 8578 8468 8686
f 8366 8598 8686
f 8413 8517 8687
f 8517 8652 8687
f 8462 8357 8688
f 8357 8523 8688
f 8347 8255 8689
f 8545 8347 8689
f 8255 8499 8689
f 8568 8398 8643
f 8426 8495 8654
f 8321 8464 8690
f 8363 8264 8691
f 8264 8504 8691
f 8415 8630 8650
f 8583 8322 8557
f 8382 8578 8692
f 8623 8382 8692
f 8578 8686 8692
f 8474 8584 8693
f 8492 8622 8694
f 8608 8538 8695
f 8601 8383 8696
f 8383 8459 8696
f 8472 8603 8697
f 8584 8407 8698
f 8407 8478 8698
f 8475 8342 8699
f 8600 8475 8699
f 8342 8576 8699
f 8393 8396 8700
f 8622 8393 8700
f 8396 8624 8700
f 8605 8320 8555
f 8585 8525 8701
f 8579 8331 8702
f 8331 8470 8702
f 8607 8456 8683
f 8513 8635 8703
f 8373 8609 8642
f 8335 8363 8704
f 8363 8691 8704
f 8594 8297 8705
f 8297 8537 8705
f 8486 8485 8706
f 8478 8358 8707
f 8698 8478 8707
f 8358 8527 8707
f 8562 8319 8708
f 8319 8554 8708
f 8614 8384 8709
f 8384 8394 8709
f 8520 8591 8710
f 8479 8405 8711
f 8405 8505 8711
f 8508 8589 8712
f 8378 8380 8713
f 8653 8378 8713
f 8380 8681 8713
f 8470 8583 8714
f 8483 8454 8715
f 8454 8648 8715
f 8586 8503 8716
f 8385 8487 8717
f 8631 8493 8718
f 8493 8501 8718
f 8516 8308 8719
f 8308 8545 8719
f 8489 8332 8720
f 8332 8567 8720
f 8556 8563 8721
f 8620 8506 8722
f 8506 8423 8722
f 8501 8587 8723
f 8494 8623 8724
f 8372 8457 8725
f 8381 8632 8552
f 8520 8710 8726
f 8628 8425 8727
f 8425 8413 8727
f 8388 8619 8630
f 8496 8618 8728
f 8499 8414 8729
f 8414 8406 8729
f 8482 8341 8730
f 8341 8575 8730
f 8502 8480 8731
f 8497 8616 8732
f 8504 8390 8733
f 8390 8606 8733
f 8507 8634 8734
f 8539 8496 8735
f 8496 8728 8735
f 8509 8280 8736
f 8280 8482 8736
f 8702 8470 8737
f 8470 8714 8737
f 8590 8544 8738
f 8272 8508 8739
f 8477 8600 8740
f 8273 8509 8510
f 8500 8617 8741
f 8364 8500 8741
f 8617 8626 8741
f 8542 8467 8742
f 8638 8558 8743
f 8558 8595 8743
f 8466 8582 8744
f 8283 8520 8745
f 8739 8508 8746
f 8508 8712 8746
f 8639 8474 8747
f 8474 8693 8747
f 8412 8510 8748
f 8510 8509 8748
f 8521 8497 8749
f 8497 8732 8749
f 8591 8364 8750
f 8364 8741 8750
f 8518 8477 8751
f 8477 8740 8751
f 8519 8492 8752
f 8492 8694 8752
f 8464 8570 8753
f 8592 8550 8754
f 8742 8467 8755
f 8467 8597 8755
f 8522 8518 8756
f 8518 8751 8756
f 8523 8246 8757
f 8246 8569 8757
f 8524 8494 8758
f 8494 8724 8758
f 8335 8704 8549
f 8379 8682 8647
f 8641 8491 8759
f 8491 8453 8759
f 8528 8642 8760
f 8527 8498 8761
f 8643 8452 8679
f 8293 8530 8762
f 8416 8355 8763
f 8635 8416 8763
f 8355 8486 8763
f 8529 8610 8764
f 8551 8573 8765
f 8593 8460 8766
f 8603 8593 8766
f 8460 8685 8766
f 8535 8329 8767
f 8329 8560 8767
f 8536 8338 8768
f 8338 8574 8768
f 8512 8636 8769
f 8526 8402 8770
f 8402 8631 8770
f 8595 8568 8771
f 8568 8643 8771
f 8511 8399 8772
f 8399 8502 8772
f 8515 8261 8773
f 8261 8564 8773
f 8540 8528 8774
f 8528 8760 8774
f 8541 8272 8739
f 8520 8726 8745
f 8533 8321 8690
f 8420 8410 8775
f 8649 8420 8775
f 8410 8638 8775
f 8350 8466 8776
f 8543 8350 8776
f 8469 8327 8777
f 8327 8562 8777
f 8546 8372 8778
f 8372 8725 8778
f 8652 8461 8779
f 8461 8385 8779
f 8548 8653 8780
f 8547 8513 8781
f 8513 8703 8781
f 8550 8602 8782
f 8754 8550 8782
f 8602 8678 8782
f 8459 8684 8696
f 8690 8464 8783
f 8464 8753 8783
f 8293 8762 8572
f 8574 8556 8784
f 8556 8721 8784
f 8481 8614 8785
f 8553 8283 8745
f 8463 8604 8786
f 8404 8417 8787
f 8597 8404 8787
f 8417 8471 8787
f 8554 8548 8788
f 8548 8780 8788
f 8555 8333 8789
f 8333 8571 8789
f 8557 8462 8790
f 8462 8688 8790
f 8531 8639 8791
f 8639 8747 8791
f 8776 8466 8792
f 8466 8744 8792
f 8423 8651 8722
f 8564 8512 8793
f 8512 8769 8793
f 8559 8472 8794
f 8472 8697 8794
f 8560 8551 8795
f 8551 8765 8795
f 8561 8241 8796
f 8241 8581 8796
f 8563 8481 8797
f 8721 8563 8797
f 8481 8785 8797
f 8565 8359 8798
f 8359 8540 8798
f 8214 8579 8580
f 8609 8532 8799
f 8457 8290 8800
f 8725 8457 8800
f 8290 8536 8800
f 8569 8566 8801
f 8567 8463 8802
f 8463 8786 8802
f 8727 8413 8687
f 8570 8412 8803
f 8412 8748 8803
f 8571 8522 8804
f 8522 8756 8804
f 8573 8529 8805
f 8765 8573 8805
f 8529 8764 8805
f 8575 8507 8806
f 8507 8734 8806
f 8576 8531 8807
f 8531 8791 8807
f 8577 8318 8808
f 8318 8553 8808
f 8581 8324 8809
f 8324 8559 8809
f 8582 8368 8810
f 8368 8605 8810
f 8718 8501 8811
f 8501 8723 8811
f 8394 8345 8812
f 8709 8394 8812
f 8345 8580 8812
f 8695 8538 8813
f 8538 8594 8813
f 8701 8525 8814
f 8525 8640 8814
f 8706 8485 8815
f 8485 8613 8815
f 8716 8503 8816
f 8503 8629 8816
f 8385 8717 8779
f 8729 8406 8817
f 8406 8511 8817
f 8731 8480 8818
f 8480 8615 8818
f 8738 8544 8819
f 8544 8646 8819
f 8761 8498 8820
f 8498 8599 8820
f 8759 8453 8680
f 8762 8530 8821
f 8530 8590 8821
f 8787 8471 8543
f 8801 8566 8822
f 8566 8612 8822
f 8799 8532 8823
f 8532 8588 8823
f 8596 8533 8824
f 8616 8596 8824
f 8533 8690 8824
f 8694 8622 8825
f 8598 8546 8826
f 8546 8778 8826
f 8608 8695 8827
f 8601 8696 8828
f 8599 8519 8829
f 8820 8599 8829
f 8519 8752 8829
f 8679 8641 8830
f 8697 8603 8831
f 8603 8766 8831
f 8604 8524 8832
f 8524 8758 8832
f 8717 8487 8833
f 8487 8650 8833
f 8606 8539 8834
f 8539 8735 8834
f 8703 8635 8835
f 8635 8763 8835
f 8642 8609 8836
f 8760 8642 8836
f 8609 8799 8836
f 8583 8557 8837
f 8714 8583 8837
f 8557 8790 8837
f 8612 8542 8838
f 8542 8742 8838
f 8465 8489 8839
f 8629 8465 8839
f 8489 8720 8839
f 8710 8591 8840
f 8591 8750 8840
f 8712 8589 8841
f 8589 8625 8841
f 8615 8479 8842
f 8479 8711 8842
f 8651 8601 8843
f 8601 8828 8843
f 8618 8541 8739
f 8620 8722 8844
f 8619 8561 8796
f 8723 8587 8845
f 8587 8645 8845
f 8646 8483 8846
f 8483 8715 8846
f 8693 8584 8847
f 8584 8698 8847
f 8652 8779 8848
f 8552 8632 8849
f 8613 8552 8849
f 8632 8608 8849
f 8726 8710 8850
f 8605 8555 8851
f 8810 8605 8851
f 8555 8789 8851
f 8628 8727 8852
f 8580 8579 8853
f 8812 8580 8853
f 8579 8702 8853
f 8728 8618 8854
f 8618 8739 8854
f 8734 8634 8855
f 8650 8630 8833
f 8682 8644 8856
f 8626 8611 8857
f 8745 8726 8858
f 8740 8600 8859
f 8600 8699 8859
f 8764 8610 8860
f 8495 8586 8654
f 8741 8626 8861
f 8750 8741 8861
f 8626 8857 8861
f 8636 8549 8862
f 8549 8704 8862
f 8637 8628 8863
f 8628 8852 8863
f 8744 8582 8864
f 8582 8810 8864
f 8748 8509 8736
f 8488 8515 8865
f 8640 8488 8865
f 8515 8773 8865
f 8644 8620 8866
f 8620 8844 8866
f 8753 8570 8867
f 8570 8803 8867
f 8643 8679 8868
f 8771 8643 8868
f 8679 8830 8868
f 8769 8636 8869
f 8636 8862 8869
f 8648 8577 8870
f 8577 8808 8870
f 8586 8716 8654
f 8655 8654 8716
f 8647 8682 8871
f 8682 8856 8871
f 8780 8653 8872
f 8630 8619 8873
f 8607 8683 8874
f 8785 8614 8875
f 8553 8745 8876
f 8808 8553 8876
f 8745 8858 8876
f 8786 8604 8832
f 8656 8655 8877
f 8655 8716 8877
f 8657 8656 8878
f 8656 8877 8878
f 8658 8657 8879
f 8657 8878 8879
f 8659 8658 8880
f 8658 8879 8880
f 8660 8659 8881
f 8659 8880 8881
f 8661 8660 8882
f 8660 8881 8882
f 8662 8661 8883
f 8661 8882 8883
f 8663 8662 8884
f 8662 8883 8884
f 8664 8663 8885
f 8663 8884 8885
f 8665 8664 8886
f 8664 8885 8886
f 8666 8665 8887
f 8665 8886 8887
f 8667 8666 8888
f 8666 8887 8888
f 8668 8667 8889
f 8667 8888 8889
f 8669 8668 8890
f 8668 8889 8890
f 8670 8669 8891
f 8669 8890 8891
f 8671 8670 8892
f 8670 8891 8892
f 8672 8671 8893
f 8671 8892 8893
f 8673 8672 8894
f 8672 8893 8894
f 8674 8673 8895
f 8673 8894 8895
f 8675 8674 8896
f 8674 8895 8896
f 8676 8675 8897
f 8675 8896 8897
f 8677 8676 8898
f 8676 8897 8898
f 8680 8647 8899
f 8647 8871 8899
f 8732 8616 8900
f 8616 8824 8900
f 8611 8535 8901
f 8857 8611 8901
f 8535 8767 8901
f 8724 8623 8902
f 8683 8637 8903
f 8637 8863 8903
f 8759 8680 8904
f 8680 8899 8904
f 8684 8607 8905
f 8607 8874 8905
f 8685 8521 8906
f 8521 8749 8906
f 8537 8565 8907
f 8565 8798 8907
f 8688 8523 8908
f 8523 8757 8908
f 8687 8652 8909
f 8652 8848 8909
f 8722 8651 8910
f 8651 8843 8910
f 8633 8516 8911
f 8516 8719 8911
f 8787 8543 8912
f 8597 8787 8912
f 8543 8776 8912
f 8695 8813 8913
f 8814 8640 8914
f 8640 8865 8914
f 8827 8695 8915
f 8695 8913 8915
f 8572 8762 8916
f 8569 8801 8917
f 8734 8855 8918
f 8767 8560 8919
f 8560 8795 8919
f 8697 8831 8920
f 8681 8526 8921
f 8713 8681 8921
f 8526 8770 8921
f 8722 8910 8844
f 8780 8872 8922
f 8699 8576 8923
f 8576 8807 8923
f 8691 8504 8924
f 8504 8733 8924
f 8728 8854 8925
f 8707 8527 8926
f 8527 8761 8926
f 8836 8799 8927
f 8704 8691 8928
f 8691 8924 8928
f 8732 8900 8929
f 8705 8537 8907
f 8816 8629 8930
f 8629 8839 8930
f 8711 8505 8931
f 8505 8621 8931
f 8764 8860 8932
f 8813 8594 8933
f 8594 8705 8933
f 8858 8726 8934
f 8726 8850 8934
f 8621 8469 8935
f 8469 8777 8935
f 8653 8713 8936
f 8872 8653 8936
f 8713 8921 8936
f 8715 8648 8870
f 8693 8847 8937
f 8694 8825 8938
f 8825 8622 8939
f 8622 8700 8939
f 8627 8585 8940
f 8585 8701 8940
f 8817 8511 8941
f 8511 8772 8941
f 8631 8718 8942
f 8706 8815 8943
f 8608 8827 8849
f 8696 8684 8944
f 8696 8944 8828
f 8719 8545 8945
f 8545 8689 8945
f 8720 8567 8946
f 8567 8802 8946
f 8798 8540 8947
f 8540 8774 8947
f 8619 8796 8873
f 8848 8779 8948
f 8779 8717 8948
f 8613 8849 8949
f 8815 8613 8949
f 8849 8827 8949
f 8853 8702 8950
f 8702 8737 8950
f 8502 8731 8951
f 8902 8623 8952
f 8623 8692 8952
f 8818 8615 8953
f 8615 8842 8953
f 8499 8729 8954
f 8730 8575 8955
f 8575 8806 8955
f 8746 8712 8956
f 8819 8646 8957
f 8646 8846 8957
f 8731 8818 8958
f 8625 8592 8959
f 8841 8625 8959
f 8592 8754 8959
f 8644 8866 8856
f 8766 8685 8960
f 8831 8766 8960
f 8685 8906 8960
f 8833 8630 8961
f 8630 8873 8961
f 8703 8835 8962
f 8721 8797 8963
f 8736 8482 8964
f 8482 8730 8964
f 8737 8714 8965
f 8499 8954 8689
f 8830 8641 8966
f 8641 8759 8966
f 8786 8832 8967
f 8740 8859 8968
f 8788 8780 8969
f 8780 8922 8969
f 8634 8633 8970
f 8677 8898 8971
f 8769 8869 8972
f 8755 8597 8973
f 8597 8912 8973
f 8743 8595 8974
f 8595 8771 8974
f 8727 8687 8975
f 8739 8746 8854
f 8747 8693 8976
f 8693 8937 8976
f 8749 8732 8977
f 8732 8929 8977
f 8862 8704 8928
f 8751 8740 8978
f 8740 8968 8978
f 8752 8694 8979
f 8694 8938 8979
f 8742 8755 8980
f 8756 8751 8981
f 8751 8978 8981
f 8757 8569 8917
f 8701 8814 8982
f 8758 8724 8983
f 8763 8486 8984
f 8835 8763 8984
f 8486 8706 8984
f 8821 8590 8985
f 8590 8738 8985
f 8875 8614 8986
f 8614 8709 8986
f 8760 8836 8987
f 8836 8927 8987
f 8806 8734 8988
f 8734 8918 8988
f 8723 8845 8989
f 8765 8805 8990
f 8716 8816 8877
f 8684 8905 8944
f 8770 8631 8942
f 8624 8572 8916
f 8768 8574 8991
f 8574 8784 8991
f 8850 8710 8992
f 8710 8840 8992
f 8772 8502 8951
f 8773 8564 8993
f 8564 8793 8993
f 8774 8760 8994
f 8760 8987 8994
f 8754 8782 8971
f 8645 8547 8995
f 8845 8645 8995
f 8547 8781 8995
f 8775 8638 8996
f 8638 8743 8996
f 8735 8728 8997
f 8728 8925 8997
f 8781 8703 8998
f 8703 8962 8998
f 8777 8562 8999
f 8562 8708 8999
f 8708 8554 9000
f 8554 8788 9000
f 8874 8683 8903
f 8778 8725 9001
f 8612 8838 8822
f 8838 8742 9002
f 8742 8980 9002
f 8984 8706 9003
f 8706 8943 9003
f 8785 8875 9004
f 8753 8867 9005
f 8761 8820 9006
f 8783 8753 9007
f 8753 9005 9007
f 8784 8721 9008
f 8721 8963 9008
f 8801 8822 9009
f 8789 8571 9010
f 8571 8804 9010
f 8790 8688 9011
f 8688 8908 9011
f 8791 8747 9012
f 8747 8976 9012
f 8792 8744 9013
f 8733 8606 9014
f 8606 8834 9014
f 8823 8588 9015
f 8588 8627 9015
f 8793 8769 9016
f 8769 8972 9016
f 8794 8697 9017
f 8697 8920 9017
f 8795 8765 9018
f 8765 8990 9018
f 8796 8581 9019
f 8581 8809 9019
f 8797 8785 9020
f 8785 9004 9020
f 8800 8536 9021
f 8536 8768 9021
f 8824 8690 9022
f 8900 8824 9022
f 8690 8783 9022
f 8725 8800 9023
f 9001 8725 9023
f 8800 9021 9023
f 8802 8786 9024
f 8786 8967 9024
f 8959 8754 9025
f 8754 8971 9025
f 8803 8748 9026
f 8748 8736 9026
f 8717 8833 9027
f 8948 8717 9027
f 8833 8961 9027
f 8738 8819 9028
f 8804 8756 9029
f 8756 8981 9029
f 8805 8764 9030
f 8990 8805 9030
f 8764 8932 9030
f 8686 8598 9031
f 8692 8686 9031
f 8598 8826 9031
f 8807 8791 9032
f 8791 9012 9032
f 8917 8801 9033
f 8801 9009 9033
f 8809 8559 9034
f 8559 8794 9034
f 8610 8649 9035
f 8860 8610 9035
f 8649 8775 9035
f 8852 8727 8975
f 8811 8723 9036
f 8723 8989 9036
f 8912 8776 9037
f 8973 8912 9037
f 8776 8792 9037
f 8926 8761 9038
f 8761 9006 9038
f 8927 8799 9039
f 8799 8823 9039
f 8985 8738 9040
f 8738 9028 9040
f 8940 8701 9041
f 8701 8982 9041
f 8942 8718 9042
f 8718 8811 9042
f 8634 8970 8855
f 8951 8731 9043
f 8731 8958 9043
f 8954 8729 9044
f 8729 8817 9044
f 8956 8712 9045
f 8712 8841 9045
f 8965 8714 9046
f 8714 8837 9046
f 8966 8759 8904
f 8970 8633 8911
f 8975 8687 8909
f 8983 8724 9047
f 8724 8902 9047
f 9013 8744 9048
f 8744 8864 9048
f 8826 8778 9049
f 8778 9001 9049
f 8916 8762 9050
f 8920 8831 9051
f 8831 8960 9051
f 8832 8758 9052
f 8967 8832 9052
f 8758 8983 9052
f 8922 8872 9053
f 8762 8821 9050
f 8700 8624 8916
f 8834 8735 9054
f 8735 8997 9054
f 8929 8900 9055
f 8900 9022 9055
f 8859 8699 8923
f 8698 8707 9056
f 8847 8698 9056
f 8707 8926 9056
f 8932 8860 9057
f 8839 8720 9058
f 8930 8839 9058
f 8720 8946 9058
f 8975 8909 9059
f 8842 8711 9060
f 8711 8931 9060
f 8937 8847 9061
f 8847 9056 9061
f 8843 8828 9062
f 8873 8796 9019
f 9028 8819 9063
f 8819 8957 9063
f 8855 8970 9064
f 8846 8715 9065
f 8715 8870 9065
f 8812 8853 9066
f 8709 8812 9066
f 8853 8950 9066
f 8958 8818 9067
f 8818 8953 9067
f 8841 8959 9068
f 9045 8841 9068
f 8959 9025 9068
f 8968 8859 9069
f 8859 8923 9069
f 8840 8750 9070
f 8750 8861 9070
f 8963 8797 9020
f 8962 8835 9071
f 8835 8984 9071
f 8689 8954 8945
f 8677 8971 8782
f 8863 8852 9072
f 8864 8810 9073
f 8810 8851 9073
f 8854 8746 9074
f 8925 8854 9074
f 8746 8956 9074
f 8865 8773 9075
f 8773 8993 9075
f 8867 8803 9076
f 8803 9026 9076
f 8980 8755 9077
f 8755 8973 9077
f 8856 8866 9078
f 8982 8814 9079
f 8814 8914 9079
f 8837 8790 9080
f 9046 8837 9080
f 8790 9011 9080
f 8987 8927 9081
f 8989 8845 9082
f 8845 8995 9082
f 8877 8816 9083
f 8870 8808 9084
f 9065 8870 9084
f 8808 8876 9084
f 8844 8910 9085
f 8869 8862 9086
f 8862 8928 9086
f 9006 8820 9087
f 8820 8829 9087
f 9005 8867 9088
f 8867 9076 9088
f 8822 8838 9089
f 9009 8822 9089
f 8838 9002 9089
f 8848 8948 9090
f 8871 8856 9091
f 8856 9078 9091
f 8627 8940 9015
f 8938 8825 9092
f 9004 8875 9093
f 8852 8975 9094
f 8975 9059 9094
f 8918 8855 9095
f 8855 9064 9095
f 8944 8905 9096
f 8913 8813 9097
f 8813 8933 9097
f 8972 8869 9098
f 8869 9086 9098
f 8878 8877 9083
f 8879 8878 9099
f 8880 8879 9100
f 8879 9099 9100
f 8881 8880 9101
f 8880 9100 9101
f 8882 8881 9102
f 8881 9101 9102
f 8883 8882 9103
f 8882 9102 9103
f 8884 8883 9104
f 8883 9103 9104
f 8885 8884 9105
f 8884 9104 9105
f 8886 8885 9106
f 8885 9105 9106
f 8887 8886 9107
f 8886 9106 9107
f 8888 8887 9108
f 8887 9107 9108
f 8889 8888 9109
f 8888 9108 9109
f 8890 8889 9110
f 8889 9109 9110
f 8891 8890 9111
f 8890 9110 9111
f 8892 8891 9112
f 8891 9111 9112
f 8893 8892 9113
f 8892 9112 9113
f 8894 8893 9114
f 8893 9113 9114
f 8895 8894 9115
f 8894 9114 9115
f 8896 8895 9116
f 8895 9115 9116
f 8897 8896 9117
f 8896 9116 9117
f 8898 8897 9118
f 8897 9117 9118
f 8899 8871 9119
f 8871 9091 9119
f 8678 8677 8782
f 8971 8898 9025
f 8903 8863 9120
f 8863 9072 9120
f 8916 9050 8939
f 8904 8899 9121
f 8899 9119 9121
f 8906 8749 9122
f 8749 8977 9122
f 8907 8798 9123
f 8798 8947 9123
f 8874 8903 9124
f 8903 9120 9124
f 8908 8757 9125
f 8757 8917 9125
f 8909 8848 9126
f 8848 9090 9126
f 8910 8843 9127
f 8843 9062 9127
f 8830 8966 9128
f 8966 8904 9129
f 8904 9121 9129
f 8911 8719 9130
f 8719 8945 9130
f 8943 8815 9131
f 8815 8949 9131
f 8700 8916 8939
f 9050 8821 9132
f 8821 8985 9132
f 8858 8934 9133
f 9001 9023 9134
f 8915 8913 9135
f 9032 9012 9136
f 8920 9051 9137
f 8942 9042 9138
f 8771 8868 8974
f 9005 9088 9139
f 9052 8983 9140
f 8962 9071 9141
f 8961 8873 9142
f 8709 9066 8986
f 9142 8873 9019
f 9039 8823 9143
f 8823 9015 9143
f 8924 8733 9144
f 8733 9014 9144
f 8923 8807 9145
f 9069 8923 9145
f 8807 9032 9145
f 8950 8737 9146
f 8737 8965 9146
f 8932 9057 9147
f 9040 9028 9148
f 9041 8982 9149
f 8909 9126 9059
f 8928 8924 9150
f 8924 9144 9150
f 9085 8910 9127
f 8705 8907 9151
f 9056 8926 9152
f 9061 9056 9152
f 8926 9038 9152
f 8928 9150 9086
f 8931 8621 8935
f 8972 9098 9153
f 8934 8850 9154
f 8935 8777 9155
f 8777 8999 9155
f 8964 8730 9156
f 8730 8955 9156
f 9062 8828 9157
f 8828 8944 9157
f 8984 9003 9071
f 8825 8939 9158
f 9092 8825 9158
f 8939 9050 9158
f 9042 8811 9159
f 8811 9036 9159
f 8941 8772 9160
f 8772 8951 9160
f 9009 9089 9161
f 8933 8705 9151
f 8958 9067 9162
f 8770 8942 9163
f 8865 9075 8914
f 8946 8802 9164
f 8802 9024 9164
f 8947 8774 9165
f 8774 8994 9165
f 9043 8958 9166
f 8958 9162 9166
f 8955 8806 9167
f 8806 8988 9167
f 9064 8970 9168
f 8970 8911 9168
f 8996 8743 9169
f 8743 8974 9169
f 8692 9031 8952
f 8949 8827 9170
f 9131 8949 9170
f 8827 8915 9170
f 8851 8789 9171
f 8789 9010 9171
f 8925 9074 9172
f 9044 8817 9173
f 8817 8941 9173
f 8902 8952 9174
f 9140 8983 9175
f 8983 9047 9175
f 8953 8842 9176
f 8842 9060 9176
f 9146 8965 9177
f 9081 8927 9178
f 8927 9039 9178
f 8944 9096 9157
f 9038 9006 9179
f 8960 8906 9180
f 9051 8960 9180
f 8906 9122 9180
f 9135 8913 9181
f 8913 9097 9181
f 8967 9052 9182
f 9052 9140 9182
f 8736 8964 9026
f 8907 9123 9151
f 9072 8852 9094
f 9015 8940 9183
f 9143 9015 9183
f 8940 9041 9183
f 8816 8930 9083
f 8921 8770 9163
f 9047 8902 9184
f 8902 9174 9184
f 8929 9055 9185
f 8919 8795 9186
f 8795 9018 9186
f 8976 8937 9187
f 8977 8929 9188
f 8929 9185 9188
f 8876 8858 9189
f 9084 8876 9189
f 8858 9133 9189
f 8981 8978 9190
f 8979 8938 9191
f 9078 8866 9192
f 8866 8844 9192
f 8868 8830 9193
f 8830 9128 9193
f 8990 9030 9194
f 9048 8864 9195
f 8864 9073 9195
f 8980 9077 9196
f 8922 9053 9197
f 8945 8954 9198
f 9130 8945 9198
f 8954 9044 9198
f 9031 8826 9199
f 8952 9031 9199
f 8826 9049 9199
f 8829 8752 9200
f 8752 8979 9200
f 8989 9082 9201
f 8943 9131 9202
f 8988 8918 9203
f 9014 8834 9204
f 8834 9054 9204
f 9010 8804 9205
f 8804 9029 9205
f 9007 9005 9206
f 9005 9139 9206
f 8991 8784 9207
f 8784 9008 9207
f 8992 8840 9208
f 8840 9070 9208
f 8995 8781 9209
f 9082 8995 9209
f 8781 8998 9209
f 8878 9083 9099
f 8993 8793 9210
f 8793 9016 9210
f 8994 8987 9211
f 8987 9081 9211
f 9132 8985 9212
f 8985 9040 9212
f 9013 9048 9213
f 8997 8925 9214
f 8925 9172 9214
f 8998 8962 9215
f 8962 9141 9215
f 8999 8708 9216
f 8708 9000 9216
f 9000 8788 9217
f 8788 8969 9217
f 9024 8967 9218
f 8967 9182 9218
f 8968 9069 9219
f 8956 9045 9220
f 9093 8875 9221
f 8875 8986 9221
f 9004 9093 9222
f 9002 8980 9223
f 8980 9196 9223
f 9003 8943 9224
f 8943 9202 9224
f 8775 8996 9035
f 9025 8898 9225
f 9068 9025 9225
f 8898 9118 9225
f 9008 8963 9226
f 9090 8948 9227
f 8948 9027 9227
f 8844 9085 9192
f 9096 8905 9228
f 8905 8874 9228
f 9011 8908 9229
f 8908 9125 9229
f 9012 8976 9230
f 8976 9187 9230
f 9049 9001 9231
f 9001 9134 9231
f 8901 8767 9232
f 8767 8919 9232
f 9016 8972 9233
f 8972 9153 9233
f 9017 8920 9234
f 8920 9137 9234
f 9018 8990 9235
f 8990 9194 9235
f 9019 8809 9236
f 9142 9019 9236
f 8809 9034 9236
f 9020 9004 9237
f 9004 9222 9237
f 8911 9130 9168
f 9021 8768 9238
f 8768 8991 9238
f 8969 8922 9239
f 8922 9197 9239
f 9022 8783 9240
f 9055 9022 9240
f 8783 9007 9240
f 9012 9230 9136
f 8874 9124 9228
f 9029 8981 9241
f 8981 9190 9241
f 9030 8932 9242
f 8932 9147 9242
f 8857 8901 9243
f 8901 9232 9243
f 8957 8846 9244
f 8846 9065 9244
f 9125 8917 9245
f 8917 9033 9245
f 9033 9009 9246
f 9009 9161 9246
f 9034 8794 9247
f 8794 9017 9247
f 9128 8966 9129
f 9013 9213 9248
f 9036 8989 9249
f 8989 9201 9249
f 8963 9020 9250
f 9226 8963 9250
f 9020 9237 9250
f 8792 9013 9251
f 8942 9138 9163
f 9149 8982 9252
f 8982 9079 9252
f 9148 9028 9253
f 9028 9063 9253
f 9154 8850 9254
f 8850 8992 9254
f 9158 9050 9132
f 9160 8951 9255
f 8951 9043 9255
f 9177 8965 9256
f 8965 9046 9256
f 9179 9006 9257
f 9006 9087 9257
f 9251 9013 9248
f 8792 9251 9037
f 9187 8937 9258
f 8937 9061 9258
f 9191 8938 9259
f 8938 9092 9259
f 9203 8918 9260
f 8918 9095 9260
f 9134 9023 9261
f 9023 9021 9261
f 8974 8868 9193
f 9139 9088 9262
f 8973 9037 9263
f 9077 8973 9263
f 9037 9251 9263
f 9026 8964 9264
f 9076 9026 9264
f 8964 9156 9264
f 8961 9142 9265
f 8986 9066 9266
f 9221 8986 9266
f 9066 8950 9266
f 9133 8934 9267
f 8934 9154 9267
f 9075 8993 9268
f 8993 9210 9268
f 9054 8997 9269
f 8997 9214 9269
f 9147 9057 9270
f 9059 9126 9271
f 9072 9094 9272
f 9153 9098 9273
f 9060 8931 9274
f 8931 8935 9274
f 8936 8921 9163
f 9063 8957 9275
f 8957 9244 9275
f 8872 8936 9276
f 9162 9067 9277
f 8914 9075 9278
f 9079 8914 9278
f 9075 9268 9278
f 9071 9003 9279
f 9141 9071 9279
f 9003 9224 9279
f 9121 9119 9280
f 9057 8860 9281
f 9172 9074 9282
f 9074 8956 9282
f 9174 8952 9199
f 9062 9157 9283
f 9099 9083 9284
f 9097 8933 9285
f 8933 9151 9285
f 9070 8861 9286
f 8861 8857 9286
f 9094 9059 9287
f 9059 9271 9287
f 9182 9140 9288
f 9197 9053 9289
f 9073 8851 9171
f 9053 8872 9276
f 9128 9129 9290
f 9096 9228 9291
f 9185 9055 9292
f 9055 9240 9292
f 8978 8968 9293
f 9078 9192 9294
f 9194 9030 9242
f 9196 9077 9295
f 9077 9263 9295
f 8978 9293 9190
f 9202 9131 9296
f 9131 9170 9296
f 9201 9082 9297
f 9082 9209 9297
f 8857 9243 9286
f 9064 9168 9298
f 9035 8996 9281
f 8860 9035 9281
f 8936 9163 9276
f 9087 8829 9200
f 9213 9048 9299
f 9048 9195 9299
f 9067 8953 9300
f 9277 9067 9300
f 8953 9176 9300
f 9088 9076 9301
f 9262 9088 9301
f 9076 9264 9301
f 9089 9002 9302
f 9161 9089 9302
f 9002 9223 9302
f 9219 9069 9303
f 9069 9145 9303
f 8956 9220 9282
f 9286 9243 9304
f 9091 9078 9305
f 9078 9294 9305
f 9137 9051 9306
f 9051 9180 9306
f 9222 9093 9307
f 9168 9130 9308
f 9298 9168 9308
f 9130 9198 9308
f 9083 8930 9309
f 9284 9083 9309
f 8930 9058 9309
f 9157 9096 9310
f 9096 9291 9310
f 9136 9230 9311
f 9095 9064 9312
f 9064 9298 9312
f 8968 9219 9293
f 9098 9086 9313
f 9273 9098 9313
f 9086 9150 9313
f 9100 9099 9314
f 9099 9284 9314
f 9282 9220 9315
f 9101 9100 9316
f 9100 9314 9316
f 9102 9101 9317
f 9101 9316 9317
f 9103 9102 9318
f 9102 9317 9318
f 9104 9103 9319
f 9103 9318 9319
f 9105 9104 9320
f 9104 9319 9320
f 9106 9105 9321
f 9105 9320 9321
f 9107 9106 9322
f 9106 9321 9322
f 9108 9107 9323
f 9107 9322 9323
f 9109 9108 9324
f 9108 9323 9324
f 9110 9109 9325
f 9109 9324 9325
f 9111 9110 9326
f 9110 9325 9326
f 9112 9111 9327
f 9111 9326 9327
f 9113 9112 9328
f 9112 9327 9328
f 9114 9113 9329
f 9113 9328 9329
f 9115 9114 9330
f 9114 9329 9330
f 9116 9115 9331
f 9115 9330 9331
f 9117 9116 9332
f 9116 9331 9332
f 9118 9117 9333
f 9117 9332 9333
f 9119 9091 9334
f 9091 9305 9334
f 9138 9042 9335
f 9042 9159 9335
f 9129 9121 9336
f 9121 9280 9336
f 9120 9072 9337
f 9072 9272 9337
f 9122 8977 9338
f 8977 9188 9338
f 9123 8947 9339
f 8947 9165 9339
f 9085 9127 9340
f 9151 9123 9341
f 9285 9151 9341
f 9123 9339 9341
f 9027 8961 9265
f 9158 9132 9342
f 9092 9158 9342
f 9132 9212 9342
f 9124 9120 9343
f 9120 9337 9343
f 9127 9062 9344
f 9062 9283 9344
f 9248 9213 9345
f 9163 9138 9276
f 9228 9124 9346
f 9124 9343 9346
f 9192 9085 9347
f 9085 9340 9347
f 9190 9293 9348
f 9070 9286 9349
f 9208 9070 9349
f 9286 9304 9349
f 9172 9282 9350
f 9282 9315 9350
f 9053 9276 9351
f 9289 9053 9351
f 9276 9138 9351
f 9281 8996 9169
f 9263 9251 9352
f 9295 9263 9352
f 9251 9248 9352
f 8915 9135 9353
f 9032 9136 9354
f 8950 9146 9266
f 9252 9079 9355
f 9079 9278 9355
f 9272 9094 9287
f 9271 9126 9356
f 9126 9090 9356
f 9253 9063 9357
f 9063 9275 9357
f 9188 9185 9358
f 9144 9014 9359
f 9014 9204 9359
f 9142 9236 9265
f 9145 9032 9354
f 9280 9119 9334
f 9254 8992 9360
f 8992 9208 9360
f 9040 9148 9361
f 9041 9149 9362
f 9150 9144 9363
f 9313 9150 9363
f 9144 9359 9363
f 9152 9038 9364
f 9038 9179 9364
f 9153 9273 9365
f 9061 9152 9366
f 9258 9061 9366
f 9152 9364 9366
f 9267 9154 9367
f 9058 8946 9368
f 8946 9164 9368
f 9157 9310 9283
f 9141 9279 9369
f 8935 9155 9274
f 9156 8955 9370
f 8955 9167 9370
f 9146 9177 9371
f 9155 8999 9372
f 8999 9216 9372
f 9160 9255 9373
f 9178 9039 9374
f 9039 9143 9374
f 9255 9043 9375
f 9043 9166 9375
f 9149 9252 9376
f 9256 9046 9377
f 9046 9080 9377
f 9162 9277 9378
f 9164 9024 9379
f 9024 9218 9379
f 9228 9346 9291
f 9057 9281 9380
f 9165 8994 9381
f 8994 9211 9381
f 9166 9162 9382
f 9162 9378 9382
f 9167 8988 9383
f 8988 9203 9383
f 9021 9238 9261
f 9175 9047 9384
f 9047 9184 9384
f 9133 9267 9385
f 9351 9138 9335
f 9170 8915 9353
f 9201 9297 9386
f 9176 9060 9387
f 9060 9274 9387
f 9257 9087 9388
f 9087 9200 9388
f 9081 9178 9389
f 9177 9256 9390
f 9180 9122 9391
f 9306 9180 9391
f 9122 9338 9391
f 9179 9257 9392
f 9222 9307 9393
f 9293 9219 9394
f 9288 9140 9395
f 9140 9175 9395
f 9204 9054 9396
f 9054 9269 9396
f 9197 9289 9397
f 9202 9296 9398
f 9198 9044 9399
f 9308 9198 9399
f 9044 9173 9399
f 9367 9154 9400
f 9154 9254 9400
f 9195 9073 9401
f 9073 9171 9401
f 9057 9380 9270
f 9223 9196 9402
f 9290 9129 9336
f 9226 9250 9403
f 8941 9160 9404
f 9181 9097 9405
f 9097 9285 9405
f 9183 9041 9362
f 9186 9018 9406
f 9018 9235 9406
f 9184 9174 9407
f 9127 9344 9340
f 9174 9199 9408
f 9407 9174 9408
f 9199 9049 9408
f 9259 9092 9409
f 9092 9342 9409
f 9027 9265 9227
f 9189 9133 9410
f 9133 9385 9410
f 9260 9095 9411
f 9095 9312 9411
f 8979 9191 9412
f 9137 9306 9413
f 9194 9242 9414
f 9193 9128 9415
f 9128 9290 9415
f 9353 9135 9416
f 9148 9253 9417
f 9192 9347 9294
f 9200 8979 9412
f 9080 9011 9418
f 9377 9080 9418
f 9011 9229 9418
f 9352 9248 9419
f 9248 9345 9419
f 9237 9222 9420
f 9222 9393 9420
f 9214 9172 9421
f 9172 9350 9421
f 9139 9262 9422
f 9065 9084 9423
f 9244 9065 9423
f 9084 9189 9423
f 9205 9029 9424
f 9029 9241 9424
f 9206 9139 9425
f 9139 9422 9425
f 9207 9008 9426
f 9008 9226 9426
f 9209 8998 9427
f 9297 9209 9427
f 8998 9215 9427
f 9220 9045 9428
f 9210 9016 9429
f 9016 9233 9429
f 9211 9081 9430
f 9081 9389 9430
f 9191 9259 9431
f 9212 9040 9361
f 9147 9270 9432
f 9215 9141 9433
f 9141 9369 9433
f 9216 9000 9434
f 9000 9217 9434
f 9217 8969 9435
f 8969 9239 9435
f 9218 9182 9436
f 9182 9288 9436
f 9304 9243 9437
f 9243 9232 9437
f 9159 9036 9438
f 9036 9249 9438
f 9224 9202 9439
f 9202 9398 9439
f 9134 9261 9440
f 9225 9118 9333
f 9311 9230 9441
f 9230 9187 9441
f 9146 9371 9266
f 9229 9125 9442
f 9125 9245 9442
f 9364 9179 9443
f 9179 9392 9443
f 9231 9134 9444
f 9134 9440 9444
f 9232 8919 9445
f 9437 9232 9445
f 8919 9186 9445
f 9203 9260 9446
f 8974 9193 9447
f 9169 8974 9447
f 9193 9415 9447
f 9233 9153 9448
f 9153 9365 9448
f 9234 9137 9449
f 9137 9413 9449
f 9235 9194 9450
f 9194 9414 9450
f 9236 9034 9451
f 9034 9247 9451
f 9045 9068 9428
f 9238 8991 9452
f 8991 9207 9452
f 9239 9197 9453
f 9197 9397 9453
f 9240 9007 9454
f 9292 9240 9454
f 9007 9206 9454
f 9241 9190 9455
f 9190 9348 9455
f 9242 9147 9456
f 9147 9432 9456
f 9245 9033 9457
f 9033 9246 9457
f 9246 9161 9458
f 9345 9213 9459
f 9213 9299 9459
f 9247 9017 9460
f 9017 9234 9460
f 9249 9201 9461
f 9201 9386 9461
f 9394 9219 9462
f 9219 9303 9462
f 9171 9010 9463
f 9010 9205 9463
f 9348 9293 9394
f 9354 9136 9464
f 9136 9311 9464
f 9356 9090 9465
f 9090 9227 9465
f 9160 9373 9404
f 9358 9185 9466
f 9185 9292 9466
f 9362 9149 9467
f 9149 9376 9467
f 9361 9148 9468
f 9148 9417 9468
f 9371 9177 9469
f 9177 9390 9469
f 9383 9203 9470
f 9203 9446 9470
f 9402 9196 9471
f 9196 9295 9471
f 8941 9404 9173
f 9408 9049 9231
f 9412 9191 9472
f 9191 9431 9472
f 9416 9135 9473
f 9135 9181 9473
f 9426 9226 9474
f 9226 9403 9474
f 9441 9187 9475
f 9187 9258 9475
f 9458 9161 9476
f 9161 9302 9476
f 9280 9334 9477
f 9302 9223 9478
f 9223 9402 9478
f 9221 9266 9371
f 9268 9210 9479
f 9210 9429 9479
f 9269 9214 9480
f 9214 9421 9480
f 9221 9371 9481
f 9093 9221 9481
f 9371 9469 9481
f 9365 9273 9482
f 9278 9268 9483
f 9355 9278 9483
f 9268 9479 9483
f 9348 9394 9484
f 9369 9279 9485
f 9279 9224 9485
f 9274 9155 9486
f 9387 9274 9486
f 9155 9372 9486
f 9373 9255 9487
f 9255 9375 9487
f 9376 9252 9488
f 9252 9355 9488
f 9378 9277 9489
f 9303 9145 9354
f 9272 9287 9490
f 9380 9281 9169
f 9390 9256 9491
f 9256 9377 9491
f 9385 9267 9492
f 9267 9367 9492
f 9386 9297 9493
f 9297 9427 9493
f 9408 9231 9494
f 9407 9408 9494
f 9231 9444 9494
f 9295 9352 9495
f 9471 9295 9495
f 9352 9419 9495
f 9310 9291 9496
f 9389 9178 9497
f 9178 9374 9497
f 9289 9351 9498
f 9351 9335 9498
f 9393 9307 9499
f 9314 9284 9500
f 9093 9481 9307
f 9303 9354 9501
f 9462 9303 9501
f 9354 9464 9501
f 9380 9169 9447
f 9307 9481 9502
f 9481 9469 9502
f 9397 9289 9503
f 9289 9498 9503
f 9343 9337 9504
f 9270 9380 9505
f 9380 9447 9505
f 9290 9336 9506
f 9403 9250 9507
f 9250 9237 9507
f 9271 9356 9508
f 9340 9344 9509
f 9414 9242 9456
f 9273 9313 9510
f 9482 9273 9510
f 9313 9363 9510
f 9413 9306 9511
f 9306 9391 9511
f 9264 9156 9512
f 9301 9264 9512
f 9156 9370 9512
f 9294 9347 9513
f 9296 9170 9353
f 9422 9262 9514
f 9261 9238 9515
f 9440 9261 9515
f 9238 9452 9515
f 9265 9236 9451
f 9350 9315 9516
f 9299 9195 9517
f 9195 9401 9517
f 9431 9259 9518
f 9259 9409 9518
f 9432 9270 9506
f 9417 9253 9519
f 9253 9357 9519
f 9446 9260 9520
f 9260 9411 9520
f 9305 9294 9521
f 9294 9513 9521
f 9392 9257 9522
f 9257 9388 9522
f 9428 9068 9225
f 9398 9296 9523
f 9296 9353 9523
f 9227 9265 9524
f 9465 9227 9524
f 9265 9451 9524
f 9312 9298 9525
f 9143 9183 9526
f 9374 9143 9526
f 9183 9362 9526
f 9404 9373 9527
f 9220 9428 9528
f 9316 9314 9529
f 9314 9500 9529
f 9315 9220 9528
f 9317 9316 9530
f 9316 9529 9530
f 9318 9317 9531
f 9317 9530 9531
f 9319 9318 9532
f 9318 9531 9532
f 9320 9319 9533
f 9319 9532 9533
f 9321 9320 9534
f 9320 9533 9534
f 9322 9321 9535
f 9321 9534 9535
f 9323 9322 9536
f 9322 9535 9536
f 9324 9323 9537
f 9323 9536 9537
f 9325 9324 9538
f 9324 9537 9538
f 9326 9325 9539
f 9325 9538 9539
f 9327 9326 9540
f 9326 9539 9540
f 9328 9327 9541
f 9327 9540 9541
f 9329 9328 9542
f 9328 9541 9542
f 9330 9329 9543
f 9329 9542 9543
f 9331 9330 9544
f 9330 9543 9544
f 9332 9331 9545
f 9331 9544 9545
f 9333 9332 9546
f 9332 9545 9546
f 9334 9305 9547
f 9305 9521 9547
f 9335 9159 9548
f 9498 9335 9548
f 9159 9438 9548
f 9336 9280 9549
f 9280 9477 9549
f 9337 9272 9550
f 9272 9490 9550
f 9338 9188 9551
f 9188 9358 9551
f 9339 9165 9552
f 9165 9381 9552
f 9200 9412 9388
f 9342 9212 9553
f 9409 9342 9553
f 9212 9361 9553
f 9311 9441 9554
f 9346 9343 9555
f 9343 9504 9555
f 9347 9340 9556
f 9340 9509 9556
f 9283 9310 9557
f 9310 9496 9557
f 9353 9416 9523
f 9525 9298 9558
f 9298 9308 9558
f 9302 9478 9476
f 9167 9383 9559
f 9184 9407 9560
f 9484 9394 9561
f 9394 9462 9561
f 9359 9204 9562
f 9204 9396 9562
f 9246 9458 9563
f 9378 9489 9564
f 9466 9292 9565
f 9292 9454 9565
f 9357 9275 9566
f 9467 9376 9567
f 9386 9493 9568
f 9527 9373 9569
f 9373 9487 9569
f 9468 9417 9570
f 9397 9503 9571
f 9360 9208 9572
f 9208 9349 9572
f 9455 9348 9573
f 9348 9484 9573
f 9304 9437 9574
f 9413 9511 9575
f 9366 9364 9576
f 9364 9443 9576
f 9258 9366 9577
f 9366 9576 9577
f 9368 9164 9578
f 9164 9379 9578
f 9058 9368 9309
f 9485 9224 9439
f 9428 9225 9333
f 9369 9485 9579
f 9372 9216 9580
f 9216 9434 9580
f 9513 9347 9556
f 9509 9344 9581
f 9344 9283 9581
f 9370 9167 9559
f 9470 9446 9582
f 9275 9244 9583
f 9375 9166 9584
f 9166 9382 9584
f 9489 9277 9585
f 9277 9300 9585
f 9385 9492 9586
f 9507 9237 9420
f 9416 9473 9587
f 9490 9287 9588
f 9287 9271 9588
f 9391 9338 9589
f 9338 9551 9589
f 9207 9426 9590
f 9381 9211 9591
f 9211 9430 9591
f 9388 9412 9592
f 9522 9388 9592
f 9412 9472 9592
f 9382 9378 9593
f 9378 9564 9593
f 9496 9291 9594
f 9291 9346 9594
f 9492 9367 9595
f 9384 9184 9560
f 9448 9365 9596
f 9258 9577 9475
f 9393 9499 9597
f 9500 9284 9309
f 9389 9497 9598
f 9246 9563 9457
f 9499 9307 9502
f 9315 9528 9599
f 9392 9522 9600
f 9288 9395 9601
f 9396 9269 9602
f 9269 9480 9602
f 9504 9337 9550
f 9379 9218 9603
f 9218 9436 9603
f 9405 9285 9604
f 9285 9341 9604
f 9401 9171 9463
f 9506 9336 9549
f 9358 9466 9605
f 9403 9507 9606
f 9508 9356 9607
f 9356 9465 9607
f 9478 9402 9608
f 9406 9235 9609
f 9235 9450 9609
f 9554 9441 9610
f 9441 9475 9610
f 9283 9557 9581
f 9414 9456 9611
f 9262 9301 9612
f 9301 9512 9612
f 9472 9431 9613
f 9411 9312 9614
f 9312 9525 9614
f 9207 9590 9452
f 9473 9181 9615
f 9181 9405 9615
f 9474 9403 9616
f 9403 9606 9616
f 9514 9262 9612
f 9418 9229 9617
f 9229 9442 9617
f 9423 9189 9410
f 9420 9393 9618
f 9393 9597 9618
f 9421 9350 9619
f 9350 9516 9619
f 9440 9515 9620
f 9516 9315 9599
f 9244 9423 9583
f 9433 9369 9621
f 9369 9579 9621
f 9425 9422 9622
f 9427 9215 9623
f 9215 9433 9623
f 9429 9233 9624
f 9233 9448 9624
f 9430 9389 9625
f 9389 9598 9625
f 9300 9176 9626
f 9585 9300 9626
f 9176 9387 9626
f 9434 9217 9627
f 9217 9435 9627
f 9435 9239 9628
f 9239 9453 9628
f 9436 9288 9629
f 9288 9601 9629
f 9173 9404 9630
f 9400 9254 9631
f 9254 9360 9631
f 9438 9249 9632
f 9249 9461 9632
f 9439 9398 9633
f 9526 9362 9634
f 9362 9467 9634
f 9528 9428 9333
f 9442 9245 9635
f 9245 9457 9635
f 9341 9339 9636
f 9339 9552 9636
f 9334 9547 9477
f 9443 9392 9637
f 9392 9600 9637
f 9444 9440 9638
f 9440 9620 9638
f 9567 9376 9639
f 9376 9488 9639
f 9445 9186 9640
f 9186 9406 9640
f 9551 9358 9641
f 9358 9605 9641
f 9449 9413 9642
f 9413 9575 9642
f 9450 9414 9643
f 9414 9611 9643
f 9451 9247 9644
f 9524 9451 9644
f 9247 9460 9644
f 9453 9397 9645
f 9397 9571 9645
f 9454 9206 9646
f 9565 9454 9646
f 9206 9425 9646
f 9523 9416 9647
f 9416 9587 9647
f 9459 9299 9648
f 9299 9517 9648
f 9553 9361 9649
f 9361 9468 9649
f 9419 9345 9650
f 9456 9432 9651
f 9611 9456 9651
f 9432 9506 9651
f 9395 9175 9652
f 9175 9384 9652
f 9424 9241 9653
f 9241 9455 9653
f 9349 9304 9654
f 9572 9349 9654
f 9304 9574 9654
f 9460 9234 9655
f 9234 9449 9655
f 9461 9386 9656
f 9386 9568 9656
f 9346 9555 9594
f 9398 9523 9657
f 9633 9398 9657
f 9523 9647 9657
f 9390 9491 9658
f 9271 9508 9588
f 9463 9205 9659
f 9205 9424 9659
f 9458 9476 9660
f 9464 9311 9661
f 9311 9554 9661
f 9560 9407 9662
f 9407 9494 9662
f 9559 9383 9663
f 9383 9470 9663
f 9563 9458 9664
f 9458 9660 9664
f 9566 9275 9583
f 9570 9417 9665
f 9417 9519 9665
f 9582 9446 9666
f 9446 9520 9666
f 9590 9426 9667
f 9426 9474 9667
f 9595 9367 9668
f 9367 9400 9668
f 9596 9365 9669
f 9365 9482 9669
f 9173 9630 9399
f 9608 9402 9670
f 9402 9471 9670
f 9333 9546 9528
f 9613 9431 9671
f 9431 9518 9671
f 9622 9422 9672
f 9422 9514 9672
f 9630 9404 9527
f 9650 9345 9673
f 9345 9459 9673
f 9423 9410 9583
f 9496 9594 9674
f 9479 9429 9675
f 9429 9624 9675
f 9480 9421 9676
f 9421 9619 9676
f 9363 9359 9677
f 9510 9363 9677
f 9359 9562 9677
f 9574 9437 9678
f 9437 9445 9678
f 9469 9390 9679
f 9488 9355 9680
f 9355 9483 9680
f 9509 9581 9681
f 9586 9492 9682
f 9492 9595 9682
f 9507 9420 9683
f 9420 9618 9683
f 9587 9473 9684
f 9473 9615 9684
f 9490 9588 9685
f 9309 9368 9500
f 9502 9469 9679
f 9491 9377 9686
f 9377 9418 9686
f 9601 9395 9687
f 9395 9652 9687
f 9597 9499 9688
f 9493 9427 9623
f 9487 9375 9689
f 9375 9584 9689
f 9494 9444 9690
f 9662 9494 9690
f 9444 9638 9690
f 9598 9497 9691
f 9497 9374 9692
f 9691 9497 9692
f 9374 9526 9692
f 9513 9556 9693
f 9600 9522 9694
f 9522 9592 9694
f 9409 9553 9695
f 9518 9409 9695
f 9553 9649 9695
f 9549 9477 9696
f 9503 9498 9697
f 9498 9548 9697
f 9290 9506 9505
f 9308 9399 9558
f 9606 9507 9683
f 9605 9466 9698
f 9466 9565 9698
f 9514 9612 9699
f 9571 9503 9700
f 9503 9697 9700
f 9415 9290 9505
f 9568 9493 9701
f 9493 9623 9701
f 9410 9385 9702
f 9566 9583 9702
f 9515 9452 9703
f 9620 9515 9703
f 9452 9590 9703
f 9399 9630 9558
f 9385 9586 9702
f 9485 9439 9704
f 9579 9485 9704
f 9439 9633 9704
f 9519 9357 9705
f 9357 9566 9705
f 9504 9550 9706
f 9520 9411 9707
f 9411 9614 9707
f 9521 9513 9708
f 9513 9693 9708
f 9658 9491 9709
f 9491 9686 9709
f 9529 9500 9710
f 9511 9391 9589
f 9476 9478 9711
f 9660 9476 9711
f 9478 9608 9711
f 9506 9549 9651
f 9390 9658 9679
f 9530 9529 9712
f 9529 9710 9712
f 9447 9415 9505
f 9531 9530 9713
f 9530 9712 9713
f 9532 9531 9714
f 9531 9713 9714
f 9533 9532 9715
f 9532 9714 9715
f 9534 9533 9716
f 9533 9715 9716
f 9535 9534 9717
f 9534 9716 9717
f 9536 9535 9718
f 9535 9717 9718
f 9537 9536 9719
f 9536 9718 9719
f 9538 9537 9720
f 9537 9719 9720
f 9539 9538 9721
f 9538 9720 9721
f 9540 9539 9722
f 9539 9721 9722
f 9541 9540 9723
f 9540 9722 9723
f 9542 9541 9724
f 9541 9723 9724
f 9543 9542 9725
f 9542 9724 9725
f 9544 9543 9726
f 9543 9725 9726
f 9545 9544 9727
f 9544 9726 9727
f 9547 9521 9728
f 9521 9708 9728
f 9550 9490 9729
f 9490 9685 9729
f 9552 9381 9730
f 9381 9591 9730
f 9679 9658 9731
f 9564 9489 9732
f 9401 9463 9733
f 9517 9401 9733
f 9463 9659 9733
f 9555 9504 9734
f 9504 9706 9734
f 9499 9502 9735
f 9688 9499 9735
f 9502 9679 9735
f 9583 9410 9702
f 9556 9509 9736
f 9509 9681 9736
f 9575 9511 9737
f 9511 9589 9737
f 9557 9496 9738
f 9496 9674 9738
f 9500 9368 9578
f 9566 9702 9739
f 9705 9566 9739
f 9702 9586 9739
f 9606 9683 9740
f 9663 9470 9741
f 9470 9582 9741
f 9664 9660 9742
f 9448 9596 9743
f 9484 9561 9744
f 9562 9396 9745
f 9396 9602 9745
f 9569 9487 9746
f 9487 9689 9746
f 9655 9449 9747
f 9449 9642 9747
f 9665 9519 9748
f 9519 9705 9748
f 9467 9567 9749
f 9594 9555 9750
f 9674 9594 9750
f 9555 9734 9750
f 9527 9569 9751
f 9666 9520 9752
f 9520 9707 9752
f 9573 9484 9753
f 9484 9744 9753
f 9483 9479 9754
f 9680 9483 9754
f 9479 9675 9754
f 9577 9576 9755
f 9575 9737 9756
f 9578 9379 9757
f 9379 9603 9757
f 9591 9430 9758
f 9430 9625 9758
f 9580 9434 9759
f 9434 9627 9759
f 9584 9382 9760
f 9382 9593 9760
f 9486 9372 9761
f 9372 9580 9761
f 9667 9474 9762
f 9474 9616 9762
f 9570 9665 9763
f 9468 9570 9764
f 9681 9581 9765
f 9581 9557 9765
f 9627 9435 9766
f 9435 9628 9766
f 9445 9640 9678
f 9685 9588 9767
f 9588 9508 9767
f 9739 9586 9768
f 9586 9682 9768
f 9589 9551 9769
f 9737 9589 9769
f 9551 9641 9769
f 9703 9590 9770
f 9590 9667 9770
f 9668 9400 9771
f 9400 9631 9771
f 9686 9418 9617
f 9482 9510 9772
f 9510 9677 9772
f 9568 9701 9773
f 9679 9731 9735
f 9592 9472 9774
f 9694 9592 9774
f 9472 9613 9774
f 9633 9657 9775
f 9669 9482 9776
f 9482 9772 9776
f 9384 9560 9777
f 9475 9577 9778
f 9692 9526 9634
f 9457 9563 9779
f 9596 9669 9780
f 9600 9694 9781
f 9613 9671 9782
f 9598 9691 9783
f 9670 9471 9784
f 9471 9495 9784
f 9501 9464 9785
f 9464 9661 9785
f 9650 9673 9786
f 9609 9450 9787
f 9450 9643 9787
f 9603 9436 9788
f 9436 9629 9788
f 9270 9505 9506
f 9604 9341 9636
f 9607 9465 9524
f 9571 9700 9789
f 9556 9736 9693
f 9605 9698 9790
f 9467 9749 9634
f 9610 9475 9778
f 9651 9549 9696
f 9671 9518 9791
f 9518 9695 9791
f 9612 9512 9792
f 9699 9612 9792
f 9512 9370 9792
f 9652 9384 9777
f 9672 9514 9793
f 9514 9699 9793
f 9550 9729 9706
f 9579 9704 9794
f 9599 9528 9546
f 9387 9486 9795
f 9626 9387 9795
f 9486 9761 9795
f 9741 9582 9796
f 9620 9703 9797
f 9703 9770 9797
f 9615 9405 9798
f 9405 9604 9798
f 9616 9606 9799
f 9606 9740 9799
f 9554 9610 9800
f 9567 9639 9801
f 9704 9633 9802
f 9794 9704 9802
f 9633 9775 9802
f 9617 9442 9803
f 9442 9635 9803
f 9618 9597 9804
f 9558 9630 9805
f 9525 9558 9805
f 9630 9527 9805
f 9619 9516 9806
f 9516 9599 9807
f 9574 9678 9808
f 9623 9433 9809
f 9701 9623 9809
f 9433 9621 9809
f 9477 9547 9810
f 9621 9579 9811
f 9579 9794 9811
f 9622 9672 9812
f 9682 9595 9813
f 9624 9448 9743
f 9625 9598 9814
f 9598 9783 9814
f 9796 9582 9815
f 9582 9666 9815
f 9696 9477 9810
f 9631 9360 9816
f 9360 9572 9816
f 9608 9670 9817
f 9628 9453 9818
f 9453 9645 9818
f 9629 9601 9819
f 9673 9459 9820
f 9459 9648 9820
f 9632 9461 9821
f 9461 9656 9821
f 9593 9564 9822
f 9557 9738 9765
f 9806 9516 9807
f 9711 9608 9823
f 9608 9817 9823
f 9462 9501 9824
f 9561 9462 9824
f 9501 9785 9824
f 9457 9779 9635
f 9645 9571 9825
f 9571 9789 9825
f 9425 9622 9826
f 9587 9684 9827
f 9636 9552 9828
f 9552 9730 9828
f 9637 9600 9829
f 9600 9781 9829
f 9638 9620 9830
f 9620 9797 9830
f 9639 9488 9831
f 9488 9680 9831
f 9640 9406 9832
f 9406 9609 9832
f 9641 9605 9833
f 9605 9790 9833
f 9732 9489 9834
f 9489 9585 9834
f 9548 9438 9835
f 9438 9632 9835
f 9647 9587 9836
f 9587 9827 9836
f 9642 9575 9837
f 9575 9756 9837
f 9602 9480 9838
f 9480 9676 9838
f 9643 9611 9839
f 9644 9460 9840
f 9460 9655 9840
f 9731 9658 9841
f 9658 9709 9841
f 9576 9443 9842
f 9755 9576 9842
f 9443 9637 9842
f 9646 9425 9826
f 9648 9517 9843
f 9517 9733 9843
f 9649 9468 9764
f 9495 9419 9844
f 9784 9495 9844
f 9419 9650 9844
f 9611 9651 9845
f 9839 9611 9845
f 9651 9696 9845
f 9764 9570 9846
f 9570 9763 9846
f 9653 9455 9847
f 9455 9573 9847
f 9654 9574 9848
f 9574 9808 9848
f 9370 9559 9792
f 9656 9568 9849
f 9568 9773 9849
f 9545 9727 9807
f 9661 9554 9850
f 9554 9800 9850
f 9659 9424 9851
f 9424 9653 9851
f 9743 9596 9852
f 9596 9780 9852
f 9577 9755 9778
f 9749 9567 9853
f 9567 9801 9853
f 9767 9508 9854
f 9508 9607 9854
f 9774 9613 9855
f 9613 9782 9855
f 9777 9560 9856
f 9560 9662 9856
f 9779 9563 9857
f 9563 9664 9857
f 9813 9595 9858
f 9595 9668 9858
f 9810 9547 9728
f 9805 9527 9751
f 9804 9597 9859
f 9597 9688 9859
f 9525 9805 9860
f 9614 9525 9860
f 9805 9751 9860
f 9792 9559 9861
f 9699 9792 9861
f 9559 9663 9861
f 9819 9601 9862
f 9601 9687 9862
f 9822 9564 9863
f 9564 9732 9863
f 9826 9622 9864
f 9622 9812 9864
f 9844 9650 9865
f 9650 9786 9865
f 9742 9660 9866
f 9751 9569 9867
f 9569 9746 9867
f 9706 9729 9868
f 9676 9619 9869
f 9619 9806 9869
f 9565 9646 9870
f 9698 9565 9870
f 9646 9826 9870
f 9756 9737 9871
f 9737 9769 9871
f 9705 9739 9872
f 9748 9705 9872
f 9739 9768 9872
f 9524 9644 9607
f 9763 9665 9873
f 9665 9748 9873
f 9681 9765 9874
f 9683 9618 9875
f 9740 9683 9875
f 9618 9804 9875
f 9684 9615 9876
f 9615 9798 9876
f 9780 9669 9877
f 9669 9776 9877
f 9773 9701 9878
f 9701 9809 9878
f 9687 9652 9879
f 9652 9777 9879
f 9692 9634 9880
f 9691 9692 9880
f 9634 9749 9880
f 9736 9681 9881
f 9681 9874 9881
f 9689 9584 9882
f 9584 9760 9882
f 9775 9657 9883
f 9657 9647 9883
f 9778 9755 9884
f 9695 9649 9885
f 9791 9695 9885
f 9649 9764 9885
f 9697 9548 9835
f 9713 9712 9886
f 9786 9673 9887
f 9673 9820 9887
f 9678 9640 9888
f 9808 9678 9888
f 9640 9832 9888
f 9660 9711 9866
f 9733 9659 9889
f 9659 9851 9889
f 9700 9697 9890
f 9697 9835 9890
f 9789 9700 9891
f 9700 9890 9891
f 9693 9736 9892
f 9736 9881 9892
f 9790 9698 9893
f 9698 9870 9893
f 9741 9796 9894
f 9801 9639 9895
f 9639 9831 9895
f 9685 9767 9896
f 9599 9546 9807
f 9610 9778 9897
f 9800 9610 9897
f 9778 9884 9897
f 9585 9626 9898
f 9626 9795 9898
f 9707 9614 9899
f 9614 9860 9899
f 9812 9672 9900
f 9672 9793 9900
f 9545 9807 9546
f 9604 9636 9901
f 9798 9604 9901
f 9636 9828 9901
f 9696 9810 9845
f 9817 9670 9902
f 9670 9784 9902
f 9708 9693 9903
f 9693 9892 9903
f 9810 9728 9904
f 9686 9617 9905
f 9617 9803 9905
f 9709 9686 9905
f 9710 9500 9578
f 9782 9671 9906
f 9671 9791 9906
f 9734 9706 9907
f 9706 9868 9907
f 9806 9807 9727
f 9688 9735 9908
f 9735 9731 9908
f 9714 9713 9909
f 9713 9886 9909
f 9715 9714 9910
f 9714 9909 9910
f 9716 9715 9911
f 9715 9910 9911
f 9717 9716 9912
f 9716 9911 9912
f 9718 9717 9913
f 9717 9912 9913
f 9719 9718 9914
f 9718 9913 9914
f 9720 9719 9915
f 9719 9914 9915
f 9721 9720 9916
f 9720 9915 9916
f 9722 9721 9917
f 9721 9916 9917
f 9723 9722 9918
f 9722 9917 9918
f 9724 9723 9919
f 9723 9918 9919
f 9725 9724 9920
f 9724 9919 9920
f 9726 9725 9921
f 9725 9920 9921
f 9727 9726 9922
f 9726 9921 9922
f 9728 9708 9923
f 9708 9903 9923
f 9729 9685 9924
f 9685 9896 9924
f 9730 9591 9925
f 9591 9758 9925
f 9675 9624 9926
f 9624 9743 9926
f 9694 9774 9927
f 9781 9694 9927
f 9774 9855 9927
f 9572 9654 9928
f 9816 9572 9928
f 9654 9848 9928
f 9744 9561 9929
f 9561 9824 9929
f 9607 9644 9840
f 9783 9691 9930
f 9691 9880 9930
f 9742 9866 9931
f 9738 9674 9932
f 9827 9684 9933
f 9684 9876 9933
f 9866 9711 9823
f 9806 9727 9922
f 9710 9578 9757
f 9663 9741 9934
f 9868 9729 9924
f 9746 9689 9935
f 9689 9882 9935
f 9747 9642 9936
f 9642 9837 9936
f 9744 9929 9937
f 9875 9804 9938
f 9853 9801 9939
f 9862 9687 9940
f 9687 9879 9940
f 9854 9607 9840
f 9870 9826 9941
f 9893 9870 9941
f 9826 9864 9941
f 9752 9707 9942
f 9707 9899 9942
f 9753 9744 9943
f 9744 9937 9943
f 9677 9562 9944
f 9772 9677 9944
f 9562 9745 9944
f 9754 9675 9945
f 9675 9926 9945
f 9939 9801 9946
f 9801 9895 9946
f 9780 9877 9947
f 9635 9779 9948
f 9663 9934 9861
f 9758 9625 9949
f 9625 9814 9949
f 9759 9627 9950
f 9627 9766 9950
f 9760 9593 9951
f 9593 9822 9951
f 9761 9580 9952
f 9580 9759 9952
f 9710 9757 9953
f 9712 9710 9953
f 9757 9603 9953
f 9762 9616 9954
f 9616 9799 9954
f 9874 9765 9955
f 9765 9738 9955
f 9784 9844 9956
f 9902 9784 9956
f 9844 9865 9956
f 9740 9875 9957
f 9875 9938 9957
f 9766 9628 9958
f 9628 9818 9958
f 9855 9782 9959
f 9768 9682 9960
f 9682 9813 9960
f 9769 9641 9961
f 9871 9769 9961
f 9641 9833 9961
f 9771 9631 9962
f 9631 9816 9962
f 9879 9777 9963
f 9777 9856 9963
f 9728 9923 9904
f 9856 9662 9964
f 9662 9690 9964
f 9776 9772 9965
f 9772 9944 9965
f 9880 9749 9966
f 9749 9853 9966
f 9750 9734 9967
f 9734 9907 9967
f 9773 9878 9968
f 9857 9664 9969
f 9664 9742 9969
f 9885 9764 9970
f 9764 9846 9970
f 9883 9647 9836
f 9745 9602 9971
f 9602 9838 9971
f 9690 9638 9972
f 9964 9690 9972
f 9638 9830 9972
f 9858 9668 9973
f 9668 9771 9973
f 9884 9755 9974
f 9755 9842 9974
f 9775 9883 9975
f 9886 9712 9953
f 9786 9887 9976
f 9813 9858 9977
f 9796 9815 9978
f 9785 9661 9979
f 9661 9850 9979
f 9810 9904 9845
f 9938 9804 9980
f 9804 9859 9980
f 9788 9629 9981
f 9629 9819 9981
f 9820 9648 9982
f 9648 9843 9982
f 9802 9775 9983
f 9775 9975 9983
f 9894 9796 9984
f 9796 9978 9984
f 9790 9893 9985
f 9809 9621 9986
f 9878 9809 9986
f 9621 9811 9986
f 9803 9635 9948
f 9797 9770 9987
f 9799 9740 9988
f 9740 9957 9988
f 9794 9802 9989
f 9802 9983 9989
f 9787 9643 9990
f 9643 9839 9990
f 9859 9688 9991
f 9688 9908 9991
f 9860 9751 9992
f 9899 9860 9992
f 9751 9867 9992
f 9869 9806 9993
f 9806 9922 9993
f 9800 9897 9994
f 9811 9794 9995
f 9794 9989 9995
f 9781 9927 9996
f 9814 9783 9997
f 9815 9666 9998
f 9666 9752 9998
f 9818 9645 9999
f 9645 9825 9999
f 9934 9741 9894
f 9863 9732 10000
f 9808 9888 10001
f 9821 9656 10002
f 9656 9849 10002
f 9864 9812 10003
f 9840 9655 10004
f 9854 9840 10004
f 9655 9747 10004
f 9823 9817 10005
f 9828 9730 10006
f 9730 9925 10006
f 9825 9789 10007
f 9865 9786 10008
f 9786 9976 10008
f 9763 9873 10009
f 9822 9863 10010
f 9829 9781 10011
f 9781 9996 10011
f 9830 9797 10012
f 9797 9987 10012
f 9832 9609 10013
f 9609 9787 10013
f 9833 9790 10014
f 9790 9985 10014
f 9908 9731 10015
f 9731 9841 10015
f 9834 9585 9898
f 9835 9632 10016
f 9890 9835 10016
f 9632 9821 10016
f 9819 9862 10017
f 9836 9827 10018
f 9837 9756 10019
f 9926 9743 10020
f 9743 9852 10020
f 9838 9676 10021
f 9676 9869 10021
f 9846 9763 10022
f 9763 10009 10022
f 9841 9709 10023
f 9709 9905 10023
f 9842 9637 10024
f 9637 9829 10024
f 9843 9733 9889
f 9847 9573 10025
f 9573 9753 10025
f 9848 9808 10026
f 9808 10001 10026
f 9850 9800 10027
f 9800 9994 10027
f 9849 9773 10028
f 9773 9968 10028
f 9839 9845 10029
f 9845 9904 10029
f 9932 9674 10030
f 9674 9750 10030
f 9851 9653 10031
f 9653 9847 10031
f 9866 9823 10032
f 9823 10005 10032
f 9852 9780 10033
f 9780 9947 10033
f 9931 9866 10032
f 9738 9932 9955
f 9770 9667 10034
f 9987 9770 10034
f 9667 9762 10034
f 9948 9779 10035
f 9779 9857 10035
f 9951 9822 10036
f 9822 10010 10036
f 9953 9603 9788
f 9960 9813 10037
f 9813 9977 10037
f 9959 9782 10038
f 9782 9906 10038
f 9969 9742 10039
f 9742 9931 10039
f 9981 9819 10040
f 9819 10017 10040
f 9997 9783 10041
f 9783 9930 10041
f 10005 9817 10042
f 9817 9902 10042
f 10000 9732 10043
f 9732 9834 10043
f 10003 9812 10044
f 9812 9900 10044
f 10007 9789 10045
f 9789 9891 10045
f 10019 9756 10046
f 9756 9871 10046
f 10018 9827 10047
f 9827 9933 10047
f 9868 9924 10048
f 9680 9754 10049
f 9937 9929 10050
f 9944 9745 10051
f 9965 9944 10051
f 9745 9971 10051
f 9699 9861 10052
f 9947 9877 10053
f 9861 9934 10052
f 10049 9754 9945
f 9788 9981 10054
f 9876 9798 10055
f 9798 9901 10055
f 9873 9748 10056
f 9748 9872 10056
f 9877 9776 10057
f 10053 9877 10057
f 9776 9965 10057
f 9968 9878 10058
f 9878 9986 10058
f 9883 9836 10059
f 9975 9883 10059
f 9836 10018 10059
f 9978 9815 10060
f 9815 9998 10060
f 9882 9760 10061
f 9760 9951 10061
f 9977 9858 10062
f 9858 9973 10062
f 9881 9874 10063
f 9886 9953 10054
f 9791 9885 10064
f 9906 9791 10064
f 9885 9970 10064
f 9904 9923 10029
f 9976 9887 10065
f 9888 9832 10066
f 9832 10013 10066
f 9889 9851 10067
f 9851 10031 10067
f 10017 9862 10068
f 9862 9940 10068
f 9891 9890 10069
f 9890 10016 10069
f 9892 9881 10070
f 9881 10063 10070
f 9985 9893 10071
f 9893 9941 10071
f 9955 9932 10072
f 9887 9820 10073
f 10065 9887 10073
f 9820 9982 10073
f 9931 10032 10074
f 9793 9699 10052
f 9896 9767 10075
f 9795 9761 10076
f 9898 9795 10076
f 9761 9952 10076
f 9905 9803 10077
f 10023 9905 10077
f 9803 9948 10077
f 9767 9854 10075
f 9990 9839 10078
f 9994 9897 10079
f 9897 9884 10079
f 9867 9746 10080
f 9746 9935 10080
f 9900 9793 10081
f 9793 10052 10081
f 9996 9927 10082
f 9927 9855 10082
f 10075 9854 10004
f 9839 10029 10078
f 10001 9888 10066
f 9929 9824 10083
f 10050 9929 10083
f 9824 9785 10083
f 9957 9938 10084
f 9903 9892 10085
f 9892 10070 10085
f 9855 9959 10082
f 9874 9955 10086
f 9955 10072 10086
f 10078 10029 10087
f 9907 9868 10088
f 9868 10048 10088
f 10009 9873 10089
f 9873 10056 10089
f 10010 9863 10090
f 9863 10000 10090
f 10029 9923 10091
f 9953 9788 10054
f 9831 9680 10049
f 9834 9898 10092
f 10043 9834 10092
f 9898 10076 10092
f 9909 9886 10093
f 9886 10054 10093
f 9910 9909 10094
f 9909 10093 10094
f 9911 9910 10095
f 9910 10094 10095
f 9912 9911 10096
f 9911 10095 10096
f 9913 9912 10097
f 9912 10096 10097
f 9914 9913 10098
f 9913 10097 10098
f 9915 9914 10099
f 9914 10098 10099
f 9916 9915 10100
f 9915 10099 10100
f 9917 9916 10101
f 9916 10100 10101
f 9918 9917 10102
f 9917 10101 10102
f 9919 9918 10103
f 9918 10102 10103
f 9920 9919 10104
f 9919 10103 10104
f 9921 9920 10105
f 9920 10104 10105
f 9922 9921 9993
f 9923 9903 10106
f 10091 9923 10106
f 9903 10085 10106
f 9925 9758 10107
f 9758 9949 10107
f 9843 9889 10108
f 9982 9843 10108
f 9889 10067 10108
f 9933 9876 10109
f 9876 10055 10109
f 9930 9880 9966
f 10052 9934 10110
f 10081 10052 10110
f 9934 9894 10110
f 9990 10078 10111
f 9937 10050 10112
f 9935 9882 10113
f 9882 10061 10113
f 9936 9837 10114
f 9837 10019 10114
f 9853 9939 10115
f 9941 9864 10116
f 9864 10003 10116
f 10002 9849 10117
f 9849 10028 10117
f 10017 10068 10118
f 9943 9937 10119
f 9937 10112 10119
f 10036 10010 10120
f 10078 10087 10111
f 9946 9895 10121
f 9872 9768 10122
f 10056 9872 10122
f 9768 9960 10122
f 9947 10053 10123
f 9949 9814 10124
f 9814 9997 10124
f 9950 9766 10125
f 9766 9958 10125
f 10054 9981 10126
f 10093 10054 10126
f 9981 10040 10126
f 9952 9759 10127
f 9759 9950 10127
f 10037 9977 10128
f 9998 9752 10129
f 9752 9942 10129
f 9987 10034 10130
f 9956 9865 10131
f 9865 10008 10131
f 10038 9906 10132
f 9906 10064 10132
f 9968 10058 10133
f 9958 9818 10134
f 9818 9999 10134
f 10039 9931 10135
f 9931 10074 10135
f 9928 9848 10136
f 9848 10026 10136
f 9961 9833 10137
f 9833 10014 10137
f 9979 9850 10138
f 9850 10027 10138
f 9988 9957 10139
f 9957 10084 10139
f 9963 9856 10140
f 9856 9964 10140
f 9750 9967 10030
f 9945 9926 10141
f 9926 10020 10141
f 10040 10017 10142
f 10017 10118 10142
f 9973 9771 10143
f 9771 9962 10143
f 10049 9945 10144
f 9945 10141 10144
f 9966 9853 10115
f 9967 9907 10145
f 9907 10088 10145
f 10059 10018 10146
f 9857 9969 10147
f 9970 9846 10148
f 9846 10022 10148
f 9831 10049 10149
f 10061 9951 10150
f 9951 10036 10150
f 9971 9838 10151
f 9838 10021 10151
f 9972 9830 10152
f 9830 10012 10152
f 10063 9874 10086
f 9974 9842 10024
f 9993 9921 10105
f 9985 10071 10153
f 10074 10032 10154
f 10032 10005 10154
f 9959 10038 10155
f 9785 9979 10083
f 9986 9811 10156
f 10058 9986 10156
f 9811 9995 10156
f 9980 9859 10157
f 9859 9991 10157
f 9983 9975 10158
f 9962 9816 10159
f 9816 9928 10159
f 9984 9978 10160
f 9942 9899 10161
f 9899 9992 10161
f 10072 9932 10162
f 9932 10030 10162
f 10049 10144 10149
f 9975 10059 10163
f 10158 9975 10163
f 10059 10146 10163
f 10042 9902 10164
f 9902 9956 10164
f 9895 9831 10149
f 9996 10082 10165
f 10035 9857 10147
f 9901 9828 10166
f 10055 9901 10166
f 9828 10006 10166
f 9825 10007 10167
f 9989 9983 10168
f 9983 10158 10168
f 10077 9948 10169
f 9948 10035 10169
f 10001 10066 10170
f 9994 10079 10171
f 9991 9908 10172
f 9908 10015 10172
f 9787 9990 10173
f 9992 9867 10174
f 10161 9992 10174
f 9867 10080 10174
f 9995 9989 10175
f 9989 10168 10175
f 9871 9961 10176
f 9961 10137 10176
f 9999 9825 10167
f 10044 9900 10177
f 9900 10081 10177
f 10045 9891 10178
f 9891 10069 10178
f 10020 9852 10179
f 9852 10033 10179
f 10087 10029 10091
f 10011 9996 10180
f 9996 10165 10180
f 9895 10149 10121
f 10006 9925 10181
f 9925 10107 10181
f 10046 9871 10176
f 10000 10043 10182
f 10090 10000 10183
f 10000 10182 10183
f 9990 10111 10173
f 10012 9987 10184
f 9987 10130 10184
f 10013 9787 10173
f 9954 9799 10185
f 9799 9988 10185
f 10014 9985 10186
f 9985 10153 10186
f 10015 9841 10187
f 9841 10023 10187
f 10047 9933 10188
f 9933 10109 10188
f 10016 9821 10189
f 9821 10002 10189
f 9896 10075 10190
f 10122 9960 10191
f 9960 10037 10191
f 9924 9896 10192
f 10021 9869 10193
f 9869 9993 10193
f 10022 10009 10194
f 10079 9884 10195
f 9884 9974 10195
f 10024 9829 10196
f 9829 10011 10196
f 9997 10041 10197
f 10116 10003 10198
f 10025 9753 10199
f 9753 9943 10199
f 10019 10046 10200
f 10026 10001 10201
f 10001 10170 10201
f 10027 9994 10202
f 9994 10171 10202
f 10008 9976 10203
f 10028 9968 10204
f 9968 10133 10204
f 10031 9847 10205
f 9847 10025 10205
f 10082 9959 10206
f 10165 10082 10206
f 9959 10155 10206
f 10110 9894 10207
f 9894 9984 10207
f 9939 9946 10208
f 10007 10045 10209
f 10033 9947 10210
f 9947 10123 10210
f 10034 9762 10211
f 10130 10034 10211
f 9762 9954 10211
f 10084 9938 10212
f 9938 9980 10212
f 9940 9879 10213
f 9879 9963 10213
f 10114 10019 10214
f 10019 10200 10214
f 10115 9939 10215
f 9939 10208 10215
f 10120 10010 10216
f 10010 10090 10216
f 10124 9997 10217
f 9997 10197 10217
f 9924 10192 10048
f 10167 10007 10218
f 10007 10209 10218
f 10128 9977 10219
f 9977 10062 10219
f 10147 9969 10220
f 9969 10039 10220
f 10146 10018 10221
f 10018 10047 10221
f 10154 10005 10222
f 10005 10042 10222
f 10160 9978 10223
f 9978 10060 10223
f 9896 10190 10192
f 10198 10003 10224
f 10003 10044 10224
f 10194 10009 10225
f 10009 10089 10225
f 10203 9976 10226
f 9976 10065 10226
f 9941 10116 10071
f 10004 9747 10190
f 10121 10149 10227
f 10149 10144 10227
f 10118 10068 10228
f 10111 10087 10229
f 10056 10122 10230
f 10089 10056 10230
f 10122 10191 10230
f 10112 10050 10231
f 9964 9972 10232
f 9972 10152 10232
f 9930 9966 10233
f 10123 10053 10234
f 10133 10058 10235
f 10058 10156 10235
f 10023 10077 10236
f 10187 10023 10236
f 10077 10169 10236
f 10064 9970 10237
f 10132 10064 10237
f 9970 10148 10237
f 10062 9973 10238
f 9973 10143 10238
f 10153 10071 10239
f 10071 10116 10239
f 10060 9998 10240
f 9998 10129 10240
f 10074 10154 10241
f 10155 10038 10242
f 10038 10132 10242
f 10050 10083 10243
f 10231 10050 10243
f 10083 9979 10243
f 9993 10105 10193
f 10067 10031 10244
f 10031 10205 10244
f 10041 9930 10233
f 10068 9940 10245
f 10228 10068 10245
f 9940 10213 10245
f 10109 10055 10246
f 10055 10166 10246
f 10069 10016 10189
f 10070 10063 10247
f 10171 10079 10248
f 10079 10195 10248
f 10076 9952 10249
f 10092 10076 10249
f 9952 10127 10249
f 10168 10158 10250
f 10173 10111 10251
f 10080 9935 10252
f 9935 10113 10252
f 9974 10024 10253
f 10195 9974 10253
f 10024 10196 10253
f 10087 10091 10254
f 10085 10070 10255
f 10070 10247 10255
f 10088 10048 10256
f 10030 9967 10257
f 9967 10145 10257
f 10086 10072 10258
f 10066 10013 10259
f 10170 10066 10259
f 10013 10173 10259
f 10107 9949 10260
f 9949 10124 10260
f 10081 10110 10261
f 10177 10081 10261
f 10110 10207 10261
f 10094 10093 10262
f 10093 10126 10262
f 10095 10094 10263
f 10094 10262 10263
f 10096 10095 10264
f 10095 10263 10264
f 10097 10096 10265
f 10096 10264 10265
f 10098 10097 10266
f 10097 10265 10266
f 10099 10098 10267
f 10098 10266 10267
f 10100 10099 10268
f 10099 10267 10268
f 10101 10100 10269
f 10100 10268 10269
f 10102 10101 10270
f 10101 10269 10270
f 10103 10102 10271
f 10102 10270 10271
f 10104 10103 10272
f 10103 10271 10272
f 10105 10104 10272
f 10197 10041 10273
f 10041 10233 10273
f 10116 10198 10239
f 10200 10046 10274
f 10046 10176 10274
f 9966 10115 10233
f 10209 10045 10275
f 10045 10178 10275
f 10208 9946 10276
f 9946 10121 10276
f 10233 10115 10277
f 10273 10233 10277
f 10115 10215 10277
f 10043 10092 10278
f 10182 10043 10278
f 10092 10249 10278
f 10022 10194 10279
f 10037 10128 10280
f 10215 10208 10281
f 10134 9999 10282
f 9999 10167 10282
f 10216 10090 10283
f 10090 10183 10283
f 10190 9747 9936
f 10117 10028 10284
f 10028 10204 10284
f 10111 10229 10251
f 10217 10197 10285
f 10157 9991 10286
f 9991 10172 10286
f 9964 10232 10140
f 10218 10209 10287
f 10219 10062 10288
f 10062 10238 10288
f 10125 9958 10289
f 9958 10134 10289
f 10126 10040 10290
f 10262 10126 10290
f 10040 10142 10290
f 10129 9942 10291
f 9942 10161 10291
f 10123 10234 10292
f 10220 10039 10293
f 10039 10135 10293
f 10133 10235 10294
f 10212 9980 10295
f 9980 10157 10295
f 9956 10131 10164
f 10057 9965 10296
f 9965 10051 10296
f 10135 10074 10297
f 10074 10241 10297
f 10136 10026 10298
f 10026 10201 10298
f 10053 10057 10299
f 10234 10053 10299
f 10057 10296 10299
f 10137 10014 10300
f 10014 10186 10300
f 10130 10211 10301
f 10138 10027 10302
f 10027 10202 10302
f 10139 10084 10303
f 10148 10022 10279
f 10141 10020 10304
f 10020 10179 10304
f 10142 10118 10305
f 10143 9962 10306
f 9962 10159 10306
f 10144 10141 10307
f 10227 10144 10307
f 10141 10304 10307
f 10221 10047 10308
f 10047 10188 10308
f 10145 10088 10309
f 10088 10256 10309
f 10222 10042 10310
f 10042 10164 10310
f 10151 10021 10311
f 10021 10193 10311
f 10200 10274 10312
f 10152 10012 10313
f 10012 10184 10313
f 10204 10133 10314
f 10133 10294 10314
f 10175 10168 10315
f 10168 10250 10315
f 10223 10060 10316
f 10060 10240 10316
f 10241 10154 10317
f 10154 10222 10317
f 10239 10198 10318
f 10073 9982 10319
f 9982 10108 10319
f 10155 10242 10320
f 10243 9979 10138
f 10193 10105 10321
f 10311 10193 10321
f 10105 10272 10321
f 10156 9995 10322
f 10235 10156 10322
f 9995 10175 10322
f 10159 9928 10136
f 10247 10063 10323
f 10063 10086 10323
f 10171 10248 10324
f 10229 10087 10254
f 10162 10030 10257
f 10174 10080 10325
f 10080 10252 10325
f 9984 10160 10326
f 10163 10146 10327
f 10065 10073 10328
f 10073 10319 10328
f 10172 10015 10329
f 10015 10187 10329
f 10207 9984 10326
f 10035 10147 10330
f 10036 10120 10331
f 10166 10006 10332
f 10006 10181 10332
f 10173 10251 10259
f 10035 10330 10169
f 10260 10124 10333
f 10124 10217 10333
f 10008 10203 10334
f 10201 10170 10335
f 10176 10137 10336
f 10137 10300 10336
f 10153 10239 10337
f 10239 10318 10337
f 10127 9950 10338
f 9950 10125 10338
f 10199 9943 10339
f 9943 10119 10339
f 9936 10114 10190
f 10256 10048 10214
f 9971 10151 10340
f 10051 9971 10340
f 10151 10311 10340
f 10281 10208 10341
f 10208 10276 10341
f 10258 10072 10342
f 10072 10162 10342
f 10178 10069 10343
f 10069 10189 10343
f 10170 10259 10344
f 10335 10170 10344
f 10259 10251 10344
f 10224 10044 10345
f 10044 10177 10345
f 10179 10033 10346
f 10033 10210 10346
f 10225 10089 10347
f 10089 10230 10347
f 10180 10165 10348
f 10254 10091 10349
f 10091 10106 10349
f 10181 10107 10350
f 10107 10260 10350
f 10183 10182 10351
f 10279 10194 10352
f 10210 10123 10353
f 10123 10292 10353
f 10120 10216 10354
f 10184 10130 10355
f 10130 10301 10355
f 10150 10036 10331
f 10048 10192 10214
f 10191 10037 10280
f 10185 9988 10356
f 9988 10139 10356
f 10186 10153 10357
f 10153 10337 10357
f 10188 10109 10358
f 10109 10246 10358
f 10189 10002 10359
f 10002 10117 10359
f 10131 10008 10334
f 10112 10231 10360
f 10192 10190 10114
f 10106 10085 10361
f 10349 10106 10361
f 10085 10255 10361
f 10119 10112 10362
f 10112 10360 10362
f 10108 10067 10363
f 10319 10108 10363
f 10067 10244 10363
f 10086 10258 10323
f 10226 10065 10364
f 10065 10328 10364
f 10196 10011 10365
f 10011 10180 10365
f 10160 10223 10366
f 10274 10176 10336
f 10282 10167 10367
f 10167 10218 10367
f 10202 10171 10368
f 10171 10324 10368
f 10113 10061 10369
f 10061 10150 10369
f 10205 10025 10370
f 10025 10199 10370
f 10206 10155 10371
f 10155 10320 10371
f 10276 10121 10372
f 10121 10227 10372
f 10128 10219 10373
f 10211 9954 10374
f 10301 10211 10374
f 9954 10185 10374
f 10213 9963 10375
f 9963 10140 10375
f 10203 10226 10376
f 10214 10200 10377
f 10256 10214 10377
f 10200 10312 10377
f 10192 10114 10214
f 10280 10128 10378
f 10128 10373 10378
f 10285 10197 10379
f 10197 10273 10379
f 10287 10209 10380
f 10209 10275 10380
f 10303 10084 10381
f 10084 10212 10381
f 10305 10118 10382
f 10118 10228 10382
f 10318 10198 10383
f 10198 10224 10383
f 10327 10146 10384
f 10146 10221 10384
f 10326 10160 10385
f 10160 10366 10385
f 10331 10120 10386
f 10120 10354 10386
f 10330 10147 10387
f 10147 10220 10387
f 10334 10203 10388
f 10203 10376 10388
f 10352 10194 10389
f 10194 10225 10389
f 10348 10165 10390
f 10165 10206 10390
f 10351 10182 10391
f 10182 10278 10391
f 10246 10166 10332
f 10232 10152 10392
f 10152 10313 10392
f 10230 10191 10393
f 10347 10230 10393
f 10191 10280 10393
f 10292 10234 10394
f 10294 10235 10395
f 10235 10322 10395
f 10238 10143 10396
f 10143 10306 10396
f 10242 10132 10397
f 10132 10237 10397
f 10158 10163 10398
f 10312 10274 10399
f 10274 10336 10399
f 10240 10129 10400
f 10129 10291 10400
f 10320 10242 10401
f 10242 10397 10401
f 10243 10138 10402
f 10231 10243 10402
f 10138 10302 10402
f 10244 10205 10403
f 10205 10370 10403
f 10257 10145 10404
f 10145 10309 10404
f 10252 10113 10405
f 10113 10369 10405
f 10248 10195 10406
f 10195 10253 10406
f 10324 10248 10407
f 10248 10406 10407
f 10229 10254 10408
f 10163 10327 10398
f 10159 10136 10409
f 10306 10159 10409
f 10136 10298 10409
f 10140 10232 10410
f 10232 10392 10410
f 10161 10174 10411
f 10291 10161 10411
f 10174 10325 10411
f 10337 10318 10412
f 10164 10131 10413
f 10310 10164 10413
f 10131 10334 10413
f 10255 10247 10414
f 10158 10398 10250
f 10398 10327 10415
f 10250 10398 10416
f 10398 10415 10416
f 10279 10352 10417
f 10323 10258 10418
f 10354 10216 10419
f 10216 10283 10419
f 10360 10231 10420
f 10231 10402 10420
f 10190 10075 10004
f 10263 10262 10421
f 10262 10290 10421
f 10264 10263 10422
f 10263 10421 10422
f 10265 10264 10423
f 10264 10422 10423
f 10266 10265 10424
f 10265 10423 10424
f 10267 10266 10425
f 10266 10424 10425
f 10268 10267 10426
f 10267 10425 10426
f 10269 10268 10427
f 10268 10426 10427
f 10270 10269 10428
f 10269 10427 10428
f 10271 10270 10429
f 10270 10428 10429
f 10272 10271 10430
f 10271 10429 10430
f 10366 10223 10431
f 10223 10316 10431
f 10251 10229 10432
f 10275 10178 10433
f 10178 10343 10433
f 10162 10257 10434
f 10342 10162 10434
f 10257 10404 10434
f 10373 10219 10435
f 10219 10288 10435
f 10247 10323 10436
f 10323 10418 10436
f 10376 10226 10437
f 10226 10364 10437
f 10379 10273 10438
f 10273 10277 10438
f 10215 10281 10439
f 10324 10407 10440
f 10134 10282 10441
f 10283 10183 10442
f 10183 10351 10442
f 10295 10157 10443
f 10157 10286 10443
f 10284 10204 10444
f 10204 10314 10444
f 10142 10305 10421
f 10285 10379 10445
f 10286 10172 10446
f 10172 10329 10446
f 10380 10275 10447
f 10275 10433 10447
f 10288 10238 10448
f 10238 10396 10448
f 10180 10348 10449
f 10393 10280 10450
f 10280 10378 10450
f 10381 10212 10451
f 10212 10295 10451
f 10247 10436 10414
f 10289 10134 10441
f 10303 10381 10452
f 10293 10135 10453
f 10135 10297 10453
f 10294 10395 10454
f 10139 10303 10455
f 10140 10410 10375
f 10296 10051 10340
f 10297 10241 10456
f 10378 10373 10457
f 10236 10169 10458
f 10169 10330 10458
f 10298 10201 10459
f 10201 10335 10459
f 10302 10202 10460
f 10202 10368 10460
f 10382 10228 10461
f 10148 10279 10462
f 10218 10287 10463
f 10304 10179 10464
f 10179 10346 10464
f 10383 10224 10465
f 10224 10345 10465
f 10441 10282 10466
f 10282 10367 10466
f 10313 10184 10467
f 10184 10355 10467
f 10309 10256 10468
f 10256 10377 10468
f 10322 10175 10469
f 10395 10322 10469
f 10175 10315 10469
f 10335 10344 10470
f 10312 10399 10471
f 10314 10294 10472
f 10294 10454 10472
f 10315 10250 10473
f 10250 10416 10473
f 10316 10240 10474
f 10240 10400 10474
f 10317 10222 10475
f 10222 10310 10475
f 10384 10221 10476
f 10221 10308 10476
f 10353 10292 10477
f 10332 10181 10478
f 10181 10350 10478
f 10245 10213 10479
f 10213 10375 10479
f 10408 10254 10480
f 10254 10349 10480
f 10366 10431 10481
f 10385 10366 10482
f 10366 10481 10482
f 10325 10252 10483
f 10252 10405 10483
f 10386 10354 10484
f 10329 10187 10485
f 10187 10236 10485
f 10387 10220 10486
f 10220 10293 10486
f 10249 10127 10487
f 10278 10249 10487
f 10127 10338 10487
f 10217 10285 10488
f 10388 10376 10489
f 10207 10326 10490
f 10418 10258 10491
f 10258 10342 10491
f 10251 10432 10344
f 10150 10331 10492
f 10333 10217 10488
f 10389 10225 10493
f 10225 10347 10493
f 10413 10334 10494
f 10334 10388 10494
f 10253 10196 10495
f 10406 10253 10495
f 10196 10365 10495
f 10228 10245 10496
f 10461 10228 10496
f 10245 10479 10496
f 10338 10125 10497
f 10125 10289 10497
f 10215 10439 10277
f 10417 10352 10498
f 10229 10408 10432
f 10339 10119 10499
f 10119 10362 10499
f 10328 10319 10500
f 10319 10363 10500
f 10412 10318 10501
f 10318 10383 10501
f 10360 10420 10502
f 10390 10206 10371
f 10343 10189 10359
f 10415 10327 10503
f 10327 10384 10503
f 10150 10492 10369
f 10362 10360 10504
f 10360 10502 10504
f 10346 10210 10505
f 10210 10353 10505
f 10394 10234 10506
f 10234 10299 10506
f 10391 10278 10487
f 10350 10260 10507
f 10260 10333 10507
f 10281 10341 10508
f 10399 10336 10509
f 10336 10300 10509
f 10490 10326 10510
f 10326 10385 10510
f 10261 10207 10490
f 10246 10332 10511
f 10358 10246 10511
f 10332 10478 10511
f 10356 10139 10455
f 10357 10337 10512
f 10337 10412 10512
f 10279 10417 10462
f 10237 10148 10462
f 10359 10117 10513
f 10117 10284 10513
f 10442 10351 10514
f 10361 10255 10515
f 10255 10414 10515
f 10355 10301 10516
f 10488 10285 10517
f 10285 10445 10517
f 10463 10287 10518
f 10363 10244 10519
f 10500 10363 10519
f 10244 10403 10519
f 10364 10328 10520
f 10328 10500 10520
f 10320 10401 10521
f 10365 10180 10449
f 10374 10185 10522
f 10185 10356 10522
f 10367 10218 10463
f 10368 10324 10523
f 10324 10440 10523
f 10308 10188 10524
f 10188 10358 10524
f 10305 10382 10525
f 10370 10199 10526
f 10199 10339 10526
f 10371 10320 10527
f 10320 10521 10527
f 10372 10227 10528
f 10227 10307 10528
f 10301 10374 10529
f 10374 10522 10529
f 10377 10312 10530
f 10468 10377 10530
f 10312 10471 10530
f 10341 10276 10531
f 10276 10372 10531
f 10300 10186 10532
f 10509 10300 10532
f 10186 10357 10532
f 10348 10390 10533
f 10458 10330 10534
f 10330 10387 10534
f 10439 10281 10535
f 10281 10508 10535
f 10421 10305 10536
f 10422 10421 10536
f 10305 10525 10536
f 10449 10348 10537
f 10348 10533 10537
f 10455 10303 10538
f 10303 10452 10538
f 10457 10373 10539
f 10373 10435 10539
f 10456 10241 10540
f 10241 10317 10540
f 10459 10335 10541
f 10335 10470 10541
f 10477 10292 10542
f 10292 10394 10542
f 10301 10529 10516
f 10484 10354 10543
f 10354 10419 10543
f 10489 10376 10544
f 10376 10437 10544
f 10492 10331 10545
f 10331 10386 10545
f 10498 10352 10546
f 10352 10389 10546
f 10514 10351 10547
f 10351 10391 10547
f 10518 10287 10548
f 10287 10380 10548
f 10463 10518 10549
f 10392 10313 10550
f 10313 10467 10550
f 10349 10361 10551
f 10480 10349 10551
f 10361 10515 10551
f 10470 10344 10432
f 10177 10261 10552
f 10452 10381 10553
f 10381 10451 10553
f 10290 10142 10421
f 10454 10395 10554
f 10395 10469 10554
f 10396 10306 10555
f 10306 10409 10555
f 10414 10436 10556
f 10410 10392 10557
f 10392 10550 10557
f 10236 10458 10485
f 10397 10237 10462
f 10272 10430 10321
f 10299 10296 10558
f 10506 10299 10558
f 10296 10340 10558
f 10307 10304 10559
f 10528 10307 10559
f 10304 10464 10559
f 10471 10399 10560
f 10399 10509 10560
f 10277 10439 10438
f 10400 10291 10561
f 10291 10411 10561
f 10347 10393 10562
f 10493 10347 10562
f 10393 10450 10562
f 10401 10397 10563
f 10397 10462 10563
f 10402 10302 10564
f 10420 10402 10564
f 10302 10460 10564
f 10419 10283 10565
f 10283 10442 10565
f 10404 10309 10566
f 10309 10468 10566
f 10177 10552 10345
f 10552 10261 10490
f 10405 10369 10567
f 10369 10492 10567
f 10311 10321 10568
f 10407 10406 10569
f 10406 10495 10569
f 10481 10431 10570
f 10487 10338 10571
f 10391 10487 10571
f 10338 10497 10571
f 10552 10490 10572
f 10490 10510 10572
f 10310 10413 10573
f 10475 10310 10573
f 10413 10494 10573
f 10416 10415 10574
f 10432 10408 10575
f 10340 10311 10558
f 10516 10529 10576
f 10502 10420 10577
f 10420 10564 10577
f 10390 10371 10578
f 10533 10390 10578
f 10371 10527 10578
f 10435 10288 10579
f 10288 10448 10579
f 10462 10417 10563
f 10508 10341 10580
f 10341 10531 10580
f 10403 10370 10581
f 10370 10526 10581
f 10345 10552 10582
f 10465 10345 10582
f 10552 10572 10582
f 10470 10432 10575
f 10445 10379 10583
f 10379 10438 10583
f 10423 10422 10584
f 10422 10536 10584
f 10424 10423 10585
f 10423 10584 10585
f 10425 10424 10586
f 10424 10585 10586
f 10426 10425 10587
f 10425 10586 10587
f 10427 10426 10588
f 10426 10587 10588
f 10428 10427 10589
f 10427 10588 10589
f 10429 10428 10590
f 10428 10589 10590
f 10430 10429 10591
f 10429 10590 10591
f 10431 10316 10592
f 10570 10431 10592
f 10316 10474 10592
f 10321 10430 10593
f 10568 10321 10593
f 10430 10591 10593
f 10521 10401 10594
f 10401 10563 10594
f 10343 10359 10595
f 10433 10343 10595
f 10359 10513 10595
f 10525 10382 10596
f 10382 10461 10596
f 10440 10407 10597
f 10407 10569 10597
f 10437 10364 10598
f 10364 10520 10598
f 10536 10525 10599
f 10584 10536 10599
f 10525 10596 10599
f 10367 10463 10600
f 10457 10539 10601
f 10404 10566 10434
f 10443 10286 10602
f 10286 10446 10602
f 10444 10314 10603
f 10314 10472 10603
f 10485 10458 10604
f 10458 10534 10604
f 10447 10433 10605
f 10433 10595 10605
f 10448 10396 10606
f 10396 10555 10606
f 10477 10542 10607
f 10538 10452 10608
f 10441 10466 10609
f 10451 10295 10610
f 10295 10443 10610
f 10567 10492 10611
f 10492 10545 10611
f 10539 10435 10612
f 10435 10579 10612
f 10453 10297 10613
f 10297 10456 10613
f 10556 10436 10614
f 10436 10418 10614
f 10375 10410 10615
f 10540 10317 10616
f 10317 10475 10616
f 10541 10470 10617
f 10470 10575 10617
f 10378 10457 10618
f 10542 10394 10619
f 10516 10576 10620
f 10460 10368 10621
f 10368 10523 10621
f 10497 10289 10622
f 10289 10441 10622
f 10367 10600 10466
f 10471 10560 10623
f 10531 10372 10624
f 10372 10528 10624
f 10469 10315 10625
f 10554 10469 10625
f 10315 10473 10625
f 10456 10540 10626
f 10473 10416 10627
f 10416 10574 10627
f 10474 10400 10628
f 10400 10561 10628
f 10574 10415 10629
f 10415 10503 10629
f 10476 10308 10630
f 10308 10524 10630
f 10491 10342 10631
f 10342 10434 10631
f 10356 10455 10632
f 10479 10375 10615
f 10449 10537 10633
f 10391 10571 10547
f 10543 10419 10634
f 10419 10565 10634
f 10483 10405 10635
f 10405 10567 10635
f 10544 10437 10636
f 10437 10598 10636
f 10329 10485 10637
f 10446 10329 10637
f 10485 10604 10637
f 10409 10298 10638
f 10555 10409 10638
f 10298 10459 10638
f 10461 10496 10639
f 10486 10293 10640
f 10293 10453 10640
f 10545 10386 10641
f 10386 10484 10641
f 10388 10489 10642
f 10355 10516 10643
f 10546 10389 10644
f 10389 10493 10644
f 10333 10488 10645
f 10508 10580 10646
f 10521 10594 10647
f 10494 10388 10642
f 10411 10325 10648
f 10561 10411 10648
f 10325 10483 10648
f 10495 10365 10649
f 10569 10495 10649
f 10365 10449 10649
f 10575 10408 10650
f 10408 10480 10650
f 10378 10618 10450
f 10445 10583 10651
f 10558 10311 10568
f 10499 10362 10652
f 10362 10504 10652
f 10520 10500 10653
f 10500 10519 10653
f 10502 10577 10654
f 10501 10383 10655
f 10383 10465 10655
f 10503 10384 10656
f 10384 10476 10656
f 10504 10502 10657
f 10502 10654 10657
f 10505 10353 10658
f 10353 10477 10658
f 10507 10333 10645
f 10438 10439 10659
f 10583 10438 10659
f 10439 10535 10659
f 10510 10385 10660
f 10385 10482 10660
f 10498 10546 10661
f 10514 10547 10662
f 10489 10544 10663
f 10533 10578 10664
f 10565 10442 10665
f 10442 10514 10665
f 10482 10481 10666
f 10478 10350 10667
f 10350 10507 10667
f 10472 10454 10668
f 10512 10412 10669
f 10517 10445 10670
f 10445 10651 10670
f 10519 10403 10671
f 10653 10519 10671
f 10403 10581 10671
f 10515 10414 10672
f 10414 10556 10672
f 10513 10284 10673
f 10284 10444 10673
f 10548 10380 10674
f 10380 10447 10674
f 10464 10346 10675
f 10346 10505 10675
f 10596 10461 10676
f 10461 10639 10676
f 10440 10597 10677
f 10600 10463 10549
f 10537 10533 10678
f 10533 10664 10678
f 10484 10543 10679
f 10549 10518 10680
f 10638 10459 10681
f 10459 10541 10681
f 10522 10356 10632
f 10526 10339 10682
f 10339 10499 10682
f 10523 10440 10683
f 10440 10677 10683
f 10608 10452 10684
f 10452 10553 10684
f 10524 10358 10685
f 10358 10511 10685
f 10563 10417 10686
f 10594 10563 10686
f 10417 10498 10686
f 10527 10521 10687
f 10521 10647 10687
f 10529 10522 10688
f 10576 10529 10688
f 10522 10632 10688
f 10449 10633 10649
f 10530 10471 10689
f 10471 10623 10689
f 10532 10357 10690
f 10357 10512 10690
f 10534 10387 10691
f 10387 10486 10691
f 10535 10508 10692
f 10508 10646 10692
f 10441 10609 10622
f 10613 10456 10693
f 10456 10626 10693
f 10614 10418 10694
f 10418 10491 10694
f 10615 10410 10557
f 10618 10457 10695
f 10457 10601 10695
f 10516 10620 10643
f 10669 10412 10696
f 10412 10501 10696
f 10632 10455 10697
f 10455 10538 10697
f 10641 10484 10698
f 10484 10679 10698
f 10642 10489 10699
f 10489 10663 10699
f 10355 10643 10467
f 10645 10488 10700
f 10488 10517 10700
f 10665 10514 10701
f 10514 10662 10701
f 10658 10477 10702
f 10477 10607 10702
f 10666 10481 10703
f 10481 10570 10703
f 10668 10454 10704
f 10454 10554 10704
f 10680 10518 10705
f 10518 10548 10705
f 10686 10498 10706
f 10498 10661 10706
f 10601 10539 10707
f 10539 10612 10707
f 10643 10620 10708
f 10434 10566 10631
f 10468 10530 10709
f 10566 10468 10709
f 10530 10689 10709
f 10607 10542 10710
f 10542 10619 10710
f 10557 10550 10711
f 10623 10560 10712
f 10555 10638 10713
f 10606 10555 10713
f 10638 10681 10713
f 10646 10580 10714
f 10564 10460 10715
f 10577 10564 10715
f 10460 10621 10715
f 10550 10467 10716
f 10711 10550 10716
f 10467 10643 10716
f 10506 10558 10568
f 10571 10497 10717
f 10547 10571 10717
f 10497 10622 10717
f 10633 10537 10718
f 10537 10678 10718
f 10553 10451 10719
f 10451 10610 10719
f 10496 10479 10720
f 10639 10496 10720
f 10479 10615 10720
f 10594 10686 10721
f 10647 10594 10721
f 10686 10706 10721
f 10615 10557 10722
f 10720 10615 10722
f 10557 10711 10722
f 10626 10540 10723
f 10540 10616 10723
f 10664 10578 10724
f 10578 10527 10724
f 10651 10583 10725
f 10583 10659 10725
f 10654 10577 10726
f 10577 10715 10726
f 10556 10614 10727
f 10620 10576 10728
f 10580 10531 10729
f 10714 10580 10729
f 10531 10624 10729
f 10663 10544 10730
f 10544 10636 10730
f 10579 10448 10731
f 10448 10606 10731
f 10569 10649 10732
f 10597 10569 10732
f 10649 10633 10732
f 10581 10526 10733
f 10526 10682 10733
f 10662 10547 10717
f 10661 10546 10734
f 10546 10644 10734
f 10506 10568 10735
f 10394 10506 10735
f 10568 10593 10735
f 10511 10478 10736
f 10685 10511 10736
f 10478 10667 10736
f 10619 10394 10735
f 10619 10735 10737
f 10710 10619 10737
f 10735 10593 10737
f 10509 10532 10738
f 10560 10509 10738
f 10532 10690 10738
f 10677 10597 10739
f 10597 10732 10739
f 10600 10549 10740
f 10679 10543 10741
f 10543 10634 10741
f 10585 10584 10742
f 10584 10599 10742
f 10586 10585 10743
f 10585 10742 10743
f 10587 10586 10744
f 10586 10743 10744
f 10588 10587 10745
f 10587 10744 10745
f 10589 10588 10746
f 10588 10745 10746
f 10590 10589 10747
f 10589 10746 10747
f 10609 10466 10748
f 10466 10600 10748
f 10595 10513 10749
f 10513 10673 10749
f 10572 10510 10750
f 10510 10660 10750
f 10598 10520 10751
f 10520 10653 10751
f 10708 10620 10752
f 10620 10728 10752
f 10566 10709 10631
f 10491 10631 10753
f 10694 10491 10753
f 10631 10754 10753
f 10602 10446 10755
f 10446 10637 10755
f 10603 10472 10756
f 10472 10668 10756
f 10604 10534 10757
f 10534 10691 10757
f 10712 10560 10738
f 10605 10595 10749
f 10551 10515 10758
f 10515 10672 10758
f 10538 10608 10759
f 10693 10626 10760
f 10600 10740 10748
f 10639 10720 10761
f 10720 10722 10761
f 10611 10545 10762
f 10545 10641 10762
f 10612 10579 10763
f 10579 10731 10763
f 10623 10712 10764
f 10695 10601 10765
f 10618 10695 10766
f 10664 10724 10767
f 10617 10575 10768
f 10575 10650 10768
f 10681 10541 10769
f 10541 10617 10769
f 10670 10651 10770
f 10696 10501 10771
f 10501 10655 10771
f 10613 10693 10772
f 10697 10538 10759
f 10624 10528 10773
f 10528 10559 10773
f 10590 10747 10774
f 10663 10730 10775
f 10616 10475 10776
f 10475 10573 10776
f 10677 10739 10777
f 10645 10700 10778
f 10667 10507 10779
f 10507 10645 10779
f 10625 10473 10780
f 10473 10627 10780
f 10627 10574 10781
f 10607 10710 10782
f 10628 10561 10783
f 10561 10648 10783
f 10629 10503 10784
f 10503 10656 10784
f 10630 10524 10785
f 10524 10685 10785
f 10754 10631 10709
f 10644 10493 10786
f 10493 10562 10786
f 10717 10622 10787
f 10662 10717 10787
f 10622 10609 10787
f 10698 10679 10788
f 10647 10721 10789
f 10450 10618 10790
f 10650 10480 10791
f 10480 10551 10791
f 10570 10592 10792
f 10687 10647 10793
f 10647 10789 10793
f 10779 10645 10778
f 10593 10591 10737
f 10634 10565 10794
f 10565 10665 10794
f 10635 10567 10795
f 10567 10611 10795
f 10636 10598 10796
f 10598 10751 10796
f 10669 10696 10797
f 10699 10663 10798
f 10663 10775 10798
f 10716 10643 10708
f 10700 10517 10799
f 10517 10670 10799
f 10728 10576 10800
f 10576 10688 10800
f 10573 10494 10801
f 10776 10573 10801
f 10494 10642 10801
f 10701 10662 10802
f 10662 10787 10802
f 10648 10483 10803
f 10483 10635 10803
f 10702 10607 10804
f 10607 10782 10804
f 10724 10527 10687
f 10655 10465 10805
f 10465 10582 10805
f 10661 10734 10806
f 10652 10504 10807
f 10504 10657 10807
f 10672 10556 10808
f 10556 10727 10808
f 10727 10614 10809
f 10614 10694 10809
f 10453 10613 10810
f 10554 10625 10811
f 10625 10780 10811
f 10613 10772 10810
f 10656 10476 10812
f 10476 10630 10812
f 10621 10523 10813
f 10523 10683 10813
f 10657 10654 10814
f 10703 10570 10815
f 10570 10792 10815
f 10559 10464 10816
f 10773 10559 10816
f 10464 10675 10816
f 10732 10633 10817
f 10739 10732 10817
f 10633 10718 10817
f 10659 10535 10818
f 10725 10659 10818
f 10535 10692 10818
f 10658 10702 10819
f 10582 10572 10820
f 10805 10582 10820
f 10572 10750 10820
f 10608 10684 10821
f 10704 10554 10811
f 10705 10548 10822
f 10548 10674 10822
f 10512 10669 10823
f 10671 10581 10824
f 10581 10733 10824
f 10706 10661 10825
f 10661 10806 10825
f 10673 10444 10826
f 10444 10603 10826
f 10674 10447 10827
f 10447 10605 10827
f 10675 10505 10828
f 10505 10658 10828
f 10676 10639 10829
f 10639 10761 10829
f 10660 10482 10830
f 10482 10666 10830
f 10740 10549 10831
f 10549 10680 10831
f 10678 10664 10832
f 10664 10767 10832
f 10591 10590 10774
f 10592 10474 10833
f 10792 10592 10833
f 10474 10628 10833
f 10610 10443 10834
f 10443 10602 10834
f 10646 10714 10835
f 10682 10499 10836
f 10499 10652 10836
f 10623 10764 10754
f 10683 10677 10837
f 10677 10777 10837
f 10684 10553 10838
f 10553 10719 10838
f 10668 10704 10839
f 10680 10705 10840
f 10688 10632 10841
f 10632 10697 10841
f 10788 10679 10842
f 10679 10741 10842
f 10596 10676 10843
f 10599 10596 10843
f 10690 10512 10823
f 10691 10486 10844
f 10486 10640 10844
f 10692 10646 10845
f 10646 10835 10845
f 10666 10703 10846
f 10756 10668 10847
f 10668 10839 10847
f 10765 10601 10848
f 10601 10707 10848
f 10453 10810 10640
f 10760 10626 10849
f 10626 10723 10849
f 10759 10608 10850
f 10608 10821 10850
f 10762 10641 10851
f 10641 10698 10851
f 10618 10766 10790
f 10591 10774 10737
f 10770 10651 10852
f 10651 10725 10852
f 10781 10574 10853
f 10574 10629 10853
f 10787 10609 10854
f 10609 10748 10854
f 10450 10790 10562
f 10794 10665 10855
f 10665 10701 10855
f 10801 10642 10856
f 10642 10699 10856
f 10814 10654 10857
f 10654 10726 10857
f 10658 10819 10828
f 10823 10669 10858
f 10669 10797 10858
f 10830 10666 10859
f 10666 10846 10859
f 10831 10680 10860
f 10680 10840 10860
f 10766 10695 10861
f 10695 10765 10861
f 10730 10636 10862
f 10636 10796 10862
f 10764 10712 10863
f 10721 10706 10864
f 10789 10721 10864
f 10706 10825 10864
f 10712 10738 10865
f 10863 10712 10865
f 10738 10690 10865
f 10772 10693 10866
f 10693 10760 10866
f 10711 10716 10867
f 10716 10708 10867
f 10777 10739 10868
f 10739 10817 10868
f 10724 10687 10869
f 10767 10724 10869
f 10687 10793 10869
f 10715 10621 10870
f 10726 10715 10870
f 10621 10813 10870
f 10737 10774 10710
f 10779 10778 10871
f 10719 10610 10872
f 10610 10834 10872
f 10718 10678 10873
f 10678 10832 10873
f 10723 10616 10874
f 10616 10776 10874
f 10797 10696 10875
f 10696 10771 10875
f 10637 10604 10876
f 10755 10637 10876
f 10604 10757 10876
f 10821 10684 10877
f 10684 10838 10877
f 10819 10702 10878
f 10702 10804 10878
f 10806 10734 10879
f 10562 10790 10786
f 10778 10700 10880
f 10700 10799 10880
f 10731 10606 10881
f 10606 10713 10881
f 10840 10705 10882
f 10705 10822 10882
f 10775 10730 10883
f 10730 10862 10883
f 10734 10644 10884
f 10879 10734 10884
f 10644 10786 10884
f 10653 10671 10885
f 10751 10653 10885
f 10671 10824 10885
f 10710 10774 10886
f 10782 10710 10886
f 10774 10747 10886
f 10741 10634 10887
f 10634 10794 10887
f 10690 10823 10865
f 10742 10599 10843
f 10743 10742 10888
f 10742 10843 10888
f 10744 10743 10889
f 10743 10888 10889
f 10745 10744 10890
f 10744 10889 10890
f 10746 10745 10891
f 10745 10890 10891
f 10747 10746 10892
f 10746 10891 10892
f 10835 10714 10893
f 10749 10673 10894
f 10673 10826 10894
f 10750 10660 10895
f 10660 10830 10895
f 10754 10764 10896
f 10810 10772 10897
f 10839 10704 10898
f 10704 10811 10898
f 10707 10612 10899
f 10612 10763 10899
f 10733 10682 10900
f 10682 10836 10900
f 10740 10831 10901
f 10828 10819 10902
f 10843 10676 10903
f 10676 10829 10903
f 10846 10703 10904
f 10703 10815 10904
f 10675 10828 10905
f 10816 10675 10905
f 10828 10902 10905
f 10709 10689 10754
f 10848 10707 10906
f 10707 10899 10906
f 10757 10691 10907
f 10691 10844 10907
f 10849 10723 10908
f 10723 10874 10908
f 10850 10821 10909
f 10758 10672 10910
f 10672 10808 10910
f 10851 10698 10911
f 10698 10788 10911
f 10866 10760 10912
f 10783 10648 10803
f 10748 10740 10913
f 10763 10731 10914
f 10731 10881 10914
f 10789 10864 10915
f 10852 10725 10916
f 10725 10818 10916
f 10769 10617 10917
f 10617 10768 10917
f 10759 10850 10918
f 10853 10629 10919
f 10629 10784 10919
f 10867 10708 10920
f 10708 10752 10920
f 10697 10759 10921
f 10817 10718 10922
f 10868 10817 10922
f 10718 10873 10922
f 10792 10833 10923
f 10762 10851 10924
f 10777 10868 10925
f 10840 10882 10926
f 10797 10875 10927
f 10770 10852 10928
f 10667 10779 10929
f 10780 10627 10930
f 10627 10781 10930
f 10854 10748 10913
f 10551 10758 10791
f 10722 10711 10931
f 10761 10722 10931
f 10711 10867 10931
f 10727 10809 10932
f 10784 10656 10933
f 10656 10812 10933
f 10871 10778 10934
f 10778 10880 10934
f 10793 10789 10935
f 10789 10915 10935
f 10767 10869 10936
f 10835 10893 10937
f 10855 10701 10938
f 10701 10802 10938
f 10887 10794 10939
f 10794 10855 10939
f 10834 10602 10940
f 10602 10755 10940
f 10603 10756 10941
f 10798 10775 10942
f 10856 10699 10943
f 10699 10798 10943
f 10796 10751 10944
f 10751 10885 10944
f 10640 10810 10945
f 10942 10775 10946
f 10775 10883 10946
f 10799 10670 10947
f 10670 10770 10947
f 10713 10681 10948
f 10881 10713 10948
f 10681 10769 10948
f 10800 10688 10841
f 10779 10871 10929
f 10729 10624 10949
f 10624 10773 10949
f 10857 10726 10950
f 10726 10870 10950
f 10811 10780 10951
f 10898 10811 10951
f 10780 10930 10951
f 10803 10635 10952
f 10635 10795 10952
f 10776 10801 10953
f 10874 10776 10953
f 10801 10856 10953
f 10804 10782 10954
f 10806 10879 10955
f 10807 10657 10956
f 10657 10814 10956
f 10786 10790 10957
f 10884 10786 10957
f 10790 10766 10957
f 10808 10727 10958
f 10727 10932 10958
f 10815 10792 10959
f 10792 10923 10959
f 10812 10630 10960
f 10630 10785 10960
f 10813 10683 10961
f 10683 10837 10961
f 10781 10853 10962
f 10858 10797 10963
f 10797 10927 10963
f 10603 10941 10826
f 10714 10729 10964
f 10893 10714 10964
f 10729 10949 10964
f 10841 10697 10921
f 10820 10750 10965
f 10750 10895 10965
f 10802 10787 10854
f 10605 10749 10966
f 10771 10655 10967
f 10655 10805 10967
f 10736 10667 10929
f 10902 10819 10968
f 10819 10878 10968
f 10824 10733 10969
f 10733 10900 10969
f 10814 10857 10970
f 10768 10650 10971
f 10650 10791 10971
f 10822 10674 10972
f 10674 10827 10972
f 10865 10823 10973
f 10863 10865 10973
f 10823 10858 10973
f 10753 10754 10896
f 10859 10846 10974
f 10897 10772 10975
f 10772 10866 10975
f 10728 10800 10976
f 10825 10806 10977
f 10806 10955 10977
f 10827 10605 10966
f 10829 10761 10978
f 10761 10931 10978
f 10860 10840 10979
f 10840 10926 10979
f 10861 10765 10980
f 10832 10767 10981
f 10767 10936 10981
f 10837 10777 10982
f 10777 10925 10982
f 10888 10843 10903
f 10833 10628 10983
f 10923 10833 10983
f 10628 10783 10983
f 10836 10652 10984
f 10652 10807 10984
f 10749 10894 10966
f 10740 10901 10913
f 10788 10842 10985
f 10895 10830 10986
f 10830 10859 10986
f 10896 10764 10987
f 10810 10897 10945
f 10839 10898 10988
f 10838 10719 10989
f 10719 10872 10989
f 10764 10863 10987
f 10611 10762 10990
f 10901 10831 10991
f 10831 10860 10991
f 10842 10741 10992
f 10741 10887 10992
f 10640 10945 10844
f 10930 10781 10993
f 10781 10962 10993
f 10909 10821 10994
f 10821 10877 10994
f 10911 10788 10995
f 10788 10985 10995
f 10912 10760 10996
f 10760 10849 10996
f 10759 10918 10921
f 10762 10924 10990
f 10941 10756 10997
f 10756 10847 10997
f 10954 10782 10892
f 10947 10770 10998
f 10770 10928 10998
f 10956 10814 10999
f 10814 10970 10999
f 10957 10766 11000
f 10766 10861 11000
f 10974 10846 11001
f 10846 10904 11001
f 10980 10765 11002
f 10765 10848 11002
f 10611 10990 10795
f 10818 10692 11003
f 10916 10818 11003
f 10692 10845 11003
f 10752 10728 11004
f 10728 10976 11004
f 10847 10839 11005
f 10839 10988 11005
f 10845 10835 11006
f 10835 10937 11006
f 10694 10753 11007
f 10862 10796 11008
f 10796 10944 11008
f 10783 10803 11009
f 10983 10783 11009
f 10803 10952 11009
f 10932 10809 11010
f 10915 10864 11011
f 10864 10825 11011
f 10877 10838 11012
f 10838 10989 11012
f 10926 10882 11013
f 10925 10868 11014
f 10868 10922 11014
f 10928 10852 11015
f 10852 10916 11015
f 10918 10850 11016
f 10850 10909 11016
f 10990 10924 11017
f 10924 10851 11018
f 10851 10911 11018
f 10888 10903 11019
f 10869 10793 11020
f 10936 10869 11020
f 10793 10935 11020
f 10937 10893 11021
f 10931 10867 11022
f 10978 10931 11022
f 10867 10920 11022
f 10785 10685 11023
f 10694 11007 10809
f 11023 10685 10736
f 10809 11007 11010
f 10927 10875 11024
f 10987 10863 11025
f 10863 10973 11025
f 10873 10832 11026
f 10832 10981 11026
f 10892 10782 10886
f 10875 10771 11027
f 11024 10875 11027
f 10771 10967 11027
f 10896 10987 11028
f 10921 10918 11029
f 10791 10758 10910
f 10971 10791 10910
f 11030 11031 11032
f 10955 10879 11033
f 10878 10804 11034
f 10804 10954 11034
f 10885 10824 11035
f 10944 10885 11035
f 10824 10969 11035
f 10773 10816 11036
f 10949 10773 11036
f 10816 10905 11036
f 10872 10834 11037
f 10834 10940 11037
f 10966 10894 11038
f 10880 10799 11039
f 10799 10947 11039
f 11023 10736 10929
f 11023 10929 11040
f 10929 10871 11040
f 10962 10853 11041
f 10853 10919 11041
f 10882 10822 11042
f 11013 10882 11042
f 10822 10972 11042
f 10883 10862 11043
f 10862 11008 11043
f 10913 10901 11044
f 10903 10829 11045
f 10829 10978 11045
f 10805 10820 11046
f 10967 10805 11046
f 10820 10965 11046
f 10970 10857 11047
f 10857 10950 11047
f 10753 10896 11007
f 10894 10826 11048
f 11038 10894 11048
f 10826 10941 11048
f 10889 10888 11019
f 10890 10889 11049
f 10891 10890 11050
f 10890 11049 11050
f 10892 10891 11051
f 10954 10892 11051
f 10891 11050 11051
f 10985 10842 11052
f 10842 10992 11052
f 10623 10754 10689
f 10945 10897 11053
f 10800 10841 11054
f 10976 10800 11054
f 10841 10921 11054
f 10988 10898 11055
f 10898 10951 11055
f 10899 10763 11056
f 10763 10914 11056
f 10870 10813 11057
f 10813 10961 11057
f 10900 10836 11058
f 10836 10984 11058
f 10886 10747 10892
f 10802 10854 11059
f 10938 10802 11059
f 10854 10913 11059
f 10904 10815 11060
f 10815 10959 11060
f 10795 10990 11061
f 10952 10795 11061
f 10990 11017 11061
f 10993 10962 11062
f 10913 11044 11059
f 10906 10899 11063
f 10899 11056 11063
f 10908 10874 11064
f 10874 10953 11064
f 10994 10877 11065
f 10877 11012 11065
f 10995 10985 11066
f 10955 11033 11067
f 10996 10849 11068
f 10849 10908 11068
f 11018 10911 11069
f 10911 10995 11069
f 11011 10825 10977
f 10912 10996 11070
f 10870 11057 10950
f 10915 11011 11071
f 10988 11055 11072
f 10954 11051 11034
f 10879 10884 11073
f 11033 10879 11073
f 10884 10957 11073
f 10925 11014 11074
f 11016 10909 11075
f 10917 10768 11076
f 10768 10971 11076
f 10998 10928 11077
f 11017 10924 11078
f 10924 11018 11078
f 10946 10883 11079
f 10883 11043 11079
f 10920 10752 11080
f 10752 11004 11080
f 10984 10807 11081
f 10807 10956 11081
f 11019 10903 11045
f 10844 10945 11082
f 10997 10847 11083
f 10847 11005 11083
f 10936 11020 11084
f 10861 10980 11085
f 10889 11019 11049
f 10902 10968 11086
f 10932 11010 11087
f 10922 10873 11088
f 10873 11026 11088
f 10933 10812 11089
f 10812 10960 11089
f 11007 10896 11028
f 10919 10784 11090
f 10784 10933 11090
f 10934 10880 11091
f 10880 11039 11091
f 11028 10987 11092
f 10987 11025 11092
f 10935 10915 11093
f 10915 11071 11093
f 10937 11021 11094
f 11021 10893 11095
f 10893 10964 11095
f 10939 10855 11096
f 10855 10938 11096
f 10940 10755 11097
f 10755 10876 11097
f 10943 10798 11098
f 10798 10942 11098
f 11029 10918 11099
f 10918 11016 11099
f 11010 11007 11028
f 10942 10946 11100
f 10876 10757 11101
f 11097 10876 11101
f 10757 10907 11101
f 10921 11029 11054
f 11004 10976 11102
f 10999 10970 11103
f 10948 10769 11104
f 10769 10917 11104
f 10951 10930 11105
f 11055 10951 11105
f 10930 10993 11105
f 11000 10861 11085
f 10953 10856 11106
f 10856 10943 11106
f 10866 10912 11107
f 10827 10966 11108
f 11001 10904 11109
f 10904 11060 11109
f 10785 11023 11110
f 11039 10947 11111
f 10947 10998 11111
f 10963 10927 11112
f 10959 10923 11113
f 11040 10871 11114
f 10871 10934 11114
f 10960 10785 11110
f 10961 10837 11115
f 10837 10982 11115
f 10910 10808 11116
f 10808 10958 11116
f 10965 10895 11117
f 10895 10986 11117
f 11044 10901 11118
f 10901 10991 11118
f 10844 11082 10907
f 10958 10932 11119
f 10932 11087 11119
f 10968 10878 11120
f 10878 11034 11120
f 10969 10900 11121
f 10900 11058 11121
f 10972 10827 11108
f 10973 10858 11122
f 10858 10963 11122
f 10977 10955 11123
f 10955 11067 11123
f 11062 10962 11124
f 10962 11041 11124
f 11002 10848 11125
f 10848 10906 11125
f 11108 10966 11038
f 10981 10936 11126
f 10936 11084 11126
f 11048 10941 11127
f 10941 10997 11127
f 10979 10926 11128
f 10982 10925 11129
f 10925 11074 11129
f 11113 10923 11130
f 10923 10983 11130
f 10859 10974 11131
f 10989 10872 11132
f 10872 11037 11132
f 10986 10859 11131
f 10980 11002 11133
f 11003 10845 11134
f 10845 11006 11134
f 10976 11054 11135
f 11102 10976 11135
f 11054 11029 11135
f 10881 10948 11136
f 10914 10881 11136
f 10948 11104 11136
f 10991 10860 11137
f 10860 10979 11137
f 10974 11001 11138
f 11085 10980 11139
f 10980 11133 11139
f 10992 10887 11140
f 10887 10939 11140
f 11053 10897 11141
f 10897 10975 11141
f 10975 10866 11107
f 11005 10988 11142
f 10988 11072 11142
f 10945 11053 11082
f 11023 11040 11110
f 11006 10937 11143
f 10937 11094 11143
f 10905 10902 11144
f 11036 10905 11144
f 10902 11086 11144
f 11066 10985 11145
f 10985 11052 11145
f 11073 10957 11000
f 11075 10909 11146
f 10909 10994 11146
f 11077 10928 11147
f 10928 11015 11147
f 11081 10956 11148
f 10956 10999 11148
f 11103 10970 11149
f 10970 11047 11149
f 11098 10942 11150
f 10942 11100 11150
f 11107 10912 11151
f 10912 11070 11151
f 11112 10927 11152
f 10927 11024 11152
f 11128 10926 11153
f 10926 11013 11153
f 11131 10974 11154
f 10974 11138 11154
f 11072 11055 11155
f 11055 11105 11155
f 11070 10996 11156
f 10996 11068 11156
f 11071 11011 11157
f 11011 10977 11157
f 11082 11053 11158
f 11034 11051 11159
f 11012 10989 11160
f 10989 11132 11160
f 11010 11028 11092
f 11108 11038 11161
f 11043 11008 11162
f 11110 11040 11163
f 11040 11114 11163
f 11049 11019 11164
f 11086 10968 11165
f 10968 11120 11165
f 11060 10959 11166
f 10959 11113 11166
f 11094 11021 11167
f 11026 10981 11168
f 10981 11126 11168
f 10916 11003 11169
f 11015 10916 11169
f 11003 11134 11169
f 11100 10946 11170
f 10946 11079 11170
f 11037 10940 11171
f 10940 11097 11171
f 11050 11049 11172
f 11049 11164 11172
f 10960 11110 11173
f 11089 10960 11173
f 11110 11163 11173
f 11041 10919 11174
f 10919 11090 11174
f 10964 10949 11175
f 11095 10964 11175
f 10949 11036 11175
f 11045 10978 11176
f 10978 11022 11176
f 11047 10950 11177
f 10950 11057 11177
f 10972 11108 11178
f 11042 10972 11178
f 11108 11161 11178
f 11025 10973 11122
f 11014 10922 11088
f 10938 11059 11179
f 11096 10938 11179
f 11059 11044 11179
f 11073 11000 11180
f 11033 11073 11180
f 11000 11085 11180
f 11051 11050 11159
f 11133 11002 11181
f 11002 11125 11181
f 11087 11010 11092
f 11056 10914 11182
f 10914 11136 11182
f 11138 11001 11183
f 11001 11109 11183
f 11057 10961 11184
f 10961 11115 11184
f 11058 10984 11185
f 10984 11081 11185
f 10907 11082 11186
f 11101 10907 11186
f 11082 11158 11186
f 11020 10935 11187
f 11084 11020 11187
f 10935 11093 11187
f 11008 10944 11188
f 11162 11008 11188
f 10944 11035 11188
f 11067 11033 11189
f 11033 11180 11189
f 11038 11048 11190
f 11048 11127 11190
f 11052 10992 11191
f 10992 11140 11191
f 11038 11190 11161
f 11063 11056 11192
f 11056 11182 11192
f 11064 10953 11106
f 11065 11012 11193
f 11012 11160 11193
f 11133 11181 11194
f 11062 11124 11195
f 11071 11157 11196
f 11069 10995 11197
f 10995 11066 11197
f 11157 10977 11123
f 11158 11053 11198
f 11053 11141 11198
f 11034 11159 11120
f 11146 10994 11199
f 10994 11065 11199
f 11075 11146 11200
f 11147 11015 11201
f 11015 11169 11201
f 11016 11075 11202
f 11084 11187 11203
f 11148 10999 11204
f 10999 11103 11204
f 11017 11078 11205
f 11079 11043 11206
f 11043 11162 11206
f 11080 11004 11207
f 11004 11102 11207
f 11013 11042 11208
f 11042 11178 11208
f 11149 11047 11209
f 11047 11177 11209
f 10943 11098 11210
f 11083 11005 11211
f 11005 11142 11211
f 11086 11165 11212
f 11166 11113 11213
f 11070 11156 11214
f 11103 11149 11215
f 11022 10920 11216
f 11176 11022 11216
f 10920 11080 11216
f 10943 11210 11106
f 11090 10933 11217
f 10933 11089 11217
f 11078 11018 11218
f 11018 11069 11218
f 11091 11039 11219
f 11039 11111 11219
f 11016 11202 11099
f 11092 11025 11220
f 11025 11122 11220
f 11093 11071 11221
f 11071 11196 11221
f 11180 11085 11222
f 11189 11180 11222
f 11085 11139 11222
f 11072 11155 11223
f 11050 11172 11159
f 11150 11100 11224
f 11151 11070 11225
f 11070 11214 11225
f 11226 11227 11228
f 10910 11116 11229
f 11027 10967 11230
f 10967 11046 11230
f 10963 11112 11231
f 11145 11052 11232
f 11052 11191 11232
f 11102 11135 11233
f 10983 11009 11130
f 10971 10910 11229
f 11076 10971 11229
f 11228 11234 11226
f 11105 10993 11235
f 11155 11105 11235
f 10993 11062 11235
f 11213 11113 11236
f 11113 11130 11236
f 11109 11060 11237
f 11060 11166 11237
f 11045 11176 11238
f 11152 11024 11239
f 11057 11184 11177
f 11019 11045 11238
f 11035 10969 11240
f 11188 11035 11240
f 10969 11121 11240
f 11153 11013 11241
f 11013 11208 11241
f 11094 11167 11242
f 11115 10982 11243
f 10982 11129 11243
f 11116 10958 11119
f 11244 11245 11246
f 10986 11131 11247
f 11117 10986 11247
f 11019 11238 11164
f 11118 10991 11248
f 10991 11137 11248
f 11119 11087 11249
f 11046 10965 11250
f 11230 11046 11250
f 10965 11117 11250
f 11074 11014 11251
f 11121 11058 11252
f 11058 11185 11252
f 11132 11037 11253
f 11037 11171 11253
f 11138 11183 11254
f 10998 11077 11255
f 11122 10963 11231
f 11123 11067 11254
f 11124 11041 11256
f 11041 11174 11256
f 11125 10906 11257
f 10906 11063 11257
f 11129 11074 11258
f 10975 11107 11259
f 11126 11084 11260
f 11084 11203 11260
f 11024 11027 11261
f 11239 11024 11261
f 11027 11230 11261
f 11112 11152 11262
f 11127 10997 11263
f 10997 11083 11263
f 11154 11138 11264
f 11138 11254 11264
f 11179 11044 11265
f 11044 11118 11265
f 11114 10934 11266
f 10934 11091 11266
f 11128 11153 11267
f 11066 11145 11268
f 11134 11006 11269
f 11006 11143 11269
f 11067 11189 11264
f 11111 10998 11255
f 11135 11029 11270
f 11233 11135 11270
f 11029 11099 11270
f 11077 11147 11271
f 11139 11133 11272
f 11133 11194 11272
f 11185 11081 11273
f 11081 11148 11273
f 11140 10939 11274
f 10939 11096 11274
f 10979 11128 11275
f 11235 11062 11276
f 11062 11195 11276
f 11087 11092 11249
f 11141 10975 11259
f 11068 10908 11277
f 10908 11064 11277
f 11204 11103 11278
f 11103 11215 11278
f 11197 11066 11279
f 11066 11268 11279
f 11142 11072 11280
f 11072 11223 11280
f 11143 11094 11281
f 11094 11242 11281
f 11137 10979 11275
f 11202 11075 11282
f 11075 11200 11282
f 11207 11102 11283
f 11102 11233 11283
f 11210 11098 11284
f 11098 11150 11284
f 11259 11107 11285
f 11107 11151 11285
f 11224 11100 11286
f 11100 11170 11286
f 11251 11014 11088
f 11231 11112 11287
f 11112 11262 11287
f 11255 11077 11288
f 11077 11271 11288
f 11067 11264 11254
f 11247 11131 11289
f 11131 11154 11289
f 11074 11251 11268
f 11258 11074 11268
f 11275 11128 11290
f 11128 11267 11290
f 11195 11124 11214
f 11009 10952 11291
f 11164 11238 11292
f 11194 11181 11293
f 11249 11092 11220
f 11203 11187 11294
f 11187 11093 11294
f 11156 11068 11295
f 11068 11277 11295
f 10952 11061 11291
f 11223 11155 11296
f 11155 11235 11296
f 11200 11146 11297
f 11146 11199 11297
f 11170 11079 11298
f 11079 11206 11298
f 10917 11076 11299
f 11205 11078 11300
f 11078 11218 11300
f 10917 11299 11104
f 11009 11291 11130
f 11299 11076 11301
f 11076 11229 11301
f 11212 11165 11302
f 11154 11264 11303
f 11289 11154 11303
f 11264 11189 11303
f 11096 11179 11304
f 11274 11096 11304
f 11179 11265 11304
f 11167 11021 11305
f 11174 11090 11306
f 11090 11217 11306
f 11195 11214 11156
f 11026 11168 11307
f 11021 11095 11305
f 11159 11172 11308
f 11169 11134 11309
f 11134 11269 11309
f 11086 11212 11310
f 11271 11147 11297
f 11097 11101 11311
f 11171 11097 11311
f 11101 11186 11311
f 11130 11291 11236
f 11136 11104 11312
f 11182 11136 11312
f 11104 11299 11312
f 11017 11205 11313
f 11262 11152 11314
f 11152 11239 11314
f 11172 11164 11315
f 11308 11172 11315
f 11164 11292 11315
f 11036 11144 11175
f 11238 11176 11316
f 11176 11216 11316
f 11195 11156 11295
f 11120 11159 11317
f 11165 11120 11317
f 11159 11308 11317
f 11242 11167 11318
f 11268 11251 11279
f 11268 11145 11258
f 11157 11123 11319
f 11196 11157 11319
f 11123 11254 11319
f 11254 11183 11319
f 11122 11231 11220
f 11291 11061 11313
f 11215 11149 11320
f 11149 11209 11320
f 11267 11153 11321
f 11153 11241 11321
f 11086 11310 11144
f 11026 11307 11088
f 11017 11313 11061
f 11291 11313 11236
f 11305 11095 11310
f 11310 11212 11305
f 11144 11310 11175
f 11181 11125 11322
f 11293 11181 11322
f 11125 11257 11322
f 11064 11106 11323
f 11277 11064 11323
f 11106 11210 11323
f 11251 11088 11307
f 11183 11109 11324
f 11109 11237 11324
f 11184 11115 11325
f 11115 11243 11325
f 11214 11124 11256
f 11258 11145 11232
f 11168 11126 11326
f 11126 11260 11326
f 11161 11190 11327
f 11163 11114 11328
f 11114 11266 11328
f 11129 11258 11329
f 11243 11129 11329
f 11258 11232 11329
f 11190 11127 11330
f 11327 11190 11330
f 11127 11263 11330
f 11150 11224 11280
f 11191 11140 11331
f 11140 11274 11331
f 11160 11132 11332
f 11132 11253 11332
f 11310 11095 11175
f 11305 11212 11333
f 11167 11305 11333
f 11212 11302 11333
f 11251 11307 11279
f 11192 11182 11334
f 11182 11312 11334
f 11193 11160 11335
f 11160 11332 11335
f 11194 11293 11336
f 11249 11220 11337
f 11220 11231 11337
f 11294 11093 11221
f 11189 11222 11303
f 11069 11197 11338
f 11198 11141 11339
f 11141 11259 11339
f 11267 11321 11340
f 11296 11235 11276
f 11201 11169 11309
f 11199 11065 11341
f 11065 11193 11341
f 11080 11207 11342
f 11147 11201 11297
f 11283 11233 11343
f 11239 11261 11336
f 11302 11165 11317
f 11148 11204 11344
f 11205 11300 11345
f 11069 11338 11218
f 11284 11150 11280
f 11209 11177 11346
f 11177 11184 11346
f 11285 11151 11347
f 11151 11225 11347
f 11337 11231 11287
f 11241 11208 11348
f 11080 11342 11216
f 11166 11213 11349
f 11200 11297 11201
f 11197 11279 11350
f 11338 11197 11350
f 11279 11307 11350
f 11195 11295 11276
f 11260 11203 11351
f 11217 11089 11352
f 11089 11173 11352
f 11286 11170 11353
f 11170 11298 11353
f 11219 11111 11354
f 11111 11255 11354
f 11232 11191 11355
f 11191 11331 11355
f 11307 11168 11350
f 11221 11196 11356
f 11222 11139 11357
f 11303 11222 11357
f 11139 11272 11357
f 11225 11214 11256
f 11162 11188 11358
f 11188 11240 11358
f 11229 11116 11359
f 11116 11119 11359
f 11287 11262 11360
f 11288 11271 11341
f 11204 11278 11290
f 11292 11238 11316
f 11168 11326 11350
f 11148 11344 11273
f 11271 11297 11199
f 11312 11299 11361
f 11334 11312 11361
f 11299 11301 11361
f 11314 11239 11293
f 11256 11174 11362
f 11174 11306 11362
f 11167 11333 11318
f 11119 11249 11363
f 11237 11166 11349
f 11323 11210 11364
f 11210 11284 11364
f 11240 11121 11365
f 11358 11240 11365
f 11121 11252 11365
f 11223 11296 11364
f 11099 11202 11366
f 11173 11163 11367
f 11352 11173 11367
f 11163 11328 11367
f 11341 11271 11199
f 11158 11198 11368
f 11117 11247 11369
f 11250 11117 11369
f 11248 11137 11370
f 11137 11275 11370
f 11196 11319 11324
f 11267 11340 11344
f 11178 11161 11371
f 11208 11178 11371
f 11161 11327 11371
f 11252 11185 11372
f 11185 11273 11372
f 11269 11143 11373
f 11143 11281 11373
f 11223 11364 11284
f 11253 11171 11374
f 11171 11311 11374
f 11257 11063 11375
f 11063 11192 11375
f 11290 11267 11344
f 11215 11320 11376
f 11263 11083 11377
f 11083 11211 11377
f 11202 11282 11373
f 11265 11118 11378
f 11118 11248 11378
f 11266 11091 11379
f 11091 11219 11379
f 11142 11280 11224
f 11213 11236 11380
f 11236 11313 11380
f 11211 11142 11224
f 11270 11099 11366
f 11196 11324 11356
f 11272 11194 11381
f 11194 11336 11381
f 11313 11205 11380
f 11275 11290 11278
f 11184 11325 11346
f 11242 11318 11343
f 11186 11158 11382
f 11311 11186 11382
f 11158 11368 11382
f 11223 11284 11280
f 11206 11162 11383
f 11162 11358 11383
f 11278 11215 11370
f 11211 11224 11286
f 11183 11324 11319
f 11282 11200 11309
f 11249 11337 11363
f 11339 11259 11384
f 11259 11285 11384
f 11342 11207 11385
f 11207 11283 11385
f 11343 11233 11386
f 11242 11343 11386
f 11233 11270 11386
f 11239 11336 11293
f 11344 11204 11290
f 11205 11345 11380
f 11202 11373 11366
f 11348 11208 11371
f 11349 11213 11387
f 11213 11380 11387
f 11200 11201 11309
f 11351 11203 11388
f 11203 11294 11388
f 11354 11255 11389
f 11255 11288 11389
f 11360 11262 11390
f 11262 11314 11390
f 11369 11247 11391
f 11247 11289 11391
f 11370 11275 11278
f 11215 11376 11370
f 11242 11386 11281
f 11345 11300 11351
f 11295 11277 11392
f 11276 11295 11392
f 11277 11323 11392
f 11300 11218 11393
f 11351 11300 11393
f 11218 11338 11393
f 11340 11321 11394
f 11296 11276 11392
f 11270 11366 11386
f 11336 11261 11395
f 11381 11336 11395
f 11261 11230 11395
f 11341 11193 11396
f 11193 11335 11396
f 11269 11373 11282
f 11380 11345 11387
f 11338 11350 11326
f 11298 11206 11397
f 11206 11383 11397
f 11302 11317 11398
f 11338 11326 11393
f 11289 11303 11357
f 11366 11373 11281
f 11283 11343 11399
f 11385 11283 11399
f 11343 11318 11399
f 11216 11342 11316
f 11306 11217 11400
f 11217 11352 11400
f 11318 11333 11401
f 11399 11318 11401
f 11333 11302 11401
f 11309 11269 11282
f 11366 11281 11386
f 11346 11325 11402
f 11364 11296 11392
f 11337 11287 11360
f 11288 11341 11396
f 11292 11316 11403
f 11316 11342 11403
f 11314 11293 11322
f 11237 11349 11356
f 11317 11308 11398
f 11348 11371 11404
f 11371 11327 11404
f 11356 11324 11237
f 11370 11376 11248
f 11405 11245 11244
f 11294 11221 11406
f 11221 11356 11406
f 11119 11363 11359
f 11260 11351 11393
f 11250 11369 11395
f 11230 11250 11395
f 11320 11209 11407
f 11209 11346 11407
f 11376 11320 11408
f 11320 11407 11408
f 11323 11364 11392
f 11321 11241 11409
f 11394 11321 11409
f 11241 11348 11409
f 11325 11243 11410
f 11402 11325 11410
f 11243 11329 11410
f 11225 11256 11362
f 11368 11198 11411
f 11198 11339 11411
f 11328 11266 11412
f 11266 11379 11412
f 11211 11286 11377
f 11326 11260 11393
f 11345 11351 11388
f 11344 11340 11273
f 11331 11274 11413
f 11274 11304 11413
f 11332 11253 11414
f 11253 11374 11414
f 11248 11376 11378
f 11337 11360 11415
f 11356 11349 11406
f 11273 11340 11372
f 11335 11332 11416
f 11332 11414 11416
f 11301 11229 11359
f 11415 11360 11375
f 11384 11285 11417
f 11285 11347 11417
f 11346 11402 11407
f 11406 11349 11387
f 11345 11388 11387
f 11340 11394 11372
f 11347 11225 11362
f 11377 11286 11353
f 11359 11363 11418
f 11389 11288 11396
f 11401 11302 11398
f 11353 11298 11419
f 11298 11397 11419
f 11390 11314 11322
f 11383 11358 11420
f 11358 11365 11420
f 11355 11331 11421
f 11331 11413 11421
f 11357 11272 11391
f 11272 11381 11391
f 11409 11348 11422
f 11348 11404 11422
f 11391 11289 11357
f 11403 11342 11385
f 11354 11389 11423
f 11257 11375 11390
f 11375 11360 11390
f 11362 11306 11424
f 11306 11400 11424
f 11368 11411 11425
f 11369 11391 11381
f 11367 11328 11426
f 11328 11412 11426
f 11398 11308 11403
f 11378 11376 11408
f 11404 11327 11427
f 11327 11330 11427
f 11322 11257 11390
f 11365 11252 11428
f 11252 11372 11428
f 11330 11263 11429
f 11263 11377 11429
f 11192 11334 11415
f 11395 11369 11381
f 11219 11354 11430
f 11337 11415 11363
f 11374 11311 11382
f 11375 11192 11415
f 11304 11265 11431
f 11265 11378 11431
f 11379 11219 11430
f 11232 11355 11329
f 11382 11368 11432
f 11374 11382 11432
f 11368 11425 11432
f 11411 11339 11433
f 11339 11384 11433
f 11388 11294 11406
f 11354 11423 11430
f 11329 11355 11410
f 11334 11361 11418
f 11397 11383 11434
f 11383 11420 11434
f 11406 11387 11388
f 11418 11363 11415
f 11389 11396 11435
f 11423 11389 11435
f 11396 11335 11435
f 11359 11418 11301
f 11425 11411 11436
f 11411 11433 11436
f 11437 11226 11234
f 11418 11415 11334
f 11378 11408 11431
f 11315 11292 11403
f 11352 11367 11438
f 11400 11352 11438
f 11367 11426 11438
f 11347 11362 11424
f 11394 11409 11439
f 11409 11422 11439
f 11408 11407 11440
f 11407 11402 11440
f 11372 11394 11428
f 11377 11353 11429
f 11412 11379 11441
f 11379 11430 11441
f 11413 11304 11431
f 11414 11374 11432
f 11414 11432 11442
f 11432 11425 11442
f 11403 11385 11398
f 11335 11416 11435
f 11419 11397 11443
f 11397 11434 11443
f 11420 11365 11428
f 11421 11413 11440
f 11408 11440 11431
f 11347 11424 11417
f 11422 11404 11443
f 11355 11421 11410
f 11429 11353 11419
f 11426 11412 11444
f 11412 11441 11444
f 11427 11330 11429
f 11428 11394 11439
f 11402 11410 11421
f 11416 11414 11442
f 11440 11402 11421
f 11423 11435 11445
f 11424 11400 11446
f 11400 11438 11446
f 11404 11427 11443
f 11413 11431 11440
f 11430 11423 11447
f 11442 11425 11448
f 11425 11436 11448
f 11433 11384 11449
f 11384 11417 11449
f 11430 11447 11441
f 11447 11423 11445
f 11399 11398 11385
f 11435 11416 11445
f 11361 11301 11418
f 11420 11428 11439
f 11443 11434 11422
f 11419 11443 11427
f 11399 11401 11398
f 11416 11442 11445
f 11436 11433 11450
f 11433 11449 11450
f 11429 11419 11427
f 11438 11426 11451
f 11446 11438 11451
f 11426 11444 11451
f 11420 11439 11434
f 11439 11422 11434
f 11417 11424 11446
f 11445 11442 11448
f 11447 11445 11448
f 11441 11447 11452
f 11444 11441 11452
f 11403 11308 11315
f 11436 11450 11452
f 11436 11452 11448
f 11452 11447 11448
f 11417 11446 11449
f 11444 11452 11450
f 11450 11449 11451
f 11449 11446 11451
f 11444 11450 11451
f 2148 11453 2240
f 11453 11454 11455
f 11456 11457 11458
f 11459 11460 11461
f 11462 11463 11464
f 11463 11465 11466
f 11464 11463 11466
f 11465 11467 11466
f 2241 2240 11468
f 2243 2241 11469
f 2241 11468 11469
f 2244 2243 11470
f 2243 11469 11470
f 2246 2244 11471
f 2244 11470 11471
f 2247 2246 11472
f 2246 11471 11472
f 2249 2247 11473
f 2247 11472 11473
f 2250 2249 11474
f 2249 11473 11474
f 2252 2250 11475
f 2250 11474 11475
f 2253 2252 11476
f 2252 11475 11476
f 2255 2253 11477
f 2253 11476 11477
f 2256 2255 11478
f 2255 11477 11478
f 2258 2256 11479
f 2256 11478 11479
f 2259 2258 11480
f 2258 11479 11480
f 2261 2259 11481
f 2259 11480 11481
f 2262 2261 11482
f 2261 11481 11482
f 2264 2262 11483
f 2262 11482 11483
f 2265 2264 11484
f 2264 11483 11484
f 2267 2265 11485
f 2265 11484 11485
f 2268 2267 11486
f 2267 11485 11486
f 2270 2268 11487
f 2268 11486 11487
f 2271 2270 11488
f 2270 11487 11488
f 2273 2271 11489
f 2271 11488 11489
f 2274 2273 11490
f 2273 11489 11490
f 2276 2274 11491
f 2274 11490 11491
f 2277 2276 11492
f 2276 11491 11492
f 2279 2277 11493
f 2277 11492 11493
f 2280 2279 11494
f 2279 11493 11494
f 2282 2280 11495
f 2280 11494 11495
f 2283 2282 11496
f 2282 11495 11496
f 2285 2283 11497
f 2283 11496 11497
f 2286 2285 11498
f 2285 11497 11498
f 2288 2286 11499
f 2286 11498 11499
f 2289 2288 11500
f 2288 11499 11500
f 2291 2289 11501
f 2289 11500 11501
f 2292 2291 11502
f 2291 11501 11502
f 2294 2292 11503
f 2292 11502 11503
f 2295 2294 11504
f 2294 11503 11504
f 2297 2295 11505
f 2295 11504 11505
f 2298 2297 11506
f 2297 11505 11506
f 2300 2298 11507
f 2298 11506 11507
f 2301 2300 11508
f 2300 11507 11508
f 2303 2301 11509
f 2301 11508 11509
f 2304 2303 11510
f 2303 11509 11510
f 2306 2304 11511
f 2304 11510 11511
f 2307 2306 11512
f 2306 11511 11512
f 2309 2307 11513
f 2307 11512 11513
f 2310 2309 11514
f 2309 11513 11514
f 2312 2310 11515
f 2310 11514 11515
f 2313 2312 11516
f 2312 11515 11516
f 2315 2313 11517
f 2313 11516 11517
f 2316 2315 11518
f 2315 11517 11518
f 2318 2316 11519
f 2316 11518 11519
f 2319 2318 11520
f 2318 11519 11520
f 2321 2319 11521
f 2319 11520 11521
f 2322 2321 11522
f 2321 11521 11522
f 2324 2322 11523
f 2322 11522 11523
f 2325 2324 11524
f 2324 11523 11524
f 2327 2325 11525
f 2325 11524 11525
f 2328 2327 11526
f 2327 11525 11526
f 2330 2328 11527
f 2328 11526 11527
f 2331 2330 11528
f 2330 11527 11528
f 2333 2331 11529
f 2331 11528 11529
f 2334 2333 11530
f 2333 11529 11530
f 2336 2334 11531
f 2334 11530 11531
f 2337 2336 11532
f 2336 11531 11532
f 2339 2337 11533
f 2337 11532 11533
f 2340 2339 11534
f 2339 11533 11534
f 2342 2340 11535
f 2340 11534 11535
f 2343 2342 11536
f 2342 11535 11536
f 2345 2343 11537
f 2343 11536 11537
f 2346 2345 11538
f 2345 11537 11538
f 2348 2346 11539
f 2346 11538 11539
f 2349 2348 11540
f 2348 11539 11540
f 2351 2349 11541
f 2349 11540 11541
f 2352 2351 11542
f 2351 11541 11542
f 2354 2352 11543
f 2352 11542 11543
f 2355 2354 11544
f 2354 11543 11544
f 2357 2355 11545
f 2355 11544 11545
f 2358 2357 11546
f 2357 11545 11546
f 2360 2358 11547
f 2358 11546 11547
f 2361 2360 11548
f 2360 11547 11548
f 2363 2361 11549
f 2361 11548 11549
f 2364 2363 11550
f 2363 11549 11550
f 2366 2364 11551
f 2364 11550 11551
f 2367 2366 11552
f 2366 11551 11552
f 2369 2367 11553
f 2367 11552 11553
f 2370 2369 11554
f 2369 11553 11554
f 2372 2370 11555
f 2370 11554 11555
f 2373 2372 11556
f 2372 11555 11556
f 2375 2373 11557
f 2373 11556 11557
f 2376 2375 11558
f 2375 11557 11558
f 2378 2376 11559
f 2376 11558 11559
f 2379 2378 11560
f 2378 11559 11560
f 2381 2379 11561
f 2379 11560 11561
f 2382 2381 11562
f 2381 11561 11562
f 2384 2382 11563
f 2382 11562 11563
f 2385 2384 11564
f 2384 11563 11564
f 2387 2385 11565
f 2385 11564 11565
f 2388 2387 11566
f 2387 11565 11566
f 2390 2388 11567
f 2388 11566 11567
f 2391 2390 11568
f 2390 11567 11568
f 2393 2391 11569
f 2391 11568 11569
f 2394 2393 11570
f 2393 11569 11570
f 2396 2394 11571
f 2394 11570 11571
f 2397 2396 11572
f 2396 11571 11572
f 2399 2397 11573
f 2397 11572 11573
f 2400 2399 11574
f 2399 11573 11574
f 2402 2400 11575
f 2400 11574 11575
f 2403 2402 11576
f 2402 11575 11576
f 2405 2403 11577
f 2403 11576 11577
f 2406 2405 11578
f 2405 11577 11578
f 2408 2406 11579
f 2406 11578 11579
f 2409 2408 11580
f 2408 11579 11580
f 2411 2409 11581
f 2409 11580 11581
f 2412 2411 11582
f 2411 11581 11582
f 2414 2412 11583
f 2412 11582 11583
f 2415 2414 11584
f 2414 11583 11584
f 2417 2415 11585
f 2415 11584 11585
f 2418 2417 11586
f 2417 11585 11586
f 2420 2418 11587
f 2418 11586 11587
f 2421 2420 11588
f 2420 11587 11588
f 2423 2421 11589
f 2421 11588 11589
f 2424 2423 11590
f 2423 11589 11590
f 2426 2424 11591
f 2424 11590 11591
f 2427 2426 11592
f 2426 11591 11592
f 2429 2427 11593
f 2427 11592 11593
f 2430 2429 11594
f 2429 11593 11594
f 2432 2430 11595
f 2430 11594 11595
f 2433 2432 11596
f 2432 11595 11596
f 2150 2433 11597
f 2433 11596 11597
f 2148 2150 11598
f 11453 2148 11598
f 2150 11597 11598
f 11467 11599 11466
f 11599 11600 11601
f 11602 11603 11604
f 11605 11606 11607
f 11608 11609 11610
f 11611 11612 11613
f 11614 11615 11616
f 11617 11618 11619
f 11620 11621 11622
f 11623 11624 11625
f 11626 11627 11628
f 11629 11630 11631
f 11632 11633 11634
f 11635 11636 11637
f 11638 11639 11640
f 11641 11642 11643
f 11644 11645 11646
f 11647 11648 11649
f 11650 11651 11652
f 11653 11654 11655
f 11656 11657 11658
f 11659 11660 11661
f 11662 11663 11664
f 11665 11666 11667
f 11668 11669 11670
f 11671 11672 11673
f 11674 11675 11676
f 11677 11678 11679
f 11680 11681 11682
f 11683 11684 11685
f 11686 11687 11688
f 11689 11690 11691
f 11692 11693 11694
f 11695 11696 11697
f 11698 11699 11700
f 11701 11702 11703
f 11704 11705 11706
f 11707 11708 11709
f 11710 11711 11712
f 11713 11714 11715
f 11716 11717 11718
f 11719 11720 11721
f 11722 11723 11724
f 11725 11726 11727
f 11728 11729 11730
f 11731 11732 11733
f 11734 11735 11736
f 11735 11465 11737
f 11736 11735 11737
f 11465 11463 11737
f 11454 11453 11738
f 11453 11598 11738
f 11456 11454 11739
f 11454 11738 11739
f 11457 11456 11740
f 11456 11739 11740
f 11459 11457 11741
f 11457 11740 11741
f 11460 11459 11742
f 11459 11741 11742
f 11462 11460 11743
f 11460 11742 11743
f 11463 11462 11744
f 11737 11463 11744
f 11462 11743 11744
f 11454 11456 11745
f 11456 11458 11745
f 11457 11459 11746
f 11459 11461 11746
f 11460 11462 11747
f 11462 11464 11747
f 11453 11455 11468
f 11466 11599 11748
f 11464 11466 11748
f 11599 11601 11748
f 11607 11606 11749
f 11606 11608 11749
f 11454 11745 11455
f 11601 11600 11750
f 11600 11602 11750
f 11602 11604 11750
f 11603 11605 11751
f 11608 11610 11749
f 11609 11611 11752
f 11612 11614 11753
f 11615 11617 11754
f 11618 11620 11755
f 11621 11623 11756
f 11624 11626 11757
f 11627 11629 11758
f 11630 11632 11759
f 11633 11635 11760
f 11636 11638 11761
f 11639 11641 11762
f 11642 11644 11763
f 11645 11647 11764
f 11648 11650 11765
f 11651 11653 11766
f 11654 11656 11767
f 11657 11659 11768
f 11660 11662 11769
f 11663 11665 11770
f 11666 11668 11771
f 11669 11671 11772
f 11672 11674 11773
f 11675 11677 11774
f 11678 11680 11775
f 11681 11683 11776
f 11684 11686 11777
f 11687 11689 11778
f 11690 11692 11779
f 11693 11695 11780
f 11696 11698 11781
f 11699 11701 11782
f 11702 11704 11783
f 11705 11707 11784
f 11708 11710 11785
f 11711 11713 11786
f 11714 11716 11787
f 11717 11719 11788
f 11720 11722 11789
f 11723 11725 11790
f 11726 11728 11791
f 11729 11731 11792
f 11732 11734 11793
f 11756 11623 11625
f 11604 11603 11751
f 2240 11453 11468
f 11458 11457 11746
f 11461 11460 11747
f 11610 11609 11752
f 11613 11612 11753
f 11616 11615 11754
f 11619 11618 11755
f 11622 11621 11756
f 11625 11624 11757
f 11628 11627 11758
f 11631 11630 11759
f 11634 11633 11760
f 11637 11636 11761
f 11640 11639 11762
f 11643 11642 11763
f 11646 11645 11764
f 11649 11648 11765
f 11652 11651 11766
f 11655 11654 11767
f 11658 11657 11768
f 11661 11660 11769
f 11664 11663 11770
f 11667 11666 11771
f 11670 11669 11772
f 11673 11672 11773
f 11676 11675 11774
f 11679 11678 11775
f 11682 11681 11776
f 11685 11684 11777
f 11688 11687 11778
f 11691 11690 11779
f 11694 11693 11780
f 11697 11696 11781
f 11700 11699 11782
f 11703 11702 11783
f 11706 11705 11784
f 11709 11708 11785
f 11712 11711 11786
f 11715 11714 11787
f 11718 11717 11788
f 11721 11720 11789
f 11724 11723 11790
f 11727 11726 11791
f 11730 11729 11792
f 11733 11732 11793
f 11757 11626 11628
f 11758 11629 11631
f 11759 11632 11634
f 11760 11635 11637
f 11761 11638 11640
f 11762 11641 11643
f 11763 11644 11646
f 11764 11647 11649
f 11765 11650 11652
f 11766 11653 11655
f 11767 11656 11658
f 11768 11659 11661
f 11769 11662 11664
f 11770 11665 11667
f 11771 11668 11670
f 11772 11671 11673
f 11773 11674 11676
f 11774 11677 11679
f 11775 11680 11682
f 11776 11683 11685
f 11777 11686 11688
f 11778 11689 11691
f 11779 11692 11694
f 11780 11695 11697
f 11781 11698 11700
f 11782 11701 11703
f 11783 11704 11706
f 11784 11707 11709
f 11785 11710 11712
f 11786 11713 11715
f 11787 11716 11718
f 11788 11719 11721
f 11789 11722 11724
f 11790 11725 11727
f 11791 11728 11730
f 11792 11731 11733
f 11793 11734 11736
f 11755 11620 11622
f 11754 11617 11619
f 11753 11614 11616
f 11751 11605 11607
f 11752 11611 11613
f 11601 11750 11794
f 11461 11747 11795
f 11746 11461 11796
f 11461 11795 11796
f 11610 11752 11797
f 11747 11464 11798
f 11795 11747 11798
f 11464 11748 11798
f 11468 11455 11799
f 11613 11753 11800
f 11469 11468 11799
f 11470 11469 11801
f 11469 11799 11801
f 11471 11470 11802
f 11470 11801 11802
f 11472 11471 11803
f 11471 11802 11803
f 11473 11472 11804
f 11472 11803 11804
f 11474 11473 11805
f 11473 11804 11805
f 11475 11474 11806
f 11474 11805 11806
f 11476 11475 11807
f 11475 11806 11807
f 11477 11476 11808
f 11476 11807 11808
f 11478 11477 11809
f 11477 11808 11809
f 11479 11478 11810
f 11478 11809 11810
f 11480 11479 11811
f 11479 11810 11811
f 11481 11480 11812
f 11480 11811 11812
f 11482 11481 11813
f 11481 11812 11813
f 11483 11482 11814
f 11482 11813 11814
f 11484 11483 11815
f 11483 11814 11815
f 11485 11484 11816
f 11484 11815 11816
f 11486 11485 11817
f 11485 11816 11817
f 11487 11486 11818
f 11486 11817 11818
f 11488 11487 11819
f 11487 11818 11819
f 11489 11488 11820
f 11488 11819 11820
f 11490 11489 11821
f 11489 11820 11821
f 11491 11490 11822
f 11490 11821 11822
f 11492 11491 11823
f 11491 11822 11823
f 11493 11492 11824
f 11492 11823 11824
f 11494 11493 11825
f 11493 11824 11825
f 11495 11494 11826
f 11494 11825 11826
f 11496 11495 11827
f 11495 11826 11827
f 11497 11496 11828
f 11496 11827 11828
f 11498 11497 11829
f 11497 11828 11829
f 11499 11498 11830
f 11498 11829 11830
f 11500 11499 11831
f 11499 11830 11831
f 11501 11500 11832
f 11500 11831 11832
f 11502 11501 11833
f 11501 11832 11833
f 11503 11502 11834
f 11502 11833 11834
f 11504 11503 11835
f 11503 11834 11835
f 11505 11504 11836
f 11504 11835 11836
f 11506 11505 11837
f 11505 11836 11837
f 11507 11506 11838
f 11506 11837 11838
f 11508 11507 11839
f 11507 11838 11839
f 11509 11508 11840
f 11508 11839 11840
f 11510 11509 11841
f 11509 11840 11841
f 11511 11510 11842
f 11510 11841 11842
f 11512 11511 11843
f 11511 11842 11843
f 11513 11512 11844
f 11512 11843 11844
f 11514 11513 11845
f 11513 11844 11845
f 11515 11514 11846
f 11514 11845 11846
f 11516 11515 11847
f 11515 11846 11847
f 11517 11516 11848
f 11516 11847 11848
f 11518 11517 11849
f 11517 11848 11849
f 11519 11518 11850
f 11518 11849 11850
f 11520 11519 11851
f 11519 11850 11851
f 11521 11520 11852
f 11520 11851 11852
f 11522 11521 11853
f 11521 11852 11853
f 11523 11522 11854
f 11522 11853 11854
f 11524 11523 11855
f 11523 11854 11855
f 11525 11524 11856
f 11524 11855 11856
f 11526 11525 11857
f 11525 11856 11857
f 11527 11526 11858
f 11526 11857 11858
f 11528 11527 11859
f 11527 11858 11859
f 11529 11528 11860
f 11528 11859 11860
f 11530 11529 11861
f 11529 11860 11861
f 11531 11530 11862
f 11530 11861 11862
f 11532 11531 11863
f 11531 11862 11863
f 11533 11532 11864
f 11532 11863 11864
f 11534 11533 11865
f 11533 11864 11865
f 11535 11534 11866
f 11534 11865 11866
f 11536 11535 11867
f 11535 11866 11867
f 11537 11536 11868
f 11536 11867 11868
f 11538 11537 11869
f 11537 11868 11869
f 11539 11538 11870
f 11538 11869 11870
f 11540 11539 11871
f 11539 11870 11871
f 11541 11540 11872
f 11540 11871 11872
f 11542 11541 11873
f 11541 11872 11873
f 11543 11542 11874
f 11542 11873 11874
f 11544 11543 11875
f 11543 11874 11875
f 11545 11544 11876
f 11544 11875 11876
f 11546 11545 11877
f 11545 11876 11877
f 11547 11546 11878
f 11546 11877 11878
f 11548 11547 11879
f 11547 11878 11879
f 11549 11548 11880
f 11548 11879 11880
f 11550 11549 11881
f 11549 11880 11881
f 11551 11550 11882
f 11550 11881 11882
f 11552 11551 11883
f 11551 11882 11883
f 11553 11552 11884
f 11552 11883 11884
f 11554 11553 11885
f 11553 11884 11885
f 11555 11554 11886
f 11554 11885 11886
f 11556 11555 11887
f 11555 11886 11887
f 11557 11556 11888
f 11556 11887 11888
f 11558 11557 11889
f 11557 11888 11889
f 11559 11558 11890
f 11558 11889 11890
f 11560 11559 11891
f 11559 11890 11891
f 11561 11560 11892
f 11560 11891 11892
f 11562 11561 11893
f 11561 11892 11893
f 11563 11562 11894
f 11562 11893 11894
f 11564 11563 11895
f 11563 11894 11895
f 11565 11564 11896
f 11564 11895 11896
f 11566 11565 11897
f 11565 11896 11897
f 11567 11566 11898
f 11566 11897 11898
f 11568 11567 11899
f 11567 11898 11899
f 11569 11568 11900
f 11568 11899 11900
f 11570 11569 11901
f 11569 11900 11901
f 11571 11570 11902
f 11570 11901 11902
f 11572 11571 11903
f 11571 11902 11903
f 11573 11572 11904
f 11572 11903 11904
f 11574 11573 11905
f 11573 11904 11905
f 11575 11574 11906
f 11574 11905 11906
f 11576 11575 11907
f 11575 11906 11907
f 11577 11576 11908
f 11576 11907 11908
f 11578 11577 11909
f 11577 11908 11909
f 11579 11578 11910
f 11578 11909 11910
f 11580 11579 11911
f 11579 11910 11911
f 11581 11580 11912
f 11580 11911 11912
f 11582 11581 11913
f 11581 11912 11913
f 11583 11582 11914
f 11582 11913 11914
f 11584 11583 11915
f 11583 11914 11915
f 11585 11584 11916
f 11584 11915 11916
f 11586 11585 11917
f 11585 11916 11917
f 11587 11586 11918
f 11586 11917 11918
f 11588 11587 11919
f 11587 11918 11919
f 11589 11588 11920
f 11588 11919 11920
f 11590 11589 11921
f 11589 11920 11921
f 11591 11590 11922
f 11590 11921 11922
f 11592 11591 11923
f 11591 11922 11923
f 11593 11592 11924
f 11592 11923 11924
f 11594 11593 11925
f 11593 11924 11925
f 11595 11594 11926
f 11594 11925 11926
f 11596 11595 11927
f 11595 11926 11927
f 11597 11596 11928
f 11596 11927 11928
f 11598 11597 11929
f 11738 11598 11929
f 11597 11928 11929
f 11752 11613 11930
f 11613 11800 11930
f 11749 11610 11931
f 11610 11797 11931
f 11455 11745 11799
f 11616 11754 11932
f 11751 11607 11933
f 11619 11755 11934
f 11753 11616 11935
f 11616 11932 11935
f 11622 11756 11936
f 11754 11619 11937
f 11619 11934 11937
f 11625 11757 11938
f 11604 11751 11939
f 11751 11933 11939
f 11628 11758 11940
f 11631 11759 11941
f 11634 11760 11942
f 11637 11761 11943
f 11640 11762 11944
f 11643 11763 11945
f 11646 11764 11946
f 11649 11765 11947
f 11652 11766 11948
f 11655 11767 11949
f 11658 11768 11950
f 11661 11769 11951
f 11664 11770 11952
f 11667 11771 11953
f 11670 11772 11954
f 11673 11773 11955
f 11676 11774 11956
f 11679 11775 11957
f 11682 11776 11958
f 11685 11777 11959
f 11688 11778 11960
f 11691 11779 11961
f 11694 11780 11962
f 11697 11781 11963
f 11700 11782 11964
f 11703 11783 11965
f 11706 11784 11966
f 11709 11785 11967
f 11712 11786 11968
f 11715 11787 11969
f 11718 11788 11970
f 11721 11789 11971
f 11724 11790 11972
f 11727 11791 11973
f 11730 11792 11974
f 11733 11793 11975
f 11757 11628 11976
f 11628 11940 11976
f 11755 11622 11977
f 11622 11936 11977
f 11756 11625 11978
f 11625 11938 11978
f 11736 11737 11979
f 11737 11744 11979
f 11739 11738 11980
f 11738 11929 11980
f 11740 11739 11981
f 11739 11980 11981
f 11741 11740 11982
f 11740 11981 11982
f 11742 11741 11983
f 11741 11982 11983
f 11458 11746 11984
f 11746 11796 11984
f 11607 11749 11985
f 11749 11931 11985
f 11745 11458 11986
f 11458 11984 11986
f 11799 11745 11986
f 11607 11985 11933
f 11797 11752 11930
f 11800 11753 11935
f 11934 11755 11977
f 11756 11978 11936
f 11750 11604 11987
f 11794 11750 11987
f 11932 11754 11937
f 11601 11794 11748
f 11938 11757 11976
f 11604 11939 11987
f 11940 11758 11988
f 11758 11631 11988
f 11631 11941 11988
f 11759 11634 11989
f 11760 11637 11990
f 11761 11640 11991
f 11762 11643 11992
f 11763 11646 11993
f 11764 11649 11994
f 11765 11652 11995
f 11766 11655 11996
f 11767 11658 11997
f 11768 11661 11998
f 11769 11664 11999
f 11770 11667 12000
f 11771 11670 12001
f 11772 11673 12002
f 11773 11676 12003
f 11774 11679 12004
f 11775 11682 12005
f 11776 11685 12006
f 11777 11688 12007
f 11778 11691 12008
f 11779 11694 12009
f 11780 11697 12010
f 11781 11700 12011
f 11782 11703 12012
f 11783 11706 12013
f 11784 11709 12014
f 11785 11712 12015
f 11786 11715 12016
f 11787 11718 12017
f 11788 11721 12018
f 11789 11724 12019
f 11790 11727 12020
f 11791 11730 12021
f 11792 11733 12022
f 11793 11736 12023
f 11743 11742 12024
f 11744 11743 12025
f 11743 12024 12025
f 12022 11733 11975
f 12021 11730 11974
f 12020 11727 11973
f 12019 11724 11972
f 12018 11721 11971
f 12017 11718 11970
f 12016 11715 11969
f 12015 11712 11968
f 12014 11709 11967
f 12013 11706 11966
f 12012 11703 11965
f 12011 11700 11964
f 12010 11697 11963
f 12009 11694 11962
f 12008 11691 11961
f 12007 11688 11960
f 12006 11685 11959
f 12005 11682 11958
f 12004 11679 11957
f 12003 11676 11956
f 12002 11673 11955
f 12001 11670 11954
f 12000 11667 11953
f 11975 11793 12023
f 11974 11792 12022
f 11973 11791 12021
f 11972 11790 12020
f 11971 11789 12019
f 11970 11788 12018
f 11969 11787 12017
f 11968 11786 12016
f 11967 11785 12015
f 11966 11784 12014
f 11965 11783 12013
f 11964 11782 12012
f 11963 11781 12011
f 11962 11780 12010
f 11961 11779 12009
f 11960 11778 12008
f 11959 11777 12007
f 11958 11776 12006
f 11957 11775 12005
f 11956 11774 12004
f 11955 11773 12003
f 11954 11772 12002
f 11953 11771 12001
f 11952 11770 12000
f 11951 11769 11999
f 11950 11768 11998
f 11949 11767 11997
f 11948 11766 11996
f 11947 11765 11995
f 11946 11764 11994
f 11945 11763 11993
f 11944 11762 11992
f 11943 11761 11991
f 11942 11760 11990
f 11941 11759 11989
f 11999 11664 11952
f 11998 11661 11951
f 11997 11658 11950
f 11996 11655 11949
f 11995 11652 11948
f 11994 11649 11947
f 11993 11646 11946
f 11992 11643 11945
f 11991 11640 11944
f 11990 11637 11943
f 11989 11634 11942
f 11933 11985 12026
f 11800 11935 12027
f 11801 11799 11986
f 11742 11983 12024
f 11935 11932 12028
f 11802 11801 12029
f 11801 11986 12029
f 11803 11802 12030
f 11802 12029 12030
f 11804 11803 12031
f 11803 12030 12031
f 11805 11804 12032
f 11804 12031 12032
f 11806 11805 12033
f 11805 12032 12033
f 11807 11806 12034
f 11806 12033 12034
f 11808 11807 12035
f 11807 12034 12035
f 11809 11808 12036
f 11808 12035 12036
f 11810 11809 12037
f 11809 12036 12037
f 11811 11810 12038
f 11810 12037 12038
f 11812 11811 12039
f 11811 12038 12039
f 11813 11812 12040
f 11812 12039 12040
f 11814 11813 12041
f 11813 12040 12041
f 11815 11814 12042
f 11814 12041 12042
f 11816 11815 12043
f 11815 12042 12043
f 11817 11816 12044
f 11816 12043 12044
f 11818 11817 12045
f 11817 12044 12045
f 11819 11818 12046
f 11818 12045 12046
f 11820 11819 12047
f 11819 12046 12047
f 11821 11820 12048
f 11820 12047 12048
f 11822 11821 12049
f 11821 12048 12049
f 11823 11822 12050
f 11822 12049 12050
f 11824 11823 12051
f 11823 12050 12051
f 11825 11824 12052
f 11824 12051 12052
f 11826 11825 12053
f 11825 12052 12053
f 11827 11826 12054
f 11826 12053 12054
f 11828 11827 12055
f 11827 12054 12055
f 11829 11828 12056
f 11828 12055 12056
f 11830 11829 12057
f 11829 12056 12057
f 11831 11830 12058
f 11830 12057 12058
f 11832 11831 12059
f 11831 12058 12059
f 11833 11832 12060
f 11832 12059 12060
f 11834 11833 12061
f 11833 12060 12061
f 11835 11834 12062
f 11834 12061 12062
f 11836 11835 12063
f 11835 12062 12063
f 11837 11836 12064
f 11836 12063 12064
f 11838 11837 12065
f 11837 12064 12065
f 11839 11838 12066
f 11838 12065 12066
f 11840 11839 12067
f 11839 12066 12067
f 11841 11840 12068
f 11840 12067 12068
f 11842 11841 12069
f 11841 12068 12069
f 11843 11842 12070
f 11842 12069 12070
f 11844 11843 12071
f 11843 12070 12071
f 11845 11844 12072
f 11844 12071 12072
f 11846 11845 12073
f 11845 12072 12073
f 11847 11846 12074
f 11846 12073 12074
f 11848 11847 12075
f 11847 12074 12075
f 11849 11848 12076
f 11848 12075 12076
f 11850 11849 12077
f 11849 12076 12077
f 11851 11850 12078
f 11850 12077 12078
f 11852 11851 12079
f 11851 12078 12079
f 11853 11852 12080
f 11852 12079 12080
f 11854 11853 12081
f 11853 12080 12081
f 11855 11854 12082
f 11854 12081 12082
f 11856 11855 12083
f 11855 12082 12083
f 11857 11856 12084
f 11856 12083 12084
f 11858 11857 12085
f 11857 12084 12085
f 11859 11858 12086
f 11858 12085 12086
f 11860 11859 12087
f 11859 12086 12087
f 11861 11860 12088
f 11860 12087 12088
f 11862 11861 12089
f 11861 12088 12089
f 11863 11862 12090
f 11862 12089 12090
f 11864 11863 12091
f 11863 12090 12091
f 11865 11864 12092
f 11864 12091 12092
f 11866 11865 12093
f 11865 12092 12093
f 11867 11866 12094
f 11866 12093 12094
f 11868 11867 12095
f 11867 12094 12095
f 11869 11868 12096
f 11868 12095 12096
f 11870 11869 12097
f 11869 12096 12097
f 11871 11870 12098
f 11870 12097 12098
f 11872 11871 12099
f 11871 12098 12099
f 11873 11872 12100
f 11872 12099 12100
f 11874 11873 12101
f 11873 12100 12101
f 11875 11874 12102
f 11874 12101 12102
f 11876 11875 12103
f 11875 12102 12103
f 11877 11876 12104
f 11876 12103 12104
f 11878 11877 12105
f 11877 12104 12105
f 11879 11878 12106
f 11878 12105 12106
f 11880 11879 12107
f 11879 12106 12107
f 11881 11880 12108
f 11880 12107 12108
f 11882 11881 12109
f 11881 12108 12109
f 11883 11882 12110
f 11882 12109 12110
f 11884 11883 12111
f 11883 12110 12111
f 11885 11884 12112
f 11884 12111 12112
f 11886 11885 12113
f 11885 12112 12113
f 11887 11886 12114
f 11886 12113 12114
f 11888 11887 12115
f 11887 12114 12115
f 11889 11888 12116
f 11888 12115 12116
f 11890 11889 12117
f 11889 12116 12117
f 11891 11890 12118
f 11890 12117 12118
f 11892 11891 12119
f 11891 12118 12119
f 11893 11892 12120
f 11892 12119 12120
f 11894 11893 12121
f 11893 12120 12121
f 11895 11894 12122
f 11894 12121 12122
f 11896 11895 12123
f 11895 12122 12123
f 11897 11896 12124
f 11896 12123 12124
f 11898 11897 12125
f 11897 12124 12125
f 11899 11898 12126
f 11898 12125 12126
f 11900 11899 12127
f 11899 12126 12127
f 11901 11900 12128
f 11900 12127 12128
f 11902 11901 12129
f 11901 12128 12129
f 11903 11902 12130
f 11902 12129 12130
f 11904 11903 12131
f 11903 12130 12131
f 11905 11904 12132
f 11904 12131 12132
f 11906 11905 12133
f 11905 12132 12133
f 11907 11906 12134
f 11906 12133 12134
f 11908 11907 12135
f 11907 12134 12135
f 11909 11908 12136
f 11908 12135 12136
f 11910 11909 12137
f 11909 12136 12137
f 11911 11910 12138
f 11910 12137 12138
f 11912 11911 12139
f 11911 12138 12139
f 11913 11912 12140
f 11912 12139 12140
f 11914 11913 12141
f 11913 12140 12141
f 11915 11914 12142
f 11914 12141 12142
f 11916 11915 12143
f 11915 12142 12143
f 11917 11916 12144
f 11916 12143 12144
f 11918 11917 12145
f 11917 12144 12145
f 11919 11918 12146
f 11918 12145 12146
f 11920 11919 12147
f 11919 12146 12147
f 11921 11920 12148
f 11920 12147 12148
f 11922 11921 12149
f 11921 12148 12149
f 11923 11922 12150
f 11922 12149 12150
f 11924 11923 12151
f 11923 12150 12151
f 11925 11924 12152
f 11924 12151 12152
f 11926 11925 12153
f 11925 12152 12153
f 11927 11926 12154
f 11926 12153 12154
f 11928 11927 12155
f 11927 12154 12155
f 11796 11795 12156
f 11940 11988 12157
f 11794 11987 12158
f 11931 11797 12159
f 11797 11930 12160
f 11936 11978 12161
f 11736 11979 12023
f 11934 11977 12162
f 11932 11937 12163
f 11748 11794 11798
f 11999 11952 12164
f 11988 11941 12165
f 11941 11989 12166
f 11989 11942 12167
f 11942 11990 12168
f 11990 11943 12169
f 11943 11991 12170
f 11991 11944 12171
f 11944 11992 12172
f 11992 11945 12173
f 11945 11993 12174
f 11993 11946 12175
f 11946 11994 12176
f 11994 11947 12177
f 11947 11995 12178
f 11995 11948 12179
f 11948 11996 12180
f 11996 11949 12181
f 11949 11997 12182
f 11997 11950 12183
f 11950 11998 12184
f 11998 11951 12185
f 11951 11999 12186
f 11975 12023 12187
f 11952 12000 12188
f 12000 11953 12189
f 11953 12001 12190
f 12001 11954 12191
f 11954 12002 12192
f 12002 11955 12193
f 11955 12003 12194
f 12003 11956 12195
f 11956 12004 12196
f 12004 11957 12197
f 11957 12005 12198
f 12005 11958 12199
f 11958 12006 12200
f 12006 11959 12201
f 11959 12007 12202
f 12007 11960 12203
f 11960 12008 12204
f 12008 11961 12205
f 11961 12009 12206
f 12009 11962 12207
f 11962 12010 12208
f 12010 11963 12209
f 11963 12011 12210
f 12011 11964 12211
f 11964 12012 12212
f 12012 11965 12213
f 11965 12013 12214
f 12013 11966 12215
f 11966 12014 12216
f 12014 11967 12217
f 11967 12015 12218
f 12015 11968 12219
f 11968 12016 12220
f 12016 11969 12221
f 11969 12017 12222
f 12017 11970 12223
f 11970 12018 12224
f 12018 11971 12225
f 11971 12019 12226
f 12019 11972 12227
f 11972 12020 12228
f 12020 11973 12229
f 11973 12021 12230
f 12021 11974 12231
f 11974 12022 12232
f 11987 11939 12233
f 12022 11975 12234
f 11977 11936 12235
f 11978 11938 12236
f 11979 11744 12025
f 11981 11980 12237
f 11982 11981 12238
f 11981 12237 12238
f 11983 11982 12239
f 11982 12238 12239
f 11984 11796 12240
f 11796 12156 12240
f 11938 11976 12241
f 12024 11983 12242
f 11983 12239 12242
f 11985 11931 12243
f 11986 11984 12029
f 11976 11940 12244
f 11930 11800 12245
f 11939 11933 12246
f 11937 11934 12247
f 12023 11979 12025
f 12167 11942 12168
f 12166 11989 12167
f 12165 11941 12166
f 12163 11937 12247
f 11800 12027 12245
f 11938 12241 12236
f 11976 12244 12241
f 12028 11932 12163
f 11929 11928 11980
f 12161 11978 12236
f 11999 12164 12186
f 11940 12157 12244
f 11931 12159 12243
f 11797 12160 12159
f 11936 12161 12235
f 12160 11930 12245
f 12158 11987 12233
f 12162 11977 12235
f 11980 11928 12155
f 11798 11794 12248
f 11795 11798 12248
f 11794 12158 12248
f 12164 11952 12188
f 12157 11988 12165
f 12027 11935 12028
f 12026 11985 12243
f 11933 12026 12246
f 11990 12169 12168
f 11943 12170 12169
f 11991 12171 12170
f 11944 12172 12171
f 11992 12173 12172
f 11945 12174 12173
f 11993 12175 12174
f 11946 12176 12175
f 11994 12177 12176
f 11947 12178 12177
f 11995 12179 12178
f 11948 12180 12179
f 11996 12181 12180
f 11949 12182 12181
f 11997 12183 12182
f 11950 12184 12183
f 11998 12185 12184
f 11951 12186 12185
f 11975 12187 12234
f 12000 12189 12188
f 11953 12190 12189
f 12001 12191 12190
f 11954 12192 12191
f 12002 12193 12192
f 11955 12194 12193
f 12003 12195 12194
f 11956 12196 12195
f 12004 12197 12196
f 11957 12198 12197
f 12005 12199 12198
f 11958 12200 12199
f 12006 12201 12200
f 11959 12202 12201
f 12007 12203 12202
f 11960 12204 12203
f 12008 12205 12204
f 11961 12206 12205
f 12009 12207 12206
f 11962 12208 12207
f 12010 12209 12208
f 11963 12210 12209
f 12011 12211 12210
f 11964 12212 12211
f 12012 12213 12212
f 11965 12214 12213
f 12013 12215 12214
f 11966 12216 12215
f 12014 12217 12216
f 11967 12218 12217
f 12015 12219 12218
f 11968 12220 12219
f 12016 12221 12220
f 11969 12222 12221
f 12017 12223 12222
f 11970 12224 12223
f 12018 12225 12224
f 11971 12226 12225
f 12019 12227 12226
f 11972 12228 12227
f 12020 12229 12228
f 11973 12230 12229
f 12021 12231 12230
f 11974 12232 12231
f 12022 12234 12232
f 11984 12240 12029
f 12247 11934 12162
f 12233 11939 12246
f 12187 12023 12025
f 11795 12248 12156
f 12031 12030 12249
f 12032 12031 12250
f 12031 12249 12250
f 12033 12032 12251
f 12032 12250 12251
f 12034 12033 12252
f 12033 12251 12252
f 12035 12034 12253
f 12034 12252 12253
f 12036 12035 12254
f 12035 12253 12254
f 12037 12036 12255
f 12036 12254 12255
f 12038 12037 12256
f 12037 12255 12256
f 12039 12038 12257
f 12038 12256 12257
f 12040 12039 12258
f 12039 12257 12258
f 12041 12040 12259
f 12040 12258 12259
f 12042 12041 12260
f 12041 12259 12260
f 12043 12042 12261
f 12042 12260 12261
f 12044 12043 12262
f 12043 12261 12262
f 12045 12044 12263
f 12044 12262 12263
f 12046 12045 12264
f 12045 12263 12264
f 12047 12046 12265
f 12046 12264 12265
f 12048 12047 12266
f 12047 12265 12266
f 12049 12048 12267
f 12048 12266 12267
f 12050 12049 12268
f 12049 12267 12268
f 12051 12050 12269
f 12050 12268 12269
f 12052 12051 12270
f 12051 12269 12270
f 12053 12052 12271
f 12052 12270 12271
f 12054 12053 12272
f 12053 12271 12272
f 12055 12054 12273
f 12054 12272 12273
f 12056 12055 12274
f 12055 12273 12274
f 12057 12056 12275
f 12056 12274 12275
f 12058 12057 12276
f 12057 12275 12276
f 12059 12058 12277
f 12058 12276 12277
f 12060 12059 12278
f 12059 12277 12278
f 12061 12060 12279
f 12060 12278 12279
f 12062 12061 12280
f 12061 12279 12280
f 12063 12062 12281
f 12062 12280 12281
f 12064 12063 12282
f 12063 12281 12282
f 12065 12064 12283
f 12064 12282 12283
f 12066 12065 12284
f 12065 12283 12284
f 12067 12066 12285
f 12066 12284 12285
f 12068 12067 12286
f 12067 12285 12286
f 12069 12068 12287
f 12068 12286 12287
f 12070 12069 12288
f 12069 12287 12288
f 12071 12070 12289
f 12070 12288 12289
f 12072 12071 12290
f 12071 12289 12290
f 12073 12072 12291
f 12072 12290 12291
f 12074 12073 12292
f 12073 12291 12292
f 12075 12074 12293
f 12074 12292 12293
f 12076 12075 12294
f 12075 12293 12294
f 12077 12076 12295
f 12076 12294 12295
f 12078 12077 12296
f 12077 12295 12296
f 12079 12078 12297
f 12078 12296 12297
f 12080 12079 12298
f 12079 12297 12298
f 12081 12080 12299
f 12080 12298 12299
f 12082 12081 12300
f 12081 12299 12300
f 12083 12082 12301
f 12082 12300 12301
f 12084 12083 12302
f 12083 12301 12302
f 12085 12084 12303
f 12084 12302 12303
f 12086 12085 12304
f 12085 12303 12304
f 12087 12086 12305
f 12086 12304 12305
f 12088 12087 12306
f 12087 12305 12306
f 12089 12088 12307
f 12088 12306 12307
f 12090 12089 12308
f 12089 12307 12308
f 12091 12090 12309
f 12090 12308 12309
f 12092 12091 12310
f 12091 12309 12310
f 12093 12092 12311
f 12092 12310 12311
f 12094 12093 12312
f 12093 12311 12312
f 12095 12094 12313
f 12094 12312 12313
f 12096 12095 12314
f 12095 12313 12314
f 12097 12096 12315
f 12096 12314 12315
f 12098 12097 12316
f 12097 12315 12316
f 12099 12098 12317
f 12098 12316 12317
f 12100 12099 12318
f 12099 12317 12318
f 12101 12100 12319
f 12100 12318 12319
f 12102 12101 12320
f 12101 12319 12320
f 12103 12102 12321
f 12102 12320 12321
f 12104 12103 12322
f 12103 12321 12322
f 12105 12104 12323
f 12104 12322 12323
f 12106 12105 12324
f 12105 12323 12324
f 12107 12106 12325
f 12106 12324 12325
f 12108 12107 12326
f 12107 12325 12326
f 12109 12108 12327
f 12108 12326 12327
f 12110 12109 12328
f 12109 12327 12328
f 12111 12110 12329
f 12110 12328 12329
f 12112 12111 12330
f 12111 12329 12330
f 12113 12112 12331
f 12112 12330 12331
f 12114 12113 12332
f 12113 12331 12332
f 12115 12114 12333
f 12114 12332 12333
f 12116 12115 12334
f 12115 12333 12334
f 12117 12116 12335
f 12116 12334 12335
f 12118 12117 12336
f 12117 12335 12336
f 12119 12118 12337
f 12118 12336 12337
f 12120 12119 12338
f 12119 12337 12338
f 12121 12120 12339
f 12120 12338 12339
f 12122 12121 12340
f 12121 12339 12340
f 12123 12122 12341
f 12122 12340 12341
f 12124 12123 12342
f 12123 12341 12342
f 12125 12124 12343
f 12124 12342 12343
f 12126 12125 12344
f 12125 12343 12344
f 12127 12126 12345
f 12126 12344 12345
f 12128 12127 12346
f 12127 12345 12346
f 12129 12128 12347
f 12128 12346 12347
f 12130 12129 12348
f 12129 12347 12348
f 12131 12130 12349
f 12130 12348 12349
f 12132 12131 12350
f 12131 12349 12350
f 12133 12132 12351
f 12132 12350 12351
f 12134 12133 12352
f 12133 12351 12352
f 12135 12134 12353
f 12134 12352 12353
f 12136 12135 12354
f 12135 12353 12354
f 12137 12136 12355
f 12136 12354 12355
f 12138 12137 12356
f 12137 12355 12356
f 12139 12138 12357
f 12138 12356 12357
f 12140 12139 12358
f 12139 12357 12358
f 12141 12140 12359
f 12140 12358 12359
f 12142 12141 12360
f 12141 12359 12360
f 12143 12142 12361
f 12142 12360 12361
f 12144 12143 12362
f 12143 12361 12362
f 12145 12144 12363
f 12144 12362 12363
f 12146 12145 12364
f 12145 12363 12364
f 12147 12146 12365
f 12146 12364 12365
f 12148 12147 12366
f 12147 12365 12366
f 12149 12148 12367
f 12148 12366 12367
f 12150 12149 12368
f 12149 12367 12368
f 12151 12150 12369
f 12150 12368 12369
f 12152 12151 12370
f 12151 12369 12370
f 12153 12152 12371
f 12152 12370 12371
f 12154 12153 12372
f 12153 12371 12372
f 12155 12154 12373
f 12154 12372 12373
f 12164 12188 12374
f 12235 12161 12375
f 12248 12158 12376
f 12027 12028 12377
f 12163 12247 12378
f 12165 12166 12379
f 12166 12167 12380
f 12157 12165 12381
f 12162 12235 12382
f 12186 12164 12383
f 12167 12168 12384
f 12161 12236 12385
f 12239 12238 12386
f 12240 12156 12387
f 12028 12163 12388
f 12246 12026 12389
f 12227 12228 12390
f 12024 12242 12187
f 12159 12160 12391
f 12247 12162 12392
f 12243 12159 12393
f 12168 12169 12394
f 12236 12241 12395
f 12242 12239 12396
f 12239 12386 12396
f 12241 12244 12397
f 12160 12245 12398
f 12188 12189 12399
f 12232 12234 12400
f 12231 12232 12401
f 12230 12231 12402
f 12229 12230 12403
f 12228 12229 12404
f 12025 12024 12187
f 12026 12243 12405
f 12233 12246 12406
f 12226 12227 12407
f 12225 12226 12408
f 12224 12225 12409
f 12223 12224 12410
f 12222 12223 12411
f 12221 12222 12412
f 12220 12221 12413
f 12219 12220 12414
f 12218 12219 12415
f 12217 12218 12416
f 12216 12217 12417
f 12215 12216 12418
f 12214 12215 12419
f 12213 12214 12420
f 12212 12213 12421
f 12211 12212 12422
f 12210 12211 12423
f 12209 12210 12424
f 12208 12209 12425
f 12207 12208 12426
f 12206 12207 12427
f 12205 12206 12428
f 12158 12233 12429
f 12376 12158 12429
f 12233 12406 12429
f 12204 12205 12430
f 12203 12204 12431
f 12202 12203 12432
f 12201 12202 12433
f 12200 12201 12434
f 12199 12200 12435
f 12198 12199 12436
f 12197 12198 12437
f 12196 12197 12438
f 12195 12196 12439
f 12194 12195 12440
f 12193 12194 12441
f 12192 12193 12442
f 12191 12192 12443
f 12190 12191 12444
f 12189 12190 12445
f 12244 12157 12446
f 12185 12186 12447
f 12184 12185 12448
f 12183 12184 12449
f 12182 12183 12450
f 12181 12182 12451
f 12180 12181 12452
f 12179 12180 12453
f 12178 12179 12454
f 12177 12178 12455
f 12176 12177 12456
f 12175 12176 12457
f 12174 12175 12458
f 12173 12174 12459
f 12172 12173 12460
f 12171 12172 12461
f 12170 12171 12462
f 12169 12170 12463
f 12245 12027 12464
f 12156 12248 12376
f 12187 12242 12396
f 12452 12181 12451
f 12464 12027 12377
f 12030 12029 12240
f 12164 12374 12383
f 12374 12188 12399
f 12463 12170 12462
f 12462 12171 12461
f 12461 12172 12460
f 12460 12173 12459
f 12235 12375 12382
f 12459 12174 12458
f 12458 12175 12457
f 12457 12176 12456
f 12456 12177 12455
f 12187 12396 12234
f 12455 12178 12454
f 12454 12179 12453
f 12030 12240 12465
f 12453 12180 12452
f 12451 12182 12450
f 12450 12183 12449
f 12163 12378 12388
f 12449 12184 12448
f 12448 12185 12447
f 12165 12379 12381
f 12447 12186 12383
f 12166 12380 12379
f 12157 12381 12446
f 12445 12190 12444
f 12444 12191 12443
f 12443 12192 12442
f 12442 12193 12441
f 12441 12194 12440
f 12440 12195 12439
f 12439 12196 12438
f 12438 12197 12437
f 12437 12198 12436
f 12436 12199 12435
f 12435 12200 12434
f 12434 12201 12433
f 12433 12202 12432
f 12432 12203 12431
f 12428 12206 12427
f 12427 12207 12426
f 12426 12208 12425
f 12162 12382 12392
f 12425 12209 12424
f 12424 12210 12423
f 12423 12211 12422
f 12422 12212 12421
f 12421 12213 12420
f 12420 12214 12419
f 12419 12215 12418
f 12418 12216 12417
f 12417 12217 12416
f 12416 12218 12415
f 12415 12219 12414
f 12414 12220 12413
f 12413 12221 12412
f 12412 12222 12411
f 12411 12223 12410
f 12410 12224 12409
f 12409 12225 12408
f 12408 12226 12407
f 12404 12229 12403
f 12403 12230 12402
f 12402 12231 12401
f 12401 12232 12400
f 12400 12234 12396
f 12399 12189 12445
f 12398 12245 12464
f 12395 12241 12397
f 12394 12169 12463
f 12393 12159 12391
f 12391 12160 12398
f 12390 12228 12404
f 12389 12026 12405
f 12387 12156 12376
f 12386 12238 12373
f 12385 12236 12395
f 12384 12168 12394
f 12380 12167 12384
f 12378 12247 12392
f 11980 12155 12237
f 12161 12385 12375
f 12377 12028 12388
f 12240 12387 12465
f 12246 12389 12406
f 12227 12390 12407
f 12405 12243 12393
f 12237 12155 12373
f 12373 12238 12237
f 12430 12205 12428
f 12397 12244 12446
f 12204 12430 12431
f 12251 12250 12466
f 12252 12251 12467
f 12251 12466 12467
f 12253 12252 12468
f 12252 12467 12468
f 12254 12253 12469
f 12253 12468 12469
f 12255 12254 12470
f 12254 12469 12470
f 12256 12255 12471
f 12255 12470 12471
f 12257 12256 12472
f 12256 12471 12472
f 12258 12257 12473
f 12257 12472 12473
f 12259 12258 12474
f 12258 12473 12474
f 12260 12259 12475
f 12259 12474 12475
f 12261 12260 12476
f 12260 12475 12476
f 12262 12261 12477
f 12261 12476 12477
f 12263 12262 12478
f 12262 12477 12478
f 12264 12263 12479
f 12263 12478 12479
f 12265 12264 12480
f 12264 12479 12480
f 12266 12265 12481
f 12265 12480 12481
f 12267 12266 12482
f 12266 12481 12482
f 12268 12267 12483
f 12267 12482 12483
f 12269 12268 12484
f 12268 12483 12484
f 12270 12269 12485
f 12269 12484 12485
f 12271 12270 12486
f 12270 12485 12486
f 12272 12271 12487
f 12271 12486 12487
f 12273 12272 12488
f 12272 12487 12488
f 12274 12273 12489
f 12273 12488 12489
f 12275 12274 12490
f 12274 12489 12490
f 12276 12275 12491
f 12275 12490 12491
f 12277 12276 12492
f 12276 12491 12492
f 12278 12277 12493
f 12277 12492 12493
f 12279 12278 12494
f 12278 12493 12494
f 12280 12279 12495
f 12279 12494 12495
f 12281 12280 12496
f 12280 12495 12496
f 12282 12281 12497
f 12281 12496 12497
f 12283 12282 12498
f 12282 12497 12498
f 12284 12283 12499
f 12283 12498 12499
f 12285 12284 12500
f 12284 12499 12500
f 12286 12285 12501
f 12285 12500 12501
f 12287 12286 12502
f 12286 12501 12502
f 12288 12287 12503
f 12287 12502 12503
f 12289 12288 12504
f 12288 12503 12504
f 12290 12289 12505
f 12289 12504 12505
f 12291 12290 12506
f 12290 12505 12506
f 12292 12291 12507
f 12291 12506 12507
f 12293 12292 12508
f 12292 12507 12508
f 12294 12293 12509
f 12293 12508 12509
f 12295 12294 12510
f 12294 12509 12510
f 12296 12295 12511
f 12295 12510 12511
f 12297 12296 12512
f 12296 12511 12512
f 12298 12297 12513
f 12297 12512 12513
f 12299 12298 12514
f 12298 12513 12514
f 12300 12299 12515
f 12299 12514 12515
f 12301 12300 12516
f 12300 12515 12516
f 12302 12301 12517
f 12301 12516 12517
f 12303 12302 12518
f 12302 12517 12518
f 12304 12303 12519
f 12303 12518 12519
f 12305 12304 12520
f 12304 12519 12520
f 12306 12305 12521
f 12305 12520 12521
f 12307 12306 12522
f 12306 12521 12522
f 12308 12307 12523
f 12307 12522 12523
f 12309 12308 12524
f 12308 12523 12524
f 12310 12309 12525
f 12309 12524 12525
f 12311 12310 12526
f 12310 12525 12526
f 12312 12311 12527
f 12311 12526 12527
f 12313 12312 12528
f 12312 12527 12528
f 12314 12313 12529
f 12313 12528 12529
f 12315 12314 12530
f 12314 12529 12530
f 12316 12315 12531
f 12315 12530 12531
f 12317 12316 12532
f 12316 12531 12532
f 12318 12317 12533
f 12317 12532 12533
f 12319 12318 12534
f 12318 12533 12534
f 12320 12319 12535
f 12319 12534 12535
f 12321 12320 12536
f 12320 12535 12536
f 12322 12321 12537
f 12321 12536 12537
f 12323 12322 12538
f 12322 12537 12538
f 12324 12323 12539
f 12323 12538 12539
f 12325 12324 12540
f 12324 12539 12540
f 12326 12325 12541
f 12325 12540 12541
f 12327 12326 12542
f 12326 12541 12542
f 12328 12327 12543
f 12327 12542 12543
f 12329 12328 12544
f 12328 12543 12544
f 12330 12329 12545
f 12329 12544 12545
f 12331 12330 12546
f 12330 12545 12546
f 12332 12331 12547
f 12331 12546 12547
f 12333 12332 12548
f 12332 12547 12548
f 12334 12333 12549
f 12333 12548 12549
f 12335 12334 12550
f 12334 12549 12550
f 12336 12335 12551
f 12335 12550 12551
f 12337 12336 12552
f 12336 12551 12552
f 12338 12337 12553
f 12337 12552 12553
f 12339 12338 12554
f 12338 12553 12554
f 12340 12339 12555
f 12339 12554 12555
f 12341 12340 12556
f 12340 12555 12556
f 12342 12341 12557
f 12341 12556 12557
f 12343 12342 12558
f 12342 12557 12558
f 12344 12343 12559
f 12343 12558 12559
f 12345 12344 12560
f 12344 12559 12560
f 12346 12345 12561
f 12345 12560 12561
f 12347 12346 12562
f 12346 12561 12562
f 12348 12347 12563
f 12347 12562 12563
f 12349 12348 12564
f 12348 12563 12564
f 12350 12349 12565
f 12349 12564 12565
f 12351 12350 12566
f 12350 12565 12566
f 12352 12351 12567
f 12351 12566 12567
f 12353 12352 12568
f 12352 12567 12568
f 12354 12353 12569
f 12353 12568 12569
f 12355 12354 12570
f 12354 12569 12570
f 12356 12355 12571
f 12355 12570 12571
f 12357 12356 12572
f 12356 12571 12572
f 12358 12357 12573
f 12357 12572 12573
f 12359 12358 12574
f 12358 12573 12574
f 12360 12359 12575
f 12359 12574 12575
f 12361 12360 12576
f 12360 12575 12576
f 12362 12361 12577
f 12361 12576 12577
f 12363 12362 12578
f 12362 12577 12578
f 12364 12363 12579
f 12363 12578 12579
f 12365 12364 12580
f 12364 12579 12580
f 12366 12365 12581
f 12365 12580 12581
f 12367 12366 12582
f 12366 12581 12582
f 12368 12367 12583
f 12367 12582 12583
f 12369 12368 12584
f 12368 12583 12584
f 12370 12369 12585
f 12369 12584 12585
f 12371 12370 12586
f 12370 12585 12586
f 12372 12371 12587
f 12371 12586 12587
f 12373 12372 12588
f 12386 12373 12588
f 12372 12587 12588
f 12406 12389 12468
f 12453 12452 12513
f 12445 12444 12527
f 12396 12386 12588
f 12425 12424 12553
f 12449 12448 12518
f 12385 12395 12486
f 12374 12399 12524
f 12459 12458 12504
f 12447 12383 12521
f 12446 12381 12490
f 12379 12380 12493
f 12378 12392 12480
f 12375 12385 12484
f 12394 12463 12497
f 12465 12387 12589
f 12387 12376 12589
f 12391 12398 12473
f 12430 12428 12548
f 12380 12384 12495
f 12394 12496 12384
f 12390 12404 12580
f 12463 12462 12499
f 12377 12388 12478
f 12401 12400 12586
f 12402 12401 12584
f 12470 12469 12405
f 12405 12393 12470
f 12390 12579 12407
f 12404 12403 12582
f 12408 12407 12578
f 12409 12408 12576
f 12410 12409 12574
f 12574 12573 12410
f 12412 12411 12572
f 12413 12412 12570
f 12413 12569 12414
f 12415 12414 12568
f 12416 12415 12566
f 12417 12416 12564
f 12564 12563 12417
f 12419 12418 12562
f 12420 12419 12560
f 12422 12421 12558
f 12423 12422 12556
f 12392 12382 12482
f 12427 12426 12551
f 12446 12489 12397
f 12432 12431 12545
f 12433 12432 12543
f 12543 12542 12433
f 12435 12434 12541
f 12436 12435 12539
f 12438 12437 12537
f 12439 12438 12535
f 12439 12534 12440
f 12441 12440 12533
f 12442 12441 12531
f 12443 12442 12529
f 12529 12528 12443
f 12398 12464 12475
f 12455 12454 12510
f 12451 12450 12516
f 12456 12455 12508
f 12508 12507 12456
f 12458 12457 12506
f 12484 12483 12375
f 12459 12503 12460
f 12461 12460 12502
f 12395 12397 12488
f 12406 12468 12467
f 12513 12452 12514
f 12524 12399 12525
f 12453 12513 12512
f 12445 12527 12526
f 12429 12406 12467
f 12516 12450 12517
f 12510 12454 12511
f 12537 12437 12538
f 12545 12431 12546
f 12551 12426 12552
f 12558 12421 12559
f 12553 12424 12554
f 12582 12403 12583
f 12449 12518 12517
f 12586 12400 12587
f 12374 12524 12523
f 12478 12388 12479
f 12499 12462 12500
f 12447 12521 12520
f 12379 12493 12492
f 12378 12480 12479
f 12548 12428 12549
f 12589 12376 12429
f 12490 12381 12491
f 12521 12383 12522
f 12430 12548 12547
f 12452 12451 12514
f 12518 12448 12519
f 12377 12478 12477
f 12400 12396 12588
f 12383 12374 12523
f 12402 12584 12583
f 12403 12402 12583
f 12420 12560 12559
f 12421 12420 12559
f 12423 12556 12555
f 12424 12423 12555
f 12427 12551 12550
f 12426 12425 12552
f 12517 12450 12449
f 12491 12381 12379
f 12425 12553 12552
f 12391 12473 12472
f 12428 12427 12549
f 12436 12539 12538
f 12437 12436 12538
f 12475 12464 12476
f 12431 12430 12546
f 12448 12447 12520
f 12388 12378 12479
f 12464 12377 12476
f 12454 12453 12511
f 12399 12445 12525
f 12462 12461 12500
f 12393 12391 12472
f 12519 12448 12520
f 12549 12427 12550
f 12546 12430 12547
f 12522 12383 12523
f 12511 12453 12512
f 12445 12526 12525
f 12377 12477 12476
f 12424 12555 12554
f 12249 12030 12465
f 12393 12472 12471
f 12500 12461 12501
f 12379 12492 12491
f 12514 12451 12515
f 12249 12465 12590
f 12250 12249 12590
f 12465 12589 12590
f 12515 12451 12516
f 12250 12590 12466
f 12501 12461 12502
f 12508 12455 12509
f 12529 12442 12530
f 12535 12438 12536
f 12539 12435 12540
f 12543 12432 12544
f 12482 12382 12483
f 12556 12422 12557
f 12560 12419 12561
f 12564 12416 12565
f 12570 12412 12571
f 12574 12409 12575
f 12409 12576 12575
f 12584 12401 12585
f 12385 12486 12485
f 12486 12395 12487
f 12459 12504 12503
f 12446 12490 12489
f 12390 12580 12579
f 12395 12488 12487
f 12497 12463 12498
f 12394 12497 12496
f 12484 12385 12485
f 12480 12392 12481
f 12473 12398 12474
f 12493 12380 12494
f 12504 12458 12505
f 12380 12495 12494
f 12527 12444 12528
f 12580 12404 12581
f 12463 12499 12498
f 12401 12586 12585
f 12470 12393 12471
f 12404 12582 12581
f 12408 12578 12577
f 12576 12408 12577
f 12412 12572 12571
f 12572 12411 12573
f 12413 12570 12569
f 12416 12566 12565
f 12415 12568 12567
f 12566 12415 12567
f 12419 12562 12561
f 12562 12418 12563
f 12422 12558 12557
f 12392 12482 12481
f 12432 12545 12544
f 12435 12541 12540
f 12541 12434 12542
f 12438 12537 12536
f 12439 12535 12534
f 12442 12531 12530
f 12441 12533 12532
f 12531 12441 12532
f 12398 12475 12474
f 12455 12510 12509
f 12458 12506 12505
f 12506 12457 12507
f 12468 12389 12469
f 12444 12443 12528
f 12400 12588 12587
f 12502 12460 12503
f 12578 12407 12579
f 12457 12456 12507
f 12495 12384 12496
f 12488 12397 12489
f 12389 12405 12469
f 12466 12590 12589
f 12429 12467 12466
f 12533 12440 12534
f 12434 12433 12542
f 12382 12375 12483
f 12429 12466 12589
f 12418 12417 12563
f 12411 12410 12573
f 12568 12414 12569
f 11467 11465 12591
f 11599 11467 12592
f 11467 12591 12592
f 11600 11599 12593
f 11599 12592 12593
f 11602 11600 12594
f 11600 12593 12594
f 11603 11602 12595
f 11602 12594 12595
f 11605 11603 12596
f 11603 12595 12596
f 11606 11605 12597
f 11605 12596 12597
f 11608 11606 12598
f 11606 12597 12598
f 11609 11608 12598
f 11611 11609 12599
f 11612 11611 12600
f 11611 12599 12600
f 11614 11612 12601
f 11612 12600 12601
f 11615 11614 12602
f 11614 12601 12602
f 11617 11615 12603
f 11615 12602 12603
f 11618 11617 12604
f 11617 12603 12604
f 11620 11618 12605
f 11618 12604 12605
f 11621 11620 12606
f 11620 12605 12606
f 11623 11621 12606
f 11624 11623 12607
f 11626 11624 12608
f 11624 12607 12608
f 11627 11626 12609
f 11626 12608 12609
f 11629 11627 12610
f 11627 12609 12610
f 11630 11629 12611
f 11629 12610 12611
f 11632 11630 12612
f 11630 12611 12612
f 11633 11632 12613
f 11632 12612 12613
f 11633 12613 11635
f 12614 11635 12613
f 11636 11635 12614
f 11638 11636 12615
f 11639 11638 12616
f 11638 12615 12616
f 11641 11639 12617
f 11639 12616 12617
f 11642 11641 12618
f 11641 12617 12618
f 11644 11642 12619
f 11642 12618 12619
f 11645 11644 12620
f 11644 12619 12620
f 11647 11645 12621
f 11645 12620 12621
f 11648 11647 12622
f 11647 12621 12622
f 11650 11648 12622
f 11651 11650 12623
f 11653 11651 12624
f 11651 12623 12624
f 11654 11653 12625
f 11653 12624 12625
f 11656 11654 12626
f 11654 12625 12626
f 11657 11656 12627
f 11656 12626 12627
f 11659 11657 12628
f 11657 12627 12628
f 11660 11659 12629
f 11659 12628 12629
f 11662 11660 12630
f 11660 12629 12630
f 11663 11662 12630
f 11665 11663 12631
f 11666 11665 12632
f 11665 12631 12632
f 11668 11666 12633
f 11666 12632 12633
f 11669 11668 12634
f 11668 12633 12634
f 11671 11669 12635
f 11669 12634 12635
f 11672 11671 12636
f 11671 12635 12636
f 11674 11672 12637
f 11672 12636 12637
f 11675 11674 12638
f 11674 12637 12638
f 11677 11675 12638
f 11678 11677 12639
f 11680 11678 12640
f 11678 12639 12640
f 11681 11680 12641
f 11680 12640 12641
f 11683 11681 12642
f 11681 12641 12642
f 11684 11683 12643
f 11683 12642 12643
f 11686 11684 12644
f 11684 12643 12644
f 11687 11686 12645
f 11686 12644 12645
f 11689 11687 12646
f 11687 12645 12646
f 11690 11689 12646
f 11692 11690 12647
f 11693 11692 12648
f 11692 12647 12648
f 11695 11693 12649
f 11693 12648 12649
f 11696 11695 12650
f 11695 12649 12650
f 11698 11696 12651
f 11696 12650 12651
f 11699 11698 12652
f 11698 12651 12652
f 11701 11699 12653
f 11699 12652 12653
f 11702 11701 12654
f 11701 12653 12654
f 11704 11702 12654
f 11705 11704 12655
f 11707 11705 12656
f 11705 12655 12656
f 11708 11707 12657
f 11707 12656 12657
f 11710 11708 12658
f 11708 12657 12658
f 11711 11710 12659
f 11710 12658 12659
f 11713 11711 12660
f 11711 12659 12660
f 11714 11713 12661
f 11713 12660 12661
f 11716 11714 12662
f 11714 12661 12662
f 11717 11716 12662
f 11719 11717 12663
f 11720 11719 12664
f 11719 12663 12664
f 11722 11720 12665
f 11720 12664 12665
f 11723 11722 12666
f 11722 12665 12666
f 11725 11723 12667
f 11723 12666 12667
f 11726 11725 12668
f 11725 12667 12668
f 11728 11726 12669
f 11726 12668 12669
f 11729 11728 12670
f 11728 12669 12670
f 11731 11729 12670
f 11732 11731 12671
f 11734 11732 12672
f 11732 12671 12672
f 11735 11734 12673
f 11734 12672 12673
f 11465 11735 12674
f 12591 11465 12674
f 11735 12673 12674
f 11623 12606 12607
f 12599 11609 12598
f 11636 12614 12615
f 11650 12622 12623
f 11663 12630 12631
f 11677 12638 12639
f 11690 12646 12647
f 11704 12654 12655
f 11717 12662 12663
f 11731 12670 12671
f 12593 12592 12675
f 12594 12593 12676
f 12593 12675 12676
f 12595 12594 12677
f 12594 12676 12677
f 12596 12595 12678
f 12595 12677 12678
f 12597 12596 12679
f 12596 12678 12679
f 12598 12597 12680
f 12597 12679 12680
f 12600 12599 12681
f 12601 12600 12682
f 12600 12681 12682
f 12602 12601 12683
f 12601 12682 12683
f 12603 12602 12684
f 12602 12683 12684
f 12604 12603 12685
f 12603 12684 12685
f 12605 12604 12686
f 12604 12685 12686
f 12606 12605 12687
f 12605 12686 12687
f 12608 12607 12688
f 12599 12598 12689
f 12681 12599 12689
f 12598 12680 12689
f 12609 12608 12690
f 12608 12688 12690
f 12610 12609 12691
f 12609 12690 12691
f 12611 12610 12692
f 12610 12691 12692
f 12612 12611 12693
f 12611 12692 12693
f 12613 12612 12694
f 12612 12693 12694
f 12614 12613 12695
f 12613 12694 12695
f 12616 12615 12696
f 12623 12622 12697
f 12617 12616 12698
f 12616 12696 12698
f 12618 12617 12699
f 12617 12698 12699
f 12619 12618 12700
f 12618 12699 12700
f 12620 12619 12701
f 12619 12700 12701
f 12621 12620 12702
f 12620 12701 12702
f 12622 12621 12703
f 12697 12622 12703
f 12621 12702 12703
f 12624 12623 12704
f 12623 12697 12704
f 12631 12630 12705
f 12625 12624 12706
f 12624 12704 12706
f 12626 12625 12707
f 12625 12706 12707
f 12627 12626 12708
f 12626 12707 12708
f 12628 12627 12709
f 12627 12708 12709
f 12629 12628 12710
f 12628 12709 12710
f 12630 12629 12711
f 12705 12630 12711
f 12629 12710 12711
f 12632 12631 12712
f 12631 12705 12712
f 12639 12638 12713
f 12633 12632 12714
f 12632 12712 12714
f 12634 12633 12715
f 12633 12714 12715
f 12635 12634 12716
f 12634 12715 12716
f 12636 12635 12717
f 12635 12716 12717
f 12637 12636 12718
f 12636 12717 12718
f 12638 12637 12719
f 12713 12638 12719
f 12637 12718 12719
f 12640 12639 12720
f 12639 12713 12720
f 12647 12646 12721
f 12641 12640 12722
f 12640 12720 12722
f 12642 12641 12723
f 12641 12722 12723
f 12643 12642 12724
f 12642 12723 12724
f 12644 12643 12725
f 12643 12724 12725
f 12645 12644 12726
f 12644 12725 12726
f 12646 12645 12727
f 12721 12646 12727
f 12645 12726 12727
f 12648 12647 12728
f 12647 12721 12728
f 12655 12654 12729
f 12649 12648 12730
f 12648 12728 12730
f 12650 12649 12731
f 12649 12730 12731
f 12651 12650 12732
f 12650 12731 12732
f 12652 12651 12733
f 12651 12732 12733
f 12653 12652 12734
f 12652 12733 12734
f 12654 12653 12735
f 12729 12654 12735
f 12653 12734 12735
f 12656 12655 12736
f 12655 12729 12736
f 12663 12662 12737
f 12657 12656 12738
f 12656 12736 12738
f 12658 12657 12739
f 12657 12738 12739
f 12659 12658 12740
f 12658 12739 12740
f 12660 12659 12741
f 12659 12740 12741
f 12661 12660 12742
f 12660 12741 12742
f 12662 12661 12743
f 12737 12662 12743
f 12661 12742 12743
f 12664 12663 12744
f 12663 12737 12744
f 12671 12670 12745
f 12607 12606 12746
f 12688 12607 12746
f 12606 12687 12746
f 12665 12664 12747
f 12664 12744 12747
f 12666 12665 12748
f 12665 12747 12748
f 12667 12666 12749
f 12666 12748 12749
f 12668 12667 12750
f 12667 12749 12750
f 12669 12668 12751
f 12668 12750 12751
f 12670 12669 12752
f 12745 12670 12752
f 12669 12751 12752
f 12672 12671 12753
f 12671 12745 12753
f 12673 12672 12754
f 12672 12753 12754
f 12615 12614 12755
f 12696 12615 12755
f 12614 12695 12755
f 12675 12592 12756
f 12592 12591 12756
f 12674 12673 12757
f 12673 12754 12757
f 12677 12676 12758
f 12678 12677 12759
f 12677 12758 12759
f 12679 12678 12760
f 12678 12759 12760
f 12680 12679 12761
f 12679 12760 12761
f 12690 12688 12762
f 12675 12756 12763
f 12683 12682 12764
f 12684 12683 12765
f 12683 12764 12765
f 12685 12684 12766
f 12684 12765 12766
f 12686 12685 12767
f 12685 12766 12767
f 12687 12686 12768
f 12686 12767 12768
f 12747 12744 12769
f 12704 12697 12770
f 12691 12690 12771
f 12690 12762 12771
f 12692 12691 12772
f 12691 12771 12772
f 12693 12692 12773
f 12692 12772 12773
f 12694 12693 12774
f 12693 12773 12774
f 12695 12694 12775
f 12694 12774 12775
f 12756 12591 12776
f 12699 12698 12777
f 12700 12699 12778
f 12699 12777 12778
f 12701 12700 12779
f 12700 12778 12779
f 12702 12701 12780
f 12701 12779 12780
f 12706 12704 12781
f 12704 12770 12781
f 12712 12705 12782
f 12707 12706 12783
f 12706 12781 12783
f 12708 12707 12784
f 12707 12783 12784
f 12709 12708 12785
f 12708 12784 12785
f 12710 12709 12786
f 12709 12785 12786
f 12714 12712 12787
f 12712 12782 12787
f 12720 12713 12788
f 12715 12714 12789
f 12714 12787 12789
f 12716 12715 12790
f 12715 12789 12790
f 12717 12716 12791
f 12716 12790 12791
f 12718 12717 12792
f 12717 12791 12792
f 12722 12720 12793
f 12720 12788 12793
f 12728 12721 12794
f 12723 12722 12795
f 12722 12793 12795
f 12724 12723 12796
f 12723 12795 12796
f 12725 12724 12797
f 12724 12796 12797
f 12726 12725 12798
f 12725 12797 12798
f 12730 12728 12799
f 12728 12794 12799
f 12736 12729 12800
f 12676 12675 12801
f 12758 12676 12801
f 12675 12763 12801
f 12731 12730 12802
f 12730 12799 12802
f 12732 12731 12803
f 12731 12802 12803
f 12733 12732 12804
f 12732 12803 12804
f 12734 12733 12805
f 12733 12804 12805
f 12738 12736 12806
f 12736 12800 12806
f 12744 12737 12807
f 12769 12744 12807
f 12737 12743 12807
f 12739 12738 12808
f 12738 12806 12808
f 12740 12739 12809
f 12739 12808 12809
f 12741 12740 12810
f 12740 12809 12810
f 12742 12741 12811
f 12741 12810 12811
f 12753 12745 12812
f 12748 12747 12813
f 12747 12769 12813
f 12749 12748 12814
f 12748 12813 12814
f 12750 12749 12815
f 12749 12814 12815
f 12751 12750 12816
f 12750 12815 12816
f 12754 12753 12817
f 12753 12812 12817
f 12591 12674 12776
f 12762 12688 12818
f 12688 12746 12818
f 12777 12698 12819
f 12698 12696 12819
f 12681 12689 12820
f 12770 12697 12821
f 12697 12703 12821
f 12756 12776 12822
f 12705 12711 12782
f 12703 12702 12823
f 12821 12703 12823
f 12702 12780 12823
f 12713 12719 12788
f 12711 12710 12824
f 12710 12786 12824
f 12721 12727 12794
f 12689 12680 12825
f 12820 12689 12825
f 12680 12761 12825
f 12719 12718 12826
f 12718 12792 12826
f 12729 12735 12800
f 12682 12681 12827
f 12727 12726 12828
f 12726 12798 12828
f 12682 12827 12764
f 12776 12674 12757
f 12735 12734 12829
f 12734 12805 12829
f 12745 12752 12812
f 12757 12754 12830
f 12754 12817 12830
f 12743 12742 12831
f 12742 12811 12831
f 12746 12687 12832
f 12818 12746 12832
f 12687 12768 12832
f 12776 12757 12822
f 12752 12751 12833
f 12751 12816 12833
f 12763 12756 12822
f 12696 12755 12819
f 12755 12695 12834
f 12695 12775 12834
f 12827 12681 12820
f 12778 12777 12835
f 12819 12755 12834
f 12760 12759 12836
f 12761 12760 12837
f 12760 12836 12837
f 12822 12757 12830
f 12771 12762 12838
f 12763 12822 12839
f 12766 12765 12840
f 12767 12766 12841
f 12766 12840 12841
f 12768 12767 12842
f 12767 12841 12842
f 12808 12806 12843
f 12827 12820 12844
f 12772 12771 12845
f 12771 12838 12845
f 12773 12772 12846
f 12772 12845 12846
f 12774 12773 12847
f 12773 12846 12847
f 12775 12774 12848
f 12774 12847 12848
f 12794 12727 12828
f 12782 12711 12824
f 12788 12719 12826
f 12779 12778 12849
f 12778 12835 12849
f 12780 12779 12850
f 12779 12849 12850
f 12781 12770 12851
f 12800 12735 12829
f 12784 12783 12852
f 12785 12784 12853
f 12784 12852 12853
f 12786 12785 12854
f 12785 12853 12854
f 12787 12782 12855
f 12764 12827 12856
f 12827 12844 12856
f 12790 12789 12857
f 12791 12790 12858
f 12790 12857 12858
f 12792 12791 12859
f 12791 12858 12859
f 12793 12788 12860
f 12812 12752 12833
f 12796 12795 12861
f 12797 12796 12862
f 12796 12861 12862
f 12798 12797 12863
f 12797 12862 12863
f 12799 12794 12864
f 12803 12802 12865
f 12804 12803 12866
f 12803 12865 12866
f 12805 12804 12867
f 12804 12866 12867
f 12806 12800 12868
f 12843 12806 12868
f 12800 12829 12868
f 12813 12769 12869
f 12809 12808 12870
f 12808 12843 12870
f 12810 12809 12871
f 12809 12870 12871
f 12811 12810 12872
f 12810 12871 12872
f 12814 12813 12873
f 12813 12869 12873
f 12815 12814 12874
f 12814 12873 12874
f 12816 12815 12875
f 12815 12874 12875
f 12817 12812 12876
f 12802 12799 12877
f 12865 12802 12877
f 12799 12864 12877
f 12789 12787 12878
f 12857 12789 12878
f 12787 12855 12878
f 12783 12781 12879
f 12852 12783 12879
f 12781 12851 12879
f 12795 12793 12880
f 12861 12795 12880
f 12793 12860 12880
f 12819 12834 12881
f 12836 12759 12882
f 12759 12758 12882
f 12839 12822 12883
f 12822 12830 12883
f 12838 12762 12884
f 12762 12818 12884
f 12826 12792 12885
f 12792 12859 12885
f 12869 12769 12886
f 12769 12807 12886
f 12770 12821 12851
f 12823 12780 12887
f 12780 12850 12887
f 12765 12764 12888
f 12824 12786 12889
f 12786 12854 12889
f 12765 12888 12840
f 12764 12856 12888
f 12788 12826 12890
f 12860 12788 12890
f 12826 12885 12890
f 12825 12761 12891
f 12761 12837 12891
f 12828 12798 12892
f 12798 12863 12892
f 12820 12825 12893
f 12844 12820 12893
f 12825 12891 12893
f 12782 12824 12894
f 12855 12782 12894
f 12824 12889 12894
f 12829 12805 12895
f 12805 12867 12895
f 12807 12743 12831
f 12830 12817 12896
f 12883 12830 12896
f 12817 12876 12896
f 12831 12811 12897
f 12811 12872 12897
f 12832 12768 12898
f 12768 12842 12898
f 12777 12819 12899
f 12833 12816 12900
f 12816 12875 12900
f 12834 12775 12901
f 12881 12834 12901
f 12775 12848 12901
f 12882 12758 12902
f 12758 12801 12902
f 12801 12763 12903
f 12902 12801 12903
f 12763 12839 12903
f 12777 12899 12835
f 12899 12819 12881
f 12836 12882 12904
f 12818 12832 12905
f 12884 12818 12905
f 12832 12898 12905
f 12851 12821 12906
f 12835 12899 12907
f 12842 12841 12908
f 12886 12807 12831
f 12869 12886 12909
f 12794 12828 12910
f 12846 12845 12911
f 12847 12846 12912
f 12846 12911 12912
f 12848 12847 12913
f 12847 12912 12913
f 12858 12857 12914
f 12856 12844 12915
f 12853 12852 12916
f 12849 12835 12917
f 12835 12907 12917
f 12850 12849 12918
f 12849 12917 12918
f 12821 12823 12906
f 12854 12853 12919
f 12853 12916 12919
f 12859 12858 12920
f 12858 12914 12920
f 12812 12833 12921
f 12876 12812 12921
f 12833 12900 12921
f 12863 12862 12922
f 12864 12794 12910
f 12866 12865 12923
f 12867 12866 12924
f 12866 12923 12924
f 12870 12843 12925
f 12871 12870 12926
f 12870 12925 12926
f 12872 12871 12927
f 12871 12926 12927
f 12873 12869 12928
f 12869 12909 12928
f 12845 12838 12929
f 12911 12845 12929
f 12838 12884 12929
f 12874 12873 12930
f 12873 12928 12930
f 12875 12874 12931
f 12874 12930 12931
f 12888 12856 12932
f 12856 12915 12932
f 12837 12836 12933
f 12836 12904 12933
f 12840 12888 12934
f 12888 12932 12934
f 12910 12828 12892
f 12886 12831 12935
f 12909 12886 12935
f 12831 12897 12935
f 12864 12910 12936
f 12897 12872 12937
f 12872 12927 12937
f 12861 12880 12938
f 12907 12899 12939
f 12899 12881 12939
f 12885 12859 12940
f 12859 12920 12940
f 12881 12901 12939
f 12936 12910 12941
f 12910 12892 12941
f 12889 12854 12942
f 12854 12919 12942
f 12887 12850 12943
f 12850 12918 12943
f 12844 12893 12915
f 12876 12921 12944
f 12914 12857 12945
f 12857 12878 12945
f 12855 12894 12946
f 12906 12823 12887
f 12860 12890 12947
f 12829 12895 12868
f 12860 12947 12880
f 12864 12936 12877
f 12895 12867 12948
f 12867 12924 12948
f 12879 12851 12949
f 12892 12863 12950
f 12941 12892 12950
f 12863 12922 12950
f 12891 12837 12951
f 12837 12933 12951
f 12876 12944 12896
f 12855 12946 12878
f 12923 12865 12952
f 12865 12877 12952
f 12843 12868 12953
f 12925 12843 12953
f 12862 12861 12954
f 12851 12906 12949
f 12900 12875 12955
f 12875 12931 12955
f 12898 12842 12956
f 12842 12908 12956
f 12904 12882 12957
f 12882 12902 12957
f 12901 12848 12958
f 12848 12913 12958
f 12922 12862 12954
f 12841 12840 12959
f 12839 12883 12960
f 12903 12839 12961
f 12839 12960 12961
f 12954 12861 12938
f 12959 12840 12934
f 12841 12959 12908
f 12938 12880 12947
f 12907 12939 12962
f 12915 12893 12963
f 12959 12934 12964
f 12922 12954 12965
f 12913 12912 12966
f 12896 12944 12967
f 12906 12887 12968
f 12887 12943 12968
f 12939 12901 12958
f 12868 12895 12969
f 12953 12868 12969
f 12895 12948 12969
f 12918 12917 12970
f 12926 12925 12971
f 12919 12916 12972
f 12877 12936 12952
f 12852 12879 12973
f 12920 12914 12974
f 12890 12885 12975
f 12947 12890 12975
f 12885 12940 12975
f 12917 12907 12976
f 12970 12917 12976
f 12907 12962 12976
f 12908 12959 12977
f 12959 12964 12977
f 12921 12900 12978
f 12944 12921 12978
f 12900 12955 12978
f 12924 12923 12979
f 12893 12891 12963
f 12916 12852 12973
f 12938 12947 12980
f 12879 12949 12973
f 12902 12903 12981
f 12957 12902 12981
f 12903 12961 12981
f 12925 12953 12982
f 12971 12925 12982
f 12953 12969 12982
f 12949 12906 12968
f 12878 12946 12945
f 12927 12926 12983
f 12926 12971 12983
f 12928 12909 12984
f 12883 12896 12967
f 12960 12883 12967
f 12931 12930 12985
f 12932 12915 12986
f 12954 12938 12987
f 12965 12954 12987
f 12938 12980 12987
f 12933 12904 12988
f 12930 12928 12989
f 12985 12930 12989
f 12928 12984 12989
f 12894 12889 12990
f 12946 12894 12990
f 12889 12942 12990
f 12934 12932 12991
f 12964 12934 12991
f 12932 12986 12991
f 12973 12949 12992
f 12884 12905 12993
f 12962 12939 12994
f 12939 12958 12994
f 12915 12963 12986
f 12940 12920 12995
f 12920 12974 12995
f 12944 12978 12996
f 12905 12898 12997
f 12993 12905 12997
f 12898 12956 12997
f 12951 12933 12998
f 12933 12988 12998
f 12937 12927 12999
f 12927 12983 12999
f 12942 12919 13000
f 12919 12972 13000
f 12943 12918 13001
f 12918 12970 13001
f 12979 12923 13002
f 12923 12952 13002
f 12960 12967 13003
f 12945 12946 13004
f 12974 12914 13005
f 12914 12945 13005
f 12950 12922 13006
f 12922 12965 13006
f 12948 12924 13007
f 12924 12979 13007
f 12944 12996 12967
f 12963 12891 12951
f 12980 12947 13008
f 12947 12975 13008
f 12884 12993 12929
f 12961 12960 13009
f 12960 13003 13009
f 12897 12937 12935
f 12911 12929 13010
f 12912 12911 13011
f 12988 12904 13012
f 12904 12957 13012
f 12955 12931 13013
f 12931 12985 13013
f 12956 12908 13014
f 12908 12977 13014
f 12984 12909 13015
f 12909 12935 13015
f 12958 12913 13016
f 12994 12958 13016
f 12913 12966 13016
f 12992 12949 13017
f 12949 12968 13017
f 12916 12973 13018
f 12936 12941 13019
f 12966 12912 13011
f 12911 13010 13011
f 13004 12946 13020
f 12946 12990 13020
f 12916 13018 12972
f 13018 12973 12992
f 12986 12963 13021
f 12996 12978 13022
f 12978 12955 13022
f 12975 12940 13023
f 13008 12975 13023
f 12940 12995 13023
f 13003 12967 13024
f 12967 12996 13024
f 12945 13004 13005
f 13018 12992 13025
f 12969 12948 13026
f 12972 13018 13027
f 13018 13025 13027
f 12952 12936 13028
f 12929 12993 13010
f 12941 12950 13029
f 12950 13006 13029
f 12968 12943 13030
f 13017 12968 13030
f 12943 13001 13030
f 12963 12951 13031
f 13021 12963 13031
f 12951 12998 13031
f 12977 12964 13032
f 13011 13010 13033
f 12935 12937 13015
f 12983 12971 13034
f 13019 12941 13029
f 12990 12942 13035
f 13020 12990 13035
f 12942 13000 13035
f 12936 13019 13028
f 12952 13028 13002
f 12966 13011 13036
f 13011 13033 13036
f 13028 13019 13037
f 13010 12993 13038
f 12962 12994 13039
f 12997 12956 13040
f 12956 13014 13040
f 12995 12974 13041
f 12955 13013 13022
f 12999 12983 13042
f 12983 13034 13042
f 13000 12972 13043
f 12972 13027 13043
f 13001 12970 13044
f 12948 13007 13026
f 13010 13038 13033
f 12992 13017 13025
f 12991 12986 13045
f 12969 13026 12982
f 12976 12962 13046
f 12962 13039 13046
f 13006 12965 13047
f 13002 13028 13048
f 13028 13037 13048
f 13007 12979 13049
f 13005 13004 13050
f 12979 13002 13051
f 13049 12979 13051
f 13002 13048 13051
f 13024 12996 13052
f 13012 12957 13053
f 12957 12981 13053
f 13009 13003 13054
f 13003 13024 13054
f 12970 12976 13055
f 13044 12970 13055
f 12976 13046 13055
f 13004 13020 13050
f 13015 12937 13056
f 12937 12999 13056
f 12981 12961 13057
f 13053 12981 13057
f 12961 13009 13057
f 13034 12971 13058
f 12971 12982 13058
f 12988 13012 13059
f 13013 12985 13060
f 12984 13015 13061
f 13015 13056 13061
f 12987 12980 13062
f 13014 12977 13063
f 12977 13032 13063
f 13016 12966 13064
f 12966 13036 13064
f 12980 13008 13062
f 12986 13021 13045
f 12965 12987 13065
f 13047 12965 13065
f 12987 13062 13065
f 12989 12984 13061
f 12985 12989 13066
f 13060 12985 13066
f 12989 13061 13066
f 12998 12988 13067
f 12988 13059 13067
f 13037 13019 13068
f 13019 13029 13068
f 13052 12996 13022
f 13041 12974 13069
f 13022 13013 13070
f 13052 13022 13070
f 13013 13060 13070
f 12994 13016 13071
f 13016 13064 13071
f 13041 13069 13072
f 12964 12991 13073
f 13027 13025 13074
f 12993 12997 13075
f 13038 12993 13075
f 12997 13040 13075
f 13026 13007 13076
f 13007 13049 13076
f 13062 13008 13077
f 13033 13038 13078
f 12991 13045 13073
f 12982 13026 13079
f 13058 12982 13079
f 13026 13076 13079
f 12974 13005 13069
f 13024 13052 13080
f 13005 13050 13069
f 13029 13006 13081
f 13068 13029 13081
f 13006 13047 13081
f 13025 13017 13082
f 13059 13012 13083
f 13012 13053 13083
f 13045 13021 13084
f 13050 13020 13085
f 13032 12964 13073
f 13036 13033 13086
f 13039 12994 13071
f 13073 13045 13087
f 13069 13050 13088
f 13072 13069 13088
f 13050 13085 13088
f 13032 13073 13089
f 13073 13087 13089
f 13023 12995 13090
f 12995 13041 13090
f 13042 13034 13091
f 13043 13027 13092
f 13027 13074 13092
f 13061 13056 13093
f 13077 13008 13023
f 12998 13067 13031
f 13033 13078 13086
f 13048 13037 13094
f 13047 13065 13095
f 13080 13052 13096
f 13052 13070 13096
f 13046 13039 13097
f 13001 13044 13098
f 13024 13080 13054
f 13021 13031 13099
f 13084 13021 13099
f 13031 13067 13099
f 13081 13047 13100
f 13047 13095 13100
f 13025 13082 13074
f 13009 13054 13101
f 13049 13051 13102
f 13030 13001 13098
f 13085 13020 13103
f 13020 13035 13103
f 13083 13104 13059
f 13045 13084 13087
f 13063 13032 13105
f 13032 13089 13105
f 13056 12999 13106
f 13093 13056 13106
f 12999 13042 13106
f 13059 13107 13067
f 13062 13077 13108
f 13062 13108 13065
f 13060 13066 13109
f 13064 13036 13110
f 13036 13086 13110
f 13000 13043 13103
f 13090 13041 13111
f 13041 13072 13111
f 13034 13058 13112
f 13035 13000 13103
f 13044 13055 13113
f 13040 13014 13114
f 13014 13063 13114
f 13098 13044 13115
f 13044 13113 13115
f 13076 13049 13116
f 13049 13102 13116
f 13066 13061 13117
f 13109 13066 13117
f 13061 13093 13117
f 13083 13057 13101
f 13039 13071 13097
f 13037 13068 13094
f 13070 13060 13118
f 13096 13070 13118
f 13060 13109 13118
f 13091 13034 13112
f 13068 13081 13119
f 13081 13100 13119
f 13089 13087 13120
f 13113 13055 13121
f 13055 13046 13121
f 13038 13075 13122
f 13078 13038 13122
f 13077 13023 13090
f 13095 13065 13108
f 13074 13082 13123
f 13017 13030 13124
f 13082 13017 13124
f 13030 13098 13124
f 13094 13068 13119
f 13085 13103 13125
f 13054 13080 13126
f 13075 13040 13127
f 13122 13075 13127
f 13040 13114 13127
f 13102 13051 13128
f 13051 13048 13128
f 13101 13054 13126
f 13077 13090 13129
f 13090 13111 13129
f 13108 13077 13129
f 13095 13108 13130
f 13071 13064 13131
f 13064 13110 13131
f 13103 13043 13132
f 13125 13103 13132
f 13043 13092 13132
f 13112 13058 13133
f 13058 13079 13133
f 13042 13091 13106
f 13067 13107 13134
f 13091 13112 13135
f 13048 13094 13128
f 13097 13071 13131
f 13086 13078 13136
f 13120 13087 13137
f 13087 13084 13137
f 13046 13097 13121
f 13106 13091 13138
f 13113 13121 13139
f 13097 13131 13140
f 13078 13122 13141
f 13112 13133 13135
f 13110 13086 13142
f 13086 13136 13142
f 13124 13098 13115
f 13123 13082 13143
f 13082 13124 13143
f 13080 13096 13144
f 13072 13088 13145
f 13079 13076 13133
f 13088 13085 13146
f 13145 13088 13146
f 13085 13125 13146
f 13092 13074 13147
f 13074 13123 13147
f 13099 13067 13134
f 13109 13117 13148
f 13094 13119 13149
f 13076 13116 13133
f 13101 13126 13150
f 13107 13059 13104
f 13121 13097 13151
f 13139 13121 13151
f 13097 13140 13151
f 13105 13089 13152
f 13089 13120 13152
f 13084 13099 13153
f 13137 13084 13153
f 13099 13134 13153
f 13111 13072 13154
f 13072 13145 13154
f 13130 13108 13155
f 13108 13129 13155
f 13083 13101 13104
f 13100 13095 13156
f 13095 13130 13156
f 13093 13106 13157
f 13106 13138 13157
f 13104 13101 13150
f 13134 13107 13158
f 13091 13135 13138
f 13114 13063 13159
f 13063 13105 13159
f 13102 13128 13160
f 13115 13113 13161
f 13113 13139 13161
f 13128 13094 13162
f 13160 13128 13162
f 13094 13149 13162
f 13116 13102 13163
f 13102 13160 13163
f 13117 13093 13157
f 13136 13078 13141
f 13126 13080 13144
f 13118 13109 13164
f 13109 13148 13164
f 13107 13104 13165
f 13158 13107 13165
f 13104 13150 13165
f 13126 13144 13166
f 13119 13100 13167
f 13100 13156 13167
f 13135 13133 13168
f 13096 13118 13169
f 13144 13096 13169
f 13118 13164 13169
f 13136 13141 13170
f 13122 13127 13141
f 13149 13119 13167
f 13148 13117 13157
f 13129 13111 13171
f 13155 13129 13171
f 13111 13154 13171
f 13083 13053 13057
f 13133 13116 13168
f 13150 13126 13166
f 13131 13110 13172
f 13110 13142 13172
f 13148 13157 13173
f 13157 13138 13174
f 13124 13115 13143
f 13140 13131 13172
f 13120 13137 13175
f 13152 13120 13176
f 13120 13175 13176
f 13160 13162 13177
f 13157 13174 13173
f 13009 13101 13057
f 13150 13166 13178
f 13144 13169 13179
f 13142 13136 13180
f 13136 13170 13180
f 13147 13123 13181
f 13140 13172 13182
f 13170 13141 13183
f 13130 13155 13184
f 13134 13158 13185
f 13127 13114 13159
f 13146 13125 13186
f 13135 13168 13187
f 13145 13146 13188
f 13146 13186 13188
f 13141 13127 13159
f 13151 13140 13189
f 13140 13182 13189
f 13149 13167 13190
f 13185 13158 13191
f 13116 13163 13168
f 13139 13151 13192
f 13151 13189 13192
f 13153 13134 13185
f 13150 13178 13165
f 13156 13130 13184
f 13143 13115 13161
f 13125 13132 13186
f 13161 13139 13193
f 13139 13192 13193
f 13123 13143 13194
f 13181 13123 13194
f 13143 13161 13194
f 13132 13092 13195
f 13092 13147 13195
f 13166 13144 13179
f 13138 13135 13196
f 13163 13160 13197
f 13160 13177 13197
f 13162 13149 13198
f 13177 13162 13198
f 13149 13190 13198
f 13154 13145 13199
f 13145 13188 13199
f 13164 13148 13200
f 13148 13173 13200
f 13138 13196 13174
f 13135 13187 13196
f 13141 13159 13183
f 13173 13174 13201
f 13105 13152 13202
f 13182 13172 13203
f 13202 13152 13204
f 13191 13158 13205
f 13188 13186 13206
f 13190 13167 13207
f 13167 13156 13207
f 13187 13168 13208
f 13185 13191 13209
f 13168 13163 13208
f 13196 13187 13210
f 13172 13142 13203
f 13137 13153 13211
f 13158 13165 13205
f 13184 13155 13212
f 13178 13166 13213
f 13166 13179 13213
f 13175 13137 13211
f 13174 13196 13214
f 13201 13174 13214
f 13196 13210 13214
f 13159 13105 13202
f 13186 13132 13195
f 13169 13164 13215
f 13179 13169 13215
f 13164 13200 13215
f 13156 13184 13207
f 13191 13205 13216
f 13211 13153 13185
f 13205 13165 13178
f 13205 13178 13216
f 13211 13185 13209
f 13199 13188 13217
f 13188 13206 13217
f 13182 13203 13218
f 13142 13180 13203
f 13195 13147 13219
f 13147 13181 13219
f 13154 13199 13171
f 13177 13198 13220
f 13179 13215 13221
f 13216 13178 13213
f 13161 13193 13194
f 13207 13184 13222
f 13189 13182 13223
f 13182 13218 13223
f 13190 13207 13224
f 13207 13222 13224
f 13177 13220 13197
f 13208 13163 13197
f 13210 13187 13225
f 13187 13208 13225
f 13192 13189 13226
f 13189 13223 13226
f 13192 13226 13193
f 13180 13170 13227
f 13212 13155 13171
f 13181 13194 13228
f 13194 13193 13228
f 13213 13179 13221
f 13175 13211 13229
f 13211 13209 13229
f 13209 13191 13230
f 13191 13216 13230
f 13176 13175 13229
f 13198 13190 13231
f 13220 13198 13231
f 13190 13224 13231
f 13184 13212 13222
f 13200 13173 13232
f 13173 13201 13232
f 13152 13176 13204
f 13219 13181 13233
f 13181 13228 13233
f 13170 13234 13227
f 13218 13203 13235
f 13186 13195 13236
f 13203 13180 13235
f 13236 13195 13219
f 13216 13213 13237
f 13171 13199 13238
f 13212 13171 13238
f 13199 13217 13238
f 13222 13212 13239
f 13212 13238 13239
f 13224 13222 13240
f 13159 13202 13183
f 13204 13176 13241
f 13228 13193 13242
f 13233 13228 13242
f 13193 13226 13242
f 13213 13221 13237
f 13229 13209 13243
f 13209 13230 13243
f 13176 13229 13241
f 13180 13227 13235
f 13197 13220 13244
f 13206 13186 13236
f 13208 13197 13244
f 13215 13200 13245
f 13221 13215 13245
f 13200 13232 13245
f 13236 13219 13246
f 13219 13233 13246
f 13227 13204 13247
f 13204 13241 13247
f 13206 13236 13248
f 13217 13206 13248
f 13236 13246 13248
f 13208 13244 13225
f 13221 13245 13249
f 13201 13214 13250
f 13229 13243 13241
f 13220 13231 13251
f 13242 13226 13252
f 13223 13218 13253
f 13240 13222 13239
f 13235 13227 13247
f 13226 13223 13254
f 13252 13226 13254
f 13223 13253 13254
f 13218 13235 13255
f 13253 13218 13255
f 13235 13247 13255
f 13230 13216 13256
f 13216 13237 13256
f 13231 13224 13257
f 13251 13231 13257
f 13224 13240 13257
f 13244 13220 13251
f 13214 13210 13258
f 13250 13214 13258
f 13210 13225 13258
f 13232 13201 13250
f 13249 13245 13259
f 13245 13232 13259
f 13238 13217 13260
f 13241 13243 13261
f 13246 13233 13262
f 13170 13183 13234
f 13242 13252 13263
f 13244 13251 13264
f 13240 13239 13265
f 13225 13244 13264
f 13237 13221 13266
f 13183 13202 13234
f 13221 13249 13266
f 13239 13238 13260
f 13243 13230 13267
f 13230 13256 13267
f 13232 13250 13259
f 13247 13241 13261
f 13266 13249 13268
f 13237 13266 13269
f 13256 13237 13269
f 13266 13268 13269
f 13260 13217 13270
f 13217 13248 13270
f 13249 13259 13268
f 13246 13262 13271
f 13253 13255 13272
f 13239 13260 13265
f 13261 13243 13267
f 13254 13253 13273
f 13253 13272 13273
f 13259 13250 13274
f 13233 13242 13263
f 13264 13251 13275
f 13257 13240 13276
f 13240 13265 13276
f 13263 13252 13277
f 13258 13225 11032
f 13225 13264 11032
f 13255 13247 13278
f 13272 13255 13278
f 13247 13261 13278
f 13262 13233 13263
f 13246 13271 13248
f 13252 13254 13279
f 13277 13252 13279
f 13254 13273 13279
f 13275 13251 13257
f 13271 13262 13280
f 13202 13204 13234
f 13259 13274 13268
f 13264 13275 11032
f 13265 13260 13281
f 13268 13274 13282
f 13274 13250 11031
f 13248 13271 13270
f 13261 13267 13283
f 13267 13256 11246
f 13283 13267 11246
f 13256 13269 11246
f 13275 13257 13276
f 13262 13263 13280
f 13250 13258 11031
f 13260 13270 13281
f 13282 13274 13284
f 13275 13276 13285
f 13263 13277 13280
f 13272 13278 13286
f 13276 13265 11234
f 13285 13276 11234
f 13265 13281 11234
f 13273 13272 13287
f 13272 13286 13287
f 13274 11031 13284
f 13270 13271 13288
f 13271 13280 13288
f 13278 13261 13283
f 13269 13268 11244
f 13268 13282 11244
f 13280 13277 13289
f 13289 13277 13287
f 13281 13270 13288
f 13275 13285 11030
f 13289 13287 13290
f 13282 13284 13291
f 13286 13278 13283
f 13284 11031 11030
f 11245 13290 13286
f 11030 13285 13292
f 13286 13283 11245
f 13284 11030 13291
f 13275 11030 11032
f 11245 13283 11246
f 13289 13290 11226
f 13204 13227 13234
f 13273 13287 13279
f 13280 13289 11437
f 11437 13289 11226
f 13287 13286 13290
f 13288 13280 11437
f 11031 13258 11032
f 11246 13269 11244
f 13291 11030 13292
f 13281 13288 11437
f 11234 13281 11437
f 11226 13290 11227
f 13282 13291 11405
f 13285 11234 11228
f 13287 13277 13279
f 13292 13285 11228
f 13290 11245 11405
f 11244 13282 11405
f 11405 13291 11227
f 13291 13292 11227
f 13292 11228 11227
f 13290 11405 11227
