/*--------------------------------*- C++ -*----------------------------------*\
| =========                 |                                                 |
| \      /  F ield         | OpenFOAM: The Open Source CFD Toolbox           |
|  \    /   O peration     | Version:  5                                     |
|   \  /    A nd           | Web:      www.OpenFOAM.org                      |
|    \/     M anipulation  |                                                 |
\*---------------------------------------------------------------------------*/
FoamFile
{
	version     2.0;
	format      ascii;
	class       dictionary;
	object      blockMeshDict;
}

// * * * * * * * * * * * * * * * * * * * * * * * * * * * * * * * * * * * * * //

convertToMeters 1.0;

// * * * * * * * * * * * * * * * * * * * * * * * * * * * * * * * * * * * * * //


// * * * * * * * * * * * * * * * * * * * * * * * * * * * * * * * * * * * * * //
vertices
(

//section 0

//center
(0.0 0.0 -0.1738562236960206) // 0

//polygon
(1.0 0.0 -0.17374035846205516) // 1

//circles
(0.8660254037844387 0.49999999999999994 -0.17374035846205516) // 2

//circles
(0.5000000000000001 0.8660254037844386 -0.17374035846205516) // 3

//circles
(6.123233995736766e-17 1.0 -0.17374035846205516) // 4

//circles
(-0.4999999999999998 0.8660254037844387 -0.17374035846205516) // 5

//circles
(-0.8660254037844385 0.5000000000000003 -0.17374035846205516) // 6

//circles
(-1.0 1.2246467991473532e-16 -0.17374035846205516) // 7

//circles
(-0.8660254037844388 -0.4999999999999997 -0.17374035846205516) // 8

//circles
(-0.5000000000000004 -0.8660254037844384 -0.17374035846205516) // 9

//circles
(-1.8369701987210297e-16 -1.0 -0.17374035846205516) // 10

//circles
(0.49999999999999933 -0.866025403784439 -0.17374035846205516) // 11

//circles
(0.8660254037844384 -0.5000000000000004 -0.17374035846205516) // 12

//circles
(5.494378779180096 0.0 -0.1703584596652945) // 13
(4.758271600784094 2.7471893895900474 -0.1703584596652945) // 14
(2.7471893895900483 4.758271600784093 -0.1703584596652945) // 15
(3.364336692613023e-16 5.494378779180096 -0.1703584596652945) // 16
(-2.7471893895900465 4.758271600784094 -0.1703584596652945) // 17
(-4.758271600784092 2.7471893895900497 -0.1703584596652945) // 18
(-5.494378779180096 6.728673385226046e-16 -0.1703584596652945) // 19
(-4.758271600784094 -2.7471893895900465 -0.1703584596652945) // 20
(-2.74718938959005 -4.758271600784092 -0.1703584596652945) // 21
(-1.009301007783907e-15 -5.494378779180096 -0.1703584596652945) // 22
(2.7471893895900443 -4.758271600784096 -0.1703584596652945) // 23
(4.758271600784092 -2.74718938959005 -0.1703584596652945) // 24
(10.494378779180096 0.0 -0.16109573662197363) // 25
(9.088398619706288 5.247189389590047 -0.16109573662197363) // 26
(5.247189389590049 9.088398619706286 -0.16109573662197363) // 27
(6.425953690481406e-16 10.494378779180096 -0.16109573662197363) // 28
(-5.247189389590045 9.088398619706288 -0.16109573662197363) // 29
(-9.088398619706284 5.247189389590051 -0.16109573662197363) // 30
(-10.494378779180096 1.2851907380962812e-15 -0.16109573662197363) // 31
(-9.088398619706288 -5.247189389590045 -0.16109573662197363) // 32
(-5.247189389590052 -9.088398619706284 -0.16109573662197363) // 33
(-1.9277861071444218e-15 -10.494378779180096 -0.16109573662197363) // 34
(5.247189389590041 -9.088398619706291 -0.16109573662197363) // 35
(9.088398619706284 -5.247189389590052 -0.16109573662197363) // 36
(15.494378779180096 0.0 -0.14603969859490462) // 37
(13.41852563862848 7.747189389590047 -0.14603969859490462) // 38
(7.74718938959005 13.418525638628479 -0.14603969859490462) // 39
(9.487570688349789e-16 15.494378779180096 -0.14603969859490462) // 40
(-7.747189389590044 13.41852563862848 -0.14603969859490462) // 41
(-13.418525638628477 7.747189389590053 -0.14603969859490462) // 42
(-15.494378779180096 1.8975141376699577e-15 -0.14603969859490462) // 43
(-13.418525638628482 -7.747189389590043 -0.14603969859490462) // 44
(-7.747189389590055 -13.418525638628475 -0.14603969859490462) // 45
(-2.8462712065049366e-15 -15.494378779180096 -0.14603969859490462) // 46
(7.747189389590037 -13.418525638628486 -0.14603969859490462) // 47
(13.418525638628475 -7.747189389590055 -0.14603969859490462) // 48
(26.63096352671579 0.0 -0.09168286589738273) // 49
(23.0630909413927 13.315481763357893 -0.09168286589738273) // 50
(13.315481763357898 23.063090941392698 -0.09168286589738273) // 51
(1.63067621206012e-15 26.63096352671579 -0.09168286589738273) // 52
(-13.315481763357889 23.0630909413927 -0.09168286589738273) // 53
(-23.063090941392694 13.315481763357903 -0.09168286589738273) // 54
(-26.63096352671579 3.26135242412024e-15 -0.09168286589738273) // 55
(-23.063090941392705 -13.315481763357887 -0.09168286589738273) // 56
(-13.315481763357907 -23.06309094139269 -0.09168286589738273) // 57
(-4.892028636180359e-15 -26.63096352671579 -0.09168286589738273) // 58
(13.315481763357877 -23.06309094139271 -0.09168286589738273) // 59
(23.06309094139269 -13.315481763357907 -0.09168286589738273) // 60
(37.76754827425148 0.0 -0.008584315431107825) // 61
(32.70765624415692 18.883774137125737 -0.008584315431107825) // 62
(18.883774137125744 32.707656244156915 -0.008584315431107825) // 63
(2.312595355285261e-15 37.76754827425148 -0.008584315431107825) // 64
(-18.883774137125734 32.70765624415692 -0.008584315431107825) // 65
(-32.707656244156915 18.883774137125755 -0.008584315431107825) // 66
(-37.76754827425148 4.625190710570522e-15 -0.008584315431107825) // 67
(-32.70765624415692 -18.88377413712573 -0.008584315431107825) // 68
(-18.88377413712576 -32.70765624415691 -0.008584315431107825) // 69
(-6.9377860658557825e-15 -37.76754827425148 -0.008584315431107825) // 70
(18.883774137125716 -32.70765624415694 -0.008584315431107825) // 71
(32.70765624415691 -18.88377413712576 -0.008584315431107825) // 72
(38.73594694795024 0.0 0.0) // 73
(33.5463140965712 19.367973473975116 0.0) // 74
(19.367973473975123 33.5463140965712 0.0) // 75
(2.3718926720874473e-15 38.73594694795024 0.0) // 76
(-19.367973473975113 33.5463140965712 0.0) // 77
(-33.546314096571194 19.367973473975134 0.0) // 78
(-38.73594694795024 4.743785344174895e-15 0.0) // 79
(-33.54631409657121 -19.36797347397511 0.0) // 80
(-19.367973473975137 -33.54631409657119 0.0) // 81
(-7.115678016262342e-15 -38.73594694795024 0.0) // 82
(19.367973473975095 -33.546314096571216 0.0) // 83
(33.54631409657119 -19.367973473975137 0.0) // 84

//section 1

//center
(0.0 0.0 26.335207073606636) // 85

//polygon
( 1.0 0.0 26.335207073606636 ) // 86
( 0.8660254037844387 0.49999999999999994 26.335207073606636 ) // 87
( 0.5000000000000001 0.8660254037844386 26.335207073606636 ) // 88
( 6.123233995736766e-17 1.0 26.335207073606636 ) // 89
( -0.4999999999999998 0.8660254037844387 26.335207073606636 ) // 90
( -0.8660254037844385 0.5000000000000003 26.335207073606636 ) // 91
( -1.0 1.2246467991473532e-16 26.335207073606636 ) // 92
( -0.8660254037844388 -0.4999999999999997 26.335207073606636 ) // 93
( -0.5000000000000004 -0.8660254037844384 26.335207073606636 ) // 94
( -1.8369701987210297e-16 -1.0 26.335207073606636 ) // 95
( 0.49999999999999933 -0.866025403784439 26.335207073606636 ) // 96
( 0.8660254037844384 -0.5000000000000004 26.335207073606636 ) // 97

//circles

//circle 0
( 5.494378779180096 0.0 26.335207073606636 ) //98
( 4.758271600784094 2.7471893895900474 26.335207073606636 ) //99
( 2.7471893895900483 4.758271600784093 26.335207073606636 ) //100
( 3.364336692613023e-16 5.494378779180096 26.335207073606636 ) //101
( -2.7471893895900465 4.758271600784094 26.335207073606636 ) //102
( -4.758271600784092 2.7471893895900497 26.335207073606636 ) //103
( -5.494378779180096 6.728673385226046e-16 26.335207073606636 ) //104
( -4.758271600784094 -2.7471893895900465 26.335207073606636 ) //105
( -2.74718938959005 -4.758271600784092 26.335207073606636 ) //106
( -1.009301007783907e-15 -5.494378779180096 26.335207073606636 ) //107
( 2.7471893895900443 -4.758271600784096 26.335207073606636 ) //108
( 4.758271600784092 -2.74718938959005 26.335207073606636 ) //109

//circle 1
( 10.494378779180096 0.0 26.335207073606636 ) //110
( 9.088398619706288 5.247189389590047 26.335207073606636 ) //111
( 5.247189389590049 9.088398619706286 26.335207073606636 ) //112
( 6.425953690481406e-16 10.494378779180096 26.335207073606636 ) //113
( -5.247189389590045 9.088398619706288 26.335207073606636 ) //114
( -9.088398619706284 5.247189389590051 26.335207073606636 ) //115
( -10.494378779180096 1.2851907380962812e-15 26.335207073606636 ) //116
( -9.088398619706288 -5.247189389590045 26.335207073606636 ) //117
( -5.247189389590052 -9.088398619706284 26.335207073606636 ) //118
( -1.9277861071444218e-15 -10.494378779180096 26.335207073606636 ) //119
( 5.247189389590041 -9.088398619706291 26.335207073606636 ) //120
( 9.088398619706284 -5.247189389590052 26.335207073606636 ) //121

//circle 2
( 15.494378779180096 0.0 26.335207073606636 ) //122
( 13.41852563862848 7.747189389590047 26.335207073606636 ) //123
( 7.74718938959005 13.418525638628479 26.335207073606636 ) //124
( 9.487570688349789e-16 15.494378779180096 26.335207073606636 ) //125
( -7.747189389590044 13.41852563862848 26.335207073606636 ) //126
( -13.418525638628477 7.747189389590053 26.335207073606636 ) //127
( -15.494378779180096 1.8975141376699577e-15 26.335207073606636 ) //128
( -13.418525638628482 -7.747189389590043 26.335207073606636 ) //129
( -7.747189389590055 -13.418525638628475 26.335207073606636 ) //130
( -2.8462712065049366e-15 -15.494378779180096 26.335207073606636 ) //131
( 7.747189389590037 -13.418525638628486 26.335207073606636 ) //132
( 13.418525638628475 -7.747189389590055 26.335207073606636 ) //133

//circle 3
( 26.63096352671579 0.0 26.335207073606636 ) //134
( 23.0630909413927 13.315481763357893 26.335207073606636 ) //135
( 13.315481763357898 23.063090941392698 26.335207073606636 ) //136
( 1.63067621206012e-15 26.63096352671579 26.335207073606636 ) //137
( -13.315481763357889 23.0630909413927 26.335207073606636 ) //138
( -23.063090941392694 13.315481763357903 26.335207073606636 ) //139
( -26.63096352671579 3.26135242412024e-15 26.335207073606636 ) //140
( -23.063090941392705 -13.315481763357887 26.335207073606636 ) //141
( -13.315481763357907 -23.06309094139269 26.335207073606636 ) //142
( -4.892028636180359e-15 -26.63096352671579 26.335207073606636 ) //143
( 13.315481763357877 -23.06309094139271 26.335207073606636 ) //144
( 23.06309094139269 -13.315481763357907 26.335207073606636 ) //145

//circle 4
( 37.76754827425148 0.0 26.335207073606636 ) //146
( 32.70765624415692 18.883774137125737 26.335207073606636 ) //147
( 18.883774137125744 32.707656244156915 26.335207073606636 ) //148
( 2.312595355285261e-15 37.76754827425148 26.335207073606636 ) //149
( -18.883774137125734 32.70765624415692 26.335207073606636 ) //150
( -32.707656244156915 18.883774137125755 26.335207073606636 ) //151
( -37.76754827425148 4.625190710570522e-15 26.335207073606636 ) //152
( -32.70765624415692 -18.88377413712573 26.335207073606636 ) //153
( -18.88377413712576 -32.70765624415691 26.335207073606636 ) //154
( -6.9377860658557825e-15 -37.76754827425148 26.335207073606636 ) //155
( 18.883774137125716 -32.70765624415694 26.335207073606636 ) //156
( 32.70765624415691 -18.88377413712576 26.335207073606636 ) //157

//circle 5
( 38.73594694795024 0.0 26.335207073606636 ) //158
( 33.5463140965712 19.367973473975116 26.335207073606636 ) //159
( 19.367973473975123 33.5463140965712 26.335207073606636 ) //160
( 2.3718926720874473e-15 38.73594694795024 26.335207073606636 ) //161
( -19.367973473975113 33.5463140965712 26.335207073606636 ) //162
( -33.546314096571194 19.367973473975134 26.335207073606636 ) //163
( -38.73594694795024 4.743785344174895e-15 26.335207073606636 ) //164
( -33.54631409657121 -19.36797347397511 26.335207073606636 ) //165
( -19.367973473975137 -33.54631409657119 26.335207073606636 ) //166
( -7.115678016262342e-15 -38.73594694795024 26.335207073606636 ) //167
( 19.367973473975095 -33.546314096571216 26.335207073606636 ) //168
( 33.54631409657119 -19.367973473975137 26.335207073606636 ) //169

//section 2

//center
(0.0 0.0 30.983520707360665) // 170

//polygon
( 1.0 0.0 30.983520707360665 ) // 171
( 0.8660254037844387 0.49999999999999994 30.983520707360665 ) // 172
( 0.5000000000000001 0.8660254037844386 30.983520707360665 ) // 173
( 6.123233995736766e-17 1.0 30.983520707360665 ) // 174
( -0.4999999999999998 0.8660254037844387 30.983520707360665 ) // 175
( -0.8660254037844385 0.5000000000000003 30.983520707360665 ) // 176
( -1.0 1.2246467991473532e-16 30.983520707360665 ) // 177
( -0.8660254037844388 -0.4999999999999997 30.983520707360665 ) // 178
( -0.5000000000000004 -0.8660254037844384 30.983520707360665 ) // 179
( -1.8369701987210297e-16 -1.0 30.983520707360665 ) // 180
( 0.49999999999999933 -0.866025403784439 30.983520707360665 ) // 181
( 0.8660254037844384 -0.5000000000000004 30.983520707360665 ) // 182

//circles

//circle 0
( 5.494378779180096 0.0 30.983520707360665 ) //183
( 4.758271600784094 2.7471893895900474 30.983520707360665 ) //184
( 2.7471893895900483 4.758271600784093 30.983520707360665 ) //185
( 3.364336692613023e-16 5.494378779180096 30.983520707360665 ) //186
( -2.7471893895900465 4.758271600784094 30.983520707360665 ) //187
( -4.758271600784092 2.7471893895900497 30.983520707360665 ) //188
( -5.494378779180096 6.728673385226046e-16 30.983520707360665 ) //189
( -4.758271600784094 -2.7471893895900465 30.983520707360665 ) //190
( -2.74718938959005 -4.758271600784092 30.983520707360665 ) //191
( -1.009301007783907e-15 -5.494378779180096 30.983520707360665 ) //192
( 2.7471893895900443 -4.758271600784096 30.983520707360665 ) //193
( 4.758271600784092 -2.74718938959005 30.983520707360665 ) //194

//circle 1
( 10.494378779180096 0.0 30.983520707360665 ) //195
( 9.088398619706288 5.247189389590047 30.983520707360665 ) //196
( 5.247189389590049 9.088398619706286 30.983520707360665 ) //197
( 6.425953690481406e-16 10.494378779180096 30.983520707360665 ) //198
( -5.247189389590045 9.088398619706288 30.983520707360665 ) //199
( -9.088398619706284 5.247189389590051 30.983520707360665 ) //200
( -10.494378779180096 1.2851907380962812e-15 30.983520707360665 ) //201
( -9.088398619706288 -5.247189389590045 30.983520707360665 ) //202
( -5.247189389590052 -9.088398619706284 30.983520707360665 ) //203
( -1.9277861071444218e-15 -10.494378779180096 30.983520707360665 ) //204
( 5.247189389590041 -9.088398619706291 30.983520707360665 ) //205
( 9.088398619706284 -5.247189389590052 30.983520707360665 ) //206

//circle 2
( 15.494378779180096 0.0 30.983520707360665 ) //207
( 13.41852563862848 7.747189389590047 30.983520707360665 ) //208
( 7.74718938959005 13.418525638628479 30.983520707360665 ) //209
( 9.487570688349789e-16 15.494378779180096 30.983520707360665 ) //210
( -7.747189389590044 13.41852563862848 30.983520707360665 ) //211
( -13.418525638628477 7.747189389590053 30.983520707360665 ) //212
( -15.494378779180096 1.8975141376699577e-15 30.983520707360665 ) //213
( -13.418525638628482 -7.747189389590043 30.983520707360665 ) //214
( -7.747189389590055 -13.418525638628475 30.983520707360665 ) //215
( -2.8462712065049366e-15 -15.494378779180096 30.983520707360665 ) //216
( 7.747189389590037 -13.418525638628486 30.983520707360665 ) //217
( 13.418525638628475 -7.747189389590055 30.983520707360665 ) //218

//circle 3
( 26.63096352671579 0.0 30.983520707360665 ) //219
( 23.0630909413927 13.315481763357893 30.983520707360665 ) //220
( 13.315481763357898 23.063090941392698 30.983520707360665 ) //221
( 1.63067621206012e-15 26.63096352671579 30.983520707360665 ) //222
( -13.315481763357889 23.0630909413927 30.983520707360665 ) //223
( -23.063090941392694 13.315481763357903 30.983520707360665 ) //224
( -26.63096352671579 3.26135242412024e-15 30.983520707360665 ) //225
( -23.063090941392705 -13.315481763357887 30.983520707360665 ) //226
( -13.315481763357907 -23.06309094139269 30.983520707360665 ) //227
( -4.892028636180359e-15 -26.63096352671579 30.983520707360665 ) //228
( 13.315481763357877 -23.06309094139271 30.983520707360665 ) //229
( 23.06309094139269 -13.315481763357907 30.983520707360665 ) //230

//circle 4
( 37.76754827425148 0.0 30.983520707360665 ) //231
( 32.70765624415692 18.883774137125737 30.983520707360665 ) //232
( 18.883774137125744 32.707656244156915 30.983520707360665 ) //233
( 2.312595355285261e-15 37.76754827425148 30.983520707360665 ) //234
( -18.883774137125734 32.70765624415692 30.983520707360665 ) //235
( -32.707656244156915 18.883774137125755 30.983520707360665 ) //236
( -37.76754827425148 4.625190710570522e-15 30.983520707360665 ) //237
( -32.70765624415692 -18.88377413712573 30.983520707360665 ) //238
( -18.88377413712576 -32.70765624415691 30.983520707360665 ) //239
( -6.9377860658557825e-15 -37.76754827425148 30.983520707360665 ) //240
( 18.883774137125716 -32.70765624415694 30.983520707360665 ) //241
( 32.70765624415691 -18.88377413712576 30.983520707360665 ) //242

//circle 5
( 38.73594694795024 0.0 30.983520707360665 ) //243
( 33.5463140965712 19.367973473975116 30.983520707360665 ) //244
( 19.367973473975123 33.5463140965712 30.983520707360665 ) //245
( 2.3718926720874473e-15 38.73594694795024 30.983520707360665 ) //246
( -19.367973473975113 33.5463140965712 30.983520707360665 ) //247
( -33.546314096571194 19.367973473975134 30.983520707360665 ) //248
( -38.73594694795024 4.743785344174895e-15 30.983520707360665 ) //249
( -33.54631409657121 -19.36797347397511 30.983520707360665 ) //250
( -19.367973473975137 -33.54631409657119 30.983520707360665 ) //251
( -7.115678016262342e-15 -38.73594694795024 30.983520707360665 ) //252
( 19.367973473975095 -33.546314096571216 30.983520707360665 ) //253
( 33.54631409657119 -19.367973473975137 30.983520707360665 ) //254

//section 3

//center
(0.0 0.0 32.01647929263934) // 255

//polygon
( 1.0 0.0 32.01647929263934 ) // 256
( 0.8660254037844387 0.49999999999999994 32.01647929263934 ) // 257
( 0.5000000000000001 0.8660254037844386 32.01647929263934 ) // 258
( 6.123233995736766e-17 1.0 32.01647929263934 ) // 259
( -0.4999999999999998 0.8660254037844387 32.01647929263934 ) // 260
( -0.8660254037844385 0.5000000000000003 32.01647929263934 ) // 261
( -1.0 1.2246467991473532e-16 32.01647929263934 ) // 262
( -0.8660254037844388 -0.4999999999999997 32.01647929263934 ) // 263
( -0.5000000000000004 -0.8660254037844384 32.01647929263934 ) // 264
( -1.8369701987210297e-16 -1.0 32.01647929263934 ) // 265
( 0.49999999999999933 -0.866025403784439 32.01647929263934 ) // 266
( 0.8660254037844384 -0.5000000000000004 32.01647929263934 ) // 267

//circles

//circle 0
( 5.494378779180096 0.0 32.01647929263934 ) //268
( 4.758271600784094 2.7471893895900474 32.01647929263934 ) //269
( 2.7471893895900483 4.758271600784093 32.01647929263934 ) //270
( 3.364336692613023e-16 5.494378779180096 32.01647929263934 ) //271
( -2.7471893895900465 4.758271600784094 32.01647929263934 ) //272
( -4.758271600784092 2.7471893895900497 32.01647929263934 ) //273
( -5.494378779180096 6.728673385226046e-16 32.01647929263934 ) //274
( -4.758271600784094 -2.7471893895900465 32.01647929263934 ) //275
( -2.74718938959005 -4.758271600784092 32.01647929263934 ) //276
( -1.009301007783907e-15 -5.494378779180096 32.01647929263934 ) //277
( 2.7471893895900443 -4.758271600784096 32.01647929263934 ) //278
( 4.758271600784092 -2.74718938959005 32.01647929263934 ) //279

//circle 1
( 10.494378779180096 0.0 32.01647929263934 ) //280
( 9.088398619706288 5.247189389590047 32.01647929263934 ) //281
( 5.247189389590049 9.088398619706286 32.01647929263934 ) //282
( 6.425953690481406e-16 10.494378779180096 32.01647929263934 ) //283
( -5.247189389590045 9.088398619706288 32.01647929263934 ) //284
( -9.088398619706284 5.247189389590051 32.01647929263934 ) //285
( -10.494378779180096 1.2851907380962812e-15 32.01647929263934 ) //286
( -9.088398619706288 -5.247189389590045 32.01647929263934 ) //287
( -5.247189389590052 -9.088398619706284 32.01647929263934 ) //288
( -1.9277861071444218e-15 -10.494378779180096 32.01647929263934 ) //289
( 5.247189389590041 -9.088398619706291 32.01647929263934 ) //290
( 9.088398619706284 -5.247189389590052 32.01647929263934 ) //291

//circle 2
( 15.494378779180096 0.0 32.01647929263934 ) //292
( 13.41852563862848 7.747189389590047 32.01647929263934 ) //293
( 7.74718938959005 13.418525638628479 32.01647929263934 ) //294
( 9.487570688349789e-16 15.494378779180096 32.01647929263934 ) //295
( -7.747189389590044 13.41852563862848 32.01647929263934 ) //296
( -13.418525638628477 7.747189389590053 32.01647929263934 ) //297
( -15.494378779180096 1.8975141376699577e-15 32.01647929263934 ) //298
( -13.418525638628482 -7.747189389590043 32.01647929263934 ) //299
( -7.747189389590055 -13.418525638628475 32.01647929263934 ) //300
( -2.8462712065049366e-15 -15.494378779180096 32.01647929263934 ) //301
( 7.747189389590037 -13.418525638628486 32.01647929263934 ) //302
( 13.418525638628475 -7.747189389590055 32.01647929263934 ) //303

//circle 3
( 26.63096352671579 0.0 32.01647929263934 ) //304
( 23.0630909413927 13.315481763357893 32.01647929263934 ) //305
( 13.315481763357898 23.063090941392698 32.01647929263934 ) //306
( 1.63067621206012e-15 26.63096352671579 32.01647929263934 ) //307
( -13.315481763357889 23.0630909413927 32.01647929263934 ) //308
( -23.063090941392694 13.315481763357903 32.01647929263934 ) //309
( -26.63096352671579 3.26135242412024e-15 32.01647929263934 ) //310
( -23.063090941392705 -13.315481763357887 32.01647929263934 ) //311
( -13.315481763357907 -23.06309094139269 32.01647929263934 ) //312
( -4.892028636180359e-15 -26.63096352671579 32.01647929263934 ) //313
( 13.315481763357877 -23.06309094139271 32.01647929263934 ) //314
( 23.06309094139269 -13.315481763357907 32.01647929263934 ) //315

//circle 4
( 37.76754827425148 0.0 32.01647929263934 ) //316
( 32.70765624415692 18.883774137125737 32.01647929263934 ) //317
( 18.883774137125744 32.707656244156915 32.01647929263934 ) //318
( 2.312595355285261e-15 37.76754827425148 32.01647929263934 ) //319
( -18.883774137125734 32.70765624415692 32.01647929263934 ) //320
( -32.707656244156915 18.883774137125755 32.01647929263934 ) //321
( -37.76754827425148 4.625190710570522e-15 32.01647929263934 ) //322
( -32.70765624415692 -18.88377413712573 32.01647929263934 ) //323
( -18.88377413712576 -32.70765624415691 32.01647929263934 ) //324
( -6.9377860658557825e-15 -37.76754827425148 32.01647929263934 ) //325
( 18.883774137125716 -32.70765624415694 32.01647929263934 ) //326
( 32.70765624415691 -18.88377413712576 32.01647929263934 ) //327

//circle 5
( 38.73594694795024 0.0 32.01647929263934 ) //328
( 33.5463140965712 19.367973473975116 32.01647929263934 ) //329
( 19.367973473975123 33.5463140965712 32.01647929263934 ) //330
( 2.3718926720874473e-15 38.73594694795024 32.01647929263934 ) //331
( -19.367973473975113 33.5463140965712 32.01647929263934 ) //332
( -33.546314096571194 19.367973473975134 32.01647929263934 ) //333
( -38.73594694795024 4.743785344174895e-15 32.01647929263934 ) //334
( -33.54631409657121 -19.36797347397511 32.01647929263934 ) //335
( -19.367973473975137 -33.54631409657119 32.01647929263934 ) //336
( -7.115678016262342e-15 -38.73594694795024 32.01647929263934 ) //337
( 19.367973473975095 -33.546314096571216 32.01647929263934 ) //338
( 33.54631409657119 -19.367973473975137 32.01647929263934 ) //339

//section 4

//center
(0.0 0.0 36.66479292639337) // 340

//polygon
( 1.0 0.0 36.66479292639337 ) // 341
( 0.8660254037844387 0.49999999999999994 36.66479292639337 ) // 342
( 0.5000000000000001 0.8660254037844386 36.66479292639337 ) // 343
( 6.123233995736766e-17 1.0 36.66479292639337 ) // 344
( -0.4999999999999998 0.8660254037844387 36.66479292639337 ) // 345
( -0.8660254037844385 0.5000000000000003 36.66479292639337 ) // 346
( -1.0 1.2246467991473532e-16 36.66479292639337 ) // 347
( -0.8660254037844388 -0.4999999999999997 36.66479292639337 ) // 348
( -0.5000000000000004 -0.8660254037844384 36.66479292639337 ) // 349
( -1.8369701987210297e-16 -1.0 36.66479292639337 ) // 350
( 0.49999999999999933 -0.866025403784439 36.66479292639337 ) // 351
( 0.8660254037844384 -0.5000000000000004 36.66479292639337 ) // 352

//circles

//circle 0
( 5.494378779180096 0.0 36.66479292639337 ) //353
( 4.758271600784094 2.7471893895900474 36.66479292639337 ) //354
( 2.7471893895900483 4.758271600784093 36.66479292639337 ) //355
( 3.364336692613023e-16 5.494378779180096 36.66479292639337 ) //356
( -2.7471893895900465 4.758271600784094 36.66479292639337 ) //357
( -4.758271600784092 2.7471893895900497 36.66479292639337 ) //358
( -5.494378779180096 6.728673385226046e-16 36.66479292639337 ) //359
( -4.758271600784094 -2.7471893895900465 36.66479292639337 ) //360
( -2.74718938959005 -4.758271600784092 36.66479292639337 ) //361
( -1.009301007783907e-15 -5.494378779180096 36.66479292639337 ) //362
( 2.7471893895900443 -4.758271600784096 36.66479292639337 ) //363
( 4.758271600784092 -2.74718938959005 36.66479292639337 ) //364

//circle 1
( 10.494378779180096 0.0 36.66479292639337 ) //365
( 9.088398619706288 5.247189389590047 36.66479292639337 ) //366
( 5.247189389590049 9.088398619706286 36.66479292639337 ) //367
( 6.425953690481406e-16 10.494378779180096 36.66479292639337 ) //368
( -5.247189389590045 9.088398619706288 36.66479292639337 ) //369
( -9.088398619706284 5.247189389590051 36.66479292639337 ) //370
( -10.494378779180096 1.2851907380962812e-15 36.66479292639337 ) //371
( -9.088398619706288 -5.247189389590045 36.66479292639337 ) //372
( -5.247189389590052 -9.088398619706284 36.66479292639337 ) //373
( -1.9277861071444218e-15 -10.494378779180096 36.66479292639337 ) //374
( 5.247189389590041 -9.088398619706291 36.66479292639337 ) //375
( 9.088398619706284 -5.247189389590052 36.66479292639337 ) //376

//circle 2
( 15.494378779180096 0.0 36.66479292639337 ) //377
( 13.41852563862848 7.747189389590047 36.66479292639337 ) //378
( 7.74718938959005 13.418525638628479 36.66479292639337 ) //379
( 9.487570688349789e-16 15.494378779180096 36.66479292639337 ) //380
( -7.747189389590044 13.41852563862848 36.66479292639337 ) //381
( -13.418525638628477 7.747189389590053 36.66479292639337 ) //382
( -15.494378779180096 1.8975141376699577e-15 36.66479292639337 ) //383
( -13.418525638628482 -7.747189389590043 36.66479292639337 ) //384
( -7.747189389590055 -13.418525638628475 36.66479292639337 ) //385
( -2.8462712065049366e-15 -15.494378779180096 36.66479292639337 ) //386
( 7.747189389590037 -13.418525638628486 36.66479292639337 ) //387
( 13.418525638628475 -7.747189389590055 36.66479292639337 ) //388

//circle 3
( 26.63096352671579 0.0 36.66479292639337 ) //389
( 23.0630909413927 13.315481763357893 36.66479292639337 ) //390
( 13.315481763357898 23.063090941392698 36.66479292639337 ) //391
( 1.63067621206012e-15 26.63096352671579 36.66479292639337 ) //392
( -13.315481763357889 23.0630909413927 36.66479292639337 ) //393
( -23.063090941392694 13.315481763357903 36.66479292639337 ) //394
( -26.63096352671579 3.26135242412024e-15 36.66479292639337 ) //395
( -23.063090941392705 -13.315481763357887 36.66479292639337 ) //396
( -13.315481763357907 -23.06309094139269 36.66479292639337 ) //397
( -4.892028636180359e-15 -26.63096352671579 36.66479292639337 ) //398
( 13.315481763357877 -23.06309094139271 36.66479292639337 ) //399
( 23.06309094139269 -13.315481763357907 36.66479292639337 ) //400

//circle 4
( 37.76754827425148 0.0 36.66479292639337 ) //401
( 32.70765624415692 18.883774137125737 36.66479292639337 ) //402
( 18.883774137125744 32.707656244156915 36.66479292639337 ) //403
( 2.312595355285261e-15 37.76754827425148 36.66479292639337 ) //404
( -18.883774137125734 32.70765624415692 36.66479292639337 ) //405
( -32.707656244156915 18.883774137125755 36.66479292639337 ) //406
( -37.76754827425148 4.625190710570522e-15 36.66479292639337 ) //407
( -32.70765624415692 -18.88377413712573 36.66479292639337 ) //408
( -18.88377413712576 -32.70765624415691 36.66479292639337 ) //409
( -6.9377860658557825e-15 -37.76754827425148 36.66479292639337 ) //410
( 18.883774137125716 -32.70765624415694 36.66479292639337 ) //411
( 32.70765624415691 -18.88377413712576 36.66479292639337 ) //412

//circle 5
( 38.73594694795024 0.0 36.66479292639337 ) //413
( 33.5463140965712 19.367973473975116 36.66479292639337 ) //414
( 19.367973473975123 33.5463140965712 36.66479292639337 ) //415
( 2.3718926720874473e-15 38.73594694795024 36.66479292639337 ) //416
( -19.367973473975113 33.5463140965712 36.66479292639337 ) //417
( -33.546314096571194 19.367973473975134 36.66479292639337 ) //418
( -38.73594694795024 4.743785344174895e-15 36.66479292639337 ) //419
( -33.54631409657121 -19.36797347397511 36.66479292639337 ) //420
( -19.367973473975137 -33.54631409657119 36.66479292639337 ) //421
( -7.115678016262342e-15 -38.73594694795024 36.66479292639337 ) //422
( 19.367973473975095 -33.546314096571216 36.66479292639337 ) //423
( 33.54631409657119 -19.367973473975137 36.66479292639337 ) //424

//section 5

//center
(0.0 0.0 48.33520707360663) // 425

//polygon
( 1.0 0.0 48.33520707360663 ) // 426
( 0.8660254037844387 0.49999999999999994 48.33520707360663 ) // 427
( 0.5000000000000001 0.8660254037844386 48.33520707360663 ) // 428
( 6.123233995736766e-17 1.0 48.33520707360663 ) // 429
( -0.4999999999999998 0.8660254037844387 48.33520707360663 ) // 430
( -0.8660254037844385 0.5000000000000003 48.33520707360663 ) // 431
( -1.0 1.2246467991473532e-16 48.33520707360663 ) // 432
( -0.8660254037844388 -0.4999999999999997 48.33520707360663 ) // 433
( -0.5000000000000004 -0.8660254037844384 48.33520707360663 ) // 434
( -1.8369701987210297e-16 -1.0 48.33520707360663 ) // 435
( 0.49999999999999933 -0.866025403784439 48.33520707360663 ) // 436
( 0.8660254037844384 -0.5000000000000004 48.33520707360663 ) // 437

//circles

//circle 0
( 5.494378779180096 0.0 48.33520707360663 ) //438
( 4.758271600784094 2.7471893895900474 48.33520707360663 ) //439
( 2.7471893895900483 4.758271600784093 48.33520707360663 ) //440
( 3.364336692613023e-16 5.494378779180096 48.33520707360663 ) //441
( -2.7471893895900465 4.758271600784094 48.33520707360663 ) //442
( -4.758271600784092 2.7471893895900497 48.33520707360663 ) //443
( -5.494378779180096 6.728673385226046e-16 48.33520707360663 ) //444
( -4.758271600784094 -2.7471893895900465 48.33520707360663 ) //445
( -2.74718938959005 -4.758271600784092 48.33520707360663 ) //446
( -1.009301007783907e-15 -5.494378779180096 48.33520707360663 ) //447
( 2.7471893895900443 -4.758271600784096 48.33520707360663 ) //448
( 4.758271600784092 -2.74718938959005 48.33520707360663 ) //449

//circle 1
( 10.494378779180096 0.0 48.33520707360663 ) //450
( 9.088398619706288 5.247189389590047 48.33520707360663 ) //451
( 5.247189389590049 9.088398619706286 48.33520707360663 ) //452
( 6.425953690481406e-16 10.494378779180096 48.33520707360663 ) //453
( -5.247189389590045 9.088398619706288 48.33520707360663 ) //454
( -9.088398619706284 5.247189389590051 48.33520707360663 ) //455
( -10.494378779180096 1.2851907380962812e-15 48.33520707360663 ) //456
( -9.088398619706288 -5.247189389590045 48.33520707360663 ) //457
( -5.247189389590052 -9.088398619706284 48.33520707360663 ) //458
( -1.9277861071444218e-15 -10.494378779180096 48.33520707360663 ) //459
( 5.247189389590041 -9.088398619706291 48.33520707360663 ) //460
( 9.088398619706284 -5.247189389590052 48.33520707360663 ) //461

//circle 2
( 15.494378779180096 0.0 48.33520707360663 ) //462
( 13.41852563862848 7.747189389590047 48.33520707360663 ) //463
( 7.74718938959005 13.418525638628479 48.33520707360663 ) //464
( 9.487570688349789e-16 15.494378779180096 48.33520707360663 ) //465
( -7.747189389590044 13.41852563862848 48.33520707360663 ) //466
( -13.418525638628477 7.747189389590053 48.33520707360663 ) //467
( -15.494378779180096 1.8975141376699577e-15 48.33520707360663 ) //468
( -13.418525638628482 -7.747189389590043 48.33520707360663 ) //469
( -7.747189389590055 -13.418525638628475 48.33520707360663 ) //470
( -2.8462712065049366e-15 -15.494378779180096 48.33520707360663 ) //471
( 7.747189389590037 -13.418525638628486 48.33520707360663 ) //472
( 13.418525638628475 -7.747189389590055 48.33520707360663 ) //473

//circle 3
( 26.63096352671579 0.0 48.33520707360663 ) //474
( 23.0630909413927 13.315481763357893 48.33520707360663 ) //475
( 13.315481763357898 23.063090941392698 48.33520707360663 ) //476
( 1.63067621206012e-15 26.63096352671579 48.33520707360663 ) //477
( -13.315481763357889 23.0630909413927 48.33520707360663 ) //478
( -23.063090941392694 13.315481763357903 48.33520707360663 ) //479
( -26.63096352671579 3.26135242412024e-15 48.33520707360663 ) //480
( -23.063090941392705 -13.315481763357887 48.33520707360663 ) //481
( -13.315481763357907 -23.06309094139269 48.33520707360663 ) //482
( -4.892028636180359e-15 -26.63096352671579 48.33520707360663 ) //483
( 13.315481763357877 -23.06309094139271 48.33520707360663 ) //484
( 23.06309094139269 -13.315481763357907 48.33520707360663 ) //485

//circle 4
( 37.76754827425148 0.0 48.33520707360663 ) //486
( 32.70765624415692 18.883774137125737 48.33520707360663 ) //487
( 18.883774137125744 32.707656244156915 48.33520707360663 ) //488
( 2.312595355285261e-15 37.76754827425148 48.33520707360663 ) //489
( -18.883774137125734 32.70765624415692 48.33520707360663 ) //490
( -32.707656244156915 18.883774137125755 48.33520707360663 ) //491
( -37.76754827425148 4.625190710570522e-15 48.33520707360663 ) //492
( -32.70765624415692 -18.88377413712573 48.33520707360663 ) //493
( -18.88377413712576 -32.70765624415691 48.33520707360663 ) //494
( -6.9377860658557825e-15 -37.76754827425148 48.33520707360663 ) //495
( 18.883774137125716 -32.70765624415694 48.33520707360663 ) //496
( 32.70765624415691 -18.88377413712576 48.33520707360663 ) //497

//circle 5
( 38.73594694795024 0.0 48.33520707360663 ) //498
( 33.5463140965712 19.367973473975116 48.33520707360663 ) //499
( 19.367973473975123 33.5463140965712 48.33520707360663 ) //500
( 2.3718926720874473e-15 38.73594694795024 48.33520707360663 ) //501
( -19.367973473975113 33.5463140965712 48.33520707360663 ) //502
( -33.546314096571194 19.367973473975134 48.33520707360663 ) //503
( -38.73594694795024 4.743785344174895e-15 48.33520707360663 ) //504
( -33.54631409657121 -19.36797347397511 48.33520707360663 ) //505
( -19.367973473975137 -33.54631409657119 48.33520707360663 ) //506
( -7.115678016262342e-15 -38.73594694795024 48.33520707360663 ) //507
( 19.367973473975095 -33.546314096571216 48.33520707360663 ) //508
( 33.54631409657119 -19.367973473975137 48.33520707360663 ) //509

//section 6

//center
(0.0 0.0 52.98352070736066) // 510

//polygon
( 1.0 0.0 52.98352070736066 ) // 511
( 0.8660254037844387 0.49999999999999994 52.98352070736066 ) // 512
( 0.5000000000000001 0.8660254037844386 52.98352070736066 ) // 513
( 6.123233995736766e-17 1.0 52.98352070736066 ) // 514
( -0.4999999999999998 0.8660254037844387 52.98352070736066 ) // 515
( -0.8660254037844385 0.5000000000000003 52.98352070736066 ) // 516
( -1.0 1.2246467991473532e-16 52.98352070736066 ) // 517
( -0.8660254037844388 -0.4999999999999997 52.98352070736066 ) // 518
( -0.5000000000000004 -0.8660254037844384 52.98352070736066 ) // 519
( -1.8369701987210297e-16 -1.0 52.98352070736066 ) // 520
( 0.49999999999999933 -0.866025403784439 52.98352070736066 ) // 521
( 0.8660254037844384 -0.5000000000000004 52.98352070736066 ) // 522

//circles

//circle 0
( 5.494378779180096 0.0 52.98352070736066 ) //523
( 4.758271600784094 2.7471893895900474 52.98352070736066 ) //524
( 2.7471893895900483 4.758271600784093 52.98352070736066 ) //525
( 3.364336692613023e-16 5.494378779180096 52.98352070736066 ) //526
( -2.7471893895900465 4.758271600784094 52.98352070736066 ) //527
( -4.758271600784092 2.7471893895900497 52.98352070736066 ) //528
( -5.494378779180096 6.728673385226046e-16 52.98352070736066 ) //529
( -4.758271600784094 -2.7471893895900465 52.98352070736066 ) //530
( -2.74718938959005 -4.758271600784092 52.98352070736066 ) //531
( -1.009301007783907e-15 -5.494378779180096 52.98352070736066 ) //532
( 2.7471893895900443 -4.758271600784096 52.98352070736066 ) //533
( 4.758271600784092 -2.74718938959005 52.98352070736066 ) //534

//circle 1
( 10.494378779180096 0.0 52.98352070736066 ) //535
( 9.088398619706288 5.247189389590047 52.98352070736066 ) //536
( 5.247189389590049 9.088398619706286 52.98352070736066 ) //537
( 6.425953690481406e-16 10.494378779180096 52.98352070736066 ) //538
( -5.247189389590045 9.088398619706288 52.98352070736066 ) //539
( -9.088398619706284 5.247189389590051 52.98352070736066 ) //540
( -10.494378779180096 1.2851907380962812e-15 52.98352070736066 ) //541
( -9.088398619706288 -5.247189389590045 52.98352070736066 ) //542
( -5.247189389590052 -9.088398619706284 52.98352070736066 ) //543
( -1.9277861071444218e-15 -10.494378779180096 52.98352070736066 ) //544
( 5.247189389590041 -9.088398619706291 52.98352070736066 ) //545
( 9.088398619706284 -5.247189389590052 52.98352070736066 ) //546

//circle 2
( 15.494378779180096 0.0 52.98352070736066 ) //547
( 13.41852563862848 7.747189389590047 52.98352070736066 ) //548
( 7.74718938959005 13.418525638628479 52.98352070736066 ) //549
( 9.487570688349789e-16 15.494378779180096 52.98352070736066 ) //550
( -7.747189389590044 13.41852563862848 52.98352070736066 ) //551
( -13.418525638628477 7.747189389590053 52.98352070736066 ) //552
( -15.494378779180096 1.8975141376699577e-15 52.98352070736066 ) //553
( -13.418525638628482 -7.747189389590043 52.98352070736066 ) //554
( -7.747189389590055 -13.418525638628475 52.98352070736066 ) //555
( -2.8462712065049366e-15 -15.494378779180096 52.98352070736066 ) //556
( 7.747189389590037 -13.418525638628486 52.98352070736066 ) //557
( 13.418525638628475 -7.747189389590055 52.98352070736066 ) //558

//circle 3
( 26.63096352671579 0.0 52.98352070736066 ) //559
( 23.0630909413927 13.315481763357893 52.98352070736066 ) //560
( 13.315481763357898 23.063090941392698 52.98352070736066 ) //561
( 1.63067621206012e-15 26.63096352671579 52.98352070736066 ) //562
( -13.315481763357889 23.0630909413927 52.98352070736066 ) //563
( -23.063090941392694 13.315481763357903 52.98352070736066 ) //564
( -26.63096352671579 3.26135242412024e-15 52.98352070736066 ) //565
( -23.063090941392705 -13.315481763357887 52.98352070736066 ) //566
( -13.315481763357907 -23.06309094139269 52.98352070736066 ) //567
( -4.892028636180359e-15 -26.63096352671579 52.98352070736066 ) //568
( 13.315481763357877 -23.06309094139271 52.98352070736066 ) //569
( 23.06309094139269 -13.315481763357907 52.98352070736066 ) //570

//circle 4
( 37.76754827425148 0.0 52.98352070736066 ) //571
( 32.70765624415692 18.883774137125737 52.98352070736066 ) //572
( 18.883774137125744 32.707656244156915 52.98352070736066 ) //573
( 2.312595355285261e-15 37.76754827425148 52.98352070736066 ) //574
( -18.883774137125734 32.70765624415692 52.98352070736066 ) //575
( -32.707656244156915 18.883774137125755 52.98352070736066 ) //576
( -37.76754827425148 4.625190710570522e-15 52.98352070736066 ) //577
( -32.70765624415692 -18.88377413712573 52.98352070736066 ) //578
( -18.88377413712576 -32.70765624415691 52.98352070736066 ) //579
( -6.9377860658557825e-15 -37.76754827425148 52.98352070736066 ) //580
( 18.883774137125716 -32.70765624415694 52.98352070736066 ) //581
( 32.70765624415691 -18.88377413712576 52.98352070736066 ) //582

//circle 5
( 38.73594694795024 0.0 52.98352070736066 ) //583
( 33.5463140965712 19.367973473975116 52.98352070736066 ) //584
( 19.367973473975123 33.5463140965712 52.98352070736066 ) //585
( 2.3718926720874473e-15 38.73594694795024 52.98352070736066 ) //586
( -19.367973473975113 33.5463140965712 52.98352070736066 ) //587
( -33.546314096571194 19.367973473975134 52.98352070736066 ) //588
( -38.73594694795024 4.743785344174895e-15 52.98352070736066 ) //589
( -33.54631409657121 -19.36797347397511 52.98352070736066 ) //590
( -19.367973473975137 -33.54631409657119 52.98352070736066 ) //591
( -7.115678016262342e-15 -38.73594694795024 52.98352070736066 ) //592
( 19.367973473975095 -33.546314096571216 52.98352070736066 ) //593
( 33.54631409657119 -19.367973473975137 52.98352070736066 ) //594

//section 7

//center
(0.0 0.0 54.01647929263934) // 595

//polygon
( 1.0 0.0 54.01647929263934 ) // 596
( 0.8660254037844387 0.49999999999999994 54.01647929263934 ) // 597
( 0.5000000000000001 0.8660254037844386 54.01647929263934 ) // 598
( 6.123233995736766e-17 1.0 54.01647929263934 ) // 599
( -0.4999999999999998 0.8660254037844387 54.01647929263934 ) // 600
( -0.8660254037844385 0.5000000000000003 54.01647929263934 ) // 601
( -1.0 1.2246467991473532e-16 54.01647929263934 ) // 602
( -0.8660254037844388 -0.4999999999999997 54.01647929263934 ) // 603
( -0.5000000000000004 -0.8660254037844384 54.01647929263934 ) // 604
( -1.8369701987210297e-16 -1.0 54.01647929263934 ) // 605
( 0.49999999999999933 -0.866025403784439 54.01647929263934 ) // 606
( 0.8660254037844384 -0.5000000000000004 54.01647929263934 ) // 607

//circles

//circle 0
( 5.494378779180096 0.0 54.01647929263934 ) //608
( 4.758271600784094 2.7471893895900474 54.01647929263934 ) //609
( 2.7471893895900483 4.758271600784093 54.01647929263934 ) //610
( 3.364336692613023e-16 5.494378779180096 54.01647929263934 ) //611
( -2.7471893895900465 4.758271600784094 54.01647929263934 ) //612
( -4.758271600784092 2.7471893895900497 54.01647929263934 ) //613
( -5.494378779180096 6.728673385226046e-16 54.01647929263934 ) //614
( -4.758271600784094 -2.7471893895900465 54.01647929263934 ) //615
( -2.74718938959005 -4.758271600784092 54.01647929263934 ) //616
( -1.009301007783907e-15 -5.494378779180096 54.01647929263934 ) //617
( 2.7471893895900443 -4.758271600784096 54.01647929263934 ) //618
( 4.758271600784092 -2.74718938959005 54.01647929263934 ) //619

//circle 1
( 10.494378779180096 0.0 54.01647929263934 ) //620
( 9.088398619706288 5.247189389590047 54.01647929263934 ) //621
( 5.247189389590049 9.088398619706286 54.01647929263934 ) //622
( 6.425953690481406e-16 10.494378779180096 54.01647929263934 ) //623
( -5.247189389590045 9.088398619706288 54.01647929263934 ) //624
( -9.088398619706284 5.247189389590051 54.01647929263934 ) //625
( -10.494378779180096 1.2851907380962812e-15 54.01647929263934 ) //626
( -9.088398619706288 -5.247189389590045 54.01647929263934 ) //627
( -5.247189389590052 -9.088398619706284 54.01647929263934 ) //628
( -1.9277861071444218e-15 -10.494378779180096 54.01647929263934 ) //629
( 5.247189389590041 -9.088398619706291 54.01647929263934 ) //630
( 9.088398619706284 -5.247189389590052 54.01647929263934 ) //631

//circle 2
( 15.494378779180096 0.0 54.01647929263934 ) //632
( 13.41852563862848 7.747189389590047 54.01647929263934 ) //633
( 7.74718938959005 13.418525638628479 54.01647929263934 ) //634
( 9.487570688349789e-16 15.494378779180096 54.01647929263934 ) //635
( -7.747189389590044 13.41852563862848 54.01647929263934 ) //636
( -13.418525638628477 7.747189389590053 54.01647929263934 ) //637
( -15.494378779180096 1.8975141376699577e-15 54.01647929263934 ) //638
( -13.418525638628482 -7.747189389590043 54.01647929263934 ) //639
( -7.747189389590055 -13.418525638628475 54.01647929263934 ) //640
( -2.8462712065049366e-15 -15.494378779180096 54.01647929263934 ) //641
( 7.747189389590037 -13.418525638628486 54.01647929263934 ) //642
( 13.418525638628475 -7.747189389590055 54.01647929263934 ) //643

//circle 3
( 26.63096352671579 0.0 54.01647929263934 ) //644
( 23.0630909413927 13.315481763357893 54.01647929263934 ) //645
( 13.315481763357898 23.063090941392698 54.01647929263934 ) //646
( 1.63067621206012e-15 26.63096352671579 54.01647929263934 ) //647
( -13.315481763357889 23.0630909413927 54.01647929263934 ) //648
( -23.063090941392694 13.315481763357903 54.01647929263934 ) //649
( -26.63096352671579 3.26135242412024e-15 54.01647929263934 ) //650
( -23.063090941392705 -13.315481763357887 54.01647929263934 ) //651
( -13.315481763357907 -23.06309094139269 54.01647929263934 ) //652
( -4.892028636180359e-15 -26.63096352671579 54.01647929263934 ) //653
( 13.315481763357877 -23.06309094139271 54.01647929263934 ) //654
( 23.06309094139269 -13.315481763357907 54.01647929263934 ) //655

//circle 4
( 37.76754827425148 0.0 54.01647929263934 ) //656
( 32.70765624415692 18.883774137125737 54.01647929263934 ) //657
( 18.883774137125744 32.707656244156915 54.01647929263934 ) //658
( 2.312595355285261e-15 37.76754827425148 54.01647929263934 ) //659
( -18.883774137125734 32.70765624415692 54.01647929263934 ) //660
( -32.707656244156915 18.883774137125755 54.01647929263934 ) //661
( -37.76754827425148 4.625190710570522e-15 54.01647929263934 ) //662
( -32.70765624415692 -18.88377413712573 54.01647929263934 ) //663
( -18.88377413712576 -32.70765624415691 54.01647929263934 ) //664
( -6.9377860658557825e-15 -37.76754827425148 54.01647929263934 ) //665
( 18.883774137125716 -32.70765624415694 54.01647929263934 ) //666
( 32.70765624415691 -18.88377413712576 54.01647929263934 ) //667

//circle 5
( 38.73594694795024 0.0 54.01647929263934 ) //668
( 33.5463140965712 19.367973473975116 54.01647929263934 ) //669
( 19.367973473975123 33.5463140965712 54.01647929263934 ) //670
( 2.3718926720874473e-15 38.73594694795024 54.01647929263934 ) //671
( -19.367973473975113 33.5463140965712 54.01647929263934 ) //672
( -33.546314096571194 19.367973473975134 54.01647929263934 ) //673
( -38.73594694795024 4.743785344174895e-15 54.01647929263934 ) //674
( -33.54631409657121 -19.36797347397511 54.01647929263934 ) //675
( -19.367973473975137 -33.54631409657119 54.01647929263934 ) //676
( -7.115678016262342e-15 -38.73594694795024 54.01647929263934 ) //677
( 19.367973473975095 -33.546314096571216 54.01647929263934 ) //678
( 33.54631409657119 -19.367973473975137 54.01647929263934 ) //679

//section 8

//center
(0.0 0.0 58.66479292639337) // 680

//polygon
( 1.0 0.0 58.66479292639337 ) // 681
( 0.8660254037844387 0.49999999999999994 58.66479292639337 ) // 682
( 0.5000000000000001 0.8660254037844386 58.66479292639337 ) // 683
( 6.123233995736766e-17 1.0 58.66479292639337 ) // 684
( -0.4999999999999998 0.8660254037844387 58.66479292639337 ) // 685
( -0.8660254037844385 0.5000000000000003 58.66479292639337 ) // 686
( -1.0 1.2246467991473532e-16 58.66479292639337 ) // 687
( -0.8660254037844388 -0.4999999999999997 58.66479292639337 ) // 688
( -0.5000000000000004 -0.8660254037844384 58.66479292639337 ) // 689
( -1.8369701987210297e-16 -1.0 58.66479292639337 ) // 690
( 0.49999999999999933 -0.866025403784439 58.66479292639337 ) // 691
( 0.8660254037844384 -0.5000000000000004 58.66479292639337 ) // 692

//circles

//circle 0
( 5.494378779180096 0.0 58.66479292639337 ) //693
( 4.758271600784094 2.7471893895900474 58.66479292639337 ) //694
( 2.7471893895900483 4.758271600784093 58.66479292639337 ) //695
( 3.364336692613023e-16 5.494378779180096 58.66479292639337 ) //696
( -2.7471893895900465 4.758271600784094 58.66479292639337 ) //697
( -4.758271600784092 2.7471893895900497 58.66479292639337 ) //698
( -5.494378779180096 6.728673385226046e-16 58.66479292639337 ) //699
( -4.758271600784094 -2.7471893895900465 58.66479292639337 ) //700
( -2.74718938959005 -4.758271600784092 58.66479292639337 ) //701
( -1.009301007783907e-15 -5.494378779180096 58.66479292639337 ) //702
( 2.7471893895900443 -4.758271600784096 58.66479292639337 ) //703
( 4.758271600784092 -2.74718938959005 58.66479292639337 ) //704

//circle 1
( 10.494378779180096 0.0 58.66479292639337 ) //705
( 9.088398619706288 5.247189389590047 58.66479292639337 ) //706
( 5.247189389590049 9.088398619706286 58.66479292639337 ) //707
( 6.425953690481406e-16 10.494378779180096 58.66479292639337 ) //708
( -5.247189389590045 9.088398619706288 58.66479292639337 ) //709
( -9.088398619706284 5.247189389590051 58.66479292639337 ) //710
( -10.494378779180096 1.2851907380962812e-15 58.66479292639337 ) //711
( -9.088398619706288 -5.247189389590045 58.66479292639337 ) //712
( -5.247189389590052 -9.088398619706284 58.66479292639337 ) //713
( -1.9277861071444218e-15 -10.494378779180096 58.66479292639337 ) //714
( 5.247189389590041 -9.088398619706291 58.66479292639337 ) //715
( 9.088398619706284 -5.247189389590052 58.66479292639337 ) //716

//circle 2
( 15.494378779180096 0.0 58.66479292639337 ) //717
( 13.41852563862848 7.747189389590047 58.66479292639337 ) //718
( 7.74718938959005 13.418525638628479 58.66479292639337 ) //719
( 9.487570688349789e-16 15.494378779180096 58.66479292639337 ) //720
( -7.747189389590044 13.41852563862848 58.66479292639337 ) //721
( -13.418525638628477 7.747189389590053 58.66479292639337 ) //722
( -15.494378779180096 1.8975141376699577e-15 58.66479292639337 ) //723
( -13.418525638628482 -7.747189389590043 58.66479292639337 ) //724
( -7.747189389590055 -13.418525638628475 58.66479292639337 ) //725
( -2.8462712065049366e-15 -15.494378779180096 58.66479292639337 ) //726
( 7.747189389590037 -13.418525638628486 58.66479292639337 ) //727
( 13.418525638628475 -7.747189389590055 58.66479292639337 ) //728

//circle 3
( 26.63096352671579 0.0 58.66479292639337 ) //729
( 23.0630909413927 13.315481763357893 58.66479292639337 ) //730
( 13.315481763357898 23.063090941392698 58.66479292639337 ) //731
( 1.63067621206012e-15 26.63096352671579 58.66479292639337 ) //732
( -13.315481763357889 23.0630909413927 58.66479292639337 ) //733
( -23.063090941392694 13.315481763357903 58.66479292639337 ) //734
( -26.63096352671579 3.26135242412024e-15 58.66479292639337 ) //735
( -23.063090941392705 -13.315481763357887 58.66479292639337 ) //736
( -13.315481763357907 -23.06309094139269 58.66479292639337 ) //737
( -4.892028636180359e-15 -26.63096352671579 58.66479292639337 ) //738
( 13.315481763357877 -23.06309094139271 58.66479292639337 ) //739
( 23.06309094139269 -13.315481763357907 58.66479292639337 ) //740

//circle 4
( 37.76754827425148 0.0 58.66479292639337 ) //741
( 32.70765624415692 18.883774137125737 58.66479292639337 ) //742
( 18.883774137125744 32.707656244156915 58.66479292639337 ) //743
( 2.312595355285261e-15 37.76754827425148 58.66479292639337 ) //744
( -18.883774137125734 32.70765624415692 58.66479292639337 ) //745
( -32.707656244156915 18.883774137125755 58.66479292639337 ) //746
( -37.76754827425148 4.625190710570522e-15 58.66479292639337 ) //747
( -32.70765624415692 -18.88377413712573 58.66479292639337 ) //748
( -18.88377413712576 -32.70765624415691 58.66479292639337 ) //749
( -6.9377860658557825e-15 -37.76754827425148 58.66479292639337 ) //750
( 18.883774137125716 -32.70765624415694 58.66479292639337 ) //751
( 32.70765624415691 -18.88377413712576 58.66479292639337 ) //752

//circle 5
( 38.73594694795024 0.0 58.66479292639337 ) //753
( 33.5463140965712 19.367973473975116 58.66479292639337 ) //754
( 19.367973473975123 33.5463140965712 58.66479292639337 ) //755
( 2.3718926720874473e-15 38.73594694795024 58.66479292639337 ) //756
( -19.367973473975113 33.5463140965712 58.66479292639337 ) //757
( -33.546314096571194 19.367973473975134 58.66479292639337 ) //758
( -38.73594694795024 4.743785344174895e-15 58.66479292639337 ) //759
( -33.54631409657121 -19.36797347397511 58.66479292639337 ) //760
( -19.367973473975137 -33.54631409657119 58.66479292639337 ) //761
( -7.115678016262342e-15 -38.73594694795024 58.66479292639337 ) //762
( 19.367973473975095 -33.546314096571216 58.66479292639337 ) //763
( 33.54631409657119 -19.367973473975137 58.66479292639337 ) //764

//section 9

//center
(0.0 0.0 129.4555347000497) // 765

//polygon
( 1.0 0.0 129.4555347000497 ) // 766
( 0.8660254037844387 0.49999999999999994 129.4555347000497 ) // 767
( 0.5000000000000001 0.8660254037844386 129.4555347000497 ) // 768
( 6.123233995736766e-17 1.0 129.4555347000497 ) // 769
( -0.4999999999999998 0.8660254037844387 129.4555347000497 ) // 770
( -0.8660254037844385 0.5000000000000003 129.4555347000497 ) // 771
( -1.0 1.2246467991473532e-16 129.4555347000497 ) // 772
( -0.8660254037844388 -0.4999999999999997 129.4555347000497 ) // 773
( -0.5000000000000004 -0.8660254037844384 129.4555347000497 ) // 774
( -1.8369701987210297e-16 -1.0 129.4555347000497 ) // 775
( 0.49999999999999933 -0.866025403784439 129.4555347000497 ) // 776
( 0.8660254037844384 -0.5000000000000004 129.4555347000497 ) // 777

//circles

//circle 0
( 5.494378779180096 0.0 129.4555347000497 ) //778
( 4.758271600784094 2.7471893895900474 129.4555347000497 ) //779
( 2.7471893895900483 4.758271600784093 129.4555347000497 ) //780
( 3.364336692613023e-16 5.494378779180096 129.4555347000497 ) //781
( -2.7471893895900465 4.758271600784094 129.4555347000497 ) //782
( -4.758271600784092 2.7471893895900497 129.4555347000497 ) //783
( -5.494378779180096 6.728673385226046e-16 129.4555347000497 ) //784
( -4.758271600784094 -2.7471893895900465 129.4555347000497 ) //785
( -2.74718938959005 -4.758271600784092 129.4555347000497 ) //786
( -1.009301007783907e-15 -5.494378779180096 129.4555347000497 ) //787
( 2.7471893895900443 -4.758271600784096 129.4555347000497 ) //788
( 4.758271600784092 -2.74718938959005 129.4555347000497 ) //789

//circle 1
( 10.494378779180096 0.0 129.4555347000497 ) //790
( 9.088398619706288 5.247189389590047 129.4555347000497 ) //791
( 5.247189389590049 9.088398619706286 129.4555347000497 ) //792
( 6.425953690481406e-16 10.494378779180096 129.4555347000497 ) //793
( -5.247189389590045 9.088398619706288 129.4555347000497 ) //794
( -9.088398619706284 5.247189389590051 129.4555347000497 ) //795
( -10.494378779180096 1.2851907380962812e-15 129.4555347000497 ) //796
( -9.088398619706288 -5.247189389590045 129.4555347000497 ) //797
( -5.247189389590052 -9.088398619706284 129.4555347000497 ) //798
( -1.9277861071444218e-15 -10.494378779180096 129.4555347000497 ) //799
( 5.247189389590041 -9.088398619706291 129.4555347000497 ) //800
( 9.088398619706284 -5.247189389590052 129.4555347000497 ) //801

//circle 2
( 15.494378779180096 0.0 129.4555347000497 ) //802
( 13.41852563862848 7.747189389590047 129.4555347000497 ) //803
( 7.74718938959005 13.418525638628479 129.4555347000497 ) //804
( 9.487570688349789e-16 15.494378779180096 129.4555347000497 ) //805
( -7.747189389590044 13.41852563862848 129.4555347000497 ) //806
( -13.418525638628477 7.747189389590053 129.4555347000497 ) //807
( -15.494378779180096 1.8975141376699577e-15 129.4555347000497 ) //808
( -13.418525638628482 -7.747189389590043 129.4555347000497 ) //809
( -7.747189389590055 -13.418525638628475 129.4555347000497 ) //810
( -2.8462712065049366e-15 -15.494378779180096 129.4555347000497 ) //811
( 7.747189389590037 -13.418525638628486 129.4555347000497 ) //812
( 13.418525638628475 -7.747189389590055 129.4555347000497 ) //813

//circle 3
( 26.63096352671579 0.0 129.4555347000497 ) //814
( 23.0630909413927 13.315481763357893 129.4555347000497 ) //815
( 13.315481763357898 23.063090941392698 129.4555347000497 ) //816
( 1.63067621206012e-15 26.63096352671579 129.4555347000497 ) //817
( -13.315481763357889 23.0630909413927 129.4555347000497 ) //818
( -23.063090941392694 13.315481763357903 129.4555347000497 ) //819
( -26.63096352671579 3.26135242412024e-15 129.4555347000497 ) //820
( -23.063090941392705 -13.315481763357887 129.4555347000497 ) //821
( -13.315481763357907 -23.06309094139269 129.4555347000497 ) //822
( -4.892028636180359e-15 -26.63096352671579 129.4555347000497 ) //823
( 13.315481763357877 -23.06309094139271 129.4555347000497 ) //824
( 23.06309094139269 -13.315481763357907 129.4555347000497 ) //825

//circle 4
( 37.76754827425148 0.0 129.4555347000497 ) //826
( 32.70765624415692 18.883774137125737 129.4555347000497 ) //827
( 18.883774137125744 32.707656244156915 129.4555347000497 ) //828
( 2.312595355285261e-15 37.76754827425148 129.4555347000497 ) //829
( -18.883774137125734 32.70765624415692 129.4555347000497 ) //830
( -32.707656244156915 18.883774137125755 129.4555347000497 ) //831
( -37.76754827425148 4.625190710570522e-15 129.4555347000497 ) //832
( -32.70765624415692 -18.88377413712573 129.4555347000497 ) //833
( -18.88377413712576 -32.70765624415691 129.4555347000497 ) //834
( -6.9377860658557825e-15 -37.76754827425148 129.4555347000497 ) //835
( 18.883774137125716 -32.70765624415694 129.4555347000497 ) //836
( 32.70765624415691 -18.88377413712576 129.4555347000497 ) //837

//circle 5
( 38.73594694795024 0.0 129.4555347000497 ) //838
( 33.5463140965712 19.367973473975116 129.4555347000497 ) //839
( 19.367973473975123 33.5463140965712 129.4555347000497 ) //840
( 2.3718926720874473e-15 38.73594694795024 129.4555347000497 ) //841
( -19.367973473975113 33.5463140965712 129.4555347000497 ) //842
( -33.546314096571194 19.367973473975134 129.4555347000497 ) //843
( -38.73594694795024 4.743785344174895e-15 129.4555347000497 ) //844
( -33.54631409657121 -19.36797347397511 129.4555347000497 ) //845
( -19.367973473975137 -33.54631409657119 129.4555347000497 ) //846
( -7.115678016262342e-15 -38.73594694795024 129.4555347000497 ) //847
( 19.367973473975095 -33.546314096571216 129.4555347000497 ) //848
( 33.54631409657119 -19.367973473975137 129.4555347000497 ) //849

//section 0

//center
(0.0 0.0 -0.1738562236960206) // 850

//polygon
(1.0 0.0 -0.17374035846205516) // 851

//circles
(0.8660254037844387 0.49999999999999994 -0.17374035846205516) // 852

//circles
(0.5000000000000001 0.8660254037844386 -0.17374035846205516) // 853

//circles
(6.123233995736766e-17 1.0 -0.17374035846205516) // 854

//circles
(-0.4999999999999998 0.8660254037844387 -0.17374035846205516) // 855

//circles
(-0.8660254037844385 0.5000000000000003 -0.17374035846205516) // 856

//circles
(-1.0 1.2246467991473532e-16 -0.17374035846205516) // 857

//circles
(-0.8660254037844388 -0.4999999999999997 -0.17374035846205516) // 858

//circles
(-0.5000000000000004 -0.8660254037844384 -0.17374035846205516) // 859

//circles
(-1.8369701987210297e-16 -1.0 -0.17374035846205516) // 860

//circles
(0.49999999999999933 -0.866025403784439 -0.17374035846205516) // 861

//circles
(0.8660254037844384 -0.5000000000000004 -0.17374035846205516) // 862

//circles
(5.494378779180096 0.0 -0.1703584596652945) // 863
(4.758271600784094 2.7471893895900474 -0.1703584596652945) // 864
(2.7471893895900483 4.758271600784093 -0.1703584596652945) // 865
(3.364336692613023e-16 5.494378779180096 -0.1703584596652945) // 866
(-2.7471893895900465 4.758271600784094 -0.1703584596652945) // 867
(-4.758271600784092 2.7471893895900497 -0.1703584596652945) // 868
(-5.494378779180096 6.728673385226046e-16 -0.1703584596652945) // 869
(-4.758271600784094 -2.7471893895900465 -0.1703584596652945) // 870
(-2.74718938959005 -4.758271600784092 -0.1703584596652945) // 871
(-1.009301007783907e-15 -5.494378779180096 -0.1703584596652945) // 872
(2.7471893895900443 -4.758271600784096 -0.1703584596652945) // 873
(4.758271600784092 -2.74718938959005 -0.1703584596652945) // 874
(10.494378779180096 0.0 -0.16109573662197363) // 875
(9.088398619706288 5.247189389590047 -0.16109573662197363) // 876
(5.247189389590049 9.088398619706286 -0.16109573662197363) // 877
(6.425953690481406e-16 10.494378779180096 -0.16109573662197363) // 878
(-5.247189389590045 9.088398619706288 -0.16109573662197363) // 879
(-9.088398619706284 5.247189389590051 -0.16109573662197363) // 880
(-10.494378779180096 1.2851907380962812e-15 -0.16109573662197363) // 881
(-9.088398619706288 -5.247189389590045 -0.16109573662197363) // 882
(-5.247189389590052 -9.088398619706284 -0.16109573662197363) // 883
(-1.9277861071444218e-15 -10.494378779180096 -0.16109573662197363) // 884
(5.247189389590041 -9.088398619706291 -0.16109573662197363) // 885
(9.088398619706284 -5.247189389590052 -0.16109573662197363) // 886
(15.494378779180096 0.0 -0.14603969859490462) // 887
(13.41852563862848 7.747189389590047 -0.14603969859490462) // 888
(7.74718938959005 13.418525638628479 -0.14603969859490462) // 889
(9.487570688349789e-16 15.494378779180096 -0.14603969859490462) // 890
(-7.747189389590044 13.41852563862848 -0.14603969859490462) // 891
(-13.418525638628477 7.747189389590053 -0.14603969859490462) // 892
(-15.494378779180096 1.8975141376699577e-15 -0.14603969859490462) // 893
(-13.418525638628482 -7.747189389590043 -0.14603969859490462) // 894
(-7.747189389590055 -13.418525638628475 -0.14603969859490462) // 895
(-2.8462712065049366e-15 -15.494378779180096 -0.14603969859490462) // 896
(7.747189389590037 -13.418525638628486 -0.14603969859490462) // 897
(13.418525638628475 -7.747189389590055 -0.14603969859490462) // 898
(26.63096352671579 0.0 -0.09168286589738273) // 899
(23.0630909413927 13.315481763357893 -0.09168286589738273) // 900
(13.315481763357898 23.063090941392698 -0.09168286589738273) // 901
(1.63067621206012e-15 26.63096352671579 -0.09168286589738273) // 902
(-13.315481763357889 23.0630909413927 -0.09168286589738273) // 903
(-23.063090941392694 13.315481763357903 -0.09168286589738273) // 904
(-26.63096352671579 3.26135242412024e-15 -0.09168286589738273) // 905
(-23.063090941392705 -13.315481763357887 -0.09168286589738273) // 906
(-13.315481763357907 -23.06309094139269 -0.09168286589738273) // 907
(-4.892028636180359e-15 -26.63096352671579 -0.09168286589738273) // 908
(13.315481763357877 -23.06309094139271 -0.09168286589738273) // 909
(23.06309094139269 -13.315481763357907 -0.09168286589738273) // 910
(37.76754827425148 0.0 -0.008584315431107825) // 911
(32.70765624415692 18.883774137125737 -0.008584315431107825) // 912
(18.883774137125744 32.707656244156915 -0.008584315431107825) // 913
(2.312595355285261e-15 37.76754827425148 -0.008584315431107825) // 914
(-18.883774137125734 32.70765624415692 -0.008584315431107825) // 915
(-32.707656244156915 18.883774137125755 -0.008584315431107825) // 916
(-37.76754827425148 4.625190710570522e-15 -0.008584315431107825) // 917
(-32.70765624415692 -18.88377413712573 -0.008584315431107825) // 918
(-18.88377413712576 -32.70765624415691 -0.008584315431107825) // 919
(-6.9377860658557825e-15 -37.76754827425148 -0.008584315431107825) // 920
(18.883774137125716 -32.70765624415694 -0.008584315431107825) // 921
(32.70765624415691 -18.88377413712576 -0.008584315431107825) // 922
(38.73594694795024 0.0 0.0) // 923
(33.5463140965712 19.367973473975116 0.0) // 924
(19.367973473975123 33.5463140965712 0.0) // 925
(2.3718926720874473e-15 38.73594694795024 0.0) // 926
(-19.367973473975113 33.5463140965712 0.0) // 927
(-33.546314096571194 19.367973473975134 0.0) // 928
(-38.73594694795024 4.743785344174895e-15 0.0) // 929
(-33.54631409657121 -19.36797347397511 0.0) // 930
(-19.367973473975137 -33.54631409657119 0.0) // 931
(-7.115678016262342e-15 -38.73594694795024 0.0) // 932
(19.367973473975095 -33.546314096571216 0.0) // 933
(33.54631409657119 -19.367973473975137 0.0) // 934

//section 1

//center
(0.0 0.0 26.335207073606636) // 935

//polygon
( 1.0 0.0 26.335207073606636 ) // 936
( 0.8660254037844387 0.49999999999999994 26.335207073606636 ) // 937
( 0.5000000000000001 0.8660254037844386 26.335207073606636 ) // 938
( 6.123233995736766e-17 1.0 26.335207073606636 ) // 939
( -0.4999999999999998 0.8660254037844387 26.335207073606636 ) // 940
( -0.8660254037844385 0.5000000000000003 26.335207073606636 ) // 941
( -1.0 1.2246467991473532e-16 26.335207073606636 ) // 942
( -0.8660254037844388 -0.4999999999999997 26.335207073606636 ) // 943
( -0.5000000000000004 -0.8660254037844384 26.335207073606636 ) // 944
( -1.8369701987210297e-16 -1.0 26.335207073606636 ) // 945
( 0.49999999999999933 -0.866025403784439 26.335207073606636 ) // 946
( 0.8660254037844384 -0.5000000000000004 26.335207073606636 ) // 947

//circles

//circle 0
( 5.494378779180096 0.0 26.335207073606636 ) //948
( 4.758271600784094 2.7471893895900474 26.335207073606636 ) //949
( 2.7471893895900483 4.758271600784093 26.335207073606636 ) //950
( 3.364336692613023e-16 5.494378779180096 26.335207073606636 ) //951
( -2.7471893895900465 4.758271600784094 26.335207073606636 ) //952
( -4.758271600784092 2.7471893895900497 26.335207073606636 ) //953
( -5.494378779180096 6.728673385226046e-16 26.335207073606636 ) //954
( -4.758271600784094 -2.7471893895900465 26.335207073606636 ) //955
( -2.74718938959005 -4.758271600784092 26.335207073606636 ) //956
( -1.009301007783907e-15 -5.494378779180096 26.335207073606636 ) //957
( 2.7471893895900443 -4.758271600784096 26.335207073606636 ) //958
( 4.758271600784092 -2.74718938959005 26.335207073606636 ) //959

//circle 1
( 10.494378779180096 0.0 26.335207073606636 ) //960
( 9.088398619706288 5.247189389590047 26.335207073606636 ) //961
( 5.247189389590049 9.088398619706286 26.335207073606636 ) //962
( 6.425953690481406e-16 10.494378779180096 26.335207073606636 ) //963
( -5.247189389590045 9.088398619706288 26.335207073606636 ) //964
( -9.088398619706284 5.247189389590051 26.335207073606636 ) //965
( -10.494378779180096 1.2851907380962812e-15 26.335207073606636 ) //966
( -9.088398619706288 -5.247189389590045 26.335207073606636 ) //967
( -5.247189389590052 -9.088398619706284 26.335207073606636 ) //968
( -1.9277861071444218e-15 -10.494378779180096 26.335207073606636 ) //969
( 5.247189389590041 -9.088398619706291 26.335207073606636 ) //970
( 9.088398619706284 -5.247189389590052 26.335207073606636 ) //971

//circle 2
( 15.494378779180096 0.0 26.335207073606636 ) //972
( 13.41852563862848 7.747189389590047 26.335207073606636 ) //973
( 7.74718938959005 13.418525638628479 26.335207073606636 ) //974
( 9.487570688349789e-16 15.494378779180096 26.335207073606636 ) //975
( -7.747189389590044 13.41852563862848 26.335207073606636 ) //976
( -13.418525638628477 7.747189389590053 26.335207073606636 ) //977
( -15.494378779180096 1.8975141376699577e-15 26.335207073606636 ) //978
( -13.418525638628482 -7.747189389590043 26.335207073606636 ) //979
( -7.747189389590055 -13.418525638628475 26.335207073606636 ) //980
( -2.8462712065049366e-15 -15.494378779180096 26.335207073606636 ) //981
( 7.747189389590037 -13.418525638628486 26.335207073606636 ) //982
( 13.418525638628475 -7.747189389590055 26.335207073606636 ) //983

//circle 3
( 26.63096352671579 0.0 26.335207073606636 ) //984
( 23.0630909413927 13.315481763357893 26.335207073606636 ) //985
( 13.315481763357898 23.063090941392698 26.335207073606636 ) //986
( 1.63067621206012e-15 26.63096352671579 26.335207073606636 ) //987
( -13.315481763357889 23.0630909413927 26.335207073606636 ) //988
( -23.063090941392694 13.315481763357903 26.335207073606636 ) //989
( -26.63096352671579 3.26135242412024e-15 26.335207073606636 ) //990
( -23.063090941392705 -13.315481763357887 26.335207073606636 ) //991
( -13.315481763357907 -23.06309094139269 26.335207073606636 ) //992
( -4.892028636180359e-15 -26.63096352671579 26.335207073606636 ) //993
( 13.315481763357877 -23.06309094139271 26.335207073606636 ) //994
( 23.06309094139269 -13.315481763357907 26.335207073606636 ) //995

//circle 4
( 37.76754827425148 0.0 26.335207073606636 ) //996
( 32.70765624415692 18.883774137125737 26.335207073606636 ) //997
( 18.883774137125744 32.707656244156915 26.335207073606636 ) //998
( 2.312595355285261e-15 37.76754827425148 26.335207073606636 ) //999
( -18.883774137125734 32.70765624415692 26.335207073606636 ) //1000
( -32.707656244156915 18.883774137125755 26.335207073606636 ) //1001
( -37.76754827425148 4.625190710570522e-15 26.335207073606636 ) //1002
( -32.70765624415692 -18.88377413712573 26.335207073606636 ) //1003
( -18.88377413712576 -32.70765624415691 26.335207073606636 ) //1004
( -6.9377860658557825e-15 -37.76754827425148 26.335207073606636 ) //1005
( 18.883774137125716 -32.70765624415694 26.335207073606636 ) //1006
( 32.70765624415691 -18.88377413712576 26.335207073606636 ) //1007

//circle 5
( 38.73594694795024 0.0 26.335207073606636 ) //1008
( 33.5463140965712 19.367973473975116 26.335207073606636 ) //1009
( 19.367973473975123 33.5463140965712 26.335207073606636 ) //1010
( 2.3718926720874473e-15 38.73594694795024 26.335207073606636 ) //1011
( -19.367973473975113 33.5463140965712 26.335207073606636 ) //1012
( -33.546314096571194 19.367973473975134 26.335207073606636 ) //1013
( -38.73594694795024 4.743785344174895e-15 26.335207073606636 ) //1014
( -33.54631409657121 -19.36797347397511 26.335207073606636 ) //1015
( -19.367973473975137 -33.54631409657119 26.335207073606636 ) //1016
( -7.115678016262342e-15 -38.73594694795024 26.335207073606636 ) //1017
( 19.367973473975095 -33.546314096571216 26.335207073606636 ) //1018
( 33.54631409657119 -19.367973473975137 26.335207073606636 ) //1019

//section 2

//center
(0.0 0.0 30.983520707360665) // 1020

//polygon
( 1.0 0.0 30.983520707360665 ) // 1021
( 0.8660254037844387 0.49999999999999994 30.983520707360665 ) // 1022
( 0.5000000000000001 0.8660254037844386 30.983520707360665 ) // 1023
( 6.123233995736766e-17 1.0 30.983520707360665 ) // 1024
( -0.4999999999999998 0.8660254037844387 30.983520707360665 ) // 1025
( -0.8660254037844385 0.5000000000000003 30.983520707360665 ) // 1026
( -1.0 1.2246467991473532e-16 30.983520707360665 ) // 1027
( -0.8660254037844388 -0.4999999999999997 30.983520707360665 ) // 1028
( -0.5000000000000004 -0.8660254037844384 30.983520707360665 ) // 1029
( -1.8369701987210297e-16 -1.0 30.983520707360665 ) // 1030
( 0.49999999999999933 -0.866025403784439 30.983520707360665 ) // 1031
( 0.8660254037844384 -0.5000000000000004 30.983520707360665 ) // 1032

//circles

//circle 0
( 5.494378779180096 0.0 30.983520707360665 ) //1033
( 4.758271600784094 2.7471893895900474 30.983520707360665 ) //1034
( 2.7471893895900483 4.758271600784093 30.983520707360665 ) //1035
( 3.364336692613023e-16 5.494378779180096 30.983520707360665 ) //1036
( -2.7471893895900465 4.758271600784094 30.983520707360665 ) //1037
( -4.758271600784092 2.7471893895900497 30.983520707360665 ) //1038
( -5.494378779180096 6.728673385226046e-16 30.983520707360665 ) //1039
( -4.758271600784094 -2.7471893895900465 30.983520707360665 ) //1040
( -2.74718938959005 -4.758271600784092 30.983520707360665 ) //1041
( -1.009301007783907e-15 -5.494378779180096 30.983520707360665 ) //1042
( 2.7471893895900443 -4.758271600784096 30.983520707360665 ) //1043
( 4.758271600784092 -2.74718938959005 30.983520707360665 ) //1044

//circle 1
( 10.494378779180096 0.0 30.983520707360665 ) //1045
( 9.088398619706288 5.247189389590047 30.983520707360665 ) //1046
( 5.247189389590049 9.088398619706286 30.983520707360665 ) //1047
( 6.425953690481406e-16 10.494378779180096 30.983520707360665 ) //1048
( -5.247189389590045 9.088398619706288 30.983520707360665 ) //1049
( -9.088398619706284 5.247189389590051 30.983520707360665 ) //1050
( -10.494378779180096 1.2851907380962812e-15 30.983520707360665 ) //1051
( -9.088398619706288 -5.247189389590045 30.983520707360665 ) //1052
( -5.247189389590052 -9.088398619706284 30.983520707360665 ) //1053
( -1.9277861071444218e-15 -10.494378779180096 30.983520707360665 ) //1054
( 5.247189389590041 -9.088398619706291 30.983520707360665 ) //1055
( 9.088398619706284 -5.247189389590052 30.983520707360665 ) //1056

//circle 2
( 15.494378779180096 0.0 30.983520707360665 ) //1057
( 13.41852563862848 7.747189389590047 30.983520707360665 ) //1058
( 7.74718938959005 13.418525638628479 30.983520707360665 ) //1059
( 9.487570688349789e-16 15.494378779180096 30.983520707360665 ) //1060
( -7.747189389590044 13.41852563862848 30.983520707360665 ) //1061
( -13.418525638628477 7.747189389590053 30.983520707360665 ) //1062
( -15.494378779180096 1.8975141376699577e-15 30.983520707360665 ) //1063
( -13.418525638628482 -7.747189389590043 30.983520707360665 ) //1064
( -7.747189389590055 -13.418525638628475 30.983520707360665 ) //1065
( -2.8462712065049366e-15 -15.494378779180096 30.983520707360665 ) //1066
( 7.747189389590037 -13.418525638628486 30.983520707360665 ) //1067
( 13.418525638628475 -7.747189389590055 30.983520707360665 ) //1068

//circle 3
( 26.63096352671579 0.0 30.983520707360665 ) //1069
( 23.0630909413927 13.315481763357893 30.983520707360665 ) //1070
( 13.315481763357898 23.063090941392698 30.983520707360665 ) //1071
( 1.63067621206012e-15 26.63096352671579 30.983520707360665 ) //1072
( -13.315481763357889 23.0630909413927 30.983520707360665 ) //1073
( -23.063090941392694 13.315481763357903 30.983520707360665 ) //1074
( -26.63096352671579 3.26135242412024e-15 30.983520707360665 ) //1075
( -23.063090941392705 -13.315481763357887 30.983520707360665 ) //1076
( -13.315481763357907 -23.06309094139269 30.983520707360665 ) //1077
( -4.892028636180359e-15 -26.63096352671579 30.983520707360665 ) //1078
( 13.315481763357877 -23.06309094139271 30.983520707360665 ) //1079
( 23.06309094139269 -13.315481763357907 30.983520707360665 ) //1080

//circle 4
( 37.76754827425148 0.0 30.983520707360665 ) //1081
( 32.70765624415692 18.883774137125737 30.983520707360665 ) //1082
( 18.883774137125744 32.707656244156915 30.983520707360665 ) //1083
( 2.312595355285261e-15 37.76754827425148 30.983520707360665 ) //1084
( -18.883774137125734 32.70765624415692 30.983520707360665 ) //1085
( -32.707656244156915 18.883774137125755 30.983520707360665 ) //1086
( -37.76754827425148 4.625190710570522e-15 30.983520707360665 ) //1087
( -32.70765624415692 -18.88377413712573 30.983520707360665 ) //1088
( -18.88377413712576 -32.70765624415691 30.983520707360665 ) //1089
( -6.9377860658557825e-15 -37.76754827425148 30.983520707360665 ) //1090
( 18.883774137125716 -32.70765624415694 30.983520707360665 ) //1091
( 32.70765624415691 -18.88377413712576 30.983520707360665 ) //1092

//circle 5
( 38.73594694795024 0.0 30.983520707360665 ) //1093
( 33.5463140965712 19.367973473975116 30.983520707360665 ) //1094
( 19.367973473975123 33.5463140965712 30.983520707360665 ) //1095
( 2.3718926720874473e-15 38.73594694795024 30.983520707360665 ) //1096
( -19.367973473975113 33.5463140965712 30.983520707360665 ) //1097
( -33.546314096571194 19.367973473975134 30.983520707360665 ) //1098
( -38.73594694795024 4.743785344174895e-15 30.983520707360665 ) //1099
( -33.54631409657121 -19.36797347397511 30.983520707360665 ) //1100
( -19.367973473975137 -33.54631409657119 30.983520707360665 ) //1101
( -7.115678016262342e-15 -38.73594694795024 30.983520707360665 ) //1102
( 19.367973473975095 -33.546314096571216 30.983520707360665 ) //1103
( 33.54631409657119 -19.367973473975137 30.983520707360665 ) //1104

//section 3

//center
(0.0 0.0 32.01647929263934) // 1105

//polygon
( 1.0 0.0 32.01647929263934 ) // 1106
( 0.8660254037844387 0.49999999999999994 32.01647929263934 ) // 1107
( 0.5000000000000001 0.8660254037844386 32.01647929263934 ) // 1108
( 6.123233995736766e-17 1.0 32.01647929263934 ) // 1109
( -0.4999999999999998 0.8660254037844387 32.01647929263934 ) // 1110
( -0.8660254037844385 0.5000000000000003 32.01647929263934 ) // 1111
( -1.0 1.2246467991473532e-16 32.01647929263934 ) // 1112
( -0.8660254037844388 -0.4999999999999997 32.01647929263934 ) // 1113
( -0.5000000000000004 -0.8660254037844384 32.01647929263934 ) // 1114
( -1.8369701987210297e-16 -1.0 32.01647929263934 ) // 1115
( 0.49999999999999933 -0.866025403784439 32.01647929263934 ) // 1116
( 0.8660254037844384 -0.5000000000000004 32.01647929263934 ) // 1117

//circles

//circle 0
( 5.494378779180096 0.0 32.01647929263934 ) //1118
( 4.758271600784094 2.7471893895900474 32.01647929263934 ) //1119
( 2.7471893895900483 4.758271600784093 32.01647929263934 ) //1120
( 3.364336692613023e-16 5.494378779180096 32.01647929263934 ) //1121
( -2.7471893895900465 4.758271600784094 32.01647929263934 ) //1122
( -4.758271600784092 2.7471893895900497 32.01647929263934 ) //1123
( -5.494378779180096 6.728673385226046e-16 32.01647929263934 ) //1124
( -4.758271600784094 -2.7471893895900465 32.01647929263934 ) //1125
( -2.74718938959005 -4.758271600784092 32.01647929263934 ) //1126
( -1.009301007783907e-15 -5.494378779180096 32.01647929263934 ) //1127
( 2.7471893895900443 -4.758271600784096 32.01647929263934 ) //1128
( 4.758271600784092 -2.74718938959005 32.01647929263934 ) //1129

//circle 1
( 10.494378779180096 0.0 32.01647929263934 ) //1130
( 9.088398619706288 5.247189389590047 32.01647929263934 ) //1131
( 5.247189389590049 9.088398619706286 32.01647929263934 ) //1132
( 6.425953690481406e-16 10.494378779180096 32.01647929263934 ) //1133
( -5.247189389590045 9.088398619706288 32.01647929263934 ) //1134
( -9.088398619706284 5.247189389590051 32.01647929263934 ) //1135
( -10.494378779180096 1.2851907380962812e-15 32.01647929263934 ) //1136
( -9.088398619706288 -5.247189389590045 32.01647929263934 ) //1137
( -5.247189389590052 -9.088398619706284 32.01647929263934 ) //1138
( -1.9277861071444218e-15 -10.494378779180096 32.01647929263934 ) //1139
( 5.247189389590041 -9.088398619706291 32.01647929263934 ) //1140
( 9.088398619706284 -5.247189389590052 32.01647929263934 ) //1141

//circle 2
( 15.494378779180096 0.0 32.01647929263934 ) //1142
( 13.41852563862848 7.747189389590047 32.01647929263934 ) //1143
( 7.74718938959005 13.418525638628479 32.01647929263934 ) //1144
( 9.487570688349789e-16 15.494378779180096 32.01647929263934 ) //1145
( -7.747189389590044 13.41852563862848 32.01647929263934 ) //1146
( -13.418525638628477 7.747189389590053 32.01647929263934 ) //1147
( -15.494378779180096 1.8975141376699577e-15 32.01647929263934 ) //1148
( -13.418525638628482 -7.747189389590043 32.01647929263934 ) //1149
( -7.747189389590055 -13.418525638628475 32.01647929263934 ) //1150
( -2.8462712065049366e-15 -15.494378779180096 32.01647929263934 ) //1151
( 7.747189389590037 -13.418525638628486 32.01647929263934 ) //1152
( 13.418525638628475 -7.747189389590055 32.01647929263934 ) //1153

//circle 3
( 26.63096352671579 0.0 32.01647929263934 ) //1154
( 23.0630909413927 13.315481763357893 32.01647929263934 ) //1155
( 13.315481763357898 23.063090941392698 32.01647929263934 ) //1156
( 1.63067621206012e-15 26.63096352671579 32.01647929263934 ) //1157
( -13.315481763357889 23.0630909413927 32.01647929263934 ) //1158
( -23.063090941392694 13.315481763357903 32.01647929263934 ) //1159
( -26.63096352671579 3.26135242412024e-15 32.01647929263934 ) //1160
( -23.063090941392705 -13.315481763357887 32.01647929263934 ) //1161
( -13.315481763357907 -23.06309094139269 32.01647929263934 ) //1162
( -4.892028636180359e-15 -26.63096352671579 32.01647929263934 ) //1163
( 13.315481763357877 -23.06309094139271 32.01647929263934 ) //1164
( 23.06309094139269 -13.315481763357907 32.01647929263934 ) //1165

//circle 4
( 37.76754827425148 0.0 32.01647929263934 ) //1166
( 32.70765624415692 18.883774137125737 32.01647929263934 ) //1167
( 18.883774137125744 32.707656244156915 32.01647929263934 ) //1168
( 2.312595355285261e-15 37.76754827425148 32.01647929263934 ) //1169
( -18.883774137125734 32.70765624415692 32.01647929263934 ) //1170
( -32.707656244156915 18.883774137125755 32.01647929263934 ) //1171
( -37.76754827425148 4.625190710570522e-15 32.01647929263934 ) //1172
( -32.70765624415692 -18.88377413712573 32.01647929263934 ) //1173
( -18.88377413712576 -32.70765624415691 32.01647929263934 ) //1174
( -6.9377860658557825e-15 -37.76754827425148 32.01647929263934 ) //1175
( 18.883774137125716 -32.70765624415694 32.01647929263934 ) //1176
( 32.70765624415691 -18.88377413712576 32.01647929263934 ) //1177

//circle 5
( 38.73594694795024 0.0 32.01647929263934 ) //1178
( 33.5463140965712 19.367973473975116 32.01647929263934 ) //1179
( 19.367973473975123 33.5463140965712 32.01647929263934 ) //1180
( 2.3718926720874473e-15 38.73594694795024 32.01647929263934 ) //1181
( -19.367973473975113 33.5463140965712 32.01647929263934 ) //1182
( -33.546314096571194 19.367973473975134 32.01647929263934 ) //1183
( -38.73594694795024 4.743785344174895e-15 32.01647929263934 ) //1184
( -33.54631409657121 -19.36797347397511 32.01647929263934 ) //1185
( -19.367973473975137 -33.54631409657119 32.01647929263934 ) //1186
( -7.115678016262342e-15 -38.73594694795024 32.01647929263934 ) //1187
( 19.367973473975095 -33.546314096571216 32.01647929263934 ) //1188
( 33.54631409657119 -19.367973473975137 32.01647929263934 ) //1189

//section 4

//center
(0.0 0.0 36.66479292639337) // 1190

//polygon
( 1.0 0.0 36.66479292639337 ) // 1191
( 0.8660254037844387 0.49999999999999994 36.66479292639337 ) // 1192
( 0.5000000000000001 0.8660254037844386 36.66479292639337 ) // 1193
( 6.123233995736766e-17 1.0 36.66479292639337 ) // 1194
( -0.4999999999999998 0.8660254037844387 36.66479292639337 ) // 1195
( -0.8660254037844385 0.5000000000000003 36.66479292639337 ) // 1196
( -1.0 1.2246467991473532e-16 36.66479292639337 ) // 1197
( -0.8660254037844388 -0.4999999999999997 36.66479292639337 ) // 1198
( -0.5000000000000004 -0.8660254037844384 36.66479292639337 ) // 1199
( -1.8369701987210297e-16 -1.0 36.66479292639337 ) // 1200
( 0.49999999999999933 -0.866025403784439 36.66479292639337 ) // 1201
( 0.8660254037844384 -0.5000000000000004 36.66479292639337 ) // 1202

//circles

//circle 0
( 5.494378779180096 0.0 36.66479292639337 ) //1203
( 4.758271600784094 2.7471893895900474 36.66479292639337 ) //1204
( 2.7471893895900483 4.758271600784093 36.66479292639337 ) //1205
( 3.364336692613023e-16 5.494378779180096 36.66479292639337 ) //1206
( -2.7471893895900465 4.758271600784094 36.66479292639337 ) //1207
( -4.758271600784092 2.7471893895900497 36.66479292639337 ) //1208
( -5.494378779180096 6.728673385226046e-16 36.66479292639337 ) //1209
( -4.758271600784094 -2.7471893895900465 36.66479292639337 ) //1210
( -2.74718938959005 -4.758271600784092 36.66479292639337 ) //1211
( -1.009301007783907e-15 -5.494378779180096 36.66479292639337 ) //1212
( 2.7471893895900443 -4.758271600784096 36.66479292639337 ) //1213
( 4.758271600784092 -2.74718938959005 36.66479292639337 ) //1214

//circle 1
( 10.494378779180096 0.0 36.66479292639337 ) //1215
( 9.088398619706288 5.247189389590047 36.66479292639337 ) //1216
( 5.247189389590049 9.088398619706286 36.66479292639337 ) //1217
( 6.425953690481406e-16 10.494378779180096 36.66479292639337 ) //1218
( -5.247189389590045 9.088398619706288 36.66479292639337 ) //1219
( -9.088398619706284 5.247189389590051 36.66479292639337 ) //1220
( -10.494378779180096 1.2851907380962812e-15 36.66479292639337 ) //1221
( -9.088398619706288 -5.247189389590045 36.66479292639337 ) //1222
( -5.247189389590052 -9.088398619706284 36.66479292639337 ) //1223
( -1.9277861071444218e-15 -10.494378779180096 36.66479292639337 ) //1224
( 5.247189389590041 -9.088398619706291 36.66479292639337 ) //1225
( 9.088398619706284 -5.247189389590052 36.66479292639337 ) //1226

//circle 2
( 15.494378779180096 0.0 36.66479292639337 ) //1227
( 13.41852563862848 7.747189389590047 36.66479292639337 ) //1228
( 7.74718938959005 13.418525638628479 36.66479292639337 ) //1229
( 9.487570688349789e-16 15.494378779180096 36.66479292639337 ) //1230
( -7.747189389590044 13.41852563862848 36.66479292639337 ) //1231
( -13.418525638628477 7.747189389590053 36.66479292639337 ) //1232
( -15.494378779180096 1.8975141376699577e-15 36.66479292639337 ) //1233
( -13.418525638628482 -7.747189389590043 36.66479292639337 ) //1234
( -7.747189389590055 -13.418525638628475 36.66479292639337 ) //1235
( -2.8462712065049366e-15 -15.494378779180096 36.66479292639337 ) //1236
( 7.747189389590037 -13.418525638628486 36.66479292639337 ) //1237
( 13.418525638628475 -7.747189389590055 36.66479292639337 ) //1238

//circle 3
( 26.63096352671579 0.0 36.66479292639337 ) //1239
( 23.0630909413927 13.315481763357893 36.66479292639337 ) //1240
( 13.315481763357898 23.063090941392698 36.66479292639337 ) //1241
( 1.63067621206012e-15 26.63096352671579 36.66479292639337 ) //1242
( -13.315481763357889 23.0630909413927 36.66479292639337 ) //1243
( -23.063090941392694 13.315481763357903 36.66479292639337 ) //1244
( -26.63096352671579 3.26135242412024e-15 36.66479292639337 ) //1245
( -23.063090941392705 -13.315481763357887 36.66479292639337 ) //1246
( -13.315481763357907 -23.06309094139269 36.66479292639337 ) //1247
( -4.892028636180359e-15 -26.63096352671579 36.66479292639337 ) //1248
( 13.315481763357877 -23.06309094139271 36.66479292639337 ) //1249
( 23.06309094139269 -13.315481763357907 36.66479292639337 ) //1250

//circle 4
( 37.76754827425148 0.0 36.66479292639337 ) //1251
( 32.70765624415692 18.883774137125737 36.66479292639337 ) //1252
( 18.883774137125744 32.707656244156915 36.66479292639337 ) //1253
( 2.312595355285261e-15 37.76754827425148 36.66479292639337 ) //1254
( -18.883774137125734 32.70765624415692 36.66479292639337 ) //1255
( -32.707656244156915 18.883774137125755 36.66479292639337 ) //1256
( -37.76754827425148 4.625190710570522e-15 36.66479292639337 ) //1257
( -32.70765624415692 -18.88377413712573 36.66479292639337 ) //1258
( -18.88377413712576 -32.70765624415691 36.66479292639337 ) //1259
( -6.9377860658557825e-15 -37.76754827425148 36.66479292639337 ) //1260
( 18.883774137125716 -32.70765624415694 36.66479292639337 ) //1261
( 32.70765624415691 -18.88377413712576 36.66479292639337 ) //1262

//circle 5
( 38.73594694795024 0.0 36.66479292639337 ) //1263
( 33.5463140965712 19.367973473975116 36.66479292639337 ) //1264
( 19.367973473975123 33.5463140965712 36.66479292639337 ) //1265
( 2.3718926720874473e-15 38.73594694795024 36.66479292639337 ) //1266
( -19.367973473975113 33.5463140965712 36.66479292639337 ) //1267
( -33.546314096571194 19.367973473975134 36.66479292639337 ) //1268
( -38.73594694795024 4.743785344174895e-15 36.66479292639337 ) //1269
( -33.54631409657121 -19.36797347397511 36.66479292639337 ) //1270
( -19.367973473975137 -33.54631409657119 36.66479292639337 ) //1271
( -7.115678016262342e-15 -38.73594694795024 36.66479292639337 ) //1272
( 19.367973473975095 -33.546314096571216 36.66479292639337 ) //1273
( 33.54631409657119 -19.367973473975137 36.66479292639337 ) //1274

//section 5

//center
(0.0 0.0 48.33520707360663) // 1275

//polygon
( 1.0 0.0 48.33520707360663 ) // 1276
( 0.8660254037844387 0.49999999999999994 48.33520707360663 ) // 1277
( 0.5000000000000001 0.8660254037844386 48.33520707360663 ) // 1278
( 6.123233995736766e-17 1.0 48.33520707360663 ) // 1279
( -0.4999999999999998 0.8660254037844387 48.33520707360663 ) // 1280
( -0.8660254037844385 0.5000000000000003 48.33520707360663 ) // 1281
( -1.0 1.2246467991473532e-16 48.33520707360663 ) // 1282
( -0.8660254037844388 -0.4999999999999997 48.33520707360663 ) // 1283
( -0.5000000000000004 -0.8660254037844384 48.33520707360663 ) // 1284
( -1.8369701987210297e-16 -1.0 48.33520707360663 ) // 1285
( 0.49999999999999933 -0.866025403784439 48.33520707360663 ) // 1286
( 0.8660254037844384 -0.5000000000000004 48.33520707360663 ) // 1287

//circles

//circle 0
( 5.494378779180096 0.0 48.33520707360663 ) //1288
( 4.758271600784094 2.7471893895900474 48.33520707360663 ) //1289
( 2.7471893895900483 4.758271600784093 48.33520707360663 ) //1290
( 3.364336692613023e-16 5.494378779180096 48.33520707360663 ) //1291
( -2.7471893895900465 4.758271600784094 48.33520707360663 ) //1292
( -4.758271600784092 2.7471893895900497 48.33520707360663 ) //1293
( -5.494378779180096 6.728673385226046e-16 48.33520707360663 ) //1294
( -4.758271600784094 -2.7471893895900465 48.33520707360663 ) //1295
( -2.74718938959005 -4.758271600784092 48.33520707360663 ) //1296
( -1.009301007783907e-15 -5.494378779180096 48.33520707360663 ) //1297
( 2.7471893895900443 -4.758271600784096 48.33520707360663 ) //1298
( 4.758271600784092 -2.74718938959005 48.33520707360663 ) //1299

//circle 1
( 10.494378779180096 0.0 48.33520707360663 ) //1300
( 9.088398619706288 5.247189389590047 48.33520707360663 ) //1301
( 5.247189389590049 9.088398619706286 48.33520707360663 ) //1302
( 6.425953690481406e-16 10.494378779180096 48.33520707360663 ) //1303
( -5.247189389590045 9.088398619706288 48.33520707360663 ) //1304
( -9.088398619706284 5.247189389590051 48.33520707360663 ) //1305
( -10.494378779180096 1.2851907380962812e-15 48.33520707360663 ) //1306
( -9.088398619706288 -5.247189389590045 48.33520707360663 ) //1307
( -5.247189389590052 -9.088398619706284 48.33520707360663 ) //1308
( -1.9277861071444218e-15 -10.494378779180096 48.33520707360663 ) //1309
( 5.247189389590041 -9.088398619706291 48.33520707360663 ) //1310
( 9.088398619706284 -5.247189389590052 48.33520707360663 ) //1311

//circle 2
( 15.494378779180096 0.0 48.33520707360663 ) //1312
( 13.41852563862848 7.747189389590047 48.33520707360663 ) //1313
( 7.74718938959005 13.418525638628479 48.33520707360663 ) //1314
( 9.487570688349789e-16 15.494378779180096 48.33520707360663 ) //1315
( -7.747189389590044 13.41852563862848 48.33520707360663 ) //1316
( -13.418525638628477 7.747189389590053 48.33520707360663 ) //1317
( -15.494378779180096 1.8975141376699577e-15 48.33520707360663 ) //1318
( -13.418525638628482 -7.747189389590043 48.33520707360663 ) //1319
( -7.747189389590055 -13.418525638628475 48.33520707360663 ) //1320
( -2.8462712065049366e-15 -15.494378779180096 48.33520707360663 ) //1321
( 7.747189389590037 -13.418525638628486 48.33520707360663 ) //1322
( 13.418525638628475 -7.747189389590055 48.33520707360663 ) //1323

//circle 3
( 26.63096352671579 0.0 48.33520707360663 ) //1324
( 23.0630909413927 13.315481763357893 48.33520707360663 ) //1325
( 13.315481763357898 23.063090941392698 48.33520707360663 ) //1326
( 1.63067621206012e-15 26.63096352671579 48.33520707360663 ) //1327
( -13.315481763357889 23.0630909413927 48.33520707360663 ) //1328
( -23.063090941392694 13.315481763357903 48.33520707360663 ) //1329
( -26.63096352671579 3.26135242412024e-15 48.33520707360663 ) //1330
( -23.063090941392705 -13.315481763357887 48.33520707360663 ) //1331
( -13.315481763357907 -23.06309094139269 48.33520707360663 ) //1332
( -4.892028636180359e-15 -26.63096352671579 48.33520707360663 ) //1333
( 13.315481763357877 -23.06309094139271 48.33520707360663 ) //1334
( 23.06309094139269 -13.315481763357907 48.33520707360663 ) //1335

//circle 4
( 37.76754827425148 0.0 48.33520707360663 ) //1336
( 32.70765624415692 18.883774137125737 48.33520707360663 ) //1337
( 18.883774137125744 32.707656244156915 48.33520707360663 ) //1338
( 2.312595355285261e-15 37.76754827425148 48.33520707360663 ) //1339
( -18.883774137125734 32.70765624415692 48.33520707360663 ) //1340
( -32.707656244156915 18.883774137125755 48.33520707360663 ) //1341
( -37.76754827425148 4.625190710570522e-15 48.33520707360663 ) //1342
( -32.70765624415692 -18.88377413712573 48.33520707360663 ) //1343
( -18.88377413712576 -32.70765624415691 48.33520707360663 ) //1344
( -6.9377860658557825e-15 -37.76754827425148 48.33520707360663 ) //1345
( 18.883774137125716 -32.70765624415694 48.33520707360663 ) //1346
( 32.70765624415691 -18.88377413712576 48.33520707360663 ) //1347

//circle 5
( 38.73594694795024 0.0 48.33520707360663 ) //1348
( 33.5463140965712 19.367973473975116 48.33520707360663 ) //1349
( 19.367973473975123 33.5463140965712 48.33520707360663 ) //1350
( 2.3718926720874473e-15 38.73594694795024 48.33520707360663 ) //1351
( -19.367973473975113 33.5463140965712 48.33520707360663 ) //1352
( -33.546314096571194 19.367973473975134 48.33520707360663 ) //1353
( -38.73594694795024 4.743785344174895e-15 48.33520707360663 ) //1354
( -33.54631409657121 -19.36797347397511 48.33520707360663 ) //1355
( -19.367973473975137 -33.54631409657119 48.33520707360663 ) //1356
( -7.115678016262342e-15 -38.73594694795024 48.33520707360663 ) //1357
( 19.367973473975095 -33.546314096571216 48.33520707360663 ) //1358
( 33.54631409657119 -19.367973473975137 48.33520707360663 ) //1359

//section 6

//center
(0.0 0.0 52.98352070736066) // 1360

//polygon
( 1.0 0.0 52.98352070736066 ) // 1361
( 0.8660254037844387 0.49999999999999994 52.98352070736066 ) // 1362
( 0.5000000000000001 0.8660254037844386 52.98352070736066 ) // 1363
( 6.123233995736766e-17 1.0 52.98352070736066 ) // 1364
( -0.4999999999999998 0.8660254037844387 52.98352070736066 ) // 1365
( -0.8660254037844385 0.5000000000000003 52.98352070736066 ) // 1366
( -1.0 1.2246467991473532e-16 52.98352070736066 ) // 1367
( -0.8660254037844388 -0.4999999999999997 52.98352070736066 ) // 1368
( -0.5000000000000004 -0.8660254037844384 52.98352070736066 ) // 1369
( -1.8369701987210297e-16 -1.0 52.98352070736066 ) // 1370
( 0.49999999999999933 -0.866025403784439 52.98352070736066 ) // 1371
( 0.8660254037844384 -0.5000000000000004 52.98352070736066 ) // 1372

//circles

//circle 0
( 5.494378779180096 0.0 52.98352070736066 ) //1373
( 4.758271600784094 2.7471893895900474 52.98352070736066 ) //1374
( 2.7471893895900483 4.758271600784093 52.98352070736066 ) //1375
( 3.364336692613023e-16 5.494378779180096 52.98352070736066 ) //1376
( -2.7471893895900465 4.758271600784094 52.98352070736066 ) //1377
( -4.758271600784092 2.7471893895900497 52.98352070736066 ) //1378
( -5.494378779180096 6.728673385226046e-16 52.98352070736066 ) //1379
( -4.758271600784094 -2.7471893895900465 52.98352070736066 ) //1380
( -2.74718938959005 -4.758271600784092 52.98352070736066 ) //1381
( -1.009301007783907e-15 -5.494378779180096 52.98352070736066 ) //1382
( 2.7471893895900443 -4.758271600784096 52.98352070736066 ) //1383
( 4.758271600784092 -2.74718938959005 52.98352070736066 ) //1384

//circle 1
( 10.494378779180096 0.0 52.98352070736066 ) //1385
( 9.088398619706288 5.247189389590047 52.98352070736066 ) //1386
( 5.247189389590049 9.088398619706286 52.98352070736066 ) //1387
( 6.425953690481406e-16 10.494378779180096 52.98352070736066 ) //1388
( -5.247189389590045 9.088398619706288 52.98352070736066 ) //1389
( -9.088398619706284 5.247189389590051 52.98352070736066 ) //1390
( -10.494378779180096 1.2851907380962812e-15 52.98352070736066 ) //1391
( -9.088398619706288 -5.247189389590045 52.98352070736066 ) //1392
( -5.247189389590052 -9.088398619706284 52.98352070736066 ) //1393
( -1.9277861071444218e-15 -10.494378779180096 52.98352070736066 ) //1394
( 5.247189389590041 -9.088398619706291 52.98352070736066 ) //1395
( 9.088398619706284 -5.247189389590052 52.98352070736066 ) //1396

//circle 2
( 15.494378779180096 0.0 52.98352070736066 ) //1397
( 13.41852563862848 7.747189389590047 52.98352070736066 ) //1398
( 7.74718938959005 13.418525638628479 52.98352070736066 ) //1399
( 9.487570688349789e-16 15.494378779180096 52.98352070736066 ) //1400
( -7.747189389590044 13.41852563862848 52.98352070736066 ) //1401
( -13.418525638628477 7.747189389590053 52.98352070736066 ) //1402
( -15.494378779180096 1.8975141376699577e-15 52.98352070736066 ) //1403
( -13.418525638628482 -7.747189389590043 52.98352070736066 ) //1404
( -7.747189389590055 -13.418525638628475 52.98352070736066 ) //1405
( -2.8462712065049366e-15 -15.494378779180096 52.98352070736066 ) //1406
( 7.747189389590037 -13.418525638628486 52.98352070736066 ) //1407
( 13.418525638628475 -7.747189389590055 52.98352070736066 ) //1408

//circle 3
( 26.63096352671579 0.0 52.98352070736066 ) //1409
( 23.0630909413927 13.315481763357893 52.98352070736066 ) //1410
( 13.315481763357898 23.063090941392698 52.98352070736066 ) //1411
( 1.63067621206012e-15 26.63096352671579 52.98352070736066 ) //1412
( -13.315481763357889 23.0630909413927 52.98352070736066 ) //1413
( -23.063090941392694 13.315481763357903 52.98352070736066 ) //1414
( -26.63096352671579 3.26135242412024e-15 52.98352070736066 ) //1415
( -23.063090941392705 -13.315481763357887 52.98352070736066 ) //1416
( -13.315481763357907 -23.06309094139269 52.98352070736066 ) //1417
( -4.892028636180359e-15 -26.63096352671579 52.98352070736066 ) //1418
( 13.315481763357877 -23.06309094139271 52.98352070736066 ) //1419
( 23.06309094139269 -13.315481763357907 52.98352070736066 ) //1420

//circle 4
( 37.76754827425148 0.0 52.98352070736066 ) //1421
( 32.70765624415692 18.883774137125737 52.98352070736066 ) //1422
( 18.883774137125744 32.707656244156915 52.98352070736066 ) //1423
( 2.312595355285261e-15 37.76754827425148 52.98352070736066 ) //1424
( -18.883774137125734 32.70765624415692 52.98352070736066 ) //1425
( -32.707656244156915 18.883774137125755 52.98352070736066 ) //1426
( -37.76754827425148 4.625190710570522e-15 52.98352070736066 ) //1427
( -32.70765624415692 -18.88377413712573 52.98352070736066 ) //1428
( -18.88377413712576 -32.70765624415691 52.98352070736066 ) //1429
( -6.9377860658557825e-15 -37.76754827425148 52.98352070736066 ) //1430
( 18.883774137125716 -32.70765624415694 52.98352070736066 ) //1431
( 32.70765624415691 -18.88377413712576 52.98352070736066 ) //1432

//circle 5
( 38.73594694795024 0.0 52.98352070736066 ) //1433
( 33.5463140965712 19.367973473975116 52.98352070736066 ) //1434
( 19.367973473975123 33.5463140965712 52.98352070736066 ) //1435
( 2.3718926720874473e-15 38.73594694795024 52.98352070736066 ) //1436
( -19.367973473975113 33.5463140965712 52.98352070736066 ) //1437
( -33.546314096571194 19.367973473975134 52.98352070736066 ) //1438
( -38.73594694795024 4.743785344174895e-15 52.98352070736066 ) //1439
( -33.54631409657121 -19.36797347397511 52.98352070736066 ) //1440
( -19.367973473975137 -33.54631409657119 52.98352070736066 ) //1441
( -7.115678016262342e-15 -38.73594694795024 52.98352070736066 ) //1442
( 19.367973473975095 -33.546314096571216 52.98352070736066 ) //1443
( 33.54631409657119 -19.367973473975137 52.98352070736066 ) //1444

//section 7

//center
(0.0 0.0 54.01647929263934) // 1445

//polygon
( 1.0 0.0 54.01647929263934 ) // 1446
( 0.8660254037844387 0.49999999999999994 54.01647929263934 ) // 1447
( 0.5000000000000001 0.8660254037844386 54.01647929263934 ) // 1448
( 6.123233995736766e-17 1.0 54.01647929263934 ) // 1449
( -0.4999999999999998 0.8660254037844387 54.01647929263934 ) // 1450
( -0.8660254037844385 0.5000000000000003 54.01647929263934 ) // 1451
( -1.0 1.2246467991473532e-16 54.01647929263934 ) // 1452
( -0.8660254037844388 -0.4999999999999997 54.01647929263934 ) // 1453
( -0.5000000000000004 -0.8660254037844384 54.01647929263934 ) // 1454
( -1.8369701987210297e-16 -1.0 54.01647929263934 ) // 1455
( 0.49999999999999933 -0.866025403784439 54.01647929263934 ) // 1456
( 0.8660254037844384 -0.5000000000000004 54.01647929263934 ) // 1457

//circles

//circle 0
( 5.494378779180096 0.0 54.01647929263934 ) //1458
( 4.758271600784094 2.7471893895900474 54.01647929263934 ) //1459
( 2.7471893895900483 4.758271600784093 54.01647929263934 ) //1460
( 3.364336692613023e-16 5.494378779180096 54.01647929263934 ) //1461
( -2.7471893895900465 4.758271600784094 54.01647929263934 ) //1462
( -4.758271600784092 2.7471893895900497 54.01647929263934 ) //1463
( -5.494378779180096 6.728673385226046e-16 54.01647929263934 ) //1464
( -4.758271600784094 -2.7471893895900465 54.01647929263934 ) //1465
( -2.74718938959005 -4.758271600784092 54.01647929263934 ) //1466
( -1.009301007783907e-15 -5.494378779180096 54.01647929263934 ) //1467
( 2.7471893895900443 -4.758271600784096 54.01647929263934 ) //1468
( 4.758271600784092 -2.74718938959005 54.01647929263934 ) //1469

//circle 1
( 10.494378779180096 0.0 54.01647929263934 ) //1470
( 9.088398619706288 5.247189389590047 54.01647929263934 ) //1471
( 5.247189389590049 9.088398619706286 54.01647929263934 ) //1472
( 6.425953690481406e-16 10.494378779180096 54.01647929263934 ) //1473
( -5.247189389590045 9.088398619706288 54.01647929263934 ) //1474
( -9.088398619706284 5.247189389590051 54.01647929263934 ) //1475
( -10.494378779180096 1.2851907380962812e-15 54.01647929263934 ) //1476
( -9.088398619706288 -5.247189389590045 54.01647929263934 ) //1477
( -5.247189389590052 -9.088398619706284 54.01647929263934 ) //1478
( -1.9277861071444218e-15 -10.494378779180096 54.01647929263934 ) //1479
( 5.247189389590041 -9.088398619706291 54.01647929263934 ) //1480
( 9.088398619706284 -5.247189389590052 54.01647929263934 ) //1481

//circle 2
( 15.494378779180096 0.0 54.01647929263934 ) //1482
( 13.41852563862848 7.747189389590047 54.01647929263934 ) //1483
( 7.74718938959005 13.418525638628479 54.01647929263934 ) //1484
( 9.487570688349789e-16 15.494378779180096 54.01647929263934 ) //1485
( -7.747189389590044 13.41852563862848 54.01647929263934 ) //1486
( -13.418525638628477 7.747189389590053 54.01647929263934 ) //1487
( -15.494378779180096 1.8975141376699577e-15 54.01647929263934 ) //1488
( -13.418525638628482 -7.747189389590043 54.01647929263934 ) //1489
( -7.747189389590055 -13.418525638628475 54.01647929263934 ) //1490
( -2.8462712065049366e-15 -15.494378779180096 54.01647929263934 ) //1491
( 7.747189389590037 -13.418525638628486 54.01647929263934 ) //1492
( 13.418525638628475 -7.747189389590055 54.01647929263934 ) //1493

//circle 3
( 26.63096352671579 0.0 54.01647929263934 ) //1494
( 23.0630909413927 13.315481763357893 54.01647929263934 ) //1495
( 13.315481763357898 23.063090941392698 54.01647929263934 ) //1496
( 1.63067621206012e-15 26.63096352671579 54.01647929263934 ) //1497
( -13.315481763357889 23.0630909413927 54.01647929263934 ) //1498
( -23.063090941392694 13.315481763357903 54.01647929263934 ) //1499
( -26.63096352671579 3.26135242412024e-15 54.01647929263934 ) //1500
( -23.063090941392705 -13.315481763357887 54.01647929263934 ) //1501
( -13.315481763357907 -23.06309094139269 54.01647929263934 ) //1502
( -4.892028636180359e-15 -26.63096352671579 54.01647929263934 ) //1503
( 13.315481763357877 -23.06309094139271 54.01647929263934 ) //1504
( 23.06309094139269 -13.315481763357907 54.01647929263934 ) //1505

//circle 4
( 37.76754827425148 0.0 54.01647929263934 ) //1506
( 32.70765624415692 18.883774137125737 54.01647929263934 ) //1507
( 18.883774137125744 32.707656244156915 54.01647929263934 ) //1508
( 2.312595355285261e-15 37.76754827425148 54.01647929263934 ) //1509
( -18.883774137125734 32.70765624415692 54.01647929263934 ) //1510
( -32.707656244156915 18.883774137125755 54.01647929263934 ) //1511
( -37.76754827425148 4.625190710570522e-15 54.01647929263934 ) //1512
( -32.70765624415692 -18.88377413712573 54.01647929263934 ) //1513
( -18.88377413712576 -32.70765624415691 54.01647929263934 ) //1514
( -6.9377860658557825e-15 -37.76754827425148 54.01647929263934 ) //1515
( 18.883774137125716 -32.70765624415694 54.01647929263934 ) //1516
( 32.70765624415691 -18.88377413712576 54.01647929263934 ) //1517

//circle 5
( 38.73594694795024 0.0 54.01647929263934 ) //1518
( 33.5463140965712 19.367973473975116 54.01647929263934 ) //1519
( 19.367973473975123 33.5463140965712 54.01647929263934 ) //1520
( 2.3718926720874473e-15 38.73594694795024 54.01647929263934 ) //1521
( -19.367973473975113 33.5463140965712 54.01647929263934 ) //1522
( -33.546314096571194 19.367973473975134 54.01647929263934 ) //1523
( -38.73594694795024 4.743785344174895e-15 54.01647929263934 ) //1524
( -33.54631409657121 -19.36797347397511 54.01647929263934 ) //1525
( -19.367973473975137 -33.54631409657119 54.01647929263934 ) //1526
( -7.115678016262342e-15 -38.73594694795024 54.01647929263934 ) //1527
( 19.367973473975095 -33.546314096571216 54.01647929263934 ) //1528
( 33.54631409657119 -19.367973473975137 54.01647929263934 ) //1529

//section 8

//center
(0.0 0.0 58.66479292639337) // 1530

//polygon
( 1.0 0.0 58.66479292639337 ) // 1531
( 0.8660254037844387 0.49999999999999994 58.66479292639337 ) // 1532
( 0.5000000000000001 0.8660254037844386 58.66479292639337 ) // 1533
( 6.123233995736766e-17 1.0 58.66479292639337 ) // 1534
( -0.4999999999999998 0.8660254037844387 58.66479292639337 ) // 1535
( -0.8660254037844385 0.5000000000000003 58.66479292639337 ) // 1536
( -1.0 1.2246467991473532e-16 58.66479292639337 ) // 1537
( -0.8660254037844388 -0.4999999999999997 58.66479292639337 ) // 1538
( -0.5000000000000004 -0.8660254037844384 58.66479292639337 ) // 1539
( -1.8369701987210297e-16 -1.0 58.66479292639337 ) // 1540
( 0.49999999999999933 -0.866025403784439 58.66479292639337 ) // 1541
( 0.8660254037844384 -0.5000000000000004 58.66479292639337 ) // 1542

//circles

//circle 0
( 5.494378779180096 0.0 58.66479292639337 ) //1543
( 4.758271600784094 2.7471893895900474 58.66479292639337 ) //1544
( 2.7471893895900483 4.758271600784093 58.66479292639337 ) //1545
( 3.364336692613023e-16 5.494378779180096 58.66479292639337 ) //1546
( -2.7471893895900465 4.758271600784094 58.66479292639337 ) //1547
( -4.758271600784092 2.7471893895900497 58.66479292639337 ) //1548
( -5.494378779180096 6.728673385226046e-16 58.66479292639337 ) //1549
( -4.758271600784094 -2.7471893895900465 58.66479292639337 ) //1550
( -2.74718938959005 -4.758271600784092 58.66479292639337 ) //1551
( -1.009301007783907e-15 -5.494378779180096 58.66479292639337 ) //1552
( 2.7471893895900443 -4.758271600784096 58.66479292639337 ) //1553
( 4.758271600784092 -2.74718938959005 58.66479292639337 ) //1554

//circle 1
( 10.494378779180096 0.0 58.66479292639337 ) //1555
( 9.088398619706288 5.247189389590047 58.66479292639337 ) //1556
( 5.247189389590049 9.088398619706286 58.66479292639337 ) //1557
( 6.425953690481406e-16 10.494378779180096 58.66479292639337 ) //1558
( -5.247189389590045 9.088398619706288 58.66479292639337 ) //1559
( -9.088398619706284 5.247189389590051 58.66479292639337 ) //1560
( -10.494378779180096 1.2851907380962812e-15 58.66479292639337 ) //1561
( -9.088398619706288 -5.247189389590045 58.66479292639337 ) //1562
( -5.247189389590052 -9.088398619706284 58.66479292639337 ) //1563
( -1.9277861071444218e-15 -10.494378779180096 58.66479292639337 ) //1564
( 5.247189389590041 -9.088398619706291 58.66479292639337 ) //1565
( 9.088398619706284 -5.247189389590052 58.66479292639337 ) //1566

//circle 2
( 15.494378779180096 0.0 58.66479292639337 ) //1567
( 13.41852563862848 7.747189389590047 58.66479292639337 ) //1568
( 7.74718938959005 13.418525638628479 58.66479292639337 ) //1569
( 9.487570688349789e-16 15.494378779180096 58.66479292639337 ) //1570
( -7.747189389590044 13.41852563862848 58.66479292639337 ) //1571
( -13.418525638628477 7.747189389590053 58.66479292639337 ) //1572
( -15.494378779180096 1.8975141376699577e-15 58.66479292639337 ) //1573
( -13.418525638628482 -7.747189389590043 58.66479292639337 ) //1574
( -7.747189389590055 -13.418525638628475 58.66479292639337 ) //1575
( -2.8462712065049366e-15 -15.494378779180096 58.66479292639337 ) //1576
( 7.747189389590037 -13.418525638628486 58.66479292639337 ) //1577
( 13.418525638628475 -7.747189389590055 58.66479292639337 ) //1578

//circle 3
( 26.63096352671579 0.0 58.66479292639337 ) //1579
( 23.0630909413927 13.315481763357893 58.66479292639337 ) //1580
( 13.315481763357898 23.063090941392698 58.66479292639337 ) //1581
( 1.63067621206012e-15 26.63096352671579 58.66479292639337 ) //1582
( -13.315481763357889 23.0630909413927 58.66479292639337 ) //1583
( -23.063090941392694 13.315481763357903 58.66479292639337 ) //1584
( -26.63096352671579 3.26135242412024e-15 58.66479292639337 ) //1585
( -23.063090941392705 -13.315481763357887 58.66479292639337 ) //1586
( -13.315481763357907 -23.06309094139269 58.66479292639337 ) //1587
( -4.892028636180359e-15 -26.63096352671579 58.66479292639337 ) //1588
( 13.315481763357877 -23.06309094139271 58.66479292639337 ) //1589
( 23.06309094139269 -13.315481763357907 58.66479292639337 ) //1590

//circle 4
( 37.76754827425148 0.0 58.66479292639337 ) //1591
( 32.70765624415692 18.883774137125737 58.66479292639337 ) //1592
( 18.883774137125744 32.707656244156915 58.66479292639337 ) //1593
( 2.312595355285261e-15 37.76754827425148 58.66479292639337 ) //1594
( -18.883774137125734 32.70765624415692 58.66479292639337 ) //1595
( -32.707656244156915 18.883774137125755 58.66479292639337 ) //1596
( -37.76754827425148 4.625190710570522e-15 58.66479292639337 ) //1597
( -32.70765624415692 -18.88377413712573 58.66479292639337 ) //1598
( -18.88377413712576 -32.70765624415691 58.66479292639337 ) //1599
( -6.9377860658557825e-15 -37.76754827425148 58.66479292639337 ) //1600
( 18.883774137125716 -32.70765624415694 58.66479292639337 ) //1601
( 32.70765624415691 -18.88377413712576 58.66479292639337 ) //1602

//circle 5
( 38.73594694795024 0.0 58.66479292639337 ) //1603
( 33.5463140965712 19.367973473975116 58.66479292639337 ) //1604
( 19.367973473975123 33.5463140965712 58.66479292639337 ) //1605
( 2.3718926720874473e-15 38.73594694795024 58.66479292639337 ) //1606
( -19.367973473975113 33.5463140965712 58.66479292639337 ) //1607
( -33.546314096571194 19.367973473975134 58.66479292639337 ) //1608
( -38.73594694795024 4.743785344174895e-15 58.66479292639337 ) //1609
( -33.54631409657121 -19.36797347397511 58.66479292639337 ) //1610
( -19.367973473975137 -33.54631409657119 58.66479292639337 ) //1611
( -7.115678016262342e-15 -38.73594694795024 58.66479292639337 ) //1612
( 19.367973473975095 -33.546314096571216 58.66479292639337 ) //1613
( 33.54631409657119 -19.367973473975137 58.66479292639337 ) //1614

//section 9

//center
(0.0 0.0 129.4555347000497) // 1615

//polygon
( 1.0 0.0 129.4555347000497 ) // 1616
( 0.8660254037844387 0.49999999999999994 129.4555347000497 ) // 1617
( 0.5000000000000001 0.8660254037844386 129.4555347000497 ) // 1618
( 6.123233995736766e-17 1.0 129.4555347000497 ) // 1619
( -0.4999999999999998 0.8660254037844387 129.4555347000497 ) // 1620
( -0.8660254037844385 0.5000000000000003 129.4555347000497 ) // 1621
( -1.0 1.2246467991473532e-16 129.4555347000497 ) // 1622
( -0.8660254037844388 -0.4999999999999997 129.4555347000497 ) // 1623
( -0.5000000000000004 -0.8660254037844384 129.4555347000497 ) // 1624
( -1.8369701987210297e-16 -1.0 129.4555347000497 ) // 1625
( 0.49999999999999933 -0.866025403784439 129.4555347000497 ) // 1626
( 0.8660254037844384 -0.5000000000000004 129.4555347000497 ) // 1627

//circles

//circle 0
( 5.494378779180096 0.0 129.4555347000497 ) //1628
( 4.758271600784094 2.7471893895900474 129.4555347000497 ) //1629
( 2.7471893895900483 4.758271600784093 129.4555347000497 ) //1630
( 3.364336692613023e-16 5.494378779180096 129.4555347000497 ) //1631
( -2.7471893895900465 4.758271600784094 129.4555347000497 ) //1632
( -4.758271600784092 2.7471893895900497 129.4555347000497 ) //1633
( -5.494378779180096 6.728673385226046e-16 129.4555347000497 ) //1634
( -4.758271600784094 -2.7471893895900465 129.4555347000497 ) //1635
( -2.74718938959005 -4.758271600784092 129.4555347000497 ) //1636
( -1.009301007783907e-15 -5.494378779180096 129.4555347000497 ) //1637
( 2.7471893895900443 -4.758271600784096 129.4555347000497 ) //1638
( 4.758271600784092 -2.74718938959005 129.4555347000497 ) //1639

//circle 1
( 10.494378779180096 0.0 129.4555347000497 ) //1640
( 9.088398619706288 5.247189389590047 129.4555347000497 ) //1641
( 5.247189389590049 9.088398619706286 129.4555347000497 ) //1642
( 6.425953690481406e-16 10.494378779180096 129.4555347000497 ) //1643
( -5.247189389590045 9.088398619706288 129.4555347000497 ) //1644
( -9.088398619706284 5.247189389590051 129.4555347000497 ) //1645
( -10.494378779180096 1.2851907380962812e-15 129.4555347000497 ) //1646
( -9.088398619706288 -5.247189389590045 129.4555347000497 ) //1647
( -5.247189389590052 -9.088398619706284 129.4555347000497 ) //1648
( -1.9277861071444218e-15 -10.494378779180096 129.4555347000497 ) //1649
( 5.247189389590041 -9.088398619706291 129.4555347000497 ) //1650
( 9.088398619706284 -5.247189389590052 129.4555347000497 ) //1651

//circle 2
( 15.494378779180096 0.0 129.4555347000497 ) //1652
( 13.41852563862848 7.747189389590047 129.4555347000497 ) //1653
( 7.74718938959005 13.418525638628479 129.4555347000497 ) //1654
( 9.487570688349789e-16 15.494378779180096 129.4555347000497 ) //1655
( -7.747189389590044 13.41852563862848 129.4555347000497 ) //1656
( -13.418525638628477 7.747189389590053 129.4555347000497 ) //1657
( -15.494378779180096 1.8975141376699577e-15 129.4555347000497 ) //1658
( -13.418525638628482 -7.747189389590043 129.4555347000497 ) //1659
( -7.747189389590055 -13.418525638628475 129.4555347000497 ) //1660
( -2.8462712065049366e-15 -15.494378779180096 129.4555347000497 ) //1661
( 7.747189389590037 -13.418525638628486 129.4555347000497 ) //1662
( 13.418525638628475 -7.747189389590055 129.4555347000497 ) //1663

//circle 3
( 26.63096352671579 0.0 129.4555347000497 ) //1664
( 23.0630909413927 13.315481763357893 129.4555347000497 ) //1665
( 13.315481763357898 23.063090941392698 129.4555347000497 ) //1666
( 1.63067621206012e-15 26.63096352671579 129.4555347000497 ) //1667
( -13.315481763357889 23.0630909413927 129.4555347000497 ) //1668
( -23.063090941392694 13.315481763357903 129.4555347000497 ) //1669
( -26.63096352671579 3.26135242412024e-15 129.4555347000497 ) //1670
( -23.063090941392705 -13.315481763357887 129.4555347000497 ) //1671
( -13.315481763357907 -23.06309094139269 129.4555347000497 ) //1672
( -4.892028636180359e-15 -26.63096352671579 129.4555347000497 ) //1673
( 13.315481763357877 -23.06309094139271 129.4555347000497 ) //1674
( 23.06309094139269 -13.315481763357907 129.4555347000497 ) //1675

//circle 4
( 37.76754827425148 0.0 129.4555347000497 ) //1676
( 32.70765624415692 18.883774137125737 129.4555347000497 ) //1677
( 18.883774137125744 32.707656244156915 129.4555347000497 ) //1678
( 2.312595355285261e-15 37.76754827425148 129.4555347000497 ) //1679
( -18.883774137125734 32.70765624415692 129.4555347000497 ) //1680
( -32.707656244156915 18.883774137125755 129.4555347000497 ) //1681
( -37.76754827425148 4.625190710570522e-15 129.4555347000497 ) //1682
( -32.70765624415692 -18.88377413712573 129.4555347000497 ) //1683
( -18.88377413712576 -32.70765624415691 129.4555347000497 ) //1684
( -6.9377860658557825e-15 -37.76754827425148 129.4555347000497 ) //1685
( 18.883774137125716 -32.70765624415694 129.4555347000497 ) //1686
( 32.70765624415691 -18.88377413712576 129.4555347000497 ) //1687

//circle 5
( 38.73594694795024 0.0 129.4555347000497 ) //1688
( 33.5463140965712 19.367973473975116 129.4555347000497 ) //1689
( 19.367973473975123 33.5463140965712 129.4555347000497 ) //1690
( 2.3718926720874473e-15 38.73594694795024 129.4555347000497 ) //1691
( -19.367973473975113 33.5463140965712 129.4555347000497 ) //1692
( -33.546314096571194 19.367973473975134 129.4555347000497 ) //1693
( -38.73594694795024 4.743785344174895e-15 129.4555347000497 ) //1694
( -33.54631409657121 -19.36797347397511 129.4555347000497 ) //1695
( -19.367973473975137 -33.54631409657119 129.4555347000497 ) //1696
( -7.115678016262342e-15 -38.73594694795024 129.4555347000497 ) //1697
( 19.367973473975095 -33.546314096571216 129.4555347000497 ) //1698
( 33.54631409657119 -19.367973473975137 129.4555347000497 ) //1699
);

// * * * * * * * * * * * * * * * * * * * * * * * * * * * * * * * * * * * * * //
edges
(

//circles

//section 0

//polygon
arc 1 2 (0.9330127018922194 0.24999999999999997 -0.17374811996069184)
arc 2 3 (0.6830127018922194 0.6830127018922193 -0.17374811996069184)
arc 3 4 (0.2500000000000001 0.9330127018922193 -0.17374811996069184)
arc 4 5 (-0.24999999999999986 0.9330127018922194 -0.17374811996069184)
arc 5 6 (-0.6830127018922192 0.6830127018922195 -0.17374811996069184)
arc 6 7 (-0.9330127018922192 0.2500000000000002 -0.17374811996069184)
arc 7 8 (-0.9330127018922194 -0.2499999999999998 -0.17374811996069184)
arc 8 9 (-0.6830127018922196 -0.6830127018922191 -0.17374811996069184)
arc 9 10 (-0.25000000000000033 -0.9330127018922192 -0.17374811996069184)
arc 10 11 (0.24999999999999958 -0.9330127018922195 -0.17374811996069184)
arc 11 12 (0.6830127018922189 -0.6830127018922197 -0.17374811996069184)
arc 12 1 (0.9330127018922192 -0.25000000000000033 -0.17374811996069184)

//circle 0
arc 13 14 (5.307162362224656 1.422049869058946 -0.1703584596652945)
arc 14 15 (3.8851124931657104 3.88511249316571 -0.1703584596652945)
arc 15 16 (1.4220498690589474 5.3071623622246555 -0.1703584596652945)
arc 16 17 (-1.4220498690589454 5.307162362224656 -0.1703584596652945)
arc 17 18 (-3.88511249316571 3.8851124931657104 -0.1703584596652945)
arc 18 19 (-5.3071623622246555 1.4220498690589476 -0.1703584596652945)
arc 19 20 (-5.307162362224656 -1.4220498690589463 -0.1703584596652945)
arc 20 21 (-3.885112493165711 -3.88511249316571 -0.1703584596652945)
arc 21 22 (-1.4220498690589503 -5.3071623622246555 -0.1703584596652945)
arc 22 23 (1.4220498690589436 -5.307162362224657 -0.1703584596652945)
arc 23 24 (3.885112493165706 -3.885112493165715 -0.1703584596652945)
arc 24 13 (5.3071623622246555 -1.4220498690589507 -0.1703584596652945)

//circle 1
arc 25 26 (10.136791493669998 2.7161450945715497 -0.16109573662197363)
arc 26 27 (7.420646399098448 7.420646399098447 -0.16109573662197363)
arc 27 28 (2.716145094571552 10.136791493669996 -0.16109573662197363)
arc 28 29 (-2.7161450945715484 10.136791493669998 -0.16109573662197363)
arc 29 30 (-7.420646399098447 7.420646399098448 -0.16109573662197363)
arc 30 31 (-10.136791493669996 2.716145094571553 -0.16109573662197363)
arc 31 32 (-10.136791493669998 -2.71614509457155 -0.16109573662197363)
arc 32 33 (-7.420646399098449 -7.420646399098447 -0.16109573662197363)
arc 33 34 (-2.7161450945715577 -10.136791493669996 -0.16109573662197363)
arc 34 35 (2.7161450945715453 -10.13679149367 -0.16109573662197363)
arc 35 36 (7.42064639909844 -7.420646399098456 -0.16109573662197363)
arc 36 25 (10.136791493669996 -2.7161450945715586 -0.16109573662197363)

//circle 2
arc 37 38 (14.96642062511534 4.010240320084153 -0.14603969859490462)
arc 38 39 (10.956180305031186 10.956180305031184 -0.14603969859490462)
arc 39 40 (4.010240320084157 14.966420625115338 -0.14603969859490462)
arc 40 41 (-4.010240320084152 14.96642062511534 -0.14603969859490462)
arc 41 42 (-10.956180305031184 10.956180305031186 -0.14603969859490462)
arc 42 43 (-14.966420625115338 4.010240320084158 -0.14603969859490462)
arc 43 44 (-14.96642062511534 -4.010240320084154 -0.14603969859490462)
arc 44 45 (-10.956180305031188 -10.956180305031184 -0.14603969859490462)
arc 45 46 (-4.010240320084166 -14.966420625115337 -0.14603969859490462)
arc 46 47 (4.010240320084146 -14.966420625115342 -0.14603969859490462)
arc 47 48 (10.956180305031173 -10.956180305031198 -0.14603969859490462)
arc 48 37 (14.966420625115337 -4.010240320084167 -0.14603969859490462)

//circle 3
arc 49 50 (25.72353544941699 6.892600550144638 -0.09168286589738273)
arc 50 51 (18.83093489927235 18.830934899272346 -0.09168286589738273)
arc 51 52 (6.892600550144644 25.723535449416985 -0.09168286589738273)
arc 52 53 (-6.8926005501446355 25.72353544941699 -0.09168286589738273)
arc 53 54 (-18.830934899272346 18.83093489927235 -0.09168286589738273)
arc 54 55 (-25.723535449416985 6.892600550144646 -0.09168286589738273)
arc 55 56 (-25.72353544941699 -6.89260055014464 -0.09168286589738273)
arc 56 57 (-18.830934899272354 -18.830934899272346 -0.09168286589738273)
arc 57 58 (-6.892600550144659 -25.723535449416982 -0.09168286589738273)
arc 58 59 (6.892600550144627 -25.723535449416993 -0.09168286589738273)
arc 59 60 (18.83093489927233 -18.83093489927237 -0.09168286589738273)
arc 60 49 (25.723535449416982 -6.89260055014466 -0.09168286589738273)

//circle 4
arc 61 62 (36.48065027371864 9.774960780205124 -0.008584315431107825)
arc 62 63 (26.705689493513514 26.70568949351351 -0.008584315431107825)
arc 63 64 (9.774960780205133 36.48065027371863 -0.008584315431107825)
arc 64 65 (-9.77496078020512 36.48065027371864 -0.008584315431107825)
arc 65 66 (-26.70568949351351 26.705689493513514 -0.008584315431107825)
arc 66 67 (-36.48065027371863 9.774960780205134 -0.008584315431107825)
arc 67 68 (-36.48065027371864 -9.774960780205125 -0.008584315431107825)
arc 68 69 (-26.705689493513518 -26.70568949351351 -0.008584315431107825)
arc 69 70 (-9.774960780205152 -36.48065027371863 -0.008584315431107825)
arc 70 71 (9.774960780205106 -36.480650273718645 -0.008584315431107825)
arc 71 72 (26.705689493513486 -26.705689493513542 -0.008584315431107825)
arc 72 61 (36.48065027371863 -9.774960780205156 -0.008584315431107825)

//circle 5
arc 73 74 (37.41605156278835 10.025600800210384 0.0)
arc 74 75 (27.390450762577967 27.39045076257796 0.0)
arc 75 76 (10.025600800210393 37.41605156278835 0.0)
arc 76 77 (-10.025600800210379 37.41605156278835 0.0)
arc 77 78 (-27.39045076257796 27.390450762577967 0.0)
arc 78 79 (-37.41605156278835 10.025600800210395 0.0)
arc 79 80 (-37.41605156278835 -10.025600800210386 0.0)
arc 80 81 (-27.39045076257797 -27.39045076257796 0.0)
arc 81 82 (-10.025600800210414 -37.41605156278834 0.0)
arc 82 83 (10.025600800210366 -37.416051562788354 0.0)
arc 83 84 (27.390450762577935 -27.390450762577995 0.0)
arc 84 73 (37.41605156278834 -10.025600800210416 0.0)

//section 1

//circles

//circle 0
arc 98 99 ( 5.307162362224656 1.422049869058946 26.335207073606636 )
arc 99 100 ( 3.8851124931657104 3.88511249316571 26.335207073606636 )
arc 100 101 ( 1.4220498690589474 5.3071623622246555 26.335207073606636 )
arc 101 102 ( -1.4220498690589454 5.307162362224656 26.335207073606636 )
arc 102 103 ( -3.88511249316571 3.8851124931657104 26.335207073606636 )
arc 103 104 ( -5.3071623622246555 1.4220498690589476 26.335207073606636 )
arc 104 105 ( -5.307162362224656 -1.4220498690589463 26.335207073606636 )
arc 105 106 ( -3.885112493165711 -3.88511249316571 26.335207073606636 )
arc 106 107 ( -1.4220498690589503 -5.3071623622246555 26.335207073606636 )
arc 107 108 ( 1.4220498690589436 -5.307162362224657 26.335207073606636 )
arc 108 109 ( 3.885112493165706 -3.885112493165715 26.335207073606636 )
arc 109 98 ( 5.3071623622246555 -1.4220498690589507 26.335207073606636 )

//circle 1
arc 960 111 ( 10.136791493669998 2.7161450945715497 26.335207073606636 )
arc 111 112 ( 7.420646399098448 7.420646399098447 26.335207073606636 )
arc 962 113 ( 2.716145094571552 10.136791493669996 26.335207073606636 )
arc 113 114 ( -2.7161450945715484 10.136791493669998 26.335207073606636 )
arc 964 115 ( -7.420646399098447 7.420646399098448 26.335207073606636 )
arc 115 116 ( -10.136791493669996 2.716145094571553 26.335207073606636 )
arc 966 117 ( -10.136791493669998 -2.71614509457155 26.335207073606636 )
arc 117 118 ( -7.420646399098449 -7.420646399098447 26.335207073606636 )
arc 968 119 ( -2.7161450945715577 -10.136791493669996 26.335207073606636 )
arc 119 120 ( 2.7161450945715453 -10.13679149367 26.335207073606636 )
arc 970 121 ( 7.42064639909844 -7.420646399098456 26.335207073606636 )
arc 121 110 ( 10.136791493669996 -2.7161450945715586 26.335207073606636 )

//circle 2
arc 122 123 ( 14.96642062511534 4.010240320084153 26.335207073606636 )
arc 123 124 ( 10.956180305031186 10.956180305031184 26.335207073606636 )
arc 124 125 ( 4.010240320084157 14.966420625115338 26.335207073606636 )
arc 125 126 ( -4.010240320084152 14.96642062511534 26.335207073606636 )
arc 126 127 ( -10.956180305031184 10.956180305031186 26.335207073606636 )
arc 127 128 ( -14.966420625115338 4.010240320084158 26.335207073606636 )
arc 128 129 ( -14.96642062511534 -4.010240320084154 26.335207073606636 )
arc 129 130 ( -10.956180305031188 -10.956180305031184 26.335207073606636 )
arc 130 131 ( -4.010240320084166 -14.966420625115337 26.335207073606636 )
arc 131 132 ( 4.010240320084146 -14.966420625115342 26.335207073606636 )
arc 132 133 ( 10.956180305031173 -10.956180305031198 26.335207073606636 )
arc 133 122 ( 14.966420625115337 -4.010240320084167 26.335207073606636 )

//circle 3
arc 134 135 ( 25.72353544941699 6.892600550144638 26.335207073606636 )
arc 135 136 ( 18.83093489927235 18.830934899272346 26.335207073606636 )
arc 136 137 ( 6.892600550144644 25.723535449416985 26.335207073606636 )
arc 137 138 ( -6.8926005501446355 25.72353544941699 26.335207073606636 )
arc 138 139 ( -18.830934899272346 18.83093489927235 26.335207073606636 )
arc 139 140 ( -25.723535449416985 6.892600550144646 26.335207073606636 )
arc 140 141 ( -25.72353544941699 -6.89260055014464 26.335207073606636 )
arc 141 142 ( -18.830934899272354 -18.830934899272346 26.335207073606636 )
arc 142 143 ( -6.892600550144659 -25.723535449416982 26.335207073606636 )
arc 143 144 ( 6.892600550144627 -25.723535449416993 26.335207073606636 )
arc 144 145 ( 18.83093489927233 -18.83093489927237 26.335207073606636 )
arc 145 134 ( 25.723535449416982 -6.89260055014466 26.335207073606636 )

//circle 4
arc 146 147 ( 36.48065027371864 9.774960780205124 26.335207073606636 )
arc 147 148 ( 26.705689493513514 26.70568949351351 26.335207073606636 )
arc 148 149 ( 9.774960780205133 36.48065027371863 26.335207073606636 )
arc 149 150 ( -9.77496078020512 36.48065027371864 26.335207073606636 )
arc 150 151 ( -26.70568949351351 26.705689493513514 26.335207073606636 )
arc 151 152 ( -36.48065027371863 9.774960780205134 26.335207073606636 )
arc 152 153 ( -36.48065027371864 -9.774960780205125 26.335207073606636 )
arc 153 154 ( -26.705689493513518 -26.70568949351351 26.335207073606636 )
arc 154 155 ( -9.774960780205152 -36.48065027371863 26.335207073606636 )
arc 155 156 ( 9.774960780205106 -36.480650273718645 26.335207073606636 )
arc 156 157 ( 26.705689493513486 -26.705689493513542 26.335207073606636 )
arc 157 146 ( 36.48065027371863 -9.774960780205156 26.335207073606636 )

//circle 5
arc 158 159 ( 37.41605156278835 10.025600800210384 26.335207073606636 )
arc 159 160 ( 27.390450762577967 27.39045076257796 26.335207073606636 )
arc 160 161 ( 10.025600800210393 37.41605156278835 26.335207073606636 )
arc 161 162 ( -10.025600800210379 37.41605156278835 26.335207073606636 )
arc 162 163 ( -27.39045076257796 27.390450762577967 26.335207073606636 )
arc 163 164 ( -37.41605156278835 10.025600800210395 26.335207073606636 )
arc 164 165 ( -37.41605156278835 -10.025600800210386 26.335207073606636 )
arc 165 166 ( -27.39045076257797 -27.39045076257796 26.335207073606636 )
arc 166 167 ( -10.025600800210414 -37.41605156278834 26.335207073606636 )
arc 167 168 ( 10.025600800210366 -37.416051562788354 26.335207073606636 )
arc 168 169 ( 27.390450762577935 -27.390450762577995 26.335207073606636 )
arc 169 158 ( 37.41605156278834 -10.025600800210416 26.335207073606636 )

//section 2

//circles

//circle 0
arc 183 184 ( 5.307162362224656 1.422049869058946 30.983520707360665 )
arc 184 185 ( 3.8851124931657104 3.88511249316571 30.983520707360665 )
arc 185 186 ( 1.4220498690589474 5.3071623622246555 30.983520707360665 )
arc 186 187 ( -1.4220498690589454 5.307162362224656 30.983520707360665 )
arc 187 188 ( -3.88511249316571 3.8851124931657104 30.983520707360665 )
arc 188 189 ( -5.3071623622246555 1.4220498690589476 30.983520707360665 )
arc 189 190 ( -5.307162362224656 -1.4220498690589463 30.983520707360665 )
arc 190 191 ( -3.885112493165711 -3.88511249316571 30.983520707360665 )
arc 191 192 ( -1.4220498690589503 -5.3071623622246555 30.983520707360665 )
arc 192 193 ( 1.4220498690589436 -5.307162362224657 30.983520707360665 )
arc 193 194 ( 3.885112493165706 -3.885112493165715 30.983520707360665 )
arc 194 183 ( 5.3071623622246555 -1.4220498690589507 30.983520707360665 )

//circle 1
arc 1045 196 ( 10.136791493669998 2.7161450945715497 30.983520707360665 )
arc 196 197 ( 7.420646399098448 7.420646399098447 30.983520707360665 )
arc 1047 198 ( 2.716145094571552 10.136791493669996 30.983520707360665 )
arc 198 199 ( -2.7161450945715484 10.136791493669998 30.983520707360665 )
arc 1049 200 ( -7.420646399098447 7.420646399098448 30.983520707360665 )
arc 200 201 ( -10.136791493669996 2.716145094571553 30.983520707360665 )
arc 1051 202 ( -10.136791493669998 -2.71614509457155 30.983520707360665 )
arc 202 203 ( -7.420646399098449 -7.420646399098447 30.983520707360665 )
arc 1053 204 ( -2.7161450945715577 -10.136791493669996 30.983520707360665 )
arc 204 205 ( 2.7161450945715453 -10.13679149367 30.983520707360665 )
arc 1055 206 ( 7.42064639909844 -7.420646399098456 30.983520707360665 )
arc 206 195 ( 10.136791493669996 -2.7161450945715586 30.983520707360665 )

//circle 2
arc 207 208 ( 14.96642062511534 4.010240320084153 30.983520707360665 )
arc 208 209 ( 10.956180305031186 10.956180305031184 30.983520707360665 )
arc 209 210 ( 4.010240320084157 14.966420625115338 30.983520707360665 )
arc 210 211 ( -4.010240320084152 14.96642062511534 30.983520707360665 )
arc 211 212 ( -10.956180305031184 10.956180305031186 30.983520707360665 )
arc 212 213 ( -14.966420625115338 4.010240320084158 30.983520707360665 )
arc 213 214 ( -14.96642062511534 -4.010240320084154 30.983520707360665 )
arc 214 215 ( -10.956180305031188 -10.956180305031184 30.983520707360665 )
arc 215 216 ( -4.010240320084166 -14.966420625115337 30.983520707360665 )
arc 216 217 ( 4.010240320084146 -14.966420625115342 30.983520707360665 )
arc 217 218 ( 10.956180305031173 -10.956180305031198 30.983520707360665 )
arc 218 207 ( 14.966420625115337 -4.010240320084167 30.983520707360665 )

//circle 3
arc 219 220 ( 25.72353544941699 6.892600550144638 30.983520707360665 )
arc 220 221 ( 18.83093489927235 18.830934899272346 30.983520707360665 )
arc 221 222 ( 6.892600550144644 25.723535449416985 30.983520707360665 )
arc 222 223 ( -6.8926005501446355 25.72353544941699 30.983520707360665 )
arc 223 224 ( -18.830934899272346 18.83093489927235 30.983520707360665 )
arc 224 225 ( -25.723535449416985 6.892600550144646 30.983520707360665 )
arc 225 226 ( -25.72353544941699 -6.89260055014464 30.983520707360665 )
arc 226 227 ( -18.830934899272354 -18.830934899272346 30.983520707360665 )
arc 227 228 ( -6.892600550144659 -25.723535449416982 30.983520707360665 )
arc 228 229 ( 6.892600550144627 -25.723535449416993 30.983520707360665 )
arc 229 230 ( 18.83093489927233 -18.83093489927237 30.983520707360665 )
arc 230 219 ( 25.723535449416982 -6.89260055014466 30.983520707360665 )

//circle 4
arc 231 232 ( 36.48065027371864 9.774960780205124 30.983520707360665 )
arc 232 233 ( 26.705689493513514 26.70568949351351 30.983520707360665 )
arc 233 234 ( 9.774960780205133 36.48065027371863 30.983520707360665 )
arc 234 235 ( -9.77496078020512 36.48065027371864 30.983520707360665 )
arc 235 236 ( -26.70568949351351 26.705689493513514 30.983520707360665 )
arc 236 237 ( -36.48065027371863 9.774960780205134 30.983520707360665 )
arc 237 238 ( -36.48065027371864 -9.774960780205125 30.983520707360665 )
arc 238 239 ( -26.705689493513518 -26.70568949351351 30.983520707360665 )
arc 239 240 ( -9.774960780205152 -36.48065027371863 30.983520707360665 )
arc 240 241 ( 9.774960780205106 -36.480650273718645 30.983520707360665 )
arc 241 242 ( 26.705689493513486 -26.705689493513542 30.983520707360665 )
arc 242 231 ( 36.48065027371863 -9.774960780205156 30.983520707360665 )

//circle 5
arc 243 244 ( 37.41605156278835 10.025600800210384 30.983520707360665 )
arc 244 245 ( 27.390450762577967 27.39045076257796 30.983520707360665 )
arc 245 246 ( 10.025600800210393 37.41605156278835 30.983520707360665 )
arc 246 247 ( -10.025600800210379 37.41605156278835 30.983520707360665 )
arc 247 248 ( -27.39045076257796 27.390450762577967 30.983520707360665 )
arc 248 249 ( -37.41605156278835 10.025600800210395 30.983520707360665 )
arc 249 250 ( -37.41605156278835 -10.025600800210386 30.983520707360665 )
arc 250 251 ( -27.39045076257797 -27.39045076257796 30.983520707360665 )
arc 251 252 ( -10.025600800210414 -37.41605156278834 30.983520707360665 )
arc 252 253 ( 10.025600800210366 -37.416051562788354 30.983520707360665 )
arc 253 254 ( 27.390450762577935 -27.390450762577995 30.983520707360665 )
arc 254 243 ( 37.41605156278834 -10.025600800210416 30.983520707360665 )

//section 3

//circles

//circle 0
arc 268 269 ( 5.307162362224656 1.422049869058946 32.01647929263934 )
arc 269 270 ( 3.8851124931657104 3.88511249316571 32.01647929263934 )
arc 270 271 ( 1.4220498690589474 5.3071623622246555 32.01647929263934 )
arc 271 272 ( -1.4220498690589454 5.307162362224656 32.01647929263934 )
arc 272 273 ( -3.88511249316571 3.8851124931657104 32.01647929263934 )
arc 273 274 ( -5.3071623622246555 1.4220498690589476 32.01647929263934 )
arc 274 275 ( -5.307162362224656 -1.4220498690589463 32.01647929263934 )
arc 275 276 ( -3.885112493165711 -3.88511249316571 32.01647929263934 )
arc 276 277 ( -1.4220498690589503 -5.3071623622246555 32.01647929263934 )
arc 277 278 ( 1.4220498690589436 -5.307162362224657 32.01647929263934 )
arc 278 279 ( 3.885112493165706 -3.885112493165715 32.01647929263934 )
arc 279 268 ( 5.3071623622246555 -1.4220498690589507 32.01647929263934 )

//circle 1
arc 1130 281 ( 10.136791493669998 2.7161450945715497 32.01647929263934 )
arc 281 282 ( 7.420646399098448 7.420646399098447 32.01647929263934 )
arc 1132 283 ( 2.716145094571552 10.136791493669996 32.01647929263934 )
arc 283 284 ( -2.7161450945715484 10.136791493669998 32.01647929263934 )
arc 1134 285 ( -7.420646399098447 7.420646399098448 32.01647929263934 )
arc 285 286 ( -10.136791493669996 2.716145094571553 32.01647929263934 )
arc 1136 287 ( -10.136791493669998 -2.71614509457155 32.01647929263934 )
arc 287 288 ( -7.420646399098449 -7.420646399098447 32.01647929263934 )
arc 1138 289 ( -2.7161450945715577 -10.136791493669996 32.01647929263934 )
arc 289 290 ( 2.7161450945715453 -10.13679149367 32.01647929263934 )
arc 1140 291 ( 7.42064639909844 -7.420646399098456 32.01647929263934 )
arc 291 280 ( 10.136791493669996 -2.7161450945715586 32.01647929263934 )

//circle 2
arc 292 293 ( 14.96642062511534 4.010240320084153 32.01647929263934 )
arc 293 294 ( 10.956180305031186 10.956180305031184 32.01647929263934 )
arc 294 295 ( 4.010240320084157 14.966420625115338 32.01647929263934 )
arc 295 296 ( -4.010240320084152 14.96642062511534 32.01647929263934 )
arc 296 297 ( -10.956180305031184 10.956180305031186 32.01647929263934 )
arc 297 298 ( -14.966420625115338 4.010240320084158 32.01647929263934 )
arc 298 299 ( -14.96642062511534 -4.010240320084154 32.01647929263934 )
arc 299 300 ( -10.956180305031188 -10.956180305031184 32.01647929263934 )
arc 300 301 ( -4.010240320084166 -14.966420625115337 32.01647929263934 )
arc 301 302 ( 4.010240320084146 -14.966420625115342 32.01647929263934 )
arc 302 303 ( 10.956180305031173 -10.956180305031198 32.01647929263934 )
arc 303 292 ( 14.966420625115337 -4.010240320084167 32.01647929263934 )

//circle 3
arc 304 305 ( 25.72353544941699 6.892600550144638 32.01647929263934 )
arc 305 306 ( 18.83093489927235 18.830934899272346 32.01647929263934 )
arc 306 307 ( 6.892600550144644 25.723535449416985 32.01647929263934 )
arc 307 308 ( -6.8926005501446355 25.72353544941699 32.01647929263934 )
arc 308 309 ( -18.830934899272346 18.83093489927235 32.01647929263934 )
arc 309 310 ( -25.723535449416985 6.892600550144646 32.01647929263934 )
arc 310 311 ( -25.72353544941699 -6.89260055014464 32.01647929263934 )
arc 311 312 ( -18.830934899272354 -18.830934899272346 32.01647929263934 )
arc 312 313 ( -6.892600550144659 -25.723535449416982 32.01647929263934 )
arc 313 314 ( 6.892600550144627 -25.723535449416993 32.01647929263934 )
arc 314 315 ( 18.83093489927233 -18.83093489927237 32.01647929263934 )
arc 315 304 ( 25.723535449416982 -6.89260055014466 32.01647929263934 )

//circle 4
arc 316 317 ( 36.48065027371864 9.774960780205124 32.01647929263934 )
arc 317 318 ( 26.705689493513514 26.70568949351351 32.01647929263934 )
arc 318 319 ( 9.774960780205133 36.48065027371863 32.01647929263934 )
arc 319 320 ( -9.77496078020512 36.48065027371864 32.01647929263934 )
arc 320 321 ( -26.70568949351351 26.705689493513514 32.01647929263934 )
arc 321 322 ( -36.48065027371863 9.774960780205134 32.01647929263934 )
arc 322 323 ( -36.48065027371864 -9.774960780205125 32.01647929263934 )
arc 323 324 ( -26.705689493513518 -26.70568949351351 32.01647929263934 )
arc 324 325 ( -9.774960780205152 -36.48065027371863 32.01647929263934 )
arc 325 326 ( 9.774960780205106 -36.480650273718645 32.01647929263934 )
arc 326 327 ( 26.705689493513486 -26.705689493513542 32.01647929263934 )
arc 327 316 ( 36.48065027371863 -9.774960780205156 32.01647929263934 )

//circle 5
arc 328 329 ( 37.41605156278835 10.025600800210384 32.01647929263934 )
arc 329 330 ( 27.390450762577967 27.39045076257796 32.01647929263934 )
arc 330 331 ( 10.025600800210393 37.41605156278835 32.01647929263934 )
arc 331 332 ( -10.025600800210379 37.41605156278835 32.01647929263934 )
arc 332 333 ( -27.39045076257796 27.390450762577967 32.01647929263934 )
arc 333 334 ( -37.41605156278835 10.025600800210395 32.01647929263934 )
arc 334 335 ( -37.41605156278835 -10.025600800210386 32.01647929263934 )
arc 335 336 ( -27.39045076257797 -27.39045076257796 32.01647929263934 )
arc 336 337 ( -10.025600800210414 -37.41605156278834 32.01647929263934 )
arc 337 338 ( 10.025600800210366 -37.416051562788354 32.01647929263934 )
arc 338 339 ( 27.390450762577935 -27.390450762577995 32.01647929263934 )
arc 339 328 ( 37.41605156278834 -10.025600800210416 32.01647929263934 )

//section 4

//circles

//circle 0
arc 353 354 ( 5.307162362224656 1.422049869058946 36.66479292639337 )
arc 354 355 ( 3.8851124931657104 3.88511249316571 36.66479292639337 )
arc 355 356 ( 1.4220498690589474 5.3071623622246555 36.66479292639337 )
arc 356 357 ( -1.4220498690589454 5.307162362224656 36.66479292639337 )
arc 357 358 ( -3.88511249316571 3.8851124931657104 36.66479292639337 )
arc 358 359 ( -5.3071623622246555 1.4220498690589476 36.66479292639337 )
arc 359 360 ( -5.307162362224656 -1.4220498690589463 36.66479292639337 )
arc 360 361 ( -3.885112493165711 -3.88511249316571 36.66479292639337 )
arc 361 362 ( -1.4220498690589503 -5.3071623622246555 36.66479292639337 )
arc 362 363 ( 1.4220498690589436 -5.307162362224657 36.66479292639337 )
arc 363 364 ( 3.885112493165706 -3.885112493165715 36.66479292639337 )
arc 364 353 ( 5.3071623622246555 -1.4220498690589507 36.66479292639337 )

//circle 1
arc 1215 366 ( 10.136791493669998 2.7161450945715497 36.66479292639337 )
arc 366 367 ( 7.420646399098448 7.420646399098447 36.66479292639337 )
arc 1217 368 ( 2.716145094571552 10.136791493669996 36.66479292639337 )
arc 368 369 ( -2.7161450945715484 10.136791493669998 36.66479292639337 )
arc 1219 370 ( -7.420646399098447 7.420646399098448 36.66479292639337 )
arc 370 371 ( -10.136791493669996 2.716145094571553 36.66479292639337 )
arc 1221 372 ( -10.136791493669998 -2.71614509457155 36.66479292639337 )
arc 372 373 ( -7.420646399098449 -7.420646399098447 36.66479292639337 )
arc 1223 374 ( -2.7161450945715577 -10.136791493669996 36.66479292639337 )
arc 374 375 ( 2.7161450945715453 -10.13679149367 36.66479292639337 )
arc 1225 376 ( 7.42064639909844 -7.420646399098456 36.66479292639337 )
arc 376 365 ( 10.136791493669996 -2.7161450945715586 36.66479292639337 )

//circle 2
arc 377 378 ( 14.96642062511534 4.010240320084153 36.66479292639337 )
arc 378 379 ( 10.956180305031186 10.956180305031184 36.66479292639337 )
arc 379 380 ( 4.010240320084157 14.966420625115338 36.66479292639337 )
arc 380 381 ( -4.010240320084152 14.96642062511534 36.66479292639337 )
arc 381 382 ( -10.956180305031184 10.956180305031186 36.66479292639337 )
arc 382 383 ( -14.966420625115338 4.010240320084158 36.66479292639337 )
arc 383 384 ( -14.96642062511534 -4.010240320084154 36.66479292639337 )
arc 384 385 ( -10.956180305031188 -10.956180305031184 36.66479292639337 )
arc 385 386 ( -4.010240320084166 -14.966420625115337 36.66479292639337 )
arc 386 387 ( 4.010240320084146 -14.966420625115342 36.66479292639337 )
arc 387 388 ( 10.956180305031173 -10.956180305031198 36.66479292639337 )
arc 388 377 ( 14.966420625115337 -4.010240320084167 36.66479292639337 )

//circle 3
arc 389 390 ( 25.72353544941699 6.892600550144638 36.66479292639337 )
arc 390 391 ( 18.83093489927235 18.830934899272346 36.66479292639337 )
arc 391 392 ( 6.892600550144644 25.723535449416985 36.66479292639337 )
arc 392 393 ( -6.8926005501446355 25.72353544941699 36.66479292639337 )
arc 393 394 ( -18.830934899272346 18.83093489927235 36.66479292639337 )
arc 394 395 ( -25.723535449416985 6.892600550144646 36.66479292639337 )
arc 395 396 ( -25.72353544941699 -6.89260055014464 36.66479292639337 )
arc 396 397 ( -18.830934899272354 -18.830934899272346 36.66479292639337 )
arc 397 398 ( -6.892600550144659 -25.723535449416982 36.66479292639337 )
arc 398 399 ( 6.892600550144627 -25.723535449416993 36.66479292639337 )
arc 399 400 ( 18.83093489927233 -18.83093489927237 36.66479292639337 )
arc 400 389 ( 25.723535449416982 -6.89260055014466 36.66479292639337 )

//circle 4
arc 401 402 ( 36.48065027371864 9.774960780205124 36.66479292639337 )
arc 402 403 ( 26.705689493513514 26.70568949351351 36.66479292639337 )
arc 403 404 ( 9.774960780205133 36.48065027371863 36.66479292639337 )
arc 404 405 ( -9.77496078020512 36.48065027371864 36.66479292639337 )
arc 405 406 ( -26.70568949351351 26.705689493513514 36.66479292639337 )
arc 406 407 ( -36.48065027371863 9.774960780205134 36.66479292639337 )
arc 407 408 ( -36.48065027371864 -9.774960780205125 36.66479292639337 )
arc 408 409 ( -26.705689493513518 -26.70568949351351 36.66479292639337 )
arc 409 410 ( -9.774960780205152 -36.48065027371863 36.66479292639337 )
arc 410 411 ( 9.774960780205106 -36.480650273718645 36.66479292639337 )
arc 411 412 ( 26.705689493513486 -26.705689493513542 36.66479292639337 )
arc 412 401 ( 36.48065027371863 -9.774960780205156 36.66479292639337 )

//circle 5
arc 413 414 ( 37.41605156278835 10.025600800210384 36.66479292639337 )
arc 414 415 ( 27.390450762577967 27.39045076257796 36.66479292639337 )
arc 415 416 ( 10.025600800210393 37.41605156278835 36.66479292639337 )
arc 416 417 ( -10.025600800210379 37.41605156278835 36.66479292639337 )
arc 417 418 ( -27.39045076257796 27.390450762577967 36.66479292639337 )
arc 418 419 ( -37.41605156278835 10.025600800210395 36.66479292639337 )
arc 419 420 ( -37.41605156278835 -10.025600800210386 36.66479292639337 )
arc 420 421 ( -27.39045076257797 -27.39045076257796 36.66479292639337 )
arc 421 422 ( -10.025600800210414 -37.41605156278834 36.66479292639337 )
arc 422 423 ( 10.025600800210366 -37.416051562788354 36.66479292639337 )
arc 423 424 ( 27.390450762577935 -27.390450762577995 36.66479292639337 )
arc 424 413 ( 37.41605156278834 -10.025600800210416 36.66479292639337 )

//section 5

//circles

//circle 0
arc 438 439 ( 5.307162362224656 1.422049869058946 48.33520707360663 )
arc 439 440 ( 3.8851124931657104 3.88511249316571 48.33520707360663 )
arc 440 441 ( 1.4220498690589474 5.3071623622246555 48.33520707360663 )
arc 441 442 ( -1.4220498690589454 5.307162362224656 48.33520707360663 )
arc 442 443 ( -3.88511249316571 3.8851124931657104 48.33520707360663 )
arc 443 444 ( -5.3071623622246555 1.4220498690589476 48.33520707360663 )
arc 444 445 ( -5.307162362224656 -1.4220498690589463 48.33520707360663 )
arc 445 446 ( -3.885112493165711 -3.88511249316571 48.33520707360663 )
arc 446 447 ( -1.4220498690589503 -5.3071623622246555 48.33520707360663 )
arc 447 448 ( 1.4220498690589436 -5.307162362224657 48.33520707360663 )
arc 448 449 ( 3.885112493165706 -3.885112493165715 48.33520707360663 )
arc 449 438 ( 5.3071623622246555 -1.4220498690589507 48.33520707360663 )

//circle 1
arc 1300 451 ( 10.136791493669998 2.7161450945715497 48.33520707360663 )
arc 451 452 ( 7.420646399098448 7.420646399098447 48.33520707360663 )
arc 1302 453 ( 2.716145094571552 10.136791493669996 48.33520707360663 )
arc 453 454 ( -2.7161450945715484 10.136791493669998 48.33520707360663 )
arc 1304 455 ( -7.420646399098447 7.420646399098448 48.33520707360663 )
arc 455 456 ( -10.136791493669996 2.716145094571553 48.33520707360663 )
arc 1306 457 ( -10.136791493669998 -2.71614509457155 48.33520707360663 )
arc 457 458 ( -7.420646399098449 -7.420646399098447 48.33520707360663 )
arc 1308 459 ( -2.7161450945715577 -10.136791493669996 48.33520707360663 )
arc 459 460 ( 2.7161450945715453 -10.13679149367 48.33520707360663 )
arc 1310 461 ( 7.42064639909844 -7.420646399098456 48.33520707360663 )
arc 461 450 ( 10.136791493669996 -2.7161450945715586 48.33520707360663 )

//circle 2
arc 462 463 ( 14.96642062511534 4.010240320084153 48.33520707360663 )
arc 463 464 ( 10.956180305031186 10.956180305031184 48.33520707360663 )
arc 464 465 ( 4.010240320084157 14.966420625115338 48.33520707360663 )
arc 465 466 ( -4.010240320084152 14.96642062511534 48.33520707360663 )
arc 466 467 ( -10.956180305031184 10.956180305031186 48.33520707360663 )
arc 467 468 ( -14.966420625115338 4.010240320084158 48.33520707360663 )
arc 468 469 ( -14.96642062511534 -4.010240320084154 48.33520707360663 )
arc 469 470 ( -10.956180305031188 -10.956180305031184 48.33520707360663 )
arc 470 471 ( -4.010240320084166 -14.966420625115337 48.33520707360663 )
arc 471 472 ( 4.010240320084146 -14.966420625115342 48.33520707360663 )
arc 472 473 ( 10.956180305031173 -10.956180305031198 48.33520707360663 )
arc 473 462 ( 14.966420625115337 -4.010240320084167 48.33520707360663 )

//circle 3
arc 474 475 ( 25.72353544941699 6.892600550144638 48.33520707360663 )
arc 475 476 ( 18.83093489927235 18.830934899272346 48.33520707360663 )
arc 476 477 ( 6.892600550144644 25.723535449416985 48.33520707360663 )
arc 477 478 ( -6.8926005501446355 25.72353544941699 48.33520707360663 )
arc 478 479 ( -18.830934899272346 18.83093489927235 48.33520707360663 )
arc 479 480 ( -25.723535449416985 6.892600550144646 48.33520707360663 )
arc 480 481 ( -25.72353544941699 -6.89260055014464 48.33520707360663 )
arc 481 482 ( -18.830934899272354 -18.830934899272346 48.33520707360663 )
arc 482 483 ( -6.892600550144659 -25.723535449416982 48.33520707360663 )
arc 483 484 ( 6.892600550144627 -25.723535449416993 48.33520707360663 )
arc 484 485 ( 18.83093489927233 -18.83093489927237 48.33520707360663 )
arc 485 474 ( 25.723535449416982 -6.89260055014466 48.33520707360663 )

//circle 4
arc 486 487 ( 36.48065027371864 9.774960780205124 48.33520707360663 )
arc 487 488 ( 26.705689493513514 26.70568949351351 48.33520707360663 )
arc 488 489 ( 9.774960780205133 36.48065027371863 48.33520707360663 )
arc 489 490 ( -9.77496078020512 36.48065027371864 48.33520707360663 )
arc 490 491 ( -26.70568949351351 26.705689493513514 48.33520707360663 )
arc 491 492 ( -36.48065027371863 9.774960780205134 48.33520707360663 )
arc 492 493 ( -36.48065027371864 -9.774960780205125 48.33520707360663 )
arc 493 494 ( -26.705689493513518 -26.70568949351351 48.33520707360663 )
arc 494 495 ( -9.774960780205152 -36.48065027371863 48.33520707360663 )
arc 495 496 ( 9.774960780205106 -36.480650273718645 48.33520707360663 )
arc 496 497 ( 26.705689493513486 -26.705689493513542 48.33520707360663 )
arc 497 486 ( 36.48065027371863 -9.774960780205156 48.33520707360663 )

//circle 5
arc 498 499 ( 37.41605156278835 10.025600800210384 48.33520707360663 )
arc 499 500 ( 27.390450762577967 27.39045076257796 48.33520707360663 )
arc 500 501 ( 10.025600800210393 37.41605156278835 48.33520707360663 )
arc 501 502 ( -10.025600800210379 37.41605156278835 48.33520707360663 )
arc 502 503 ( -27.39045076257796 27.390450762577967 48.33520707360663 )
arc 503 504 ( -37.41605156278835 10.025600800210395 48.33520707360663 )
arc 504 505 ( -37.41605156278835 -10.025600800210386 48.33520707360663 )
arc 505 506 ( -27.39045076257797 -27.39045076257796 48.33520707360663 )
arc 506 507 ( -10.025600800210414 -37.41605156278834 48.33520707360663 )
arc 507 508 ( 10.025600800210366 -37.416051562788354 48.33520707360663 )
arc 508 509 ( 27.390450762577935 -27.390450762577995 48.33520707360663 )
arc 509 498 ( 37.41605156278834 -10.025600800210416 48.33520707360663 )

//section 6

//circles

//circle 0
arc 523 524 ( 5.307162362224656 1.422049869058946 52.98352070736066 )
arc 524 525 ( 3.8851124931657104 3.88511249316571 52.98352070736066 )
arc 525 526 ( 1.4220498690589474 5.3071623622246555 52.98352070736066 )
arc 526 527 ( -1.4220498690589454 5.307162362224656 52.98352070736066 )
arc 527 528 ( -3.88511249316571 3.8851124931657104 52.98352070736066 )
arc 528 529 ( -5.3071623622246555 1.4220498690589476 52.98352070736066 )
arc 529 530 ( -5.307162362224656 -1.4220498690589463 52.98352070736066 )
arc 530 531 ( -3.885112493165711 -3.88511249316571 52.98352070736066 )
arc 531 532 ( -1.4220498690589503 -5.3071623622246555 52.98352070736066 )
arc 532 533 ( 1.4220498690589436 -5.307162362224657 52.98352070736066 )
arc 533 534 ( 3.885112493165706 -3.885112493165715 52.98352070736066 )
arc 534 523 ( 5.3071623622246555 -1.4220498690589507 52.98352070736066 )

//circle 1
arc 1385 536 ( 10.136791493669998 2.7161450945715497 52.98352070736066 )
arc 536 537 ( 7.420646399098448 7.420646399098447 52.98352070736066 )
arc 1387 538 ( 2.716145094571552 10.136791493669996 52.98352070736066 )
arc 538 539 ( -2.7161450945715484 10.136791493669998 52.98352070736066 )
arc 1389 540 ( -7.420646399098447 7.420646399098448 52.98352070736066 )
arc 540 541 ( -10.136791493669996 2.716145094571553 52.98352070736066 )
arc 1391 542 ( -10.136791493669998 -2.71614509457155 52.98352070736066 )
arc 542 543 ( -7.420646399098449 -7.420646399098447 52.98352070736066 )
arc 1393 544 ( -2.7161450945715577 -10.136791493669996 52.98352070736066 )
arc 544 545 ( 2.7161450945715453 -10.13679149367 52.98352070736066 )
arc 1395 546 ( 7.42064639909844 -7.420646399098456 52.98352070736066 )
arc 546 535 ( 10.136791493669996 -2.7161450945715586 52.98352070736066 )

//circle 2
arc 547 548 ( 14.96642062511534 4.010240320084153 52.98352070736066 )
arc 548 549 ( 10.956180305031186 10.956180305031184 52.98352070736066 )
arc 549 550 ( 4.010240320084157 14.966420625115338 52.98352070736066 )
arc 550 551 ( -4.010240320084152 14.96642062511534 52.98352070736066 )
arc 551 552 ( -10.956180305031184 10.956180305031186 52.98352070736066 )
arc 552 553 ( -14.966420625115338 4.010240320084158 52.98352070736066 )
arc 553 554 ( -14.96642062511534 -4.010240320084154 52.98352070736066 )
arc 554 555 ( -10.956180305031188 -10.956180305031184 52.98352070736066 )
arc 555 556 ( -4.010240320084166 -14.966420625115337 52.98352070736066 )
arc 556 557 ( 4.010240320084146 -14.966420625115342 52.98352070736066 )
arc 557 558 ( 10.956180305031173 -10.956180305031198 52.98352070736066 )
arc 558 547 ( 14.966420625115337 -4.010240320084167 52.98352070736066 )

//circle 3
arc 559 560 ( 25.72353544941699 6.892600550144638 52.98352070736066 )
arc 560 561 ( 18.83093489927235 18.830934899272346 52.98352070736066 )
arc 561 562 ( 6.892600550144644 25.723535449416985 52.98352070736066 )
arc 562 563 ( -6.8926005501446355 25.72353544941699 52.98352070736066 )
arc 563 564 ( -18.830934899272346 18.83093489927235 52.98352070736066 )
arc 564 565 ( -25.723535449416985 6.892600550144646 52.98352070736066 )
arc 565 566 ( -25.72353544941699 -6.89260055014464 52.98352070736066 )
arc 566 567 ( -18.830934899272354 -18.830934899272346 52.98352070736066 )
arc 567 568 ( -6.892600550144659 -25.723535449416982 52.98352070736066 )
arc 568 569 ( 6.892600550144627 -25.723535449416993 52.98352070736066 )
arc 569 570 ( 18.83093489927233 -18.83093489927237 52.98352070736066 )
arc 570 559 ( 25.723535449416982 -6.89260055014466 52.98352070736066 )

//circle 4
arc 571 572 ( 36.48065027371864 9.774960780205124 52.98352070736066 )
arc 572 573 ( 26.705689493513514 26.70568949351351 52.98352070736066 )
arc 573 574 ( 9.774960780205133 36.48065027371863 52.98352070736066 )
arc 574 575 ( -9.77496078020512 36.48065027371864 52.98352070736066 )
arc 575 576 ( -26.70568949351351 26.705689493513514 52.98352070736066 )
arc 576 577 ( -36.48065027371863 9.774960780205134 52.98352070736066 )
arc 577 578 ( -36.48065027371864 -9.774960780205125 52.98352070736066 )
arc 578 579 ( -26.705689493513518 -26.70568949351351 52.98352070736066 )
arc 579 580 ( -9.774960780205152 -36.48065027371863 52.98352070736066 )
arc 580 581 ( 9.774960780205106 -36.480650273718645 52.98352070736066 )
arc 581 582 ( 26.705689493513486 -26.705689493513542 52.98352070736066 )
arc 582 571 ( 36.48065027371863 -9.774960780205156 52.98352070736066 )

//circle 5
arc 583 584 ( 37.41605156278835 10.025600800210384 52.98352070736066 )
arc 584 585 ( 27.390450762577967 27.39045076257796 52.98352070736066 )
arc 585 586 ( 10.025600800210393 37.41605156278835 52.98352070736066 )
arc 586 587 ( -10.025600800210379 37.41605156278835 52.98352070736066 )
arc 587 588 ( -27.39045076257796 27.390450762577967 52.98352070736066 )
arc 588 589 ( -37.41605156278835 10.025600800210395 52.98352070736066 )
arc 589 590 ( -37.41605156278835 -10.025600800210386 52.98352070736066 )
arc 590 591 ( -27.39045076257797 -27.39045076257796 52.98352070736066 )
arc 591 592 ( -10.025600800210414 -37.41605156278834 52.98352070736066 )
arc 592 593 ( 10.025600800210366 -37.416051562788354 52.98352070736066 )
arc 593 594 ( 27.390450762577935 -27.390450762577995 52.98352070736066 )
arc 594 583 ( 37.41605156278834 -10.025600800210416 52.98352070736066 )

//section 7

//circles

//circle 0
arc 608 609 ( 5.307162362224656 1.422049869058946 54.01647929263934 )
arc 609 610 ( 3.8851124931657104 3.88511249316571 54.01647929263934 )
arc 610 611 ( 1.4220498690589474 5.3071623622246555 54.01647929263934 )
arc 611 612 ( -1.4220498690589454 5.307162362224656 54.01647929263934 )
arc 612 613 ( -3.88511249316571 3.8851124931657104 54.01647929263934 )
arc 613 614 ( -5.3071623622246555 1.4220498690589476 54.01647929263934 )
arc 614 615 ( -5.307162362224656 -1.4220498690589463 54.01647929263934 )
arc 615 616 ( -3.885112493165711 -3.88511249316571 54.01647929263934 )
arc 616 617 ( -1.4220498690589503 -5.3071623622246555 54.01647929263934 )
arc 617 618 ( 1.4220498690589436 -5.307162362224657 54.01647929263934 )
arc 618 619 ( 3.885112493165706 -3.885112493165715 54.01647929263934 )
arc 619 608 ( 5.3071623622246555 -1.4220498690589507 54.01647929263934 )

//circle 1
arc 1470 621 ( 10.136791493669998 2.7161450945715497 54.01647929263934 )
arc 621 622 ( 7.420646399098448 7.420646399098447 54.01647929263934 )
arc 1472 623 ( 2.716145094571552 10.136791493669996 54.01647929263934 )
arc 623 624 ( -2.7161450945715484 10.136791493669998 54.01647929263934 )
arc 1474 625 ( -7.420646399098447 7.420646399098448 54.01647929263934 )
arc 625 626 ( -10.136791493669996 2.716145094571553 54.01647929263934 )
arc 1476 627 ( -10.136791493669998 -2.71614509457155 54.01647929263934 )
arc 627 628 ( -7.420646399098449 -7.420646399098447 54.01647929263934 )
arc 1478 629 ( -2.7161450945715577 -10.136791493669996 54.01647929263934 )
arc 629 630 ( 2.7161450945715453 -10.13679149367 54.01647929263934 )
arc 1480 631 ( 7.42064639909844 -7.420646399098456 54.01647929263934 )
arc 631 620 ( 10.136791493669996 -2.7161450945715586 54.01647929263934 )

//circle 2
arc 632 633 ( 14.96642062511534 4.010240320084153 54.01647929263934 )
arc 633 634 ( 10.956180305031186 10.956180305031184 54.01647929263934 )
arc 634 635 ( 4.010240320084157 14.966420625115338 54.01647929263934 )
arc 635 636 ( -4.010240320084152 14.96642062511534 54.01647929263934 )
arc 636 637 ( -10.956180305031184 10.956180305031186 54.01647929263934 )
arc 637 638 ( -14.966420625115338 4.010240320084158 54.01647929263934 )
arc 638 639 ( -14.96642062511534 -4.010240320084154 54.01647929263934 )
arc 639 640 ( -10.956180305031188 -10.956180305031184 54.01647929263934 )
arc 640 641 ( -4.010240320084166 -14.966420625115337 54.01647929263934 )
arc 641 642 ( 4.010240320084146 -14.966420625115342 54.01647929263934 )
arc 642 643 ( 10.956180305031173 -10.956180305031198 54.01647929263934 )
arc 643 632 ( 14.966420625115337 -4.010240320084167 54.01647929263934 )

//circle 3
arc 644 645 ( 25.72353544941699 6.892600550144638 54.01647929263934 )
arc 645 646 ( 18.83093489927235 18.830934899272346 54.01647929263934 )
arc 646 647 ( 6.892600550144644 25.723535449416985 54.01647929263934 )
arc 647 648 ( -6.8926005501446355 25.72353544941699 54.01647929263934 )
arc 648 649 ( -18.830934899272346 18.83093489927235 54.01647929263934 )
arc 649 650 ( -25.723535449416985 6.892600550144646 54.01647929263934 )
arc 650 651 ( -25.72353544941699 -6.89260055014464 54.01647929263934 )
arc 651 652 ( -18.830934899272354 -18.830934899272346 54.01647929263934 )
arc 652 653 ( -6.892600550144659 -25.723535449416982 54.01647929263934 )
arc 653 654 ( 6.892600550144627 -25.723535449416993 54.01647929263934 )
arc 654 655 ( 18.83093489927233 -18.83093489927237 54.01647929263934 )
arc 655 644 ( 25.723535449416982 -6.89260055014466 54.01647929263934 )

//circle 4
arc 656 657 ( 36.48065027371864 9.774960780205124 54.01647929263934 )
arc 657 658 ( 26.705689493513514 26.70568949351351 54.01647929263934 )
arc 658 659 ( 9.774960780205133 36.48065027371863 54.01647929263934 )
arc 659 660 ( -9.77496078020512 36.48065027371864 54.01647929263934 )
arc 660 661 ( -26.70568949351351 26.705689493513514 54.01647929263934 )
arc 661 662 ( -36.48065027371863 9.774960780205134 54.01647929263934 )
arc 662 663 ( -36.48065027371864 -9.774960780205125 54.01647929263934 )
arc 663 664 ( -26.705689493513518 -26.70568949351351 54.01647929263934 )
arc 664 665 ( -9.774960780205152 -36.48065027371863 54.01647929263934 )
arc 665 666 ( 9.774960780205106 -36.480650273718645 54.01647929263934 )
arc 666 667 ( 26.705689493513486 -26.705689493513542 54.01647929263934 )
arc 667 656 ( 36.48065027371863 -9.774960780205156 54.01647929263934 )

//circle 5
arc 668 669 ( 37.41605156278835 10.025600800210384 54.01647929263934 )
arc 669 670 ( 27.390450762577967 27.39045076257796 54.01647929263934 )
arc 670 671 ( 10.025600800210393 37.41605156278835 54.01647929263934 )
arc 671 672 ( -10.025600800210379 37.41605156278835 54.01647929263934 )
arc 672 673 ( -27.39045076257796 27.390450762577967 54.01647929263934 )
arc 673 674 ( -37.41605156278835 10.025600800210395 54.01647929263934 )
arc 674 675 ( -37.41605156278835 -10.025600800210386 54.01647929263934 )
arc 675 676 ( -27.39045076257797 -27.39045076257796 54.01647929263934 )
arc 676 677 ( -10.025600800210414 -37.41605156278834 54.01647929263934 )
arc 677 678 ( 10.025600800210366 -37.416051562788354 54.01647929263934 )
arc 678 679 ( 27.390450762577935 -27.390450762577995 54.01647929263934 )
arc 679 668 ( 37.41605156278834 -10.025600800210416 54.01647929263934 )

//section 8

//circles

//circle 0
arc 693 694 ( 5.307162362224656 1.422049869058946 58.66479292639337 )
arc 694 695 ( 3.8851124931657104 3.88511249316571 58.66479292639337 )
arc 695 696 ( 1.4220498690589474 5.3071623622246555 58.66479292639337 )
arc 696 697 ( -1.4220498690589454 5.307162362224656 58.66479292639337 )
arc 697 698 ( -3.88511249316571 3.8851124931657104 58.66479292639337 )
arc 698 699 ( -5.3071623622246555 1.4220498690589476 58.66479292639337 )
arc 699 700 ( -5.307162362224656 -1.4220498690589463 58.66479292639337 )
arc 700 701 ( -3.885112493165711 -3.88511249316571 58.66479292639337 )
arc 701 702 ( -1.4220498690589503 -5.3071623622246555 58.66479292639337 )
arc 702 703 ( 1.4220498690589436 -5.307162362224657 58.66479292639337 )
arc 703 704 ( 3.885112493165706 -3.885112493165715 58.66479292639337 )
arc 704 693 ( 5.3071623622246555 -1.4220498690589507 58.66479292639337 )

//circle 1
arc 1555 706 ( 10.136791493669998 2.7161450945715497 58.66479292639337 )
arc 706 707 ( 7.420646399098448 7.420646399098447 58.66479292639337 )
arc 1557 708 ( 2.716145094571552 10.136791493669996 58.66479292639337 )
arc 708 709 ( -2.7161450945715484 10.136791493669998 58.66479292639337 )
arc 1559 710 ( -7.420646399098447 7.420646399098448 58.66479292639337 )
arc 710 711 ( -10.136791493669996 2.716145094571553 58.66479292639337 )
arc 1561 712 ( -10.136791493669998 -2.71614509457155 58.66479292639337 )
arc 712 713 ( -7.420646399098449 -7.420646399098447 58.66479292639337 )
arc 1563 714 ( -2.7161450945715577 -10.136791493669996 58.66479292639337 )
arc 714 715 ( 2.7161450945715453 -10.13679149367 58.66479292639337 )
arc 1565 716 ( 7.42064639909844 -7.420646399098456 58.66479292639337 )
arc 716 705 ( 10.136791493669996 -2.7161450945715586 58.66479292639337 )

//circle 2
arc 717 718 ( 14.96642062511534 4.010240320084153 58.66479292639337 )
arc 718 719 ( 10.956180305031186 10.956180305031184 58.66479292639337 )
arc 719 720 ( 4.010240320084157 14.966420625115338 58.66479292639337 )
arc 720 721 ( -4.010240320084152 14.96642062511534 58.66479292639337 )
arc 721 722 ( -10.956180305031184 10.956180305031186 58.66479292639337 )
arc 722 723 ( -14.966420625115338 4.010240320084158 58.66479292639337 )
arc 723 724 ( -14.96642062511534 -4.010240320084154 58.66479292639337 )
arc 724 725 ( -10.956180305031188 -10.956180305031184 58.66479292639337 )
arc 725 726 ( -4.010240320084166 -14.966420625115337 58.66479292639337 )
arc 726 727 ( 4.010240320084146 -14.966420625115342 58.66479292639337 )
arc 727 728 ( 10.956180305031173 -10.956180305031198 58.66479292639337 )
arc 728 717 ( 14.966420625115337 -4.010240320084167 58.66479292639337 )

//circle 3
arc 729 730 ( 25.72353544941699 6.892600550144638 58.66479292639337 )
arc 730 731 ( 18.83093489927235 18.830934899272346 58.66479292639337 )
arc 731 732 ( 6.892600550144644 25.723535449416985 58.66479292639337 )
arc 732 733 ( -6.8926005501446355 25.72353544941699 58.66479292639337 )
arc 733 734 ( -18.830934899272346 18.83093489927235 58.66479292639337 )
arc 734 735 ( -25.723535449416985 6.892600550144646 58.66479292639337 )
arc 735 736 ( -25.72353544941699 -6.89260055014464 58.66479292639337 )
arc 736 737 ( -18.830934899272354 -18.830934899272346 58.66479292639337 )
arc 737 738 ( -6.892600550144659 -25.723535449416982 58.66479292639337 )
arc 738 739 ( 6.892600550144627 -25.723535449416993 58.66479292639337 )
arc 739 740 ( 18.83093489927233 -18.83093489927237 58.66479292639337 )
arc 740 729 ( 25.723535449416982 -6.89260055014466 58.66479292639337 )

//circle 4
arc 741 742 ( 36.48065027371864 9.774960780205124 58.66479292639337 )
arc 742 743 ( 26.705689493513514 26.70568949351351 58.66479292639337 )
arc 743 744 ( 9.774960780205133 36.48065027371863 58.66479292639337 )
arc 744 745 ( -9.77496078020512 36.48065027371864 58.66479292639337 )
arc 745 746 ( -26.70568949351351 26.705689493513514 58.66479292639337 )
arc 746 747 ( -36.48065027371863 9.774960780205134 58.66479292639337 )
arc 747 748 ( -36.48065027371864 -9.774960780205125 58.66479292639337 )
arc 748 749 ( -26.705689493513518 -26.70568949351351 58.66479292639337 )
arc 749 750 ( -9.774960780205152 -36.48065027371863 58.66479292639337 )
arc 750 751 ( 9.774960780205106 -36.480650273718645 58.66479292639337 )
arc 751 752 ( 26.705689493513486 -26.705689493513542 58.66479292639337 )
arc 752 741 ( 36.48065027371863 -9.774960780205156 58.66479292639337 )

//circle 5
arc 753 754 ( 37.41605156278835 10.025600800210384 58.66479292639337 )
arc 754 755 ( 27.390450762577967 27.39045076257796 58.66479292639337 )
arc 755 756 ( 10.025600800210393 37.41605156278835 58.66479292639337 )
arc 756 757 ( -10.025600800210379 37.41605156278835 58.66479292639337 )
arc 757 758 ( -27.39045076257796 27.390450762577967 58.66479292639337 )
arc 758 759 ( -37.41605156278835 10.025600800210395 58.66479292639337 )
arc 759 760 ( -37.41605156278835 -10.025600800210386 58.66479292639337 )
arc 760 761 ( -27.39045076257797 -27.39045076257796 58.66479292639337 )
arc 761 762 ( -10.025600800210414 -37.41605156278834 58.66479292639337 )
arc 762 763 ( 10.025600800210366 -37.416051562788354 58.66479292639337 )
arc 763 764 ( 27.390450762577935 -27.390450762577995 58.66479292639337 )
arc 764 753 ( 37.41605156278834 -10.025600800210416 58.66479292639337 )

//section 9

//circles

//circle 0
arc 778 779 ( 5.307162362224656 1.422049869058946 129.4555347000497 )
arc 779 780 ( 3.8851124931657104 3.88511249316571 129.4555347000497 )
arc 780 781 ( 1.4220498690589474 5.3071623622246555 129.4555347000497 )
arc 781 782 ( -1.4220498690589454 5.307162362224656 129.4555347000497 )
arc 782 783 ( -3.88511249316571 3.8851124931657104 129.4555347000497 )
arc 783 784 ( -5.3071623622246555 1.4220498690589476 129.4555347000497 )
arc 784 785 ( -5.307162362224656 -1.4220498690589463 129.4555347000497 )
arc 785 786 ( -3.885112493165711 -3.88511249316571 129.4555347000497 )
arc 786 787 ( -1.4220498690589503 -5.3071623622246555 129.4555347000497 )
arc 787 788 ( 1.4220498690589436 -5.307162362224657 129.4555347000497 )
arc 788 789 ( 3.885112493165706 -3.885112493165715 129.4555347000497 )
arc 789 778 ( 5.3071623622246555 -1.4220498690589507 129.4555347000497 )

//circle 1
arc 790 791 ( 10.136791493669998 2.7161450945715497 129.4555347000497 )
arc 791 792 ( 7.420646399098448 7.420646399098447 129.4555347000497 )
arc 792 793 ( 2.716145094571552 10.136791493669996 129.4555347000497 )
arc 793 794 ( -2.7161450945715484 10.136791493669998 129.4555347000497 )
arc 794 795 ( -7.420646399098447 7.420646399098448 129.4555347000497 )
arc 795 796 ( -10.136791493669996 2.716145094571553 129.4555347000497 )
arc 796 797 ( -10.136791493669998 -2.71614509457155 129.4555347000497 )
arc 797 798 ( -7.420646399098449 -7.420646399098447 129.4555347000497 )
arc 798 799 ( -2.7161450945715577 -10.136791493669996 129.4555347000497 )
arc 799 800 ( 2.7161450945715453 -10.13679149367 129.4555347000497 )
arc 800 801 ( 7.42064639909844 -7.420646399098456 129.4555347000497 )
arc 801 790 ( 10.136791493669996 -2.7161450945715586 129.4555347000497 )

//circle 2
arc 802 803 ( 14.96642062511534 4.010240320084153 129.4555347000497 )
arc 803 804 ( 10.956180305031186 10.956180305031184 129.4555347000497 )
arc 804 805 ( 4.010240320084157 14.966420625115338 129.4555347000497 )
arc 805 806 ( -4.010240320084152 14.96642062511534 129.4555347000497 )
arc 806 807 ( -10.956180305031184 10.956180305031186 129.4555347000497 )
arc 807 808 ( -14.966420625115338 4.010240320084158 129.4555347000497 )
arc 808 809 ( -14.96642062511534 -4.010240320084154 129.4555347000497 )
arc 809 810 ( -10.956180305031188 -10.956180305031184 129.4555347000497 )
arc 810 811 ( -4.010240320084166 -14.966420625115337 129.4555347000497 )
arc 811 812 ( 4.010240320084146 -14.966420625115342 129.4555347000497 )
arc 812 813 ( 10.956180305031173 -10.956180305031198 129.4555347000497 )
arc 813 802 ( 14.966420625115337 -4.010240320084167 129.4555347000497 )

//circle 3
arc 814 815 ( 25.72353544941699 6.892600550144638 129.4555347000497 )
arc 815 816 ( 18.83093489927235 18.830934899272346 129.4555347000497 )
arc 816 817 ( 6.892600550144644 25.723535449416985 129.4555347000497 )
arc 817 818 ( -6.8926005501446355 25.72353544941699 129.4555347000497 )
arc 818 819 ( -18.830934899272346 18.83093489927235 129.4555347000497 )
arc 819 820 ( -25.723535449416985 6.892600550144646 129.4555347000497 )
arc 820 821 ( -25.72353544941699 -6.89260055014464 129.4555347000497 )
arc 821 822 ( -18.830934899272354 -18.830934899272346 129.4555347000497 )
arc 822 823 ( -6.892600550144659 -25.723535449416982 129.4555347000497 )
arc 823 824 ( 6.892600550144627 -25.723535449416993 129.4555347000497 )
arc 824 825 ( 18.83093489927233 -18.83093489927237 129.4555347000497 )
arc 825 814 ( 25.723535449416982 -6.89260055014466 129.4555347000497 )

//circle 4
arc 826 827 ( 36.48065027371864 9.774960780205124 129.4555347000497 )
arc 827 828 ( 26.705689493513514 26.70568949351351 129.4555347000497 )
arc 828 829 ( 9.774960780205133 36.48065027371863 129.4555347000497 )
arc 829 830 ( -9.77496078020512 36.48065027371864 129.4555347000497 )
arc 830 831 ( -26.70568949351351 26.705689493513514 129.4555347000497 )
arc 831 832 ( -36.48065027371863 9.774960780205134 129.4555347000497 )
arc 832 833 ( -36.48065027371864 -9.774960780205125 129.4555347000497 )
arc 833 834 ( -26.705689493513518 -26.70568949351351 129.4555347000497 )
arc 834 835 ( -9.774960780205152 -36.48065027371863 129.4555347000497 )
arc 835 836 ( 9.774960780205106 -36.480650273718645 129.4555347000497 )
arc 836 837 ( 26.705689493513486 -26.705689493513542 129.4555347000497 )
arc 837 826 ( 36.48065027371863 -9.774960780205156 129.4555347000497 )

//circle 5
arc 838 839 ( 37.41605156278835 10.025600800210384 129.4555347000497 )
arc 839 840 ( 27.390450762577967 27.39045076257796 129.4555347000497 )
arc 840 841 ( 10.025600800210393 37.41605156278835 129.4555347000497 )
arc 841 842 ( -10.025600800210379 37.41605156278835 129.4555347000497 )
arc 842 843 ( -27.39045076257796 27.390450762577967 129.4555347000497 )
arc 843 844 ( -37.41605156278835 10.025600800210395 129.4555347000497 )
arc 844 845 ( -37.41605156278835 -10.025600800210386 129.4555347000497 )
arc 845 846 ( -27.39045076257797 -27.39045076257796 129.4555347000497 )
arc 846 847 ( -10.025600800210414 -37.41605156278834 129.4555347000497 )
arc 847 848 ( 10.025600800210366 -37.416051562788354 129.4555347000497 )
arc 848 849 ( 27.390450762577935 -27.390450762577995 129.4555347000497 )
arc 849 838 ( 37.41605156278834 -10.025600800210416 129.4555347000497 )
);

// * * * * * * * * * * * * * * * * * * * * * * * * * * * * * * * * * * * * * //
blocks
(

//section 0-1

 //block 0
hex (1 86 87 2 0 85 85 0 )
( 27 3 2 )
SimpleGrading (1 1 1)

 //block 1
hex (2 87 88 3 0 85 85 0 )
( 27 3 2 )
SimpleGrading (1 1 1)

 //block 2
hex (3 88 89 4 0 85 85 0 )
( 27 3 2 )
SimpleGrading (1 1 1)

 //block 3
hex (4 89 90 5 0 85 85 0 )
( 27 3 2 )
SimpleGrading (1 1 1)

 //block 4
hex (5 90 91 6 0 85 85 0 )
( 27 3 2 )
SimpleGrading (1 1 1)

 //block 5
hex (6 91 92 7 0 85 85 0 )
( 27 3 2 )
SimpleGrading (1 1 1)

 //block 6
hex (7 92 93 8 0 85 85 0 )
( 27 3 2 )
SimpleGrading (1 1 1)

 //block 7
hex (8 93 94 9 0 85 85 0 )
( 27 3 2 )
SimpleGrading (1 1 1)

 //block 8
hex (9 94 95 10 0 85 85 0 )
( 27 3 2 )
SimpleGrading (1 1 1)

 //block 9
hex (10 95 96 11 0 85 85 0 )
( 27 3 2 )
SimpleGrading (1 1 1)

 //block 10
hex (11 96 97 12 0 85 85 0 )
( 27 3 2 )
SimpleGrading (1 1 1)

 //block 11
hex (12 97 86 1 0 85 85 0 )
( 27 3 2 )
SimpleGrading (1 1 1)

//circles

//circle 0

 //block 0
hex (13 98 99 14 1 86 87 2 )
( 27 3 2 )
SimpleGrading (1 1 1)

 //block 1
hex (14 99 100 15 2 87 88 3 )
( 27 3 2 )
SimpleGrading (1 1 1)

 //block 2
hex (15 100 101 16 3 88 89 4 )
( 27 3 2 )
SimpleGrading (1 1 1)

 //block 3
hex (16 101 102 17 4 89 90 5 )
( 27 3 2 )
SimpleGrading (1 1 1)

 //block 4
hex (17 102 103 18 5 90 91 6 )
( 27 3 2 )
SimpleGrading (1 1 1)

 //block 5
hex (18 103 104 19 6 91 92 7 )
( 27 3 2 )
SimpleGrading (1 1 1)

 //block 6
hex (19 104 105 20 7 92 93 8 )
( 27 3 2 )
SimpleGrading (1 1 1)

 //block 7
hex (20 105 106 21 8 93 94 9 )
( 27 3 2 )
SimpleGrading (1 1 1)

 //block 8
hex (21 106 107 22 9 94 95 10 )
( 27 3 2 )
SimpleGrading (1 1 1)

 //block 9
hex (22 107 108 23 10 95 96 11 )
( 27 3 2 )
SimpleGrading (1 1 1)

 //block 10
hex (23 108 109 24 11 96 97 12 )
( 27 3 2 )
SimpleGrading (1 1 1)

 //block 11
hex (24 109 98 13 12 97 86 1 )
( 27 3 2 )
SimpleGrading (1 1 1)

//circle 1

 //block 0
hex (25 960 111 26 13 98 99 14 )
( 27 3 6 )
SimpleGrading (1 1 1)

 //block 1
hex (26 111 112 27 14 99 100 15 )
( 27 3 6 )
SimpleGrading (1 1 1)

 //block 2
hex (27 962 113 28 15 100 101 16 )
( 27 3 6 )
SimpleGrading (1 1 1)

 //block 3
hex (28 113 114 29 16 101 102 17 )
( 27 3 6 )
SimpleGrading (1 1 1)

 //block 4
hex (29 964 115 30 17 102 103 18 )
( 27 3 6 )
SimpleGrading (1 1 1)

 //block 5
hex (30 115 116 31 18 103 104 19 )
( 27 3 6 )
SimpleGrading (1 1 1)

 //block 6
hex (31 966 117 32 19 104 105 20 )
( 27 3 6 )
SimpleGrading (1 1 1)

 //block 7
hex (32 117 118 33 20 105 106 21 )
( 27 3 6 )
SimpleGrading (1 1 1)

 //block 8
hex (33 968 119 34 21 106 107 22 )
( 27 3 6 )
SimpleGrading (1 1 1)

 //block 9
hex (34 119 120 35 22 107 108 23 )
( 27 3 6 )
SimpleGrading (1 1 1)

 //block 10
hex (35 970 121 36 23 108 109 24 )
( 27 3 6 )
SimpleGrading (1 1 1)

 //block 11
hex (36 121 110 25 24 109 98 13 )
( 27 3 6 )
SimpleGrading (1 1 1)

//circle 2

 //block 0
hex (37 122 123 38 25 960 111 26 )
( 27 3 6 )
SimpleGrading (1 1 1)

 //block 1
hex (38 123 124 39 26 111 112 27 )
( 27 3 6 )
SimpleGrading (1 1 1)

 //block 2
hex (39 124 125 40 27 962 113 28 )
( 27 3 6 )
SimpleGrading (1 1 1)

 //block 3
hex (40 125 126 41 28 113 114 29 )
( 27 3 6 )
SimpleGrading (1 1 1)

 //block 4
hex (41 126 127 42 29 964 115 30 )
( 27 3 6 )
SimpleGrading (1 1 1)

 //block 5
hex (42 127 128 43 30 115 116 31 )
( 27 3 6 )
SimpleGrading (1 1 1)

 //block 6
hex (43 128 129 44 31 966 117 32 )
( 27 3 6 )
SimpleGrading (1 1 1)

 //block 7
hex (44 129 130 45 32 117 118 33 )
( 27 3 6 )
SimpleGrading (1 1 1)

 //block 8
hex (45 130 131 46 33 968 119 34 )
( 27 3 6 )
SimpleGrading (1 1 1)

 //block 9
hex (46 131 132 47 34 119 120 35 )
( 27 3 6 )
SimpleGrading (1 1 1)

 //block 10
hex (47 132 133 48 35 970 121 36 )
( 27 3 6 )
SimpleGrading (1 1 1)

 //block 11
hex (48 133 122 37 36 121 110 25 )
( 27 3 6 )
SimpleGrading (1 1 1)

//circle 3

 //block 0
hex (49 134 135 50 37 122 123 38 )
( 27 3 12 )
SimpleGrading (1 1 1)

 //block 1
hex (50 135 136 51 38 123 124 39 )
( 27 3 12 )
SimpleGrading (1 1 1)

 //block 2
hex (51 136 137 52 39 124 125 40 )
( 27 3 12 )
SimpleGrading (1 1 1)

 //block 3
hex (52 137 138 53 40 125 126 41 )
( 27 3 12 )
SimpleGrading (1 1 1)

 //block 4
hex (53 138 139 54 41 126 127 42 )
( 27 3 12 )
SimpleGrading (1 1 1)

 //block 5
hex (54 139 140 55 42 127 128 43 )
( 27 3 12 )
SimpleGrading (1 1 1)

 //block 6
hex (55 140 141 56 43 128 129 44 )
( 27 3 12 )
SimpleGrading (1 1 1)

 //block 7
hex (56 141 142 57 44 129 130 45 )
( 27 3 12 )
SimpleGrading (1 1 1)

 //block 8
hex (57 142 143 58 45 130 131 46 )
( 27 3 12 )
SimpleGrading (1 1 1)

 //block 9
hex (58 143 144 59 46 131 132 47 )
( 27 3 12 )
SimpleGrading (1 1 1)

 //block 10
hex (59 144 145 60 47 132 133 48 )
( 27 3 12 )
SimpleGrading (1 1 1)

 //block 11
hex (60 145 134 49 48 133 122 37 )
( 27 3 12 )
SimpleGrading (1 1 1)

//circle 4

 //block 0
hex (61 146 147 62 49 134 135 50 )
( 27 3 12 )
SimpleGrading (1 1 1)

 //block 1
hex (62 147 148 63 50 135 136 51 )
( 27 3 12 )
SimpleGrading (1 1 1)

 //block 2
hex (63 148 149 64 51 136 137 52 )
( 27 3 12 )
SimpleGrading (1 1 1)

 //block 3
hex (64 149 150 65 52 137 138 53 )
( 27 3 12 )
SimpleGrading (1 1 1)

 //block 4
hex (65 150 151 66 53 138 139 54 )
( 27 3 12 )
SimpleGrading (1 1 1)

 //block 5
hex (66 151 152 67 54 139 140 55 )
( 27 3 12 )
SimpleGrading (1 1 1)

 //block 6
hex (67 152 153 68 55 140 141 56 )
( 27 3 12 )
SimpleGrading (1 1 1)

 //block 7
hex (68 153 154 69 56 141 142 57 )
( 27 3 12 )
SimpleGrading (1 1 1)

 //block 8
hex (69 154 155 70 57 142 143 58 )
( 27 3 12 )
SimpleGrading (1 1 1)

 //block 9
hex (70 155 156 71 58 143 144 59 )
( 27 3 12 )
SimpleGrading (1 1 1)

 //block 10
hex (71 156 157 72 59 144 145 60 )
( 27 3 12 )
SimpleGrading (1 1 1)

 //block 11
hex (72 157 146 61 60 145 134 49 )
( 27 3 12 )
SimpleGrading (1 1 1)

//circle 5

 //block 0
hex (73 158 159 74 61 146 147 62 )
( 27 3 1 )
SimpleGrading (1 1 1)

 //block 1
hex (74 159 160 75 62 147 148 63 )
( 27 3 1 )
SimpleGrading (1 1 1)

 //block 2
hex (75 160 161 76 63 148 149 64 )
( 27 3 1 )
SimpleGrading (1 1 1)

 //block 3
hex (76 161 162 77 64 149 150 65 )
( 27 3 1 )
SimpleGrading (1 1 1)

 //block 4
hex (77 162 163 78 65 150 151 66 )
( 27 3 1 )
SimpleGrading (1 1 1)

 //block 5
hex (78 163 164 79 66 151 152 67 )
( 27 3 1 )
SimpleGrading (1 1 1)

 //block 6
hex (79 164 165 80 67 152 153 68 )
( 27 3 1 )
SimpleGrading (1 1 1)

 //block 7
hex (80 165 166 81 68 153 154 69 )
( 27 3 1 )
SimpleGrading (1 1 1)

 //block 8
hex (81 166 167 82 69 154 155 70 )
( 27 3 1 )
SimpleGrading (1 1 1)

 //block 9
hex (82 167 168 83 70 155 156 71 )
( 27 3 1 )
SimpleGrading (1 1 1)

 //block 10
hex (83 168 169 84 71 156 157 72 )
( 27 3 1 )
SimpleGrading (1 1 1)

 //block 11
hex (84 169 158 73 72 157 146 61 )
( 27 3 1 )
SimpleGrading (1 1 1)

//section 1-2

 //block 0
hex (86 171 172 87 85 170 170 85 )
rotor
( 10 3 2 )
SimpleGrading (1 1 1)

 //block 1
hex (87 172 173 88 85 170 170 85 )
rotor
( 10 3 2 )
SimpleGrading (1 1 1)

 //block 2
hex (88 173 174 89 85 170 170 85 )
rotor
( 10 3 2 )
SimpleGrading (1 1 1)

 //block 3
hex (89 174 175 90 85 170 170 85 )
rotor
( 10 3 2 )
SimpleGrading (1 1 1)

 //block 4
hex (90 175 176 91 85 170 170 85 )
rotor
( 10 3 2 )
SimpleGrading (1 1 1)

 //block 5
hex (91 176 177 92 85 170 170 85 )
rotor
( 10 3 2 )
SimpleGrading (1 1 1)

 //block 6
hex (92 177 178 93 85 170 170 85 )
rotor
( 10 3 2 )
SimpleGrading (1 1 1)

 //block 7
hex (93 178 179 94 85 170 170 85 )
rotor
( 10 3 2 )
SimpleGrading (1 1 1)

 //block 8
hex (94 179 180 95 85 170 170 85 )
rotor
( 10 3 2 )
SimpleGrading (1 1 1)

 //block 9
hex (95 180 181 96 85 170 170 85 )
rotor
( 10 3 2 )
SimpleGrading (1 1 1)

 //block 10
hex (96 181 182 97 85 170 170 85 )
rotor
( 10 3 2 )
SimpleGrading (1 1 1)

 //block 11
hex (97 182 171 86 85 170 170 85 )
rotor
( 10 3 2 )
SimpleGrading (1 1 1)

//circles

//circle 0

 //block 0
hex (98 183 184 99 86 171 172 87 )
rotor
( 10 3 2 )
SimpleGrading (1 1 1)

 //block 1
hex (99 184 185 100 87 172 173 88 )
rotor
( 10 3 2 )
SimpleGrading (1 1 1)

 //block 2
hex (100 185 186 101 88 173 174 89 )
rotor
( 10 3 2 )
SimpleGrading (1 1 1)

 //block 3
hex (101 186 187 102 89 174 175 90 )
rotor
( 10 3 2 )
SimpleGrading (1 1 1)

 //block 4
hex (102 187 188 103 90 175 176 91 )
rotor
( 10 3 2 )
SimpleGrading (1 1 1)

 //block 5
hex (103 188 189 104 91 176 177 92 )
rotor
( 10 3 2 )
SimpleGrading (1 1 1)

 //block 6
hex (104 189 190 105 92 177 178 93 )
rotor
( 10 3 2 )
SimpleGrading (1 1 1)

 //block 7
hex (105 190 191 106 93 178 179 94 )
rotor
( 10 3 2 )
SimpleGrading (1 1 1)

 //block 8
hex (106 191 192 107 94 179 180 95 )
rotor
( 10 3 2 )
SimpleGrading (1 1 1)

 //block 9
hex (107 192 193 108 95 180 181 96 )
rotor
( 10 3 2 )
SimpleGrading (1 1 1)

 //block 10
hex (108 193 194 109 96 181 182 97 )
rotor
( 10 3 2 )
SimpleGrading (1 1 1)

 //block 11
hex (109 194 183 98 97 182 171 86 )
rotor
( 10 3 2 )
SimpleGrading (1 1 1)

//circle 1

 //block 0
hex (960 1045 196 111 98 183 184 99 )
rotor
( 10 3 6 )
SimpleGrading (1 1 1)

 //block 1
hex (111 196 197 112 99 184 185 100 )
rotor
( 10 3 6 )
SimpleGrading (1 1 1)

 //block 2
hex (962 1047 198 113 100 185 186 101 )
rotor
( 10 3 6 )
SimpleGrading (1 1 1)

 //block 3
hex (113 198 199 114 101 186 187 102 )
rotor
( 10 3 6 )
SimpleGrading (1 1 1)

 //block 4
hex (964 1049 200 115 102 187 188 103 )
rotor
( 10 3 6 )
SimpleGrading (1 1 1)

 //block 5
hex (115 200 201 116 103 188 189 104 )
rotor
( 10 3 6 )
SimpleGrading (1 1 1)

 //block 6
hex (966 1051 202 117 104 189 190 105 )
rotor
( 10 3 6 )
SimpleGrading (1 1 1)

 //block 7
hex (117 202 203 118 105 190 191 106 )
rotor
( 10 3 6 )
SimpleGrading (1 1 1)

 //block 8
hex (968 1053 204 119 106 191 192 107 )
rotor
( 10 3 6 )
SimpleGrading (1 1 1)

 //block 9
hex (119 204 205 120 107 192 193 108 )
rotor
( 10 3 6 )
SimpleGrading (1 1 1)

 //block 10
hex (970 1055 206 121 108 193 194 109 )
rotor
( 10 3 6 )
SimpleGrading (1 1 1)

 //block 11
hex (121 206 195 110 109 194 183 98 )
rotor
( 10 3 6 )
SimpleGrading (1 1 1)

//circle 2

 //block 0
hex (122 207 208 123 960 1045 196 111 )
rotor
( 10 3 6 )
SimpleGrading (1 1 1)

 //block 1
hex (123 208 209 124 111 196 197 112 )
rotor
( 10 3 6 )
SimpleGrading (1 1 1)

 //block 2
hex (124 209 210 125 962 1047 198 113 )
rotor
( 10 3 6 )
SimpleGrading (1 1 1)

 //block 3
hex (125 210 211 126 113 198 199 114 )
rotor
( 10 3 6 )
SimpleGrading (1 1 1)

 //block 4
hex (126 211 212 127 964 1049 200 115 )
rotor
( 10 3 6 )
SimpleGrading (1 1 1)

 //block 5
hex (127 212 213 128 115 200 201 116 )
rotor
( 10 3 6 )
SimpleGrading (1 1 1)

 //block 6
hex (128 213 214 129 966 1051 202 117 )
rotor
( 10 3 6 )
SimpleGrading (1 1 1)

 //block 7
hex (129 214 215 130 117 202 203 118 )
rotor
( 10 3 6 )
SimpleGrading (1 1 1)

 //block 8
hex (130 215 216 131 968 1053 204 119 )
rotor
( 10 3 6 )
SimpleGrading (1 1 1)

 //block 9
hex (131 216 217 132 119 204 205 120 )
rotor
( 10 3 6 )
SimpleGrading (1 1 1)

 //block 10
hex (132 217 218 133 970 1055 206 121 )
rotor
( 10 3 6 )
SimpleGrading (1 1 1)

 //block 11
hex (133 218 207 122 121 206 195 110 )
rotor
( 10 3 6 )
SimpleGrading (1 1 1)

//circle 3

 //block 0
hex (134 219 220 135 122 207 208 123 )
rotor
( 10 3 12 )
SimpleGrading (1 1 1)

 //block 1
hex (135 220 221 136 123 208 209 124 )
rotor
( 10 3 12 )
SimpleGrading (1 1 1)

 //block 2
hex (136 221 222 137 124 209 210 125 )
rotor
( 10 3 12 )
SimpleGrading (1 1 1)

 //block 3
hex (137 222 223 138 125 210 211 126 )
rotor
( 10 3 12 )
SimpleGrading (1 1 1)

 //block 4
hex (138 223 224 139 126 211 212 127 )
rotor
( 10 3 12 )
SimpleGrading (1 1 1)

 //block 5
hex (139 224 225 140 127 212 213 128 )
rotor
( 10 3 12 )
SimpleGrading (1 1 1)

 //block 6
hex (140 225 226 141 128 213 214 129 )
rotor
( 10 3 12 )
SimpleGrading (1 1 1)

 //block 7
hex (141 226 227 142 129 214 215 130 )
rotor
( 10 3 12 )
SimpleGrading (1 1 1)

 //block 8
hex (142 227 228 143 130 215 216 131 )
rotor
( 10 3 12 )
SimpleGrading (1 1 1)

 //block 9
hex (143 228 229 144 131 216 217 132 )
rotor
( 10 3 12 )
SimpleGrading (1 1 1)

 //block 10
hex (144 229 230 145 132 217 218 133 )
rotor
( 10 3 12 )
SimpleGrading (1 1 1)

 //block 11
hex (145 230 219 134 133 218 207 122 )
rotor
( 10 3 12 )
SimpleGrading (1 1 1)

//circle 4

 //block 0
hex (146 231 232 147 134 219 220 135 )
( 10 3 12 )
SimpleGrading (1 1 1)

 //block 1
hex (147 232 233 148 135 220 221 136 )
( 10 3 12 )
SimpleGrading (1 1 1)

 //block 2
hex (148 233 234 149 136 221 222 137 )
( 10 3 12 )
SimpleGrading (1 1 1)

 //block 3
hex (149 234 235 150 137 222 223 138 )
( 10 3 12 )
SimpleGrading (1 1 1)

 //block 4
hex (150 235 236 151 138 223 224 139 )
( 10 3 12 )
SimpleGrading (1 1 1)

 //block 5
hex (151 236 237 152 139 224 225 140 )
( 10 3 12 )
SimpleGrading (1 1 1)

 //block 6
hex (152 237 238 153 140 225 226 141 )
( 10 3 12 )
SimpleGrading (1 1 1)

 //block 7
hex (153 238 239 154 141 226 227 142 )
( 10 3 12 )
SimpleGrading (1 1 1)

 //block 8
hex (154 239 240 155 142 227 228 143 )
( 10 3 12 )
SimpleGrading (1 1 1)

 //block 9
hex (155 240 241 156 143 228 229 144 )
( 10 3 12 )
SimpleGrading (1 1 1)

 //block 10
hex (156 241 242 157 144 229 230 145 )
( 10 3 12 )
SimpleGrading (1 1 1)

 //block 11
hex (157 242 231 146 145 230 219 134 )
( 10 3 12 )
SimpleGrading (1 1 1)

//circle 5

 //block 0
hex (158 243 244 159 146 231 232 147 )
( 10 3 1 )
SimpleGrading (1 1 1)

 //block 1
hex (159 244 245 160 147 232 233 148 )
( 10 3 1 )
SimpleGrading (1 1 1)

 //block 2
hex (160 245 246 161 148 233 234 149 )
( 10 3 1 )
SimpleGrading (1 1 1)

 //block 3
hex (161 246 247 162 149 234 235 150 )
( 10 3 1 )
SimpleGrading (1 1 1)

 //block 4
hex (162 247 248 163 150 235 236 151 )
( 10 3 1 )
SimpleGrading (1 1 1)

 //block 5
hex (163 248 249 164 151 236 237 152 )
( 10 3 1 )
SimpleGrading (1 1 1)

 //block 6
hex (164 249 250 165 152 237 238 153 )
( 10 3 1 )
SimpleGrading (1 1 1)

 //block 7
hex (165 250 251 166 153 238 239 154 )
( 10 3 1 )
SimpleGrading (1 1 1)

 //block 8
hex (166 251 252 167 154 239 240 155 )
( 10 3 1 )
SimpleGrading (1 1 1)

 //block 9
hex (167 252 253 168 155 240 241 156 )
( 10 3 1 )
SimpleGrading (1 1 1)

 //block 10
hex (168 253 254 169 156 241 242 157 )
( 10 3 1 )
SimpleGrading (1 1 1)

 //block 11
hex (169 254 243 158 157 242 231 146 )
( 10 3 1 )
SimpleGrading (1 1 1)

//section 2-3

//circles

//circle 2

 //block 0
hex (207 292 293 208 1045 1130 281 196 )
rotor
( 4 3 6 )
SimpleGrading (1 1 1)

 //block 1
hex (208 293 294 209 196 281 282 197 )
rotor
( 4 3 6 )
SimpleGrading (1 1 1)

 //block 2
hex (209 294 295 210 1047 1132 283 198 )
rotor
( 4 3 6 )
SimpleGrading (1 1 1)

 //block 3
hex (210 295 296 211 198 283 284 199 )
rotor
( 4 3 6 )
SimpleGrading (1 1 1)

 //block 4
hex (211 296 297 212 1049 1134 285 200 )
rotor
( 4 3 6 )
SimpleGrading (1 1 1)

 //block 5
hex (212 297 298 213 200 285 286 201 )
rotor
( 4 3 6 )
SimpleGrading (1 1 1)

 //block 6
hex (213 298 299 214 1051 1136 287 202 )
rotor
( 4 3 6 )
SimpleGrading (1 1 1)

 //block 7
hex (214 299 300 215 202 287 288 203 )
rotor
( 4 3 6 )
SimpleGrading (1 1 1)

 //block 8
hex (215 300 301 216 1053 1138 289 204 )
rotor
( 4 3 6 )
SimpleGrading (1 1 1)

 //block 9
hex (216 301 302 217 204 289 290 205 )
rotor
( 4 3 6 )
SimpleGrading (1 1 1)

 //block 10
hex (217 302 303 218 1055 1140 291 206 )
rotor
( 4 3 6 )
SimpleGrading (1 1 1)

 //block 11
hex (218 303 292 207 206 291 280 195 )
rotor
( 4 3 6 )
SimpleGrading (1 1 1)

//circle 3

 //block 0
hex (219 304 305 220 207 292 293 208 )
rotor
( 4 3 12 )
SimpleGrading (1 1 1)

 //block 1
hex (220 305 306 221 208 293 294 209 )
rotor
( 4 3 12 )
SimpleGrading (1 1 1)

 //block 2
hex (221 306 307 222 209 294 295 210 )
rotor
( 4 3 12 )
SimpleGrading (1 1 1)

 //block 3
hex (222 307 308 223 210 295 296 211 )
rotor
( 4 3 12 )
SimpleGrading (1 1 1)

 //block 4
hex (223 308 309 224 211 296 297 212 )
rotor
( 4 3 12 )
SimpleGrading (1 1 1)

 //block 5
hex (224 309 310 225 212 297 298 213 )
rotor
( 4 3 12 )
SimpleGrading (1 1 1)

 //block 6
hex (225 310 311 226 213 298 299 214 )
rotor
( 4 3 12 )
SimpleGrading (1 1 1)

 //block 7
hex (226 311 312 227 214 299 300 215 )
rotor
( 4 3 12 )
SimpleGrading (1 1 1)

 //block 8
hex (227 312 313 228 215 300 301 216 )
rotor
( 4 3 12 )
SimpleGrading (1 1 1)

 //block 9
hex (228 313 314 229 216 301 302 217 )
rotor
( 4 3 12 )
SimpleGrading (1 1 1)

 //block 10
hex (229 314 315 230 217 302 303 218 )
rotor
( 4 3 12 )
SimpleGrading (1 1 1)

 //block 11
hex (230 315 304 219 218 303 292 207 )
rotor
( 4 3 12 )
SimpleGrading (1 1 1)

//circle 4

 //block 0
hex (231 316 317 232 219 304 305 220 )
( 4 3 12 )
SimpleGrading (1 1 1)

 //block 1
hex (232 317 318 233 220 305 306 221 )
( 4 3 12 )
SimpleGrading (1 1 1)

 //block 2
hex (233 318 319 234 221 306 307 222 )
( 4 3 12 )
SimpleGrading (1 1 1)

 //block 3
hex (234 319 320 235 222 307 308 223 )
( 4 3 12 )
SimpleGrading (1 1 1)

 //block 4
hex (235 320 321 236 223 308 309 224 )
( 4 3 12 )
SimpleGrading (1 1 1)

 //block 5
hex (236 321 322 237 224 309 310 225 )
( 4 3 12 )
SimpleGrading (1 1 1)

 //block 6
hex (237 322 323 238 225 310 311 226 )
( 4 3 12 )
SimpleGrading (1 1 1)

 //block 7
hex (238 323 324 239 226 311 312 227 )
( 4 3 12 )
SimpleGrading (1 1 1)

 //block 8
hex (239 324 325 240 227 312 313 228 )
( 4 3 12 )
SimpleGrading (1 1 1)

 //block 9
hex (240 325 326 241 228 313 314 229 )
( 4 3 12 )
SimpleGrading (1 1 1)

 //block 10
hex (241 326 327 242 229 314 315 230 )
( 4 3 12 )
SimpleGrading (1 1 1)

 //block 11
hex (242 327 316 231 230 315 304 219 )
( 4 3 12 )
SimpleGrading (1 1 1)

//circle 5

 //block 0
hex (243 328 329 244 231 316 317 232 )
( 4 3 1 )
SimpleGrading (1 1 1)

 //block 1
hex (244 329 330 245 232 317 318 233 )
( 4 3 1 )
SimpleGrading (1 1 1)

 //block 2
hex (245 330 331 246 233 318 319 234 )
( 4 3 1 )
SimpleGrading (1 1 1)

 //block 3
hex (246 331 332 247 234 319 320 235 )
( 4 3 1 )
SimpleGrading (1 1 1)

 //block 4
hex (247 332 333 248 235 320 321 236 )
( 4 3 1 )
SimpleGrading (1 1 1)

 //block 5
hex (248 333 334 249 236 321 322 237 )
( 4 3 1 )
SimpleGrading (1 1 1)

 //block 6
hex (249 334 335 250 237 322 323 238 )
( 4 3 1 )
SimpleGrading (1 1 1)

 //block 7
hex (250 335 336 251 238 323 324 239 )
( 4 3 1 )
SimpleGrading (1 1 1)

 //block 8
hex (251 336 337 252 239 324 325 240 )
( 4 3 1 )
SimpleGrading (1 1 1)

 //block 9
hex (252 337 338 253 240 325 326 241 )
( 4 3 1 )
SimpleGrading (1 1 1)

 //block 10
hex (253 338 339 254 241 326 327 242 )
( 4 3 1 )
SimpleGrading (1 1 1)

 //block 11
hex (254 339 328 243 242 327 316 231 )
( 4 3 1 )
SimpleGrading (1 1 1)

//section 3-4

//circles

//circle 0

 //block 0
hex (268 353 354 269 256 341 342 257 )
rotor
( 10 3 2 )
SimpleGrading (1 1 1)

 //block 1
hex (269 354 355 270 257 342 343 258 )
rotor
( 10 3 2 )
SimpleGrading (1 1 1)

 //block 2
hex (270 355 356 271 258 343 344 259 )
rotor
( 10 3 2 )
SimpleGrading (1 1 1)

 //block 3
hex (271 356 357 272 259 344 345 260 )
rotor
( 10 3 2 )
SimpleGrading (1 1 1)

 //block 4
hex (272 357 358 273 260 345 346 261 )
rotor
( 10 3 2 )
SimpleGrading (1 1 1)

 //block 5
hex (273 358 359 274 261 346 347 262 )
rotor
( 10 3 2 )
SimpleGrading (1 1 1)

 //block 6
hex (274 359 360 275 262 347 348 263 )
rotor
( 10 3 2 )
SimpleGrading (1 1 1)

 //block 7
hex (275 360 361 276 263 348 349 264 )
rotor
( 10 3 2 )
SimpleGrading (1 1 1)

 //block 8
hex (276 361 362 277 264 349 350 265 )
rotor
( 10 3 2 )
SimpleGrading (1 1 1)

 //block 9
hex (277 362 363 278 265 350 351 266 )
rotor
( 10 3 2 )
SimpleGrading (1 1 1)

 //block 10
hex (278 363 364 279 266 351 352 267 )
rotor
( 10 3 2 )
SimpleGrading (1 1 1)

 //block 11
hex (279 364 353 268 267 352 341 256 )
rotor
( 10 3 2 )
SimpleGrading (1 1 1)

//circle 1

 //block 0
hex (1130 1215 366 281 268 353 354 269 )
rotor
( 10 3 6 )
SimpleGrading (1 1 1)

 //block 1
hex (281 366 367 282 269 354 355 270 )
rotor
( 10 3 6 )
SimpleGrading (1 1 1)

 //block 2
hex (1132 1217 368 283 270 355 356 271 )
rotor
( 10 3 6 )
SimpleGrading (1 1 1)

 //block 3
hex (283 368 369 284 271 356 357 272 )
rotor
( 10 3 6 )
SimpleGrading (1 1 1)

 //block 4
hex (1134 1219 370 285 272 357 358 273 )
rotor
( 10 3 6 )
SimpleGrading (1 1 1)

 //block 5
hex (285 370 371 286 273 358 359 274 )
rotor
( 10 3 6 )
SimpleGrading (1 1 1)

 //block 6
hex (1136 1221 372 287 274 359 360 275 )
rotor
( 10 3 6 )
SimpleGrading (1 1 1)

 //block 7
hex (287 372 373 288 275 360 361 276 )
rotor
( 10 3 6 )
SimpleGrading (1 1 1)

 //block 8
hex (1138 1223 374 289 276 361 362 277 )
rotor
( 10 3 6 )
SimpleGrading (1 1 1)

 //block 9
hex (289 374 375 290 277 362 363 278 )
rotor
( 10 3 6 )
SimpleGrading (1 1 1)

 //block 10
hex (1140 1225 376 291 278 363 364 279 )
rotor
( 10 3 6 )
SimpleGrading (1 1 1)

 //block 11
hex (291 376 365 280 279 364 353 268 )
rotor
( 10 3 6 )
SimpleGrading (1 1 1)

//circle 2

 //block 0
hex (292 377 378 293 1130 1215 366 281 )
rotor
( 10 3 6 )
SimpleGrading (1 1 1)

 //block 1
hex (293 378 379 294 281 366 367 282 )
rotor
( 10 3 6 )
SimpleGrading (1 1 1)

 //block 2
hex (294 379 380 295 1132 1217 368 283 )
rotor
( 10 3 6 )
SimpleGrading (1 1 1)

 //block 3
hex (295 380 381 296 283 368 369 284 )
rotor
( 10 3 6 )
SimpleGrading (1 1 1)

 //block 4
hex (296 381 382 297 1134 1219 370 285 )
rotor
( 10 3 6 )
SimpleGrading (1 1 1)

 //block 5
hex (297 382 383 298 285 370 371 286 )
rotor
( 10 3 6 )
SimpleGrading (1 1 1)

 //block 6
hex (298 383 384 299 1136 1221 372 287 )
rotor
( 10 3 6 )
SimpleGrading (1 1 1)

 //block 7
hex (299 384 385 300 287 372 373 288 )
rotor
( 10 3 6 )
SimpleGrading (1 1 1)

 //block 8
hex (300 385 386 301 1138 1223 374 289 )
rotor
( 10 3 6 )
SimpleGrading (1 1 1)

 //block 9
hex (301 386 387 302 289 374 375 290 )
rotor
( 10 3 6 )
SimpleGrading (1 1 1)

 //block 10
hex (302 387 388 303 1140 1225 376 291 )
rotor
( 10 3 6 )
SimpleGrading (1 1 1)

 //block 11
hex (303 388 377 292 291 376 365 280 )
rotor
( 10 3 6 )
SimpleGrading (1 1 1)

//circle 3

 //block 0
hex (304 389 390 305 292 377 378 293 )
rotor
( 10 3 12 )
SimpleGrading (1 1 1)

 //block 1
hex (305 390 391 306 293 378 379 294 )
rotor
( 10 3 12 )
SimpleGrading (1 1 1)

 //block 2
hex (306 391 392 307 294 379 380 295 )
rotor
( 10 3 12 )
SimpleGrading (1 1 1)

 //block 3
hex (307 392 393 308 295 380 381 296 )
rotor
( 10 3 12 )
SimpleGrading (1 1 1)

 //block 4
hex (308 393 394 309 296 381 382 297 )
rotor
( 10 3 12 )
SimpleGrading (1 1 1)

 //block 5
hex (309 394 395 310 297 382 383 298 )
rotor
( 10 3 12 )
SimpleGrading (1 1 1)

 //block 6
hex (310 395 396 311 298 383 384 299 )
rotor
( 10 3 12 )
SimpleGrading (1 1 1)

 //block 7
hex (311 396 397 312 299 384 385 300 )
rotor
( 10 3 12 )
SimpleGrading (1 1 1)

 //block 8
hex (312 397 398 313 300 385 386 301 )
rotor
( 10 3 12 )
SimpleGrading (1 1 1)

 //block 9
hex (313 398 399 314 301 386 387 302 )
rotor
( 10 3 12 )
SimpleGrading (1 1 1)

 //block 10
hex (314 399 400 315 302 387 388 303 )
rotor
( 10 3 12 )
SimpleGrading (1 1 1)

 //block 11
hex (315 400 389 304 303 388 377 292 )
rotor
( 10 3 12 )
SimpleGrading (1 1 1)

//circle 4

 //block 0
hex (316 401 402 317 304 389 390 305 )
( 10 3 12 )
SimpleGrading (1 1 1)

 //block 1
hex (317 402 403 318 305 390 391 306 )
( 10 3 12 )
SimpleGrading (1 1 1)

 //block 2
hex (318 403 404 319 306 391 392 307 )
( 10 3 12 )
SimpleGrading (1 1 1)

 //block 3
hex (319 404 405 320 307 392 393 308 )
( 10 3 12 )
SimpleGrading (1 1 1)

 //block 4
hex (320 405 406 321 308 393 394 309 )
( 10 3 12 )
SimpleGrading (1 1 1)

 //block 5
hex (321 406 407 322 309 394 395 310 )
( 10 3 12 )
SimpleGrading (1 1 1)

 //block 6
hex (322 407 408 323 310 395 396 311 )
( 10 3 12 )
SimpleGrading (1 1 1)

 //block 7
hex (323 408 409 324 311 396 397 312 )
( 10 3 12 )
SimpleGrading (1 1 1)

 //block 8
hex (324 409 410 325 312 397 398 313 )
( 10 3 12 )
SimpleGrading (1 1 1)

 //block 9
hex (325 410 411 326 313 398 399 314 )
( 10 3 12 )
SimpleGrading (1 1 1)

 //block 10
hex (326 411 412 327 314 399 400 315 )
( 10 3 12 )
SimpleGrading (1 1 1)

 //block 11
hex (327 412 401 316 315 400 389 304 )
( 10 3 12 )
SimpleGrading (1 1 1)

//circle 5

 //block 0
hex (328 413 414 329 316 401 402 317 )
( 10 3 1 )
SimpleGrading (1 1 1)

 //block 1
hex (329 414 415 330 317 402 403 318 )
( 10 3 1 )
SimpleGrading (1 1 1)

 //block 2
hex (330 415 416 331 318 403 404 319 )
( 10 3 1 )
SimpleGrading (1 1 1)

 //block 3
hex (331 416 417 332 319 404 405 320 )
( 10 3 1 )
SimpleGrading (1 1 1)

 //block 4
hex (332 417 418 333 320 405 406 321 )
( 10 3 1 )
SimpleGrading (1 1 1)

 //block 5
hex (333 418 419 334 321 406 407 322 )
( 10 3 1 )
SimpleGrading (1 1 1)

 //block 6
hex (334 419 420 335 322 407 408 323 )
( 10 3 1 )
SimpleGrading (1 1 1)

 //block 7
hex (335 420 421 336 323 408 409 324 )
( 10 3 1 )
SimpleGrading (1 1 1)

 //block 8
hex (336 421 422 337 324 409 410 325 )
( 10 3 1 )
SimpleGrading (1 1 1)

 //block 9
hex (337 422 423 338 325 410 411 326 )
( 10 3 1 )
SimpleGrading (1 1 1)

 //block 10
hex (338 423 424 339 326 411 412 327 )
( 10 3 1 )
SimpleGrading (1 1 1)

 //block 11
hex (339 424 413 328 327 412 401 316 )
( 10 3 1 )
SimpleGrading (1 1 1)

//section 4-5

//circles

//circle 0

 //block 0
hex (353 438 439 354 341 426 427 342 )
rotor
( 12 3 2 )
SimpleGrading (1 1 1)

 //block 1
hex (354 439 440 355 342 427 428 343 )
rotor
( 12 3 2 )
SimpleGrading (1 1 1)

 //block 2
hex (355 440 441 356 343 428 429 344 )
rotor
( 12 3 2 )
SimpleGrading (1 1 1)

 //block 3
hex (356 441 442 357 344 429 430 345 )
rotor
( 12 3 2 )
SimpleGrading (1 1 1)

 //block 4
hex (357 442 443 358 345 430 431 346 )
rotor
( 12 3 2 )
SimpleGrading (1 1 1)

 //block 5
hex (358 443 444 359 346 431 432 347 )
rotor
( 12 3 2 )
SimpleGrading (1 1 1)

 //block 6
hex (359 444 445 360 347 432 433 348 )
rotor
( 12 3 2 )
SimpleGrading (1 1 1)

 //block 7
hex (360 445 446 361 348 433 434 349 )
rotor
( 12 3 2 )
SimpleGrading (1 1 1)

 //block 8
hex (361 446 447 362 349 434 435 350 )
rotor
( 12 3 2 )
SimpleGrading (1 1 1)

 //block 9
hex (362 447 448 363 350 435 436 351 )
rotor
( 12 3 2 )
SimpleGrading (1 1 1)

 //block 10
hex (363 448 449 364 351 436 437 352 )
rotor
( 12 3 2 )
SimpleGrading (1 1 1)

 //block 11
hex (364 449 438 353 352 437 426 341 )
rotor
( 12 3 2 )
SimpleGrading (1 1 1)

//circle 1

 //block 0
hex (1215 1300 451 366 353 438 439 354 )
rotor
( 12 3 6 )
SimpleGrading (1 1 1)

 //block 1
hex (366 451 452 367 354 439 440 355 )
rotor
( 12 3 6 )
SimpleGrading (1 1 1)

 //block 2
hex (1217 1302 453 368 355 440 441 356 )
rotor
( 12 3 6 )
SimpleGrading (1 1 1)

 //block 3
hex (368 453 454 369 356 441 442 357 )
rotor
( 12 3 6 )
SimpleGrading (1 1 1)

 //block 4
hex (1219 1304 455 370 357 442 443 358 )
rotor
( 12 3 6 )
SimpleGrading (1 1 1)

 //block 5
hex (370 455 456 371 358 443 444 359 )
rotor
( 12 3 6 )
SimpleGrading (1 1 1)

 //block 6
hex (1221 1306 457 372 359 444 445 360 )
rotor
( 12 3 6 )
SimpleGrading (1 1 1)

 //block 7
hex (372 457 458 373 360 445 446 361 )
rotor
( 12 3 6 )
SimpleGrading (1 1 1)

 //block 8
hex (1223 1308 459 374 361 446 447 362 )
rotor
( 12 3 6 )
SimpleGrading (1 1 1)

 //block 9
hex (374 459 460 375 362 447 448 363 )
rotor
( 12 3 6 )
SimpleGrading (1 1 1)

 //block 10
hex (1225 1310 461 376 363 448 449 364 )
rotor
( 12 3 6 )
SimpleGrading (1 1 1)

 //block 11
hex (376 461 450 365 364 449 438 353 )
rotor
( 12 3 6 )
SimpleGrading (1 1 1)

//circle 2

 //block 0
hex (377 462 463 378 1215 1300 451 366 )
rotor
( 12 3 6 )
SimpleGrading (1 1 1)

 //block 1
hex (378 463 464 379 366 451 452 367 )
rotor
( 12 3 6 )
SimpleGrading (1 1 1)

 //block 2
hex (379 464 465 380 1217 1302 453 368 )
rotor
( 12 3 6 )
SimpleGrading (1 1 1)

 //block 3
hex (380 465 466 381 368 453 454 369 )
rotor
( 12 3 6 )
SimpleGrading (1 1 1)

 //block 4
hex (381 466 467 382 1219 1304 455 370 )
rotor
( 12 3 6 )
SimpleGrading (1 1 1)

 //block 5
hex (382 467 468 383 370 455 456 371 )
rotor
( 12 3 6 )
SimpleGrading (1 1 1)

 //block 6
hex (383 468 469 384 1221 1306 457 372 )
rotor
( 12 3 6 )
SimpleGrading (1 1 1)

 //block 7
hex (384 469 470 385 372 457 458 373 )
rotor
( 12 3 6 )
SimpleGrading (1 1 1)

 //block 8
hex (385 470 471 386 1223 1308 459 374 )
rotor
( 12 3 6 )
SimpleGrading (1 1 1)

 //block 9
hex (386 471 472 387 374 459 460 375 )
rotor
( 12 3 6 )
SimpleGrading (1 1 1)

 //block 10
hex (387 472 473 388 1225 1310 461 376 )
rotor
( 12 3 6 )
SimpleGrading (1 1 1)

 //block 11
hex (388 473 462 377 376 461 450 365 )
rotor
( 12 3 6 )
SimpleGrading (1 1 1)

//circle 3

 //block 0
hex (389 474 475 390 377 462 463 378 )
rotor
( 12 3 12 )
SimpleGrading (1 1 1)

 //block 1
hex (390 475 476 391 378 463 464 379 )
rotor
( 12 3 12 )
SimpleGrading (1 1 1)

 //block 2
hex (391 476 477 392 379 464 465 380 )
rotor
( 12 3 12 )
SimpleGrading (1 1 1)

 //block 3
hex (392 477 478 393 380 465 466 381 )
rotor
( 12 3 12 )
SimpleGrading (1 1 1)

 //block 4
hex (393 478 479 394 381 466 467 382 )
rotor
( 12 3 12 )
SimpleGrading (1 1 1)

 //block 5
hex (394 479 480 395 382 467 468 383 )
rotor
( 12 3 12 )
SimpleGrading (1 1 1)

 //block 6
hex (395 480 481 396 383 468 469 384 )
rotor
( 12 3 12 )
SimpleGrading (1 1 1)

 //block 7
hex (396 481 482 397 384 469 470 385 )
rotor
( 12 3 12 )
SimpleGrading (1 1 1)

 //block 8
hex (397 482 483 398 385 470 471 386 )
rotor
( 12 3 12 )
SimpleGrading (1 1 1)

 //block 9
hex (398 483 484 399 386 471 472 387 )
rotor
( 12 3 12 )
SimpleGrading (1 1 1)

 //block 10
hex (399 484 485 400 387 472 473 388 )
rotor
( 12 3 12 )
SimpleGrading (1 1 1)

 //block 11
hex (400 485 474 389 388 473 462 377 )
rotor
( 12 3 12 )
SimpleGrading (1 1 1)

//circle 4

 //block 0
hex (401 486 487 402 389 474 475 390 )
( 12 3 12 )
SimpleGrading (1 1 1)

 //block 1
hex (402 487 488 403 390 475 476 391 )
( 12 3 12 )
SimpleGrading (1 1 1)

 //block 2
hex (403 488 489 404 391 476 477 392 )
( 12 3 12 )
SimpleGrading (1 1 1)

 //block 3
hex (404 489 490 405 392 477 478 393 )
( 12 3 12 )
SimpleGrading (1 1 1)

 //block 4
hex (405 490 491 406 393 478 479 394 )
( 12 3 12 )
SimpleGrading (1 1 1)

 //block 5
hex (406 491 492 407 394 479 480 395 )
( 12 3 12 )
SimpleGrading (1 1 1)

 //block 6
hex (407 492 493 408 395 480 481 396 )
( 12 3 12 )
SimpleGrading (1 1 1)

 //block 7
hex (408 493 494 409 396 481 482 397 )
( 12 3 12 )
SimpleGrading (1 1 1)

 //block 8
hex (409 494 495 410 397 482 483 398 )
( 12 3 12 )
SimpleGrading (1 1 1)

 //block 9
hex (410 495 496 411 398 483 484 399 )
( 12 3 12 )
SimpleGrading (1 1 1)

 //block 10
hex (411 496 497 412 399 484 485 400 )
( 12 3 12 )
SimpleGrading (1 1 1)

 //block 11
hex (412 497 486 401 400 485 474 389 )
( 12 3 12 )
SimpleGrading (1 1 1)

//circle 5

 //block 0
hex (413 498 499 414 401 486 487 402 )
( 12 3 1 )
SimpleGrading (1 1 1)

 //block 1
hex (414 499 500 415 402 487 488 403 )
( 12 3 1 )
SimpleGrading (1 1 1)

 //block 2
hex (415 500 501 416 403 488 489 404 )
( 12 3 1 )
SimpleGrading (1 1 1)

 //block 3
hex (416 501 502 417 404 489 490 405 )
( 12 3 1 )
SimpleGrading (1 1 1)

 //block 4
hex (417 502 503 418 405 490 491 406 )
( 12 3 1 )
SimpleGrading (1 1 1)

 //block 5
hex (418 503 504 419 406 491 492 407 )
( 12 3 1 )
SimpleGrading (1 1 1)

 //block 6
hex (419 504 505 420 407 492 493 408 )
( 12 3 1 )
SimpleGrading (1 1 1)

 //block 7
hex (420 505 506 421 408 493 494 409 )
( 12 3 1 )
SimpleGrading (1 1 1)

 //block 8
hex (421 506 507 422 409 494 495 410 )
( 12 3 1 )
SimpleGrading (1 1 1)

 //block 9
hex (422 507 508 423 410 495 496 411 )
( 12 3 1 )
SimpleGrading (1 1 1)

 //block 10
hex (423 508 509 424 411 496 497 412 )
( 12 3 1 )
SimpleGrading (1 1 1)

 //block 11
hex (424 509 498 413 412 497 486 401 )
( 12 3 1 )
SimpleGrading (1 1 1)

//section 5-6

//circles

//circle 0

 //block 0
hex (438 523 524 439 426 511 512 427 )
rotor
( 10 3 2 )
SimpleGrading (1 1 1)

 //block 1
hex (439 524 525 440 427 512 513 428 )
rotor
( 10 3 2 )
SimpleGrading (1 1 1)

 //block 2
hex (440 525 526 441 428 513 514 429 )
rotor
( 10 3 2 )
SimpleGrading (1 1 1)

 //block 3
hex (441 526 527 442 429 514 515 430 )
rotor
( 10 3 2 )
SimpleGrading (1 1 1)

 //block 4
hex (442 527 528 443 430 515 516 431 )
rotor
( 10 3 2 )
SimpleGrading (1 1 1)

 //block 5
hex (443 528 529 444 431 516 517 432 )
rotor
( 10 3 2 )
SimpleGrading (1 1 1)

 //block 6
hex (444 529 530 445 432 517 518 433 )
rotor
( 10 3 2 )
SimpleGrading (1 1 1)

 //block 7
hex (445 530 531 446 433 518 519 434 )
rotor
( 10 3 2 )
SimpleGrading (1 1 1)

 //block 8
hex (446 531 532 447 434 519 520 435 )
rotor
( 10 3 2 )
SimpleGrading (1 1 1)

 //block 9
hex (447 532 533 448 435 520 521 436 )
rotor
( 10 3 2 )
SimpleGrading (1 1 1)

 //block 10
hex (448 533 534 449 436 521 522 437 )
rotor
( 10 3 2 )
SimpleGrading (1 1 1)

 //block 11
hex (449 534 523 438 437 522 511 426 )
rotor
( 10 3 2 )
SimpleGrading (1 1 1)

//circle 1

 //block 0
hex (1300 1385 536 451 438 523 524 439 )
rotor
( 10 3 6 )
SimpleGrading (1 1 1)

 //block 1
hex (451 536 537 452 439 524 525 440 )
rotor
( 10 3 6 )
SimpleGrading (1 1 1)

 //block 2
hex (1302 1387 538 453 440 525 526 441 )
rotor
( 10 3 6 )
SimpleGrading (1 1 1)

 //block 3
hex (453 538 539 454 441 526 527 442 )
rotor
( 10 3 6 )
SimpleGrading (1 1 1)

 //block 4
hex (1304 1389 540 455 442 527 528 443 )
rotor
( 10 3 6 )
SimpleGrading (1 1 1)

 //block 5
hex (455 540 541 456 443 528 529 444 )
rotor
( 10 3 6 )
SimpleGrading (1 1 1)

 //block 6
hex (1306 1391 542 457 444 529 530 445 )
rotor
( 10 3 6 )
SimpleGrading (1 1 1)

 //block 7
hex (457 542 543 458 445 530 531 446 )
rotor
( 10 3 6 )
SimpleGrading (1 1 1)

 //block 8
hex (1308 1393 544 459 446 531 532 447 )
rotor
( 10 3 6 )
SimpleGrading (1 1 1)

 //block 9
hex (459 544 545 460 447 532 533 448 )
rotor
( 10 3 6 )
SimpleGrading (1 1 1)

 //block 10
hex (1310 1395 546 461 448 533 534 449 )
rotor
( 10 3 6 )
SimpleGrading (1 1 1)

 //block 11
hex (461 546 535 450 449 534 523 438 )
rotor
( 10 3 6 )
SimpleGrading (1 1 1)

//circle 2

 //block 0
hex (462 547 548 463 1300 1385 536 451 )
rotor
( 10 3 6 )
SimpleGrading (1 1 1)

 //block 1
hex (463 548 549 464 451 536 537 452 )
rotor
( 10 3 6 )
SimpleGrading (1 1 1)

 //block 2
hex (464 549 550 465 1302 1387 538 453 )
rotor
( 10 3 6 )
SimpleGrading (1 1 1)

 //block 3
hex (465 550 551 466 453 538 539 454 )
rotor
( 10 3 6 )
SimpleGrading (1 1 1)

 //block 4
hex (466 551 552 467 1304 1389 540 455 )
rotor
( 10 3 6 )
SimpleGrading (1 1 1)

 //block 5
hex (467 552 553 468 455 540 541 456 )
rotor
( 10 3 6 )
SimpleGrading (1 1 1)

 //block 6
hex (468 553 554 469 1306 1391 542 457 )
rotor
( 10 3 6 )
SimpleGrading (1 1 1)

 //block 7
hex (469 554 555 470 457 542 543 458 )
rotor
( 10 3 6 )
SimpleGrading (1 1 1)

 //block 8
hex (470 555 556 471 1308 1393 544 459 )
rotor
( 10 3 6 )
SimpleGrading (1 1 1)

 //block 9
hex (471 556 557 472 459 544 545 460 )
rotor
( 10 3 6 )
SimpleGrading (1 1 1)

 //block 10
hex (472 557 558 473 1310 1395 546 461 )
rotor
( 10 3 6 )
SimpleGrading (1 1 1)

 //block 11
hex (473 558 547 462 461 546 535 450 )
rotor
( 10 3 6 )
SimpleGrading (1 1 1)

//circle 3

 //block 0
hex (474 559 560 475 462 547 548 463 )
rotor
( 10 3 12 )
SimpleGrading (1 1 1)

 //block 1
hex (475 560 561 476 463 548 549 464 )
rotor
( 10 3 12 )
SimpleGrading (1 1 1)

 //block 2
hex (476 561 562 477 464 549 550 465 )
rotor
( 10 3 12 )
SimpleGrading (1 1 1)

 //block 3
hex (477 562 563 478 465 550 551 466 )
rotor
( 10 3 12 )
SimpleGrading (1 1 1)

 //block 4
hex (478 563 564 479 466 551 552 467 )
rotor
( 10 3 12 )
SimpleGrading (1 1 1)

 //block 5
hex (479 564 565 480 467 552 553 468 )
rotor
( 10 3 12 )
SimpleGrading (1 1 1)

 //block 6
hex (480 565 566 481 468 553 554 469 )
rotor
( 10 3 12 )
SimpleGrading (1 1 1)

 //block 7
hex (481 566 567 482 469 554 555 470 )
rotor
( 10 3 12 )
SimpleGrading (1 1 1)

 //block 8
hex (482 567 568 483 470 555 556 471 )
rotor
( 10 3 12 )
SimpleGrading (1 1 1)

 //block 9
hex (483 568 569 484 471 556 557 472 )
rotor
( 10 3 12 )
SimpleGrading (1 1 1)

 //block 10
hex (484 569 570 485 472 557 558 473 )
rotor
( 10 3 12 )
SimpleGrading (1 1 1)

 //block 11
hex (485 570 559 474 473 558 547 462 )
rotor
( 10 3 12 )
SimpleGrading (1 1 1)

//circle 4

 //block 0
hex (486 571 572 487 474 559 560 475 )
( 10 3 12 )
SimpleGrading (1 1 1)

 //block 1
hex (487 572 573 488 475 560 561 476 )
( 10 3 12 )
SimpleGrading (1 1 1)

 //block 2
hex (488 573 574 489 476 561 562 477 )
( 10 3 12 )
SimpleGrading (1 1 1)

 //block 3
hex (489 574 575 490 477 562 563 478 )
( 10 3 12 )
SimpleGrading (1 1 1)

 //block 4
hex (490 575 576 491 478 563 564 479 )
( 10 3 12 )
SimpleGrading (1 1 1)

 //block 5
hex (491 576 577 492 479 564 565 480 )
( 10 3 12 )
SimpleGrading (1 1 1)

 //block 6
hex (492 577 578 493 480 565 566 481 )
( 10 3 12 )
SimpleGrading (1 1 1)

 //block 7
hex (493 578 579 494 481 566 567 482 )
( 10 3 12 )
SimpleGrading (1 1 1)

 //block 8
hex (494 579 580 495 482 567 568 483 )
( 10 3 12 )
SimpleGrading (1 1 1)

 //block 9
hex (495 580 581 496 483 568 569 484 )
( 10 3 12 )
SimpleGrading (1 1 1)

 //block 10
hex (496 581 582 497 484 569 570 485 )
( 10 3 12 )
SimpleGrading (1 1 1)

 //block 11
hex (497 582 571 486 485 570 559 474 )
( 10 3 12 )
SimpleGrading (1 1 1)

//circle 5

 //block 0
hex (498 583 584 499 486 571 572 487 )
( 10 3 1 )
SimpleGrading (1 1 1)

 //block 1
hex (499 584 585 500 487 572 573 488 )
( 10 3 1 )
SimpleGrading (1 1 1)

 //block 2
hex (500 585 586 501 488 573 574 489 )
( 10 3 1 )
SimpleGrading (1 1 1)

 //block 3
hex (501 586 587 502 489 574 575 490 )
( 10 3 1 )
SimpleGrading (1 1 1)

 //block 4
hex (502 587 588 503 490 575 576 491 )
( 10 3 1 )
SimpleGrading (1 1 1)

 //block 5
hex (503 588 589 504 491 576 577 492 )
( 10 3 1 )
SimpleGrading (1 1 1)

 //block 6
hex (504 589 590 505 492 577 578 493 )
( 10 3 1 )
SimpleGrading (1 1 1)

 //block 7
hex (505 590 591 506 493 578 579 494 )
( 10 3 1 )
SimpleGrading (1 1 1)

 //block 8
hex (506 591 592 507 494 579 580 495 )
( 10 3 1 )
SimpleGrading (1 1 1)

 //block 9
hex (507 592 593 508 495 580 581 496 )
( 10 3 1 )
SimpleGrading (1 1 1)

 //block 10
hex (508 593 594 509 496 581 582 497 )
( 10 3 1 )
SimpleGrading (1 1 1)

 //block 11
hex (509 594 583 498 497 582 571 486 )
( 10 3 1 )
SimpleGrading (1 1 1)

//section 6-7

//circles

//circle 2

 //block 0
hex (547 632 633 548 1385 1470 621 536 )
rotor
( 4 3 6 )
SimpleGrading (1 1 1)

 //block 1
hex (548 633 634 549 536 621 622 537 )
rotor
( 4 3 6 )
SimpleGrading (1 1 1)

 //block 2
hex (549 634 635 550 1387 1472 623 538 )
rotor
( 4 3 6 )
SimpleGrading (1 1 1)

 //block 3
hex (550 635 636 551 538 623 624 539 )
rotor
( 4 3 6 )
SimpleGrading (1 1 1)

 //block 4
hex (551 636 637 552 1389 1474 625 540 )
rotor
( 4 3 6 )
SimpleGrading (1 1 1)

 //block 5
hex (552 637 638 553 540 625 626 541 )
rotor
( 4 3 6 )
SimpleGrading (1 1 1)

 //block 6
hex (553 638 639 554 1391 1476 627 542 )
rotor
( 4 3 6 )
SimpleGrading (1 1 1)

 //block 7
hex (554 639 640 555 542 627 628 543 )
rotor
( 4 3 6 )
SimpleGrading (1 1 1)

 //block 8
hex (555 640 641 556 1393 1478 629 544 )
rotor
( 4 3 6 )
SimpleGrading (1 1 1)

 //block 9
hex (556 641 642 557 544 629 630 545 )
rotor
( 4 3 6 )
SimpleGrading (1 1 1)

 //block 10
hex (557 642 643 558 1395 1480 631 546 )
rotor
( 4 3 6 )
SimpleGrading (1 1 1)

 //block 11
hex (558 643 632 547 546 631 620 535 )
rotor
( 4 3 6 )
SimpleGrading (1 1 1)

//circle 3

 //block 0
hex (559 644 645 560 547 632 633 548 )
rotor
( 4 3 12 )
SimpleGrading (1 1 1)

 //block 1
hex (560 645 646 561 548 633 634 549 )
rotor
( 4 3 12 )
SimpleGrading (1 1 1)

 //block 2
hex (561 646 647 562 549 634 635 550 )
rotor
( 4 3 12 )
SimpleGrading (1 1 1)

 //block 3
hex (562 647 648 563 550 635 636 551 )
rotor
( 4 3 12 )
SimpleGrading (1 1 1)

 //block 4
hex (563 648 649 564 551 636 637 552 )
rotor
( 4 3 12 )
SimpleGrading (1 1 1)

 //block 5
hex (564 649 650 565 552 637 638 553 )
rotor
( 4 3 12 )
SimpleGrading (1 1 1)

 //block 6
hex (565 650 651 566 553 638 639 554 )
rotor
( 4 3 12 )
SimpleGrading (1 1 1)

 //block 7
hex (566 651 652 567 554 639 640 555 )
rotor
( 4 3 12 )
SimpleGrading (1 1 1)

 //block 8
hex (567 652 653 568 555 640 641 556 )
rotor
( 4 3 12 )
SimpleGrading (1 1 1)

 //block 9
hex (568 653 654 569 556 641 642 557 )
rotor
( 4 3 12 )
SimpleGrading (1 1 1)

 //block 10
hex (569 654 655 570 557 642 643 558 )
rotor
( 4 3 12 )
SimpleGrading (1 1 1)

 //block 11
hex (570 655 644 559 558 643 632 547 )
rotor
( 4 3 12 )
SimpleGrading (1 1 1)

//circle 4

 //block 0
hex (571 656 657 572 559 644 645 560 )
( 4 3 12 )
SimpleGrading (1 1 1)

 //block 1
hex (572 657 658 573 560 645 646 561 )
( 4 3 12 )
SimpleGrading (1 1 1)

 //block 2
hex (573 658 659 574 561 646 647 562 )
( 4 3 12 )
SimpleGrading (1 1 1)

 //block 3
hex (574 659 660 575 562 647 648 563 )
( 4 3 12 )
SimpleGrading (1 1 1)

 //block 4
hex (575 660 661 576 563 648 649 564 )
( 4 3 12 )
SimpleGrading (1 1 1)

 //block 5
hex (576 661 662 577 564 649 650 565 )
( 4 3 12 )
SimpleGrading (1 1 1)

 //block 6
hex (577 662 663 578 565 650 651 566 )
( 4 3 12 )
SimpleGrading (1 1 1)

 //block 7
hex (578 663 664 579 566 651 652 567 )
( 4 3 12 )
SimpleGrading (1 1 1)

 //block 8
hex (579 664 665 580 567 652 653 568 )
( 4 3 12 )
SimpleGrading (1 1 1)

 //block 9
hex (580 665 666 581 568 653 654 569 )
( 4 3 12 )
SimpleGrading (1 1 1)

 //block 10
hex (581 666 667 582 569 654 655 570 )
( 4 3 12 )
SimpleGrading (1 1 1)

 //block 11
hex (582 667 656 571 570 655 644 559 )
( 4 3 12 )
SimpleGrading (1 1 1)

//circle 5

 //block 0
hex (583 668 669 584 571 656 657 572 )
( 4 3 1 )
SimpleGrading (1 1 1)

 //block 1
hex (584 669 670 585 572 657 658 573 )
( 4 3 1 )
SimpleGrading (1 1 1)

 //block 2
hex (585 670 671 586 573 658 659 574 )
( 4 3 1 )
SimpleGrading (1 1 1)

 //block 3
hex (586 671 672 587 574 659 660 575 )
( 4 3 1 )
SimpleGrading (1 1 1)

 //block 4
hex (587 672 673 588 575 660 661 576 )
( 4 3 1 )
SimpleGrading (1 1 1)

 //block 5
hex (588 673 674 589 576 661 662 577 )
( 4 3 1 )
SimpleGrading (1 1 1)

 //block 6
hex (589 674 675 590 577 662 663 578 )
( 4 3 1 )
SimpleGrading (1 1 1)

 //block 7
hex (590 675 676 591 578 663 664 579 )
( 4 3 1 )
SimpleGrading (1 1 1)

 //block 8
hex (591 676 677 592 579 664 665 580 )
( 4 3 1 )
SimpleGrading (1 1 1)

 //block 9
hex (592 677 678 593 580 665 666 581 )
( 4 3 1 )
SimpleGrading (1 1 1)

 //block 10
hex (593 678 679 594 581 666 667 582 )
( 4 3 1 )
SimpleGrading (1 1 1)

 //block 11
hex (594 679 668 583 582 667 656 571 )
( 4 3 1 )
SimpleGrading (1 1 1)

//section 7-8

//circles

//circle 0

 //block 0
hex (608 693 694 609 596 681 682 597 )
rotor
( 10 3 2 )
SimpleGrading (1 1 1)

 //block 1
hex (609 694 695 610 597 682 683 598 )
rotor
( 10 3 2 )
SimpleGrading (1 1 1)

 //block 2
hex (610 695 696 611 598 683 684 599 )
rotor
( 10 3 2 )
SimpleGrading (1 1 1)

 //block 3
hex (611 696 697 612 599 684 685 600 )
rotor
( 10 3 2 )
SimpleGrading (1 1 1)

 //block 4
hex (612 697 698 613 600 685 686 601 )
rotor
( 10 3 2 )
SimpleGrading (1 1 1)

 //block 5
hex (613 698 699 614 601 686 687 602 )
rotor
( 10 3 2 )
SimpleGrading (1 1 1)

 //block 6
hex (614 699 700 615 602 687 688 603 )
rotor
( 10 3 2 )
SimpleGrading (1 1 1)

 //block 7
hex (615 700 701 616 603 688 689 604 )
rotor
( 10 3 2 )
SimpleGrading (1 1 1)

 //block 8
hex (616 701 702 617 604 689 690 605 )
rotor
( 10 3 2 )
SimpleGrading (1 1 1)

 //block 9
hex (617 702 703 618 605 690 691 606 )
rotor
( 10 3 2 )
SimpleGrading (1 1 1)

 //block 10
hex (618 703 704 619 606 691 692 607 )
rotor
( 10 3 2 )
SimpleGrading (1 1 1)

 //block 11
hex (619 704 693 608 607 692 681 596 )
rotor
( 10 3 2 )
SimpleGrading (1 1 1)

//circle 1

 //block 0
hex (1470 1555 706 621 608 693 694 609 )
rotor
( 10 3 6 )
SimpleGrading (1 1 1)

 //block 1
hex (621 706 707 622 609 694 695 610 )
rotor
( 10 3 6 )
SimpleGrading (1 1 1)

 //block 2
hex (1472 1557 708 623 610 695 696 611 )
rotor
( 10 3 6 )
SimpleGrading (1 1 1)

 //block 3
hex (623 708 709 624 611 696 697 612 )
rotor
( 10 3 6 )
SimpleGrading (1 1 1)

 //block 4
hex (1474 1559 710 625 612 697 698 613 )
rotor
( 10 3 6 )
SimpleGrading (1 1 1)

 //block 5
hex (625 710 711 626 613 698 699 614 )
rotor
( 10 3 6 )
SimpleGrading (1 1 1)

 //block 6
hex (1476 1561 712 627 614 699 700 615 )
rotor
( 10 3 6 )
SimpleGrading (1 1 1)

 //block 7
hex (627 712 713 628 615 700 701 616 )
rotor
( 10 3 6 )
SimpleGrading (1 1 1)

 //block 8
hex (1478 1563 714 629 616 701 702 617 )
rotor
( 10 3 6 )
SimpleGrading (1 1 1)

 //block 9
hex (629 714 715 630 617 702 703 618 )
rotor
( 10 3 6 )
SimpleGrading (1 1 1)

 //block 10
hex (1480 1565 716 631 618 703 704 619 )
rotor
( 10 3 6 )
SimpleGrading (1 1 1)

 //block 11
hex (631 716 705 620 619 704 693 608 )
rotor
( 10 3 6 )
SimpleGrading (1 1 1)

//circle 2

 //block 0
hex (632 717 718 633 1470 1555 706 621 )
rotor
( 10 3 6 )
SimpleGrading (1 1 1)

 //block 1
hex (633 718 719 634 621 706 707 622 )
rotor
( 10 3 6 )
SimpleGrading (1 1 1)

 //block 2
hex (634 719 720 635 1472 1557 708 623 )
rotor
( 10 3 6 )
SimpleGrading (1 1 1)

 //block 3
hex (635 720 721 636 623 708 709 624 )
rotor
( 10 3 6 )
SimpleGrading (1 1 1)

 //block 4
hex (636 721 722 637 1474 1559 710 625 )
rotor
( 10 3 6 )
SimpleGrading (1 1 1)

 //block 5
hex (637 722 723 638 625 710 711 626 )
rotor
( 10 3 6 )
SimpleGrading (1 1 1)

 //block 6
hex (638 723 724 639 1476 1561 712 627 )
rotor
( 10 3 6 )
SimpleGrading (1 1 1)

 //block 7
hex (639 724 725 640 627 712 713 628 )
rotor
( 10 3 6 )
SimpleGrading (1 1 1)

 //block 8
hex (640 725 726 641 1478 1563 714 629 )
rotor
( 10 3 6 )
SimpleGrading (1 1 1)

 //block 9
hex (641 726 727 642 629 714 715 630 )
rotor
( 10 3 6 )
SimpleGrading (1 1 1)

 //block 10
hex (642 727 728 643 1480 1565 716 631 )
rotor
( 10 3 6 )
SimpleGrading (1 1 1)

 //block 11
hex (643 728 717 632 631 716 705 620 )
rotor
( 10 3 6 )
SimpleGrading (1 1 1)

//circle 3

 //block 0
hex (644 729 730 645 632 717 718 633 )
rotor
( 10 3 12 )
SimpleGrading (1 1 1)

 //block 1
hex (645 730 731 646 633 718 719 634 )
rotor
( 10 3 12 )
SimpleGrading (1 1 1)

 //block 2
hex (646 731 732 647 634 719 720 635 )
rotor
( 10 3 12 )
SimpleGrading (1 1 1)

 //block 3
hex (647 732 733 648 635 720 721 636 )
rotor
( 10 3 12 )
SimpleGrading (1 1 1)

 //block 4
hex (648 733 734 649 636 721 722 637 )
rotor
( 10 3 12 )
SimpleGrading (1 1 1)

 //block 5
hex (649 734 735 650 637 722 723 638 )
rotor
( 10 3 12 )
SimpleGrading (1 1 1)

 //block 6
hex (650 735 736 651 638 723 724 639 )
rotor
( 10 3 12 )
SimpleGrading (1 1 1)

 //block 7
hex (651 736 737 652 639 724 725 640 )
rotor
( 10 3 12 )
SimpleGrading (1 1 1)

 //block 8
hex (652 737 738 653 640 725 726 641 )
rotor
( 10 3 12 )
SimpleGrading (1 1 1)

 //block 9
hex (653 738 739 654 641 726 727 642 )
rotor
( 10 3 12 )
SimpleGrading (1 1 1)

 //block 10
hex (654 739 740 655 642 727 728 643 )
rotor
( 10 3 12 )
SimpleGrading (1 1 1)

 //block 11
hex (655 740 729 644 643 728 717 632 )
rotor
( 10 3 12 )
SimpleGrading (1 1 1)

//circle 4

 //block 0
hex (656 741 742 657 644 729 730 645 )
( 10 3 12 )
SimpleGrading (1 1 1)

 //block 1
hex (657 742 743 658 645 730 731 646 )
( 10 3 12 )
SimpleGrading (1 1 1)

 //block 2
hex (658 743 744 659 646 731 732 647 )
( 10 3 12 )
SimpleGrading (1 1 1)

 //block 3
hex (659 744 745 660 647 732 733 648 )
( 10 3 12 )
SimpleGrading (1 1 1)

 //block 4
hex (660 745 746 661 648 733 734 649 )
( 10 3 12 )
SimpleGrading (1 1 1)

 //block 5
hex (661 746 747 662 649 734 735 650 )
( 10 3 12 )
SimpleGrading (1 1 1)

 //block 6
hex (662 747 748 663 650 735 736 651 )
( 10 3 12 )
SimpleGrading (1 1 1)

 //block 7
hex (663 748 749 664 651 736 737 652 )
( 10 3 12 )
SimpleGrading (1 1 1)

 //block 8
hex (664 749 750 665 652 737 738 653 )
( 10 3 12 )
SimpleGrading (1 1 1)

 //block 9
hex (665 750 751 666 653 738 739 654 )
( 10 3 12 )
SimpleGrading (1 1 1)

 //block 10
hex (666 751 752 667 654 739 740 655 )
( 10 3 12 )
SimpleGrading (1 1 1)

 //block 11
hex (667 752 741 656 655 740 729 644 )
( 10 3 12 )
SimpleGrading (1 1 1)

//circle 5

 //block 0
hex (668 753 754 669 656 741 742 657 )
( 10 3 1 )
SimpleGrading (1 1 1)

 //block 1
hex (669 754 755 670 657 742 743 658 )
( 10 3 1 )
SimpleGrading (1 1 1)

 //block 2
hex (670 755 756 671 658 743 744 659 )
( 10 3 1 )
SimpleGrading (1 1 1)

 //block 3
hex (671 756 757 672 659 744 745 660 )
( 10 3 1 )
SimpleGrading (1 1 1)

 //block 4
hex (672 757 758 673 660 745 746 661 )
( 10 3 1 )
SimpleGrading (1 1 1)

 //block 5
hex (673 758 759 674 661 746 747 662 )
( 10 3 1 )
SimpleGrading (1 1 1)

 //block 6
hex (674 759 760 675 662 747 748 663 )
( 10 3 1 )
SimpleGrading (1 1 1)

 //block 7
hex (675 760 761 676 663 748 749 664 )
( 10 3 1 )
SimpleGrading (1 1 1)

 //block 8
hex (676 761 762 677 664 749 750 665 )
( 10 3 1 )
SimpleGrading (1 1 1)

 //block 9
hex (677 762 763 678 665 750 751 666 )
( 10 3 1 )
SimpleGrading (1 1 1)

 //block 10
hex (678 763 764 679 666 751 752 667 )
( 10 3 1 )
SimpleGrading (1 1 1)

 //block 11
hex (679 764 753 668 667 752 741 656 )
( 10 3 1 )
SimpleGrading (1 1 1)

//section 8-9

//circles

//circle 0

 //block 0
hex (693 778 779 694 681 766 767 682 )
rotor
( 71 3 2 )
SimpleGrading (1 1 1)

 //block 1
hex (694 779 780 695 682 767 768 683 )
rotor
( 71 3 2 )
SimpleGrading (1 1 1)

 //block 2
hex (695 780 781 696 683 768 769 684 )
rotor
( 71 3 2 )
SimpleGrading (1 1 1)

 //block 3
hex (696 781 782 697 684 769 770 685 )
rotor
( 71 3 2 )
SimpleGrading (1 1 1)

 //block 4
hex (697 782 783 698 685 770 771 686 )
rotor
( 71 3 2 )
SimpleGrading (1 1 1)

 //block 5
hex (698 783 784 699 686 771 772 687 )
rotor
( 71 3 2 )
SimpleGrading (1 1 1)

 //block 6
hex (699 784 785 700 687 772 773 688 )
rotor
( 71 3 2 )
SimpleGrading (1 1 1)

 //block 7
hex (700 785 786 701 688 773 774 689 )
rotor
( 71 3 2 )
SimpleGrading (1 1 1)

 //block 8
hex (701 786 787 702 689 774 775 690 )
rotor
( 71 3 2 )
SimpleGrading (1 1 1)

 //block 9
hex (702 787 788 703 690 775 776 691 )
rotor
( 71 3 2 )
SimpleGrading (1 1 1)

 //block 10
hex (703 788 789 704 691 776 777 692 )
rotor
( 71 3 2 )
SimpleGrading (1 1 1)

 //block 11
hex (704 789 778 693 692 777 766 681 )
rotor
( 71 3 2 )
SimpleGrading (1 1 1)

//circle 1

 //block 0
hex (1555 790 791 706 693 778 779 694 )
rotor
( 71 3 6 )
SimpleGrading (1 1 1)

 //block 1
hex (706 791 792 707 694 779 780 695 )
rotor
( 71 3 6 )
SimpleGrading (1 1 1)

 //block 2
hex (1557 792 793 708 695 780 781 696 )
rotor
( 71 3 6 )
SimpleGrading (1 1 1)

 //block 3
hex (708 793 794 709 696 781 782 697 )
rotor
( 71 3 6 )
SimpleGrading (1 1 1)

 //block 4
hex (1559 794 795 710 697 782 783 698 )
rotor
( 71 3 6 )
SimpleGrading (1 1 1)

 //block 5
hex (710 795 796 711 698 783 784 699 )
rotor
( 71 3 6 )
SimpleGrading (1 1 1)

 //block 6
hex (1561 796 797 712 699 784 785 700 )
rotor
( 71 3 6 )
SimpleGrading (1 1 1)

 //block 7
hex (712 797 798 713 700 785 786 701 )
rotor
( 71 3 6 )
SimpleGrading (1 1 1)

 //block 8
hex (1563 798 799 714 701 786 787 702 )
rotor
( 71 3 6 )
SimpleGrading (1 1 1)

 //block 9
hex (714 799 800 715 702 787 788 703 )
rotor
( 71 3 6 )
SimpleGrading (1 1 1)

 //block 10
hex (1565 800 801 716 703 788 789 704 )
rotor
( 71 3 6 )
SimpleGrading (1 1 1)

 //block 11
hex (716 801 790 705 704 789 778 693 )
rotor
( 71 3 6 )
SimpleGrading (1 1 1)

//circle 2

 //block 0
hex (717 802 803 718 1555 790 791 706 )
rotor
( 71 3 6 )
SimpleGrading (1 1 1)

 //block 1
hex (718 803 804 719 706 791 792 707 )
rotor
( 71 3 6 )
SimpleGrading (1 1 1)

 //block 2
hex (719 804 805 720 1557 792 793 708 )
rotor
( 71 3 6 )
SimpleGrading (1 1 1)

 //block 3
hex (720 805 806 721 708 793 794 709 )
rotor
( 71 3 6 )
SimpleGrading (1 1 1)

 //block 4
hex (721 806 807 722 1559 794 795 710 )
rotor
( 71 3 6 )
SimpleGrading (1 1 1)

 //block 5
hex (722 807 808 723 710 795 796 711 )
rotor
( 71 3 6 )
SimpleGrading (1 1 1)

 //block 6
hex (723 808 809 724 1561 796 797 712 )
rotor
( 71 3 6 )
SimpleGrading (1 1 1)

 //block 7
hex (724 809 810 725 712 797 798 713 )
rotor
( 71 3 6 )
SimpleGrading (1 1 1)

 //block 8
hex (725 810 811 726 1563 798 799 714 )
rotor
( 71 3 6 )
SimpleGrading (1 1 1)

 //block 9
hex (726 811 812 727 714 799 800 715 )
rotor
( 71 3 6 )
SimpleGrading (1 1 1)

 //block 10
hex (727 812 813 728 1565 800 801 716 )
rotor
( 71 3 6 )
SimpleGrading (1 1 1)

 //block 11
hex (728 813 802 717 716 801 790 705 )
rotor
( 71 3 6 )
SimpleGrading (1 1 1)

//circle 3

 //block 0
hex (729 814 815 730 717 802 803 718 )
rotor
( 71 3 12 )
SimpleGrading (1 1 1)

 //block 1
hex (730 815 816 731 718 803 804 719 )
rotor
( 71 3 12 )
SimpleGrading (1 1 1)

 //block 2
hex (731 816 817 732 719 804 805 720 )
rotor
( 71 3 12 )
SimpleGrading (1 1 1)

 //block 3
hex (732 817 818 733 720 805 806 721 )
rotor
( 71 3 12 )
SimpleGrading (1 1 1)

 //block 4
hex (733 818 819 734 721 806 807 722 )
rotor
( 71 3 12 )
SimpleGrading (1 1 1)

 //block 5
hex (734 819 820 735 722 807 808 723 )
rotor
( 71 3 12 )
SimpleGrading (1 1 1)

 //block 6
hex (735 820 821 736 723 808 809 724 )
rotor
( 71 3 12 )
SimpleGrading (1 1 1)

 //block 7
hex (736 821 822 737 724 809 810 725 )
rotor
( 71 3 12 )
SimpleGrading (1 1 1)

 //block 8
hex (737 822 823 738 725 810 811 726 )
rotor
( 71 3 12 )
SimpleGrading (1 1 1)

 //block 9
hex (738 823 824 739 726 811 812 727 )
rotor
( 71 3 12 )
SimpleGrading (1 1 1)

 //block 10
hex (739 824 825 740 727 812 813 728 )
rotor
( 71 3 12 )
SimpleGrading (1 1 1)

 //block 11
hex (740 825 814 729 728 813 802 717 )
rotor
( 71 3 12 )
SimpleGrading (1 1 1)

//circle 4

 //block 0
hex (741 826 827 742 729 814 815 730 )
( 71 3 12 )
SimpleGrading (1 1 1)

 //block 1
hex (742 827 828 743 730 815 816 731 )
( 71 3 12 )
SimpleGrading (1 1 1)

 //block 2
hex (743 828 829 744 731 816 817 732 )
( 71 3 12 )
SimpleGrading (1 1 1)

 //block 3
hex (744 829 830 745 732 817 818 733 )
( 71 3 12 )
SimpleGrading (1 1 1)

 //block 4
hex (745 830 831 746 733 818 819 734 )
( 71 3 12 )
SimpleGrading (1 1 1)

 //block 5
hex (746 831 832 747 734 819 820 735 )
( 71 3 12 )
SimpleGrading (1 1 1)

 //block 6
hex (747 832 833 748 735 820 821 736 )
( 71 3 12 )
SimpleGrading (1 1 1)

 //block 7
hex (748 833 834 749 736 821 822 737 )
( 71 3 12 )
SimpleGrading (1 1 1)

 //block 8
hex (749 834 835 750 737 822 823 738 )
( 71 3 12 )
SimpleGrading (1 1 1)

 //block 9
hex (750 835 836 751 738 823 824 739 )
( 71 3 12 )
SimpleGrading (1 1 1)

 //block 10
hex (751 836 837 752 739 824 825 740 )
( 71 3 12 )
SimpleGrading (1 1 1)

 //block 11
hex (752 837 826 741 740 825 814 729 )
( 71 3 12 )
SimpleGrading (1 1 1)

//circle 5

 //block 0
hex (753 838 839 754 741 826 827 742 )
( 71 3 1 )
SimpleGrading (1 1 1)

 //block 1
hex (754 839 840 755 742 827 828 743 )
( 71 3 1 )
SimpleGrading (1 1 1)

 //block 2
hex (755 840 841 756 743 828 829 744 )
( 71 3 1 )
SimpleGrading (1 1 1)

 //block 3
hex (756 841 842 757 744 829 830 745 )
( 71 3 1 )
SimpleGrading (1 1 1)

 //block 4
hex (757 842 843 758 745 830 831 746 )
( 71 3 1 )
SimpleGrading (1 1 1)

 //block 5
hex (758 843 844 759 746 831 832 747 )
( 71 3 1 )
SimpleGrading (1 1 1)

 //block 6
hex (759 844 845 760 747 832 833 748 )
( 71 3 1 )
SimpleGrading (1 1 1)

 //block 7
hex (760 845 846 761 748 833 834 749 )
( 71 3 1 )
SimpleGrading (1 1 1)

 //block 8
hex (761 846 847 762 749 834 835 750 )
( 71 3 1 )
SimpleGrading (1 1 1)

 //block 9
hex (762 847 848 763 750 835 836 751 )
( 71 3 1 )
SimpleGrading (1 1 1)

 //block 10
hex (763 848 849 764 751 836 837 752 )
( 71 3 1 )
SimpleGrading (1 1 1)

 //block 11
hex (764 849 838 753 752 837 826 741 )
( 71 3 1 )
SimpleGrading (1 1 1)
);

// * * * * * * * * * * * * * * * * * * * * * * * * * * * * * * * * * * * * * //
patches
(

	patch outlet
	(

		//circles

		//circle 0 - -1 
		( 778 779 767 766)
		( 779 780 768 767)
		( 780 781 769 768)
		( 781 782 770 769)
		( 782 783 771 770)
		( 783 784 772 771)
		( 784 785 773 772)
		( 785 786 774 773)
		( 786 787 775 774)
		( 787 788 776 775)
		( 788 789 777 776)
		( 789 778 766 777)

		//circle 1 - 0 
		( 790 791 779 778)
		( 791 792 780 779)
		( 792 793 781 780)
		( 793 794 782 781)
		( 794 795 783 782)
		( 795 796 784 783)
		( 796 797 785 784)
		( 797 798 786 785)
		( 798 799 787 786)
		( 799 800 788 787)
		( 800 801 789 788)
		( 801 790 778 789)

		//circle 2 - 1 
		( 802 803 791 790)
		( 803 804 792 791)
		( 804 805 793 792)
		( 805 806 794 793)
		( 806 807 795 794)
		( 807 808 796 795)
		( 808 809 797 796)
		( 809 810 798 797)
		( 810 811 799 798)
		( 811 812 800 799)
		( 812 813 801 800)
		( 813 802 790 801)

		//circle 3 - 2 
		( 814 815 803 802)
		( 815 816 804 803)
		( 816 817 805 804)
		( 817 818 806 805)
		( 818 819 807 806)
		( 819 820 808 807)
		( 820 821 809 808)
		( 821 822 810 809)
		( 822 823 811 810)
		( 823 824 812 811)
		( 824 825 813 812)
		( 825 814 802 813)

		//circle 4 - 3 
		( 826 827 815 814)
		( 827 828 816 815)
		( 828 829 817 816)
		( 829 830 818 817)
		( 830 831 819 818)
		( 831 832 820 819)
		( 832 833 821 820)
		( 833 834 822 821)
		( 834 835 823 822)
		( 835 836 824 823)
		( 836 837 825 824)
		( 837 826 814 825)

		//circle 5 - 4 
		( 838 839 827 826)
		( 839 840 828 827)
		( 840 841 829 828)
		( 841 842 830 829)
		( 842 843 831 830)
		( 843 844 832 831)
		( 844 845 833 832)
		( 845 846 834 833)
		( 846 847 835 834)
		( 847 848 836 835)
		( 848 849 837 836)
		( 849 838 826 837)
	)

	wall propeller
	(

		//polygon
		( 171 172 170 170)
		( 172 173 170 170)
		( 173 174 170 170)
		( 174 175 170 170)
		( 175 176 170 170)
		( 176 177 170 170)
		( 177 178 170 170)
		( 178 179 170 170)
		( 179 180 170 170)
		( 180 181 170 170)
		( 181 182 170 170)
		( 182 171 170 170)

		//hub to blade circle
		( 1045 196 184 183)
		( 196 197 185 184)
		( 1047 198 186 185)
		( 198 199 187 186)
		( 1049 200 188 187)
		( 200 201 189 188)
		( 1051 202 190 189)
		( 202 203 191 190)
		( 1053 204 192 191)
		( 204 205 193 192)
		( 1055 206 194 193)
		( 206 195 183 194)

		//blade to polygon
		( 183 184 172 171)
		( 184 185 173 172)
		( 185 186 174 173)
		( 186 187 175 174)
		( 187 188 176 175)
		( 188 189 177 176)
		( 189 190 178 177)
		( 190 191 179 178)
		( 191 192 180 179)
		( 192 193 181 180)
		( 193 194 182 181)
		( 194 183 171 182)

		//hub to blade circle
		( 1130 281 269 268)
		( 281 282 270 269)
		( 1132 283 271 270)
		( 283 284 272 271)
		( 1134 285 273 272)
		( 285 286 274 273)
		( 1136 287 275 274)
		( 287 288 276 275)
		( 1138 289 277 276)
		( 289 290 278 277)
		( 1140 291 279 278)
		( 291 280 268 279)

		//blade to polygon
		( 268 269 257 256)
		( 269 270 258 257)
		( 270 271 259 258)
		( 271 272 260 259)
		( 272 273 261 260)
		( 273 274 262 261)
		( 274 275 263 262)
		( 275 276 264 263)
		( 276 277 265 264)
		( 277 278 266 265)
		( 278 279 267 266)
		( 279 268 256 267)

		//sides
		( 1045 196 281 1130)
		( 196 197 282 281)
		( 1047 198 283 1132)
		( 198 199 284 283)
		( 1049 200 285 1134)
		( 200 201 286 285)
		( 1051 202 287 1136)
		( 202 203 288 287)
		( 1053 204 289 1138)
		( 204 205 290 289)
		( 1055 206 291 1140)
		( 206 195 280 291)

		//hub to blade circle
		( 1385 536 524 523)
		( 536 537 525 524)
		( 1387 538 526 525)
		( 538 539 527 526)
		( 1389 540 528 527)
		( 540 541 529 528)
		( 1391 542 530 529)
		( 542 543 531 530)
		( 1393 544 532 531)
		( 544 545 533 532)
		( 1395 546 534 533)
		( 546 535 523 534)

		//blade to polygon
		( 523 524 512 511)
		( 524 525 513 512)
		( 525 526 514 513)
		( 526 527 515 514)
		( 527 528 516 515)
		( 528 529 517 516)
		( 529 530 518 517)
		( 530 531 519 518)
		( 531 532 520 519)
		( 532 533 521 520)
		( 533 534 522 521)
		( 534 523 511 522)

		//hub to blade circle
		( 1470 621 609 608)
		( 621 622 610 609)
		( 1472 623 611 610)
		( 623 624 612 611)
		( 1474 625 613 612)
		( 625 626 614 613)
		( 1476 627 615 614)
		( 627 628 616 615)
		( 1478 629 617 616)
		( 629 630 618 617)
		( 1480 631 619 618)
		( 631 620 608 619)

		//blade to polygon
		( 608 609 597 596)
		( 609 610 598 597)
		( 610 611 599 598)
		( 611 612 600 599)
		( 612 613 601 600)
		( 613 614 602 601)
		( 614 615 603 602)
		( 615 616 604 603)
		( 616 617 605 604)
		( 617 618 606 605)
		( 618 619 607 606)
		( 619 608 596 607)

		//sides
		( 1385 536 621 1470)
		( 536 537 622 621)
		( 1387 538 623 1472)
		( 538 539 624 623)
		( 1389 540 625 1474)
		( 540 541 626 625)
		( 1391 542 627 1476)
		( 542 543 628 627)
		( 1393 544 629 1478)
		( 544 545 630 629)
		( 1395 546 631 1480)
		( 546 535 620 631)

		//blades
		( 122 207 1045 960)
		( 122 207 195 110)
		( 124 209 1047 962)
		( 124 209 197 112)
		( 126 211 1049 964)
		( 126 211 199 114)
		( 128 213 1051 966)
		( 128 213 201 116)
		( 130 215 1053 968)
		( 130 215 203 118)
		( 132 217 1055 970)
		( 132 217 205 120)
		( 207 292 1130 1045)
		( 207 292 280 195)
		( 209 294 1132 1047)
		( 209 294 282 197)
		( 211 296 1134 1049)
		( 211 296 284 199)
		( 213 298 1136 1051)
		( 213 298 286 201)
		( 215 300 1138 1053)
		( 215 300 288 203)
		( 217 302 1140 1055)
		( 217 302 290 205)
		( 292 377 1215 1130)
		( 292 377 365 280)
		( 294 379 1217 1132)
		( 294 379 367 282)
		( 296 381 1219 1134)
		( 296 381 369 284)
		( 298 383 1221 1136)
		( 298 383 371 286)
		( 300 385 1223 1138)
		( 300 385 373 288)
		( 302 387 1225 1140)
		( 302 387 375 290)
		( 462 547 1385 1300)
		( 462 547 535 450)
		( 464 549 1387 1302)
		( 464 549 537 452)
		( 466 551 1389 1304)
		( 466 551 539 454)
		( 468 553 1391 1306)
		( 468 553 541 456)
		( 470 555 1393 1308)
		( 470 555 543 458)
		( 472 557 1395 1310)
		( 472 557 545 460)
		( 547 632 1470 1385)
		( 547 632 620 535)
		( 549 634 1472 1387)
		( 549 634 622 537)
		( 551 636 1474 1389)
		( 551 636 624 539)
		( 553 638 1476 1391)
		( 553 638 626 541)
		( 555 640 1478 1393)
		( 555 640 628 543)
		( 557 642 1480 1395)
		( 557 642 630 545)
		( 632 717 1555 1470)
		( 632 717 705 620)
		( 634 719 1557 1472)
		( 634 719 707 622)
		( 636 721 1559 1474)
		( 636 721 709 624)
		( 638 723 1561 1476)
		( 638 723 711 626)
		( 640 725 1563 1478)
		( 640 725 713 628)
		( 642 727 1565 1480)
		( 642 727 715 630)
		( 960 98 183 1045)
		( 110 98 183 195)
		( 962 100 185 1047)
		( 112 100 185 197)
		( 964 102 187 1049)
		( 114 102 187 199)
		( 966 104 189 1051)
		( 116 104 189 201)
		( 968 106 191 1053)
		( 118 106 191 203)
		( 970 108 193 1055)
		( 120 108 193 205)
		( 1130 268 353 1215)
		( 280 268 353 365)
		( 1132 270 355 1217)
		( 282 270 355 367)
		( 1134 272 357 1219)
		( 284 272 357 369)
		( 1136 274 359 1221)
		( 286 274 359 371)
		( 1138 276 361 1223)
		( 288 276 361 373)
		( 1140 278 363 1225)
		( 290 278 363 375)
		( 1300 438 523 1385)
		( 450 438 523 535)
		( 1302 440 525 1387)
		( 452 440 525 537)
		( 1304 442 527 1389)
		( 454 442 527 539)
		( 1306 444 529 1391)
		( 456 444 529 541)
		( 1308 446 531 1393)
		( 458 446 531 543)
		( 1310 448 533 1395)
		( 460 448 533 545)
		( 1470 608 693 1555)
		( 620 608 693 705)
		( 1472 610 695 1557)
		( 622 610 695 707)
		( 1474 612 697 1559)
		( 624 612 697 709)
		( 1476 614 699 1561)
		( 626 614 699 711)
		( 1478 616 701 1563)
		( 628 616 701 713)
		( 1480 618 703 1565)
		( 630 618 703 715)

		//stem sides
		( 256 257 342 341)
		( 257 258 343 342)
		( 258 259 344 343)
		( 259 260 345 344)
		( 260 261 346 345)
		( 261 262 347 346)
		( 262 263 348 347)
		( 263 264 349 348)
		( 264 265 350 349)
		( 265 266 351 350)
		( 266 267 352 351)
		( 267 256 341 352)
		( 341 342 427 426)
		( 342 343 428 427)
		( 343 344 429 428)
		( 344 345 430 429)
		( 345 346 431 430)
		( 346 347 432 431)
		( 347 348 433 432)
		( 348 349 434 433)
		( 349 350 435 434)
		( 350 351 436 435)
		( 351 352 437 436)
		( 352 341 426 437)
		( 426 427 512 511)
		( 427 428 513 512)
		( 428 429 514 513)
		( 429 430 515 514)
		( 430 431 516 515)
		( 431 432 517 516)
		( 432 433 518 517)
		( 433 434 519 518)
		( 434 435 520 519)
		( 435 436 521 520)
		( 436 437 522 521)
		( 437 426 511 522)
		( 596 597 682 681)
		( 597 598 683 682)
		( 598 599 684 683)
		( 599 600 685 684)
		( 600 601 686 685)
		( 601 602 687 686)
		( 602 603 688 687)
		( 603 604 689 688)
		( 604 605 690 689)
		( 605 606 691 690)
		( 606 607 692 691)
		( 607 596 681 692)
		( 681 682 767 766)
		( 682 683 768 767)
		( 683 684 769 768)
		( 684 685 770 769)
		( 685 686 771 770)
		( 686 687 772 771)
		( 687 688 773 772)
		( 688 689 774 773)
		( 689 690 775 774)
		( 690 691 776 775)
		( 691 692 777 776)
		( 692 681 766 777)
	)

	wall walls
	(

		//polygon
		( 1 2 0 0)
		( 2 3 0 0)
		( 3 4 0 0)
		( 4 5 0 0)
		( 5 6 0 0)
		( 6 7 0 0)
		( 7 8 0 0)
		( 8 9 0 0)
		( 9 10 0 0)
		( 10 11 0 0)
		( 11 12 0 0)
		( 12 1 0 0)

		//inhub_circ to polygon
		( 13 14 2 1)
		( 14 15 3 2)
		( 15 16 4 3)
		( 16 17 5 4)
		( 17 18 6 5)
		( 18 19 7 6)
		( 19 20 8 7)
		( 20 21 9 8)
		( 21 22 10 9)
		( 22 23 11 10)
		( 23 24 12 11)
		( 24 13 1 12)

		//hub to inhub_circ
		( 25 26 14 13)
		( 26 27 15 14)
		( 27 28 16 15)
		( 28 29 17 16)
		( 29 30 18 17)
		( 30 31 19 18)
		( 31 32 20 19)
		( 32 33 21 20)
		( 33 34 22 21)
		( 34 35 23 22)
		( 35 36 24 23)
		( 36 25 13 24)

		//rotor to hub
		( 37 38 26 25)
		( 38 39 27 26)
		( 39 40 28 27)
		( 40 41 29 28)
		( 41 42 30 29)
		( 42 43 31 30)
		( 43 44 32 31)
		( 44 45 33 32)
		( 45 46 34 33)
		( 46 47 35 34)
		( 47 48 36 35)
		( 48 37 25 36)

		//tank walls 0 - 1
		( 73 74 159 158)
		( 74 75 160 159)
		( 75 76 161 160)
		( 76 77 162 161)
		( 77 78 163 162)
		( 78 79 164 163)
		( 79 80 165 164)
		( 80 81 166 165)
		( 81 82 167 166)
		( 82 83 168 167)
		( 83 84 169 168)
		( 84 73 158 169)

		//tank walls 1 - 2
		( 158 159 244 243)
		( 159 160 245 244)
		( 160 161 246 245)
		( 161 162 247 246)
		( 162 163 248 247)
		( 163 164 249 248)
		( 164 165 250 249)
		( 165 166 251 250)
		( 166 167 252 251)
		( 167 168 253 252)
		( 168 169 254 253)
		( 169 158 243 254)

		//tank walls 2 - 3
		( 243 244 329 328)
		( 244 245 330 329)
		( 245 246 331 330)
		( 246 247 332 331)
		( 247 248 333 332)
		( 248 249 334 333)
		( 249 250 335 334)
		( 250 251 336 335)
		( 251 252 337 336)
		( 252 253 338 337)
		( 253 254 339 338)
		( 254 243 328 339)

		//tank walls 3 - 4
		( 328 329 414 413)
		( 329 330 415 414)
		( 330 331 416 415)
		( 331 332 417 416)
		( 332 333 418 417)
		( 333 334 419 418)
		( 334 335 420 419)
		( 335 336 421 420)
		( 336 337 422 421)
		( 337 338 423 422)
		( 338 339 424 423)
		( 339 328 413 424)

		//tank walls 4 - 5
		( 413 414 499 498)
		( 414 415 500 499)
		( 415 416 501 500)
		( 416 417 502 501)
		( 417 418 503 502)
		( 418 419 504 503)
		( 419 420 505 504)
		( 420 421 506 505)
		( 421 422 507 506)
		( 422 423 508 507)
		( 423 424 509 508)
		( 424 413 498 509)

		//tank walls 5 - 6
		( 498 499 584 583)
		( 499 500 585 584)
		( 500 501 586 585)
		( 501 502 587 586)
		( 502 503 588 587)
		( 503 504 589 588)
		( 504 505 590 589)
		( 505 506 591 590)
		( 506 507 592 591)
		( 507 508 593 592)
		( 508 509 594 593)
		( 509 498 583 594)

		//tank walls 6 - 7
		( 583 584 669 668)
		( 584 585 670 669)
		( 585 586 671 670)
		( 586 587 672 671)
		( 587 588 673 672)
		( 588 589 674 673)
		( 589 590 675 674)
		( 590 591 676 675)
		( 591 592 677 676)
		( 592 593 678 677)
		( 593 594 679 678)
		( 594 583 668 679)

		//tank walls 7 - 8
		( 668 669 754 753)
		( 669 670 755 754)
		( 670 671 756 755)
		( 671 672 757 756)
		( 672 673 758 757)
		( 673 674 759 758)
		( 674 675 760 759)
		( 675 676 761 760)
		( 676 677 762 761)
		( 677 678 763 762)
		( 678 679 764 763)
		( 679 668 753 764)

		//tank walls 8 - 9
		( 753 754 839 838)
		( 754 755 840 839)
		( 755 756 841 840)
		( 756 757 842 841)
		( 757 758 843 842)
		( 758 759 844 843)
		( 759 760 845 844)
		( 760 761 846 845)
		( 761 762 847 846)
		( 762 763 848 847)
		( 763 764 849 848)
		( 764 753 838 849)

		//circles

		//circle 3 - 2 
		( 49 50 38 37)
		( 50 51 39 38)
		( 51 52 40 39)
		( 52 53 41 40)
		( 53 54 42 41)
		( 54 55 43 42)
		( 55 56 44 43)
		( 56 57 45 44)
		( 57 58 46 45)
		( 58 59 47 46)
		( 59 60 48 47)
		( 60 49 37 48)

		//circle 4 - 3 
		( 61 62 50 49)
		( 62 63 51 50)
		( 63 64 52 51)
		( 64 65 53 52)
		( 65 66 54 53)
		( 66 67 55 54)
		( 67 68 56 55)
		( 68 69 57 56)
		( 69 70 58 57)
		( 70 71 59 58)
		( 71 72 60 59)
		( 72 61 49 60)

		//circle 5 - 4 
		( 73 74 62 61)
		( 74 75 63 62)
		( 75 76 64 63)
		( 76 77 65 64)
		( 77 78 66 65)
		( 78 79 67 66)
		( 79 80 68 67)
		( 80 81 69 68)
		( 81 82 70 69)
		( 82 83 71 70)
		( 83 84 72 71)
		( 84 73 61 72)
	)

	empty inside_to_hub
	(

		//pair :0-1
		( 25 13 98 960)
		( 27 15 100 962)
		( 29 17 102 964)
		( 31 19 104 966)
		( 33 21 106 968)
		( 35 23 108 970)

		//pair :4-5
		( 1215 353 438 1300)
		( 1217 355 440 1302)
		( 1219 357 442 1304)
		( 1221 359 444 1306)
		( 1223 361 446 1308)
		( 1225 363 448 1310)

		//pair :8-9
		( 1555 693 778 790)
		( 1557 695 780 792)
		( 1559 697 782 794)
		( 1561 699 784 796)
		( 1563 701 786 798)
		( 1565 703 788 800)
	)

	empty inside_to_hub_copy
	(

		//pair :0-1
		( 25 13 98 110)
		( 27 15 100 112)
		( 29 17 102 114)
		( 31 19 104 116)
		( 33 21 106 118)
		( 35 23 108 120)

		//pair :4-5
		( 365 353 438 450)
		( 367 355 440 452)
		( 369 357 442 454)
		( 371 359 444 456)
		( 373 361 446 458)
		( 375 363 448 460)

		//pair :8-9
		( 705 693 778 790)
		( 707 695 780 792)
		( 709 697 782 794)
		( 711 699 784 796)
		( 713 701 786 798)
		( 715 703 788 800)
	)

	empty hub_to_rotor
	(

		//pair :0-1
		( 37 25 960 122)
		( 39 27 962 124)
		( 41 29 964 126)
		( 43 31 966 128)
		( 45 33 968 130)
		( 47 35 970 132)

		//pair :4-5
		( 377 1215 1300 462)
		( 379 1217 1302 464)
		( 381 1219 1304 466)
		( 383 1221 1306 468)
		( 385 1223 1308 470)
		( 387 1225 1310 472)

		//pair :8-9
		( 717 1555 790 802)
		( 719 1557 792 804)
		( 721 1559 794 806)
		( 723 1561 796 808)
		( 725 1563 798 810)
		( 727 1565 800 812)
	)

	empty hub_to_rotor_copy
	(

		//pair :0-1
		( 37 25 110 122)
		( 39 27 112 124)
		( 41 29 114 126)
		( 43 31 116 128)
		( 45 33 118 130)
		( 47 35 120 132)

		//pair :4-5
		( 377 365 450 462)
		( 379 367 452 464)
		( 381 369 454 466)
		( 383 371 456 468)
		( 385 373 458 470)
		( 387 375 460 472)

		//pair :8-9
		( 717 705 790 802)
		( 719 707 792 804)
		( 721 709 794 806)
		( 723 711 796 808)
		( 725 713 798 810)
		( 727 715 800 812)
	)
);
